date,site,variable,at_station,transect_p80,transect_mean,transect_max,valid_frac
2021-01-01,El_Arish_EG,CHL,0.7772,0.7292,0.52,0.9294,0.9254
2021-01-02,El_Arish_EG,CHL,0.2767,0.2767,0.268,0.6747,0.9851
2021-01-03,El_Arish_EG,CHL,1.038,0.9974,0.5918,1.105,0.9254
2021-01-04,El_Arish_EG,CHL,0.7458,0.7091,0.4238,0.7585,0.9254
2021-01-05,El_Arish_EG,CHL,,1.011,0.9676,1.011,0.1095
2021-01-07,El_Arish_EG,CHL,0.8109,0.8109,0.5066,1.013,0.9851
2021-01-08,El_Arish_EG,CHL,0.3298,0.3298,0.22,0.6905,0.9851
2021-01-09,El_Arish_EG,CHL,0.2476,0.2476,0.2158,0.5336,0.9851
2021-01-10,El_Arish_EG,CHL,0.7204,0.7204,0.414,0.8596,0.9851
2021-01-11,El_Arish_EG,CHL,0.4067,0.4067,0.2717,0.6332,0.9851
2021-01-12,El_Arish_EG,CHL,0.6566,0.6023,0.3909,0.7816,0.9254
2021-01-14,El_Arish_EG,CHL,1.205,1.304,0.8365,1.613,0.9851
2021-01-15,El_Arish_EG,CHL,2.159,2.159,1.455,3.625,0.9851
2021-01-16,El_Arish_EG,CHL,1.59,1.59,1.067,1.846,1
2021-01-18,El_Arish_EG,CHL,3.45,3.45,1.766,4.175,0.9851
2021-01-19,El_Arish_EG,CHL,,0.8043,0.6537,0.9263,0.2687
2021-01-21,El_Arish_EG,CHL,2.488,2.488,1.764,3.793,0.9851
2021-01-22,El_Arish_EG,CHL,2.071,2.071,1.387,3.933,1
2021-01-23,El_Arish_EG,CHL,2.293,2.293,1.548,2.811,0.9851
2021-01-24,El_Arish_EG,CHL,1.436,1.497,1.178,1.807,0.9851
2021-01-25,El_Arish_EG,CHL,0.8171,0.8171,0.7491,2.752,1
2021-01-26,El_Arish_EG,CHL,,0.1999,0.1999,0.1999,0.0547
2021-01-28,El_Arish_EG,CHL,1.419,1.326,0.8035,1.727,0.9254
2021-01-29,El_Arish_EG,CHL,2.927,2.927,2.361,3.31,0.1741
2021-01-30,El_Arish_EG,CHL,3.076,3.035,1.691,3.611,0.9851
2021-01-31,El_Arish_EG,CHL,1.581,1.581,1.098,2.041,0.9851
2021-02-01,El_Arish_EG,CHL,1.153,1.153,1.001,1.944,1
2021-02-03,El_Arish_EG,CHL,0.3494,0.3494,0.2848,0.693,0.9851
2021-02-07,El_Arish_EG,CHL,1.295,1.406,0.722,1.783,1
2021-02-09,El_Arish_EG,CHL,1.32,1.243,0.5976,1.354,0.9851
2021-02-10,El_Arish_EG,CHL,0.9486,0.9486,0.4257,1.138,0.9851
2021-02-11,El_Arish_EG,CHL,1.077,0.9656,0.5094,1.176,0.9851
2021-02-12,El_Arish_EG,CHL,0.6226,0.6226,0.4642,0.9919,0.9851
2021-02-13,El_Arish_EG,CHL,0.8379,0.7745,0.5393,1.071,0.9851
2021-02-14,El_Arish_EG,CHL,0.9223,0.8613,0.5283,1.056,0.9851
2021-02-15,El_Arish_EG,CHL,0.9945,0.9849,0.6425,1.18,0.9851
2021-02-16,El_Arish_EG,CHL,0.4081,0.4081,0.2785,0.9233,0.9851
2021-02-18,El_Arish_EG,CHL,,0.6287,0.5912,0.6287,0.1194
2021-02-20,El_Arish_EG,CHL,,1.504,0.8517,1.933,0.7612
2021-02-21,El_Arish_EG,CHL,,1.964,1.776,1.964,0.2239
2021-02-22,El_Arish_EG,CHL,,1.6,1.483,1.6,0.2139
2021-02-25,El_Arish_EG,CHL,1.496,1.496,0.6708,1.63,0.9851
2021-02-26,El_Arish_EG,CHL,2.008,2.008,1.428,2.828,0.9851
2021-02-27,El_Arish_EG,CHL,1.562,1.562,1.31,1.946,0.5771
2021-02-28,El_Arish_EG,CHL,,2.045,1.859,2.093,0.1741
2021-03-01,El_Arish_EG,CHL,1.563,1.707,0.7965,1.786,0.5373
2021-03-02,El_Arish_EG,CHL,1.899,1.899,1.302,1.984,0.9851
2021-03-03,El_Arish_EG,CHL,1.795,1.795,1.099,1.943,0.9851
2021-03-04,El_Arish_EG,CHL,3.171,2.287,1.612,3.171,0.9851
2021-03-05,El_Arish_EG,CHL,2.322,2.281,1.382,2.604,0.9851
2021-03-06,El_Arish_EG,CHL,2.472,2.472,1.669,3.304,0.9851
2021-03-07,El_Arish_EG,CHL,2.815,3.516,2.173,6.375,0.791
2021-03-08,El_Arish_EG,CHL,3.856,3.856,2.932,9.919,0.9851
2021-03-12,El_Arish_EG,CHL,4.391,4.391,2.442,4.786,0.9851
2021-03-13,El_Arish_EG,CHL,3.775,3.775,2.092,4.603,0.9851
2021-03-16,El_Arish_EG,CHL,1.755,1.528,1.122,1.943,0.9254
2021-03-17,El_Arish_EG,CHL,1.458,1.531,1.2,2.049,1
2021-03-18,El_Arish_EG,CHL,2.058,2.058,1.336,2.94,0.9851
2021-03-19,El_Arish_EG,CHL,1.954,1.954,1.462,2.178,0.9851
2021-03-25,El_Arish_EG,CHL,3.573,3.715,2.365,4.323,1
2021-03-27,El_Arish_EG,CHL,3.253,3.253,2.242,3.587,0.8657
2021-03-28,El_Arish_EG,CHL,,1.552,0.977,1.552,0.2189
2021-03-29,El_Arish_EG,CHL,1.957,1.957,1.491,2.143,1
2021-03-30,El_Arish_EG,CHL,1.877,1.877,1.458,2.067,0.9254
2021-03-31,El_Arish_EG,CHL,1.946,1.801,1.454,1.978,0.8657
2021-04-01,El_Arish_EG,CHL,2.452,2.452,1.954,2.745,0.9851
2021-04-02,El_Arish_EG,CHL,1.657,1.657,1.24,2.234,1
2021-04-03,El_Arish_EG,CHL,2.165,2.165,1.441,2.423,0.9851
2021-04-04,El_Arish_EG,CHL,1.669,1.689,1.336,2.263,1
2021-04-06,El_Arish_EG,CHL,,1.077,0.7168,1.206,0.5771
2021-04-08,El_Arish_EG,CHL,1.377,1.322,0.7514,1.378,0.7264
2021-04-09,El_Arish_EG,CHL,0.9181,0.9181,0.5492,1.329,1
2021-04-12,El_Arish_EG,CHL,3.333,2.643,1.904,3.458,0.9851
2021-04-13,El_Arish_EG,CHL,2.415,2.415,1.721,2.669,0.9851
2021-04-14,El_Arish_EG,CHL,2.011,2.011,1.5,2.49,0.9851
2021-04-15,El_Arish_EG,CHL,2.059,1.904,1.317,2.059,0.8109
2021-04-16,El_Arish_EG,CHL,1.803,1.803,1.297,2.314,0.9851
2021-04-17,El_Arish_EG,CHL,1.44,1.501,1.211,1.585,0.9851
2021-04-20,El_Arish_EG,CHL,1.538,1.312,0.9764,1.633,0.8159
2021-04-22,El_Arish_EG,CHL,,1.22,0.9851,1.842,0.7512
2021-04-23,El_Arish_EG,CHL,1.847,1.847,1.781,2.242,0.3632
2021-04-25,El_Arish_EG,CHL,1.589,1.519,0.9868,1.755,0.9851
2021-04-26,El_Arish_EG,CHL,1.685,1.665,1.133,1.745,0.5622
2021-04-27,El_Arish_EG,CHL,2.104,2.104,1.289,2.3,1
2021-04-28,El_Arish_EG,CHL,1.966,1.966,1.14,2.461,0.9851
2021-04-29,El_Arish_EG,CHL,1.901,1.901,1.141,2.279,0.9851
2021-04-30,El_Arish_EG,CHL,,1.106,0.7171,1.513,0.5771
2021-05-01,El_Arish_EG,CHL,1.585,1.393,0.9189,1.585,0.9851
2021-05-02,El_Arish_EG,CHL,1.428,1.21,0.8124,1.643,0.8657
2021-05-03,El_Arish_EG,CHL,1.048,1.121,0.7293,1.201,0.9254
2021-05-04,El_Arish_EG,CHL,1.283,1.254,0.7615,1.384,0.9254
2021-05-05,El_Arish_EG,CHL,0.86,0.875,0.5548,0.9909,0.8657
2021-05-06,El_Arish_EG,CHL,0.8996,0.7924,0.462,1.043,0.9701
2021-05-08,El_Arish_EG,CHL,,0.6592,0.3637,0.7263,0.5224
2021-05-11,El_Arish_EG,CHL,1.304,1.304,0.6827,1.521,0.9254
2021-05-12,El_Arish_EG,CHL,1.48,1.436,0.7667,1.561,0.9254
2021-05-13,El_Arish_EG,CHL,1.444,1.446,0.9314,1.882,1
2021-05-14,El_Arish_EG,CHL,1.515,1.434,0.8892,1.516,1
2021-05-15,El_Arish_EG,CHL,1.492,1.492,0.937,1.607,0.9851
2021-05-16,El_Arish_EG,CHL,1.236,1.236,0.79,1.431,0.8159
2021-05-17,El_Arish_EG,CHL,1.145,1.114,0.6525,1.269,0.9254
2021-05-18,El_Arish_EG,CHL,1.052,1.052,0.5721,1.373,0.9851
2021-05-19,El_Arish_EG,CHL,1.558,1.342,0.7907,1.564,0.9851
2021-05-20,El_Arish_EG,CHL,,0.4708,0.311,0.6659,0.408
2021-05-21,El_Arish_EG,CHL,1.547,1.436,0.7382,1.777,0.9254
2021-05-22,El_Arish_EG,CHL,1.403,1.452,0.9757,1.528,0.8159
2021-05-24,El_Arish_EG,CHL,2.196,2.196,1.587,2.437,0.9851
2021-05-25,El_Arish_EG,CHL,1.895,1.869,1.351,2.556,0.9851
2021-05-26,El_Arish_EG,CHL,2.081,2.081,1.56,3.034,1
2021-05-27,El_Arish_EG,CHL,1.663,1.453,0.9969,1.887,0.9254
2021-05-28,El_Arish_EG,CHL,1.776,1.776,1.197,2.025,0.9851
2021-05-29,El_Arish_EG,CHL,1.663,1.72,0.9954,2.122,0.8159
2021-05-30,El_Arish_EG,CHL,1.573,1.633,1.135,1.925,0.9851
2021-06-01,El_Arish_EG,CHL,,0.903,0.6934,1.385,0.6965
2021-06-02,El_Arish_EG,CHL,1.646,1.646,1.049,1.815,0.9851
2021-06-03,El_Arish_EG,CHL,2.226,2.149,1.429,2.48,0.9851
2021-06-04,El_Arish_EG,CHL,2.055,1.964,1.349,2.075,0.9254
2021-06-05,El_Arish_EG,CHL,1.9,1.9,1.541,2.365,1
2021-06-06,El_Arish_EG,CHL,1.946,1.946,1.594,2.16,0.9851
2021-06-07,El_Arish_EG,CHL,1.871,1.871,1.324,1.965,0.9851
2021-06-09,El_Arish_EG,CHL,2.324,2.324,1.584,2.604,0.9851
2021-06-10,El_Arish_EG,CHL,1.841,1.732,1.256,2.048,0.9254
2021-06-11,El_Arish_EG,CHL,,2.049,1.417,2.467,0.6965
2021-06-12,El_Arish_EG,CHL,1.492,1.454,0.878,1.576,0.7015
2021-06-13,El_Arish_EG,CHL,1.787,1.692,1.141,1.853,0.9254
2021-06-14,El_Arish_EG,CHL,1.594,1.585,0.8325,1.594,0.408
2021-06-15,El_Arish_EG,CHL,1.582,1.513,0.9845,1.617,0.9851
2021-06-16,El_Arish_EG,CHL,1.634,1.634,1.604,1.966,0.3632
2021-06-17,El_Arish_EG,CHL,1.627,1.601,1.059,2.435,1
2021-06-18,El_Arish_EG,CHL,2.162,2.011,1.272,2.309,1
2021-06-19,El_Arish_EG,CHL,1.701,1.672,1.274,1.753,0.9254
2021-06-20,El_Arish_EG,CHL,2.03,1.846,1.301,2.03,0.9851
2021-06-21,El_Arish_EG,CHL,1.849,1.72,1.048,1.849,0.9851
2021-06-22,El_Arish_EG,CHL,1.627,1.587,0.9632,2.324,1
2021-06-23,El_Arish_EG,CHL,1.638,1.528,0.9848,1.643,0.9851
2021-06-24,El_Arish_EG,CHL,1.524,1.49,0.9546,1.589,1
2021-06-25,El_Arish_EG,CHL,1.282,1.22,0.8639,1.34,0.9254
2021-06-26,El_Arish_EG,CHL,1.42,1.409,0.8345,1.529,0.9851
2021-06-27,El_Arish_EG,CHL,1.443,1.443,1.01,1.515,0.7562
2021-06-28,El_Arish_EG,CHL,1.424,1.424,0.9205,1.527,1
2021-06-29,El_Arish_EG,CHL,1.149,1.149,0.6911,1.323,1
2021-06-30,El_Arish_EG,CHL,1.568,1.514,0.9541,1.568,0.9303
2021-07-01,El_Arish_EG,CHL,1.4,1.465,0.9425,1.598,0.9851
2021-07-02,El_Arish_EG,CHL,1.486,1.559,1.103,2.08,1
2021-07-03,El_Arish_EG,CHL,1.76,1.628,1.054,1.808,0.8657
2021-07-04,El_Arish_EG,CHL,1.909,1.736,1.276,1.981,0.9851
2021-07-05,El_Arish_EG,CHL,2.032,2.014,1.434,2.077,0.9851
2021-07-06,El_Arish_EG,CHL,1.955,2.05,1.606,2.12,1
2021-07-07,El_Arish_EG,CHL,1.851,1.789,1.516,1.874,0.9851
2021-07-08,El_Arish_EG,CHL,1.883,1.848,1.462,2.03,0.9851
2021-07-09,El_Arish_EG,CHL,1.674,1.674,1.255,1.804,0.9851
2021-07-10,El_Arish_EG,CHL,1.514,1.674,1.608,2.101,0.3632
2021-07-11,El_Arish_EG,CHL,1.728,1.728,1.257,2.001,0.9851
2021-07-12,El_Arish_EG,CHL,1.836,1.836,1.275,2.202,1
2021-07-13,El_Arish_EG,CHL,2.162,2.065,1.155,2.222,0.9851
2021-07-14,El_Arish_EG,CHL,1.906,1.878,1.19,2.749,1
2021-07-15,El_Arish_EG,CHL,1.532,1.571,1.094,1.895,0.9851
2021-07-16,El_Arish_EG,CHL,1.632,1.528,1.021,1.799,0.801
2021-07-17,El_Arish_EG,CHL,1.701,1.627,1.016,1.855,0.9851
2021-07-18,El_Arish_EG,CHL,1.728,1.54,1.089,1.994,0.9254
2021-07-19,El_Arish_EG,CHL,1.687,1.687,1.178,2.096,0.9254
2021-07-20,El_Arish_EG,CHL,1.66,1.595,1.029,1.776,0.9254
2021-07-21,El_Arish_EG,CHL,1.411,1.504,1.029,2.308,0.9851
2021-07-22,El_Arish_EG,CHL,1.805,1.722,0.8227,2.127,0.9254
2021-07-23,El_Arish_EG,CHL,1.488,1.584,1.089,1.678,0.8657
2021-07-24,El_Arish_EG,CHL,1.91,1.91,1.267,2.167,0.9851
2021-07-25,El_Arish_EG,CHL,1.734,1.699,1.181,1.917,0.9254
2021-07-26,El_Arish_EG,CHL,1.59,1.59,1.173,1.722,0.9851
2021-07-27,El_Arish_EG,CHL,1.852,1.852,1.478,2.797,1
2021-07-28,El_Arish_EG,CHL,1.593,1.601,1.194,1.773,0.9851
2021-07-29,El_Arish_EG,CHL,2.249,2.138,1.534,2.488,0.9254
2021-07-31,El_Arish_EG,CHL,2.293,2.077,1.486,2.391,0.9254
2021-08-02,El_Arish_EG,CHL,2.095,2.095,1.506,2.316,0.9851
2021-08-03,El_Arish_EG,CHL,1.827,1.72,1.159,2.104,0.9254
2021-08-04,El_Arish_EG,CHL,,1.324,0.9101,1.737,0.6368
2021-08-05,El_Arish_EG,CHL,1.526,1.492,0.9116,1.625,0.8159
2021-08-06,El_Arish_EG,CHL,,1.179,0.6744,1.422,0.6368
2021-08-07,El_Arish_EG,CHL,1.49,1.49,0.9966,2.567,0.9851
2021-08-08,El_Arish_EG,CHL,1.618,1.618,1.062,1.639,0.9254
2021-08-09,El_Arish_EG,CHL,1.915,1.855,1.187,1.992,0.9851
2021-08-10,El_Arish_EG,CHL,1.706,1.661,1.195,1.794,0.9851
2021-08-11,El_Arish_EG,CHL,,1.529,0.8868,1.696,0.7512
2021-08-12,El_Arish_EG,CHL,2.129,1.831,1.083,2.239,0.8159
2021-08-13,El_Arish_EG,CHL,2.017,1.794,1.217,2.017,0.9254
2021-08-14,El_Arish_EG,CHL,1.946,1.946,1.365,2.314,0.9851
2021-08-15,El_Arish_EG,CHL,1.824,1.801,1.317,2.667,1
2021-08-16,El_Arish_EG,CHL,1.968,1.913,1.252,2.14,0.9851
2021-08-17,El_Arish_EG,CHL,1.852,1.852,1.143,1.998,0.9254
2021-08-18,El_Arish_EG,CHL,1.807,1.825,1.178,2.108,0.9851
2021-08-19,El_Arish_EG,CHL,,0.2685,0.2685,0.2685,0.0547
2021-08-20,El_Arish_EG,CHL,1.861,1.738,1.13,2.103,0.9254
2021-08-21,El_Arish_EG,CHL,1.483,1.422,1.015,1.947,1
2021-08-22,El_Arish_EG,CHL,,1.133,0.7507,1.678,0.6965
2021-08-23,El_Arish_EG,CHL,2.385,2.385,1.254,2.976,1
2021-08-24,El_Arish_EG,CHL,1.791,1.639,1.188,2.448,0.9254
2021-08-25,El_Arish_EG,CHL,1.601,1.626,1.274,2.613,0.9851
2021-08-26,El_Arish_EG,CHL,1.689,1.536,1.126,1.902,0.806
2021-08-28,El_Arish_EG,CHL,,1.306,0.8462,1.672,0.7512
2021-08-29,El_Arish_EG,CHL,1.813,1.813,1.175,3.235,0.9851
2021-08-30,El_Arish_EG,CHL,1.782,1.944,1.913,3.902,0.3035
2021-08-31,El_Arish_EG,CHL,1.804,1.702,1.041,2.884,0.9254
2021-09-01,El_Arish_EG,CHL,2.15,1.693,1.011,2.458,0.9254
2021-09-02,El_Arish_EG,CHL,,1.378,0.6657,1.621,0.7114
2021-09-03,El_Arish_EG,CHL,1.661,1.661,0.9549,2.098,0.9851
2021-09-05,El_Arish_EG,CHL,1.972,1.79,0.9711,1.972,0.9254
2021-09-06,El_Arish_EG,CHL,2.093,2.093,1.326,3.112,1
2021-09-07,El_Arish_EG,CHL,2.026,2.026,1.478,2.874,1
2021-09-08,El_Arish_EG,CHL,2.333,2.234,1.377,2.696,0.9254
2021-09-09,El_Arish_EG,CHL,1.853,1.853,1.239,3.126,0.9851
2021-09-10,El_Arish_EG,CHL,1.832,1.679,1.018,2.019,0.9254
2021-09-11,El_Arish_EG,CHL,,1.536,0.8284,1.734,0.6965
2021-09-12,El_Arish_EG,CHL,2.088,2.088,1.269,2.178,0.9851
2021-09-13,El_Arish_EG,CHL,2.235,2.235,1.314,2.462,0.9303
2021-09-14,El_Arish_EG,CHL,2.385,2.385,1.362,2.711,1
2021-09-15,El_Arish_EG,CHL,2.062,2.062,1.276,2.599,0.9851
2021-09-16,El_Arish_EG,CHL,,0.1054,0.1055,0.106,0.0597
2021-09-17,El_Arish_EG,CHL,1.882,1.882,1.246,2.217,0.9851
2021-09-18,El_Arish_EG,CHL,1.889,1.973,1.466,2.297,0.7662
2021-09-19,El_Arish_EG,CHL,2.428,2.428,1.274,2.817,0.9851
2021-09-20,El_Arish_EG,CHL,2.818,2.612,1.4,3.259,0.9254
2021-09-21,El_Arish_EG,CHL,2.032,2.032,1.073,3.172,0.9851
2021-09-22,El_Arish_EG,CHL,1.828,1.828,1.253,2.196,0.8109
2021-09-23,El_Arish_EG,CHL,2.481,2.663,1.881,3.2,0.806
2021-09-24,El_Arish_EG,CHL,,1.255,0.9193,1.255,0.2338
2021-09-25,El_Arish_EG,CHL,3.75,3.73,2.537,3.913,0.9851
2021-09-26,El_Arish_EG,CHL,3.035,3.035,2.116,3.504,0.9851
2021-09-27,El_Arish_EG,CHL,2.053,2.053,1.567,2.317,0.7463
2021-09-28,El_Arish_EG,CHL,1.949,1.949,1.493,2.521,0.9254
2021-09-29,El_Arish_EG,CHL,2.279,2.279,1.674,5.285,1
2021-09-30,El_Arish_EG,CHL,2.034,2.034,1.496,2.914,0.9851
2021-10-01,El_Arish_EG,CHL,,0.6139,0.4076,0.6139,0.1741
2021-10-02,El_Arish_EG,CHL,1.991,1.991,1.304,2.137,0.7711
2021-10-03,El_Arish_EG,CHL,,0.2456,0.1849,0.2456,0.1741
2021-10-04,El_Arish_EG,CHL,1.819,1.494,1.13,2.199,0.9254
2021-10-05,El_Arish_EG,CHL,1.886,1.475,1.112,2.219,0.6965
2021-10-06,El_Arish_EG,CHL,2.208,2.208,1.383,2.277,0.9851
2021-10-07,El_Arish_EG,CHL,2.975,2.708,1.862,5.022,1
2021-10-10,El_Arish_EG,CHL,1.722,1.876,1.406,4.564,0.9851
2021-10-11,El_Arish_EG,CHL,2.825,2.875,1.63,3.447,0.9851
2021-10-12,El_Arish_EG,CHL,1.861,1.467,1.005,2.274,0.8657
2021-10-13,El_Arish_EG,CHL,1.584,1.577,0.8868,1.907,0.9254
2021-10-15,El_Arish_EG,CHL,1.873,1.855,1.148,2.083,0.9254
2021-10-17,El_Arish_EG,CHL,2.499,2.415,1.415,2.636,0.9254
2021-10-18,El_Arish_EG,CHL,,1.384,0.8529,1.384,0.1741
2021-10-19,El_Arish_EG,CHL,1.583,1.878,1.491,2.084,0.408
2021-10-20,El_Arish_EG,CHL,,2.381,2.128,2.381,0.1741
2021-10-21,El_Arish_EG,CHL,2.396,2.396,1.473,3.223,0.9851
2021-10-22,El_Arish_EG,CHL,2.101,2.101,1.581,2.208,0.3781
2021-10-23,El_Arish_EG,CHL,2.184,2.184,1.367,2.362,0.9851
2021-10-24,El_Arish_EG,CHL,2.694,2.694,1.444,2.926,0.9851
2021-10-25,El_Arish_EG,CHL,2.57,2.57,1.746,2.902,0.9851
2021-10-26,El_Arish_EG,CHL,2.136,2.143,1.407,3.364,0.9851
2021-10-30,El_Arish_EG,CHL,,0.9496,0.567,1.137,0.5622
2021-11-02,El_Arish_EG,CHL,1.67,1.48,1.137,2.073,0.9254
2021-11-03,El_Arish_EG,CHL,2.047,2.047,1.372,2.623,1
2021-11-04,El_Arish_EG,CHL,1.876,1.876,1.209,2.192,0.9851
2021-11-05,El_Arish_EG,CHL,1.741,1.741,1.075,1.966,0.9851
2021-11-06,El_Arish_EG,CHL,1.768,1.768,1.072,2.428,0.9851
2021-11-07,El_Arish_EG,CHL,1.516,1.516,0.887,2.336,0.9851
2021-11-08,El_Arish_EG,CHL,1.09,1.182,0.7542,2.036,0.9851
2021-11-09,El_Arish_EG,CHL,1.139,1.164,0.8388,2.774,1
2021-11-10,El_Arish_EG,CHL,1.134,1.134,0.8491,1.534,0.9851
2021-11-13,El_Arish_EG,CHL,1.541,1.541,1.069,1.778,1
2021-11-17,El_Arish_EG,CHL,,0.1328,0.1262,0.1328,0.1194
2021-11-22,El_Arish_EG,CHL,3.665,2.422,1.798,3.717,0.9851
2021-11-23,El_Arish_EG,CHL,1.543,1.543,1.173,1.665,0.9851
2021-11-24,El_Arish_EG,CHL,,0.9399,0.6251,1.251,0.4627
2021-11-25,El_Arish_EG,CHL,0.5785,0.6967,0.5285,1.079,0.9851
2021-11-26,El_Arish_EG,CHL,1.163,1.145,0.6524,2.22,1
2021-11-27,El_Arish_EG,CHL,0.5729,0.7059,0.4899,1.006,0.9851
2021-11-28,El_Arish_EG,CHL,1.218,0.7949,0.6629,1.491,0.9254
2021-11-29,El_Arish_EG,CHL,0.6478,0.6478,0.4912,2.2,0.9851
2021-11-30,El_Arish_EG,CHL,0.5015,0.549,0.3852,1.14,0.9851
2021-12-02,El_Arish_EG,CHL,1.912,1.912,1.148,2.075,0.5771
2021-12-06,El_Arish_EG,CHL,,1.408,0.8989,1.517,0.3831
2021-12-09,El_Arish_EG,CHL,1.991,1.991,1.304,2.497,0.9851
2021-12-11,El_Arish_EG,CHL,1.534,1.413,0.9062,2.079,0.9254
2021-12-15,El_Arish_EG,CHL,2.279,2.279,1.398,2.39,0.9851
2021-12-16,El_Arish_EG,CHL,1.1,1.552,0.9833,1.579,0.7512
2021-12-18,El_Arish_EG,CHL,3.958,3.541,2.072,4.05,1
2021-12-19,El_Arish_EG,CHL,,0.9317,0.6309,0.9503,0.4627
2021-12-21,El_Arish_EG,CHL,2.801,2.498,1.556,2.801,0.806
2021-12-22,El_Arish_EG,CHL,1.475,1.464,1.025,1.915,1
2021-12-24,El_Arish_EG,CHL,1.416,1.264,0.697,1.584,0.8657
2021-12-25,El_Arish_EG,CHL,,0.4083,0.3178,0.7949,0.4229
2021-12-26,El_Arish_EG,CHL,1.805,1.626,1.104,2.127,0.9851
2021-12-27,El_Arish_EG,CHL,0.8686,0.8766,0.632,1.205,0.9851
2021-12-28,El_Arish_EG,CHL,,0.4307,0.333,0.4307,0.0995
2021-12-29,El_Arish_EG,CHL,1.347,1.85,1.444,1.85,0.2289
2021-01-01,Rafah_Gaza,CHL,0.5096,0.3723,0.3018,0.5096,0.835
2021-01-02,Rafah_Gaza,CHL,0.2699,0.3434,0.2461,0.3788,0.915
2021-01-04,Rafah_Gaza,CHL,0.2706,0.2351,0.1897,0.36,0.915
2021-01-05,Rafah_Gaza,CHL,,0.2644,0.2152,0.3262,0.55
2021-01-07,Rafah_Gaza,CHL,0.3914,0.3227,0.2246,0.4215,0.915
2021-01-08,Rafah_Gaza,CHL,0.2122,0.2237,0.1504,0.2396,0.915
2021-01-09,Rafah_Gaza,CHL,0.2012,0.2093,0.1568,0.2564,0.915
2021-01-10,Rafah_Gaza,CHL,0.3827,0.3321,0.2348,0.5272,0.95
2021-01-11,Rafah_Gaza,CHL,0.9368,0.4105,0.2688,0.9368,0.825
2021-01-12,Rafah_Gaza,CHL,0.6907,0.2873,0.2483,0.6907,0.915
2021-01-14,Rafah_Gaza,CHL,1.354,1.161,0.6733,1.397,1
2021-01-15,Rafah_Gaza,CHL,1.296,1.296,0.675,1.477,0.915
2021-01-16,Rafah_Gaza,CHL,0.8665,0.8665,0.4652,1.307,0.95
2021-01-18,Rafah_Gaza,CHL,2.626,1.891,1.183,2.626,0.95
2021-01-20,Rafah_Gaza,CHL,,0.135,0.1269,0.135,0.13
2021-01-21,Rafah_Gaza,CHL,1.385,1.249,0.8249,1.608,0.915
2021-01-22,Rafah_Gaza,CHL,1.083,1.083,0.6188,1.399,1
2021-01-23,Rafah_Gaza,CHL,1.06,0.9348,0.5916,1.266,0.95
2021-01-24,Rafah_Gaza,CHL,0.4448,0.4448,0.2807,1.066,1
2021-01-25,Rafah_Gaza,CHL,0.3038,0.3042,0.246,0.6039,0.95
2021-01-28,Rafah_Gaza,CHL,0.8808,1.003,0.7632,1.059,0.44
2021-01-29,Rafah_Gaza,CHL,,0.1013,0.1003,0.1013,0.09
2021-01-30,Rafah_Gaza,CHL,1.271,1.24,0.5445,1.425,0.95
2021-01-31,Rafah_Gaza,CHL,1.369,1.081,0.6399,1.435,0.915
2021-02-01,Rafah_Gaza,CHL,0.219,0.219,0.2027,0.6449,1
2021-02-03,Rafah_Gaza,CHL,0.8635,0.8089,0.4455,1.164,0.95
2021-02-06,Rafah_Gaza,CHL,,0.1,0.0929,0.1,0.125
2021-02-07,Rafah_Gaza,CHL,1.058,1.056,0.6944,1.221,0.915
2021-02-09,Rafah_Gaza,CHL,0.1574,0.2243,0.1678,0.2597,0.915
2021-02-10,Rafah_Gaza,CHL,0.1592,0.2103,0.1534,0.5167,1
2021-02-11,Rafah_Gaza,CHL,0.3404,0.3422,0.2084,0.4919,0.915
2021-02-12,Rafah_Gaza,CHL,0.2806,0.2875,0.1846,0.338,0.875
2021-02-13,Rafah_Gaza,CHL,0.4163,0.3372,0.2423,0.6349,0.95
2021-02-14,Rafah_Gaza,CHL,0.1993,0.1771,0.1545,0.466,0.95
2021-02-15,Rafah_Gaza,CHL,0.3128,0.2395,0.1694,0.5257,0.95
2021-02-16,Rafah_Gaza,CHL,0.4093,0.2744,0.2014,0.572,0.91
2021-02-20,Rafah_Gaza,CHL,1.177,0.9758,0.6525,1.238,0.875
2021-02-21,Rafah_Gaza,CHL,1.329,1.283,0.7053,1.444,0.95
2021-02-22,Rafah_Gaza,CHL,,0.1321,0.1289,0.1321,0.09
2021-02-24,Rafah_Gaza,CHL,1.281,1.164,0.5769,1.502,0.915
2021-02-25,Rafah_Gaza,CHL,1.011,1.033,0.6848,1.823,0.95
2021-02-26,Rafah_Gaza,CHL,1.463,1.463,1.024,2.117,0.95
2021-02-27,Rafah_Gaza,CHL,1.06,0.7727,0.4951,1.329,0.87
2021-02-28,Rafah_Gaza,CHL,,0.1749,0.145,0.2529,0.4
2021-03-01,Rafah_Gaza,CHL,1.36,1.25,0.7408,1.592,0.95
2021-03-02,Rafah_Gaza,CHL,1.339,1.339,0.8321,1.372,0.915
2021-03-03,Rafah_Gaza,CHL,1.306,1.257,0.6045,1.476,0.915
2021-03-04,Rafah_Gaza,CHL,1.337,1.307,0.7117,1.619,0.95
2021-03-05,Rafah_Gaza,CHL,1.381,1.363,0.8165,1.537,0.915
2021-03-06,Rafah_Gaza,CHL,1.718,1.634,0.8466,2.015,0.95
2021-03-07,Rafah_Gaza,CHL,1.448,1.264,0.9178,1.456,0.395
2021-03-08,Rafah_Gaza,CHL,1.119,0.9593,0.5411,2.163,0.95
2021-03-13,Rafah_Gaza,CHL,2.839,1.69,1.186,3.019,0.875
2021-03-16,Rafah_Gaza,CHL,1.73,1.409,0.9605,2.188,0.915
2021-03-17,Rafah_Gaza,CHL,1.42,1.42,0.8467,1.966,1
2021-03-18,Rafah_Gaza,CHL,1.574,1.545,1.076,1.619,0.34
2021-03-19,Rafah_Gaza,CHL,1.432,1.432,0.7983,1.925,1
2021-03-25,Rafah_Gaza,CHL,2.768,2.667,1.621,2.894,1
2021-03-27,Rafah_Gaza,CHL,1.787,1.786,1.323,1.971,1
2021-03-28,Rafah_Gaza,CHL,1.585,1.471,0.9952,1.595,0.825
2021-03-29,Rafah_Gaza,CHL,1.509,1.48,1.086,1.662,0.95
2021-03-30,Rafah_Gaza,CHL,1.655,1.581,1.056,1.659,0.76
2021-03-31,Rafah_Gaza,CHL,1.499,1.492,1.028,2.051,1
2021-04-01,Rafah_Gaza,CHL,1.844,1.724,1.087,2.391,0.915
2021-04-02,Rafah_Gaza,CHL,1.462,1.569,0.8287,1.854,0.605
2021-04-03,Rafah_Gaza,CHL,1.673,1.546,1.092,1.816,0.875
2021-04-04,Rafah_Gaza,CHL,1.451,1.41,0.932,2.095,0.95
2021-04-06,Rafah_Gaza,CHL,,0.2576,0.2358,0.3666,0.245
2021-04-08,Rafah_Gaza,CHL,1.153,1.052,0.5901,1.363,0.915
2021-04-09,Rafah_Gaza,CHL,1.205,1.115,0.6476,1.337,0.95
2021-04-12,Rafah_Gaza,CHL,2.79,2.551,1.497,2.893,0.875
2021-04-13,Rafah_Gaza,CHL,1.64,1.559,1.065,1.94,0.95
2021-04-14,Rafah_Gaza,CHL,1.429,1.421,1.051,1.798,0.95
2021-04-15,Rafah_Gaza,CHL,1.915,1.712,1.151,1.976,0.915
2021-04-16,Rafah_Gaza,CHL,1.765,1.24,0.928,1.932,0.875
2021-04-17,Rafah_Gaza,CHL,1.823,1.696,1.247,2.515,0.95
2021-04-20,Rafah_Gaza,CHL,,0.3517,0.2997,0.4038,0.245
2021-04-22,Rafah_Gaza,CHL,,1.087,0.8408,1.405,0.795
2021-04-25,Rafah_Gaza,CHL,1.178,1.178,0.6725,2.383,1
2021-04-27,Rafah_Gaza,CHL,1.528,1.464,0.9434,1.585,0.9
2021-04-28,Rafah_Gaza,CHL,1.681,1.381,0.9354,1.745,0.875
2021-04-29,Rafah_Gaza,CHL,1.289,1.16,0.7813,1.504,0.875
2021-04-30,Rafah_Gaza,CHL,,0.5834,0.3897,0.6003,0.31
2021-05-01,Rafah_Gaza,CHL,1.397,1.397,1.084,1.545,1
2021-05-02,Rafah_Gaza,CHL,,0.8221,0.6639,1.063,0.77
2021-05-03,Rafah_Gaza,CHL,,0.8396,0.6639,0.8926,0.795
2021-05-05,Rafah_Gaza,CHL,0.7819,0.6635,0.3943,0.7819,0.825
2021-05-06,Rafah_Gaza,CHL,,0.4252,0.295,0.8012,0.75
2021-05-08,Rafah_Gaza,CHL,,0.1963,0.1536,0.2358,0.39
2021-05-11,Rafah_Gaza,CHL,0.553,0.328,0.2247,0.6641,0.915
2021-05-12,Rafah_Gaza,CHL,0.5561,0.2382,0.2163,0.8706,0.915
2021-05-13,Rafah_Gaza,CHL,0.3953,0.3953,0.2362,0.9384,1
2021-05-14,Rafah_Gaza,CHL,0.4475,0.4754,0.2687,0.8735,0.95
2021-05-15,Rafah_Gaza,CHL,0.6053,0.5238,0.297,0.7228,0.95
2021-05-16,Rafah_Gaza,CHL,0.5562,0.5488,0.2847,0.5688,0.715
2021-05-17,Rafah_Gaza,CHL,0.5146,0.4869,0.2937,0.5331,0.875
2021-05-18,Rafah_Gaza,CHL,0.3757,0.4495,0.3192,0.8083,0.95
2021-05-19,Rafah_Gaza,CHL,0.4846,0.4209,0.2292,0.5822,0.915
2021-05-20,Rafah_Gaza,CHL,0.4812,0.345,0.2655,0.5086,0.875
2021-05-21,Rafah_Gaza,CHL,0.6484,0.5342,0.2954,0.6484,0.875
2021-05-22,Rafah_Gaza,CHL,,0.2713,0.1711,0.4708,0.795
2021-05-24,Rafah_Gaza,CHL,1.726,1.718,0.9,2.057,1
2021-05-25,Rafah_Gaza,CHL,1.515,1.515,0.7914,1.688,0.915
2021-05-26,Rafah_Gaza,CHL,1.54,1.597,0.8981,2.131,0.95
2021-05-27,Rafah_Gaza,CHL,1.551,1.264,0.8244,1.551,0.915
2021-05-28,Rafah_Gaza,CHL,1.026,0.8875,0.4315,1.026,0.915
2021-05-29,Rafah_Gaza,CHL,0.9599,0.8865,0.3408,0.9599,0.74
2021-05-30,Rafah_Gaza,CHL,1.208,1.198,0.5703,1.353,0.95
2021-06-01,Rafah_Gaza,CHL,,0.6364,0.3641,0.7938,0.74
2021-06-02,Rafah_Gaza,CHL,1.169,0.9972,0.4111,1.321,0.9
2021-06-03,Rafah_Gaza,CHL,1.229,0.8676,0.4123,1.238,0.91
2021-06-04,Rafah_Gaza,CHL,1.045,0.4386,0.2738,1.056,0.825
2021-06-05,Rafah_Gaza,CHL,1.183,1.183,0.4589,1.694,1
2021-06-06,Rafah_Gaza,CHL,1.316,1.281,0.6828,1.459,0.95
2021-06-07,Rafah_Gaza,CHL,1.498,1.382,0.6425,1.519,0.915
2021-06-09,Rafah_Gaza,CHL,0.9435,0.9435,0.4576,1.136,0.915
2021-06-10,Rafah_Gaza,CHL,1.112,0.8492,0.4738,1.251,0.95
2021-06-11,Rafah_Gaza,CHL,,0.5049,0.3495,0.5814,0.335
2021-06-12,Rafah_Gaza,CHL,,0.5597,0.3779,0.7797,0.795
2021-06-13,Rafah_Gaza,CHL,,0.247,0.1964,0.4735,0.795
2021-06-14,Rafah_Gaza,CHL,0.1987,0.2078,0.2202,1.216,0.875
2021-06-15,Rafah_Gaza,CHL,0.1488,0.1301,0.1387,0.6764,0.95
2021-06-17,Rafah_Gaza,CHL,0.9509,0.9509,0.3804,1.294,1
2021-06-18,Rafah_Gaza,CHL,1.509,1.434,0.6182,1.553,1
2021-06-19,Rafah_Gaza,CHL,1.378,1.022,0.5229,1.399,0.875
2021-06-20,Rafah_Gaza,CHL,1.53,1.496,0.8028,1.53,0.95
2021-06-21,Rafah_Gaza,CHL,1.638,1.562,0.8464,1.661,0.95
2021-06-22,Rafah_Gaza,CHL,1.522,1.412,0.6637,1.522,0.95
2021-06-23,Rafah_Gaza,CHL,1.133,0.9255,0.4588,1.205,0.915
2021-06-24,Rafah_Gaza,CHL,,1.008,0.442,2.09,0.65
2021-06-25,Rafah_Gaza,CHL,0.6688,0.5501,0.478,0.9631,0.95
2021-06-26,Rafah_Gaza,CHL,0.8873,0.9314,0.6564,1.123,0.915
2021-06-27,Rafah_Gaza,CHL,,0.941,0.5054,0.9498,0.48
2021-06-28,Rafah_Gaza,CHL,0.9614,0.884,0.5086,1.073,0.95
2021-06-29,Rafah_Gaza,CHL,0.7353,0.7353,0.3893,0.9076,0.915
2021-06-30,Rafah_Gaza,CHL,1.002,0.9867,0.4706,1.24,0.915
2021-07-01,Rafah_Gaza,CHL,0.8728,0.774,0.5686,1.163,0.95
2021-07-02,Rafah_Gaza,CHL,1.196,1.196,0.6063,1.5,0.685
2021-07-03,Rafah_Gaza,CHL,0.8633,0.8824,0.4443,0.9823,0.915
2021-07-04,Rafah_Gaza,CHL,1.465,1.338,0.7529,1.465,0.915
2021-07-05,Rafah_Gaza,CHL,1.409,1.393,0.7756,1.648,0.825
2021-07-06,Rafah_Gaza,CHL,1.631,1.545,0.7558,1.639,0.875
2021-07-07,Rafah_Gaza,CHL,1.519,1.52,0.8327,1.858,0.95
2021-07-08,Rafah_Gaza,CHL,1.486,1.473,1.016,1.656,1
2021-07-09,Rafah_Gaza,CHL,1.459,1.339,0.9948,1.494,0.915
2021-07-10,Rafah_Gaza,CHL,,1.192,0.7371,1.28,0.495
2021-07-11,Rafah_Gaza,CHL,1.528,1.431,0.7265,1.635,0.95
2021-07-12,Rafah_Gaza,CHL,1.641,1.237,0.818,1.641,0.915
2021-07-13,Rafah_Gaza,CHL,1.512,1.533,1.109,1.563,0.95
2021-07-14,Rafah_Gaza,CHL,1.314,1.313,0.894,1.52,0.95
2021-07-15,Rafah_Gaza,CHL,1.327,1.262,0.8412,1.422,0.95
2021-07-16,Rafah_Gaza,CHL,,1.389,0.656,1.458,0.67
2021-07-17,Rafah_Gaza,CHL,1.295,1.295,0.6857,1.601,1
2021-07-18,Rafah_Gaza,CHL,,0.9751,0.5896,1.323,0.795
2021-07-19,Rafah_Gaza,CHL,1.241,0.9668,0.589,1.241,0.915
2021-07-20,Rafah_Gaza,CHL,1.329,1.189,0.682,1.334,0.875
2021-07-21,Rafah_Gaza,CHL,1.312,1.12,0.5404,1.348,0.915
2021-07-22,Rafah_Gaza,CHL,0.8894,0.8418,0.481,0.955,0.875
2021-07-23,Rafah_Gaza,CHL,1.034,0.9682,0.4187,1.034,0.91
2021-07-24,Rafah_Gaza,CHL,,0.3973,0.2333,0.7338,0.295
2021-07-25,Rafah_Gaza,CHL,1.609,1.417,0.8032,1.672,0.875
2021-07-27,Rafah_Gaza,CHL,1.577,1.564,0.9015,1.886,1
2021-07-28,Rafah_Gaza,CHL,1.573,1.421,0.6466,1.734,0.95
2021-07-29,Rafah_Gaza,CHL,1.773,1.418,0.8336,1.773,0.875
2021-07-30,Rafah_Gaza,CHL,,0.425,0.425,0.425,0.075
2021-07-31,Rafah_Gaza,CHL,1.646,1.429,0.8904,1.876,0.915
2021-08-02,Rafah_Gaza,CHL,1.527,1.387,0.946,1.709,0.95
2021-08-03,Rafah_Gaza,CHL,1.315,1.165,0.6916,1.315,0.915
2021-08-04,Rafah_Gaza,CHL,,1.111,0.8127,1.568,0.74
2021-08-05,Rafah_Gaza,CHL,1.378,1.083,0.6598,1.464,0.875
2021-08-06,Rafah_Gaza,CHL,,0.5456,0.3475,0.8758,0.65
2021-08-07,Rafah_Gaza,CHL,1.232,1.098,0.5262,1.358,0.915
2021-08-08,Rafah_Gaza,CHL,1.596,1.59,0.7531,1.774,0.965
2021-08-09,Rafah_Gaza,CHL,1.655,1.675,1.022,2.059,0.95
2021-08-10,Rafah_Gaza,CHL,1.586,1.405,0.7676,1.661,0.915
2021-08-11,Rafah_Gaza,CHL,1.505,1.505,0.6329,2.148,0.765
2021-08-12,Rafah_Gaza,CHL,,1.289,0.5556,1.413,0.795
2021-08-13,Rafah_Gaza,CHL,1.307,1.312,0.6391,1.583,0.95
2021-08-14,Rafah_Gaza,CHL,1.24,1.278,0.7404,2.303,0.95
2021-08-15,Rafah_Gaza,CHL,1.406,1.369,0.9337,1.516,1
2021-08-16,Rafah_Gaza,CHL,1.39,1.392,0.7916,1.573,0.95
2021-08-17,Rafah_Gaza,CHL,1.491,1.483,0.7822,1.551,0.95
2021-08-18,Rafah_Gaza,CHL,1.313,1.362,0.9699,1.501,0.95
2021-08-19,Rafah_Gaza,CHL,1.576,1.513,0.907,1.589,0.835
2021-08-20,Rafah_Gaza,CHL,1.498,1.255,0.6867,1.563,0.84
2021-08-21,Rafah_Gaza,CHL,1.747,1.601,0.8452,1.747,0.95
2021-08-23,Rafah_Gaza,CHL,1.677,1.657,0.8447,1.677,0.95
2021-08-24,Rafah_Gaza,CHL,1.331,1.24,0.6579,1.459,0.915
2021-08-25,Rafah_Gaza,CHL,1.638,1.579,0.932,2.139,1
2021-08-26,Rafah_Gaza,CHL,1.695,1.558,0.7306,2.254,1
2021-08-28,Rafah_Gaza,CHL,,0.3417,0.2194,0.4326,0.425
2021-08-29,Rafah_Gaza,CHL,1.638,1.528,0.9782,2.008,0.95
2021-08-30,Rafah_Gaza,CHL,2.021,1.239,0.6628,2.021,0.875
2021-08-31,Rafah_Gaza,CHL,1.284,1.038,0.5155,2.204,0.95
2021-09-01,Rafah_Gaza,CHL,1.5,1.382,0.7687,2.538,0.95
2021-09-02,Rafah_Gaza,CHL,,1.373,0.4737,1.388,0.63
2021-09-03,Rafah_Gaza,CHL,1.733,1.57,0.7802,3.102,0.915
2021-09-04,Rafah_Gaza,CHL,1.786,1.645,0.7671,1.998,0.965
2021-09-05,Rafah_Gaza,CHL,1.693,1.629,0.8105,2.13,0.915
2021-09-06,Rafah_Gaza,CHL,1.471,1.553,0.7989,2.012,0.95
2021-09-07,Rafah_Gaza,CHL,2.025,1.827,1.018,2.649,0.91
2021-09-08,Rafah_Gaza,CHL,2.184,1.941,0.9457,2.247,0.915
2021-09-09,Rafah_Gaza,CHL,1.949,1.882,1.044,2.24,0.95
2021-09-10,Rafah_Gaza,CHL,,0.4449,0.318,0.7884,0.48
2021-09-11,Rafah_Gaza,CHL,1.854,1.549,0.7567,2.179,1
2021-09-12,Rafah_Gaza,CHL,1.733,1.651,0.8381,1.803,0.915
2021-09-13,Rafah_Gaza,CHL,1.51,1.416,0.774,1.609,0.915
2021-09-14,Rafah_Gaza,CHL,1.921,1.916,0.9813,3.722,1
2021-09-15,Rafah_Gaza,CHL,1.798,1.73,0.7968,1.873,0.95
2021-09-16,Rafah_Gaza,CHL,1.486,1.411,0.8714,1.486,0.305
2021-09-17,Rafah_Gaza,CHL,1.808,1.859,1.134,1.995,0.95
2021-09-18,Rafah_Gaza,CHL,2.045,1.989,0.9108,2.686,1
2021-09-19,Rafah_Gaza,CHL,1.46,1.255,0.8339,2.295,0.95
2021-09-20,Rafah_Gaza,CHL,1.674,1.669,0.8999,1.941,0.915
2021-09-21,Rafah_Gaza,CHL,1.525,1.541,0.8057,2.017,0.915
2021-09-22,Rafah_Gaza,CHL,1.211,1.211,0.8198,1.292,0.485
2021-09-23,Rafah_Gaza,CHL,1.421,1.674,1.555,2.425,0.325
2021-09-24,Rafah_Gaza,CHL,,1.063,0.6284,1.063,0.18
2021-09-25,Rafah_Gaza,CHL,3.406,3.28,1.9,3.905,1
2021-09-26,Rafah_Gaza,CHL,2.757,2.713,1.717,2.824,0.95
2021-09-27,Rafah_Gaza,CHL,1.76,1.621,1.029,1.81,0.79
2021-09-28,Rafah_Gaza,CHL,1.583,1.66,0.9311,2.494,0.995
2021-09-29,Rafah_Gaza,CHL,2.178,2.056,1.435,2.478,0.775
2021-09-30,Rafah_Gaza,CHL,2.068,1.945,1.354,2.699,0.825
2021-10-01,Rafah_Gaza,CHL,1.533,1.426,0.7994,1.567,0.915
2021-10-02,Rafah_Gaza,CHL,1.65,1.586,0.7575,1.693,0.72
2021-10-03,Rafah_Gaza,CHL,1.458,1.381,0.7576,1.595,0.95
2021-10-04,Rafah_Gaza,CHL,1.941,1.829,1.019,2.32,0.95
2021-10-05,Rafah_Gaza,CHL,2.059,2.021,0.9276,2.346,0.95
2021-10-06,Rafah_Gaza,CHL,1.906,1.837,0.8713,2.282,0.95
2021-10-07,Rafah_Gaza,CHL,3.167,2.468,1.313,3.167,0.95
2021-10-09,Rafah_Gaza,CHL,1.425,1.427,1.179,1.557,0.205
2021-10-10,Rafah_Gaza,CHL,1.313,0.8944,0.6674,2.694,0.95
2021-10-11,Rafah_Gaza,CHL,1.496,1.292,0.6606,1.898,1
2021-10-12,Rafah_Gaza,CHL,,0.7298,0.3969,1.047,0.65
2021-10-13,Rafah_Gaza,CHL,1.439,0.2254,0.2788,1.439,0.36
2021-10-14,Rafah_Gaza,CHL,1.34,1.397,1.034,1.607,0.385
2021-10-15,Rafah_Gaza,CHL,,0.2487,0.1934,0.3722,0.4
2021-10-18,Rafah_Gaza,CHL,1.052,0.967,0.4745,1.118,0.915
2021-10-19,Rafah_Gaza,CHL,1.06,0.9756,0.5587,1.23,0.81
2021-10-20,Rafah_Gaza,CHL,1.113,0.8712,0.4568,1.26,0.76
2021-10-21,Rafah_Gaza,CHL,1.352,1.348,0.7867,1.469,1
2021-10-22,Rafah_Gaza,CHL,1.565,1.45,0.852,1.565,0.555
2021-10-23,Rafah_Gaza,CHL,1.32,1.29,0.7369,1.548,0.915
2021-10-24,Rafah_Gaza,CHL,1.42,1.331,0.8322,2.086,0.95
2021-10-25,Rafah_Gaza,CHL,1.435,1.093,0.8316,1.926,0.915
2021-10-26,Rafah_Gaza,CHL,2.425,1.406,0.9883,3.123,0.915
2021-10-27,Rafah_Gaza,CHL,,0.7492,0.7479,0.7492,0.085
2021-10-30,Rafah_Gaza,CHL,1.265,0.9572,0.6141,1.265,0.915
2021-11-02,Rafah_Gaza,CHL,1.149,1.246,0.6464,1.42,0.915
2021-11-03,Rafah_Gaza,CHL,1.206,1.375,0.7949,1.554,1
2021-11-04,Rafah_Gaza,CHL,1.121,1.402,0.7901,1.573,0.95
2021-11-05,Rafah_Gaza,CHL,0.9744,1.089,0.6271,1.266,0.915
2021-11-06,Rafah_Gaza,CHL,1.28,1.192,0.7146,1.323,0.95
2021-11-07,Rafah_Gaza,CHL,0.8809,0.9097,0.7054,2.396,1
2021-11-08,Rafah_Gaza,CHL,0.7811,0.7811,0.7106,2.286,1
2021-11-09,Rafah_Gaza,CHL,1.343,0.9974,0.5915,1.343,1
2021-11-10,Rafah_Gaza,CHL,1.195,0.9489,0.6199,1.195,0.95
2021-11-17,Rafah_Gaza,CHL,0.8186,0.8509,0.431,0.9053,0.825
2021-11-21,Rafah_Gaza,CHL,,0.9344,0.9318,0.9725,0.15
2021-11-22,Rafah_Gaza,CHL,1.615,1.608,1.056,1.931,1
2021-11-23,Rafah_Gaza,CHL,1.04,1.044,0.5726,1.173,1
2021-11-24,Rafah_Gaza,CHL,0.7383,0.7095,0.4655,0.8122,0.745
2021-11-25,Rafah_Gaza,CHL,,0.7724,0.6029,0.913,0.495
2021-11-26,Rafah_Gaza,CHL,0.4388,0.3833,0.2902,0.7652,0.95
2021-11-27,Rafah_Gaza,CHL,0.5893,0.4982,0.3805,0.6964,0.95
2021-11-28,Rafah_Gaza,CHL,0.6949,0.7228,0.4611,0.9333,0.915
2021-11-29,Rafah_Gaza,CHL,0.6777,0.6777,0.4377,1.84,0.95
2021-11-30,Rafah_Gaza,CHL,0.3564,0.3866,0.3106,1.185,0.85
2021-12-02,Rafah_Gaza,CHL,1.331,1.331,1.315,1.405,0.21
2021-12-04,Rafah_Gaza,CHL,,0.843,0.5604,0.8751,0.695
2021-12-06,Rafah_Gaza,CHL,,0.4425,0.3163,0.5522,0.65
2021-12-09,Rafah_Gaza,CHL,1.234,1.234,0.8446,1.387,0.55
2021-12-11,Rafah_Gaza,CHL,0.5994,0.6258,0.511,0.8454,0.915
2021-12-15,Rafah_Gaza,CHL,1.025,0.922,0.449,1.103,0.915
2021-12-16,Rafah_Gaza,CHL,0.756,0.562,0.3961,1.029,0.915
2021-12-18,Rafah_Gaza,CHL,0.8105,0.4655,0.4065,1.283,0.95
2021-12-19,Rafah_Gaza,CHL,1.708,1.64,1.009,1.73,1
2021-12-21,Rafah_Gaza,CHL,1.37,1.204,0.7221,1.37,0.815
2021-12-22,Rafah_Gaza,CHL,1.171,1.135,0.6965,1.231,1
2021-12-24,Rafah_Gaza,CHL,,0.132,0.1128,0.1413,0.325
2021-12-25,Rafah_Gaza,CHL,0.6339,0.4958,0.3332,0.7702,0.95
2021-12-26,Rafah_Gaza,CHL,1.221,1.151,0.569,1.57,0.95
2021-12-27,Rafah_Gaza,CHL,0.5366,0.4938,0.3937,0.9284,0.95
2021-01-01,Gaza_City,CHL,0.2973,0.2879,0.2121,0.3534,0.9104
2021-01-02,Gaza_City,CHL,0.2151,0.2062,0.1583,0.2578,0.9254
2021-01-07,Gaza_City,CHL,0.2592,0.2592,0.1914,0.3172,0.9104
2021-01-08,Gaza_City,CHL,0.2363,0.2657,0.1793,0.3136,0.9254
2021-01-09,Gaza_City,CHL,0.2731,0.2679,0.1969,0.3043,0.9104
2021-01-10,Gaza_City,CHL,0.2542,0.3564,0.1798,0.3752,0.403
2021-01-11,Gaza_City,CHL,0.2155,0.2155,0.1553,0.3993,0.9254
2021-01-12,Gaza_City,CHL,0.257,0.2399,0.1903,0.3025,0.9104
2021-01-14,Gaza_City,CHL,0.6462,0.6209,0.3123,0.736,0.9254
2021-01-16,Gaza_City,CHL,0.6891,0.6202,0.3897,0.6891,0.9104
2021-01-21,Gaza_City,CHL,1.169,1.049,0.5958,1.467,0.9254
2021-01-22,Gaza_City,CHL,0.8204,0.8204,0.5299,1.095,1
2021-01-23,Gaza_City,CHL,0.4292,0.3842,0.279,0.6702,0.9254
2021-01-24,Gaza_City,CHL,0.1256,0.1486,0.1122,0.1671,0.9254
2021-01-25,Gaza_City,CHL,0.114,0.135,0.1215,0.1577,0.9254
2021-01-29,Gaza_City,CHL,,0.1752,0.1217,0.1921,0.2886
2021-01-30,Gaza_City,CHL,0.5201,0.5021,0.2933,0.8169,0.9254
2021-01-31,Gaza_City,CHL,0.2226,0.2226,0.2069,0.4503,0.7761
2021-02-01,Gaza_City,CHL,0.2654,0.2654,0.2285,0.6125,1
2021-02-03,Gaza_City,CHL,0.1434,0.1076,0.1068,0.2774,0.9254
2021-02-06,Gaza_City,CHL,0.3106,0.3106,0.2046,0.4451,0.607
2021-02-07,Gaza_City,CHL,0.2556,0.2556,0.1525,0.4392,1
2021-02-09,Gaza_City,CHL,0.1595,0.3311,0.2103,0.6837,0.9254
2021-02-10,Gaza_City,CHL,0.0775,0.0775,0.0623,0.3044,0.9254
2021-02-11,Gaza_City,CHL,0.1227,0.1111,0.0845,0.2462,0.9104
2021-02-12,Gaza_City,CHL,0.1856,0.1608,0.1403,0.5458,0.9204
2021-02-13,Gaza_City,CHL,0.2568,0.2568,0.1585,0.3214,0.9254
2021-02-14,Gaza_City,CHL,0.4735,0.274,0.1857,0.6072,1
2021-02-15,Gaza_City,CHL,0.1866,0.1318,0.1052,0.3128,0.9254
2021-02-16,Gaza_City,CHL,0.2786,0.2879,0.2225,0.8351,1
2021-02-20,Gaza_City,CHL,1.033,0.7375,0.6811,1.134,0.8458
2021-02-21,Gaza_City,CHL,0.7699,0.5291,0.3019,1.036,0.9254
2021-02-22,Gaza_City,CHL,,0.1509,0.1091,0.1885,0.6119
2021-02-24,Gaza_City,CHL,0.3823,0.2626,0.2043,0.5741,0.9104
2021-02-25,Gaza_City,CHL,0.2351,0.2192,0.1461,0.4188,0.9254
2021-02-26,Gaza_City,CHL,0.3014,0.3014,0.2061,0.5383,1
2021-02-27,Gaza_City,CHL,0.5141,0.3694,0.2453,0.8262,0.9254
2021-02-28,Gaza_City,CHL,,0.1004,0.0929,0.1004,0.1294
2021-03-01,Gaza_City,CHL,0.4352,0.2918,0.2179,0.7632,0.806
2021-03-02,Gaza_City,CHL,1.061,0.7406,0.3322,1.236,0.9104
2021-03-04,Gaza_City,CHL,,0.1825,0.1349,0.189,0.4577
2021-03-05,Gaza_City,CHL,0.8169,0.7899,0.3644,1.112,0.9154
2021-03-06,Gaza_City,CHL,0.7362,0.5408,0.302,1.002,0.9254
2021-03-07,Gaza_City,CHL,,0.239,0.1642,0.4438,0.2189
2021-03-08,Gaza_City,CHL,0.233,0.1213,0.162,0.6869,0.9154
2021-03-12,Gaza_City,CHL,1.213,1.265,0.8397,1.36,0.4726
2021-03-13,Gaza_City,CHL,2.045,1.864,1.162,2.186,0.7612
2021-03-16,Gaza_City,CHL,1.709,1.275,0.8687,1.819,0.9104
2021-03-17,Gaza_City,CHL,2.182,1.442,0.8443,2.28,0.9254
2021-03-18,Gaza_City,CHL,1.169,1.008,0.6134,1.451,0.9104
2021-03-19,Gaza_City,CHL,1.484,1.484,0.6592,1.654,1
2021-03-25,Gaza_City,CHL,1.527,1.527,0.9804,1.68,1
2021-03-27,Gaza_City,CHL,1.518,1.507,0.8444,1.621,0.9254
2021-03-28,Gaza_City,CHL,,1.178,0.5531,1.299,0.6318
2021-03-29,Gaza_City,CHL,1.298,1.326,0.865,1.789,1
2021-03-30,Gaza_City,CHL,1.464,1.34,0.7459,1.501,0.8308
2021-03-31,Gaza_City,CHL,1.408,1.408,0.9301,1.519,0.7463
2021-04-01,Gaza_City,CHL,1.408,1.408,0.8807,1.733,1
2021-04-03,Gaza_City,CHL,1.359,1.359,0.8883,1.6,0.9254
2021-04-04,Gaza_City,CHL,1.223,1.393,0.9619,1.793,1
2021-04-06,Gaza_City,CHL,,0.351,0.2537,0.515,0.1692
2021-04-08,Gaza_City,CHL,,0.3884,0.3009,0.3884,0.1891
2021-04-09,Gaza_City,CHL,,0.3542,0.2442,0.6297,0.597
2021-04-12,Gaza_City,CHL,1.456,1.462,0.8762,1.599,0.7711
2021-04-13,Gaza_City,CHL,1.325,1.325,0.8517,1.55,1
2021-04-14,Gaza_City,CHL,1.252,1.178,0.7567,1.404,0.9254
2021-04-15,Gaza_City,CHL,1.261,1.153,0.7046,1.378,0.9104
2021-04-16,Gaza_City,CHL,1.059,0.9691,0.6111,1.106,0.9104
2021-04-17,Gaza_City,CHL,1.396,1.396,0.9867,2.168,1
2021-04-22,Gaza_City,CHL,,0.6477,0.4835,0.7965,0.7662
2021-04-25,Gaza_City,CHL,0.4621,0.4621,0.2603,0.773,0.9254
2021-04-27,Gaza_City,CHL,1.292,1.356,0.6058,1.489,1
2021-04-28,Gaza_City,CHL,1.323,1.295,0.6481,1.562,0.9104
2021-04-29,Gaza_City,CHL,,0.2696,0.2696,0.2696,0.0149
2021-04-30,Gaza_City,CHL,,0.1442,0.117,0.1648,0.2786
2021-05-01,Gaza_City,CHL,0.991,0.9652,0.603,1.373,1
2021-05-02,Gaza_City,CHL,,0.35,0.2382,0.5234,0.6169
2021-05-03,Gaza_City,CHL,,0.526,0.3413,0.698,0.7313
2021-05-05,Gaza_City,CHL,0.5573,0.3407,0.2344,0.5573,0.8209
2021-05-06,Gaza_City,CHL,,0.1469,0.1151,0.1615,0.3831
2021-05-08,Gaza_City,CHL,,0.091,0.0733,0.091,0.1791
2021-05-11,Gaza_City,CHL,0.3686,0.2492,0.2013,0.4048,0.8458
2021-05-12,Gaza_City,CHL,0.5052,0.2191,0.2416,0.6568,0.9104
2021-05-13,Gaza_City,CHL,0.4394,0.4053,0.1527,0.4881,1
2021-05-14,Gaza_City,CHL,0.2796,0.2796,0.1874,0.9054,1
2021-05-15,Gaza_City,CHL,0.232,0.232,0.15,0.5461,1
2021-05-16,Gaza_City,CHL,0.2229,0.1654,0.1044,0.2715,0.7811
2021-05-17,Gaza_City,CHL,0.2233,0.1519,0.1084,0.3508,0.9104
2021-05-18,Gaza_City,CHL,0.1623,0.1623,0.1026,0.4137,0.9254
2021-05-19,Gaza_City,CHL,0.2453,0.272,0.263,1.399,0.9254
2021-05-20,Gaza_City,CHL,,0.185,0.1333,0.2186,0.5373
2021-05-21,Gaza_City,CHL,,0.1478,0.1176,0.1587,0.6119
2021-05-22,Gaza_City,CHL,0.2644,0.1724,0.1412,0.4623,0.7512
2021-05-24,Gaza_City,CHL,1.468,1.468,0.6852,2.196,1
2021-05-25,Gaza_City,CHL,1.34,1.304,0.6199,1.547,0.9104
2021-05-26,Gaza_City,CHL,1.677,1.284,0.5733,2.322,0.9254
2021-05-27,Gaza_City,CHL,1.173,0.8045,0.3814,1.282,0.8458
2021-05-28,Gaza_City,CHL,0.9068,0.8487,0.4532,1.236,0.9254
2021-05-29,Gaza_City,CHL,0.5826,0.394,0.206,0.5826,0.8209
2021-05-30,Gaza_City,CHL,0.9482,0.8065,0.2708,1.105,0.9254
2021-06-01,Gaza_City,CHL,,0.2334,0.1654,0.2942,0.7662
2021-06-02,Gaza_City,CHL,0.3303,0.3172,0.1937,0.5332,0.9104
2021-06-03,Gaza_City,CHL,0.3493,0.3493,0.2503,0.9697,0.9104
2021-06-04,Gaza_City,CHL,,0.1331,0.0795,0.1331,0.3483
2021-06-05,Gaza_City,CHL,0.8675,0.963,0.4805,1.852,1
2021-06-06,Gaza_City,CHL,0.622,0.622,0.3661,1.815,1
2021-06-07,Gaza_City,CHL,0.1413,0.1218,0.12,0.7119,0.9254
2021-06-09,Gaza_City,CHL,0.3941,0.3761,0.2067,0.4581,0.8458
2021-06-10,Gaza_City,CHL,0.3109,0.2558,0.1204,0.4697,0.8458
2021-06-11,Gaza_City,CHL,,0.0669,0.0606,0.069,0.3035
2021-06-12,Gaza_City,CHL,,0.141,0.0907,0.1633,0.7313
2021-06-13,Gaza_City,CHL,0.2095,0.1491,0.086,0.2319,0.8458
2021-06-14,Gaza_City,CHL,0.1261,0.1283,0.095,0.3471,1
2021-06-15,Gaza_City,CHL,0.068,0.0587,0.0564,0.2812,0.9254
2021-06-16,Gaza_City,CHL,0.142,0.0872,0.0683,0.1453,0.4776
2021-06-17,Gaza_City,CHL,0.2587,0.2755,0.1599,0.5467,1
2021-06-18,Gaza_City,CHL,0.7561,0.7561,0.3463,1.326,1
2021-06-19,Gaza_City,CHL,0.7764,0.3863,0.2387,0.8633,0.6667
2021-06-20,Gaza_City,CHL,1.048,1.048,0.4223,1.773,1
2021-06-21,Gaza_City,CHL,1.126,1.126,0.3791,1.316,0.9254
2021-06-22,Gaza_City,CHL,0.9912,0.9912,0.4552,2.2,1
2021-06-23,Gaza_City,CHL,0.7886,0.5136,0.2707,1.023,0.9104
2021-06-24,Gaza_City,CHL,0.3945,0.3945,0.2615,1.349,1
2021-06-25,Gaza_City,CHL,0.0764,0.0577,0.061,0.1889,0.9254
2021-06-26,Gaza_City,CHL,0.0824,0.0679,0.0766,0.2788,0.9254
2021-06-27,Gaza_City,CHL,0.4727,0.2331,0.1621,0.4727,0.7413
2021-06-28,Gaza_City,CHL,0.2577,0.1875,0.1531,0.5286,0.9254
2021-06-29,Gaza_City,CHL,0.5706,0.2681,0.199,0.6756,0.9104
2021-06-30,Gaza_City,CHL,0.6657,0.6226,0.3777,0.9109,0.9254
2021-07-01,Gaza_City,CHL,0.4597,0.407,0.2718,0.7913,0.796
2021-07-02,Gaza_City,CHL,,0.5754,0.3596,1.043,0.6169
2021-07-03,Gaza_City,CHL,0.5417,0.5394,0.3753,0.8606,0.9254
2021-07-04,Gaza_City,CHL,0.952,0.2529,0.2864,1.141,0.9254
2021-07-05,Gaza_City,CHL,1.279,1.065,0.5572,1.345,0.7861
2021-07-06,Gaza_City,CHL,1.548,1.548,0.9639,1.627,1
2021-07-07,Gaza_City,CHL,1.498,1.526,0.9056,1.65,1
2021-07-08,Gaza_City,CHL,1.449,1.07,0.4531,1.449,0.9254
2021-07-09,Gaza_City,CHL,1.201,1.142,0.5368,1.28,0.9104
2021-07-10,Gaza_City,CHL,,0.3192,0.2479,1.169,0.5871
2021-07-11,Gaza_City,CHL,0.6805,0.8506,0.5746,1.582,1
2021-07-12,Gaza_City,CHL,1.096,1.039,0.7849,1.258,0.9104
2021-07-13,Gaza_City,CHL,1.361,1.317,1.122,1.361,0.9254
2021-07-14,Gaza_City,CHL,,0.6127,0.3938,1.267,0.8706
2021-07-15,Gaza_City,CHL,1.182,1.176,1.108,1.306,0.9254
2021-07-16,Gaza_City,CHL,,1.087,0.7219,1.094,0.3184
2021-07-17,Gaza_City,CHL,1.145,1.109,0.7807,1.43,0.9254
2021-07-18,Gaza_City,CHL,1.31,0.3993,0.311,1.31,0.8209
2021-07-19,Gaza_City,CHL,1.236,1.004,0.5272,1.319,0.9104
2021-07-20,Gaza_City,CHL,1.065,0.5385,0.3805,1.134,0.8458
2021-07-21,Gaza_City,CHL,1.256,0.9754,0.5261,1.546,0.9104
2021-07-22,Gaza_City,CHL,0.7352,0.7267,0.3829,1.083,0.9254
2021-07-23,Gaza_City,CHL,,0.4959,0.3281,0.5935,0.3085
2021-07-25,Gaza_City,CHL,1.038,1.038,0.5592,1.217,0.9104
2021-07-27,Gaza_City,CHL,1.438,1.287,0.7232,1.675,0.9254
2021-07-28,Gaza_City,CHL,1.328,1.228,0.6706,1.45,0.9254
2021-07-29,Gaza_City,CHL,,0.4646,0.2846,1.266,0.7662
2021-07-30,Gaza_City,CHL,,0.2053,0.1553,0.2053,0.3085
2021-07-31,Gaza_City,CHL,1.31,1.255,0.6289,1.697,0.9104
2021-08-02,Gaza_City,CHL,1.176,0.719,0.3576,1.176,0.9104
2021-08-03,Gaza_City,CHL,0.6997,0.5662,0.3835,1.193,0.9104
2021-08-04,Gaza_City,CHL,,0.3513,0.2437,0.7699,0.7662
2021-08-05,Gaza_City,CHL,1.148,0.7217,0.422,1.286,0.9104
2021-08-06,Gaza_City,CHL,,0.3489,0.2216,0.4471,0.6368
2021-08-07,Gaza_City,CHL,0.9086,0.6777,0.3824,1.223,0.9104
2021-08-08,Gaza_City,CHL,0.894,0.365,0.2548,0.9979,0.8458
2021-08-09,Gaza_City,CHL,1.427,1.255,0.5107,1.595,0.9254
2021-08-10,Gaza_City,CHL,1.39,1.37,0.6512,1.884,0.9254
2021-08-11,Gaza_City,CHL,1.249,1.249,0.7074,1.61,0.5224
2021-08-12,Gaza_City,CHL,1.303,0.5777,0.3513,1.319,0.8209
2021-08-13,Gaza_City,CHL,0.8689,0.8448,0.4552,2.259,0.9254
2021-08-14,Gaza_City,CHL,1.218,1.074,0.3809,1.364,0.9254
2021-08-15,Gaza_City,CHL,1.322,1.322,0.7338,1.397,1
2021-08-16,Gaza_City,CHL,1.05,0.6704,0.5102,1.478,0.9104
2021-08-17,Gaza_City,CHL,1.024,1.101,0.5938,1.536,0.9254
2021-08-18,Gaza_City,CHL,1.199,1.199,0.5487,1.468,0.9254
2021-08-19,Gaza_City,CHL,1.343,1.343,0.6575,1.558,0.99
2021-08-20,Gaza_City,CHL,1.118,0.7161,0.3929,1.118,0.7711
2021-08-21,Gaza_City,CHL,1.064,0.6435,0.3674,1.379,0.9104
2021-08-23,Gaza_City,CHL,1.169,1.118,0.6,1.635,0.9254
2021-08-24,Gaza_City,CHL,1.361,1.217,0.4469,1.613,0.9254
2021-08-25,Gaza_City,CHL,1.544,1.463,0.754,1.626,1
2021-08-26,Gaza_City,CHL,1.196,1.196,0.4761,1.654,1
2021-08-28,Gaza_City,CHL,,0.1153,0.0991,0.1959,0.5124
2021-08-29,Gaza_City,CHL,0.4913,0.3803,0.3227,1.044,0.9104
2021-08-30,Gaza_City,CHL,0.6832,0.5731,0.4139,1.517,0.8308
2021-08-31,Gaza_City,CHL,1.131,1.214,0.8121,2.414,1
2021-09-01,Gaza_City,CHL,1.732,1.248,0.6144,1.732,0.9254
2021-09-02,Gaza_City,CHL,,1.05,0.4489,1.486,0.7313
2021-09-03,Gaza_City,CHL,1.475,0.8899,0.5408,2.048,0.9254
2021-09-04,Gaza_City,CHL,1.527,1.167,0.653,1.967,0.9104
2021-09-05,Gaza_City,CHL,1.406,1.019,0.4785,1.733,0.9254
2021-09-06,Gaza_City,CHL,1.269,1.106,0.5029,1.615,0.8706
2021-09-07,Gaza_City,CHL,1.411,1.411,0.6863,2.187,0.9254
2021-09-08,Gaza_City,CHL,1.77,1.391,0.7071,1.814,0.9104
2021-09-09,Gaza_City,CHL,1.583,1.422,0.6674,2.303,0.9254
2021-09-10,Gaza_City,CHL,,0.0618,0.0618,0.0618,0.01
2021-09-11,Gaza_City,CHL,1.212,1.004,0.4888,1.489,0.9104
2021-09-12,Gaza_City,CHL,,0.9478,0.3705,0.9508,0.2637
2021-09-13,Gaza_City,CHL,1.029,0.9352,0.4883,1.186,0.8458
2021-09-14,Gaza_City,CHL,1.852,1.741,0.7318,2.214,0.9254
2021-09-15,Gaza_City,CHL,2.228,2.1,1.181,3.152,0.9254
2021-09-16,Gaza_City,CHL,,0.306,0.204,0.5656,0.5373
2021-09-17,Gaza_City,CHL,1.507,1.507,1.019,3.068,1
2021-09-18,Gaza_City,CHL,1.021,1.021,0.5804,1.854,1
2021-09-19,Gaza_City,CHL,1.56,1.34,0.5199,1.56,0.9254
2021-09-20,Gaza_City,CHL,0.9883,0.8709,0.42,1.085,0.9104
2021-09-21,Gaza_City,CHL,0.6383,0.5983,0.3071,0.9315,0.9254
2021-09-22,Gaza_City,CHL,0.7684,0.8184,0.436,0.9111,0.806
2021-09-25,Gaza_City,CHL,1.74,1.819,1.067,2.108,0.9254
2021-09-26,Gaza_City,CHL,2.017,2.089,1.513,2.711,1
2021-09-27,Gaza_City,CHL,,0.0872,0.0933,0.1538,0.2786
2021-09-28,Gaza_City,CHL,1.661,1.661,0.971,1.762,0.9254
2021-09-29,Gaza_City,CHL,1.593,1.593,0.7151,1.675,0.6617
2021-09-30,Gaza_City,CHL,1.476,1.46,0.768,1.876,0.8557
2021-10-01,Gaza_City,CHL,0.9899,0.9066,0.4246,1.187,0.9104
2021-10-02,Gaza_City,CHL,1.006,1.006,1.006,1.006,0.0547
2021-10-03,Gaza_City,CHL,0.735,0.4557,0.3359,0.935,0.9104
2021-10-04,Gaza_City,CHL,0.8386,1.381,0.7703,2.507,1
2021-10-05,Gaza_City,CHL,1.441,1.441,0.9396,1.549,0.9104
2021-10-06,Gaza_City,CHL,1.148,1.182,0.708,1.553,1
2021-10-07,Gaza_City,CHL,1.215,1.125,0.7004,1.886,1
2021-10-08,Gaza_City,CHL,,0.8252,0.7776,0.8252,0.0796
2021-10-09,Gaza_City,CHL,0.8917,0.8917,0.6085,0.9212,0.4527
2021-10-10,Gaza_City,CHL,0.7967,0.7677,0.419,0.9129,1
2021-10-11,Gaza_City,CHL,1.253,1.23,0.6991,1.305,1
2021-10-13,Gaza_City,CHL,0.8295,0.7331,0.3227,0.8295,0.4577
2021-10-14,Gaza_City,CHL,0.8786,0.7064,0.4371,0.8958,0.8358
2021-10-18,Gaza_City,CHL,0.4622,0.2846,0.1649,0.8476,0.8458
2021-10-19,Gaza_City,CHL,0.8019,0.8007,0.3114,1.11,0.9254
2021-10-20,Gaza_City,CHL,,0.3246,0.3246,0.3246,0.01
2021-10-21,Gaza_City,CHL,0.7459,0.7551,0.3665,0.8895,1
2021-10-22,Gaza_City,CHL,0.5911,0.6485,0.3462,0.7801,0.9254
2021-10-23,Gaza_City,CHL,0.758,0.758,0.36,0.8827,0.9104
2021-10-24,Gaza_City,CHL,0.7828,0.9818,0.6529,1.103,0.9254
2021-10-25,Gaza_City,CHL,0.8963,0.8963,0.6352,1.731,1
2021-10-26,Gaza_City,CHL,0.7234,0.6168,0.4275,1.183,0.9104
2021-10-30,Gaza_City,CHL,,0.2272,0.1863,0.2467,0.3035
2021-11-02,Gaza_City,CHL,0.5169,0.5169,0.3313,0.655,0.9254
2021-11-03,Gaza_City,CHL,0.622,0.8086,0.456,1.004,1
2021-11-04,Gaza_City,CHL,0.736,0.736,0.5202,0.9136,0.9254
2021-11-05,Gaza_City,CHL,0.82,0.82,0.4901,0.8905,0.9254
2021-11-06,Gaza_City,CHL,0.7298,0.7117,0.3282,0.7385,0.9254
2021-11-07,Gaza_City,CHL,0.5806,0.5059,0.2363,0.6214,0.9254
2021-11-08,Gaza_City,CHL,0.8637,0.8607,0.4845,0.9544,0.9254
2021-11-09,Gaza_City,CHL,0.6996,0.6463,0.3816,1.018,1
2021-11-10,Gaza_City,CHL,0.7494,0.6977,0.3416,1.06,1
2021-11-11,Gaza_City,CHL,0.5074,0.5578,0.3745,0.7888,0.7413
2021-11-12,Gaza_City,CHL,,0.3645,0.2526,0.784,0.6219
2021-11-13,Gaza_City,CHL,0.4772,0.4772,0.3307,0.5676,0.6816
2021-11-22,Gaza_City,CHL,1.169,1.004,0.642,1.174,0.9104
2021-11-23,Gaza_City,CHL,0.7067,0.7067,0.454,0.8858,1
2021-11-24,Gaza_City,CHL,,0.4339,0.2735,0.4466,0.4527
2021-11-25,Gaza_City,CHL,0.5658,0.5658,0.3714,0.9095,0.9254
2021-11-26,Gaza_City,CHL,0.7611,0.758,0.4106,1.037,1
2021-11-27,Gaza_City,CHL,0.304,0.3437,0.2134,0.483,0.9254
2021-11-28,Gaza_City,CHL,0.316,0.2975,0.2264,0.3584,0.9254
2021-11-29,Gaza_City,CHL,0.509,0.509,0.3208,0.5985,0.8358
2021-11-30,Gaza_City,CHL,0.4485,0.5492,0.4347,0.6542,0.7612
2021-12-02,Gaza_City,CHL,0.7156,0.747,0.7386,0.7735,0.1592
2021-12-05,Gaza_City,CHL,,0.3,0.3,0.3,0.01
2021-12-10,Gaza_City,CHL,,0.4125,0.3846,0.4377,0.2289
2021-12-11,Gaza_City,CHL,0.393,0.3641,0.2866,0.4901,0.9254
2021-12-15,Gaza_City,CHL,0.1723,0.1723,0.1414,0.5131,0.9254
2021-12-18,Gaza_City,CHL,0.8567,0.7044,0.3794,0.914,1
2021-12-19,Gaza_City,CHL,0.5976,0.5978,0.3751,0.7094,0.9254
2021-12-22,Gaza_City,CHL,0.3915,0.3915,0.3088,0.5289,0.6468
2021-12-25,Gaza_City,CHL,0.2638,0.2638,0.2089,0.5494,1
2021-12-26,Gaza_City,CHL,0.1934,0.1934,0.1475,0.3202,0.9254
2021-12-27,Gaza_City,CHL,0.277,0.2234,0.171,0.4507,0.9254
2021-01-01,Ashkelon_IL,CHL,,0.105,0.0961,0.1169,0.4527
2021-01-02,Ashkelon_IL,CHL,,0.1503,0.1337,0.1519,0.1343
2021-01-04,Ashkelon_IL,CHL,,0.0925,0.0925,0.0925,0.0149
2021-01-07,Ashkelon_IL,CHL,0.2876,0.2876,0.1886,0.3722,0.9502
2021-01-08,Ashkelon_IL,CHL,0.2139,0.2255,0.1813,0.4149,0.9104
2021-01-09,Ashkelon_IL,CHL,0.156,0.156,0.1337,0.4252,1
2021-01-11,Ashkelon_IL,CHL,0.1793,0.1793,0.1229,0.2521,0.9502
2021-01-12,Ashkelon_IL,CHL,0.2709,0.2468,0.161,0.3163,0.9502
2021-01-14,Ashkelon_IL,CHL,,0.1637,0.1191,0.2142,0.4677
2021-01-16,Ashkelon_IL,CHL,0.1996,0.1996,0.1464,0.2562,0.7711
2021-01-20,Ashkelon_IL,CHL,,0.5703,0.5633,0.5703,0.0697
2021-01-21,Ashkelon_IL,CHL,0.7849,0.7849,0.4914,1.221,0.9502
2021-01-22,Ashkelon_IL,CHL,0.4529,0.5576,0.3854,0.9017,0.9502
2021-01-23,Ashkelon_IL,CHL,0.7195,0.7195,0.3868,0.8055,0.9502
2021-01-24,Ashkelon_IL,CHL,0.3583,0.2877,0.1569,0.3583,0.9104
2021-01-25,Ashkelon_IL,CHL,0.1587,0.1485,0.1257,0.3341,0.9104
2021-01-30,Ashkelon_IL,CHL,,0.2239,0.1603,0.3359,0.5224
2021-02-01,Ashkelon_IL,CHL,0.1311,0.1298,0.1322,0.3999,1
2021-02-03,Ashkelon_IL,CHL,0.0937,0.0937,0.0864,0.1437,0.9502
2021-02-05,Ashkelon_IL,CHL,0.2169,0.2169,0.1459,0.3169,0.7463
2021-02-06,Ashkelon_IL,CHL,0.2018,0.2682,0.1605,0.3064,0.3831
2021-02-07,Ashkelon_IL,CHL,0.1925,0.1918,0.1125,0.2942,0.9502
2021-02-09,Ashkelon_IL,CHL,0.3315,0.3315,0.174,0.5186,0.9502
2021-02-10,Ashkelon_IL,CHL,0.1979,0.1769,0.095,0.3567,1
2021-02-11,Ashkelon_IL,CHL,0.0916,0.076,0.063,0.1405,0.9104
2021-02-12,Ashkelon_IL,CHL,0.083,0.083,0.0591,0.1216,0.791
2021-02-13,Ashkelon_IL,CHL,0.1114,0.0995,0.0738,0.1483,0.9104
2021-02-14,Ashkelon_IL,CHL,0.1281,0.1087,0.074,0.1281,0.9104
2021-02-15,Ashkelon_IL,CHL,0.1584,0.1449,0.0932,0.1835,0.9104
2021-02-16,Ashkelon_IL,CHL,0.11,0.1224,0.1008,0.1665,0.8557
2021-02-20,Ashkelon_IL,CHL,1,1,0.7149,1.397,0.9502
2021-02-21,Ashkelon_IL,CHL,0.8221,0.8923,0.6092,1.634,1
2021-02-22,Ashkelon_IL,CHL,0.2562,0.2562,0.188,0.54,0.791
2021-02-24,Ashkelon_IL,CHL,0.2634,0.2399,0.1816,0.4824,0.9104
2021-02-25,Ashkelon_IL,CHL,0.1598,0.1598,0.1292,0.3256,0.8209
2021-02-26,Ashkelon_IL,CHL,0.1617,0.1617,0.1451,0.6518,1
2021-02-27,Ashkelon_IL,CHL,0.183,0.1614,0.1309,0.3846,0.9104
2021-02-28,Ashkelon_IL,CHL,,0.0708,0.0694,0.0844,0.1741
2021-03-01,Ashkelon_IL,CHL,0.3511,0.2609,0.2003,0.5911,0.8905
2021-03-02,Ashkelon_IL,CHL,0.105,0.105,0.1073,0.4426,0.9502
2021-03-05,Ashkelon_IL,CHL,,0.6422,0.4156,1.237,0.8408
2021-03-06,Ashkelon_IL,CHL,0.2897,0.2966,0.2967,0.9249,0.9502
2021-03-07,Ashkelon_IL,CHL,0.3283,0.3283,0.2386,0.8408,0.7662
2021-03-08,Ashkelon_IL,CHL,0.3412,0.3412,0.2365,0.9359,0.9502
2021-03-12,Ashkelon_IL,CHL,1.105,1.036,0.5158,1.277,0.9104
2021-03-13,Ashkelon_IL,CHL,1.672,1.582,0.8074,1.995,0.8806
2021-03-16,Ashkelon_IL,CHL,1.212,1.125,0.6654,1.481,0.8806
2021-03-17,Ashkelon_IL,CHL,1.062,1.025,0.6663,1.302,0.9502
2021-03-18,Ashkelon_IL,CHL,1.078,0.9325,0.5247,1.454,0.8806
2021-03-19,Ashkelon_IL,CHL,1.096,1.096,0.591,2.02,0.9502
2021-03-25,Ashkelon_IL,CHL,,1.654,1.227,1.654,0.3483
2021-03-27,Ashkelon_IL,CHL,1.347,1.365,0.8216,1.737,0.9502
2021-03-28,Ashkelon_IL,CHL,,0.1143,0.0953,0.1546,0.3085
2021-03-29,Ashkelon_IL,CHL,1.246,1.3,0.6582,1.445,0.9502
2021-03-31,Ashkelon_IL,CHL,1.24,1.24,1.129,1.24,0.2139
2021-04-01,Ashkelon_IL,CHL,1.284,1.233,0.7118,1.462,0.9204
2021-04-02,Ashkelon_IL,CHL,,0.069,0.0682,0.069,0.0746
2021-04-03,Ashkelon_IL,CHL,1.452,1.37,0.6309,1.452,0.8806
2021-04-04,Ashkelon_IL,CHL,1.231,1.28,0.7452,1.555,0.9502
2021-04-06,Ashkelon_IL,CHL,,0.55,0.3339,0.6655,0.4925
2021-04-08,Ashkelon_IL,CHL,0.8191,0.8191,0.4781,1.296,0.801
2021-04-09,Ashkelon_IL,CHL,,0.0493,0.049,0.0502,0.1642
2021-04-12,Ashkelon_IL,CHL,1.508,1.376,0.8162,1.698,0.9104
2021-04-13,Ashkelon_IL,CHL,1.392,1.392,0.8742,1.883,1
2021-04-14,Ashkelon_IL,CHL,1.11,1.11,0.6622,1.411,0.9502
2021-04-15,Ashkelon_IL,CHL,1.129,1.07,0.5928,1.302,0.8806
2021-04-16,Ashkelon_IL,CHL,1.072,0.9821,0.5784,1.198,0.8806
2021-04-17,Ashkelon_IL,CHL,1.157,1.157,0.7394,1.488,1
2021-04-22,Ashkelon_IL,CHL,,0.3123,0.2756,0.4216,0.7015
2021-04-23,Ashkelon_IL,CHL,,0.2482,0.1906,0.2482,0.3085
2021-04-25,Ashkelon_IL,CHL,0.3577,0.3577,0.2181,0.4949,0.9502
2021-04-27,Ashkelon_IL,CHL,0.6065,0.6065,0.3693,1.133,1
2021-04-28,Ashkelon_IL,CHL,0.9898,0.7352,0.3758,1.243,0.9104
2021-04-30,Ashkelon_IL,CHL,,0.1312,0.1072,0.1312,0.2338
2021-05-01,Ashkelon_IL,CHL,0.3761,0.3761,0.2497,0.4688,0.9502
2021-05-02,Ashkelon_IL,CHL,,0.1777,0.129,0.2052,0.6617
2021-05-03,Ashkelon_IL,CHL,,0.2293,0.176,0.3082,0.7015
2021-05-05,Ashkelon_IL,CHL,0.2023,0.183,0.1247,0.2023,0.806
2021-05-06,Ashkelon_IL,CHL,,0.0914,0.0779,0.0914,0.209
2021-05-08,Ashkelon_IL,CHL,,0.0519,0.0517,0.0519,0.0746
2021-05-11,Ashkelon_IL,CHL,0.3374,0.3264,0.1842,0.4552,0.8806
2021-05-12,Ashkelon_IL,CHL,0.2854,0.2719,0.2293,0.9017,0.9104
2021-05-13,Ashkelon_IL,CHL,0.4662,0.4444,0.2391,0.5843,0.9502
2021-05-14,Ashkelon_IL,CHL,0.347,0.42,0.2076,0.6243,0.9453
2021-05-15,Ashkelon_IL,CHL,0.4526,0.29,0.1596,0.4526,1
2021-05-16,Ashkelon_IL,CHL,0.1851,0.1346,0.1061,0.2582,0.8259
2021-05-17,Ashkelon_IL,CHL,0.1736,0.1736,0.1186,0.4231,1
2021-05-18,Ashkelon_IL,CHL,0.1706,0.1845,0.111,0.2796,0.9502
2021-05-19,Ashkelon_IL,CHL,0.1594,0.1594,0.0891,0.2587,0.9502
2021-05-20,Ashkelon_IL,CHL,0.1409,0.1312,0.091,0.1409,0.7662
2021-05-21,Ashkelon_IL,CHL,,0.0729,0.057,0.0805,0.3085
2021-05-22,Ashkelon_IL,CHL,0.2029,0.2029,0.1439,0.2636,0.5025
2021-05-23,Ashkelon_IL,CHL,0.2938,0.2143,0.1619,0.2938,0.4328
2021-05-24,Ashkelon_IL,CHL,1.238,1.298,0.7371,1.741,0.9502
2021-05-25,Ashkelon_IL,CHL,0.9464,0.6279,0.4114,1.329,0.9104
2021-05-26,Ashkelon_IL,CHL,1.283,1.258,0.4991,1.787,0.9104
2021-05-27,Ashkelon_IL,CHL,0.6023,0.3699,0.2497,1.427,0.8756
2021-05-28,Ashkelon_IL,CHL,0.4578,0.4578,0.2909,1.402,0.9502
2021-05-29,Ashkelon_IL,CHL,0.4486,0.3565,0.1541,0.4486,0.6716
2021-05-30,Ashkelon_IL,CHL,0.6767,0.6767,0.2945,1.256,0.9502
2021-06-01,Ashkelon_IL,CHL,,0.1641,0.1003,0.2467,0.7363
2021-06-02,Ashkelon_IL,CHL,0.2261,0.2261,0.1784,0.4072,0.5224
2021-06-03,Ashkelon_IL,CHL,0.25,0.2368,0.1497,0.4372,0.9104
2021-06-05,Ashkelon_IL,CHL,0.3451,0.4199,0.2711,0.9117,0.9502
2021-06-06,Ashkelon_IL,CHL,0.5723,0.5723,0.2568,0.9067,0.9502
2021-06-07,Ashkelon_IL,CHL,0.9602,0.8362,0.3109,1.097,0.9502
2021-06-08,Ashkelon_IL,CHL,,0.0515,0.0459,0.0527,0.1692
2021-06-09,Ashkelon_IL,CHL,0.1687,0.143,0.1198,0.2711,0.8806
2021-06-10,Ashkelon_IL,CHL,0.211,0.211,0.1609,0.4307,0.9502
2021-06-11,Ashkelon_IL,CHL,,0.0986,0.0856,0.1798,0.3731
2021-06-12,Ashkelon_IL,CHL,0.2816,0.2618,0.1311,0.2816,0.7662
2021-06-13,Ashkelon_IL,CHL,0.4299,0.4286,0.2681,0.4599,0.8806
2021-06-14,Ashkelon_IL,CHL,0.2587,0.2637,0.214,0.3571,0.9502
2021-06-15,Ashkelon_IL,CHL,0.1938,0.2128,0.1694,0.3597,0.9502
2021-06-16,Ashkelon_IL,CHL,,0.1054,0.0893,0.1222,0.1791
2021-06-17,Ashkelon_IL,CHL,0.086,0.086,0.1061,0.4917,1
2021-06-18,Ashkelon_IL,CHL,0.5013,0.4634,0.2215,0.7941,0.9502
2021-06-19,Ashkelon_IL,CHL,0.2814,0.2814,0.199,0.4556,0.4627
2021-06-20,Ashkelon_IL,CHL,1.043,1.043,0.4396,1.579,1
2021-06-21,Ashkelon_IL,CHL,1.424,1.086,0.3806,1.452,0.9502
2021-06-22,Ashkelon_IL,CHL,0.5765,0.5765,0.2038,0.7666,0.9502
2021-06-23,Ashkelon_IL,CHL,0.4973,0.3861,0.1855,0.7836,0.8806
2021-06-24,Ashkelon_IL,CHL,0.5394,0.5394,0.2824,0.9838,1
2021-06-25,Ashkelon_IL,CHL,0.2387,0.2387,0.1595,0.9471,1
2021-06-26,Ashkelon_IL,CHL,0.0597,0.0597,0.0799,0.4183,0.9502
2021-06-27,Ashkelon_IL,CHL,0.1297,0.1154,0.0808,0.1297,0.6119
2021-06-28,Ashkelon_IL,CHL,0.1194,0.1194,0.0869,0.2176,0.9502
2021-06-29,Ashkelon_IL,CHL,0.1126,0.101,0.0926,0.2363,0.9104
2021-06-30,Ashkelon_IL,CHL,0.1361,0.1361,0.113,0.2561,0.9502
2021-07-01,Ashkelon_IL,CHL,0.177,0.1447,0.1256,0.3205,0.9104
2021-07-02,Ashkelon_IL,CHL,0.3699,0.3699,0.2981,0.3699,0.2438
2021-07-03,Ashkelon_IL,CHL,0.4535,0.4535,0.2655,0.777,0.9502
2021-07-04,Ashkelon_IL,CHL,0.3713,0.5118,0.3102,0.582,0.9104
2021-07-05,Ashkelon_IL,CHL,0.5486,0.5486,0.238,0.8269,0.6716
2021-07-06,Ashkelon_IL,CHL,0.9227,0.9227,0.5185,1.315,0.7861
2021-07-07,Ashkelon_IL,CHL,1.149,1.173,0.998,1.442,0.9502
2021-07-08,Ashkelon_IL,CHL,1.203,1.27,0.9193,1.435,0.9502
2021-07-09,Ashkelon_IL,CHL,0.8453,0.8714,0.5256,1.017,0.9104
2021-07-11,Ashkelon_IL,CHL,1.33,1.33,0.6055,1.476,0.9502
2021-07-12,Ashkelon_IL,CHL,0.3256,0.3256,0.2141,0.9494,0.9104
2021-07-13,Ashkelon_IL,CHL,0.3606,0.2119,0.1959,0.6866,0.8358
2021-07-14,Ashkelon_IL,CHL,0.9624,0.9624,0.4482,1.228,0.9502
2021-07-15,Ashkelon_IL,CHL,,0.742,0.3454,1.568,0.8607
2021-07-16,Ashkelon_IL,CHL,,0.2031,0.1894,0.2063,0.3333
2021-07-17,Ashkelon_IL,CHL,0.6834,0.6834,0.3854,1.432,0.9502
2021-07-18,Ashkelon_IL,CHL,1.04,0.8374,0.5765,1.249,0.9104
2021-07-19,Ashkelon_IL,CHL,0.7681,0.7681,0.4639,1.084,0.9502
2021-07-20,Ashkelon_IL,CHL,1.11,0.9704,0.5626,1.119,0.806
2021-07-21,Ashkelon_IL,CHL,0.5498,0.5498,0.3234,1.157,1
2021-07-22,Ashkelon_IL,CHL,0.7196,0.795,0.4178,1.348,0.9502
2021-07-25,Ashkelon_IL,CHL,0.7361,0.3432,0.2593,0.9677,0.8806
2021-07-26,Ashkelon_IL,CHL,,0.0814,0.0721,0.0875,0.2687
2021-07-27,Ashkelon_IL,CHL,1.564,1.563,1.084,1.671,0.9502
2021-07-28,Ashkelon_IL,CHL,1.055,0.7765,0.4526,1.406,0.9104
2021-07-29,Ashkelon_IL,CHL,1.264,0.7228,0.3785,1.264,0.7711
2021-07-30,Ashkelon_IL,CHL,,0.095,0.1124,0.697,0.3184
2021-07-31,Ashkelon_IL,CHL,0.7928,0.4685,0.3342,1.238,0.9104
2021-08-02,Ashkelon_IL,CHL,0.8732,0.8785,0.4518,1.062,0.9502
2021-08-03,Ashkelon_IL,CHL,0.4989,0.4989,0.2663,0.8208,0.9502
2021-08-04,Ashkelon_IL,CHL,0.77,0.4453,0.2651,0.77,0.806
2021-08-05,Ashkelon_IL,CHL,0.3704,0.2888,0.1561,0.5123,0.8806
2021-08-06,Ashkelon_IL,CHL,,0.1176,0.1059,0.1176,0.2388
2021-08-07,Ashkelon_IL,CHL,0.3357,0.2233,0.1727,0.6085,0.9104
2021-08-08,Ashkelon_IL,CHL,0.4195,0.3736,0.2364,0.7344,0.9104
2021-08-09,Ashkelon_IL,CHL,1.367,1.367,0.5605,2.273,1
2021-08-10,Ashkelon_IL,CHL,1.303,1.085,0.4491,1.651,0.8806
2021-08-11,Ashkelon_IL,CHL,1.122,1.345,0.5088,1.482,0.8955
2021-08-12,Ashkelon_IL,CHL,1.157,0.9691,0.5466,2.036,0.9104
2021-08-13,Ashkelon_IL,CHL,1.291,0.7739,0.4311,1.579,0.9104
2021-08-14,Ashkelon_IL,CHL,2.026,1.545,0.5834,2.026,0.9502
2021-08-15,Ashkelon_IL,CHL,1.088,1.088,0.3937,1.44,0.9502
2021-08-16,Ashkelon_IL,CHL,0.9805,0.9805,0.6429,2.368,1
2021-08-17,Ashkelon_IL,CHL,0.7783,0.7783,0.4927,1.647,0.9502
2021-08-18,Ashkelon_IL,CHL,0.5641,0.6,0.4825,1.462,0.9502
2021-08-19,Ashkelon_IL,CHL,0.5252,0.4478,0.2979,1.297,0.9104
2021-08-20,Ashkelon_IL,CHL,0.5401,0.4921,0.2661,0.7477,0.8806
2021-08-21,Ashkelon_IL,CHL,1.176,0.9754,0.6324,1.438,0.9104
2021-08-23,Ashkelon_IL,CHL,1.094,1.094,0.5733,1.641,0.9502
2021-08-24,Ashkelon_IL,CHL,1.236,1.104,0.422,1.409,0.9104
2021-08-25,Ashkelon_IL,CHL,1.443,1.443,0.6651,2.185,0.9502
2021-08-26,Ashkelon_IL,CHL,0.78,0.78,0.3888,1.538,0.9502
2021-08-28,Ashkelon_IL,CHL,,0.1105,0.0915,0.1336,0.4279
2021-08-29,Ashkelon_IL,CHL,0.4736,0.427,0.2476,0.6904,0.9104
2021-08-30,Ashkelon_IL,CHL,0.4543,0.4159,0.2616,0.6656,0.9104
2021-08-31,Ashkelon_IL,CHL,0.4953,0.3433,0.2054,0.6049,0.8458
2021-09-01,Ashkelon_IL,CHL,0.2657,0.2966,0.2854,1.067,0.9502
2021-09-02,Ashkelon_IL,CHL,0.5168,0.3523,0.3113,0.9004,0.9104
2021-09-03,Ashkelon_IL,CHL,0.8171,0.8171,0.4177,1.244,0.9502
2021-09-04,Ashkelon_IL,CHL,0.9436,0.9436,0.455,1.356,0.9104
2021-09-05,Ashkelon_IL,CHL,1.281,1.163,0.5062,1.484,0.9701
2021-09-06,Ashkelon_IL,CHL,1.232,1.232,0.5691,1.505,0.7015
2021-09-07,Ashkelon_IL,CHL,1.268,0.9968,0.4061,1.498,0.8806
2021-09-08,Ashkelon_IL,CHL,1.432,1.2,0.6342,2.313,0.9104
2021-09-09,Ashkelon_IL,CHL,1.047,1.047,0.5448,2.314,0.9502
2021-09-10,Ashkelon_IL,CHL,,0.0821,0.0821,0.0821,0.0697
2021-09-11,Ashkelon_IL,CHL,,0.2984,0.247,0.9317,0.5871
2021-09-12,Ashkelon_IL,CHL,0.7223,0.7223,0.3048,0.9649,0.9502
2021-09-13,Ashkelon_IL,CHL,0.6032,0.6995,0.3265,0.7933,0.9502
2021-09-14,Ashkelon_IL,CHL,0.4007,0.5025,0.367,1.114,0.9502
2021-09-15,Ashkelon_IL,CHL,1.823,1.823,1.134,2.013,0.7214
2021-09-17,Ashkelon_IL,CHL,1.199,1.321,0.911,3.617,0.9502
2021-09-18,Ashkelon_IL,CHL,2.037,2.58,1.636,3.563,1
2021-09-19,Ashkelon_IL,CHL,2.73,2.73,1.58,4.609,0.9502
2021-09-20,Ashkelon_IL,CHL,0.951,0.951,0.424,1.508,0.9502
2021-09-21,Ashkelon_IL,CHL,0.1705,0.1705,0.2118,1.206,0.9104
2021-09-22,Ashkelon_IL,CHL,0.346,0.793,0.4425,1.127,0.398
2021-09-25,Ashkelon_IL,CHL,1.671,1.685,1.197,3.131,1
2021-09-26,Ashkelon_IL,CHL,1.99,1.99,1.34,5.032,1
2021-09-27,Ashkelon_IL,CHL,,0.1184,0.0801,0.1184,0.2338
2021-09-28,Ashkelon_IL,CHL,1.565,1.565,0.7702,1.828,0.8756
2021-09-29,Ashkelon_IL,CHL,1.787,1.7,1.004,1.787,0.8358
2021-09-30,Ashkelon_IL,CHL,1.318,1.543,1,1.67,0.9502
2021-10-01,Ashkelon_IL,CHL,0.5994,0.5994,0.34,0.9395,0.801
2021-10-02,Ashkelon_IL,CHL,0.6267,0.5591,0.3725,1.141,0.6567
2021-10-03,Ashkelon_IL,CHL,0.427,0.4181,0.1554,0.427,0.6617
2021-10-04,Ashkelon_IL,CHL,0.4882,0.472,0.2103,0.8719,0.9502
2021-10-05,Ashkelon_IL,CHL,0.377,0.3544,0.2464,0.6561,0.8806
2021-10-06,Ashkelon_IL,CHL,0.3111,0.5144,0.3046,0.8503,0.9502
2021-10-07,Ashkelon_IL,CHL,0.4566,0.4566,0.4195,1.477,1
2021-10-08,Ashkelon_IL,CHL,0.8659,0.8659,0.5082,1.313,0.9502
2021-10-09,Ashkelon_IL,CHL,0.6788,0.6788,0.3912,0.9135,0.6269
2021-10-10,Ashkelon_IL,CHL,1.621,1.59,0.8315,1.813,0.9502
2021-10-11,Ashkelon_IL,CHL,0.317,0.317,0.3325,1.138,0.9502
2021-10-12,Ashkelon_IL,CHL,,0.0874,0.0874,0.0874,0.0199
2021-10-13,Ashkelon_IL,CHL,,0.3094,0.2167,0.8342,0.6318
2021-10-14,Ashkelon_IL,CHL,0.5081,0.8215,0.3829,1.408,0.4975
2021-10-15,Ashkelon_IL,CHL,,0.0538,0.0511,0.0538,0.1244
2021-10-17,Ashkelon_IL,CHL,,0.0465,0.0463,0.0465,0.0746
2021-10-18,Ashkelon_IL,CHL,0.0826,0.0755,0.0568,0.1227,0.9104
2021-10-19,Ashkelon_IL,CHL,,0.0789,0.0584,0.1296,0.592
2021-10-21,Ashkelon_IL,CHL,0.862,0.8612,0.3716,0.8679,0.9502
2021-10-22,Ashkelon_IL,CHL,0.5154,0.5154,0.2813,0.6944,1
2021-10-23,Ashkelon_IL,CHL,,0.4638,0.2286,0.8027,0.5572
2021-10-24,Ashkelon_IL,CHL,0.5433,0.5433,0.2388,0.762,0.9104
2021-10-25,Ashkelon_IL,CHL,0.4396,0.4396,0.2352,0.8112,1
2021-10-26,Ashkelon_IL,CHL,0.8482,0.943,0.6202,1.192,0.8806
2021-10-27,Ashkelon_IL,CHL,,0.2968,0.2329,0.5897,0.7015
2021-10-30,Ashkelon_IL,CHL,,0.5149,0.3334,0.5445,0.4627
2021-11-02,Ashkelon_IL,CHL,0.3387,0.2988,0.1414,0.3467,0.9502
2021-11-03,Ashkelon_IL,CHL,0.7717,0.6292,0.2565,0.7964,0.9502
2021-11-04,Ashkelon_IL,CHL,0.3678,0.4313,0.279,0.7085,0.9502
2021-11-05,Ashkelon_IL,CHL,0.3185,0.3185,0.1603,0.3734,0.9502
2021-11-06,Ashkelon_IL,CHL,0.2557,0.2123,0.1428,0.3211,0.9502
2021-11-07,Ashkelon_IL,CHL,0.2539,0.3482,0.1963,0.5024,0.9502
2021-11-08,Ashkelon_IL,CHL,0.7659,0.7347,0.3711,0.9512,0.9502
2021-11-09,Ashkelon_IL,CHL,0.8124,0.8124,0.5308,0.8729,1
2021-11-10,Ashkelon_IL,CHL,0.6677,0.6666,0.2875,0.7491,0.9502
2021-11-11,Ashkelon_IL,CHL,0.7732,0.7641,0.3706,0.7915,0.7065
2021-11-12,Ashkelon_IL,CHL,0.8857,0.715,0.4571,0.8857,0.9502
2021-11-13,Ashkelon_IL,CHL,0.6699,0.515,0.3571,0.6699,0.9502
2021-11-21,Ashkelon_IL,CHL,0.7114,0.612,0.4957,0.7114,0.3632
2021-11-22,Ashkelon_IL,CHL,0.8482,0.776,0.4375,0.9685,0.9104
2021-11-23,Ashkelon_IL,CHL,0.8422,0.8422,0.4505,0.9202,1
2021-11-26,Ashkelon_IL,CHL,0.222,0.2514,0.1982,0.6372,1
2021-11-27,Ashkelon_IL,CHL,0.2446,0.2622,0.2028,0.4251,1
2021-11-28,Ashkelon_IL,CHL,0.3751,0.3692,0.2514,0.5653,0.9104
2021-11-29,Ashkelon_IL,CHL,,0.1293,0.1235,0.1375,0.2338
2021-11-30,Ashkelon_IL,CHL,0.4736,0.4947,0.2823,0.548,0.5224
2021-12-02,Ashkelon_IL,CHL,0.7132,0.7937,0.6155,0.7937,0.3383
2021-12-10,Ashkelon_IL,CHL,,0.3739,0.3088,0.3739,0.3035
2021-12-11,Ashkelon_IL,CHL,0.3855,0.3498,0.2721,0.5773,0.9204
2021-12-15,Ashkelon_IL,CHL,0.2896,0.2896,0.1852,0.4197,0.9502
2021-12-18,Ashkelon_IL,CHL,0.2577,0.2577,0.1597,0.4675,0.806
2021-12-19,Ashkelon_IL,CHL,0.3399,0.3399,0.2213,0.7215,0.9502
2021-12-25,Ashkelon_IL,CHL,0.3081,0.3509,0.2679,0.6378,1
2021-12-26,Ashkelon_IL,CHL,0.5736,0.5787,0.358,0.643,0.9502
2021-12-27,Ashkelon_IL,CHL,0.3474,0.3474,0.2507,0.3804,0.9502
2021-01-01,Ashdod_IL,CHL,0.2206,0.2043,0.1446,0.2225,0.5821
2021-01-02,Ashdod_IL,CHL,,0.0811,0.0811,0.0811,0.0299
2021-01-04,Ashdod_IL,CHL,,0.1811,0.1305,0.2246,0.796
2021-01-07,Ashdod_IL,CHL,0.1937,0.186,0.1295,0.2318,0.9254
2021-01-08,Ashdod_IL,CHL,0.1409,0.107,0.0865,0.1519,0.9254
2021-01-09,Ashdod_IL,CHL,0.1433,0.1145,0.0779,0.1433,0.9104
2021-01-10,Ashdod_IL,CHL,,0.1716,0.1242,0.2059,0.3035
2021-01-11,Ashdod_IL,CHL,0.1962,0.133,0.1074,0.2745,0.9254
2021-01-16,Ashdod_IL,CHL,0.3465,0.3582,0.3237,0.3648,0.204
2021-01-21,Ashdod_IL,CHL,0.9703,0.9454,0.4223,1.189,0.995
2021-01-22,Ashdod_IL,CHL,0.7034,0.6516,0.3612,0.9272,0.995
2021-01-23,Ashdod_IL,CHL,0.2272,0.1699,0.1259,0.2854,0.9254
2021-01-24,Ashdod_IL,CHL,0.4595,0.4087,0.2035,0.5831,0.995
2021-01-25,Ashdod_IL,CHL,0.1736,0.15,0.1186,0.2201,0.9254
2021-01-30,Ashdod_IL,CHL,,0.2393,0.1668,0.2909,0.6517
2021-02-01,Ashdod_IL,CHL,0.1298,0.1526,0.1323,0.1594,0.9254
2021-02-03,Ashdod_IL,CHL,0.1122,0.1051,0.0894,0.1271,0.9254
2021-02-05,Ashdod_IL,CHL,,0.0708,0.0692,0.0708,0.3234
2021-02-06,Ashdod_IL,CHL,,0.1491,0.1668,0.26,0.0846
2021-02-07,Ashdod_IL,CHL,0.0991,0.0898,0.0759,0.1738,0.9254
2021-02-09,Ashdod_IL,CHL,0.0623,0.0565,0.059,0.1296,0.995
2021-02-10,Ashdod_IL,CHL,0.0773,0.0509,0.0485,0.1077,0.9254
2021-02-11,Ashdod_IL,CHL,0.067,0.0649,0.0578,0.0809,0.9254
2021-02-12,Ashdod_IL,CHL,,0.0666,0.0668,0.105,0.3433
2021-02-13,Ashdod_IL,CHL,0.0689,0.0649,0.0571,0.0822,0.9254
2021-02-14,Ashdod_IL,CHL,0.0524,0.0532,0.0516,0.0771,0.995
2021-02-15,Ashdod_IL,CHL,0.067,0.0593,0.0569,0.0948,0.9254
2021-02-16,Ashdod_IL,CHL,0.065,0.065,0.0616,0.1236,0.8209
2021-02-18,Ashdod_IL,CHL,,0.7517,0.4541,1.03,0.4677
2021-02-20,Ashdod_IL,CHL,0.8845,0.9394,0.6045,1.188,0.995
2021-02-21,Ashdod_IL,CHL,0.9849,0.9849,0.5868,1.24,0.995
2021-02-22,Ashdod_IL,CHL,0.5039,0.401,0.3385,0.8127,0.9254
2021-02-24,Ashdod_IL,CHL,0.3085,0.2355,0.1596,0.4284,0.9254
2021-02-25,Ashdod_IL,CHL,0.4197,0.3845,0.2555,0.64,0.6667
2021-02-26,Ashdod_IL,CHL,0.3476,0.2769,0.1743,0.5118,0.9254
2021-02-27,Ashdod_IL,CHL,0.2471,0.1459,0.1365,0.3919,0.9254
2021-02-28,Ashdod_IL,CHL,,0.0851,0.0809,0.0918,0.3781
2021-03-01,Ashdod_IL,CHL,0.3593,0.3593,0.2376,0.5034,0.408
2021-03-02,Ashdod_IL,CHL,0.234,0.2002,0.1505,0.3786,0.7512
2021-03-04,Ashdod_IL,CHL,,0.3692,0.3692,0.3692,0.0149
2021-03-05,Ashdod_IL,CHL,0.5894,0.4748,0.2247,0.8382,0.9254
2021-03-06,Ashdod_IL,CHL,1.05,0.9767,0.4117,1.236,0.995
2021-03-07,Ashdod_IL,CHL,,0.3234,0.161,0.5946,0.8458
2021-03-08,Ashdod_IL,CHL,0.3659,0.3901,0.2544,0.756,0.9453
2021-03-12,Ashdod_IL,CHL,0.8515,0.5167,0.2306,0.8515,0.8607
2021-03-13,Ashdod_IL,CHL,1.282,1.173,0.5787,1.324,0.9104
2021-03-16,Ashdod_IL,CHL,1.248,1.174,0.7536,1.332,0.9254
2021-03-17,Ashdod_IL,CHL,0.9032,0.9032,0.5482,1.59,0.995
2021-03-18,Ashdod_IL,CHL,0.9641,0.6998,0.3379,1.138,0.9254
2021-03-19,Ashdod_IL,CHL,1.078,1.078,0.433,1.472,0.995
2021-03-25,Ashdod_IL,CHL,1.14,1.14,0.6596,1.256,0.6119
2021-03-27,Ashdod_IL,CHL,1.269,1.293,0.7415,1.692,0.995
2021-03-28,Ashdod_IL,CHL,,0.2162,0.1376,0.3212,0.5174
2021-03-29,Ashdod_IL,CHL,1.295,1.209,0.6513,1.444,0.995
2021-04-01,Ashdod_IL,CHL,1.031,0.9281,0.4009,1.166,0.9254
2021-04-02,Ashdod_IL,CHL,,0.0692,0.0658,0.0712,0.2388
2021-04-03,Ashdod_IL,CHL,1.199,1.15,0.5061,1.301,0.9254
2021-04-04,Ashdod_IL,CHL,1.298,1.157,0.5704,1.44,0.995
2021-04-06,Ashdod_IL,CHL,,0.2626,0.1703,0.3595,0.4478
2021-04-08,Ashdod_IL,CHL,1.038,0.8213,0.5226,1.05,0.9254
2021-04-09,Ashdod_IL,CHL,,0.2888,0.1915,0.3209,0.4826
2021-04-12,Ashdod_IL,CHL,1.388,1.269,0.7495,1.45,0.9254
2021-04-13,Ashdod_IL,CHL,1.387,1.371,0.8256,1.554,0.995
2021-04-14,Ashdod_IL,CHL,1.045,0.9413,0.5733,1.241,0.9254
2021-04-15,Ashdod_IL,CHL,1.013,0.9388,0.5249,1.203,0.9254
2021-04-16,Ashdod_IL,CHL,0.998,0.8202,0.5068,0.998,0.8557
2021-04-17,Ashdod_IL,CHL,1.101,1.101,0.6914,1.336,0.995
2021-04-22,Ashdod_IL,CHL,0.5468,0.5468,0.3186,0.8142,0.9254
2021-04-25,Ashdod_IL,CHL,0.3376,0.3258,0.1708,0.3376,0.995
2021-04-27,Ashdod_IL,CHL,0.2898,0.2775,0.1823,0.5051,0.995
2021-04-28,Ashdod_IL,CHL,0.4044,0.1983,0.2012,0.8974,0.9254
2021-04-30,Ashdod_IL,CHL,,0.0991,0.085,0.1122,0.2388
2021-05-01,Ashdod_IL,CHL,0.2548,0.2545,0.1549,0.3273,0.995
2021-05-02,Ashdod_IL,CHL,,0.1176,0.0898,0.1613,0.5373
2021-05-03,Ashdod_IL,CHL,,0.1634,0.127,0.1913,0.791
2021-05-05,Ashdod_IL,CHL,0.1737,0.1414,0.1063,0.1925,0.8756
2021-05-06,Ashdod_IL,CHL,,0.0738,0.0606,0.0738,0.3085
2021-05-07,Ashdod_IL,CHL,,0.1202,0.0833,0.1317,0.5423
2021-05-08,Ashdod_IL,CHL,,0.0713,0.0636,0.0779,0.2687
2021-05-11,Ashdod_IL,CHL,0.3221,0.3163,0.156,0.4873,0.995
2021-05-12,Ashdod_IL,CHL,0.3171,0.2401,0.1389,0.414,0.9254
2021-05-13,Ashdod_IL,CHL,0.2763,0.2638,0.1841,0.714,0.9801
2021-05-14,Ashdod_IL,CHL,0.2561,0.2462,0.1418,0.3131,0.995
2021-05-15,Ashdod_IL,CHL,0.2277,0.1914,0.124,0.3273,0.9303
2021-05-16,Ashdod_IL,CHL,,0.1263,0.1015,0.188,0.796
2021-05-17,Ashdod_IL,CHL,0.2125,0.1807,0.1255,0.2676,0.9254
2021-05-18,Ashdod_IL,CHL,0.1398,0.139,0.0961,0.1631,0.995
2021-05-19,Ashdod_IL,CHL,0.1491,0.1454,0.1047,0.2249,0.995
2021-05-20,Ashdod_IL,CHL,0.191,0.1785,0.1302,0.191,0.9254
2021-05-21,Ashdod_IL,CHL,,0.0653,0.0563,0.0779,0.4478
2021-05-22,Ashdod_IL,CHL,,0.0393,0.0383,0.0396,0.1741
2021-05-23,Ashdod_IL,CHL,0.1757,0.1472,0.0989,0.2444,0.7612
2021-05-24,Ashdod_IL,CHL,0.8419,0.7348,0.3378,1.346,0.995
2021-05-25,Ashdod_IL,CHL,0.7149,1.039,0.5114,1.146,0.9254
2021-05-26,Ashdod_IL,CHL,0.8246,0.6424,0.3799,1.278,0.9254
2021-05-27,Ashdod_IL,CHL,0.5372,0.1345,0.1123,0.6815,0.8607
2021-05-28,Ashdod_IL,CHL,0.3406,0.2582,0.128,0.5009,0.995
2021-05-29,Ashdod_IL,CHL,,0.079,0.0597,0.226,0.6567
2021-05-30,Ashdod_IL,CHL,0.4084,0.4746,0.2159,0.674,0.995
2021-06-01,Ashdod_IL,CHL,0.2264,0.2053,0.1068,0.2921,0.9254
2021-06-02,Ashdod_IL,CHL,0.2563,0.1302,0.0828,0.2563,0.6219
2021-06-03,Ashdod_IL,CHL,0.1616,0.1279,0.0746,0.1981,0.9254
2021-06-04,Ashdod_IL,CHL,,0.0425,0.0395,0.0425,0.2189
2021-06-05,Ashdod_IL,CHL,0.2847,0.2435,0.1437,0.3499,0.995
2021-06-06,Ashdod_IL,CHL,0.2186,0.3638,0.1829,0.854,1
2021-06-07,Ashdod_IL,CHL,0.6272,0.5015,0.1824,0.6272,0.9254
2021-06-09,Ashdod_IL,CHL,0.1684,0.1346,0.077,0.2254,0.9254
2021-06-10,Ashdod_IL,CHL,0.1438,0.1676,0.1198,0.2276,0.995
2021-06-11,Ashdod_IL,CHL,,0.1527,0.0935,0.1618,0.5821
2021-06-12,Ashdod_IL,CHL,0.2043,0.1885,0.0921,0.2043,0.7662
2021-06-13,Ashdod_IL,CHL,0.5033,0.3582,0.2508,0.5033,0.8607
2021-06-14,Ashdod_IL,CHL,0.2375,0.2375,0.2033,0.7576,1
2021-06-15,Ashdod_IL,CHL,0.1825,0.1875,0.1753,0.238,0.995
2021-06-16,Ashdod_IL,CHL,0.1351,0.1351,0.0879,0.1351,0.2687
2021-06-17,Ashdod_IL,CHL,0.1055,0.1089,0.0986,0.1775,0.995
2021-06-18,Ashdod_IL,CHL,0.1168,0.1168,0.1022,0.3559,1
2021-06-19,Ashdod_IL,CHL,0.181,0.181,0.1566,0.19,0.4229
2021-06-20,Ashdod_IL,CHL,0.4174,0.5002,0.2412,0.6377,0.995
2021-06-21,Ashdod_IL,CHL,1.26,1.019,0.4296,1.26,0.9254
2021-06-22,Ashdod_IL,CHL,0.6487,0.4681,0.1799,0.6487,0.995
2021-06-23,Ashdod_IL,CHL,0.2827,0.2827,0.1304,0.4559,0.995
2021-06-24,Ashdod_IL,CHL,0.2965,0.2783,0.1267,0.3803,0.995
2021-06-25,Ashdod_IL,CHL,0.2296,0.2629,0.1047,0.3301,0.995
2021-06-26,Ashdod_IL,CHL,0.2427,0.1212,0.0882,0.4213,0.9254
2021-06-27,Ashdod_IL,CHL,,0.0374,0.0346,0.0402,0.3234
2021-06-28,Ashdod_IL,CHL,0.0641,0.0638,0.0548,0.1203,0.995
2021-06-29,Ashdod_IL,CHL,0.0701,0.0661,0.0563,0.0911,0.9254
2021-06-30,Ashdod_IL,CHL,0.0722,0.0574,0.056,0.1376,0.995
2021-07-01,Ashdod_IL,CHL,0.0994,0.1018,0.0813,0.1231,0.9254
2021-07-02,Ashdod_IL,CHL,,0.1285,0.086,0.1496,0.597
2021-07-03,Ashdod_IL,CHL,,0.1282,0.1091,0.1407,0.6368
2021-07-04,Ashdod_IL,CHL,0.1816,0.178,0.1586,0.4838,0.995
2021-07-05,Ashdod_IL,CHL,,0.2473,0.1395,0.2807,0.6517
2021-07-06,Ashdod_IL,CHL,1.02,0.7161,0.4093,1.036,0.9055
2021-07-07,Ashdod_IL,CHL,0.1528,0.2309,0.2518,0.8417,0.995
2021-07-08,Ashdod_IL,CHL,0.5716,0.2752,0.2871,0.8408,0.9254
2021-07-09,Ashdod_IL,CHL,0.3006,0.305,0.2272,0.4101,0.9254
2021-07-10,Ashdod_IL,CHL,,0.1662,0.0962,0.1662,0.2438
2021-07-11,Ashdod_IL,CHL,0.6165,0.6165,0.3181,0.9623,0.995
2021-07-12,Ashdod_IL,CHL,0.9328,0.8023,0.4011,1.007,0.9254
2021-07-13,Ashdod_IL,CHL,,0.2988,0.3155,0.6995,0.4577
2021-07-14,Ashdod_IL,CHL,0.4189,0.4189,0.1866,0.4843,0.995
2021-07-15,Ashdod_IL,CHL,0.3889,0.2977,0.2675,0.4852,0.6318
2021-07-16,Ashdod_IL,CHL,0.5451,0.221,0.199,0.5451,0.6915
2021-07-17,Ashdod_IL,CHL,0.1986,0.2321,0.209,0.5864,0.995
2021-07-18,Ashdod_IL,CHL,0.2123,0.2134,0.1651,0.409,0.8756
2021-07-19,Ashdod_IL,CHL,0.3738,0.3624,0.2593,0.4395,0.8557
2021-07-20,Ashdod_IL,CHL,0.7293,0.6139,0.4434,0.8053,0.9104
2021-07-21,Ashdod_IL,CHL,,0.3236,0.2751,0.5055,0.8607
2021-07-22,Ashdod_IL,CHL,0.7138,0.5137,0.2966,0.7138,0.8358
2021-07-25,Ashdod_IL,CHL,0.466,0.4007,0.1691,0.5249,0.9104
2021-07-26,Ashdod_IL,CHL,,0.1123,0.0888,0.1123,0.2438
2021-07-27,Ashdod_IL,CHL,0.5539,0.3072,0.1797,0.6372,0.9104
2021-07-28,Ashdod_IL,CHL,0.6062,0.5329,0.2862,0.7183,0.9254
2021-07-29,Ashdod_IL,CHL,,0.2481,0.1161,0.3579,0.7463
2021-07-30,Ashdod_IL,CHL,,0.0874,0.0937,0.2774,0.7264
2021-07-31,Ashdod_IL,CHL,1.004,1.004,0.4296,1.122,0.9254
2021-08-02,Ashdod_IL,CHL,0.5975,0.2644,0.1992,0.8598,0.9254
2021-08-03,Ashdod_IL,CHL,0.2532,0.2277,0.1469,0.3814,0.995
2021-08-04,Ashdod_IL,CHL,0.2288,0.1119,0.0974,0.2288,0.7413
2021-08-05,Ashdod_IL,CHL,0.3258,0.3103,0.157,0.3635,0.9254
2021-08-07,Ashdod_IL,CHL,0.1139,0.1057,0.0825,0.117,0.9104
2021-08-09,Ashdod_IL,CHL,0.3481,0.3481,0.256,1.242,0.995
2021-08-10,Ashdod_IL,CHL,0.698,0.698,0.2722,0.8897,0.995
2021-08-11,Ashdod_IL,CHL,,0.3641,0.1988,0.6088,0.6866
2021-08-12,Ashdod_IL,CHL,,0.2316,0.1131,0.403,0.796
2021-08-13,Ashdod_IL,CHL,1.192,1.115,0.598,1.542,0.995
2021-08-14,Ashdod_IL,CHL,0.8529,0.5621,0.3127,1.369,0.9154
2021-08-15,Ashdod_IL,CHL,1.202,1.067,0.4326,1.376,0.9254
2021-08-16,Ashdod_IL,CHL,0.4018,0.137,0.146,0.8616,0.9254
2021-08-17,Ashdod_IL,CHL,0.5698,0.4247,0.2962,1.313,0.995
2021-08-18,Ashdod_IL,CHL,1.058,0.9302,0.3733,1.117,0.9254
2021-08-19,Ashdod_IL,CHL,0.6152,0.6152,0.3333,0.9538,0.995
2021-08-20,Ashdod_IL,CHL,0.2525,0.2369,0.128,0.2984,0.796
2021-08-21,Ashdod_IL,CHL,0.2344,0.2344,0.156,0.5751,0.9602
2021-08-23,Ashdod_IL,CHL,0.7777,0.1971,0.1627,1.059,0.9104
2021-08-24,Ashdod_IL,CHL,0.4199,0.289,0.2135,0.8158,0.9254
2021-08-25,Ashdod_IL,CHL,1.031,1.031,0.4341,1.27,1
2021-08-26,Ashdod_IL,CHL,0.3888,0.3773,0.1824,0.6828,0.995
2021-08-28,Ashdod_IL,CHL,,0.0613,0.0608,0.0712,0.398
2021-08-29,Ashdod_IL,CHL,0.2333,0.2942,0.16,0.3447,0.9254
2021-08-30,Ashdod_IL,CHL,0.1747,0.1605,0.1134,0.2294,0.8557
2021-08-31,Ashdod_IL,CHL,0.2311,0.1644,0.1218,0.2977,0.9104
2021-09-01,Ashdod_IL,CHL,0.1552,0.1859,0.1577,0.5286,0.995
2021-09-02,Ashdod_IL,CHL,0.1938,0.1252,0.1022,0.1938,0.8607
2021-09-03,Ashdod_IL,CHL,0.1242,0.2537,0.1951,0.3375,0.995
2021-09-04,Ashdod_IL,CHL,0.2085,0.1773,0.1161,0.3421,0.9254
2021-09-05,Ashdod_IL,CHL,0.3494,0.3494,0.2099,0.5523,0.8806
2021-09-06,Ashdod_IL,CHL,0.352,0.2958,0.1907,0.7597,0.8557
2021-09-07,Ashdod_IL,CHL,0.9188,0.8679,0.3916,1.03,0.995
2021-09-08,Ashdod_IL,CHL,1.041,1.032,0.4173,1.123,0.9104
2021-09-09,Ashdod_IL,CHL,0.9048,0.8969,0.5235,0.9063,0.995
2021-09-11,Ashdod_IL,CHL,,0.1632,0.1106,0.2165,0.607
2021-09-12,Ashdod_IL,CHL,0.2622,0.2622,0.1642,0.4135,0.5771
2021-09-13,Ashdod_IL,CHL,0.2547,0.2547,0.2141,0.5612,0.7562
2021-09-14,Ashdod_IL,CHL,0.2791,0.2135,0.1857,0.6386,0.995
2021-09-15,Ashdod_IL,CHL,0.3318,0.3834,0.2399,0.5144,0.6368
2021-09-16,Ashdod_IL,CHL,0.3236,0.3236,0.2831,0.3236,0.1642
2021-09-17,Ashdod_IL,CHL,0.8878,0.6624,0.2856,0.8878,0.995
2021-09-18,Ashdod_IL,CHL,1.36,1.091,0.6951,1.533,0.995
2021-09-19,Ashdod_IL,CHL,1.61,1.584,0.9342,1.665,0.995
2021-09-20,Ashdod_IL,CHL,0.6468,0.5193,0.3391,0.854,0.9254
2021-09-21,Ashdod_IL,CHL,1.658,1.47,0.6738,2.195,0.9254
2021-09-22,Ashdod_IL,CHL,0.7202,0.7202,0.4405,0.9249,0.3433
2021-09-23,Ashdod_IL,CHL,,0.0637,0.0623,0.0637,0.0498
2021-09-25,Ashdod_IL,CHL,1.259,1.305,0.5508,1.493,0.9254
2021-09-26,Ashdod_IL,CHL,1.343,1.269,0.8819,1.707,0.995
2021-09-28,Ashdod_IL,CHL,1.515,1.353,0.5596,1.515,0.995
2021-09-29,Ashdod_IL,CHL,1.387,1.355,0.5964,1.404,0.8905
2021-09-30,Ashdod_IL,CHL,1.155,1.236,0.6543,1.42,0.9254
2021-10-01,Ashdod_IL,CHL,0.2074,0.2109,0.1776,0.3279,0.5423
2021-10-02,Ashdod_IL,CHL,0.1648,0.2229,0.2093,0.3817,0.4129
2021-10-03,Ashdod_IL,CHL,0.1998,0.2133,0.1575,0.3007,0.9254
2021-10-04,Ashdod_IL,CHL,0.4274,0.3988,0.2045,0.4765,0.9254
2021-10-05,Ashdod_IL,CHL,0.4947,0.4661,0.2077,0.502,0.9254
2021-10-06,Ashdod_IL,CHL,0.6921,0.6558,0.3118,0.7231,0.995
2021-10-07,Ashdod_IL,CHL,0.5281,0.5662,0.4721,1.09,0.995
2021-10-08,Ashdod_IL,CHL,1.246,1.205,0.8889,1.476,0.9254
2021-10-09,Ashdod_IL,CHL,0.4953,0.4953,0.3283,0.6435,0.408
2021-10-10,Ashdod_IL,CHL,1.275,1.069,0.4286,1.303,0.9254
2021-10-11,Ashdod_IL,CHL,1.103,0.8039,0.4182,1.515,0.995
2021-10-12,Ashdod_IL,CHL,,0.1444,0.1424,0.2763,0.1194
2021-10-13,Ashdod_IL,CHL,,0.0591,0.0529,0.0619,0.5572
2021-10-14,Ashdod_IL,CHL,,0.0828,0.0693,0.1466,0.796
2021-10-17,Ashdod_IL,CHL,,0.0574,0.0577,0.1016,0.5522
2021-10-18,Ashdod_IL,CHL,0.0708,0.068,0.0525,0.0819,0.801
2021-10-19,Ashdod_IL,CHL,0.1286,0.1286,0.0567,0.1409,0.393
2021-10-20,Ashdod_IL,CHL,,0.0777,0.0677,0.113,0.398
2021-10-21,Ashdod_IL,CHL,0.4544,0.4409,0.1731,0.4702,0.995
2021-10-22,Ashdod_IL,CHL,0.2886,0.2173,0.0997,0.2886,0.9254
2021-10-23,Ashdod_IL,CHL,,0.0566,0.0552,0.0567,0.2388
2021-10-24,Ashdod_IL,CHL,0.5675,0.3707,0.1869,0.5997,0.9254
2021-10-25,Ashdod_IL,CHL,0.3118,0.2637,0.1176,0.3881,0.995
2021-10-26,Ashdod_IL,CHL,0.1184,0.1184,0.0714,0.188,0.9403
2021-10-27,Ashdod_IL,CHL,,0.1895,0.1357,0.2682,0.8607
2021-10-30,Ashdod_IL,CHL,0.229,0.2486,0.1891,0.2578,0.5473
2021-11-02,Ashdod_IL,CHL,0.1365,0.112,0.0794,0.1509,0.9254
2021-11-03,Ashdod_IL,CHL,0.1284,0.1047,0.0848,0.2269,0.995
2021-11-04,Ashdod_IL,CHL,0.0622,0.0824,0.0707,0.1161,0.995
2021-11-05,Ashdod_IL,CHL,0.1575,0.1368,0.0994,0.1631,0.9254
2021-11-06,Ashdod_IL,CHL,0.1776,0.1776,0.1165,0.194,0.995
2021-11-07,Ashdod_IL,CHL,0.2032,0.1855,0.1145,0.2294,0.995
2021-11-08,Ashdod_IL,CHL,0.2058,0.1757,0.1074,0.2276,0.9254
2021-11-09,Ashdod_IL,CHL,0.3773,0.3677,0.1461,0.4931,0.9303
2021-11-10,Ashdod_IL,CHL,0.2498,0.3128,0.1992,0.6286,0.995
2021-11-11,Ashdod_IL,CHL,0.8358,0.1742,0.209,0.842,0.6318
2021-11-12,Ashdod_IL,CHL,,0.1119,0.1036,0.1136,0.2736
2021-11-13,Ashdod_IL,CHL,0.4587,0.4451,0.229,0.5828,0.995
2021-11-21,Ashdod_IL,CHL,,0.203,0.1629,0.203,0.1791
2021-11-22,Ashdod_IL,CHL,0.8849,0.7938,0.5026,0.9215,0.9104
2021-11-23,Ashdod_IL,CHL,0.5779,0.5195,0.3373,0.6148,0.9254
2021-11-26,Ashdod_IL,CHL,0.2622,0.2622,0.1351,0.6104,0.995
2021-11-27,Ashdod_IL,CHL,0.1329,0.121,0.1018,0.2185,0.9254
2021-11-28,Ashdod_IL,CHL,0.2025,0.2025,0.1567,0.2559,0.8209
2021-11-29,Ashdod_IL,CHL,0.1722,0.1722,0.132,0.1837,0.5274
2021-11-30,Ashdod_IL,CHL,,0.124,0.1189,0.1249,0.5821
2021-12-02,Ashdod_IL,CHL,,0.6222,0.6254,0.65,0.1393
2021-12-09,Ashdod_IL,CHL,,0.0804,0.0804,0.0804,0.0348
2021-12-10,Ashdod_IL,CHL,0.4598,0.4598,0.349,0.4899,0.796
2021-12-11,Ashdod_IL,CHL,0.2832,0.2724,0.1815,0.3177,0.9104
2021-12-15,Ashdod_IL,CHL,0.186,0.1792,0.1356,0.214,0.9254
2021-12-18,Ashdod_IL,CHL,,0.0772,0.0726,0.0772,0.3085
2021-12-19,Ashdod_IL,CHL,0.5571,0.5104,0.2963,0.6238,0.9055
2021-12-26,Ashdod_IL,CHL,0.1874,0.1791,0.1213,0.2597,0.995
2021-12-27,Ashdod_IL,CHL,0.2441,0.2441,0.1581,0.2867,0.9254
2021-01-01,Tel_Aviv_IL,CHL,0.237,0.2044,0.1473,0.237,0.865
2021-01-02,Tel_Aviv_IL,CHL,0.2383,0.1604,0.1565,0.2383,0.34
2021-01-04,Tel_Aviv_IL,CHL,0.1987,0.1451,0.1154,0.2387,0.93
2021-01-07,Tel_Aviv_IL,CHL,0.2106,0.1862,0.146,0.2475,0.93
2021-01-08,Tel_Aviv_IL,CHL,0.1408,0.1408,0.0961,0.1931,0.93
2021-01-09,Tel_Aviv_IL,CHL,0.1461,0.1461,0.0964,0.1664,0.93
2021-01-10,Tel_Aviv_IL,CHL,0.2341,0.2243,0.1522,0.2712,0.93
2021-01-11,Tel_Aviv_IL,CHL,0.1845,0.1229,0.1075,0.2087,0.88
2021-01-20,Tel_Aviv_IL,CHL,0.9217,0.8564,0.3891,0.9217,0.63
2021-01-21,Tel_Aviv_IL,CHL,1.161,1.161,0.4964,1.266,0.8
2021-01-22,Tel_Aviv_IL,CHL,1.179,0.9789,0.425,1.3,1
2021-01-23,Tel_Aviv_IL,CHL,0.3748,0.4527,0.2935,0.7209,1
2021-01-24,Tel_Aviv_IL,CHL,0.3068,0.2619,0.1445,0.4038,1
2021-01-25,Tel_Aviv_IL,CHL,0.3253,0.296,0.1798,0.4492,0.93
2021-01-29,Tel_Aviv_IL,CHL,0.6425,0.6425,0.3591,0.6425,0.23
2021-01-30,Tel_Aviv_IL,CHL,,0.0836,0.0824,0.0836,0.08
2021-01-31,Tel_Aviv_IL,CHL,,0.1963,0.1632,0.2441,0.59
2021-02-01,Tel_Aviv_IL,CHL,0.2002,0.2113,0.2022,0.4126,1
2021-02-06,Tel_Aviv_IL,CHL,0.2906,0.2906,0.2063,0.475,0.79
2021-02-07,Tel_Aviv_IL,CHL,0.1198,0.0997,0.0843,0.1739,0.93
2021-02-09,Tel_Aviv_IL,CHL,0.059,0.0571,0.0631,0.1305,1
2021-02-10,Tel_Aviv_IL,CHL,0.041,0.0477,0.0546,0.164,1
2021-02-11,Tel_Aviv_IL,CHL,0.0882,0.0882,0.0607,0.1057,0.93
2021-02-12,Tel_Aviv_IL,CHL,0.1002,0.0927,0.0758,0.1002,0.36
2021-02-13,Tel_Aviv_IL,CHL,0.0799,0.0748,0.057,0.0985,0.93
2021-02-14,Tel_Aviv_IL,CHL,0.0785,0.0616,0.056,0.081,0.93
2021-02-15,Tel_Aviv_IL,CHL,0.0737,0.0635,0.06,0.1001,0.93
2021-02-16,Tel_Aviv_IL,CHL,,0.066,0.0637,0.0978,0.42
2021-02-18,Tel_Aviv_IL,CHL,,0.1652,0.1569,0.1652,0.125
2021-02-20,Tel_Aviv_IL,CHL,1.039,1.039,0.6309,1.337,0.52
2021-02-21,Tel_Aviv_IL,CHL,1.159,1.11,0.7428,1.291,1
2021-02-22,Tel_Aviv_IL,CHL,1.236,1.021,0.7452,1.263,1
2021-02-24,Tel_Aviv_IL,CHL,0.4693,0.441,0.3465,1.057,1
2021-02-25,Tel_Aviv_IL,CHL,1.654,1.467,0.8896,1.654,0.455
2021-02-26,Tel_Aviv_IL,CHL,0.9816,0.868,0.5396,1.353,1
2021-02-27,Tel_Aviv_IL,CHL,1.107,0.7546,0.4211,1.161,0.93
2021-02-28,Tel_Aviv_IL,CHL,0.5321,0.4026,0.3243,1.154,1
2021-03-02,Tel_Aviv_IL,CHL,0.6549,0.4925,0.26,0.7858,0.635
2021-03-04,Tel_Aviv_IL,CHL,0.1755,0.1755,0.1157,0.2564,0.44
2021-03-05,Tel_Aviv_IL,CHL,0.1912,0.1603,0.109,0.2463,0.83
2021-03-06,Tel_Aviv_IL,CHL,0.612,0.6442,0.2921,0.9461,0.93
2021-03-08,Tel_Aviv_IL,CHL,0.2828,0.2828,0.183,0.4221,0.29
2021-03-12,Tel_Aviv_IL,CHL,,0.0631,0.0594,0.0702,0.475
2021-03-13,Tel_Aviv_IL,CHL,0.9755,0.9206,0.362,1.141,0.93
2021-03-16,Tel_Aviv_IL,CHL,0.7221,0.5405,0.2466,1.142,0.93
2021-03-17,Tel_Aviv_IL,CHL,0.5498,0.4709,0.2959,1.168,1
2021-03-18,Tel_Aviv_IL,CHL,0.536,0.501,0.2238,1.008,0.93
2021-03-19,Tel_Aviv_IL,CHL,0.7834,0.5682,0.3742,1.316,1
2021-03-25,Tel_Aviv_IL,CHL,,0.0972,0.0959,0.0972,0.07
2021-03-27,Tel_Aviv_IL,CHL,1.179,1.122,0.721,1.328,0.93
2021-03-28,Tel_Aviv_IL,CHL,1.143,0.9643,0.5854,1.312,0.93
2021-03-29,Tel_Aviv_IL,CHL,1.077,1.052,0.7017,1.605,1
2021-03-31,Tel_Aviv_IL,CHL,0.533,0.6391,0.5529,0.6391,0.265
2021-04-01,Tel_Aviv_IL,CHL,1.037,0.9531,0.5845,1.162,0.93
2021-04-03,Tel_Aviv_IL,CHL,0.9266,0.8237,0.6546,1.073,0.435
2021-04-04,Tel_Aviv_IL,CHL,1.018,0.9471,0.6368,1.053,0.93
2021-04-06,Tel_Aviv_IL,CHL,,0.2427,0.2152,0.2427,0.21
2021-04-08,Tel_Aviv_IL,CHL,0.5166,0.7433,0.5046,0.8517,0.93
2021-04-09,Tel_Aviv_IL,CHL,,0.2166,0.1669,0.3106,0.395
2021-04-10,Tel_Aviv_IL,CHL,,0.1355,0.1164,0.1664,0.365
2021-04-12,Tel_Aviv_IL,CHL,1.276,1.366,0.8543,1.699,0.93
2021-04-13,Tel_Aviv_IL,CHL,1.161,1.161,0.7537,1.263,0.93
2021-04-14,Tel_Aviv_IL,CHL,0.8287,0.9097,0.7107,0.9781,0.88
2021-04-15,Tel_Aviv_IL,CHL,1.126,1.06,0.9006,1.215,0.88
2021-04-17,Tel_Aviv_IL,CHL,0.7363,0.6309,0.5364,1.123,1
2021-04-19,Tel_Aviv_IL,CHL,,0.1391,0.1348,0.1391,0.08
2021-04-21,Tel_Aviv_IL,CHL,0.2619,0.4179,0.3355,0.4179,0.13
2021-04-22,Tel_Aviv_IL,CHL,,0.1359,0.1015,0.2143,0.8
2021-04-25,Tel_Aviv_IL,CHL,0.1998,0.1777,0.1487,0.3971,1
2021-04-27,Tel_Aviv_IL,CHL,0.1587,0.1401,0.1081,0.2806,0.93
2021-04-28,Tel_Aviv_IL,CHL,0.2126,0.205,0.1259,0.3184,0.93
2021-05-01,Tel_Aviv_IL,CHL,0.2025,0.1922,0.1245,0.3777,1
2021-05-02,Tel_Aviv_IL,CHL,,0.0746,0.0662,0.1111,0.555
2021-05-03,Tel_Aviv_IL,CHL,,0.0957,0.0855,0.1287,0.67
2021-05-05,Tel_Aviv_IL,CHL,0.1586,0.1168,0.0892,0.1586,0.865
2021-05-06,Tel_Aviv_IL,CHL,,0.0816,0.0672,0.0896,0.59
2021-05-07,Tel_Aviv_IL,CHL,0.1222,0.1222,0.0839,0.1395,0.895
2021-05-08,Tel_Aviv_IL,CHL,,0.0663,0.0616,0.0722,0.15
2021-05-11,Tel_Aviv_IL,CHL,0.2808,0.1435,0.1127,0.2808,0.865
2021-05-12,Tel_Aviv_IL,CHL,0.2862,0.1903,0.136,0.3164,0.93
2021-05-13,Tel_Aviv_IL,CHL,0.2172,0.1954,0.0957,0.2836,0.93
2021-05-14,Tel_Aviv_IL,CHL,0.2776,0.2466,0.1575,0.5414,1
2021-05-15,Tel_Aviv_IL,CHL,0.2124,0.1973,0.1131,0.2855,1
2021-05-16,Tel_Aviv_IL,CHL,,0.1116,0.0793,0.146,0.655
2021-05-17,Tel_Aviv_IL,CHL,0.1961,0.1912,0.1119,0.2354,0.93
2021-05-18,Tel_Aviv_IL,CHL,0.1457,0.1334,0.0984,0.3234,1
2021-05-19,Tel_Aviv_IL,CHL,0.1772,0.164,0.1064,0.2906,0.915
2021-05-22,Tel_Aviv_IL,CHL,,0.0579,0.0576,0.0579,0.015
2021-05-23,Tel_Aviv_IL,CHL,,0.1138,0.0829,0.1416,0.645
2021-05-24,Tel_Aviv_IL,CHL,0.2029,0.1357,0.0967,0.2823,1
2021-05-25,Tel_Aviv_IL,CHL,0.2868,0.3025,0.2133,0.418,0.93
2021-05-26,Tel_Aviv_IL,CHL,0.4537,0.4741,0.3527,0.5604,0.88
2021-05-27,Tel_Aviv_IL,CHL,0.4443,0.3837,0.1662,0.5183,0.88
2021-05-28,Tel_Aviv_IL,CHL,0.4854,0.4275,0.1807,0.4854,0.93
2021-05-29,Tel_Aviv_IL,CHL,,0.097,0.0681,0.1929,0.68
2021-05-30,Tel_Aviv_IL,CHL,0.4064,0.36,0.1506,0.4064,1
2021-06-01,Tel_Aviv_IL,CHL,0.24,0.2209,0.1191,0.2935,0.915
2021-06-02,Tel_Aviv_IL,CHL,0.1961,0.1961,0.1073,0.2022,0.865
2021-06-03,Tel_Aviv_IL,CHL,0.2276,0.202,0.0989,0.2276,0.865
2021-06-04,Tel_Aviv_IL,CHL,,0.0602,0.0509,0.0602,0.205
2021-06-05,Tel_Aviv_IL,CHL,0.3176,0.2561,0.1554,0.4015,1
2021-06-06,Tel_Aviv_IL,CHL,0.2616,0.2153,0.1401,0.3761,1
2021-06-07,Tel_Aviv_IL,CHL,0.3411,0.2535,0.1594,0.7067,1
2021-06-08,Tel_Aviv_IL,CHL,,0.0404,0.039,0.0404,0.015
2021-06-09,Tel_Aviv_IL,CHL,0.1946,0.1995,0.1158,0.1997,0.88
2021-06-10,Tel_Aviv_IL,CHL,0.2568,0.2568,0.1555,0.3009,0.93
2021-06-11,Tel_Aviv_IL,CHL,,0.1525,0.0931,0.1695,0.59
2021-06-12,Tel_Aviv_IL,CHL,,0.1396,0.1089,0.1556,0.8
2021-06-13,Tel_Aviv_IL,CHL,,0.2435,0.2233,0.2455,0.8
2021-06-14,Tel_Aviv_IL,CHL,0.1776,0.175,0.1597,0.2236,0.93
2021-06-15,Tel_Aviv_IL,CHL,0.1215,0.1326,0.1269,0.1753,0.93
2021-06-16,Tel_Aviv_IL,CHL,,0.0811,0.0741,0.0827,0.36
2021-06-17,Tel_Aviv_IL,CHL,0.1367,0.1155,0.1082,0.2315,0.785
2021-06-18,Tel_Aviv_IL,CHL,0.1927,0.1764,0.1433,0.2938,1
2021-06-19,Tel_Aviv_IL,CHL,,0.0865,0.0748,0.0876,0.39
2021-06-20,Tel_Aviv_IL,CHL,0.0828,0.0979,0.1149,0.3629,1
2021-06-21,Tel_Aviv_IL,CHL,0.0979,0.2318,0.1571,0.2564,0.93
2021-06-22,Tel_Aviv_IL,CHL,0.3256,0.3108,0.269,0.4365,1
2021-06-23,Tel_Aviv_IL,CHL,0.3305,0.33,0.2264,0.3946,0.92
2021-06-24,Tel_Aviv_IL,CHL,0.3261,0.3543,0.2256,0.5053,1
2021-06-25,Tel_Aviv_IL,CHL,0.3364,0.3693,0.1836,0.4212,0.93
2021-06-26,Tel_Aviv_IL,CHL,0.3597,0.3486,0.2112,0.5345,1
2021-06-28,Tel_Aviv_IL,CHL,0.226,0.1496,0.0926,0.2922,1
2021-06-29,Tel_Aviv_IL,CHL,0.1045,0.0689,0.0541,0.1049,0.93
2021-06-30,Tel_Aviv_IL,CHL,0.096,0.0736,0.0564,0.096,0.865
2021-07-01,Tel_Aviv_IL,CHL,0.1018,0.0622,0.0563,0.132,0.815
2021-07-02,Tel_Aviv_IL,CHL,0.1264,0.1072,0.0738,0.1469,0.62
2021-07-04,Tel_Aviv_IL,CHL,0.0719,0.0736,0.0682,0.2457,1
2021-07-05,Tel_Aviv_IL,CHL,,0.0717,0.0633,0.0717,0.18
2021-07-06,Tel_Aviv_IL,CHL,0.5709,0.5709,0.3447,0.7247,0.795
2021-07-07,Tel_Aviv_IL,CHL,0.4163,0.4181,0.2874,0.8233,1
2021-07-08,Tel_Aviv_IL,CHL,0.4079,0.3334,0.2412,0.5809,0.93
2021-07-09,Tel_Aviv_IL,CHL,0.3032,0.3483,0.2543,0.3574,0.88
2021-07-11,Tel_Aviv_IL,CHL,0.365,0.3374,0.2715,0.502,1
2021-07-12,Tel_Aviv_IL,CHL,0.3716,0.3565,0.1515,0.3771,0.93
2021-07-14,Tel_Aviv_IL,CHL,0.0973,0.0973,0.0883,0.2693,1
2021-07-16,Tel_Aviv_IL,CHL,,0.1787,0.1174,0.2566,0.605
2021-07-17,Tel_Aviv_IL,CHL,0.6019,0.3797,0.2582,0.7768,1
2021-07-18,Tel_Aviv_IL,CHL,0.5163,0.2859,0.1854,0.5163,0.865
2021-07-19,Tel_Aviv_IL,CHL,0.4378,0.384,0.2395,0.5016,0.93
2021-07-20,Tel_Aviv_IL,CHL,0.5226,0.4121,0.2811,0.5226,0.865
2021-07-21,Tel_Aviv_IL,CHL,,0.1136,0.0927,0.1473,0.475
2021-07-22,Tel_Aviv_IL,CHL,,0.1088,0.1031,0.3988,0.785
2021-07-23,Tel_Aviv_IL,CHL,,0.1215,0.0965,0.1308,0.735
2021-07-25,Tel_Aviv_IL,CHL,,0.4295,0.3887,0.836,0.725
2021-07-28,Tel_Aviv_IL,CHL,,0.1845,0.1277,0.2652,0.735
2021-07-29,Tel_Aviv_IL,CHL,,0.1977,0.1814,0.2442,0.54
2021-07-30,Tel_Aviv_IL,CHL,,0.1193,0.1072,0.1222,0.145
2021-07-31,Tel_Aviv_IL,CHL,0.9661,0.9661,0.3533,1.206,0.93
2021-08-02,Tel_Aviv_IL,CHL,0.4162,0.4564,0.3213,0.6307,0.93
2021-08-03,Tel_Aviv_IL,CHL,0.3043,0.2743,0.171,0.3725,0.93
2021-08-04,Tel_Aviv_IL,CHL,0.3221,0.2448,0.1716,0.3221,0.865
2021-08-05,Tel_Aviv_IL,CHL,0.2895,0.2387,0.1253,0.3603,0.88
2021-08-07,Tel_Aviv_IL,CHL,0.1372,0.1427,0.1334,0.5971,0.95
2021-08-09,Tel_Aviv_IL,CHL,0.2082,0.1681,0.1773,0.722,1
2021-08-10,Tel_Aviv_IL,CHL,0.7794,0.277,0.2274,0.7794,0.845
2021-08-11,Tel_Aviv_IL,CHL,0.3647,0.3742,0.3589,1.334,0.875
2021-08-12,Tel_Aviv_IL,CHL,0.5557,0.4491,0.1966,0.5557,0.865
2021-08-13,Tel_Aviv_IL,CHL,1.033,0.6375,0.3162,1.033,1
2021-08-14,Tel_Aviv_IL,CHL,0.4062,0.3197,0.2014,0.7326,0.915
2021-08-15,Tel_Aviv_IL,CHL,0.6109,0.5624,0.242,0.9583,0.93
2021-08-16,Tel_Aviv_IL,CHL,0.7882,0.8733,0.422,1.149,0.93
2021-08-17,Tel_Aviv_IL,CHL,1.181,1.559,1.128,1.969,0.93
2021-08-18,Tel_Aviv_IL,CHL,1.252,1.13,0.7112,1.252,0.795
2021-08-19,Tel_Aviv_IL,CHL,0.5423,0.5793,0.4988,0.7618,0.93
2021-08-20,Tel_Aviv_IL,CHL,0.3587,0.2261,0.1622,0.3587,0.865
2021-08-21,Tel_Aviv_IL,CHL,0.6508,0.6496,0.4329,0.8404,0.66
2021-08-23,Tel_Aviv_IL,CHL,0.3077,0.2533,0.1995,0.3306,0.805
2021-08-24,Tel_Aviv_IL,CHL,0.3003,0.3031,0.2177,0.3481,0.93
2021-08-25,Tel_Aviv_IL,CHL,0.5373,0.5373,0.3331,0.6395,0.93
2021-08-26,Tel_Aviv_IL,CHL,0.4298,0.4298,0.2783,0.5176,0.93
2021-08-28,Tel_Aviv_IL,CHL,,0.0669,0.0669,0.0669,0.01
2021-08-29,Tel_Aviv_IL,CHL,0.3411,0.4156,0.3776,0.4633,0.93
2021-08-30,Tel_Aviv_IL,CHL,0.353,0.3244,0.2701,0.6461,1
2021-08-31,Tel_Aviv_IL,CHL,0.4652,0.4239,0.3324,0.5199,0.88
2021-09-01,Tel_Aviv_IL,CHL,0.3257,0.3371,0.323,0.8075,0.93
2021-09-02,Tel_Aviv_IL,CHL,0.3233,0.3176,0.27,0.572,0.93
2021-09-03,Tel_Aviv_IL,CHL,0.2875,0.2887,0.215,0.538,1
2021-09-04,Tel_Aviv_IL,CHL,0.0953,0.1515,0.1191,0.2224,0.93
2021-09-05,Tel_Aviv_IL,CHL,0.2323,0.1815,0.1617,0.5051,1
2021-09-06,Tel_Aviv_IL,CHL,0.2499,0.2499,0.1965,0.4219,0.48
2021-09-07,Tel_Aviv_IL,CHL,0.4418,0.3498,0.194,0.6006,0.93
2021-09-08,Tel_Aviv_IL,CHL,0.4847,0.2772,0.2694,1.065,1
2021-09-09,Tel_Aviv_IL,CHL,0.6432,0.3869,0.3084,1.021,0.93
2021-09-10,Tel_Aviv_IL,CHL,,0.1199,0.1046,0.1246,0.445
2021-09-11,Tel_Aviv_IL,CHL,,0.1567,0.1066,0.1685,0.605
2021-09-12,Tel_Aviv_IL,CHL,,0.0706,0.067,0.0941,0.405
2021-09-13,Tel_Aviv_IL,CHL,0.2915,0.2408,0.1722,0.6392,1
2021-09-15,Tel_Aviv_IL,CHL,0.2203,0.1934,0.1243,0.3668,0.705
2021-09-16,Tel_Aviv_IL,CHL,0.2551,0.1652,0.1345,0.2551,0.335
2021-09-17,Tel_Aviv_IL,CHL,0.2713,0.1813,0.1358,0.5741,1
2021-09-18,Tel_Aviv_IL,CHL,0.6882,0.6932,0.2767,0.8929,1
2021-09-19,Tel_Aviv_IL,CHL,0.7753,0.3572,0.2166,0.8157,1
2021-09-20,Tel_Aviv_IL,CHL,0.4648,0.2829,0.1732,0.5812,0.93
2021-09-21,Tel_Aviv_IL,CHL,0.5219,0.5629,0.499,1.14,0.93
2021-09-23,Tel_Aviv_IL,CHL,,1.224,0.7432,1.321,0.65
2021-09-24,Tel_Aviv_IL,CHL,,0.1898,0.1295,0.3173,0.62
2021-09-25,Tel_Aviv_IL,CHL,1.22,1.014,0.5159,1.333,1
2021-09-26,Tel_Aviv_IL,CHL,1.165,0.8452,0.4846,1.612,1
2021-09-28,Tel_Aviv_IL,CHL,1.695,1.695,1.048,2.066,0.545
2021-09-29,Tel_Aviv_IL,CHL,1.357,1.357,0.8705,1.452,0.39
2021-09-30,Tel_Aviv_IL,CHL,1.395,1.245,0.7507,1.62,1
2021-10-01,Tel_Aviv_IL,CHL,0.2799,0.2539,0.1845,0.385,0.8
2021-10-02,Tel_Aviv_IL,CHL,0.7813,0.4803,0.3273,0.7813,0.865
2021-10-03,Tel_Aviv_IL,CHL,0.5739,0.2877,0.2291,0.5739,0.83
2021-10-04,Tel_Aviv_IL,CHL,0.8225,0.6885,0.4643,1.325,1
2021-10-05,Tel_Aviv_IL,CHL,0.5706,0.4169,0.3585,1.28,0.93
2021-10-06,Tel_Aviv_IL,CHL,0.1804,0.2271,0.2528,1.139,1
2021-10-07,Tel_Aviv_IL,CHL,0.4662,0.589,0.3394,0.7571,1
2021-10-08,Tel_Aviv_IL,CHL,0.6466,0.5556,0.2676,0.6967,0.93
2021-10-09,Tel_Aviv_IL,CHL,,0.1417,0.1417,0.1417,0.065
2021-10-10,Tel_Aviv_IL,CHL,0.1261,0.0982,0.0833,0.2468,1
2021-10-11,Tel_Aviv_IL,CHL,0.138,0.084,0.0667,0.1758,1
2021-10-13,Tel_Aviv_IL,CHL,0.1316,0.0999,0.0709,0.1316,0.865
2021-10-14,Tel_Aviv_IL,CHL,,0.0732,0.0599,0.0895,0.735
2021-10-15,Tel_Aviv_IL,CHL,,0.0695,0.0606,0.0878,0.67
2021-10-16,Tel_Aviv_IL,CHL,0.1264,0.1264,0.1313,0.1524,0.08
2021-10-17,Tel_Aviv_IL,CHL,0.1213,0.0813,0.0653,0.1213,0.855
2021-10-18,Tel_Aviv_IL,CHL,,0.0479,0.0455,0.0702,0.865
2021-10-19,Tel_Aviv_IL,CHL,0.0682,0.061,0.0505,0.0762,0.765
2021-10-21,Tel_Aviv_IL,CHL,0.2026,0.2027,0.1151,0.2689,1
2021-10-22,Tel_Aviv_IL,CHL,0.198,0.2006,0.1245,0.2164,0.93
2021-10-23,Tel_Aviv_IL,CHL,0.1847,0.2507,0.1546,0.2589,0.59
2021-10-24,Tel_Aviv_IL,CHL,0.1663,0.1663,0.1176,0.2101,0.93
2021-10-25,Tel_Aviv_IL,CHL,0.2557,0.2268,0.1322,0.2586,1
2021-10-26,Tel_Aviv_IL,CHL,0.3383,0.1864,0.1215,0.3383,0.88
2021-10-27,Tel_Aviv_IL,CHL,0.1609,0.0981,0.0769,0.1705,0.88
2021-10-30,Tel_Aviv_IL,CHL,0.0878,0.0555,0.0578,0.1227,0.93
2021-11-02,Tel_Aviv_IL,CHL,0.1464,0.1375,0.1071,0.169,0.93
2021-11-03,Tel_Aviv_IL,CHL,0.08,0.0909,0.0926,0.3077,0.955
2021-11-04,Tel_Aviv_IL,CHL,0.1842,0.1061,0.0911,0.2054,1
2021-11-05,Tel_Aviv_IL,CHL,0.1036,0.1023,0.0752,0.1452,0.93
2021-11-06,Tel_Aviv_IL,CHL,0.1401,0.1059,0.0968,0.2471,1
2021-11-07,Tel_Aviv_IL,CHL,0.115,0.0977,0.0863,0.2283,1
2021-11-08,Tel_Aviv_IL,CHL,0.1309,0.1215,0.0759,0.1448,0.93
2021-11-09,Tel_Aviv_IL,CHL,0.1589,0.1447,0.1034,0.4817,1
2021-11-10,Tel_Aviv_IL,CHL,0.2169,0.1986,0.1287,0.2337,0.93
2021-11-11,Tel_Aviv_IL,CHL,0.207,0.2333,0.1764,0.4974,1
2021-11-12,Tel_Aviv_IL,CHL,0.3013,0.2866,0.1731,0.3013,0.565
2021-11-23,Tel_Aviv_IL,CHL,0.242,0.2093,0.2132,0.5696,1
2021-11-24,Tel_Aviv_IL,CHL,0.3633,0.3633,0.2612,0.3833,0.865
2021-11-25,Tel_Aviv_IL,CHL,0.4074,0.4062,0.3246,0.4074,0.325
2021-11-26,Tel_Aviv_IL,CHL,0.5563,0.3585,0.3508,0.8692,1
2021-11-27,Tel_Aviv_IL,CHL,0.5764,0.526,0.2918,0.6003,0.93
2021-11-28,Tel_Aviv_IL,CHL,0.3295,0.3176,0.2372,0.4657,0.93
2021-11-29,Tel_Aviv_IL,CHL,0.2877,0.3311,0.2712,0.3679,0.93
2021-12-02,Tel_Aviv_IL,CHL,,0.4306,0.2321,0.6181,0.735
2021-12-10,Tel_Aviv_IL,CHL,0.7641,0.7276,0.5802,0.85,0.93
2021-12-11,Tel_Aviv_IL,CHL,0.5035,0.2755,0.2551,0.6339,0.915
2021-12-15,Tel_Aviv_IL,CHL,0.4287,0.3505,0.2191,0.4376,0.88
2021-12-19,Tel_Aviv_IL,CHL,0.4713,0.4713,0.4244,0.4713,0.13
2021-12-24,Tel_Aviv_IL,CHL,,0.0691,0.0687,0.0691,0.015
2021-12-25,Tel_Aviv_IL,CHL,0.4117,0.4117,0.3238,0.7853,0.39
2021-12-26,Tel_Aviv_IL,CHL,0.3174,0.1826,0.146,0.4741,1
2021-12-27,Tel_Aviv_IL,CHL,0.2473,0.1765,0.1575,0.4325,1
2021-01-01,Hadera_IL,CHL,,0.1489,0.1198,0.1653,0.6667
2021-01-02,Hadera_IL,CHL,0.168,0.168,0.1295,0.168,0.2687
2021-01-04,Hadera_IL,CHL,0.183,0.1706,0.119,0.183,0.9403
2021-01-07,Hadera_IL,CHL,0.1641,0.148,0.1208,0.1681,0.9403
2021-01-08,Hadera_IL,CHL,0.1953,0.1953,0.1534,0.2262,0.9403
2021-01-09,Hadera_IL,CHL,0.1692,0.1651,0.1266,0.1725,0.8756
2021-01-10,Hadera_IL,CHL,0.1721,0.1673,0.1299,0.1721,0.8756
2021-01-11,Hadera_IL,CHL,0.1551,0.1551,0.1173,0.1824,0.8159
2021-01-15,Hadera_IL,CHL,0.1827,0.2948,0.2344,0.2948,0.1841
2021-01-20,Hadera_IL,CHL,,0.4112,0.4112,0.4112,0.0597
2021-01-21,Hadera_IL,CHL,0.9848,0.9848,0.7268,1.22,0.7861
2021-01-22,Hadera_IL,CHL,0.4353,0.4353,0.3135,0.8153,1
2021-01-23,Hadera_IL,CHL,0.2451,0.2451,0.1924,0.4179,0.9403
2021-01-24,Hadera_IL,CHL,0.2473,0.2175,0.1365,0.2473,0.9403
2021-01-25,Hadera_IL,CHL,0.1181,0.1243,0.1158,0.2103,0.9652
2021-01-29,Hadera_IL,CHL,,0.0611,0.0607,0.0613,0.0846
2021-02-01,Hadera_IL,CHL,0.2837,0.2815,0.2093,0.3031,0.9652
2021-02-06,Hadera_IL,CHL,0.1343,0.1343,0.1106,0.3924,0.9652
2021-02-07,Hadera_IL,CHL,0.1189,0.1189,0.0935,0.1653,0.7363
2021-02-09,Hadera_IL,CHL,0.1325,0.1325,0.0966,0.3288,0.9751
2021-02-10,Hadera_IL,CHL,0.0635,0.0571,0.0569,0.0863,0.9403
2021-02-11,Hadera_IL,CHL,0.0609,0.0569,0.0536,0.076,0.9403
2021-02-12,Hadera_IL,CHL,0.0688,0.0595,0.0562,0.0839,0.9403
2021-02-13,Hadera_IL,CHL,0.0469,0.0509,0.0495,0.0763,0.806
2021-02-14,Hadera_IL,CHL,0.0907,0.0907,0.0639,0.1586,0.9751
2021-02-15,Hadera_IL,CHL,0.0757,0.0739,0.06,0.0838,0.8756
2021-02-18,Hadera_IL,CHL,0.6411,0.508,0.2984,0.7686,0.8159
2021-02-19,Hadera_IL,CHL,,0.0558,0.0551,0.0558,0.1343
2021-02-20,Hadera_IL,CHL,0.1978,0.1403,0.1197,0.5953,0.8756
2021-02-21,Hadera_IL,CHL,0.6815,0.6815,0.2748,0.9811,0.9652
2021-02-22,Hadera_IL,CHL,0.6687,0.6245,0.2929,0.8281,0.9403
2021-02-23,Hadera_IL,CHL,0.3646,0.2104,0.1504,0.3646,0.6318
2021-02-24,Hadera_IL,CHL,0.4573,0.4573,0.2341,0.9738,0.9652
2021-02-25,Hadera_IL,CHL,0.2124,0.1594,0.0911,0.2124,0.7164
2021-02-26,Hadera_IL,CHL,0.7607,0.4374,0.1947,0.7607,0.9005
2021-02-27,Hadera_IL,CHL,0.399,0.332,0.2179,0.7215,0.9403
2021-02-28,Hadera_IL,CHL,0.2516,0.2516,0.1932,0.7597,1
2021-03-03,Hadera_IL,CHL,0.1078,0.1078,0.0882,0.1537,0.5075
2021-03-04,Hadera_IL,CHL,,0.0664,0.0664,0.0664,0.0199
2021-03-05,Hadera_IL,CHL,,0.0597,0.0557,0.0854,0.6617
2021-03-06,Hadera_IL,CHL,0.3049,0.3049,0.17,0.6391,0.9652
2021-03-08,Hadera_IL,CHL,,0.0644,0.0644,0.0644,0.0199
2021-03-10,Hadera_IL,CHL,,0.0751,0.0682,0.0806,0.5721
2021-03-12,Hadera_IL,CHL,,0.0664,0.0607,0.069,0.3383
2021-03-13,Hadera_IL,CHL,0.6758,0.4351,0.2772,1.065,0.9403
2021-03-16,Hadera_IL,CHL,0.412,0.2316,0.1399,0.5232,0.8756
2021-03-17,Hadera_IL,CHL,0.2078,0.2765,0.1632,0.3054,0.4577
2021-03-18,Hadera_IL,CHL,0.1269,0.1269,0.1052,0.4932,0.9652
2021-03-19,Hadera_IL,CHL,0.0957,0.0706,0.0796,0.3355,0.9104
2021-03-21,Hadera_IL,CHL,,0.0517,0.0517,0.0533,0.1294
2021-03-25,Hadera_IL,CHL,0.3297,0.4472,0.2491,0.9622,0.8209
2021-03-27,Hadera_IL,CHL,0.639,0.6718,0.3645,0.9088,0.9652
2021-03-28,Hadera_IL,CHL,0.2499,0.3236,0.1916,0.3833,0.9403
2021-03-29,Hadera_IL,CHL,0.4509,0.4509,0.3131,1.059,0.9652
2021-03-30,Hadera_IL,CHL,0.5347,0.4823,0.2604,0.6368,0.8756
2021-03-31,Hadera_IL,CHL,0.2756,0.2756,0.2076,0.2828,0.4229
2021-04-01,Hadera_IL,CHL,0.4825,0.5284,0.3707,0.568,0.8756
2021-04-03,Hadera_IL,CHL,0.5019,0.4214,0.2656,0.5471,0.8756
2021-04-04,Hadera_IL,CHL,0.7522,0.7077,0.3757,0.8177,0.8756
2021-04-06,Hadera_IL,CHL,,0.173,0.1099,0.1851,0.5721
2021-04-08,Hadera_IL,CHL,,0.1164,0.0899,0.1503,0.607
2021-04-09,Hadera_IL,CHL,,0.0778,0.0674,0.0795,0.2736
2021-04-12,Hadera_IL,CHL,0.6299,0.8364,0.4787,1.113,0.9652
2021-04-13,Hadera_IL,CHL,0.8023,0.7133,0.446,0.8023,0.9403
2021-04-14,Hadera_IL,CHL,0.5298,0.6121,0.4758,0.6548,0.8756
2021-04-15,Hadera_IL,CHL,0.757,0.6439,0.4908,0.8855,0.8756
2021-04-16,Hadera_IL,CHL,0.267,0.2486,0.2013,0.3061,0.8756
2021-04-17,Hadera_IL,CHL,0.2435,0.2112,0.1769,0.2578,0.8756
2021-04-22,Hadera_IL,CHL,0.1279,0.0917,0.08,0.1279,0.8159
2021-04-23,Hadera_IL,CHL,,0.0935,0.0853,0.127,0.6318
2021-04-25,Hadera_IL,CHL,0.1168,0.1009,0.1027,0.192,0.9403
2021-04-27,Hadera_IL,CHL,0.0809,0.0769,0.0844,0.2912,0.9403
2021-04-28,Hadera_IL,CHL,0.1195,0.1059,0.1038,0.3188,0.9403
2021-04-29,Hadera_IL,CHL,0.1908,0.1908,0.1187,0.307,0.9652
2021-05-01,Hadera_IL,CHL,0.1713,0.187,0.1125,0.4571,0.9751
2021-05-02,Hadera_IL,CHL,,0.0625,0.0592,0.0672,0.4478
2021-05-03,Hadera_IL,CHL,,0.0706,0.0682,0.0706,0.204
2021-05-05,Hadera_IL,CHL,,0.0583,0.0538,0.0669,0.7562
2021-05-07,Hadera_IL,CHL,0.0485,0.0442,0.0413,0.0755,0.9403
2021-05-10,Hadera_IL,CHL,,0.0462,0.0428,0.0478,0.2388
2021-05-11,Hadera_IL,CHL,0.0637,0.0508,0.0474,0.0637,0.7811
2021-05-12,Hadera_IL,CHL,0.0723,0.0673,0.0575,0.1124,0.9403
2021-05-13,Hadera_IL,CHL,0.0736,0.0707,0.0557,0.1199,0.8756
2021-05-14,Hadera_IL,CHL,0.1479,0.1346,0.0865,0.1717,0.9403
2021-05-15,Hadera_IL,CHL,0.1507,0.1507,0.0984,0.2981,0.9154
2021-05-17,Hadera_IL,CHL,,0.0608,0.0521,0.0661,0.3682
2021-05-18,Hadera_IL,CHL,0.0914,0.0914,0.0653,0.0984,0.8358
2021-05-19,Hadera_IL,CHL,0.1307,0.1161,0.0883,0.1968,0.9403
2021-05-22,Hadera_IL,CHL,,0.0768,0.0728,0.0815,0.2786
2021-05-23,Hadera_IL,CHL,0.1229,0.1229,0.1085,0.1229,0.1493
2021-05-24,Hadera_IL,CHL,0.1347,0.1347,0.114,0.3207,1
2021-05-25,Hadera_IL,CHL,0.2389,0.1905,0.1129,0.2389,0.8756
2021-05-26,Hadera_IL,CHL,0.2311,0.187,0.1087,0.2311,0.9403
2021-05-27,Hadera_IL,CHL,0.2137,0.1387,0.0904,0.2137,0.8159
2021-05-28,Hadera_IL,CHL,0.3916,0.3904,0.2864,0.4619,0.6318
2021-05-29,Hadera_IL,CHL,,0.0805,0.0691,0.0805,0.1841
2021-05-30,Hadera_IL,CHL,0.2529,0.2529,0.1044,0.3699,0.9652
2021-06-01,Hadera_IL,CHL,0.2179,0.2179,0.1044,0.2278,0.8756
2021-06-02,Hadera_IL,CHL,,0.172,0.1472,0.2494,0.6915
2021-06-03,Hadera_IL,CHL,,0.1086,0.0805,0.1238,0.7562
2021-06-05,Hadera_IL,CHL,0.1995,0.1869,0.1409,0.2293,0.9403
2021-06-06,Hadera_IL,CHL,0.1622,0.1622,0.1116,0.2994,0.9652
2021-06-07,Hadera_IL,CHL,0.136,0.1302,0.0705,0.3412,0.9005
2021-06-08,Hadera_IL,CHL,,0.0691,0.0622,0.0857,0.3682
2021-06-09,Hadera_IL,CHL,0.1427,0.1403,0.1085,0.1455,0.806
2021-06-10,Hadera_IL,CHL,0.1344,0.1213,0.0996,0.1344,0.8159
2021-06-11,Hadera_IL,CHL,,0.1684,0.1287,0.181,0.6667
2021-06-12,Hadera_IL,CHL,0.1111,0.108,0.0828,0.1139,0.8159
2021-06-13,Hadera_IL,CHL,0.1705,0.1586,0.1404,0.1763,0.8159
2021-06-14,Hadera_IL,CHL,0.118,0.1062,0.0913,0.118,0.6368
2021-06-15,Hadera_IL,CHL,0.0779,0.0667,0.0585,0.128,0.9403
2021-06-16,Hadera_IL,CHL,0.0633,0.0688,0.0559,0.0688,0.2786
2021-06-17,Hadera_IL,CHL,0.0604,0.057,0.0445,0.0604,0.9403
2021-06-18,Hadera_IL,CHL,0.0772,0.0847,0.0797,0.0874,0.9403
2021-06-20,Hadera_IL,CHL,0.096,0.3497,0.1788,0.3766,0.2438
2021-06-21,Hadera_IL,CHL,0.1147,0.1027,0.0895,0.2135,0.9652
2021-06-22,Hadera_IL,CHL,0.1521,0.1033,0.0898,0.1521,0.9403
2021-06-23,Hadera_IL,CHL,0.095,0.0889,0.0649,0.1053,0.8358
2021-06-24,Hadera_IL,CHL,0.1186,0.1702,0.1227,0.193,0.9652
2021-06-25,Hadera_IL,CHL,0.1987,0.1987,0.1651,0.3738,1
2021-06-28,Hadera_IL,CHL,0.1975,0.2219,0.1795,0.5395,1
2021-06-29,Hadera_IL,CHL,0.1783,0.1783,0.1301,0.205,0.8657
2021-06-30,Hadera_IL,CHL,0.1685,0.1587,0.1121,0.1685,0.8159
2021-07-02,Hadera_IL,CHL,0.1358,0.1358,0.09,0.1744,0.7562
2021-07-04,Hadera_IL,CHL,0.1299,0.1254,0.0887,0.1299,0.4279
2021-07-06,Hadera_IL,CHL,0.1736,0.1736,0.1058,0.3951,0.9652
2021-07-07,Hadera_IL,CHL,0.2236,0.2236,0.1321,0.4141,0.9652
2021-07-08,Hadera_IL,CHL,0.2543,0.2543,0.1416,0.4413,1
2021-07-09,Hadera_IL,CHL,0.1765,0.1765,0.1217,0.3582,0.8856
2021-07-11,Hadera_IL,CHL,0.1274,0.1274,0.09,0.3884,1
2021-07-12,Hadera_IL,CHL,,0.0668,0.0668,0.0668,0.0597
2021-07-14,Hadera_IL,CHL,0.2199,0.1835,0.095,0.2199,0.9403
2021-07-17,Hadera_IL,CHL,0.1233,0.1233,0.0944,0.2875,1
2021-07-18,Hadera_IL,CHL,0.1571,0.1102,0.0762,0.2061,0.8756
2021-07-19,Hadera_IL,CHL,0.1425,0.1948,0.1034,0.3299,0.7214
2021-07-20,Hadera_IL,CHL,,0.1179,0.079,0.1285,0.7562
2021-07-22,Hadera_IL,CHL,,0.1337,0.0988,0.2759,0.5572
2021-07-23,Hadera_IL,CHL,0.0783,0.0783,0.0587,0.1936,0.9652
2021-07-25,Hadera_IL,CHL,,0.0874,0.0806,0.0896,0.6318
2021-07-27,Hadera_IL,CHL,,0.0483,0.0483,0.0483,0.0249
2021-07-28,Hadera_IL,CHL,,0.1085,0.0884,0.1187,0.6667
2021-07-29,Hadera_IL,CHL,,0.1401,0.1274,0.1569,0.3085
2021-07-31,Hadera_IL,CHL,0.6094,0.4738,0.3619,0.7676,0.8756
2021-08-02,Hadera_IL,CHL,0.3832,0.2432,0.1347,0.4976,0.8756
2021-08-03,Hadera_IL,CHL,0.2274,0.2274,0.195,0.8104,0.9751
2021-08-04,Hadera_IL,CHL,0.2092,0.1238,0.1259,0.2092,0.8159
2021-08-05,Hadera_IL,CHL,0.2391,0.2175,0.1721,0.28,0.9403
2021-08-07,Hadera_IL,CHL,0.0933,0.0874,0.0724,0.0933,0.8756
2021-08-09,Hadera_IL,CHL,0.1767,0.1767,0.1736,0.4009,0.9403
2021-08-10,Hadera_IL,CHL,,0.0459,0.0396,0.0459,0.209
2021-08-11,Hadera_IL,CHL,0.0832,0.0798,0.0928,0.2703,0.9403
2021-08-12,Hadera_IL,CHL,0.0885,0.0744,0.065,0.0885,0.8159
2021-08-13,Hadera_IL,CHL,0.313,0.3011,0.1796,0.4162,0.9652
2021-08-14,Hadera_IL,CHL,0.1928,0.2452,0.1895,0.289,0.8756
2021-08-15,Hadera_IL,CHL,0.2691,0.2435,0.2176,0.2967,0.8159
2021-08-16,Hadera_IL,CHL,0.6795,0.4732,0.4456,1.036,0.9403
2021-08-17,Hadera_IL,CHL,0.3565,0.3565,0.2208,0.4369,0.8955
2021-08-18,Hadera_IL,CHL,0.4262,0.4339,0.3692,0.5245,0.9403
2021-08-19,Hadera_IL,CHL,0.2414,0.2414,0.2326,0.7562,0.8557
2021-08-20,Hadera_IL,CHL,0.1035,0.0924,0.0772,0.1182,0.607
2021-08-21,Hadera_IL,CHL,0.0869,0.0821,0.073,0.1236,0.9403
2021-08-23,Hadera_IL,CHL,0.1598,0.1598,0.1153,0.2188,0.4876
2021-08-24,Hadera_IL,CHL,0.1726,0.1733,0.1259,0.4612,0.9652
2021-08-25,Hadera_IL,CHL,0.3647,0.2324,0.1683,0.4365,0.9403
2021-08-26,Hadera_IL,CHL,,0.1204,0.1043,0.1339,0.6667
2021-08-29,Hadera_IL,CHL,0.1038,0.1062,0.1052,0.1724,0.9403
2021-08-30,Hadera_IL,CHL,,0.1119,0.1172,0.3424,0.9055
2021-08-31,Hadera_IL,CHL,0.188,0.1641,0.1194,0.3795,0.9005
2021-09-01,Hadera_IL,CHL,0.1503,0.1435,0.1118,0.5347,0.9005
2021-09-02,Hadera_IL,CHL,,0.241,0.1561,0.241,0.1244
2021-09-03,Hadera_IL,CHL,0.1478,0.1001,0.0877,0.2375,0.8756
2021-09-04,Hadera_IL,CHL,0.1238,0.1059,0.0799,0.2116,0.9403
2021-09-05,Hadera_IL,CHL,0.1112,0.1112,0.0946,0.3759,1
2021-09-06,Hadera_IL,CHL,0.0907,0.0907,0.0806,0.2358,0.8308
2021-09-07,Hadera_IL,CHL,0.1285,0.1285,0.0951,0.2017,0.8557
2021-09-08,Hadera_IL,CHL,0.1365,0.1365,0.0952,0.3016,0.8756
2021-09-09,Hadera_IL,CHL,0.2071,0.2071,0.1572,0.6703,1
2021-09-11,Hadera_IL,CHL,0.0821,0.0707,0.0655,0.1113,0.6517
2021-09-12,Hadera_IL,CHL,0.0559,0.0904,0.0708,0.0904,0.2736
2021-09-13,Hadera_IL,CHL,0.069,0.0661,0.0605,0.1142,0.9403
2021-09-14,Hadera_IL,CHL,,0.0569,0.0536,0.0601,0.5473
2021-09-15,Hadera_IL,CHL,0.0805,0.067,0.0555,0.0997,0.8756
2021-09-16,Hadera_IL,CHL,0.075,0.0938,0.0739,0.0938,0.1791
2021-09-17,Hadera_IL,CHL,0.0689,0.0689,0.0635,0.3076,1
2021-09-18,Hadera_IL,CHL,0.0605,0.0413,0.0485,0.1824,0.9403
2021-09-19,Hadera_IL,CHL,0.1558,0.0846,0.0569,0.1812,1
2021-09-20,Hadera_IL,CHL,0.1788,0.1322,0.0917,0.1788,0.6915
2021-09-21,Hadera_IL,CHL,0.1876,0.0704,0.0922,0.3613,0.9403
2021-09-23,Hadera_IL,CHL,,0.0788,0.0788,0.0788,0.0597
2021-09-24,Hadera_IL,CHL,0.1978,0.2976,0.2064,0.4002,0.8756
2021-09-25,Hadera_IL,CHL,0.5102,1.533,0.8499,1.611,0.9403
2021-09-26,Hadera_IL,CHL,0.4521,0.8849,0.7141,1.236,1
2021-09-28,Hadera_IL,CHL,0.3004,0.3317,0.2545,0.4159,0.4527
2021-09-29,Hadera_IL,CHL,0.1267,0.1284,0.0983,0.1704,0.9403
2021-09-30,Hadera_IL,CHL,,0.0985,0.0947,0.0985,0.1841
2021-10-01,Hadera_IL,CHL,0.1162,0.1085,0.0907,0.141,0.8756
2021-10-02,Hadera_IL,CHL,0.2482,0.1543,0.1351,0.2482,0.8159
2021-10-03,Hadera_IL,CHL,0.2906,0.2906,0.1641,0.4913,1
2021-10-04,Hadera_IL,CHL,0.3357,0.3419,0.2031,0.7094,1
2021-10-05,Hadera_IL,CHL,0.3718,0.376,0.2241,0.7217,0.9403
2021-10-06,Hadera_IL,CHL,0.1854,0.1854,0.113,0.5145,1
2021-10-07,Hadera_IL,CHL,0.1059,0.1059,0.0712,0.2524,0.9652
2021-10-08,Hadera_IL,CHL,0.1096,0.0595,0.0729,0.1996,0.9403
2021-10-09,Hadera_IL,CHL,0.0812,0.0549,0.0533,0.0812,0.791
2021-10-10,Hadera_IL,CHL,0.0335,0.0326,0.0365,0.1826,0.9104
2021-10-11,Hadera_IL,CHL,0.0232,0.0317,0.0306,0.06,0.9403
2021-10-13,Hadera_IL,CHL,0.0865,0.0701,0.0523,0.0865,0.8159
2021-10-14,Hadera_IL,CHL,,0.0576,0.0484,0.0579,0.5721
2021-10-15,Hadera_IL,CHL,,0.0422,0.0376,0.0436,0.4527
2021-10-16,Hadera_IL,CHL,0.07,0.0507,0.0431,0.07,0.7214
2021-10-17,Hadera_IL,CHL,0.0519,0.0477,0.0427,0.0519,0.6667
2021-10-18,Hadera_IL,CHL,0.046,0.046,0.044,0.0926,0.9453
2021-10-19,Hadera_IL,CHL,0.0553,0.0553,0.0404,0.0591,0.8955
2021-10-20,Hadera_IL,CHL,,0.0571,0.045,0.087,0.7264
2021-10-21,Hadera_IL,CHL,0.082,0.0832,0.0634,0.1018,0.9403
2021-10-22,Hadera_IL,CHL,0.1065,0.1064,0.0724,0.1174,0.9403
2021-10-23,Hadera_IL,CHL,0.1087,0.092,0.0691,0.2619,1
2021-10-24,Hadera_IL,CHL,0.1135,0.1072,0.095,0.1222,0.9403
2021-10-25,Hadera_IL,CHL,0.1637,0.1557,0.1046,0.1903,0.9403
2021-10-26,Hadera_IL,CHL,0.1499,0.1266,0.1059,0.1499,0.7313
2021-10-27,Hadera_IL,CHL,0.1286,0.1375,0.1228,0.1554,0.8756
2021-10-30,Hadera_IL,CHL,0.1496,0.1417,0.0998,0.1608,0.9403
2021-11-02,Hadera_IL,CHL,0.087,0.0824,0.0639,0.1103,0.9403
2021-11-03,Hadera_IL,CHL,,0.0555,0.0491,0.0631,0.3284
2021-11-04,Hadera_IL,CHL,0.0747,0.0747,0.0637,0.1413,1
2021-11-05,Hadera_IL,CHL,0.0585,0.0584,0.0533,0.0845,0.9403
2021-11-06,Hadera_IL,CHL,0.0368,0.0456,0.0506,0.1397,0.9751
2021-11-07,Hadera_IL,CHL,0.0575,0.058,0.0625,0.2732,1
2021-11-08,Hadera_IL,CHL,0.1402,0.1397,0.0767,0.232,0.9652
2021-11-09,Hadera_IL,CHL,0.1657,0.1459,0.0868,0.2241,0.9751
2021-11-10,Hadera_IL,CHL,0.158,0.1431,0.0827,0.1594,0.9403
2021-11-11,Hadera_IL,CHL,0.1802,0.1802,0.0983,0.2592,0.9652
2021-11-12,Hadera_IL,CHL,0.1952,0.1832,0.1166,0.2035,0.6766
2021-11-19,Hadera_IL,CHL,,0.0709,0.0689,0.085,0.199
2021-11-22,Hadera_IL,CHL,0.2241,0.2063,0.1475,0.3131,0.9154
2021-11-23,Hadera_IL,CHL,0.1457,0.1528,0.1303,0.3935,0.9751
2021-11-24,Hadera_IL,CHL,,0.1768,0.135,0.1795,0.3483
2021-11-25,Hadera_IL,CHL,0.1761,0.1971,0.1877,0.2059,0.4627
2021-11-26,Hadera_IL,CHL,0.1387,0.1811,0.1667,0.2215,0.9652
2021-11-27,Hadera_IL,CHL,,0.1222,0.1161,0.1259,0.7562
2021-11-28,Hadera_IL,CHL,0.1656,0.1666,0.1336,0.1749,0.9403
2021-11-29,Hadera_IL,CHL,0.1537,0.1781,0.1358,0.1987,0.8159
2021-12-01,Hadera_IL,CHL,,0.079,0.0768,0.0795,0.204
2021-12-02,Hadera_IL,CHL,0.4381,0.4463,0.2862,0.522,0.9403
2021-12-10,Hadera_IL,CHL,0.8173,0.7344,0.6017,0.9204,0.9403
2021-12-11,Hadera_IL,CHL,0.3241,0.2783,0.2151,0.3241,0.8159
2021-12-15,Hadera_IL,CHL,0.1294,0.1294,0.1259,0.1294,0.1194
2021-12-21,Hadera_IL,CHL,,0.1416,0.1211,0.1418,0.4478
2021-12-24,Hadera_IL,CHL,,0.1304,0.0976,0.1549,0.7214
2021-12-25,Hadera_IL,CHL,,0.0922,0.0922,0.0922,0.0249
2021-12-26,Hadera_IL,CHL,0.1164,0.1424,0.15,0.5183,1
2021-12-27,Hadera_IL,CHL,0.6689,0.6387,0.3514,0.8595,1
2021-01-01,Rosetta_mouth,CHL,2.809,2.568,1.946,3.705,1
2021-01-04,Rosetta_mouth,CHL,2.436,2.361,1.762,2.488,0.8122
2021-01-08,Rosetta_mouth,CHL,,0.9183,0.7006,0.9658,0.3757
2021-01-09,Rosetta_mouth,CHL,8.847,3.665,2.326,8.847,1
2021-01-11,Rosetta_mouth,CHL,,0.8647,0.6737,1.133,0.5635
2021-01-14,Rosetta_mouth,CHL,,2.754,1.899,2.767,0.4365
2021-01-15,Rosetta_mouth,CHL,,2.325,1.825,2.325,0.1878
2021-01-16,Rosetta_mouth,CHL,4.525,4.544,4.229,4.866,0.4365
2021-01-20,Rosetta_mouth,CHL,,1.307,1.304,1.307,0.0663
2021-01-22,Rosetta_mouth,CHL,5.738,5.319,3.286,5.738,0.9392
2021-01-23,Rosetta_mouth,CHL,,3.659,2.609,5.304,0.6851
2021-01-24,Rosetta_mouth,CHL,1.852,1.2,0.6393,1.967,1
2021-01-25,Rosetta_mouth,CHL,2.822,1.27,0.9315,3.361,1
2021-01-26,Rosetta_mouth,CHL,2.471,2.032,1.383,2.471,1
2021-01-27,Rosetta_mouth,CHL,,1.626,1.213,1.875,0.4365
2021-01-28,Rosetta_mouth,CHL,,3.059,3.015,3.059,0.1215
2021-01-29,Rosetta_mouth,CHL,,1.262,1.196,1.356,0.3149
2021-01-30,Rosetta_mouth,CHL,,5.134,2.797,7.554,0.8729
2021-01-31,Rosetta_mouth,CHL,6.854,5.283,3.187,6.854,1
2021-02-01,Rosetta_mouth,CHL,2.362,1.488,1.208,3.943,1
2021-02-07,Rosetta_mouth,CHL,2.186,2.186,1.704,2.212,0.5635
2021-02-09,Rosetta_mouth,CHL,2.663,2.325,1.379,2.967,1
2021-02-10,Rosetta_mouth,CHL,2.565,2.244,1.092,2.768,1
2021-02-11,Rosetta_mouth,CHL,3.73,3.603,1.769,3.808,1
2021-02-12,Rosetta_mouth,CHL,3.154,2.841,1.532,3.4,1
2021-02-13,Rosetta_mouth,CHL,2.334,1.963,1.276,2.497,0.9337
2021-02-15,Rosetta_mouth,CHL,2.54,2.163,1.517,2.654,1
2021-02-19,Rosetta_mouth,CHL,,1.668,1.627,1.668,0.1878
2021-02-20,Rosetta_mouth,CHL,,2.092,1.991,4.099,0.6243
2021-02-21,Rosetta_mouth,CHL,4.339,4.229,2.396,4.921,0.8066
2021-02-22,Rosetta_mouth,CHL,3.382,3.748,2.84,3.762,0.4972
2021-02-24,Rosetta_mouth,CHL,4.862,4.336,2.855,5.169,1
2021-02-27,Rosetta_mouth,CHL,6.901,3.179,2.811,7.658,1
2021-02-28,Rosetta_mouth,CHL,2.91,2.645,2.24,4.884,1
2021-03-01,Rosetta_mouth,CHL,,2.668,2.13,2.668,0.1271
2021-03-02,Rosetta_mouth,CHL,,4.36,4.36,4.36,0.0608
2021-03-04,Rosetta_mouth,CHL,4.956,4.956,3.307,5.22,1
2021-03-05,Rosetta_mouth,CHL,3.359,2.287,1.876,3.359,1
2021-03-06,Rosetta_mouth,CHL,2.794,2.574,1.744,2.794,1
2021-03-07,Rosetta_mouth,CHL,3.216,2.735,2.027,3.474,1
2021-03-08,Rosetta_mouth,CHL,4.62,3.776,2.587,4.986,1
2021-03-12,Rosetta_mouth,CHL,,3.631,2.453,4.348,0.8729
2021-03-13,Rosetta_mouth,CHL,4.407,3.654,2.771,4.53,1
2021-03-16,Rosetta_mouth,CHL,2.043,1.832,1.569,2.144,1
2021-03-17,Rosetta_mouth,CHL,4.893,4.303,2.798,4.893,1
2021-03-18,Rosetta_mouth,CHL,,1.685,1.437,1.685,0.2486
2021-03-19,Rosetta_mouth,CHL,6.362,2.689,2.666,6.362,1
2021-03-27,Rosetta_mouth,CHL,,0.7853,0.7853,0.7853,0.0055
2021-03-28,Rosetta_mouth,CHL,4.414,3.965,2.393,5.026,1
2021-03-29,Rosetta_mouth,CHL,3.365,2.875,1.71,3.428,1
2021-03-30,Rosetta_mouth,CHL,,1.614,1.497,1.657,0.3702
2021-04-01,Rosetta_mouth,CHL,6.26,5.034,3.856,6.26,0.6851
2021-04-02,Rosetta_mouth,CHL,,1.99,1.801,2.116,0.3094
2021-04-03,Rosetta_mouth,CHL,2.416,1.952,1.464,2.483,1
2021-04-04,Rosetta_mouth,CHL,,1.478,1.054,1.69,0.5028
2021-04-05,Rosetta_mouth,CHL,2.966,2.764,1.865,3.08,1
2021-04-06,Rosetta_mouth,CHL,2.327,2.114,1.437,2.504,1
2021-04-08,Rosetta_mouth,CHL,1.469,1.483,1.028,1.821,0.9392
2021-04-09,Rosetta_mouth,CHL,1.514,1.291,0.8058,1.567,1
2021-04-10,Rosetta_mouth,CHL,,0.6944,0.6944,0.6944,0.0055
2021-04-12,Rosetta_mouth,CHL,4.029,3.843,2.289,4.176,0.8729
2021-04-13,Rosetta_mouth,CHL,2.931,2.931,1.868,4.066,0.5691
2021-04-14,Rosetta_mouth,CHL,2.432,2.166,1.621,2.476,1
2021-04-15,Rosetta_mouth,CHL,2.371,2.097,1.59,2.517,1
2021-04-16,Rosetta_mouth,CHL,2.425,1.948,1.583,2.794,1
2021-04-17,Rosetta_mouth,CHL,2.525,2.36,1.711,2.7,1
2021-04-21,Rosetta_mouth,CHL,2.147,1.894,1.283,2.278,1
2021-04-22,Rosetta_mouth,CHL,2.179,1.871,1.2,2.229,1
2021-04-24,Rosetta_mouth,CHL,1.891,1.685,1.316,2.044,1
2021-04-25,Rosetta_mouth,CHL,2.027,1.823,1.351,2.151,1
2021-04-27,Rosetta_mouth,CHL,3.701,2.197,1.557,4.153,1
2021-04-28,Rosetta_mouth,CHL,2.268,2.022,1.339,2.556,1
2021-04-29,Rosetta_mouth,CHL,2.193,2.003,1.535,2.316,1
2021-04-30,Rosetta_mouth,CHL,2.38,2.152,1.525,2.437,1
2021-05-01,Rosetta_mouth,CHL,,1.389,1.198,2.231,0.6243
2021-05-02,Rosetta_mouth,CHL,1.689,1.533,1.16,2.155,1
2021-05-03,Rosetta_mouth,CHL,,0.7959,0.6948,0.9024,0.3149
2021-05-04,Rosetta_mouth,CHL,1.872,1.714,1.043,1.872,1
2021-05-05,Rosetta_mouth,CHL,1.251,1.26,0.8003,1.574,0.9337
2021-05-06,Rosetta_mouth,CHL,1.358,1.427,0.9086,1.96,1
2021-05-08,Rosetta_mouth,CHL,1.678,1.505,0.9154,1.778,1
2021-05-10,Rosetta_mouth,CHL,1.517,1.535,0.9854,2.151,1
2021-05-12,Rosetta_mouth,CHL,,1.137,0.575,1.648,0.6906
2021-05-13,Rosetta_mouth,CHL,1.505,0.972,0.6059,1.896,1
2021-05-14,Rosetta_mouth,CHL,1.745,1.333,0.7425,1.849,1
2021-05-15,Rosetta_mouth,CHL,1.562,1.346,0.6915,1.624,1
2021-05-16,Rosetta_mouth,CHL,1.361,1.151,0.6208,1.476,1
2021-05-17,Rosetta_mouth,CHL,1.378,1.472,1.427,1.472,0.1271
2021-05-18,Rosetta_mouth,CHL,1.407,0.5289,0.4392,1.596,1
2021-05-19,Rosetta_mouth,CHL,1.529,0.8759,0.5234,1.685,1
2021-05-20,Rosetta_mouth,CHL,1.426,0.9274,0.5555,1.628,1
2021-05-21,Rosetta_mouth,CHL,1.526,1.274,0.6779,1.636,1
2021-05-23,Rosetta_mouth,CHL,,1.561,1.08,1.636,0.6188
2021-05-24,Rosetta_mouth,CHL,2.162,2.118,1.373,2.212,1
2021-05-25,Rosetta_mouth,CHL,1.575,1.503,0.9279,1.648,1
2021-05-26,Rosetta_mouth,CHL,1.635,1.284,0.7752,1.743,1
2021-05-27,Rosetta_mouth,CHL,1.603,1.157,0.7277,1.603,1
2021-05-29,Rosetta_mouth,CHL,2.296,1.857,1.41,3.65,1
2021-05-31,Rosetta_mouth,CHL,,2.102,1.689,2.257,0.5691
2021-06-01,Rosetta_mouth,CHL,2.174,1.978,1.583,3.085,1
2021-06-02,Rosetta_mouth,CHL,1.674,1.674,1.13,1.919,1
2021-06-03,Rosetta_mouth,CHL,1.673,1.357,0.9766,1.673,1
2021-06-05,Rosetta_mouth,CHL,,1.556,1.042,1.78,0.9392
2021-06-06,Rosetta_mouth,CHL,,1.01,0.6143,1.25,0.558
2021-06-07,Rosetta_mouth,CHL,2.025,1.785,1.149,2.197,1
2021-06-08,Rosetta_mouth,CHL,2.04,1.649,0.9422,2.654,1
2021-06-09,Rosetta_mouth,CHL,2.72,1.704,0.9792,3.026,1
2021-06-10,Rosetta_mouth,CHL,,0.5402,0.3574,0.5402,0.1215
2021-06-11,Rosetta_mouth,CHL,2.175,1.617,0.9107,2.349,1
2021-06-13,Rosetta_mouth,CHL,1.771,1.702,0.987,1.873,0.8122
2021-06-16,Rosetta_mouth,CHL,1.979,1.767,0.9504,2.113,1
2021-06-17,Rosetta_mouth,CHL,1.842,1.565,1.15,2.266,1
2021-06-18,Rosetta_mouth,CHL,1.883,1.756,1.084,1.883,1
2021-06-19,Rosetta_mouth,CHL,1.649,1.405,0.9379,1.856,1
2021-06-20,Rosetta_mouth,CHL,3.557,1.426,1.494,6.455,1
2021-06-21,Rosetta_mouth,CHL,2.292,1.579,0.9557,2.321,1
2021-06-22,Rosetta_mouth,CHL,1.849,1.55,0.9643,2.99,1
2021-06-23,Rosetta_mouth,CHL,1.971,1.456,0.8876,2.536,1
2021-06-24,Rosetta_mouth,CHL,1.81,0.971,0.7197,1.881,1
2021-06-25,Rosetta_mouth,CHL,1.864,1.864,1.688,1.864,0.1878
2021-06-26,Rosetta_mouth,CHL,1.937,1.586,0.9845,1.937,1
2021-06-27,Rosetta_mouth,CHL,1.925,1.787,0.7941,1.925,0.8785
2021-06-28,Rosetta_mouth,CHL,1.659,1.617,0.8447,1.894,1
2021-06-29,Rosetta_mouth,CHL,1.675,1.467,0.8032,1.797,1
2021-06-30,Rosetta_mouth,CHL,2.532,1.705,1.337,4.374,1
2021-07-01,Rosetta_mouth,CHL,1.842,1.626,0.762,1.842,1
2021-07-04,Rosetta_mouth,CHL,1.792,1.669,1.127,1.817,1
2021-07-05,Rosetta_mouth,CHL,2.132,2.132,1.586,3.16,1
2021-07-06,Rosetta_mouth,CHL,1.899,1.791,1.089,1.962,1
2021-07-07,Rosetta_mouth,CHL,1.606,1.673,0.9779,1.807,1
2021-07-08,Rosetta_mouth,CHL,1.634,1.575,0.8616,1.952,0.9392
2021-07-09,Rosetta_mouth,CHL,1.587,0.6088,0.5382,1.587,0.9337
2021-07-11,Rosetta_mouth,CHL,,1.598,1.598,1.598,0.0663
2021-07-12,Rosetta_mouth,CHL,1.746,1.687,1.04,1.787,1
2021-07-13,Rosetta_mouth,CHL,1.786,1.591,0.9772,1.879,1
2021-07-14,Rosetta_mouth,CHL,1.798,1.573,1.005,1.798,1
2021-07-15,Rosetta_mouth,CHL,1.467,1.467,1.045,1.709,0.6851
2021-07-16,Rosetta_mouth,CHL,1.777,1.777,1.018,1.953,1
2021-07-17,Rosetta_mouth,CHL,1.589,1.517,0.7468,1.698,1
2021-07-18,Rosetta_mouth,CHL,1.757,1.645,0.7439,2.053,1
2021-07-19,Rosetta_mouth,CHL,1.798,1.79,0.7694,1.883,1
2021-07-20,Rosetta_mouth,CHL,1.888,1.574,1.032,2.164,1
2021-07-21,Rosetta_mouth,CHL,1.542,1.542,0.8107,1.667,1
2021-07-22,Rosetta_mouth,CHL,,1.501,0.7468,1.6,0.558
2021-07-23,Rosetta_mouth,CHL,,1.615,1.157,2.348,0.6243
2021-07-26,Rosetta_mouth,CHL,2.17,1.867,1.464,2.265,1
2021-07-27,Rosetta_mouth,CHL,2.177,1.812,1.068,2.581,1
2021-07-28,Rosetta_mouth,CHL,1.829,1.671,0.901,1.976,1
2021-07-29,Rosetta_mouth,CHL,2.158,1.792,0.9654,2.552,1
2021-07-30,Rosetta_mouth,CHL,2.232,1.947,1.074,2.721,1
2021-08-01,Rosetta_mouth,CHL,1.901,1.573,1.004,2.349,1
2021-08-02,Rosetta_mouth,CHL,1.554,1.42,0.7772,1.632,0.6906
2021-08-03,Rosetta_mouth,CHL,1.506,1.128,1.024,6.741,1
2021-08-04,Rosetta_mouth,CHL,1.83,1.663,0.8623,2.115,1
2021-08-05,Rosetta_mouth,CHL,1.879,1.691,0.8661,2.551,1
2021-08-09,Rosetta_mouth,CHL,2.131,1.921,1.302,2.348,1
2021-08-10,Rosetta_mouth,CHL,2.228,1.955,1.361,2.578,1
2021-08-11,Rosetta_mouth,CHL,2.224,1.935,1.368,2.745,1
2021-08-12,Rosetta_mouth,CHL,2.517,2.015,1.554,2.809,1
2021-08-13,Rosetta_mouth,CHL,2.224,1.708,1.33,2.816,1
2021-08-14,Rosetta_mouth,CHL,2.253,1.737,1.452,3.227,1
2021-08-15,Rosetta_mouth,CHL,1.929,1.61,1.229,2.034,1
2021-08-17,Rosetta_mouth,CHL,2.426,2.042,1.371,2.678,1
2021-08-18,Rosetta_mouth,CHL,2.631,1.989,1.425,3.141,1
2021-08-20,Rosetta_mouth,CHL,2.704,1.726,1.406,3.127,1
2021-08-21,Rosetta_mouth,CHL,1.823,1.618,1.206,2.468,1
2021-08-22,Rosetta_mouth,CHL,3.377,2.967,1.811,3.647,1
2021-08-25,Rosetta_mouth,CHL,3.316,2.154,1.582,3.571,0.9945
2021-08-26,Rosetta_mouth,CHL,2.244,1.874,1.323,3.473,1
2021-08-27,Rosetta_mouth,CHL,3.362,2.237,1.355,3.362,0.8729
2021-08-28,Rosetta_mouth,CHL,2.269,1.689,1.152,2.493,1
2021-08-29,Rosetta_mouth,CHL,,1.793,1.742,2.281,0.3094
2021-08-30,Rosetta_mouth,CHL,2.545,1.654,1.138,2.855,1
2021-08-31,Rosetta_mouth,CHL,2.272,1.678,1.235,2.368,0.9945
2021-09-01,Rosetta_mouth,CHL,2.012,1.663,1.232,2.963,1
2021-09-02,Rosetta_mouth,CHL,2.265,1.913,1.378,2.341,1
2021-09-03,Rosetta_mouth,CHL,2.44,2.197,1.623,3.518,1
2021-09-04,Rosetta_mouth,CHL,3.703,2.667,2.01,3.703,1
2021-09-05,Rosetta_mouth,CHL,,1.478,1.346,1.55,0.3149
2021-09-06,Rosetta_mouth,CHL,2.624,2.406,1.846,2.624,0.9392
2021-09-07,Rosetta_mouth,CHL,9.291,7.795,4.417,9.291,0.4972
2021-09-08,Rosetta_mouth,CHL,,1.114,0.9939,1.219,0.3149
2021-09-09,Rosetta_mouth,CHL,2.504,1.895,1.488,2.504,0.9337
2021-09-11,Rosetta_mouth,CHL,3.663,3.272,1.823,3.804,1
2021-09-12,Rosetta_mouth,CHL,3.093,2.694,1.754,3.093,0.9945
2021-09-13,Rosetta_mouth,CHL,3.351,2.697,2.169,5.689,1
2021-09-14,Rosetta_mouth,CHL,3.261,2.853,1.955,3.41,1
2021-09-15,Rosetta_mouth,CHL,2.808,2.808,2.421,3.031,0.3757
2021-09-16,Rosetta_mouth,CHL,,1.34,0.9888,1.34,0.1878
2021-09-17,Rosetta_mouth,CHL,3.646,2.157,1.927,3.827,1
2021-09-18,Rosetta_mouth,CHL,3.603,2.404,1.502,3.807,1
2021-09-19,Rosetta_mouth,CHL,2.739,2.468,1.48,2.965,1
2021-09-20,Rosetta_mouth,CHL,3.648,3.025,2.009,4.496,1
2021-09-21,Rosetta_mouth,CHL,2.068,1.706,1.233,2.229,1
2021-09-22,Rosetta_mouth,CHL,1.998,1.675,1.218,2.107,1
2021-09-24,Rosetta_mouth,CHL,,1.331,1.109,1.458,0.3757
2021-09-25,Rosetta_mouth,CHL,,1.637,1.436,1.744,0.3702
2021-09-26,Rosetta_mouth,CHL,2.155,2.161,1.455,3.051,1
2021-09-27,Rosetta_mouth,CHL,2.672,2.513,1.531,3.197,1
2021-09-28,Rosetta_mouth,CHL,2.28,1.622,1.082,2.28,0.6851
2021-09-29,Rosetta_mouth,CHL,2.554,2.511,1.646,3.213,0.8729
2021-09-30,Rosetta_mouth,CHL,,1.457,1.049,2.173,0.6906
2021-10-03,Rosetta_mouth,CHL,2.234,2.156,1.71,2.304,0.6851
2021-10-05,Rosetta_mouth,CHL,,1.226,0.8465,1.24,0.4365
2021-10-06,Rosetta_mouth,CHL,2.43,2.15,1.559,2.458,1
2021-10-07,Rosetta_mouth,CHL,2.461,2.461,1.698,2.716,1
2021-10-08,Rosetta_mouth,CHL,,1.691,1.53,2.666,0.5028
2021-10-09,Rosetta_mouth,CHL,2.047,1.766,1.33,2.126,1
2021-10-10,Rosetta_mouth,CHL,1.972,1.591,1.399,2.021,1
2021-10-11,Rosetta_mouth,CHL,2.091,1.751,1.5,2.181,1
2021-10-12,Rosetta_mouth,CHL,2.018,1.614,1.398,2.065,1
2021-10-13,Rosetta_mouth,CHL,2.038,1.784,1.308,2.218,1
2021-10-14,Rosetta_mouth,CHL,2.066,1.595,1.238,2.703,1
2021-10-15,Rosetta_mouth,CHL,2.534,1.843,1.358,2.822,1
2021-10-16,Rosetta_mouth,CHL,2.403,2.035,1.343,2.555,1
2021-10-17,Rosetta_mouth,CHL,2.715,2.398,1.632,2.859,1
2021-10-18,Rosetta_mouth,CHL,3.378,2.069,1.49,3.404,1
2021-10-19,Rosetta_mouth,CHL,,0.998,0.8318,1.395,0.3149
2021-10-21,Rosetta_mouth,CHL,3.711,2.259,1.787,4.034,1
2021-10-23,Rosetta_mouth,CHL,1.844,1.844,1.294,2.006,0.5028
2021-10-24,Rosetta_mouth,CHL,,1.667,0.6933,1.667,0.2541
2021-10-25,Rosetta_mouth,CHL,,0.3108,0.3066,0.3108,0.0663
2021-10-26,Rosetta_mouth,CHL,2.026,1.982,1.458,2.047,0.8122
2021-10-30,Rosetta_mouth,CHL,2.627,2.011,1.317,3.168,1
2021-10-31,Rosetta_mouth,CHL,2.666,2.666,2.242,2.788,0.3757
2021-11-02,Rosetta_mouth,CHL,4.366,3.9,2.482,4.832,1
2021-11-03,Rosetta_mouth,CHL,3.352,2.925,2.17,4.845,1
2021-11-04,Rosetta_mouth,CHL,3.511,3.288,2.141,3.511,0.8729
2021-11-05,Rosetta_mouth,CHL,,1.337,1.07,1.537,0.6851
2021-11-06,Rosetta_mouth,CHL,2.478,1.874,1.387,2.584,1
2021-11-07,Rosetta_mouth,CHL,2.192,1.914,1.456,2.318,1
2021-11-08,Rosetta_mouth,CHL,2.283,2.092,1.359,2.291,1
2021-11-09,Rosetta_mouth,CHL,2.246,2.016,1.333,2.394,1
2021-11-11,Rosetta_mouth,CHL,,1.023,1.012,1.023,0.0663
2021-11-13,Rosetta_mouth,CHL,,2.305,2.06,2.305,0.1878
2021-11-14,Rosetta_mouth,CHL,3.365,3.25,2.287,3.474,0.6243
2021-11-17,Rosetta_mouth,CHL,3.657,3.386,1.608,3.785,0.8729
2021-11-19,Rosetta_mouth,CHL,,1.485,0.9474,1.561,0.5635
2021-11-21,Rosetta_mouth,CHL,,3.446,2.379,3.802,0.4365
2021-11-22,Rosetta_mouth,CHL,6.261,4.752,3.143,9.276,1
2021-11-23,Rosetta_mouth,CHL,10.23,7.449,3.919,10.26,1
2021-11-24,Rosetta_mouth,CHL,12.08,5.674,3.462,12.08,1
2021-11-25,Rosetta_mouth,CHL,7.542,6.539,3.139,7.667,1
2021-11-26,Rosetta_mouth,CHL,22.86,18.33,8.873,22.86,1
2021-11-27,Rosetta_mouth,CHL,5.924,5.296,3.139,5.924,1
2021-11-28,Rosetta_mouth,CHL,4.382,3.607,2.865,4.54,1
2021-11-29,Rosetta_mouth,CHL,3.901,3.642,2.287,4.073,0.9337
2021-12-02,Rosetta_mouth,CHL,5.275,5.196,3.81,5.397,1
2021-12-07,Rosetta_mouth,CHL,,5.122,3.427,6.069,0.7459
2021-12-09,Rosetta_mouth,CHL,7.739,7.208,4.748,7.739,0.8066
2021-12-10,Rosetta_mouth,CHL,7.175,6.547,4.369,7.175,1
2021-12-11,Rosetta_mouth,CHL,2.792,2.583,2.433,2.899,1
2021-12-12,Rosetta_mouth,CHL,,4.122,2.339,4.202,0.8729
2021-12-15,Rosetta_mouth,CHL,6.68,6.68,5.263,7.094,0.5028
2021-12-16,Rosetta_mouth,CHL,,1.14,1.101,1.14,0.1215
2021-12-17,Rosetta_mouth,CHL,4.709,3.505,2.297,5.196,0.9945
2021-12-18,Rosetta_mouth,CHL,6.829,6.829,6.132,7.591,0.4365
2021-12-19,Rosetta_mouth,CHL,,1.973,1.973,1.973,0.0608
2021-12-24,Rosetta_mouth,CHL,6.275,6.571,5.841,6.571,0.2486
2021-12-25,Rosetta_mouth,CHL,1.915,1.728,1.214,2.015,1
2021-12-26,Rosetta_mouth,CHL,1.904,1.362,0.8872,2.127,1
2021-12-27,Rosetta_mouth,CHL,1.734,1.663,1.107,1.841,0.8122
2021-01-01,Damietta_mouth,CHL,1.919,1.893,1.51,2.023,0.7418
2021-01-02,Damietta_mouth,CHL,2.133,1.526,1.289,2.724,1
2021-01-07,Damietta_mouth,CHL,2.248,1.568,0.9534,3.128,1
2021-01-08,Damietta_mouth,CHL,4.171,1.329,1.081,5.834,1
2021-01-09,Damietta_mouth,CHL,2.466,1.595,0.9382,3.201,1
2021-01-15,Damietta_mouth,CHL,3.004,2.137,1.676,3.004,0.9396
2021-01-16,Damietta_mouth,CHL,3.55,2.368,1.743,3.55,1
2021-01-17,Damietta_mouth,CHL,4.414,4.026,2.582,4.546,1
2021-01-18,Damietta_mouth,CHL,3.438,3.075,2.197,3.438,1
2021-01-21,Damietta_mouth,CHL,4.187,3.557,2.711,4.823,1
2021-01-22,Damietta_mouth,CHL,6.401,5.066,3.302,6.432,1
2021-01-23,Damietta_mouth,CHL,8.175,7.316,4.496,8.175,1
2021-01-24,Damietta_mouth,CHL,2.813,2.813,2.21,3.288,1
2021-01-25,Damietta_mouth,CHL,3.244,2.331,2.049,5.115,1
2021-01-29,Damietta_mouth,CHL,10.86,10.99,10.62,10.99,0.1868
2021-01-30,Damietta_mouth,CHL,7.086,6.569,4.523,7.585,1
2021-01-31,Damietta_mouth,CHL,4.221,4.221,2.831,4.452,1
2021-02-01,Damietta_mouth,CHL,3.636,2.132,1.885,3.954,1
2021-02-02,Damietta_mouth,CHL,2.125,2.03,1.623,2.397,1
2021-02-03,Damietta_mouth,CHL,2.412,2.047,1.582,2.508,1
2021-02-04,Damietta_mouth,CHL,2.013,1.758,1.253,2.158,1
2021-02-05,Damietta_mouth,CHL,,4.539,2.524,4.715,0.4396
2021-02-06,Damietta_mouth,CHL,3.608,1.486,1.327,4.425,1
2021-02-09,Damietta_mouth,CHL,2.411,2.478,1.534,2.845,1
2021-02-10,Damietta_mouth,CHL,2.495,1.807,1.156,3.983,1
2021-02-11,Damietta_mouth,CHL,7.578,5.898,2.393,7.578,1
2021-02-12,Damietta_mouth,CHL,3.926,3.244,2.235,5.067,1
2021-02-13,Damietta_mouth,CHL,1.847,1.525,1.05,2.342,1
2021-02-14,Damietta_mouth,CHL,,1.532,1.532,1.532,0.0604
2021-02-15,Damietta_mouth,CHL,1.377,0.8506,0.5768,1.377,1
2021-02-18,Damietta_mouth,CHL,,6.416,4.014,6.68,0.3242
2021-02-20,Damietta_mouth,CHL,4.817,4.424,3.172,4.973,1
2021-02-21,Damietta_mouth,CHL,,1.399,1.296,1.869,0.4451
2021-02-22,Damietta_mouth,CHL,,1.825,1.526,2.069,0.8681
2021-02-24,Damietta_mouth,CHL,6.092,4.785,4.461,6.092,0.3077
2021-02-25,Damietta_mouth,CHL,3.51,3.477,2.299,3.596,1
2021-02-26,Damietta_mouth,CHL,,1.816,1.53,1.975,0.6923
2021-02-27,Damietta_mouth,CHL,3.369,3.114,1.795,3.578,1
2021-02-28,Damietta_mouth,CHL,3.683,2.41,1.775,3.925,1
2021-03-01,Damietta_mouth,CHL,2.176,2.032,1.56,3.175,1
2021-03-02,Damietta_mouth,CHL,4.599,4.599,2.366,5.098,0.7527
2021-03-04,Damietta_mouth,CHL,4.807,4.546,2.372,4.807,0.6868
2021-03-05,Damietta_mouth,CHL,2.409,2.158,1.762,3.604,1
2021-03-06,Damietta_mouth,CHL,6.766,6.766,3.057,9.97,1
2021-03-07,Damietta_mouth,CHL,4.877,3.846,2.541,9.287,1
2021-03-08,Damietta_mouth,CHL,4.103,3.545,2.009,4.595,1
2021-03-16,Damietta_mouth,CHL,2.271,2.107,1.671,2.358,1
2021-03-17,Damietta_mouth,CHL,2.382,2.281,1.919,3.328,1
2021-03-18,Damietta_mouth,CHL,4.213,4.118,2.593,4.509,1
2021-03-19,Damietta_mouth,CHL,3.743,3.503,2.237,3.977,1
2021-03-28,Damietta_mouth,CHL,,1.649,1.521,1.649,0.1868
2021-03-29,Damietta_mouth,CHL,2.019,2.066,1.787,2.899,0.9396
2021-03-30,Damietta_mouth,CHL,2.042,2.083,2.062,2.083,0.1209
2021-03-31,Damietta_mouth,CHL,2.208,2.382,2.295,2.382,0.1209
2021-04-01,Damietta_mouth,CHL,3.763,3.468,2.213,4.077,1
2021-04-03,Damietta_mouth,CHL,2.26,1.943,1.59,2.554,1
2021-04-04,Damietta_mouth,CHL,3.25,2.796,1.925,3.284,1
2021-04-05,Damietta_mouth,CHL,2.646,2.466,1.835,2.931,1
2021-04-06,Damietta_mouth,CHL,3.82,3.795,2.884,5.173,1
2021-04-08,Damietta_mouth,CHL,1.916,1.653,1.32,1.916,0.9396
2021-04-09,Damietta_mouth,CHL,,0.3674,0.3567,0.3674,0.0769
2021-04-12,Damietta_mouth,CHL,4.615,4.558,3.058,4.665,1
2021-04-13,Damietta_mouth,CHL,2.753,2.424,1.956,2.753,1
2021-04-14,Damietta_mouth,CHL,3.58,2.408,2,3.58,1
2021-04-15,Damietta_mouth,CHL,3.803,4.183,3.107,7.677,1
2021-04-16,Damietta_mouth,CHL,4.843,3.598,2.876,5.04,1
2021-04-17,Damietta_mouth,CHL,3.183,3.005,2.149,3.271,1
2021-04-20,Damietta_mouth,CHL,,1.521,1.208,1.86,0.6319
2021-04-21,Damietta_mouth,CHL,2.598,2.358,1.636,2.598,1
2021-04-22,Damietta_mouth,CHL,2.416,2.275,1.45,2.434,1
2021-04-24,Damietta_mouth,CHL,1.94,1.609,1.114,2.063,1
2021-04-25,Damietta_mouth,CHL,2.21,1.855,1.165,2.343,1
2021-04-27,Damietta_mouth,CHL,3.196,2.32,1.859,3.404,0.9396
2021-04-28,Damietta_mouth,CHL,2.715,2.406,1.804,2.715,1
2021-04-29,Damietta_mouth,CHL,2.831,2.496,2.092,2.966,1
2021-04-30,Damietta_mouth,CHL,2.422,2.307,1.528,2.524,0.8681
2021-05-01,Damietta_mouth,CHL,2.258,2.105,1.567,2.402,1
2021-05-02,Damietta_mouth,CHL,2.113,1.87,1.347,2.284,1
2021-05-03,Damietta_mouth,CHL,1.392,1.392,1.096,1.778,1
2021-05-05,Damietta_mouth,CHL,1.283,0.9907,0.7586,1.283,0.9396
2021-05-06,Damietta_mouth,CHL,1.31,1.31,0.9131,1.706,1
2021-05-08,Damietta_mouth,CHL,1.866,1.633,0.8985,1.866,1
2021-05-10,Damietta_mouth,CHL,2.005,1.32,0.9013,2.005,0.9396
2021-05-11,Damietta_mouth,CHL,,1.611,0.8721,1.663,0.5659
2021-05-12,Damietta_mouth,CHL,1.449,1.473,0.7967,1.767,1
2021-05-13,Damietta_mouth,CHL,1.581,1.563,0.765,2.073,1
2021-05-14,Damietta_mouth,CHL,2.261,1.524,0.8438,2.261,1
2021-05-15,Damietta_mouth,CHL,1.59,1.522,0.7192,1.652,1
2021-05-16,Damietta_mouth,CHL,1.696,1.371,0.7685,1.696,1
2021-05-17,Damietta_mouth,CHL,1.215,1.215,1.127,1.215,0.2473
2021-05-18,Damietta_mouth,CHL,1.517,1.143,0.5346,1.675,1
2021-05-19,Damietta_mouth,CHL,1.512,0.9658,0.5298,1.803,1
2021-05-20,Damietta_mouth,CHL,1.606,1.335,0.7377,1.721,1
2021-05-21,Damietta_mouth,CHL,1.366,1.027,0.5704,1.58,1
2021-05-23,Damietta_mouth,CHL,1.879,1.79,1.034,2.262,0.8132
2021-05-24,Damietta_mouth,CHL,1.936,1.809,1.296,2.057,1
2021-05-25,Damietta_mouth,CHL,2.847,1.897,1.266,3.094,1
2021-05-26,Damietta_mouth,CHL,1.83,1.335,0.9235,2.195,1
2021-05-27,Damietta_mouth,CHL,1.596,1.246,0.8442,1.612,1
2021-05-28,Damietta_mouth,CHL,1.504,1.504,0.9601,1.931,1
2021-05-29,Damietta_mouth,CHL,1.754,1.44,0.9094,1.797,1
2021-05-30,Damietta_mouth,CHL,1.677,1.576,0.9009,2.143,1
2021-05-31,Damietta_mouth,CHL,2.025,1.516,0.9124,2.056,1
2021-06-01,Damietta_mouth,CHL,1.402,1.135,0.7046,1.614,1
2021-06-02,Damietta_mouth,CHL,1.453,1.009,0.6441,1.813,1
2021-06-03,Damietta_mouth,CHL,1.584,1.447,0.8292,1.68,1
2021-06-04,Damietta_mouth,CHL,,0.4827,0.307,0.4827,0.2473
2021-06-05,Damietta_mouth,CHL,1.52,1.539,0.9726,2.019,0.6319
2021-06-06,Damietta_mouth,CHL,1.714,1.452,0.8963,2.584,1
2021-06-07,Damietta_mouth,CHL,2.047,1.475,1.107,3.257,1
2021-06-08,Damietta_mouth,CHL,1.964,1.49,0.9636,2.049,1
2021-06-09,Damietta_mouth,CHL,,1.17,0.6602,1.42,0.8187
2021-06-10,Damietta_mouth,CHL,1.379,1.354,0.7864,1.662,0.989
2021-06-11,Damietta_mouth,CHL,,1.05,0.6317,1.441,0.8187
2021-06-12,Damietta_mouth,CHL,1.547,1.397,0.7637,1.673,1
2021-06-13,Damietta_mouth,CHL,1.57,1.507,0.8064,1.707,1
2021-06-14,Damietta_mouth,CHL,1.451,1.399,0.6535,1.761,1
2021-06-15,Damietta_mouth,CHL,1.233,1.079,0.5966,1.678,1
2021-06-16,Damietta_mouth,CHL,1.288,0.887,0.4938,1.453,1
2021-06-17,Damietta_mouth,CHL,1.541,1.172,0.7181,2.962,1
2021-06-18,Damietta_mouth,CHL,1.933,1.251,0.7622,2.879,1
2021-06-19,Damietta_mouth,CHL,1.903,1.178,0.6903,2.194,1
2021-06-20,Damietta_mouth,CHL,1.972,0.9406,0.754,4.03,1
2021-06-22,Damietta_mouth,CHL,1.562,1.032,0.6521,2.026,1
2021-06-23,Damietta_mouth,CHL,2.03,1.262,0.6405,2.03,1
2021-06-24,Damietta_mouth,CHL,1.602,1.379,0.6515,2.008,1
2021-06-25,Damietta_mouth,CHL,1.054,0.5585,0.4042,1.505,1
2021-06-26,Damietta_mouth,CHL,1.308,0.9035,0.4895,1.535,1
2021-06-27,Damietta_mouth,CHL,1.725,1.544,0.7522,2.381,0.8736
2021-06-28,Damietta_mouth,CHL,1.333,0.8746,0.4355,1.634,1
2021-06-29,Damietta_mouth,CHL,1.329,0.973,0.5548,1.769,1
2021-06-30,Damietta_mouth,CHL,1.417,1.329,0.6415,1.568,0.8736
2021-07-01,Damietta_mouth,CHL,1.219,0.902,0.5357,1.608,1
2021-07-02,Damietta_mouth,CHL,1.366,1.228,0.7285,1.765,1
2021-07-03,Damietta_mouth,CHL,1.165,1.121,0.6765,2.298,1
2021-07-04,Damietta_mouth,CHL,1.442,1.107,0.7828,1.605,1
2021-07-05,Damietta_mouth,CHL,1.631,1.499,0.9495,2.099,1
2021-07-06,Damietta_mouth,CHL,2.139,1.572,1.051,2.669,1
2021-07-07,Damietta_mouth,CHL,1.701,1.395,0.8909,1.865,1
2021-07-08,Damietta_mouth,CHL,1.77,1.421,0.8593,2.08,0.9396
2021-07-09,Damietta_mouth,CHL,1.551,1.256,0.6173,1.883,1
2021-07-11,Damietta_mouth,CHL,1.468,1.226,0.7572,1.974,1
2021-07-12,Damietta_mouth,CHL,1.643,1.243,0.818,1.643,0.9396
2021-07-13,Damietta_mouth,CHL,1.75,1.605,0.9162,1.943,1
2021-07-14,Damietta_mouth,CHL,1.107,0.981,0.7169,2.03,1
2021-07-15,Damietta_mouth,CHL,1.541,1.202,0.852,1.946,0.9396
2021-07-16,Damietta_mouth,CHL,1.61,1.132,0.8674,1.61,0.7473
2021-07-17,Damietta_mouth,CHL,1.208,0.8437,0.7008,2.016,1
2021-07-18,Damietta_mouth,CHL,1.76,1.197,0.7523,2.731,1
2021-07-19,Damietta_mouth,CHL,1.422,1.03,0.6966,1.55,1
2021-07-20,Damietta_mouth,CHL,1.601,1.391,0.776,1.757,1
2021-07-21,Damietta_mouth,CHL,1.396,1.083,0.562,1.501,1
2021-07-22,Damietta_mouth,CHL,1.451,1.109,0.6083,1.707,1
2021-07-24,Damietta_mouth,CHL,1.672,1.576,1.167,1.772,0.8022
2021-07-25,Damietta_mouth,CHL,,1.163,0.9547,1.163,0.2473
2021-07-26,Damietta_mouth,CHL,1.702,1.641,1.077,1.748,1
2021-07-27,Damietta_mouth,CHL,1.375,1.29,0.9696,2.005,1
2021-07-28,Damietta_mouth,CHL,1.376,1.196,0.9223,1.956,1
2021-07-29,Damietta_mouth,CHL,1.137,1.107,0.7101,1.581,1
2021-07-30,Damietta_mouth,CHL,1.426,1.282,0.8685,1.662,1
2021-08-01,Damietta_mouth,CHL,1.552,1.291,0.8478,1.7,1
2021-08-02,Damietta_mouth,CHL,1.515,1.208,0.8812,1.567,1
2021-08-03,Damietta_mouth,CHL,1.251,1.173,0.8401,1.503,1
2021-08-04,Damietta_mouth,CHL,1.319,1.071,0.7173,1.319,0.9396
2021-08-05,Damietta_mouth,CHL,1.822,1.351,0.8306,2.008,1
2021-08-06,Damietta_mouth,CHL,1.311,0.9695,0.607,1.311,0.9396
2021-08-09,Damietta_mouth,CHL,2.076,1.621,1.167,2.483,1
2021-08-10,Damietta_mouth,CHL,2.172,1.916,1.289,2.894,1
2021-08-11,Damietta_mouth,CHL,1.894,1.6,1.187,2.569,1
2021-08-12,Damietta_mouth,CHL,2.771,1.987,1.288,2.88,1
2021-08-13,Damietta_mouth,CHL,1.574,1.595,1.001,2.156,0.8736
2021-08-14,Damietta_mouth,CHL,1.575,1.346,0.9841,2.583,1
2021-08-15,Damietta_mouth,CHL,1.525,1.449,1.021,2.249,1
2021-08-16,Damietta_mouth,CHL,1.783,1.63,1.168,2.779,1
2021-08-17,Damietta_mouth,CHL,1.663,1.631,1.237,2.028,1
2021-08-18,Damietta_mouth,CHL,2.2,1.968,1.281,2.2,1
2021-08-19,Damietta_mouth,CHL,2.159,1.583,1.222,2.289,1
2021-08-20,Damietta_mouth,CHL,1.819,1.381,1.133,2.493,1
2021-08-21,Damietta_mouth,CHL,1.838,1.304,1.133,3.225,1
2021-08-22,Damietta_mouth,CHL,1.541,1.438,1.084,2.333,1
2021-08-23,Damietta_mouth,CHL,2.174,1.411,1.102,2.815,1
2021-08-24,Damietta_mouth,CHL,,1.335,1.268,1.335,0.1264
2021-08-25,Damietta_mouth,CHL,3.708,1.492,1.341,3.708,1
2021-08-26,Damietta_mouth,CHL,1.536,1.536,1.131,2.684,1
2021-08-27,Damietta_mouth,CHL,1.711,1.385,0.9769,1.827,0.6868
2021-08-28,Damietta_mouth,CHL,1.804,1.517,1.042,3.067,1
2021-08-29,Damietta_mouth,CHL,2.269,1.466,1.152,3.485,1
2021-08-30,Damietta_mouth,CHL,2.104,1.204,1.034,3.438,1
2021-08-31,Damietta_mouth,CHL,,1.064,0.9334,1.089,0.4286
2021-09-01,Damietta_mouth,CHL,2.851,1.49,1.278,3.782,1
2021-09-02,Damietta_mouth,CHL,2.433,1.734,1.306,3.64,1
2021-09-04,Damietta_mouth,CHL,,1.537,1.317,1.544,0.3736
2021-09-05,Damietta_mouth,CHL,5.417,1.579,1.602,5.417,1
2021-09-07,Damietta_mouth,CHL,,0.5132,0.4,0.5132,0.1264
2021-09-08,Damietta_mouth,CHL,2.907,2.868,1.989,3.154,1
2021-09-10,Damietta_mouth,CHL,,1.443,0.8779,1.612,0.6319
2021-09-11,Damietta_mouth,CHL,2.161,1.989,1.441,3.452,1
2021-09-12,Damietta_mouth,CHL,2.595,2.095,1.438,2.595,0.7527
2021-09-14,Damietta_mouth,CHL,2.606,1.759,1.39,2.997,1
2021-09-15,Damietta_mouth,CHL,2.126,1.649,1.064,2.834,1
2021-09-17,Damietta_mouth,CHL,2.8,1.964,1.653,2.936,1
2021-09-18,Damietta_mouth,CHL,3.377,2.067,1.74,5.076,1
2021-09-19,Damietta_mouth,CHL,3.472,2.85,1.961,3.831,1
2021-09-20,Damietta_mouth,CHL,10.62,6.54,3.253,10.62,1
2021-09-21,Damietta_mouth,CHL,13.59,3.122,2.985,13.59,1
2021-09-22,Damietta_mouth,CHL,1.995,1.391,1.191,3.987,1
2021-09-24,Damietta_mouth,CHL,4.789,4.006,2.396,4.789,1
2021-09-25,Damietta_mouth,CHL,2.741,2.308,1.685,3.017,1
2021-09-26,Damietta_mouth,CHL,2.813,2.26,1.575,2.813,1
2021-09-27,Damietta_mouth,CHL,2.428,2.119,1.259,2.736,1
2021-09-28,Damietta_mouth,CHL,1.469,1.596,1.376,3.282,0.9396
2021-09-29,Damietta_mouth,CHL,2.303,1.717,1.503,3.129,1
2021-10-02,Damietta_mouth,CHL,1.988,1.385,1.331,2.242,1
2021-10-04,Damietta_mouth,CHL,,0.2303,0.2303,0.2303,0.011
2021-10-06,Damietta_mouth,CHL,2.879,1.581,1.349,2.879,1
2021-10-07,Damietta_mouth,CHL,5.637,3.362,2.435,5.637,0.5549
2021-10-08,Damietta_mouth,CHL,3.111,2.941,2.087,3.283,0.7418
2021-10-09,Damietta_mouth,CHL,1.884,1.703,1.347,1.884,1
2021-10-10,Damietta_mouth,CHL,2.083,1.78,1.289,2.403,1
2021-10-11,Damietta_mouth,CHL,1.894,1.631,1.141,2.209,1
2021-10-12,Damietta_mouth,CHL,1.788,1.788,1.577,1.907,0.4286
2021-10-13,Damietta_mouth,CHL,1.968,1.89,1.228,2.153,1
2021-10-14,Damietta_mouth,CHL,1.965,1.556,1.068,2.013,1
2021-10-15,Damietta_mouth,CHL,2.339,2.287,1.448,2.526,1
2021-10-16,Damietta_mouth,CHL,2.021,2.164,1.867,2.226,1
2021-10-17,Damietta_mouth,CHL,3.023,2.692,1.446,3.301,1
2021-10-18,Damietta_mouth,CHL,1.413,1.388,0.8451,1.594,1
2021-10-19,Damietta_mouth,CHL,1.554,1.554,0.9983,2.353,0.8132
2021-10-21,Damietta_mouth,CHL,2.435,1.592,1.206,4.68,1
2021-10-22,Damietta_mouth,CHL,1.875,1.484,1.028,2.202,0.9396
2021-10-23,Damietta_mouth,CHL,,1.21,0.7819,1.457,0.6923
2021-10-24,Damietta_mouth,CHL,3.141,1.911,1.152,3.223,0.8736
2021-10-25,Damietta_mouth,CHL,3.505,1.119,1.352,9.561,1
2021-10-26,Damietta_mouth,CHL,2.607,1.483,0.9471,2.607,0.9396
2021-10-29,Damietta_mouth,CHL,2.718,2.519,1.843,3.054,0.6758
2021-10-30,Damietta_mouth,CHL,2.504,2.147,1.293,2.632,1
2021-10-31,Damietta_mouth,CHL,3.298,3.109,1.959,3.298,0.8132
2021-11-01,Damietta_mouth,CHL,3.462,3.39,2.195,3.522,1
2021-11-02,Damietta_mouth,CHL,2.374,2.05,1.391,2.614,1
2021-11-03,Damietta_mouth,CHL,2.461,2.415,1.675,3.052,1
2021-11-04,Damietta_mouth,CHL,,2.258,1.447,2.869,0.8791
2021-11-06,Damietta_mouth,CHL,4.813,2.801,2.143,5.976,1
2021-11-07,Damietta_mouth,CHL,4.665,2.799,1.984,5.834,1
2021-11-08,Damietta_mouth,CHL,3.066,3.06,1.812,5.133,1
2021-11-09,Damietta_mouth,CHL,2.878,2.493,1.569,4.22,1
2021-11-13,Damietta_mouth,CHL,6.838,6.838,6.12,6.838,0.1868
2021-11-14,Damietta_mouth,CHL,6.601,5.314,2.876,7.895,1
2021-11-18,Damietta_mouth,CHL,,0.5223,0.5079,0.5223,0.0769
2021-11-19,Damietta_mouth,CHL,,0.3511,0.3511,0.3511,0.011
2021-11-22,Damietta_mouth,CHL,4.213,2.491,1.823,5.588,1
2021-11-23,Damietta_mouth,CHL,2.907,2.318,1.634,4.078,1
2021-11-24,Damietta_mouth,CHL,6.897,2.389,1.983,7.329,1
2021-11-25,Damietta_mouth,CHL,20.27,4.502,4.208,21.31,1
2021-11-26,Damietta_mouth,CHL,4.099,2.041,1.338,7.718,1
2021-11-27,Damietta_mouth,CHL,11.35,6.589,3.683,12.13,0.9396
2021-11-28,Damietta_mouth,CHL,4.069,3.677,1.665,4.214,1
2021-11-29,Damietta_mouth,CHL,5.881,3.593,1.891,5.881,1
2021-12-02,Damietta_mouth,CHL,5.041,4.465,2.667,5.378,0.9231
2021-12-03,Damietta_mouth,CHL,2.929,2.929,2.325,4.328,0.5659
2021-12-05,Damietta_mouth,CHL,,2.414,2.414,2.414,0.0659
2021-12-06,Damietta_mouth,CHL,,1.499,1.332,2.078,0.3681
2021-12-09,Damietta_mouth,CHL,5.46,5.237,4.074,5.501,0.6154
2021-12-10,Damietta_mouth,CHL,4.275,4.275,3.028,4.609,1
2021-12-11,Damietta_mouth,CHL,4.564,2.92,2.423,5.002,1
2021-12-14,Damietta_mouth,CHL,5.439,5.209,4.448,5.439,0.3077
2021-12-15,Damietta_mouth,CHL,3.069,2.997,2.356,4.756,1
2021-12-16,Damietta_mouth,CHL,,2.466,1.754,2.847,0.6923
2021-12-17,Damietta_mouth,CHL,,1.809,1.439,2.12,0.6923
2021-12-18,Damietta_mouth,CHL,6.303,6.021,4.196,6.303,1
2021-12-21,Damietta_mouth,CHL,9.538,9.268,6.12,9.898,0.9396
2021-12-25,Damietta_mouth,CHL,3.863,2.267,1.923,4.359,1
2021-12-26,Damietta_mouth,CHL,2.341,1.562,1.388,3.594,1
2021-12-27,Damietta_mouth,CHL,3.065,1.3,1.373,6.346,1
2021-12-29,Damietta_mouth,CHL,2.225,1.808,1.122,2.484,1
2021-01-01,Bardawil_off,CHL,1.77,1.687,1.167,1.833,1
2021-01-02,Bardawil_off,CHL,1.261,1.181,0.7633,1.297,1
2021-01-03,Bardawil_off,CHL,1.823,1.637,1.187,1.871,1
2021-01-04,Bardawil_off,CHL,1.634,1.465,1.141,1.662,0.8791
2021-01-07,Bardawil_off,CHL,1.288,1.133,0.7566,1.288,1
2021-01-08,Bardawil_off,CHL,1.156,0.9022,0.5843,1.191,1
2021-01-09,Bardawil_off,CHL,1.206,1.059,0.6763,1.229,1
2021-01-10,Bardawil_off,CHL,1.162,1.017,0.6865,1.268,1
2021-01-11,Bardawil_off,CHL,1.281,0.9858,0.8123,1.456,1
2021-01-12,Bardawil_off,CHL,1.496,1.419,1.033,1.544,1
2021-01-15,Bardawil_off,CHL,4.565,4.565,2.998,4.871,1
2021-01-16,Bardawil_off,CHL,3.551,2.867,2.144,3.788,1
2021-01-18,Bardawil_off,CHL,6.323,6.323,4.428,7.001,1
2021-01-22,Bardawil_off,CHL,3.587,4.064,3.037,4.16,1
2021-01-23,Bardawil_off,CHL,4.143,4.641,3.001,5.114,1
2021-01-24,Bardawil_off,CHL,2.1,1.789,1.514,2.124,1
2021-01-25,Bardawil_off,CHL,1.676,1.371,1.017,1.909,1
2021-01-30,Bardawil_off,CHL,6.009,5.489,4.353,6.296,1
2021-01-31,Bardawil_off,CHL,4.951,5.785,4.204,6.172,1
2021-02-01,Bardawil_off,CHL,2.066,2.044,1.143,2.219,1
2021-02-02,Bardawil_off,CHL,1.716,1.417,1.09,1.887,1
2021-02-03,Bardawil_off,CHL,1.8,1.746,1.066,1.977,1
2021-02-05,Bardawil_off,CHL,3.748,3.748,3.563,3.748,0.1044
2021-02-06,Bardawil_off,CHL,2.162,2.982,2.137,3.136,0.8132
2021-02-07,Bardawil_off,CHL,1.799,1.825,1.324,1.919,1
2021-02-09,Bardawil_off,CHL,2.328,1.819,1.507,2.328,1
2021-02-11,Bardawil_off,CHL,1.841,1.512,1.094,1.974,1
2021-02-12,Bardawil_off,CHL,1.546,1.546,1.139,1.828,1
2021-02-13,Bardawil_off,CHL,1.447,1.464,1.039,1.494,1
2021-02-14,Bardawil_off,CHL,1.328,1.533,1.4,1.637,0.6264
2021-02-15,Bardawil_off,CHL,1.475,1.454,1.19,1.552,1
2021-02-20,Bardawil_off,CHL,,4.415,3.72,4.449,0.5604
2021-02-22,Bardawil_off,CHL,,2.241,2.227,3.251,0.3736
2021-02-24,Bardawil_off,CHL,4.71,4.878,3.128,5.172,1
2021-02-25,Bardawil_off,CHL,2.816,2.755,1.941,2.825,1
2021-02-26,Bardawil_off,CHL,2.073,2.115,2.04,2.162,0.3132
2021-02-28,Bardawil_off,CHL,1.989,2.052,1.722,2.319,1
2021-03-01,Bardawil_off,CHL,2.149,2.117,2.004,2.159,0.4396
2021-03-02,Bardawil_off,CHL,3.07,2.802,2.095,3.097,1
2021-03-03,Bardawil_off,CHL,3.682,3.695,2.638,3.961,1
2021-03-04,Bardawil_off,CHL,,2.995,1.811,3.168,0.5604
2021-03-05,Bardawil_off,CHL,2.146,2.124,1.766,2.23,1
2021-03-06,Bardawil_off,CHL,2.27,2.21,1.794,2.27,1
2021-03-07,Bardawil_off,CHL,2.958,2.22,1.649,3.104,1
2021-03-08,Bardawil_off,CHL,7.722,6.078,3.762,9.616,1
2021-03-12,Bardawil_off,CHL,8.564,9.026,7.773,9.446,0.9396
2021-03-13,Bardawil_off,CHL,3.97,3.728,3.125,3.97,1
2021-03-16,Bardawil_off,CHL,1.991,1.958,1.717,2.069,1
2021-03-17,Bardawil_off,CHL,1.824,1.893,1.755,2.033,1
2021-03-18,Bardawil_off,CHL,3.163,2.854,2.205,3.42,1
2021-03-19,Bardawil_off,CHL,1.946,1.947,1.676,2.083,0.8791
2021-03-25,Bardawil_off,CHL,4.488,4.683,3.642,5.003,1
2021-03-27,Bardawil_off,CHL,3.671,3.681,2.88,4.262,0.9835
2021-03-28,Bardawil_off,CHL,2.049,2.027,1.781,2.049,0.9341
2021-03-29,Bardawil_off,CHL,,1.791,1.791,1.791,0.022
2021-03-31,Bardawil_off,CHL,1.678,1.606,1.475,1.692,0.978
2021-04-01,Bardawil_off,CHL,2.283,2.248,1.942,2.321,0.8132
2021-04-02,Bardawil_off,CHL,,2.113,1.97,2.154,0.6648
2021-04-03,Bardawil_off,CHL,2.23,2.116,1.877,2.244,1
2021-04-04,Bardawil_off,CHL,2.056,2.002,1.724,2.056,1
2021-04-05,Bardawil_off,CHL,2.232,2.099,1.63,2.274,1
2021-04-06,Bardawil_off,CHL,,1.425,1.04,1.545,0.3736
2021-04-09,Bardawil_off,CHL,,1.256,0.6879,1.384,0.3297
2021-04-12,Bardawil_off,CHL,,3.772,2.467,4.008,0.7308
2021-04-13,Bardawil_off,CHL,3.345,3.345,2.78,3.677,1
2021-04-14,Bardawil_off,CHL,1.953,2.028,1.833,2.051,1
2021-04-15,Bardawil_off,CHL,2.84,2.428,2.083,2.873,1
2021-04-16,Bardawil_off,CHL,2.617,2.445,2.004,2.71,1
2021-04-17,Bardawil_off,CHL,2.364,2.265,1.962,2.423,1
2021-04-21,Bardawil_off,CHL,,1.349,1.188,1.369,0.3132
2021-04-22,Bardawil_off,CHL,2.076,1.833,1.568,2.152,1
2021-04-23,Bardawil_off,CHL,2.136,2.029,1.602,2.253,1
2021-04-24,Bardawil_off,CHL,2.301,2.196,1.669,2.313,1
2021-04-25,Bardawil_off,CHL,2.25,2.054,1.557,2.315,0.956
2021-04-26,Bardawil_off,CHL,2.231,2.088,1.669,2.294,0.978
2021-04-27,Bardawil_off,CHL,2.173,1.991,1.775,2.173,1
2021-04-28,Bardawil_off,CHL,2.346,2.144,1.993,2.452,1
2021-04-29,Bardawil_off,CHL,2.651,2.472,2.204,2.754,1
2021-04-30,Bardawil_off,CHL,2.165,2.029,1.54,2.199,0.6264
2021-05-01,Bardawil_off,CHL,1.685,1.623,1.532,1.828,1
2021-05-02,Bardawil_off,CHL,,2.045,1.66,2.277,0.6978
2021-05-03,Bardawil_off,CHL,1.411,1.383,1.238,1.674,1
2021-05-05,Bardawil_off,CHL,1.74,1.581,1.264,1.954,0.956
2021-05-06,Bardawil_off,CHL,1.529,1.478,1.123,1.707,1
2021-05-07,Bardawil_off,CHL,1.884,1.707,1.16,2.173,0.9341
2021-05-08,Bardawil_off,CHL,1.868,1.651,1.222,2.064,1
2021-05-11,Bardawil_off,CHL,1.964,1.711,1.309,2.119,1
2021-05-12,Bardawil_off,CHL,1.853,1.695,1.345,1.946,1
2021-05-13,Bardawil_off,CHL,1.893,1.681,1.222,1.948,1
2021-05-14,Bardawil_off,CHL,1.641,1.641,1.191,1.766,1
2021-05-15,Bardawil_off,CHL,1.596,1.596,1.153,1.681,1
2021-05-16,Bardawil_off,CHL,,1.49,1.022,1.584,0.7473
2021-05-17,Bardawil_off,CHL,1.733,1.462,0.9969,1.733,1
2021-05-18,Bardawil_off,CHL,1.65,1.65,1.053,1.694,1
2021-05-19,Bardawil_off,CHL,1.498,1.399,1.031,1.635,1
2021-05-20,Bardawil_off,CHL,1.55,1.427,1.092,1.613,1
2021-05-21,Bardawil_off,CHL,1.498,1.498,1.08,1.582,1
2021-05-22,Bardawil_off,CHL,,0.9392,0.6542,0.962,0.3736
2021-05-23,Bardawil_off,CHL,2.11,1.912,1.402,2.11,0.8077
2021-05-24,Bardawil_off,CHL,2.054,2.008,1.766,2.106,1
2021-05-25,Bardawil_off,CHL,2.112,2.112,1.647,2.195,1
2021-05-26,Bardawil_off,CHL,2.175,2.087,1.716,2.201,1
2021-05-27,Bardawil_off,CHL,1.897,1.869,1.321,1.929,1
2021-05-28,Bardawil_off,CHL,2.144,2.082,1.341,2.16,1
2021-05-29,Bardawil_off,CHL,2.067,1.737,1.261,2.115,0.978
2021-05-30,Bardawil_off,CHL,2.357,1.98,1.507,2.357,1
2021-06-01,Bardawil_off,CHL,2.28,1.905,1.38,2.547,1
2021-06-02,Bardawil_off,CHL,,1.218,0.7905,1.393,0.4835
2021-06-03,Bardawil_off,CHL,2.066,1.902,1.404,2.11,1
2021-06-04,Bardawil_off,CHL,,1.938,1.435,2.121,0.8132
2021-06-05,Bardawil_off,CHL,1.937,1.937,1.593,1.997,1
2021-06-06,Bardawil_off,CHL,1.993,1.861,1.481,2.052,1
2021-06-07,Bardawil_off,CHL,2.015,1.983,1.687,2.057,1
2021-06-08,Bardawil_off,CHL,1.955,1.898,1.464,2.019,1
2021-06-09,Bardawil_off,CHL,2.652,2.475,1.836,2.714,1
2021-06-10,Bardawil_off,CHL,1.967,1.571,1.286,1.967,0.9341
2021-06-11,Bardawil_off,CHL,1.874,1.867,1.368,1.879,0.7308
2021-06-12,Bardawil_off,CHL,1.748,1.641,1.225,1.832,1
2021-06-13,Bardawil_off,CHL,1.802,1.763,1.427,1.833,1
2021-06-14,Bardawil_off,CHL,1.574,1.56,1.256,1.622,0.8736
2021-06-15,Bardawil_off,CHL,1.496,1.507,1.157,1.763,1
2021-06-16,Bardawil_off,CHL,1.475,1.522,1.071,1.668,1
2021-06-17,Bardawil_off,CHL,1.674,1.777,1.35,1.86,1
2021-06-18,Bardawil_off,CHL,1.815,1.819,1.505,1.896,1
2021-06-19,Bardawil_off,CHL,1.821,1.821,1.447,1.887,1
2021-06-20,Bardawil_off,CHL,2.033,2.011,1.469,2.155,1
2021-06-21,Bardawil_off,CHL,1.857,1.79,1.26,1.857,1
2021-06-22,Bardawil_off,CHL,1.587,1.559,1.062,1.705,0.8956
2021-06-23,Bardawil_off,CHL,1.434,1.589,1.135,1.658,1
2021-06-24,Bardawil_off,CHL,1.439,1.525,1.063,1.589,1
2021-06-25,Bardawil_off,CHL,1.558,1.487,0.9889,1.594,1
2021-06-26,Bardawil_off,CHL,1.722,1.641,1.101,1.743,1
2021-06-27,Bardawil_off,CHL,1.664,1.664,1.235,1.748,0.8846
2021-06-28,Bardawil_off,CHL,1.514,1.419,1.026,1.64,1
2021-06-29,Bardawil_off,CHL,1.637,1.444,0.998,1.643,1
2021-06-30,Bardawil_off,CHL,1.5,1.471,1.107,1.529,0.9341
2021-07-01,Bardawil_off,CHL,1.805,1.651,1.257,1.817,1
2021-07-02,Bardawil_off,CHL,1.692,1.675,1.233,1.707,1
2021-07-03,Bardawil_off,CHL,2.058,1.885,1.28,2.058,1
2021-07-04,Bardawil_off,CHL,1.889,1.527,1.264,1.952,1
2021-07-05,Bardawil_off,CHL,1.927,1.841,1.402,1.972,0.978
2021-07-06,Bardawil_off,CHL,2.058,1.975,1.609,2.146,1
2021-07-07,Bardawil_off,CHL,1.887,1.749,1.337,1.956,1
2021-07-08,Bardawil_off,CHL,1.913,1.659,1.218,2.044,1
2021-07-09,Bardawil_off,CHL,2.106,1.718,1.194,2.179,1
2021-07-10,Bardawil_off,CHL,1.792,1.6,1.147,1.832,0.8681
2021-07-11,Bardawil_off,CHL,1.957,1.827,1.356,2.056,1
2021-07-12,Bardawil_off,CHL,1.869,1.807,1.269,2.029,1
2021-07-13,Bardawil_off,CHL,2.061,1.79,1.376,2.182,1
2021-07-14,Bardawil_off,CHL,1.838,1.647,1.268,1.944,1
2021-07-15,Bardawil_off,CHL,1.899,1.746,1.343,1.982,1
2021-07-16,Bardawil_off,CHL,2.002,1.787,1.281,2.032,0.8681
2021-07-17,Bardawil_off,CHL,1.955,1.831,1.333,1.955,1
2021-07-18,Bardawil_off,CHL,1.986,1.806,1.304,1.986,1
2021-07-19,Bardawil_off,CHL,2.034,1.831,1.303,2.13,1
2021-07-20,Bardawil_off,CHL,1.969,1.874,1.228,2.112,1
2021-07-21,Bardawil_off,CHL,1.567,1.436,0.9542,1.991,1
2021-07-22,Bardawil_off,CHL,1.544,1.536,1.072,1.654,1
2021-07-24,Bardawil_off,CHL,1.963,1.887,1.825,1.963,0.3132
2021-07-25,Bardawil_off,CHL,1.917,1.845,1.549,1.955,1
2021-07-26,Bardawil_off,CHL,1.895,1.765,1.384,2,1
2021-07-27,Bardawil_off,CHL,2.004,1.74,1.37,2.177,1
2021-07-28,Bardawil_off,CHL,1.882,1.619,1.323,1.973,1
2021-07-29,Bardawil_off,CHL,2.231,2.073,1.446,2.303,1
2021-08-02,Bardawil_off,CHL,1.805,1.63,1.167,2.19,1
2021-08-03,Bardawil_off,CHL,1.716,1.432,1.033,1.782,1
2021-08-04,Bardawil_off,CHL,,0.9329,0.7142,1.086,0.4341
2021-08-05,Bardawil_off,CHL,1.54,1.446,1.006,1.706,1
2021-08-07,Bardawil_off,CHL,1.886,1.812,1.586,1.886,0.5055
2021-08-08,Bardawil_off,CHL,1.929,1.909,1.689,1.929,0.4396
2021-08-09,Bardawil_off,CHL,2.034,1.972,1.529,2.213,1
2021-08-10,Bardawil_off,CHL,1.962,1.909,1.504,2.064,1
2021-08-11,Bardawil_off,CHL,1.983,1.904,1.481,2.211,1
2021-08-12,Bardawil_off,CHL,2.486,2.041,1.425,2.52,1
2021-08-13,Bardawil_off,CHL,2.076,1.815,1.398,2.185,1
2021-08-14,Bardawil_off,CHL,2.273,1.896,1.458,2.367,1
2021-08-15,Bardawil_off,CHL,2.082,1.779,1.425,2.091,1
2021-08-16,Bardawil_off,CHL,2.298,2.267,1.593,2.404,1
2021-08-17,Bardawil_off,CHL,2.662,2.184,1.605,2.662,1
2021-08-18,Bardawil_off,CHL,2.815,2.279,1.689,2.994,1
2021-08-19,Bardawil_off,CHL,,2.088,1.522,2.151,0.3132
2021-08-20,Bardawil_off,CHL,,1.779,1.348,2.48,0.8791
2021-08-21,Bardawil_off,CHL,2.138,2.129,1.425,2.296,0.8901
2021-08-22,Bardawil_off,CHL,2.295,2.054,1.453,2.329,0.978
2021-08-23,Bardawil_off,CHL,2.438,2.296,1.73,2.486,0.9396
2021-08-24,Bardawil_off,CHL,1.899,1.923,1.517,1.985,1
2021-08-25,Bardawil_off,CHL,1.926,1.931,1.604,2.036,1
2021-08-26,Bardawil_off,CHL,1.809,1.637,1.364,1.891,1
2021-08-28,Bardawil_off,CHL,1.672,1.476,1.071,1.808,1
2021-08-29,Bardawil_off,CHL,2.29,2.157,1.455,2.347,1
2021-08-30,Bardawil_off,CHL,1.923,1.894,1.324,1.983,0.7363
2021-08-31,Bardawil_off,CHL,,1.776,1.709,1.776,0.1264
2021-09-01,Bardawil_off,CHL,1.845,1.845,1.375,2.186,1
2021-09-02,Bardawil_off,CHL,1.79,1.603,1.338,1.906,1
2021-09-03,Bardawil_off,CHL,1.887,1.743,1.423,1.927,0.9396
2021-09-04,Bardawil_off,CHL,,0.9934,0.9679,1.211,0.3736
2021-09-05,Bardawil_off,CHL,1.94,1.907,1.438,2.043,1
2021-09-06,Bardawil_off,CHL,,1.245,1.167,1.245,0.2527
2021-09-07,Bardawil_off,CHL,2.129,2.062,1.636,2.152,0.7473
2021-09-08,Bardawil_off,CHL,2.572,2.395,1.964,2.611,1
2021-09-09,Bardawil_off,CHL,2.055,2.011,1.444,2.092,1
2021-09-10,Bardawil_off,CHL,1.545,1.557,1.047,1.67,0.978
2021-09-11,Bardawil_off,CHL,1.712,1.71,1.458,1.758,0.7527
2021-09-12,Bardawil_off,CHL,,1.823,1.338,2.006,0.8736
2021-09-13,Bardawil_off,CHL,2.27,2.142,1.635,2.361,1
2021-09-14,Bardawil_off,CHL,2.044,1.911,1.459,2.193,1
2021-09-15,Bardawil_off,CHL,2.072,1.744,1.339,2.072,0.6868
2021-09-16,Bardawil_off,CHL,1.725,1.692,1.405,1.785,0.8736
2021-09-17,Bardawil_off,CHL,1.674,1.655,1.49,1.706,1
2021-09-18,Bardawil_off,CHL,1.763,1.729,1.497,1.763,1
2021-09-19,Bardawil_off,CHL,2.282,2.2,1.754,2.405,1
2021-09-20,Bardawil_off,CHL,2.626,2.035,1.669,3.021,1
2021-09-21,Bardawil_off,CHL,2.115,1.819,1.341,2.206,1
2021-09-22,Bardawil_off,CHL,1.669,1.669,1.404,1.832,0.5769
2021-09-25,Bardawil_off,CHL,2.06,2.029,1.803,2.741,1
2021-09-26,Bardawil_off,CHL,2.542,2.433,2.076,2.619,1
2021-09-27,Bardawil_off,CHL,1.862,1.862,1.702,1.996,0.5659
2021-09-28,Bardawil_off,CHL,,1.873,1.866,1.873,0.0659
2021-09-29,Bardawil_off,CHL,2.266,2.312,1.86,2.392,0.8132
2021-09-30,Bardawil_off,CHL,2.077,2.049,1.402,2.12,0.6264
2021-10-01,Bardawil_off,CHL,,0.8835,0.6934,0.8835,0.1209
2021-10-02,Bardawil_off,CHL,,1.629,1.213,1.687,0.4396
2021-10-03,Bardawil_off,CHL,,1.981,1.981,1.981,0.022
2021-10-04,Bardawil_off,CHL,1.967,1.965,1.61,1.988,0.8791
2021-10-05,Bardawil_off,CHL,2.165,2.165,1.529,2.207,1
2021-10-06,Bardawil_off,CHL,2.383,2.148,1.635,2.4,1
2021-10-07,Bardawil_off,CHL,2.678,2.378,1.649,2.751,1
2021-10-08,Bardawil_off,CHL,1.865,1.637,1.369,1.962,1
2021-10-09,Bardawil_off,CHL,1.813,1.904,1.824,1.931,0.1923
2021-10-10,Bardawil_off,CHL,2.055,2.025,1.427,2.15,1
2021-10-11,Bardawil_off,CHL,1.765,1.759,1.114,1.855,1
2021-10-12,Bardawil_off,CHL,,1.653,1.201,1.984,0.8077
2021-10-13,Bardawil_off,CHL,2.045,1.542,1.192,2.067,1
2021-10-14,Bardawil_off,CHL,2.483,2.007,1.468,2.53,0.8132
2021-10-15,Bardawil_off,CHL,3.056,2.597,1.946,3.1,1
2021-10-17,Bardawil_off,CHL,4.141,2.417,2.149,4.141,1
2021-10-18,Bardawil_off,CHL,1.68,1.344,1.064,1.737,0.7912
2021-10-19,Bardawil_off,CHL,2.068,2.038,1.494,2.136,0.7473
2021-10-20,Bardawil_off,CHL,2.197,2.067,1.649,2.197,0.6868
2021-10-21,Bardawil_off,CHL,1.945,1.945,1.644,2.002,0.6868
2021-10-22,Bardawil_off,CHL,2.455,2.353,1.482,2.528,1
2021-10-23,Bardawil_off,CHL,2.256,2.017,1.276,2.26,1
2021-10-24,Bardawil_off,CHL,2.708,2.286,1.409,2.998,1
2021-10-25,Bardawil_off,CHL,2.308,2.023,1.425,2.49,0.7473
2021-10-26,Bardawil_off,CHL,2.424,1.375,1.153,2.581,1
2021-10-29,Bardawil_off,CHL,2.448,2.355,1.806,2.606,0.6264
2021-10-30,Bardawil_off,CHL,2.251,2.066,1.556,2.296,1
2021-11-01,Bardawil_off,CHL,2.059,1.92,1.531,2.138,1
2021-11-02,Bardawil_off,CHL,1.928,1.829,1.408,2.046,0.956
2021-11-03,Bardawil_off,CHL,1.981,1.79,1.35,2.075,1
2021-11-04,Bardawil_off,CHL,1.903,1.903,1.632,1.994,0.4396
2021-11-06,Bardawil_off,CHL,2.599,2.217,1.579,2.63,1
2021-11-07,Bardawil_off,CHL,2.667,2.385,1.57,2.667,1
2021-11-08,Bardawil_off,CHL,2.17,2.008,1.315,2.225,1
2021-11-09,Bardawil_off,CHL,1.928,1.863,1.18,1.988,1
2021-11-10,Bardawil_off,CHL,1.794,1.595,1.11,1.942,1
2021-11-11,Bardawil_off,CHL,,1.966,1.852,1.966,0.1868
2021-11-13,Bardawil_off,CHL,2.936,2.812,2.019,3.131,1
2021-11-14,Bardawil_off,CHL,,1.293,1.064,1.31,0.4341
2021-11-17,Bardawil_off,CHL,1.801,1.593,1.2,1.931,1
2021-11-19,Bardawil_off,CHL,2.272,2.014,1.481,2.432,1
2021-11-22,Bardawil_off,CHL,4.617,4.612,3.213,5.178,1
2021-11-23,Bardawil_off,CHL,1.914,1.857,1.457,2.373,1
2021-11-24,Bardawil_off,CHL,2.052,2.035,1.397,2.374,0.7527
2021-11-25,Bardawil_off,CHL,3.333,2.603,1.681,4.374,1
2021-11-26,Bardawil_off,CHL,2.112,1.627,1.212,4.427,1
2021-11-27,Bardawil_off,CHL,2.676,2.13,1.301,3.741,1
2021-11-28,Bardawil_off,CHL,1.775,1.43,1.074,2.113,1
2021-11-29,Bardawil_off,CHL,2.7,1.396,1.065,3.871,1
2021-11-30,Bardawil_off,CHL,1.654,1.289,0.9239,1.931,1
2021-12-01,Bardawil_off,CHL,2.285,3.184,2.451,3.184,0.1703
2021-12-02,Bardawil_off,CHL,4.59,4.122,2.498,4.59,0.9341
2021-12-06,Bardawil_off,CHL,,2.961,2.622,2.961,0.2527
2021-12-09,Bardawil_off,CHL,4.806,4.576,3.372,5.195,0.8791
2021-12-10,Bardawil_off,CHL,,3.163,2.325,4.086,0.7473
2021-12-11,Bardawil_off,CHL,4.073,2.976,2.166,4.106,1
2021-12-15,Bardawil_off,CHL,4.083,2.67,2.254,4.083,1
2021-12-16,Bardawil_off,CHL,2.876,1.88,1.433,2.876,0.6209
2021-12-18,Bardawil_off,CHL,4.947,5.097,3.862,5.715,1
2021-12-19,Bardawil_off,CHL,7.869,8.311,6.17,8.663,1
2021-12-21,Bardawil_off,CHL,7.087,6.907,4.473,7.514,1
2021-12-22,Bardawil_off,CHL,4.327,4.919,4.208,4.989,0.6264
2021-12-24,Bardawil_off,CHL,,4.344,3.147,5.16,0.8791
2021-12-25,Bardawil_off,CHL,2.392,2.149,1.411,2.498,1
2021-12-26,Bardawil_off,CHL,2.415,1.549,1.024,2.476,1
2021-12-27,Bardawil_off,CHL,2.43,1.789,1.289,3.139,1
2021-12-28,Bardawil_off,CHL,2.468,2.085,1.341,2.733,1
2021-12-29,Bardawil_off,CHL,2.793,2.477,1.542,3.011,1
2021-01-01,Open_sea_ref,CHL,0.0772,0.0772,0.0772,0.0772,1
2021-01-02,Open_sea_ref,CHL,0.0571,0.0571,0.0571,0.0571,1
2021-01-04,Open_sea_ref,CHL,0.0715,0.0715,0.0715,0.0715,1
2021-01-07,Open_sea_ref,CHL,0.0683,0.0683,0.0683,0.0683,1
2021-01-08,Open_sea_ref,CHL,0.0737,0.0737,0.0737,0.0737,1
2021-01-09,Open_sea_ref,CHL,0.0621,0.0621,0.0621,0.0621,1
2021-01-10,Open_sea_ref,CHL,0.0698,0.0698,0.0698,0.0698,1
2021-01-12,Open_sea_ref,CHL,0.0631,0.0631,0.0631,0.0631,1
2021-01-17,Open_sea_ref,CHL,0.073,0.073,0.073,0.073,1
2021-01-22,Open_sea_ref,CHL,0.0701,0.0701,0.0701,0.0701,1
2021-01-23,Open_sea_ref,CHL,0.0756,0.0756,0.0756,0.0756,1
2021-01-24,Open_sea_ref,CHL,0.0664,0.0664,0.0664,0.0664,1
2021-01-25,Open_sea_ref,CHL,0.0637,0.0637,0.0637,0.0637,1
2021-01-31,Open_sea_ref,CHL,0.0732,0.0732,0.0732,0.0732,1
2021-02-01,Open_sea_ref,CHL,0.0701,0.0701,0.0701,0.0701,1
2021-02-03,Open_sea_ref,CHL,0.0821,0.0821,0.0821,0.0821,1
2021-02-05,Open_sea_ref,CHL,0.0725,0.0725,0.0725,0.0725,1
2021-02-06,Open_sea_ref,CHL,0.0645,0.0645,0.0645,0.0645,1
2021-02-09,Open_sea_ref,CHL,0.0631,0.0631,0.0631,0.0631,1
2021-02-10,Open_sea_ref,CHL,0.0609,0.0609,0.0609,0.0609,1
2021-02-11,Open_sea_ref,CHL,0.0595,0.0595,0.0595,0.0595,1
2021-02-12,Open_sea_ref,CHL,0.0596,0.0596,0.0596,0.0596,1
2021-02-13,Open_sea_ref,CHL,0.0539,0.0539,0.0539,0.0539,1
2021-02-14,Open_sea_ref,CHL,0.0546,0.0546,0.0546,0.0546,1
2021-02-15,Open_sea_ref,CHL,0.0516,0.0516,0.0516,0.0516,1
2021-02-18,Open_sea_ref,CHL,0.063,0.063,0.063,0.063,1
2021-02-19,Open_sea_ref,CHL,0.0639,0.0639,0.0639,0.0639,1
2021-02-21,Open_sea_ref,CHL,0.0597,0.0597,0.0597,0.0597,1
2021-02-22,Open_sea_ref,CHL,0.0639,0.0639,0.0639,0.0639,1
2021-02-24,Open_sea_ref,CHL,0.0646,0.0646,0.0646,0.0646,1
2021-02-26,Open_sea_ref,CHL,0.0495,0.0495,0.0495,0.0495,1
2021-02-27,Open_sea_ref,CHL,0.0565,0.0565,0.0565,0.0565,1
2021-03-02,Open_sea_ref,CHL,0.0579,0.0579,0.0579,0.0579,1
2021-03-04,Open_sea_ref,CHL,0.0547,0.0547,0.0547,0.0547,1
2021-03-05,Open_sea_ref,CHL,0.0611,0.0611,0.0611,0.0611,1
2021-03-06,Open_sea_ref,CHL,0.0555,0.0555,0.0555,0.0555,1
2021-03-08,Open_sea_ref,CHL,0.0665,0.0665,0.0665,0.0665,1
2021-03-13,Open_sea_ref,CHL,0.0531,0.0531,0.0531,0.0531,1
2021-03-15,Open_sea_ref,CHL,0.062,0.062,0.062,0.062,1
2021-03-16,Open_sea_ref,CHL,0.0525,0.0525,0.0525,0.0525,1
2021-03-17,Open_sea_ref,CHL,0.0523,0.0523,0.0523,0.0523,1
2021-03-19,Open_sea_ref,CHL,0.0496,0.0496,0.0496,0.0496,1
2021-03-25,Open_sea_ref,CHL,0.0661,0.0661,0.0661,0.0661,1
2021-03-27,Open_sea_ref,CHL,0.0648,0.0648,0.0648,0.0648,1
2021-03-28,Open_sea_ref,CHL,0.0622,0.0622,0.0622,0.0622,1
2021-03-30,Open_sea_ref,CHL,0.0542,0.0542,0.0542,0.0542,1
2021-03-31,Open_sea_ref,CHL,0.0535,0.0535,0.0535,0.0535,1
2021-04-02,Open_sea_ref,CHL,0.059,0.059,0.059,0.059,1
2021-04-03,Open_sea_ref,CHL,0.0496,0.0496,0.0496,0.0496,1
2021-04-04,Open_sea_ref,CHL,0.0571,0.0571,0.0571,0.0571,1
2021-04-06,Open_sea_ref,CHL,0.0507,0.0507,0.0507,0.0507,1
2021-04-08,Open_sea_ref,CHL,0.0457,0.0457,0.0457,0.0457,1
2021-04-12,Open_sea_ref,CHL,0.0487,0.0487,0.0487,0.0487,1
2021-04-13,Open_sea_ref,CHL,0.0477,0.0477,0.0477,0.0477,1
2021-04-14,Open_sea_ref,CHL,0.0438,0.0438,0.0438,0.0438,1
2021-04-15,Open_sea_ref,CHL,0.0437,0.0437,0.0437,0.0437,1
2021-04-16,Open_sea_ref,CHL,0.0437,0.0437,0.0437,0.0437,1
2021-04-17,Open_sea_ref,CHL,0.0422,0.0422,0.0422,0.0422,1
2021-04-22,Open_sea_ref,CHL,0.0491,0.0491,0.0491,0.0491,1
2021-04-23,Open_sea_ref,CHL,0.0439,0.0439,0.0439,0.0439,1
2021-04-24,Open_sea_ref,CHL,0.0336,0.0336,0.0336,0.0336,1
2021-04-25,Open_sea_ref,CHL,0.0484,0.0484,0.0484,0.0484,1
2021-04-27,Open_sea_ref,CHL,0.0401,0.0401,0.0401,0.0401,1
2021-04-29,Open_sea_ref,CHL,0.0383,0.0383,0.0383,0.0383,1
2021-04-30,Open_sea_ref,CHL,0.0394,0.0394,0.0394,0.0394,1
2021-05-01,Open_sea_ref,CHL,0.0387,0.0387,0.0387,0.0387,1
2021-05-03,Open_sea_ref,CHL,0.0357,0.0357,0.0357,0.0357,1
2021-05-05,Open_sea_ref,CHL,0.0352,0.0352,0.0352,0.0352,1
2021-05-06,Open_sea_ref,CHL,0.0356,0.0356,0.0356,0.0356,1
2021-05-07,Open_sea_ref,CHL,0.0287,0.0287,0.0287,0.0287,1
2021-05-08,Open_sea_ref,CHL,0.0261,0.0261,0.0261,0.0261,1
2021-05-10,Open_sea_ref,CHL,0.0329,0.0329,0.0329,0.0329,1
2021-05-11,Open_sea_ref,CHL,0.0351,0.0351,0.0351,0.0351,1
2021-05-12,Open_sea_ref,CHL,0.0347,0.0347,0.0347,0.0347,1
2021-05-13,Open_sea_ref,CHL,0.0357,0.0357,0.0357,0.0357,1
2021-05-14,Open_sea_ref,CHL,0.0294,0.0294,0.0294,0.0294,1
2021-05-16,Open_sea_ref,CHL,0.0259,0.0259,0.0259,0.0259,1
2021-05-17,Open_sea_ref,CHL,0.0262,0.0262,0.0262,0.0262,1
2021-05-18,Open_sea_ref,CHL,0.0237,0.0237,0.0237,0.0237,1
2021-05-19,Open_sea_ref,CHL,0.023,0.023,0.023,0.023,1
2021-05-20,Open_sea_ref,CHL,0.0293,0.0293,0.0293,0.0293,1
2021-05-21,Open_sea_ref,CHL,0.0301,0.0301,0.0301,0.0301,1
2021-05-24,Open_sea_ref,CHL,0.0228,0.0228,0.0228,0.0228,1
2021-05-25,Open_sea_ref,CHL,0.0221,0.0221,0.0221,0.0221,1
2021-05-26,Open_sea_ref,CHL,0.0239,0.0239,0.0239,0.0239,1
2021-05-27,Open_sea_ref,CHL,0.0292,0.0292,0.0292,0.0292,1
2021-05-28,Open_sea_ref,CHL,0.034,0.034,0.034,0.034,1
2021-05-29,Open_sea_ref,CHL,0.0267,0.0267,0.0267,0.0267,1
2021-05-30,Open_sea_ref,CHL,0.0238,0.0238,0.0238,0.0238,1
2021-05-31,Open_sea_ref,CHL,0.0266,0.0266,0.0266,0.0266,1
2021-06-01,Open_sea_ref,CHL,0.0259,0.0259,0.0259,0.0259,1
2021-06-02,Open_sea_ref,CHL,0.023,0.023,0.023,0.023,1
2021-06-03,Open_sea_ref,CHL,0.0199,0.0199,0.0199,0.0199,1
2021-06-04,Open_sea_ref,CHL,0.0243,0.0243,0.0243,0.0243,1
2021-06-05,Open_sea_ref,CHL,0.0293,0.0293,0.0293,0.0293,1
2021-06-06,Open_sea_ref,CHL,0.0279,0.0279,0.0279,0.0279,1
2021-06-07,Open_sea_ref,CHL,0.0248,0.0248,0.0248,0.0248,1
2021-06-12,Open_sea_ref,CHL,0.0221,0.0221,0.0221,0.0221,1
2021-06-13,Open_sea_ref,CHL,0.0327,0.0327,0.0327,0.0327,1
2021-06-14,Open_sea_ref,CHL,0.0304,0.0304,0.0304,0.0304,1
2021-06-15,Open_sea_ref,CHL,0.0268,0.0268,0.0268,0.0268,1
2021-06-18,Open_sea_ref,CHL,0.025,0.025,0.025,0.025,1
2021-06-20,Open_sea_ref,CHL,0.0221,0.0221,0.0221,0.0221,1
2021-06-21,Open_sea_ref,CHL,0.0227,0.0227,0.0227,0.0227,1
2021-06-23,Open_sea_ref,CHL,0.036,0.036,0.036,0.036,1
2021-06-24,Open_sea_ref,CHL,0.0314,0.0314,0.0314,0.0314,1
2021-06-25,Open_sea_ref,CHL,0.027,0.027,0.027,0.027,1
2021-06-26,Open_sea_ref,CHL,0.0292,0.0292,0.0292,0.0292,1
2021-06-27,Open_sea_ref,CHL,0.0238,0.0238,0.0238,0.0238,1
2021-06-28,Open_sea_ref,CHL,0.0305,0.0305,0.0305,0.0305,1
2021-06-29,Open_sea_ref,CHL,0.0336,0.0336,0.0336,0.0336,1
2021-06-30,Open_sea_ref,CHL,0.0293,0.0293,0.0293,0.0293,1
2021-07-01,Open_sea_ref,CHL,0.0272,0.0272,0.0272,0.0272,1
2021-07-02,Open_sea_ref,CHL,0.0227,0.0227,0.0227,0.0227,1
2021-07-04,Open_sea_ref,CHL,0.0219,0.0219,0.0219,0.0219,1
2021-07-06,Open_sea_ref,CHL,0.023,0.023,0.023,0.023,1
2021-07-08,Open_sea_ref,CHL,0.0285,0.0285,0.0285,0.0285,1
2021-07-09,Open_sea_ref,CHL,0.0258,0.0258,0.0258,0.0258,1
2021-07-11,Open_sea_ref,CHL,0.0243,0.0243,0.0243,0.0243,1
2021-07-12,Open_sea_ref,CHL,0.0326,0.0326,0.0326,0.0326,1
2021-07-13,Open_sea_ref,CHL,0.0224,0.0224,0.0224,0.0224,1
2021-07-14,Open_sea_ref,CHL,0.0286,0.0286,0.0286,0.0286,1
2021-07-15,Open_sea_ref,CHL,0.0381,0.0381,0.0381,0.0381,1
2021-07-16,Open_sea_ref,CHL,0.0339,0.0339,0.0339,0.0339,1
2021-07-17,Open_sea_ref,CHL,0.0252,0.0252,0.0252,0.0252,1
2021-07-18,Open_sea_ref,CHL,0.0262,0.0262,0.0262,0.0262,1
2021-07-19,Open_sea_ref,CHL,0.0286,0.0286,0.0286,0.0286,1
2021-07-20,Open_sea_ref,CHL,0.0302,0.0302,0.0302,0.0302,1
2021-07-21,Open_sea_ref,CHL,0.0195,0.0195,0.0195,0.0195,1
2021-07-22,Open_sea_ref,CHL,0.0246,0.0246,0.0246,0.0246,1
2021-07-25,Open_sea_ref,CHL,0.0271,0.0271,0.0271,0.0271,1
2021-07-26,Open_sea_ref,CHL,0.0233,0.0233,0.0233,0.0233,1
2021-07-27,Open_sea_ref,CHL,0.0214,0.0214,0.0214,0.0214,1
2021-07-28,Open_sea_ref,CHL,0.0224,0.0224,0.0224,0.0224,1
2021-07-29,Open_sea_ref,CHL,0.0153,0.0153,0.0153,0.0153,1
2021-07-31,Open_sea_ref,CHL,0.0376,0.0376,0.0376,0.0376,1
2021-08-02,Open_sea_ref,CHL,0.0251,0.0251,0.0251,0.0251,1
2021-08-03,Open_sea_ref,CHL,0.022,0.022,0.022,0.022,1
2021-08-04,Open_sea_ref,CHL,0.0294,0.0294,0.0294,0.0294,1
2021-08-05,Open_sea_ref,CHL,0.0193,0.0193,0.0193,0.0193,1
2021-08-06,Open_sea_ref,CHL,0.0181,0.0181,0.0181,0.0181,1
2021-08-09,Open_sea_ref,CHL,0.0249,0.0249,0.0249,0.0249,1
2021-08-10,Open_sea_ref,CHL,0.0209,0.0209,0.0209,0.0209,1
2021-08-11,Open_sea_ref,CHL,0.0263,0.0263,0.0263,0.0263,1
2021-08-12,Open_sea_ref,CHL,0.0161,0.0161,0.0161,0.0161,1
2021-08-13,Open_sea_ref,CHL,0.0228,0.0228,0.0228,0.0228,1
2021-08-14,Open_sea_ref,CHL,0.0206,0.0206,0.0206,0.0206,1
2021-08-15,Open_sea_ref,CHL,0.0229,0.0229,0.0229,0.0229,1
2021-08-16,Open_sea_ref,CHL,0.0231,0.0231,0.0231,0.0231,1
2021-08-17,Open_sea_ref,CHL,0.0247,0.0247,0.0247,0.0247,1
2021-08-18,Open_sea_ref,CHL,0.0262,0.0262,0.0262,0.0262,1
2021-08-19,Open_sea_ref,CHL,0.0239,0.0239,0.0239,0.0239,1
2021-08-21,Open_sea_ref,CHL,0.0262,0.0262,0.0262,0.0262,1
2021-08-22,Open_sea_ref,CHL,0.016,0.016,0.016,0.016,1
2021-08-23,Open_sea_ref,CHL,0.0205,0.0205,0.0205,0.0205,1
2021-08-24,Open_sea_ref,CHL,0.0256,0.0256,0.0256,0.0256,1
2021-08-25,Open_sea_ref,CHL,0.0247,0.0247,0.0247,0.0247,1
2021-08-26,Open_sea_ref,CHL,0.0293,0.0293,0.0293,0.0293,1
2021-08-30,Open_sea_ref,CHL,0.0221,0.0221,0.0221,0.0221,1
2021-08-31,Open_sea_ref,CHL,0.0322,0.0322,0.0322,0.0322,1
2021-09-01,Open_sea_ref,CHL,0.0227,0.0227,0.0227,0.0227,1
2021-09-02,Open_sea_ref,CHL,0.023,0.023,0.023,0.023,1
2021-09-03,Open_sea_ref,CHL,0.0306,0.0306,0.0306,0.0306,1
2021-09-04,Open_sea_ref,CHL,0.0225,0.0225,0.0225,0.0225,1
2021-09-05,Open_sea_ref,CHL,0.0253,0.0253,0.0253,0.0253,1
2021-09-07,Open_sea_ref,CHL,0.0254,0.0254,0.0254,0.0254,1
2021-09-08,Open_sea_ref,CHL,0.0214,0.0214,0.0214,0.0214,1
2021-09-09,Open_sea_ref,CHL,0.0259,0.0259,0.0259,0.0259,1
2021-09-11,Open_sea_ref,CHL,0.0237,0.0237,0.0237,0.0237,1
2021-09-12,Open_sea_ref,CHL,0.0264,0.0264,0.0264,0.0264,1
2021-09-13,Open_sea_ref,CHL,0.0198,0.0198,0.0198,0.0198,1
2021-09-14,Open_sea_ref,CHL,0.0287,0.0287,0.0287,0.0287,1
2021-09-16,Open_sea_ref,CHL,0.0303,0.0303,0.0303,0.0303,1
2021-09-17,Open_sea_ref,CHL,0.0273,0.0273,0.0273,0.0273,1
2021-09-18,Open_sea_ref,CHL,0.0218,0.0218,0.0218,0.0218,1
2021-09-19,Open_sea_ref,CHL,0.0211,0.0211,0.0211,0.0211,1
2021-09-20,Open_sea_ref,CHL,0.0244,0.0244,0.0244,0.0244,1
2021-09-21,Open_sea_ref,CHL,0.0236,0.0236,0.0236,0.0236,1
2021-09-22,Open_sea_ref,CHL,0.0297,0.0297,0.0297,0.0297,1
2021-09-24,Open_sea_ref,CHL,0.0304,0.0304,0.0304,0.0304,1
2021-09-25,Open_sea_ref,CHL,0.0261,0.0261,0.0261,0.0261,1
2021-09-26,Open_sea_ref,CHL,0.0242,0.0242,0.0242,0.0242,1
2021-09-27,Open_sea_ref,CHL,0.027,0.027,0.027,0.027,1
2021-10-01,Open_sea_ref,CHL,0.0256,0.0256,0.0256,0.0256,1
2021-10-02,Open_sea_ref,CHL,0.0314,0.0314,0.0314,0.0314,1
2021-10-03,Open_sea_ref,CHL,0.0379,0.0379,0.0379,0.0379,1
2021-10-04,Open_sea_ref,CHL,0.0247,0.0247,0.0247,0.0247,1
2021-10-05,Open_sea_ref,CHL,0.0284,0.0284,0.0284,0.0284,1
2021-10-06,Open_sea_ref,CHL,0.0198,0.0198,0.0198,0.0198,1
2021-10-07,Open_sea_ref,CHL,0.0255,0.0255,0.0255,0.0255,1
2021-10-08,Open_sea_ref,CHL,0.026,0.026,0.026,0.026,1
2021-10-09,Open_sea_ref,CHL,0.0256,0.0256,0.0256,0.0256,1
2021-10-10,Open_sea_ref,CHL,0.0264,0.0264,0.0264,0.0264,1
2021-10-11,Open_sea_ref,CHL,0.0333,0.0333,0.0333,0.0333,1
2021-10-12,Open_sea_ref,CHL,0.0332,0.0332,0.0332,0.0332,1
2021-10-13,Open_sea_ref,CHL,0.0249,0.0249,0.0249,0.0249,1
2021-10-14,Open_sea_ref,CHL,0.0257,0.0257,0.0257,0.0257,1
2021-10-15,Open_sea_ref,CHL,0.0244,0.0244,0.0244,0.0244,1
2021-10-16,Open_sea_ref,CHL,0.0239,0.0239,0.0239,0.0239,1
2021-10-17,Open_sea_ref,CHL,0.0278,0.0278,0.0278,0.0278,1
2021-10-18,Open_sea_ref,CHL,0.0311,0.0311,0.0311,0.0311,1
2021-10-19,Open_sea_ref,CHL,0.0329,0.0329,0.0329,0.0329,1
2021-10-21,Open_sea_ref,CHL,0.0324,0.0324,0.0324,0.0324,1
2021-10-22,Open_sea_ref,CHL,0.026,0.026,0.026,0.026,1
2021-10-23,Open_sea_ref,CHL,0.0325,0.0325,0.0325,0.0325,1
2021-10-24,Open_sea_ref,CHL,0.0216,0.0216,0.0216,0.0216,1
2021-10-25,Open_sea_ref,CHL,0.0259,0.0259,0.0259,0.0259,1
2021-10-26,Open_sea_ref,CHL,0.0282,0.0282,0.0282,0.0282,1
2021-11-01,Open_sea_ref,CHL,0.04,0.04,0.04,0.04,1
2021-11-02,Open_sea_ref,CHL,0.0375,0.0375,0.0375,0.0375,1
2021-11-03,Open_sea_ref,CHL,0.028,0.028,0.028,0.028,1
2021-11-04,Open_sea_ref,CHL,0.0352,0.0352,0.0352,0.0352,1
2021-11-05,Open_sea_ref,CHL,0.0285,0.0285,0.0285,0.0285,1
2021-11-06,Open_sea_ref,CHL,0.0338,0.0338,0.0338,0.0338,1
2021-11-07,Open_sea_ref,CHL,0.0343,0.0343,0.0343,0.0343,1
2021-11-08,Open_sea_ref,CHL,0.0388,0.0388,0.0388,0.0388,1
2021-11-09,Open_sea_ref,CHL,0.0332,0.0332,0.0332,0.0332,1
2021-11-10,Open_sea_ref,CHL,0.0294,0.0294,0.0294,0.0294,1
2021-11-12,Open_sea_ref,CHL,0.035,0.035,0.035,0.035,1
2021-11-18,Open_sea_ref,CHL,0.0424,0.0424,0.0424,0.0424,1
2021-11-23,Open_sea_ref,CHL,0.0458,0.0458,0.0458,0.0458,1
2021-11-24,Open_sea_ref,CHL,0.0423,0.0423,0.0423,0.0423,1
2021-11-25,Open_sea_ref,CHL,0.0357,0.0357,0.0357,0.0357,1
2021-11-27,Open_sea_ref,CHL,0.0457,0.0457,0.0457,0.0457,1
2021-11-28,Open_sea_ref,CHL,0.0365,0.0365,0.0365,0.0365,1
2021-11-29,Open_sea_ref,CHL,0.0537,0.0537,0.0537,0.0537,1
2021-12-02,Open_sea_ref,CHL,0.0419,0.0419,0.0419,0.0419,1
2021-12-05,Open_sea_ref,CHL,0.0585,0.0585,0.0585,0.0585,1
2021-12-06,Open_sea_ref,CHL,0.0469,0.0469,0.0469,0.0469,1
2021-12-09,Open_sea_ref,CHL,0.0412,0.0412,0.0412,0.0412,1
2021-12-10,Open_sea_ref,CHL,0.0543,0.0543,0.0543,0.0543,1
2021-12-11,Open_sea_ref,CHL,0.062,0.062,0.062,0.062,1
2021-12-16,Open_sea_ref,CHL,0.0442,0.0442,0.0442,0.0442,1
2021-12-24,Open_sea_ref,CHL,0.0534,0.0534,0.0534,0.0534,1
2021-12-26,Open_sea_ref,CHL,0.0563,0.0563,0.0563,0.0563,1
2021-12-27,Open_sea_ref,CHL,0.0656,0.0656,0.0656,0.0656,1
