date,site,variable,stream,at_station,transect_p80,transect_mean,transect_max,valid_frac
2017-01-01,Ashdod_IL,CHL,my,0.5005,0.6293,0.4175,0.7443,0.995
2017-01-02,Ashdod_IL,CHL,my,0.2809,0.2809,0.1636,0.3329,1
2017-01-06,Ashdod_IL,CHL,my,0.1217,0.1364,0.1218,0.1545,0.9254
2017-01-07,Ashdod_IL,CHL,my,0.1578,0.1687,0.1548,0.2139,1
2017-01-10,Ashdod_IL,CHL,my,0.4081,0.4081,0.2666,0.7206,0.995
2017-01-11,Ashdod_IL,CHL,my,0.383,0.3386,0.2608,0.6777,0.995
2017-01-12,Ashdod_IL,CHL,my,0.4385,0.4385,0.2693,0.5452,0.602
2017-01-16,Ashdod_IL,CHL,my,0.4713,0.3717,0.2814,0.4891,0.8607
2017-01-18,Ashdod_IL,CHL,my,0.136,0.1427,0.1243,0.1559,0.7761
2017-01-19,Ashdod_IL,CHL,my,0.1648,0.1625,0.1269,0.1745,0.6667
2017-01-20,Ashdod_IL,CHL,my,0.3975,0.1928,0.1476,0.3975,0.9254
2017-01-21,Ashdod_IL,CHL,my,,0.09818,0.09157,0.1392,0.8657
2017-01-22,Ashdod_IL,CHL,my,,0.1072,0.09652,0.1214,0.7264
2017-01-23,Ashdod_IL,CHL,my,0.1477,0.1173,0.09477,0.1906,0.9254
2017-01-29,Ashdod_IL,CHL,my,1.39,1.39,1.003,1.831,0.9104
2017-02-02,Ashdod_IL,CHL,my,0.4984,0.4984,0.2056,0.8855,1
2017-02-03,Ashdod_IL,CHL,my,0.4443,0.4638,0.2367,0.681,0.995
2017-02-05,Ashdod_IL,CHL,my,0.5196,0.4681,0.2257,0.536,1
2017-02-06,Ashdod_IL,CHL,my,0.3577,0.3348,0.192,0.5009,0.995
2017-02-07,Ashdod_IL,CHL,my,0.4162,0.4041,0.2724,0.735,0.995
2017-02-08,Ashdod_IL,CHL,my,0.2933,0.2727,0.1704,0.3436,0.9254
2017-02-10,Ashdod_IL,CHL,my,0.4443,0.4759,0.3165,0.5027,0.9104
2017-02-13,Ashdod_IL,CHL,my,,0.1266,0.1025,0.2068,0.8159
2017-02-18,Ashdod_IL,CHL,my,0.1986,0.1986,0.1827,1.174,1
2017-02-19,Ashdod_IL,CHL,my,0.137,0.137,0.1078,0.3328,0.995
2017-02-20,Ashdod_IL,CHL,my,0.2803,0.2294,0.1796,0.4019,0.8557
2017-02-21,Ashdod_IL,CHL,my,0.1655,0.144,0.1076,0.7337,1
2017-02-23,Ashdod_IL,CHL,my,0.2817,,,,0.4129
2017-02-24,Ashdod_IL,CHL,my,0.2287,0.1515,0.133,0.2287,0.8557
2017-02-25,Ashdod_IL,CHL,my,0.1799,0.1523,0.1214,0.1939,0.8209
2017-02-26,Ashdod_IL,CHL,my,,0.172,0.1369,0.2077,0.796
2017-03-04,Ashdod_IL,CHL,my,0.1119,0.08477,0.07632,0.1489,0.7612
2017-03-05,Ashdod_IL,CHL,my,0.1403,0.1403,0.1059,0.5366,1
2017-03-06,Ashdod_IL,CHL,my,0.2867,0.2856,0.1404,0.4169,0.995
2017-03-07,Ashdod_IL,CHL,my,,0.09992,0.08769,0.145,0.7214
2017-03-08,Ashdod_IL,CHL,my,0.124,0.1292,0.09376,0.3879,1
2017-03-09,Ashdod_IL,CHL,my,0.133,0.1306,0.1056,0.2124,0.9254
2017-03-16,Ashdod_IL,CHL,my,0.6546,0.6443,0.312,0.7816,0.995
2017-03-24,Ashdod_IL,CHL,my,0.377,0.377,0.1857,0.596,1
2017-03-25,Ashdod_IL,CHL,my,0.3146,0.2716,0.1519,0.4066,0.9254
2017-03-26,Ashdod_IL,CHL,my,,0.07629,0.05405,0.1205,0.796
2017-03-28,Ashdod_IL,CHL,my,0.07581,0.07581,0.06396,0.7061,1
2017-03-30,Ashdod_IL,CHL,my,,0.1056,0.08727,0.1477,0.7413
2017-04-01,Ashdod_IL,CHL,my,0.074,0.07125,0.06132,0.1058,0.9254
2017-04-02,Ashdod_IL,CHL,my,,0.0817,0.06657,0.0953,0.6517
2017-04-04,Ashdod_IL,CHL,my,0.3429,0.2217,0.1051,0.3656,0.9104
2017-04-05,Ashdod_IL,CHL,my,0.2098,0.2098,0.1239,0.9901,1
2017-04-06,Ashdod_IL,CHL,my,0.146,0.1367,0.07474,0.1563,0.9104
2017-04-07,Ashdod_IL,CHL,my,0.09844,,,,0.4776
2017-04-15,Ashdod_IL,CHL,my,,0.1214,0.08886,0.148,0.7214
2017-04-16,Ashdod_IL,CHL,my,0.1467,0.1324,0.1302,0.6803,0.995
2017-04-17,Ashdod_IL,CHL,my,0.24,0.2577,0.1922,1.051,1
2017-04-18,Ashdod_IL,CHL,my,0.2418,0.1966,0.1316,0.293,0.9254
2017-04-20,Ashdod_IL,CHL,my,0.2634,0.2634,0.1889,0.9944,1
2017-04-25,Ashdod_IL,CHL,my,0.1524,0.1105,0.09641,0.1655,0.8209
2017-04-28,Ashdod_IL,CHL,my,0.1793,0.1707,0.1208,0.4614,1
2017-04-29,Ashdod_IL,CHL,my,0.2254,0.1861,0.115,0.2254,0.8607
2017-05-02,Ashdod_IL,CHL,my,0.1705,0.1644,0.1191,0.2526,0.995
2017-05-03,Ashdod_IL,CHL,my,0.1551,0.1551,0.1002,0.172,0.9254
2017-05-06,Ashdod_IL,CHL,my,0.09638,0.09638,0.1027,0.7013,1
2017-05-07,Ashdod_IL,CHL,my,,0.09315,0.0734,0.1217,0.5622
2017-05-08,Ashdod_IL,CHL,my,0.1237,0.1132,0.07687,0.1237,0.8607
2017-05-10,Ashdod_IL,CHL,my,0.09687,0.1168,0.1035,0.5457,0.9851
2017-05-11,Ashdod_IL,CHL,my,0.1293,0.1225,0.09461,0.1303,0.791
2017-05-12,Ashdod_IL,CHL,my,,0.1213,0.09761,0.1575,0.6468
2017-05-15,Ashdod_IL,CHL,my,0.08505,0.07567,0.05902,0.08505,0.8607
2017-05-16,Ashdod_IL,CHL,my,,0.06249,0.04804,0.06629,0.7214
2017-05-17,Ashdod_IL,CHL,my,0.06539,0.06539,0.06395,0.6569,1
2017-05-19,Ashdod_IL,CHL,my,0.1706,0.1601,0.09312,0.2009,0.9254
2017-05-21,Ashdod_IL,CHL,my,0.1171,0.109,0.07049,0.1244,0.8607
2017-05-22,Ashdod_IL,CHL,my,0.7147,0.4585,0.2367,0.7181,0.8905
2017-05-23,Ashdod_IL,CHL,my,0.5194,0.2619,0.1627,0.5194,0.5075
2017-05-24,Ashdod_IL,CHL,my,1.267,1.248,0.6146,1.414,0.9254
2017-05-25,Ashdod_IL,CHL,my,0.8406,0.8406,0.4089,0.9564,1
2017-05-26,Ashdod_IL,CHL,my,1.076,1.03,0.3932,1.169,0.9254
2017-05-27,Ashdod_IL,CHL,my,0.571,0.4368,0.2746,0.6444,0.8259
2017-05-28,Ashdod_IL,CHL,my,0.2455,0.2752,0.1963,0.3012,0.7811
2017-05-29,Ashdod_IL,CHL,my,0.5522,0.5452,0.3937,1.211,1
2017-05-30,Ashdod_IL,CHL,my,0.1994,0.1847,0.1515,0.2337,0.9254
2017-05-31,Ashdod_IL,CHL,my,0.1748,0.1748,0.1507,0.1824,0.9104
2017-06-02,Ashdod_IL,CHL,my,0.1631,0.1627,0.148,0.1776,0.9055
2017-06-03,Ashdod_IL,CHL,my,0.1198,0.1565,0.1297,0.165,0.9104
2017-06-04,Ashdod_IL,CHL,my,0.1447,0.1278,0.1139,0.2311,0.995
2017-06-06,Ashdod_IL,CHL,my,0.1314,0.1314,0.1089,0.2707,1
2017-06-07,Ashdod_IL,CHL,my,0.1794,0.1999,0.1659,0.3829,0.9104
2017-06-08,Ashdod_IL,CHL,my,,0.1204,0.08622,0.1275,0.597
2017-06-09,Ashdod_IL,CHL,my,0.08597,0.0994,0.09534,0.7507,1
2017-06-10,Ashdod_IL,CHL,my,0.06852,0.08566,0.08119,0.08968,0.9254
2017-06-11,Ashdod_IL,CHL,my,0.08605,0.08605,0.07757,0.09121,0.9254
2017-06-12,Ashdod_IL,CHL,my,0.08618,,,,0.4677
2017-06-13,Ashdod_IL,CHL,my,0.07763,0.07763,0.0767,0.4507,1
2017-06-14,Ashdod_IL,CHL,my,,0.08471,0.0953,0.3872,0.8458
2017-06-15,Ashdod_IL,CHL,my,0.1117,0.09978,0.07518,0.1153,0.9254
2017-06-16,Ashdod_IL,CHL,my,0.06352,0.06963,0.05896,0.07596,0.9104
2017-06-17,Ashdod_IL,CHL,my,0.05777,0.05777,0.05955,0.5751,1
2017-06-18,Ashdod_IL,CHL,my,0.06235,0.06571,0.06283,0.1294,0.995
2017-06-19,Ashdod_IL,CHL,my,,0.0565,0.05212,0.08145,0.796
2017-06-20,Ashdod_IL,CHL,my,0.07856,,,,0.2289
2017-06-23,Ashdod_IL,CHL,my,0.2079,0.183,0.08941,0.2125,0.9104
2017-06-24,Ashdod_IL,CHL,my,,0.05207,0.04288,0.06834,0.6766
2017-06-25,Ashdod_IL,CHL,my,0.1614,0.1998,0.1303,0.6412,1
2017-06-26,Ashdod_IL,CHL,my,0.2714,0.08248,0.0841,0.2714,0.9254
2017-06-27,Ashdod_IL,CHL,my,0.1497,0.1388,0.08844,0.1778,0.9254
2017-06-28,Ashdod_IL,CHL,my,0.1645,0.1478,0.09311,0.1645,0.8756
2017-06-29,Ashdod_IL,CHL,my,0.129,0.129,0.09965,0.5133,0.995
2017-07-01,Ashdod_IL,CHL,my,0.1307,0.09165,0.07275,0.1976,0.9104
2017-07-02,Ashdod_IL,CHL,my,0.08241,0.1013,0.07448,0.1183,0.8607
2017-07-03,Ashdod_IL,CHL,my,0.1161,0.1289,0.1021,0.8067,0.9502
2017-07-04,Ashdod_IL,CHL,my,0.1247,0.1145,0.07715,0.1652,0.9254
2017-07-06,Ashdod_IL,CHL,my,,0.1342,0.1567,0.7979,0.5025
2017-07-07,Ashdod_IL,CHL,my,0.1735,,,,0.2687
2017-07-09,Ashdod_IL,CHL,my,0.8083,0.9056,0.3775,1.07,0.9104
2017-07-10,Ashdod_IL,CHL,my,0.1861,0.1823,0.08454,0.378,1
2017-07-14,Ashdod_IL,CHL,my,0.1736,0.1599,0.08213,0.4216,1
2017-07-15,Ashdod_IL,CHL,my,,0.07336,0.06624,0.2219,0.7562
2017-07-16,Ashdod_IL,CHL,my,0.1854,0.08047,0.06737,0.1854,0.8557
2017-07-18,Ashdod_IL,CHL,my,0.144,0.1512,0.1293,0.6758,0.9303
2017-07-29,Ashdod_IL,CHL,my,0.07101,0.06472,0.05912,0.1064,0.9254
2017-07-30,Ashdod_IL,CHL,my,0.1056,0.1056,0.09484,1.009,1
2017-07-31,Ashdod_IL,CHL,my,0.171,0.1271,0.07614,0.171,0.607
2017-08-01,Ashdod_IL,CHL,my,,0.06192,0.05884,0.06447,0.6517
2017-08-02,Ashdod_IL,CHL,my,0.08973,0.07429,0.06993,0.1283,0.9254
2017-08-03,Ashdod_IL,CHL,my,0.09706,0.09308,0.07739,0.5855,0.7612
2017-08-04,Ashdod_IL,CHL,my,0.1774,0.09798,0.06236,0.1774,0.8607
2017-08-05,Ashdod_IL,CHL,my,0.1452,0.05986,0.05873,0.2768,0.9254
2017-08-06,Ashdod_IL,CHL,my,0.05348,0.05348,0.04433,0.2959,1
2017-08-07,Ashdod_IL,CHL,my,0.06703,0.07655,0.07063,0.2314,0.9801
2017-08-10,Ashdod_IL,CHL,my,0.1631,0.1631,0.09488,0.8844,1
2017-08-11,Ashdod_IL,CHL,my,,0.04003,0.03675,0.07614,0.7264
2017-08-12,Ashdod_IL,CHL,my,0.07755,0.04185,0.04165,0.2394,0.9104
2017-08-13,Ashdod_IL,CHL,my,0.06582,0.06582,0.04573,0.1288,0.9254
2017-08-14,Ashdod_IL,CHL,my,0.04589,0.04589,0.04996,0.5718,1
2017-08-15,Ashdod_IL,CHL,my,0.08618,0.05752,0.05213,0.08618,0.7463
2017-08-18,Ashdod_IL,CHL,my,0.432,0.3994,0.1538,0.7121,0.995
2017-08-19,Ashdod_IL,CHL,my,,0.2634,0.1665,0.3136,0.6517
2017-08-21,Ashdod_IL,CHL,my,0.2462,0.264,0.2144,0.409,0.9254
2017-08-23,Ashdod_IL,CHL,my,0.1236,0.1236,0.06423,0.1519,0.9254
2017-08-24,Ashdod_IL,CHL,my,0.1257,0.0979,0.06943,0.2131,0.9254
2017-08-25,Ashdod_IL,CHL,my,0.1086,,,,0.204
2017-08-26,Ashdod_IL,CHL,my,,0.04431,0.04585,0.1846,0.8657
2017-08-27,Ashdod_IL,CHL,my,,0.06465,0.04538,0.1086,0.7214
2017-08-28,Ashdod_IL,CHL,my,0.1018,0.06329,0.05193,0.1893,0.9254
2017-08-29,Ashdod_IL,CHL,my,0.3067,0.3067,0.1068,0.6265,1
2017-08-30,Ashdod_IL,CHL,my,0.6517,0.5688,0.2293,0.9097,0.796
2017-08-31,Ashdod_IL,CHL,my,0.3033,0.1823,0.1016,0.3529,0.9104
2017-09-02,Ashdod_IL,CHL,my,0.5665,0.4387,0.192,1.327,1
2017-09-03,Ashdod_IL,CHL,my,0.4041,0.2679,0.1594,0.4041,0.8607
2017-09-05,Ashdod_IL,CHL,my,,0.05424,0.04843,0.07107,0.5423
2017-09-06,Ashdod_IL,CHL,my,0.1453,0.2409,0.1271,0.8217,1
2017-09-07,Ashdod_IL,CHL,my,0.9811,0.7815,0.2577,1.018,0.8607
2017-09-08,Ashdod_IL,CHL,my,1.025,0.8765,0.5088,1.245,0.9254
2017-09-09,Ashdod_IL,CHL,my,0.7243,0.4933,0.2021,0.7243,0.8557
2017-09-10,Ashdod_IL,CHL,my,0.5465,0.5465,0.2746,0.7479,0.995
2017-09-11,Ashdod_IL,CHL,my,,0.0851,0.1078,0.6719,0.796
2017-09-12,Ashdod_IL,CHL,my,,0.2116,0.1136,0.3478,0.791
2017-09-13,Ashdod_IL,CHL,my,,0.3045,0.1994,0.3183,0.7214
2017-09-15,Ashdod_IL,CHL,my,0.116,0.1319,0.0809,0.1491,0.6219
2017-09-17,Ashdod_IL,CHL,my,0.2156,0.2153,0.1157,0.3916,0.995
2017-09-18,Ashdod_IL,CHL,my,0.1286,0.1286,0.08555,0.2165,0.7164
2017-09-19,Ashdod_IL,CHL,my,,0.1081,0.08106,0.1856,0.6866
2017-09-20,Ashdod_IL,CHL,my,0.6506,0.6506,0.3556,0.748,0.9254
2017-09-24,Ashdod_IL,CHL,my,0.87,0.7969,0.3005,0.87,0.9254
2017-09-25,Ashdod_IL,CHL,my,0.7977,0.7986,0.3618,0.8526,0.995
2017-09-26,Ashdod_IL,CHL,my,,0.3145,0.2326,0.795,0.5821
2017-09-28,Ashdod_IL,CHL,my,0.4415,0.446,0.2592,0.6096,0.9254
2017-09-29,Ashdod_IL,CHL,my,0.3091,0.261,0.206,0.5254,0.995
2017-09-30,Ashdod_IL,CHL,my,0.3127,0.2812,0.1575,0.3627,0.9254
2017-10-01,Ashdod_IL,CHL,my,0.2303,0.2068,0.1309,0.44,0.9254
2017-10-03,Ashdod_IL,CHL,my,0.2427,0.22,0.1342,0.3276,0.995
2017-10-04,Ashdod_IL,CHL,my,0.08268,0.07255,0.06057,0.1021,0.9104
2017-10-05,Ashdod_IL,CHL,my,0.08344,0.08299,0.0651,0.1501,0.995
2017-10-06,Ashdod_IL,CHL,my,0.06634,0.04512,0.03933,0.07983,0.9254
2017-10-07,Ashdod_IL,CHL,my,0.06938,0.05878,0.05331,0.225,0.9254
2017-10-10,Ashdod_IL,CHL,my,1.006,0.9368,0.5265,1.135,0.995
2017-10-11,Ashdod_IL,CHL,my,0.6842,0.6842,0.422,0.8428,0.6517
2017-10-12,Ashdod_IL,CHL,my,0.7836,0.7698,0.2829,0.8943,0.9254
2017-10-13,Ashdod_IL,CHL,my,0.4593,0.3428,0.1382,0.5705,0.9104
2017-10-14,Ashdod_IL,CHL,my,0.3605,0.3028,0.1257,0.515,1
2017-10-15,Ashdod_IL,CHL,my,0.1558,0.2438,0.181,0.6388,1
2017-10-17,Ashdod_IL,CHL,my,0.4629,0.5122,0.3889,0.6316,0.8756
2017-10-18,Ashdod_IL,CHL,my,0.7361,0.7196,0.5769,1.148,0.995
2017-10-21,Ashdod_IL,CHL,my,0.214,0.2119,0.1279,0.2699,0.9104
2017-10-22,Ashdod_IL,CHL,my,0.1305,0.2017,0.1888,0.7691,0.7065
2017-10-23,Ashdod_IL,CHL,my,0.5963,0.4293,0.2751,0.5963,0.995
2017-10-24,Ashdod_IL,CHL,my,0.5825,0.5825,0.3349,0.6323,0.995
2017-10-25,Ashdod_IL,CHL,my,0.1727,0.12,0.09076,0.1777,0.7711
2017-10-26,Ashdod_IL,CHL,my,0.3595,0.3562,0.1555,0.8649,1
2017-10-27,Ashdod_IL,CHL,my,0.3687,0.3359,0.1746,0.5573,0.995
2017-10-29,Ashdod_IL,CHL,my,0.4312,0.4312,0.1613,0.5793,0.9104
2017-11-01,Ashdod_IL,CHL,my,0.3508,0.3981,0.1985,0.4365,0.995
2017-11-02,Ashdod_IL,CHL,my,0.2461,0.2461,0.1879,0.7598,1
2017-11-03,Ashdod_IL,CHL,my,0.4674,0.4964,0.3413,0.8828,0.9751
2017-11-04,Ashdod_IL,CHL,my,0.371,0.251,0.1629,0.4346,0.9254
2017-11-05,Ashdod_IL,CHL,my,,0.2281,0.157,0.3402,0.7463
2017-11-06,Ashdod_IL,CHL,my,0.286,0.286,0.1885,0.7171,1
2017-11-07,Ashdod_IL,CHL,my,0.2506,0.2871,0.2058,0.7052,0.995
2017-11-10,Ashdod_IL,CHL,my,0.4663,0.3803,0.292,0.8759,1
2017-11-11,Ashdod_IL,CHL,my,0.3357,0.2647,0.2234,0.6789,0.9254
2017-11-15,Ashdod_IL,CHL,my,0.1939,0.2015,0.1545,0.2363,0.9104
2017-11-16,Ashdod_IL,CHL,my,0.2237,0.2584,0.1958,0.2908,0.9104
2017-11-17,Ashdod_IL,CHL,my,0.2585,0.2655,0.2178,0.3585,0.9254
2017-11-23,Ashdod_IL,CHL,my,1.335,,,,0.408
2017-11-26,Ashdod_IL,CHL,my,0.4164,0.4164,0.2573,0.8707,1
2017-11-28,Ashdod_IL,CHL,my,0.2627,0.2627,0.1535,0.3443,0.9254
2017-11-29,Ashdod_IL,CHL,my,0.3169,0.6891,0.3302,0.7922,1
2017-11-30,Ashdod_IL,CHL,my,0.1776,0.2012,0.1699,0.4157,0.9652
2017-12-01,Ashdod_IL,CHL,my,,0.2435,0.2092,0.2883,0.796
2017-12-02,Ashdod_IL,CHL,my,0.2123,0.2184,0.1901,0.2348,0.8607
2017-12-03,Ashdod_IL,CHL,my,0.1622,0.1622,0.1356,0.3121,1
2017-12-04,Ashdod_IL,CHL,my,0.1054,0.1223,0.1162,0.2891,0.995
2017-12-07,Ashdod_IL,CHL,my,0.9903,0.9692,0.5199,1.022,0.5721
2017-12-08,Ashdod_IL,CHL,my,1.428,1.086,0.5594,1.428,0.995
2017-12-09,Ashdod_IL,CHL,my,0.6071,0.5584,0.381,1.054,0.995
2017-12-12,Ashdod_IL,CHL,my,0.0923,0.1087,0.1029,0.3126,0.8159
2017-12-15,Ashdod_IL,CHL,my,0.2038,0.2038,0.1467,0.4051,0.8905
2017-12-16,Ashdod_IL,CHL,my,0.1877,0.133,0.103,0.2761,0.9254
2017-12-17,Ashdod_IL,CHL,my,0.2393,0.1894,0.1386,0.3332,0.9254
2017-12-18,Ashdod_IL,CHL,my,,0.1508,0.1286,0.173,0.5025
2017-12-26,Ashdod_IL,CHL,my,1.239,1.191,0.4958,1.386,1
2017-12-30,Ashdod_IL,CHL,my,0.3703,0.3159,0.1951,0.4077,0.6716
2017-12-31,Ashdod_IL,CHL,my,0.6191,0.7129,0.4119,0.7878,0.8209
2017-01-01,Ashkelon_IL,CHL,my,0.8048,,,,0.398
2017-01-02,Ashkelon_IL,CHL,my,0.1877,0.1877,0.217,1.263,1
2017-01-06,Ashkelon_IL,CHL,my,0.1553,0.1747,0.1459,0.3511,0.9502
2017-01-07,Ashkelon_IL,CHL,my,0.2203,0.1789,0.1416,0.2472,0.9104
2017-01-10,Ashkelon_IL,CHL,my,0.5372,0.5372,0.3328,1.009,0.9502
2017-01-11,Ashkelon_IL,CHL,my,0.313,0.4983,0.3206,0.5913,0.9104
2017-01-12,Ashkelon_IL,CHL,my,0.6586,0.5658,0.3574,0.6844,0.9104
2017-01-18,Ashkelon_IL,CHL,my,0.191,0.1878,0.1633,0.2802,0.9104
2017-01-20,Ashkelon_IL,CHL,my,0.1636,0.162,0.1361,0.297,0.9104
2017-01-21,Ashkelon_IL,CHL,my,0.08507,0.06349,0.05992,0.08507,0.806
2017-01-22,Ashkelon_IL,CHL,my,0.09618,0.09157,0.08571,0.1746,0.9104
2017-01-23,Ashkelon_IL,CHL,my,0.1786,0.1683,0.1433,0.2137,0.9104
2017-01-29,Ashkelon_IL,CHL,my,1.149,1.224,0.782,1.715,1
2017-01-31,Ashkelon_IL,CHL,my,0.3141,,,,0.2537
2017-02-02,Ashkelon_IL,CHL,my,0.6443,0.6507,0.575,1.015,1
2017-02-03,Ashkelon_IL,CHL,my,0.8766,0.8979,0.6462,1.607,1
2017-02-04,Ashkelon_IL,CHL,my,0.5768,0.5724,0.3746,0.7049,0.7562
2017-02-05,Ashkelon_IL,CHL,my,0.7124,0.7124,0.5361,0.9657,1
2017-02-06,Ashkelon_IL,CHL,my,0.3025,0.3025,0.2472,0.3944,0.9502
2017-02-07,Ashkelon_IL,CHL,my,0.2365,0.2365,0.2082,0.4776,0.9104
2017-02-08,Ashkelon_IL,CHL,my,0.2262,0.2117,0.1693,0.2976,0.9104
2017-02-10,Ashkelon_IL,CHL,my,0.2352,0.212,0.1629,0.3081,0.9104
2017-02-13,Ashkelon_IL,CHL,my,0.1588,0.1588,0.1247,0.2375,0.801
2017-02-18,Ashkelon_IL,CHL,my,0.366,0.366,0.285,1.196,0.9502
2017-02-19,Ashkelon_IL,CHL,my,0.9193,0.9193,0.5651,1.99,1
2017-02-20,Ashkelon_IL,CHL,my,0.1121,0.1025,0.09254,0.1332,0.8507
2017-02-21,Ashkelon_IL,CHL,my,0.1338,0.1338,0.1125,0.4284,0.8259
2017-02-23,Ashkelon_IL,CHL,my,0.1652,0.1514,0.1314,0.2658,0.9104
2017-02-24,Ashkelon_IL,CHL,my,0.1914,0.1424,0.1213,0.2216,0.8806
2017-02-25,Ashkelon_IL,CHL,my,0.1778,0.1778,0.1269,0.2139,0.8806
2017-02-26,Ashkelon_IL,CHL,my,0.205,0.1866,0.1467,0.205,0.806
2017-03-04,Ashkelon_IL,CHL,my,0.2447,0.1759,0.1199,0.4042,0.8806
2017-03-05,Ashkelon_IL,CHL,my,0.3194,0.3194,0.2113,0.9374,0.9502
2017-03-06,Ashkelon_IL,CHL,my,0.5581,0.4143,0.2378,0.5656,0.9502
2017-03-07,Ashkelon_IL,CHL,my,0.1593,0.2038,0.1468,0.2472,0.9104
2017-03-08,Ashkelon_IL,CHL,my,0.1936,0.1936,0.1313,0.2985,0.9502
2017-03-09,Ashkelon_IL,CHL,my,0.114,0.1069,0.1,0.2444,0.8806
2017-03-16,Ashkelon_IL,CHL,my,0.7553,0.7553,0.3505,1.28,0.8557
2017-03-20,Ashkelon_IL,CHL,my,,0.1274,0.1358,0.8269,0.5274
2017-03-24,Ashkelon_IL,CHL,my,0.3197,0.3197,0.2164,0.6187,0.7612
2017-03-25,Ashkelon_IL,CHL,my,0.4679,0.3865,0.1956,0.635,0.8806
2017-03-26,Ashkelon_IL,CHL,my,0.2515,0.2185,0.09929,0.2577,0.806
2017-03-28,Ashkelon_IL,CHL,my,0.1335,0.1335,0.08784,0.2765,0.9502
2017-04-01,Ashkelon_IL,CHL,my,0.1302,0.1196,0.07948,0.1574,0.9104
2017-04-04,Ashkelon_IL,CHL,my,0.4842,0.2574,0.1666,0.6793,0.8806
2017-04-05,Ashkelon_IL,CHL,my,0.205,0.1994,0.1222,0.2865,0.8806
2017-04-06,Ashkelon_IL,CHL,my,0.2132,0.1876,0.09979,0.2194,0.8806
2017-04-08,Ashkelon_IL,CHL,my,,0.1405,0.1002,0.1633,0.592
2017-04-15,Ashkelon_IL,CHL,my,0.3524,0.2767,0.1879,0.6099,0.8806
2017-04-16,Ashkelon_IL,CHL,my,0.3833,0.3833,0.2634,1.274,0.9502
2017-04-17,Ashkelon_IL,CHL,my,0.5522,0.5522,0.3735,1.938,1
2017-04-18,Ashkelon_IL,CHL,my,0.4143,0.4143,0.2244,0.7156,0.9502
2017-04-20,Ashkelon_IL,CHL,my,0.2406,0.2406,0.1476,0.4603,0.9502
2017-04-25,Ashkelon_IL,CHL,my,0.7237,0.7058,0.2507,0.9537,0.8955
2017-04-28,Ashkelon_IL,CHL,my,0.414,0.414,0.2002,0.4958,0.9502
2017-04-29,Ashkelon_IL,CHL,my,0.4953,0.41,0.2116,0.5941,0.8806
2017-05-02,Ashkelon_IL,CHL,my,0.2651,0.2481,0.1537,0.3007,0.9502
2017-05-03,Ashkelon_IL,CHL,my,0.2173,0.2138,0.137,0.2636,0.8806
2017-05-06,Ashkelon_IL,CHL,my,0.09749,0.1102,0.09824,0.1659,0.9502
2017-05-07,Ashkelon_IL,CHL,my,0.1306,0.1215,0.09931,0.1403,0.6965
2017-05-08,Ashkelon_IL,CHL,my,0.1717,0.154,0.1441,0.1717,0.806
2017-05-09,Ashkelon_IL,CHL,my,,0.1266,0.1045,0.1403,0.7114
2017-05-10,Ashkelon_IL,CHL,my,0.2582,0.2331,0.1566,0.2582,0.8806
2017-05-11,Ashkelon_IL,CHL,my,0.1496,,,,0.4826
2017-05-12,Ashkelon_IL,CHL,my,0.1533,0.1444,0.1005,0.1533,0.6418
2017-05-13,Ashkelon_IL,CHL,my,,0.08261,0.06858,0.1498,0.7363
2017-05-15,Ashkelon_IL,CHL,my,0.09538,0.07504,0.05881,0.09538,0.806
2017-05-16,Ashkelon_IL,CHL,my,,0.06586,0.05055,0.07096,0.6617
2017-05-17,Ashkelon_IL,CHL,my,0.0989,0.0989,0.09093,0.3117,0.9502
2017-05-19,Ashkelon_IL,CHL,my,,0.1664,0.1075,0.195,0.6269
2017-05-21,Ashkelon_IL,CHL,my,0.1766,0.4284,0.2036,0.8852,0.6368
2017-05-24,Ashkelon_IL,CHL,my,1.487,1.485,0.8128,1.559,0.8806
2017-05-25,Ashkelon_IL,CHL,my,1.017,1.017,0.5521,1.311,1
2017-05-26,Ashkelon_IL,CHL,my,1.221,1.109,0.5998,1.35,0.8806
2017-05-27,Ashkelon_IL,CHL,my,0.8627,0.7853,0.3976,0.8627,0.7562
2017-05-28,Ashkelon_IL,CHL,my,0.7387,0.6352,0.3279,0.7387,0.5124
2017-05-29,Ashkelon_IL,CHL,my,0.8683,0.8798,0.4646,1.12,0.9104
2017-05-30,Ashkelon_IL,CHL,my,0.3054,0.2313,0.1798,0.3471,0.8806
2017-05-31,Ashkelon_IL,CHL,my,0.2835,0.2295,0.1834,0.3696,0.8806
2017-06-02,Ashkelon_IL,CHL,my,0.1893,0.1791,0.1685,0.2728,0.8806
2017-06-03,Ashkelon_IL,CHL,my,0.1591,0.1586,0.1383,0.1741,0.8806
2017-06-04,Ashkelon_IL,CHL,my,0.1623,0.1495,0.124,0.2781,0.9104
2017-06-06,Ashkelon_IL,CHL,my,0.1146,0.1135,0.09717,0.3449,0.9204
2017-06-07,Ashkelon_IL,CHL,my,0.1379,0.1324,0.1062,0.2138,0.9104
2017-06-09,Ashkelon_IL,CHL,my,0.1412,0.1342,0.1521,0.6292,0.8955
2017-06-10,Ashkelon_IL,CHL,my,0.06687,0.0807,0.0742,0.1094,0.9104
2017-06-11,Ashkelon_IL,CHL,my,0.1103,0.1037,0.09644,0.2332,0.8806
2017-06-12,Ashkelon_IL,CHL,my,0.1143,,,,0.4478
2017-06-13,Ashkelon_IL,CHL,my,0.07429,0.0808,0.1297,0.9994,1
2017-06-14,Ashkelon_IL,CHL,my,,0.08408,0.07422,0.1235,0.7363
2017-06-15,Ashkelon_IL,CHL,my,0.1096,0.102,0.07801,0.1591,0.9104
2017-06-16,Ashkelon_IL,CHL,my,0.09519,0.06942,0.06565,0.09519,0.806
2017-06-17,Ashkelon_IL,CHL,my,0.08993,0.08754,0.06922,0.1857,0.9502
2017-06-18,Ashkelon_IL,CHL,my,0.06746,0.06713,0.06173,0.1036,0.8806
2017-06-19,Ashkelon_IL,CHL,my,,0.1201,0.08916,0.1833,0.7363
2017-06-20,Ashkelon_IL,CHL,my,0.1188,0.1077,0.08786,0.164,0.7164
2017-06-23,Ashkelon_IL,CHL,my,0.2607,0.1827,0.107,0.2647,0.806
2017-06-24,Ashkelon_IL,CHL,my,,0.2752,0.1454,0.2807,0.5174
2017-06-25,Ashkelon_IL,CHL,my,0.4818,0.4796,0.2616,1.446,1
2017-06-26,Ashkelon_IL,CHL,my,0.1647,0.1432,0.1171,0.2783,0.9104
2017-06-27,Ashkelon_IL,CHL,my,0.2093,0.191,0.1265,0.2504,0.8806
2017-06-28,Ashkelon_IL,CHL,my,,0.1612,0.09431,0.1879,0.6517
2017-06-29,Ashkelon_IL,CHL,my,0.1252,0.1581,0.125,0.3742,0.9502
2017-06-30,Ashkelon_IL,CHL,my,0.1635,0.1487,0.08077,0.2047,0.8806
2017-07-01,Ashkelon_IL,CHL,my,,0.09193,0.07582,0.09662,0.597
2017-07-02,Ashkelon_IL,CHL,my,0.1586,0.1855,0.1076,0.2124,0.8806
2017-07-03,Ashkelon_IL,CHL,my,0.245,0.1304,0.09998,0.245,0.806
2017-07-04,Ashkelon_IL,CHL,my,0.2178,0.1654,0.1475,0.3174,0.8806
2017-07-06,Ashkelon_IL,CHL,my,0.1539,,,,0.4627
2017-07-09,Ashkelon_IL,CHL,my,0.797,0.1868,0.1772,0.797,0.806
2017-07-10,Ashkelon_IL,CHL,my,0.2428,0.2678,0.2261,0.6954,1
2017-07-14,Ashkelon_IL,CHL,my,0.09616,0.07938,0.07385,0.1639,0.8806
2017-07-15,Ashkelon_IL,CHL,my,0.4359,0.4359,0.2415,0.6344,0.6418
2017-07-16,Ashkelon_IL,CHL,my,0.38,0.3796,0.2503,0.4944,0.7363
2017-07-18,Ashkelon_IL,CHL,my,0.2999,0.1769,0.1148,0.2999,0.9104
2017-07-29,Ashkelon_IL,CHL,my,0.2677,0.2461,0.1653,0.4654,0.9104
2017-07-30,Ashkelon_IL,CHL,my,0.2869,0.2869,0.1987,0.8381,0.9502
2017-07-31,Ashkelon_IL,CHL,my,0.277,,,,0.3582
2017-08-02,Ashkelon_IL,CHL,my,0.2136,0.2136,0.1781,1.113,1
2017-08-03,Ashkelon_IL,CHL,my,0.1354,0.1354,0.1023,0.5485,0.9254
2017-08-04,Ashkelon_IL,CHL,my,0.09208,0.06325,0.05337,0.09208,0.806
2017-08-05,Ashkelon_IL,CHL,my,0.2327,0.1561,0.09149,0.345,0.8806
2017-08-06,Ashkelon_IL,CHL,my,0.2893,0.2893,0.1896,1.105,1
2017-08-07,Ashkelon_IL,CHL,my,0.2326,0.3642,0.197,0.6892,0.9502
2017-08-10,Ashkelon_IL,CHL,my,0.2737,0.09725,0.08147,0.3204,0.8756
2017-08-11,Ashkelon_IL,CHL,my,0.05395,0.04034,0.03314,0.05395,0.806
2017-08-12,Ashkelon_IL,CHL,my,0.05874,0.03725,0.03292,0.05874,0.806
2017-08-13,Ashkelon_IL,CHL,my,0.1041,0.1017,0.08775,0.2184,0.8806
2017-08-14,Ashkelon_IL,CHL,my,0.04743,0.05102,0.1284,1.204,1
2017-08-15,Ashkelon_IL,CHL,my,0.2473,0.1674,0.1073,0.2473,0.6418
2017-08-18,Ashkelon_IL,CHL,my,0.783,0.7736,0.5416,1.244,0.9502
2017-08-19,Ashkelon_IL,CHL,my,,0.6044,0.2634,0.6561,0.592
2017-08-21,Ashkelon_IL,CHL,my,0.5654,0.5225,0.3063,0.9134,0.8806
2017-08-23,Ashkelon_IL,CHL,my,0.2099,0.1698,0.1222,0.4456,0.9104
2017-08-24,Ashkelon_IL,CHL,my,0.2727,0.2945,0.209,0.4523,0.5224
2017-08-25,Ashkelon_IL,CHL,my,0.2515,,,,0.4279
2017-08-26,Ashkelon_IL,CHL,my,0.2391,0.2391,0.1208,0.4455,0.9502
2017-08-28,Ashkelon_IL,CHL,my,0.09787,0.06077,0.1088,0.6032,0.9104
2017-08-29,Ashkelon_IL,CHL,my,0.7341,0.4747,0.1751,0.7341,0.9502
2017-08-30,Ashkelon_IL,CHL,my,0.1185,0.08361,0.1566,1.01,0.9204
2017-08-31,Ashkelon_IL,CHL,my,0.4672,0.4672,0.2208,0.8458,0.5572
2017-09-02,Ashkelon_IL,CHL,my,1.329,0.9733,0.3765,1.897,1
2017-09-03,Ashkelon_IL,CHL,my,0.8104,0.1814,0.19,0.8104,0.806
2017-09-06,Ashkelon_IL,CHL,my,0.9958,0.9958,0.512,1.744,0.9502
2017-09-07,Ashkelon_IL,CHL,my,1.419,1.01,0.5643,1.702,0.8806
2017-09-08,Ashkelon_IL,CHL,my,1.492,1.492,0.5935,1.517,0.9104
2017-09-09,Ashkelon_IL,CHL,my,0.9794,0.4005,0.2699,0.9794,0.806
2017-09-10,Ashkelon_IL,CHL,my,1.043,1.043,0.5108,1.329,0.9502
2017-09-11,Ashkelon_IL,CHL,my,,0.663,0.2855,1.313,0.7363
2017-09-12,Ashkelon_IL,CHL,my,1.08,0.3259,0.2543,1.08,0.806
2017-09-13,Ashkelon_IL,CHL,my,,0.2331,0.1731,0.3961,0.592
2017-09-17,Ashkelon_IL,CHL,my,0.3627,0.3627,0.1879,0.8076,0.7662
2017-09-18,Ashkelon_IL,CHL,my,0.8261,0.8261,0.4368,1.358,0.9502
2017-09-19,Ashkelon_IL,CHL,my,,0.2054,0.1587,0.3594,0.7015
2017-09-20,Ashkelon_IL,CHL,my,1.1,1.1,0.5441,1.272,0.9502
2017-09-21,Ashkelon_IL,CHL,my,1.17,,,,0.4975
2017-09-24,Ashkelon_IL,CHL,my,0.9874,0.9382,0.5082,1.405,0.9104
2017-09-25,Ashkelon_IL,CHL,my,0.7296,0.8553,0.395,1.052,0.9502
2017-09-26,Ashkelon_IL,CHL,my,1.767,,,,0.1045
2017-09-28,Ashkelon_IL,CHL,my,1.042,1.042,0.4544,1.079,0.8806
2017-09-29,Ashkelon_IL,CHL,my,0.9969,0.8292,0.3851,1.039,0.9502
2017-09-30,Ashkelon_IL,CHL,my,0.9613,0.7445,0.3676,1.088,0.8358
2017-10-01,Ashkelon_IL,CHL,my,0.633,0.68,0.4124,0.7444,0.8806
2017-10-03,Ashkelon_IL,CHL,my,0.8782,0.8451,0.3564,1.082,0.9502
2017-10-04,Ashkelon_IL,CHL,my,0.7607,0.478,0.2576,0.937,0.8806
2017-10-05,Ashkelon_IL,CHL,my,0.3149,,,,0.393
2017-10-06,Ashkelon_IL,CHL,my,0.5565,0.2552,0.1874,0.607,0.9104
2017-10-07,Ashkelon_IL,CHL,my,0.7899,0.7282,0.3408,0.9159,1
2017-10-10,Ashkelon_IL,CHL,my,1.165,1.165,0.7588,1.388,0.7015
2017-10-11,Ashkelon_IL,CHL,my,0.6258,0.6258,0.3613,1.386,1
2017-10-12,Ashkelon_IL,CHL,my,0.8165,0.5861,0.326,0.8782,0.9104
2017-10-13,Ashkelon_IL,CHL,my,0.9578,0.9859,0.4563,1.104,0.8806
2017-10-14,Ashkelon_IL,CHL,my,0.8723,0.5923,0.3315,0.8723,0.9502
2017-10-15,Ashkelon_IL,CHL,my,0.5419,0.7788,0.5433,0.9026,1
2017-10-17,Ashkelon_IL,CHL,my,1.061,0.8305,0.5294,1.105,0.8806
2017-10-18,Ashkelon_IL,CHL,my,0.9569,0.9324,0.465,1.089,1
2017-10-21,Ashkelon_IL,CHL,my,0.2101,0.3396,0.2459,0.3781,0.8806
2017-10-22,Ashkelon_IL,CHL,my,0.5064,0.46,0.3689,0.6371,1
2017-10-23,Ashkelon_IL,CHL,my,0.3836,0.2721,0.2351,0.6251,0.9204
2017-10-24,Ashkelon_IL,CHL,my,0.1668,0.2145,0.1204,0.2747,0.8806
2017-10-25,Ashkelon_IL,CHL,my,0.2109,0.1116,0.08742,0.2109,0.7313
2017-10-26,Ashkelon_IL,CHL,my,0.4866,0.4866,0.235,0.65,1
2017-10-27,Ashkelon_IL,CHL,my,0.5477,0.5477,0.2675,0.8908,1
2017-10-29,Ashkelon_IL,CHL,my,0.7899,0.7356,0.2835,0.8193,0.806
2017-11-01,Ashkelon_IL,CHL,my,0.7299,0.7299,0.4016,0.9553,1
2017-11-02,Ashkelon_IL,CHL,my,0.8913,0.6861,0.3759,0.9202,1
2017-11-03,Ashkelon_IL,CHL,my,0.2591,0.302,0.2654,0.5524,0.9502
2017-11-04,Ashkelon_IL,CHL,my,0.4413,0.368,0.1876,0.4435,0.9104
2017-11-05,Ashkelon_IL,CHL,my,,0.2085,0.144,0.2344,0.597
2017-11-06,Ashkelon_IL,CHL,my,0.2801,0.3089,0.18,0.5059,0.9502
2017-11-07,Ashkelon_IL,CHL,my,0.2804,0.3456,0.2536,0.5731,0.9104
2017-11-09,Ashkelon_IL,CHL,my,0.4109,0.4322,0.2308,0.5816,0.9104
2017-11-10,Ashkelon_IL,CHL,my,0.6358,0.6358,0.3893,0.8893,1
2017-11-11,Ashkelon_IL,CHL,my,0.559,0.4638,0.3292,0.58,0.9502
2017-11-15,Ashkelon_IL,CHL,my,0.4268,0.3021,0.2044,0.4268,0.806
2017-11-17,Ashkelon_IL,CHL,my,0.3947,0.3417,0.2327,0.5969,0.9104
2017-11-23,Ashkelon_IL,CHL,my,1.369,,,,0.403
2017-11-26,Ashkelon_IL,CHL,my,0.3147,0.3147,0.188,0.423,0.9502
2017-11-28,Ashkelon_IL,CHL,my,0.2104,0.2132,0.1657,0.2528,0.9104
2017-11-29,Ashkelon_IL,CHL,my,0.2189,0.2019,0.1824,0.2502,0.9502
2017-11-30,Ashkelon_IL,CHL,my,0.2632,0.2617,0.2278,0.3252,0.9502
2017-12-01,Ashkelon_IL,CHL,my,,0.2578,0.1869,0.3587,0.7363
2017-12-02,Ashkelon_IL,CHL,my,0.383,0.3738,0.1833,0.4889,0.8806
2017-12-03,Ashkelon_IL,CHL,my,0.232,0.1835,0.1141,0.232,0.9502
2017-12-04,Ashkelon_IL,CHL,my,0.1206,0.1298,0.1149,0.3203,1
2017-12-07,Ashkelon_IL,CHL,my,0.9945,,,,0.0697
2017-12-08,Ashkelon_IL,CHL,my,1.39,1.354,0.8105,1.534,0.9502
2017-12-09,Ashkelon_IL,CHL,my,1.099,1.099,0.5808,1.202,0.9502
2017-12-15,Ashkelon_IL,CHL,my,0.143,,,,0.4826
2017-12-16,Ashkelon_IL,CHL,my,0.09257,0.1388,0.1036,0.2131,0.9104
2017-12-17,Ashkelon_IL,CHL,my,0.458,0.3606,0.1909,0.458,0.8806
2017-12-26,Ashkelon_IL,CHL,my,1.199,1.199,0.7299,1.353,0.9502
2017-12-27,Ashkelon_IL,CHL,my,0.5998,0.5998,0.3879,0.8807,0.9502
2017-12-30,Ashkelon_IL,CHL,my,0.3592,0.3592,0.2244,0.4947,0.9502
2017-12-31,Ashkelon_IL,CHL,my,0.5557,0.5557,0.3477,0.9135,0.7463
2017-01-01,Bardawil_off,CHL,my,1.8,1.882,1.365,3.181,1
2017-01-02,Bardawil_off,CHL,my,4.139,3.866,2.886,4.626,1
2017-01-03,Bardawil_off,CHL,my,4.193,4.193,2.706,4.608,0.6868
2017-01-04,Bardawil_off,CHL,my,4.05,3.748,2.603,4.05,1
2017-01-06,Bardawil_off,CHL,my,2.185,2.032,1.261,2.207,1
2017-01-07,Bardawil_off,CHL,my,4.181,3.619,2.629,4.181,1
2017-01-10,Bardawil_off,CHL,my,4.955,5.464,4.088,6.521,1
2017-01-11,Bardawil_off,CHL,my,3.314,3.26,2.463,4.051,1
2017-01-12,Bardawil_off,CHL,my,2.235,2.52,1.823,2.691,1
2017-01-13,Bardawil_off,CHL,my,1.869,2.759,1.759,3.099,1
2017-01-16,Bardawil_off,CHL,my,1.96,1.718,1.377,2.148,0.6868
2017-01-18,Bardawil_off,CHL,my,2.056,,,,0.1264
2017-01-21,Bardawil_off,CHL,my,,1.112,1.058,1.392,0.7692
2017-01-23,Bardawil_off,CHL,my,1.44,,,,0.3736
2017-01-30,Bardawil_off,CHL,my,2.383,4.227,3.305,4.457,1
2017-01-31,Bardawil_off,CHL,my,1.605,,,,0.3022
2017-02-01,Bardawil_off,CHL,my,1.68,1.709,1.764,2.654,0.5604
2017-02-02,Bardawil_off,CHL,my,2.397,2.342,1.941,2.462,1
2017-02-03,Bardawil_off,CHL,my,2.364,2.26,1.755,2.535,1
2017-02-04,Bardawil_off,CHL,my,2.31,,,,0.2527
2017-02-05,Bardawil_off,CHL,my,,1.517,1.181,1.608,0.6868
2017-02-06,Bardawil_off,CHL,my,1.727,1.509,1.18,1.842,1
2017-02-07,Bardawil_off,CHL,my,1.503,1.358,1.172,1.534,1
2017-02-10,Bardawil_off,CHL,my,1.374,1.507,1.267,1.65,1
2017-02-13,Bardawil_off,CHL,my,,1.486,1.199,1.623,0.6264
2017-02-17,Bardawil_off,CHL,my,3.643,4.066,3.354,4.398,1
2017-02-18,Bardawil_off,CHL,my,2.019,2.041,1.787,2.071,1
2017-02-19,Bardawil_off,CHL,my,1.518,1.612,1.055,1.704,1
2017-02-20,Bardawil_off,CHL,my,1.789,1.773,1.238,1.789,0.9176
2017-02-21,Bardawil_off,CHL,my,1.553,1.553,1.127,1.712,1
2017-02-23,Bardawil_off,CHL,my,1.413,1.364,1.195,1.455,0.7033
2017-02-24,Bardawil_off,CHL,my,1.408,1.459,1.056,1.521,1
2017-02-26,Bardawil_off,CHL,my,1.591,1.461,1.284,1.726,1
2017-03-03,Bardawil_off,CHL,my,1.652,1.487,1.153,1.756,1
2017-03-04,Bardawil_off,CHL,my,1.77,1.692,1.535,1.829,0.8791
2017-03-05,Bardawil_off,CHL,my,2.327,2.162,1.741,2.473,0.8736
2017-03-06,Bardawil_off,CHL,my,1.701,1.669,1.448,1.799,1
2017-03-07,Bardawil_off,CHL,my,1.583,1.609,1.553,1.737,0.7527
2017-03-08,Bardawil_off,CHL,my,1.669,1.523,0.8565,1.694,1
2017-03-09,Bardawil_off,CHL,my,1.741,1.699,1.114,1.883,1
2017-03-13,Bardawil_off,CHL,my,5.278,4.165,2.737,5.388,1
2017-03-14,Bardawil_off,CHL,my,3.137,2.154,1.678,3.538,1
2017-03-16,Bardawil_off,CHL,my,4.442,3.332,2.225,4.442,1
2017-03-20,Bardawil_off,CHL,my,,3.459,1.99,3.711,0.8077
2017-03-24,Bardawil_off,CHL,my,1.791,1.642,1.281,1.937,1
2017-03-25,Bardawil_off,CHL,my,1.807,1.603,1.185,1.939,0.7473
2017-03-26,Bardawil_off,CHL,my,1.376,1.292,1.026,1.556,1
2017-03-28,Bardawil_off,CHL,my,1.279,1.157,0.8739,1.468,1
2017-04-01,Bardawil_off,CHL,my,1.35,1.3,1.129,1.379,0.7527
2017-04-03,Bardawil_off,CHL,my,1.694,1.499,1.206,1.723,1
2017-04-04,Bardawil_off,CHL,my,2.187,1.826,1.267,2.187,0.956
2017-04-05,Bardawil_off,CHL,my,2.123,1.89,1.406,2.123,1
2017-04-07,Bardawil_off,CHL,my,3.554,1.933,1.578,3.554,1
2017-04-15,Bardawil_off,CHL,my,3.209,1.91,1.582,3.218,1
2017-04-16,Bardawil_off,CHL,my,2.154,2.131,1.455,2.162,0.9396
2017-04-17,Bardawil_off,CHL,my,2.171,2.097,1.318,2.171,1
2017-04-18,Bardawil_off,CHL,my,1.85,1.803,1.263,1.85,0.9341
2017-04-19,Bardawil_off,CHL,my,,1.452,0.9488,1.477,0.5604
2017-04-20,Bardawil_off,CHL,my,2.068,1.938,1.274,2.084,0.978
2017-04-25,Bardawil_off,CHL,my,,2.077,1.873,2.995,0.8791
2017-04-27,Bardawil_off,CHL,my,2.439,2.349,1.85,2.439,0.8846
2017-04-28,Bardawil_off,CHL,my,2.133,2.086,1.68,2.133,1
2017-04-29,Bardawil_off,CHL,my,1.95,1.921,1.528,1.975,1
2017-05-03,Bardawil_off,CHL,my,1.612,1.533,1.253,1.693,1
2017-05-05,Bardawil_off,CHL,my,,1.408,1.04,1.506,0.9176
2017-05-06,Bardawil_off,CHL,my,1.273,1.345,1.132,1.381,1
2017-05-07,Bardawil_off,CHL,my,1.439,1.349,1.025,1.469,0.956
2017-05-08,Bardawil_off,CHL,my,1.626,1.625,1.135,1.758,1
2017-05-09,Bardawil_off,CHL,my,1.669,1.649,1.233,1.723,1
2017-05-10,Bardawil_off,CHL,my,1.768,1.751,1.215,1.915,1
2017-05-11,Bardawil_off,CHL,my,1.692,1.535,1.05,1.692,0.8791
2017-05-12,Bardawil_off,CHL,my,2.003,1.925,1.404,2.003,0.5659
2017-05-13,Bardawil_off,CHL,my,1.962,1.894,1.502,2.022,1
2017-05-15,Bardawil_off,CHL,my,2.03,1.771,1.15,2.114,1
2017-05-16,Bardawil_off,CHL,my,1.618,1.425,0.97,1.668,1
2017-05-17,Bardawil_off,CHL,my,1.888,1.75,1.286,1.933,1
2017-05-19,Bardawil_off,CHL,my,,1.487,1.078,1.597,0.6868
2017-05-21,Bardawil_off,CHL,my,3.35,,,,0.1264
2017-05-23,Bardawil_off,CHL,my,,4.477,3.026,5.309,0.7473
2017-05-24,Bardawil_off,CHL,my,2.325,2.325,1.894,2.429,1
2017-05-28,Bardawil_off,CHL,my,2.067,2.035,1.581,2.138,0.7473
2017-05-29,Bardawil_off,CHL,my,2.07,2.034,1.583,2.12,1
2017-05-30,Bardawil_off,CHL,my,1.802,1.751,1.343,1.811,1
2017-05-31,Bardawil_off,CHL,my,1.932,1.932,1.536,2.033,1
2017-06-01,Bardawil_off,CHL,my,1.649,1.539,1.388,1.649,1
2017-06-02,Bardawil_off,CHL,my,1.731,1.647,1.143,1.731,1
2017-06-03,Bardawil_off,CHL,my,1.696,1.582,1.033,1.696,0.8132
2017-06-04,Bardawil_off,CHL,my,1.451,1.466,0.9952,1.608,1
2017-06-05,Bardawil_off,CHL,my,1.647,1.578,1.052,1.684,1
2017-06-06,Bardawil_off,CHL,my,1.504,1.444,1.014,1.504,1
2017-06-07,Bardawil_off,CHL,my,1.645,1.662,1.105,2.149,1
2017-06-09,Bardawil_off,CHL,my,1.822,1.704,1.428,1.822,0.978
2017-06-12,Bardawil_off,CHL,my,1.539,1.529,1.151,1.575,0.8736
2017-06-13,Bardawil_off,CHL,my,1.523,1.523,1.095,1.626,0.978
2017-06-14,Bardawil_off,CHL,my,1.579,1.422,1.106,1.579,0.8791
2017-06-15,Bardawil_off,CHL,my,1.236,1.184,0.8432,1.374,1
2017-06-16,Bardawil_off,CHL,my,1.403,1.276,0.9697,1.545,1
2017-06-17,Bardawil_off,CHL,my,1.229,1.181,0.7534,1.339,1
2017-06-18,Bardawil_off,CHL,my,1.402,1.402,0.9233,1.459,1
2017-06-19,Bardawil_off,CHL,my,1.603,1.486,1.091,1.603,0.8956
2017-06-21,Bardawil_off,CHL,my,,1.906,1.563,2.058,0.9176
2017-06-23,Bardawil_off,CHL,my,1.858,1.799,1.578,1.858,1
2017-06-24,Bardawil_off,CHL,my,1.833,1.723,1.346,1.833,0.978
2017-06-25,Bardawil_off,CHL,my,1.893,1.611,1.089,1.974,1
2017-06-26,Bardawil_off,CHL,my,1.772,1.527,1.174,1.772,0.9341
2017-06-28,Bardawil_off,CHL,my,1.558,1.558,1.086,1.753,0.8736
2017-06-29,Bardawil_off,CHL,my,,1.389,0.8511,1.529,0.8516
2017-06-30,Bardawil_off,CHL,my,1.566,1.594,1.027,1.608,0.9396
2017-07-01,Bardawil_off,CHL,my,1.498,1.529,1.048,1.732,1
2017-07-02,Bardawil_off,CHL,my,1.57,1.56,1.123,1.71,1
2017-07-03,Bardawil_off,CHL,my,1.55,1.368,0.9832,1.594,1
2017-07-04,Bardawil_off,CHL,my,1.498,1.25,0.8294,1.498,0.8791
2017-07-05,Bardawil_off,CHL,my,1.805,,,,0.4341
2017-07-07,Bardawil_off,CHL,my,,1.592,1.469,1.684,0.5
2017-07-09,Bardawil_off,CHL,my,1.982,1.783,1.309,2.047,1
2017-07-10,Bardawil_off,CHL,my,2.08,1.682,1.451,2.08,1
2017-07-14,Bardawil_off,CHL,my,2.047,1.708,1.401,2.047,1
2017-07-15,Bardawil_off,CHL,my,1.616,1.442,1.199,1.908,0.6868
2017-07-16,Bardawil_off,CHL,my,1.94,1.229,1.094,1.942,1
2017-07-17,Bardawil_off,CHL,my,1.746,1.056,0.9174,1.83,1
2017-07-18,Bardawil_off,CHL,my,2.384,1.289,0.8587,2.384,1
2017-07-19,Bardawil_off,CHL,my,1.527,0.8507,0.7481,1.84,1
2017-07-22,Bardawil_off,CHL,my,1.467,1.589,1.226,1.822,1
2017-07-25,Bardawil_off,CHL,my,1.704,,,,0.2527
2017-07-26,Bardawil_off,CHL,my,2.206,,,,0.3791
2017-07-29,Bardawil_off,CHL,my,1.674,1.669,1.176,1.79,1
2017-07-30,Bardawil_off,CHL,my,1.757,1.751,1.1,1.786,1
2017-07-31,Bardawil_off,CHL,my,1.833,1.457,1.042,1.833,0.9341
2017-08-01,Bardawil_off,CHL,my,1.743,1.713,1.119,1.746,1
2017-08-02,Bardawil_off,CHL,my,1.356,1.404,1.007,1.818,1
2017-08-03,Bardawil_off,CHL,my,1.551,1.525,1.065,1.59,1
2017-08-04,Bardawil_off,CHL,my,1.484,1.484,1.011,1.725,1
2017-08-05,Bardawil_off,CHL,my,1.635,1.633,1.097,1.782,1
2017-08-06,Bardawil_off,CHL,my,1.761,1.512,0.9219,1.898,1
2017-08-07,Bardawil_off,CHL,my,1.669,1.6,1.023,1.951,1
2017-08-08,Bardawil_off,CHL,my,1.665,1.245,0.8774,1.665,0.9341
2017-08-09,Bardawil_off,CHL,my,1.435,1.337,0.8962,1.927,0.8736
2017-08-10,Bardawil_off,CHL,my,1.567,1.07,0.759,1.79,1
2017-08-12,Bardawil_off,CHL,my,1.441,1.527,1.053,1.635,0.9396
2017-08-14,Bardawil_off,CHL,my,1.795,1.795,1.198,2.284,1
2017-08-15,Bardawil_off,CHL,my,1.424,,,,0.2527
2017-08-16,Bardawil_off,CHL,my,,1.709,1.231,1.793,0.6923
2017-08-17,Bardawil_off,CHL,my,1.793,1.578,1.319,1.837,1
2017-08-18,Bardawil_off,CHL,my,1.901,1.666,1.358,1.973,1
2017-08-19,Bardawil_off,CHL,my,1.908,1.76,1.198,1.971,1
2017-08-21,Bardawil_off,CHL,my,1.65,1.514,0.889,1.85,0.9341
2017-08-22,Bardawil_off,CHL,my,1.743,1.229,0.8636,1.885,1
2017-08-23,Bardawil_off,CHL,my,1.687,1.486,1.062,1.766,1
2017-08-24,Bardawil_off,CHL,my,1.684,1.502,1.087,1.684,0.9341
2017-08-25,Bardawil_off,CHL,my,1.56,1.56,1.173,1.687,1
2017-08-26,Bardawil_off,CHL,my,1.575,1.555,1.201,1.609,1
2017-08-27,Bardawil_off,CHL,my,,1.506,1.296,1.55,0.6319
2017-08-28,Bardawil_off,CHL,my,1.7,1.907,1.539,2.325,1
2017-08-29,Bardawil_off,CHL,my,1.66,2.142,1.751,2.433,1
2017-08-30,Bardawil_off,CHL,my,1.67,1.673,1.326,1.762,1
2017-09-03,Bardawil_off,CHL,my,1.853,1.697,1.317,1.914,1
2017-09-04,Bardawil_off,CHL,my,2.054,1.893,1.54,2.201,1
2017-09-05,Bardawil_off,CHL,my,1.527,1.527,1.296,1.608,1
2017-09-06,Bardawil_off,CHL,my,1.941,1.999,1.65,2.209,1
2017-09-07,Bardawil_off,CHL,my,2.037,1.977,1.592,2.037,0.9396
2017-09-08,Bardawil_off,CHL,my,1.773,1.867,1.625,1.882,1
2017-09-10,Bardawil_off,CHL,my,1.73,1.671,1.492,1.819,1
2017-09-11,Bardawil_off,CHL,my,1.4,1.585,1.465,1.78,1
2017-09-12,Bardawil_off,CHL,my,1.824,1.651,1.472,2.088,1
2017-09-13,Bardawil_off,CHL,my,1.61,1.672,1.465,1.977,1
2017-09-17,Bardawil_off,CHL,my,1.732,,,,0.3791
2017-09-19,Bardawil_off,CHL,my,1.58,1.705,1.541,1.745,0.6868
2017-09-20,Bardawil_off,CHL,my,1.787,1.991,1.495,2.201,1
2017-09-25,Bardawil_off,CHL,my,2.035,2.086,1.67,2.142,1
2017-09-26,Bardawil_off,CHL,my,2.196,,,,0.1264
2017-09-28,Bardawil_off,CHL,my,2.031,1.883,1.259,2.031,0.7033
2017-09-30,Bardawil_off,CHL,my,1.73,1.704,1.335,1.807,0.8736
2017-10-01,Bardawil_off,CHL,my,3.567,3.309,2.137,3.78,1
2017-10-06,Bardawil_off,CHL,my,1.751,1.751,1.532,1.877,1
2017-10-07,Bardawil_off,CHL,my,2.292,2.064,1.627,2.337,1
2017-10-08,Bardawil_off,CHL,my,2.148,2.011,1.677,2.186,1
2017-10-10,Bardawil_off,CHL,my,2.277,2.117,1.93,2.277,1
2017-10-11,Bardawil_off,CHL,my,2.43,2.304,2.02,2.637,1
2017-10-12,Bardawil_off,CHL,my,2.075,1.975,1.758,2.075,1
2017-10-13,Bardawil_off,CHL,my,2.206,2.075,1.932,2.245,0.6868
2017-10-14,Bardawil_off,CHL,my,2.196,2.075,1.534,2.196,1
2017-10-16,Bardawil_off,CHL,my,2.19,2.19,1.376,2.433,1
2017-10-17,Bardawil_off,CHL,my,2.287,2.287,1.908,2.499,1
2017-10-18,Bardawil_off,CHL,my,3.074,3.038,2.07,3.73,1
2017-10-21,Bardawil_off,CHL,my,1.73,1.589,1.057,2.001,0.8736
2017-10-22,Bardawil_off,CHL,my,1.879,1.58,1.213,2.003,1
2017-10-24,Bardawil_off,CHL,my,1.85,1.703,1.318,1.963,1
2017-10-25,Bardawil_off,CHL,my,2.204,2.093,1.64,2.986,1
2017-10-26,Bardawil_off,CHL,my,1.976,1.599,1.431,2.174,1
2017-10-27,Bardawil_off,CHL,my,1.787,,,,0.3132
2017-10-28,Bardawil_off,CHL,my,1.79,1.627,1.392,1.977,1
2017-10-29,Bardawil_off,CHL,my,2.438,1.935,1.499,2.471,1
2017-10-30,Bardawil_off,CHL,my,4.206,3.134,2.259,4.206,1
2017-10-31,Bardawil_off,CHL,my,2.181,1.994,1.396,2.29,1
2017-11-01,Bardawil_off,CHL,my,1.844,1.619,1.213,1.893,1
2017-11-02,Bardawil_off,CHL,my,2.18,1.802,1.447,2.18,1
2017-11-03,Bardawil_off,CHL,my,1.972,1.9,1.592,1.972,0.5604
2017-11-04,Bardawil_off,CHL,my,2.458,2.394,1.693,2.62,1
2017-11-05,Bardawil_off,CHL,my,2.302,2.302,1.857,2.422,1
2017-11-07,Bardawil_off,CHL,my,2.299,2.196,1.908,2.593,0.6868
2017-11-09,Bardawil_off,CHL,my,2.158,1.666,1.15,2.35,1
2017-11-10,Bardawil_off,CHL,my,2.294,1.612,1.107,2.64,1
2017-11-11,Bardawil_off,CHL,my,2.202,1.454,1.067,2.365,1
2017-11-16,Bardawil_off,CHL,my,1.292,1.391,1.081,1.758,1
2017-11-17,Bardawil_off,CHL,my,1.377,1.38,1.105,1.433,1
2017-11-20,Bardawil_off,CHL,my,1.013,1.053,1.002,1.166,1
2017-11-23,Bardawil_off,CHL,my,6.333,,,,0.4341
2017-11-25,Bardawil_off,CHL,my,2.115,,,,0.1264
2017-11-28,Bardawil_off,CHL,my,1.846,1.882,1.171,2.185,1
2017-11-29,Bardawil_off,CHL,my,2.505,2.206,1.236,2.505,1
2017-11-30,Bardawil_off,CHL,my,1.963,,,,0.456
2017-12-01,Bardawil_off,CHL,my,2.191,2.039,1.473,2.236,1
2017-12-02,Bardawil_off,CHL,my,1.77,1.77,1.332,1.877,1
2017-12-03,Bardawil_off,CHL,my,1.764,1.764,1.13,1.837,1
2017-12-04,Bardawil_off,CHL,my,1.46,1.364,1.112,1.521,1
2017-12-08,Bardawil_off,CHL,my,3.927,3.723,2.657,3.927,1
2017-12-09,Bardawil_off,CHL,my,2.244,2.298,1.617,3.163,1
2017-12-14,Bardawil_off,CHL,my,1.86,1.846,1.576,2.061,0.7473
2017-12-15,Bardawil_off,CHL,my,,1.464,1.252,1.535,0.7527
2017-12-16,Bardawil_off,CHL,my,1.994,1.707,1.452,2.493,1
2017-12-26,Bardawil_off,CHL,my,4.844,4.588,3.426,4.844,0.8791
2017-12-30,Bardawil_off,CHL,my,2.739,2.649,2.094,3.611,1
2017-01-01,Damietta_mouth,CHL,my,3.462,1.956,1.787,3.713,1
2017-01-02,Damietta_mouth,CHL,my,5.719,5.194,3.525,6.398,0.7527
2017-01-03,Damietta_mouth,CHL,my,5.033,4.918,2.6,5.111,1
2017-01-04,Damietta_mouth,CHL,my,3.328,,,,0.4286
2017-01-06,Damietta_mouth,CHL,my,2.086,2.075,1.378,2.147,1
2017-01-07,Damietta_mouth,CHL,my,4.58,4.58,3.463,4.847,1
2017-01-10,Damietta_mouth,CHL,my,4.956,4.232,3.837,5.064,1
2017-01-11,Damietta_mouth,CHL,my,2.198,2.099,1.847,3.252,1
2017-01-13,Damietta_mouth,CHL,my,1.979,1.842,1.44,1.979,1
2017-01-15,Damietta_mouth,CHL,my,1.998,,,,0.3077
2017-01-17,Damietta_mouth,CHL,my,2.444,1.75,1.627,6.535,1
2017-01-18,Damietta_mouth,CHL,my,1.416,1.364,1.225,1.416,1
2017-01-20,Damietta_mouth,CHL,my,1.776,1.368,0.9218,1.776,0.9396
2017-01-21,Damietta_mouth,CHL,my,1.775,1.126,0.9638,1.9,1
2017-01-23,Damietta_mouth,CHL,my,3.826,3.826,2.043,4.329,0.989
2017-02-01,Damietta_mouth,CHL,my,3.439,3.121,1.823,3.473,0.8791
2017-02-03,Damietta_mouth,CHL,my,3.23,3.055,2.348,9.097,1
2017-02-05,Damietta_mouth,CHL,my,1.907,1.745,1.587,1.907,0.8022
2017-02-06,Damietta_mouth,CHL,my,1.813,1.557,1.528,1.915,1
2017-02-07,Damietta_mouth,CHL,my,2.163,2.118,1.462,2.319,1
2017-02-08,Damietta_mouth,CHL,my,2.035,2.035,1.655,2.1,0.5495
2017-02-09,Damietta_mouth,CHL,my,2.171,2.171,1.443,3.249,1
2017-02-10,Damietta_mouth,CHL,my,2.208,,,,0.2473
2017-02-11,Damietta_mouth,CHL,my,2.054,2.054,1.222,2.327,0.9396
2017-02-12,Damietta_mouth,CHL,my,1.885,,,,0.3077
2017-02-14,Damietta_mouth,CHL,my,4.27,,,,0.1209
2017-02-15,Damietta_mouth,CHL,my,4.948,4.799,2.864,4.948,0.5604
2017-02-17,Damietta_mouth,CHL,my,4.346,3.867,3.031,4.346,0.6758
2017-02-19,Damietta_mouth,CHL,my,1.984,1.896,1.44,2.004,1
2017-02-20,Damietta_mouth,CHL,my,1.769,1.735,1.137,1.769,0.5659
2017-02-21,Damietta_mouth,CHL,my,2.057,1.903,1.034,2.212,0.6264
2017-02-23,Damietta_mouth,CHL,my,1.603,1.101,0.5537,1.603,0.7527
2017-02-24,Damietta_mouth,CHL,my,1.427,1.313,0.6353,2.258,1
2017-02-25,Damietta_mouth,CHL,my,1.672,1.288,0.6972,1.863,1
2017-02-26,Damietta_mouth,CHL,my,2.286,2.034,1.137,2.632,0.8791
2017-03-01,Damietta_mouth,CHL,my,1.77,1.522,0.995,2.17,1
2017-03-02,Damietta_mouth,CHL,my,,1.073,0.509,1.444,0.6209
2017-03-03,Damietta_mouth,CHL,my,3.39,,,,0.4945
2017-03-04,Damietta_mouth,CHL,my,2.151,1.642,1.102,2.275,1
2017-03-05,Damietta_mouth,CHL,my,2.29,1.651,1.064,2.725,1
2017-03-06,Damietta_mouth,CHL,my,1.912,1.769,1.141,2.091,1
2017-03-07,Damietta_mouth,CHL,my,1.512,1.421,0.8246,1.965,1
2017-03-08,Damietta_mouth,CHL,my,1.487,1.407,0.915,1.983,0.8736
2017-03-13,Damietta_mouth,CHL,my,1.741,1.741,1.262,1.791,1
2017-03-14,Damietta_mouth,CHL,my,1.837,1.781,1.368,2.005,1
2017-03-16,Damietta_mouth,CHL,my,1.602,1.672,1.18,1.721,0.9396
2017-03-19,Damietta_mouth,CHL,my,3.333,3.229,1.832,3.404,1
2017-03-20,Damietta_mouth,CHL,my,2.956,2.726,1.864,2.956,0.6319
2017-03-24,Damietta_mouth,CHL,my,,1.698,1.282,2.126,0.9396
2017-03-25,Damietta_mouth,CHL,my,,1.485,0.9182,2.36,0.7527
2017-03-26,Damietta_mouth,CHL,my,7.09,3.388,2.277,7.09,1
2017-03-27,Damietta_mouth,CHL,my,1.891,1.601,1.045,2.495,1
2017-03-28,Damietta_mouth,CHL,my,6.352,1.386,2.332,20.66,1
2017-03-30,Damietta_mouth,CHL,my,2.764,2.218,1.389,2.963,1
2017-04-01,Damietta_mouth,CHL,my,1.472,1.433,0.7681,1.665,0.6319
2017-04-02,Damietta_mouth,CHL,my,1.873,1.747,1.147,1.873,0.9231
2017-04-03,Damietta_mouth,CHL,my,1.599,1.456,0.917,2.497,1
2017-04-04,Damietta_mouth,CHL,my,2.139,1.619,1.01,2.22,1
2017-04-05,Damietta_mouth,CHL,my,2.047,1.625,0.9803,2.281,1
2017-04-15,Damietta_mouth,CHL,my,2.492,1.815,1.254,2.782,1
2017-04-16,Damietta_mouth,CHL,my,2.251,1.999,1.157,2.586,1
2017-04-17,Damietta_mouth,CHL,my,2.913,2.423,1.414,2.913,1
2017-04-19,Damietta_mouth,CHL,my,2.011,1.78,1.12,2.39,1
2017-04-20,Damietta_mouth,CHL,my,2.819,2.402,1.523,3.162,1
2017-04-22,Damietta_mouth,CHL,my,2.206,2.132,1.378,2.306,1
2017-04-25,Damietta_mouth,CHL,my,4.517,3.602,2.601,5.951,1
2017-04-26,Damietta_mouth,CHL,my,4.2,3.686,2.056,4.287,0.8132
2017-04-27,Damietta_mouth,CHL,my,2.322,2.205,1.75,2.322,0.5549
2017-04-28,Damietta_mouth,CHL,my,1.979,1.903,1.226,2.091,1
2017-04-29,Damietta_mouth,CHL,my,2.213,1.75,1.128,2.393,1
2017-05-01,Damietta_mouth,CHL,my,1.91,,,,0.1209
2017-05-02,Damietta_mouth,CHL,my,1.827,1.588,0.9307,2.081,0.989
2017-05-03,Damietta_mouth,CHL,my,2.467,1.675,1.109,2.533,1
2017-05-05,Damietta_mouth,CHL,my,1.614,1.425,0.7899,1.817,1
2017-05-06,Damietta_mouth,CHL,my,2.283,1.52,0.8707,2.647,1
2017-05-07,Damietta_mouth,CHL,my,1.932,1.433,0.8735,2.369,1
2017-05-08,Damietta_mouth,CHL,my,,1.53,0.8937,2.135,0.8791
2017-05-09,Damietta_mouth,CHL,my,2.657,2.252,1.335,2.846,1
2017-05-11,Damietta_mouth,CHL,my,1.78,1.453,0.8357,1.78,0.5495
2017-05-15,Damietta_mouth,CHL,my,1.534,1.174,0.7302,1.747,1
2017-05-16,Damietta_mouth,CHL,my,1.543,1.444,0.8787,1.543,1
2017-05-17,Damietta_mouth,CHL,my,3.139,2.035,1.46,3.491,0.8022
2017-05-20,Damietta_mouth,CHL,my,2.439,2.009,1.148,2.485,1
2017-05-21,Damietta_mouth,CHL,my,,2.009,1.319,2.049,0.9396
2017-05-23,Damietta_mouth,CHL,my,1.791,1.791,1.241,1.92,0.5714
2017-05-24,Damietta_mouth,CHL,my,1.672,1.439,1.013,1.703,1
2017-05-27,Damietta_mouth,CHL,my,2.891,2.006,1.35,2.891,0.9396
2017-05-28,Damietta_mouth,CHL,my,2.284,1.632,1.017,2.575,0.8132
2017-05-29,Damietta_mouth,CHL,my,2.072,1.704,1.031,2.293,1
2017-05-30,Damietta_mouth,CHL,my,,0.9976,0.5677,1.414,0.6923
2017-05-31,Damietta_mouth,CHL,my,1.795,1.524,0.9146,2.049,1
2017-06-01,Damietta_mouth,CHL,my,1.824,1.424,0.8186,2.022,1
2017-06-02,Damietta_mouth,CHL,my,1.519,1.354,0.7377,2.442,1
2017-06-03,Damietta_mouth,CHL,my,1.309,1.309,0.7439,2.026,0.9396
2017-06-04,Damietta_mouth,CHL,my,1.561,1.255,0.6854,2.056,1
2017-06-05,Damietta_mouth,CHL,my,1.709,1.279,0.7101,2.257,1
2017-06-06,Damietta_mouth,CHL,my,1.761,1.761,0.7787,1.965,1
2017-06-07,Damietta_mouth,CHL,my,2.318,1.669,0.9658,2.318,0.9396
2017-06-10,Damietta_mouth,CHL,my,1.705,1.705,0.9463,2.037,1
2017-06-12,Damietta_mouth,CHL,my,,1.648,1.054,3.369,0.8791
2017-06-13,Damietta_mouth,CHL,my,4.076,1.643,1.57,7.202,1
2017-06-14,Damietta_mouth,CHL,my,,1.716,0.8451,1.896,0.8791
2017-06-15,Damietta_mouth,CHL,my,1.574,1.585,0.886,1.795,0.9396
2017-06-16,Damietta_mouth,CHL,my,1.716,1.425,0.8845,1.97,1
2017-06-17,Damietta_mouth,CHL,my,1.752,1.36,0.7089,1.777,1
2017-06-20,Damietta_mouth,CHL,my,1.468,1.315,0.703,1.624,1
2017-06-21,Damietta_mouth,CHL,my,1.827,1.814,1.116,1.905,0.8791
2017-06-22,Damietta_mouth,CHL,my,1.642,1.48,0.9596,2.401,0.989
2017-06-23,Damietta_mouth,CHL,my,1.563,1.377,0.9477,2.306,1
2017-06-24,Damietta_mouth,CHL,my,1.202,1.136,0.893,3.311,1
2017-06-25,Damietta_mouth,CHL,my,1.236,1.126,0.741,2.591,1
2017-06-28,Damietta_mouth,CHL,my,1.39,0.8823,0.6055,1.39,1
2017-06-29,Damietta_mouth,CHL,my,1.123,1.022,0.7165,1.582,1
2017-06-30,Damietta_mouth,CHL,my,1.294,0.9016,0.6002,1.392,1
2017-07-01,Damietta_mouth,CHL,my,1.297,1.076,0.7008,1.297,0.9396
2017-07-02,Damietta_mouth,CHL,my,1.689,1.36,0.7097,2.562,1
2017-07-03,Damietta_mouth,CHL,my,1.431,0.8348,0.4382,1.546,1
2017-07-05,Damietta_mouth,CHL,my,1.652,,,,0.1813
2017-07-08,Damietta_mouth,CHL,my,1.808,1.513,1.213,2.547,0.9396
2017-07-09,Damietta_mouth,CHL,my,1.498,1.574,1.158,2.068,1
2017-07-10,Damietta_mouth,CHL,my,3.02,1.327,1.257,4.026,1
2017-07-14,Damietta_mouth,CHL,my,1.678,1.531,1.053,1.856,1
2017-07-15,Damietta_mouth,CHL,my,1.605,1.344,0.8936,1.731,0.7473
2017-07-16,Damietta_mouth,CHL,my,1.502,1.052,0.8315,1.502,0.9396
2017-07-17,Damietta_mouth,CHL,my,2.36,1.107,0.8618,2.36,0.9396
2017-07-18,Damietta_mouth,CHL,my,2.079,1.991,1.005,2.079,1
2017-07-19,Damietta_mouth,CHL,my,1.598,1.551,0.8417,1.765,1
2017-07-21,Damietta_mouth,CHL,my,2.127,1.755,1.27,2.127,0.8736
2017-07-22,Damietta_mouth,CHL,my,1.377,1.258,0.9954,1.8,1
2017-07-24,Damietta_mouth,CHL,my,1.652,1.307,1.034,1.652,0.9396
2017-07-25,Damietta_mouth,CHL,my,1.603,1.32,0.9215,1.821,1
2017-07-26,Damietta_mouth,CHL,my,1.621,1.302,1.012,2.18,0.9286
2017-07-29,Damietta_mouth,CHL,my,1.553,1.537,0.8887,1.857,0.6264
2017-07-30,Damietta_mouth,CHL,my,2.011,1.569,1.013,2.511,1
2017-07-31,Damietta_mouth,CHL,my,1.776,1.717,1.004,1.784,0.8626
2017-08-01,Damietta_mouth,CHL,my,3.781,1.6,1.117,3.781,1
2017-08-02,Damietta_mouth,CHL,my,2.196,1.277,0.851,2.196,0.9396
2017-08-03,Damietta_mouth,CHL,my,1.403,1.403,0.9413,2.457,1
2017-08-04,Damietta_mouth,CHL,my,2.198,1.348,0.9608,2.212,1
2017-08-05,Damietta_mouth,CHL,my,1.625,1.569,0.9063,1.955,1
2017-08-06,Damietta_mouth,CHL,my,1.656,1.149,0.716,1.656,0.9396
2017-08-07,Damietta_mouth,CHL,my,1.482,1.094,0.7807,1.758,1
2017-08-08,Damietta_mouth,CHL,my,1.921,1.3,0.7188,1.921,1
2017-08-09,Damietta_mouth,CHL,my,1.646,1.14,0.5968,1.804,1
2017-08-10,Damietta_mouth,CHL,my,1.636,1.24,0.7844,4.029,1
2017-08-12,Damietta_mouth,CHL,my,1.421,0.9312,0.6136,1.545,1
2017-08-14,Damietta_mouth,CHL,my,,0.8717,0.5384,1.131,0.7527
2017-08-15,Damietta_mouth,CHL,my,2.641,1.376,0.9691,2.831,0.9231
2017-08-17,Damietta_mouth,CHL,my,1.706,1.499,1.174,2.747,1
2017-08-18,Damietta_mouth,CHL,my,2.403,1.392,1.182,2.536,1
2017-08-19,Damietta_mouth,CHL,my,2.514,1.654,1.15,2.721,1
2017-08-20,Damietta_mouth,CHL,my,2.528,1.568,1.131,2.528,1
2017-08-21,Damietta_mouth,CHL,my,2.2,1.742,1.045,2.393,1
2017-08-22,Damietta_mouth,CHL,my,3.136,1.817,1.535,7.324,1
2017-08-23,Damietta_mouth,CHL,my,2.808,1.572,1.313,3.351,1
2017-08-24,Damietta_mouth,CHL,my,1.611,1.638,1.403,2.653,1
2017-08-25,Damietta_mouth,CHL,my,2.569,1.698,1.891,7.429,1
2017-08-26,Damietta_mouth,CHL,my,2.105,1.721,1.414,2.539,1
2017-08-27,Damietta_mouth,CHL,my,7.081,1.887,1.826,7.081,1
2017-08-28,Damietta_mouth,CHL,my,2.478,2.061,1.647,6.91,1
2017-08-30,Damietta_mouth,CHL,my,2.065,1.515,1.066,2.338,1
2017-09-02,Damietta_mouth,CHL,my,1.953,1.594,1.293,6.255,1
2017-09-03,Damietta_mouth,CHL,my,7.056,1.572,1.634,7.056,1
2017-09-04,Damietta_mouth,CHL,my,1.745,1.441,1.069,2.97,1
2017-09-05,Damietta_mouth,CHL,my,1.453,1.18,0.893,1.844,1
2017-09-06,Damietta_mouth,CHL,my,1.577,1.519,1.079,2.781,1
2017-09-08,Damietta_mouth,CHL,my,2.9,2.37,1.744,2.9,0.6813
2017-09-09,Damietta_mouth,CHL,my,2.373,2.075,1.292,2.562,1
2017-09-10,Damietta_mouth,CHL,my,1.972,1.847,1.25,2.267,1
2017-09-11,Damietta_mouth,CHL,my,1.917,1.637,1.124,2.186,1
2017-09-12,Damietta_mouth,CHL,my,1.914,1.528,1.082,2.271,1
2017-09-16,Damietta_mouth,CHL,my,,1.61,1.153,1.642,0.8187
2017-09-17,Damietta_mouth,CHL,my,1.584,,,,0.4286
2017-09-19,Damietta_mouth,CHL,my,1.59,1.365,0.919,1.733,1
2017-09-21,Damietta_mouth,CHL,my,1.873,1.251,0.7847,2.224,0.8132
2017-09-26,Damietta_mouth,CHL,my,3.31,,,,0.1209
2017-09-27,Damietta_mouth,CHL,my,1.818,,,,0.2473
2017-09-28,Damietta_mouth,CHL,my,,1.476,0.8365,1.724,0.7418
2017-09-29,Damietta_mouth,CHL,my,,1.365,0.8829,1.508,0.6758
2017-09-30,Damietta_mouth,CHL,my,1.912,1.58,1.094,2.793,1
2017-10-01,Damietta_mouth,CHL,my,5.819,5.819,2.365,6.137,0.8187
2017-10-03,Damietta_mouth,CHL,my,3.047,2.027,1.263,3.047,0.8681
2017-10-06,Damietta_mouth,CHL,my,1.9,1.74,1.23,2.365,1
2017-10-07,Damietta_mouth,CHL,my,2.965,2.492,1.674,5.768,1
2017-10-08,Damietta_mouth,CHL,my,2.098,1.648,1.125,2.293,1
2017-10-09,Damietta_mouth,CHL,my,2.022,,,,0.4341
2017-10-14,Damietta_mouth,CHL,my,1.739,1.409,1.059,1.769,1
2017-10-15,Damietta_mouth,CHL,my,2.002,1.804,1.293,2.002,0.8132
2017-10-16,Damietta_mouth,CHL,my,1.664,1.562,1.22,3.06,1
2017-10-17,Damietta_mouth,CHL,my,1.248,1.281,1.061,1.935,1
2017-10-18,Damietta_mouth,CHL,my,,1.168,1.038,1.887,0.6264
2017-10-20,Damietta_mouth,CHL,my,1.948,1.276,0.9305,1.948,0.9396
2017-10-21,Damietta_mouth,CHL,my,1.644,1.304,0.7513,1.947,1
2017-10-22,Damietta_mouth,CHL,my,1.986,1.471,0.9568,4.262,0.8022
2017-10-25,Damietta_mouth,CHL,my,3.414,1.388,1.223,3.414,1
2017-10-26,Damietta_mouth,CHL,my,2.374,2.374,1.843,4.26,0.5604
2017-10-28,Damietta_mouth,CHL,my,1.837,1.504,0.9078,1.837,0.9396
2017-10-29,Damietta_mouth,CHL,my,2.504,1.983,1.27,2.508,1
2017-10-30,Damietta_mouth,CHL,my,3.418,2.063,1.339,3.418,1
2017-10-31,Damietta_mouth,CHL,my,2.092,,,,0.4286
2017-11-01,Damietta_mouth,CHL,my,2.021,1.807,1.407,2.726,0.6758
2017-11-02,Damietta_mouth,CHL,my,1.965,,,,0.1209
2017-11-04,Damietta_mouth,CHL,my,1.59,1.281,0.8566,2.441,1
2017-11-05,Damietta_mouth,CHL,my,1.889,1.555,0.7307,2.172,1
2017-11-07,Damietta_mouth,CHL,my,2.123,1.659,0.9467,2.426,0.9231
2017-11-11,Damietta_mouth,CHL,my,1.433,1.272,0.6866,1.917,1
2017-11-16,Damietta_mouth,CHL,my,1.852,1.852,1.352,2.015,0.5549
2017-11-17,Damietta_mouth,CHL,my,2.481,2.481,1.138,2.559,0.8736
2017-11-20,Damietta_mouth,CHL,my,1.063,0.9265,0.4907,1.088,0.9396
2017-11-23,Damietta_mouth,CHL,my,5.207,4.151,3.002,5.406,1
2017-11-24,Damietta_mouth,CHL,my,3.566,,,,0.3242
2017-11-26,Damietta_mouth,CHL,my,2.009,,,,0.3681
2017-11-27,Damietta_mouth,CHL,my,2.018,1.766,1.312,2.168,1
2017-11-28,Damietta_mouth,CHL,my,,1.873,1.501,2.216,0.8187
2017-11-29,Damietta_mouth,CHL,my,1.516,,,,0.3681
2017-12-01,Damietta_mouth,CHL,my,2.182,1.76,1.411,2.182,0.6319
2017-12-02,Damietta_mouth,CHL,my,2.121,2.121,1.417,2.253,1
2017-12-03,Damietta_mouth,CHL,my,10.28,1.891,2.264,10.28,1
2017-12-04,Damietta_mouth,CHL,my,9.062,6.224,3.122,11.55,1
2017-12-14,Damietta_mouth,CHL,my,3.413,2.215,1.993,3.604,1
2017-12-15,Damietta_mouth,CHL,my,1.441,1.283,1.107,1.913,1
2017-12-16,Damietta_mouth,CHL,my,2.127,1.389,0.8858,2.605,1
2017-12-29,Damietta_mouth,CHL,my,1.497,1.501,1,1.808,0.8791
2017-12-30,Damietta_mouth,CHL,my,3.678,2.465,1.879,3.844,1
2017-01-01,El_Arish_EG,CHL,my,1.333,1.626,1.325,1.788,0.7114
2017-01-02,El_Arish_EG,CHL,my,0.9786,0.9786,0.7685,2.578,1
2017-01-03,El_Arish_EG,CHL,my,1.219,1.013,0.7843,1.235,0.9254
2017-01-04,El_Arish_EG,CHL,my,0.9089,0.9089,0.5437,1.14,0.9254
2017-01-05,El_Arish_EG,CHL,my,1.116,1.026,0.6224,1.236,0.8657
2017-01-06,El_Arish_EG,CHL,my,1.143,1.019,0.5637,1.143,0.9851
2017-01-07,El_Arish_EG,CHL,my,1.04,1.066,0.7114,1.215,0.9851
2017-01-10,El_Arish_EG,CHL,my,4.077,1.534,1.159,4.077,0.8109
2017-01-11,El_Arish_EG,CHL,my,2.092,2.052,1.013,2.284,0.9254
2017-01-12,El_Arish_EG,CHL,my,2.064,1.836,1.088,2.647,0.9254
2017-01-13,El_Arish_EG,CHL,my,1.283,1.307,0.7956,1.771,1
2017-01-16,El_Arish_EG,CHL,my,,0.8586,0.5806,1.024,0.6866
2017-01-21,El_Arish_EG,CHL,my,0.6775,0.7895,0.5998,0.8734,0.9254
2017-01-23,El_Arish_EG,CHL,my,0.8923,0.8923,0.5711,1.194,0.9851
2017-01-29,El_Arish_EG,CHL,my,3.058,3.058,1.999,4.32,1
2017-01-30,El_Arish_EG,CHL,my,1.892,1.85,1.382,2.435,0.8657
2017-02-02,El_Arish_EG,CHL,my,1.953,1.953,1.499,2.441,1
2017-02-03,El_Arish_EG,CHL,my,2.161,1.924,1.689,2.208,0.9851
2017-02-06,El_Arish_EG,CHL,my,1.561,1.502,1.218,2.651,1
2017-02-07,El_Arish_EG,CHL,my,1.684,1.586,1.356,1.684,0.9851
2017-02-08,El_Arish_EG,CHL,my,1.16,1.037,0.7516,1.353,0.9254
2017-02-10,El_Arish_EG,CHL,my,1.259,1.259,0.7824,1.399,0.9254
2017-02-12,El_Arish_EG,CHL,my,1.147,1.147,1.06,1.209,0.5224
2017-02-13,El_Arish_EG,CHL,my,1.385,1.302,0.8896,1.455,0.6915
2017-02-18,El_Arish_EG,CHL,my,1.376,1.426,1.404,4.97,0.9851
2017-02-19,El_Arish_EG,CHL,my,1.445,1.593,1.085,2.73,0.9851
2017-02-20,El_Arish_EG,CHL,my,1.533,1.405,0.8775,1.533,0.9254
2017-02-21,El_Arish_EG,CHL,my,1.367,1.367,0.5823,1.707,1
2017-02-24,El_Arish_EG,CHL,my,,0.3549,0.2739,0.5581,0.7512
2017-02-26,El_Arish_EG,CHL,my,1.3,0.714,0.4304,1.3,0.9254
2017-03-03,El_Arish_EG,CHL,my,1.419,1.325,0.6654,1.498,0.9254
2017-03-04,El_Arish_EG,CHL,my,1.49,1.38,0.7655,1.624,0.9254
2017-03-05,El_Arish_EG,CHL,my,1.61,1.399,0.7223,1.61,0.9851
2017-03-06,El_Arish_EG,CHL,my,1.338,1.345,0.805,1.487,0.9851
2017-03-07,El_Arish_EG,CHL,my,1.128,1.1,0.6019,1.169,0.9851
2017-03-08,El_Arish_EG,CHL,my,1.096,1.04,0.531,1.096,0.9851
2017-03-09,El_Arish_EG,CHL,my,1.165,1.206,0.6716,1.274,0.9851
2017-03-13,El_Arish_EG,CHL,my,3.037,2.921,1.565,3.063,0.9254
2017-03-14,El_Arish_EG,CHL,my,1.972,1.81,1.021,2.043,0.9254
2017-03-20,El_Arish_EG,CHL,my,3.906,3.446,2.301,4.067,1
2017-03-24,El_Arish_EG,CHL,my,1.356,1.476,1.106,1.626,0.7363
2017-03-25,El_Arish_EG,CHL,my,1.625,,,,0.2338
2017-03-26,El_Arish_EG,CHL,my,1.499,1.397,1.014,1.645,0.9254
2017-03-28,El_Arish_EG,CHL,my,1.103,1.103,0.7341,1.518,0.9851
2017-04-01,El_Arish_EG,CHL,my,1.29,1.185,0.7168,1.388,0.9851
2017-04-03,El_Arish_EG,CHL,my,1.25,1.129,0.6249,1.359,0.8657
2017-04-04,El_Arish_EG,CHL,my,1.103,1.103,0.6496,1.326,0.9851
2017-04-05,El_Arish_EG,CHL,my,0.9511,0.9511,0.5434,1.424,0.9851
2017-04-07,El_Arish_EG,CHL,my,1.512,1.492,0.8379,1.627,0.9254
2017-04-08,El_Arish_EG,CHL,my,,1.175,0.7443,1.357,0.6965
2017-04-15,El_Arish_EG,CHL,my,1.815,1.766,1.179,1.89,0.9254
2017-04-16,El_Arish_EG,CHL,my,1.61,1.61,1.149,1.712,1
2017-04-17,El_Arish_EG,CHL,my,1.531,1.434,1.057,2.07,1
2017-04-20,El_Arish_EG,CHL,my,1.371,1.26,0.902,1.499,0.9851
2017-04-23,El_Arish_EG,CHL,my,,1.203,0.7692,1.668,0.5622
2017-04-25,El_Arish_EG,CHL,my,1.736,1.736,1.031,1.895,0.7612
2017-04-28,El_Arish_EG,CHL,my,1.467,1.43,0.8502,1.982,1
2017-04-29,El_Arish_EG,CHL,my,1.382,1.287,0.7971,1.522,0.9254
2017-05-02,El_Arish_EG,CHL,my,1.083,1.083,0.6101,2.323,1
2017-05-03,El_Arish_EG,CHL,my,0.9806,0.9806,0.5701,1.173,0.9851
2017-05-06,El_Arish_EG,CHL,my,0.6682,0.6682,0.3768,1.047,1
2017-05-07,El_Arish_EG,CHL,my,0.6803,0.5162,0.3399,0.8605,0.8657
2017-05-08,El_Arish_EG,CHL,my,0.7112,0.584,0.3877,1.042,0.9254
2017-05-10,El_Arish_EG,CHL,my,0.6001,0.5251,0.3203,0.8446,0.9254
2017-05-11,El_Arish_EG,CHL,my,0.7844,0.6954,0.403,0.9517,0.9254
2017-05-13,El_Arish_EG,CHL,my,1.112,1.112,0.6641,1.182,1
2017-05-15,El_Arish_EG,CHL,my,1.168,1.168,0.6683,1.183,0.8109
2017-05-16,El_Arish_EG,CHL,my,1.805,1.625,0.8664,1.805,0.9254
2017-05-17,El_Arish_EG,CHL,my,1.494,1.494,0.9219,1.725,0.9851
2017-05-18,El_Arish_EG,CHL,my,2.357,1.969,1.215,2.357,0.6915
2017-05-19,El_Arish_EG,CHL,my,1.249,1.151,0.811,1.672,0.9254
2017-05-23,El_Arish_EG,CHL,my,2.039,2.039,1.694,2.179,0.6368
2017-05-24,El_Arish_EG,CHL,my,2.069,2.043,1.614,2.211,0.9254
2017-05-25,El_Arish_EG,CHL,my,2.017,1.971,1.545,3.091,0.9851
2017-05-26,El_Arish_EG,CHL,my,1.51,1.539,1.118,1.734,0.9254
2017-05-29,El_Arish_EG,CHL,my,1.869,1.869,1.213,2.112,0.9851
2017-05-30,El_Arish_EG,CHL,my,1.334,1.334,0.9351,1.634,0.9254
2017-05-31,El_Arish_EG,CHL,my,1.296,1.296,0.9545,1.58,0.9254
2017-06-01,El_Arish_EG,CHL,my,1.197,1.214,0.8477,1.362,0.9851
2017-06-02,El_Arish_EG,CHL,my,1.504,1.406,0.9098,1.508,0.9851
2017-06-03,El_Arish_EG,CHL,my,,1.508,0.9412,1.556,0.7662
2017-06-04,El_Arish_EG,CHL,my,1.495,1.495,0.95,1.537,0.9851
2017-06-06,El_Arish_EG,CHL,my,1.497,1.329,0.9147,2.773,1
2017-06-07,El_Arish_EG,CHL,my,1.243,1.256,1.027,1.378,0.8657
2017-06-09,El_Arish_EG,CHL,my,1.225,1.225,0.6152,1.549,0.9851
2017-06-10,El_Arish_EG,CHL,my,1.087,1.087,0.5675,1.632,1
2017-06-11,El_Arish_EG,CHL,my,1.468,1.469,0.7665,1.686,0.9851
2017-06-12,El_Arish_EG,CHL,my,,1.338,0.7666,1.621,0.9254
2017-06-13,El_Arish_EG,CHL,my,1.68,1.399,0.8337,2.094,1
2017-06-14,El_Arish_EG,CHL,my,1.617,1.448,0.7943,1.75,0.8159
2017-06-15,El_Arish_EG,CHL,my,1.348,1.348,0.8489,1.662,0.9851
2017-06-16,El_Arish_EG,CHL,my,1.444,1.363,0.7985,1.603,0.9254
2017-06-17,El_Arish_EG,CHL,my,1.215,1.215,0.6769,1.658,0.9851
2017-06-18,El_Arish_EG,CHL,my,1.288,1.288,0.5531,1.496,0.9851
2017-06-19,El_Arish_EG,CHL,my,1.077,0.8048,0.4998,1.077,0.6965
2017-06-20,El_Arish_EG,CHL,my,0.9308,0.9308,0.5586,1.318,0.9254
2017-06-23,El_Arish_EG,CHL,my,1.574,1.545,1.025,1.644,0.9254
2017-06-24,El_Arish_EG,CHL,my,1.447,1.447,0.9938,1.577,0.9851
2017-06-25,El_Arish_EG,CHL,my,1.162,1.224,0.8612,1.457,0.9851
2017-06-26,El_Arish_EG,CHL,my,1.118,1.127,0.6858,1.355,0.8657
2017-06-28,El_Arish_EG,CHL,my,1.226,1.226,0.8099,1.253,0.7463
2017-06-29,El_Arish_EG,CHL,my,1.159,1.159,0.7611,1.246,0.9851
2017-06-30,El_Arish_EG,CHL,my,1.014,0.9122,0.6128,1.014,0.8109
2017-07-01,El_Arish_EG,CHL,my,1.024,1.022,0.7996,1.248,0.9254
2017-07-02,El_Arish_EG,CHL,my,1.036,0.9483,0.6853,1.236,0.9254
2017-07-03,El_Arish_EG,CHL,my,0.7811,0.7811,0.5462,1.524,0.9851
2017-07-04,El_Arish_EG,CHL,my,0.7978,0.7048,0.4785,0.9732,0.9254
2017-07-09,El_Arish_EG,CHL,my,1.34,1.237,0.901,1.375,0.9254
2017-07-10,El_Arish_EG,CHL,my,1.313,1.313,0.8987,1.452,0.9851
2017-07-14,El_Arish_EG,CHL,my,1.587,1.663,1.309,3.667,1
2017-07-15,El_Arish_EG,CHL,my,1.89,1.906,1.369,2.199,0.8657
2017-07-16,El_Arish_EG,CHL,my,,1.011,0.5125,1.446,0.806
2017-07-17,El_Arish_EG,CHL,my,1.001,0.8858,0.5021,1.001,0.8109
2017-07-18,El_Arish_EG,CHL,my,1.092,1.092,0.5509,1.384,1
2017-07-19,El_Arish_EG,CHL,my,0.9842,0.7393,0.4602,1.086,0.8607
2017-07-27,El_Arish_EG,CHL,my,,0.7029,0.4034,0.7952,0.6965
2017-07-29,El_Arish_EG,CHL,my,1.078,0.9836,0.6456,1.233,0.9254
2017-07-30,El_Arish_EG,CHL,my,1.174,1.174,0.7849,2.438,1
2017-08-01,El_Arish_EG,CHL,my,,0.7112,0.4404,0.8272,0.5821
2017-08-02,El_Arish_EG,CHL,my,0.9986,0.9986,0.6548,1.663,1
2017-08-03,El_Arish_EG,CHL,my,1.248,1.248,0.8193,2.252,1
2017-08-04,El_Arish_EG,CHL,my,0.9823,1.002,0.7109,1.5,0.9851
2017-08-05,El_Arish_EG,CHL,my,1.217,1.163,0.7069,1.391,0.9851
2017-08-06,El_Arish_EG,CHL,my,1.298,1.192,0.7255,1.312,0.9851
2017-08-07,El_Arish_EG,CHL,my,0.9047,0.9047,0.5796,1.717,0.9851
2017-08-10,El_Arish_EG,CHL,my,1.318,1.008,0.5859,1.703,0.9254
2017-08-11,El_Arish_EG,CHL,my,,0.9726,0.5543,1.086,0.7512
2017-08-12,El_Arish_EG,CHL,my,1.157,1.107,0.7275,1.382,0.9254
2017-08-13,El_Arish_EG,CHL,my,1.503,1.37,0.8005,1.629,0.9254
2017-08-14,El_Arish_EG,CHL,my,1.362,1.328,0.8042,1.629,0.9254
2017-08-15,El_Arish_EG,CHL,my,1.571,1.133,0.6942,1.571,0.7861
2017-08-18,El_Arish_EG,CHL,my,1.591,1.591,0.8745,1.886,1
2017-08-21,El_Arish_EG,CHL,my,1.018,1.018,0.6282,1.364,0.9851
2017-08-22,El_Arish_EG,CHL,my,1.474,1.212,0.7176,1.75,0.9303
2017-08-23,El_Arish_EG,CHL,my,1.414,1.414,0.7801,1.627,0.9851
2017-08-25,El_Arish_EG,CHL,my,1.406,1.406,0.919,1.851,0.9851
2017-08-26,El_Arish_EG,CHL,my,,1.445,0.8797,1.86,0.8706
2017-08-28,El_Arish_EG,CHL,my,1.52,1.52,0.9234,1.849,0.9851
2017-08-29,El_Arish_EG,CHL,my,1.657,1.657,1.039,1.829,1
2017-08-30,El_Arish_EG,CHL,my,1.52,1.502,0.9996,1.648,0.9254
2017-09-02,El_Arish_EG,CHL,my,1.67,,,,0.403
2017-09-03,El_Arish_EG,CHL,my,1.457,1.356,0.9158,1.597,0.8159
2017-09-04,El_Arish_EG,CHL,my,1.379,1.379,0.9736,1.578,0.9254
2017-09-06,El_Arish_EG,CHL,my,1.396,1.209,0.7874,1.861,0.9851
2017-09-07,El_Arish_EG,CHL,my,,1.913,1.256,2.523,0.7512
2017-09-08,El_Arish_EG,CHL,my,,1.646,1.066,1.936,0.6567
2017-09-09,El_Arish_EG,CHL,my,1.582,1.585,1.088,1.681,0.7264
2017-09-10,El_Arish_EG,CHL,my,1.68,1.68,1.091,2.614,1
2017-09-11,El_Arish_EG,CHL,my,,1.41,0.7621,1.434,0.7512
2017-09-12,El_Arish_EG,CHL,my,1.328,1.287,0.7852,1.517,0.8657
2017-09-13,El_Arish_EG,CHL,my,,0.4932,0.2995,0.9728,0.5771
2017-09-15,El_Arish_EG,CHL,my,1.436,1.594,1.011,1.742,0.8159
2017-09-17,El_Arish_EG,CHL,my,1.714,,,,0.2886
2017-09-18,El_Arish_EG,CHL,my,1.593,1.593,1.042,1.999,0.9851
2017-09-20,El_Arish_EG,CHL,my,1.128,1.033,0.8812,1.302,0.9254
2017-09-21,El_Arish_EG,CHL,my,1.269,,,,0.2388
2017-09-22,El_Arish_EG,CHL,my,2.034,,,,0.3483
2017-09-24,El_Arish_EG,CHL,my,2.468,2.155,1.491,2.838,0.9254
2017-09-25,El_Arish_EG,CHL,my,2.202,2.202,1.373,2.671,0.9851
2017-09-28,El_Arish_EG,CHL,my,1.686,,,,0.1741
2017-09-29,El_Arish_EG,CHL,my,1.788,1.88,1.342,2.21,0.7512
2017-10-01,El_Arish_EG,CHL,my,1.246,1.246,0.9899,2.349,0.9254
2017-10-03,El_Arish_EG,CHL,my,,1.292,0.8529,1.604,0.5075
2017-10-05,El_Arish_EG,CHL,my,1.461,,,,0.3483
2017-10-06,El_Arish_EG,CHL,my,1.451,1.371,0.9221,1.721,0.9254
2017-10-07,El_Arish_EG,CHL,my,1.465,1.465,0.8908,1.587,0.9851
2017-10-08,El_Arish_EG,CHL,my,1.176,1.137,0.9206,1.338,0.9851
2017-10-09,El_Arish_EG,CHL,my,,1.103,0.743,1.277,0.5821
2017-10-12,El_Arish_EG,CHL,my,1.045,,,,0.403
2017-10-13,El_Arish_EG,CHL,my,1.057,1.057,0.8914,1.41,0.9254
2017-10-14,El_Arish_EG,CHL,my,1.166,1.166,0.8494,2.221,1
2017-10-15,El_Arish_EG,CHL,my,1.426,,,,0.3682
2017-10-16,El_Arish_EG,CHL,my,,0.9493,0.6589,1.36,0.6517
2017-10-17,El_Arish_EG,CHL,my,1.179,1.338,0.9618,1.626,0.9851
2017-10-18,El_Arish_EG,CHL,my,1.044,1.228,0.9244,1.353,0.9851
2017-10-22,El_Arish_EG,CHL,my,1.475,1.431,0.8998,1.847,0.8259
2017-10-23,El_Arish_EG,CHL,my,0.714,1.148,0.8136,1.329,0.9851
2017-10-24,El_Arish_EG,CHL,my,0.8788,1.044,0.8499,1.122,0.9254
2017-10-25,El_Arish_EG,CHL,my,1.08,1.313,1.035,1.457,0.8159
2017-10-26,El_Arish_EG,CHL,my,0.9177,0.8708,0.5811,0.9714,0.9851
2017-10-27,El_Arish_EG,CHL,my,1.763,1.763,1.118,1.852,0.9851
2017-10-28,El_Arish_EG,CHL,my,1.932,1.441,1.013,1.932,0.9851
2017-10-29,El_Arish_EG,CHL,my,2.13,2.086,1.488,3.947,1
2017-10-30,El_Arish_EG,CHL,my,2.43,2.319,1.655,2.464,0.9851
2017-10-31,El_Arish_EG,CHL,my,2.096,2.034,1.135,2.096,0.9851
2017-11-01,El_Arish_EG,CHL,my,1.495,1.495,1.05,1.631,0.9851
2017-11-02,El_Arish_EG,CHL,my,,1.184,0.8632,1.449,0.8657
2017-11-03,El_Arish_EG,CHL,my,,1.533,0.795,1.565,0.7363
2017-11-05,El_Arish_EG,CHL,my,1.644,0.9486,0.8695,2.308,0.9254
2017-11-06,El_Arish_EG,CHL,my,1.341,1.081,0.5622,1.341,0.8159
2017-11-07,El_Arish_EG,CHL,my,1.009,1.081,0.7768,1.159,0.7512
2017-11-09,El_Arish_EG,CHL,my,1.335,1.273,0.8551,1.374,0.9254
2017-11-10,El_Arish_EG,CHL,my,0.7275,0.7602,0.648,0.9031,0.9851
2017-11-11,El_Arish_EG,CHL,my,0.7182,0.7182,0.4796,1.009,0.9851
2017-11-16,El_Arish_EG,CHL,my,1.758,1.316,0.8548,1.758,0.8657
2017-11-17,El_Arish_EG,CHL,my,1.049,1.005,0.7091,1.095,0.9851
2017-11-20,El_Arish_EG,CHL,my,0.9833,0.897,0.62,1.176,0.9254
2017-11-24,El_Arish_EG,CHL,my,1.752,1.714,1.392,1.895,0.9254
2017-11-26,El_Arish_EG,CHL,my,1.256,1.256,1.143,1.394,0.8109
2017-11-27,El_Arish_EG,CHL,my,0.8373,0.8479,0.7199,1.117,0.9851
2017-11-28,El_Arish_EG,CHL,my,0.8595,0.8595,0.649,1.45,0.9851
2017-11-29,El_Arish_EG,CHL,my,0.5623,0.5623,0.372,0.9511,0.9851
2017-11-30,El_Arish_EG,CHL,my,0.6488,0.6488,0.4414,1.376,1
2017-12-01,El_Arish_EG,CHL,my,0.9076,0.8041,0.6769,1.161,0.9254
2017-12-02,El_Arish_EG,CHL,my,0.9143,0.7848,0.5754,0.9143,0.9254
2017-12-03,El_Arish_EG,CHL,my,1.04,1.003,0.7268,1.063,0.9851
2017-12-04,El_Arish_EG,CHL,my,0.7462,0.8305,0.6695,0.9681,0.9851
2017-12-07,El_Arish_EG,CHL,my,,1.512,1.36,1.514,0.5224
2017-12-08,El_Arish_EG,CHL,my,3.423,3.401,2.195,3.796,0.9851
2017-12-09,El_Arish_EG,CHL,my,1.716,1.716,1.257,1.941,0.9851
2017-12-12,El_Arish_EG,CHL,my,1.009,1.116,0.7311,1.742,0.9851
2017-12-15,El_Arish_EG,CHL,my,1.564,1.413,0.7246,1.564,0.9851
2017-12-16,El_Arish_EG,CHL,my,1.177,1.174,0.6413,1.289,0.9851
2017-12-26,El_Arish_EG,CHL,my,2.213,2.213,1.873,3.51,1
2017-12-30,El_Arish_EG,CHL,my,1.042,1.003,0.7378,1.078,0.9254
2017-12-31,El_Arish_EG,CHL,my,1.144,1.352,1.044,1.921,1
2017-01-01,Gaza_City,CHL,my,0.2286,0.2319,0.2118,0.7864,0.5423
2017-01-02,Gaza_City,CHL,my,0.3599,0.3599,0.4736,3.677,1
2017-01-04,Gaza_City,CHL,my,0.1311,0.1241,0.1047,0.1554,0.7811
2017-01-06,Gaza_City,CHL,my,0.1896,0.1896,0.1782,0.4971,1
2017-01-07,Gaza_City,CHL,my,0.4923,0.3148,0.2277,0.5227,0.9254
2017-01-10,Gaza_City,CHL,my,1.395,1.394,0.7363,1.717,0.9254
2017-01-11,Gaza_City,CHL,my,0.6298,0.5427,0.4327,0.6699,0.9104
2017-01-12,Gaza_City,CHL,my,0.6232,0.6117,0.3634,0.647,0.9254
2017-01-19,Gaza_City,CHL,my,0.2209,,,,0.3881
2017-01-20,Gaza_City,CHL,my,0.1218,0.1051,0.0893,0.1218,0.8458
2017-01-21,Gaza_City,CHL,my,0.1014,0.1014,0.07604,0.1122,0.6816
2017-01-22,Gaza_City,CHL,my,0.2135,0.1961,0.1577,0.2273,0.6915
2017-01-23,Gaza_City,CHL,my,0.1486,0.1501,0.1267,0.2088,0.9254
2017-01-29,Gaza_City,CHL,my,1.113,1.113,0.8252,1.276,0.8358
2017-02-02,Gaza_City,CHL,my,0.8747,0.9436,0.6346,1.075,0.7761
2017-02-03,Gaza_City,CHL,my,1.007,1.145,0.6531,1.2,0.9254
2017-02-05,Gaza_City,CHL,my,0.177,0.177,0.2092,0.7698,1
2017-02-06,Gaza_City,CHL,my,0.2002,0.2002,0.1527,0.7962,0.9254
2017-02-07,Gaza_City,CHL,my,1.06,1.046,0.6899,1.1,0.9104
2017-02-08,Gaza_City,CHL,my,0.2467,0.2441,0.2021,0.3309,0.9254
2017-02-10,Gaza_City,CHL,my,0.367,0.2152,0.1943,0.6355,0.8458
2017-02-15,Gaza_City,CHL,my,0.9733,,,,0.1542
2017-02-18,Gaza_City,CHL,my,1.097,0.8832,0.4141,1.22,1
2017-02-19,Gaza_City,CHL,my,0.1657,0.1647,0.1474,0.6138,0.9254
2017-02-20,Gaza_City,CHL,my,0.8787,0.7358,0.3655,0.8787,0.7711
2017-02-21,Gaza_City,CHL,my,0.05838,0.06628,0.06663,0.1994,0.9254
2017-02-23,Gaza_City,CHL,my,0.516,0.3673,0.2041,0.5857,0.9254
2017-02-24,Gaza_City,CHL,my,,0.1302,0.1217,0.135,0.7313
2017-02-25,Gaza_City,CHL,my,,0.1558,0.1382,0.2208,0.6667
2017-03-04,Gaza_City,CHL,my,0.6271,0.2552,0.177,0.6271,0.8458
2017-03-05,Gaza_City,CHL,my,0.5175,0.5175,0.2623,0.9336,1
2017-03-06,Gaza_City,CHL,my,0.3038,0.1831,0.1628,0.7749,0.9104
2017-03-07,Gaza_City,CHL,my,0.209,0.1189,0.1468,0.6333,0.9254
2017-03-08,Gaza_City,CHL,my,0.4513,0.4513,0.3274,1.983,1
2017-03-09,Gaza_City,CHL,my,0.501,0.1669,0.1825,0.6785,0.9104
2017-03-14,Gaza_City,CHL,my,1.352,,,,0.1144
2017-03-16,Gaza_City,CHL,my,1.12,1.083,0.5249,1.296,0.9254
2017-03-20,Gaza_City,CHL,my,0.7745,0.7745,0.4035,1.308,0.7015
2017-03-24,Gaza_City,CHL,my,0.4475,0.4475,0.285,0.9236,0.6567
2017-03-25,Gaza_City,CHL,my,0.6571,0.5597,0.3024,0.8534,0.8209
2017-03-26,Gaza_City,CHL,my,0.3155,0.2167,0.121,0.3259,0.8209
2017-03-28,Gaza_City,CHL,my,0.1572,0.1521,0.09281,0.284,0.9254
2017-03-30,Gaza_City,CHL,my,,0.1779,0.1173,0.2241,0.5373
2017-04-01,Gaza_City,CHL,my,0.1144,0.1066,0.09628,0.4236,0.9254
2017-04-02,Gaza_City,CHL,my,0.5561,,,,0.4527
2017-04-03,Gaza_City,CHL,my,1.139,,,,0.3881
2017-04-04,Gaza_City,CHL,my,1.647,1.432,0.655,2.923,0.9104
2017-04-05,Gaza_City,CHL,my,,0.8185,0.3474,1.202,0.7662
2017-04-06,Gaza_City,CHL,my,1.262,0.9824,0.5598,2.234,0.9104
2017-04-07,Gaza_City,CHL,my,0.5936,,,,0.2886
2017-04-15,Gaza_City,CHL,my,0.8721,0.3859,0.2802,0.9597,0.8458
2017-04-16,Gaza_City,CHL,my,0.9089,0.9089,0.4378,1.556,1
2017-04-17,Gaza_City,CHL,my,0.9768,0.6907,0.3366,1.167,0.9104
2017-04-18,Gaza_City,CHL,my,0.8069,0.6851,0.3126,1.1,0.9254
2017-04-20,Gaza_City,CHL,my,0.4131,0.4131,0.2688,1.015,1
2017-04-25,Gaza_City,CHL,my,0.981,0.7841,0.3534,1.023,0.8458
2017-04-28,Gaza_City,CHL,my,0.9087,0.9087,0.4193,1.057,0.9254
2017-04-29,Gaza_City,CHL,my,0.9541,0.8586,0.4376,0.9541,0.8458
2017-05-02,Gaza_City,CHL,my,0.4413,0.4413,0.2663,0.5292,0.9254
2017-05-03,Gaza_City,CHL,my,0.3896,0.3942,0.2343,0.4083,0.9104
2017-05-06,Gaza_City,CHL,my,0.1838,0.1929,0.1517,0.2731,0.9254
2017-05-07,Gaza_City,CHL,my,0.2879,0.1481,0.1156,0.2879,0.5522
2017-05-08,Gaza_City,CHL,my,0.194,0.1841,0.1289,0.235,0.8458
2017-05-10,Gaza_City,CHL,my,0.2397,0.1663,0.1178,0.2488,0.8458
2017-05-11,Gaza_City,CHL,my,0.2364,0.1976,0.1396,0.2364,0.6716
2017-05-13,Gaza_City,CHL,my,0.1344,0.07925,0.07607,0.2676,0.9104
2017-05-15,Gaza_City,CHL,my,0.129,0.09654,0.07595,0.1684,0.8458
2017-05-16,Gaza_City,CHL,my,,0.1142,0.07487,0.1352,0.6915
2017-05-17,Gaza_City,CHL,my,0.3232,0.3608,0.2214,0.6966,1
2017-05-18,Gaza_City,CHL,my,,0.3484,0.1959,0.434,0.6318
2017-05-19,Gaza_City,CHL,my,0.2309,0.2309,0.1475,0.2843,0.9104
2017-05-21,Gaza_City,CHL,my,0.8344,0.4256,0.2472,0.8344,0.8209
2017-05-24,Gaza_City,CHL,my,1.652,1.528,0.7795,1.705,0.9104
2017-05-25,Gaza_City,CHL,my,1.134,1.123,0.6039,1.318,0.9254
2017-05-26,Gaza_City,CHL,my,1.345,1.042,0.5209,1.452,0.9104
2017-05-27,Gaza_City,CHL,my,1.051,0.631,0.3869,1.138,0.791
2017-05-29,Gaza_City,CHL,my,1.18,0.9944,0.6358,1.817,0.9851
2017-05-30,Gaza_City,CHL,my,0.3744,0.332,0.2532,0.5413,0.9104
2017-05-31,Gaza_City,CHL,my,0.4627,0.3179,0.2513,0.6266,0.8458
2017-06-02,Gaza_City,CHL,my,0.1801,0.177,0.1517,0.2807,0.9254
2017-06-03,Gaza_City,CHL,my,0.1707,0.1518,0.1233,0.1837,0.8458
2017-06-04,Gaza_City,CHL,my,0.2978,0.2956,0.1878,0.6146,0.9104
2017-06-06,Gaza_City,CHL,my,0.2287,0.1957,0.1921,0.9178,0.9254
2017-06-07,Gaza_City,CHL,my,0.2629,0.2557,0.1939,0.269,0.8209
2017-06-08,Gaza_City,CHL,my,,0.258,0.1892,0.2605,0.6269
2017-06-09,Gaza_City,CHL,my,0.1387,0.1422,0.1296,0.3235,0.9254
2017-06-10,Gaza_City,CHL,my,0.1004,0.09779,0.09012,0.159,0.9254
2017-06-11,Gaza_City,CHL,my,0.125,0.1195,0.105,0.1692,0.9104
2017-06-13,Gaza_City,CHL,my,0.09973,0.09127,0.1011,0.7238,0.9254
2017-06-14,Gaza_City,CHL,my,,0.1045,0.1116,0.3645,0.7313
2017-06-15,Gaza_City,CHL,my,0.2318,0.1838,0.1147,0.2779,0.9104
2017-06-16,Gaza_City,CHL,my,,0.1047,0.09401,0.2175,0.791
2017-06-17,Gaza_City,CHL,my,0.2031,0.2031,0.1366,0.3869,1
2017-06-18,Gaza_City,CHL,my,0.16,0.09541,0.08642,0.3021,0.8607
2017-06-19,Gaza_City,CHL,my,,0.117,0.1017,0.1414,0.7662
2017-06-20,Gaza_City,CHL,my,0.2177,0.1814,0.1236,0.3062,0.9104
2017-06-23,Gaza_City,CHL,my,1.109,1.045,0.3676,1.269,0.8458
2017-06-24,Gaza_City,CHL,my,,0.477,0.1727,0.4982,0.7015
2017-06-25,Gaza_City,CHL,my,0.3,0.3,0.2506,1.338,1
2017-06-26,Gaza_City,CHL,my,0.3212,0.307,0.1826,0.4186,0.9254
2017-06-27,Gaza_City,CHL,my,0.2147,0.2213,0.137,0.2849,0.8458
2017-06-28,Gaza_City,CHL,my,0.2923,0.2042,0.1345,0.2923,0.8358
2017-06-29,Gaza_City,CHL,my,0.1942,0.2296,0.1667,0.5587,1
2017-06-30,Gaza_City,CHL,my,0.1577,0.1166,0.09332,0.1577,0.8209
2017-07-01,Gaza_City,CHL,my,,0.2281,0.1176,0.2671,0.6119
2017-07-02,Gaza_City,CHL,my,0.2941,0.2251,0.1514,0.3057,0.8458
2017-07-03,Gaza_City,CHL,my,0.3416,0.1631,0.1664,0.5181,0.8458
2017-07-04,Gaza_City,CHL,my,0.2592,0.2301,0.1737,0.4095,0.9104
2017-07-06,Gaza_City,CHL,my,1.038,1.038,0.6494,1.261,0.5423
2017-07-09,Gaza_City,CHL,my,,1.131,0.4981,1.316,0.791
2017-07-10,Gaza_City,CHL,my,0.5944,0.6787,0.3582,1.426,1
2017-07-14,Gaza_City,CHL,my,0.6082,0.4349,0.247,0.6198,0.9254
2017-07-15,Gaza_City,CHL,my,,0.5747,0.3418,0.8424,0.8856
2017-07-16,Gaza_City,CHL,my,,0.2737,0.1707,0.3593,0.7662
2017-07-18,Gaza_City,CHL,my,0.2128,0.1063,0.1059,0.3154,0.9254
2017-07-29,Gaza_City,CHL,my,0.5821,0.5306,0.2493,0.6771,0.9104
2017-07-30,Gaza_City,CHL,my,0.8421,0.7464,0.293,0.9807,1
2017-08-02,Gaza_City,CHL,my,0.2094,0.2094,0.1715,0.8497,0.9851
2017-08-03,Gaza_City,CHL,my,0.2098,0.1699,0.1177,0.4036,0.9104
2017-08-04,Gaza_City,CHL,my,1.046,1.031,0.4877,1.247,0.6418
2017-08-05,Gaza_City,CHL,my,1.278,0.6867,0.4256,1.555,0.9104
2017-08-06,Gaza_City,CHL,my,0.8576,0.4823,0.3132,1.474,0.9254
2017-08-07,Gaza_City,CHL,my,0.512,0.2258,0.2114,1.539,0.9254
2017-08-10,Gaza_City,CHL,my,0.07389,0.07389,0.452,5.353,0.9751
2017-08-11,Gaza_City,CHL,my,,0.05109,0.04815,0.07968,0.7413
2017-08-12,Gaza_City,CHL,my,0.3258,0.1061,0.1239,0.5257,0.9104
2017-08-13,Gaza_City,CHL,my,0.7229,0.5449,0.2668,0.9217,0.9104
2017-08-14,Gaza_City,CHL,my,0.489,0.4777,0.3216,2.049,0.9254
2017-08-15,Gaza_City,CHL,my,0.7983,0.7614,0.3306,0.8166,0.6716
2017-08-18,Gaza_City,CHL,my,1.032,1.099,0.6072,1.312,0.9254
2017-08-19,Gaza_City,CHL,my,,0.622,0.2415,0.8444,0.6119
2017-08-21,Gaza_City,CHL,my,1.059,0.591,0.2821,1.135,0.8458
2017-08-22,Gaza_City,CHL,my,0.5514,0.37,0.1665,0.5514,0.8209
2017-08-23,Gaza_City,CHL,my,0.3292,0.2192,0.1538,0.7005,0.9104
2017-08-25,Gaza_City,CHL,my,0.5544,,,,0.4677
2017-08-26,Gaza_City,CHL,my,1.095,1.095,0.5422,1.929,0.9104
2017-08-28,Gaza_City,CHL,my,1.024,0.4936,0.2753,1.086,0.9104
2017-08-29,Gaza_City,CHL,my,1.072,1.072,0.4343,2.359,1
2017-08-30,Gaza_City,CHL,my,0.6187,0.132,0.2224,1.774,0.9254
2017-08-31,Gaza_City,CHL,my,1.069,0.2843,0.2282,1.069,0.806
2017-09-02,Gaza_City,CHL,my,1.315,1.194,0.653,2.932,0.791
2017-09-03,Gaza_City,CHL,my,1.03,0.7119,0.2968,1.067,0.8458
2017-09-04,Gaza_City,CHL,my,1.097,0.9575,0.489,1.097,0.6418
2017-09-06,Gaza_City,CHL,my,0.899,0.899,0.3415,1.094,0.9104
2017-09-07,Gaza_City,CHL,my,1.327,1.377,0.5841,1.605,0.8458
2017-09-08,Gaza_City,CHL,my,1.326,1.394,0.6,1.569,0.9104
2017-09-09,Gaza_City,CHL,my,1.084,0.6932,0.3945,1.203,0.9104
2017-09-10,Gaza_City,CHL,my,1.129,0.9521,0.5016,1.398,0.9254
2017-09-11,Gaza_City,CHL,my,,0.984,0.4888,1.061,0.7313
2017-09-12,Gaza_City,CHL,my,,0.4382,0.2344,0.5461,0.7662
2017-09-13,Gaza_City,CHL,my,,0.179,0.1056,0.181,0.6368
2017-09-17,Gaza_City,CHL,my,1.396,1.328,1.275,6.109,0.7711
2017-09-18,Gaza_City,CHL,my,1.355,1.259,0.6159,1.454,0.9254
2017-09-20,Gaza_City,CHL,my,0.5975,0.6557,0.2585,0.825,0.9254
2017-09-21,Gaza_City,CHL,my,0.9031,,,,0.3881
2017-09-25,Gaza_City,CHL,my,1.192,1.214,0.8654,1.369,0.9254
2017-09-28,Gaza_City,CHL,my,1.217,1.267,0.9146,1.362,0.5672
2017-09-29,Gaza_City,CHL,my,1.109,1.163,1.133,2.12,0.5721
2017-09-30,Gaza_City,CHL,my,1.133,1.133,0.7113,1.681,1
2017-10-01,Gaza_City,CHL,my,0.6587,0.6988,0.4593,0.8993,0.9104
2017-10-03,Gaza_City,CHL,my,1.023,1.01,0.6142,1.059,1
2017-10-04,Gaza_City,CHL,my,1.186,1.157,0.6468,1.275,0.7214
2017-10-05,Gaza_City,CHL,my,1.058,1.079,0.7189,1.095,0.6716
2017-10-06,Gaza_City,CHL,my,1.144,1.095,0.7037,1.144,0.8209
2017-10-07,Gaza_City,CHL,my,0.9364,1.018,0.6915,1.209,0.9254
2017-10-10,Gaza_City,CHL,my,0.5782,0.5814,0.3354,0.658,0.6915
2017-10-11,Gaza_City,CHL,my,1.197,1.208,0.6671,1.326,1
2017-10-12,Gaza_City,CHL,my,0.721,,,,0.3881
2017-10-13,Gaza_City,CHL,my,0.5459,0.5602,0.4312,0.7444,0.9104
2017-10-14,Gaza_City,CHL,my,0.7395,0.7548,0.4885,1.439,0.9254
2017-10-15,Gaza_City,CHL,my,0.3015,0.2786,0.192,0.8751,0.9254
2017-10-16,Gaza_City,CHL,my,0.6586,,,,0.4527
2017-10-17,Gaza_City,CHL,my,0.3466,0.3466,0.1831,0.5006,0.9104
2017-10-18,Gaza_City,CHL,my,0.7692,0.4294,0.2521,0.8323,0.9254
2017-10-21,Gaza_City,CHL,my,0.2094,0.2201,0.2087,0.2867,0.6766
2017-10-22,Gaza_City,CHL,my,0.2341,0.1893,0.1797,0.4274,0.9254
2017-10-23,Gaza_City,CHL,my,0.2538,0.2439,0.2106,0.7702,0.9254
2017-10-24,Gaza_City,CHL,my,0.4059,0.2457,0.1873,0.8529,0.8607
2017-10-25,Gaza_City,CHL,my,,0.304,0.2053,0.3382,0.6716
2017-10-26,Gaza_City,CHL,my,0.7074,0.7074,0.416,0.7576,1
2017-10-27,Gaza_City,CHL,my,0.6863,0.6863,0.3459,0.7805,0.9254
2017-10-28,Gaza_City,CHL,my,,0.4355,0.2499,0.6928,0.7662
2017-10-29,Gaza_City,CHL,my,0.938,0.8393,0.4279,0.938,0.8209
2017-10-30,Gaza_City,CHL,my,0.9714,0.9625,0.6906,1.133,0.6219
2017-10-31,Gaza_City,CHL,my,0.5945,0.3991,0.2942,0.9409,0.9104
2017-11-01,Gaza_City,CHL,my,0.3507,0.3507,0.2571,0.5114,0.9254
2017-11-02,Gaza_City,CHL,my,0.3007,0.2954,0.2466,0.7583,0.9254
2017-11-03,Gaza_City,CHL,my,0.3087,0.3087,0.2319,0.6767,1
2017-11-04,Gaza_City,CHL,my,0.8498,0.7673,0.4079,0.8976,0.592
2017-11-05,Gaza_City,CHL,my,,0.3419,0.2003,0.5589,0.6368
2017-11-06,Gaza_City,CHL,my,0.6004,0.5739,0.2932,0.7052,1
2017-11-07,Gaza_City,CHL,my,0.1751,0.1949,0.1578,0.4887,0.9254
2017-11-09,Gaza_City,CHL,my,0.6564,0.6575,0.3542,0.9576,0.9104
2017-11-10,Gaza_City,CHL,my,0.649,0.649,0.4535,0.8675,1
2017-11-11,Gaza_City,CHL,my,0.7101,0.7129,0.4621,0.9539,1
2017-11-17,Gaza_City,CHL,my,0.7222,0.7232,0.5475,1.016,0.7363
2017-11-26,Gaza_City,CHL,my,0.3681,0.3681,0.2611,0.6618,0.7065
2017-11-28,Gaza_City,CHL,my,0.343,0.343,0.2671,0.4646,0.9254
2017-11-29,Gaza_City,CHL,my,0.257,0.2578,0.2798,0.5804,0.7761
2017-11-30,Gaza_City,CHL,my,0.17,0.185,0.1349,0.3085,0.791
2017-12-01,Gaza_City,CHL,my,0.2827,0.1948,0.1823,0.3578,0.8458
2017-12-02,Gaza_City,CHL,my,0.3848,0.2229,0.1719,0.5064,0.8458
2017-12-03,Gaza_City,CHL,my,0.2175,0.2213,0.1699,0.5078,1
2017-12-04,Gaza_City,CHL,my,0.2774,0.2497,0.1652,0.3342,0.9254
2017-12-08,Gaza_City,CHL,my,1.388,1.257,0.8292,1.388,1
2017-12-09,Gaza_City,CHL,my,0.6757,0.8499,0.5293,0.9916,0.9254
2017-12-12,Gaza_City,CHL,my,0.6012,0.6214,0.3515,0.6376,0.7214
2017-12-14,Gaza_City,CHL,my,0.4947,0.4947,0.25,0.5067,0.5721
2017-12-15,Gaza_City,CHL,my,,0.4125,0.2335,0.4291,0.5423
2017-12-16,Gaza_City,CHL,my,0.5906,0.5906,0.2893,0.8395,0.8607
2017-12-17,Gaza_City,CHL,my,0.2384,0.1563,0.1394,0.2579,0.7861
2017-12-26,Gaza_City,CHL,my,1.082,1.129,0.5389,1.328,1
2017-12-30,Gaza_City,CHL,my,0.4172,0.4172,0.2931,0.6602,0.9254
2017-12-31,Gaza_City,CHL,my,0.3694,0.3694,0.2726,0.6994,0.607
2017-01-01,Hadera_IL,CHL,my,0.3387,,,,0.1841
2017-01-03,Hadera_IL,CHL,my,,0.1417,0.1069,0.1879,0.5075
2017-01-04,Hadera_IL,CHL,my,0.1952,0.2152,0.1581,0.2431,0.9403
2017-01-06,Hadera_IL,CHL,my,0.19,0.244,0.1942,0.3039,0.9751
2017-01-07,Hadera_IL,CHL,my,0.07942,0.1342,0.1067,0.1771,0.9403
2017-01-10,Hadera_IL,CHL,my,0.51,0.508,0.4096,0.5589,0.9652
2017-01-11,Hadera_IL,CHL,my,0.5842,0.5641,0.3703,0.6827,0.8756
2017-01-12,Hadera_IL,CHL,my,0.4114,0.3931,0.2414,0.4848,0.9403
2017-01-13,Hadera_IL,CHL,my,,0.08015,0.0785,0.1009,0.7562
2017-01-16,Hadera_IL,CHL,my,0.4698,0.5048,0.3376,0.6245,0.8756
2017-01-18,Hadera_IL,CHL,my,0.1057,,,,0.4876
2017-01-20,Hadera_IL,CHL,my,0.07744,0.08136,0.08078,0.1024,0.9403
2017-01-21,Hadera_IL,CHL,my,,0.08546,0.07945,0.09,0.5323
2017-01-22,Hadera_IL,CHL,my,0.1054,0.1121,0.09727,0.1223,0.9403
2017-01-23,Hadera_IL,CHL,my,0.1695,0.1909,0.1455,0.23,0.9403
2017-01-27,Hadera_IL,CHL,my,,0.1095,0.08911,0.1325,0.6517
2017-01-29,Hadera_IL,CHL,my,0.8737,0.7916,0.4428,0.8774,0.9403
2017-01-30,Hadera_IL,CHL,my,,0.7109,0.2817,0.8564,0.7562
2017-02-02,Hadera_IL,CHL,my,0.4034,0.3692,0.2422,0.5153,1
2017-02-03,Hadera_IL,CHL,my,0.3218,0.327,0.1956,0.4066,0.9403
2017-02-05,Hadera_IL,CHL,my,0.1928,0.1745,0.1179,0.1928,0.9403
2017-02-06,Hadera_IL,CHL,my,0.1873,0.1605,0.1056,0.1883,0.9403
2017-02-07,Hadera_IL,CHL,my,0.2088,0.1894,0.1455,0.2627,0.9403
2017-02-09,Hadera_IL,CHL,my,0.2171,0.1685,0.1315,0.2444,0.8756
2017-02-10,Hadera_IL,CHL,my,0.2534,0.2534,0.1815,0.2588,0.8756
2017-02-12,Hadera_IL,CHL,my,0.1325,0.1325,0.1195,0.1373,0.8557
2017-02-17,Hadera_IL,CHL,my,,0.06702,0.0618,0.07425,0.5572
2017-02-18,Hadera_IL,CHL,my,0.1346,0.1346,0.1218,0.5194,0.9751
2017-02-19,Hadera_IL,CHL,my,0.1406,0.1767,0.1314,0.2224,0.9403
2017-02-20,Hadera_IL,CHL,my,0.1781,0.1608,0.11,0.1927,0.8408
2017-02-21,Hadera_IL,CHL,my,0.145,0.1244,0.1164,0.4751,0.9005
2017-02-23,Hadera_IL,CHL,my,0.2073,0.2015,0.1627,0.2174,0.6318
2017-02-24,Hadera_IL,CHL,my,,0.1071,0.1025,0.138,0.6965
2017-02-25,Hadera_IL,CHL,my,0.1538,0.1174,0.09818,0.1538,0.8756
2017-03-03,Hadera_IL,CHL,my,0.06452,,,,0.1841
2017-03-04,Hadera_IL,CHL,my,0.09366,0.08364,0.072,0.09366,0.8756
2017-03-05,Hadera_IL,CHL,my,0.09936,0.09217,0.08749,0.3272,0.9104
2017-03-06,Hadera_IL,CHL,my,0.1199,0.1242,0.09974,0.1443,0.9403
2017-03-07,Hadera_IL,CHL,my,0.08808,0.09011,0.08219,0.1169,0.8209
2017-03-08,Hadera_IL,CHL,my,0.1137,0.1137,0.0921,0.4338,0.9652
2017-03-09,Hadera_IL,CHL,my,0.1022,0.09908,0.08478,0.1022,0.8756
2017-03-13,Hadera_IL,CHL,my,0.09665,,,,0.3632
2017-03-14,Hadera_IL,CHL,my,,0.08953,0.07115,0.1042,0.7562
2017-03-20,Hadera_IL,CHL,my,0.06097,0.07668,0.0695,0.07871,0.8159
2017-03-22,Hadera_IL,CHL,my,0.1401,0.1286,0.09064,0.1476,0.8756
2017-03-24,Hadera_IL,CHL,my,0.08507,0.08172,0.07275,0.09875,0.8458
2017-03-25,Hadera_IL,CHL,my,0.1013,0.09716,0.07224,0.1362,0.8756
2017-03-26,Hadera_IL,CHL,my,0.09017,0.07917,0.05721,0.1062,0.8756
2017-03-28,Hadera_IL,CHL,my,0.09185,0.08075,0.05931,0.09185,0.791
2017-03-29,Hadera_IL,CHL,my,,0.06613,0.05144,0.08892,0.6617
2017-04-04,Hadera_IL,CHL,my,0.08245,0.07607,0.05189,0.1035,0.8756
2017-04-05,Hadera_IL,CHL,my,0.1408,0.1305,0.08237,0.1408,0.8756
2017-04-06,Hadera_IL,CHL,my,0.1162,0.1029,0.06866,0.1263,0.8756
2017-04-16,Hadera_IL,CHL,my,0.06764,0.06764,0.05509,0.09693,0.9403
2017-04-17,Hadera_IL,CHL,my,0.06193,0.0574,0.05874,0.4742,0.9005
2017-04-18,Hadera_IL,CHL,my,0.09947,0.07698,0.06367,0.1305,0.8756
2017-04-20,Hadera_IL,CHL,my,0.103,0.1007,0.06454,0.112,0.9403
2017-04-23,Hadera_IL,CHL,my,,0.07491,0.06373,0.08982,0.7562
2017-04-24,Hadera_IL,CHL,my,0.06856,0.06054,0.05307,0.06856,0.8159
2017-04-25,Hadera_IL,CHL,my,0.08838,0.07971,0.05962,0.09655,0.8756
2017-04-28,Hadera_IL,CHL,my,0.07106,0.06924,0.06814,0.2682,0.9104
2017-04-29,Hadera_IL,CHL,my,,0.0743,0.06753,0.08091,0.6965
2017-05-02,Hadera_IL,CHL,my,0.06429,0.06429,0.05751,0.0686,0.8159
2017-05-03,Hadera_IL,CHL,my,0.07088,0.0643,0.05842,0.07088,0.8159
2017-05-06,Hadera_IL,CHL,my,0.05395,0.06209,0.0629,0.2347,0.6965
2017-05-08,Hadera_IL,CHL,my,,0.065,0.05681,0.06998,0.6965
2017-05-09,Hadera_IL,CHL,my,,0.05753,0.05024,0.05843,0.6667
2017-05-10,Hadera_IL,CHL,my,0.05949,0.05738,0.05303,0.05949,0.8159
2017-05-11,Hadera_IL,CHL,my,0.06532,0.06532,0.05721,0.07387,0.8408
2017-05-13,Hadera_IL,CHL,my,,0.08722,0.07282,0.09237,0.7562
2017-05-15,Hadera_IL,CHL,my,,0.06869,0.05226,0.07505,0.7562
2017-05-17,Hadera_IL,CHL,my,0.1011,0.1011,0.07505,0.198,0.9652
2017-05-18,Hadera_IL,CHL,my,,0.05687,0.04947,0.0603,0.5473
2017-05-19,Hadera_IL,CHL,my,0.172,0.1738,0.1258,0.3297,0.9403
2017-05-21,Hadera_IL,CHL,my,0.07299,0.08085,0.07615,0.3881,0.7214
2017-05-22,Hadera_IL,CHL,my,0.09518,0.05303,0.04413,0.09518,0.791
2017-05-24,Hadera_IL,CHL,my,0.2555,0.2392,0.1201,0.3406,0.8756
2017-05-25,Hadera_IL,CHL,my,0.2188,0.2296,0.1612,0.6979,0.8756
2017-05-26,Hadera_IL,CHL,my,0.3762,0.4824,0.3102,0.7169,0.9403
2017-05-28,Hadera_IL,CHL,my,,0.1771,0.1311,0.1814,0.6119
2017-05-29,Hadera_IL,CHL,my,0.2816,0.2829,0.2504,0.7266,1
2017-05-30,Hadera_IL,CHL,my,0.1392,0.1341,0.1033,0.1612,0.9403
2017-05-31,Hadera_IL,CHL,my,0.155,0.1373,0.09161,0.155,0.8159
2017-06-02,Hadera_IL,CHL,my,0.1761,0.1815,0.1202,0.376,0.796
2017-06-03,Hadera_IL,CHL,my,,0.09656,0.08464,0.1257,0.8159
2017-06-04,Hadera_IL,CHL,my,0.09829,0.1022,0.08781,0.1812,0.9403
2017-06-06,Hadera_IL,CHL,my,0.08018,0.07709,0.05955,0.212,0.9652
2017-06-07,Hadera_IL,CHL,my,0.07586,0.07285,0.0462,0.0787,0.8756
2017-06-09,Hadera_IL,CHL,my,0.07461,0.07607,0.08228,0.385,1
2017-06-10,Hadera_IL,CHL,my,0.05702,0.06006,0.0604,0.09801,0.9403
2017-06-11,Hadera_IL,CHL,my,0.086,0.06748,0.06716,0.1209,0.8756
2017-06-12,Hadera_IL,CHL,my,0.0885,0.06673,0.06162,0.0885,0.7562
2017-06-13,Hadera_IL,CHL,my,0.05558,0.05891,0.07019,0.3575,1
2017-06-14,Hadera_IL,CHL,my,0.05406,0.05663,0.05005,0.06265,0.8159
2017-06-15,Hadera_IL,CHL,my,0.06724,0.06724,0.0589,0.07528,0.9403
2017-06-16,Hadera_IL,CHL,my,,0.05557,0.04987,0.05748,0.6667
2017-06-17,Hadera_IL,CHL,my,0.06573,0.05732,0.05829,0.2065,0.6915
2017-06-18,Hadera_IL,CHL,my,0.04831,0.0536,0.05139,0.07518,0.9403
2017-06-19,Hadera_IL,CHL,my,,0.04402,0.0423,0.04591,0.7562
2017-06-20,Hadera_IL,CHL,my,0.05651,0.05651,0.0497,0.07148,0.9403
2017-06-21,Hadera_IL,CHL,my,0.05386,,,,0.3682
2017-06-23,Hadera_IL,CHL,my,0.0703,0.06932,0.04378,0.0703,0.8756
2017-06-25,Hadera_IL,CHL,my,0.09259,0.07736,0.05297,0.09281,0.9403
2017-06-26,Hadera_IL,CHL,my,0.119,0.1044,0.06774,0.1238,0.9403
2017-06-27,Hadera_IL,CHL,my,0.1222,0.1222,0.08039,0.1272,0.8756
2017-06-28,Hadera_IL,CHL,my,0.1288,0.1203,0.07617,0.1288,0.7264
2017-07-01,Hadera_IL,CHL,my,0.117,0.09989,0.07208,0.143,0.9403
2017-07-02,Hadera_IL,CHL,my,0.111,0.07062,0.05836,0.111,0.8159
2017-07-03,Hadera_IL,CHL,my,0.1233,0.1268,0.08725,0.1639,0.8159
2017-07-04,Hadera_IL,CHL,my,0.1176,0.106,0.06977,0.1331,0.8756
2017-07-07,Hadera_IL,CHL,my,0.08935,0.09,0.0723,0.3348,0.8209
2017-07-09,Hadera_IL,CHL,my,0.1272,0.05072,0.05444,0.1272,0.8159
2017-07-10,Hadera_IL,CHL,my,0.07727,0.1103,0.09938,0.3598,1
2017-07-14,Hadera_IL,CHL,my,0.08987,0.08254,0.06944,0.1969,0.8109
2017-07-15,Hadera_IL,CHL,my,,0.07481,0.06097,0.2297,0.592
2017-07-16,Hadera_IL,CHL,my,0.05806,0.05877,0.05125,0.06381,0.8159
2017-07-18,Hadera_IL,CHL,my,0.09062,0.09086,0.0757,0.2542,0.9104
2017-07-22,Hadera_IL,CHL,my,,0.08172,0.07333,0.08471,0.5124
2017-07-26,Hadera_IL,CHL,my,,0.05451,0.0406,0.05709,0.5124
2017-07-29,Hadera_IL,CHL,my,0.08634,0.08582,0.06455,0.111,0.8756
2017-07-30,Hadera_IL,CHL,my,0.1028,0.07578,0.07186,0.1639,0.8408
2017-07-31,Hadera_IL,CHL,my,0.09518,0.09123,0.07104,0.1162,0.7512
2017-08-01,Hadera_IL,CHL,my,0.05642,0.05752,0.04273,0.06158,0.8159
2017-08-02,Hadera_IL,CHL,my,0.07195,0.08149,0.06088,0.08319,0.5124
2017-08-05,Hadera_IL,CHL,my,0.04622,0.06598,0.05916,0.07465,0.8507
2017-08-06,Hadera_IL,CHL,my,0.04504,0.06308,0.06677,0.1862,1
2017-08-07,Hadera_IL,CHL,my,0.06606,0.06878,0.07579,0.2011,0.9403
2017-08-10,Hadera_IL,CHL,my,0.05407,0.05718,0.06308,0.4682,0.9104
2017-08-12,Hadera_IL,CHL,my,0.05909,0.07086,0.06499,0.07818,0.8756
2017-08-13,Hadera_IL,CHL,my,0.08366,0.08366,0.07739,0.1089,0.7512
2017-08-18,Hadera_IL,CHL,my,,0.07144,0.05059,0.1069,0.6119
2017-08-19,Hadera_IL,CHL,my,,0.1257,0.07368,0.2052,0.7562
2017-08-22,Hadera_IL,CHL,my,0.1044,0.08058,0.07263,0.1044,0.6915
2017-08-23,Hadera_IL,CHL,my,0.07901,,,,0.3781
2017-08-24,Hadera_IL,CHL,my,0.06929,0.06929,0.06853,0.1212,0.9403
2017-08-25,Hadera_IL,CHL,my,0.06777,0.06918,0.08633,0.5075,0.9751
2017-08-26,Hadera_IL,CHL,my,0.06057,0.06436,0.05684,0.06833,0.8756
2017-08-28,Hadera_IL,CHL,my,0.08026,0.06061,0.04044,0.08026,0.791
2017-08-29,Hadera_IL,CHL,my,0.05562,0.06854,0.06702,0.3601,1
2017-08-30,Hadera_IL,CHL,my,0.117,0.1067,0.0615,0.2243,0.9751
2017-08-31,Hadera_IL,CHL,my,0.1034,0.0929,0.06561,0.1218,0.8756
2017-09-02,Hadera_IL,CHL,my,0.07914,0.07888,0.05195,0.08083,0.8458
2017-09-03,Hadera_IL,CHL,my,0.08652,0.08746,0.0633,0.09757,0.8159
2017-09-05,Hadera_IL,CHL,my,0.08278,0.07939,0.0589,0.08369,0.8159
2017-09-06,Hadera_IL,CHL,my,0.07303,0.06297,0.0589,0.07315,0.6915
2017-09-07,Hadera_IL,CHL,my,0.07049,0.05855,0.05201,0.07614,0.8756
2017-09-08,Hadera_IL,CHL,my,0.1494,0.1494,0.1433,0.2534,0.8756
2017-09-09,Hadera_IL,CHL,my,0.1076,0.1076,0.0947,0.1251,0.8109
2017-09-10,Hadera_IL,CHL,my,0.07176,0.08995,0.07972,0.09105,0.8756
2017-09-11,Hadera_IL,CHL,my,0.05394,0.1819,0.1077,0.2037,0.8159
2017-09-12,Hadera_IL,CHL,my,,0.1554,0.09845,0.1715,0.5721
2017-09-13,Hadera_IL,CHL,my,,0.09536,0.07689,0.1636,0.6965
2017-09-17,Hadera_IL,CHL,my,0.0274,0.05081,0.04274,0.08175,0.8756
2017-09-18,Hadera_IL,CHL,my,0.03634,0.0466,0.03884,0.05412,0.8756
2017-09-19,Hadera_IL,CHL,my,0.06921,0.06622,0.06343,0.1076,0.8756
2017-09-20,Hadera_IL,CHL,my,0.05052,0.05527,0.05489,0.09351,0.9403
2017-09-24,Hadera_IL,CHL,my,0.1303,0.1123,0.08166,0.1516,0.9403
2017-09-25,Hadera_IL,CHL,my,0.1231,0.09871,0.09248,0.1507,0.9403
2017-09-26,Hadera_IL,CHL,my,0.109,0.1114,0.08439,0.1469,0.8507
2017-09-27,Hadera_IL,CHL,my,0.04388,0.04067,0.03429,0.06188,0.8756
2017-09-28,Hadera_IL,CHL,my,0.06858,0.07229,0.05234,0.08127,0.8756
2017-09-29,Hadera_IL,CHL,my,0.06836,,,,0.4527
2017-09-30,Hadera_IL,CHL,my,0.09727,0.1028,0.08023,0.5088,0.9751
2017-10-01,Hadera_IL,CHL,my,0.1413,0.1361,0.08182,0.1483,0.9403
2017-10-03,Hadera_IL,CHL,my,0.08566,0.08077,0.06651,0.3245,0.8408
2017-10-04,Hadera_IL,CHL,my,,0.04145,0.03483,0.04911,0.6667
2017-10-05,Hadera_IL,CHL,my,0.06156,0.06137,0.05483,0.09312,0.9403
2017-10-06,Hadera_IL,CHL,my,0.05975,0.05975,0.06285,0.2928,0.9751
2017-10-07,Hadera_IL,CHL,my,0.0887,0.08888,0.07111,0.09459,0.9403
2017-10-10,Hadera_IL,CHL,my,0.1027,0.1027,0.08825,0.2531,0.9154
2017-10-11,Hadera_IL,CHL,my,0.158,0.1261,0.09074,0.359,0.9751
2017-10-12,Hadera_IL,CHL,my,0.08758,0.09759,0.08314,0.2238,0.9403
2017-10-14,Hadera_IL,CHL,my,0.289,0.7131,0.3064,0.9792,0.8756
2017-10-15,Hadera_IL,CHL,my,0.2062,0.1746,0.09672,0.2062,0.8756
2017-10-16,Hadera_IL,CHL,my,0.1622,0.2994,0.1964,0.3131,0.7015
2017-10-17,Hadera_IL,CHL,my,0.306,0.336,0.216,0.4073,0.8756
2017-10-18,Hadera_IL,CHL,my,0.3619,0.3619,0.2045,0.4621,0.9652
2017-10-21,Hadera_IL,CHL,my,0.1311,0.1416,0.1232,0.1665,0.9403
2017-10-22,Hadera_IL,CHL,my,0.1517,0.1448,0.09227,0.2021,0.9652
2017-10-23,Hadera_IL,CHL,my,0.1251,,,,0.2836
2017-10-24,Hadera_IL,CHL,my,0.1757,0.1986,0.1391,0.2266,0.8756
2017-10-25,Hadera_IL,CHL,my,0.1566,0.1283,0.08645,0.1566,0.8159
2017-10-26,Hadera_IL,CHL,my,0.1545,0.1545,0.09556,0.198,0.9403
2017-10-27,Hadera_IL,CHL,my,0.1933,0.1655,0.1257,0.1933,0.9403
2017-10-29,Hadera_IL,CHL,my,0.1532,,,,0.0597
2017-11-01,Hadera_IL,CHL,my,0.1903,0.2311,0.1494,0.2656,0.8706
2017-11-02,Hadera_IL,CHL,my,0.1356,0.1369,0.09822,0.2152,0.9652
2017-11-03,Hadera_IL,CHL,my,0.1354,0.2079,0.1797,0.3507,1
2017-11-06,Hadera_IL,CHL,my,0.1311,0.1588,0.125,0.1619,0.6965
2017-11-07,Hadera_IL,CHL,my,0.1765,0.2567,0.1453,0.2989,0.8756
2017-11-09,Hadera_IL,CHL,my,0.1383,0.1238,0.09732,0.1502,0.9403
2017-11-10,Hadera_IL,CHL,my,0.122,0.1272,0.1309,0.4285,0.6318
2017-11-11,Hadera_IL,CHL,my,0.1224,0.1622,0.1031,0.1835,0.8706
2017-11-16,Hadera_IL,CHL,my,,0.1381,0.1154,0.1476,0.6965
2017-11-17,Hadera_IL,CHL,my,0.18,0.1892,0.1442,0.1967,0.9403
2017-11-26,Hadera_IL,CHL,my,0.3993,0.3993,0.2244,0.464,0.9403
2017-11-28,Hadera_IL,CHL,my,0.1232,,,,0.2438
2017-11-29,Hadera_IL,CHL,my,0.07808,,,,0.3682
2017-11-30,Hadera_IL,CHL,my,0.09857,0.08976,0.07984,0.09857,0.8159
2017-12-01,Hadera_IL,CHL,my,0.2256,0.2163,0.1603,0.2371,0.8756
2017-12-02,Hadera_IL,CHL,my,0.218,0.1679,0.1413,0.218,0.8159
2017-12-03,Hadera_IL,CHL,my,0.1516,0.1465,0.1051,0.1969,0.9652
2017-12-04,Hadera_IL,CHL,my,0.18,0.1658,0.1218,0.221,0.9104
2017-12-08,Hadera_IL,CHL,my,0.2981,0.2404,0.2094,0.4358,0.9403
2017-12-09,Hadera_IL,CHL,my,0.2551,0.2302,0.184,0.2808,0.8756
2017-12-11,Hadera_IL,CHL,my,0.215,0.2485,0.2047,0.3204,0.9751
2017-12-12,Hadera_IL,CHL,my,0.1585,0.2093,0.1709,0.3773,0.8408
2017-12-15,Hadera_IL,CHL,my,0.1244,0.1875,0.1619,0.2187,0.796
2017-12-16,Hadera_IL,CHL,my,,0.2205,0.1895,0.2442,0.7562
2017-12-18,Hadera_IL,CHL,my,0.1834,0.1834,0.1529,0.3453,0.6965
2017-12-25,Hadera_IL,CHL,my,0.7682,0.7682,0.4414,0.8132,0.7313
2017-12-26,Hadera_IL,CHL,my,0.7649,0.7514,0.406,0.9186,1
2017-12-27,Hadera_IL,CHL,my,,0.2453,0.1623,0.2713,0.6667
2017-01-02,Open_sea_ref,CHL,my,0.0588,0.0588,0.0588,0.0588,1
2017-01-03,Open_sea_ref,CHL,my,0.1045,0.1045,0.1045,0.1045,1
2017-01-04,Open_sea_ref,CHL,my,0.0586,0.0586,0.0586,0.0586,1
2017-01-06,Open_sea_ref,CHL,my,0.0875,0.0875,0.0875,0.0875,1
2017-01-10,Open_sea_ref,CHL,my,0.081,0.081,0.081,0.081,1
2017-01-12,Open_sea_ref,CHL,my,0.0879,0.0879,0.0879,0.0879,1
2017-01-15,Open_sea_ref,CHL,my,0.0883,0.0883,0.0883,0.0883,1
2017-01-16,Open_sea_ref,CHL,my,0.1155,0.1155,0.1155,0.1155,1
2017-01-17,Open_sea_ref,CHL,my,0.0947,0.0947,0.0947,0.0947,1
2017-01-21,Open_sea_ref,CHL,my,0.0714,0.0714,0.0714,0.0714,1
2017-01-29,Open_sea_ref,CHL,my,0.0745,0.0745,0.0745,0.0745,1
2017-02-01,Open_sea_ref,CHL,my,0.0699,0.0699,0.0699,0.0699,1
2017-02-02,Open_sea_ref,CHL,my,0.061,0.061,0.061,0.061,1
2017-02-03,Open_sea_ref,CHL,my,0.0865,0.0865,0.0865,0.0865,1
2017-02-05,Open_sea_ref,CHL,my,0.0749,0.0749,0.0749,0.0749,1
2017-02-06,Open_sea_ref,CHL,my,0.0784,0.0784,0.0784,0.0784,1
2017-02-07,Open_sea_ref,CHL,my,0.094,0.094,0.094,0.094,1
2017-02-09,Open_sea_ref,CHL,my,0.0953,0.0953,0.0953,0.0953,1
2017-02-10,Open_sea_ref,CHL,my,0.0981,0.0981,0.0981,0.0981,1
2017-02-11,Open_sea_ref,CHL,my,0.0772,0.0772,0.0772,0.0772,1
2017-02-12,Open_sea_ref,CHL,my,0.0883,0.0883,0.0883,0.0883,1
2017-02-17,Open_sea_ref,CHL,my,0.0721,0.0721,0.0721,0.0721,1
2017-02-19,Open_sea_ref,CHL,my,0.0748,0.0748,0.0748,0.0748,1
2017-02-20,Open_sea_ref,CHL,my,0.0651,0.0651,0.0651,0.0651,1
2017-02-21,Open_sea_ref,CHL,my,0.0661,0.0661,0.0661,0.0661,1
2017-02-24,Open_sea_ref,CHL,my,0.0735,0.0735,0.0735,0.0735,1
2017-02-25,Open_sea_ref,CHL,my,0.0848,0.0848,0.0848,0.0848,1
2017-02-26,Open_sea_ref,CHL,my,0.0987,0.0987,0.0987,0.0987,1
2017-03-04,Open_sea_ref,CHL,my,0.0718,0.0718,0.0718,0.0718,1
2017-03-05,Open_sea_ref,CHL,my,0.0729,0.0729,0.0729,0.0729,1
2017-03-06,Open_sea_ref,CHL,my,0.071,0.071,0.071,0.071,1
2017-03-08,Open_sea_ref,CHL,my,0.0601,0.0601,0.0601,0.0601,1
2017-03-09,Open_sea_ref,CHL,my,0.0822,0.0822,0.0822,0.0822,1
2017-03-11,Open_sea_ref,CHL,my,0.0663,0.0663,0.0663,0.0663,1
2017-03-13,Open_sea_ref,CHL,my,0.0685,0.0685,0.0685,0.0685,1
2017-03-14,Open_sea_ref,CHL,my,0.0588,0.0588,0.0588,0.0588,1
2017-03-16,Open_sea_ref,CHL,my,0.0673,0.0673,0.0673,0.0673,1
2017-03-24,Open_sea_ref,CHL,my,0.0588,0.0588,0.0588,0.0588,1
2017-03-25,Open_sea_ref,CHL,my,0.0522,0.0522,0.0522,0.0522,1
2017-03-26,Open_sea_ref,CHL,my,0.0532,0.0532,0.0532,0.0532,1
2017-03-31,Open_sea_ref,CHL,my,0.0579,0.0579,0.0579,0.0579,1
2017-04-04,Open_sea_ref,CHL,my,0.0459,0.0459,0.0459,0.0459,1
2017-04-05,Open_sea_ref,CHL,my,0.0437,0.0437,0.0437,0.0437,1
2017-04-06,Open_sea_ref,CHL,my,0.0481,0.0481,0.0481,0.0481,1
2017-04-16,Open_sea_ref,CHL,my,0.0541,0.0541,0.0541,0.0541,1
2017-04-17,Open_sea_ref,CHL,my,0.0507,0.0507,0.0507,0.0507,1
2017-04-19,Open_sea_ref,CHL,my,0.0421,0.0421,0.0421,0.0421,1
2017-04-20,Open_sea_ref,CHL,my,0.043,0.043,0.043,0.043,1
2017-04-24,Open_sea_ref,CHL,my,0.0437,0.0437,0.0437,0.0437,1
2017-04-25,Open_sea_ref,CHL,my,0.0329,0.0329,0.0329,0.0329,1
2017-04-28,Open_sea_ref,CHL,my,0.0417,0.0417,0.0417,0.0417,1
2017-04-29,Open_sea_ref,CHL,my,0.0392,0.0392,0.0392,0.0392,1
2017-05-03,Open_sea_ref,CHL,my,0.0372,0.0372,0.0372,0.0372,1
2017-05-08,Open_sea_ref,CHL,my,0.0332,0.0332,0.0332,0.0332,1
2017-05-09,Open_sea_ref,CHL,my,0.0278,0.0278,0.0278,0.0278,1
2017-05-10,Open_sea_ref,CHL,my,0.0323,0.0323,0.0323,0.0323,1
2017-05-13,Open_sea_ref,CHL,my,0.0329,0.0329,0.0329,0.0329,1
2017-05-15,Open_sea_ref,CHL,my,0.0316,0.0316,0.0316,0.0316,1
2017-05-16,Open_sea_ref,CHL,my,0.034,0.034,0.034,0.034,1
2017-05-17,Open_sea_ref,CHL,my,0.0372,0.0372,0.0372,0.0372,1
2017-05-19,Open_sea_ref,CHL,my,0.032,0.032,0.032,0.032,1
2017-05-21,Open_sea_ref,CHL,my,0.0314,0.0314,0.0314,0.0314,1
2017-05-22,Open_sea_ref,CHL,my,0.0348,0.0348,0.0348,0.0348,1
2017-05-24,Open_sea_ref,CHL,my,0.0375,0.0375,0.0375,0.0375,1
2017-05-25,Open_sea_ref,CHL,my,0.04,0.04,0.04,0.04,1
2017-05-26,Open_sea_ref,CHL,my,0.0437,0.0437,0.0437,0.0437,1
2017-05-27,Open_sea_ref,CHL,my,0.0312,0.0312,0.0312,0.0312,1
2017-05-29,Open_sea_ref,CHL,my,0.0282,0.0282,0.0282,0.0282,1
2017-05-30,Open_sea_ref,CHL,my,0.0342,0.0342,0.0342,0.0342,1
2017-05-31,Open_sea_ref,CHL,my,0.0331,0.0331,0.0331,0.0331,1
2017-06-02,Open_sea_ref,CHL,my,0.0353,0.0353,0.0353,0.0353,1
2017-06-03,Open_sea_ref,CHL,my,0.0317,0.0317,0.0317,0.0317,1
2017-06-04,Open_sea_ref,CHL,my,0.0327,0.0327,0.0327,0.0327,1
2017-06-05,Open_sea_ref,CHL,my,0.0273,0.0273,0.0273,0.0273,1
2017-06-06,Open_sea_ref,CHL,my,0.0303,0.0303,0.0303,0.0303,1
2017-06-07,Open_sea_ref,CHL,my,0.0298,0.0298,0.0298,0.0298,1
2017-06-09,Open_sea_ref,CHL,my,0.0435,0.0435,0.0435,0.0435,1
2017-06-10,Open_sea_ref,CHL,my,0.0364,0.0364,0.0364,0.0364,1
2017-06-12,Open_sea_ref,CHL,my,0.0361,0.0361,0.0361,0.0361,1
2017-06-15,Open_sea_ref,CHL,my,0.0284,0.0284,0.0284,0.0284,1
2017-06-16,Open_sea_ref,CHL,my,0.0342,0.0342,0.0342,0.0342,1
2017-06-17,Open_sea_ref,CHL,my,0.0415,0.0415,0.0415,0.0415,1
2017-06-18,Open_sea_ref,CHL,my,0.0308,0.0308,0.0308,0.0308,1
2017-06-23,Open_sea_ref,CHL,my,0.0295,0.0295,0.0295,0.0295,1
2017-06-24,Open_sea_ref,CHL,my,0.0219,0.0219,0.0219,0.0219,1
2017-06-25,Open_sea_ref,CHL,my,0.0303,0.0303,0.0303,0.0303,1
2017-06-26,Open_sea_ref,CHL,my,0.0387,0.0387,0.0387,0.0387,1
2017-06-27,Open_sea_ref,CHL,my,0.0355,0.0355,0.0355,0.0355,1
2017-06-28,Open_sea_ref,CHL,my,0.0296,0.0296,0.0296,0.0296,1
2017-06-29,Open_sea_ref,CHL,my,0.0262,0.0262,0.0262,0.0262,1
2017-06-30,Open_sea_ref,CHL,my,0.0265,0.0265,0.0265,0.0265,1
2017-07-01,Open_sea_ref,CHL,my,0.0313,0.0313,0.0313,0.0313,1
2017-07-02,Open_sea_ref,CHL,my,0.0276,0.0276,0.0276,0.0276,1
2017-07-03,Open_sea_ref,CHL,my,0.0316,0.0316,0.0316,0.0316,1
2017-07-04,Open_sea_ref,CHL,my,0.0329,0.0329,0.0329,0.0329,1
2017-07-06,Open_sea_ref,CHL,my,0.0352,0.0352,0.0352,0.0352,1
2017-07-09,Open_sea_ref,CHL,my,0.025,0.025,0.025,0.025,1
2017-07-10,Open_sea_ref,CHL,my,0.0234,0.0234,0.0234,0.0234,1
2017-07-14,Open_sea_ref,CHL,my,0.0307,0.0307,0.0307,0.0307,1
2017-07-16,Open_sea_ref,CHL,my,0.0173,0.0173,0.0173,0.0173,1
2017-07-17,Open_sea_ref,CHL,my,0.0305,0.0305,0.0305,0.0305,1
2017-07-18,Open_sea_ref,CHL,my,0.027,0.027,0.027,0.027,1
2017-07-19,Open_sea_ref,CHL,my,0.0309,0.0309,0.0309,0.0309,1
2017-07-20,Open_sea_ref,CHL,my,0.035,0.035,0.035,0.035,1
2017-07-22,Open_sea_ref,CHL,my,0.0296,0.0296,0.0296,0.0296,1
2017-07-25,Open_sea_ref,CHL,my,0.024,0.024,0.024,0.024,1
2017-07-26,Open_sea_ref,CHL,my,0.0216,0.0216,0.0216,0.0216,1
2017-07-29,Open_sea_ref,CHL,my,0.0201,0.0201,0.0201,0.0201,1
2017-07-30,Open_sea_ref,CHL,my,0.0186,0.0186,0.0186,0.0186,1
2017-08-01,Open_sea_ref,CHL,my,0.018,0.018,0.018,0.018,1
2017-08-06,Open_sea_ref,CHL,my,0.0272,0.0272,0.0272,0.0272,1
2017-08-07,Open_sea_ref,CHL,my,0.0311,0.0311,0.0311,0.0311,1
2017-08-10,Open_sea_ref,CHL,my,0.0293,0.0293,0.0293,0.0293,1
2017-08-11,Open_sea_ref,CHL,my,0.032,0.032,0.032,0.032,1
2017-08-12,Open_sea_ref,CHL,my,0.0287,0.0287,0.0287,0.0287,1
2017-08-19,Open_sea_ref,CHL,my,0.0245,0.0245,0.0245,0.0245,1
2017-08-20,Open_sea_ref,CHL,my,0.0328,0.0328,0.0328,0.0328,1
2017-08-25,Open_sea_ref,CHL,my,0.0191,0.0191,0.0191,0.0191,1
2017-08-26,Open_sea_ref,CHL,my,0.0244,0.0244,0.0244,0.0244,1
2017-08-27,Open_sea_ref,CHL,my,0.0153,0.0153,0.0153,0.0153,1
2017-08-29,Open_sea_ref,CHL,my,0.0241,0.0241,0.0241,0.0241,1
2017-08-30,Open_sea_ref,CHL,my,0.029,0.029,0.029,0.029,1
2017-09-02,Open_sea_ref,CHL,my,0.0234,0.0234,0.0234,0.0234,1
2017-09-03,Open_sea_ref,CHL,my,0.0245,0.0245,0.0245,0.0245,1
2017-09-05,Open_sea_ref,CHL,my,0.0322,0.0322,0.0322,0.0322,1
2017-09-06,Open_sea_ref,CHL,my,0.0255,0.0255,0.0255,0.0255,1
2017-09-07,Open_sea_ref,CHL,my,0.0196,0.0196,0.0196,0.0196,1
2017-09-08,Open_sea_ref,CHL,my,0.0283,0.0283,0.0283,0.0283,1
2017-09-09,Open_sea_ref,CHL,my,0.0183,0.0183,0.0183,0.0183,1
2017-09-10,Open_sea_ref,CHL,my,0.0176,0.0176,0.0176,0.0176,1
2017-09-11,Open_sea_ref,CHL,my,0.0239,0.0239,0.0239,0.0239,1
2017-09-12,Open_sea_ref,CHL,my,0.0198,0.0198,0.0198,0.0198,1
2017-09-13,Open_sea_ref,CHL,my,0.0176,0.0176,0.0176,0.0176,1
2017-09-17,Open_sea_ref,CHL,my,0.0325,0.0325,0.0325,0.0325,1
2017-09-18,Open_sea_ref,CHL,my,0.0417,0.0417,0.0417,0.0417,1
2017-09-20,Open_sea_ref,CHL,my,0.0437,0.0437,0.0437,0.0437,1
2017-09-25,Open_sea_ref,CHL,my,0.0256,0.0256,0.0256,0.0256,1
2017-09-28,Open_sea_ref,CHL,my,0.0217,0.0217,0.0217,0.0217,1
2017-10-01,Open_sea_ref,CHL,my,0.0287,0.0287,0.0287,0.0287,1
2017-10-03,Open_sea_ref,CHL,my,0.0291,0.0291,0.0291,0.0291,1
2017-10-04,Open_sea_ref,CHL,my,0.0306,0.0306,0.0306,0.0306,1
2017-10-05,Open_sea_ref,CHL,my,0.034,0.034,0.034,0.034,1
2017-10-06,Open_sea_ref,CHL,my,0.0341,0.0341,0.0341,0.0341,1
2017-10-10,Open_sea_ref,CHL,my,0.0322,0.0322,0.0322,0.0322,1
2017-10-11,Open_sea_ref,CHL,my,0.0269,0.0269,0.0269,0.0269,1
2017-10-12,Open_sea_ref,CHL,my,0.0297,0.0297,0.0297,0.0297,1
2017-10-14,Open_sea_ref,CHL,my,0.0272,0.0272,0.0272,0.0272,1
2017-10-15,Open_sea_ref,CHL,my,0.0224,0.0224,0.0224,0.0224,1
2017-10-17,Open_sea_ref,CHL,my,0.0321,0.0321,0.0321,0.0321,1
2017-10-18,Open_sea_ref,CHL,my,0.0366,0.0366,0.0366,0.0366,1
2017-10-20,Open_sea_ref,CHL,my,0.0264,0.0264,0.0264,0.0264,1
2017-10-22,Open_sea_ref,CHL,my,0.0277,0.0277,0.0277,0.0277,1
2017-10-24,Open_sea_ref,CHL,my,0.027,0.027,0.027,0.027,1
2017-10-25,Open_sea_ref,CHL,my,0.0308,0.0308,0.0308,0.0308,1
2017-10-26,Open_sea_ref,CHL,my,0.0346,0.0346,0.0346,0.0346,1
2017-10-28,Open_sea_ref,CHL,my,0.0354,0.0354,0.0354,0.0354,1
2017-10-30,Open_sea_ref,CHL,my,0.0326,0.0326,0.0326,0.0326,1
2017-11-03,Open_sea_ref,CHL,my,0.0394,0.0394,0.0394,0.0394,1
2017-11-04,Open_sea_ref,CHL,my,0.0373,0.0373,0.0373,0.0373,1
2017-11-07,Open_sea_ref,CHL,my,0.0313,0.0313,0.0313,0.0313,1
2017-11-09,Open_sea_ref,CHL,my,0.0313,0.0313,0.0313,0.0313,1
2017-11-10,Open_sea_ref,CHL,my,0.0496,0.0496,0.0496,0.0496,1
2017-11-11,Open_sea_ref,CHL,my,0.0361,0.0361,0.0361,0.0361,1
2017-11-16,Open_sea_ref,CHL,my,0.041,0.041,0.041,0.041,1
2017-11-17,Open_sea_ref,CHL,my,0.0361,0.0361,0.0361,0.0361,1
2017-11-24,Open_sea_ref,CHL,my,0.0253,0.0253,0.0253,0.0253,1
2017-11-26,Open_sea_ref,CHL,my,0.0475,0.0475,0.0475,0.0475,1
2017-11-29,Open_sea_ref,CHL,my,0.0401,0.0401,0.0401,0.0401,1
2017-11-30,Open_sea_ref,CHL,my,0.0466,0.0466,0.0466,0.0466,1
2017-12-01,Open_sea_ref,CHL,my,0.0532,0.0532,0.0532,0.0532,1
2017-12-02,Open_sea_ref,CHL,my,0.0613,0.0613,0.0613,0.0613,1
2017-12-03,Open_sea_ref,CHL,my,0.0513,0.0513,0.0513,0.0513,1
2017-12-08,Open_sea_ref,CHL,my,0.0551,0.0551,0.0551,0.0551,1
2017-12-09,Open_sea_ref,CHL,my,0.0532,0.0532,0.0532,0.0532,1
2017-12-10,Open_sea_ref,CHL,my,0.0489,0.0489,0.0489,0.0489,1
2017-12-11,Open_sea_ref,CHL,my,0.048,0.048,0.048,0.048,1
2017-12-13,Open_sea_ref,CHL,my,0.0584,0.0584,0.0584,0.0584,1
2017-12-18,Open_sea_ref,CHL,my,0.0485,0.0485,0.0485,0.0485,1
2017-12-27,Open_sea_ref,CHL,my,0.0592,0.0592,0.0592,0.0592,1
2017-12-29,Open_sea_ref,CHL,my,0.0604,0.0604,0.0604,0.0604,1
2017-12-30,Open_sea_ref,CHL,my,0.0634,0.0634,0.0634,0.0634,1
2017-01-01,Port_Said_EG,CHL,my,6.315,4.735,3.786,14.98,1
2017-01-02,Port_Said_EG,CHL,my,7.221,6.298,4.243,11.69,1
2017-01-03,Port_Said_EG,CHL,my,,4.626,2.917,6.2,0.7839
2017-01-04,Port_Said_EG,CHL,my,6.259,2.892,2.727,6.259,0.9296
2017-01-06,Port_Said_EG,CHL,my,5.293,4.035,2.886,6.029,0.9698
2017-01-07,Port_Said_EG,CHL,my,4.584,4.684,3.467,4.969,0.9698
2017-01-10,Port_Said_EG,CHL,my,8.294,7.656,5.386,8.294,0.9296
2017-01-11,Port_Said_EG,CHL,my,2.789,2.639,2.272,3.983,0.9296
2017-01-12,Port_Said_EG,CHL,my,2.87,2.441,2.089,2.998,0.9296
2017-01-13,Port_Said_EG,CHL,my,3.169,2.563,1.864,3.626,0.9698
2017-01-15,Port_Said_EG,CHL,my,2.441,2.394,1.858,3.815,0.9296
2017-01-17,Port_Said_EG,CHL,my,3.573,,,,0.1457
2017-01-18,Port_Said_EG,CHL,my,13.81,13.81,5.689,25.52,0.9296
2017-01-21,Port_Said_EG,CHL,my,,2.708,6.038,75.86,0.7085
2017-01-23,Port_Said_EG,CHL,my,7.114,6.005,3.476,8.768,0.9698
2017-02-01,Port_Said_EG,CHL,my,,6.512,4.014,8.259,0.6131
2017-02-02,Port_Said_EG,CHL,my,10.6,7.277,4.496,13.39,0.9296
2017-02-03,Port_Said_EG,CHL,my,6.495,7.979,4.712,9.936,0.9698
2017-02-07,Port_Said_EG,CHL,my,2.581,2.253,1.917,2.581,0.9296
2017-02-08,Port_Said_EG,CHL,my,2.139,2.111,1.897,2.216,0.9296
2017-02-09,Port_Said_EG,CHL,my,2.734,2.556,1.828,2.819,0.9095
2017-02-10,Port_Said_EG,CHL,my,3.448,2.882,2.085,3.843,0.9296
2017-02-12,Port_Said_EG,CHL,my,2.453,,,,0.1859
2017-02-13,Port_Said_EG,CHL,my,2.32,,,,0.4372
2017-02-15,Port_Said_EG,CHL,my,4.802,,,,0.4523
2017-02-17,Port_Said_EG,CHL,my,5.354,5.197,4.446,5.952,0.9698
2017-02-18,Port_Said_EG,CHL,my,10.71,9.065,4.575,11.07,0.9698
2017-02-19,Port_Said_EG,CHL,my,4.34,3.416,2.698,4.819,0.9698
2017-02-20,Port_Said_EG,CHL,my,5.724,3.769,2.966,5.724,0.8543
2017-02-23,Port_Said_EG,CHL,my,7.124,,,,0.4472
2017-02-24,Port_Said_EG,CHL,my,6.38,5.908,3.511,7.16,0.9296
2017-02-25,Port_Said_EG,CHL,my,2.623,2.538,2.099,3.05,0.9598
2017-02-26,Port_Said_EG,CHL,my,4.445,3.059,2.415,4.445,0.9296
2017-03-03,Port_Said_EG,CHL,my,,1.801,1.245,3.488,0.6784
2017-03-04,Port_Said_EG,CHL,my,8.139,6.445,2.694,8.139,0.5879
2017-03-05,Port_Said_EG,CHL,my,,1.701,1.461,2.044,0.5779
2017-03-06,Port_Said_EG,CHL,my,2.209,2.164,1.624,2.283,0.9698
2017-03-07,Port_Said_EG,CHL,my,2.135,1.884,1.744,5.7,0.8945
2017-03-08,Port_Said_EG,CHL,my,2.432,2.432,1.835,2.783,1
2017-03-09,Port_Said_EG,CHL,my,3.31,3.166,2.196,4.856,0.9698
2017-03-14,Port_Said_EG,CHL,my,4.566,4.098,3.026,5.311,0.6533
2017-03-15,Port_Said_EG,CHL,my,4.873,,,,0.407
2017-03-16,Port_Said_EG,CHL,my,5.002,4.009,2.336,5.554,1
2017-03-24,Port_Said_EG,CHL,my,2.249,2.249,2.012,3.611,1
2017-03-25,Port_Said_EG,CHL,my,,2.072,2.296,5.692,0.5678
2017-03-26,Port_Said_EG,CHL,my,25.36,20.1,8.143,25.36,0.7035
2017-03-27,Port_Said_EG,CHL,my,8.084,31.35,15.83,45,0.9698
2017-03-28,Port_Said_EG,CHL,my,9.321,4.2,2.606,10.14,0.8744
2017-03-30,Port_Said_EG,CHL,my,4.189,2.717,2.11,4.189,0.8744
2017-04-02,Port_Said_EG,CHL,my,6.928,2.802,2.055,6.928,0.8543
2017-04-03,Port_Said_EG,CHL,my,7.723,7.723,4.172,23.66,0.9296
2017-04-04,Port_Said_EG,CHL,my,3.13,2.934,1.882,3.202,0.8744
2017-04-05,Port_Said_EG,CHL,my,4.067,2.996,2.122,4.613,1
2017-04-07,Port_Said_EG,CHL,my,,1.553,1.389,2.346,0.6784
2017-04-15,Port_Said_EG,CHL,my,,2.763,2.287,4.395,0.7739
2017-04-16,Port_Said_EG,CHL,my,9.583,8.205,4.473,9.583,0.8995
2017-04-17,Port_Said_EG,CHL,my,5.693,4.647,3.139,5.937,0.9698
2017-04-19,Port_Said_EG,CHL,my,3.373,3.485,2.597,3.991,0.8141
2017-04-20,Port_Said_EG,CHL,my,,3.135,2.491,4.418,0.7739
2017-04-22,Port_Said_EG,CHL,my,2.157,2.157,1.798,2.3,1
2017-04-25,Port_Said_EG,CHL,my,5.285,5.21,3.271,5.779,0.7638
2017-04-26,Port_Said_EG,CHL,my,,4.87,3.009,5.69,0.6482
2017-04-28,Port_Said_EG,CHL,my,8.656,8.656,5.162,15.7,1
2017-04-29,Port_Said_EG,CHL,my,3.272,3.272,2.414,4.663,0.9095
2017-05-03,Port_Said_EG,CHL,my,3.179,3.179,2.566,3.573,0.5276
2017-05-05,Port_Said_EG,CHL,my,13.52,9.146,4.143,15.92,1
2017-05-06,Port_Said_EG,CHL,my,9.248,3.238,2.836,9.248,0.7839
2017-05-07,Port_Said_EG,CHL,my,2.982,2.129,1.599,2.982,0.7789
2017-05-08,Port_Said_EG,CHL,my,2.94,2.303,1.666,2.94,0.8543
2017-05-09,Port_Said_EG,CHL,my,2.7,2.546,1.901,2.884,0.9698
2017-05-10,Port_Said_EG,CHL,my,,2.323,1.864,3.537,0.7839
2017-05-11,Port_Said_EG,CHL,my,3.051,2.208,1.502,3.051,0.7688
2017-05-12,Port_Said_EG,CHL,my,,2.607,2.299,6.201,0.5779
2017-05-13,Port_Said_EG,CHL,my,5.362,3.96,2.975,7.528,1
2017-05-15,Port_Said_EG,CHL,my,2.707,2.69,1.555,2.965,0.9296
2017-05-16,Port_Said_EG,CHL,my,2.236,2.125,1.393,2.668,0.9296
2017-05-17,Port_Said_EG,CHL,my,2.702,2.634,1.875,3.534,0.9698
2017-05-19,Port_Said_EG,CHL,my,2.418,2.33,1.735,2.526,0.9296
2017-05-20,Port_Said_EG,CHL,my,,1.862,1.511,2.137,0.5628
2017-05-21,Port_Said_EG,CHL,my,6.806,5.483,3.304,6.806,1
2017-05-23,Port_Said_EG,CHL,my,5.265,3.479,2.361,5.322,0.8543
2017-05-24,Port_Said_EG,CHL,my,5.225,4.578,2.604,7.661,0.9296
2017-05-27,Port_Said_EG,CHL,my,,2.05,1.678,2.146,0.5075
2017-05-28,Port_Said_EG,CHL,my,5.438,3.61,2.468,5.438,0.6482
2017-05-29,Port_Said_EG,CHL,my,2.722,2.757,2.249,3.036,1
2017-05-30,Port_Said_EG,CHL,my,,1.962,1.678,2.026,0.5779
2017-05-31,Port_Said_EG,CHL,my,2.78,2.665,2.019,2.795,0.9296
2017-06-01,Port_Said_EG,CHL,my,3.294,3.106,2.549,12.4,1
2017-06-02,Port_Said_EG,CHL,my,13.25,11.86,5.821,17.11,1
2017-06-03,Port_Said_EG,CHL,my,10.43,7.533,4.371,12.97,0.7839
2017-06-04,Port_Said_EG,CHL,my,6.462,6.644,4.15,12.36,0.9296
2017-06-05,Port_Said_EG,CHL,my,23.54,16.65,8.914,27.64,1
2017-06-06,Port_Said_EG,CHL,my,4.095,3.943,2.797,4.239,0.9698
2017-06-07,Port_Said_EG,CHL,my,3.766,3.568,2.452,5.05,0.9095
2017-06-10,Port_Said_EG,CHL,my,5.285,3.382,2.603,7.381,1
2017-06-12,Port_Said_EG,CHL,my,,2.802,2.655,6.209,0.7839
2017-06-13,Port_Said_EG,CHL,my,6.265,6.784,4.619,10.56,1
2017-06-15,Port_Said_EG,CHL,my,6.325,5.366,3.203,7.525,0.8744
2017-06-16,Port_Said_EG,CHL,my,6.406,4.145,2.88,6.406,0.8543
2017-06-17,Port_Said_EG,CHL,my,8,6.042,3.522,11.11,1
2017-06-18,Port_Said_EG,CHL,my,2.729,2.32,1.88,3.24,0.9296
2017-06-20,Port_Said_EG,CHL,my,2.533,2.213,1.706,3.033,0.9296
2017-06-21,Port_Said_EG,CHL,my,4.341,2.304,2.22,4.341,0.8543
2017-06-22,Port_Said_EG,CHL,my,3.028,2.388,2.087,4.639,0.8191
2017-06-23,Port_Said_EG,CHL,my,7.156,2.816,2.293,7.156,0.8744
2017-06-24,Port_Said_EG,CHL,my,2.904,2.473,1.772,3.33,0.9296
2017-06-25,Port_Said_EG,CHL,my,2.61,2.326,1.709,3.387,1
2017-06-28,Port_Said_EG,CHL,my,3.468,3.468,2.083,6.749,1
2017-06-29,Port_Said_EG,CHL,my,2.854,2.882,1.935,5.388,0.9146
2017-06-30,Port_Said_EG,CHL,my,2.894,2.581,1.659,3.633,0.9698
2017-07-01,Port_Said_EG,CHL,my,2.363,1.761,1.324,2.363,0.8543
2017-07-02,Port_Said_EG,CHL,my,2.032,2.032,1.477,3.386,1
2017-07-03,Port_Said_EG,CHL,my,2.021,2.021,1.378,2.682,1
2017-07-04,Port_Said_EG,CHL,my,,1.313,1.074,1.866,0.7739
2017-07-05,Port_Said_EG,CHL,my,,2.09,1.565,2.453,0.7085
2017-07-06,Port_Said_EG,CHL,my,2.352,2.352,2.183,4.116,0.6231
2017-07-08,Port_Said_EG,CHL,my,,2.347,1.806,2.876,0.7839
2017-07-09,Port_Said_EG,CHL,my,2.568,2.166,1.719,2.568,0.8744
2017-07-10,Port_Said_EG,CHL,my,2.874,2.874,2.304,3.673,1
2017-07-14,Port_Said_EG,CHL,my,2.586,2.618,1.958,5.401,1
2017-07-15,Port_Said_EG,CHL,my,,1.958,1.598,2.55,0.7688
2017-07-16,Port_Said_EG,CHL,my,4.15,2.331,1.909,5.561,0.8744
2017-07-17,Port_Said_EG,CHL,my,2.698,2.488,1.798,3.057,0.9698
2017-07-18,Port_Said_EG,CHL,my,2.864,2.816,2.338,15.52,1
2017-07-20,Port_Said_EG,CHL,my,6.509,4.656,2.617,6.509,0.8744
2017-07-22,Port_Said_EG,CHL,my,3.733,2.368,2.08,3.903,0.6533
2017-07-23,Port_Said_EG,CHL,my,,3.063,2.25,5.177,0.7839
2017-07-25,Port_Said_EG,CHL,my,5.862,3.745,2.536,6.81,1
2017-07-26,Port_Said_EG,CHL,my,4.317,3.088,2.216,4.317,0.8744
2017-07-29,Port_Said_EG,CHL,my,2.636,,,,0.407
2017-07-30,Port_Said_EG,CHL,my,3.823,3.823,2.665,7.724,0.9698
2017-07-31,Port_Said_EG,CHL,my,9.518,2.481,2.72,9.518,0.593
2017-08-01,Port_Said_EG,CHL,my,8.653,6.515,3.156,9.117,0.9698
2017-08-02,Port_Said_EG,CHL,my,3.183,2.69,1.899,5.165,1
2017-08-03,Port_Said_EG,CHL,my,6.736,3.438,2.661,6.736,0.8744
2017-08-04,Port_Said_EG,CHL,my,6.486,5.529,3.006,6.708,0.9095
2017-08-05,Port_Said_EG,CHL,my,8.353,3.159,2.598,8.353,0.8744
2017-08-06,Port_Said_EG,CHL,my,2.59,2.955,1.989,3.504,0.9698
2017-08-07,Port_Said_EG,CHL,my,2.608,2.582,1.862,4.743,0.9296
2017-08-08,Port_Said_EG,CHL,my,,2.946,2.055,5.856,0.8392
2017-08-09,Port_Said_EG,CHL,my,2.89,2.89,1.922,5.131,0.8945
2017-08-10,Port_Said_EG,CHL,my,2.492,1.956,1.484,2.949,0.8543
2017-08-14,Port_Said_EG,CHL,my,3.278,5.054,3.412,9.275,0.6583
2017-08-18,Port_Said_EG,CHL,my,5.382,5.382,3,7.864,0.9698
2017-08-19,Port_Said_EG,CHL,my,6.738,6.009,3.518,7.476,0.9497
2017-08-20,Port_Said_EG,CHL,my,5.079,2.937,2.38,5.079,0.9296
2017-08-21,Port_Said_EG,CHL,my,23.79,16.64,7.907,23.79,1
2017-08-22,Port_Said_EG,CHL,my,9.474,5.922,3.882,14.7,0.8543
2017-08-23,Port_Said_EG,CHL,my,5.468,3.921,2.422,6.697,0.9296
2017-08-24,Port_Said_EG,CHL,my,,3.703,2.64,8.416,0.7839
2017-08-25,Port_Said_EG,CHL,my,5.963,5.963,3.655,12.42,1
2017-08-26,Port_Said_EG,CHL,my,8.343,8.343,4.249,14.99,1
2017-08-27,Port_Said_EG,CHL,my,,3.79,2.259,5.364,0.5829
2017-08-28,Port_Said_EG,CHL,my,6.261,5.162,2.82,6.261,0.9296
2017-08-29,Port_Said_EG,CHL,my,6.622,6.622,3.939,11.2,1
2017-08-30,Port_Said_EG,CHL,my,6.974,6.974,3.241,9.443,0.8744
2017-08-31,Port_Said_EG,CHL,my,2.77,2.466,1.817,2.77,0.7085
2017-09-02,Port_Said_EG,CHL,my,5.351,4.224,2.518,6.897,0.9698
2017-09-03,Port_Said_EG,CHL,my,5.224,4.281,2.595,7.398,0.9698
2017-09-04,Port_Said_EG,CHL,my,5.357,2.368,2.141,5.357,0.8744
2017-09-05,Port_Said_EG,CHL,my,4.969,3.276,2.199,5.499,0.9045
2017-09-06,Port_Said_EG,CHL,my,4.803,3.819,2.358,5.924,1
2017-09-07,Port_Said_EG,CHL,my,7.946,5.387,2.986,7.946,0.809
2017-09-08,Port_Said_EG,CHL,my,,2.697,2.096,4.559,0.5729
2017-09-09,Port_Said_EG,CHL,my,4.509,2.964,2.39,4.75,0.8543
2017-09-10,Port_Said_EG,CHL,my,16.61,14.35,6.55,19.12,0.9698
2017-09-11,Port_Said_EG,CHL,my,11.6,9.251,4.409,11.6,0.8744
2017-09-12,Port_Said_EG,CHL,my,9.94,8.233,3.871,10.06,0.8543
2017-09-13,Port_Said_EG,CHL,my,7.735,5.84,3.434,13.8,0.9698
2017-09-15,Port_Said_EG,CHL,my,5.272,,,,0.1457
2017-09-16,Port_Said_EG,CHL,my,5.36,,,,0.2362
2017-09-17,Port_Said_EG,CHL,my,2.803,2.786,1.88,4.435,0.9296
2017-09-19,Port_Said_EG,CHL,my,3.113,3.087,1.937,5.643,0.9296
2017-09-25,Port_Said_EG,CHL,my,6.952,9.656,5.975,13.12,0.799
2017-09-28,Port_Said_EG,CHL,my,20.8,14.98,6.136,21.23,0.9296
2017-09-29,Port_Said_EG,CHL,my,6.407,2.241,2.146,6.407,0.7136
2017-09-30,Port_Said_EG,CHL,my,7.633,6.806,3.277,9.439,0.9296
2017-10-01,Port_Said_EG,CHL,my,,6.635,3.495,7.309,0.7839
2017-10-03,Port_Said_EG,CHL,my,8.642,,,,0.3518
2017-10-05,Port_Said_EG,CHL,my,9.398,,,,0.3618
2017-10-06,Port_Said_EG,CHL,my,6.881,6.568,3.276,7.551,1
2017-10-07,Port_Said_EG,CHL,my,10.54,9.322,5.55,12,0.9296
2017-10-12,Port_Said_EG,CHL,my,3.881,3.854,2.304,4.135,0.9296
2017-10-13,Port_Said_EG,CHL,my,4.771,4.526,2.535,4.771,0.7286
2017-10-14,Port_Said_EG,CHL,my,,1.638,1.472,2.013,0.6231
2017-10-15,Port_Said_EG,CHL,my,5.532,5.532,2.716,7.962,0.9598
2017-10-17,Port_Said_EG,CHL,my,5.435,5.335,2.52,9.288,0.9296
2017-10-20,Port_Said_EG,CHL,my,10.86,10.86,4.483,12.29,0.9296
2017-10-21,Port_Said_EG,CHL,my,10.03,10.03,5.341,15.14,0.6834
2017-10-22,Port_Said_EG,CHL,my,10.71,11.37,5.553,13.62,0.6533
2017-10-24,Port_Said_EG,CHL,my,4.653,4.653,2.806,6.478,0.8543
2017-10-25,Port_Said_EG,CHL,my,6.685,8.497,4.845,9.946,1
2017-10-26,Port_Said_EG,CHL,my,4.386,6.694,3.731,11.13,0.9698
2017-10-29,Port_Said_EG,CHL,my,6.765,6.51,3.04,7.784,1
2017-10-30,Port_Said_EG,CHL,my,4.201,4.57,2.502,5.668,1
2017-10-31,Port_Said_EG,CHL,my,6.299,5.081,2.675,6.657,0.9296
2017-11-01,Port_Said_EG,CHL,my,4.948,,,,0.1457
2017-11-03,Port_Said_EG,CHL,my,6.456,8.127,5.348,10.6,0.6131
2017-11-04,Port_Said_EG,CHL,my,5.255,4.916,2.348,5.731,0.9296
2017-11-06,Port_Said_EG,CHL,my,2.972,3.057,2.313,3.956,0.5276
2017-11-07,Port_Said_EG,CHL,my,7.421,7.421,3.838,13.71,1
2017-11-09,Port_Said_EG,CHL,my,8.491,8.491,4.916,15.08,0.799
2017-11-10,Port_Said_EG,CHL,my,,1.643,2.572,11.32,0.6985
2017-11-11,Port_Said_EG,CHL,my,19.61,16,6.208,22.88,0.6181
2017-11-16,Port_Said_EG,CHL,my,2.979,2.729,1.727,3.182,0.9296
2017-11-17,Port_Said_EG,CHL,my,2.382,2.144,1.576,2.799,0.9698
2017-11-20,Port_Said_EG,CHL,my,3.303,2.436,1.991,3.303,0.598
2017-11-24,Port_Said_EG,CHL,my,,3.422,2.499,3.958,0.5025
2017-11-25,Port_Said_EG,CHL,my,5.558,,,,0.3618
2017-11-26,Port_Said_EG,CHL,my,4.873,,,,0.3819
2017-11-27,Port_Said_EG,CHL,my,6.82,5.437,3.61,8.201,0.9296
2017-11-28,Port_Said_EG,CHL,my,11.23,11.09,6.193,13.71,0.9296
2017-11-29,Port_Said_EG,CHL,my,8.634,8.634,4.491,14.31,0.9698
2017-12-02,Port_Said_EG,CHL,my,5.246,3.054,2.812,5.678,0.8744
2017-12-03,Port_Said_EG,CHL,my,3.027,3.027,2.429,4.557,1
2017-12-04,Port_Said_EG,CHL,my,2.442,2.624,2.313,3.974,1
2017-12-08,Port_Said_EG,CHL,my,,5.034,3.53,5.892,0.6683
2017-12-09,Port_Said_EG,CHL,my,5.009,5.525,4.62,6.194,0.6533
2017-12-14,Port_Said_EG,CHL,my,7.617,6.895,3.441,9.75,0.9296
2017-12-15,Port_Said_EG,CHL,my,9.167,7.642,4.262,11.9,0.9698
2017-12-16,Port_Said_EG,CHL,my,17.62,17.62,8.077,32.89,1
2017-12-17,Port_Said_EG,CHL,my,5.162,,,,0.4623
2017-12-26,Port_Said_EG,CHL,my,5.091,5.056,4.154,5.325,0.9296
2017-12-30,Port_Said_EG,CHL,my,,5.171,3.954,12.29,0.7839
2017-01-01,Rafah_Gaza,CHL,my,0.6077,0.4792,0.3006,0.9464,0.915
2017-01-02,Rafah_Gaza,CHL,my,0.4266,0.5421,0.4256,2.488,1
2017-01-03,Rafah_Gaza,CHL,my,1.222,0.2438,0.2169,1.222,0.635
2017-01-04,Rafah_Gaza,CHL,my,0.8328,0.8085,0.3496,0.9199,0.76
2017-01-06,Rafah_Gaza,CHL,my,0.2355,0.2355,0.1877,0.4456,1
2017-01-07,Rafah_Gaza,CHL,my,0.2687,0.2109,0.1952,0.4381,0.915
2017-01-10,Rafah_Gaza,CHL,my,1.276,1.498,1.017,2.175,0.95
2017-01-11,Rafah_Gaza,CHL,my,1.006,1.118,1.018,1.351,0.915
2017-01-12,Rafah_Gaza,CHL,my,0.5783,0.6286,0.3919,0.726,0.95
2017-01-13,Rafah_Gaza,CHL,my,0.3587,,,,0.21
2017-01-15,Rafah_Gaza,CHL,my,0.3425,,,,0.135
2017-01-16,Rafah_Gaza,CHL,my,0.2826,0.3085,0.2876,0.3208,0.55
2017-01-20,Rafah_Gaza,CHL,my,0.4734,0.4099,0.3555,0.5823,0.615
2017-01-21,Rafah_Gaza,CHL,my,0.3286,0.2793,0.1866,0.3286,0.825
2017-01-22,Rafah_Gaza,CHL,my,0.2696,,,,0.3
2017-01-23,Rafah_Gaza,CHL,my,0.1702,0.2339,0.173,0.2748,0.95
2017-01-29,Rafah_Gaza,CHL,my,2.666,2.292,1.601,3.07,0.8
2017-01-30,Rafah_Gaza,CHL,my,1.728,,,,0.345
2017-02-02,Rafah_Gaza,CHL,my,1.543,1.503,0.9764,1.722,0.95
2017-02-03,Rafah_Gaza,CHL,my,1.269,1.283,0.9258,1.349,0.95
2017-02-05,Rafah_Gaza,CHL,my,1.076,1.076,0.7974,1.367,1
2017-02-06,Rafah_Gaza,CHL,my,1.363,1.199,0.6201,1.388,0.95
2017-02-07,Rafah_Gaza,CHL,my,0.9739,0.8035,0.4567,0.9991,0.915
2017-02-08,Rafah_Gaza,CHL,my,0.909,0.8208,0.585,1.03,0.915
2017-02-10,Rafah_Gaza,CHL,my,0.6753,0.6512,0.3447,0.7357,0.875
2017-02-18,Rafah_Gaza,CHL,my,1.391,1.391,0.921,1.69,0.95
2017-02-19,Rafah_Gaza,CHL,my,2.057,1.492,0.993,2.057,0.95
2017-02-20,Rafah_Gaza,CHL,my,0.6694,0.6732,0.4613,0.881,0.73
2017-02-21,Rafah_Gaza,CHL,my,0.1802,0.1802,0.1365,0.5087,1
2017-02-23,Rafah_Gaza,CHL,my,1.055,0.9953,0.5781,1.122,0.785
2017-02-24,Rafah_Gaza,CHL,my,,0.188,0.1525,0.2628,0.565
2017-02-25,Rafah_Gaza,CHL,my,,0.2802,0.2154,0.4061,0.675
2017-02-26,Rafah_Gaza,CHL,my,0.4719,0.2802,0.2558,1.087,0.915
2017-03-03,Rafah_Gaza,CHL,my,0.4834,0.3092,0.1836,0.4834,0.53
2017-03-04,Rafah_Gaza,CHL,my,1.053,0.9411,0.4214,1.143,0.825
2017-03-05,Rafah_Gaza,CHL,my,1.055,1.035,0.5099,1.079,1
2017-03-06,Rafah_Gaza,CHL,my,0.9782,1.02,0.4848,1.177,0.915
2017-03-07,Rafah_Gaza,CHL,my,0.7076,0.7527,0.4913,1.09,0.695
2017-03-08,Rafah_Gaza,CHL,my,0.7135,0.7644,0.4615,1.29,0.95
2017-03-09,Rafah_Gaza,CHL,my,0.8643,0.8376,0.4537,1.557,0.915
2017-03-13,Rafah_Gaza,CHL,my,1.377,1.268,0.6192,1.377,0.915
2017-03-14,Rafah_Gaza,CHL,my,1.397,1.248,0.5559,1.495,0.875
2017-03-16,Rafah_Gaza,CHL,my,1.395,1.327,0.7663,1.498,0.915
2017-03-20,Rafah_Gaza,CHL,my,1.339,1.33,0.9774,1.526,0.95
2017-03-24,Rafah_Gaza,CHL,my,1.16,1.025,0.5149,1.181,0.725
2017-03-26,Rafah_Gaza,CHL,my,0.8985,0.8135,0.5397,1.412,0.875
2017-03-28,Rafah_Gaza,CHL,my,0.8254,0.7896,0.4648,0.9645,0.95
2017-04-01,Rafah_Gaza,CHL,my,0.6673,0.5199,0.2882,0.9452,0.915
2017-04-03,Rafah_Gaza,CHL,my,,0.8315,0.3843,0.9981,0.715
2017-04-04,Rafah_Gaza,CHL,my,1.196,0.9915,0.5618,1.196,0.875
2017-04-05,Rafah_Gaza,CHL,my,0.7767,0.7854,0.4861,0.8778,0.825
2017-04-07,Rafah_Gaza,CHL,my,0.9968,0.8591,0.4357,1.056,0.915
2017-04-14,Rafah_Gaza,CHL,my,,0.6216,0.4361,0.9681,0.73
2017-04-15,Rafah_Gaza,CHL,my,1.316,1.093,0.6103,1.485,0.875
2017-04-16,Rafah_Gaza,CHL,my,1.262,1.244,0.6479,1.388,1
2017-04-17,Rafah_Gaza,CHL,my,1.012,1.014,0.5847,1.329,1
2017-04-18,Rafah_Gaza,CHL,my,1.118,1.047,0.5753,1.413,0.95
2017-04-20,Rafah_Gaza,CHL,my,1.152,1.152,0.5453,1.779,0.95
2017-04-25,Rafah_Gaza,CHL,my,1.245,1.217,0.7179,1.245,0.795
2017-04-28,Rafah_Gaza,CHL,my,1.053,1.042,0.6833,1.098,0.95
2017-04-29,Rafah_Gaza,CHL,my,1.118,0.9502,0.5376,1.19,0.875
2017-05-02,Rafah_Gaza,CHL,my,0.9676,0.6827,0.4735,1.887,0.915
2017-05-03,Rafah_Gaza,CHL,my,0.7091,0.6036,0.3664,0.9335,0.915
2017-05-06,Rafah_Gaza,CHL,my,0.2551,0.2914,0.1975,0.3325,0.95
2017-05-07,Rafah_Gaza,CHL,my,,0.2731,0.1917,0.284,0.705
2017-05-08,Rafah_Gaza,CHL,my,0.3938,0.2935,0.1497,0.3938,0.825
2017-05-10,Rafah_Gaza,CHL,my,0.3265,0.2993,0.1819,0.6149,0.95
2017-05-13,Rafah_Gaza,CHL,my,0.3767,0.3768,0.2236,0.821,1
2017-05-15,Rafah_Gaza,CHL,my,,0.2893,0.1697,0.3306,0.795
2017-05-16,Rafah_Gaza,CHL,my,,0.5967,0.2277,0.6321,0.74
2017-05-17,Rafah_Gaza,CHL,my,0.5791,0.597,0.3107,0.7858,0.95
2017-05-18,Rafah_Gaza,CHL,my,,0.4764,0.333,0.7185,0.705
2017-05-19,Rafah_Gaza,CHL,my,0.6127,0.4849,0.364,1.592,0.95
2017-05-21,Rafah_Gaza,CHL,my,1.215,1.156,0.7201,1.215,0.965
2017-05-22,Rafah_Gaza,CHL,my,,1.385,0.7747,1.674,0.56
2017-05-24,Rafah_Gaza,CHL,my,1.482,1.482,0.9786,1.755,0.915
2017-05-25,Rafah_Gaza,CHL,my,1.454,1.417,0.8414,1.464,1
2017-05-26,Rafah_Gaza,CHL,my,1.353,1.247,0.7691,1.452,0.915
2017-05-29,Rafah_Gaza,CHL,my,1.255,1.255,0.854,2.307,0.96
2017-05-30,Rafah_Gaza,CHL,my,1.107,0.7294,0.4912,1.568,0.875
2017-05-31,Rafah_Gaza,CHL,my,1.211,0.7279,0.5041,1.211,0.825
2017-06-01,Rafah_Gaza,CHL,my,1.071,0.7389,0.4722,1.071,0.56
2017-06-02,Rafah_Gaza,CHL,my,0.6634,0.6634,0.4024,1.216,1
2017-06-03,Rafah_Gaza,CHL,my,0.5883,0.3511,0.282,0.6269,0.595
2017-06-04,Rafah_Gaza,CHL,my,0.5611,0.3934,0.2818,0.8012,0.915
2017-06-06,Rafah_Gaza,CHL,my,1.023,0.5171,0.3203,1.078,0.95
2017-06-07,Rafah_Gaza,CHL,my,0.8215,0.3085,0.2629,0.9078,0.875
2017-06-08,Rafah_Gaza,CHL,my,,0.3596,0.2673,0.5212,0.65
2017-06-09,Rafah_Gaza,CHL,my,0.343,0.343,0.3537,1.618,1
2017-06-10,Rafah_Gaza,CHL,my,0.2044,0.148,0.1754,1,0.95
2017-06-11,Rafah_Gaza,CHL,my,0.2713,0.2151,0.159,0.2944,0.875
2017-06-12,Rafah_Gaza,CHL,my,0.8551,0.3697,0.2646,0.8551,0.875
2017-06-13,Rafah_Gaza,CHL,my,0.6552,0.6116,0.2802,1.269,0.95
2017-06-14,Rafah_Gaza,CHL,my,0.8691,0.413,0.2588,0.8691,0.825
2017-06-15,Rafah_Gaza,CHL,my,0.5447,0.292,0.2449,1.034,0.915
2017-06-16,Rafah_Gaza,CHL,my,0.4527,0.2108,0.1492,0.4527,0.825
2017-06-17,Rafah_Gaza,CHL,my,0.2743,0.2743,0.2389,1.285,1
2017-06-18,Rafah_Gaza,CHL,my,0.4845,0.257,0.2335,0.731,0.915
2017-06-19,Rafah_Gaza,CHL,my,,0.1725,0.1565,0.506,0.555
2017-06-20,Rafah_Gaza,CHL,my,0.5511,0.386,0.2481,0.5723,0.875
2017-06-23,Rafah_Gaza,CHL,my,1.19,1.175,0.5986,1.607,0.95
2017-06-24,Rafah_Gaza,CHL,my,,0.6128,0.2781,0.887,0.71
2017-06-25,Rafah_Gaza,CHL,my,0.4615,0.4615,0.469,2.807,1
2017-06-26,Rafah_Gaza,CHL,my,0.345,0.2545,0.1969,0.4753,0.915
2017-06-27,Rafah_Gaza,CHL,my,0.4755,0.3711,0.2666,0.5461,0.915
2017-06-28,Rafah_Gaza,CHL,my,0.9132,0.4657,0.258,0.9132,0.735
2017-06-29,Rafah_Gaza,CHL,my,0.6028,0.4312,0.2762,0.8782,0.95
2017-06-30,Rafah_Gaza,CHL,my,0.4963,0.4556,0.249,0.5111,0.825
2017-07-02,Rafah_Gaza,CHL,my,0.6829,0.5751,0.3295,0.7202,0.875
2017-07-03,Rafah_Gaza,CHL,my,0.6024,0.4438,0.2673,0.7509,0.95
2017-07-04,Rafah_Gaza,CHL,my,0.6337,0.4741,0.2705,0.6487,0.875
2017-07-06,Rafah_Gaza,CHL,my,1.167,1.229,0.7229,1.741,0.95
2017-07-07,Rafah_Gaza,CHL,my,1.448,,,,0.475
2017-07-09,Rafah_Gaza,CHL,my,1.477,0.9919,0.5095,1.477,0.825
2017-07-10,Rafah_Gaza,CHL,my,0.9729,0.7842,0.44,1.168,1
2017-07-14,Rafah_Gaza,CHL,my,1.199,1.164,0.5512,1.443,0.95
2017-07-15,Rafah_Gaza,CHL,my,1.215,1.072,0.7481,1.22,0.835
2017-07-16,Rafah_Gaza,CHL,my,0.6896,0.351,0.2011,0.6896,0.825
2017-07-18,Rafah_Gaza,CHL,my,0.3615,0.2366,0.1818,0.6573,0.95
2017-07-29,Rafah_Gaza,CHL,my,0.9622,0.9302,0.4533,0.9746,0.915
2017-07-30,Rafah_Gaza,CHL,my,1.311,1.252,0.5364,1.33,0.95
2017-08-02,Rafah_Gaza,CHL,my,0.7061,0.6322,0.3259,0.8763,0.915
2017-08-03,Rafah_Gaza,CHL,my,1.026,1.148,0.5763,1.219,0.95
2017-08-04,Rafah_Gaza,CHL,my,1.04,1.046,0.4699,1.203,0.915
2017-08-05,Rafah_Gaza,CHL,my,1.09,1.064,0.508,1.123,0.915
2017-08-06,Rafah_Gaza,CHL,my,0.9756,0.9665,0.4029,1.149,0.95
2017-08-07,Rafah_Gaza,CHL,my,1.096,0.4834,0.3097,1.096,0.915
2017-08-10,Rafah_Gaza,CHL,my,0.7257,0.5486,0.2312,0.7257,0.825
2017-08-11,Rafah_Gaza,CHL,my,,0.161,0.1511,0.5511,0.635
2017-08-12,Rafah_Gaza,CHL,my,0.923,0.7381,0.3801,1.028,0.875
2017-08-13,Rafah_Gaza,CHL,my,1.007,0.9508,0.5151,1.016,0.915
2017-08-14,Rafah_Gaza,CHL,my,0.874,0.9153,0.5442,1.258,1
2017-08-15,Rafah_Gaza,CHL,my,,1.003,0.4602,1.061,0.66
2017-08-18,Rafah_Gaza,CHL,my,1.528,1.532,0.8509,1.6,0.95
2017-08-19,Rafah_Gaza,CHL,my,,0.3146,0.2351,0.3405,0.565
2017-08-21,Rafah_Gaza,CHL,my,1.103,0.8456,0.3871,1.154,0.875
2017-08-22,Rafah_Gaza,CHL,my,0.8813,0.8787,0.4486,1.676,0.76
2017-08-23,Rafah_Gaza,CHL,my,1.196,1.01,0.3959,1.243,0.915
2017-08-25,Rafah_Gaza,CHL,my,1.294,1.206,0.5842,1.831,0.95
2017-08-26,Rafah_Gaza,CHL,my,,1.343,0.6584,1.526,0.795
2017-08-28,Rafah_Gaza,CHL,my,1.178,1.083,0.7591,1.213,0.915
2017-08-29,Rafah_Gaza,CHL,my,1.212,1.152,0.708,1.518,1
2017-08-30,Rafah_Gaza,CHL,my,0.9985,0.9783,0.4888,1.076,0.915
2017-08-31,Rafah_Gaza,CHL,my,1.091,1.002,0.5305,1.204,0.8
2017-09-02,Rafah_Gaza,CHL,my,1.19,1.055,0.5065,1.19,0.91
2017-09-03,Rafah_Gaza,CHL,my,1.104,0.8698,0.3703,1.104,0.65
2017-09-04,Rafah_Gaza,CHL,my,,1.022,0.4801,1.407,0.795
2017-09-06,Rafah_Gaza,CHL,my,0.9928,0.9507,0.6208,1.667,0.95
2017-09-07,Rafah_Gaza,CHL,my,1.454,1.516,0.8029,1.62,0.715
2017-09-08,Rafah_Gaza,CHL,my,1.47,1.463,1.073,1.525,0.875
2017-09-09,Rafah_Gaza,CHL,my,1.443,1.366,0.824,1.497,0.915
2017-09-10,Rafah_Gaza,CHL,my,1.453,1.419,0.8098,1.472,0.95
2017-09-11,Rafah_Gaza,CHL,my,,1.221,0.5234,1.429,0.64
2017-09-12,Rafah_Gaza,CHL,my,,0.9574,0.3861,1.101,0.74
2017-09-13,Rafah_Gaza,CHL,my,,0.3365,0.1796,0.6163,0.565
2017-09-18,Rafah_Gaza,CHL,my,1.05,1.079,0.4487,1.124,0.915
2017-09-19,Rafah_Gaza,CHL,my,,0.7784,0.4027,1.053,0.74
2017-09-20,Rafah_Gaza,CHL,my,0.7618,0.5152,0.3632,0.7984,0.915
2017-09-21,Rafah_Gaza,CHL,my,0.7731,0.6822,0.5213,1.013,0.79
2017-09-24,Rafah_Gaza,CHL,my,,1.459,0.9545,1.851,0.77
2017-09-25,Rafah_Gaza,CHL,my,1.48,1.546,0.9034,3.145,1
2017-09-28,Rafah_Gaza,CHL,my,1.29,1.27,0.9787,1.466,0.71
2017-09-29,Rafah_Gaza,CHL,my,1.11,,,,0.39
2017-09-30,Rafah_Gaza,CHL,my,1.231,1.155,0.7896,1.508,1
2017-10-01,Rafah_Gaza,CHL,my,2.685,1.482,0.9311,2.685,0.875
2017-10-03,Rafah_Gaza,CHL,my,1.281,1.032,0.6095,1.281,0.85
2017-10-04,Rafah_Gaza,CHL,my,1.362,,,,0.2
2017-10-05,Rafah_Gaza,CHL,my,1.226,1.277,0.7682,1.495,0.915
2017-10-06,Rafah_Gaza,CHL,my,,1.37,0.6176,1.464,0.74
2017-10-07,Rafah_Gaza,CHL,my,1.621,1.485,0.9047,1.645,0.915
2017-10-09,Rafah_Gaza,CHL,my,1.132,1.085,0.6129,1.181,0.745
2017-10-11,Rafah_Gaza,CHL,my,1.315,1.244,0.9227,1.421,0.91
2017-10-12,Rafah_Gaza,CHL,my,1.226,1.036,0.6288,1.226,0.915
2017-10-13,Rafah_Gaza,CHL,my,0.877,0.7812,0.488,0.877,0.875
2017-10-14,Rafah_Gaza,CHL,my,0.7937,0.7421,0.5377,1.237,0.95
2017-10-15,Rafah_Gaza,CHL,my,0.7874,0.7461,0.4312,0.903,1
2017-10-17,Rafah_Gaza,CHL,my,,1.012,0.5973,1.016,0.74
2017-10-18,Rafah_Gaza,CHL,my,1.144,1.144,0.9079,2.222,0.95
2017-10-21,Rafah_Gaza,CHL,my,0.6843,,,,0.21
2017-10-22,Rafah_Gaza,CHL,my,0.6858,0.8047,0.5116,1.116,0.915
2017-10-23,Rafah_Gaza,CHL,my,0.6801,0.9222,0.6255,1.32,1
2017-10-24,Rafah_Gaza,CHL,my,0.8818,1.058,0.6311,1.143,0.915
2017-10-25,Rafah_Gaza,CHL,my,1.123,1.081,0.6437,1.19,0.595
2017-10-26,Rafah_Gaza,CHL,my,1.264,1.009,0.6075,1.264,0.95
2017-10-27,Rafah_Gaza,CHL,my,1.087,0.9855,0.6161,1.163,0.915
2017-10-28,Rafah_Gaza,CHL,my,0.9177,0.9616,0.5988,1.017,0.915
2017-10-29,Rafah_Gaza,CHL,my,,1.077,0.5799,1.212,0.795
2017-10-30,Rafah_Gaza,CHL,my,1.322,1.338,0.7701,1.605,0.95
2017-10-31,Rafah_Gaza,CHL,my,1.37,1.279,0.9116,1.378,0.915
2017-11-01,Rafah_Gaza,CHL,my,1.203,1.013,0.5714,1.203,0.915
2017-11-02,Rafah_Gaza,CHL,my,0.7707,0.654,0.3628,0.8852,0.785
2017-11-03,Rafah_Gaza,CHL,my,1.112,1.034,0.5602,1.114,1
2017-11-04,Rafah_Gaza,CHL,my,0.883,,,,0.175
2017-11-05,Rafah_Gaza,CHL,my,0.7317,0.8838,0.5322,1.465,0.875
2017-11-06,Rafah_Gaza,CHL,my,0.8391,0.8391,0.4958,0.9016,1
2017-11-07,Rafah_Gaza,CHL,my,,0.2238,0.227,0.8156,0.765
2017-11-09,Rafah_Gaza,CHL,my,0.8891,0.8891,0.5127,0.9652,0.915
2017-11-10,Rafah_Gaza,CHL,my,0.9294,1.112,0.5585,1.289,0.95
2017-11-11,Rafah_Gaza,CHL,my,0.7189,0.3978,0.3507,1.399,0.915
2017-11-17,Rafah_Gaza,CHL,my,0.9144,0.8756,0.4838,0.9917,0.915
2017-11-23,Rafah_Gaza,CHL,my,1.998,1.862,1.374,1.998,0.85
2017-11-24,Rafah_Gaza,CHL,my,1.212,1.212,0.9984,1.432,0.915
2017-11-26,Rafah_Gaza,CHL,my,0.8793,0.7636,0.5923,1.219,0.95
2017-11-27,Rafah_Gaza,CHL,my,0.587,0.5193,0.4204,0.594,0.915
2017-11-28,Rafah_Gaza,CHL,my,0.4796,0.4576,0.2855,0.5047,0.915
2017-11-29,Rafah_Gaza,CHL,my,0.7334,0.5652,0.3392,0.8314,0.95
2017-11-30,Rafah_Gaza,CHL,my,0.2822,0.2319,0.2135,0.6487,0.92
2017-12-02,Rafah_Gaza,CHL,my,0.5439,0.5399,0.3134,0.643,0.875
2017-12-03,Rafah_Gaza,CHL,my,0.6897,0.6897,0.4275,1.03,0.95
2017-12-04,Rafah_Gaza,CHL,my,0.7321,0.6481,0.3763,0.7321,0.95
2017-12-08,Rafah_Gaza,CHL,my,1.839,1.783,0.982,1.925,0.95
2017-12-09,Rafah_Gaza,CHL,my,0.8444,0.7053,0.491,1.355,0.915
2017-12-12,Rafah_Gaza,CHL,my,1.095,0.9331,0.5088,1.095,0.915
2017-12-14,Rafah_Gaza,CHL,my,0.8505,0.7415,0.3844,0.8505,0.825
2017-12-16,Rafah_Gaza,CHL,my,1.041,0.6028,0.4349,1.104,0.875
2017-12-17,Rafah_Gaza,CHL,my,0.6105,0.3622,0.2995,0.7445,0.675
2017-12-26,Rafah_Gaza,CHL,my,1.717,1.657,0.9673,1.771,1
2017-12-30,Rafah_Gaza,CHL,my,0.3981,0.3598,0.2786,0.4378,0.915
2017-12-31,Rafah_Gaza,CHL,my,0.8772,0.8772,0.6277,0.9646,0.79
2017-01-01,Rosetta_mouth,CHL,my,4.201,4.301,2.786,4.541,0.6851
2017-01-02,Rosetta_mouth,CHL,my,6.279,5.616,3.195,7.219,1
2017-01-03,Rosetta_mouth,CHL,my,4.66,3.433,1.966,4.744,0.6243
2017-01-06,Rosetta_mouth,CHL,my,2.455,2.061,1.606,2.455,0.9337
2017-01-07,Rosetta_mouth,CHL,my,,6.198,4.789,6.422,0.8122
2017-01-10,Rosetta_mouth,CHL,my,,5.961,3.74,8.191,0.8729
2017-01-11,Rosetta_mouth,CHL,my,2.138,1.483,1.169,3.552,1
2017-01-12,Rosetta_mouth,CHL,my,3.509,2.304,1.721,4.17,0.8066
2017-01-13,Rosetta_mouth,CHL,my,2.626,2.402,1.246,2.706,1
2017-01-15,Rosetta_mouth,CHL,my,2.232,2.106,1.859,2.238,1
2017-01-16,Rosetta_mouth,CHL,my,1.242,1.243,0.847,1.549,0.8122
2017-01-17,Rosetta_mouth,CHL,my,1.94,1.923,1.541,1.94,0.5635
2017-01-18,Rosetta_mouth,CHL,my,1.52,1.487,0.9395,1.584,0.8066
2017-01-23,Rosetta_mouth,CHL,my,1.912,1.505,0.9229,2.091,1
2017-02-01,Rosetta_mouth,CHL,my,5.135,3.855,2.08,6.13,1
2017-02-02,Rosetta_mouth,CHL,my,3.847,3.349,2.271,4.704,0.7459
2017-02-03,Rosetta_mouth,CHL,my,2.172,2.108,1.787,3.097,1
2017-02-05,Rosetta_mouth,CHL,my,1.742,1.549,1.378,2.006,1
2017-02-06,Rosetta_mouth,CHL,my,1.867,1.647,0.893,3.249,1
2017-02-07,Rosetta_mouth,CHL,my,2.24,1.415,1.282,3.217,1
2017-02-08,Rosetta_mouth,CHL,my,2.238,,,,0.3757
2017-02-10,Rosetta_mouth,CHL,my,1.694,1.672,1.283,1.736,1
2017-02-11,Rosetta_mouth,CHL,my,2.341,1.472,1.226,2.341,0.9337
2017-02-12,Rosetta_mouth,CHL,my,1.422,1.075,0.6997,1.679,0.8729
2017-02-19,Rosetta_mouth,CHL,my,2.809,1.883,1.495,2.884,1
2017-02-20,Rosetta_mouth,CHL,my,1.688,1.41,1.199,1.688,0.6243
2017-02-21,Rosetta_mouth,CHL,my,2.689,2.073,1.476,3.887,1
2017-02-23,Rosetta_mouth,CHL,my,1.505,1.328,0.9764,1.693,1
2017-02-24,Rosetta_mouth,CHL,my,2.295,1.594,1.044,2.452,1
2017-02-25,Rosetta_mouth,CHL,my,1.474,1.321,0.7747,1.474,1
2017-02-26,Rosetta_mouth,CHL,my,1.54,1.276,0.7302,1.637,1
2017-03-02,Rosetta_mouth,CHL,my,1.981,0.9841,0.6502,1.995,0.6906
2017-03-04,Rosetta_mouth,CHL,my,1.903,1.735,1.2,1.984,1
2017-03-05,Rosetta_mouth,CHL,my,1.955,1.843,1.319,2.264,1
2017-03-07,Rosetta_mouth,CHL,my,2.357,2.096,1.094,2.522,1
2017-03-11,Rosetta_mouth,CHL,my,,3.539,2.595,7.018,0.5635
2017-03-16,Rosetta_mouth,CHL,my,1.927,1.568,1.278,3.161,1
2017-03-19,Rosetta_mouth,CHL,my,,1.93,1.587,2.93,0.8122
2017-03-20,Rosetta_mouth,CHL,my,,1.625,1.565,3.074,0.7514
2017-03-24,Rosetta_mouth,CHL,my,1.675,1.574,1.138,1.675,0.8785
2017-03-26,Rosetta_mouth,CHL,my,1.486,1.325,0.803,1.935,1
2017-03-27,Rosetta_mouth,CHL,my,1.655,1.226,0.748,1.696,1
2017-03-28,Rosetta_mouth,CHL,my,1.691,1.515,0.7923,1.962,1
2017-03-30,Rosetta_mouth,CHL,my,2.075,1.954,0.992,2.304,1
2017-03-31,Rosetta_mouth,CHL,my,1.741,1.66,1.001,2.102,1
2017-04-01,Rosetta_mouth,CHL,my,1.702,1.504,0.9746,1.811,1
2017-04-03,Rosetta_mouth,CHL,my,2.259,1.579,1.068,2.912,1
2017-04-04,Rosetta_mouth,CHL,my,2.052,1.743,1.133,2.717,1
2017-04-05,Rosetta_mouth,CHL,my,1.639,1.583,1.141,1.81,1
2017-04-06,Rosetta_mouth,CHL,my,1.58,1.58,1.191,1.933,0.5083
2017-04-16,Rosetta_mouth,CHL,my,6.532,2.723,2.152,9.726,1
2017-04-17,Rosetta_mouth,CHL,my,2.757,2.778,1.697,2.949,0.8122
2017-04-18,Rosetta_mouth,CHL,my,2.979,2.787,1.674,3.132,1
2017-04-19,Rosetta_mouth,CHL,my,2.187,1.955,1.246,2.411,1
2017-04-25,Rosetta_mouth,CHL,my,4.25,3.765,2.11,4.819,1
2017-04-26,Rosetta_mouth,CHL,my,2.345,2.188,1.465,2.476,0.9392
2017-04-27,Rosetta_mouth,CHL,my,2.102,1.863,1.342,2.388,1
2017-04-28,Rosetta_mouth,CHL,my,2.101,1.849,1.487,2.446,1
2017-04-29,Rosetta_mouth,CHL,my,1.806,1.717,1.287,1.86,1
2017-05-03,Rosetta_mouth,CHL,my,1.869,1.459,0.8473,1.954,1
2017-05-04,Rosetta_mouth,CHL,my,1.937,1.335,0.7297,1.937,0.9337
2017-05-05,Rosetta_mouth,CHL,my,1.79,1.589,0.6844,1.837,0.8729
2017-05-06,Rosetta_mouth,CHL,my,1.666,1.544,0.8343,2.15,1
2017-05-07,Rosetta_mouth,CHL,my,1.67,1.67,1.019,2.251,1
2017-05-09,Rosetta_mouth,CHL,my,,1.583,1.286,4.053,0.8729
2017-05-11,Rosetta_mouth,CHL,my,1.826,1.671,1.177,1.826,1
2017-05-12,Rosetta_mouth,CHL,my,1.979,1.665,1.105,1.979,0.8785
2017-05-15,Rosetta_mouth,CHL,my,1.517,1.279,0.7,1.583,1
2017-05-16,Rosetta_mouth,CHL,my,1.553,1.119,0.6143,1.553,0.8066
2017-05-17,Rosetta_mouth,CHL,my,,1.146,0.4379,1.375,0.5635
2017-05-21,Rosetta_mouth,CHL,my,5.326,4.698,2.517,5.833,0.9392
2017-05-24,Rosetta_mouth,CHL,my,2.072,2.049,1.526,2.072,1
2017-05-27,Rosetta_mouth,CHL,my,1.739,1.739,1.385,1.8,1
2017-05-28,Rosetta_mouth,CHL,my,1.794,1.607,1.184,1.824,0.9392
2017-05-29,Rosetta_mouth,CHL,my,1.705,1.545,1.024,1.858,1
2017-05-30,Rosetta_mouth,CHL,my,1.481,1.345,0.8583,1.647,0.9337
2017-05-31,Rosetta_mouth,CHL,my,1.634,1.377,0.8655,1.743,1
2017-06-01,Rosetta_mouth,CHL,my,1.545,1.435,0.8377,1.556,1
2017-06-02,Rosetta_mouth,CHL,my,1.739,1.627,0.8688,1.879,1
2017-06-03,Rosetta_mouth,CHL,my,1.683,1.591,1.001,1.686,0.6851
2017-06-05,Rosetta_mouth,CHL,my,3.296,1.72,0.9707,3.296,1
2017-06-06,Rosetta_mouth,CHL,my,,1.268,0.623,1.44,0.8122
2017-06-12,Rosetta_mouth,CHL,my,2.072,1.642,0.8003,2.336,1
2017-06-13,Rosetta_mouth,CHL,my,3.335,1.886,1.12,3.615,1
2017-06-15,Rosetta_mouth,CHL,my,1.568,1.568,0.7826,1.734,1
2017-06-16,Rosetta_mouth,CHL,my,1.432,1.432,0.7636,2.212,1
2017-06-17,Rosetta_mouth,CHL,my,1.945,1.607,0.8904,2.112,1
2017-06-18,Rosetta_mouth,CHL,my,,1.1,0.5118,1.564,0.7514
2017-06-20,Rosetta_mouth,CHL,my,1.447,1.496,0.8368,2.007,1
2017-06-22,Rosetta_mouth,CHL,my,2.109,2.087,1.327,3.043,1
2017-06-23,Rosetta_mouth,CHL,my,1.897,1.795,1.068,2.039,1
2017-06-24,Rosetta_mouth,CHL,my,1.522,1.522,0.9096,1.649,1
2017-06-25,Rosetta_mouth,CHL,my,1.728,1.604,0.9341,1.873,1
2017-06-27,Rosetta_mouth,CHL,my,1.875,1.633,0.9397,1.875,0.8122
2017-06-28,Rosetta_mouth,CHL,my,1.623,1.561,0.8279,1.79,1
2017-06-29,Rosetta_mouth,CHL,my,1.578,1.812,1.096,1.872,0.8122
2017-06-30,Rosetta_mouth,CHL,my,2.214,1.854,1.299,2.447,1
2017-07-01,Rosetta_mouth,CHL,my,1.674,1.631,0.936,1.733,1
2017-07-02,Rosetta_mouth,CHL,my,2.038,1.319,0.7814,2.865,1
2017-07-03,Rosetta_mouth,CHL,my,2.39,1.682,0.8016,2.39,0.7514
2017-07-05,Rosetta_mouth,CHL,my,2.275,2.223,1.418,2.312,0.7569
2017-07-08,Rosetta_mouth,CHL,my,1.88,1.998,1.617,2.111,1
2017-07-09,Rosetta_mouth,CHL,my,2.025,1.871,1.395,2.122,1
2017-07-10,Rosetta_mouth,CHL,my,3.087,1.75,1.437,3.572,1
2017-07-13,Rosetta_mouth,CHL,my,,1.5,0.7924,2.039,0.9392
2017-07-14,Rosetta_mouth,CHL,my,1.91,1.56,1.023,3.018,1
2017-07-15,Rosetta_mouth,CHL,my,2.119,1.556,0.7414,2.119,0.9337
2017-07-16,Rosetta_mouth,CHL,my,1.7,1.417,0.7095,1.766,1
2017-07-17,Rosetta_mouth,CHL,my,1.889,1.503,0.6893,1.926,1
2017-07-18,Rosetta_mouth,CHL,my,2.276,2.012,1.024,2.276,1
2017-07-19,Rosetta_mouth,CHL,my,1.756,1.612,0.8186,1.795,1
2017-07-24,Rosetta_mouth,CHL,my,2.024,1.828,1.293,2.199,1
2017-07-25,Rosetta_mouth,CHL,my,2.008,1.865,1.129,2.046,1
2017-07-26,Rosetta_mouth,CHL,my,2.036,1.691,1.093,2.139,0.9392
2017-07-29,Rosetta_mouth,CHL,my,,1.183,0.7347,1.646,0.6243
2017-07-30,Rosetta_mouth,CHL,my,,0.7769,0.6576,1.493,0.6243
2017-07-31,Rosetta_mouth,CHL,my,1.576,1.589,1.049,1.877,0.9392
2017-08-01,Rosetta_mouth,CHL,my,1.72,1.462,0.8249,1.72,1
2017-08-02,Rosetta_mouth,CHL,my,1.788,1.677,0.7918,1.842,1
2017-08-03,Rosetta_mouth,CHL,my,1.612,1.482,0.9926,1.617,0.8177
2017-08-04,Rosetta_mouth,CHL,my,1.684,,,,0.3757
2017-08-09,Rosetta_mouth,CHL,my,1.909,1.136,0.724,2.197,0.9282
2017-08-17,Rosetta_mouth,CHL,my,,1.607,1.401,1.92,0.6851
2017-08-18,Rosetta_mouth,CHL,my,2.777,2.381,1.841,2.856,1
2017-08-19,Rosetta_mouth,CHL,my,3.705,1.789,1.602,3.705,1
2017-08-20,Rosetta_mouth,CHL,my,2.317,2.153,1.183,2.317,0.6243
2017-08-21,Rosetta_mouth,CHL,my,,0.7817,0.5252,0.8598,0.5635
2017-08-22,Rosetta_mouth,CHL,my,1.843,1.397,1.017,2.307,1
2017-08-23,Rosetta_mouth,CHL,my,1.503,1.46,0.962,1.775,1
2017-08-24,Rosetta_mouth,CHL,my,1.876,1.654,1.078,1.921,1
2017-08-25,Rosetta_mouth,CHL,my,2.95,1.956,1.489,2.95,1
2017-08-26,Rosetta_mouth,CHL,my,1.605,1.486,1.023,1.783,1
2017-08-27,Rosetta_mouth,CHL,my,1.938,1.819,1.184,2.051,1
2017-08-28,Rosetta_mouth,CHL,my,2.128,2.057,1.647,2.255,0.6851
2017-08-29,Rosetta_mouth,CHL,my,3.268,,,,0.3812
2017-08-30,Rosetta_mouth,CHL,my,2.266,1.876,1.271,2.452,0.8729
2017-09-02,Rosetta_mouth,CHL,my,2.23,2.084,1.328,2.429,1
2017-09-03,Rosetta_mouth,CHL,my,2.035,1.721,1.243,2.035,0.9337
2017-09-04,Rosetta_mouth,CHL,my,1.917,1.792,1.382,1.959,1
2017-09-05,Rosetta_mouth,CHL,my,,1.718,1.183,2.157,0.8785
2017-09-06,Rosetta_mouth,CHL,my,,1.819,1.391,2.237,0.6851
2017-09-09,Rosetta_mouth,CHL,my,2.199,2.084,1.525,2.226,1
2017-09-10,Rosetta_mouth,CHL,my,2.182,1.679,1.393,2.797,1
2017-09-11,Rosetta_mouth,CHL,my,1.948,1.834,1.389,2.781,1
2017-09-12,Rosetta_mouth,CHL,my,1.584,1.584,1.121,1.665,1
2017-09-16,Rosetta_mouth,CHL,my,3.902,3.443,2.068,4.259,1
2017-09-20,Rosetta_mouth,CHL,my,2.612,2.612,1.785,6.058,0.5635
2017-09-21,Rosetta_mouth,CHL,my,2.706,2.489,1.715,3.117,1
2017-09-23,Rosetta_mouth,CHL,my,,3.581,2.133,4.013,0.8066
2017-09-28,Rosetta_mouth,CHL,my,1.715,1.715,1.319,1.751,0.9945
2017-09-29,Rosetta_mouth,CHL,my,2.108,2.075,1.619,2.137,0.8122
2017-10-08,Rosetta_mouth,CHL,my,2.661,2.432,1.778,2.859,1
2017-10-14,Rosetta_mouth,CHL,my,3.137,2.176,1.781,3.137,1
2017-10-16,Rosetta_mouth,CHL,my,2.289,2.18,1.44,2.329,0.8729
2017-10-17,Rosetta_mouth,CHL,my,2.953,2.048,1.765,2.953,0.9392
2017-10-18,Rosetta_mouth,CHL,my,2.332,,,,0.4365
2017-10-19,Rosetta_mouth,CHL,my,2.023,1.628,1.405,2.164,1
2017-10-20,Rosetta_mouth,CHL,my,1.62,1.417,1.012,1.62,0.8066
2017-10-21,Rosetta_mouth,CHL,my,1.397,,,,0.3757
2017-10-22,Rosetta_mouth,CHL,my,1.487,1.428,0.8414,1.563,1
2017-10-24,Rosetta_mouth,CHL,my,2.162,1.645,1.359,2.82,1
2017-10-25,Rosetta_mouth,CHL,my,2.683,2.043,1.668,3.483,1
2017-10-26,Rosetta_mouth,CHL,my,4.006,4.022,2.896,5.152,1
2017-10-29,Rosetta_mouth,CHL,my,5.141,6.308,3.968,8.748,1
2017-10-30,Rosetta_mouth,CHL,my,5.656,5.656,4.149,9.308,1
2017-10-31,Rosetta_mouth,CHL,my,4.413,4.413,3.265,4.664,0.558
2017-11-07,Rosetta_mouth,CHL,my,4.532,4.407,2.476,4.579,0.9337
2017-11-09,Rosetta_mouth,CHL,my,2.063,1.914,1.134,2.108,1
2017-11-11,Rosetta_mouth,CHL,my,1.843,1.843,1.443,1.884,0.558
2017-11-14,Rosetta_mouth,CHL,my,2.183,2.292,1.484,2.659,1
2017-11-15,Rosetta_mouth,CHL,my,2.11,2.308,1.367,2.818,0.8729
2017-11-16,Rosetta_mouth,CHL,my,1.563,,,,0.2541
2017-11-20,Rosetta_mouth,CHL,my,5.538,,,,0.2541
2017-11-27,Rosetta_mouth,CHL,my,1.433,1.533,1.411,1.696,1
2017-11-28,Rosetta_mouth,CHL,my,3.512,2.696,1.735,4.83,1
2017-11-29,Rosetta_mouth,CHL,my,3.945,,,,0.3757
2017-12-01,Rosetta_mouth,CHL,my,4.236,,,,0.4972
2017-12-02,Rosetta_mouth,CHL,my,2.535,2.427,1.771,2.56,1
2017-12-03,Rosetta_mouth,CHL,my,2.302,2.308,1.511,2.659,1
2017-12-04,Rosetta_mouth,CHL,my,3.96,,,,0.4972
2017-12-07,Rosetta_mouth,CHL,my,,7.76,6.298,8.83,0.6243
2017-12-13,Rosetta_mouth,CHL,my,6.487,,,,0.4365
2017-12-16,Rosetta_mouth,CHL,my,2.803,2.072,1.782,3.332,1
2017-12-28,Rosetta_mouth,CHL,my,4.617,3.835,2.341,4.617,0.9337
2017-12-29,Rosetta_mouth,CHL,my,,1.519,1.312,1.839,0.7514
2017-12-30,Rosetta_mouth,CHL,my,9.43,8.811,6.104,9.43,1
2017-01-04,Tel_Aviv_IL,CHL,my,0.1684,0.1684,0.1191,0.2279,0.93
2017-01-06,Tel_Aviv_IL,CHL,my,0.1441,0.2071,0.1721,0.2361,0.93
2017-01-07,Tel_Aviv_IL,CHL,my,0.2227,0.2801,0.2413,0.2994,0.93
2017-01-10,Tel_Aviv_IL,CHL,my,0.7198,0.7576,0.4366,0.9798,0.93
2017-01-11,Tel_Aviv_IL,CHL,my,0.2437,0.2124,0.1724,0.3056,0.88
2017-01-12,Tel_Aviv_IL,CHL,my,0.2989,0.3117,0.2376,0.5491,0.93
2017-01-13,Tel_Aviv_IL,CHL,my,0.337,0.3251,0.1976,0.337,0.88
2017-01-15,Tel_Aviv_IL,CHL,my,0.2111,0.1728,0.1575,0.2111,0.715
2017-01-18,Tel_Aviv_IL,CHL,my,0.3551,0.3018,0.2436,0.4353,0.705
2017-01-19,Tel_Aviv_IL,CHL,my,0.2329,,,,0.49
2017-01-20,Tel_Aviv_IL,CHL,my,0.1797,0.1797,0.1328,0.1992,0.93
2017-01-22,Tel_Aviv_IL,CHL,my,0.1525,0.1986,0.17,0.2106,0.93
2017-01-23,Tel_Aviv_IL,CHL,my,0.1895,0.1895,0.162,0.2676,0.93
2017-01-29,Tel_Aviv_IL,CHL,my,1.247,1.314,0.9684,1.324,0.635
2017-01-30,Tel_Aviv_IL,CHL,my,1.254,1.053,0.4427,1.254,0.88
2017-02-02,Tel_Aviv_IL,CHL,my,0.8199,0.9341,0.6295,1.189,1
2017-02-03,Tel_Aviv_IL,CHL,my,0.7558,0.8169,0.4543,0.8899,0.93
2017-02-05,Tel_Aviv_IL,CHL,my,0.7937,0.8435,0.582,1.456,1
2017-02-06,Tel_Aviv_IL,CHL,my,0.368,0.3961,0.2846,0.4676,0.93
2017-02-07,Tel_Aviv_IL,CHL,my,0.5347,0.4866,0.3924,0.5727,0.93
2017-02-08,Tel_Aviv_IL,CHL,my,0.2567,0.2479,0.1919,0.2567,0.73
2017-02-09,Tel_Aviv_IL,CHL,my,0.2126,0.176,0.1458,0.2153,0.73
2017-02-10,Tel_Aviv_IL,CHL,my,0.2945,0.2329,0.1865,0.2945,0.865
2017-02-12,Tel_Aviv_IL,CHL,my,0.2978,0.2497,0.1473,0.2978,0.54
2017-02-13,Tel_Aviv_IL,CHL,my,0.1972,0.1972,0.137,0.2651,0.86
2017-02-17,Tel_Aviv_IL,CHL,my,0.4038,0.2733,0.1812,0.7432,0.93
2017-02-18,Tel_Aviv_IL,CHL,my,0.8686,0.796,0.3704,0.9371,1
2017-02-19,Tel_Aviv_IL,CHL,my,0.7291,0.2801,0.2648,1.28,0.93
2017-02-20,Tel_Aviv_IL,CHL,my,0.2148,0.1027,0.1089,0.3125,0.815
2017-02-21,Tel_Aviv_IL,CHL,my,0.2749,0.2475,0.2566,1.546,1
2017-02-23,Tel_Aviv_IL,CHL,my,0.2601,0.2688,0.2303,0.3761,0.67
2017-02-24,Tel_Aviv_IL,CHL,my,,0.2115,0.1639,0.2405,0.735
2017-02-25,Tel_Aviv_IL,CHL,my,0.1253,0.1657,0.1402,0.1931,0.93
2017-02-26,Tel_Aviv_IL,CHL,my,,0.1806,0.1572,0.1927,0.735
2017-03-04,Tel_Aviv_IL,CHL,my,0.08926,0.0895,0.07528,0.2183,1
2017-03-05,Tel_Aviv_IL,CHL,my,0.1079,0.08841,0.08852,0.3116,1
2017-03-06,Tel_Aviv_IL,CHL,my,0.1811,0.1811,0.1146,0.3245,0.93
2017-03-07,Tel_Aviv_IL,CHL,my,0.1409,0.1284,0.1056,0.2003,0.9
2017-03-08,Tel_Aviv_IL,CHL,my,0.1149,0.1039,0.09006,0.2186,1
2017-03-09,Tel_Aviv_IL,CHL,my,0.1829,0.1097,0.09786,0.2831,0.88
2017-03-13,Tel_Aviv_IL,CHL,my,,0.1413,0.0942,0.2268,0.815
2017-03-14,Tel_Aviv_IL,CHL,my,0.4767,,,,0.31
2017-03-16,Tel_Aviv_IL,CHL,my,0.5314,0.5314,0.3571,0.5909,0.61
2017-03-22,Tel_Aviv_IL,CHL,my,0.4061,,,,0.45
2017-03-24,Tel_Aviv_IL,CHL,my,0.2372,0.2372,0.1525,0.3683,0.87
2017-03-25,Tel_Aviv_IL,CHL,my,0.1351,0.1212,0.09101,0.2363,0.93
2017-03-26,Tel_Aviv_IL,CHL,my,,0.06531,0.05259,0.07943,0.8
2017-03-28,Tel_Aviv_IL,CHL,my,0.06241,0.05392,0.05079,0.0846,0.93
2017-04-01,Tel_Aviv_IL,CHL,my,0.0731,,,,0.405
2017-04-04,Tel_Aviv_IL,CHL,my,0.1581,0.09841,0.06286,0.1581,0.865
2017-04-05,Tel_Aviv_IL,CHL,my,0.1812,0.1017,0.07796,0.1812,0.865
2017-04-06,Tel_Aviv_IL,CHL,my,0.09935,0.06152,0.05677,0.1071,0.88
2017-04-07,Tel_Aviv_IL,CHL,my,0.1014,0.08501,0.06492,0.1014,0.75
2017-04-16,Tel_Aviv_IL,CHL,my,0.1057,0.08811,0.07093,0.1792,0.88
2017-04-17,Tel_Aviv_IL,CHL,my,0.2095,0.1171,0.09494,0.3466,0.93
2017-04-18,Tel_Aviv_IL,CHL,my,0.2225,0.1985,0.1106,0.2749,0.93
2017-04-20,Tel_Aviv_IL,CHL,my,0.1897,0.1552,0.1019,0.2012,0.93
2017-04-25,Tel_Aviv_IL,CHL,my,0.1947,0.07963,0.08316,0.1947,0.8
2017-04-28,Tel_Aviv_IL,CHL,my,0.1003,0.09091,0.08324,0.1687,1
2017-04-29,Tel_Aviv_IL,CHL,my,,0.1236,0.09694,0.1499,0.8
2017-05-02,Tel_Aviv_IL,CHL,my,,0.08882,0.08183,0.1217,0.54
2017-05-03,Tel_Aviv_IL,CHL,my,0.1823,0.1226,0.105,0.1823,0.865
2017-05-06,Tel_Aviv_IL,CHL,my,0.08199,0.08048,0.08604,0.2336,1
2017-05-07,Tel_Aviv_IL,CHL,my,,0.0763,0.06985,0.08043,0.585
2017-05-08,Tel_Aviv_IL,CHL,my,,0.1163,0.1011,0.1343,0.67
2017-05-09,Tel_Aviv_IL,CHL,my,,0.08151,0.07097,0.0843,0.54
2017-05-10,Tel_Aviv_IL,CHL,my,0.1598,0.137,0.1027,0.1598,0.865
2017-05-11,Tel_Aviv_IL,CHL,my,0.1368,0.09502,0.08456,0.1573,0.785
2017-05-12,Tel_Aviv_IL,CHL,my,,0.0911,0.06855,0.09297,0.62
2017-05-13,Tel_Aviv_IL,CHL,my,0.1245,0.08977,0.08156,0.1817,0.93
2017-05-15,Tel_Aviv_IL,CHL,my,,0.07806,0.06682,0.09273,0.8
2017-05-16,Tel_Aviv_IL,CHL,my,,0.06266,0.05706,0.06485,0.605
2017-05-17,Tel_Aviv_IL,CHL,my,0.1144,0.08001,0.07535,0.2541,1
2017-05-19,Tel_Aviv_IL,CHL,my,0.1638,0.1347,0.09441,0.2247,0.93
2017-05-21,Tel_Aviv_IL,CHL,my,0.1081,0.1034,0.08468,0.2463,1
2017-05-22,Tel_Aviv_IL,CHL,my,,0.2412,0.1228,0.3617,0.8
2017-05-24,Tel_Aviv_IL,CHL,my,0.7186,0.5669,0.2924,0.9771,0.88
2017-05-25,Tel_Aviv_IL,CHL,my,0.5729,0.5729,0.3359,0.6195,0.93
2017-05-26,Tel_Aviv_IL,CHL,my,0.6945,0.6815,0.3773,0.7338,0.88
2017-05-27,Tel_Aviv_IL,CHL,my,,0.3643,0.2219,0.3789,0.685
2017-05-29,Tel_Aviv_IL,CHL,my,0.3401,0.3991,0.3283,1.418,1
2017-05-30,Tel_Aviv_IL,CHL,my,0.1617,0.1595,0.1247,0.1958,0.93
2017-05-31,Tel_Aviv_IL,CHL,my,,0.1627,0.1433,0.1931,0.8
2017-06-02,Tel_Aviv_IL,CHL,my,0.2085,0.1739,0.1445,0.2085,0.78
2017-06-03,Tel_Aviv_IL,CHL,my,0.1423,0.137,0.1231,0.1529,0.865
2017-06-04,Tel_Aviv_IL,CHL,my,0.1222,0.1165,0.1024,0.124,0.88
2017-06-06,Tel_Aviv_IL,CHL,my,0.07811,0.08896,0.09127,0.2254,1
2017-06-07,Tel_Aviv_IL,CHL,my,0.1017,0.09576,0.08806,0.1017,0.715
2017-06-08,Tel_Aviv_IL,CHL,my,,0.101,0.09809,0.1095,0.51
2017-06-09,Tel_Aviv_IL,CHL,my,0.1285,0.1185,0.1194,0.31,1
2017-06-10,Tel_Aviv_IL,CHL,my,0.05884,0.05625,0.05029,0.07376,0.93
2017-06-11,Tel_Aviv_IL,CHL,my,0.09371,0.06983,0.06418,0.1811,0.88
2017-06-12,Tel_Aviv_IL,CHL,my,0.089,0.07212,0.0632,0.089,0.865
2017-06-13,Tel_Aviv_IL,CHL,my,0.05398,0.05469,0.05157,0.08723,1
2017-06-14,Tel_Aviv_IL,CHL,my,,0.05278,0.04976,0.05464,0.735
2017-06-15,Tel_Aviv_IL,CHL,my,0.07887,0.07756,0.06417,0.1037,0.93
2017-06-16,Tel_Aviv_IL,CHL,my,0.05605,0.06116,0.05391,0.06398,0.865
2017-06-17,Tel_Aviv_IL,CHL,my,0.045,0.05191,0.04667,0.05638,0.93
2017-06-18,Tel_Aviv_IL,CHL,my,0.06009,0.0575,0.05206,0.06754,0.88
2017-06-19,Tel_Aviv_IL,CHL,my,,0.07376,0.06077,0.08263,0.8
2017-06-23,Tel_Aviv_IL,CHL,my,,0.06249,0.05547,0.1277,0.8
2017-06-24,Tel_Aviv_IL,CHL,my,,0.0769,0.05578,0.08124,0.635
2017-06-25,Tel_Aviv_IL,CHL,my,0.1578,0.1514,0.1015,0.2479,1
2017-06-26,Tel_Aviv_IL,CHL,my,0.1429,0.153,0.1027,0.1853,0.93
2017-06-27,Tel_Aviv_IL,CHL,my,0.2397,0.1896,0.1027,0.2539,0.88
2017-06-28,Tel_Aviv_IL,CHL,my,0.1731,0.103,0.08449,0.1731,0.715
2017-06-29,Tel_Aviv_IL,CHL,my,,0.112,0.08262,0.2729,0.87
2017-07-01,Tel_Aviv_IL,CHL,my,0.2037,0.1376,0.08839,0.231,0.93
2017-07-02,Tel_Aviv_IL,CHL,my,,0.1022,0.06672,0.1844,0.8
2017-07-03,Tel_Aviv_IL,CHL,my,0.1157,0.06709,0.06107,0.1157,0.865
2017-07-04,Tel_Aviv_IL,CHL,my,0.1039,0.1113,0.08519,0.1559,0.88
2017-07-06,Tel_Aviv_IL,CHL,my,0.1022,0.09878,0.08331,0.1349,0.85
2017-07-09,Tel_Aviv_IL,CHL,my,,0.2097,0.148,0.2644,0.8
2017-07-10,Tel_Aviv_IL,CHL,my,0.1427,0.1662,0.151,0.5483,0.95
2017-07-14,Tel_Aviv_IL,CHL,my,0.06962,0.06962,0.09955,0.5852,0.95
2017-07-15,Tel_Aviv_IL,CHL,my,,0.1275,0.07429,0.1625,0.78
2017-07-16,Tel_Aviv_IL,CHL,my,,0.06709,0.05255,0.07973,0.8
2017-07-18,Tel_Aviv_IL,CHL,my,0.09411,0.1135,0.1041,0.4023,0.935
2017-07-29,Tel_Aviv_IL,CHL,my,0.1845,0.1001,0.0705,0.2154,0.88
2017-07-30,Tel_Aviv_IL,CHL,my,0.06211,0.05702,0.05774,0.1911,1
2017-07-31,Tel_Aviv_IL,CHL,my,,0.06054,0.05433,0.06461,0.62
2017-08-01,Tel_Aviv_IL,CHL,my,,0.07516,0.06521,0.08764,0.525
2017-08-02,Tel_Aviv_IL,CHL,my,0.09494,0.05645,0.05597,0.1326,0.93
2017-08-05,Tel_Aviv_IL,CHL,my,0.09021,0.09459,0.07314,0.1091,0.865
2017-08-06,Tel_Aviv_IL,CHL,my,0.06082,0.1041,0.08721,0.3666,1
2017-08-07,Tel_Aviv_IL,CHL,my,0.08833,0.1025,0.07233,0.137,0.88
2017-08-10,Tel_Aviv_IL,CHL,my,,0.09131,0.08109,0.09923,0.8
2017-08-11,Tel_Aviv_IL,CHL,my,,0.08645,0.07069,0.09354,0.595
2017-08-12,Tel_Aviv_IL,CHL,my,0.08797,0.1096,0.081,0.1232,0.865
2017-08-13,Tel_Aviv_IL,CHL,my,0.1445,0.1606,0.09272,0.1732,1
2017-08-14,Tel_Aviv_IL,CHL,my,0.2789,0.2789,0.1868,0.3296,0.59
2017-08-15,Tel_Aviv_IL,CHL,my,0.1619,,,,0.475
2017-08-18,Tel_Aviv_IL,CHL,my,0.1835,0.09176,0.06971,0.2962,0.93
2017-08-19,Tel_Aviv_IL,CHL,my,,0.1215,0.08557,0.1399,0.67
2017-08-21,Tel_Aviv_IL,CHL,my,0.1417,0.1213,0.09377,0.1795,0.77
2017-08-22,Tel_Aviv_IL,CHL,my,0.115,,,,0.3
2017-08-23,Tel_Aviv_IL,CHL,my,0.06126,0.09943,0.08939,0.1071,0.93
2017-08-24,Tel_Aviv_IL,CHL,my,0.09518,0.09187,0.07748,0.1102,0.88
2017-08-26,Tel_Aviv_IL,CHL,my,,0.03641,0.03899,0.08884,0.815
2017-08-27,Tel_Aviv_IL,CHL,my,,0.06605,0.04288,0.07993,0.715
2017-08-28,Tel_Aviv_IL,CHL,my,0.05989,0.05091,0.03552,0.08256,0.88
2017-08-29,Tel_Aviv_IL,CHL,my,0.2465,0.2539,0.1867,1.166,1
2017-08-30,Tel_Aviv_IL,CHL,my,0.06713,0.04816,0.06923,0.3301,1
2017-08-31,Tel_Aviv_IL,CHL,my,0.1718,,,,0.145
2017-09-02,Tel_Aviv_IL,CHL,my,0.232,0.1765,0.1215,0.4214,0.77
2017-09-03,Tel_Aviv_IL,CHL,my,,0.08934,0.08554,0.1967,0.735
2017-09-05,Tel_Aviv_IL,CHL,my,,0.1938,0.1493,0.212,0.8
2017-09-06,Tel_Aviv_IL,CHL,my,0.2214,0.1954,0.1371,0.5835,1
2017-09-07,Tel_Aviv_IL,CHL,my,0.5324,0.4494,0.1895,0.5324,0.865
2017-09-08,Tel_Aviv_IL,CHL,my,0.4934,0.4934,0.2507,1.057,0.93
2017-09-10,Tel_Aviv_IL,CHL,my,0.2681,0.2958,0.2005,0.4122,1
2017-09-11,Tel_Aviv_IL,CHL,my,,0.3308,0.1719,0.3772,0.735
2017-09-12,Tel_Aviv_IL,CHL,my,,0.1691,0.1025,0.1857,0.67
2017-09-13,Tel_Aviv_IL,CHL,my,,0.1985,0.1408,0.2655,0.735
2017-09-15,Tel_Aviv_IL,CHL,my,0.08687,0.07376,0.07281,0.08687,0.865
2017-09-17,Tel_Aviv_IL,CHL,my,0.06709,0.06063,0.05285,0.06709,0.865
2017-09-18,Tel_Aviv_IL,CHL,my,0.05507,0.07173,0.06077,0.08502,0.805
2017-09-19,Tel_Aviv_IL,CHL,my,0.07089,0.09745,0.08738,0.1132,0.655
2017-09-20,Tel_Aviv_IL,CHL,my,0.1223,0.1247,0.09814,0.1584,0.93
2017-09-24,Tel_Aviv_IL,CHL,my,0.4369,0.3282,0.2277,0.4369,0.585
2017-09-26,Tel_Aviv_IL,CHL,my,0.3756,0.3756,0.2396,0.4859,0.88
2017-09-28,Tel_Aviv_IL,CHL,my,0.2041,0.1853,0.1162,0.2041,0.7
2017-09-29,Tel_Aviv_IL,CHL,my,0.1777,0.1777,0.1418,0.2499,0.59
2017-10-01,Tel_Aviv_IL,CHL,my,0.2683,0.2552,0.1529,0.2683,0.93
2017-10-03,Tel_Aviv_IL,CHL,my,0.2065,0.114,0.1009,0.2065,1
2017-10-04,Tel_Aviv_IL,CHL,my,0.0691,0.05775,0.04611,0.0691,0.865
2017-10-05,Tel_Aviv_IL,CHL,my,0.06348,0.06348,0.05781,0.09779,0.72
2017-10-06,Tel_Aviv_IL,CHL,my,0.06622,0.04968,0.04443,0.08748,0.93
2017-10-07,Tel_Aviv_IL,CHL,my,0.07295,0.07002,0.06056,0.1074,0.88
2017-10-11,Tel_Aviv_IL,CHL,my,0.2689,0.3896,0.2567,0.5577,0.93
2017-10-12,Tel_Aviv_IL,CHL,my,0.5915,0.5915,0.3944,0.7741,0.93
2017-10-13,Tel_Aviv_IL,CHL,my,0.6956,0.965,0.6335,1.075,0.865
2017-10-14,Tel_Aviv_IL,CHL,my,0.5216,0.3921,0.2204,0.5216,0.7
2017-10-15,Tel_Aviv_IL,CHL,my,0.2608,0.07445,0.08808,0.2608,0.88
2017-10-16,Tel_Aviv_IL,CHL,my,0.187,0.2333,0.1907,0.2969,0.93
2017-10-17,Tel_Aviv_IL,CHL,my,0.3127,0.1535,0.1308,0.3251,0.865
2017-10-18,Tel_Aviv_IL,CHL,my,0.3291,0.3565,0.2881,0.6848,1
2017-10-21,Tel_Aviv_IL,CHL,my,0.4818,0.3984,0.3485,0.581,0.93
2017-10-22,Tel_Aviv_IL,CHL,my,0.2709,0.2058,0.176,0.3878,0.67
2017-10-23,Tel_Aviv_IL,CHL,my,0.2815,0.2175,0.1486,0.3377,0.93
2017-10-24,Tel_Aviv_IL,CHL,my,0.1915,0.1741,0.1337,0.2452,0.88
2017-10-25,Tel_Aviv_IL,CHL,my,0.2053,0.2397,0.1613,0.2961,0.865
2017-10-26,Tel_Aviv_IL,CHL,my,0.2093,0.2078,0.1771,0.4715,1
2017-10-27,Tel_Aviv_IL,CHL,my,0.2869,0.2671,0.1622,0.2869,0.93
2017-10-29,Tel_Aviv_IL,CHL,my,0.4023,0.2141,0.1843,0.4624,0.865
2017-11-01,Tel_Aviv_IL,CHL,my,0.5558,0.5558,0.2815,0.6725,0.93
2017-11-02,Tel_Aviv_IL,CHL,my,0.3798,0.366,0.2421,0.9039,1
2017-11-03,Tel_Aviv_IL,CHL,my,0.3666,0.3432,0.2125,0.4226,0.985
2017-11-05,Tel_Aviv_IL,CHL,my,,0.2073,0.1209,0.2421,0.54
2017-11-06,Tel_Aviv_IL,CHL,my,0.1798,0.2092,0.1844,0.5832,0.935
2017-11-07,Tel_Aviv_IL,CHL,my,0.2206,0.2336,0.2048,0.4684,1
2017-11-09,Tel_Aviv_IL,CHL,my,0.2284,0.2334,0.1513,0.2424,0.865
2017-11-10,Tel_Aviv_IL,CHL,my,0.2133,0.226,0.1762,0.2967,0.93
2017-11-11,Tel_Aviv_IL,CHL,my,0.1951,0.2656,0.1889,0.3569,0.88
2017-11-15,Tel_Aviv_IL,CHL,my,0.1946,0.2174,0.1582,0.252,0.865
2017-11-16,Tel_Aviv_IL,CHL,my,,0.2176,0.1702,0.2693,0.8
2017-11-17,Tel_Aviv_IL,CHL,my,0.2066,0.1903,0.1567,0.2737,0.93
2017-11-26,Tel_Aviv_IL,CHL,my,0.8752,1.077,0.6844,1.165,1
2017-11-28,Tel_Aviv_IL,CHL,my,0.3311,0.2256,0.1813,0.3311,0.88
2017-11-29,Tel_Aviv_IL,CHL,my,0.1943,0.1903,0.1193,0.2945,0.92
2017-11-30,Tel_Aviv_IL,CHL,my,,0.1781,0.1368,0.1951,0.8
2017-12-01,Tel_Aviv_IL,CHL,my,,0.4517,0.3524,0.4614,0.67
2017-12-02,Tel_Aviv_IL,CHL,my,0.346,0.399,0.2605,0.4364,0.865
2017-12-03,Tel_Aviv_IL,CHL,my,0.2153,0.2239,0.1638,0.2391,1
2017-12-04,Tel_Aviv_IL,CHL,my,0.1802,0.1769,0.1544,0.4065,1
2017-12-08,Tel_Aviv_IL,CHL,my,0.547,0.8966,0.6389,1.038,0.8
2017-12-09,Tel_Aviv_IL,CHL,my,0.4242,0.3978,0.2579,0.5365,0.93
2017-12-10,Tel_Aviv_IL,CHL,my,0.3748,,,,0.44
2017-12-11,Tel_Aviv_IL,CHL,my,0.3203,0.3201,0.2245,0.5178,1
2017-12-12,Tel_Aviv_IL,CHL,my,0.2925,0.2925,0.238,0.429,0.845
2017-12-15,Tel_Aviv_IL,CHL,my,0.2288,0.2046,0.1522,0.2543,0.915
2017-12-16,Tel_Aviv_IL,CHL,my,0.1142,0.09633,0.07639,0.1176,0.88
2017-12-17,Tel_Aviv_IL,CHL,my,,0.09667,0.08781,0.1076,0.8
2017-12-25,Tel_Aviv_IL,CHL,my,,0.9364,0.3947,0.9968,0.595
2017-12-26,Tel_Aviv_IL,CHL,my,1.301,1.222,0.7221,1.356,1
2017-12-27,Tel_Aviv_IL,CHL,my,0.7196,0.5565,0.3912,0.7394,0.88
2017-12-31,Tel_Aviv_IL,CHL,my,0.3745,0.3281,0.261,0.3745,0.755
