date,site,variable,stream,at_station,transect_p80,transect_mean,transect_max,valid_frac
2022-01-02,Ashdod_IL,CHL,my,0.1677,0.1572,0.1129,0.2004,0.9254
2022-01-03,Ashdod_IL,CHL,my,,0.07794,0.06492,0.1492,0.796
2022-01-06,Ashdod_IL,CHL,my,0.1129,0.1129,0.09418,0.1896,0.995
2022-01-07,Ashdod_IL,CHL,my,0.1293,0.1293,0.08501,0.1436,0.9254
2022-01-11,Ashdod_IL,CHL,my,0.5489,0.1168,0.1506,0.5833,0.9254
2022-01-12,Ashdod_IL,CHL,my,0.1929,,,,0.1294
2022-01-17,Ashdod_IL,CHL,my,0.7911,0.6149,0.3647,0.8115,0.9254
2022-01-18,Ashdod_IL,CHL,my,0.3277,0.3277,0.2081,0.355,0.995
2022-01-21,Ashdod_IL,CHL,my,0.6936,0.6151,0.3156,0.8374,0.9254
2022-01-22,Ashdod_IL,CHL,my,0.4186,0.3489,0.166,0.4186,0.9254
2022-01-25,Ashdod_IL,CHL,my,0.1675,0.1675,0.1309,0.2155,0.9254
2022-01-26,Ashdod_IL,CHL,my,0.3053,,,,0.1343
2022-01-30,Ashdod_IL,CHL,my,0.4291,0.4134,0.2753,0.7352,0.9254
2022-01-31,Ashdod_IL,CHL,my,0.3714,0.3285,0.1988,0.3714,0.9104
2022-02-01,Ashdod_IL,CHL,my,0.3571,0.2308,0.2031,0.4902,0.6915
2022-02-02,Ashdod_IL,CHL,my,0.3278,0.3245,0.208,0.4614,0.995
2022-02-03,Ashdod_IL,CHL,my,0.5352,0.4459,0.253,0.6831,0.9254
2022-02-07,Ashdod_IL,CHL,my,0.2929,0.2724,0.1711,0.3598,0.9104
2022-02-08,Ashdod_IL,CHL,my,0.2678,0.2678,0.1605,0.3494,0.995
2022-02-09,Ashdod_IL,CHL,my,,0.1089,0.09783,0.1159,0.5174
2022-02-12,Ashdod_IL,CHL,my,0.3414,0.3393,0.2049,0.3818,0.9254
2022-02-13,Ashdod_IL,CHL,my,0.7288,0.537,0.3343,0.9382,0.9254
2022-02-14,Ashdod_IL,CHL,my,,0.184,0.1556,0.2368,0.796
2022-02-15,Ashdod_IL,CHL,my,0.129,0.118,0.1044,0.192,0.9254
2022-02-18,Ashdod_IL,CHL,my,0.4026,0.3561,0.2253,0.4165,0.7612
2022-02-21,Ashdod_IL,CHL,my,0.1266,0.1193,0.106,0.1936,0.9254
2022-02-23,Ashdod_IL,CHL,my,0.1054,0.0862,0.08058,0.1556,0.9254
2022-02-27,Ashdod_IL,CHL,my,0.6719,0.4377,0.2597,0.9975,0.995
2022-02-28,Ashdod_IL,CHL,my,1.304,1.21,0.5087,1.812,0.9254
2022-03-03,Ashdod_IL,CHL,my,0.3897,,,,0.0647
2022-03-04,Ashdod_IL,CHL,my,1.112,0.9749,0.501,1.129,0.6517
2022-03-05,Ashdod_IL,CHL,my,1.051,0.5865,0.3419,1.051,0.8607
2022-03-10,Ashdod_IL,CHL,my,0.7918,0.507,0.2611,0.8069,0.7711
2022-03-14,Ashdod_IL,CHL,my,1.502,1.342,0.8823,1.615,0.7861
2022-03-16,Ashdod_IL,CHL,my,0.9607,0.9476,0.6848,1.052,0.5871
2022-03-22,Ashdod_IL,CHL,my,0.3782,0.5237,0.2716,0.5802,0.9104
2022-03-23,Ashdod_IL,CHL,my,0.8057,0.7147,0.4036,1.092,0.8756
2022-03-26,Ashdod_IL,CHL,my,1.402,1.402,0.7956,1.73,0.995
2022-03-27,Ashdod_IL,CHL,my,0.835,0.7873,0.4665,1.436,0.995
2022-03-28,Ashdod_IL,CHL,my,1.216,1.034,0.6094,1.476,0.9254
2022-03-30,Ashdod_IL,CHL,my,1.089,1.041,0.4613,1.334,0.995
2022-04-09,Ashdod_IL,CHL,my,0.1556,0.1445,0.09794,0.3545,0.995
2022-04-12,Ashdod_IL,CHL,my,0.1687,,,,0.4577
2022-04-13,Ashdod_IL,CHL,my,0.1566,0.1356,0.08651,0.2013,0.9254
2022-04-14,Ashdod_IL,CHL,my,0.3037,0.137,0.1114,0.3037,0.8607
2022-04-15,Ashdod_IL,CHL,my,0.2085,0.2076,0.1317,0.375,0.995
2022-04-20,Ashdod_IL,CHL,my,0.1218,0.09651,0.07413,0.139,0.9254
2022-04-21,Ashdod_IL,CHL,my,0.09281,0.08649,0.06375,0.1131,0.9254
2022-04-28,Ashdod_IL,CHL,my,,0.1208,0.08189,0.1259,0.6517
2022-04-29,Ashdod_IL,CHL,my,,0.1058,0.07133,0.1135,0.6517
2022-04-30,Ashdod_IL,CHL,my,0.178,0.1575,0.09893,0.2169,0.9254
2022-05-04,Ashdod_IL,CHL,my,0.1282,0.1122,0.07842,0.1836,0.9104
2022-05-07,Ashdod_IL,CHL,my,1.277,1.318,0.8978,1.657,0.995
2022-05-08,Ashdod_IL,CHL,my,0.8875,0.9133,0.5918,1.088,0.995
2022-05-09,Ashdod_IL,CHL,my,,0.2629,0.1949,0.2865,0.5821
2022-05-10,Ashdod_IL,CHL,my,0.7274,0.6916,0.5273,1.069,0.995
2022-05-12,Ashdod_IL,CHL,my,0.4064,0.4502,0.3252,0.8243,0.995
2022-05-15,Ashdod_IL,CHL,my,0.1452,0.1183,0.1032,0.2124,0.9254
2022-05-17,Ashdod_IL,CHL,my,0.09417,0.09784,0.09398,0.1177,0.9254
2022-05-18,Ashdod_IL,CHL,my,0.07501,0.11,0.0965,0.1294,0.995
2022-05-19,Ashdod_IL,CHL,my,0.1083,0.0909,0.08444,0.1083,0.8607
2022-05-20,Ashdod_IL,CHL,my,0.1074,0.1047,0.1017,0.1604,0.9254
2022-05-22,Ashdod_IL,CHL,my,0.07741,0.07642,0.07212,0.09946,0.9254
2022-05-24,Ashdod_IL,CHL,my,0.2561,0.09637,0.1044,0.4002,0.9254
2022-05-25,Ashdod_IL,CHL,my,0.6412,0.302,0.2215,0.6558,0.9254
2022-05-26,Ashdod_IL,CHL,my,0.4336,0.3123,0.2073,0.5716,0.9254
2022-05-27,Ashdod_IL,CHL,my,0.29,0.29,0.1778,0.3793,0.9204
2022-05-30,Ashdod_IL,CHL,my,0.2346,0.2076,0.1082,0.2518,0.9104
2022-05-31,Ashdod_IL,CHL,my,0.2454,0.2277,0.1079,0.2881,0.995
2022-06-01,Ashdod_IL,CHL,my,,0.1352,0.08644,0.1403,0.7463
2022-06-02,Ashdod_IL,CHL,my,0.1699,0.1699,0.098,0.1824,0.9254
2022-06-03,Ashdod_IL,CHL,my,0.15,0.1321,0.09148,0.2108,0.995
2022-06-04,Ashdod_IL,CHL,my,0.1297,0.1349,0.1,0.1382,0.9254
2022-06-05,Ashdod_IL,CHL,my,0.1629,0.168,0.1096,0.1793,0.9254
2022-06-06,Ashdod_IL,CHL,my,0.1359,0.1359,0.09819,0.2454,0.995
2022-06-07,Ashdod_IL,CHL,my,0.1135,0.1151,0.09747,0.1246,0.8607
2022-06-08,Ashdod_IL,CHL,my,0.2081,0.2431,0.1739,0.2718,0.995
2022-06-09,Ashdod_IL,CHL,my,0.1733,0.1154,0.08227,0.1733,0.5124
2022-06-10,Ashdod_IL,CHL,my,0.2152,0.1801,0.1042,0.2874,0.9254
2022-06-11,Ashdod_IL,CHL,my,,0.1144,0.08359,0.141,0.791
2022-06-13,Ashdod_IL,CHL,my,0.1598,0.1495,0.118,0.179,0.9254
2022-06-14,Ashdod_IL,CHL,my,0.1366,0.141,0.1042,0.3905,0.995
2022-06-15,Ashdod_IL,CHL,my,0.1176,0.111,0.07429,0.1755,0.9204
2022-06-16,Ashdod_IL,CHL,my,0.1313,0.1196,0.08387,0.3207,0.995
2022-06-19,Ashdod_IL,CHL,my,0.3662,0.3371,0.1585,0.3906,0.995
2022-06-20,Ashdod_IL,CHL,my,0.3334,0.3725,0.2044,0.6721,0.9453
2022-06-23,Ashdod_IL,CHL,my,1.008,1.008,0.3953,1.244,0.995
2022-06-24,Ashdod_IL,CHL,my,0.7773,0.6478,0.2846,0.9323,0.9254
2022-06-26,Ashdod_IL,CHL,my,1.319,1.319,0.8972,1.512,0.995
2022-06-27,Ashdod_IL,CHL,my,0.8919,0.6705,0.2762,0.9224,0.995
2022-06-28,Ashdod_IL,CHL,my,1.12,0.3146,0.2985,1.12,0.8607
2022-06-29,Ashdod_IL,CHL,my,0.9232,0.3087,0.3377,0.979,0.9254
2022-06-30,Ashdod_IL,CHL,my,1.089,0.9668,0.4923,1.089,0.995
2022-07-01,Ashdod_IL,CHL,my,0.1934,0.2089,0.1827,0.542,0.8259
2022-07-02,Ashdod_IL,CHL,my,0.1771,0.1757,0.1498,0.233,0.9254
2022-07-04,Ashdod_IL,CHL,my,0.2136,0.1601,0.1002,0.4249,0.9254
2022-07-05,Ashdod_IL,CHL,my,0.1016,0.1016,0.06021,0.1906,0.995
2022-07-06,Ashdod_IL,CHL,my,0.121,0.08128,0.05874,0.1444,0.9104
2022-07-07,Ashdod_IL,CHL,my,0.06715,0.06068,0.04267,0.08522,0.9254
2022-07-08,Ashdod_IL,CHL,my,0.1324,0.08898,0.07981,0.1518,0.9104
2022-07-09,Ashdod_IL,CHL,my,0.2076,0.2324,0.1726,0.256,0.9254
2022-07-10,Ashdod_IL,CHL,my,0.2825,0.2686,0.1367,0.2825,0.9254
2022-07-11,Ashdod_IL,CHL,my,0.1638,0.1606,0.1502,0.4036,0.995
2022-07-12,Ashdod_IL,CHL,my,0.43,0.43,0.305,0.8697,0.9254
2022-07-13,Ashdod_IL,CHL,my,0.8332,0.6879,0.4095,0.8332,0.8756
2022-07-14,Ashdod_IL,CHL,my,0.7378,0.6837,0.3759,0.8002,0.9104
2022-07-16,Ashdod_IL,CHL,my,0.8393,0.4495,0.3401,0.8871,0.9104
2022-07-17,Ashdod_IL,CHL,my,0.8741,0.8586,0.3874,0.9483,0.995
2022-07-18,Ashdod_IL,CHL,my,0.5765,0.4789,0.2376,0.6708,0.9254
2022-07-19,Ashdod_IL,CHL,my,0.9184,0.9049,0.331,1.108,0.995
2022-07-20,Ashdod_IL,CHL,my,0.6771,0.5444,0.2107,0.6957,0.995
2022-07-21,Ashdod_IL,CHL,my,0.2493,0.1471,0.1313,0.3817,0.9801
2022-07-22,Ashdod_IL,CHL,my,0.7838,0.5065,0.2698,0.8129,0.9104
2022-07-23,Ashdod_IL,CHL,my,1.027,0.6499,0.3669,1.069,0.9254
2022-07-25,Ashdod_IL,CHL,my,0.9463,0.9463,0.4236,1.089,0.9204
2022-07-26,Ashdod_IL,CHL,my,0.8116,0.3857,0.2733,1.242,0.9254
2022-07-27,Ashdod_IL,CHL,my,0.4794,0.4133,0.2025,0.5985,0.9254
2022-07-28,Ashdod_IL,CHL,my,0.8469,0.8469,0.3907,1.024,0.995
2022-07-29,Ashdod_IL,CHL,my,,0.2199,0.1524,0.3121,0.796
2022-07-30,Ashdod_IL,CHL,my,0.397,0.4009,0.2555,0.6812,0.995
2022-07-31,Ashdod_IL,CHL,my,0.3645,0.3344,0.172,0.5994,0.995
2022-08-02,Ashdod_IL,CHL,my,0.2476,0.1849,0.09178,0.2476,0.8607
2022-08-03,Ashdod_IL,CHL,my,0.3514,0.235,0.145,0.5021,0.995
2022-08-07,Ashdod_IL,CHL,my,0.2247,0.1327,0.09236,0.4088,0.9254
2022-08-08,Ashdod_IL,CHL,my,0.07632,0.06456,0.05012,0.1489,0.9254
2022-08-09,Ashdod_IL,CHL,my,0.1671,0.2146,0.1472,0.3119,0.5522
2022-08-11,Ashdod_IL,CHL,my,0.04622,0.03078,0.0339,0.1202,0.9254
2022-08-12,Ashdod_IL,CHL,my,0.06233,0.06088,0.05056,0.1789,0.995
2022-08-13,Ashdod_IL,CHL,my,0.07247,0.05037,0.04296,0.08308,0.9104
2022-08-14,Ashdod_IL,CHL,my,,0.07839,0.05323,0.1107,0.5572
2022-08-15,Ashdod_IL,CHL,my,0.1008,0.09603,0.06079,0.2879,0.9254
2022-08-16,Ashdod_IL,CHL,my,0.2711,0.2701,0.1303,0.4278,0.995
2022-08-17,Ashdod_IL,CHL,my,0.211,0.2054,0.1515,0.7186,0.995
2022-08-18,Ashdod_IL,CHL,my,0.1807,0.1313,0.07803,0.2112,0.9104
2022-08-19,Ashdod_IL,CHL,my,0.1116,0.09501,0.05919,0.1479,0.9254
2022-08-20,Ashdod_IL,CHL,my,0.1672,0.1899,0.1402,0.3046,0.5572
2022-08-21,Ashdod_IL,CHL,my,0.1304,0.08308,0.06172,0.1809,0.9254
2022-08-22,Ashdod_IL,CHL,my,0.2492,0.1733,0.09248,0.287,0.9104
2022-08-23,Ashdod_IL,CHL,my,0.1269,0.1269,0.07499,0.3147,0.995
2022-08-24,Ashdod_IL,CHL,my,0.1813,0.1813,0.07797,0.2325,0.995
2022-08-26,Ashdod_IL,CHL,my,0.1517,0.1582,0.08848,0.2233,0.995
2022-08-27,Ashdod_IL,CHL,my,0.08727,0.08517,0.05503,0.1969,0.995
2022-08-31,Ashdod_IL,CHL,my,,0.05043,0.04568,0.05445,0.5174
2022-09-05,Ashdod_IL,CHL,my,,0.1118,0.07439,0.1269,0.796
2022-09-06,Ashdod_IL,CHL,my,0.08684,0.08619,0.06896,0.1251,0.8905
2022-09-07,Ashdod_IL,CHL,my,0.2548,0.2494,0.1519,0.4944,0.995
2022-09-08,Ashdod_IL,CHL,my,0.3856,0.3856,0.1918,0.4237,0.995
2022-09-09,Ashdod_IL,CHL,my,0.1893,0.1933,0.1346,0.4654,0.995
2022-09-10,Ashdod_IL,CHL,my,,0.08312,0.07005,0.09589,0.791
2022-09-11,Ashdod_IL,CHL,my,0.2507,0.2404,0.1174,0.3733,0.995
2022-09-12,Ashdod_IL,CHL,my,0.1637,0.1626,0.1169,0.3954,0.995
2022-09-13,Ashdod_IL,CHL,my,,0.06983,0.06719,0.1351,0.607
2022-09-14,Ashdod_IL,CHL,my,0.1874,0.1519,0.09708,0.2875,0.9254
2022-09-15,Ashdod_IL,CHL,my,0.3324,0.2833,0.1303,0.3569,0.9254
2022-09-16,Ashdod_IL,CHL,my,0.2933,0.2911,0.1362,0.3313,0.995
2022-09-17,Ashdod_IL,CHL,my,0.2317,0.1465,0.09511,0.3606,0.9254
2022-09-18,Ashdod_IL,CHL,my,0.2342,,,,0.4328
2022-09-19,Ashdod_IL,CHL,my,0.1415,0.1245,0.08626,0.2125,0.7512
2022-09-20,Ashdod_IL,CHL,my,0.1213,0.1121,0.0843,0.2692,0.995
2022-09-21,Ashdod_IL,CHL,my,0.1538,,,,0.1244
2022-09-22,Ashdod_IL,CHL,my,0.2267,0.2267,0.09614,0.2697,0.9254
2022-09-23,Ashdod_IL,CHL,my,0.2833,0.3219,0.1684,0.5348,0.995
2022-09-24,Ashdod_IL,CHL,my,0.2986,0.2464,0.1495,0.3563,0.9254
2022-09-25,Ashdod_IL,CHL,my,0.2644,0.1947,0.103,0.2644,0.9104
2022-09-26,Ashdod_IL,CHL,my,0.1627,0.127,0.07966,0.2588,0.9254
2022-09-27,Ashdod_IL,CHL,my,0.1087,0.1028,0.05873,0.1949,0.995
2022-09-28,Ashdod_IL,CHL,my,0.05226,0.04761,0.03426,0.1035,0.995
2022-09-29,Ashdod_IL,CHL,my,0.06695,0.05669,0.04508,0.09454,0.9254
2022-09-30,Ashdod_IL,CHL,my,0.06112,0.05067,0.04359,0.1322,0.9254
2022-10-01,Ashdod_IL,CHL,my,0.04988,0.04528,0.03962,0.08318,0.9254
2022-10-02,Ashdod_IL,CHL,my,0.04804,0.03119,0.03123,0.05085,0.9254
2022-10-04,Ashdod_IL,CHL,my,0.1014,0.08353,0.06751,0.1114,0.8209
2022-10-05,Ashdod_IL,CHL,my,0.0486,0.04313,0.03649,0.05695,0.9104
2022-10-06,Ashdod_IL,CHL,my,0.06703,0.06703,0.06534,0.2108,0.995
2022-10-09,Ashdod_IL,CHL,my,0.3678,0.2863,0.1226,0.4578,0.9254
2022-10-10,Ashdod_IL,CHL,my,0.2832,0.1558,0.09543,0.3389,0.9254
2022-10-11,Ashdod_IL,CHL,my,0.1208,0.1493,0.1145,0.4673,0.995
2022-10-12,Ashdod_IL,CHL,my,0.1721,0.1721,0.1273,0.3396,0.6716
2022-10-13,Ashdod_IL,CHL,my,0.1004,0.102,0.06472,0.1166,0.9254
2022-10-14,Ashdod_IL,CHL,my,0.09681,0.09619,0.05632,0.1511,0.9254
2022-10-15,Ashdod_IL,CHL,my,0.3372,0.2873,0.1428,0.3543,0.995
2022-10-16,Ashdod_IL,CHL,my,0.5761,0.6399,0.3976,0.8336,0.995
2022-10-17,Ashdod_IL,CHL,my,0.5534,0.4698,0.2091,0.7468,0.995
2022-10-18,Ashdod_IL,CHL,my,0.2373,0.2373,0.1075,0.2862,0.5373
2022-10-19,Ashdod_IL,CHL,my,0.1886,0.206,0.1337,0.2255,0.9254
2022-10-20,Ashdod_IL,CHL,my,0.243,0.243,0.1509,0.401,0.9602
2022-10-27,Ashdod_IL,CHL,my,,0.2264,0.1341,0.3415,0.791
2022-10-28,Ashdod_IL,CHL,my,0.3384,0.2859,0.1565,0.3783,0.9254
2022-10-31,Ashdod_IL,CHL,my,0.2636,0.2113,0.1212,0.287,0.9254
2022-11-01,Ashdod_IL,CHL,my,0.3203,0.2593,0.135,0.3263,0.9254
2022-11-02,Ashdod_IL,CHL,my,0.221,0.2147,0.09355,0.2477,0.9254
2022-11-03,Ashdod_IL,CHL,my,0.3958,0.3163,0.1966,0.5403,0.9254
2022-11-04,Ashdod_IL,CHL,my,0.2881,0.2818,0.1806,0.3028,0.9254
2022-11-05,Ashdod_IL,CHL,my,0.4105,0.3713,0.1687,0.4395,0.995
2022-11-07,Ashdod_IL,CHL,my,0.2584,0.2958,0.1869,0.383,0.6517
2022-11-08,Ashdod_IL,CHL,my,0.2829,0.2568,0.1414,0.3449,0.8259
2022-11-09,Ashdod_IL,CHL,my,0.4789,,,,0.4975
2022-11-10,Ashdod_IL,CHL,my,0.5356,,,,0.4428
2022-11-11,Ashdod_IL,CHL,my,0.5634,0.5507,0.2059,0.6238,0.995
2022-11-12,Ashdod_IL,CHL,my,0.7244,0.7244,0.3095,0.8519,1
2022-11-13,Ashdod_IL,CHL,my,0.6362,0.6085,0.3681,0.7272,0.9254
2022-11-16,Ashdod_IL,CHL,my,0.3041,,,,0.4826
2022-11-17,Ashdod_IL,CHL,my,0.4428,0.351,0.1887,0.4773,0.7164
2022-11-18,Ashdod_IL,CHL,my,0.5447,0.477,0.2584,0.6156,0.9254
2022-11-19,Ashdod_IL,CHL,my,0.2968,0.2968,0.2176,0.435,0.995
2022-11-20,Ashdod_IL,CHL,my,0.3959,0.3044,0.1714,0.3959,0.995
2022-11-23,Ashdod_IL,CHL,my,0.1409,0.1115,0.07701,0.1409,0.9254
2022-11-26,Ashdod_IL,CHL,my,0.7972,,,,0.3433
2022-11-29,Ashdod_IL,CHL,my,0.3591,0.3391,0.1974,0.3749,0.8259
2022-12-01,Ashdod_IL,CHL,my,0.1186,0.1229,0.09934,0.1911,0.995
2022-12-02,Ashdod_IL,CHL,my,0.09824,0.09796,0.09053,0.1616,0.995
2022-12-03,Ashdod_IL,CHL,my,0.3467,0.2647,0.1669,0.3467,0.8706
2022-12-04,Ashdod_IL,CHL,my,0.2947,0.257,0.1513,0.3689,0.995
2022-12-05,Ashdod_IL,CHL,my,0.1961,0.1396,0.09987,0.2326,0.9254
2022-12-06,Ashdod_IL,CHL,my,0.1216,0.1216,0.08868,0.1605,0.5622
2022-12-08,Ashdod_IL,CHL,my,0.2814,0.254,0.1877,0.2814,0.6965
2022-12-10,Ashdod_IL,CHL,my,0.1773,0.1773,0.1491,0.1888,0.9254
2022-12-11,Ashdod_IL,CHL,my,0.2181,0.2074,0.1525,0.2181,0.9254
2022-12-14,Ashdod_IL,CHL,my,0.3107,,,,0.2687
2022-12-15,Ashdod_IL,CHL,my,0.1884,0.1884,0.1582,0.2042,0.8905
2022-12-16,Ashdod_IL,CHL,my,0.1346,0.1479,0.1341,0.1697,0.9254
2022-12-17,Ashdod_IL,CHL,my,0.1651,0.1894,0.1508,0.2325,0.995
2022-12-18,Ashdod_IL,CHL,my,0.2312,0.2173,0.1809,0.2649,0.9254
2022-12-19,Ashdod_IL,CHL,my,0.366,0.286,0.2045,0.4425,0.9254
2022-12-20,Ashdod_IL,CHL,my,0.2561,0.2166,0.1748,0.4489,0.9254
2022-12-22,Ashdod_IL,CHL,my,0.1282,0.1361,0.09955,0.2003,0.9254
2022-12-28,Ashdod_IL,CHL,my,0.6581,0.6481,0.347,0.7123,0.995
2022-12-29,Ashdod_IL,CHL,my,0.7423,0.5284,0.2645,0.7982,0.9254
2022-12-30,Ashdod_IL,CHL,my,0.4165,0.3665,0.1892,0.4416,0.9254
2022-12-31,Ashdod_IL,CHL,my,0.5225,0.4731,0.3169,0.5551,0.9254
2022-01-02,Ashkelon_IL,CHL,my,0.1892,0.1771,0.1484,0.2804,0.9104
2022-01-03,Ashkelon_IL,CHL,my,0.1105,0.1404,0.09395,0.1693,0.806
2022-01-06,Ashkelon_IL,CHL,my,0.4287,0.3442,0.172,0.4287,0.9502
2022-01-07,Ashkelon_IL,CHL,my,0.1261,0.1826,0.1264,0.2859,0.9104
2022-01-08,Ashkelon_IL,CHL,my,0.1134,0.1018,0.08069,0.118,0.9104
2022-01-10,Ashkelon_IL,CHL,my,0.4814,,,,0.4179
2022-01-11,Ashkelon_IL,CHL,my,0.5266,0.2039,0.2409,0.8014,0.9104
2022-01-17,Ashkelon_IL,CHL,my,0.9773,0.8082,0.521,1.181,0.9104
2022-01-18,Ashkelon_IL,CHL,my,0.3946,0.3946,0.2226,0.5018,0.9502
2022-01-21,Ashkelon_IL,CHL,my,0.5809,0.349,0.2786,0.9138,0.9104
2022-01-22,Ashkelon_IL,CHL,my,0.6033,0.6033,0.3637,0.841,0.9502
2022-01-25,Ashkelon_IL,CHL,my,0.6198,0.5701,0.4594,0.7344,0.602
2022-01-26,Ashkelon_IL,CHL,my,0.2611,0.2611,0.1843,0.5325,0.9303
2022-01-30,Ashkelon_IL,CHL,my,0.2352,0.2627,0.2034,0.4688,0.9502
2022-01-31,Ashkelon_IL,CHL,my,0.3056,0.3056,0.2173,0.4183,0.9502
2022-02-01,Ashkelon_IL,CHL,my,0.2488,0.2488,0.2064,0.3974,1
2022-02-02,Ashkelon_IL,CHL,my,0.3173,0.3173,0.2177,0.4998,0.9502
2022-02-03,Ashkelon_IL,CHL,my,0.4284,0.4284,0.2525,0.5249,0.9502
2022-02-07,Ashkelon_IL,CHL,my,0.253,0.2403,0.1913,0.3341,0.8806
2022-02-08,Ashkelon_IL,CHL,my,0.4403,0.4403,0.254,0.7081,1
2022-02-12,Ashkelon_IL,CHL,my,1.053,1.053,0.5602,1.186,0.9502
2022-02-13,Ashkelon_IL,CHL,my,0.5989,0.5989,0.4124,1.134,0.9502
2022-02-14,Ashkelon_IL,CHL,my,0.3673,0.3673,0.2739,1.046,0.8507
2022-02-15,Ashkelon_IL,CHL,my,0.2269,0.2269,0.2128,0.9651,1
2022-02-16,Ashkelon_IL,CHL,my,0.4256,0.3568,0.2733,0.8423,0.9104
2022-02-18,Ashkelon_IL,CHL,my,,0.1705,0.1541,0.2341,0.7363
2022-02-21,Ashkelon_IL,CHL,my,0.2137,0.1743,0.1375,0.3683,0.8806
2022-02-22,Ashkelon_IL,CHL,my,0.1834,0.1137,0.09925,0.2505,0.8806
2022-02-23,Ashkelon_IL,CHL,my,0.1258,0.1063,0.08662,0.1875,0.8806
2022-02-27,Ashkelon_IL,CHL,my,0.8878,0.8878,0.5033,2.029,1
2022-02-28,Ashkelon_IL,CHL,my,1.314,1.25,0.6675,3.612,0.9104
2022-03-05,Ashkelon_IL,CHL,my,,0.5652,0.3587,0.9666,0.7363
2022-03-07,Ashkelon_IL,CHL,my,0.786,0.786,0.4522,0.925,0.5473
2022-03-14,Ashkelon_IL,CHL,my,1.761,1.566,1.028,1.761,0.6119
2022-03-15,Ashkelon_IL,CHL,my,1.186,1.193,0.6442,1.338,0.7214
2022-03-22,Ashkelon_IL,CHL,my,1.162,1.028,0.5535,1.537,0.8806
2022-03-23,Ashkelon_IL,CHL,my,,0.9516,0.6041,1.762,0.7562
2022-03-26,Ashkelon_IL,CHL,my,1.186,1.221,0.8851,2.082,1
2022-03-27,Ashkelon_IL,CHL,my,1.193,1.193,0.7174,1.733,0.8159
2022-03-28,Ashkelon_IL,CHL,my,1.48,1.48,0.8406,2.581,1
2022-03-30,Ashkelon_IL,CHL,my,1.148,0.8958,0.5585,1.153,0.9502
2022-04-09,Ashkelon_IL,CHL,my,0.1554,0.1554,0.1323,0.6535,0.9502
2022-04-13,Ashkelon_IL,CHL,my,0.1635,0.1635,0.1597,0.7878,0.9502
2022-04-14,Ashkelon_IL,CHL,my,0.4639,0.4639,0.2407,0.9283,0.9502
2022-04-15,Ashkelon_IL,CHL,my,0.3742,0.2932,0.1616,0.5675,0.9104
2022-04-20,Ashkelon_IL,CHL,my,0.1378,0.131,0.08331,0.1555,0.8806
2022-04-21,Ashkelon_IL,CHL,my,0.08016,0.08016,0.06157,0.1251,0.9502
2022-04-28,Ashkelon_IL,CHL,my,,0.1559,0.1058,0.1866,0.6667
2022-04-29,Ashkelon_IL,CHL,my,0.3218,0.2238,0.1208,0.3218,0.6667
2022-04-30,Ashkelon_IL,CHL,my,,0.1489,0.1086,0.1789,0.5025
2022-05-04,Ashkelon_IL,CHL,my,0.2482,0.2482,0.1413,0.5938,0.9502
2022-05-07,Ashkelon_IL,CHL,my,1.321,1.321,0.8489,1.588,1
2022-05-08,Ashkelon_IL,CHL,my,0.9065,0.9065,0.6572,1.204,1
2022-05-10,Ashkelon_IL,CHL,my,0.7698,0.7698,0.5226,1.109,0.9502
2022-05-12,Ashkelon_IL,CHL,my,0.5151,0.5957,0.5269,0.9802,0.9502
2022-05-15,Ashkelon_IL,CHL,my,0.1982,0.1746,0.1564,0.1982,0.806
2022-05-17,Ashkelon_IL,CHL,my,0.1206,0.1245,0.1098,0.1294,0.8806
2022-05-18,Ashkelon_IL,CHL,my,0.1378,0.1378,0.1464,0.4335,0.9502
2022-05-19,Ashkelon_IL,CHL,my,0.306,0.306,0.1881,0.6078,0.9502
2022-05-20,Ashkelon_IL,CHL,my,0.1751,0.1751,0.1496,0.3704,0.9104
2022-05-22,Ashkelon_IL,CHL,my,0.1091,0.1009,0.08999,0.1834,0.9104
2022-05-24,Ashkelon_IL,CHL,my,0.697,0.697,0.3374,1.213,0.9502
2022-05-25,Ashkelon_IL,CHL,my,1.049,0.9363,0.4458,1.42,0.9104
2022-05-26,Ashkelon_IL,CHL,my,0.6206,0.6206,0.3589,1.04,0.9502
2022-05-27,Ashkelon_IL,CHL,my,0.5538,0.4616,0.2902,0.8581,0.9104
2022-05-30,Ashkelon_IL,CHL,my,0.339,0.2303,0.1578,0.339,0.806
2022-05-31,Ashkelon_IL,CHL,my,0.3718,0.3718,0.2083,0.6367,1
2022-06-01,Ashkelon_IL,CHL,my,0.262,0.1526,0.1145,0.262,0.5771
2022-06-02,Ashkelon_IL,CHL,my,0.1811,0.195,0.1375,0.3795,0.9502
2022-06-03,Ashkelon_IL,CHL,my,0.1984,0.1984,0.1071,0.3368,0.9502
2022-06-04,Ashkelon_IL,CHL,my,0.1913,0.2015,0.1404,0.385,0.9502
2022-06-05,Ashkelon_IL,CHL,my,0.2339,0.1882,0.1339,0.2616,0.8806
2022-06-06,Ashkelon_IL,CHL,my,0.1931,0.1931,0.1719,0.4877,0.9502
2022-06-07,Ashkelon_IL,CHL,my,0.2522,0.255,0.1658,0.2636,0.8806
2022-06-08,Ashkelon_IL,CHL,my,0.1972,0.165,0.1122,0.2591,0.9104
2022-06-09,Ashkelon_IL,CHL,my,0.1312,0.1213,0.09502,0.1312,0.806
2022-06-10,Ashkelon_IL,CHL,my,0.3046,0.3046,0.186,0.7467,0.9502
2022-06-11,Ashkelon_IL,CHL,my,,0.1072,0.09388,0.1345,0.597
2022-06-13,Ashkelon_IL,CHL,my,0.1913,0.2027,0.1416,0.2422,0.9502
2022-06-14,Ashkelon_IL,CHL,my,0.1419,0.1419,0.09039,0.2986,0.9502
2022-06-15,Ashkelon_IL,CHL,my,0.1204,0.1204,0.1022,0.4017,0.9502
2022-06-16,Ashkelon_IL,CHL,my,0.1089,0.1089,0.1134,0.5088,0.9303
2022-06-18,Ashkelon_IL,CHL,my,0.2348,,,,0.3532
2022-06-19,Ashkelon_IL,CHL,my,0.4197,0.4197,0.1623,0.56,0.9502
2022-06-20,Ashkelon_IL,CHL,my,0.9217,0.9217,0.3909,1.409,0.9502
2022-06-23,Ashkelon_IL,CHL,my,1.152,1.152,0.5406,1.652,0.9502
2022-06-24,Ashkelon_IL,CHL,my,1.303,1.086,0.5953,1.411,0.8806
2022-06-26,Ashkelon_IL,CHL,my,1.543,1.551,0.7196,1.891,0.9502
2022-06-27,Ashkelon_IL,CHL,my,1.159,1.159,0.4311,1.331,0.9502
2022-06-28,Ashkelon_IL,CHL,my,1.242,0.3736,0.3367,1.672,0.8806
2022-06-29,Ashkelon_IL,CHL,my,1.313,1.268,0.7648,1.428,0.9104
2022-06-30,Ashkelon_IL,CHL,my,1.309,1.295,0.7622,1.41,0.9502
2022-07-01,Ashkelon_IL,CHL,my,0.8287,0.8287,0.4903,1.064,1
2022-07-02,Ashkelon_IL,CHL,my,0.365,0.3143,0.2943,0.8618,0.9104
2022-07-03,Ashkelon_IL,CHL,my,,0.1416,0.1057,0.3208,0.5672
2022-07-04,Ashkelon_IL,CHL,my,0.2205,0.1875,0.1256,0.6048,0.9104
2022-07-05,Ashkelon_IL,CHL,my,0.1596,0.1596,0.08906,0.2892,0.9502
2022-07-06,Ashkelon_IL,CHL,my,0.1109,0.1104,0.0766,0.1393,0.8806
2022-07-07,Ashkelon_IL,CHL,my,0.7336,0.7336,0.3146,1.201,1
2022-07-08,Ashkelon_IL,CHL,my,1.055,0.86,0.494,1.055,0.9502
2022-07-09,Ashkelon_IL,CHL,my,0.8997,0.8191,0.3322,0.966,0.9104
2022-07-10,Ashkelon_IL,CHL,my,0.2966,0.2966,0.2393,0.8435,0.9005
2022-07-11,Ashkelon_IL,CHL,my,0.5109,0.5109,0.3522,1.157,0.9502
2022-07-12,Ashkelon_IL,CHL,my,1.157,1.158,0.6613,1.403,0.9104
2022-07-13,Ashkelon_IL,CHL,my,1.377,1.275,0.8184,1.516,0.9104
2022-07-14,Ashkelon_IL,CHL,my,1.152,0.4979,0.336,1.482,0.8806
2022-07-15,Ashkelon_IL,CHL,my,0.6624,,,,0.209
2022-07-16,Ashkelon_IL,CHL,my,1.461,1.461,0.7515,1.841,1
2022-07-17,Ashkelon_IL,CHL,my,0.9624,0.9624,0.539,1.374,1
2022-07-18,Ashkelon_IL,CHL,my,1.154,1.129,0.4413,1.359,0.9104
2022-07-19,Ashkelon_IL,CHL,my,0.7254,0.7254,0.2504,0.8964,0.9502
2022-07-20,Ashkelon_IL,CHL,my,0.3251,0.3432,0.2478,1.145,1
2022-07-21,Ashkelon_IL,CHL,my,1.195,0.9436,0.4786,1.384,0.8806
2022-07-22,Ashkelon_IL,CHL,my,1.089,0.6721,0.3452,1.089,0.806
2022-07-23,Ashkelon_IL,CHL,my,1.285,1.285,0.8313,1.466,0.9502
2022-07-25,Ashkelon_IL,CHL,my,1.034,1.034,0.4825,1.567,0.9502
2022-07-26,Ashkelon_IL,CHL,my,1.545,1.476,0.5544,1.545,0.9104
2022-07-27,Ashkelon_IL,CHL,my,0.5551,0.5551,0.3556,1.174,0.9502
2022-07-28,Ashkelon_IL,CHL,my,1.056,1.056,0.5894,1.656,0.9502
2022-07-29,Ashkelon_IL,CHL,my,0.6684,0.3959,0.2288,0.6684,0.806
2022-07-30,Ashkelon_IL,CHL,my,0.3995,0.3995,0.2274,0.8871,0.9502
2022-07-31,Ashkelon_IL,CHL,my,0.4382,0.4382,0.1896,0.8102,0.9502
2022-08-02,Ashkelon_IL,CHL,my,0.4035,0.2579,0.1608,0.5597,0.8408
2022-08-03,Ashkelon_IL,CHL,my,0.6763,0.6763,0.3092,1.217,0.9502
2022-08-07,Ashkelon_IL,CHL,my,0.2983,0.2983,0.2185,1.403,0.9602
2022-08-08,Ashkelon_IL,CHL,my,0.4652,0.5006,0.3281,1.379,0.9502
2022-08-09,Ashkelon_IL,CHL,my,0.4077,0.5192,0.2832,0.6556,0.5721
2022-08-11,Ashkelon_IL,CHL,my,0.03984,0.03984,0.03816,0.1249,0.9502
2022-08-12,Ashkelon_IL,CHL,my,0.1646,0.1646,0.118,0.3205,0.8358
2022-08-13,Ashkelon_IL,CHL,my,,0.5114,0.3512,0.8561,0.7363
2022-08-14,Ashkelon_IL,CHL,my,,0.1752,0.1156,0.2134,0.5721
2022-08-15,Ashkelon_IL,CHL,my,0.3384,0.3384,0.1897,0.5084,0.8806
2022-08-16,Ashkelon_IL,CHL,my,0.3786,0.3384,0.1658,0.7221,0.9502
2022-08-17,Ashkelon_IL,CHL,my,,0.2116,0.1166,0.2477,0.6269
2022-08-18,Ashkelon_IL,CHL,my,0.2367,0.211,0.1211,0.2647,0.8806
2022-08-19,Ashkelon_IL,CHL,my,0.2142,0.1863,0.1025,0.2818,0.9104
2022-08-20,Ashkelon_IL,CHL,my,0.3535,0.4854,0.2853,0.7954,0.5721
2022-08-21,Ashkelon_IL,CHL,my,0.2329,0.2099,0.1036,0.281,0.8806
2022-08-22,Ashkelon_IL,CHL,my,0.1338,0.1338,0.124,0.8543,1
2022-08-23,Ashkelon_IL,CHL,my,0.4629,0.4629,0.3534,1.545,0.8259
2022-08-24,Ashkelon_IL,CHL,my,0.2367,0.74,0.4852,1.272,0.9502
2022-08-25,Ashkelon_IL,CHL,my,,0.1929,0.132,0.2437,0.5274
2022-08-26,Ashkelon_IL,CHL,my,0.1881,0.1881,0.1029,0.3685,0.9502
2022-08-27,Ashkelon_IL,CHL,my,0.1275,0.1134,0.07989,0.1661,0.9104
2022-08-31,Ashkelon_IL,CHL,my,,0.07283,0.05763,0.08996,0.5224
2022-09-05,Ashkelon_IL,CHL,my,0.2648,0.2522,0.1406,0.3004,0.806
2022-09-06,Ashkelon_IL,CHL,my,0.2715,0.2715,0.1527,0.4036,0.8259
2022-09-07,Ashkelon_IL,CHL,my,0.4906,0.5226,0.3535,1.312,1
2022-09-08,Ashkelon_IL,CHL,my,0.5063,0.5063,0.3491,1.097,0.9502
2022-09-09,Ashkelon_IL,CHL,my,0.5564,0.5564,0.5218,1.164,1
2022-09-10,Ashkelon_IL,CHL,my,0.5139,0.2939,0.2127,0.5139,0.806
2022-09-11,Ashkelon_IL,CHL,my,0.406,0.406,0.2935,0.8319,0.9502
2022-09-12,Ashkelon_IL,CHL,my,0.2802,0.2802,0.2089,0.4773,0.9502
2022-09-14,Ashkelon_IL,CHL,my,0.5706,0.4918,0.304,0.5706,0.801
2022-09-15,Ashkelon_IL,CHL,my,1.342,1.534,0.9253,1.627,0.9502
2022-09-16,Ashkelon_IL,CHL,my,0.9644,1.004,0.5995,1.193,1
2022-09-17,Ashkelon_IL,CHL,my,0.4178,0.4178,0.286,0.5602,0.9502
2022-09-22,Ashkelon_IL,CHL,my,0.9924,0.9081,0.4265,0.9924,0.8756
2022-09-23,Ashkelon_IL,CHL,my,0.7554,0.7554,0.402,0.955,0.9104
2022-09-24,Ashkelon_IL,CHL,my,0.8267,0.7584,0.4163,0.8267,0.7313
2022-09-25,Ashkelon_IL,CHL,my,0.7765,0.3709,0.2314,0.7765,0.806
2022-09-26,Ashkelon_IL,CHL,my,0.5572,0.5572,0.2344,0.7493,0.9502
2022-09-27,Ashkelon_IL,CHL,my,0.3233,0.3233,0.1728,0.5314,0.9502
2022-09-28,Ashkelon_IL,CHL,my,0.2641,0.2641,0.1241,0.4909,0.9502
2022-09-29,Ashkelon_IL,CHL,my,0.1728,0.1619,0.08182,0.2319,0.9104
2022-09-30,Ashkelon_IL,CHL,my,0.1074,0.08154,0.05365,0.1307,0.9104
2022-10-01,Ashkelon_IL,CHL,my,0.1671,0.1417,0.08547,0.195,0.9502
2022-10-02,Ashkelon_IL,CHL,my,0.05587,0.05713,0.04431,0.09085,0.9502
2022-10-04,Ashkelon_IL,CHL,my,0.228,0.1814,0.1113,0.228,0.5821
2022-10-05,Ashkelon_IL,CHL,my,0.2824,0.2377,0.09917,0.321,0.8806
2022-10-06,Ashkelon_IL,CHL,my,0.4063,0.4063,0.2612,0.8758,0.7313
2022-10-09,Ashkelon_IL,CHL,my,1.01,1.01,0.4554,1.137,0.9502
2022-10-10,Ashkelon_IL,CHL,my,1.022,0.9215,0.3798,1.022,0.9104
2022-10-11,Ashkelon_IL,CHL,my,1.144,1.023,0.4503,1.144,0.9502
2022-10-12,Ashkelon_IL,CHL,my,0.3183,0.3183,0.2213,0.5564,0.7711
2022-10-13,Ashkelon_IL,CHL,my,0.185,0.185,0.119,0.3373,0.8408
2022-10-14,Ashkelon_IL,CHL,my,0.609,0.3921,0.2412,0.8074,0.9104
2022-10-15,Ashkelon_IL,CHL,my,0.7826,0.6164,0.2742,0.7826,0.9502
2022-10-16,Ashkelon_IL,CHL,my,0.5419,0.5419,0.2359,0.8433,0.9502
2022-10-17,Ashkelon_IL,CHL,my,0.7559,0.7378,0.3317,0.776,0.9502
2022-10-18,Ashkelon_IL,CHL,my,0.8547,0.837,0.4614,0.8736,0.9104
2022-10-19,Ashkelon_IL,CHL,my,0.442,0.442,0.2662,0.7888,0.9502
2022-10-20,Ashkelon_IL,CHL,my,0.5938,0.4989,0.3003,0.6152,0.9502
2022-10-22,Ashkelon_IL,CHL,my,0.3783,,,,0.4925
2022-10-24,Ashkelon_IL,CHL,my,0.3727,0.3742,0.2541,0.375,0.5522
2022-10-27,Ashkelon_IL,CHL,my,0.5372,0.4695,0.2281,0.5372,0.8806
2022-10-28,Ashkelon_IL,CHL,my,0.4086,0.4086,0.2224,0.4718,0.7612
2022-10-31,Ashkelon_IL,CHL,my,0.4094,0.4071,0.2383,0.4529,1
2022-11-01,Ashkelon_IL,CHL,my,0.6407,0.2847,0.1628,0.6407,0.9502
2022-11-02,Ashkelon_IL,CHL,my,0.3479,0.378,0.2513,0.5924,0.9204
2022-11-03,Ashkelon_IL,CHL,my,0.8071,0.7769,0.3671,0.8758,0.9502
2022-11-04,Ashkelon_IL,CHL,my,0.5701,0.4934,0.2023,0.595,1
2022-11-05,Ashkelon_IL,CHL,my,0.4273,0.4273,0.183,0.6401,0.9502
2022-11-07,Ashkelon_IL,CHL,my,0.3948,0.3894,0.1986,0.5605,1
2022-11-09,Ashkelon_IL,CHL,my,0.5879,0.5879,0.328,0.7247,0.9502
2022-11-10,Ashkelon_IL,CHL,my,0.2851,0.2851,0.1966,0.5824,0.9502
2022-11-11,Ashkelon_IL,CHL,my,1.064,1.014,0.4534,1.112,0.9502
2022-11-12,Ashkelon_IL,CHL,my,0.8889,0.9292,0.5853,1.139,1
2022-11-13,Ashkelon_IL,CHL,my,0.3734,0.3936,0.21,0.4455,0.9502
2022-11-16,Ashkelon_IL,CHL,my,0.4575,0.4502,0.2721,0.4846,0.7711
2022-11-18,Ashkelon_IL,CHL,my,0.5708,0.5708,0.2753,0.6963,0.9502
2022-11-19,Ashkelon_IL,CHL,my,0.355,0.3788,0.2448,0.745,0.9502
2022-11-20,Ashkelon_IL,CHL,my,0.5939,0.5939,0.2736,0.6923,0.9502
2022-11-23,Ashkelon_IL,CHL,my,0.1129,0.1129,0.08978,0.1744,0.9502
2022-11-26,Ashkelon_IL,CHL,my,0.8466,,,,0.2488
2022-11-28,Ashkelon_IL,CHL,my,0.3289,0.3289,0.2543,0.6737,0.9502
2022-11-30,Ashkelon_IL,CHL,my,0.4675,0.3102,0.1928,0.4675,0.8806
2022-12-01,Ashkelon_IL,CHL,my,0.1181,0.1181,0.1216,0.3539,0.9502
2022-12-02,Ashkelon_IL,CHL,my,0.1516,0.1516,0.143,0.3663,1
2022-12-03,Ashkelon_IL,CHL,my,0.2971,0.2971,0.184,0.305,0.592
2022-12-04,Ashkelon_IL,CHL,my,0.4139,0.3745,0.1839,0.4139,0.9502
2022-12-05,Ashkelon_IL,CHL,my,0.3139,0.2481,0.1619,0.3355,0.9104
2022-12-06,Ashkelon_IL,CHL,my,0.2565,0.2715,0.2035,0.3173,0.6119
2022-12-08,Ashkelon_IL,CHL,my,0.3323,0.3323,0.2721,0.3532,0.5224
2022-12-09,Ashkelon_IL,CHL,my,0.237,0.237,0.2017,0.2942,0.7015
2022-12-10,Ashkelon_IL,CHL,my,0.2219,0.2219,0.1792,0.2756,0.9104
2022-12-11,Ashkelon_IL,CHL,my,0.3356,0.3555,0.2755,0.4746,0.8806
2022-12-12,Ashkelon_IL,CHL,my,,0.2016,0.1848,0.2915,0.7015
2022-12-14,Ashkelon_IL,CHL,my,0.3953,0.364,0.2335,0.4322,0.9502
2022-12-15,Ashkelon_IL,CHL,my,0.3191,0.2747,0.2111,0.3191,0.9104
2022-12-16,Ashkelon_IL,CHL,my,0.3627,0.246,0.2355,0.4352,0.9502
2022-12-17,Ashkelon_IL,CHL,my,0.3565,0.3565,0.2658,0.7227,0.9502
2022-12-18,Ashkelon_IL,CHL,my,0.7102,0.6374,0.3471,0.802,0.9502
2022-12-19,Ashkelon_IL,CHL,my,0.3768,0.3768,0.2492,0.5441,0.9502
2022-12-20,Ashkelon_IL,CHL,my,0.3395,0.3395,0.2206,0.4617,0.9502
2022-12-21,Ashkelon_IL,CHL,my,,0.1825,0.1292,0.3084,0.7065
2022-12-22,Ashkelon_IL,CHL,my,0.3064,0.2539,0.1561,0.3866,0.9104
2022-12-28,Ashkelon_IL,CHL,my,0.8467,0.847,0.4485,0.9918,0.9104
2022-12-29,Ashkelon_IL,CHL,my,0.4896,0.5358,0.4649,0.9881,0.9502
2022-12-30,Ashkelon_IL,CHL,my,0.5417,0.5121,0.3559,0.5877,0.8806
2022-12-31,Ashkelon_IL,CHL,my,0.7461,0.6042,0.3136,0.7999,0.9502
2022-01-01,Bardawil_off,CHL,my,2.732,,,,0.3132
2022-01-03,Bardawil_off,CHL,my,1.991,1.966,1.242,3.097,0.9396
2022-01-04,Bardawil_off,CHL,my,5.472,5.431,2.457,6.278,1
2022-01-05,Bardawil_off,CHL,my,4.938,2.781,1.644,5.211,1
2022-01-06,Bardawil_off,CHL,my,1.836,1.836,1.07,3.135,0.9396
2022-01-07,Bardawil_off,CHL,my,1.713,1.266,0.9182,2.077,1
2022-01-10,Bardawil_off,CHL,my,,2.519,1.777,2.589,0.8736
2022-01-11,Bardawil_off,CHL,my,2.05,2.142,1.511,2.264,1
2022-01-13,Bardawil_off,CHL,my,2.276,2.167,1.464,2.595,1
2022-01-14,Bardawil_off,CHL,my,5.054,4.888,4.297,5.054,0.7527
2022-01-18,Bardawil_off,CHL,my,3.375,3.415,2.38,3.804,1
2022-01-20,Bardawil_off,CHL,my,5.963,5.963,4.909,6.127,0.511
2022-01-21,Bardawil_off,CHL,my,3.335,3.248,2.425,3.482,1
2022-01-22,Bardawil_off,CHL,my,2.073,2.774,1.641,2.928,1
2022-01-23,Bardawil_off,CHL,my,4.268,4.264,3.604,4.452,0.6868
2022-01-25,Bardawil_off,CHL,my,5.213,5.817,4.774,6.148,1
2022-01-29,Bardawil_off,CHL,my,5.575,4.955,3.739,5.575,1
2022-01-30,Bardawil_off,CHL,my,4.003,3.737,2.413,4.003,1
2022-01-31,Bardawil_off,CHL,my,,3.174,1.949,4.045,0.6209
2022-02-02,Bardawil_off,CHL,my,2.504,2.324,1.753,2.6,1
2022-02-03,Bardawil_off,CHL,my,2.807,2.776,2.22,3.599,1
2022-02-05,Bardawil_off,CHL,my,5.219,5.101,3.674,5.263,1
2022-02-06,Bardawil_off,CHL,my,4.886,4.666,3.478,5.262,1
2022-02-07,Bardawil_off,CHL,my,2.93,3.24,2.356,3.415,1
2022-02-08,Bardawil_off,CHL,my,2.029,2.016,1.706,2.066,1
2022-02-09,Bardawil_off,CHL,my,2.157,2.151,2.064,2.17,0.5
2022-02-10,Bardawil_off,CHL,my,8.638,8.638,5.686,8.999,0.5055
2022-02-11,Bardawil_off,CHL,my,5.322,4.989,3.637,5.322,0.9505
2022-02-12,Bardawil_off,CHL,my,2.097,2.122,2.08,2.928,1
2022-02-13,Bardawil_off,CHL,my,2.258,2.152,1.644,2.49,1
2022-02-14,Bardawil_off,CHL,my,1.652,,,,0.489
2022-02-15,Bardawil_off,CHL,my,1.688,1.636,1.18,1.798,1
2022-02-16,Bardawil_off,CHL,my,2.176,2.087,1.552,2.49,0.8132
2022-02-21,Bardawil_off,CHL,my,2.216,2.19,1.764,2.403,1
2022-02-22,Bardawil_off,CHL,my,2.42,2.255,1.682,2.42,1
2022-02-23,Bardawil_off,CHL,my,2.614,2.604,1.782,2.694,1
2022-02-24,Bardawil_off,CHL,my,,2.396,1.835,2.774,0.6209
2022-02-25,Bardawil_off,CHL,my,3.405,,,,0.3791
2022-02-26,Bardawil_off,CHL,my,4.888,3.848,3.138,5.248,1
2022-02-27,Bardawil_off,CHL,my,2.353,2.405,1.996,3.026,1
2022-02-28,Bardawil_off,CHL,my,2.391,2.209,1.81,2.475,1
2022-03-03,Bardawil_off,CHL,my,,4.799,3.856,4.883,0.5055
2022-03-04,Bardawil_off,CHL,my,3.415,3.294,2.627,3.449,0.9396
2022-03-05,Bardawil_off,CHL,my,4.371,4.488,3.771,4.578,1
2022-03-10,Bardawil_off,CHL,my,2.667,2.471,2.039,2.667,1
2022-03-14,Bardawil_off,CHL,my,4.603,4.67,4.275,4.711,0.6154
2022-03-17,Bardawil_off,CHL,my,2.362,,,,0.1923
2022-03-18,Bardawil_off,CHL,my,2.191,2.11,1.943,2.21,0.7527
2022-03-23,Bardawil_off,CHL,my,2.199,2.185,1.862,2.242,1
2022-03-24,Bardawil_off,CHL,my,4.602,4.481,3.331,4.914,0.9505
2022-03-25,Bardawil_off,CHL,my,3.176,3.042,2.028,3.183,0.8077
2022-03-26,Bardawil_off,CHL,my,3.485,3.091,2.257,3.485,1
2022-03-27,Bardawil_off,CHL,my,2.259,2.231,1.832,2.277,1
2022-03-28,Bardawil_off,CHL,my,2.096,2.036,1.769,2.096,1
2022-03-29,Bardawil_off,CHL,my,2.201,2.113,1.686,2.233,1
2022-03-30,Bardawil_off,CHL,my,1.912,1.827,1.588,1.951,1
2022-04-04,Bardawil_off,CHL,my,1.582,1.515,1.208,1.582,0.9341
2022-04-05,Bardawil_off,CHL,my,2.062,1.738,1.487,2.299,0.7692
2022-04-09,Bardawil_off,CHL,my,1.6,1.49,1.239,1.7,1
2022-04-11,Bardawil_off,CHL,my,2.213,2.159,1.696,2.213,0.9341
2022-04-12,Bardawil_off,CHL,my,2,1.949,1.641,2.063,0.8187
2022-04-13,Bardawil_off,CHL,my,1.938,1.897,1.687,1.974,1
2022-04-14,Bardawil_off,CHL,my,2.082,1.99,1.762,2.131,1
2022-04-15,Bardawil_off,CHL,my,1.978,1.862,1.616,2.011,1
2022-04-20,Bardawil_off,CHL,my,1.693,1.542,1.42,1.949,1
2022-04-21,Bardawil_off,CHL,my,1.665,1.549,1.33,1.804,0.8132
2022-04-22,Bardawil_off,CHL,my,2.003,,,,0.2747
2022-04-23,Bardawil_off,CHL,my,1.954,1.812,1.516,2.107,1
2022-04-26,Bardawil_off,CHL,my,2.296,2.217,1.67,2.473,0.7473
2022-04-27,Bardawil_off,CHL,my,,1.527,1.127,1.675,0.7473
2022-04-28,Bardawil_off,CHL,my,1.497,1.313,1.002,1.572,1
2022-04-29,Bardawil_off,CHL,my,2.026,2.012,1.463,2.212,0.6209
2022-05-03,Bardawil_off,CHL,my,2.075,2.037,1.555,2.112,0.9341
2022-05-06,Bardawil_off,CHL,my,5.891,5.891,4.532,5.924,1
2022-05-07,Bardawil_off,CHL,my,2.95,2.95,2.189,3.164,1
2022-05-08,Bardawil_off,CHL,my,2.394,2.243,1.933,2.482,1
2022-05-10,Bardawil_off,CHL,my,2.342,2.284,1.826,2.438,1
2022-05-12,Bardawil_off,CHL,my,2.381,2.227,1.811,2.49,1
2022-05-15,Bardawil_off,CHL,my,2.302,2.089,1.599,2.302,0.8132
2022-05-17,Bardawil_off,CHL,my,1.882,1.719,1.463,2.012,1
2022-05-18,Bardawil_off,CHL,my,1.873,1.764,1.556,2.011,1
2022-05-19,Bardawil_off,CHL,my,1.829,1.571,1.433,1.976,1
2022-05-20,Bardawil_off,CHL,my,1.947,1.724,1.354,1.985,1
2022-05-22,Bardawil_off,CHL,my,3.581,2.179,2.084,3.581,1
2022-05-23,Bardawil_off,CHL,my,3.22,2.105,1.904,3.22,1
2022-05-24,Bardawil_off,CHL,my,2.135,1.938,1.609,2.192,1
2022-05-25,Bardawil_off,CHL,my,2.211,2.081,1.667,2.331,1
2022-05-26,Bardawil_off,CHL,my,2.161,1.948,1.461,2.302,1
2022-05-27,Bardawil_off,CHL,my,2.107,1.837,1.272,2.307,1
2022-05-29,Bardawil_off,CHL,my,2.065,1.979,1.272,2.277,1
2022-05-30,Bardawil_off,CHL,my,1.659,1.547,1.016,1.748,1
2022-05-31,Bardawil_off,CHL,my,1.67,1.564,1.112,1.881,1
2022-06-01,Bardawil_off,CHL,my,2.157,1.916,1.188,2.205,1
2022-06-02,Bardawil_off,CHL,my,1.802,1.739,0.9326,1.802,1
2022-06-03,Bardawil_off,CHL,my,2.151,2.017,1.157,2.185,1
2022-06-04,Bardawil_off,CHL,my,1.934,1.717,1.14,1.959,1
2022-06-05,Bardawil_off,CHL,my,1.933,1.895,1.201,1.941,1
2022-06-06,Bardawil_off,CHL,my,1.705,1.509,1.056,1.827,1
2022-06-07,Bardawil_off,CHL,my,1.573,1.53,1.043,1.616,1
2022-06-08,Bardawil_off,CHL,my,1.969,1.84,1.197,1.974,1
2022-06-09,Bardawil_off,CHL,my,1.963,1.939,1.308,1.988,0.8077
2022-06-10,Bardawil_off,CHL,my,2.119,2.068,1.532,2.126,1
2022-06-12,Bardawil_off,CHL,my,2.114,1.982,1.545,2.192,1
2022-06-13,Bardawil_off,CHL,my,1.952,1.771,1.157,2.054,1
2022-06-14,Bardawil_off,CHL,my,2.048,1.932,1.42,2.115,1
2022-06-15,Bardawil_off,CHL,my,1.917,1.757,1.289,1.985,1
2022-06-16,Bardawil_off,CHL,my,1.697,1.632,1.156,1.767,0.956
2022-06-18,Bardawil_off,CHL,my,2.076,2.067,1.716,2.12,0.6099
2022-06-19,Bardawil_off,CHL,my,3.164,2.288,1.777,3.164,1
2022-06-20,Bardawil_off,CHL,my,3.183,2.23,1.855,3.288,1
2022-06-21,Bardawil_off,CHL,my,2.288,,,,0.1264
2022-06-22,Bardawil_off,CHL,my,,3.467,2.192,3.69,0.8132
2022-06-23,Bardawil_off,CHL,my,3.564,3.418,2.153,3.615,1
2022-06-24,Bardawil_off,CHL,my,,2.306,1.762,2.64,0.8077
2022-06-25,Bardawil_off,CHL,my,2.185,2.102,1.515,2.209,0.8791
2022-06-26,Bardawil_off,CHL,my,4.285,2.223,2.213,4.525,1
2022-06-27,Bardawil_off,CHL,my,2.404,2.088,1.603,2.466,1
2022-06-28,Bardawil_off,CHL,my,2.264,2.264,1.923,2.321,0.5165
2022-06-29,Bardawil_off,CHL,my,1.947,1.789,1.413,1.947,1
2022-06-30,Bardawil_off,CHL,my,1.872,1.722,1.442,1.9,1
2022-07-01,Bardawil_off,CHL,my,1.57,1.437,1.109,1.663,1
2022-07-02,Bardawil_off,CHL,my,1.725,1.656,1.178,1.758,0.8297
2022-07-03,Bardawil_off,CHL,my,1.856,1.697,1.118,1.856,1
2022-07-04,Bardawil_off,CHL,my,1.958,1.614,1.087,1.976,1
2022-07-05,Bardawil_off,CHL,my,1.957,1.656,1.023,2.042,1
2022-07-06,Bardawil_off,CHL,my,2.004,1.567,1.246,2.037,1
2022-07-07,Bardawil_off,CHL,my,2.123,2.039,1.519,2.163,1
2022-07-08,Bardawil_off,CHL,my,2.233,2.122,1.599,2.294,0.6154
2022-07-09,Bardawil_off,CHL,my,1.995,1.95,1.496,2.116,1
2022-07-11,Bardawil_off,CHL,my,1.963,1.854,1.506,1.991,1
2022-07-12,Bardawil_off,CHL,my,2.082,2.024,1.636,2.13,1
2022-07-13,Bardawil_off,CHL,my,2.072,1.917,1.558,2.072,0.956
2022-07-14,Bardawil_off,CHL,my,2.037,1.929,1.53,2.063,1
2022-07-15,Bardawil_off,CHL,my,2.05,1.984,1.718,2.054,1
2022-07-16,Bardawil_off,CHL,my,2.069,1.944,1.606,2.071,1
2022-07-17,Bardawil_off,CHL,my,2.034,2.024,1.635,2.039,1
2022-07-18,Bardawil_off,CHL,my,1.925,1.713,1.36,1.936,0.8132
2022-07-19,Bardawil_off,CHL,my,2.237,2.014,1.555,2.283,1
2022-07-20,Bardawil_off,CHL,my,1.995,1.973,1.339,2.079,1
2022-07-21,Bardawil_off,CHL,my,2.224,2.116,1.645,2.224,0.8956
2022-07-22,Bardawil_off,CHL,my,2.08,2.045,1.711,2.08,1
2022-07-23,Bardawil_off,CHL,my,2.028,2.028,1.783,2.036,1
2022-07-24,Bardawil_off,CHL,my,1.98,1.911,1.528,2.065,1
2022-07-25,Bardawil_off,CHL,my,1.925,1.881,1.55,1.994,1
2022-07-26,Bardawil_off,CHL,my,1.894,1.855,1.511,1.964,1
2022-07-27,Bardawil_off,CHL,my,1.899,1.899,1.379,2.002,1
2022-07-28,Bardawil_off,CHL,my,1.783,1.73,1.284,1.994,1
2022-07-29,Bardawil_off,CHL,my,1.633,1.616,1.261,1.675,0.978
2022-07-30,Bardawil_off,CHL,my,1.583,1.583,1.227,1.697,1
2022-07-31,Bardawil_off,CHL,my,,1.593,1.441,1.683,0.522
2022-08-01,Bardawil_off,CHL,my,1.778,1.778,1.399,1.908,0.7527
2022-08-02,Bardawil_off,CHL,my,1.771,1.754,1.464,1.808,1
2022-08-04,Bardawil_off,CHL,my,1.759,1.687,1.398,1.792,0.8791
2022-08-07,Bardawil_off,CHL,my,1.852,1.624,1.286,1.885,1
2022-08-08,Bardawil_off,CHL,my,1.812,1.641,1.195,1.934,1
2022-08-09,Bardawil_off,CHL,my,1.658,1.647,1.18,1.7,1
2022-08-10,Bardawil_off,CHL,my,,1.557,1.066,1.795,0.8791
2022-08-11,Bardawil_off,CHL,my,1.654,1.572,1.074,1.745,1
2022-08-12,Bardawil_off,CHL,my,1.679,1.632,1.079,1.78,0.8626
2022-08-13,Bardawil_off,CHL,my,1.843,1.706,1.255,1.923,1
2022-08-14,Bardawil_off,CHL,my,1.773,1.699,1.189,1.861,0.956
2022-08-15,Bardawil_off,CHL,my,2.112,2.034,1.421,2.128,1
2022-08-17,Bardawil_off,CHL,my,,2.051,1.574,2.433,0.7473
2022-08-18,Bardawil_off,CHL,my,1.812,1.727,1.257,1.841,1
2022-08-19,Bardawil_off,CHL,my,1.683,1.618,1.34,1.759,0.8132
2022-08-21,Bardawil_off,CHL,my,1.767,1.656,1.169,1.819,1
2022-08-22,Bardawil_off,CHL,my,1.983,1.615,1.269,2.404,1
2022-08-23,Bardawil_off,CHL,my,1.855,1.707,1.181,2.256,1
2022-08-24,Bardawil_off,CHL,my,1.607,1.475,1.087,1.91,1
2022-08-26,Bardawil_off,CHL,my,1.78,1.526,1.15,1.887,1
2022-08-27,Bardawil_off,CHL,my,1.984,1.784,1.097,2.021,1
2022-09-05,Bardawil_off,CHL,my,1.745,1.676,1.225,1.915,1
2022-09-06,Bardawil_off,CHL,my,1.786,,,,0.456
2022-09-07,Bardawil_off,CHL,my,1.907,1.989,1.785,2.042,0.5659
2022-09-08,Bardawil_off,CHL,my,1.952,1.926,1.499,1.952,1
2022-09-09,Bardawil_off,CHL,my,2.267,1.928,1.528,2.46,1
2022-09-11,Bardawil_off,CHL,my,1.822,1.509,1.213,2.095,1
2022-09-12,Bardawil_off,CHL,my,1.824,1.612,1.323,1.937,1
2022-09-13,Bardawil_off,CHL,my,1.895,1.871,1.263,1.97,0.8736
2022-09-14,Bardawil_off,CHL,my,1.63,,,,0.3736
2022-09-15,Bardawil_off,CHL,my,1.842,1.732,1.227,1.912,1
2022-09-16,Bardawil_off,CHL,my,1.925,1.96,1.474,2.04,1
2022-09-17,Bardawil_off,CHL,my,1.597,1.585,1.046,1.649,0.6264
2022-09-18,Bardawil_off,CHL,my,1.649,1.643,1.228,1.652,1
2022-09-19,Bardawil_off,CHL,my,1.493,1.474,1.095,1.616,0.9396
2022-09-20,Bardawil_off,CHL,my,1.863,1.895,1.429,2.023,1
2022-09-22,Bardawil_off,CHL,my,2.114,1.97,1.483,2.295,1
2022-09-23,Bardawil_off,CHL,my,,1.652,1.224,1.98,0.6209
2022-09-24,Bardawil_off,CHL,my,2.435,2.007,1.456,2.435,0.8736
2022-09-26,Bardawil_off,CHL,my,2.22,2.054,1.505,2.365,1
2022-09-27,Bardawil_off,CHL,my,2.419,2.09,1.508,2.419,1
2022-09-28,Bardawil_off,CHL,my,2.172,2.187,1.576,2.396,1
2022-09-29,Bardawil_off,CHL,my,2.569,2.558,1.787,3.729,1
2022-09-30,Bardawil_off,CHL,my,2.368,2.334,1.544,2.47,1
2022-10-01,Bardawil_off,CHL,my,2.211,2.142,1.463,2.361,1
2022-10-02,Bardawil_off,CHL,my,,1.871,1.255,2.13,0.8791
2022-10-04,Bardawil_off,CHL,my,2.291,2.13,1.71,2.378,1
2022-10-05,Bardawil_off,CHL,my,2.416,2.416,1.853,2.588,1
2022-10-06,Bardawil_off,CHL,my,2.249,2.076,1.601,2.265,1
2022-10-07,Bardawil_off,CHL,my,2.243,2.191,1.713,2.26,1
2022-10-08,Bardawil_off,CHL,my,2.262,,,,0.3077
2022-10-11,Bardawil_off,CHL,my,1.785,,,,0.2527
2022-10-12,Bardawil_off,CHL,my,,1.656,1.404,1.799,0.6264
2022-10-13,Bardawil_off,CHL,my,,1.251,0.8512,1.767,0.6429
2022-10-15,Bardawil_off,CHL,my,2.506,2.39,1.463,2.563,1
2022-10-17,Bardawil_off,CHL,my,4.274,2.574,1.756,4.285,1
2022-10-18,Bardawil_off,CHL,my,2.502,2.231,1.317,2.566,1
2022-10-19,Bardawil_off,CHL,my,2.356,2.07,1.568,2.437,0.6648
2022-10-20,Bardawil_off,CHL,my,2.144,1.966,1.292,2.231,1
2022-10-22,Bardawil_off,CHL,my,1.938,1.762,1.274,2.015,0.7033
2022-10-24,Bardawil_off,CHL,my,1.739,1.696,1.457,1.831,0.6868
2022-10-27,Bardawil_off,CHL,my,2.519,2.444,1.637,2.674,0.8736
2022-11-01,Bardawil_off,CHL,my,2.619,2.582,1.808,2.645,0.7527
2022-11-02,Bardawil_off,CHL,my,3.319,2.63,1.809,4.244,1
2022-11-03,Bardawil_off,CHL,my,1.922,1.743,1.351,2.032,0.8077
2022-11-04,Bardawil_off,CHL,my,2.391,2.391,1.7,2.717,1
2022-11-05,Bardawil_off,CHL,my,2.735,2.735,1.923,3.062,1
2022-11-06,Bardawil_off,CHL,my,2.245,2.303,1.77,2.454,1
2022-11-07,Bardawil_off,CHL,my,2.496,2.178,1.559,2.576,1
2022-11-08,Bardawil_off,CHL,my,2.227,1.7,1.304,2.227,1
2022-11-10,Bardawil_off,CHL,my,1.903,1.866,1.339,2.168,0.9396
2022-11-12,Bardawil_off,CHL,my,2.296,1.669,1.127,2.688,1
2022-11-13,Bardawil_off,CHL,my,1.979,1.343,1.167,2.297,1
2022-11-15,Bardawil_off,CHL,my,,1.176,0.7742,1.286,0.5
2022-11-16,Bardawil_off,CHL,my,2.264,2.037,1.352,2.575,0.9396
2022-11-17,Bardawil_off,CHL,my,2.957,2.738,1.617,3.105,1
2022-11-18,Bardawil_off,CHL,my,3.356,2.716,1.38,3.54,1
2022-11-19,Bardawil_off,CHL,my,3.288,2.612,1.445,3.288,1
2022-11-20,Bardawil_off,CHL,my,2.601,2.292,1.305,2.769,1
2022-11-21,Bardawil_off,CHL,my,1.967,1.967,1.413,2.075,0.7473
2022-11-23,Bardawil_off,CHL,my,1.865,1.522,1.097,2.037,1
2022-11-25,Bardawil_off,CHL,my,4.741,3.689,2.39,5.231,1
2022-11-26,Bardawil_off,CHL,my,4.918,4.053,2.668,4.918,1
2022-11-29,Bardawil_off,CHL,my,2.962,2.574,1.722,4.189,1
2022-11-30,Bardawil_off,CHL,my,2.521,2.156,1.575,3.442,1
2022-12-01,Bardawil_off,CHL,my,3.9,3.041,2.143,6.252,1
2022-12-02,Bardawil_off,CHL,my,2.757,2.757,1.986,3.111,0.5
2022-12-04,Bardawil_off,CHL,my,2.557,2.263,1.277,2.701,1
2022-12-05,Bardawil_off,CHL,my,1.786,1.591,1.033,1.867,1
2022-12-07,Bardawil_off,CHL,my,2.673,2.204,1.498,2.841,0.8132
2022-12-08,Bardawil_off,CHL,my,3.197,2.031,1.381,3.593,1
2022-12-09,Bardawil_off,CHL,my,3.002,2.161,1.432,4.323,1
2022-12-10,Bardawil_off,CHL,my,2.786,1.532,1.124,3.355,1
2022-12-11,Bardawil_off,CHL,my,2.297,1.544,1.077,2.422,1
2022-12-12,Bardawil_off,CHL,my,,1.409,1.084,1.605,0.5
2022-12-14,Bardawil_off,CHL,my,,1.348,0.9448,1.381,0.5
2022-12-15,Bardawil_off,CHL,my,1.946,1.134,1.013,2.298,1
2022-12-16,Bardawil_off,CHL,my,1.864,1.426,0.8709,2.073,1
2022-12-17,Bardawil_off,CHL,my,2.153,1.526,1.037,3.261,1
2022-12-18,Bardawil_off,CHL,my,2.676,1.909,1.313,2.918,1
2022-12-19,Bardawil_off,CHL,my,2.009,1.704,1.372,2.217,1
2022-12-20,Bardawil_off,CHL,my,1.899,1.785,1.436,2.126,0.7527
2022-12-21,Bardawil_off,CHL,my,2.403,,,,0.2308
2022-12-22,Bardawil_off,CHL,my,2.62,2.442,1.687,2.651,1
2022-12-27,Bardawil_off,CHL,my,5.082,4.603,3.238,5.082,1
2022-12-28,Bardawil_off,CHL,my,4.627,3.396,2.747,4.839,1
2022-12-29,Bardawil_off,CHL,my,3.421,2.468,1.727,3.475,1
2022-12-30,Bardawil_off,CHL,my,2.714,2.515,1.69,2.782,1
2022-12-31,Bardawil_off,CHL,my,2.714,2.575,1.638,2.822,0.9396
2022-01-03,Damietta_mouth,CHL,my,,1.618,0.9691,1.648,0.8187
2022-01-05,Damietta_mouth,CHL,my,3.015,1.403,0.9509,3.622,1
2022-01-06,Damietta_mouth,CHL,my,2.378,1.462,0.9513,2.751,1
2022-01-07,Damietta_mouth,CHL,my,2.978,2.469,1.352,5.369,1
2022-01-08,Damietta_mouth,CHL,my,1.338,,,,0.2582
2022-01-09,Damietta_mouth,CHL,my,2.529,1.727,1.111,2.738,1
2022-01-11,Damietta_mouth,CHL,my,4.4,3.941,2.498,4.747,1
2022-01-14,Damietta_mouth,CHL,my,,5.721,3.529,6.525,0.9396
2022-01-18,Damietta_mouth,CHL,my,4.644,4.546,2.884,4.77,1
2022-01-21,Damietta_mouth,CHL,my,3.374,1.99,2.074,3.801,1
2022-01-22,Damietta_mouth,CHL,my,2.353,2.058,1.858,3.257,1
2022-01-24,Damietta_mouth,CHL,my,,1.868,1.711,2.941,0.511
2022-01-25,Damietta_mouth,CHL,my,5.788,5.745,3.748,6.063,1
2022-01-28,Damietta_mouth,CHL,my,,6.078,4.055,7.768,0.6923
2022-01-29,Damietta_mouth,CHL,my,4.23,4.077,2.901,4.422,1
2022-01-30,Damietta_mouth,CHL,my,2.677,2.609,1.933,2.787,0.8791
2022-01-31,Damietta_mouth,CHL,my,,1.75,1.542,2.251,0.5714
2022-02-01,Damietta_mouth,CHL,my,,2.081,1.704,3.142,0.6319
2022-02-02,Damietta_mouth,CHL,my,,2.395,1.641,2.5,0.6868
2022-02-06,Damietta_mouth,CHL,my,4.688,4.233,3.103,4.688,1
2022-02-07,Damietta_mouth,CHL,my,3.258,3.12,2.086,3.388,1
2022-02-08,Damietta_mouth,CHL,my,2.632,2.547,1.778,2.739,1
2022-02-09,Damietta_mouth,CHL,my,4.541,4.367,2.98,4.541,0.8022
2022-02-11,Damietta_mouth,CHL,my,5.183,5.069,4.045,5.338,1
2022-02-12,Damietta_mouth,CHL,my,3.254,3.121,2.239,3.44,1
2022-02-13,Damietta_mouth,CHL,my,3.134,2.085,1.87,3.524,1
2022-02-14,Damietta_mouth,CHL,my,,1.892,1.549,2.049,0.6923
2022-02-15,Damietta_mouth,CHL,my,3.639,3.099,1.992,3.639,1
2022-02-20,Damietta_mouth,CHL,my,2.387,2.366,2.034,3.241,1
2022-02-21,Damietta_mouth,CHL,my,2.39,2.111,1.761,2.544,1
2022-02-22,Damietta_mouth,CHL,my,,2.372,1.519,2.635,0.6813
2022-02-23,Damietta_mouth,CHL,my,3.157,2.581,1.78,3.157,1
2022-02-26,Damietta_mouth,CHL,my,4.326,4.038,3.088,4.359,1
2022-02-27,Damietta_mouth,CHL,my,3.768,2.309,2.057,4.026,1
2022-02-28,Damietta_mouth,CHL,my,2.688,2.358,1.743,2.688,0.8791
2022-03-03,Damietta_mouth,CHL,my,7.938,,,,0.1209
2022-03-05,Damietta_mouth,CHL,my,5.257,4.076,2.938,5.257,1
2022-03-07,Damietta_mouth,CHL,my,4.027,4.027,2.809,4.913,0.8022
2022-03-08,Damietta_mouth,CHL,my,,2.615,2.195,4.148,0.9396
2022-03-09,Damietta_mouth,CHL,my,4.191,,,,0.1923
2022-03-17,Damietta_mouth,CHL,my,,2.008,1.588,2.249,0.7527
2022-03-22,Damietta_mouth,CHL,my,3.528,3.25,2.054,3.628,0.9396
2022-03-24,Damietta_mouth,CHL,my,5.432,5.349,3.151,5.738,1
2022-03-26,Damietta_mouth,CHL,my,3.625,2.375,2.065,4.222,1
2022-03-27,Damietta_mouth,CHL,my,,1.889,1.401,2.442,0.8132
2022-03-28,Damietta_mouth,CHL,my,3.404,2.299,1.774,3.476,1
2022-03-29,Damietta_mouth,CHL,my,2.542,2.322,1.829,3.528,1
2022-03-30,Damietta_mouth,CHL,my,2.107,1.943,1.509,2.279,1
2022-04-05,Damietta_mouth,CHL,my,2.707,2.377,1.615,2.817,1
2022-04-09,Damietta_mouth,CHL,my,1.928,1.659,1.223,1.965,1
2022-04-10,Damietta_mouth,CHL,my,,1.298,0.9829,1.867,0.6319
2022-04-11,Damietta_mouth,CHL,my,1.764,1.559,1.12,2.031,1
2022-04-12,Damietta_mouth,CHL,my,,1.397,1.101,2.046,0.5
2022-04-14,Damietta_mouth,CHL,my,3.141,2.249,1.666,3.294,0.8791
2022-04-15,Damietta_mouth,CHL,my,3.427,2.94,1.966,3.875,1
2022-04-19,Damietta_mouth,CHL,my,2.735,,,,0.1209
2022-04-20,Damietta_mouth,CHL,my,2.054,1.83,1.289,2.084,1
2022-04-24,Damietta_mouth,CHL,my,2.333,2.046,1.424,2.508,1
2022-04-26,Damietta_mouth,CHL,my,2.332,2.092,1.405,2.817,1
2022-04-27,Damietta_mouth,CHL,my,2.102,1.84,1.073,2.427,1
2022-04-28,Damietta_mouth,CHL,my,2.053,1.587,0.8519,2.08,1
2022-05-06,Damietta_mouth,CHL,my,3.984,3.729,2.359,4.003,1
2022-05-07,Damietta_mouth,CHL,my,,1.852,1.312,2.35,0.7582
2022-05-08,Damietta_mouth,CHL,my,3.804,3.733,2.094,4.032,0.8791
2022-05-09,Damietta_mouth,CHL,my,3.456,2.298,1.735,3.456,0.9396
2022-05-10,Damietta_mouth,CHL,my,3.059,2.708,1.825,3.196,1
2022-05-12,Damietta_mouth,CHL,my,2.062,1.8,1.256,2.141,1
2022-05-17,Damietta_mouth,CHL,my,2.073,1.589,1.098,2.983,1
2022-05-18,Damietta_mouth,CHL,my,3.056,1.602,1.282,6.335,1
2022-05-19,Damietta_mouth,CHL,my,2.061,2.212,1.214,2.505,1
2022-05-20,Damietta_mouth,CHL,my,1.949,1.607,1.035,2.12,1
2022-05-21,Damietta_mouth,CHL,my,2.145,1.71,1.08,2.224,0.9396
2022-05-22,Damietta_mouth,CHL,my,1.865,1.615,0.9622,2.107,1
2022-05-23,Damietta_mouth,CHL,my,2.081,1.759,1.19,2.219,1
2022-05-24,Damietta_mouth,CHL,my,1.835,1.689,0.9768,1.894,0.8077
2022-05-25,Damietta_mouth,CHL,my,1.769,1.754,1.104,2.613,1
2022-05-26,Damietta_mouth,CHL,my,1.69,1.557,0.9527,2.168,0.9396
2022-05-27,Damietta_mouth,CHL,my,1.545,1.176,0.689,1.645,1
2022-05-28,Damietta_mouth,CHL,my,1.606,1.155,0.7644,1.606,0.9396
2022-05-29,Damietta_mouth,CHL,my,2.276,1.154,0.7279,2.45,1
2022-05-30,Damietta_mouth,CHL,my,1.948,1.583,0.8465,2.07,1
2022-06-01,Damietta_mouth,CHL,my,1.455,1.214,0.662,1.524,1
2022-06-02,Damietta_mouth,CHL,my,1.509,1.139,0.5579,1.522,1
2022-06-03,Damietta_mouth,CHL,my,1.501,1.131,0.6301,1.501,0.9396
2022-06-04,Damietta_mouth,CHL,my,1.555,1.027,0.6207,1.76,1
2022-06-05,Damietta_mouth,CHL,my,1.575,1.324,0.7464,1.797,1
2022-06-07,Damietta_mouth,CHL,my,1.404,1.168,0.6665,2.472,1
2022-06-08,Damietta_mouth,CHL,my,1.374,1.001,0.6784,1.719,1
2022-06-09,Damietta_mouth,CHL,my,1.781,1.508,0.8888,1.781,0.8187
2022-06-10,Damietta_mouth,CHL,my,1.826,1.643,1.074,1.882,1
2022-06-11,Damietta_mouth,CHL,my,1.785,1.535,0.9515,1.959,1
2022-06-12,Damietta_mouth,CHL,my,1.537,1.436,0.8429,1.675,1
2022-06-13,Damietta_mouth,CHL,my,1.289,1.189,0.5779,1.477,1
2022-06-14,Damietta_mouth,CHL,my,1.568,1.423,0.7958,1.835,1
2022-06-15,Damietta_mouth,CHL,my,1.845,1.447,0.7652,1.845,1
2022-06-17,Damietta_mouth,CHL,my,,0.8093,0.4454,1.363,0.8132
2022-06-18,Damietta_mouth,CHL,my,1.693,1.012,0.6205,1.951,1
2022-06-19,Damietta_mouth,CHL,my,1.535,1.128,0.8029,2.908,1
2022-06-21,Damietta_mouth,CHL,my,1.696,1.543,0.911,1.955,0.6319
2022-06-22,Damietta_mouth,CHL,my,1.879,1.631,0.9701,2.023,1
2022-06-23,Damietta_mouth,CHL,my,1.712,1.526,0.9268,1.906,1
2022-06-25,Damietta_mouth,CHL,my,1.402,1.26,0.7268,1.783,1
2022-06-26,Damietta_mouth,CHL,my,2.027,1.404,0.9228,2.67,1
2022-06-27,Damietta_mouth,CHL,my,1.39,1.39,0.6903,1.792,1
2022-06-28,Damietta_mouth,CHL,my,1.683,1.136,0.701,1.744,1
2022-06-29,Damietta_mouth,CHL,my,1.438,1.168,0.628,1.723,1
2022-07-01,Damietta_mouth,CHL,my,1.607,0.8573,0.5347,1.872,1
2022-07-03,Damietta_mouth,CHL,my,1.089,1.019,0.5879,1.702,1
2022-07-04,Damietta_mouth,CHL,my,1.587,1.393,0.7428,1.587,1
2022-07-05,Damietta_mouth,CHL,my,1.546,0.9381,0.5997,1.853,1
2022-07-06,Damietta_mouth,CHL,my,1.522,1.294,0.7451,1.588,1
2022-07-07,Damietta_mouth,CHL,my,1.51,1.264,0.8257,2.125,1
2022-07-08,Damietta_mouth,CHL,my,1.442,1.178,0.681,1.694,0.9341
2022-07-09,Damietta_mouth,CHL,my,1.559,1.302,0.7503,1.559,1
2022-07-10,Damietta_mouth,CHL,my,1.396,1.396,0.788,1.809,1
2022-07-11,Damietta_mouth,CHL,my,1.632,1.366,0.9208,1.7,0.9396
2022-07-12,Damietta_mouth,CHL,my,2.535,1.54,1.044,2.629,1
2022-07-13,Damietta_mouth,CHL,my,1.873,1.564,0.9515,1.946,0.989
2022-07-15,Damietta_mouth,CHL,my,1.71,1.493,1.066,2.014,1
2022-07-16,Damietta_mouth,CHL,my,1.698,1.596,0.9834,1.988,0.8791
2022-07-17,Damietta_mouth,CHL,my,1.701,1.534,1.01,1.849,1
2022-07-18,Damietta_mouth,CHL,my,1.49,,,,0.3077
2022-07-19,Damietta_mouth,CHL,my,1.554,1.415,0.8167,2.491,1
2022-07-20,Damietta_mouth,CHL,my,1.579,1.397,0.7786,1.731,1
2022-07-22,Damietta_mouth,CHL,my,2.131,1.632,1.315,2.223,1
2022-07-23,Damietta_mouth,CHL,my,1.469,1.469,1.121,2.028,1
2022-07-24,Damietta_mouth,CHL,my,1.476,1.555,1.249,2.72,1
2022-07-25,Damietta_mouth,CHL,my,1.601,1.422,1.031,1.889,1
2022-07-26,Damietta_mouth,CHL,my,1.753,1.519,0.9888,2.019,1
2022-07-27,Damietta_mouth,CHL,my,1.679,1.458,0.9376,2.01,1
2022-07-28,Damietta_mouth,CHL,my,1.728,1.361,0.8351,1.75,1
2022-07-29,Damietta_mouth,CHL,my,1.65,1.201,0.743,1.65,0.8132
2022-07-30,Damietta_mouth,CHL,my,1.73,1.238,0.9396,2.66,1
2022-08-01,Damietta_mouth,CHL,my,1.725,1.478,1.095,1.833,1
2022-08-02,Damietta_mouth,CHL,my,1.777,1.517,0.9466,1.8,1
2022-08-04,Damietta_mouth,CHL,my,1.788,1.427,0.9954,1.788,1
2022-08-06,Damietta_mouth,CHL,my,1.357,1.203,0.8792,2.224,1
2022-08-07,Damietta_mouth,CHL,my,,1.173,0.6512,1.308,0.6923
2022-08-08,Damietta_mouth,CHL,my,1.664,1.378,0.7991,1.786,1
2022-08-09,Damietta_mouth,CHL,my,,1.232,0.731,1.502,0.8791
2022-08-10,Damietta_mouth,CHL,my,1.621,1.204,0.6949,1.81,0.8791
2022-08-11,Damietta_mouth,CHL,my,1.527,1.071,0.7298,2.049,1
2022-08-12,Damietta_mouth,CHL,my,1.703,1.163,0.7885,1.703,1
2022-08-13,Damietta_mouth,CHL,my,1.497,1.171,0.9156,2.115,1
2022-08-14,Damietta_mouth,CHL,my,2.033,1.542,1.049,2.244,1
2022-08-15,Damietta_mouth,CHL,my,1.461,1.426,0.9945,1.844,1
2022-08-16,Damietta_mouth,CHL,my,1.843,1.595,1.044,2.168,1
2022-08-18,Damietta_mouth,CHL,my,1.817,1.286,0.8671,2.09,1
2022-08-20,Damietta_mouth,CHL,my,1.365,1.096,0.7543,1.629,1
2022-08-21,Damietta_mouth,CHL,my,1.482,1.067,0.7632,1.739,1
2022-08-22,Damietta_mouth,CHL,my,1.428,1.148,0.7282,1.917,1
2022-08-23,Damietta_mouth,CHL,my,2.084,1.205,0.9435,2.461,1
2022-08-24,Damietta_mouth,CHL,my,2.015,1.64,1.166,2.207,1
2022-08-26,Damietta_mouth,CHL,my,1.369,1.109,0.6916,1.655,1
2022-08-28,Damietta_mouth,CHL,my,,1.071,0.7275,1.646,0.6264
2022-08-30,Damietta_mouth,CHL,my,1.489,1.489,0.9601,1.667,0.8187
2022-09-02,Damietta_mouth,CHL,my,,1.175,0.8126,1.423,0.6813
2022-09-03,Damietta_mouth,CHL,my,,1.074,0.7002,1.172,0.5714
2022-09-04,Damietta_mouth,CHL,my,1.606,1.044,0.7819,2.048,1
2022-09-05,Damietta_mouth,CHL,my,1.885,,,,0.3681
2022-09-07,Damietta_mouth,CHL,my,,1.355,1.007,1.479,0.5055
2022-09-08,Damietta_mouth,CHL,my,,1.529,0.9602,1.655,0.5055
2022-09-09,Damietta_mouth,CHL,my,,1.373,1.057,1.472,0.6923
2022-09-10,Damietta_mouth,CHL,my,1.908,1.678,1.256,2.324,0.8187
2022-09-11,Damietta_mouth,CHL,my,3.636,1.674,1.674,6.442,1
2022-09-12,Damietta_mouth,CHL,my,2.119,1.506,1.551,5.686,1
2022-09-13,Damietta_mouth,CHL,my,1.8,1.438,1.156,2.627,1
2022-09-14,Damietta_mouth,CHL,my,,1.586,1.179,1.87,0.8681
2022-09-15,Damietta_mouth,CHL,my,3.186,2.172,1.759,4.997,0.8132
2022-09-16,Damietta_mouth,CHL,my,2.523,2.16,1.518,3.174,1
2022-09-17,Damietta_mouth,CHL,my,2.501,1.528,1.33,2.548,1
2022-09-18,Damietta_mouth,CHL,my,2.217,1.531,1.397,5.113,0.9341
2022-09-19,Damietta_mouth,CHL,my,2.754,1.962,1.687,2.881,0.7418
2022-09-20,Damietta_mouth,CHL,my,1.786,1.586,1.284,2.36,1
2022-09-21,Damietta_mouth,CHL,my,3.469,,,,0.2418
2022-09-22,Damietta_mouth,CHL,my,3.168,2.493,1.605,3.376,1
2022-09-23,Damietta_mouth,CHL,my,4.95,2.538,2.041,5.322,1
2022-09-24,Damietta_mouth,CHL,my,,1.55,1.1,1.794,0.6923
2022-09-26,Damietta_mouth,CHL,my,5.224,5.397,3.194,6.703,1
2022-09-27,Damietta_mouth,CHL,my,5.023,4.632,2.361,5.529,1
2022-09-28,Damietta_mouth,CHL,my,6.856,3.843,2.617,8.846,1
2022-09-29,Damietta_mouth,CHL,my,8.018,3.684,2.298,8.018,0.9396
2022-09-30,Damietta_mouth,CHL,my,6.733,2.611,2.302,9.754,1
2022-10-01,Damietta_mouth,CHL,my,6.747,3.471,2.382,8.215,1
2022-10-02,Damietta_mouth,CHL,my,2.17,1.277,0.9211,2.435,1
2022-10-03,Damietta_mouth,CHL,my,1.941,1.382,0.7372,2.571,1
2022-10-04,Damietta_mouth,CHL,my,4.305,3.852,1.889,4.769,1
2022-10-07,Damietta_mouth,CHL,my,3.519,3.519,1.72,4.383,1
2022-10-08,Damietta_mouth,CHL,my,2.433,2.152,1.391,2.861,0.8736
2022-10-09,Damietta_mouth,CHL,my,2.199,,,,0.3681
2022-10-11,Damietta_mouth,CHL,my,2.742,2.694,1.793,2.742,0.5055
2022-10-12,Damietta_mouth,CHL,my,2.105,1.77,1.106,2.253,0.8571
2022-10-16,Damietta_mouth,CHL,my,2.431,1.938,1.239,2.454,1
2022-10-17,Damietta_mouth,CHL,my,3.838,3.838,1.863,4.044,0.8736
2022-10-18,Damietta_mouth,CHL,my,1.758,1.758,1.187,2.538,1
2022-10-19,Damietta_mouth,CHL,my,1.986,1.986,1.212,2.801,1
2022-10-21,Damietta_mouth,CHL,my,3.092,2.149,1.445,3.348,1
2022-10-22,Damietta_mouth,CHL,my,2.667,,,,0.3681
2022-10-24,Damietta_mouth,CHL,my,2.469,2.233,1.33,2.529,1
2022-10-27,Damietta_mouth,CHL,my,2.842,2.478,1.474,2.971,1
2022-10-28,Damietta_mouth,CHL,my,3.355,2.688,1.502,3.537,1
2022-10-30,Damietta_mouth,CHL,my,2.025,1.921,0.9958,2.522,0.6264
2022-10-31,Damietta_mouth,CHL,my,4.01,2.026,2.38,15.3,0.8736
2022-11-01,Damietta_mouth,CHL,my,3.111,3.111,1.783,5.591,1
2022-11-02,Damietta_mouth,CHL,my,4.873,2.934,1.882,5.356,0.989
2022-11-03,Damietta_mouth,CHL,my,3.171,2.52,2.125,7.806,0.7418
2022-11-04,Damietta_mouth,CHL,my,3.333,2.593,1.648,4.092,1
2022-11-05,Damietta_mouth,CHL,my,2.825,,,,0.1813
2022-11-06,Damietta_mouth,CHL,my,2.838,2.631,1.517,3.431,1
2022-11-07,Damietta_mouth,CHL,my,5.606,3.863,2.269,5.667,1
2022-11-08,Damietta_mouth,CHL,my,2.47,2.362,1.672,2.94,0.6923
2022-11-09,Damietta_mouth,CHL,my,2.472,2.239,1.283,2.915,0.6319
2022-11-10,Damietta_mouth,CHL,my,2.072,1.421,1.043,2.072,0.9396
2022-11-11,Damietta_mouth,CHL,my,2.383,2.013,1.34,2.586,1
2022-11-12,Damietta_mouth,CHL,my,,1.741,1.336,3.154,0.8791
2022-11-13,Damietta_mouth,CHL,my,,1.094,0.7686,1.278,0.5055
2022-11-15,Damietta_mouth,CHL,my,2.365,2.216,1.681,2.472,0.7418
2022-11-16,Damietta_mouth,CHL,my,2.216,1.92,1.308,2.302,0.9231
2022-11-17,Damietta_mouth,CHL,my,2.092,1.922,1.086,2.528,1
2022-11-18,Damietta_mouth,CHL,my,2.284,1.184,1.181,7.617,1
2022-11-19,Damietta_mouth,CHL,my,6.298,3.026,1.984,10.54,1
2022-11-20,Damietta_mouth,CHL,my,3.351,1.41,1.195,3.837,1
2022-11-22,Damietta_mouth,CHL,my,2.05,1.613,1.068,2.592,1
2022-11-24,Damietta_mouth,CHL,my,3.803,2.229,1.659,3.803,1
2022-11-25,Damietta_mouth,CHL,my,4.386,4.095,2.286,4.4,0.8132
2022-11-26,Damietta_mouth,CHL,my,4.624,,,,0.3077
2022-11-29,Damietta_mouth,CHL,my,2.832,2.594,1.956,2.887,1
2022-11-30,Damietta_mouth,CHL,my,3.55,2.754,2.065,4.797,1
2022-12-01,Damietta_mouth,CHL,my,17.32,7.699,4.762,21.86,1
2022-12-02,Damietta_mouth,CHL,my,3.392,3.196,2.522,8.81,1
2022-12-03,Damietta_mouth,CHL,my,4.496,3.326,2.263,4.571,1
2022-12-05,Damietta_mouth,CHL,my,2.889,2.639,1.63,2.889,0.9396
2022-12-07,Damietta_mouth,CHL,my,2.536,2.316,1.641,2.9,0.8626
2022-12-08,Damietta_mouth,CHL,my,5.794,2.818,1.856,5.794,1
2022-12-11,Damietta_mouth,CHL,my,12.25,3.612,3.344,14.63,1
2022-12-13,Damietta_mouth,CHL,my,1.508,,,,0.4945
2022-12-14,Damietta_mouth,CHL,my,2.582,2.349,1.695,2.789,1
2022-12-15,Damietta_mouth,CHL,my,1.489,1.418,1.196,2.603,1
2022-12-16,Damietta_mouth,CHL,my,1.544,1.579,1.463,1.972,0.6264
2022-12-17,Damietta_mouth,CHL,my,2.093,,,,0.3077
2022-12-18,Damietta_mouth,CHL,my,2.436,2.306,1.605,3.803,1
2022-12-19,Damietta_mouth,CHL,my,3.685,2.562,1.8,5.077,1
2022-12-21,Damietta_mouth,CHL,my,,3.59,2.191,5.304,0.8132
2022-12-27,Damietta_mouth,CHL,my,4.718,4.141,2.975,5.626,1
2022-12-28,Damietta_mouth,CHL,my,,2.004,1.701,4.325,0.7527
2022-12-29,Damietta_mouth,CHL,my,2.911,1.946,1.637,5.245,1
2022-12-30,Damietta_mouth,CHL,my,1.964,1.687,1.347,2.151,1
2022-12-31,Damietta_mouth,CHL,my,,2.367,1.731,4.467,0.9396
2022-01-01,El_Arish_EG,CHL,my,0.9505,,,,0.2886
2022-01-02,El_Arish_EG,CHL,my,,0.4171,0.3383,0.6417,0.5771
2022-01-04,El_Arish_EG,CHL,my,0.5116,0.5361,0.3545,1.189,1
2022-01-05,El_Arish_EG,CHL,my,1.198,,,,0.2886
2022-01-06,El_Arish_EG,CHL,my,0.9984,0.9228,0.4915,1.368,1
2022-01-07,El_Arish_EG,CHL,my,0.2819,0.3422,0.2985,0.8993,1
2022-01-08,El_Arish_EG,CHL,my,0.7332,0.6452,0.4027,0.9069,0.9851
2022-01-11,El_Arish_EG,CHL,my,1.606,1.561,0.962,1.606,0.9851
2022-01-12,El_Arish_EG,CHL,my,1.083,1.607,0.9771,1.669,0.5771
2022-01-13,El_Arish_EG,CHL,my,0.8419,1.18,0.8989,1.267,0.9254
2022-01-17,El_Arish_EG,CHL,my,3.645,2.825,1.664,3.645,0.9851
2022-01-18,El_Arish_EG,CHL,my,1.417,1.372,1.04,2.227,1
2022-01-21,El_Arish_EG,CHL,my,2.073,2.073,1.304,2.384,0.9851
2022-01-22,El_Arish_EG,CHL,my,1.736,2.07,1.44,2.212,0.7313
2022-01-23,El_Arish_EG,CHL,my,1.451,1.503,1.301,2.619,0.9851
2022-01-25,El_Arish_EG,CHL,my,,1.074,0.5117,1.151,0.5224
2022-01-26,El_Arish_EG,CHL,my,1.619,1.619,1.224,2.091,0.9851
2022-01-29,El_Arish_EG,CHL,my,1.485,1.485,1.027,1.909,1
2022-01-30,El_Arish_EG,CHL,my,1.032,0.7297,0.468,1.316,0.9254
2022-02-01,El_Arish_EG,CHL,my,2.064,1.592,0.7827,2.07,0.9851
2022-02-02,El_Arish_EG,CHL,my,1.382,1.456,0.7875,1.964,1
2022-02-03,El_Arish_EG,CHL,my,1.276,1.276,0.6435,1.467,0.9851
2022-02-06,El_Arish_EG,CHL,my,1.981,1.981,1.512,2.344,0.9851
2022-02-07,El_Arish_EG,CHL,my,1.307,1.37,0.87,1.715,0.9851
2022-02-08,El_Arish_EG,CHL,my,1.103,1.103,0.7982,1.706,0.9851
2022-02-12,El_Arish_EG,CHL,my,2.172,2.157,1.571,4.177,1
2022-02-13,El_Arish_EG,CHL,my,2.307,2.307,1.814,2.9,0.9851
2022-02-15,El_Arish_EG,CHL,my,1.314,1.341,0.8406,1.521,0.9254
2022-02-16,El_Arish_EG,CHL,my,1.443,,,,0.2886
2022-02-19,El_Arish_EG,CHL,my,1.544,,,,0.2239
2022-02-21,El_Arish_EG,CHL,my,2.039,1.786,0.9852,2.257,0.9254
2022-02-22,El_Arish_EG,CHL,my,2.084,2.084,1.088,2.79,0.9851
2022-02-23,El_Arish_EG,CHL,my,2.139,2.139,1.315,2.784,0.9851
2022-02-24,El_Arish_EG,CHL,my,1.997,1.859,1.004,2.156,0.9254
2022-02-26,El_Arish_EG,CHL,my,3.402,2.373,1.806,3.549,0.9254
2022-02-27,El_Arish_EG,CHL,my,2.439,2.439,1.821,4.979,1
2022-02-28,El_Arish_EG,CHL,my,2.197,2.072,1.535,3.022,0.9254
2022-03-03,El_Arish_EG,CHL,my,3.732,3.298,2.092,3.84,0.9254
2022-03-04,El_Arish_EG,CHL,my,3.437,3.437,2.032,3.951,0.806
2022-03-10,El_Arish_EG,CHL,my,1.985,1.985,1.284,2.108,0.9851
2022-03-13,El_Arish_EG,CHL,my,3.935,3.935,2.381,4.212,0.9851
2022-03-23,El_Arish_EG,CHL,my,1.833,1.665,1.276,1.907,0.8657
2022-03-24,El_Arish_EG,CHL,my,2.254,2.455,1.814,3.173,0.9254
2022-03-25,El_Arish_EG,CHL,my,1.882,1.882,1.328,2.033,0.9254
2022-03-26,El_Arish_EG,CHL,my,2.31,2.31,1.641,3.348,1
2022-03-27,El_Arish_EG,CHL,my,1.864,1.864,1.184,2.057,0.9851
2022-03-28,El_Arish_EG,CHL,my,2.024,1.942,1.367,2.428,0.9254
2022-03-30,El_Arish_EG,CHL,my,1.901,1.901,1.302,2.266,0.9851
2022-04-09,El_Arish_EG,CHL,my,1.585,1.357,0.8365,1.717,1
2022-04-12,El_Arish_EG,CHL,my,1.585,1.447,0.8616,1.585,0.9254
2022-04-13,El_Arish_EG,CHL,my,1.937,1.844,1.288,2.161,1
2022-04-14,El_Arish_EG,CHL,my,1.944,1.751,1.167,1.966,0.9851
2022-04-15,El_Arish_EG,CHL,my,1.446,1.497,1.004,1.518,0.9851
2022-04-21,El_Arish_EG,CHL,my,,1.366,0.7695,1.618,0.8806
2022-04-26,El_Arish_EG,CHL,my,1.423,1.687,1.202,2.041,0.6965
2022-04-28,El_Arish_EG,CHL,my,1.193,1.069,0.6061,1.501,0.8657
2022-05-02,El_Arish_EG,CHL,my,1.843,1.843,1.268,2.149,0.806
2022-05-04,El_Arish_EG,CHL,my,1.644,1.644,1.097,1.794,0.806
2022-05-06,El_Arish_EG,CHL,my,5.949,6.166,3.236,6.398,0.9453
2022-05-07,El_Arish_EG,CHL,my,3.106,3.007,1.851,3.322,0.9851
2022-05-08,El_Arish_EG,CHL,my,2.185,2.185,1.542,2.536,0.9851
2022-05-10,El_Arish_EG,CHL,my,1.57,1.622,1.147,2.25,1
2022-05-12,El_Arish_EG,CHL,my,3.025,3.025,2.133,3.415,0.9851
2022-05-17,El_Arish_EG,CHL,my,1.482,1.482,0.8366,1.645,0.9851
2022-05-18,El_Arish_EG,CHL,my,1.271,1.271,0.8104,1.595,1
2022-05-19,El_Arish_EG,CHL,my,1.281,1.151,0.7612,1.469,0.9254
2022-05-20,El_Arish_EG,CHL,my,1.066,1.066,0.7678,1.433,0.9851
2022-05-22,El_Arish_EG,CHL,my,1.884,1.884,0.9361,3.037,1
2022-05-23,El_Arish_EG,CHL,my,1.863,1.863,1.234,2.547,1
2022-05-24,El_Arish_EG,CHL,my,1.984,1.984,1.342,2.257,0.9851
2022-05-25,El_Arish_EG,CHL,my,1.899,1.89,1.354,2.021,0.9851
2022-05-26,El_Arish_EG,CHL,my,1.571,1.571,1.065,2.581,1
2022-05-27,El_Arish_EG,CHL,my,,1.204,0.8214,1.399,0.6965
2022-05-30,El_Arish_EG,CHL,my,1.194,1.194,0.6376,1.595,0.9851
2022-05-31,El_Arish_EG,CHL,my,1.239,1.293,0.7296,1.445,0.9851
2022-06-01,El_Arish_EG,CHL,my,1.439,1.439,0.7824,1.671,0.9851
2022-06-02,El_Arish_EG,CHL,my,1.521,1.489,0.7473,1.746,1
2022-06-03,El_Arish_EG,CHL,my,1.627,1.474,0.717,1.627,0.9851
2022-06-04,El_Arish_EG,CHL,my,1.394,1.311,0.7254,1.735,0.9851
2022-06-05,El_Arish_EG,CHL,my,1.421,1.421,0.8508,1.604,0.9851
2022-06-06,El_Arish_EG,CHL,my,1.363,1.363,0.8121,1.483,0.9851
2022-06-07,El_Arish_EG,CHL,my,1.329,1.164,0.7922,1.44,0.9254
2022-06-08,El_Arish_EG,CHL,my,1.515,1.392,0.9373,1.589,0.9851
2022-06-09,El_Arish_EG,CHL,my,1.586,1.492,0.9685,1.62,0.7463
2022-06-10,El_Arish_EG,CHL,my,1.412,1.536,1.073,2.017,1
2022-06-11,El_Arish_EG,CHL,my,1.313,1.431,0.9048,1.562,0.9851
2022-06-12,El_Arish_EG,CHL,my,1.231,1.056,0.5351,1.231,0.8109
2022-06-13,El_Arish_EG,CHL,my,1.632,1.173,0.719,1.632,0.9254
2022-06-14,El_Arish_EG,CHL,my,1.896,1.896,1.236,2.201,1
2022-06-15,El_Arish_EG,CHL,my,1.613,1.613,1.182,1.886,0.9851
2022-06-18,El_Arish_EG,CHL,my,1.652,1.692,1.2,1.811,0.9851
2022-06-19,El_Arish_EG,CHL,my,1.928,1.928,1.216,2.039,0.9851
2022-06-20,El_Arish_EG,CHL,my,1.9,1.88,1.359,2.564,1
2022-06-21,El_Arish_EG,CHL,my,1.886,,,,0.2289
2022-06-22,El_Arish_EG,CHL,my,,1.381,1.063,1.679,0.6368
2022-06-23,El_Arish_EG,CHL,my,2.124,2.124,1.703,2.306,1
2022-06-24,El_Arish_EG,CHL,my,2.161,2.055,1.328,2.295,0.9254
2022-06-26,El_Arish_EG,CHL,my,2.556,2.556,1.915,2.733,0.9851
2022-06-27,El_Arish_EG,CHL,my,1.932,1.62,1.226,1.988,0.7015
2022-06-28,El_Arish_EG,CHL,my,2.111,2.007,1.495,2.211,0.9254
2022-06-29,El_Arish_EG,CHL,my,2.084,2.077,1.553,2.445,1
2022-06-30,El_Arish_EG,CHL,my,1.977,1.977,1.348,2.568,1
2022-07-01,El_Arish_EG,CHL,my,1.616,1.717,1.194,2.088,0.9851
2022-07-02,El_Arish_EG,CHL,my,,1.588,1.114,1.783,0.6866
2022-07-03,El_Arish_EG,CHL,my,1.746,1.746,1.17,2.016,0.9851
2022-07-04,El_Arish_EG,CHL,my,1.8,1.8,1.266,2.282,0.9851
2022-07-05,El_Arish_EG,CHL,my,1.691,1.691,1.244,2.227,1
2022-07-06,El_Arish_EG,CHL,my,1.535,1.556,1.139,1.617,0.9254
2022-07-07,El_Arish_EG,CHL,my,1.613,1.594,1.451,2.129,1
2022-07-08,El_Arish_EG,CHL,my,,1.719,1.221,1.887,0.6368
2022-07-09,El_Arish_EG,CHL,my,1.837,1.807,1.266,2.257,1
2022-07-11,El_Arish_EG,CHL,my,1.669,1.669,1.162,1.83,0.9254
2022-07-12,El_Arish_EG,CHL,my,1.755,1.755,1.447,1.973,0.9851
2022-07-13,El_Arish_EG,CHL,my,1.73,1.686,1.299,1.773,0.9254
2022-07-14,El_Arish_EG,CHL,my,1.764,1.764,1.362,1.875,0.9254
2022-07-15,El_Arish_EG,CHL,my,1.912,1.936,1.659,1.973,0.9254
2022-07-16,El_Arish_EG,CHL,my,1.71,1.76,1.473,2.231,0.8856
2022-07-17,El_Arish_EG,CHL,my,1.79,1.79,1.521,3.001,1
2022-07-18,El_Arish_EG,CHL,my,1.771,1.672,1.233,1.771,0.5622
2022-07-19,El_Arish_EG,CHL,my,1.716,1.716,1.422,2.815,1
2022-07-20,El_Arish_EG,CHL,my,1.611,1.608,1.248,2.029,0.9851
2022-07-21,El_Arish_EG,CHL,my,1.983,1.908,1.312,2.126,0.9254
2022-07-22,El_Arish_EG,CHL,my,1.884,1.884,1.336,2.071,0.9851
2022-07-23,El_Arish_EG,CHL,my,1.895,1.895,1.536,2.418,1
2022-07-24,El_Arish_EG,CHL,my,1.745,1.892,1.206,2.079,0.7711
2022-07-25,El_Arish_EG,CHL,my,1.852,1.791,1.296,2.112,0.9254
2022-07-26,El_Arish_EG,CHL,my,1.701,1.744,1.321,2.049,0.9851
2022-07-27,El_Arish_EG,CHL,my,1.782,1.782,1.171,2.138,0.9851
2022-07-28,El_Arish_EG,CHL,my,1.789,1.652,1.029,2.436,1
2022-07-29,El_Arish_EG,CHL,my,1.54,1.542,0.875,1.654,0.8657
2022-07-30,El_Arish_EG,CHL,my,1.627,1.57,0.9528,1.888,0.9851
2022-07-31,El_Arish_EG,CHL,my,1.615,1.582,0.9921,2.029,0.9851
2022-08-01,El_Arish_EG,CHL,my,1.583,,,,0.3632
2022-08-02,El_Arish_EG,CHL,my,1.62,1.62,0.9455,1.77,0.9254
2022-08-03,El_Arish_EG,CHL,my,1.718,1.616,0.9715,2.145,1
2022-08-07,El_Arish_EG,CHL,my,1.637,1.736,1.072,2.125,0.9851
2022-08-08,El_Arish_EG,CHL,my,1.668,1.619,0.9221,1.755,0.9851
2022-08-09,El_Arish_EG,CHL,my,1.644,1.644,1.013,1.859,0.9851
2022-08-11,El_Arish_EG,CHL,my,1.933,1.889,1.083,2.155,0.9851
2022-08-12,El_Arish_EG,CHL,my,1.709,1.709,0.9724,2.746,1
2022-08-13,El_Arish_EG,CHL,my,1.654,1.628,1.003,2.032,0.8657
2022-08-14,El_Arish_EG,CHL,my,1.629,1.577,0.8881,1.782,0.8657
2022-08-15,El_Arish_EG,CHL,my,1.927,1.898,1.244,2.142,0.9254
2022-08-17,El_Arish_EG,CHL,my,2.559,1.748,1.196,2.559,0.6965
2022-08-18,El_Arish_EG,CHL,my,2.004,2.004,1.433,2.609,0.9851
2022-08-19,El_Arish_EG,CHL,my,1.582,1.656,1.253,2.066,0.9851
2022-08-20,El_Arish_EG,CHL,my,1.731,1.731,1.319,2.743,1
2022-08-21,El_Arish_EG,CHL,my,1.516,1.463,0.9541,1.876,0.9254
2022-08-22,El_Arish_EG,CHL,my,1.6,1.655,1.15,2.275,0.9851
2022-08-23,El_Arish_EG,CHL,my,1.591,1.591,1.055,2.219,0.9851
2022-08-24,El_Arish_EG,CHL,my,1.504,1.504,0.933,2.971,1
2022-08-25,El_Arish_EG,CHL,my,1.808,1.566,1.011,1.808,0.8109
2022-08-26,El_Arish_EG,CHL,my,1.585,1.483,0.8758,1.953,0.9851
2022-08-27,El_Arish_EG,CHL,my,,0.9733,0.448,1.207,0.6368
2022-08-29,El_Arish_EG,CHL,my,,1.208,0.9939,1.391,0.5224
2022-08-31,El_Arish_EG,CHL,my,1.823,1.789,1.182,2.035,0.9204
2022-09-04,El_Arish_EG,CHL,my,,1.518,0.9715,1.59,0.5771
2022-09-05,El_Arish_EG,CHL,my,1.512,1.518,1,1.855,0.8706
2022-09-06,El_Arish_EG,CHL,my,1.456,1.529,0.8951,1.659,0.6915
2022-09-07,El_Arish_EG,CHL,my,2.064,1.956,1.249,2.104,0.9254
2022-09-08,El_Arish_EG,CHL,my,2.007,1.921,1.206,2.097,0.9851
2022-09-09,El_Arish_EG,CHL,my,1.722,1.722,1.024,1.948,0.9851
2022-09-10,El_Arish_EG,CHL,my,1.84,1.781,1.001,2.019,0.9254
2022-09-11,El_Arish_EG,CHL,my,1.326,1.488,0.9853,1.952,0.9851
2022-09-12,El_Arish_EG,CHL,my,1.529,1.42,0.7899,1.828,1
2022-09-13,El_Arish_EG,CHL,my,,1.111,0.6914,1.425,0.6965
2022-09-14,El_Arish_EG,CHL,my,1.618,1.716,0.9256,1.979,0.9851
2022-09-15,El_Arish_EG,CHL,my,2.128,2.055,1.32,2.214,0.9851
2022-09-16,El_Arish_EG,CHL,my,2.401,2.255,1.39,2.49,0.9851
2022-09-17,El_Arish_EG,CHL,my,2.171,2.024,1.186,2.222,0.9254
2022-09-19,El_Arish_EG,CHL,my,1.424,1.191,0.7863,1.656,0.9254
2022-09-20,El_Arish_EG,CHL,my,0.9542,0.9479,0.6645,1.856,0.9254
2022-09-21,El_Arish_EG,CHL,my,2.325,2.325,1.423,2.687,0.6169
2022-09-22,El_Arish_EG,CHL,my,2.866,2.665,1.464,2.866,0.9851
2022-09-23,El_Arish_EG,CHL,my,2.346,2.324,1.224,2.66,0.9254
2022-09-25,El_Arish_EG,CHL,my,,1.023,0.6047,1.205,0.5224
2022-09-26,El_Arish_EG,CHL,my,2.082,1.746,1.095,2.155,0.8657
2022-09-27,El_Arish_EG,CHL,my,2.791,2.791,1.755,3.611,0.9851
2022-09-28,El_Arish_EG,CHL,my,1.665,1.621,0.9066,2.473,0.9851
2022-09-29,El_Arish_EG,CHL,my,1.981,1.745,0.7911,1.981,0.8109
2022-09-30,El_Arish_EG,CHL,my,0.7679,0.7681,0.4806,2.086,1
2022-10-01,El_Arish_EG,CHL,my,1.215,1.167,0.6229,1.709,0.9254
2022-10-02,El_Arish_EG,CHL,my,0.8695,0.7053,0.3685,1.091,0.9254
2022-10-05,El_Arish_EG,CHL,my,2.311,2.152,1.328,3.288,0.9254
2022-10-06,El_Arish_EG,CHL,my,1.964,1.799,1.152,2.095,0.9254
2022-10-08,El_Arish_EG,CHL,my,2,1.974,1.258,2.128,0.9851
2022-10-09,El_Arish_EG,CHL,my,1.906,1.82,1.19,2.06,0.8657
2022-10-10,El_Arish_EG,CHL,my,2.176,1.794,1.038,2.407,0.9254
2022-10-11,El_Arish_EG,CHL,my,1.526,1.625,0.8987,1.899,0.9303
2022-10-12,El_Arish_EG,CHL,my,1.268,1.268,0.728,2.465,1
2022-10-13,El_Arish_EG,CHL,my,1.782,1.782,0.7819,2.038,0.9851
2022-10-14,El_Arish_EG,CHL,my,1.505,1.394,0.7444,2.037,0.9254
2022-10-15,El_Arish_EG,CHL,my,1.675,1.675,0.7459,1.928,0.9254
2022-10-17,El_Arish_EG,CHL,my,1.644,1.644,0.9141,2.383,0.9851
2022-10-18,El_Arish_EG,CHL,my,1.788,1.697,0.8285,2.404,0.9254
2022-10-19,El_Arish_EG,CHL,my,1.309,1.605,0.7894,1.88,0.8209
2022-10-20,El_Arish_EG,CHL,my,1.19,0.8259,0.5347,1.397,0.8109
2022-10-22,El_Arish_EG,CHL,my,1.114,1.215,0.7307,1.537,0.8308
2022-10-24,El_Arish_EG,CHL,my,2.155,1.926,0.8703,2.155,0.9851
2022-10-28,El_Arish_EG,CHL,my,0.9734,0.7918,0.5006,1.442,0.8159
2022-11-01,El_Arish_EG,CHL,my,1.935,1.935,0.9306,2.148,0.9851
2022-11-02,El_Arish_EG,CHL,my,1.482,1.935,0.9529,2.608,0.6169
2022-11-04,El_Arish_EG,CHL,my,0.7253,0.7253,0.4956,1.229,0.9851
2022-11-05,El_Arish_EG,CHL,my,0.7596,0.7928,0.5159,1.465,0.9851
2022-11-06,El_Arish_EG,CHL,my,0.8568,0.6936,0.4964,1.324,0.9254
2022-11-07,El_Arish_EG,CHL,my,0.3902,0.395,0.2849,0.7704,0.9851
2022-11-09,El_Arish_EG,CHL,my,1.385,1.375,0.7895,1.449,0.8607
2022-11-10,El_Arish_EG,CHL,my,0.798,0.798,0.5247,1.123,0.7015
2022-11-11,El_Arish_EG,CHL,my,0.6789,0.6789,0.4799,1.588,0.9851
2022-11-12,El_Arish_EG,CHL,my,0.6765,0.6765,0.4804,1.412,0.9851
2022-11-13,El_Arish_EG,CHL,my,1.052,0.9964,0.6039,1.223,0.9254
2022-11-15,El_Arish_EG,CHL,my,,1.211,0.7038,1.407,0.8657
2022-11-17,El_Arish_EG,CHL,my,1.576,1.576,0.845,2.576,0.9851
2022-11-18,El_Arish_EG,CHL,my,1.166,1.166,0.6636,2.217,0.9851
2022-11-19,El_Arish_EG,CHL,my,1.039,1.145,0.6785,2.203,0.9851
2022-11-20,El_Arish_EG,CHL,my,2.656,2.656,1.306,3.312,0.9851
2022-11-23,El_Arish_EG,CHL,my,1.193,1.193,0.7007,2.229,1
2022-11-25,El_Arish_EG,CHL,my,1.704,1.635,1.055,1.957,0.9254
2022-11-26,El_Arish_EG,CHL,my,1.938,1.988,1.616,2.079,0.6766
2022-11-28,El_Arish_EG,CHL,my,1.448,,,,0.1741
2022-11-29,El_Arish_EG,CHL,my,2.632,2.632,1.434,3.88,0.9851
2022-11-30,El_Arish_EG,CHL,my,2.595,2.405,1.553,2.617,0.9851
2022-12-01,El_Arish_EG,CHL,my,3.011,3.011,1.653,3.964,0.9851
2022-12-02,El_Arish_EG,CHL,my,1.83,1.83,1.177,2.442,0.9851
2022-12-03,El_Arish_EG,CHL,my,1.46,1.09,0.8766,2.113,0.9254
2022-12-04,El_Arish_EG,CHL,my,1.756,1.756,1.069,2.203,0.9851
2022-12-06,El_Arish_EG,CHL,my,1.646,1.646,0.9028,1.898,0.9851
2022-12-08,El_Arish_EG,CHL,my,1.015,1.027,0.6679,1.963,0.9851
2022-12-09,El_Arish_EG,CHL,my,1.355,1.193,0.7696,1.72,0.9254
2022-12-10,El_Arish_EG,CHL,my,2.452,1.652,0.7853,2.708,0.9254
2022-12-11,El_Arish_EG,CHL,my,2.24,1.552,0.9266,2.746,0.9254
2022-12-14,El_Arish_EG,CHL,my,1.018,0.8695,0.6577,1.104,0.8657
2022-12-15,El_Arish_EG,CHL,my,0.7537,0.796,0.539,0.9723,0.9254
2022-12-16,El_Arish_EG,CHL,my,0.8093,0.7942,0.4349,0.8599,0.9851
2022-12-17,El_Arish_EG,CHL,my,1.038,1.04,0.657,1.238,0.9851
2022-12-18,El_Arish_EG,CHL,my,0.7634,0.8894,0.5964,1.017,0.9851
2022-12-19,El_Arish_EG,CHL,my,1.021,0.943,0.707,1.315,1
2022-12-20,El_Arish_EG,CHL,my,0.8025,0.6431,0.5183,0.8025,0.8109
2022-12-22,El_Arish_EG,CHL,my,2.46,2.131,1.38,2.46,0.9851
2022-12-26,El_Arish_EG,CHL,my,,1.11,0.6632,1.234,0.6368
2022-12-29,El_Arish_EG,CHL,my,1.956,1.956,1.372,3.86,0.9851
2022-12-30,El_Arish_EG,CHL,my,2.173,2.173,1.519,2.66,0.9851
2022-12-31,El_Arish_EG,CHL,my,1.416,1.416,0.9451,2.144,0.9851
2022-01-02,Gaza_City,CHL,my,0.1604,0.1385,0.1179,0.2826,0.9254
2022-01-03,Gaza_City,CHL,my,0.2102,0.2102,0.1705,0.8119,1
2022-01-06,Gaza_City,CHL,my,0.2851,0.2124,0.1409,0.3556,1
2022-01-07,Gaza_City,CHL,my,0.1032,0.1297,0.09285,0.1627,0.9254
2022-01-08,Gaza_City,CHL,my,0.1611,0.1663,0.1226,0.2942,1
2022-01-10,Gaza_City,CHL,my,0.6356,0.5685,0.3433,0.6356,0.5522
2022-01-11,Gaza_City,CHL,my,0.1188,0.09816,0.1237,0.5125,0.9104
2022-01-17,Gaza_City,CHL,my,0.9132,0.9789,0.602,1.208,0.9104
2022-01-18,Gaza_City,CHL,my,0.689,0.689,0.4955,0.8935,1
2022-01-21,Gaza_City,CHL,my,1.105,0.8144,0.5621,1.311,0.9104
2022-01-22,Gaza_City,CHL,my,0.343,0.3347,0.2367,0.4816,0.9254
2022-01-23,Gaza_City,CHL,my,0.6069,0.5071,0.3453,0.7483,0.6219
2022-01-25,Gaza_City,CHL,my,0.8527,,,,0.3831
2022-01-26,Gaza_City,CHL,my,0.4001,0.435,0.2631,0.5985,1
2022-01-29,Gaza_City,CHL,my,0.296,0.2546,0.1876,0.4429,0.9154
2022-01-30,Gaza_City,CHL,my,0.6267,0.6267,0.3792,0.9654,1
2022-01-31,Gaza_City,CHL,my,0.4144,0.379,0.2523,0.6453,0.9254
2022-02-01,Gaza_City,CHL,my,0.3062,0.2209,0.1728,0.4376,0.9104
2022-02-02,Gaza_City,CHL,my,0.4506,0.4506,0.2955,0.7597,1
2022-02-03,Gaza_City,CHL,my,0.6583,0.5311,0.3222,0.9969,0.9254
2022-02-07,Gaza_City,CHL,my,0.7329,0.4978,0.3518,0.8306,0.9104
2022-02-08,Gaza_City,CHL,my,0.3794,0.263,0.1961,0.5395,0.9254
2022-02-09,Gaza_City,CHL,my,0.3027,,,,0.194
2022-02-11,Gaza_City,CHL,my,0.6997,0.6997,0.4191,0.9784,0.7761
2022-02-12,Gaza_City,CHL,my,0.9666,0.9666,0.6344,1.426,1
2022-02-13,Gaza_City,CHL,my,1.276,1.154,0.6109,1.276,0.9104
2022-02-14,Gaza_City,CHL,my,0.4746,0.4746,0.28,1.141,1
2022-02-15,Gaza_City,CHL,my,0.8682,0.8552,0.503,1.819,0.9254
2022-02-16,Gaza_City,CHL,my,0.6889,0.4571,0.3407,1.298,0.9104
2022-02-21,Gaza_City,CHL,my,0.6704,0.5317,0.3245,0.9894,0.9104
2022-02-22,Gaza_City,CHL,my,0.1938,0.1938,0.2686,1.388,0.9502
2022-02-23,Gaza_City,CHL,my,0.3967,0.266,0.2096,1.332,0.9254
2022-02-27,Gaza_City,CHL,my,1.005,0.8273,0.4283,1.207,0.7065
2022-02-28,Gaza_City,CHL,my,1.416,1.214,0.6521,1.529,0.9104
2022-03-01,Gaza_City,CHL,my,,0.2804,0.1653,0.3772,0.6915
2022-03-02,Gaza_City,CHL,my,0.7127,0.7127,0.3149,0.8989,0.8209
2022-03-05,Gaza_City,CHL,my,,0.6421,0.3861,1.105,0.7313
2022-03-10,Gaza_City,CHL,my,1.347,0.8055,0.4772,1.404,0.8607
2022-03-13,Gaza_City,CHL,my,1.235,,,,0.4627
2022-03-15,Gaza_City,CHL,my,1.418,1.335,1.069,1.551,0.6866
2022-03-16,Gaza_City,CHL,my,1.242,1.19,0.7708,1.349,0.8259
2022-03-22,Gaza_City,CHL,my,1.23,1.254,0.7975,1.65,0.9851
2022-03-23,Gaza_City,CHL,my,1.083,1.083,0.7476,1.308,0.7214
2022-03-26,Gaza_City,CHL,my,1.443,1.399,0.9164,1.681,1
2022-03-27,Gaza_City,CHL,my,1.195,1.195,0.6777,1.411,0.9254
2022-03-28,Gaza_City,CHL,my,0.8213,0.5726,0.4035,1.434,0.9104
2022-03-30,Gaza_City,CHL,my,0.8166,0.4938,0.3513,1.057,0.9254
2022-04-09,Gaza_City,CHL,my,0.2662,0.2662,0.1835,0.6266,1
2022-04-13,Gaza_City,CHL,my,0.7115,0.7115,0.3391,1.2,1
2022-04-14,Gaza_City,CHL,my,0.9976,0.8764,0.4181,1.3,0.9254
2022-04-15,Gaza_City,CHL,my,0.9139,0.9139,0.5057,1.219,1
2022-04-20,Gaza_City,CHL,my,,0.1875,0.1382,0.3816,0.8159
2022-04-21,Gaza_City,CHL,my,0.1316,0.1316,0.164,0.9037,0.9254
2022-04-26,Gaza_City,CHL,my,0.6801,,,,0.4577
2022-04-28,Gaza_City,CHL,my,,0.2914,0.1926,0.5891,0.7413
2022-05-04,Gaza_City,CHL,my,1.131,1.067,0.6927,1.222,0.9104
2022-05-07,Gaza_City,CHL,my,1.322,1.322,0.8709,1.498,0.9254
2022-05-08,Gaza_City,CHL,my,1.195,1.168,0.7301,1.265,0.9254
2022-05-10,Gaza_City,CHL,my,0.8084,0.8084,0.4978,1.024,1
2022-05-12,Gaza_City,CHL,my,1.076,1.032,0.827,1.338,0.9254
2022-05-15,Gaza_City,CHL,my,0.3181,0.2219,0.1876,0.3966,0.8458
2022-05-17,Gaza_City,CHL,my,0.2245,0.1865,0.1734,0.4342,0.9254
2022-05-18,Gaza_City,CHL,my,0.1599,0.1599,0.1709,0.4699,1
2022-05-19,Gaza_City,CHL,my,0.1808,0.1566,0.1235,0.2429,0.9104
2022-05-20,Gaza_City,CHL,my,0.157,0.157,0.1493,0.437,0.9254
2022-05-22,Gaza_City,CHL,my,0.2435,0.2435,0.2033,0.605,1
2022-05-24,Gaza_City,CHL,my,1.133,1.061,0.4629,1.276,0.9254
2022-05-25,Gaza_City,CHL,my,1.435,1.402,0.7304,1.607,0.9104
2022-05-26,Gaza_City,CHL,my,0.8531,0.8531,0.4012,1.112,1
2022-05-27,Gaza_City,CHL,my,,0.4047,0.2324,0.6092,0.7662
2022-05-30,Gaza_City,CHL,my,0.4697,0.4281,0.2451,0.7461,0.9104
2022-05-31,Gaza_City,CHL,my,0.383,0.3423,0.1991,0.6027,0.9254
2022-06-01,Gaza_City,CHL,my,0.3615,0.248,0.1381,0.3615,0.8209
2022-06-02,Gaza_City,CHL,my,0.3799,0.3313,0.2385,1.176,0.9104
2022-06-03,Gaza_City,CHL,my,0.3592,0.2587,0.2157,0.8098,0.9254
2022-06-04,Gaza_City,CHL,my,0.3604,0.3915,0.3327,0.9119,1
2022-06-05,Gaza_City,CHL,my,0.5487,0.6243,0.3448,0.8305,0.9104
2022-06-06,Gaza_City,CHL,my,0.5015,0.5015,0.2515,0.6611,1
2022-06-07,Gaza_City,CHL,my,0.3597,0.1993,0.1524,0.4518,0.9104
2022-06-08,Gaza_City,CHL,my,0.1312,0.1312,0.1284,0.522,0.9254
2022-06-09,Gaza_City,CHL,my,,0.1497,0.114,0.3786,0.6468
2022-06-10,Gaza_City,CHL,my,0.3208,0.3541,0.3285,1.042,1
2022-06-11,Gaza_City,CHL,my,,0.18,0.1139,0.2197,0.7313
2022-06-13,Gaza_City,CHL,my,0.1879,0.1645,0.09516,0.2361,0.9254
2022-06-14,Gaza_City,CHL,my,0.133,0.133,0.1019,0.3423,1
2022-06-15,Gaza_City,CHL,my,0.6424,0.1728,0.1915,1.086,0.9254
2022-06-16,Gaza_City,CHL,my,0.3953,0.2862,0.2679,1.176,0.8308
2022-06-18,Gaza_City,CHL,my,0.5743,0.3804,0.2037,0.803,0.9104
2022-06-19,Gaza_City,CHL,my,0.7716,1.149,0.5432,1.328,1
2022-06-20,Gaza_City,CHL,my,1.252,1.393,0.892,1.605,1
2022-06-23,Gaza_City,CHL,my,1.547,1.547,0.8958,1.675,1
2022-06-24,Gaza_City,CHL,my,1.637,1.487,0.9557,1.637,0.9104
2022-06-26,Gaza_City,CHL,my,1.663,1.629,0.7597,1.683,1
2022-06-27,Gaza_City,CHL,my,1.24,1.24,0.519,1.477,1
2022-06-28,Gaza_City,CHL,my,1.639,1.619,0.7878,1.641,0.8458
2022-06-29,Gaza_City,CHL,my,1.555,1.331,0.8176,1.918,0.9254
2022-06-30,Gaza_City,CHL,my,1.496,1.452,0.9439,1.897,1
2022-07-01,Gaza_City,CHL,my,0.717,0.7235,0.5384,1.916,0.9254
2022-07-02,Gaza_City,CHL,my,1.002,0.9481,0.3642,1.188,0.9254
2022-07-03,Gaza_City,CHL,my,0.4844,0.9876,0.6272,1.983,0.5871
2022-07-04,Gaza_City,CHL,my,0.3208,0.3156,0.183,0.9775,0.9254
2022-07-05,Gaza_City,CHL,my,0.4999,0.4999,0.3371,1.381,1
2022-07-06,Gaza_City,CHL,my,0.9718,0.4078,0.3375,0.9718,0.8458
2022-07-07,Gaza_City,CHL,my,0.8938,1.303,0.6993,1.385,0.9254
2022-07-08,Gaza_City,CHL,my,0.8749,0.7629,0.3951,1.167,0.7463
2022-07-09,Gaza_City,CHL,my,1.252,1.081,0.4955,1.322,0.9254
2022-07-10,Gaza_City,CHL,my,1.195,0.8565,0.5111,1.202,0.7413
2022-07-11,Gaza_City,CHL,my,0.9962,0.9962,0.5262,1.219,1
2022-07-12,Gaza_City,CHL,my,1.435,1.399,0.7492,1.692,0.9254
2022-07-13,Gaza_City,CHL,my,1.409,1.409,0.636,2.003,1
2022-07-14,Gaza_City,CHL,my,1.309,0.5137,0.3374,1.428,0.8458
2022-07-15,Gaza_City,CHL,my,1.484,1.264,0.6991,1.666,0.9104
2022-07-16,Gaza_City,CHL,my,1.293,1.293,0.7352,1.636,1
2022-07-17,Gaza_City,CHL,my,1.192,1.182,0.5992,1.4,0.9254
2022-07-18,Gaza_City,CHL,my,0.5469,0.5469,0.3152,1.198,0.9254
2022-07-19,Gaza_City,CHL,my,1.006,1.006,0.5525,1.285,0.9254
2022-07-20,Gaza_City,CHL,my,1.053,1.079,0.7522,1.279,1
2022-07-21,Gaza_City,CHL,my,1.181,1.181,0.6634,1.378,0.9104
2022-07-22,Gaza_City,CHL,my,1.294,0.9264,0.5732,1.326,0.8458
2022-07-23,Gaza_City,CHL,my,1.6,1.556,0.7913,1.645,0.9254
2022-07-25,Gaza_City,CHL,my,1.212,0.8409,0.4938,1.532,0.9104
2022-07-26,Gaza_City,CHL,my,1.292,1.292,0.6107,1.503,0.9254
2022-07-27,Gaza_City,CHL,my,1.01,0.863,0.4551,1.05,0.9254
2022-07-28,Gaza_City,CHL,my,1.124,1.124,0.4713,1.681,1
2022-07-29,Gaza_City,CHL,my,,0.4105,0.2396,0.7808,0.7662
2022-07-30,Gaza_City,CHL,my,0.8854,0.7729,0.3742,1.655,0.9254
2022-07-31,Gaza_City,CHL,my,0.8028,0.8028,0.3115,1.131,0.9254
2022-08-01,Gaza_City,CHL,my,0.8027,,,,0.4826
2022-08-02,Gaza_City,CHL,my,,0.5819,0.2904,1.016,0.8209
2022-08-03,Gaza_City,CHL,my,0.9082,0.9082,0.4091,1.295,0.9254
2022-08-07,Gaza_City,CHL,my,0.9542,0.7696,0.4153,1.437,0.9254
2022-08-08,Gaza_City,CHL,my,1.046,0.7927,0.4274,1.532,0.9104
2022-08-09,Gaza_City,CHL,my,0.9352,0.6327,0.4884,4.049,0.9254
2022-08-11,Gaza_City,CHL,my,0.544,0.5667,0.4094,1.079,0.9104
2022-08-12,Gaza_City,CHL,my,0.3766,0.2319,0.2001,0.8622,0.9005
2022-08-13,Gaza_City,CHL,my,0.2163,0.2244,0.1795,0.42,0.8458
2022-08-15,Gaza_City,CHL,my,0.9671,0.9671,0.5656,1.436,0.9851
2022-08-16,Gaza_City,CHL,my,0.7285,0.8986,0.4864,1.507,0.9254
2022-08-18,Gaza_City,CHL,my,0.4913,0.3818,0.1959,0.6549,0.9104
2022-08-19,Gaza_City,CHL,my,0.1702,0.1567,0.09908,0.4346,0.9254
2022-08-20,Gaza_City,CHL,my,0.4494,0.3349,0.2202,0.5845,0.6219
2022-08-21,Gaza_City,CHL,my,0.7773,0.4786,0.3759,1.046,0.9104
2022-08-22,Gaza_City,CHL,my,1.113,1.004,0.5511,1.499,0.9254
2022-08-23,Gaza_City,CHL,my,1.587,1.44,0.6127,1.896,0.8308
2022-08-24,Gaza_City,CHL,my,1.378,1.378,0.7301,2.117,0.9104
2022-08-25,Gaza_City,CHL,my,,0.6432,0.321,0.9157,0.5025
2022-08-26,Gaza_City,CHL,my,0.6659,0.6659,0.4661,1.297,1
2022-08-27,Gaza_City,CHL,my,0.346,0.2831,0.276,0.6699,0.9254
2022-08-28,Gaza_City,CHL,my,0.2577,,,,0.3035
2022-09-05,Gaza_City,CHL,my,,0.3585,0.1666,0.4754,0.7662
2022-09-06,Gaza_City,CHL,my,0.4058,0.6123,0.3873,1.299,0.801
2022-09-07,Gaza_City,CHL,my,1.97,1.863,0.9033,2.077,0.9254
2022-09-08,Gaza_City,CHL,my,1.503,1.503,0.7882,1.879,1
2022-09-09,Gaza_City,CHL,my,2.084,1.742,1.068,3.041,0.9254
2022-09-10,Gaza_City,CHL,my,,1.363,0.7006,1.808,0.7313
2022-09-11,Gaza_City,CHL,my,1.658,1.658,1.047,1.906,0.9254
2022-09-12,Gaza_City,CHL,my,1.806,1.806,1.248,3.649,1
2022-09-15,Gaza_City,CHL,my,1.535,1.473,0.8297,1.955,0.9254
2022-09-16,Gaza_City,CHL,my,1.711,1.488,0.9084,3.857,0.9254
2022-09-17,Gaza_City,CHL,my,1.683,1.286,0.6673,1.683,0.9104
2022-09-18,Gaza_City,CHL,my,1.335,1.364,0.9839,1.481,0.5224
2022-09-20,Gaza_City,CHL,my,1.107,,,,0.2537
2022-09-21,Gaza_City,CHL,my,1.622,,,,0.2687
2022-09-22,Gaza_City,CHL,my,1.111,1.093,0.5581,1.35,1
2022-09-23,Gaza_City,CHL,my,0.8654,0.8654,0.4637,0.9734,0.9104
2022-09-24,Gaza_City,CHL,my,0.955,,,,0.209
2022-09-25,Gaza_City,CHL,my,1.021,0.8976,0.47,1.021,0.8209
2022-09-26,Gaza_City,CHL,my,0.923,0.8812,0.4158,0.9625,0.9254
2022-09-27,Gaza_City,CHL,my,0.7749,0.5683,0.2373,0.882,0.9254
2022-09-28,Gaza_City,CHL,my,0.2433,0.2081,0.1221,0.3926,0.9254
2022-09-29,Gaza_City,CHL,my,0.3449,0.3349,0.166,0.4948,0.9254
2022-09-30,Gaza_City,CHL,my,0.1441,0.123,0.07137,0.1612,0.9254
2022-10-01,Gaza_City,CHL,my,0.1591,0.1591,0.09718,0.2717,0.9254
2022-10-02,Gaza_City,CHL,my,0.07885,0.07988,0.06327,0.127,0.9254
2022-10-05,Gaza_City,CHL,my,0.8437,0.9176,0.4006,1.338,0.9254
2022-10-06,Gaza_City,CHL,my,,0.8704,0.4585,2.186,0.6915
2022-10-08,Gaza_City,CHL,my,1.126,1.184,0.8028,1.301,0.7214
2022-10-09,Gaza_City,CHL,my,1.314,1.316,1.11,1.337,0.5174
2022-10-10,Gaza_City,CHL,my,1.507,1.402,0.8239,1.507,0.9254
2022-10-11,Gaza_City,CHL,my,1.476,1.486,1.105,1.749,0.9254
2022-10-12,Gaza_City,CHL,my,1.206,1.155,0.6682,1.229,0.9254
2022-10-13,Gaza_City,CHL,my,1.122,1.2,0.9696,1.257,0.5423
2022-10-14,Gaza_City,CHL,my,1.112,1.041,0.5265,1.241,0.8109
2022-10-15,Gaza_City,CHL,my,0.8831,0.7093,0.4427,1.058,0.9254
2022-10-16,Gaza_City,CHL,my,0.9598,0.9522,0.5239,1.08,0.9254
2022-10-17,Gaza_City,CHL,my,0.6428,0.6997,0.4187,0.8143,0.9254
2022-10-18,Gaza_City,CHL,my,0.4686,0.4464,0.2679,0.7257,0.9104
2022-10-19,Gaza_City,CHL,my,,0.2079,0.1564,0.4438,0.7811
2022-10-20,Gaza_City,CHL,my,0.2916,0.2916,0.1578,0.3378,0.9254
2022-10-22,Gaza_City,CHL,my,0.3032,0.3032,0.1557,0.4088,0.9154
2022-10-24,Gaza_City,CHL,my,0.347,0.2282,0.1317,0.347,0.6169
2022-10-27,Gaza_City,CHL,my,0.3622,0.2243,0.1875,0.6199,0.9104
2022-10-28,Gaza_City,CHL,my,0.2809,,,,0.4826
2022-11-01,Gaza_City,CHL,my,0.5089,0.5089,0.228,1.024,1
2022-11-02,Gaza_City,CHL,my,,0.1276,0.08348,0.169,0.6169
2022-11-03,Gaza_City,CHL,my,0.804,0.793,0.4004,1.025,1
2022-11-04,Gaza_City,CHL,my,0.9493,0.8404,0.496,1.119,0.9254
2022-11-05,Gaza_City,CHL,my,0.4044,0.3286,0.3161,1.073,0.9254
2022-11-06,Gaza_City,CHL,my,,0.3701,0.2285,0.4417,0.6119
2022-11-07,Gaza_City,CHL,my,0.6709,0.6212,0.3493,0.6874,0.9254
2022-11-10,Gaza_City,CHL,my,0.7653,0.7653,0.4307,0.8423,0.9254
2022-11-11,Gaza_City,CHL,my,0.129,0.2042,0.1381,0.258,0.9254
2022-11-12,Gaza_City,CHL,my,0.3793,0.3762,0.2519,0.5682,0.9254
2022-11-13,Gaza_City,CHL,my,0.3949,0.465,0.3705,0.5216,0.9254
2022-11-16,Gaza_City,CHL,my,,0.1871,0.1339,0.2726,0.5473
2022-11-18,Gaza_City,CHL,my,0.2918,0.305,0.1879,0.4073,0.9254
2022-11-19,Gaza_City,CHL,my,0.2932,0.2328,0.1299,0.3694,0.9254
2022-11-20,Gaza_City,CHL,my,0.3754,0.2688,0.1539,0.3754,0.9254
2022-11-21,Gaza_City,CHL,my,0.5262,,,,0.3532
2022-11-23,Gaza_City,CHL,my,0.4271,0.4271,0.2269,0.6619,0.9254
2022-11-27,Gaza_City,CHL,my,,0.3382,0.2598,0.5874,0.592
2022-11-28,Gaza_City,CHL,my,0.6719,0.6719,0.3817,0.9132,1
2022-11-30,Gaza_City,CHL,my,0.314,0.3219,0.2357,0.4397,0.9254
2022-12-01,Gaza_City,CHL,my,0.5952,0.3681,0.2289,0.6421,0.9254
2022-12-02,Gaza_City,CHL,my,0.4415,0.4287,0.3249,0.5887,0.9254
2022-12-03,Gaza_City,CHL,my,0.4282,0.4345,0.344,0.4705,0.6866
2022-12-04,Gaza_City,CHL,my,0.4875,0.5209,0.3437,0.6226,1
2022-12-05,Gaza_City,CHL,my,0.3856,,,,0.4527
2022-12-06,Gaza_City,CHL,my,0.2781,,,,0.4776
2022-12-08,Gaza_City,CHL,my,0.4128,0.4217,0.2922,0.4654,0.9254
2022-12-09,Gaza_City,CHL,my,0.4472,0.3621,0.2648,0.5056,0.9254
2022-12-10,Gaza_City,CHL,my,0.2309,0.2192,0.1901,0.5063,0.9254
2022-12-11,Gaza_City,CHL,my,0.3704,0.4051,0.3003,0.6531,0.9254
2022-12-12,Gaza_City,CHL,my,0.348,0.348,0.2756,0.626,0.9254
2022-12-14,Gaza_City,CHL,my,0.3245,0.3244,0.2561,0.3812,0.9104
2022-12-15,Gaza_City,CHL,my,0.5049,,,,0.1542
2022-12-16,Gaza_City,CHL,my,0.1798,0.1907,0.1418,0.2001,0.9104
2022-12-17,Gaza_City,CHL,my,0.2409,0.3138,0.2399,0.379,0.9254
2022-12-18,Gaza_City,CHL,my,0.2758,0.2939,0.1742,0.3727,0.9254
2022-12-19,Gaza_City,CHL,my,0.5217,0.5217,0.2282,0.6198,1
2022-12-20,Gaza_City,CHL,my,0.5398,0.5398,0.2279,0.7015,1
2022-12-22,Gaza_City,CHL,my,0.8711,0.8711,0.5146,1.115,0.9254
2022-12-28,Gaza_City,CHL,my,0.9445,0.9249,0.4823,1.002,1
2022-12-29,Gaza_City,CHL,my,0.282,0.7226,0.4557,1.06,1
2022-12-30,Gaza_City,CHL,my,0.4665,0.4538,0.3408,0.551,0.9254
2022-12-31,Gaza_City,CHL,my,0.7482,0.6362,0.3915,0.8001,0.9254
2022-01-02,Hadera_IL,CHL,my,0.08534,0.08283,0.07221,0.1,0.9403
2022-01-03,Hadera_IL,CHL,my,0.06862,0.06422,0.06073,0.09394,0.9403
2022-01-06,Hadera_IL,CHL,my,0.1175,0.1464,0.1142,0.2534,1
2022-01-07,Hadera_IL,CHL,my,0.08492,0.1048,0.08704,0.1397,0.9403
2022-01-08,Hadera_IL,CHL,my,0.1149,0.1059,0.0921,0.2603,0.9652
2022-01-11,Hadera_IL,CHL,my,,0.1518,0.1324,0.1937,0.7562
2022-01-17,Hadera_IL,CHL,my,0.3169,0.3169,0.3087,1.047,0.9751
2022-01-18,Hadera_IL,CHL,my,0.4468,0.4468,0.324,0.8023,1
2022-01-20,Hadera_IL,CHL,my,0.2611,0.2611,0.1881,0.5484,0.7861
2022-01-21,Hadera_IL,CHL,my,0.2789,0.2437,0.1122,0.2789,0.8756
2022-01-22,Hadera_IL,CHL,my,0.2875,0.1402,0.1317,0.3759,0.9403
2022-01-25,Hadera_IL,CHL,my,0.2929,0.2929,0.1495,0.3264,0.8756
2022-01-30,Hadera_IL,CHL,my,0.7959,0.7959,0.4648,1.278,1
2022-02-02,Hadera_IL,CHL,my,0.284,0.3557,0.287,0.7406,1
2022-02-03,Hadera_IL,CHL,my,0.9132,0.9132,0.5315,1.12,0.9652
2022-02-05,Hadera_IL,CHL,my,0.1451,0.1525,0.1175,0.1605,0.5871
2022-02-06,Hadera_IL,CHL,my,0.2365,0.2365,0.159,0.6958,0.9652
2022-02-08,Hadera_IL,CHL,my,0.2063,0.2102,0.1514,0.4122,0.9403
2022-02-11,Hadera_IL,CHL,my,0.2392,0.2316,0.1577,0.5376,0.9403
2022-02-12,Hadera_IL,CHL,my,0.2186,0.2186,0.2368,0.782,1
2022-02-13,Hadera_IL,CHL,my,0.2494,0.2085,0.1825,0.4796,0.9403
2022-02-14,Hadera_IL,CHL,my,0.156,0.1403,0.09405,0.156,0.597
2022-02-16,Hadera_IL,CHL,my,0.2772,0.2437,0.1845,0.4243,0.9403
2022-02-20,Hadera_IL,CHL,my,,0.1648,0.1284,0.1742,0.5124
2022-02-21,Hadera_IL,CHL,my,0.1839,,,,0.3433
2022-02-23,Hadera_IL,CHL,my,0.1636,0.1475,0.09905,0.1766,0.8756
2022-02-27,Hadera_IL,CHL,my,0.1764,0.1764,0.1441,0.6905,0.9751
2022-02-28,Hadera_IL,CHL,my,0.2217,0.1846,0.1201,0.2571,0.8756
2022-03-04,Hadera_IL,CHL,my,,0.4222,0.2162,0.5992,0.5522
2022-03-05,Hadera_IL,CHL,my,0.8801,0.7621,0.4097,1.067,0.9403
2022-03-07,Hadera_IL,CHL,my,0.5257,,,,0.3632
2022-03-16,Hadera_IL,CHL,my,0.7059,0.6418,0.3111,0.7885,0.8756
2022-03-22,Hadera_IL,CHL,my,0.4506,0.3976,0.2195,0.4991,0.8756
2022-03-26,Hadera_IL,CHL,my,0.5433,0.4518,0.2888,0.9908,0.9403
2022-03-27,Hadera_IL,CHL,my,0.4342,,,,0.209
2022-03-28,Hadera_IL,CHL,my,1.039,0.5648,0.3775,1.294,0.9403
2022-03-30,Hadera_IL,CHL,my,0.285,0.2217,0.1659,0.285,0.6716
2022-04-09,Hadera_IL,CHL,my,,0.05429,0.05503,0.1376,0.7562
2022-04-12,Hadera_IL,CHL,my,0.05784,0.0559,0.05407,0.07866,0.8756
2022-04-13,Hadera_IL,CHL,my,0.05126,0.04674,0.0495,0.1334,0.9403
2022-04-14,Hadera_IL,CHL,my,0.1696,0.1049,0.08992,0.4034,0.9353
2022-04-15,Hadera_IL,CHL,my,0.1207,0.1207,0.08321,0.2996,0.9751
2022-04-16,Hadera_IL,CHL,my,,0.08244,0.0638,0.1162,0.5373
2022-04-20,Hadera_IL,CHL,my,0.07026,0.06693,0.06103,0.0722,0.8756
2022-04-21,Hadera_IL,CHL,my,0.04477,0.0433,0.04495,0.08674,0.9403
2022-04-26,Hadera_IL,CHL,my,0.0752,0.07085,0.06228,0.08939,0.8756
2022-05-07,Hadera_IL,CHL,my,0.3901,0.2247,0.1656,0.6459,0.9403
2022-05-08,Hadera_IL,CHL,my,0.6371,0.5144,0.212,0.9165,0.8756
2022-05-09,Hadera_IL,CHL,my,,0.109,0.07206,0.1353,0.5721
2022-05-10,Hadera_IL,CHL,my,0.2479,0.2638,0.2186,0.7018,1
2022-05-12,Hadera_IL,CHL,my,0.09335,0.108,0.07648,0.1095,0.8756
2022-05-15,Hadera_IL,CHL,my,0.09264,0.08274,0.07783,0.09264,0.6915
2022-05-17,Hadera_IL,CHL,my,0.06318,0.06318,0.05108,0.06581,0.8756
2022-05-18,Hadera_IL,CHL,my,0.04586,0.04579,0.04783,0.1988,1
2022-05-19,Hadera_IL,CHL,my,0.06653,0.06653,0.05324,0.1837,0.9652
2022-05-20,Hadera_IL,CHL,my,0.04977,0.04977,0.04125,0.1869,0.9751
2022-05-22,Hadera_IL,CHL,my,0.06039,0.05589,0.04395,0.07002,0.8756
2022-05-24,Hadera_IL,CHL,my,,0.0536,0.0564,0.2121,0.8806
2022-05-25,Hadera_IL,CHL,my,0.094,0.08397,0.0594,0.1071,0.8756
2022-05-26,Hadera_IL,CHL,my,0.09743,0.08415,0.0639,0.09743,0.8159
2022-05-27,Hadera_IL,CHL,my,,0.08016,0.06487,0.08662,0.7562
2022-05-30,Hadera_IL,CHL,my,,0.1252,0.08876,0.1341,0.5124
2022-05-31,Hadera_IL,CHL,my,0.09673,0.1123,0.09345,0.428,0.9104
2022-06-02,Hadera_IL,CHL,my,0.1145,0.109,0.07816,0.1271,0.7313
2022-06-03,Hadera_IL,CHL,my,0.1144,0.104,0.07879,0.1144,0.8756
2022-06-04,Hadera_IL,CHL,my,0.0847,0.07978,0.06702,0.1885,0.9005
2022-06-05,Hadera_IL,CHL,my,0.09897,0.0931,0.08124,0.1429,0.9403
2022-06-06,Hadera_IL,CHL,my,0.09122,0.07839,0.0683,0.0962,0.8756
2022-06-07,Hadera_IL,CHL,my,0.08109,0.0798,0.06533,0.08628,0.8756
2022-06-08,Hadera_IL,CHL,my,0.08951,0.08866,0.07248,0.1076,0.9403
2022-06-09,Hadera_IL,CHL,my,0.09912,0.08563,0.0671,0.1012,0.8159
2022-06-10,Hadera_IL,CHL,my,0.1157,0.113,0.109,0.3802,0.9353
2022-06-12,Hadera_IL,CHL,my,,0.1082,0.08129,0.1242,0.6965
2022-06-14,Hadera_IL,CHL,my,0.09947,0.1052,0.08673,0.1474,0.9403
2022-06-15,Hadera_IL,CHL,my,0.08765,0.07587,0.06417,0.1067,0.9403
2022-06-16,Hadera_IL,CHL,my,0.08817,0.08817,0.06678,0.18,0.9652
2022-06-19,Hadera_IL,CHL,my,0.1491,0.09494,0.07228,0.1491,0.8159
2022-06-20,Hadera_IL,CHL,my,0.1776,0.1516,0.07787,0.2053,0.9652
2022-06-23,Hadera_IL,CHL,my,0.3254,0.4701,0.3405,0.6423,1
2022-06-24,Hadera_IL,CHL,my,0.3837,0.4725,0.2097,0.7394,0.9652
2022-06-26,Hadera_IL,CHL,my,1.092,0.716,0.3773,1.166,0.8756
2022-06-27,Hadera_IL,CHL,my,0.46,0.46,0.2867,0.7752,0.9254
2022-06-28,Hadera_IL,CHL,my,0.6037,0.5026,0.2901,0.6037,0.8756
2022-06-29,Hadera_IL,CHL,my,0.3583,0.5658,0.3066,0.6656,0.9403
2022-06-30,Hadera_IL,CHL,my,0.3497,0.3497,0.196,0.6449,1
2022-07-01,Hadera_IL,CHL,my,0.2118,0.2118,0.1449,0.4083,0.9652
2022-07-02,Hadera_IL,CHL,my,,0.1518,0.12,0.1845,0.5622
2022-07-04,Hadera_IL,CHL,my,0.08659,0.08091,0.07881,0.1175,0.8756
2022-07-05,Hadera_IL,CHL,my,0.1922,0.1625,0.111,0.1922,0.8756
2022-07-06,Hadera_IL,CHL,my,,0.1082,0.08824,0.1157,0.5025
2022-07-08,Hadera_IL,CHL,my,,0.09356,0.05949,0.1073,0.6965
2022-07-09,Hadera_IL,CHL,my,0.1536,0.1193,0.07297,0.1536,0.7861
2022-07-10,Hadera_IL,CHL,my,0.1414,0.1345,0.08054,0.1547,0.8607
2022-07-11,Hadera_IL,CHL,my,0.1727,0.1851,0.1195,0.3923,0.8806
2022-07-12,Hadera_IL,CHL,my,0.1014,0.06082,0.05277,0.1014,0.8159
2022-07-14,Hadera_IL,CHL,my,,0.1156,0.07733,0.1299,0.7214
2022-07-18,Hadera_IL,CHL,my,0.285,0.2776,0.1821,0.3039,0.9403
2022-07-19,Hadera_IL,CHL,my,0.3128,0.3109,0.2236,0.8357,0.9005
2022-07-20,Hadera_IL,CHL,my,0.2399,0.2399,0.1675,0.5522,0.9652
2022-07-21,Hadera_IL,CHL,my,0.2245,0.2245,0.1205,0.2425,0.806
2022-07-23,Hadera_IL,CHL,my,0.2562,0.2551,0.141,0.2962,0.8159
2022-07-24,Hadera_IL,CHL,my,0.1489,0.1152,0.1004,0.1957,0.9403
2022-07-25,Hadera_IL,CHL,my,0.1471,0.1284,0.105,0.1967,0.8756
2022-07-26,Hadera_IL,CHL,my,0.1885,0.1547,0.1313,0.2574,0.9403
2022-07-27,Hadera_IL,CHL,my,0.1933,0.1775,0.1369,0.2445,0.9403
2022-07-28,Hadera_IL,CHL,my,0.1434,0.1434,0.1453,0.4143,0.9652
2022-07-29,Hadera_IL,CHL,my,0.1462,0.1148,0.09678,0.1462,0.8159
2022-07-30,Hadera_IL,CHL,my,0.1162,0.1162,0.1131,0.4177,1
2022-07-31,Hadera_IL,CHL,my,0.08122,0.07687,0.07559,0.2214,0.9005
2022-08-03,Hadera_IL,CHL,my,0.1315,0.1315,0.1163,0.3868,0.9751
2022-08-07,Hadera_IL,CHL,my,0.1508,0.1564,0.1433,0.1932,0.9403
2022-08-08,Hadera_IL,CHL,my,0.1253,0.1402,0.133,0.1973,0.9403
2022-08-09,Hadera_IL,CHL,my,0.09426,0.09426,0.08492,0.09599,0.5473
2022-08-11,Hadera_IL,CHL,my,,0.09373,0.08715,0.1409,0.5274
2022-08-12,Hadera_IL,CHL,my,0.1097,,,,0.3781
2022-08-13,Hadera_IL,CHL,my,0.1087,,,,0.3881
2022-08-15,Hadera_IL,CHL,my,0.116,0.1266,0.08462,0.3204,0.9652
2022-08-16,Hadera_IL,CHL,my,0.1264,0.1354,0.1037,0.2336,0.9652
2022-08-17,Hadera_IL,CHL,my,,0.08772,0.06959,0.09314,0.7562
2022-08-18,Hadera_IL,CHL,my,0.1005,0.09205,0.0751,0.1121,0.8756
2022-08-19,Hadera_IL,CHL,my,0.08135,0.07678,0.05821,0.08596,0.8756
2022-08-21,Hadera_IL,CHL,my,0.07155,,,,0.4378
2022-08-22,Hadera_IL,CHL,my,0.1127,0.1188,0.06159,0.1311,0.8657
2022-08-23,Hadera_IL,CHL,my,0.09046,0.08395,0.04241,0.09385,0.8756
2022-08-24,Hadera_IL,CHL,my,0.122,0.122,0.07389,0.273,0.9652
2022-08-26,Hadera_IL,CHL,my,0.08197,0.08473,0.05948,0.09521,0.8756
2022-08-27,Hadera_IL,CHL,my,0.06995,0.07883,0.06344,0.08292,0.8756
2022-08-28,Hadera_IL,CHL,my,0.08529,0.08056,0.07196,0.09481,0.607
2022-09-05,Hadera_IL,CHL,my,0.05277,0.02626,0.0301,0.07253,0.7313
2022-09-06,Hadera_IL,CHL,my,0.0457,0.04253,0.03452,0.06448,0.8756
2022-09-07,Hadera_IL,CHL,my,0.1144,0.08563,0.04926,0.1294,0.9403
2022-09-08,Hadera_IL,CHL,my,0.09685,0.09685,0.05747,0.187,0.8905
2022-09-09,Hadera_IL,CHL,my,0.08495,0.05791,0.04714,0.1277,0.9403
2022-09-10,Hadera_IL,CHL,my,0.04059,0.04059,0.03385,0.121,0.9652
2022-09-11,Hadera_IL,CHL,my,0.03028,0.03073,0.03297,0.1433,0.9652
2022-09-12,Hadera_IL,CHL,my,0.01792,0.02423,0.02721,0.1197,1
2022-09-13,Hadera_IL,CHL,my,,0.0317,0.02957,0.03519,0.6667
2022-09-15,Hadera_IL,CHL,my,0.03968,0.02977,0.03058,0.06182,0.9403
2022-09-16,Hadera_IL,CHL,my,0.0937,0.04542,0.0479,0.2801,0.9104
2022-09-17,Hadera_IL,CHL,my,0.04502,0.04107,0.03968,0.08294,0.9403
2022-09-18,Hadera_IL,CHL,my,0.0428,,,,0.3582
2022-09-19,Hadera_IL,CHL,my,,0.02823,0.02734,0.03148,0.7562
2022-09-22,Hadera_IL,CHL,my,,0.02513,0.02369,0.03104,0.5025
2022-09-23,Hadera_IL,CHL,my,0.0745,0.06634,0.04098,0.08985,0.8756
2022-09-24,Hadera_IL,CHL,my,0.06743,0.05269,0.03791,0.09733,0.6269
2022-09-25,Hadera_IL,CHL,my,0.1013,0.06365,0.049,0.1013,0.8159
2022-09-26,Hadera_IL,CHL,my,0.07701,0.07686,0.06425,0.09093,0.8756
2022-09-27,Hadera_IL,CHL,my,0.06664,0.05005,0.0494,0.08881,0.9403
2022-09-28,Hadera_IL,CHL,my,0.03615,0.05696,0.04618,0.06537,0.9403
2022-09-29,Hadera_IL,CHL,my,0.06426,0.06492,0.0536,0.06912,0.8756
2022-09-30,Hadera_IL,CHL,my,0.05918,0.0655,0.05142,0.07413,0.9403
2022-10-01,Hadera_IL,CHL,my,0.05397,0.05686,0.04951,0.06416,0.8756
2022-10-04,Hadera_IL,CHL,my,0.06604,,,,0.1194
2022-10-05,Hadera_IL,CHL,my,0.02739,0.02739,0.02682,0.06012,0.9403
2022-10-06,Hadera_IL,CHL,my,0.04325,0.04028,0.03301,0.06833,0.9403
2022-10-08,Hadera_IL,CHL,my,0.04555,,,,0.3035
2022-10-09,Hadera_IL,CHL,my,0.07072,0.03328,0.0378,0.08013,0.7512
2022-10-10,Hadera_IL,CHL,my,0.03412,0.03291,0.03371,0.06267,0.9403
2022-10-11,Hadera_IL,CHL,my,0.1113,0.06561,0.0603,0.246,1
2022-10-12,Hadera_IL,CHL,my,0.05909,0.07165,0.04782,0.0724,0.5522
2022-10-13,Hadera_IL,CHL,my,0.02882,0.03281,0.03206,0.07273,0.9652
2022-10-14,Hadera_IL,CHL,my,0.05767,0.05925,0.04271,0.0684,0.9403
2022-10-15,Hadera_IL,CHL,my,0.04432,0.04154,0.03057,0.06437,0.9403
2022-10-16,Hadera_IL,CHL,my,0.07539,0.06871,0.04735,0.09803,0.9403
2022-10-17,Hadera_IL,CHL,my,0.06798,0.05125,0.04836,0.09468,0.9403
2022-10-18,Hadera_IL,CHL,my,0.1788,0.1471,0.0898,0.1788,0.9403
2022-10-19,Hadera_IL,CHL,my,0.2051,0.1924,0.1454,0.2765,0.9652
2022-10-20,Hadera_IL,CHL,my,0.1338,,,,0.2687
2022-10-27,Hadera_IL,CHL,my,,0.1211,0.0992,0.1524,0.7562
2022-10-28,Hadera_IL,CHL,my,0.164,0.1544,0.1202,0.164,0.8159
2022-10-31,Hadera_IL,CHL,my,0.137,0.137,0.1159,0.1445,0.8756
2022-11-01,Hadera_IL,CHL,my,0.1642,0.1642,0.1234,0.1988,0.9403
2022-11-02,Hadera_IL,CHL,my,0.1378,0.1329,0.08926,0.1441,0.9403
2022-11-03,Hadera_IL,CHL,my,0.1181,0.1181,0.08669,0.2325,0.9751
2022-11-04,Hadera_IL,CHL,my,0.07026,0.08065,0.0647,0.1056,0.8756
2022-11-05,Hadera_IL,CHL,my,0.1318,0.1356,0.1096,0.1459,0.9403
2022-11-07,Hadera_IL,CHL,my,0.09979,0.1016,0.08443,0.1156,0.8806
2022-11-10,Hadera_IL,CHL,my,0.1574,0.1687,0.1306,0.2342,0.6368
2022-11-11,Hadera_IL,CHL,my,0.1776,0.1776,0.1362,0.3001,1
2022-11-12,Hadera_IL,CHL,my,,0.1635,0.1243,0.2029,0.7562
2022-11-13,Hadera_IL,CHL,my,0.1918,0.1516,0.1208,0.1918,0.8159
2022-11-17,Hadera_IL,CHL,my,0.1685,0.1486,0.1221,0.1685,0.7264
2022-11-18,Hadera_IL,CHL,my,0.1838,0.1953,0.1419,0.2169,0.9403
2022-11-19,Hadera_IL,CHL,my,0.2169,0.2719,0.2011,0.4435,0.9751
2022-11-20,Hadera_IL,CHL,my,0.2337,0.2658,0.1869,0.3879,0.9652
2022-11-23,Hadera_IL,CHL,my,0.1789,0.1666,0.1474,0.1789,0.9403
2022-11-28,Hadera_IL,CHL,my,0.2516,0.2556,0.1737,0.2649,0.8756
2022-12-01,Hadera_IL,CHL,my,0.07751,0.0875,0.08309,0.1249,0.9403
2022-12-02,Hadera_IL,CHL,my,0.1297,0.1297,0.09689,0.1393,0.9403
2022-12-04,Hadera_IL,CHL,my,0.1449,0.1449,0.1098,0.1982,0.9403
2022-12-06,Hadera_IL,CHL,my,0.134,,,,0.4826
2022-12-08,Hadera_IL,CHL,my,0.2016,0.2016,0.122,0.2134,0.8756
2022-12-09,Hadera_IL,CHL,my,0.1736,0.1895,0.1399,0.2041,0.8756
2022-12-10,Hadera_IL,CHL,my,0.1568,0.1333,0.1081,0.1568,0.9403
2022-12-11,Hadera_IL,CHL,my,0.2082,,,,0.1493
2022-12-16,Hadera_IL,CHL,my,0.08927,0.09846,0.08507,0.1065,0.9403
2022-12-17,Hadera_IL,CHL,my,0.09687,0.1042,0.09235,0.1337,0.9403
2022-12-18,Hadera_IL,CHL,my,0.134,0.1358,0.1165,0.2526,0.9751
2022-12-19,Hadera_IL,CHL,my,0.1037,0.1218,0.1129,0.2127,0.9652
2022-12-20,Hadera_IL,CHL,my,0.1965,0.1943,0.1561,0.2075,0.9403
2022-12-22,Hadera_IL,CHL,my,0.1147,0.147,0.1185,0.1499,0.8706
2022-12-27,Hadera_IL,CHL,my,0.2488,,,,0.3881
2022-12-28,Hadera_IL,CHL,my,0.1802,0.1802,0.1264,0.3098,0.7065
2022-12-29,Hadera_IL,CHL,my,0.2437,0.2437,0.1829,0.3415,0.9751
2022-12-30,Hadera_IL,CHL,my,0.238,0.2019,0.1489,0.2567,0.8756
2022-12-31,Hadera_IL,CHL,my,,0.2096,0.16,0.2517,0.5124
2022-01-03,Open_sea_ref,CHL,my,0.0591,0.0591,0.0591,0.0591,1
2022-01-04,Open_sea_ref,CHL,my,0.0552,0.0552,0.0552,0.0552,1
2022-01-06,Open_sea_ref,CHL,my,0.0543,0.0543,0.0543,0.0543,1
2022-01-07,Open_sea_ref,CHL,my,0.0586,0.0586,0.0586,0.0586,1
2022-01-08,Open_sea_ref,CHL,my,0.0591,0.0591,0.0591,0.0591,1
2022-01-11,Open_sea_ref,CHL,my,0.0759,0.0759,0.0759,0.0759,1
2022-01-12,Open_sea_ref,CHL,my,0.0919,0.0919,0.0919,0.0919,1
2022-01-17,Open_sea_ref,CHL,my,0.093,0.093,0.093,0.093,1
2022-01-18,Open_sea_ref,CHL,my,0.0568,0.0568,0.0568,0.0568,1
2022-01-22,Open_sea_ref,CHL,my,0.0571,0.0571,0.0571,0.0571,1
2022-01-29,Open_sea_ref,CHL,my,0.0624,0.0624,0.0624,0.0624,1
2022-02-02,Open_sea_ref,CHL,my,0.0808,0.0808,0.0808,0.0808,1
2022-02-03,Open_sea_ref,CHL,my,0.0822,0.0822,0.0822,0.0822,1
2022-02-06,Open_sea_ref,CHL,my,0.0684,0.0684,0.0684,0.0684,1
2022-02-08,Open_sea_ref,CHL,my,0.0855,0.0855,0.0855,0.0855,1
2022-02-11,Open_sea_ref,CHL,my,0.0744,0.0744,0.0744,0.0744,1
2022-02-12,Open_sea_ref,CHL,my,0.0719,0.0719,0.0719,0.0719,1
2022-02-14,Open_sea_ref,CHL,my,0.0691,0.0691,0.0691,0.0691,1
2022-02-15,Open_sea_ref,CHL,my,0.0732,0.0732,0.0732,0.0732,1
2022-02-20,Open_sea_ref,CHL,my,0.0957,0.0957,0.0957,0.0957,1
2022-02-23,Open_sea_ref,CHL,my,0.0859,0.0859,0.0859,0.0859,1
2022-02-24,Open_sea_ref,CHL,my,0.08,0.08,0.08,0.08,1
2022-02-28,Open_sea_ref,CHL,my,0.0934,0.0934,0.0934,0.0934,1
2022-03-05,Open_sea_ref,CHL,my,0.0934,0.0934,0.0934,0.0934,1
2022-03-07,Open_sea_ref,CHL,my,0.0806,0.0806,0.0806,0.0806,1
2022-03-09,Open_sea_ref,CHL,my,0.0937,0.0937,0.0937,0.0937,1
2022-03-15,Open_sea_ref,CHL,my,0.0605,0.0605,0.0605,0.0605,1
2022-03-16,Open_sea_ref,CHL,my,0.0676,0.0676,0.0676,0.0676,1
2022-03-21,Open_sea_ref,CHL,my,0.082,0.082,0.082,0.082,1
2022-03-22,Open_sea_ref,CHL,my,0.0719,0.0719,0.0719,0.0719,1
2022-03-25,Open_sea_ref,CHL,my,0.0682,0.0682,0.0682,0.0682,1
2022-03-26,Open_sea_ref,CHL,my,0.0808,0.0808,0.0808,0.0808,1
2022-03-29,Open_sea_ref,CHL,my,0.0893,0.0893,0.0893,0.0893,1
2022-03-30,Open_sea_ref,CHL,my,0.0856,0.0856,0.0856,0.0856,1
2022-04-09,Open_sea_ref,CHL,my,0.0429,0.0429,0.0429,0.0429,1
2022-04-11,Open_sea_ref,CHL,my,0.0459,0.0459,0.0459,0.0459,1
2022-04-12,Open_sea_ref,CHL,my,0.0432,0.0432,0.0432,0.0432,1
2022-04-13,Open_sea_ref,CHL,my,0.039,0.039,0.039,0.039,1
2022-04-14,Open_sea_ref,CHL,my,0.036,0.036,0.036,0.036,1
2022-04-15,Open_sea_ref,CHL,my,0.0377,0.0377,0.0377,0.0377,1
2022-04-20,Open_sea_ref,CHL,my,0.0359,0.0359,0.0359,0.0359,1
2022-04-21,Open_sea_ref,CHL,my,0.0394,0.0394,0.0394,0.0394,1
2022-04-23,Open_sea_ref,CHL,my,0.0413,0.0413,0.0413,0.0413,1
2022-04-26,Open_sea_ref,CHL,my,0.049,0.049,0.049,0.049,1
2022-04-27,Open_sea_ref,CHL,my,0.0474,0.0474,0.0474,0.0474,1
2022-04-28,Open_sea_ref,CHL,my,0.0298,0.0298,0.0298,0.0298,1
2022-04-29,Open_sea_ref,CHL,my,0.0471,0.0471,0.0471,0.0471,1
2022-05-06,Open_sea_ref,CHL,my,0.0389,0.0389,0.0389,0.0389,1
2022-05-07,Open_sea_ref,CHL,my,0.0348,0.0348,0.0348,0.0348,1
2022-05-08,Open_sea_ref,CHL,my,0.0346,0.0346,0.0346,0.0346,1
2022-05-09,Open_sea_ref,CHL,my,0.0386,0.0386,0.0386,0.0386,1
2022-05-10,Open_sea_ref,CHL,my,0.0314,0.0314,0.0314,0.0314,1
2022-05-18,Open_sea_ref,CHL,my,0.0397,0.0397,0.0397,0.0397,1
2022-05-19,Open_sea_ref,CHL,my,0.0413,0.0413,0.0413,0.0413,1
2022-05-20,Open_sea_ref,CHL,my,0.0346,0.0346,0.0346,0.0346,1
2022-05-23,Open_sea_ref,CHL,my,0.0361,0.0361,0.0361,0.0361,1
2022-05-25,Open_sea_ref,CHL,my,0.0364,0.0364,0.0364,0.0364,1
2022-05-26,Open_sea_ref,CHL,my,0.0282,0.0282,0.0282,0.0282,1
2022-05-27,Open_sea_ref,CHL,my,0.0264,0.0264,0.0264,0.0264,1
2022-05-29,Open_sea_ref,CHL,my,0.0255,0.0255,0.0255,0.0255,1
2022-05-30,Open_sea_ref,CHL,my,0.0303,0.0303,0.0303,0.0303,1
2022-06-01,Open_sea_ref,CHL,my,0.0236,0.0236,0.0236,0.0236,1
2022-06-03,Open_sea_ref,CHL,my,0.0317,0.0317,0.0317,0.0317,1
2022-06-04,Open_sea_ref,CHL,my,0.0343,0.0343,0.0343,0.0343,1
2022-06-05,Open_sea_ref,CHL,my,0.0373,0.0373,0.0373,0.0373,1
2022-06-06,Open_sea_ref,CHL,my,0.0367,0.0367,0.0367,0.0367,1
2022-06-08,Open_sea_ref,CHL,my,0.0382,0.0382,0.0382,0.0382,1
2022-06-09,Open_sea_ref,CHL,my,0.0282,0.0282,0.0282,0.0282,1
2022-06-10,Open_sea_ref,CHL,my,0.0278,0.0278,0.0278,0.0278,1
2022-06-13,Open_sea_ref,CHL,my,0.0324,0.0324,0.0324,0.0324,1
2022-06-16,Open_sea_ref,CHL,my,0.0334,0.0334,0.0334,0.0334,1
2022-06-18,Open_sea_ref,CHL,my,0.0276,0.0276,0.0276,0.0276,1
2022-06-19,Open_sea_ref,CHL,my,0.0271,0.0271,0.0271,0.0271,1
2022-06-21,Open_sea_ref,CHL,my,0.0282,0.0282,0.0282,0.0282,1
2022-06-22,Open_sea_ref,CHL,my,0.0329,0.0329,0.0329,0.0329,1
2022-06-23,Open_sea_ref,CHL,my,0.0319,0.0319,0.0319,0.0319,1
2022-06-24,Open_sea_ref,CHL,my,0.0401,0.0401,0.0401,0.0401,1
2022-06-25,Open_sea_ref,CHL,my,0.0257,0.0257,0.0257,0.0257,1
2022-06-26,Open_sea_ref,CHL,my,0.0257,0.0257,0.0257,0.0257,1
2022-06-27,Open_sea_ref,CHL,my,0.0284,0.0284,0.0284,0.0284,1
2022-06-28,Open_sea_ref,CHL,my,0.0357,0.0357,0.0357,0.0357,1
2022-06-29,Open_sea_ref,CHL,my,0.0289,0.0289,0.0289,0.0289,1
2022-06-30,Open_sea_ref,CHL,my,0.0335,0.0335,0.0335,0.0335,1
2022-07-01,Open_sea_ref,CHL,my,0.0321,0.0321,0.0321,0.0321,1
2022-07-03,Open_sea_ref,CHL,my,0.0233,0.0233,0.0233,0.0233,1
2022-07-04,Open_sea_ref,CHL,my,0.0239,0.0239,0.0239,0.0239,1
2022-07-05,Open_sea_ref,CHL,my,0.025,0.025,0.025,0.025,1
2022-07-07,Open_sea_ref,CHL,my,0.0293,0.0293,0.0293,0.0293,1
2022-07-08,Open_sea_ref,CHL,my,0.0281,0.0281,0.0281,0.0281,1
2022-07-09,Open_sea_ref,CHL,my,0.0241,0.0241,0.0241,0.0241,1
2022-07-12,Open_sea_ref,CHL,my,0.0287,0.0287,0.0287,0.0287,1
2022-07-13,Open_sea_ref,CHL,my,0.0264,0.0264,0.0264,0.0264,1
2022-07-14,Open_sea_ref,CHL,my,0.026,0.026,0.026,0.026,1
2022-07-15,Open_sea_ref,CHL,my,0.0219,0.0219,0.0219,0.0219,1
2022-07-16,Open_sea_ref,CHL,my,0.0255,0.0255,0.0255,0.0255,1
2022-07-18,Open_sea_ref,CHL,my,0.0303,0.0303,0.0303,0.0303,1
2022-07-19,Open_sea_ref,CHL,my,0.0206,0.0206,0.0206,0.0206,1
2022-07-20,Open_sea_ref,CHL,my,0.0206,0.0206,0.0206,0.0206,1
2022-07-22,Open_sea_ref,CHL,my,0.0223,0.0223,0.0223,0.0223,1
2022-07-23,Open_sea_ref,CHL,my,0.0286,0.0286,0.0286,0.0286,1
2022-07-24,Open_sea_ref,CHL,my,0.024,0.024,0.024,0.024,1
2022-07-25,Open_sea_ref,CHL,my,0.028,0.028,0.028,0.028,1
2022-07-26,Open_sea_ref,CHL,my,0.0251,0.0251,0.0251,0.0251,1
2022-07-27,Open_sea_ref,CHL,my,0.0212,0.0212,0.0212,0.0212,1
2022-07-28,Open_sea_ref,CHL,my,0.0253,0.0253,0.0253,0.0253,1
2022-07-29,Open_sea_ref,CHL,my,0.0269,0.0269,0.0269,0.0269,1
2022-07-30,Open_sea_ref,CHL,my,0.0292,0.0292,0.0292,0.0292,1
2022-08-02,Open_sea_ref,CHL,my,0.0236,0.0236,0.0236,0.0236,1
2022-08-03,Open_sea_ref,CHL,my,0.0269,0.0269,0.0269,0.0269,1
2022-08-07,Open_sea_ref,CHL,my,0.0251,0.0251,0.0251,0.0251,1
2022-08-08,Open_sea_ref,CHL,my,0.0332,0.0332,0.0332,0.0332,1
2022-08-12,Open_sea_ref,CHL,my,0.0244,0.0244,0.0244,0.0244,1
2022-08-16,Open_sea_ref,CHL,my,0.0219,0.0219,0.0219,0.0219,1
2022-08-21,Open_sea_ref,CHL,my,0.0261,0.0261,0.0261,0.0261,1
2022-08-22,Open_sea_ref,CHL,my,0.0274,0.0274,0.0274,0.0274,1
2022-08-23,Open_sea_ref,CHL,my,0.0218,0.0218,0.0218,0.0218,1
2022-08-24,Open_sea_ref,CHL,my,0.0222,0.0222,0.0222,0.0222,1
2022-08-25,Open_sea_ref,CHL,my,0.0194,0.0194,0.0194,0.0194,1
2022-08-26,Open_sea_ref,CHL,my,0.0193,0.0193,0.0193,0.0193,1
2022-08-27,Open_sea_ref,CHL,my,0.0237,0.0237,0.0237,0.0237,1
2022-08-28,Open_sea_ref,CHL,my,0.0239,0.0239,0.0239,0.0239,1
2022-09-07,Open_sea_ref,CHL,my,0.03,0.03,0.03,0.03,1
2022-09-08,Open_sea_ref,CHL,my,0.0247,0.0247,0.0247,0.0247,1
2022-09-09,Open_sea_ref,CHL,my,0.0243,0.0243,0.0243,0.0243,1
2022-09-10,Open_sea_ref,CHL,my,0.0179,0.0179,0.0179,0.0179,1
2022-09-11,Open_sea_ref,CHL,my,0.0227,0.0227,0.0227,0.0227,1
2022-09-12,Open_sea_ref,CHL,my,0.0225,0.0225,0.0225,0.0225,1
2022-09-14,Open_sea_ref,CHL,my,0.0184,0.0184,0.0184,0.0184,1
2022-09-15,Open_sea_ref,CHL,my,0.0205,0.0205,0.0205,0.0205,1
2022-09-16,Open_sea_ref,CHL,my,0.022,0.022,0.022,0.022,1
2022-09-17,Open_sea_ref,CHL,my,0.0166,0.0166,0.0166,0.0166,1
2022-09-18,Open_sea_ref,CHL,my,0.0246,0.0246,0.0246,0.0246,1
2022-09-19,Open_sea_ref,CHL,my,0.0232,0.0232,0.0232,0.0232,1
2022-09-20,Open_sea_ref,CHL,my,0.0248,0.0248,0.0248,0.0248,1
2022-09-22,Open_sea_ref,CHL,my,0.0173,0.0173,0.0173,0.0173,1
2022-09-23,Open_sea_ref,CHL,my,0.0199,0.0199,0.0199,0.0199,1
2022-09-24,Open_sea_ref,CHL,my,0.0175,0.0175,0.0175,0.0175,1
2022-09-25,Open_sea_ref,CHL,my,0.026,0.026,0.026,0.026,1
2022-09-26,Open_sea_ref,CHL,my,0.0148,0.0148,0.0148,0.0148,1
2022-09-27,Open_sea_ref,CHL,my,0.0229,0.0229,0.0229,0.0229,1
2022-09-28,Open_sea_ref,CHL,my,0.0273,0.0273,0.0273,0.0273,1
2022-09-29,Open_sea_ref,CHL,my,0.0318,0.0318,0.0318,0.0318,1
2022-09-30,Open_sea_ref,CHL,my,0.0284,0.0284,0.0284,0.0284,1
2022-10-01,Open_sea_ref,CHL,my,0.0223,0.0223,0.0223,0.0223,1
2022-10-02,Open_sea_ref,CHL,my,0.0288,0.0288,0.0288,0.0288,1
2022-10-04,Open_sea_ref,CHL,my,0.0299,0.0299,0.0299,0.0299,1
2022-10-05,Open_sea_ref,CHL,my,0.0317,0.0317,0.0317,0.0317,1
2022-10-06,Open_sea_ref,CHL,my,0.0287,0.0287,0.0287,0.0287,1
2022-10-07,Open_sea_ref,CHL,my,0.0296,0.0296,0.0296,0.0296,1
2022-10-08,Open_sea_ref,CHL,my,0.0259,0.0259,0.0259,0.0259,1
2022-10-09,Open_sea_ref,CHL,my,0.026,0.026,0.026,0.026,1
2022-10-10,Open_sea_ref,CHL,my,0.0204,0.0204,0.0204,0.0204,1
2022-10-11,Open_sea_ref,CHL,my,0.0282,0.0282,0.0282,0.0282,1
2022-10-12,Open_sea_ref,CHL,my,0.0203,0.0203,0.0203,0.0203,1
2022-10-15,Open_sea_ref,CHL,my,0.0234,0.0234,0.0234,0.0234,1
2022-10-27,Open_sea_ref,CHL,my,0.0491,0.0491,0.0491,0.0491,1
2022-10-29,Open_sea_ref,CHL,my,0.0407,0.0407,0.0407,0.0407,1
2022-10-31,Open_sea_ref,CHL,my,0.0395,0.0395,0.0395,0.0395,1
2022-11-03,Open_sea_ref,CHL,my,0.0386,0.0386,0.0386,0.0386,1
2022-11-04,Open_sea_ref,CHL,my,0.0318,0.0318,0.0318,0.0318,1
2022-11-05,Open_sea_ref,CHL,my,0.0294,0.0294,0.0294,0.0294,1
2022-11-06,Open_sea_ref,CHL,my,0.0378,0.0378,0.0378,0.0378,1
2022-11-07,Open_sea_ref,CHL,my,0.0337,0.0337,0.0337,0.0337,1
2022-11-08,Open_sea_ref,CHL,my,0.0362,0.0362,0.0362,0.0362,1
2022-11-10,Open_sea_ref,CHL,my,0.0406,0.0406,0.0406,0.0406,1
2022-11-11,Open_sea_ref,CHL,my,0.037,0.037,0.037,0.037,1
2022-11-12,Open_sea_ref,CHL,my,0.045,0.045,0.045,0.045,1
2022-11-13,Open_sea_ref,CHL,my,0.0476,0.0476,0.0476,0.0476,1
2022-11-15,Open_sea_ref,CHL,my,0.0401,0.0401,0.0401,0.0401,1
2022-11-16,Open_sea_ref,CHL,my,0.0374,0.0374,0.0374,0.0374,1
2022-11-18,Open_sea_ref,CHL,my,0.0362,0.0362,0.0362,0.0362,1
2022-11-19,Open_sea_ref,CHL,my,0.0389,0.0389,0.0389,0.0389,1
2022-11-20,Open_sea_ref,CHL,my,0.0428,0.0428,0.0428,0.0428,1
2022-11-23,Open_sea_ref,CHL,my,0.0362,0.0362,0.0362,0.0362,1
2022-11-30,Open_sea_ref,CHL,my,0.0382,0.0382,0.0382,0.0382,1
2022-12-01,Open_sea_ref,CHL,my,0.0402,0.0402,0.0402,0.0402,1
2022-12-02,Open_sea_ref,CHL,my,0.0409,0.0409,0.0409,0.0409,1
2022-12-03,Open_sea_ref,CHL,my,0.0401,0.0401,0.0401,0.0401,1
2022-12-04,Open_sea_ref,CHL,my,0.0402,0.0402,0.0402,0.0402,1
2022-12-05,Open_sea_ref,CHL,my,0.0407,0.0407,0.0407,0.0407,1
2022-12-08,Open_sea_ref,CHL,my,0.0459,0.0459,0.0459,0.0459,1
2022-12-10,Open_sea_ref,CHL,my,0.0483,0.0483,0.0483,0.0483,1
2022-12-11,Open_sea_ref,CHL,my,0.0449,0.0449,0.0449,0.0449,1
2022-12-13,Open_sea_ref,CHL,my,0.0473,0.0473,0.0473,0.0473,1
2022-12-15,Open_sea_ref,CHL,my,0.0417,0.0417,0.0417,0.0417,1
2022-12-17,Open_sea_ref,CHL,my,0.0451,0.0451,0.0451,0.0451,1
2022-12-18,Open_sea_ref,CHL,my,0.0433,0.0433,0.0433,0.0433,1
2022-12-19,Open_sea_ref,CHL,my,0.041,0.041,0.041,0.041,1
2022-12-27,Open_sea_ref,CHL,my,0.0501,0.0501,0.0501,0.0501,1
2022-12-28,Open_sea_ref,CHL,my,0.0419,0.0419,0.0419,0.0419,1
2022-12-29,Open_sea_ref,CHL,my,0.0486,0.0486,0.0486,0.0486,1
2022-12-30,Open_sea_ref,CHL,my,0.0512,0.0512,0.0512,0.0512,1
2022-12-31,Open_sea_ref,CHL,my,0.0581,0.0581,0.0581,0.0581,1
2022-01-01,Port_Said_EG,CHL,my,2.953,,,,0.4523
2022-01-03,Port_Said_EG,CHL,my,9.193,7.204,3.21,9.193,0.9296
2022-01-04,Port_Said_EG,CHL,my,9.832,8.796,3.456,9.832,0.9296
2022-01-05,Port_Said_EG,CHL,my,12.23,9.628,4.133,12.23,0.9296
2022-01-07,Port_Said_EG,CHL,my,14.33,,,,0.2764
2022-01-09,Port_Said_EG,CHL,my,6.831,6.831,4.439,7.728,0.9296
2022-01-11,Port_Said_EG,CHL,my,7.225,7.225,4.649,8.708,1
2022-01-12,Port_Said_EG,CHL,my,,3.925,3.206,5.267,0.5377
2022-01-13,Port_Said_EG,CHL,my,2.894,2.487,2.266,4.733,0.9698
2022-01-14,Port_Said_EG,CHL,my,,5.806,3.995,8.174,0.7236
2022-01-18,Port_Said_EG,CHL,my,6.515,6.751,5.195,13.26,1
2022-01-21,Port_Said_EG,CHL,my,8.996,8.796,5.373,14.53,1
2022-01-22,Port_Said_EG,CHL,my,15.17,15.17,6.331,19.4,0.9598
2022-01-24,Port_Said_EG,CHL,my,6.214,6.088,4.24,6.787,0.9296
2022-01-25,Port_Said_EG,CHL,my,5.119,5.204,4.042,5.976,1
2022-01-29,Port_Said_EG,CHL,my,7.136,6.783,4.729,8.726,0.9296
2022-01-30,Port_Said_EG,CHL,my,4.86,4.86,3.739,5.256,0.9296
2022-02-02,Port_Said_EG,CHL,my,4.111,4.084,2.788,4.492,0.9045
2022-02-06,Port_Said_EG,CHL,my,6.684,6.268,4.296,7.318,0.9296
2022-02-07,Port_Said_EG,CHL,my,5.953,5.953,3.868,6.41,0.9698
2022-02-08,Port_Said_EG,CHL,my,4.404,5.77,3.719,6.302,1
2022-02-12,Port_Said_EG,CHL,my,4.228,4.717,4.016,7.338,1
2022-02-13,Port_Said_EG,CHL,my,4.3,4.663,3.328,5.243,0.7085
2022-02-14,Port_Said_EG,CHL,my,6.315,5.274,3.42,8.88,0.9447
2022-02-15,Port_Said_EG,CHL,my,12.65,12.65,5.647,18.98,0.9296
2022-02-16,Port_Said_EG,CHL,my,3.915,3.915,2.684,4.934,0.8543
2022-02-19,Port_Said_EG,CHL,my,4.397,,,,0.196
2022-02-20,Port_Said_EG,CHL,my,,4.63,2.91,5.947,0.7085
2022-02-21,Port_Said_EG,CHL,my,12.98,13.29,7.572,20.2,1
2022-02-22,Port_Said_EG,CHL,my,6.239,6.984,4.522,7.93,0.6784
2022-02-26,Port_Said_EG,CHL,my,6.801,6.801,3.802,7.821,0.9698
2022-02-27,Port_Said_EG,CHL,my,11.8,11.04,5.412,15.29,1
2022-02-28,Port_Said_EG,CHL,my,9.707,,,,0.2211
2022-03-03,Port_Said_EG,CHL,my,8.794,6.194,4.958,9.413,0.7839
2022-03-04,Port_Said_EG,CHL,my,7.641,7.009,4.057,7.641,0.9296
2022-03-05,Port_Said_EG,CHL,my,5.798,6.443,4.968,7.034,0.8744
2022-03-07,Port_Said_EG,CHL,my,,2.442,2.402,6.098,0.5578
2022-03-08,Port_Said_EG,CHL,my,5.675,4.962,3.31,5.712,0.8744
2022-03-09,Port_Said_EG,CHL,my,4.093,,,,0.4121
2022-03-13,Port_Said_EG,CHL,my,6.244,5.318,3.967,6.244,0.7437
2022-03-18,Port_Said_EG,CHL,my,13.09,9.232,4.731,13.09,0.9698
2022-03-23,Port_Said_EG,CHL,my,6.835,5.242,3.19,6.835,0.9698
2022-03-25,Port_Said_EG,CHL,my,6.46,6.46,3.821,7.778,1
2022-03-26,Port_Said_EG,CHL,my,9.559,8.25,4.815,12.57,1
2022-03-27,Port_Said_EG,CHL,my,7.795,4.259,3.266,7.795,0.8744
2022-03-28,Port_Said_EG,CHL,my,4.774,4.359,2.914,4.94,0.9296
2022-03-29,Port_Said_EG,CHL,my,4.539,4.075,2.847,5.345,0.9698
2022-03-30,Port_Said_EG,CHL,my,,7.537,4.653,8.999,0.5226
2022-04-04,Port_Said_EG,CHL,my,,2.44,1.962,2.669,0.7839
2022-04-09,Port_Said_EG,CHL,my,3.942,2.88,2.144,5.288,1
2022-04-11,Port_Said_EG,CHL,my,2.978,2.883,1.865,2.978,0.9296
2022-04-12,Port_Said_EG,CHL,my,4.926,4.112,2.429,4.926,0.9296
2022-04-14,Port_Said_EG,CHL,my,5.01,4.138,2.769,5.545,0.8191
2022-04-15,Port_Said_EG,CHL,my,4.605,4.605,2.77,5.66,1
2022-04-19,Port_Said_EG,CHL,my,4.859,4.528,2.941,4.903,0.9698
2022-04-20,Port_Said_EG,CHL,my,5.41,5.41,2.954,6.653,0.9296
2022-04-23,Port_Said_EG,CHL,my,4.243,4.06,2.542,4.617,1
2022-04-26,Port_Said_EG,CHL,my,5.763,5.357,3.226,5.763,0.6734
2022-04-27,Port_Said_EG,CHL,my,5.255,4.993,2.635,5.637,1
2022-04-28,Port_Said_EG,CHL,my,3.606,3.606,2.377,5.903,1
2022-05-01,Port_Said_EG,CHL,my,,2.039,1.64,2.289,0.5628
2022-05-06,Port_Said_EG,CHL,my,8.743,8.334,5.71,8.743,0.9698
2022-05-07,Port_Said_EG,CHL,my,6.874,6.868,4.082,8.246,0.9698
2022-05-08,Port_Said_EG,CHL,my,5.319,5.155,3.374,5.719,1
2022-05-10,Port_Said_EG,CHL,my,5.023,4.818,3.185,5.206,1
2022-05-12,Port_Said_EG,CHL,my,6.083,6.322,3.904,8.715,1
2022-05-15,Port_Said_EG,CHL,my,4.853,4.853,2.879,5.792,1
2022-05-17,Port_Said_EG,CHL,my,6.482,5.82,3.287,7.687,0.9296
2022-05-18,Port_Said_EG,CHL,my,7.439,7.268,4.212,11.13,1
2022-05-19,Port_Said_EG,CHL,my,2.585,2.585,2.112,3.269,1
2022-05-20,Port_Said_EG,CHL,my,2.279,2.334,1.968,2.57,1
2022-05-21,Port_Said_EG,CHL,my,,2.487,1.815,2.669,0.6382
2022-05-22,Port_Said_EG,CHL,my,5.472,4.789,2.922,6.176,0.9698
2022-05-23,Port_Said_EG,CHL,my,4.707,4.417,2.709,5.299,1
2022-05-24,Port_Said_EG,CHL,my,5.078,4.386,2.591,5.318,0.8593
2022-05-25,Port_Said_EG,CHL,my,5.967,5.536,3.146,7.232,0.9296
2022-05-26,Port_Said_EG,CHL,my,5.527,4.722,3.216,15.46,1
2022-05-27,Port_Said_EG,CHL,my,3.324,3.324,2.314,6.924,1
2022-05-29,Port_Said_EG,CHL,my,5.826,5.826,2.805,8.063,1
2022-05-30,Port_Said_EG,CHL,my,2.901,2.746,1.989,3.261,0.9698
2022-05-31,Port_Said_EG,CHL,my,2.417,2.385,1.785,2.969,0.8844
2022-06-01,Port_Said_EG,CHL,my,3.12,3.12,1.993,3.426,0.8543
2022-06-02,Port_Said_EG,CHL,my,2.299,2.31,1.567,5.296,1
2022-06-03,Port_Said_EG,CHL,my,3.547,3.144,1.891,3.625,1
2022-06-04,Port_Said_EG,CHL,my,2.277,2.342,1.603,3.325,1
2022-06-05,Port_Said_EG,CHL,my,2.294,2.211,1.594,2.627,0.9698
2022-06-06,Port_Said_EG,CHL,my,2.535,2.236,1.664,2.686,0.9146
2022-06-07,Port_Said_EG,CHL,my,3.511,2.616,1.805,3.511,0.8744
2022-06-08,Port_Said_EG,CHL,my,6.425,5.772,3.897,21.82,0.9698
2022-06-09,Port_Said_EG,CHL,my,5.021,5.021,2.946,7.469,0.8543
2022-06-10,Port_Said_EG,CHL,my,5.067,5.01,2.865,6.572,1
2022-06-11,Port_Said_EG,CHL,my,,2.846,2.177,4.898,0.7839
2022-06-12,Port_Said_EG,CHL,my,2.531,2.531,1.862,3.17,1
2022-06-13,Port_Said_EG,CHL,my,,1.606,1.352,1.956,0.5126
2022-06-14,Port_Said_EG,CHL,my,9.396,5.411,3.337,11.75,0.8744
2022-06-15,Port_Said_EG,CHL,my,5.912,3.004,2.334,7.749,0.9296
2022-06-16,Port_Said_EG,CHL,my,2.995,2.606,2.19,12.21,0.8945
2022-06-17,Port_Said_EG,CHL,my,,2.287,2.154,7.02,0.7286
2022-06-18,Port_Said_EG,CHL,my,6.806,3.843,2.712,6.874,0.9698
2022-06-19,Port_Said_EG,CHL,my,9.445,6.107,3.287,9.445,0.799
2022-06-21,Port_Said_EG,CHL,my,5.436,4.824,2.506,5.436,0.8894
2022-06-22,Port_Said_EG,CHL,my,5.199,3.237,2.263,5.199,0.7789
2022-06-23,Port_Said_EG,CHL,my,4.248,3.94,2.537,4.729,1
2022-06-25,Port_Said_EG,CHL,my,2.64,2.64,1.945,4.77,1
2022-06-26,Port_Said_EG,CHL,my,6.34,6.34,3.239,7.678,1
2022-06-27,Port_Said_EG,CHL,my,4.553,3.412,2.141,4.553,0.8543
2022-06-28,Port_Said_EG,CHL,my,4.091,3.943,2.166,4.347,0.9296
2022-06-29,Port_Said_EG,CHL,my,2.502,2.502,1.904,5.03,1
2022-07-01,Port_Said_EG,CHL,my,2.793,2.181,1.605,3.086,0.9296
2022-07-03,Port_Said_EG,CHL,my,3.069,2.905,1.831,3.444,1
2022-07-04,Port_Said_EG,CHL,my,2.981,2.624,1.657,2.981,0.9698
2022-07-05,Port_Said_EG,CHL,my,2.554,2.554,1.75,3.239,1
2022-07-06,Port_Said_EG,CHL,my,2.912,2.912,1.77,3.27,0.9296
2022-07-07,Port_Said_EG,CHL,my,3.172,3.091,2.05,4.878,1
2022-07-08,Port_Said_EG,CHL,my,,2.1,1.578,2.456,0.7035
2022-07-09,Port_Said_EG,CHL,my,5.408,5.408,2.598,6.881,0.9698
2022-07-11,Port_Said_EG,CHL,my,,2.433,1.986,4.857,0.7085
2022-07-12,Port_Said_EG,CHL,my,7.729,6.343,3.631,7.729,0.9296
2022-07-13,Port_Said_EG,CHL,my,6.048,5.097,3.071,6.214,1
2022-07-15,Port_Said_EG,CHL,my,4.254,4.125,2.616,4.863,0.9598
2022-07-16,Port_Said_EG,CHL,my,4.749,4.439,2.428,4.749,0.8894
2022-07-17,Port_Said_EG,CHL,my,5.467,5.467,2.697,5.669,0.9296
2022-07-18,Port_Said_EG,CHL,my,2.838,2.838,2.316,5.611,0.9447
2022-07-19,Port_Said_EG,CHL,my,2.987,2.987,2.213,6.105,1
2022-07-20,Port_Said_EG,CHL,my,3.021,3.021,2.266,6.701,1
2022-07-21,Port_Said_EG,CHL,my,4.464,4.208,2.303,4.746,0.9296
2022-07-22,Port_Said_EG,CHL,my,4.674,4.485,2.818,5.955,1
2022-07-23,Port_Said_EG,CHL,my,4.869,4.721,2.88,6.902,1
2022-07-24,Port_Said_EG,CHL,my,5.852,5.852,3.174,7.987,0.9296
2022-07-25,Port_Said_EG,CHL,my,3.171,2.654,2.017,4.764,0.9296
2022-07-26,Port_Said_EG,CHL,my,5.842,3.982,2.914,7.995,0.9698
2022-07-27,Port_Said_EG,CHL,my,8.586,7.611,4.169,16.37,0.9698
2022-07-28,Port_Said_EG,CHL,my,8.253,6.609,3.585,8.253,0.9698
2022-07-29,Port_Said_EG,CHL,my,,1.914,1.695,2.674,0.7739
2022-07-30,Port_Said_EG,CHL,my,3.432,3.432,2.328,6.931,1
2022-08-01,Port_Said_EG,CHL,my,3.139,2.888,1.921,4.494,0.8241
2022-08-02,Port_Said_EG,CHL,my,4.177,2.714,1.97,4.177,0.9296
2022-08-03,Port_Said_EG,CHL,my,2.786,2.786,2.086,4.868,0.8141
2022-08-04,Port_Said_EG,CHL,my,3.353,3.158,2.06,3.679,0.9296
2022-08-07,Port_Said_EG,CHL,my,5.367,4.605,2.619,7.078,0.9296
2022-08-08,Port_Said_EG,CHL,my,7.705,6.409,3.442,8.755,1
2022-08-09,Port_Said_EG,CHL,my,,2.408,1.713,2.909,0.6884
2022-08-10,Port_Said_EG,CHL,my,4.721,2.001,1.867,5.799,0.799
2022-08-11,Port_Said_EG,CHL,my,5.375,5.427,2.835,7.961,1
2022-08-12,Port_Said_EG,CHL,my,3.73,3.669,2.405,7.342,0.9698
2022-08-13,Port_Said_EG,CHL,my,4.005,2.878,1.829,4.119,0.9296
2022-08-14,Port_Said_EG,CHL,my,4.748,2.956,2.313,6.123,1
2022-08-15,Port_Said_EG,CHL,my,4.95,3.725,2.281,5.647,0.9045
2022-08-18,Port_Said_EG,CHL,my,7.651,6.852,3.504,10.81,0.9698
2022-08-21,Port_Said_EG,CHL,my,2.503,2.041,1.558,2.503,0.8543
2022-08-22,Port_Said_EG,CHL,my,3.608,3.608,2.551,8.643,1
2022-08-23,Port_Said_EG,CHL,my,7.426,6.505,3.726,9.888,0.9698
2022-08-24,Port_Said_EG,CHL,my,5.504,3.416,2.647,5.784,1
2022-08-26,Port_Said_EG,CHL,my,15.21,12.28,5.792,19.57,1
2022-08-27,Port_Said_EG,CHL,my,12.24,11.45,5.304,17.42,1
2022-09-05,Port_Said_EG,CHL,my,5.96,3.305,2.471,7.447,0.8392
2022-09-06,Port_Said_EG,CHL,my,3.387,2.66,1.734,4.401,0.8744
2022-09-07,Port_Said_EG,CHL,my,5.133,,,,0.2613
2022-09-08,Port_Said_EG,CHL,my,5.716,5.716,3.841,7.126,0.6533
2022-09-09,Port_Said_EG,CHL,my,6.216,6.005,3.228,9.62,0.9296
2022-09-10,Port_Said_EG,CHL,my,11.08,11.09,5.444,15.6,1
2022-09-11,Port_Said_EG,CHL,my,10.62,10.28,5.056,14.55,1
2022-09-12,Port_Said_EG,CHL,my,9.289,7.688,3.523,10.81,0.9698
2022-09-13,Port_Said_EG,CHL,my,,3.137,1.81,6.054,0.7085
2022-09-14,Port_Said_EG,CHL,my,5.886,4.612,2.331,6.76,0.9296
2022-09-15,Port_Said_EG,CHL,my,7.289,6.472,3.344,8.673,0.9296
2022-09-16,Port_Said_EG,CHL,my,8.5,8.18,4.362,12.65,1
2022-09-17,Port_Said_EG,CHL,my,5.518,5.024,2.704,7.922,0.9296
2022-09-18,Port_Said_EG,CHL,my,12.85,10.12,4.526,12.85,1
2022-09-19,Port_Said_EG,CHL,my,8.192,6.935,3.487,9.318,0.9698
2022-09-20,Port_Said_EG,CHL,my,3.707,3.675,2.578,7.082,0.9698
2022-09-21,Port_Said_EG,CHL,my,6.217,5.76,2.745,8.477,0.9296
2022-09-22,Port_Said_EG,CHL,my,6.464,6.271,3.729,9.479,1
2022-09-23,Port_Said_EG,CHL,my,6.089,6.089,3.263,8.271,1
2022-09-24,Port_Said_EG,CHL,my,,2.7,2.446,5.799,0.5477
2022-09-26,Port_Said_EG,CHL,my,,3.498,2.734,7.137,0.7839
2022-09-27,Port_Said_EG,CHL,my,9.54,6.274,3.681,9.54,0.9698
2022-09-28,Port_Said_EG,CHL,my,5.775,10.28,5.533,15.1,1
2022-09-29,Port_Said_EG,CHL,my,13.07,16.57,8.333,24.72,1
2022-09-30,Port_Said_EG,CHL,my,10.86,10.86,5.177,13.71,1
2022-10-01,Port_Said_EG,CHL,my,12.28,11.54,5.658,14.52,0.9598
2022-10-02,Port_Said_EG,CHL,my,8.115,7.323,3.835,8.841,0.9296
2022-10-03,Port_Said_EG,CHL,my,4.653,3.15,1.934,4.658,0.9296
2022-10-04,Port_Said_EG,CHL,my,7.239,6.733,3.78,7.903,0.9698
2022-10-05,Port_Said_EG,CHL,my,6.638,5.44,3.31,7.146,0.8844
2022-10-06,Port_Said_EG,CHL,my,5.861,6.333,3.744,8.939,0.9698
2022-10-07,Port_Said_EG,CHL,my,6.653,5.912,3.444,7.248,1
2022-10-08,Port_Said_EG,CHL,my,5.44,5.44,3.207,7.222,0.9447
2022-10-09,Port_Said_EG,CHL,my,5.815,5.815,3.175,6.495,0.7035
2022-10-10,Port_Said_EG,CHL,my,7.996,7.077,3.695,9.165,0.9296
2022-10-11,Port_Said_EG,CHL,my,6.051,5.8,3.945,13.39,1
2022-10-12,Port_Said_EG,CHL,my,,1.743,1.561,2.686,0.5779
2022-10-13,Port_Said_EG,CHL,my,5.461,,,,0.4121
2022-10-15,Port_Said_EG,CHL,my,6.663,6.663,3.547,8.853,1
2022-10-16,Port_Said_EG,CHL,my,,7.799,4.332,9.59,0.7839
2022-10-17,Port_Said_EG,CHL,my,7.125,5.635,3.173,7.125,0.9698
2022-10-18,Port_Said_EG,CHL,my,4.49,4.49,2.697,5.926,1
2022-10-19,Port_Said_EG,CHL,my,5.721,5.509,2.892,6.815,1
2022-10-20,Port_Said_EG,CHL,my,6.357,5.998,3.478,9.545,0.9698
2022-10-22,Port_Said_EG,CHL,my,10.57,9.665,4.695,14.21,0.9698
2022-10-27,Port_Said_EG,CHL,my,4.399,4.488,2.759,5.146,0.9698
2022-10-28,Port_Said_EG,CHL,my,5.111,3.679,2.963,6.522,0.9548
2022-10-31,Port_Said_EG,CHL,my,8.771,7.352,3.934,13.31,1
2022-11-01,Port_Said_EG,CHL,my,9.204,7.155,3.863,9.221,0.9698
2022-11-02,Port_Said_EG,CHL,my,8.293,,,,0.4523
2022-11-03,Port_Said_EG,CHL,my,5.355,,,,0.397
2022-11-04,Port_Said_EG,CHL,my,7.101,6.409,3.251,9.262,0.9698
2022-11-05,Port_Said_EG,CHL,my,28.46,18.85,9.543,28.46,0.8492
2022-11-06,Port_Said_EG,CHL,my,8.081,7.978,3.245,11.24,0.9296
2022-11-07,Port_Said_EG,CHL,my,6.787,7.614,4.842,11.08,0.9698
2022-11-08,Port_Said_EG,CHL,my,2.617,,,,0.3467
2022-11-09,Port_Said_EG,CHL,my,2.963,,,,0.3518
2022-11-11,Port_Said_EG,CHL,my,3.018,4.217,2.568,5.801,0.5729
2022-11-12,Port_Said_EG,CHL,my,3.1,2.913,2.202,4.902,0.9698
2022-11-13,Port_Said_EG,CHL,my,4.632,3.91,2.462,4.761,0.9095
2022-11-15,Port_Said_EG,CHL,my,11.34,9.413,4.88,12.07,0.9648
2022-11-16,Port_Said_EG,CHL,my,4.752,4.29,2.301,5.991,0.8844
2022-11-17,Port_Said_EG,CHL,my,6.032,6.277,2.928,7.986,1
2022-11-18,Port_Said_EG,CHL,my,8.937,8.937,4.664,10.1,1
2022-11-19,Port_Said_EG,CHL,my,6.676,7.411,3.833,8.946,0.9698
2022-11-20,Port_Said_EG,CHL,my,5.342,5.978,3.816,7.773,1
2022-11-22,Port_Said_EG,CHL,my,4.708,4.728,3.114,5.466,0.7286
2022-11-23,Port_Said_EG,CHL,my,5.265,5.005,2.889,7.952,0.9598
2022-11-24,Port_Said_EG,CHL,my,,2.87,1.928,6.148,0.7839
2022-11-25,Port_Said_EG,CHL,my,6.054,6.054,3.78,6.739,0.6834
2022-11-26,Port_Said_EG,CHL,my,5.169,4.932,3.154,5.942,0.8593
2022-11-28,Port_Said_EG,CHL,my,5.099,4.61,3.013,5.571,0.9698
2022-11-29,Port_Said_EG,CHL,my,6.077,5.256,2.887,6.358,0.9296
2022-11-30,Port_Said_EG,CHL,my,10.28,8.293,4.476,10.28,0.9698
2022-12-01,Port_Said_EG,CHL,my,6.345,7.163,4.634,7.862,1
2022-12-02,Port_Said_EG,CHL,my,3.299,3.185,2.735,5.168,0.9698
2022-12-03,Port_Said_EG,CHL,my,2.839,2.757,2.34,4.777,0.9698
2022-12-04,Port_Said_EG,CHL,my,,3.638,2.608,8.035,0.5477
2022-12-05,Port_Said_EG,CHL,my,17.29,33.15,17.41,52.45,0.598
2022-12-07,Port_Said_EG,CHL,my,,4.437,2.792,6.101,0.7136
2022-12-08,Port_Said_EG,CHL,my,10.15,12.8,7.553,17.97,0.9698
2022-12-09,Port_Said_EG,CHL,my,5.528,4.824,3.618,5.96,0.8995
2022-12-10,Port_Said_EG,CHL,my,3.659,3.405,2.645,3.719,0.9698
2022-12-11,Port_Said_EG,CHL,my,3.027,3.633,2.937,5.954,1
2022-12-14,Port_Said_EG,CHL,my,8.284,8.016,4.682,9.453,0.9296
2022-12-15,Port_Said_EG,CHL,my,11.29,8.671,4.268,11.29,0.9698
2022-12-16,Port_Said_EG,CHL,my,2.869,,,,0.2261
2022-12-17,Port_Said_EG,CHL,my,3.161,3.161,2.181,3.511,0.9296
2022-12-18,Port_Said_EG,CHL,my,5.304,5.304,2.703,5.692,0.9296
2022-12-19,Port_Said_EG,CHL,my,5.271,5.165,3.363,7.141,1
2022-12-20,Port_Said_EG,CHL,my,2.489,,,,0.4824
2022-12-22,Port_Said_EG,CHL,my,6.452,6.048,4.038,6.955,0.9698
2022-12-23,Port_Said_EG,CHL,my,,2.419,1.936,2.644,0.6382
2022-12-27,Port_Said_EG,CHL,my,7.276,6.816,5.02,8.176,1
2022-12-28,Port_Said_EG,CHL,my,14.63,11.34,6.23,16.37,0.8744
2022-12-29,Port_Said_EG,CHL,my,,18.57,9.742,29.15,0.7638
2022-12-30,Port_Said_EG,CHL,my,12.61,8.337,4.281,12.61,0.9146
2022-01-02,Rafah_Gaza,CHL,my,0.5251,0.3987,0.2429,0.5659,0.915
2022-01-03,Rafah_Gaza,CHL,my,0.2695,0.218,0.1659,0.2695,0.525
2022-01-06,Rafah_Gaza,CHL,my,0.2613,0.2463,0.1436,0.2956,1
2022-01-07,Rafah_Gaza,CHL,my,0.1298,0.2067,0.1417,0.3258,0.95
2022-01-08,Rafah_Gaza,CHL,my,0.3281,0.1942,0.1373,0.3281,0.95
2022-01-10,Rafah_Gaza,CHL,my,0.5608,0.3961,0.323,0.8951,0.7
2022-01-11,Rafah_Gaza,CHL,my,0.8797,0.857,0.5787,0.9823,0.915
2022-01-12,Rafah_Gaza,CHL,my,0.6395,0.7328,0.4941,0.9303,0.775
2022-01-17,Rafah_Gaza,CHL,my,1.49,1.329,0.9284,1.517,0.915
2022-01-18,Rafah_Gaza,CHL,my,0.8636,0.996,0.6907,1.169,1
2022-01-21,Rafah_Gaza,CHL,my,1.394,1.409,0.8575,1.765,0.95
2022-01-22,Rafah_Gaza,CHL,my,,0.8792,0.4621,1.226,0.71
2022-01-23,Rafah_Gaza,CHL,my,1.411,1.234,0.8234,1.411,0.57
2022-01-25,Rafah_Gaza,CHL,my,1.017,0.7975,0.5449,1.092,0.875
2022-01-26,Rafah_Gaza,CHL,my,1.118,0.9741,0.517,1.118,0.95
2022-01-29,Rafah_Gaza,CHL,my,1.29,1.24,0.8826,1.46,0.95
2022-01-30,Rafah_Gaza,CHL,my,1.214,1.233,0.7972,1.31,1
2022-01-31,Rafah_Gaza,CHL,my,0.8941,0.6892,0.4491,1.175,0.915
2022-02-01,Rafah_Gaza,CHL,my,1.093,1.033,0.575,1.304,0.95
2022-02-02,Rafah_Gaza,CHL,my,1.022,0.9701,0.4196,1.048,1
2022-02-03,Rafah_Gaza,CHL,my,0.5675,0.634,0.35,0.9002,0.915
2022-02-05,Rafah_Gaza,CHL,my,1.323,1.096,0.7858,1.43,0.755
2022-02-06,Rafah_Gaza,CHL,my,,0.5614,0.3465,0.8198,0.64
2022-02-07,Rafah_Gaza,CHL,my,1.051,0.9527,0.4533,1.104,0.95
2022-02-08,Rafah_Gaza,CHL,my,1.068,1.028,0.8016,1.174,1
2022-02-09,Rafah_Gaza,CHL,my,1.084,1.021,0.5107,1.15,0.725
2022-02-11,Rafah_Gaza,CHL,my,1.353,1.24,0.8188,1.532,0.835
2022-02-12,Rafah_Gaza,CHL,my,1.312,1.367,0.9292,1.539,1
2022-02-13,Rafah_Gaza,CHL,my,1.311,1.226,0.8053,1.474,0.915
2022-02-14,Rafah_Gaza,CHL,my,1.244,1.236,0.894,1.846,0.87
2022-02-15,Rafah_Gaza,CHL,my,1.04,0.5905,0.449,1.26,0.875
2022-02-16,Rafah_Gaza,CHL,my,1.234,1.069,0.5747,1.254,0.875
2022-02-18,Rafah_Gaza,CHL,my,,0.5437,0.4477,1.195,0.575
2022-02-21,Rafah_Gaza,CHL,my,1.414,1.13,0.6636,1.629,0.915
2022-02-22,Rafah_Gaza,CHL,my,1.86,2.436,1.326,4.566,1
2022-02-23,Rafah_Gaza,CHL,my,1.314,1.251,0.7051,2.058,0.915
2022-02-25,Rafah_Gaza,CHL,my,1.605,1.463,1.113,1.674,0.56
2022-02-27,Rafah_Gaza,CHL,my,1.522,1.452,0.831,1.641,0.915
2022-02-28,Rafah_Gaza,CHL,my,1.5,1.467,0.9077,1.693,0.915
2022-03-02,Rafah_Gaza,CHL,my,,0.9598,0.4181,1.118,0.74
2022-03-03,Rafah_Gaza,CHL,my,1.67,1.581,0.8841,1.785,0.85
2022-03-04,Rafah_Gaza,CHL,my,1.737,1.604,1.062,1.894,0.915
2022-03-10,Rafah_Gaza,CHL,my,1.208,1.251,0.7175,1.313,0.95
2022-03-13,Rafah_Gaza,CHL,my,1.934,1.898,1.562,2.03,0.735
2022-03-16,Rafah_Gaza,CHL,my,1.462,1.464,1.326,1.542,0.55
2022-03-23,Rafah_Gaza,CHL,my,1.267,1.197,0.9724,1.593,0.95
2022-03-26,Rafah_Gaza,CHL,my,1.954,1.66,1.038,2.022,0.95
2022-03-27,Rafah_Gaza,CHL,my,1.462,1.314,0.8871,1.53,0.95
2022-03-28,Rafah_Gaza,CHL,my,1.198,1.112,0.6273,1.644,0.915
2022-03-30,Rafah_Gaza,CHL,my,1.759,1.59,0.9049,1.785,0.875
2022-04-09,Rafah_Gaza,CHL,my,0.4146,0.2993,0.2726,0.8609,0.95
2022-04-13,Rafah_Gaza,CHL,my,1.207,1.384,0.6546,1.45,1
2022-04-14,Rafah_Gaza,CHL,my,1.239,1.246,0.7681,1.473,0.915
2022-04-15,Rafah_Gaza,CHL,my,1.37,1.359,0.8691,1.505,1
2022-04-20,Rafah_Gaza,CHL,my,,0.4983,0.3202,0.576,0.56
2022-04-21,Rafah_Gaza,CHL,my,0.8026,0.7593,0.4544,1.188,0.95
2022-04-26,Rafah_Gaza,CHL,my,0.7796,,,,0.4
2022-04-28,Rafah_Gaza,CHL,my,,0.3642,0.2595,0.6568,0.795
2022-05-04,Rafah_Gaza,CHL,my,1.1,0.9937,0.4318,1.263,0.915
2022-05-06,Rafah_Gaza,CHL,my,2.16,2.034,0.9041,2.24,0.61
2022-05-07,Rafah_Gaza,CHL,my,1.476,1.478,1.144,1.616,1
2022-05-08,Rafah_Gaza,CHL,my,1.302,1.381,0.9135,1.54,0.95
2022-05-10,Rafah_Gaza,CHL,my,1.181,1.151,0.7367,1.239,0.95
2022-05-12,Rafah_Gaza,CHL,my,2.108,1.491,1.353,2.494,0.915
2022-05-15,Rafah_Gaza,CHL,my,0.9929,0.6555,0.4239,1.127,0.915
2022-05-17,Rafah_Gaza,CHL,my,0.343,0.2741,0.2294,0.5325,0.915
2022-05-18,Rafah_Gaza,CHL,my,0.5695,0.5573,0.3627,0.7932,1
2022-05-19,Rafah_Gaza,CHL,my,0.5296,0.3622,0.2589,0.6144,0.915
2022-05-20,Rafah_Gaza,CHL,my,0.5953,0.5566,0.3388,0.7741,0.95
2022-05-22,Rafah_Gaza,CHL,my,0.3844,0.325,0.2461,1.018,0.95
2022-05-23,Rafah_Gaza,CHL,my,1.408,1.344,0.6776,1.473,0.95
2022-05-24,Rafah_Gaza,CHL,my,1.414,1.335,0.7333,1.484,0.95
2022-05-25,Rafah_Gaza,CHL,my,1.469,1.354,0.8752,1.542,0.915
2022-05-26,Rafah_Gaza,CHL,my,1.112,1.087,0.5507,1.153,0.95
2022-05-27,Rafah_Gaza,CHL,my,,0.8307,0.4231,0.8617,0.74
2022-05-30,Rafah_Gaza,CHL,my,0.9592,0.7414,0.4377,0.9592,0.875
2022-05-31,Rafah_Gaza,CHL,my,0.7428,0.691,0.4431,1.117,0.95
2022-06-01,Rafah_Gaza,CHL,my,0.9366,0.7158,0.4196,0.9366,0.82
2022-06-02,Rafah_Gaza,CHL,my,0.5455,0.5181,0.4085,1.076,0.915
2022-06-03,Rafah_Gaza,CHL,my,0.9491,0.9088,0.4721,1.408,0.95
2022-06-04,Rafah_Gaza,CHL,my,0.9129,0.8404,0.4157,1.818,0.95
2022-06-05,Rafah_Gaza,CHL,my,0.9664,0.7257,0.3488,1.082,0.915
2022-06-06,Rafah_Gaza,CHL,my,1.016,0.8246,0.3912,1.427,1
2022-06-07,Rafah_Gaza,CHL,my,0.724,0.7109,0.3738,1.018,0.915
2022-06-08,Rafah_Gaza,CHL,my,0.8533,0.7582,0.3396,1.134,0.95
2022-06-09,Rafah_Gaza,CHL,my,0.9133,0.7283,0.4066,0.9133,0.545
2022-06-10,Rafah_Gaza,CHL,my,1.166,1.015,0.5147,1.591,0.95
2022-06-11,Rafah_Gaza,CHL,my,,0.3564,0.2628,0.6748,0.74
2022-06-13,Rafah_Gaza,CHL,my,0.3064,0.255,0.1504,0.3792,0.915
2022-06-14,Rafah_Gaza,CHL,my,0.5258,0.5258,0.2957,1.074,1
2022-06-15,Rafah_Gaza,CHL,my,0.8735,0.828,0.3889,1.112,0.95
2022-06-16,Rafah_Gaza,CHL,my,,0.8348,0.454,1.272,0.715
2022-06-18,Rafah_Gaza,CHL,my,1.117,1.016,0.5946,1.329,0.95
2022-06-19,Rafah_Gaza,CHL,my,1.551,1.441,0.8703,1.622,0.95
2022-06-20,Rafah_Gaza,CHL,my,1.507,1.637,0.8393,1.726,0.95
2022-06-23,Rafah_Gaza,CHL,my,1.54,1.537,1.166,1.683,0.95
2022-06-24,Rafah_Gaza,CHL,my,1.873,1.6,1.238,1.958,0.915
2022-06-26,Rafah_Gaza,CHL,my,1.967,1.918,1.124,1.967,0.95
2022-06-27,Rafah_Gaza,CHL,my,1.601,1.584,0.9314,1.66,1
2022-06-28,Rafah_Gaza,CHL,my,1.589,1.639,1.105,1.797,0.915
2022-06-29,Rafah_Gaza,CHL,my,1.681,1.681,1.268,1.845,0.915
2022-06-30,Rafah_Gaza,CHL,my,1.686,1.649,0.9064,2.7,0.95
2022-07-01,Rafah_Gaza,CHL,my,1.315,1.315,0.9177,2.197,1
2022-07-02,Rafah_Gaza,CHL,my,1.144,1.113,0.7229,1.31,0.95
2022-07-03,Rafah_Gaza,CHL,my,1.315,1.222,0.7184,1.418,0.915
2022-07-04,Rafah_Gaza,CHL,my,1.302,1.226,0.5737,1.302,0.95
2022-07-05,Rafah_Gaza,CHL,my,1.318,1.212,0.6999,1.318,0.95
2022-07-06,Rafah_Gaza,CHL,my,1.219,0.9433,0.5267,1.251,0.875
2022-07-07,Rafah_Gaza,CHL,my,1.368,1.393,0.7182,1.62,0.95
2022-07-08,Rafah_Gaza,CHL,my,1.429,1.379,0.8753,1.462,0.915
2022-07-09,Rafah_Gaza,CHL,my,1.245,1.337,1.02,1.499,1
2022-07-10,Rafah_Gaza,CHL,my,,0.9963,0.5086,1.206,0.695
2022-07-11,Rafah_Gaza,CHL,my,1.427,1.38,0.781,1.438,1
2022-07-12,Rafah_Gaza,CHL,my,1.378,1.614,0.8421,1.674,1
2022-07-13,Rafah_Gaza,CHL,my,1.637,1.517,0.7772,1.637,0.95
2022-07-14,Rafah_Gaza,CHL,my,1.4,1.4,0.8283,1.703,0.915
2022-07-15,Rafah_Gaza,CHL,my,1.614,1.371,0.8713,1.614,0.95
2022-07-16,Rafah_Gaza,CHL,my,1.597,1.546,0.8036,1.61,0.95
2022-07-17,Rafah_Gaza,CHL,my,1.352,1.388,1.008,1.59,1
2022-07-18,Rafah_Gaza,CHL,my,1.561,1.531,0.9267,1.594,0.915
2022-07-19,Rafah_Gaza,CHL,my,1.428,1.499,1.086,1.621,0.95
2022-07-20,Rafah_Gaza,CHL,my,1.506,1.461,0.8821,1.558,0.95
2022-07-21,Rafah_Gaza,CHL,my,1.42,1.535,0.8783,1.657,0.915
2022-07-22,Rafah_Gaza,CHL,my,1.393,1.447,0.753,1.609,0.875
2022-07-23,Rafah_Gaza,CHL,my,1.412,1.516,0.9687,1.636,0.95
2022-07-24,Rafah_Gaza,CHL,my,1.358,1.273,0.7131,1.391,0.95
2022-07-25,Rafah_Gaza,CHL,my,1.391,1.337,0.8397,1.968,0.95
2022-07-26,Rafah_Gaza,CHL,my,1.429,1.442,0.8017,1.575,0.95
2022-07-27,Rafah_Gaza,CHL,my,1.114,1.12,0.6699,1.323,0.95
2022-07-28,Rafah_Gaza,CHL,my,1.166,1.166,0.7888,1.675,1
2022-07-29,Rafah_Gaza,CHL,my,1.255,1.074,0.5161,1.255,0.825
2022-07-30,Rafah_Gaza,CHL,my,1.262,1.215,0.6451,1.559,0.95
2022-07-31,Rafah_Gaza,CHL,my,1.306,1.131,0.5031,1.52,0.915
2022-08-01,Rafah_Gaza,CHL,my,1.216,1.171,0.7127,1.377,0.765
2022-08-02,Rafah_Gaza,CHL,my,1.291,0.9594,0.4876,1.45,0.875
2022-08-03,Rafah_Gaza,CHL,my,1.294,1.247,0.5889,1.471,0.95
2022-08-07,Rafah_Gaza,CHL,my,1.404,1.331,0.6103,1.541,0.95
2022-08-08,Rafah_Gaza,CHL,my,1.099,1.125,0.5965,1.558,1
2022-08-09,Rafah_Gaza,CHL,my,1.292,1.009,0.5869,1.325,0.875
2022-08-11,Rafah_Gaza,CHL,my,0.7715,0.6541,0.6005,1.274,0.95
2022-08-12,Rafah_Gaza,CHL,my,1.015,0.9415,0.6205,1.607,0.965
2022-08-13,Rafah_Gaza,CHL,my,1.381,1.271,0.6032,1.526,0.915
2022-08-14,Rafah_Gaza,CHL,my,1.478,,,,0.28
2022-08-15,Rafah_Gaza,CHL,my,1.615,1.726,0.8944,1.833,0.915
2022-08-16,Rafah_Gaza,CHL,my,1.526,1.598,1.009,5.341,0.965
2022-08-17,Rafah_Gaza,CHL,my,,1.39,0.7371,1.495,0.56
2022-08-18,Rafah_Gaza,CHL,my,1.696,1.247,0.8273,1.773,0.875
2022-08-19,Rafah_Gaza,CHL,my,1.378,1.378,0.9021,1.609,0.72
2022-08-20,Rafah_Gaza,CHL,my,1.432,0.9167,0.5664,2.061,0.875
2022-08-21,Rafah_Gaza,CHL,my,1.58,1.516,0.8011,1.59,0.915
2022-08-22,Rafah_Gaza,CHL,my,1.665,1.555,0.7752,1.702,0.875
2022-08-23,Rafah_Gaza,CHL,my,1.438,1.404,0.6711,1.599,0.915
2022-08-24,Rafah_Gaza,CHL,my,1.288,1.44,0.7163,1.892,0.95
2022-08-25,Rafah_Gaza,CHL,my,,1.203,0.5339,1.211,0.56
2022-08-26,Rafah_Gaza,CHL,my,1.827,1.557,0.9963,3.077,0.73
2022-08-27,Rafah_Gaza,CHL,my,1.441,1.149,0.6991,1.62,0.835
2022-09-05,Rafah_Gaza,CHL,my,2.431,2.256,1.184,2.527,0.95
2022-09-06,Rafah_Gaza,CHL,my,1.631,1.55,0.7317,1.748,0.745
2022-09-07,Rafah_Gaza,CHL,my,1.741,1.703,1.088,1.897,0.95
2022-09-08,Rafah_Gaza,CHL,my,1.542,1.51,0.9441,1.815,0.95
2022-09-09,Rafah_Gaza,CHL,my,1.583,1.6,1.074,2.221,0.95
2022-09-10,Rafah_Gaza,CHL,my,,1.411,0.6993,1.607,0.74
2022-09-11,Rafah_Gaza,CHL,my,1.386,1.386,0.7269,1.678,0.915
2022-09-12,Rafah_Gaza,CHL,my,1.453,1.346,0.9917,1.984,0.95
2022-09-13,Rafah_Gaza,CHL,my,1.427,1.352,0.8524,1.585,0.53
2022-09-14,Rafah_Gaza,CHL,my,1.267,,,,0.395
2022-09-15,Rafah_Gaza,CHL,my,1.576,1.538,0.9102,1.933,0.95
2022-09-16,Rafah_Gaza,CHL,my,1.445,1.529,0.9022,1.992,0.95
2022-09-17,Rafah_Gaza,CHL,my,,0.9294,0.4861,1.506,0.595
2022-09-19,Rafah_Gaza,CHL,my,,1.089,0.5151,1.266,0.705
2022-09-20,Rafah_Gaza,CHL,my,1.278,,,,0.415
2022-09-21,Rafah_Gaza,CHL,my,,0.8261,0.3262,1.036,0.545
2022-09-22,Rafah_Gaza,CHL,my,1.53,1.412,0.7442,1.747,0.95
2022-09-23,Rafah_Gaza,CHL,my,1.431,1.431,0.7769,1.668,0.875
2022-09-25,Rafah_Gaza,CHL,my,,0.8632,0.546,1.106,0.54
2022-09-26,Rafah_Gaza,CHL,my,1.329,,,,0.4
2022-09-27,Rafah_Gaza,CHL,my,1.318,1.25,0.7304,2.116,0.915
2022-09-28,Rafah_Gaza,CHL,my,1.145,1.009,0.4537,1.79,1
2022-09-29,Rafah_Gaza,CHL,my,0.7831,0.5108,0.259,0.7831,0.825
2022-09-30,Rafah_Gaza,CHL,my,0.2805,0.2381,0.1436,0.5789,0.95
2022-10-01,Rafah_Gaza,CHL,my,0.3661,0.3394,0.2317,1.405,0.95
2022-10-02,Rafah_Gaza,CHL,my,0.1655,0.14,0.09534,0.3695,0.915
2022-10-05,Rafah_Gaza,CHL,my,1.518,1.509,0.7511,1.597,0.95
2022-10-06,Rafah_Gaza,CHL,my,1.496,1.409,0.8556,1.501,0.905
2022-10-08,Rafah_Gaza,CHL,my,1.515,1.525,1.216,1.631,0.65
2022-10-09,Rafah_Gaza,CHL,my,1.697,1.639,1.073,1.698,0.915
2022-10-10,Rafah_Gaza,CHL,my,2.147,2.089,1.209,2.208,0.95
2022-10-11,Rafah_Gaza,CHL,my,1.651,1.614,0.9011,1.93,0.95
2022-10-12,Rafah_Gaza,CHL,my,1.38,1.385,0.8553,1.675,0.95
2022-10-13,Rafah_Gaza,CHL,my,1.134,1.057,0.5362,1.191,0.705
2022-10-14,Rafah_Gaza,CHL,my,1.005,1.005,0.479,1.322,0.95
2022-10-15,Rafah_Gaza,CHL,my,0.7044,0.6202,0.3933,0.8372,0.95
2022-10-16,Rafah_Gaza,CHL,my,1.376,1.014,0.5637,1.386,0.95
2022-10-17,Rafah_Gaza,CHL,my,0.8135,0.8215,0.4552,0.9973,0.95
2022-10-18,Rafah_Gaza,CHL,my,0.3531,0.3159,0.267,0.8274,0.95
2022-10-19,Rafah_Gaza,CHL,my,0.4735,0.4396,0.1919,0.4815,0.69
2022-10-20,Rafah_Gaza,CHL,my,0.5794,0.455,0.2287,0.7328,0.95
2022-10-22,Rafah_Gaza,CHL,my,0.6481,0.5402,0.2906,0.7236,0.915
2022-10-24,Rafah_Gaza,CHL,my,0.4547,0.3875,0.2755,1.197,0.835
2022-10-27,Rafah_Gaza,CHL,my,0.8788,0.6361,0.3316,0.8788,0.77
2022-10-28,Rafah_Gaza,CHL,my,0.7433,0.5966,0.3117,0.7433,0.795
2022-11-01,Rafah_Gaza,CHL,my,0.8618,0.8081,0.5074,0.9084,0.95
2022-11-02,Rafah_Gaza,CHL,my,0.8289,0.5668,0.3983,0.845,0.75
2022-11-03,Rafah_Gaza,CHL,my,0.3757,0.3273,0.2485,0.5516,0.915
2022-11-04,Rafah_Gaza,CHL,my,0.4939,0.5166,0.2748,0.7336,0.95
2022-11-05,Rafah_Gaza,CHL,my,0.4684,0.4418,0.2853,0.5987,0.95
2022-11-06,Rafah_Gaza,CHL,my,0.6893,0.5559,0.3216,0.6893,0.825
2022-11-07,Rafah_Gaza,CHL,my,0.6094,0.6646,0.3911,0.7157,0.95
2022-11-10,Rafah_Gaza,CHL,my,1.068,1.037,0.663,1.068,0.75
2022-11-11,Rafah_Gaza,CHL,my,0.3388,0.3481,0.2315,0.5073,0.95
2022-11-12,Rafah_Gaza,CHL,my,0.5344,0.4931,0.2935,0.8177,0.95
2022-11-13,Rafah_Gaza,CHL,my,0.6877,0.6653,0.4415,0.7985,0.915
2022-11-16,Rafah_Gaza,CHL,my,0.6729,,,,0.38
2022-11-17,Rafah_Gaza,CHL,my,0.793,0.8261,0.4752,1.41,1
2022-11-18,Rafah_Gaza,CHL,my,0.7289,0.7125,0.3495,0.7925,0.95
2022-11-19,Rafah_Gaza,CHL,my,0.6691,0.7076,0.4316,0.7697,0.95
2022-11-20,Rafah_Gaza,CHL,my,0.778,0.9106,0.6642,1.277,1
2022-11-21,Rafah_Gaza,CHL,my,1.082,0.807,0.4261,1.082,1
2022-11-23,Rafah_Gaza,CHL,my,0.3948,0.4829,0.3148,0.7049,0.95
2022-11-25,Rafah_Gaza,CHL,my,1.217,1.303,0.8213,1.376,0.95
2022-11-29,Rafah_Gaza,CHL,my,1.036,1.182,0.7423,1.454,0.95
2022-11-30,Rafah_Gaza,CHL,my,0.932,0.9297,0.5433,1.397,1
2022-12-01,Rafah_Gaza,CHL,my,0.4427,0.8368,0.5584,1.839,1
2022-12-02,Rafah_Gaza,CHL,my,0.4278,0.6983,0.5301,0.818,0.95
2022-12-03,Rafah_Gaza,CHL,my,0.8526,0.7635,0.5395,0.8907,0.845
2022-12-04,Rafah_Gaza,CHL,my,0.9206,0.8475,0.565,0.9548,1
2022-12-08,Rafah_Gaza,CHL,my,1.08,0.6875,0.578,2.647,0.915
2022-12-09,Rafah_Gaza,CHL,my,1.128,0.4756,0.4242,1.209,0.875
2022-12-10,Rafah_Gaza,CHL,my,1.581,0.4545,0.438,1.581,0.915
2022-12-11,Rafah_Gaza,CHL,my,0.9789,0.9139,0.7545,2.827,0.915
2022-12-12,Rafah_Gaza,CHL,my,1.164,,,,0.3
2022-12-14,Rafah_Gaza,CHL,my,1.021,0.7442,0.4252,1.095,0.915
2022-12-15,Rafah_Gaza,CHL,my,0.6103,0.5992,0.4412,0.8702,0.95
2022-12-16,Rafah_Gaza,CHL,my,0.4,0.4811,0.32,0.6079,1
2022-12-17,Rafah_Gaza,CHL,my,0.5893,0.5248,0.2929,0.764,0.95
2022-12-18,Rafah_Gaza,CHL,my,0.9311,0.8235,0.4228,1.226,0.95
2022-12-19,Rafah_Gaza,CHL,my,0.9861,0.9861,0.5494,2.974,1
2022-12-20,Rafah_Gaza,CHL,my,0.8128,0.8128,0.4202,1.284,1
2022-12-22,Rafah_Gaza,CHL,my,1.295,1.201,0.6526,1.407,0.915
2022-12-27,Rafah_Gaza,CHL,my,,1.093,0.7055,1.556,0.55
2022-12-28,Rafah_Gaza,CHL,my,1.558,1.572,1.051,1.618,0.95
2022-12-29,Rafah_Gaza,CHL,my,0.8985,0.4598,0.3302,1.15,0.95
2022-12-30,Rafah_Gaza,CHL,my,0.7275,0.6395,0.4335,1.131,0.915
2022-12-31,Rafah_Gaza,CHL,my,0.7717,0.5503,0.3946,1.414,0.95
2022-01-03,Rosetta_mouth,CHL,my,1.93,1.543,0.902,2.048,0.9945
2022-01-05,Rosetta_mouth,CHL,my,3.614,3.309,1.784,5.14,1
2022-01-08,Rosetta_mouth,CHL,my,9.537,9.537,4.9,11.86,1
2022-01-11,Rosetta_mouth,CHL,my,,6.444,3.728,7.642,0.9392
2022-01-15,Rosetta_mouth,CHL,my,4.258,3.11,2.041,4.848,1
2022-01-22,Rosetta_mouth,CHL,my,2.524,2.169,1.755,3.484,1
2022-01-25,Rosetta_mouth,CHL,my,6.107,6.107,4.283,6.294,0.5635
2022-01-28,Rosetta_mouth,CHL,my,,3.3,2.177,4.056,0.7514
2022-01-29,Rosetta_mouth,CHL,my,2.319,,,,0.3149
2022-01-30,Rosetta_mouth,CHL,my,5.005,5.005,3.02,5.826,1
2022-01-31,Rosetta_mouth,CHL,my,3.796,3.356,2.485,4.203,0.7459
2022-02-01,Rosetta_mouth,CHL,my,2.265,3.027,2.246,3.493,1
2022-02-02,Rosetta_mouth,CHL,my,2.837,2.742,2.001,3.679,0.8785
2022-02-03,Rosetta_mouth,CHL,my,5.435,,,,0.2486
2022-02-05,Rosetta_mouth,CHL,my,,3.036,1.989,3.413,0.558
2022-02-06,Rosetta_mouth,CHL,my,3.604,3.21,2.09,3.903,0.7459
2022-02-07,Rosetta_mouth,CHL,my,2.482,,,,0.3149
2022-02-08,Rosetta_mouth,CHL,my,2.463,1.791,1.497,2.718,1
2022-02-11,Rosetta_mouth,CHL,my,4.269,3.838,2.676,4.83,1
2022-02-12,Rosetta_mouth,CHL,my,6.13,4.784,2.873,6.13,1
2022-02-13,Rosetta_mouth,CHL,my,2.319,2.229,1.744,2.424,0.8729
2022-02-14,Rosetta_mouth,CHL,my,1.793,1.588,1.426,2.006,1
2022-02-16,Rosetta_mouth,CHL,my,,2.077,1.64,2.299,0.8122
2022-02-20,Rosetta_mouth,CHL,my,5.019,4.516,3.093,5.076,1
2022-02-21,Rosetta_mouth,CHL,my,2.705,2.28,1.983,3.167,1
2022-02-22,Rosetta_mouth,CHL,my,6.153,2.279,2.481,6.557,1
2022-02-26,Rosetta_mouth,CHL,my,4.37,4.057,3.284,4.594,0.6298
2022-02-27,Rosetta_mouth,CHL,my,2.555,2.284,1.677,2.565,1
2022-02-28,Rosetta_mouth,CHL,my,3.09,2.597,1.962,3.302,1
2022-03-03,Rosetta_mouth,CHL,my,7.691,7.18,4.528,7.691,0.8122
2022-03-05,Rosetta_mouth,CHL,my,3.227,2.873,2.216,4.521,1
2022-03-09,Rosetta_mouth,CHL,my,2.31,2.071,1.748,2.51,1
2022-03-14,Rosetta_mouth,CHL,my,,3.31,2.078,3.965,0.8729
2022-03-21,Rosetta_mouth,CHL,my,,2.32,1.802,3.265,0.5028
2022-03-22,Rosetta_mouth,CHL,my,3.337,3.058,2.103,3.384,1
2022-03-26,Rosetta_mouth,CHL,my,3.14,2.143,1.974,4.023,1
2022-03-27,Rosetta_mouth,CHL,my,2.302,2.077,1.547,2.387,1
2022-03-28,Rosetta_mouth,CHL,my,2.59,2.239,1.606,2.628,1
2022-04-09,Rosetta_mouth,CHL,my,2.16,1.919,1.001,2.16,1
2022-04-11,Rosetta_mouth,CHL,my,1.686,1.538,0.8354,1.854,1
2022-04-13,Rosetta_mouth,CHL,my,2.156,2.02,1.347,2.215,0.7514
2022-04-14,Rosetta_mouth,CHL,my,2.225,1.904,1.348,2.225,1
2022-04-15,Rosetta_mouth,CHL,my,3.342,2.051,1.588,3.975,1
2022-04-19,Rosetta_mouth,CHL,my,2.382,,,,0.3757
2022-04-20,Rosetta_mouth,CHL,my,2.087,2.018,1.12,2.154,0.8122
2022-04-21,Rosetta_mouth,CHL,my,2.156,1.843,1.228,2.329,1
2022-04-22,Rosetta_mouth,CHL,my,1.969,1.587,1.108,2.066,1
2022-04-23,Rosetta_mouth,CHL,my,1.908,1.72,1.095,2.086,1
2022-04-24,Rosetta_mouth,CHL,my,2.179,1.71,1.16,2.221,1
2022-04-25,Rosetta_mouth,CHL,my,1.329,1.199,0.7257,1.433,1
2022-04-26,Rosetta_mouth,CHL,my,1.594,1.594,1.061,1.872,1
2022-04-28,Rosetta_mouth,CHL,my,1.761,1.282,0.8138,1.761,1
2022-04-30,Rosetta_mouth,CHL,my,2.241,1.701,1.083,2.241,0.9337
2022-05-03,Rosetta_mouth,CHL,my,2.626,2.271,1.229,2.726,1
2022-05-07,Rosetta_mouth,CHL,my,2.198,1.881,1.306,2.396,1
2022-05-08,Rosetta_mouth,CHL,my,2.542,2.415,1.365,2.542,0.558
2022-05-09,Rosetta_mouth,CHL,my,,1.903,1.329,2.346,0.8122
2022-05-10,Rosetta_mouth,CHL,my,2.596,2.273,1.56,2.849,1
2022-05-17,Rosetta_mouth,CHL,my,1.704,1.519,0.8101,1.704,0.6851
2022-05-18,Rosetta_mouth,CHL,my,2.905,1.656,0.9138,4.087,1
2022-05-19,Rosetta_mouth,CHL,my,2.041,1.743,1.178,2.299,1
2022-05-20,Rosetta_mouth,CHL,my,1.532,1.36,0.8463,1.724,1
2022-05-22,Rosetta_mouth,CHL,my,2.053,1.862,1.178,2.193,1
2022-05-23,Rosetta_mouth,CHL,my,2.331,,,,0.3094
2022-05-25,Rosetta_mouth,CHL,my,3.279,1.734,1.659,5.935,1
2022-05-26,Rosetta_mouth,CHL,my,2.048,1.587,1.252,2.475,1
2022-05-27,Rosetta_mouth,CHL,my,1.394,1.105,0.8409,1.746,1
2022-05-29,Rosetta_mouth,CHL,my,1.913,1.112,0.7627,1.913,1
2022-05-30,Rosetta_mouth,CHL,my,,0.7631,0.4879,0.8146,0.5028
2022-05-31,Rosetta_mouth,CHL,my,1.931,1.466,0.8221,2.03,1
2022-06-01,Rosetta_mouth,CHL,my,,1.207,0.6266,1.667,0.8785
2022-06-03,Rosetta_mouth,CHL,my,1.434,1.003,0.6676,1.854,1
2022-06-04,Rosetta_mouth,CHL,my,1.99,1.851,0.8973,1.99,1
2022-06-06,Rosetta_mouth,CHL,my,1.516,1.3,0.8017,1.733,1
2022-06-07,Rosetta_mouth,CHL,my,1.369,1.088,0.7972,1.621,1
2022-06-08,Rosetta_mouth,CHL,my,1.899,1.767,0.9598,3.281,1
2022-06-09,Rosetta_mouth,CHL,my,1.855,1.651,0.9223,1.916,0.9392
2022-06-10,Rosetta_mouth,CHL,my,1.649,1.474,0.881,1.867,1
2022-06-11,Rosetta_mouth,CHL,my,,1.039,0.633,1.306,0.7459
2022-06-12,Rosetta_mouth,CHL,my,1.744,1.417,0.7521,1.744,1
2022-06-14,Rosetta_mouth,CHL,my,1.827,1.57,0.7251,1.827,1
2022-06-15,Rosetta_mouth,CHL,my,1.882,1.508,0.8549,1.97,1
2022-06-17,Rosetta_mouth,CHL,my,1.067,1.015,0.6015,1.236,1
2022-06-18,Rosetta_mouth,CHL,my,1.333,1.215,0.5633,1.401,1
2022-06-19,Rosetta_mouth,CHL,my,1.586,0.602,0.4628,1.705,1
2022-06-20,Rosetta_mouth,CHL,my,1.879,1.035,0.6874,1.879,1
2022-06-22,Rosetta_mouth,CHL,my,1.773,1.75,1.131,1.889,1
2022-06-23,Rosetta_mouth,CHL,my,1.953,1.886,1.489,2.856,1
2022-06-25,Rosetta_mouth,CHL,my,1.59,1.513,0.8532,1.649,1
2022-06-26,Rosetta_mouth,CHL,my,1.921,1.921,1.197,2.066,1
2022-06-27,Rosetta_mouth,CHL,my,1.535,1.459,0.7933,1.553,0.8729
2022-06-28,Rosetta_mouth,CHL,my,1.809,1.759,1.214,2.064,0.8729
2022-06-30,Rosetta_mouth,CHL,my,1.604,1.509,0.7401,1.765,1
2022-07-01,Rosetta_mouth,CHL,my,1.826,1.218,0.892,2.018,1
2022-07-02,Rosetta_mouth,CHL,my,,1.477,0.7975,1.775,0.7514
2022-07-03,Rosetta_mouth,CHL,my,1.742,1.441,0.8491,1.921,1
2022-07-04,Rosetta_mouth,CHL,my,1.603,1.499,0.8902,1.812,1
2022-07-05,Rosetta_mouth,CHL,my,1.727,,,,0.2486
2022-07-06,Rosetta_mouth,CHL,my,1.776,1.715,1.004,2.073,1
2022-07-07,Rosetta_mouth,CHL,my,1.486,1.475,0.9394,1.693,1
2022-07-09,Rosetta_mouth,CHL,my,2.076,2.033,1.194,2.102,1
2022-07-11,Rosetta_mouth,CHL,my,1.914,,,,0.2486
2022-07-14,Rosetta_mouth,CHL,my,3.669,3.587,1.99,3.995,1
2022-07-17,Rosetta_mouth,CHL,my,1.95,1.816,1.161,2.228,1
2022-07-18,Rosetta_mouth,CHL,my,2.355,1.871,1.339,2.423,1
2022-07-19,Rosetta_mouth,CHL,my,2.004,1.761,1.01,2.008,1
2022-07-20,Rosetta_mouth,CHL,my,1.762,1.539,0.9455,1.762,1
2022-07-21,Rosetta_mouth,CHL,my,2.024,1.951,1.222,2.11,0.8674
2022-07-22,Rosetta_mouth,CHL,my,2.023,1.849,0.9921,2.023,1
2022-07-24,Rosetta_mouth,CHL,my,1.579,1.49,0.9176,1.668,1
2022-07-25,Rosetta_mouth,CHL,my,2.502,1.654,0.9602,2.502,1
2022-07-26,Rosetta_mouth,CHL,my,1.491,1.388,0.8492,1.626,1
2022-07-27,Rosetta_mouth,CHL,my,1.728,1.367,0.7703,2.265,1
2022-07-28,Rosetta_mouth,CHL,my,1.706,1.195,0.7779,2.253,1
2022-07-30,Rosetta_mouth,CHL,my,1.704,1.339,0.78,1.706,1
2022-08-01,Rosetta_mouth,CHL,my,1.538,1.516,0.9282,1.677,1
2022-08-04,Rosetta_mouth,CHL,my,1.741,1.672,1.131,1.797,1
2022-08-06,Rosetta_mouth,CHL,my,1.61,1.61,0.9468,1.719,0.7514
2022-08-07,Rosetta_mouth,CHL,my,1.809,1.584,0.9962,1.809,0.7514
2022-08-08,Rosetta_mouth,CHL,my,1.653,1.643,1.196,1.742,0.6243
2022-08-09,Rosetta_mouth,CHL,my,2.156,1.549,0.9621,2.169,0.9337
2022-08-11,Rosetta_mouth,CHL,my,2.621,1.823,0.9989,2.621,1
2022-08-12,Rosetta_mouth,CHL,my,1.648,1.598,1.102,2.001,1
2022-08-13,Rosetta_mouth,CHL,my,,1.391,0.9343,1.706,0.6906
2022-08-14,Rosetta_mouth,CHL,my,1.627,1.614,1.152,1.686,0.9337
2022-08-15,Rosetta_mouth,CHL,my,1.705,1.705,1.037,2.108,0.5028
2022-08-16,Rosetta_mouth,CHL,my,1.97,1.667,1.363,2.656,1
2022-08-17,Rosetta_mouth,CHL,my,1.669,1.593,1.094,1.79,1
2022-08-18,Rosetta_mouth,CHL,my,1.636,1.511,0.972,1.829,1
2022-08-20,Rosetta_mouth,CHL,my,1.707,1.507,1.093,2.588,1
2022-08-21,Rosetta_mouth,CHL,my,,1.494,0.9071,1.93,0.5635
2022-08-22,Rosetta_mouth,CHL,my,1.874,1.563,1.16,2.573,1
2022-08-23,Rosetta_mouth,CHL,my,3.677,2.489,1.886,3.912,1
2022-08-24,Rosetta_mouth,CHL,my,2.067,1.73,1.317,2.628,1
2022-08-26,Rosetta_mouth,CHL,my,1.744,1.677,1.127,1.901,0.7569
2022-08-27,Rosetta_mouth,CHL,my,1.72,1.242,0.8434,1.97,1
2022-08-28,Rosetta_mouth,CHL,my,,1.506,0.8272,1.612,0.8674
2022-08-31,Rosetta_mouth,CHL,my,,1.164,0.6665,1.589,0.8785
2022-09-03,Rosetta_mouth,CHL,my,1.36,1.305,0.8131,1.37,1
2022-09-04,Rosetta_mouth,CHL,my,1.68,1.399,1.044,1.68,1
2022-09-05,Rosetta_mouth,CHL,my,1.672,,,,0.3149
2022-09-07,Rosetta_mouth,CHL,my,2.391,2.205,1.691,2.424,1
2022-09-08,Rosetta_mouth,CHL,my,2.022,2.025,1.585,2.215,0.5691
2022-09-10,Rosetta_mouth,CHL,my,1.9,1.67,1.345,2.055,1
2022-09-11,Rosetta_mouth,CHL,my,2.489,1.942,1.534,3.577,1
2022-09-12,Rosetta_mouth,CHL,my,3.283,,,,0.4365
2022-09-14,Rosetta_mouth,CHL,my,3.936,3.702,2.287,3.936,1
2022-09-15,Rosetta_mouth,CHL,my,4.018,3.635,2.293,4.157,1
2022-09-16,Rosetta_mouth,CHL,my,2.458,2.367,1.743,2.654,0.7459
2022-09-17,Rosetta_mouth,CHL,my,2.392,1.619,1.355,2.593,1
2022-09-18,Rosetta_mouth,CHL,my,1.823,,,,0.3149
2022-09-20,Rosetta_mouth,CHL,my,2.164,1.788,1.255,2.164,1
2022-09-21,Rosetta_mouth,CHL,my,2.017,1.975,1.419,2.072,1
2022-09-22,Rosetta_mouth,CHL,my,3.836,2.852,1.95,3.842,1
2022-09-23,Rosetta_mouth,CHL,my,3.274,2.434,1.625,3.528,1
2022-09-26,Rosetta_mouth,CHL,my,2.899,2.3,1.453,3.224,1
2022-09-27,Rosetta_mouth,CHL,my,2.016,1.446,1.138,2.311,1
2022-09-28,Rosetta_mouth,CHL,my,2.822,2.494,1.502,3.046,1
2022-09-29,Rosetta_mouth,CHL,my,2.168,1.711,1.292,3.306,1
2022-09-30,Rosetta_mouth,CHL,my,1.862,1.113,0.9614,2.967,1
2022-10-01,Rosetta_mouth,CHL,my,1.2,1.011,0.8028,2.34,1
2022-10-02,Rosetta_mouth,CHL,my,1.651,1.447,1.061,1.98,1
2022-10-05,Rosetta_mouth,CHL,my,2.145,2.145,1.683,2.255,0.5635
2022-10-06,Rosetta_mouth,CHL,my,,1.639,1.208,1.853,0.8122
2022-10-07,Rosetta_mouth,CHL,my,4.689,4.383,2.794,5.059,1
2022-10-08,Rosetta_mouth,CHL,my,3.436,2.255,1.832,3.634,1
2022-10-09,Rosetta_mouth,CHL,my,3.125,3.088,1.841,3.35,0.7459
2022-10-11,Rosetta_mouth,CHL,my,1.99,1.97,1.486,2.401,1
2022-10-13,Rosetta_mouth,CHL,my,2.917,2.475,1.771,3.117,1
2022-10-14,Rosetta_mouth,CHL,my,3.371,,,,0.3204
2022-10-16,Rosetta_mouth,CHL,my,3.145,3.041,1.788,3.506,1
2022-10-18,Rosetta_mouth,CHL,my,4.003,,,,0.4365
2022-10-20,Rosetta_mouth,CHL,my,2.652,2.255,1.65,3.373,0.9392
2022-10-21,Rosetta_mouth,CHL,my,3.285,3.034,2.141,3.524,0.8122
2022-10-23,Rosetta_mouth,CHL,my,2.442,2.147,1.493,2.442,0.6851
2022-10-24,Rosetta_mouth,CHL,my,3.968,2.553,2.348,5.626,0.6851
2022-10-26,Rosetta_mouth,CHL,my,,1.365,1.125,1.812,0.6851
2022-10-28,Rosetta_mouth,CHL,my,7.772,2.966,2.534,14.11,1
2022-10-30,Rosetta_mouth,CHL,my,3.369,3.318,1.772,3.463,1
2022-10-31,Rosetta_mouth,CHL,my,3.369,2.497,1.792,5.101,1
2022-11-01,Rosetta_mouth,CHL,my,2.6,2.553,1.963,2.648,0.6243
2022-11-02,Rosetta_mouth,CHL,my,3.045,,,,0.3094
2022-11-03,Rosetta_mouth,CHL,my,3.33,,,,0.4254
2022-11-04,Rosetta_mouth,CHL,my,4.303,3.651,2.546,4.361,1
2022-11-05,Rosetta_mouth,CHL,my,4.064,3.891,3.086,4.095,0.6243
2022-11-06,Rosetta_mouth,CHL,my,2.543,2.227,1.591,2.61,1
2022-11-09,Rosetta_mouth,CHL,my,3.426,3.013,2.241,4.945,0.9337
2022-11-10,Rosetta_mouth,CHL,my,2.742,2.571,1.597,2.826,1
2022-11-11,Rosetta_mouth,CHL,my,3.116,2.571,1.51,3.441,1
2022-11-15,Rosetta_mouth,CHL,my,2.544,,,,0.3149
2022-11-16,Rosetta_mouth,CHL,my,6.689,2.409,2.372,6.689,0.6906
2022-11-17,Rosetta_mouth,CHL,my,3.198,2.557,2.045,3.383,0.6851
2022-11-18,Rosetta_mouth,CHL,my,5.8,3.686,2.315,6.805,1
2022-11-20,Rosetta_mouth,CHL,my,2.652,2.583,1.873,2.924,1
2022-11-22,Rosetta_mouth,CHL,my,,1.647,1.254,2.015,0.8066
2022-11-23,Rosetta_mouth,CHL,my,2.471,1.6,1.633,3.197,1
2022-11-26,Rosetta_mouth,CHL,my,6.467,,,,0.1823
2022-11-29,Rosetta_mouth,CHL,my,,2.209,1.656,3.463,0.8122
2022-11-30,Rosetta_mouth,CHL,my,3.297,3.074,1.931,4.373,1
2022-12-01,Rosetta_mouth,CHL,my,3.495,3.449,2.56,4.32,1
2022-12-03,Rosetta_mouth,CHL,my,2.713,2.452,1.758,2.975,1
2022-12-04,Rosetta_mouth,CHL,my,2.73,,,,0.4365
2022-12-06,Rosetta_mouth,CHL,my,4.131,3.88,2.295,4.262,0.6188
2022-12-08,Rosetta_mouth,CHL,my,2.836,2.557,1.816,2.943,1
2022-12-09,Rosetta_mouth,CHL,my,4.126,3.096,2.331,4.126,0.8674
2022-12-10,Rosetta_mouth,CHL,my,2.83,2.585,1.738,3.217,1
2022-12-11,Rosetta_mouth,CHL,my,3.082,2.697,1.673,3.122,1
2022-12-12,Rosetta_mouth,CHL,my,3.93,3.719,2.289,4.064,1
2022-12-13,Rosetta_mouth,CHL,my,2.173,2.173,0.9498,2.205,0.5028
2022-12-15,Rosetta_mouth,CHL,my,3.117,2.542,1.68,3.164,1
2022-12-16,Rosetta_mouth,CHL,my,2.68,2.469,1.652,2.698,1
2022-12-17,Rosetta_mouth,CHL,my,,1.585,1.468,1.896,0.6243
2022-12-27,Rosetta_mouth,CHL,my,4.731,4.556,2.732,5.031,1
2022-12-28,Rosetta_mouth,CHL,my,2.769,2.779,2.152,3.331,1
2022-12-29,Rosetta_mouth,CHL,my,6.069,3.71,2.27,6.83,0.8729
2022-12-30,Rosetta_mouth,CHL,my,4.522,3.046,1.965,6.367,0.9392
2022-01-02,Tel_Aviv_IL,CHL,my,0.1941,0.1468,0.1272,0.2281,0.93
2022-01-03,Tel_Aviv_IL,CHL,my,0.1077,0.1123,0.09856,0.133,0.93
2022-01-06,Tel_Aviv_IL,CHL,my,0.08876,0.0868,0.08969,0.2082,1
2022-01-07,Tel_Aviv_IL,CHL,my,0.08165,0.08165,0.07157,0.1197,0.93
2022-01-08,Tel_Aviv_IL,CHL,my,0.08496,0.1097,0.08858,0.2019,1
2022-01-11,Tel_Aviv_IL,CHL,my,0.1812,0.1259,0.1126,0.2519,0.88
2022-01-15,Tel_Aviv_IL,CHL,my,,0.08926,0.076,0.09542,0.56
2022-01-17,Tel_Aviv_IL,CHL,my,1.186,0.8712,0.5983,1.231,0.93
2022-01-18,Tel_Aviv_IL,CHL,my,0.3266,0.3049,0.2288,0.9162,1
2022-01-21,Tel_Aviv_IL,CHL,my,0.7391,0.523,0.2787,0.7391,0.865
2022-01-22,Tel_Aviv_IL,CHL,my,0.4581,0.4199,0.303,0.7919,1
2022-01-25,Tel_Aviv_IL,CHL,my,0.4676,0.4676,0.2945,0.6856,0.93
2022-01-30,Tel_Aviv_IL,CHL,my,1.381,1.363,0.7556,1.51,1
2022-01-31,Tel_Aviv_IL,CHL,my,,0.2957,0.1966,0.3006,0.54
2022-02-02,Tel_Aviv_IL,CHL,my,0.4018,0.3572,0.2596,0.6975,1
2022-02-03,Tel_Aviv_IL,CHL,my,0.4494,0.3426,0.2583,1.175,0.93
2022-02-06,Tel_Aviv_IL,CHL,my,0.3777,0.357,0.3033,0.7617,0.655
2022-02-07,Tel_Aviv_IL,CHL,my,0.4179,0.3268,0.19,0.4179,0.865
2022-02-08,Tel_Aviv_IL,CHL,my,0.1858,0.2246,0.1844,0.4462,1
2022-02-11,Tel_Aviv_IL,CHL,my,0.4,0.3644,0.215,0.5007,0.815
2022-02-12,Tel_Aviv_IL,CHL,my,1.262,1.028,0.603,1.355,1
2022-02-13,Tel_Aviv_IL,CHL,my,0.8947,0.8944,0.4431,0.9895,0.93
2022-02-14,Tel_Aviv_IL,CHL,my,0.7342,0.5049,0.2973,0.7342,0.82
2022-02-15,Tel_Aviv_IL,CHL,my,0.1912,,,,0.395
2022-02-16,Tel_Aviv_IL,CHL,my,0.2684,0.2684,0.1833,0.3234,0.93
2022-02-18,Tel_Aviv_IL,CHL,my,,0.2188,0.1756,0.256,0.8
2022-02-21,Tel_Aviv_IL,CHL,my,0.3,0.2564,0.2053,0.5129,0.93
2022-02-22,Tel_Aviv_IL,CHL,my,0.3105,,,,0.34
2022-02-23,Tel_Aviv_IL,CHL,my,0.2758,0.1887,0.1396,0.2758,1
2022-02-25,Tel_Aviv_IL,CHL,my,0.3066,,,,0.455
2022-02-27,Tel_Aviv_IL,CHL,my,1.006,0.7792,0.4239,1.782,1
2022-02-28,Tel_Aviv_IL,CHL,my,1.177,0.8877,0.3435,1.292,0.93
2022-03-05,Tel_Aviv_IL,CHL,my,1.03,1.062,0.6125,1.17,0.865
2022-03-14,Tel_Aviv_IL,CHL,my,,0.9758,0.7309,1.224,0.735
2022-03-16,Tel_Aviv_IL,CHL,my,1.017,0.8044,0.4893,1.017,0.705
2022-03-22,Tel_Aviv_IL,CHL,my,0.7369,0.4664,0.3003,0.8895,0.88
2022-03-23,Tel_Aviv_IL,CHL,my,0.6456,,,,0.065
2022-03-26,Tel_Aviv_IL,CHL,my,1.269,1.27,0.7778,1.781,1
2022-03-27,Tel_Aviv_IL,CHL,my,1.297,1.097,0.5363,1.334,1
2022-03-28,Tel_Aviv_IL,CHL,my,1.447,1.341,0.5528,1.883,0.93
2022-03-30,Tel_Aviv_IL,CHL,my,0.7477,0.671,0.393,0.7882,0.93
2022-04-09,Tel_Aviv_IL,CHL,my,0.08013,0.07086,0.08568,0.359,1
2022-04-12,Tel_Aviv_IL,CHL,my,0.1747,0.1198,0.09527,0.1747,0.69
2022-04-13,Tel_Aviv_IL,CHL,my,0.1214,0.09583,0.08379,0.288,1
2022-04-14,Tel_Aviv_IL,CHL,my,0.2707,0.2255,0.1126,0.4352,0.88
2022-04-15,Tel_Aviv_IL,CHL,my,0.188,0.1225,0.09005,0.3208,0.93
2022-04-16,Tel_Aviv_IL,CHL,my,,0.1385,0.08781,0.1452,0.58
2022-04-20,Tel_Aviv_IL,CHL,my,0.1131,0.1059,0.07125,0.1455,0.88
2022-04-21,Tel_Aviv_IL,CHL,my,0.1809,0.1305,0.09236,0.3097,1
2022-04-29,Tel_Aviv_IL,CHL,my,0.1282,0.09514,0.0772,0.1282,0.865
2022-05-04,Tel_Aviv_IL,CHL,my,0.1538,0.1319,0.08014,0.1538,0.785
2022-05-07,Tel_Aviv_IL,CHL,my,1.185,1.176,0.5328,1.297,1
2022-05-08,Tel_Aviv_IL,CHL,my,1.125,0.9586,0.4501,1.297,1
2022-05-09,Tel_Aviv_IL,CHL,my,,0.1663,0.09762,0.1836,0.54
2022-05-10,Tel_Aviv_IL,CHL,my,0.5574,0.4794,0.3658,0.9463,1
2022-05-11,Tel_Aviv_IL,CHL,my,0.2065,0.1686,0.1255,0.2065,0.85
2022-05-12,Tel_Aviv_IL,CHL,my,0.2045,0.1805,0.1373,0.2714,0.93
2022-05-15,Tel_Aviv_IL,CHL,my,0.1458,0.1152,0.08949,0.1458,0.52
2022-05-17,Tel_Aviv_IL,CHL,my,0.08366,0.07287,0.06112,0.1169,0.93
2022-05-18,Tel_Aviv_IL,CHL,my,0.05604,0.05711,0.05485,0.1384,1
2022-05-19,Tel_Aviv_IL,CHL,my,0.0824,0.06947,0.05663,0.0824,0.865
2022-05-20,Tel_Aviv_IL,CHL,my,0.06908,0.06094,0.06007,0.1818,1
2022-05-22,Tel_Aviv_IL,CHL,my,0.05798,0.05821,0.05988,0.1954,1
2022-05-24,Tel_Aviv_IL,CHL,my,0.1427,0.1217,0.09984,0.4267,0.93
2022-05-25,Tel_Aviv_IL,CHL,my,0.3135,0.2879,0.146,0.3233,0.93
2022-05-26,Tel_Aviv_IL,CHL,my,0.2615,0.1781,0.1356,0.2784,0.915
2022-05-27,Tel_Aviv_IL,CHL,my,0.1972,0.1545,0.1214,0.1972,0.865
2022-05-30,Tel_Aviv_IL,CHL,my,0.2181,0.2,0.1268,0.2371,0.93
2022-05-31,Tel_Aviv_IL,CHL,my,0.2124,0.1982,0.1,0.2124,0.93
2022-06-01,Tel_Aviv_IL,CHL,my,,0.07147,0.0559,0.1215,0.67
2022-06-02,Tel_Aviv_IL,CHL,my,0.1622,0.1473,0.09161,0.1946,0.93
2022-06-03,Tel_Aviv_IL,CHL,my,0.1249,0.1218,0.07595,0.2145,0.93
2022-06-04,Tel_Aviv_IL,CHL,my,0.2075,0.1521,0.09372,0.216,1
2022-06-05,Tel_Aviv_IL,CHL,my,0.1653,0.1604,0.1055,0.1891,0.93
2022-06-06,Tel_Aviv_IL,CHL,my,0.1142,0.106,0.0949,0.2533,0.95
2022-06-07,Tel_Aviv_IL,CHL,my,0.1066,0.09532,0.08355,0.1245,0.86
2022-06-08,Tel_Aviv_IL,CHL,my,0.1337,0.134,0.1159,0.309,1
2022-06-09,Tel_Aviv_IL,CHL,my,,0.1333,0.1093,0.1479,0.8
2022-06-10,Tel_Aviv_IL,CHL,my,0.1833,0.1896,0.1592,0.3452,1
2022-06-13,Tel_Aviv_IL,CHL,my,0.1231,0.121,0.08899,0.1503,1
2022-06-14,Tel_Aviv_IL,CHL,my,0.1005,0.09135,0.0997,0.228,1
2022-06-15,Tel_Aviv_IL,CHL,my,0.1941,0.1324,0.1063,0.24,0.815
2022-06-16,Tel_Aviv_IL,CHL,my,0.2501,0.2165,0.1303,0.3626,1
2022-06-18,Tel_Aviv_IL,CHL,my,0.165,,,,0.36
2022-06-19,Tel_Aviv_IL,CHL,my,0.1358,0.1322,0.1412,0.565,1
2022-06-20,Tel_Aviv_IL,CHL,my,0.2423,0.2383,0.1453,0.5383,0.935
2022-06-23,Tel_Aviv_IL,CHL,my,1.035,0.9862,0.4245,1.271,1
2022-06-24,Tel_Aviv_IL,CHL,my,1.104,0.8652,0.3901,1.134,0.93
2022-06-26,Tel_Aviv_IL,CHL,my,0.9766,0.7467,0.5739,1.255,0.93
2022-06-27,Tel_Aviv_IL,CHL,my,0.7139,0.5631,0.3702,0.8316,1
2022-06-28,Tel_Aviv_IL,CHL,my,0.9633,0.2846,0.2168,0.9633,0.865
2022-06-29,Tel_Aviv_IL,CHL,my,1.125,1.079,0.4614,1.419,1
2022-06-30,Tel_Aviv_IL,CHL,my,0.6971,0.6796,0.3515,0.9009,1
2022-07-01,Tel_Aviv_IL,CHL,my,0.3474,0.3165,0.1601,0.3936,0.93
2022-07-02,Tel_Aviv_IL,CHL,my,0.3795,0.2849,0.1668,0.3795,0.93
2022-07-04,Tel_Aviv_IL,CHL,my,0.1989,0.1458,0.1282,0.2742,0.93
2022-07-05,Tel_Aviv_IL,CHL,my,0.2167,0.2151,0.1431,0.4033,1
2022-07-06,Tel_Aviv_IL,CHL,my,,0.06521,0.0491,0.1027,0.73
2022-07-07,Tel_Aviv_IL,CHL,my,0.1908,0.09475,0.07287,0.2848,0.865
2022-07-08,Tel_Aviv_IL,CHL,my,,0.05841,0.04745,0.1195,0.865
2022-07-09,Tel_Aviv_IL,CHL,my,0.09389,0.07735,0.06951,0.2709,1
2022-07-10,Tel_Aviv_IL,CHL,my,,0.09676,0.07063,0.1094,0.605
2022-07-11,Tel_Aviv_IL,CHL,my,0.1257,0.1257,0.1185,0.3249,0.935
2022-07-12,Tel_Aviv_IL,CHL,my,0.2355,0.1839,0.1204,0.2405,0.88
2022-07-14,Tel_Aviv_IL,CHL,my,0.3886,0.2923,0.1957,0.3886,0.865
2022-07-16,Tel_Aviv_IL,CHL,my,,0.4389,0.2402,0.4881,0.735
2022-07-17,Tel_Aviv_IL,CHL,my,,0.2569,0.1803,0.3276,0.605
2022-07-18,Tel_Aviv_IL,CHL,my,0.5006,0.4676,0.2604,0.5709,0.93
2022-07-19,Tel_Aviv_IL,CHL,my,0.789,0.7489,0.3425,0.9993,0.93
2022-07-20,Tel_Aviv_IL,CHL,my,0.5124,0.5124,0.2388,0.5392,0.865
2022-07-22,Tel_Aviv_IL,CHL,my,0.1944,0.1096,0.08935,0.1944,0.72
2022-07-23,Tel_Aviv_IL,CHL,my,0.5713,0.4691,0.2167,0.6737,0.93
2022-07-24,Tel_Aviv_IL,CHL,my,0.2412,,,,0.2
2022-07-25,Tel_Aviv_IL,CHL,my,0.4186,0.2604,0.2283,0.4676,0.765
2022-07-26,Tel_Aviv_IL,CHL,my,0.7241,0.7319,0.4717,1.586,1
2022-07-27,Tel_Aviv_IL,CHL,my,0.4859,0.4641,0.3832,0.6075,0.93
2022-07-28,Tel_Aviv_IL,CHL,my,0.4959,0.5812,0.3931,1.028,1
2022-07-29,Tel_Aviv_IL,CHL,my,,0.2091,0.137,0.279,0.8
2022-07-30,Tel_Aviv_IL,CHL,my,0.2617,0.2468,0.1757,0.4316,0.93
2022-07-31,Tel_Aviv_IL,CHL,my,0.3596,0.3596,0.3327,0.5529,0.93
2022-08-02,Tel_Aviv_IL,CHL,my,0.2474,0.2474,0.133,0.2874,0.51
2022-08-03,Tel_Aviv_IL,CHL,my,0.3088,0.2871,0.1716,0.4993,0.93
2022-08-07,Tel_Aviv_IL,CHL,my,0.2529,0.2164,0.1054,0.3264,0.93
2022-08-08,Tel_Aviv_IL,CHL,my,0.1933,0.1933,0.1005,0.2857,0.93
2022-08-09,Tel_Aviv_IL,CHL,my,0.2111,,,,0.455
2022-08-11,Tel_Aviv_IL,CHL,my,0.1649,0.1502,0.07597,0.2529,1
2022-08-12,Tel_Aviv_IL,CHL,my,0.1899,0.1414,0.07918,0.2781,0.935
2022-08-13,Tel_Aviv_IL,CHL,my,0.06075,,,,0.46
2022-08-15,Tel_Aviv_IL,CHL,my,0.1681,,,,0.34
2022-08-16,Tel_Aviv_IL,CHL,my,0.1929,0.1941,0.09398,0.3505,1
2022-08-17,Tel_Aviv_IL,CHL,my,0.1307,0.09187,0.05839,0.1769,0.85
2022-08-18,Tel_Aviv_IL,CHL,my,,0.04396,0.04457,0.07676,0.8
2022-08-19,Tel_Aviv_IL,CHL,my,0.07482,0.05704,0.05117,0.1168,0.785
2022-08-21,Tel_Aviv_IL,CHL,my,0.1078,0.07523,0.0583,0.1346,0.93
2022-08-22,Tel_Aviv_IL,CHL,my,0.2075,0.1575,0.07095,0.2075,0.93
2022-08-23,Tel_Aviv_IL,CHL,my,0.183,0.1694,0.07263,0.183,0.915
2022-08-24,Tel_Aviv_IL,CHL,my,0.223,0.1456,0.08474,0.2874,1
2022-08-26,Tel_Aviv_IL,CHL,my,0.1052,0.09136,0.06745,0.2472,1
2022-08-27,Tel_Aviv_IL,CHL,my,0.06925,0.06561,0.03701,0.07534,0.93
2022-09-05,Tel_Aviv_IL,CHL,my,0.09472,0.05726,0.04632,0.09472,0.815
2022-09-06,Tel_Aviv_IL,CHL,my,0.07861,0.06203,0.05064,0.09601,0.8
2022-09-07,Tel_Aviv_IL,CHL,my,0.1224,0.1149,0.08486,0.3859,1
2022-09-08,Tel_Aviv_IL,CHL,my,0.1467,0.1072,0.1043,0.4402,1
2022-09-09,Tel_Aviv_IL,CHL,my,0.1419,0.1288,0.1242,0.4983,1
2022-09-10,Tel_Aviv_IL,CHL,my,,0.06393,0.04037,0.06822,0.605
2022-09-11,Tel_Aviv_IL,CHL,my,0.0628,0.06984,0.05256,0.1223,0.93
2022-09-12,Tel_Aviv_IL,CHL,my,0.0533,0.05362,0.04691,0.1462,1
2022-09-13,Tel_Aviv_IL,CHL,my,,0.04992,0.04241,0.06716,0.715
2022-09-14,Tel_Aviv_IL,CHL,my,,0.05636,0.04684,0.06456,0.71
2022-09-15,Tel_Aviv_IL,CHL,my,0.1218,0.1115,0.1013,0.4345,1
2022-09-16,Tel_Aviv_IL,CHL,my,0.1873,0.16,0.1086,0.3728,1
2022-09-17,Tel_Aviv_IL,CHL,my,0.1268,0.06333,0.05758,0.1529,0.88
2022-09-18,Tel_Aviv_IL,CHL,my,0.1109,,,,0.41
2022-09-19,Tel_Aviv_IL,CHL,my,0.1071,,,,0.485
2022-09-21,Tel_Aviv_IL,CHL,my,0.1362,0.08349,0.06578,0.1362,0.655
2022-09-22,Tel_Aviv_IL,CHL,my,0.1649,0.1649,0.0709,0.1872,0.62
2022-09-23,Tel_Aviv_IL,CHL,my,0.1687,0.1668,0.09638,0.3033,0.93
2022-09-24,Tel_Aviv_IL,CHL,my,0.1597,0.1273,0.07703,0.177,0.93
2022-09-25,Tel_Aviv_IL,CHL,my,0.1368,0.07437,0.06326,0.1368,0.865
2022-09-26,Tel_Aviv_IL,CHL,my,0.08291,0.06827,0.0593,0.2239,1
2022-09-27,Tel_Aviv_IL,CHL,my,0.05152,0.04643,0.04788,0.1743,1
2022-09-28,Tel_Aviv_IL,CHL,my,0.04249,0.02952,0.03041,0.06759,0.93
2022-09-29,Tel_Aviv_IL,CHL,my,0.07567,0.06434,0.05534,0.117,0.93
2022-09-30,Tel_Aviv_IL,CHL,my,0.05089,0.03243,0.03234,0.07012,0.88
2022-10-01,Tel_Aviv_IL,CHL,my,0.04167,0.04458,0.04,0.06722,0.93
2022-10-02,Tel_Aviv_IL,CHL,my,0.02595,0.05106,0.04528,0.05612,0.93
2022-10-04,Tel_Aviv_IL,CHL,my,0.08585,0.07173,0.06944,0.08585,0.655
2022-10-05,Tel_Aviv_IL,CHL,my,0.07935,0.08155,0.0697,0.2302,1
2022-10-06,Tel_Aviv_IL,CHL,my,0.09817,0.1366,0.1003,0.3655,1
2022-10-09,Tel_Aviv_IL,CHL,my,0.3351,0.3351,0.2478,0.3749,0.855
2022-10-10,Tel_Aviv_IL,CHL,my,0.1971,0.1714,0.1156,0.2355,0.93
2022-10-11,Tel_Aviv_IL,CHL,my,0.1597,0.1853,0.1182,0.2856,1
2022-10-12,Tel_Aviv_IL,CHL,my,0.123,0.1528,0.111,0.1533,0.605
2022-10-13,Tel_Aviv_IL,CHL,my,0.144,0.1269,0.1046,0.1512,0.88
2022-10-14,Tel_Aviv_IL,CHL,my,0.2435,0.1845,0.1113,0.2609,0.93
2022-10-15,Tel_Aviv_IL,CHL,my,0.1627,0.1181,0.08174,0.2201,1
2022-10-16,Tel_Aviv_IL,CHL,my,0.1881,0.1706,0.1202,0.2522,1
2022-10-17,Tel_Aviv_IL,CHL,my,0.2026,0.194,0.1245,0.2342,0.93
2022-10-18,Tel_Aviv_IL,CHL,my,0.2562,0.4063,0.2422,0.507,0.93
2022-10-19,Tel_Aviv_IL,CHL,my,0.1912,0.1936,0.1516,0.2632,1
2022-10-20,Tel_Aviv_IL,CHL,my,0.1553,0.1553,0.08954,0.1856,0.605
2022-10-22,Tel_Aviv_IL,CHL,my,0.2694,0.2471,0.1665,0.2694,0.665
2022-10-27,Tel_Aviv_IL,CHL,my,,0.2276,0.165,0.2713,0.605
2022-10-28,Tel_Aviv_IL,CHL,my,0.2743,0.2861,0.185,0.3654,0.93
2022-10-31,Tel_Aviv_IL,CHL,my,,0.2121,0.1398,0.2305,0.625
2022-11-01,Tel_Aviv_IL,CHL,my,0.2086,0.2109,0.165,0.2486,1
2022-11-02,Tel_Aviv_IL,CHL,my,0.1552,0.1502,0.09866,0.1631,0.93
2022-11-03,Tel_Aviv_IL,CHL,my,0.2081,0.2605,0.1784,0.2738,0.93
2022-11-04,Tel_Aviv_IL,CHL,my,0.2495,0.2428,0.1398,0.3036,0.93
2022-11-05,Tel_Aviv_IL,CHL,my,0.2632,0.2175,0.127,0.2632,0.93
2022-11-08,Tel_Aviv_IL,CHL,my,0.1665,,,,0.49
2022-11-09,Tel_Aviv_IL,CHL,my,0.311,0.3466,0.2921,0.5143,0.675
2022-11-11,Tel_Aviv_IL,CHL,my,0.3813,0.3783,0.292,0.4059,0.93
2022-11-12,Tel_Aviv_IL,CHL,my,0.3712,0.3296,0.2956,0.4519,0.93
2022-11-18,Tel_Aviv_IL,CHL,my,0.3009,0.3462,0.2047,0.3936,0.93
2022-11-19,Tel_Aviv_IL,CHL,my,0.2003,0.3258,0.2067,0.3682,0.93
2022-11-20,Tel_Aviv_IL,CHL,my,0.3981,0.3973,0.3477,0.5221,1
2022-11-21,Tel_Aviv_IL,CHL,my,0.2479,0.2479,0.2003,0.2928,0.73
2022-11-23,Tel_Aviv_IL,CHL,my,0.1685,0.1547,0.1203,0.1987,0.93
2022-11-25,Tel_Aviv_IL,CHL,my,0.1449,0.1449,0.08548,0.1724,0.735
2022-11-26,Tel_Aviv_IL,CHL,my,0.8843,0.8091,0.4028,0.9566,0.93
2022-12-01,Tel_Aviv_IL,CHL,my,0.1313,0.1364,0.1326,0.3072,1
2022-12-02,Tel_Aviv_IL,CHL,my,0.2045,0.2464,0.1845,0.2896,1
2022-12-03,Tel_Aviv_IL,CHL,my,0.3176,0.2591,0.197,0.3176,0.785
2022-12-04,Tel_Aviv_IL,CHL,my,0.2507,0.2479,0.1978,0.5843,1
2022-12-05,Tel_Aviv_IL,CHL,my,0.2361,0.2196,0.147,0.2614,0.93
2022-12-08,Tel_Aviv_IL,CHL,my,0.231,0.1996,0.1538,0.2674,0.88
2022-12-09,Tel_Aviv_IL,CHL,my,0.2614,0.2176,0.173,0.2704,0.785
2022-12-10,Tel_Aviv_IL,CHL,my,0.1952,0.1952,0.1604,0.2453,0.93
2022-12-11,Tel_Aviv_IL,CHL,my,0.3118,0.2835,0.1961,0.3118,0.8
2022-12-15,Tel_Aviv_IL,CHL,my,0.1864,0.1908,0.1612,0.2041,0.6
2022-12-16,Tel_Aviv_IL,CHL,my,0.1152,0.1589,0.1367,0.2558,1
2022-12-17,Tel_Aviv_IL,CHL,my,0.1218,0.1767,0.1566,0.2679,1
2022-12-18,Tel_Aviv_IL,CHL,my,0.1649,0.2172,0.2035,0.3512,1
2022-12-19,Tel_Aviv_IL,CHL,my,0.1966,0.2305,0.1936,0.2594,0.93
2022-12-20,Tel_Aviv_IL,CHL,my,0.2958,0.2581,0.2355,0.347,0.5
2022-12-22,Tel_Aviv_IL,CHL,my,0.2221,0.2228,0.1985,0.2849,0.93
2022-12-28,Tel_Aviv_IL,CHL,my,0.3345,0.3345,0.3229,1.008,0.705
2022-12-29,Tel_Aviv_IL,CHL,my,0.3845,0.3354,0.2954,1.042,1
2022-12-30,Tel_Aviv_IL,CHL,my,0.4911,0.4074,0.2549,0.6219,0.93
2022-12-31,Tel_Aviv_IL,CHL,my,0.5483,0.457,0.3083,0.7796,0.93
