date,site,variable,stream,at_station,transect_p80,transect_mean,transect_max,valid_frac
2015-01-05,Ashdod_IL,CHL,my,0.2007,0.1084,0.09845,0.2839,0.6169
2015-01-12,Ashdod_IL,CHL,my,0.3231,0.3035,0.297,0.8341,0.995
2015-01-13,Ashdod_IL,CHL,my,0.5423,0.5423,0.4896,1.426,0.7861
2015-01-20,Ashdod_IL,CHL,my,0.1693,0.1693,0.1309,0.1841,0.9254
2015-01-21,Ashdod_IL,CHL,my,0.1136,0.1136,0.09283,0.1463,0.6866
2015-01-22,Ashdod_IL,CHL,my,0.1994,0.1994,0.1394,0.4277,0.995
2015-01-23,Ashdod_IL,CHL,my,0.2389,0.2389,0.1533,1.136,0.9652
2015-01-24,Ashdod_IL,CHL,my,0.3974,0.1851,0.1418,0.4725,0.9254
2015-01-29,Ashdod_IL,CHL,my,0.3741,0.3303,0.1678,0.4152,0.995
2015-01-31,Ashdod_IL,CHL,my,0.1905,0.1662,0.136,0.2042,0.9254
2015-02-01,Ashdod_IL,CHL,my,0.08339,0.1058,0.09544,0.1238,0.9204
2015-02-02,Ashdod_IL,CHL,my,0.09325,0.1077,0.1091,0.5494,1
2015-02-05,Ashdod_IL,CHL,my,0.05,0.06468,0.05695,0.06761,0.9254
2015-02-07,Ashdod_IL,CHL,my,0.05786,,,,0.1741
2015-02-14,Ashdod_IL,CHL,my,0.5974,0.6936,0.546,1.09,1
2015-02-17,Ashdod_IL,CHL,my,0.191,,,,0.2786
2015-02-20,Ashdod_IL,CHL,my,,1.169,0.8359,2.099,0.5124
2015-02-26,Ashdod_IL,CHL,my,0.2493,0.2172,0.1682,0.2678,0.7711
2015-02-27,Ashdod_IL,CHL,my,0.1875,0.1875,0.167,0.2796,0.9104
2015-02-28,Ashdod_IL,CHL,my,0.1483,0.2165,0.1856,0.2326,0.9254
2015-03-01,Ashdod_IL,CHL,my,0.2454,0.1905,0.1833,0.3221,0.9104
2015-03-03,Ashdod_IL,CHL,my,0.1967,0.1384,0.1248,0.2524,0.7662
2015-03-05,Ashdod_IL,CHL,my,0.3003,0.2297,0.1751,0.6885,0.9254
2015-03-06,Ashdod_IL,CHL,my,0.4183,0.4183,0.2556,0.7547,0.995
2015-03-13,Ashdod_IL,CHL,my,0.4142,0.1391,0.1269,0.4142,0.8607
2015-03-14,Ashdod_IL,CHL,my,0.1184,0.08049,0.08176,0.2523,0.9104
2015-03-16,Ashdod_IL,CHL,my,0.0784,0.0658,0.06205,0.1358,0.9104
2015-03-17,Ashdod_IL,CHL,my,0.1216,0.1089,0.07222,0.1389,0.9254
2015-03-18,Ashdod_IL,CHL,my,0.1003,0.08873,0.09901,0.4379,0.995
2015-03-20,Ashdod_IL,CHL,my,0.2624,0.1811,0.1041,0.2624,0.6119
2015-03-25,Ashdod_IL,CHL,my,1.35,,,,0.1294
2015-03-26,Ashdod_IL,CHL,my,,0.7984,0.6173,0.8661,0.791
2015-03-30,Ashdod_IL,CHL,my,,0.08074,0.062,0.08749,0.791
2015-03-31,Ashdod_IL,CHL,my,0.07631,0.06719,0.05643,0.09688,0.9254
2015-04-02,Ashdod_IL,CHL,my,0.1087,0.1072,0.1348,0.7374,0.995
2015-04-04,Ashdod_IL,CHL,my,0.3733,0.1955,0.1505,0.6248,0.8209
2015-04-05,Ashdod_IL,CHL,my,0.8091,0.2577,0.2569,0.9529,0.6617
2015-04-06,Ashdod_IL,CHL,my,,0.143,0.1243,0.827,0.8109
2015-04-07,Ashdod_IL,CHL,my,0.4166,0.3793,0.195,0.4611,0.9104
2015-04-18,Ashdod_IL,CHL,my,0.7725,0.68,0.5628,1.51,0.995
2015-04-19,Ashdod_IL,CHL,my,0.9353,0.8774,0.6091,1.37,0.9104
2015-04-24,Ashdod_IL,CHL,my,5.253,5.253,2.021,5.523,0.8607
2015-04-25,Ashdod_IL,CHL,my,,4.769,1.855,5.53,0.791
2015-04-26,Ashdod_IL,CHL,my,1.522,1.666,1.23,1.913,0.9104
2015-04-28,Ashdod_IL,CHL,my,,1.181,0.8837,1.233,0.5572
2015-04-29,Ashdod_IL,CHL,my,1.011,1.103,0.9256,1.155,0.995
2015-05-01,Ashdod_IL,CHL,my,,1.103,0.9698,1.266,0.791
2015-05-02,Ashdod_IL,CHL,my,0.9216,0.9334,0.8483,1.011,0.6816
2015-05-04,Ashdod_IL,CHL,my,,0.5086,0.4871,0.7367,0.8458
2015-05-05,Ashdod_IL,CHL,my,0.4556,0.5436,0.4891,0.5599,0.9254
2015-05-06,Ashdod_IL,CHL,my,0.367,0.3409,0.309,0.4079,0.8806
2015-05-07,Ashdod_IL,CHL,my,0.232,0.2448,0.2176,0.2676,0.7562
2015-05-08,Ashdod_IL,CHL,my,0.3791,0.3039,0.2276,0.3791,0.9104
2015-05-09,Ashdod_IL,CHL,my,,0.1911,0.1615,0.1955,0.5821
2015-05-10,Ashdod_IL,CHL,my,0.1958,,,,0.1841
2015-05-12,Ashdod_IL,CHL,my,0.3626,,,,0.0697
2015-05-17,Ashdod_IL,CHL,my,0.3362,0.2707,0.1626,0.3795,0.9104
2015-05-20,Ashdod_IL,CHL,my,0.08865,0.08453,0.07031,0.08865,0.9254
2015-05-30,Ashdod_IL,CHL,my,0.05733,0.07209,0.05779,0.08841,0.9254
2015-06-02,Ashdod_IL,CHL,my,0.4239,0.4424,0.2127,0.6103,0.8905
2015-06-04,Ashdod_IL,CHL,my,0.276,0.2692,0.1389,0.4184,0.995
2015-06-05,Ashdod_IL,CHL,my,0.1742,0.2088,0.1546,0.2243,0.9254
2015-06-10,Ashdod_IL,CHL,my,0.1177,0.1256,0.1115,0.2478,0.995
2015-06-11,Ashdod_IL,CHL,my,0.1021,0.1019,0.08377,0.1032,0.8607
2015-06-12,Ashdod_IL,CHL,my,0.1325,0.09318,0.08613,0.1325,0.9104
2015-06-13,Ashdod_IL,CHL,my,0.0729,0.07461,0.06888,0.08671,0.995
2015-06-14,Ashdod_IL,CHL,my,0.06208,0.06914,0.06632,0.08426,0.9104
2015-06-15,Ashdod_IL,CHL,my,0.07373,0.08875,0.07797,0.09133,0.7363
2015-06-18,Ashdod_IL,CHL,my,0.09596,0.07165,0.06457,0.3032,0.9104
2015-06-20,Ashdod_IL,CHL,my,0.1645,0.1645,0.1088,0.2614,0.6169
2015-06-21,Ashdod_IL,CHL,my,0.2387,0.3504,0.1977,0.478,0.7512
2015-06-22,Ashdod_IL,CHL,my,0.2865,0.2123,0.1653,0.5133,0.6866
2015-06-23,Ashdod_IL,CHL,my,0.3274,,,,0.2736
2015-06-29,Ashdod_IL,CHL,my,1.664,1.584,1.35,1.664,0.9254
2015-06-30,Ashdod_IL,CHL,my,2.126,1.806,0.9475,2.217,0.9254
2015-07-01,Ashdod_IL,CHL,my,0.836,0.8563,0.4668,1.047,0.9104
2015-07-04,Ashdod_IL,CHL,my,0.5367,0.3043,0.1935,0.7888,0.9254
2015-07-05,Ashdod_IL,CHL,my,0.5074,0.4062,0.3075,0.5285,0.7861
2015-07-06,Ashdod_IL,CHL,my,0.9052,0.5135,0.3843,0.9052,0.9104
2015-07-07,Ashdod_IL,CHL,my,0.6053,0.6125,0.4474,0.9126,0.995
2015-07-08,Ashdod_IL,CHL,my,1.041,0.7863,0.3211,1.194,0.9254
2015-07-09,Ashdod_IL,CHL,my,0.9341,0.8102,0.2465,0.9341,0.8259
2015-07-10,Ashdod_IL,CHL,my,1.246,0.1448,0.2358,1.246,0.7413
2015-07-11,Ashdod_IL,CHL,my,,0.03888,0.03418,0.04646,0.6468
2015-07-12,Ashdod_IL,CHL,my,0.07651,0.07276,0.07424,0.409,0.995
2015-07-13,Ashdod_IL,CHL,my,,0.04762,0.03676,0.06472,0.796
2015-07-14,Ashdod_IL,CHL,my,,0.03341,0.03221,0.05017,0.7214
2015-07-15,Ashdod_IL,CHL,my,0.06141,0.05316,0.05062,0.1876,0.9254
2015-07-16,Ashdod_IL,CHL,my,0.09302,0.05333,0.05365,0.1059,0.9104
2015-07-20,Ashdod_IL,CHL,my,0.07183,0.08324,0.05834,0.09708,0.9254
2015-07-21,Ashdod_IL,CHL,my,0.2621,0.1089,0.1075,0.2719,0.6915
2015-07-22,Ashdod_IL,CHL,my,0.08544,0.08544,0.07132,0.1867,0.9254
2015-07-23,Ashdod_IL,CHL,my,0.1101,0.1149,0.08507,0.1712,0.9254
2015-07-24,Ashdod_IL,CHL,my,0.1524,0.1496,0.08499,0.1574,0.9254
2015-07-25,Ashdod_IL,CHL,my,0.1486,0.1486,0.09864,0.1604,0.8209
2015-07-27,Ashdod_IL,CHL,my,,0.09369,0.06472,0.1041,0.6667
2015-07-28,Ashdod_IL,CHL,my,0.07904,,,,0.4279
2015-07-29,Ashdod_IL,CHL,my,0.03828,0.04293,0.03541,0.05965,0.9104
2015-07-30,Ashdod_IL,CHL,my,0.06097,0.05807,0.04583,0.06097,0.9104
2015-07-31,Ashdod_IL,CHL,my,0.08677,0.0836,0.0697,0.08677,0.9104
2015-08-06,Ashdod_IL,CHL,my,0.2358,0.07541,0.0764,0.2358,0.6965
2015-08-07,Ashdod_IL,CHL,my,,0.1537,0.09006,0.2002,0.791
2015-08-08,Ashdod_IL,CHL,my,0.09923,0.08569,0.0577,0.1338,0.9254
2015-08-09,Ashdod_IL,CHL,my,0.07551,0.07551,0.06136,0.164,0.995
2015-08-10,Ashdod_IL,CHL,my,0.05937,0.04613,0.04138,0.05937,0.7463
2015-08-12,Ashdod_IL,CHL,my,0.03419,0.03863,0.0353,0.04448,0.9104
2015-08-13,Ashdod_IL,CHL,my,0.06033,0.06032,0.05281,0.06162,0.9254
2015-08-14,Ashdod_IL,CHL,my,0.04174,0.06816,0.05386,0.07603,0.9104
2015-08-15,Ashdod_IL,CHL,my,,0.06191,0.04682,0.06758,0.7214
2015-08-16,Ashdod_IL,CHL,my,0.07221,0.07161,0.04514,0.07323,0.9104
2015-08-18,Ashdod_IL,CHL,my,0.07852,0.07852,0.05478,0.08918,0.9254
2015-08-19,Ashdod_IL,CHL,my,0.06871,,,,0.2736
2015-08-21,Ashdod_IL,CHL,my,,0.04228,0.03544,0.04985,0.791
2015-08-22,Ashdod_IL,CHL,my,0.06724,0.07143,0.05596,0.08074,0.8607
2015-08-23,Ashdod_IL,CHL,my,0.2579,0.1593,0.1346,0.2602,0.5522
2015-08-26,Ashdod_IL,CHL,my,,0.2596,0.1314,0.4603,0.6517
2015-08-27,Ashdod_IL,CHL,my,,0.6609,0.4644,0.7919,0.6468
2015-08-28,Ashdod_IL,CHL,my,0.5321,0.5639,0.268,0.6374,0.9104
2015-08-29,Ashdod_IL,CHL,my,0.1899,0.2551,0.2034,0.3125,0.995
2015-08-30,Ashdod_IL,CHL,my,0.13,0.1428,0.1328,0.1489,0.8756
2015-08-31,Ashdod_IL,CHL,my,0.1462,0.1462,0.1116,0.1616,0.5522
2015-09-01,Ashdod_IL,CHL,my,0.1392,0.1563,0.09333,0.1677,0.9254
2015-09-02,Ashdod_IL,CHL,my,0.1443,0.0725,0.05846,0.1452,0.9055
2015-09-03,Ashdod_IL,CHL,my,0.07056,0.07056,0.05974,0.1245,0.9254
2015-09-06,Ashdod_IL,CHL,my,0.125,0.1225,0.08578,0.1414,0.9104
2015-09-17,Ashdod_IL,CHL,my,0.0702,0.07615,0.07133,0.08937,0.9254
2015-09-18,Ashdod_IL,CHL,my,0.09077,0.09061,0.07285,0.1037,0.806
2015-09-19,Ashdod_IL,CHL,my,0.08576,0.07858,0.07408,0.1463,0.995
2015-09-20,Ashdod_IL,CHL,my,0.06329,0.06728,0.06769,0.1401,0.995
2015-09-22,Ashdod_IL,CHL,my,0.04731,0.04955,0.04661,0.05987,0.9254
2015-09-24,Ashdod_IL,CHL,my,0.07604,0.05761,0.05226,0.09266,0.9104
2015-09-25,Ashdod_IL,CHL,my,0.06694,0.0559,0.05027,0.07875,0.9254
2015-09-26,Ashdod_IL,CHL,my,0.04412,0.05189,0.0527,0.1228,0.9801
2015-09-27,Ashdod_IL,CHL,my,0.04372,0.04372,0.04045,0.0643,0.8607
2015-09-28,Ashdod_IL,CHL,my,0.02704,0.03784,0.04016,0.1289,0.995
2015-09-30,Ashdod_IL,CHL,my,0.09459,0.04733,0.05499,0.2186,0.9104
2015-10-03,Ashdod_IL,CHL,my,0.03458,0.0348,0.03359,0.07874,0.9254
2015-10-05,Ashdod_IL,CHL,my,,0.05559,0.05282,0.07571,0.5572
2015-10-11,Ashdod_IL,CHL,my,0.3833,0.3833,0.3091,0.6212,0.9254
2015-10-14,Ashdod_IL,CHL,my,0.389,0.389,0.2411,0.5749,0.9254
2015-10-15,Ashdod_IL,CHL,my,0.3013,0.3167,0.2025,0.4166,0.9104
2015-10-16,Ashdod_IL,CHL,my,0.356,0.3595,0.2328,0.4111,0.9254
2015-10-17,Ashdod_IL,CHL,my,0.2615,0.2459,0.2003,0.3059,0.9254
2015-10-21,Ashdod_IL,CHL,my,0.2092,0.2004,0.1809,0.2659,0.9254
2015-10-31,Ashdod_IL,CHL,my,0.6795,0.4604,0.2731,0.822,0.8259
2015-11-01,Ashdod_IL,CHL,my,0.6423,0.6394,0.3057,0.7277,0.995
2015-11-07,Ashdod_IL,CHL,my,,0.272,0.1808,0.4828,0.8607
2015-11-12,Ashdod_IL,CHL,my,0.6465,0.7229,0.4115,0.842,0.995
2015-11-13,Ashdod_IL,CHL,my,0.5562,0.8415,0.5235,0.9866,1
2015-11-14,Ashdod_IL,CHL,my,0.4471,0.6502,0.3453,0.7006,0.7761
2015-11-18,Ashdod_IL,CHL,my,0.2236,0.2312,0.2038,0.242,0.7413
2015-11-19,Ashdod_IL,CHL,my,0.4048,,,,0.2985
2015-11-20,Ashdod_IL,CHL,my,0.2648,0.8527,0.4587,1.403,0.9254
2015-11-22,Ashdod_IL,CHL,my,0.7173,0.6043,0.3416,0.8247,0.9104
2015-11-23,Ashdod_IL,CHL,my,0.2724,0.2658,0.2458,0.7665,0.995
2015-11-24,Ashdod_IL,CHL,my,0.3727,0.2721,0.1863,0.4008,0.9254
2015-11-29,Ashdod_IL,CHL,my,0.8239,0.2841,0.2723,0.9487,0.9254
2015-12-04,Ashdod_IL,CHL,my,0.4635,0.354,0.3307,1.094,0.995
2015-12-05,Ashdod_IL,CHL,my,0.4056,0.4709,0.4412,0.579,0.995
2015-12-06,Ashdod_IL,CHL,my,0.3977,0.4821,0.3422,0.5989,0.9254
2015-12-07,Ashdod_IL,CHL,my,0.5307,0.3938,0.2742,0.5894,0.8756
2015-12-08,Ashdod_IL,CHL,my,0.5411,0.3592,0.2882,0.6333,1
2015-12-09,Ashdod_IL,CHL,my,0.3834,0.3866,0.2978,0.5444,0.995
2015-12-10,Ashdod_IL,CHL,my,0.4576,0.6114,0.4253,0.7339,0.995
2015-12-12,Ashdod_IL,CHL,my,0.2247,,,,0.2736
2015-12-15,Ashdod_IL,CHL,my,0.1328,0.1333,0.1125,0.1895,0.9254
2015-12-20,Ashdod_IL,CHL,my,0.2328,0.2292,0.1762,0.2887,0.9254
2015-12-21,Ashdod_IL,CHL,my,0.09978,0.1194,0.08315,0.1425,0.9254
2015-12-22,Ashdod_IL,CHL,my,0.137,0.1597,0.1173,0.1852,0.9254
2015-12-23,Ashdod_IL,CHL,my,0.2249,0.1689,0.1461,0.2249,0.6766
2015-12-24,Ashdod_IL,CHL,my,0.3629,0.2422,0.1847,0.4018,0.9254
2015-12-25,Ashdod_IL,CHL,my,0.2108,0.1709,0.1337,0.2108,0.995
2015-12-26,Ashdod_IL,CHL,my,0.1721,0.1538,0.1286,0.2154,0.995
2015-12-27,Ashdod_IL,CHL,my,,0.07813,0.0734,0.1008,0.9353
2015-12-28,Ashdod_IL,CHL,my,0.2609,0.2166,0.1771,0.3133,0.9104
2015-12-29,Ashdod_IL,CHL,my,0.1253,0.1434,0.1342,0.1515,0.9104
2015-01-05,Ashkelon_IL,CHL,my,0.7486,0.8494,0.4272,0.9159,0.5721
2015-01-11,Ashkelon_IL,CHL,my,1.569,,,,0.1791
2015-01-12,Ashkelon_IL,CHL,my,0.5778,0.5778,0.4155,1.052,0.9502
2015-01-13,Ashkelon_IL,CHL,my,0.4628,0.5545,0.3939,1.235,0.8358
2015-01-17,Ashkelon_IL,CHL,my,0.1639,,,,0.1692
2015-01-18,Ashkelon_IL,CHL,my,0.128,0.1543,0.1247,0.1673,0.7711
2015-01-20,Ashkelon_IL,CHL,my,0.3018,0.1931,0.1483,0.4598,0.8806
2015-01-21,Ashkelon_IL,CHL,my,,0.1448,0.1062,0.1973,0.5771
2015-01-22,Ashkelon_IL,CHL,my,0.4615,0.3285,0.2065,0.6146,0.8806
2015-01-23,Ashkelon_IL,CHL,my,0.4325,0.4013,0.2595,0.5759,0.6468
2015-01-24,Ashkelon_IL,CHL,my,0.4211,0.3456,0.2134,0.5259,0.9104
2015-01-29,Ashkelon_IL,CHL,my,0.1904,0.1904,0.1545,0.2879,0.9502
2015-01-31,Ashkelon_IL,CHL,my,0.1338,0.1338,0.125,0.1897,0.9104
2015-02-01,Ashkelon_IL,CHL,my,0.149,0.177,0.143,0.2365,0.9104
2015-02-02,Ashkelon_IL,CHL,my,0.08796,0.1477,0.113,0.155,0.9104
2015-02-04,Ashkelon_IL,CHL,my,0.07983,0.07983,0.07486,0.09045,0.8806
2015-02-05,Ashkelon_IL,CHL,my,0.3853,0.3384,0.1516,0.3981,0.9104
2015-02-14,Ashkelon_IL,CHL,my,0.9056,0.9056,0.5586,1.176,0.9502
2015-02-17,Ashkelon_IL,CHL,my,0.2455,0.3186,0.257,0.3446,0.6269
2015-02-27,Ashkelon_IL,CHL,my,,0.2045,0.1849,0.3067,0.6667
2015-02-28,Ashkelon_IL,CHL,my,0.2818,0.2451,0.1805,0.4325,0.8806
2015-03-01,Ashkelon_IL,CHL,my,0.3546,0.3442,0.2366,0.7156,0.9104
2015-03-02,Ashkelon_IL,CHL,my,0.6788,,,,0.2488
2015-03-03,Ashkelon_IL,CHL,my,,0.3743,0.2654,1.216,0.7463
2015-03-05,Ashkelon_IL,CHL,my,0.2554,0.2042,0.1957,0.9055,0.8806
2015-03-06,Ashkelon_IL,CHL,my,0.4784,0.4784,0.3951,1.449,1
2015-03-12,Ashkelon_IL,CHL,my,,0.08845,0.07925,0.1177,0.6965
2015-03-13,Ashkelon_IL,CHL,my,0.1759,0.1171,0.09592,0.1759,0.806
2015-03-14,Ashkelon_IL,CHL,my,0.09955,0.08574,0.06581,0.1482,0.8806
2015-03-15,Ashkelon_IL,CHL,my,0.1214,,,,0.2836
2015-03-16,Ashkelon_IL,CHL,my,0.3285,0.3285,0.1467,0.4107,0.6716
2015-03-17,Ashkelon_IL,CHL,my,0.2203,0.1925,0.1325,0.5007,0.9104
2015-03-18,Ashkelon_IL,CHL,my,0.2437,0.217,0.1453,0.6432,0.8806
2015-03-25,Ashkelon_IL,CHL,my,1.421,1.447,1.386,1.59,0.597
2015-03-30,Ashkelon_IL,CHL,my,,0.07968,0.06948,0.08476,0.6318
2015-03-31,Ashkelon_IL,CHL,my,0.1081,0.07088,0.0595,0.1081,0.806
2015-04-02,Ashkelon_IL,CHL,my,1.058,1.01,0.3833,1.058,0.9104
2015-04-04,Ashkelon_IL,CHL,my,,0.1852,0.135,0.474,0.6169
2015-04-05,Ashkelon_IL,CHL,my,1.061,,,,0.4925
2015-04-06,Ashkelon_IL,CHL,my,0.7614,0.5057,0.2999,0.9914,0.8806
2015-04-07,Ashkelon_IL,CHL,my,0.4093,0.402,0.2373,0.4255,0.806
2015-04-10,Ashkelon_IL,CHL,my,1.44,1.44,0.6249,1.909,0.9104
2015-04-18,Ashkelon_IL,CHL,my,1.166,1.058,0.6869,1.345,0.9104
2015-04-19,Ashkelon_IL,CHL,my,1.1,1.037,0.5878,1.242,0.8806
2015-04-25,Ashkelon_IL,CHL,my,4.458,5.297,2.25,5.651,0.806
2015-04-26,Ashkelon_IL,CHL,my,1.602,1.648,1.224,1.797,0.8806
2015-04-29,Ashkelon_IL,CHL,my,1.021,1.021,0.8383,1.151,0.9104
2015-05-01,Ashkelon_IL,CHL,my,,0.9785,0.7032,1.026,0.7363
2015-05-02,Ashkelon_IL,CHL,my,0.8526,0.8526,0.5565,0.8746,0.6119
2015-05-04,Ashkelon_IL,CHL,my,0.5894,0.5737,0.5131,0.886,0.9104
2015-05-05,Ashkelon_IL,CHL,my,0.4699,0.5136,0.486,0.5925,0.8806
2015-05-06,Ashkelon_IL,CHL,my,0.6501,0.338,0.321,0.6501,0.7164
2015-05-07,Ashkelon_IL,CHL,my,0.5848,,,,0.1393
2015-05-08,Ashkelon_IL,CHL,my,0.3155,0.2624,0.1799,0.4926,0.8806
2015-05-10,Ashkelon_IL,CHL,my,0.2628,0.07494,0.07449,0.2628,0.6318
2015-05-12,Ashkelon_IL,CHL,my,,0.1073,0.09615,0.2431,0.6667
2015-05-14,Ashkelon_IL,CHL,my,0.1736,,,,0.1791
2015-05-17,Ashkelon_IL,CHL,my,0.1946,0.1668,0.108,0.1946,0.806
2015-05-20,Ashkelon_IL,CHL,my,0.07635,0.07333,0.05981,0.0766,0.9104
2015-05-21,Ashkelon_IL,CHL,my,0.1028,,,,0.4925
2015-05-29,Ashkelon_IL,CHL,my,0.1423,,,,0.2886
2015-05-30,Ashkelon_IL,CHL,my,0.504,0.2894,0.1645,0.7227,0.9104
2015-06-02,Ashkelon_IL,CHL,my,0.3371,0.1673,0.112,0.3371,0.806
2015-06-04,Ashkelon_IL,CHL,my,0.5003,0.4731,0.2308,0.5317,0.8806
2015-06-05,Ashkelon_IL,CHL,my,0.6465,0.6127,0.2977,0.71,0.9502
2015-06-10,Ashkelon_IL,CHL,my,0.1364,0.1364,0.1164,0.1991,0.9104
2015-06-11,Ashkelon_IL,CHL,my,0.1251,0.1188,0.1046,0.1251,0.806
2015-06-12,Ashkelon_IL,CHL,my,1.581,0.1977,0.2911,1.581,0.806
2015-06-13,Ashkelon_IL,CHL,my,0.09933,0.101,0.09568,0.1407,0.8806
2015-06-14,Ashkelon_IL,CHL,my,,0.08283,0.07572,0.08297,0.592
2015-06-15,Ashkelon_IL,CHL,my,0.0945,0.08985,0.1167,0.6067,0.8806
2015-06-18,Ashkelon_IL,CHL,my,0.1489,0.1539,0.1075,0.1896,0.8806
2015-06-20,Ashkelon_IL,CHL,my,0.3727,0.3727,0.1953,0.4631,0.592
2015-06-21,Ashkelon_IL,CHL,my,0.6709,,,,0.4527
2015-06-22,Ashkelon_IL,CHL,my,0.9643,0.7004,0.3101,1.174,0.9104
2015-06-23,Ashkelon_IL,CHL,my,0.8409,,,,0.4378
2015-06-29,Ashkelon_IL,CHL,my,1.942,1.919,0.9902,2.094,0.8806
2015-06-30,Ashkelon_IL,CHL,my,,1.56,0.844,2.142,0.8408
2015-07-01,Ashkelon_IL,CHL,my,1.254,1.228,0.5187,1.422,0.9104
2015-07-04,Ashkelon_IL,CHL,my,0.9406,0.9015,0.5451,1.451,0.8806
2015-07-05,Ashkelon_IL,CHL,my,1.366,0.4723,0.5685,1.366,0.5323
2015-07-06,Ashkelon_IL,CHL,my,1.153,1.018,0.515,1.322,0.8806
2015-07-07,Ashkelon_IL,CHL,my,1.147,1.147,0.5421,1.566,0.9502
2015-07-08,Ashkelon_IL,CHL,my,1.098,0.7477,0.3156,1.359,0.8806
2015-07-09,Ashkelon_IL,CHL,my,0.8204,0.1891,0.2289,1.347,0.8458
2015-07-10,Ashkelon_IL,CHL,my,,0.3182,0.2105,1.287,0.6915
2015-07-11,Ashkelon_IL,CHL,my,,0.07628,0.07027,0.3102,0.7363
2015-07-12,Ashkelon_IL,CHL,my,0.2033,0.2033,0.1398,0.7029,0.9502
2015-07-13,Ashkelon_IL,CHL,my,0.2914,0.08254,0.07958,0.2914,0.806
2015-07-14,Ashkelon_IL,CHL,my,,0.05364,0.06427,0.1858,0.7363
2015-07-15,Ashkelon_IL,CHL,my,0.682,0.7474,0.3916,0.931,0.8806
2015-07-16,Ashkelon_IL,CHL,my,,0.6104,0.3456,1.077,0.7015
2015-07-17,Ashkelon_IL,CHL,my,0.2889,0.3139,0.1944,0.7886,0.9104
2015-07-20,Ashkelon_IL,CHL,my,1.491,1.415,1.012,1.491,0.8806
2015-07-21,Ashkelon_IL,CHL,my,,1.212,0.7294,1.292,0.6667
2015-07-22,Ashkelon_IL,CHL,my,0.5082,0.7964,0.5672,0.9034,0.8806
2015-07-23,Ashkelon_IL,CHL,my,0.1939,0.37,0.3085,0.587,0.9502
2015-07-24,Ashkelon_IL,CHL,my,0.1571,0.2738,0.2142,0.3307,0.8806
2015-07-25,Ashkelon_IL,CHL,my,0.1562,0.1656,0.1517,0.1701,0.7164
2015-07-28,Ashkelon_IL,CHL,my,0.1184,0.1141,0.09953,0.192,0.9104
2015-07-29,Ashkelon_IL,CHL,my,0.1648,0.09599,0.08952,0.1648,0.806
2015-07-30,Ashkelon_IL,CHL,my,0.1107,0.1039,0.09526,0.1107,0.806
2015-07-31,Ashkelon_IL,CHL,my,0.1205,0.2176,0.1698,0.313,0.8806
2015-08-06,Ashkelon_IL,CHL,my,,0.0772,0.0558,0.1176,0.597
2015-08-07,Ashkelon_IL,CHL,my,0.1615,0.09509,0.08672,0.1615,0.806
2015-08-08,Ashkelon_IL,CHL,my,0.08685,0.08691,0.07781,0.2011,0.9104
2015-08-09,Ashkelon_IL,CHL,my,0.07097,0.102,0.08983,0.1186,0.9104
2015-08-10,Ashkelon_IL,CHL,my,0.1063,0.1369,0.1279,0.1387,0.7413
2015-08-12,Ashkelon_IL,CHL,my,0.06163,0.07804,0.101,0.8297,1
2015-08-13,Ashkelon_IL,CHL,my,0.07578,0.1137,0.08656,0.1235,0.9502
2015-08-14,Ashkelon_IL,CHL,my,0.05021,0.05804,0.0522,0.07063,0.806
2015-08-15,Ashkelon_IL,CHL,my,,0.0873,0.07746,0.09435,0.7363
2015-08-16,Ashkelon_IL,CHL,my,0.08529,0.1022,0.0905,0.1119,0.8806
2015-08-18,Ashkelon_IL,CHL,my,0.07316,0.07087,0.0637,0.075,0.806
2015-08-21,Ashkelon_IL,CHL,my,0.06758,0.089,0.07182,0.1005,0.806
2015-08-22,Ashkelon_IL,CHL,my,0.2052,0.1663,0.133,0.2052,0.806
2015-08-23,Ashkelon_IL,CHL,my,0.1723,0.1879,0.1634,0.2653,0.7861
2015-08-24,Ashkelon_IL,CHL,my,0.9315,0.9315,0.5186,2.237,0.7761
2015-08-26,Ashkelon_IL,CHL,my,,0.8077,0.46,0.9906,0.5572
2015-08-27,Ashkelon_IL,CHL,my,1.176,1.027,0.6593,1.176,0.6716
2015-08-28,Ashkelon_IL,CHL,my,0.7109,1.18,0.643,1.351,0.8806
2015-08-29,Ashkelon_IL,CHL,my,0.3513,0.3262,0.2253,0.4671,0.9104
2015-08-30,Ashkelon_IL,CHL,my,0.2023,,,,0.4279
2015-08-31,Ashkelon_IL,CHL,my,0.237,0.2394,0.148,0.2631,0.8806
2015-09-01,Ashkelon_IL,CHL,my,0.1038,0.1128,0.08732,0.237,0.8806
2015-09-02,Ashkelon_IL,CHL,my,,0.0986,0.076,0.1077,0.7363
2015-09-03,Ashkelon_IL,CHL,my,0.3909,0.3759,0.19,0.5822,0.9104
2015-09-06,Ashkelon_IL,CHL,my,0.09171,0.06471,0.05622,0.09171,0.806
2015-09-17,Ashkelon_IL,CHL,my,0.1145,0.1204,0.0886,0.1504,0.8806
2015-09-18,Ashkelon_IL,CHL,my,0.07882,,,,0.4527
2015-09-19,Ashkelon_IL,CHL,my,0.09512,0.08383,0.07837,0.1487,0.9104
2015-09-20,Ashkelon_IL,CHL,my,0.1321,0.1159,0.09141,0.1953,0.9104
2015-09-22,Ashkelon_IL,CHL,my,0.06152,0.06152,0.05696,0.06629,0.806
2015-09-24,Ashkelon_IL,CHL,my,0.07952,0.07952,0.07671,0.1316,0.8806
2015-09-25,Ashkelon_IL,CHL,my,0.1004,0.09553,0.08568,0.1747,0.9104
2015-09-26,Ashkelon_IL,CHL,my,0.04797,0.0553,0.05088,0.1053,0.9104
2015-09-27,Ashkelon_IL,CHL,my,0.07787,0.05588,0.04866,0.07787,0.8806
2015-09-28,Ashkelon_IL,CHL,my,0.03476,0.04095,0.03893,0.1023,0.9104
2015-09-30,Ashkelon_IL,CHL,my,0.04567,0.04921,0.04591,0.0702,0.9104
2015-10-01,Ashkelon_IL,CHL,my,0.0547,,,,0.2189
2015-10-03,Ashkelon_IL,CHL,my,0.07001,0.06731,0.0517,0.07934,0.8806
2015-10-11,Ashkelon_IL,CHL,my,0.3513,0.3398,0.2323,0.4923,0.9104
2015-10-14,Ashkelon_IL,CHL,my,0.7787,0.7551,0.3415,0.8871,0.8806
2015-10-15,Ashkelon_IL,CHL,my,0.9517,0.4862,0.2802,0.9517,0.806
2015-10-16,Ashkelon_IL,CHL,my,0.797,0.797,0.3695,0.8874,0.9104
2015-10-17,Ashkelon_IL,CHL,my,0.8641,0.6266,0.3112,0.8641,0.8806
2015-10-21,Ashkelon_IL,CHL,my,0.5748,0.4634,0.2441,0.7489,0.9104
2015-10-22,Ashkelon_IL,CHL,my,0.7575,0.775,0.5627,0.8603,0.597
2015-10-31,Ashkelon_IL,CHL,my,0.2039,0.2164,0.1463,0.2766,0.8806
2015-11-01,Ashkelon_IL,CHL,my,0.3677,0.5337,0.4763,0.5757,0.9104
2015-11-07,Ashkelon_IL,CHL,my,1.008,1.008,0.5076,1.326,0.9104
2015-11-11,Ashkelon_IL,CHL,my,0.3874,0.3874,0.2228,0.5902,0.806
2015-11-12,Ashkelon_IL,CHL,my,0.9572,0.7858,0.4752,1.004,0.9502
2015-11-13,Ashkelon_IL,CHL,my,0.7324,0.5118,0.2659,0.7324,0.9502
2015-11-14,Ashkelon_IL,CHL,my,0.2142,0.2079,0.1984,0.5252,0.8408
2015-11-18,Ashkelon_IL,CHL,my,,0.2654,0.2354,0.2978,0.5224
2015-11-19,Ashkelon_IL,CHL,my,0.7495,,,,0.4577
2015-11-20,Ashkelon_IL,CHL,my,0.7479,0.7479,0.3991,0.9794,0.8806
2015-11-22,Ashkelon_IL,CHL,my,0.5952,0.6686,0.4976,0.8009,0.8806
2015-11-23,Ashkelon_IL,CHL,my,0.6082,0.6729,0.5603,0.7718,0.9502
2015-11-24,Ashkelon_IL,CHL,my,0.565,0.565,0.4603,0.7688,0.9104
2015-11-29,Ashkelon_IL,CHL,my,0.1607,0.2044,0.2006,0.8368,0.9502
2015-12-04,Ashkelon_IL,CHL,my,0.6905,0.6905,0.565,0.9855,0.9104
2015-12-05,Ashkelon_IL,CHL,my,0.6795,0.6795,0.5213,1.131,0.9104
2015-12-06,Ashkelon_IL,CHL,my,0.3256,0.2976,0.2743,0.3951,0.8806
2015-12-07,Ashkelon_IL,CHL,my,0.5211,0.3031,0.3029,0.5211,0.806
2015-12-08,Ashkelon_IL,CHL,my,0.4855,0.4377,0.3189,0.6283,0.9502
2015-12-09,Ashkelon_IL,CHL,my,0.4397,0.3486,0.2795,0.4397,0.9104
2015-12-10,Ashkelon_IL,CHL,my,0.3223,0.3457,0.2996,0.3925,0.9104
2015-12-15,Ashkelon_IL,CHL,my,0.1771,0.1528,0.1353,0.4138,0.9104
2015-12-20,Ashkelon_IL,CHL,my,0.1667,0.1667,0.1447,0.7418,1
2015-12-21,Ashkelon_IL,CHL,my,0.1904,0.1928,0.1424,0.213,0.8806
2015-12-22,Ashkelon_IL,CHL,my,0.2815,0.2667,0.1668,0.3047,0.806
2015-12-23,Ashkelon_IL,CHL,my,0.2778,0.3228,0.2494,0.4916,0.7065
2015-12-24,Ashkelon_IL,CHL,my,0.3104,0.3118,0.2508,0.6857,0.9303
2015-12-25,Ashkelon_IL,CHL,my,0.2606,0.2854,0.2251,0.3263,0.9502
2015-12-26,Ashkelon_IL,CHL,my,0.1531,0.2417,0.188,0.263,0.9502
2015-12-27,Ashkelon_IL,CHL,my,0.1173,0.1543,0.1266,0.1662,0.7313
2015-12-28,Ashkelon_IL,CHL,my,0.2334,0.2453,0.2212,0.2971,0.8806
2015-12-29,Ashkelon_IL,CHL,my,0.1802,0.2103,0.2134,0.6454,1
2015-01-02,Bardawil_off,CHL,my,5.486,5.275,3.784,5.767,1
2015-01-04,Bardawil_off,CHL,my,5.963,5.038,3.87,6.191,1
2015-01-12,Bardawil_off,CHL,my,,6.027,3.214,6.431,0.9176
2015-01-13,Bardawil_off,CHL,my,4.371,3.986,3.251,4.371,0.6648
2015-01-15,Bardawil_off,CHL,my,6.167,6.097,4.337,7.166,0.8132
2015-01-17,Bardawil_off,CHL,my,5.794,5.237,3.716,6.144,0.7527
2015-01-18,Bardawil_off,CHL,my,1.982,2.016,1.844,2.07,1
2015-01-19,Bardawil_off,CHL,my,1.821,,,,0.2527
2015-01-20,Bardawil_off,CHL,my,2.259,2.137,1.655,2.259,1
2015-01-21,Bardawil_off,CHL,my,1.884,2.009,1.637,2.07,0.8132
2015-01-22,Bardawil_off,CHL,my,2.64,2.282,1.462,3.011,1
2015-01-28,Bardawil_off,CHL,my,2.066,1.433,1.344,4.348,1
2015-01-29,Bardawil_off,CHL,my,1.529,1.321,1.066,1.529,1
2015-01-31,Bardawil_off,CHL,my,3.786,4.186,3.127,4.521,1
2015-02-01,Bardawil_off,CHL,my,2.051,2.158,1.395,2.218,1
2015-02-02,Bardawil_off,CHL,my,1.772,1.777,1.192,1.875,1
2015-02-05,Bardawil_off,CHL,my,1.815,1.407,1.017,1.914,1
2015-02-08,Bardawil_off,CHL,my,1.972,1.522,1.121,2.041,1
2015-02-16,Bardawil_off,CHL,my,3.47,,,,0.4286
2015-02-18,Bardawil_off,CHL,my,2.925,,,,0.1868
2015-02-26,Bardawil_off,CHL,my,4.916,,,,0.1923
2015-03-01,Bardawil_off,CHL,my,2.174,2.022,1.589,2.326,1
2015-03-02,Bardawil_off,CHL,my,1.859,,,,0.3736
2015-03-03,Bardawil_off,CHL,my,1.703,1.563,1.331,2.171,0.8187
2015-03-04,Bardawil_off,CHL,my,2.2,3.121,2.177,3.182,0.7363
2015-03-05,Bardawil_off,CHL,my,2.197,2.113,1.827,2.256,1
2015-03-06,Bardawil_off,CHL,my,3.206,3.156,2.419,3.451,1
2015-03-07,Bardawil_off,CHL,my,2.088,2.019,1.852,2.377,1
2015-03-08,Bardawil_off,CHL,my,1.983,1.983,1.767,2.342,1
2015-03-12,Bardawil_off,CHL,my,4.308,4.002,2.925,4.308,1
2015-03-13,Bardawil_off,CHL,my,2.246,1.951,1.728,2.247,1
2015-03-14,Bardawil_off,CHL,my,2.084,1.841,1.692,2.194,1
2015-03-15,Bardawil_off,CHL,my,,1.719,1.282,1.842,0.6209
2015-03-16,Bardawil_off,CHL,my,3.161,2.911,1.744,3.239,1
2015-03-17,Bardawil_off,CHL,my,3.749,3.806,2.614,4.047,1
2015-03-19,Bardawil_off,CHL,my,,1.888,1.535,2.156,0.6868
2015-03-20,Bardawil_off,CHL,my,4.26,,,,0.3736
2015-03-23,Bardawil_off,CHL,my,5.221,,,,0.3132
2015-03-30,Bardawil_off,CHL,my,1.973,1.641,1.423,1.973,0.9341
2015-03-31,Bardawil_off,CHL,my,1.774,1.596,1.308,1.966,1
2015-04-01,Bardawil_off,CHL,my,5.874,5.349,4.157,5.874,1
2015-04-03,Bardawil_off,CHL,my,1.967,1.967,1.712,2.105,1
2015-04-04,Bardawil_off,CHL,my,1.884,1.66,1.379,1.884,0.8681
2015-04-05,Bardawil_off,CHL,my,2.148,2.148,1.551,2.546,0.8132
2015-04-06,Bardawil_off,CHL,my,1.912,1.686,1.221,1.94,1
2015-04-07,Bardawil_off,CHL,my,1.78,1.684,1.251,1.78,0.9341
2015-04-18,Bardawil_off,CHL,my,2.22,2.22,1.836,2.317,1
2015-04-19,Bardawil_off,CHL,my,2.174,2.175,1.871,2.262,0.9341
2015-04-24,Bardawil_off,CHL,my,6.236,6.178,5.075,6.349,1
2015-04-25,Bardawil_off,CHL,my,4.681,4.435,3.809,4.685,1
2015-04-26,Bardawil_off,CHL,my,2.486,3.422,2.849,3.99,1
2015-04-28,Bardawil_off,CHL,my,1.87,1.921,1.86,1.977,1
2015-05-01,Bardawil_off,CHL,my,1.805,1.703,1.441,2.048,1
2015-05-02,Bardawil_off,CHL,my,1.687,1.551,1.345,1.786,1
2015-05-03,Bardawil_off,CHL,my,1.418,1.551,1.32,1.617,1
2015-05-04,Bardawil_off,CHL,my,1.26,1.26,0.976,1.357,0.956
2015-05-05,Bardawil_off,CHL,my,1.316,1.213,1.014,1.451,1
2015-05-06,Bardawil_off,CHL,my,1.234,1.292,0.9914,1.428,0.8736
2015-05-07,Bardawil_off,CHL,my,1.247,1.183,0.9239,1.395,0.8736
2015-05-08,Bardawil_off,CHL,my,1.351,1.083,0.8139,1.425,1
2015-05-09,Bardawil_off,CHL,my,,1.099,0.6616,1.207,0.6978
2015-05-10,Bardawil_off,CHL,my,2.136,2.122,1.515,2.197,1
2015-05-12,Bardawil_off,CHL,my,1.938,1.705,1.265,1.965,1
2015-05-15,Bardawil_off,CHL,my,,1.762,1.146,2.262,0.8516
2015-05-17,Bardawil_off,CHL,my,2.046,1.941,1.248,2.056,1
2015-05-19,Bardawil_off,CHL,my,,1.311,0.8311,1.733,0.8077
2015-05-20,Bardawil_off,CHL,my,,1.455,0.9097,2.11,0.8736
2015-05-30,Bardawil_off,CHL,my,3.944,3.141,1.989,3.944,1
2015-05-31,Bardawil_off,CHL,my,2.482,2.162,1.542,2.482,0.9341
2015-06-02,Bardawil_off,CHL,my,,2.144,1.496,2.161,0.8077
2015-06-04,Bardawil_off,CHL,my,1.873,1.72,1.093,1.921,1
2015-06-09,Bardawil_off,CHL,my,2.233,1.982,1.535,2.374,1
2015-06-10,Bardawil_off,CHL,my,1.838,1.789,1.042,1.876,1
2015-06-11,Bardawil_off,CHL,my,1.85,1.725,1.031,1.902,1
2015-06-12,Bardawil_off,CHL,my,1.801,1.7,1.07,1.801,1
2015-06-15,Bardawil_off,CHL,my,2.141,2.171,1.501,2.268,1
2015-06-16,Bardawil_off,CHL,my,3.924,2.611,1.756,3.924,0.9341
2015-06-18,Bardawil_off,CHL,my,2.368,2.171,1.692,2.735,1
2015-06-19,Bardawil_off,CHL,my,1.857,1.624,1.218,1.867,0.978
2015-06-20,Bardawil_off,CHL,my,2.156,1.928,1.448,2.213,1
2015-06-21,Bardawil_off,CHL,my,1.944,1.944,1.547,2.078,0.978
2015-06-23,Bardawil_off,CHL,my,1.579,1.555,1.265,1.977,0.9341
2015-06-25,Bardawil_off,CHL,my,2.075,4.131,2.461,5.241,1
2015-06-26,Bardawil_off,CHL,my,3.976,4.554,3.273,5.003,1
2015-06-27,Bardawil_off,CHL,my,2.519,2.499,2.34,2.55,1
2015-06-28,Bardawil_off,CHL,my,1.903,3.371,2.439,3.65,0.956
2015-06-29,Bardawil_off,CHL,my,1.971,1.95,1.76,2.05,1
2015-06-30,Bardawil_off,CHL,my,2.455,2.19,1.575,2.455,0.9396
2015-07-04,Bardawil_off,CHL,my,2.069,2.047,1.642,2.095,1
2015-07-05,Bardawil_off,CHL,my,2.02,1.855,1.673,2.092,1
2015-07-06,Bardawil_off,CHL,my,2.008,2.046,1.608,2.23,1
2015-07-09,Bardawil_off,CHL,my,2.157,2.147,1.815,2.197,0.8736
2015-07-10,Bardawil_off,CHL,my,2.32,2.118,1.672,2.383,0.8132
2015-07-11,Bardawil_off,CHL,my,1.956,1.929,1.508,1.998,1
2015-07-12,Bardawil_off,CHL,my,1.503,1.502,1.305,1.772,1
2015-07-13,Bardawil_off,CHL,my,2.026,,,,0.2527
2015-07-14,Bardawil_off,CHL,my,1.984,2.019,1.678,2.798,0.9396
2015-07-15,Bardawil_off,CHL,my,2.078,2.078,1.541,2.137,1
2015-07-16,Bardawil_off,CHL,my,1.866,1.52,1.28,2.404,0.8077
2015-07-17,Bardawil_off,CHL,my,1.488,1.486,1.044,1.751,1
2015-07-18,Bardawil_off,CHL,my,2.086,1.627,1.228,2.086,0.8736
2015-07-20,Bardawil_off,CHL,my,1.978,1.696,1.403,2.28,1
2015-07-21,Bardawil_off,CHL,my,2.015,1.543,1.264,2.265,1
2015-07-22,Bardawil_off,CHL,my,2.05,1.642,1.225,2.066,1
2015-07-23,Bardawil_off,CHL,my,1.681,1.528,1.178,1.681,1
2015-07-25,Bardawil_off,CHL,my,1.592,1.46,1.137,1.675,0.9396
2015-07-26,Bardawil_off,CHL,my,1.743,1.379,1.044,1.916,1
2015-07-27,Bardawil_off,CHL,my,1.6,1.4,1.078,1.614,1
2015-07-28,Bardawil_off,CHL,my,1.6,1.415,1.031,1.6,1
2015-07-29,Bardawil_off,CHL,my,1.654,1.403,1.127,1.941,1
2015-07-30,Bardawil_off,CHL,my,1.301,1.289,0.9283,1.732,1
2015-07-31,Bardawil_off,CHL,my,1.477,1.467,0.8628,1.512,1
2015-08-01,Bardawil_off,CHL,my,1.86,1.464,1.099,1.86,0.9341
2015-08-05,Bardawil_off,CHL,my,1.858,1.499,1.24,1.858,0.9341
2015-08-06,Bardawil_off,CHL,my,1.867,1.742,1.249,1.9,0.978
2015-08-07,Bardawil_off,CHL,my,2.084,2.084,1.588,2.154,1
2015-08-12,Bardawil_off,CHL,my,1.948,1.946,1.32,2.014,1
2015-08-13,Bardawil_off,CHL,my,1.825,1.791,1.278,1.938,1
2015-08-14,Bardawil_off,CHL,my,1.683,1.733,1.036,1.982,1
2015-08-15,Bardawil_off,CHL,my,1.796,1.493,0.9564,1.916,1
2015-08-16,Bardawil_off,CHL,my,1.836,1.795,1.054,1.888,1
2015-08-19,Bardawil_off,CHL,my,1.363,1.179,0.7744,1.368,0.978
2015-08-21,Bardawil_off,CHL,my,1.715,1.199,0.8993,1.715,1
2015-08-23,Bardawil_off,CHL,my,1.78,,,,0.1264
2015-08-25,Bardawil_off,CHL,my,3.628,3.451,2.044,3.628,0.5495
2015-08-27,Bardawil_off,CHL,my,3.014,2.76,1.925,3.133,0.9176
2015-08-28,Bardawil_off,CHL,my,2.712,2.383,1.861,2.919,1
2015-08-29,Bardawil_off,CHL,my,2.286,1.738,1.461,2.457,1
2015-08-30,Bardawil_off,CHL,my,2.369,1.709,1.44,2.585,1
2015-08-31,Bardawil_off,CHL,my,2.549,1.592,1.429,2.549,1
2015-09-01,Bardawil_off,CHL,my,2.425,1.911,1.42,2.493,1
2015-09-02,Bardawil_off,CHL,my,2.144,1.993,1.255,2.267,0.5659
2015-09-03,Bardawil_off,CHL,my,1.975,1.741,1.339,2.392,1
2015-09-04,Bardawil_off,CHL,my,1.793,1.561,1.295,2.239,1
2015-09-06,Bardawil_off,CHL,my,1.899,1.555,1.13,2.295,1
2015-09-16,Bardawil_off,CHL,my,1.498,1.498,1.108,1.589,1
2015-09-17,Bardawil_off,CHL,my,1.447,1.339,1.03,1.502,1
2015-09-18,Bardawil_off,CHL,my,1.359,1.368,1.046,1.604,0.9396
2015-09-19,Bardawil_off,CHL,my,1.374,1.369,1.022,1.523,1
2015-09-20,Bardawil_off,CHL,my,1.735,1.66,1.313,1.851,1
2015-09-21,Bardawil_off,CHL,my,1.232,1.151,0.8775,1.374,1
2015-09-22,Bardawil_off,CHL,my,1.383,1.262,0.9312,1.518,1
2015-09-24,Bardawil_off,CHL,my,1.489,1.39,0.9725,1.579,1
2015-09-25,Bardawil_off,CHL,my,2.559,1.266,1.204,2.559,1
2015-09-26,Bardawil_off,CHL,my,1.462,1.462,1.114,1.631,1
2015-09-27,Bardawil_off,CHL,my,1.517,1.429,0.8879,1.517,0.8187
2015-09-29,Bardawil_off,CHL,my,1.149,1.108,0.7947,1.419,1
2015-09-30,Bardawil_off,CHL,my,1.433,1.114,0.8758,1.59,1
2015-10-01,Bardawil_off,CHL,my,1.246,1.069,0.8475,1.346,1
2015-10-03,Bardawil_off,CHL,my,1.533,1.395,1.03,1.533,1
2015-10-05,Bardawil_off,CHL,my,1.315,1.311,1.038,1.367,1
2015-10-06,Bardawil_off,CHL,my,1.688,1.591,1.295,1.874,0.6868
2015-10-08,Bardawil_off,CHL,my,2.156,2.093,1.778,3.055,1
2015-10-10,Bardawil_off,CHL,my,1.425,1.386,1.177,1.716,0.6264
2015-10-14,Bardawil_off,CHL,my,1.873,1.232,1.129,2.325,1
2015-10-17,Bardawil_off,CHL,my,1.192,,,,0.489
2015-10-21,Bardawil_off,CHL,my,1.19,0.9911,0.872,1.296,1
2015-10-22,Bardawil_off,CHL,my,1.082,0.8419,0.7448,1.318,1
2015-10-29,Bardawil_off,CHL,my,,1.826,1.699,1.958,0.5659
2015-10-30,Bardawil_off,CHL,my,1.992,1.811,1.541,2.173,0.8791
2015-10-31,Bardawil_off,CHL,my,1.686,1.724,1.349,2.267,1
2015-11-01,Bardawil_off,CHL,my,1.995,2.004,1.656,2.27,0.6703
2015-11-02,Bardawil_off,CHL,my,4.707,4.707,3.255,5.473,1
2015-11-11,Bardawil_off,CHL,my,2.578,2.299,1.652,2.77,1
2015-11-12,Bardawil_off,CHL,my,2.859,2.385,1.834,3.044,1
2015-11-13,Bardawil_off,CHL,my,2.539,1.944,1.223,2.979,1
2015-11-14,Bardawil_off,CHL,my,2.364,1.747,1.26,2.562,0.8791
2015-11-20,Bardawil_off,CHL,my,3.89,,,,0.1264
2015-11-22,Bardawil_off,CHL,my,8.673,3.846,2.57,9.465,1
2015-11-24,Bardawil_off,CHL,my,1.917,1.509,1.198,2.272,1
2015-11-27,Bardawil_off,CHL,my,1.08,1.08,0.9885,1.266,0.5659
2015-11-29,Bardawil_off,CHL,my,1.12,1.052,0.963,1.422,1
2015-12-03,Bardawil_off,CHL,my,3.745,3.438,2.12,3.745,0.5879
2015-12-06,Bardawil_off,CHL,my,6.578,6.446,5.224,6.673,0.5
2015-12-07,Bardawil_off,CHL,my,3.989,,,,0.3791
2015-12-08,Bardawil_off,CHL,my,2.585,2.246,1.559,2.685,1
2015-12-09,Bardawil_off,CHL,my,2.552,2.295,1.298,2.641,1
2015-12-10,Bardawil_off,CHL,my,1.72,,,,0.2527
2015-12-15,Bardawil_off,CHL,my,3.631,2.306,1.53,3.924,1
2015-12-17,Bardawil_off,CHL,my,2.075,1.955,1.613,2.176,0.7473
2015-12-18,Bardawil_off,CHL,my,1.842,1.838,1.332,2.123,0.9396
2015-12-19,Bardawil_off,CHL,my,1.371,,,,0.3736
2015-12-20,Bardawil_off,CHL,my,1.432,1.458,1.025,2.528,1
2015-12-21,Bardawil_off,CHL,my,,2.07,1.495,2.587,0.5165
2015-12-22,Bardawil_off,CHL,my,2.594,2.273,1.423,2.818,1
2015-12-23,Bardawil_off,CHL,my,1.96,1.616,1.227,2.508,0.8901
2015-12-25,Bardawil_off,CHL,my,2.748,2.424,1.501,2.748,1
2015-12-26,Bardawil_off,CHL,my,2.219,2.183,1.338,2.282,1
2015-12-27,Bardawil_off,CHL,my,2.936,1.992,1.092,3.386,1
2015-12-29,Bardawil_off,CHL,my,,1.038,0.7018,1.098,0.511
2015-12-30,Bardawil_off,CHL,my,,2.105,1.725,3.679,0.6868
2015-01-02,Damietta_mouth,CHL,my,3.972,3.972,3.132,4.153,0.6758
2015-01-12,Damietta_mouth,CHL,my,3.714,3.388,2.52,4.076,1
2015-01-17,Damietta_mouth,CHL,my,4.093,4.135,2.936,4.524,0.8022
2015-01-18,Damietta_mouth,CHL,my,4.778,4.408,2.317,4.778,0.6923
2015-01-20,Damietta_mouth,CHL,my,2.196,1.937,1.187,2.288,0.989
2015-01-21,Damietta_mouth,CHL,my,4.304,3.098,2.281,4.682,0.9396
2015-01-23,Damietta_mouth,CHL,my,11.52,9.256,3.892,13.06,1
2015-01-28,Damietta_mouth,CHL,my,3.868,2.237,2.01,4.497,1
2015-01-29,Damietta_mouth,CHL,my,,1.455,1.273,1.861,0.7418
2015-01-30,Damietta_mouth,CHL,my,,4.299,2.353,4.357,0.5714
2015-01-31,Damietta_mouth,CHL,my,5.747,5.427,2.956,5.747,1
2015-02-01,Damietta_mouth,CHL,my,6.273,4.295,2.727,6.273,1
2015-02-02,Damietta_mouth,CHL,my,2.174,2.185,1.748,3.786,1
2015-02-04,Damietta_mouth,CHL,my,,1.038,0.7719,1.163,0.6923
2015-02-05,Damietta_mouth,CHL,my,5.287,4.5,2.506,5.287,1
2015-02-08,Damietta_mouth,CHL,my,3.841,,,,0.3791
2015-02-16,Damietta_mouth,CHL,my,3.016,,,,0.2473
2015-02-17,Damietta_mouth,CHL,my,,1.446,1.299,1.504,0.6923
2015-02-26,Damietta_mouth,CHL,my,2.36,3.625,2.817,3.978,0.9396
2015-02-28,Damietta_mouth,CHL,my,4.204,4.397,2.395,4.776,1
2015-03-01,Damietta_mouth,CHL,my,2.163,2.177,1.793,2.373,1
2015-03-02,Damietta_mouth,CHL,my,2.187,2.164,1.847,3.308,1
2015-03-03,Damietta_mouth,CHL,my,2.233,1.868,1.461,2.234,0.9396
2015-03-04,Damietta_mouth,CHL,my,1.981,,,,0.2473
2015-03-06,Damietta_mouth,CHL,my,3.196,2.913,1.796,3.352,1
2015-03-07,Damietta_mouth,CHL,my,2.212,1.998,1.444,2.212,1
2015-03-08,Damietta_mouth,CHL,my,,1.337,0.9778,1.495,0.7582
2015-03-12,Damietta_mouth,CHL,my,,1.224,0.7351,1.487,0.7527
2015-03-13,Damietta_mouth,CHL,my,2.062,1.912,1.47,2.28,1
2015-03-14,Damietta_mouth,CHL,my,3.44,3.44,1.921,3.742,1
2015-03-15,Damietta_mouth,CHL,my,1.943,2.03,1.32,2.318,1
2015-03-17,Damietta_mouth,CHL,my,2.512,2.272,1.828,2.693,1
2015-03-18,Damietta_mouth,CHL,my,2.969,2.116,1.709,3.41,1
2015-03-19,Damietta_mouth,CHL,my,,1.279,1.138,1.377,0.5055
2015-03-20,Damietta_mouth,CHL,my,2.899,2.305,2.517,11.14,0.7418
2015-03-22,Damietta_mouth,CHL,my,4.815,,,,0.3077
2015-03-30,Damietta_mouth,CHL,my,3.725,2.131,2.073,4.577,1
2015-04-01,Damietta_mouth,CHL,my,5.341,4.606,3.091,5.439,0.989
2015-04-03,Damietta_mouth,CHL,my,1.91,1.656,1.401,2.069,1
2015-04-05,Damietta_mouth,CHL,my,,1.968,1.703,6.279,0.8681
2015-04-06,Damietta_mouth,CHL,my,5.723,3.872,2.42,6.167,1
2015-04-07,Damietta_mouth,CHL,my,3.009,2.387,1.765,3.009,0.9396
2015-04-12,Damietta_mouth,CHL,my,5.469,,,,0.4286
2015-04-22,Damietta_mouth,CHL,my,2.147,1.721,1.019,2.261,1
2015-04-24,Damietta_mouth,CHL,my,4.874,4.477,3.896,4.874,1
2015-04-25,Damietta_mouth,CHL,my,2.42,3.056,2.388,3.489,0.9396
2015-04-28,Damietta_mouth,CHL,my,2.257,2.257,1.705,2.307,1
2015-04-30,Damietta_mouth,CHL,my,1.455,1.51,1.321,2.581,0.8736
2015-05-01,Damietta_mouth,CHL,my,,1.088,0.9417,1.172,0.5055
2015-05-02,Damietta_mouth,CHL,my,2.364,1.674,1.291,2.781,1
2015-05-03,Damietta_mouth,CHL,my,2.752,1.626,1.335,4.02,1
2015-05-06,Damietta_mouth,CHL,my,2.401,1.918,1.127,2.401,1
2015-05-07,Damietta_mouth,CHL,my,1.68,1.59,0.8905,2.629,0.8187
2015-05-08,Damietta_mouth,CHL,my,1.352,1.227,0.7127,2.387,1
2015-05-10,Damietta_mouth,CHL,my,2.345,1.404,1.395,8.087,1
2015-05-12,Damietta_mouth,CHL,my,,1.26,0.5742,1.519,0.5714
2015-05-14,Damietta_mouth,CHL,my,1.766,1.635,1.013,2.551,1
2015-05-16,Damietta_mouth,CHL,my,6.449,3.236,2.074,6.449,0.9396
2015-05-17,Damietta_mouth,CHL,my,2.182,1.821,1.292,4.054,1
2015-05-19,Damietta_mouth,CHL,my,1.557,1.434,0.5916,1.603,1
2015-05-29,Damietta_mouth,CHL,my,1.964,1.913,1.43,1.964,0.6209
2015-05-30,Damietta_mouth,CHL,my,1.831,1.51,0.8886,1.934,1
2015-05-31,Damietta_mouth,CHL,my,5.414,1.701,1.417,5.414,1
2015-06-01,Damietta_mouth,CHL,my,2.967,,,,0.3681
2015-06-02,Damietta_mouth,CHL,my,2.3,0.9611,0.6487,2.3,0.9396
2015-06-03,Damietta_mouth,CHL,my,3.816,1.353,1.048,4.541,1
2015-06-04,Damietta_mouth,CHL,my,1.707,1.432,0.7462,3.025,1
2015-06-09,Damietta_mouth,CHL,my,2.122,1.596,0.7978,2.646,1
2015-06-10,Damietta_mouth,CHL,my,1.585,1.465,1.031,7.013,1
2015-06-11,Damietta_mouth,CHL,my,2.293,1.375,1.022,6.453,1
2015-06-15,Damietta_mouth,CHL,my,3.149,1.328,0.8704,5.128,1
2015-06-16,Damietta_mouth,CHL,my,2.015,1.156,0.5892,2.015,0.9396
2015-06-18,Damietta_mouth,CHL,my,,0.8257,0.4473,1.093,0.7582
2015-06-19,Damietta_mouth,CHL,my,1.573,1.114,0.6251,2.145,1
2015-06-20,Damietta_mouth,CHL,my,1.551,0.6041,0.4336,1.706,0.6264
2015-06-23,Damietta_mouth,CHL,my,1.101,1.221,0.6859,1.684,0.7418
2015-06-24,Damietta_mouth,CHL,my,1.777,1.774,0.9668,1.986,0.7527
2015-06-25,Damietta_mouth,CHL,my,4.234,2.256,1.334,4.353,1
2015-06-28,Damietta_mouth,CHL,my,2.306,1.892,1.123,3.482,1
2015-06-29,Damietta_mouth,CHL,my,,0.5872,0.44,1.547,0.6923
2015-06-30,Damietta_mouth,CHL,my,1.493,1.461,1.089,2.831,0.6209
2015-07-01,Damietta_mouth,CHL,my,2.387,1.299,1.011,6.331,1
2015-07-02,Damietta_mouth,CHL,my,1.575,1.267,0.6841,2.206,1
2015-07-04,Damietta_mouth,CHL,my,2.261,1.596,0.8064,2.261,1
2015-07-05,Damietta_mouth,CHL,my,2.237,1.338,1.06,6.738,1
2015-07-06,Damietta_mouth,CHL,my,1.9,1.612,0.9868,3.958,1
2015-07-09,Damietta_mouth,CHL,my,6.693,1.787,1.483,6.911,1
2015-07-10,Damietta_mouth,CHL,my,1.883,1.805,1.15,3.131,0.7527
2015-07-11,Damietta_mouth,CHL,my,1.997,1.154,0.7577,2.289,1
2015-07-13,Damietta_mouth,CHL,my,1.776,1.639,1.219,1.776,0.7418
2015-07-14,Damietta_mouth,CHL,my,2.281,1.586,0.9831,2.281,0.9396
2015-07-16,Damietta_mouth,CHL,my,,1.671,1.227,2.745,0.8132
2015-07-17,Damietta_mouth,CHL,my,1.716,1.564,0.9454,2.425,1
2015-07-18,Damietta_mouth,CHL,my,1.901,1.697,1.014,1.963,0.9396
2015-07-19,Damietta_mouth,CHL,my,,1.839,1.094,2.413,0.8132
2015-07-20,Damietta_mouth,CHL,my,1.966,1.495,1.018,3.336,1
2015-07-21,Damietta_mouth,CHL,my,3.886,1.735,1.706,11.46,1
2015-07-22,Damietta_mouth,CHL,my,9.262,3.425,2.575,12.1,1
2015-07-25,Damietta_mouth,CHL,my,1.779,1.71,0.8564,1.807,0.9396
2015-07-26,Damietta_mouth,CHL,my,1.973,1.94,0.9049,2.04,0.8022
2015-07-27,Damietta_mouth,CHL,my,3.257,1.864,1.067,3.431,1
2015-07-28,Damietta_mouth,CHL,my,2.147,0.4687,0.3996,2.147,0.9396
2015-07-29,Damietta_mouth,CHL,my,4.155,1.202,1.068,7.808,1
2015-07-31,Damietta_mouth,CHL,my,1.403,,,,0.3681
2015-08-01,Damietta_mouth,CHL,my,1.773,1.773,0.8134,1.881,0.8626
2015-08-04,Damietta_mouth,CHL,my,1.632,1.268,0.8106,3.931,0.9341
2015-08-05,Damietta_mouth,CHL,my,,0.5752,0.4472,0.6891,0.6923
2015-08-06,Damietta_mouth,CHL,my,2.017,1.457,0.9791,2.795,1
2015-08-07,Damietta_mouth,CHL,my,,1.497,0.9433,1.634,0.7527
2015-08-12,Damietta_mouth,CHL,my,1.525,1.422,0.7457,1.575,1
2015-08-13,Damietta_mouth,CHL,my,1.391,0.9831,0.5886,2.611,1
2015-08-14,Damietta_mouth,CHL,my,2.18,1.356,0.8783,4.192,1
2015-08-15,Damietta_mouth,CHL,my,2.376,1.541,0.7576,2.973,1
2015-08-16,Damietta_mouth,CHL,my,2.497,2.07,1.434,2.497,1
2015-08-18,Damietta_mouth,CHL,my,1.546,1.377,0.7779,2.13,1
2015-08-19,Damietta_mouth,CHL,my,1.407,1.175,0.6965,1.472,0.9396
2015-08-21,Damietta_mouth,CHL,my,1.497,1.589,0.7288,2.082,1
2015-08-26,Damietta_mouth,CHL,my,2.085,1.596,1.269,2.085,0.9396
2015-08-27,Damietta_mouth,CHL,my,3.118,2.314,1.404,3.118,0.8132
2015-08-28,Damietta_mouth,CHL,my,2.491,1.599,1.157,2.645,1
2015-08-30,Damietta_mouth,CHL,my,3.179,1.618,1.395,6.78,1
2015-08-31,Damietta_mouth,CHL,my,1.764,1.47,1.202,2.672,1
2015-09-01,Damietta_mouth,CHL,my,2.638,1.404,1.396,5.074,1
2015-09-02,Damietta_mouth,CHL,my,2.643,1.31,1.22,3.012,0.9341
2015-09-03,Damietta_mouth,CHL,my,8.061,1.5,2.36,17.59,1
2015-09-04,Damietta_mouth,CHL,my,2.35,1.501,0.9501,2.35,0.8791
2015-09-05,Damietta_mouth,CHL,my,3.927,1.493,1.102,3.927,0.9396
2015-09-06,Damietta_mouth,CHL,my,3.976,1.936,1.56,6.709,1
2015-09-13,Damietta_mouth,CHL,my,10.07,2.405,2.65,14.91,0.9286
2015-09-18,Damietta_mouth,CHL,my,2.339,2.001,1.183,2.706,1
2015-09-19,Damietta_mouth,CHL,my,2.361,1.596,1.122,2.497,1
2015-09-21,Damietta_mouth,CHL,my,1.36,1.374,0.7655,1.476,1
2015-09-24,Damietta_mouth,CHL,my,4.752,2.52,1.584,4.752,1
2015-09-25,Damietta_mouth,CHL,my,3.339,1.941,1.635,8.177,1
2015-09-26,Damietta_mouth,CHL,my,3.375,3.375,2.136,4.914,1
2015-09-27,Damietta_mouth,CHL,my,4.093,2.781,2.07,4.093,0.8626
2015-09-28,Damietta_mouth,CHL,my,3.758,3.758,2.388,4.977,1
2015-09-29,Damietta_mouth,CHL,my,2.442,2.442,1.723,3.771,0.8626
2015-10-01,Damietta_mouth,CHL,my,2.318,2.077,1.434,2.318,0.7527
2015-10-02,Damietta_mouth,CHL,my,3.277,2.689,2.525,7.59,0.6758
2015-10-03,Damietta_mouth,CHL,my,2.4,2.442,1.79,3.113,0.989
2015-10-05,Damietta_mouth,CHL,my,2.067,2.047,2.148,9.483,0.7967
2015-10-06,Damietta_mouth,CHL,my,2.732,2.197,1.548,5.294,1
2015-10-07,Damietta_mouth,CHL,my,1.378,,,,0.3077
2015-10-08,Damietta_mouth,CHL,my,1.772,1.594,1.103,1.836,0.9396
2015-10-09,Damietta_mouth,CHL,my,1.894,,,,0.0604
2015-10-11,Damietta_mouth,CHL,my,2.174,1.854,1.217,2.454,0.8132
2015-10-15,Damietta_mouth,CHL,my,1.514,1.589,1.039,1.761,1
2015-10-17,Damietta_mouth,CHL,my,1.707,1.545,1.21,1.857,1
2015-10-20,Damietta_mouth,CHL,my,2.429,1.818,1.307,2.429,0.9396
2015-10-21,Damietta_mouth,CHL,my,1.915,1.837,1.094,1.944,1
2015-10-24,Damietta_mouth,CHL,my,5.418,4.192,2.501,5.418,0.9396
2015-10-27,Damietta_mouth,CHL,my,4.553,4.076,1.998,4.553,0.6923
2015-10-31,Damietta_mouth,CHL,my,2.277,,,,0.2473
2015-11-01,Damietta_mouth,CHL,my,1.792,1.696,1.221,2.046,0.7418
2015-11-12,Damietta_mouth,CHL,my,7.011,2.221,1.711,7.011,1
2015-11-13,Damietta_mouth,CHL,my,6.827,6.018,2.441,9.23,1
2015-11-17,Damietta_mouth,CHL,my,2.574,1.866,1.249,4.297,0.7473
2015-11-18,Damietta_mouth,CHL,my,,0.9503,0.621,1.075,0.6319
2015-11-22,Damietta_mouth,CHL,my,3.667,2.207,1.579,6.68,1
2015-11-23,Damietta_mouth,CHL,my,6.176,5.265,2.734,6.176,0.9396
2015-11-24,Damietta_mouth,CHL,my,4.889,3.746,2.17,5.732,1
2015-11-27,Damietta_mouth,CHL,my,2.914,2.51,1.153,2.914,0.8187
2015-11-29,Damietta_mouth,CHL,my,3.712,2.764,1.725,4.243,0.7527
2015-12-04,Damietta_mouth,CHL,my,,5.312,3.358,6.208,0.6978
2015-12-06,Damietta_mouth,CHL,my,,5.575,3.567,6.027,0.8791
2015-12-08,Damietta_mouth,CHL,my,7.322,2.783,3.138,15.6,0.7527
2015-12-09,Damietta_mouth,CHL,my,1.86,1.606,1.245,1.951,0.8736
2015-12-15,Damietta_mouth,CHL,my,3.273,1.562,1.15,4.591,1
2015-12-19,Damietta_mouth,CHL,my,2.057,1.059,0.8004,2.057,0.9396
2015-12-20,Damietta_mouth,CHL,my,2.202,2.021,1.5,3.85,0.8736
2015-12-24,Damietta_mouth,CHL,my,2.011,1.366,0.9112,2.1,1
2015-12-25,Damietta_mouth,CHL,my,5.329,1.92,1.869,6.141,1
2015-12-29,Damietta_mouth,CHL,my,,3.7,1.754,5.294,0.8791
2015-01-12,El_Arish_EG,CHL,my,1.712,1.712,1.257,3.286,1
2015-01-13,El_Arish_EG,CHL,my,,0.7453,0.694,1.253,0.6818
2015-01-17,El_Arish_EG,CHL,my,1.336,1.438,1.131,1.618,0.7626
2015-01-18,El_Arish_EG,CHL,my,1.024,1.024,0.9042,1.696,1
2015-01-20,El_Arish_EG,CHL,my,0.8213,0.8213,0.6099,1.162,1
2015-01-21,El_Arish_EG,CHL,my,0.8685,0.8685,0.4979,1.135,0.8182
2015-01-22,El_Arish_EG,CHL,my,0.6178,0.6178,0.4144,0.9362,1
2015-01-29,El_Arish_EG,CHL,my,1.08,0.8477,0.6814,1.33,1
2015-01-31,El_Arish_EG,CHL,my,1.467,1.27,0.7503,1.467,0.9394
2015-02-01,El_Arish_EG,CHL,my,0.9049,0.9049,0.6481,1.365,1
2015-02-02,El_Arish_EG,CHL,my,0.8261,0.8261,0.4751,1.407,1
2015-02-05,El_Arish_EG,CHL,my,0.3888,0.3888,0.3023,1.146,1
2015-02-08,El_Arish_EG,CHL,my,1.09,,,,0.3535
2015-02-12,El_Arish_EG,CHL,my,,1.674,1.531,2.048,0.5303
2015-02-14,El_Arish_EG,CHL,my,,0.7234,0.56,0.9437,0.5859
2015-02-17,El_Arish_EG,CHL,my,1.295,1.053,0.6812,1.481,0.8788
2015-02-26,El_Arish_EG,CHL,my,1.691,,,,0.2828
2015-03-01,El_Arish_EG,CHL,my,1.85,1.85,1.083,2.039,1
2015-03-02,El_Arish_EG,CHL,my,1.797,1.797,1.021,2.208,1
2015-03-03,El_Arish_EG,CHL,my,1.295,1.351,1.073,1.933,0.8838
2015-03-05,El_Arish_EG,CHL,my,1.984,1.958,0.9829,2.381,0.9394
2015-03-06,El_Arish_EG,CHL,my,1.831,1.76,1.071,2.173,0.9394
2015-03-08,El_Arish_EG,CHL,my,,0.9033,0.4891,1.128,0.5859
2015-03-12,El_Arish_EG,CHL,my,2.046,,,,0.2929
2015-03-13,El_Arish_EG,CHL,my,1.884,1.925,1.114,2.085,1
2015-03-14,El_Arish_EG,CHL,my,2.006,1.975,1.146,2.02,0.9394
2015-03-16,El_Arish_EG,CHL,my,2.084,1.963,1.16,2.084,0.9394
2015-03-17,El_Arish_EG,CHL,my,2.059,1.793,1.064,2.059,0.9394
2015-03-23,El_Arish_EG,CHL,my,5.97,,,,0.2929
2015-03-30,El_Arish_EG,CHL,my,1.016,0.8822,0.8118,1.038,0.8283
2015-03-31,El_Arish_EG,CHL,my,1.324,1.324,0.8663,1.508,0.9394
2015-04-03,El_Arish_EG,CHL,my,1.477,1.477,1.072,1.594,0.9394
2015-04-04,El_Arish_EG,CHL,my,,1.202,1.096,1.5,0.5808
2015-04-06,El_Arish_EG,CHL,my,1.536,1.626,1.362,2.009,1
2015-04-07,El_Arish_EG,CHL,my,1.125,1.125,0.8438,1.279,0.8788
2015-04-14,El_Arish_EG,CHL,my,2.034,2.034,1.648,2.073,0.8788
2015-04-18,El_Arish_EG,CHL,my,2.059,1.859,1.533,2.124,1
2015-04-19,El_Arish_EG,CHL,my,1.801,1.531,0.9493,1.801,0.8788
2015-04-24,El_Arish_EG,CHL,my,5.804,4.962,3.248,6.124,0.9394
2015-04-25,El_Arish_EG,CHL,my,3.249,3.414,2.234,3.966,0.9394
2015-04-26,El_Arish_EG,CHL,my,2.057,2.064,1.55,2.393,0.9394
2015-04-28,El_Arish_EG,CHL,my,1.483,1.537,1.322,1.721,1
2015-05-01,El_Arish_EG,CHL,my,1.827,1.131,0.7293,1.827,0.8283
2015-05-02,El_Arish_EG,CHL,my,1.631,1.538,0.8261,1.893,0.9394
2015-05-03,El_Arish_EG,CHL,my,1.459,1.53,0.8357,1.725,1
2015-05-04,El_Arish_EG,CHL,my,1.369,1.381,0.8074,1.583,1
2015-05-05,El_Arish_EG,CHL,my,1.217,1.284,0.7283,1.517,0.9394
2015-05-06,El_Arish_EG,CHL,my,1.23,1.23,0.7567,1.411,0.9444
2015-05-08,El_Arish_EG,CHL,my,1.055,1.012,0.6587,1.245,0.9394
2015-05-09,El_Arish_EG,CHL,my,,0.6911,0.414,0.8487,0.7626
2015-05-10,El_Arish_EG,CHL,my,1.463,1.066,0.63,1.463,0.8788
2015-05-12,El_Arish_EG,CHL,my,1.317,1.087,0.5614,1.435,0.9394
2015-05-14,El_Arish_EG,CHL,my,1.379,1.216,0.5583,1.386,0.9394
2015-05-17,El_Arish_EG,CHL,my,1.326,1.165,0.6772,1.766,0.9394
2015-05-20,El_Arish_EG,CHL,my,,0.3901,0.2634,0.7574,0.5859
2015-05-21,El_Arish_EG,CHL,my,1.403,1.063,0.5893,1.931,0.9394
2015-05-29,El_Arish_EG,CHL,my,1.681,1.681,0.9263,2.104,0.8182
2015-05-30,El_Arish_EG,CHL,my,1.777,1.777,1.252,2.49,1
2015-06-04,El_Arish_EG,CHL,my,1.584,1.726,1.272,2.519,1
2015-06-10,El_Arish_EG,CHL,my,1.476,1.524,0.9237,1.773,1
2015-06-11,El_Arish_EG,CHL,my,2.427,2.221,1.25,2.763,0.9394
2015-06-12,El_Arish_EG,CHL,my,2.304,2.304,1.321,2.65,1
2015-06-13,El_Arish_EG,CHL,my,2.05,1.9,1.252,2.423,0.9394
2015-06-14,El_Arish_EG,CHL,my,1.812,1.73,1.042,2.228,0.8838
2015-06-15,El_Arish_EG,CHL,my,1.567,1.544,0.7536,1.784,0.9394
2015-06-18,El_Arish_EG,CHL,my,1.34,1.434,1.005,1.672,0.9394
2015-06-19,El_Arish_EG,CHL,my,,1.264,0.739,1.425,0.5303
2015-06-20,El_Arish_EG,CHL,my,1.793,1.878,1.219,1.973,0.9394
2015-06-21,El_Arish_EG,CHL,my,2.238,2.238,1.326,2.417,0.9394
2015-06-22,El_Arish_EG,CHL,my,2.329,2.177,1.311,2.403,1
2015-06-23,El_Arish_EG,CHL,my,2.075,2.004,1.377,2.205,0.9394
2015-06-25,El_Arish_EG,CHL,my,2.132,2.179,1.719,2.431,0.9394
2015-06-26,El_Arish_EG,CHL,my,1.657,1.712,1.377,1.778,0.9394
2015-06-28,El_Arish_EG,CHL,my,,1.72,1.337,3.504,0.5859
2015-06-29,El_Arish_EG,CHL,my,1.88,1.906,1.678,2.238,0.9394
2015-06-30,El_Arish_EG,CHL,my,2.175,2.136,1.835,2.617,0.8838
2015-07-01,El_Arish_EG,CHL,my,1.554,1.595,1.387,1.648,0.9394
2015-07-04,El_Arish_EG,CHL,my,1.994,1.917,1.45,1.994,0.9394
2015-07-05,El_Arish_EG,CHL,my,2.437,2.143,1.4,2.437,0.8283
2015-07-06,El_Arish_EG,CHL,my,,1.541,0.9869,1.63,0.7626
2015-07-07,El_Arish_EG,CHL,my,1.635,1.663,1.093,1.765,0.8788
2015-07-08,El_Arish_EG,CHL,my,1.948,1.948,1.499,2.029,0.9394
2015-07-09,El_Arish_EG,CHL,my,2.004,1.879,1.462,2.285,0.8434
2015-07-11,El_Arish_EG,CHL,my,2.02,2.051,1.376,2.14,1
2015-07-12,El_Arish_EG,CHL,my,1.374,1.575,1.289,1.779,0.9394
2015-07-13,El_Arish_EG,CHL,my,2.202,2.323,1.461,2.4,0.8788
2015-07-14,El_Arish_EG,CHL,my,2.138,2.105,1.299,2.206,0.9394
2015-07-15,El_Arish_EG,CHL,my,2.223,2.2,1.743,2.495,0.9394
2015-07-16,El_Arish_EG,CHL,my,2.659,2.904,2.311,7.211,0.8283
2015-07-17,El_Arish_EG,CHL,my,1.512,1.512,0.8465,1.821,0.9394
2015-07-20,El_Arish_EG,CHL,my,1.998,1.824,1.015,2.714,0.9394
2015-07-21,El_Arish_EG,CHL,my,1.514,1.373,0.761,2.375,0.9394
2015-07-22,El_Arish_EG,CHL,my,1.764,1.609,0.6706,2.066,0.9394
2015-07-23,El_Arish_EG,CHL,my,1.583,1.037,0.5523,2.491,0.8788
2015-07-24,El_Arish_EG,CHL,my,1.43,1.43,0.7177,2.723,1
2015-07-25,El_Arish_EG,CHL,my,1.072,0.94,0.4926,1.072,0.7071
2015-07-27,El_Arish_EG,CHL,my,1.132,1.072,0.6668,1.14,0.8232
2015-07-28,El_Arish_EG,CHL,my,1.544,1.409,0.7773,1.702,0.9394
2015-07-29,El_Arish_EG,CHL,my,1.003,1.098,0.673,1.227,0.9394
2015-07-30,El_Arish_EG,CHL,my,1.057,1.057,0.5717,1.408,0.9394
2015-07-31,El_Arish_EG,CHL,my,1.376,1.219,0.7575,1.921,0.9394
2015-08-05,El_Arish_EG,CHL,my,2.147,1.953,0.913,2.147,0.8283
2015-08-06,El_Arish_EG,CHL,my,1.642,1.672,0.8702,1.76,0.9394
2015-08-07,El_Arish_EG,CHL,my,1.877,1.541,0.7806,2.061,0.8788
2015-08-08,El_Arish_EG,CHL,my,1.179,1.233,0.5933,1.35,0.9394
2015-08-09,El_Arish_EG,CHL,my,1.347,1.347,0.7403,2.232,1
2015-08-12,El_Arish_EG,CHL,my,1.309,1.309,0.5913,2.054,1
2015-08-13,El_Arish_EG,CHL,my,0.8975,0.6593,0.3426,1.272,0.9394
2015-08-14,El_Arish_EG,CHL,my,1.146,0.5418,0.4027,1.575,0.9394
2015-08-15,El_Arish_EG,CHL,my,1.522,1.351,0.5266,1.69,0.9394
2015-08-16,El_Arish_EG,CHL,my,1.234,0.5413,0.4514,1.71,0.8788
2015-08-21,El_Arish_EG,CHL,my,1.477,0.9593,0.5127,1.477,0.8283
2015-08-22,El_Arish_EG,CHL,my,1.356,1.197,0.657,1.648,0.8788
2015-08-23,El_Arish_EG,CHL,my,1.34,1.073,0.7004,1.572,0.8283
2015-08-24,El_Arish_EG,CHL,my,1.518,1.419,0.9977,1.845,1
2015-08-25,El_Arish_EG,CHL,my,1.648,1.628,1.142,1.995,0.9394
2015-08-26,El_Arish_EG,CHL,my,1.524,1.524,0.9815,1.623,0.798
2015-08-28,El_Arish_EG,CHL,my,1.843,1.803,1.229,2.109,0.9394
2015-08-29,El_Arish_EG,CHL,my,1.488,1.488,1.066,2.11,1
2015-08-30,El_Arish_EG,CHL,my,1.087,2.543,1.296,2.609,0.5303
2015-08-31,El_Arish_EG,CHL,my,1.723,0.9983,0.7048,2.261,0.8889
2015-09-01,El_Arish_EG,CHL,my,1.562,2.106,1.121,2.632,0.7677
2015-09-02,El_Arish_EG,CHL,my,1.839,1.588,0.9978,3.422,0.9394
2015-09-03,El_Arish_EG,CHL,my,1.41,1.438,0.8682,1.794,1
2015-09-06,El_Arish_EG,CHL,my,1.164,1.164,0.6266,1.647,0.9394
2015-09-17,El_Arish_EG,CHL,my,1.445,1.182,0.7844,1.726,0.9394
2015-09-18,El_Arish_EG,CHL,my,1.376,1.376,0.899,2.747,0.8232
2015-09-19,El_Arish_EG,CHL,my,1.502,1.407,0.7949,2.19,1
2015-09-20,El_Arish_EG,CHL,my,1.478,1.407,0.8691,2.632,0.9394
2015-09-21,El_Arish_EG,CHL,my,1.302,,,,0.4091
2015-09-22,El_Arish_EG,CHL,my,1.797,1.624,0.9366,2.568,0.9394
2015-09-25,El_Arish_EG,CHL,my,1.117,1.117,0.658,1.345,0.9394
2015-09-26,El_Arish_EG,CHL,my,1.014,1.279,0.8706,1.357,1
2015-09-27,El_Arish_EG,CHL,my,1.094,1.094,0.7179,1.266,0.5909
2015-09-28,El_Arish_EG,CHL,my,1.004,1.004,0.5261,1.229,0.899
2015-09-30,El_Arish_EG,CHL,my,0.7265,0.6158,0.3292,0.9009,0.9394
2015-10-01,El_Arish_EG,CHL,my,1.026,0.8712,0.4842,1.246,0.8788
2015-10-03,El_Arish_EG,CHL,my,1.388,1.277,0.827,1.771,0.9394
2015-10-06,El_Arish_EG,CHL,my,1.576,,,,0.4141
2015-10-08,El_Arish_EG,CHL,my,2.183,1.72,1.512,2.363,0.8788
2015-10-09,El_Arish_EG,CHL,my,2.117,2.086,1.629,2.117,0.5354
2015-10-10,El_Arish_EG,CHL,my,1.093,1.093,0.9282,1.638,1
2015-10-11,El_Arish_EG,CHL,my,0.7528,0.8274,0.7105,1.23,0.9394
2015-10-14,El_Arish_EG,CHL,my,0.6501,0.6501,0.3545,0.9136,0.9394
2015-10-15,El_Arish_EG,CHL,my,0.5202,0.3791,0.2831,0.6474,0.8232
2015-10-16,El_Arish_EG,CHL,my,1.05,0.9948,0.5329,1.176,0.9394
2015-10-17,El_Arish_EG,CHL,my,0.8784,0.8456,0.6464,1.054,0.8788
2015-10-21,El_Arish_EG,CHL,my,0.8209,0.7967,0.6303,1.6,1
2015-10-22,El_Arish_EG,CHL,my,0.9605,1.047,0.6665,1.101,0.9394
2015-10-26,El_Arish_EG,CHL,my,,1.568,1.138,1.97,0.7071
2015-10-28,El_Arish_EG,CHL,my,2.073,2.024,1.537,2.073,0.9596
2015-10-29,El_Arish_EG,CHL,my,1.595,1.389,0.8897,1.713,0.7071
2015-10-30,El_Arish_EG,CHL,my,1.128,1.489,1.055,1.816,0.8232
2015-10-31,El_Arish_EG,CHL,my,1.328,1.097,0.758,1.476,0.9394
2015-11-01,El_Arish_EG,CHL,my,1.11,1.11,0.6978,1.41,1
2015-11-02,El_Arish_EG,CHL,my,1.87,1.616,1.012,1.87,0.9394
2015-11-08,El_Arish_EG,CHL,my,1.274,1.274,1.04,1.443,0.6465
2015-11-11,El_Arish_EG,CHL,my,1.512,,,,0.4697
2015-11-12,El_Arish_EG,CHL,my,1.245,1.245,0.81,1.64,1
2015-11-13,El_Arish_EG,CHL,my,0.6794,0.6794,0.5056,1.109,1
2015-11-14,El_Arish_EG,CHL,my,0.3696,0.4633,0.4201,0.8879,0.8788
2015-11-20,El_Arish_EG,CHL,my,0.8651,0.8202,0.545,1.122,0.5202
2015-11-22,El_Arish_EG,CHL,my,0.3052,0.3792,0.3583,0.6776,1
2015-11-24,El_Arish_EG,CHL,my,0.8747,0.8474,0.6539,0.8803,1
2015-11-29,El_Arish_EG,CHL,my,0.6501,0.7633,0.652,0.8662,1
2015-12-02,El_Arish_EG,CHL,my,1.833,,,,0.4091
2015-12-04,El_Arish_EG,CHL,my,,1.901,1.32,1.918,0.5455
2015-12-06,El_Arish_EG,CHL,my,3.043,2.389,1.693,3.328,1
2015-12-07,El_Arish_EG,CHL,my,2.191,1.852,1.318,2.191,0.8788
2015-12-08,El_Arish_EG,CHL,my,1.232,1.25,0.814,1.358,1
2015-12-09,El_Arish_EG,CHL,my,0.9269,0.9285,0.5921,1.077,1
2015-12-10,El_Arish_EG,CHL,my,1.021,0.8437,0.4766,1.021,1
2015-12-18,El_Arish_EG,CHL,my,2.221,1.658,0.9193,2.31,1
2015-12-19,El_Arish_EG,CHL,my,0.7459,0.7917,0.46,0.9268,0.8232
2015-12-20,El_Arish_EG,CHL,my,1.018,1.001,0.7344,1.163,1
2015-12-21,El_Arish_EG,CHL,my,0.5899,0.5798,0.4349,1.025,0.7727
2015-12-22,El_Arish_EG,CHL,my,0.4515,0.8473,0.5596,1.146,1
2015-12-23,El_Arish_EG,CHL,my,0.8113,1.149,0.5982,1.292,0.8889
2015-12-25,El_Arish_EG,CHL,my,0.8192,0.7883,0.499,1.158,1
2015-12-26,El_Arish_EG,CHL,my,0.9556,0.9462,0.5039,1.128,1
2015-12-27,El_Arish_EG,CHL,my,1.225,1.207,0.6461,1.306,0.9394
2015-12-28,El_Arish_EG,CHL,my,0.8518,0.9266,0.6085,1.068,0.9394
2015-12-29,El_Arish_EG,CHL,my,0.6736,0.7323,0.4217,1.415,1
2015-12-30,El_Arish_EG,CHL,my,1.223,,,,0.2929
2015-12-31,El_Arish_EG,CHL,my,7.139,5.291,3.979,7.139,0.5859
2015-01-05,Gaza_City,CHL,my,,1.408,0.7539,1.816,0.8118
2015-01-11,Gaza_City,CHL,my,1.138,1.088,0.6009,1.181,0.6129
2015-01-12,Gaza_City,CHL,my,1.132,1.021,0.585,1.734,1
2015-01-18,Gaza_City,CHL,my,0.1791,0.2394,0.17,0.3114,1
2015-01-20,Gaza_City,CHL,my,0.2303,0.219,0.1467,0.3234,0.9839
2015-01-21,Gaza_City,CHL,my,0.3423,0.3537,0.2268,0.4127,0.914
2015-01-22,Gaza_City,CHL,my,0.408,0.408,0.3477,0.5621,1
2015-01-24,Gaza_City,CHL,my,0.4215,0.4068,0.3124,0.459,0.9839
2015-01-29,Gaza_City,CHL,my,0.1374,0.1374,0.1065,0.1659,0.9839
2015-01-31,Gaza_City,CHL,my,0.7224,0.8257,0.3498,0.8844,0.914
2015-02-01,Gaza_City,CHL,my,0.4911,0.2423,0.1742,0.5265,0.914
2015-02-02,Gaza_City,CHL,my,0.4723,0.2316,0.2116,0.9285,1
2015-02-05,Gaza_City,CHL,my,0.06029,0.06378,0.06101,0.07115,0.914
2015-02-14,Gaza_City,CHL,my,0.6248,0.3869,0.2952,0.9505,0.9839
2015-02-26,Gaza_City,CHL,my,,0.9453,0.6597,1.195,0.7903
2015-02-27,Gaza_City,CHL,my,,0.5315,0.3295,0.8521,0.5914
2015-02-28,Gaza_City,CHL,my,0.9788,0.5136,0.3568,1.058,0.9839
2015-03-01,Gaza_City,CHL,my,0.6888,0.6567,0.36,0.7085,0.914
2015-03-02,Gaza_City,CHL,my,0.5937,0.5937,0.3301,0.9444,0.7097
2015-03-03,Gaza_City,CHL,my,0.3112,0.2417,0.1659,0.3225,0.8172
2015-03-05,Gaza_City,CHL,my,1.154,1.148,0.4115,1.221,0.914
2015-03-06,Gaza_City,CHL,my,1.125,0.9314,0.4806,1.317,1
2015-03-12,Gaza_City,CHL,my,0.2613,0.2473,0.2036,0.964,0.8925
2015-03-13,Gaza_City,CHL,my,0.5152,0.2512,0.2444,1.332,0.9839
2015-03-14,Gaza_City,CHL,my,0.8999,0.3367,0.2192,0.8999,0.8871
2015-03-16,Gaza_City,CHL,my,0.8971,0.1729,0.185,1.319,0.914
2015-03-17,Gaza_City,CHL,my,0.6365,0.6365,0.3581,2.036,1
2015-03-18,Gaza_City,CHL,my,1.019,0.4574,0.2676,1.019,0.914
2015-03-21,Gaza_City,CHL,my,1.445,,,,0.2258
2015-03-25,Gaza_City,CHL,my,,1.654,1.54,1.804,0.7581
2015-03-30,Gaza_City,CHL,my,,0.1381,0.1059,0.2131,0.7903
2015-03-31,Gaza_City,CHL,my,0.2793,0.2274,0.1554,0.4207,0.9839
2015-04-02,Gaza_City,CHL,my,1.399,1.22,0.5189,1.399,1
2015-04-04,Gaza_City,CHL,my,0.7679,0.2535,0.2586,0.9641,0.9731
2015-04-06,Gaza_City,CHL,my,1.117,0.6236,0.413,1.117,0.8871
2015-04-10,Gaza_City,CHL,my,1.759,1.15,0.5591,1.759,0.914
2015-04-18,Gaza_City,CHL,my,1.287,1.174,0.602,1.729,1
2015-04-19,Gaza_City,CHL,my,1.453,1.331,0.6444,1.453,0.914
2015-04-25,Gaza_City,CHL,my,3.181,4.49,2.058,5.105,0.8871
2015-04-26,Gaza_City,CHL,my,1.663,1.768,1.235,1.894,0.914
2015-04-28,Gaza_City,CHL,my,,1.121,0.5737,1.147,0.7473
2015-04-29,Gaza_City,CHL,my,1.04,1.003,0.6853,1.184,0.9839
2015-05-01,Gaza_City,CHL,my,,0.9483,0.4764,1.004,0.828
2015-05-02,Gaza_City,CHL,my,0.9282,0.9102,0.5177,0.9702,0.8871
2015-05-03,Gaza_City,CHL,my,,0.5656,0.3434,0.7563,0.7903
2015-05-04,Gaza_City,CHL,my,1.151,0.5866,0.4564,1.824,1
2015-05-05,Gaza_City,CHL,my,0.9614,0.6194,0.3943,1.118,0.9839
2015-05-06,Gaza_City,CHL,my,0.7823,0.4455,0.2715,0.9241,0.8172
2015-05-08,Gaza_City,CHL,my,0.1845,0.1355,0.08733,0.2315,0.914
2015-05-09,Gaza_City,CHL,my,,0.07685,0.06616,0.09335,0.6613
2015-05-12,Gaza_City,CHL,my,,0.2695,0.1782,0.7656,0.828
2015-05-14,Gaza_City,CHL,my,0.1567,0.2021,0.131,0.2718,0.7419
2015-05-17,Gaza_City,CHL,my,0.2268,0.2114,0.1509,0.2268,0.8871
2015-05-20,Gaza_City,CHL,my,0.1193,0.1113,0.07815,0.1256,0.9839
2015-05-29,Gaza_City,CHL,my,,0.2098,0.1223,0.3969,0.7581
2015-05-30,Gaza_City,CHL,my,0.6642,0.6438,0.2611,0.9182,1
2015-06-02,Gaza_City,CHL,my,,0.5769,0.2488,0.6448,0.828
2015-06-04,Gaza_City,CHL,my,0.5756,0.673,0.3537,0.9271,0.914
2015-06-05,Gaza_City,CHL,my,,0.1418,0.1334,0.4481,0.7903
2015-06-06,Gaza_City,CHL,my,0.5766,0.6392,0.4891,0.8552,0.914
2015-06-10,Gaza_City,CHL,my,0.2247,0.2189,0.1376,0.2616,0.9839
2015-06-11,Gaza_City,CHL,my,0.1498,0.1274,0.09603,0.1498,0.914
2015-06-12,Gaza_City,CHL,my,,0.2595,0.1879,0.7901,0.828
2015-06-13,Gaza_City,CHL,my,0.1642,0.1543,0.2272,1.726,0.9839
2015-06-14,Gaza_City,CHL,my,,0.07838,0.07177,0.08878,0.6989
2015-06-15,Gaza_City,CHL,my,0.09133,0.09113,0.08173,0.1869,0.9839
2015-06-18,Gaza_City,CHL,my,0.2838,0.3567,0.2695,1.12,0.9839
2015-06-20,Gaza_City,CHL,my,0.4286,0.2175,0.176,0.7612,0.914
2015-06-21,Gaza_City,CHL,my,0.6419,0.6899,0.3969,1.426,0.8333
2015-06-22,Gaza_City,CHL,my,0.8316,0.4419,0.3178,1.321,0.9839
2015-06-23,Gaza_City,CHL,my,0.9105,0.3749,0.2671,0.9507,0.7097
2015-06-25,Gaza_City,CHL,my,1.455,1.007,0.4025,1.455,0.8871
2015-06-29,Gaza_City,CHL,my,1.796,1.693,0.9254,1.796,0.914
2015-06-30,Gaza_City,CHL,my,1.707,0.6221,0.5649,2.171,0.8387
2015-07-01,Gaza_City,CHL,my,0.9745,1.01,0.5344,1.581,1
2015-07-04,Gaza_City,CHL,my,0.9923,1.18,0.6901,1.25,0.914
2015-07-05,Gaza_City,CHL,my,1.473,1.491,0.8129,1.658,0.914
2015-07-06,Gaza_City,CHL,my,,0.9905,0.3653,1.296,0.6882
2015-07-07,Gaza_City,CHL,my,1.128,1.084,0.5191,1.206,1
2015-07-08,Gaza_City,CHL,my,1.017,0.8118,0.3105,1.078,0.914
2015-07-09,Gaza_City,CHL,my,1.203,1.24,0.6451,1.384,0.8333
2015-07-12,Gaza_City,CHL,my,0.6921,0.7282,0.3678,1.019,0.9839
2015-07-13,Gaza_City,CHL,my,0.859,0.9923,0.4863,1.184,0.8871
2015-07-14,Gaza_City,CHL,my,,0.3918,0.3051,0.7747,0.7903
2015-07-15,Gaza_City,CHL,my,1.329,1.335,0.9389,1.565,0.914
2015-07-16,Gaza_City,CHL,my,0.4595,1.347,1.005,1.454,0.914
2015-07-17,Gaza_City,CHL,my,1.264,1.202,1.079,1.271,0.9839
2015-07-20,Gaza_City,CHL,my,1.568,0.9183,0.5746,1.568,0.8871
2015-07-21,Gaza_City,CHL,my,0.6445,0.8043,0.5198,0.8773,0.8871
2015-07-22,Gaza_City,CHL,my,1.613,1.023,0.7371,1.613,0.914
2015-07-23,Gaza_City,CHL,my,0.5674,0.8171,0.7121,0.8785,0.9839
2015-07-24,Gaza_City,CHL,my,0.2618,0.396,0.3792,0.7485,0.914
2015-07-25,Gaza_City,CHL,my,,0.3206,0.2913,0.3392,0.7849
2015-07-27,Gaza_City,CHL,my,,0.1542,0.1147,0.2024,0.6989
2015-07-28,Gaza_City,CHL,my,0.1268,0.1302,0.1046,0.1368,0.9839
2015-07-29,Gaza_City,CHL,my,0.1171,0.1435,0.122,0.168,0.8871
2015-07-30,Gaza_City,CHL,my,0.2623,0.2317,0.1381,0.3065,0.914
2015-07-31,Gaza_City,CHL,my,0.2622,0.1286,0.09627,0.3536,0.914
2015-08-06,Gaza_City,CHL,my,0.4261,0.4486,0.2644,0.6109,0.8602
2015-08-07,Gaza_City,CHL,my,1.14,0.8935,0.6573,1.14,0.8871
2015-08-08,Gaza_City,CHL,my,0.1583,0.2417,0.2001,0.318,0.9839
2015-08-09,Gaza_City,CHL,my,0.1105,0.1764,0.1188,0.1926,0.9839
2015-08-10,Gaza_City,CHL,my,,0.2877,0.2071,0.3064,0.7634
2015-08-12,Gaza_City,CHL,my,0.08082,0.09869,0.07629,0.1134,0.8871
2015-08-13,Gaza_City,CHL,my,0.09582,0.1084,0.1025,0.4324,1
2015-08-14,Gaza_City,CHL,my,0.1014,0.09109,0.08066,0.1031,0.914
2015-08-15,Gaza_City,CHL,my,,0.1716,0.1279,0.2328,0.828
2015-08-16,Gaza_City,CHL,my,0.2543,0.1726,0.1386,0.2543,0.9839
2015-08-18,Gaza_City,CHL,my,,0.1377,0.1231,0.1523,0.828
2015-08-21,Gaza_City,CHL,my,,0.1732,0.1503,0.1904,0.7473
2015-08-22,Gaza_City,CHL,my,,0.1919,0.1406,0.3145,0.828
2015-08-23,Gaza_City,CHL,my,1.038,0.4993,0.3125,1.057,0.914
2015-08-24,Gaza_City,CHL,my,1.152,1.03,0.4837,1.497,0.9301
2015-08-26,Gaza_City,CHL,my,,0.6939,0.4027,1.237,0.6882
2015-08-28,Gaza_City,CHL,my,1.401,1.17,0.5409,1.497,0.914
2015-08-29,Gaza_City,CHL,my,0.727,0.6338,0.361,1.255,1
2015-08-30,Gaza_City,CHL,my,,0.2262,0.1284,0.3976,0.7527
2015-08-31,Gaza_City,CHL,my,0.1951,0.1825,0.1687,0.7633,0.9839
2015-09-01,Gaza_City,CHL,my,,0.1376,0.102,0.172,0.6882
2015-09-02,Gaza_City,CHL,my,0.3825,0.3144,0.14,0.4269,0.914
2015-09-03,Gaza_City,CHL,my,0.363,0.3094,0.257,1.435,0.9839
2015-09-06,Gaza_City,CHL,my,1.01,0.3499,0.2868,1.01,0.914
2015-09-17,Gaza_City,CHL,my,0.224,0.2507,0.2048,0.3133,0.914
2015-09-18,Gaza_City,CHL,my,0.1436,0.1436,0.1387,0.2271,0.6183
2015-09-19,Gaza_City,CHL,my,0.1124,0.1129,0.108,0.1653,0.9839
2015-09-20,Gaza_City,CHL,my,0.1365,0.1284,0.1024,0.3996,1
2015-09-21,Gaza_City,CHL,my,0.161,0.1256,0.1151,0.2412,0.9839
2015-09-22,Gaza_City,CHL,my,0.1079,0.08153,0.07541,0.1079,0.8871
2015-09-25,Gaza_City,CHL,my,0.2008,0.1619,0.1296,0.3404,0.9839
2015-09-26,Gaza_City,CHL,my,0.129,0.0832,0.09455,0.3278,0.9839
2015-09-27,Gaza_City,CHL,my,,0.06394,0.05369,0.08614,0.7527
2015-09-28,Gaza_City,CHL,my,0.06397,0.05338,0.05363,0.2434,1
2015-09-29,Gaza_City,CHL,my,0.05549,,,,0.3226
2015-09-30,Gaza_City,CHL,my,0.07717,0.06674,0.0732,0.2084,1
2015-10-01,Gaza_City,CHL,my,0.118,0.07118,0.08786,0.373,0.8871
2015-10-03,Gaza_City,CHL,my,0.1419,0.09544,0.07503,0.193,0.914
2015-10-06,Gaza_City,CHL,my,0.5205,,,,0.2957
2015-10-08,Gaza_City,CHL,my,1.155,1.155,0.648,1.317,0.7796
2015-10-10,Gaza_City,CHL,my,0.4905,0.5077,0.3922,0.5838,0.914
2015-10-11,Gaza_City,CHL,my,0.4973,0.6114,0.3479,0.7285,0.9839
2015-10-14,Gaza_City,CHL,my,0.8438,0.3048,0.2692,1.628,0.9032
2015-10-15,Gaza_City,CHL,my,0.7135,0.3505,0.2505,0.7135,0.914
2015-10-16,Gaza_City,CHL,my,0.7063,0.4828,0.2965,0.8285,0.9839
2015-10-17,Gaza_City,CHL,my,0.8027,0.6036,0.2982,0.8204,0.6935
2015-10-21,Gaza_City,CHL,my,0.7375,0.6384,0.3049,0.7411,1
2015-10-22,Gaza_City,CHL,my,,0.5432,0.2465,0.7235,0.7581
2015-10-28,Gaza_City,CHL,my,1.166,,,,0.3011
2015-10-31,Gaza_City,CHL,my,1.054,0.9849,0.6443,1.127,0.914
2015-11-01,Gaza_City,CHL,my,0.6237,0.6196,0.5116,0.7288,0.9839
2015-11-02,Gaza_City,CHL,my,,0.9398,0.6588,1.216,0.7903
2015-11-07,Gaza_City,CHL,my,0.6784,,,,0.4194
2015-11-12,Gaza_City,CHL,my,0.2842,0.3301,0.2484,0.3904,0.9839
2015-11-13,Gaza_City,CHL,my,0.6072,0.5379,0.3794,0.7155,0.9839
2015-11-14,Gaza_City,CHL,my,0.6207,0.5621,0.4989,0.7713,0.914
2015-11-20,Gaza_City,CHL,my,0.2125,0.4224,0.3505,0.61,0.9839
2015-11-22,Gaza_City,CHL,my,0.4189,0.5541,0.3935,0.7311,0.9839
2015-11-24,Gaza_City,CHL,my,0.2972,0.2703,0.2722,0.5206,0.9839
2015-11-29,Gaza_City,CHL,my,0.1877,0.277,0.2189,0.3847,0.9839
2015-12-04,Gaza_City,CHL,my,0.6416,0.3781,0.3452,0.8174,0.9839
2015-12-05,Gaza_City,CHL,my,0.8197,0.8197,0.5285,0.8982,0.9839
2015-12-06,Gaza_City,CHL,my,0.8578,0.8697,0.5787,1.09,0.914
2015-12-07,Gaza_City,CHL,my,0.806,0.7893,0.549,0.8511,0.914
2015-12-08,Gaza_City,CHL,my,0.6314,0.6483,0.5318,0.8409,0.9839
2015-12-09,Gaza_City,CHL,my,0.2559,0.2688,0.2414,0.289,1
2015-12-10,Gaza_City,CHL,my,0.2919,0.3903,0.321,0.4036,0.9839
2015-12-14,Gaza_City,CHL,my,0.1014,,,,0.2097
2015-12-15,Gaza_City,CHL,my,0.2841,0.1653,0.1351,0.3703,0.6344
2015-12-18,Gaza_City,CHL,my,0.1135,0.2074,0.1521,0.2243,0.9839
2015-12-20,Gaza_City,CHL,my,0.2302,0.2363,0.1782,0.2825,0.9839
2015-12-22,Gaza_City,CHL,my,0.1472,0.1157,0.1041,0.1472,0.9839
2015-12-23,Gaza_City,CHL,my,0.2244,0.2574,0.1967,0.2955,0.9839
2015-12-25,Gaza_City,CHL,my,0.2681,0.2602,0.1954,0.6,1
2015-12-26,Gaza_City,CHL,my,0.421,0.3271,0.1948,0.4666,1
2015-12-27,Gaza_City,CHL,my,0.05961,0.1988,0.1131,0.2313,0.8871
2015-12-28,Gaza_City,CHL,my,0.2019,0.2019,0.1564,0.2383,0.914
2015-12-29,Gaza_City,CHL,my,0.06817,0.09881,0.08762,0.1118,0.914
2015-12-30,Gaza_City,CHL,my,0.1229,,,,0.1398
2015-01-11,Hadera_IL,CHL,my,0.2809,0.2416,0.1429,0.5956,0.8756
2015-01-12,Hadera_IL,CHL,my,0.4183,0.4183,0.2493,0.5113,0.9403
2015-01-13,Hadera_IL,CHL,my,0.3606,0.8409,0.5288,1.165,0.9403
2015-01-17,Hadera_IL,CHL,my,,0.1277,0.1105,0.1389,0.7562
2015-01-20,Hadera_IL,CHL,my,0.5507,0.3502,0.2434,0.663,0.8756
2015-01-21,Hadera_IL,CHL,my,0.1749,0.1446,0.1339,0.1749,0.8159
2015-01-22,Hadera_IL,CHL,my,0.2033,0.1579,0.1711,0.4859,0.8756
2015-01-24,Hadera_IL,CHL,my,0.2215,0.1964,0.1797,0.2691,0.9403
2015-01-29,Hadera_IL,CHL,my,0.1645,0.1897,0.1493,0.2942,0.9403
2015-01-31,Hadera_IL,CHL,my,0.1712,0.1527,0.1129,0.2082,0.8756
2015-02-01,Hadera_IL,CHL,my,0.08606,0.08271,0.07547,0.08941,0.8159
2015-02-02,Hadera_IL,CHL,my,0.09525,0.09512,0.08956,0.1025,0.8756
2015-02-03,Hadera_IL,CHL,my,0.102,0.1129,0.1007,0.1232,0.9403
2015-02-05,Hadera_IL,CHL,my,0.04252,0.06712,0.0604,0.07021,0.8756
2015-02-07,Hadera_IL,CHL,my,0.09954,0.09959,0.09371,0.1056,0.8756
2015-02-21,Hadera_IL,CHL,my,1.26,1.137,0.526,1.26,0.8756
2015-02-26,Hadera_IL,CHL,my,0.9027,1.196,0.7308,1.267,0.8159
2015-02-28,Hadera_IL,CHL,my,0.8742,0.6251,0.2948,1.311,0.8756
2015-03-01,Hadera_IL,CHL,my,,0.1368,0.1325,0.1915,0.5323
2015-03-02,Hadera_IL,CHL,my,0.2141,0.2026,0.1558,0.6317,0.9403
2015-03-05,Hadera_IL,CHL,my,,0.1841,0.1324,0.1894,0.6965
2015-03-06,Hadera_IL,CHL,my,0.449,0.3671,0.2295,0.4772,0.9403
2015-03-09,Hadera_IL,CHL,my,0.1302,0.09762,0.08757,0.1302,0.8159
2015-03-12,Hadera_IL,CHL,my,0.1449,0.1527,0.1172,0.2438,0.8607
2015-03-13,Hadera_IL,CHL,my,0.1364,0.1357,0.1048,0.1869,0.9403
2015-03-14,Hadera_IL,CHL,my,0.1059,0.08903,0.07258,0.1059,0.8159
2015-03-18,Hadera_IL,CHL,my,0.08478,0.08613,0.07934,0.1186,0.8756
2015-03-24,Hadera_IL,CHL,my,,0.1098,0.101,0.2034,0.7562
2015-03-25,Hadera_IL,CHL,my,0.2001,0.2001,0.1121,0.2458,0.8756
2015-03-26,Hadera_IL,CHL,my,,0.1261,0.1,0.2414,0.6965
2015-03-31,Hadera_IL,CHL,my,0.08978,0.05748,0.05416,0.08978,0.7711
2015-04-01,Hadera_IL,CHL,my,0.06343,0.06343,0.05493,0.06539,0.6318
2015-04-03,Hadera_IL,CHL,my,0.09804,0.0562,0.07655,0.279,0.9403
2015-04-05,Hadera_IL,CHL,my,0.07419,0.05023,0.05025,0.1208,0.8756
2015-04-06,Hadera_IL,CHL,my,0.05873,0.05103,0.04019,0.07212,0.791
2015-04-07,Hadera_IL,CHL,my,0.1138,0.09254,0.07627,0.1138,0.8159
2015-04-18,Hadera_IL,CHL,my,1.296,1.297,0.9295,1.432,0.9403
2015-04-19,Hadera_IL,CHL,my,1.577,1.274,0.8668,1.577,0.8159
2015-04-24,Hadera_IL,CHL,my,2.538,,,,0.1841
2015-04-26,Hadera_IL,CHL,my,1.534,1.328,0.849,2.11,0.8756
2015-04-28,Hadera_IL,CHL,my,,0.483,0.2461,0.4937,0.6318
2015-04-29,Hadera_IL,CHL,my,0.3362,0.3085,0.2135,0.3582,0.9403
2015-05-01,Hadera_IL,CHL,my,,0.1341,0.09994,0.1443,0.7562
2015-05-03,Hadera_IL,CHL,my,0.09402,0.09598,0.08705,0.3203,0.8756
2015-05-05,Hadera_IL,CHL,my,0.07719,0.08091,0.0814,0.1739,0.8756
2015-05-06,Hadera_IL,CHL,my,0.1002,0.1049,0.08715,0.1253,0.8159
2015-05-07,Hadera_IL,CHL,my,0.1066,0.09891,0.08173,0.1182,0.7512
2015-05-08,Hadera_IL,CHL,my,0.06362,0.06385,0.05619,0.06956,0.8159
2015-05-09,Hadera_IL,CHL,my,,0.07939,0.07048,0.08485,0.6965
2015-05-15,Hadera_IL,CHL,my,0.1281,,,,0.4876
2015-05-17,Hadera_IL,CHL,my,0.1779,0.1305,0.08842,0.1779,0.8159
2015-05-20,Hadera_IL,CHL,my,0.07652,0.07103,0.05738,0.07652,0.8756
2015-05-29,Hadera_IL,CHL,my,0.118,0.07101,0.05741,0.128,0.6318
2015-06-02,Hadera_IL,CHL,my,0.2727,0.2415,0.1091,0.2727,0.8756
2015-06-04,Hadera_IL,CHL,my,0.1935,0.1631,0.07703,0.1935,0.8756
2015-06-05,Hadera_IL,CHL,my,0.1725,0.1555,0.09905,0.196,0.9403
2015-06-10,Hadera_IL,CHL,my,0.08615,,,,0.4279
2015-06-11,Hadera_IL,CHL,my,0.08363,,,,0.4279
2015-06-12,Hadera_IL,CHL,my,0.1074,0.09606,0.0787,0.1107,0.8159
2015-06-18,Hadera_IL,CHL,my,0.06674,0.05981,0.03899,0.07135,0.8756
2015-06-22,Hadera_IL,CHL,my,0.1393,0.1491,0.1223,0.5459,0.9403
2015-06-23,Hadera_IL,CHL,my,0.1426,0.1426,0.07471,0.2192,0.7811
2015-06-29,Hadera_IL,CHL,my,0.279,0.2217,0.1224,0.3056,0.8756
2015-06-30,Hadera_IL,CHL,my,0.1755,0.1755,0.1279,0.1885,0.8756
2015-07-01,Hadera_IL,CHL,my,0.2033,0.3267,0.234,0.9319,0.9652
2015-07-04,Hadera_IL,CHL,my,,0.1077,0.0769,0.1236,0.8159
2015-07-06,Hadera_IL,CHL,my,,0.07772,0.05429,0.09668,0.6318
2015-07-07,Hadera_IL,CHL,my,0.08478,0.09142,0.07038,0.1607,0.9403
2015-07-08,Hadera_IL,CHL,my,0.07249,0.09756,0.07828,0.09867,0.5124
2015-07-09,Hadera_IL,CHL,my,0.1358,0.1358,0.1009,0.1619,0.8756
2015-07-10,Hadera_IL,CHL,my,0.2071,0.3262,0.2408,0.3549,0.7114
2015-07-11,Hadera_IL,CHL,my,0.3246,,,,0.4279
2015-07-12,Hadera_IL,CHL,my,0.3844,0.3528,0.1265,0.3951,0.9403
2015-07-13,Hadera_IL,CHL,my,,0.04301,0.04241,0.09041,0.6667
2015-07-14,Hadera_IL,CHL,my,,0.0479,0.03729,0.06133,0.6318
2015-07-15,Hadera_IL,CHL,my,0.1697,0.125,0.06658,0.1697,0.8756
2015-07-20,Hadera_IL,CHL,my,0.04673,0.03352,0.02672,0.04673,0.8159
2015-07-22,Hadera_IL,CHL,my,0.045,0.045,0.02875,0.05285,0.8756
2015-07-23,Hadera_IL,CHL,my,0.05056,0.04735,0.03504,0.06371,0.9403
2015-07-24,Hadera_IL,CHL,my,0.05889,0.05827,0.03949,0.0656,0.8756
2015-07-29,Hadera_IL,CHL,my,0.04917,0.0497,0.04174,0.05511,0.8756
2015-07-30,Hadera_IL,CHL,my,0.06476,0.06476,0.05305,0.06681,0.8159
2015-07-31,Hadera_IL,CHL,my,0.05594,0.06464,0.05845,0.06533,0.5473
2015-08-07,Hadera_IL,CHL,my,0.141,0.1274,0.08563,0.1469,0.8159
2015-08-08,Hadera_IL,CHL,my,0.1665,0.1473,0.09227,0.1944,0.9403
2015-08-09,Hadera_IL,CHL,my,0.1588,0.1542,0.08868,0.1625,0.8756
2015-08-11,Hadera_IL,CHL,my,0.1156,,,,0.4279
2015-08-13,Hadera_IL,CHL,my,0.0842,0.09396,0.08452,0.09711,0.8557
2015-08-14,Hadera_IL,CHL,my,0.07324,0.08971,0.07999,0.09406,0.8159
2015-08-15,Hadera_IL,CHL,my,,0.1284,0.1101,0.1316,0.5721
2015-08-16,Hadera_IL,CHL,my,0.08454,0.1241,0.102,0.125,0.8756
2015-08-18,Hadera_IL,CHL,my,0.0714,0.1003,0.09135,0.1071,0.8756
2015-08-19,Hadera_IL,CHL,my,0.0693,0.08134,0.07678,0.08599,0.9403
2015-08-21,Hadera_IL,CHL,my,0.0613,0.07316,0.06803,0.08403,0.8159
2015-08-23,Hadera_IL,CHL,my,0.04719,,,,0.3731
2015-08-24,Hadera_IL,CHL,my,,0.05237,0.04708,0.05388,0.5522
2015-08-25,Hadera_IL,CHL,my,0.07201,0.08112,0.06276,0.08742,0.8756
2015-08-26,Hadera_IL,CHL,my,,0.1009,0.09377,0.1022,0.5721
2015-08-27,Hadera_IL,CHL,my,0.1136,,,,0.3682
2015-08-28,Hadera_IL,CHL,my,0.06595,0.06933,0.05462,0.07421,0.8159
2015-08-29,Hadera_IL,CHL,my,0.06899,0.08449,0.07837,0.1391,0.9403
2015-08-30,Hadera_IL,CHL,my,0.06194,0.05209,0.04602,0.06575,0.8159
2015-08-31,Hadera_IL,CHL,my,0.06167,0.0911,0.08377,0.09237,0.8159
2015-09-01,Hadera_IL,CHL,my,0.07303,0.07673,0.07074,0.07914,0.8756
2015-09-02,Hadera_IL,CHL,my,0.0533,0.06031,0.05344,0.06336,0.8756
2015-09-03,Hadera_IL,CHL,my,0.05791,0.067,0.06355,0.07388,0.7562
2015-09-04,Hadera_IL,CHL,my,0.07869,0.07914,0.07622,0.09544,0.7761
2015-09-17,Hadera_IL,CHL,my,0.03459,0.05281,0.0464,0.05642,0.8756
2015-09-18,Hadera_IL,CHL,my,0.04623,0.05064,0.04544,0.05272,0.6716
2015-09-19,Hadera_IL,CHL,my,0.0387,0.05113,0.04609,0.05386,0.9403
2015-09-20,Hadera_IL,CHL,my,0.04744,0.03967,0.04174,0.1029,0.9403
2015-09-22,Hadera_IL,CHL,my,0.03586,0.03184,0.02939,0.03586,0.8159
2015-09-24,Hadera_IL,CHL,my,0.04713,0.04713,0.03711,0.05006,0.5721
2015-09-25,Hadera_IL,CHL,my,0.06648,0.06656,0.06258,0.07548,0.8756
2015-09-26,Hadera_IL,CHL,my,0.05793,0.07661,0.0696,0.09856,0.9403
2015-09-28,Hadera_IL,CHL,my,0.09263,0.06904,0.05887,0.1345,0.9254
2015-10-01,Hadera_IL,CHL,my,0.04993,0.04743,0.04102,0.05094,0.8159
2015-10-03,Hadera_IL,CHL,my,0.04167,0.04668,0.03869,0.04998,0.8756
2015-10-05,Hadera_IL,CHL,my,0.04135,0.04135,0.03921,0.05367,0.8756
2015-10-11,Hadera_IL,CHL,my,0.1766,0.2675,0.1669,0.2808,0.8756
2015-10-14,Hadera_IL,CHL,my,0.129,0.1302,0.1037,0.1435,0.8756
2015-10-15,Hadera_IL,CHL,my,0.08017,0.1055,0.08734,0.1103,0.8159
2015-10-16,Hadera_IL,CHL,my,0.06517,0.09573,0.07416,0.1128,0.9403
2015-10-17,Hadera_IL,CHL,my,0.07208,0.06567,0.05752,0.1396,0.9403
2015-10-21,Hadera_IL,CHL,my,0.06719,0.06719,0.06275,0.1571,0.9403
2015-10-22,Hadera_IL,CHL,my,0.0913,0.09787,0.06291,0.1103,0.8159
2015-10-31,Hadera_IL,CHL,my,0.3868,0.3711,0.2006,0.3951,0.8159
2015-11-01,Hadera_IL,CHL,my,0.3473,0.354,0.3118,0.4924,0.9403
2015-11-02,Hadera_IL,CHL,my,0.2263,0.2844,0.2504,0.3044,0.9403
2015-11-11,Hadera_IL,CHL,my,0.5417,0.5454,0.4428,0.5791,0.8756
2015-11-12,Hadera_IL,CHL,my,0.4832,0.4768,0.3715,0.6696,0.9652
2015-11-13,Hadera_IL,CHL,my,0.3437,0.4573,0.4372,0.7827,0.9403
2015-11-14,Hadera_IL,CHL,my,0.4389,0.5847,0.5202,0.6487,0.8756
2015-11-19,Hadera_IL,CHL,my,0.4199,0.4199,0.2581,0.4515,0.5124
2015-11-20,Hadera_IL,CHL,my,0.6466,0.6062,0.3489,0.6466,0.8756
2015-11-22,Hadera_IL,CHL,my,,0.7387,0.6035,1.224,0.5522
2015-11-23,Hadera_IL,CHL,my,0.5486,0.4119,0.3058,0.5528,0.9403
2015-11-24,Hadera_IL,CHL,my,0.3157,0.3157,0.2757,0.6397,0.9751
2015-11-27,Hadera_IL,CHL,my,0.1859,,,,0.3284
2015-12-01,Hadera_IL,CHL,my,0.06369,,,,0.3035
2015-12-03,Hadera_IL,CHL,my,0.2268,0.2268,0.1931,0.9015,0.9751
2015-12-04,Hadera_IL,CHL,my,0.6047,0.3506,0.3257,0.6047,0.9403
2015-12-05,Hadera_IL,CHL,my,0.3623,,,,0.2438
2015-12-06,Hadera_IL,CHL,my,0.2281,0.2735,0.2126,0.2741,0.6766
2015-12-07,Hadera_IL,CHL,my,0.1919,0.2971,0.2296,0.3365,0.8159
2015-12-08,Hadera_IL,CHL,my,0.1847,0.2998,0.2497,0.3154,0.8756
2015-12-09,Hadera_IL,CHL,my,0.2288,0.2381,0.2143,0.2668,0.9403
2015-12-10,Hadera_IL,CHL,my,0.2132,0.2132,0.1606,0.2268,0.5522
2015-12-11,Hadera_IL,CHL,my,,0.1567,0.13,0.161,0.6667
2015-12-19,Hadera_IL,CHL,my,0.1303,0.13,0.1109,0.1315,0.5473
2015-12-20,Hadera_IL,CHL,my,0.1272,0.1969,0.1542,0.2401,0.9403
2015-12-21,Hadera_IL,CHL,my,,0.1734,0.1579,0.1769,0.5721
2015-12-22,Hadera_IL,CHL,my,0.116,0.1742,0.1539,0.207,0.8756
2015-12-24,Hadera_IL,CHL,my,0.2077,0.2352,0.2204,0.2412,0.8756
2015-12-25,Hadera_IL,CHL,my,0.1662,0.1899,0.1706,0.2037,0.9403
2015-12-26,Hadera_IL,CHL,my,0.09903,,,,0.4229
2015-12-28,Hadera_IL,CHL,my,0.1965,0.23,0.2025,0.2473,0.8756
2015-12-29,Hadera_IL,CHL,my,0.656,0.5124,0.3701,0.656,0.8159
2015-01-02,Open_sea_ref,CHL,my,0.0482,0.0482,0.0482,0.0482,1
2015-01-20,Open_sea_ref,CHL,my,0.074,0.074,0.074,0.074,1
2015-01-21,Open_sea_ref,CHL,my,0.0665,0.0665,0.0665,0.0665,1
2015-01-22,Open_sea_ref,CHL,my,0.0947,0.0947,0.0947,0.0947,1
2015-01-31,Open_sea_ref,CHL,my,0.0873,0.0873,0.0873,0.0873,1
2015-02-01,Open_sea_ref,CHL,my,0.0793,0.0793,0.0793,0.0793,1
2015-02-02,Open_sea_ref,CHL,my,0.0794,0.0794,0.0794,0.0794,1
2015-02-05,Open_sea_ref,CHL,my,0.0735,0.0735,0.0735,0.0735,1
2015-02-07,Open_sea_ref,CHL,my,0.1088,0.1088,0.1088,0.1088,1
2015-02-16,Open_sea_ref,CHL,my,0.0843,0.0843,0.0843,0.0843,1
2015-02-19,Open_sea_ref,CHL,my,0.0713,0.0713,0.0713,0.0713,1
2015-02-25,Open_sea_ref,CHL,my,0.1281,0.1281,0.1281,0.1281,1
2015-03-01,Open_sea_ref,CHL,my,0.0916,0.0916,0.0916,0.0916,1
2015-03-02,Open_sea_ref,CHL,my,0.0817,0.0817,0.0817,0.0817,1
2015-03-05,Open_sea_ref,CHL,my,0.0667,0.0667,0.0667,0.0667,1
2015-03-06,Open_sea_ref,CHL,my,0.063,0.063,0.063,0.063,1
2015-03-08,Open_sea_ref,CHL,my,0.0567,0.0567,0.0567,0.0567,1
2015-03-14,Open_sea_ref,CHL,my,0.0541,0.0541,0.0541,0.0541,1
2015-03-15,Open_sea_ref,CHL,my,0.0521,0.0521,0.0521,0.0521,1
2015-03-16,Open_sea_ref,CHL,my,0.0521,0.0521,0.0521,0.0521,1
2015-03-22,Open_sea_ref,CHL,my,0.0489,0.0489,0.0489,0.0489,1
2015-03-29,Open_sea_ref,CHL,my,0.0633,0.0633,0.0633,0.0633,1
2015-04-05,Open_sea_ref,CHL,my,0.0437,0.0437,0.0437,0.0437,1
2015-04-06,Open_sea_ref,CHL,my,0.0405,0.0405,0.0405,0.0405,1
2015-04-07,Open_sea_ref,CHL,my,0.0419,0.0419,0.0419,0.0419,1
2015-04-14,Open_sea_ref,CHL,my,0.0391,0.0391,0.0391,0.0391,1
2015-04-19,Open_sea_ref,CHL,my,0.0405,0.0405,0.0405,0.0405,1
2015-04-22,Open_sea_ref,CHL,my,0.0367,0.0367,0.0367,0.0367,1
2015-04-23,Open_sea_ref,CHL,my,0.0449,0.0449,0.0449,0.0449,1
2015-04-24,Open_sea_ref,CHL,my,0.0364,0.0364,0.0364,0.0364,1
2015-04-25,Open_sea_ref,CHL,my,0.0326,0.0326,0.0326,0.0326,1
2015-04-26,Open_sea_ref,CHL,my,0.0439,0.0439,0.0439,0.0439,1
2015-04-28,Open_sea_ref,CHL,my,0.0416,0.0416,0.0416,0.0416,1
2015-05-01,Open_sea_ref,CHL,my,0.0288,0.0288,0.0288,0.0288,1
2015-05-02,Open_sea_ref,CHL,my,0.0351,0.0351,0.0351,0.0351,1
2015-05-04,Open_sea_ref,CHL,my,0.0272,0.0272,0.0272,0.0272,1
2015-05-06,Open_sea_ref,CHL,my,0.0269,0.0269,0.0269,0.0269,1
2015-05-08,Open_sea_ref,CHL,my,0.027,0.027,0.027,0.027,1
2015-05-09,Open_sea_ref,CHL,my,0.0358,0.0358,0.0358,0.0358,1
2015-05-12,Open_sea_ref,CHL,my,0.0419,0.0419,0.0419,0.0419,1
2015-05-17,Open_sea_ref,CHL,my,0.0254,0.0254,0.0254,0.0254,1
2015-05-18,Open_sea_ref,CHL,my,0.0193,0.0193,0.0193,0.0193,1
2015-05-20,Open_sea_ref,CHL,my,0.0309,0.0309,0.0309,0.0309,1
2015-05-21,Open_sea_ref,CHL,my,0.0295,0.0295,0.0295,0.0295,1
2015-06-02,Open_sea_ref,CHL,my,0.0412,0.0412,0.0412,0.0412,1
2015-06-03,Open_sea_ref,CHL,my,0.0179,0.0179,0.0179,0.0179,1
2015-06-04,Open_sea_ref,CHL,my,0.0272,0.0272,0.0272,0.0272,1
2015-06-09,Open_sea_ref,CHL,my,0.0201,0.0201,0.0201,0.0201,1
2015-06-12,Open_sea_ref,CHL,my,0.0285,0.0285,0.0285,0.0285,1
2015-06-18,Open_sea_ref,CHL,my,0.0279,0.0279,0.0279,0.0279,1
2015-06-20,Open_sea_ref,CHL,my,0.0254,0.0254,0.0254,0.0254,1
2015-06-21,Open_sea_ref,CHL,my,0.0304,0.0304,0.0304,0.0304,1
2015-06-29,Open_sea_ref,CHL,my,0.0286,0.0286,0.0286,0.0286,1
2015-07-04,Open_sea_ref,CHL,my,0.0278,0.0278,0.0278,0.0278,1
2015-07-05,Open_sea_ref,CHL,my,0.0218,0.0218,0.0218,0.0218,1
2015-07-06,Open_sea_ref,CHL,my,0.0232,0.0232,0.0232,0.0232,1
2015-07-11,Open_sea_ref,CHL,my,0.0216,0.0216,0.0216,0.0216,1
2015-07-16,Open_sea_ref,CHL,my,0.0276,0.0276,0.0276,0.0276,1
2015-07-17,Open_sea_ref,CHL,my,0.027,0.027,0.027,0.027,1
2015-07-20,Open_sea_ref,CHL,my,0.0225,0.0225,0.0225,0.0225,1
2015-07-21,Open_sea_ref,CHL,my,0.0205,0.0205,0.0205,0.0205,1
2015-07-22,Open_sea_ref,CHL,my,0.0207,0.0207,0.0207,0.0207,1
2015-07-23,Open_sea_ref,CHL,my,0.0296,0.0296,0.0296,0.0296,1
2015-07-24,Open_sea_ref,CHL,my,0.0389,0.0389,0.0389,0.0389,1
2015-07-25,Open_sea_ref,CHL,my,0.0387,0.0387,0.0387,0.0387,1
2015-07-27,Open_sea_ref,CHL,my,0.0319,0.0319,0.0319,0.0319,1
2015-07-28,Open_sea_ref,CHL,my,0.0241,0.0241,0.0241,0.0241,1
2015-07-29,Open_sea_ref,CHL,my,0.0284,0.0284,0.0284,0.0284,1
2015-07-31,Open_sea_ref,CHL,my,0.0337,0.0337,0.0337,0.0337,1
2015-08-05,Open_sea_ref,CHL,my,0.0298,0.0298,0.0298,0.0298,1
2015-08-07,Open_sea_ref,CHL,my,0.028,0.028,0.028,0.028,1
2015-08-09,Open_sea_ref,CHL,my,0.0276,0.0276,0.0276,0.0276,1
2015-08-13,Open_sea_ref,CHL,my,0.0227,0.0227,0.0227,0.0227,1
2015-08-14,Open_sea_ref,CHL,my,0.0213,0.0213,0.0213,0.0213,1
2015-08-15,Open_sea_ref,CHL,my,0.0235,0.0235,0.0235,0.0235,1
2015-08-16,Open_sea_ref,CHL,my,0.0242,0.0242,0.0242,0.0242,1
2015-08-18,Open_sea_ref,CHL,my,0.0269,0.0269,0.0269,0.0269,1
2015-08-21,Open_sea_ref,CHL,my,0.0357,0.0357,0.0357,0.0357,1
2015-08-25,Open_sea_ref,CHL,my,0.0269,0.0269,0.0269,0.0269,1
2015-08-28,Open_sea_ref,CHL,my,0.0237,0.0237,0.0237,0.0237,1
2015-08-29,Open_sea_ref,CHL,my,0.0202,0.0202,0.0202,0.0202,1
2015-09-01,Open_sea_ref,CHL,my,0.0279,0.0279,0.0279,0.0279,1
2015-09-03,Open_sea_ref,CHL,my,0.0232,0.0232,0.0232,0.0232,1
2015-09-06,Open_sea_ref,CHL,my,0.0244,0.0244,0.0244,0.0244,1
2015-09-13,Open_sea_ref,CHL,my,0.0233,0.0233,0.0233,0.0233,1
2015-09-17,Open_sea_ref,CHL,my,0.0421,0.0421,0.0421,0.0421,1
2015-09-19,Open_sea_ref,CHL,my,0.0326,0.0326,0.0326,0.0326,1
2015-09-20,Open_sea_ref,CHL,my,0.0366,0.0366,0.0366,0.0366,1
2015-09-22,Open_sea_ref,CHL,my,0.0322,0.0322,0.0322,0.0322,1
2015-09-24,Open_sea_ref,CHL,my,0.0365,0.0365,0.0365,0.0365,1
2015-09-25,Open_sea_ref,CHL,my,0.039,0.039,0.039,0.039,1
2015-09-26,Open_sea_ref,CHL,my,0.0369,0.0369,0.0369,0.0369,1
2015-09-29,Open_sea_ref,CHL,my,0.0434,0.0434,0.0434,0.0434,1
2015-09-30,Open_sea_ref,CHL,my,0.0452,0.0452,0.0452,0.0452,1
2015-10-01,Open_sea_ref,CHL,my,0.0343,0.0343,0.0343,0.0343,1
2015-10-02,Open_sea_ref,CHL,my,0.0325,0.0325,0.0325,0.0325,1
2015-10-03,Open_sea_ref,CHL,my,0.0294,0.0294,0.0294,0.0294,1
2015-10-05,Open_sea_ref,CHL,my,0.036,0.036,0.036,0.036,1
2015-10-06,Open_sea_ref,CHL,my,0.033,0.033,0.033,0.033,1
2015-10-11,Open_sea_ref,CHL,my,0.0237,0.0237,0.0237,0.0237,1
2015-10-22,Open_sea_ref,CHL,my,0.0353,0.0353,0.0353,0.0353,1
2015-10-26,Open_sea_ref,CHL,my,0.0485,0.0485,0.0485,0.0485,1
2015-10-28,Open_sea_ref,CHL,my,0.0419,0.0419,0.0419,0.0419,1
2015-10-30,Open_sea_ref,CHL,my,0.0451,0.0451,0.0451,0.0451,1
2015-10-31,Open_sea_ref,CHL,my,0.0422,0.0422,0.0422,0.0422,1
2015-11-02,Open_sea_ref,CHL,my,0.0467,0.0467,0.0467,0.0467,1
2015-11-10,Open_sea_ref,CHL,my,0.0448,0.0448,0.0448,0.0448,1
2015-11-11,Open_sea_ref,CHL,my,0.0725,0.0725,0.0725,0.0725,1
2015-11-12,Open_sea_ref,CHL,my,0.0546,0.0546,0.0546,0.0546,1
2015-11-13,Open_sea_ref,CHL,my,0.0628,0.0628,0.0628,0.0628,1
2015-11-14,Open_sea_ref,CHL,my,0.0574,0.0574,0.0574,0.0574,1
2015-11-17,Open_sea_ref,CHL,my,0.0709,0.0709,0.0709,0.0709,1
2015-11-19,Open_sea_ref,CHL,my,0.0496,0.0496,0.0496,0.0496,1
2015-11-20,Open_sea_ref,CHL,my,0.0411,0.0411,0.0411,0.0411,1
2015-11-22,Open_sea_ref,CHL,my,0.0566,0.0566,0.0566,0.0566,1
2015-11-23,Open_sea_ref,CHL,my,0.0437,0.0437,0.0437,0.0437,1
2015-11-24,Open_sea_ref,CHL,my,0.0671,0.0671,0.0671,0.0671,1
2015-11-27,Open_sea_ref,CHL,my,0.062,0.062,0.062,0.062,1
2015-11-29,Open_sea_ref,CHL,my,0.0632,0.0632,0.0632,0.0632,1
2015-12-06,Open_sea_ref,CHL,my,0.0526,0.0526,0.0526,0.0526,1
2015-12-08,Open_sea_ref,CHL,my,0.0633,0.0633,0.0633,0.0633,1
2015-12-10,Open_sea_ref,CHL,my,0.0818,0.0818,0.0818,0.0818,1
2015-12-24,Open_sea_ref,CHL,my,0.079,0.079,0.079,0.079,1
2015-12-25,Open_sea_ref,CHL,my,0.0688,0.0688,0.0688,0.0688,1
2015-12-26,Open_sea_ref,CHL,my,0.0548,0.0548,0.0548,0.0548,1
2015-12-28,Open_sea_ref,CHL,my,0.0671,0.0671,0.0671,0.0671,1
2015-12-29,Open_sea_ref,CHL,my,0.0642,0.0642,0.0642,0.0642,1
2015-01-02,Port_Said_EG,CHL,my,6.907,6.242,4.715,6.907,0.9296
2015-01-03,Port_Said_EG,CHL,my,7.786,6.321,4.447,7.786,0.7286
2015-01-12,Port_Said_EG,CHL,my,5.799,6.268,5.258,7.514,0.8945
2015-01-14,Port_Said_EG,CHL,my,5.067,3.138,2.729,5.067,0.7739
2015-01-16,Port_Said_EG,CHL,my,,2.97,2.184,3.255,0.6432
2015-01-17,Port_Said_EG,CHL,my,8.028,5.645,3.353,9.634,0.9698
2015-01-18,Port_Said_EG,CHL,my,9.076,11.23,6.05,16.86,0.9698
2015-01-20,Port_Said_EG,CHL,my,2.381,2.381,2.104,4.118,0.9296
2015-01-21,Port_Said_EG,CHL,my,4.899,4.736,3.043,14.24,0.9296
2015-01-22,Port_Said_EG,CHL,my,6.609,6.609,4.435,11.27,0.9296
2015-01-28,Port_Said_EG,CHL,my,20.62,6.611,4.598,20.62,0.9146
2015-01-29,Port_Said_EG,CHL,my,10.9,8.344,4.078,13.02,0.9296
2015-01-31,Port_Said_EG,CHL,my,8.276,7.294,5.204,9.882,0.9296
2015-02-01,Port_Said_EG,CHL,my,3.015,3.015,2.815,5.858,0.9296
2015-02-02,Port_Said_EG,CHL,my,2.337,2.349,2.059,3.455,0.9698
2015-02-05,Port_Said_EG,CHL,my,4.303,2.028,2.084,4.887,0.9296
2015-02-06,Port_Said_EG,CHL,my,3.122,,,,0.4774
2015-02-14,Port_Said_EG,CHL,my,,4.9,4.047,6.004,0.5075
2015-02-16,Port_Said_EG,CHL,my,7.166,6.37,3.872,14.49,0.9296
2015-02-22,Port_Said_EG,CHL,my,7.266,,,,0.4372
2015-02-26,Port_Said_EG,CHL,my,5.102,3.795,3.01,5.287,0.8744
2015-03-01,Port_Said_EG,CHL,my,2.863,14.94,7.993,24.06,0.7035
2015-03-02,Port_Said_EG,CHL,my,32.37,11.61,6.71,32.37,0.9146
2015-03-04,Port_Said_EG,CHL,my,5.056,5.486,3.426,6.806,0.5578
2015-03-05,Port_Said_EG,CHL,my,4.144,5.041,3.193,6.055,0.9196
2015-03-06,Port_Said_EG,CHL,my,4.39,3.823,2.476,4.39,0.9296
2015-03-07,Port_Said_EG,CHL,my,2.621,2.473,2.29,4.389,0.9296
2015-03-08,Port_Said_EG,CHL,my,12.71,11.72,6.404,14.51,0.8643
2015-03-12,Port_Said_EG,CHL,my,14.12,6.986,4.372,14.12,0.8744
2015-03-13,Port_Said_EG,CHL,my,8.865,8.865,4.579,10.96,0.9296
2015-03-14,Port_Said_EG,CHL,my,2.388,2.388,2.154,3.382,0.8744
2015-03-15,Port_Said_EG,CHL,my,33.92,2.667,5.46,33.92,0.8392
2015-03-18,Port_Said_EG,CHL,my,4.919,5.073,3.215,8.16,0.9296
2015-03-19,Port_Said_EG,CHL,my,,3.351,4.491,26.02,0.6583
2015-03-20,Port_Said_EG,CHL,my,18.41,8.806,5.133,18.41,0.7236
2015-03-22,Port_Said_EG,CHL,my,9.626,,,,0.2513
2015-04-01,Port_Said_EG,CHL,my,8.345,4.339,3.534,8.345,0.8744
2015-04-02,Port_Said_EG,CHL,my,,3.537,2.81,4.873,0.5628
2015-04-03,Port_Said_EG,CHL,my,3.617,2.273,2.057,3.617,0.8744
2015-04-05,Port_Said_EG,CHL,my,6.538,6.493,3.832,7.335,0.6382
2015-04-06,Port_Said_EG,CHL,my,2.952,2.799,2.282,4.577,0.9296
2015-04-07,Port_Said_EG,CHL,my,,2.688,2.062,3.069,0.7839
2015-04-12,Port_Said_EG,CHL,my,,6.177,4.976,6.464,0.5628
2015-04-14,Port_Said_EG,CHL,my,13.74,,,,0.4874
2015-04-15,Port_Said_EG,CHL,my,5.35,4.581,2.924,5.893,0.8744
2015-04-18,Port_Said_EG,CHL,my,19.74,22.47,13.13,28.33,0.5075
2015-04-24,Port_Said_EG,CHL,my,9.914,4.897,4.708,9.914,0.8543
2015-04-25,Port_Said_EG,CHL,my,5.63,4.335,3.475,6.029,0.8744
2015-04-26,Port_Said_EG,CHL,my,,6.841,3.807,6.906,0.6382
2015-04-28,Port_Said_EG,CHL,my,12.5,12.07,5.002,21.03,0.9296
2015-05-01,Port_Said_EG,CHL,my,,2.083,1.783,2.259,0.5779
2015-05-02,Port_Said_EG,CHL,my,5.143,2.876,2.622,7.835,0.9497
2015-05-03,Port_Said_EG,CHL,my,3.112,2.471,1.951,3.57,0.9296
2015-05-06,Port_Said_EG,CHL,my,2.512,1.983,1.68,2.512,0.7688
2015-05-07,Port_Said_EG,CHL,my,,2.62,2.795,14.15,0.6583
2015-05-08,Port_Said_EG,CHL,my,8.964,4.162,3.091,17,0.9799
2015-05-10,Port_Said_EG,CHL,my,4.525,1.823,1.606,4.525,0.8543
2015-05-12,Port_Said_EG,CHL,my,,1.578,1.097,1.956,0.5779
2015-05-14,Port_Said_EG,CHL,my,5.904,5.904,3.435,21.94,0.9296
2015-05-15,Port_Said_EG,CHL,my,,2.05,2.05,6.149,0.7839
2015-05-17,Port_Said_EG,CHL,my,2.724,2.214,1.679,2.724,0.8543
2015-05-19,Port_Said_EG,CHL,my,,11.68,8.199,34.37,0.8593
2015-05-30,Port_Said_EG,CHL,my,,1.571,1.273,1.837,0.6784
2015-05-31,Port_Said_EG,CHL,my,6.404,5.405,2.796,6.404,0.8744
2015-06-04,Port_Said_EG,CHL,my,8.236,3.055,2.538,11.5,0.9296
2015-06-09,Port_Said_EG,CHL,my,10.55,9.275,4.467,16.74,0.9296
2015-06-11,Port_Said_EG,CHL,my,,5.968,2.963,9.17,0.7839
2015-06-12,Port_Said_EG,CHL,my,7.212,4.847,3.168,9.441,0.9296
2015-06-13,Port_Said_EG,CHL,my,5.371,3.022,2.76,9.69,0.9698
2015-06-14,Port_Said_EG,CHL,my,11.63,11.55,5.499,37.62,0.8593
2015-06-15,Port_Said_EG,CHL,my,5.071,2.931,2.324,9.408,0.9698
2015-06-16,Port_Said_EG,CHL,my,,1.765,1.546,3.631,0.7739
2015-06-18,Port_Said_EG,CHL,my,9.713,3.4,2.77,9.713,0.8543
2015-06-20,Port_Said_EG,CHL,my,3.575,2.256,1.602,4.188,0.9296
2015-06-23,Port_Said_EG,CHL,my,2.229,2.2,1.371,2.311,0.804
2015-06-24,Port_Said_EG,CHL,my,6.723,,,,0.3819
2015-06-25,Port_Said_EG,CHL,my,5.443,5.151,3.011,6.644,0.9296
2015-06-29,Port_Said_EG,CHL,my,4.711,4.121,2.407,5.045,0.8744
2015-06-30,Port_Said_EG,CHL,my,10.26,7.398,3.049,10.26,0.799
2015-07-02,Port_Said_EG,CHL,my,,2.37,2.077,5.591,0.7186
2015-07-04,Port_Said_EG,CHL,my,5.739,4.061,2.444,5.739,0.8744
2015-07-05,Port_Said_EG,CHL,my,6.209,5.625,3.162,10.5,0.9296
2015-07-06,Port_Said_EG,CHL,my,10.49,8.943,4.128,13.24,0.9698
2015-07-09,Port_Said_EG,CHL,my,10.55,2.788,3.007,10.55,0.799
2015-07-10,Port_Said_EG,CHL,my,22.54,21.58,11.53,45.32,0.7789
2015-07-11,Port_Said_EG,CHL,my,7.059,7.059,2.948,9.692,0.9296
2015-07-13,Port_Said_EG,CHL,my,4.025,2.375,1.765,4.025,0.8744
2015-07-14,Port_Said_EG,CHL,my,3.455,2.284,1.971,3.725,0.8492
2015-07-15,Port_Said_EG,CHL,my,5.628,2.455,2.043,5.628,0.8744
2015-07-16,Port_Said_EG,CHL,my,6.474,2.562,2.681,8.782,0.7839
2015-07-17,Port_Said_EG,CHL,my,4.818,2.504,2.22,4.854,0.9698
2015-07-18,Port_Said_EG,CHL,my,,2.14,1.468,4.178,0.7186
2015-07-19,Port_Said_EG,CHL,my,6.708,3.272,2.766,10.98,0.8442
2015-07-20,Port_Said_EG,CHL,my,6.536,6.063,3.206,9.612,0.9296
2015-07-21,Port_Said_EG,CHL,my,13.78,4.166,3.429,13.78,0.8744
2015-07-22,Port_Said_EG,CHL,my,7.864,7.22,3.855,12.41,0.9698
2015-07-25,Port_Said_EG,CHL,my,,3.185,3.177,20.61,0.6784
2015-07-26,Port_Said_EG,CHL,my,19.49,12.12,6.247,23.54,0.6482
2015-07-27,Port_Said_EG,CHL,my,7.77,4.009,2.89,7.822,0.9296
2015-07-28,Port_Said_EG,CHL,my,4.938,3.597,2.54,8.306,0.9698
2015-07-29,Port_Said_EG,CHL,my,3.419,3.008,1.998,6.19,0.8744
2015-07-31,Port_Said_EG,CHL,my,4.685,2.017,1.729,5.898,0.8744
2015-08-01,Port_Said_EG,CHL,my,3.612,3.209,1.921,6.155,0.799
2015-08-04,Port_Said_EG,CHL,my,,2.941,1.678,4.429,0.5176
2015-08-05,Port_Said_EG,CHL,my,3.983,2.894,2.037,5.204,0.9296
2015-08-06,Port_Said_EG,CHL,my,4.576,3.009,1.962,4.576,0.8543
2015-08-07,Port_Said_EG,CHL,my,2.897,2.897,2.241,3.106,0.8744
2015-08-12,Port_Said_EG,CHL,my,13.49,13.49,6.476,16.74,0.9296
2015-08-13,Port_Said_EG,CHL,my,6.723,5.594,3.229,10.66,0.9296
2015-08-14,Port_Said_EG,CHL,my,12.76,8.077,5.291,12.76,0.8744
2015-08-15,Port_Said_EG,CHL,my,7.606,7.606,5.423,9.368,0.9296
2015-08-16,Port_Said_EG,CHL,my,,3.295,2.267,3.52,0.5276
2015-08-18,Port_Said_EG,CHL,my,8.402,3.017,2.413,8.402,0.8543
2015-08-19,Port_Said_EG,CHL,my,,5.973,3.496,11.96,0.8392
2015-08-20,Port_Said_EG,CHL,my,3.217,3.125,2.136,6.968,0.8543
2015-08-21,Port_Said_EG,CHL,my,5.139,2.727,1.962,5.877,0.8744
2015-08-26,Port_Said_EG,CHL,my,4.719,4.018,2.511,4.719,0.8543
2015-08-27,Port_Said_EG,CHL,my,5.341,3.62,3.203,16.55,0.6533
2015-08-28,Port_Said_EG,CHL,my,5.98,5.98,3.418,7.538,0.9296
2015-08-29,Port_Said_EG,CHL,my,10.57,8.728,5.048,15.19,0.9698
2015-08-30,Port_Said_EG,CHL,my,5.568,2.305,2.245,5.893,0.9296
2015-08-31,Port_Said_EG,CHL,my,7.579,7.23,3.86,12.57,0.9296
2015-09-01,Port_Said_EG,CHL,my,6.574,2.562,2.402,7.286,0.9296
2015-09-02,Port_Said_EG,CHL,my,,7.269,3.851,13.34,0.7286
2015-09-03,Port_Said_EG,CHL,my,8.313,6.308,3.069,11.03,0.9296
2015-09-04,Port_Said_EG,CHL,my,8.857,8.385,3.851,11.01,0.9497
2015-09-05,Port_Said_EG,CHL,my,10.21,8.847,4.396,16.44,0.9095
2015-09-06,Port_Said_EG,CHL,my,15.67,14.7,6.177,27.12,0.9698
2015-09-16,Port_Said_EG,CHL,my,10.75,11.87,6.729,17.13,0.9296
2015-09-17,Port_Said_EG,CHL,my,6.054,7.619,4.767,12.53,0.9296
2015-09-18,Port_Said_EG,CHL,my,7.55,8.173,5.471,19.24,0.8543
2015-09-19,Port_Said_EG,CHL,my,4.073,4.073,2.2,5.057,0.9296
2015-09-20,Port_Said_EG,CHL,my,,2.724,1.75,2.906,0.5126
2015-09-21,Port_Said_EG,CHL,my,6.532,6.517,3.55,9.37,0.9296
2015-09-22,Port_Said_EG,CHL,my,,5.734,3.15,5.997,0.7739
2015-09-24,Port_Said_EG,CHL,my,6.79,5.111,3.12,7.66,0.9296
2015-09-26,Port_Said_EG,CHL,my,4.288,2.373,1.905,4.288,0.8643
2015-09-28,Port_Said_EG,CHL,my,12.06,12.06,6.55,14.06,0.9296
2015-09-29,Port_Said_EG,CHL,my,8.614,8.51,5.386,11.34,0.9296
2015-10-01,Port_Said_EG,CHL,my,9.628,9.628,4.344,15.95,0.7889
2015-10-02,Port_Said_EG,CHL,my,8.583,8.672,4.982,13.27,0.8744
2015-10-03,Port_Said_EG,CHL,my,6.591,,,,0.4221
2015-10-05,Port_Said_EG,CHL,my,14.99,10.42,5.688,14.99,0.8392
2015-10-06,Port_Said_EG,CHL,my,5.617,4.857,2.284,5.735,0.9698
2015-10-09,Port_Said_EG,CHL,my,4.82,4.571,2.469,4.82,0.6683
2015-10-11,Port_Said_EG,CHL,my,4.45,,,,0.2513
2015-10-14,Port_Said_EG,CHL,my,8.268,9.16,6.036,11.37,0.6533
2015-10-15,Port_Said_EG,CHL,my,7.334,,,,0.1558
2015-10-16,Port_Said_EG,CHL,my,2.656,2.382,1.825,2.84,0.9296
2015-10-17,Port_Said_EG,CHL,my,2.548,2.133,1.898,4.218,0.9698
2015-10-21,Port_Said_EG,CHL,my,17.46,16.22,8.622,20.53,0.9296
2015-10-22,Port_Said_EG,CHL,my,13.41,12.77,6.796,18.74,0.9698
2015-10-29,Port_Said_EG,CHL,my,5.851,5.253,2.698,6.092,0.6985
2015-10-31,Port_Said_EG,CHL,my,9.116,11.43,6.833,15.28,0.8945
2015-11-01,Port_Said_EG,CHL,my,4.417,,,,0.3668
2015-11-02,Port_Said_EG,CHL,my,5.483,4.917,3.313,5.954,0.8543
2015-11-11,Port_Said_EG,CHL,my,30.23,23.87,11.34,30.23,0.799
2015-11-13,Port_Said_EG,CHL,my,10.76,9.608,5.102,10.87,0.9296
2015-11-14,Port_Said_EG,CHL,my,7.954,,,,0.1457
2015-11-20,Port_Said_EG,CHL,my,21.16,20.48,12.96,26.97,0.5628
2015-11-22,Port_Said_EG,CHL,my,18.48,15.48,9.763,41.82,0.9296
2015-11-23,Port_Said_EG,CHL,my,15.89,13.88,6.939,16.98,0.9296
2015-11-24,Port_Said_EG,CHL,my,7.058,5.972,3.998,7.503,0.9698
2015-11-29,Port_Said_EG,CHL,my,8.517,7.088,4.069,11.06,0.9698
2015-12-01,Port_Said_EG,CHL,my,4.827,,,,0.3317
2015-12-02,Port_Said_EG,CHL,my,6.6,5.983,3.955,8.788,0.9296
2015-12-06,Port_Said_EG,CHL,my,6.25,6.25,5.461,6.882,0.593
2015-12-08,Port_Said_EG,CHL,my,13.88,16.27,8.868,23.79,0.9698
2015-12-09,Port_Said_EG,CHL,my,13.77,10.88,6.598,22.95,0.9296
2015-12-15,Port_Said_EG,CHL,my,7.833,6.583,3.777,14.53,0.9698
2015-12-20,Port_Said_EG,CHL,my,3.651,3.487,2.195,7.11,0.8744
2015-12-25,Port_Said_EG,CHL,my,10.74,8.621,5.723,10.74,0.9146
2015-12-26,Port_Said_EG,CHL,my,,2.547,5.256,33.24,0.6382
2015-12-30,Port_Said_EG,CHL,my,8.039,5.905,4.875,8.089,0.5678
2015-01-04,Rafah_Gaza,CHL,my,0.7366,0.4178,0.3073,1.708,0.86
2015-01-12,Rafah_Gaza,CHL,my,1.12,0.6825,0.5345,1.359,0.915
2015-01-17,Rafah_Gaza,CHL,my,0.5207,,,,0.27
2015-01-18,Rafah_Gaza,CHL,my,0.2399,0.2109,0.1642,0.3478,0.95
2015-01-20,Rafah_Gaza,CHL,my,0.2962,0.3225,0.2975,0.4404,0.875
2015-01-21,Rafah_Gaza,CHL,my,0.8229,0.7736,0.7015,0.8497,0.62
2015-01-22,Rafah_Gaza,CHL,my,0.4298,0.8979,0.7368,0.9733,0.95
2015-01-23,Rafah_Gaza,CHL,my,0.8706,0.7318,0.5841,0.9411,0.915
2015-01-24,Rafah_Gaza,CHL,my,0.9221,,,,0.12
2015-01-29,Rafah_Gaza,CHL,my,0.2351,0.2438,0.174,0.4445,0.95
2015-01-31,Rafah_Gaza,CHL,my,1.224,1.194,0.6155,1.409,0.875
2015-02-01,Rafah_Gaza,CHL,my,1.101,1.12,0.6254,1.197,0.745
2015-02-02,Rafah_Gaza,CHL,my,0.3903,0.3903,0.2661,1.649,1
2015-02-05,Rafah_Gaza,CHL,my,0.1342,0.1317,0.114,0.1422,0.875
2015-02-08,Rafah_Gaza,CHL,my,0.2325,0.1782,0.1407,0.2434,0.67
2015-02-14,Rafah_Gaza,CHL,my,1.386,1.274,0.959,1.51,0.915
2015-02-16,Rafah_Gaza,CHL,my,0.3811,,,,0.465
2015-02-28,Rafah_Gaza,CHL,my,,0.747,0.4194,0.888,0.56
2015-03-01,Rafah_Gaza,CHL,my,0.9323,0.762,0.5346,1.289,0.915
2015-03-02,Rafah_Gaza,CHL,my,0.8411,0.8055,0.5894,1.306,0.635
2015-03-03,Rafah_Gaza,CHL,my,0.5754,0.5556,0.3684,0.7209,0.835
2015-03-05,Rafah_Gaza,CHL,my,1.399,1.42,0.7494,1.502,0.875
2015-03-06,Rafah_Gaza,CHL,my,1.208,0.9868,0.5429,1.373,0.915
2015-03-13,Rafah_Gaza,CHL,my,1.107,0.9221,0.4802,1.107,0.875
2015-03-14,Rafah_Gaza,CHL,my,1.24,1.252,0.5603,1.493,0.875
2015-03-16,Rafah_Gaza,CHL,my,1.211,,,,0.145
2015-03-17,Rafah_Gaza,CHL,my,1.485,1.379,0.785,1.503,0.95
2015-03-21,Rafah_Gaza,CHL,my,1.897,1.852,1.267,1.916,0.72
2015-03-22,Rafah_Gaza,CHL,my,3.368,3.326,1.808,3.578,0.915
2015-03-30,Rafah_Gaza,CHL,my,,0.4379,0.3725,0.4746,0.615
2015-03-31,Rafah_Gaza,CHL,my,0.5469,0.4003,0.2801,0.6344,0.875
2015-04-02,Rafah_Gaza,CHL,my,1.461,1.425,0.7505,1.469,0.915
2015-04-03,Rafah_Gaza,CHL,my,1.324,1.342,0.6897,1.46,0.875
2015-04-06,Rafah_Gaza,CHL,my,1.435,1.358,0.7694,1.521,0.95
2015-04-10,Rafah_Gaza,CHL,my,3.566,2.743,1.204,3.566,0.825
2015-04-18,Rafah_Gaza,CHL,my,1.563,1.563,1.076,1.646,0.915
2015-04-19,Rafah_Gaza,CHL,my,1.458,1.679,1.306,1.745,0.875
2015-04-24,Rafah_Gaza,CHL,my,5.31,5.317,3.332,6.028,0.62
2015-04-25,Rafah_Gaza,CHL,my,3.021,3.056,1.927,3.499,0.825
2015-04-26,Rafah_Gaza,CHL,my,1.699,1.903,1.587,2.053,0.875
2015-04-28,Rafah_Gaza,CHL,my,,1.269,0.8971,1.287,0.715
2015-04-29,Rafah_Gaza,CHL,my,1.072,1.09,0.8213,1.263,0.825
2015-05-01,Rafah_Gaza,CHL,my,,0.9899,0.5011,1.031,0.74
2015-05-02,Rafah_Gaza,CHL,my,1.031,0.9216,0.5188,1.031,0.825
2015-05-03,Rafah_Gaza,CHL,my,,0.7725,0.4426,1.301,0.69
2015-05-04,Rafah_Gaza,CHL,my,1.169,0.9593,0.6534,1.322,0.915
2015-05-05,Rafah_Gaza,CHL,my,0.9771,0.7973,0.4766,1.144,0.915
2015-05-06,Rafah_Gaza,CHL,my,1.011,0.5744,0.3519,1.059,0.81
2015-05-08,Rafah_Gaza,CHL,my,0.7609,0.3327,0.2246,0.7839,0.795
2015-05-09,Rafah_Gaza,CHL,my,,0.1039,0.09351,0.1694,0.56
2015-05-12,Rafah_Gaza,CHL,my,0.8315,0.7908,0.5886,0.8665,0.58
2015-05-14,Rafah_Gaza,CHL,my,0.4329,0.4748,0.2738,0.7117,0.875
2015-05-17,Rafah_Gaza,CHL,my,0.985,0.8328,0.3465,0.985,0.825
2015-05-20,Rafah_Gaza,CHL,my,0.2509,0.2319,0.1543,0.366,0.915
2015-05-29,Rafah_Gaza,CHL,my,0.5133,0.3602,0.1865,0.5133,0.875
2015-05-30,Rafah_Gaza,CHL,my,1.024,1.024,0.4541,1.207,0.915
2015-06-02,Rafah_Gaza,CHL,my,,0.9092,0.4865,1.373,0.57
2015-06-04,Rafah_Gaza,CHL,my,1.209,1.145,0.5891,1.216,0.875
2015-06-05,Rafah_Gaza,CHL,my,,0.2245,0.1827,0.3333,0.56
2015-06-10,Rafah_Gaza,CHL,my,0.3719,0.2822,0.2048,0.5252,0.915
2015-06-11,Rafah_Gaza,CHL,my,0.1358,0.1466,0.1435,0.157,0.875
2015-06-12,Rafah_Gaza,CHL,my,,0.1789,0.1389,0.2649,0.795
2015-06-13,Rafah_Gaza,CHL,my,0.7717,0.4345,0.3007,1.565,0.875
2015-06-14,Rafah_Gaza,CHL,my,0.282,0.282,0.1642,0.4378,0.715
2015-06-15,Rafah_Gaza,CHL,my,0.4557,0.3302,0.2968,1.093,0.915
2015-06-18,Rafah_Gaza,CHL,my,1.322,1.172,0.4066,1.324,0.825
2015-06-19,Rafah_Gaza,CHL,my,,0.1082,0.2185,1.248,0.535
2015-06-20,Rafah_Gaza,CHL,my,1.301,1.211,0.653,1.331,0.67
2015-06-21,Rafah_Gaza,CHL,my,1.426,1.332,0.6386,1.635,0.95
2015-06-22,Rafah_Gaza,CHL,my,1.401,1.237,0.5975,1.463,0.915
2015-06-23,Rafah_Gaza,CHL,my,,0.8846,0.3607,1.229,0.695
2015-06-25,Rafah_Gaza,CHL,my,2.401,2.282,1.356,2.401,0.875
2015-06-26,Rafah_Gaza,CHL,my,1.827,1.731,1.086,1.909,0.655
2015-06-29,Rafah_Gaza,CHL,my,1.793,1.771,1.07,1.825,0.875
2015-06-30,Rafah_Gaza,CHL,my,1.872,1.781,1.114,3.026,0.8
2015-07-01,Rafah_Gaza,CHL,my,1.48,1.371,0.6976,1.484,0.875
2015-07-04,Rafah_Gaza,CHL,my,1.501,1.546,0.9854,1.678,0.825
2015-07-05,Rafah_Gaza,CHL,my,1.639,1.47,0.8687,1.639,0.825
2015-07-06,Rafah_Gaza,CHL,my,,1.199,0.5949,1.237,0.565
2015-07-07,Rafah_Gaza,CHL,my,1.073,1.163,0.7754,1.222,0.915
2015-07-08,Rafah_Gaza,CHL,my,1.366,1.754,1.167,1.899,0.875
2015-07-09,Rafah_Gaza,CHL,my,1.662,1.594,0.8724,1.72,0.875
2015-07-11,Rafah_Gaza,CHL,my,1.606,,,,0.395
2015-07-12,Rafah_Gaza,CHL,my,1.014,0.9329,0.6592,1.728,0.95
2015-07-13,Rafah_Gaza,CHL,my,,1.237,0.8624,1.754,0.795
2015-07-14,Rafah_Gaza,CHL,my,,1.587,0.6206,1.721,0.74
2015-07-15,Rafah_Gaza,CHL,my,1.73,1.683,0.9335,1.754,0.875
2015-07-16,Rafah_Gaza,CHL,my,2.016,1.963,1.449,2.081,0.64
2015-07-17,Rafah_Gaza,CHL,my,1.558,1.432,0.6474,1.589,0.95
2015-07-20,Rafah_Gaza,CHL,my,1.105,1.443,0.9112,1.553,0.865
2015-07-21,Rafah_Gaza,CHL,my,1.257,1.291,0.7128,1.449,0.825
2015-07-22,Rafah_Gaza,CHL,my,1.329,1.329,0.6734,1.466,0.915
2015-07-23,Rafah_Gaza,CHL,my,1.263,1.243,0.834,1.549,0.95
2015-07-24,Rafah_Gaza,CHL,my,0.7347,0.8651,0.7867,0.9487,0.875
2015-07-25,Rafah_Gaza,CHL,my,,0.6327,0.5957,0.735,0.735
2015-07-28,Rafah_Gaza,CHL,my,0.4243,0.4421,0.2751,0.65,0.915
2015-07-29,Rafah_Gaza,CHL,my,0.506,0.4561,0.2321,0.506,0.825
2015-07-30,Rafah_Gaza,CHL,my,0.3981,0.3438,0.2392,0.4113,0.875
2015-07-31,Rafah_Gaza,CHL,my,0.8277,0.8277,0.4782,1.014,0.875
2015-08-06,Rafah_Gaza,CHL,my,1.554,1.308,0.6496,1.554,0.825
2015-08-07,Rafah_Gaza,CHL,my,,1.053,0.5197,1.393,0.795
2015-08-08,Rafah_Gaza,CHL,my,1.048,0.9957,0.5528,1.271,0.915
2015-08-09,Rafah_Gaza,CHL,my,1.091,0.9553,0.4766,1.808,0.915
2015-08-10,Rafah_Gaza,CHL,my,,0.4744,0.2865,0.5103,0.53
2015-08-12,Rafah_Gaza,CHL,my,0.2512,0.2512,0.1863,0.5348,0.875
2015-08-13,Rafah_Gaza,CHL,my,0.2111,0.2465,0.1667,0.371,0.915
2015-08-14,Rafah_Gaza,CHL,my,0.1444,0.1914,0.1376,0.2068,0.825
2015-08-15,Rafah_Gaza,CHL,my,0.3592,0.2667,0.2198,0.3592,0.825
2015-08-16,Rafah_Gaza,CHL,my,0.2704,0.3349,0.2751,0.4288,0.875
2015-08-18,Rafah_Gaza,CHL,my,0.331,0.2204,0.1973,0.331,0.825
2015-08-21,Rafah_Gaza,CHL,my,,0.3437,0.3079,1.14,0.74
2015-08-22,Rafah_Gaza,CHL,my,,0.5614,0.3728,1,0.74
2015-08-23,Rafah_Gaza,CHL,my,0.5929,0.6982,0.3785,0.9052,0.825
2015-08-24,Rafah_Gaza,CHL,my,1.336,1.233,0.6203,1.538,0.905
2015-08-25,Rafah_Gaza,CHL,my,1.663,1.663,1.196,1.759,0.785
2015-08-26,Rafah_Gaza,CHL,my,1.554,1.515,0.7153,1.66,0.79
2015-08-28,Rafah_Gaza,CHL,my,1.602,1.131,0.7529,1.636,0.875
2015-08-29,Rafah_Gaza,CHL,my,0.9885,0.5694,0.3921,1.252,0.915
2015-08-30,Rafah_Gaza,CHL,my,0.3797,0.2794,0.1761,0.3803,0.815
2015-08-31,Rafah_Gaza,CHL,my,0.7704,0.6524,0.2797,0.7796,0.825
2015-09-01,Rafah_Gaza,CHL,my,0.8927,0.9753,0.4965,1.116,0.785
2015-09-02,Rafah_Gaza,CHL,my,,0.9102,0.4932,1.349,0.795
2015-09-03,Rafah_Gaza,CHL,my,0.9694,0.9694,0.4668,1.107,0.915
2015-09-06,Rafah_Gaza,CHL,my,1.147,1.23,0.7429,1.317,0.915
2015-09-17,Rafah_Gaza,CHL,my,0.4804,0.3239,0.2113,0.8443,0.875
2015-09-18,Rafah_Gaza,CHL,my,1.147,0.6448,0.4254,1.147,0.825
2015-09-19,Rafah_Gaza,CHL,my,0.8572,0.4419,0.4125,1.928,0.915
2015-09-20,Rafah_Gaza,CHL,my,0.9685,0.9416,0.4302,1.017,0.95
2015-09-21,Rafah_Gaza,CHL,my,0.9295,0.8661,0.3813,0.9295,0.79
2015-09-22,Rafah_Gaza,CHL,my,0.7814,0.8243,0.3786,0.97,0.825
2015-09-25,Rafah_Gaza,CHL,my,0.9417,0.7052,0.4825,1.133,0.915
2015-09-26,Rafah_Gaza,CHL,my,0.7224,0.7224,0.3281,0.8719,0.875
2015-09-27,Rafah_Gaza,CHL,my,1.032,0.7986,0.2964,1.032,0.915
2015-09-28,Rafah_Gaza,CHL,my,0.7558,0.4458,0.2486,1.021,0.88
2015-09-30,Rafah_Gaza,CHL,my,0.416,0.2531,0.1864,0.4751,0.875
2015-10-01,Rafah_Gaza,CHL,my,,0.5936,0.2713,0.6983,0.795
2015-10-03,Rafah_Gaza,CHL,my,1.197,0.9786,0.3412,1.308,0.915
2015-10-06,Rafah_Gaza,CHL,my,1.231,1.187,0.5841,1.276,0.555
2015-10-08,Rafah_Gaza,CHL,my,,0.8894,0.6665,0.9581,0.73
2015-10-10,Rafah_Gaza,CHL,my,0.2708,0.5872,0.4564,0.6315,0.865
2015-10-11,Rafah_Gaza,CHL,my,0.4294,0.5413,0.4576,0.5798,0.915
2015-10-14,Rafah_Gaza,CHL,my,1.042,0.8282,0.5377,1.042,0.875
2015-10-16,Rafah_Gaza,CHL,my,1.179,1.055,0.6482,1.179,0.915
2015-10-17,Rafah_Gaza,CHL,my,1.052,0.8998,0.5225,1.052,0.825
2015-10-21,Rafah_Gaza,CHL,my,0.849,0.7635,0.5015,1.107,0.915
2015-10-22,Rafah_Gaza,CHL,my,0.8172,0.7463,0.5262,1.516,0.86
2015-10-28,Rafah_Gaza,CHL,my,1.309,1.429,1.09,1.516,0.575
2015-10-30,Rafah_Gaza,CHL,my,1.364,1.435,1.08,1.584,0.67
2015-10-31,Rafah_Gaza,CHL,my,1.016,0.8926,0.6113,1.057,0.875
2015-11-01,Rafah_Gaza,CHL,my,0.9396,0.9802,0.6606,1.124,0.915
2015-11-02,Rafah_Gaza,CHL,my,1.236,1.187,0.7118,1.236,0.915
2015-11-08,Rafah_Gaza,CHL,my,0.671,,,,0.22
2015-11-11,Rafah_Gaza,CHL,my,1.07,1.044,0.5436,1.11,0.58
2015-11-12,Rafah_Gaza,CHL,my,0.5237,0.4226,0.3644,1.007,0.915
2015-11-13,Rafah_Gaza,CHL,my,0.3181,0.3181,0.2897,0.3454,0.915
2015-11-14,Rafah_Gaza,CHL,my,0.3269,0.3849,0.338,0.5446,0.795
2015-11-20,Rafah_Gaza,CHL,my,0.4166,0.3881,0.2476,0.5635,0.875
2015-11-22,Rafah_Gaza,CHL,my,0.7592,0.6796,0.5201,1.258,0.915
2015-11-24,Rafah_Gaza,CHL,my,0.7121,0.7613,0.8215,8.001,0.95
2015-11-29,Rafah_Gaza,CHL,my,0.8031,0.6787,0.4089,0.8398,0.915
2015-12-04,Rafah_Gaza,CHL,my,1.293,1.4,1.166,1.545,0.525
2015-12-05,Rafah_Gaza,CHL,my,,0.973,0.6991,1.204,0.885
2015-12-06,Rafah_Gaza,CHL,my,1.491,0.8598,0.7164,1.491,0.875
2015-12-07,Rafah_Gaza,CHL,my,,0.632,0.4969,0.7049,0.705
2015-12-08,Rafah_Gaza,CHL,my,0.8058,0.7624,0.5258,0.8392,0.915
2015-12-09,Rafah_Gaza,CHL,my,0.5664,0.4811,0.3952,0.5892,0.95
2015-12-10,Rafah_Gaza,CHL,my,0.9182,0.81,0.5789,0.9272,0.915
2015-12-18,Rafah_Gaza,CHL,my,0.782,0.4785,0.3451,0.782,0.875
2015-12-19,Rafah_Gaza,CHL,my,0.3869,0.5099,0.2997,0.739,0.875
2015-12-20,Rafah_Gaza,CHL,my,0.1258,0.1258,0.1835,1.56,1
2015-12-21,Rafah_Gaza,CHL,my,0.3063,0.2224,0.1649,0.3125,0.695
2015-12-22,Rafah_Gaza,CHL,my,0.3026,0.162,0.1507,0.3541,0.915
2015-12-23,Rafah_Gaza,CHL,my,0.7843,0.7843,0.4993,2.114,0.67
2015-12-25,Rafah_Gaza,CHL,my,0.3475,0.412,0.2806,0.5653,0.915
2015-12-26,Rafah_Gaza,CHL,my,0.4594,0.4703,0.336,0.8308,0.95
2015-12-27,Rafah_Gaza,CHL,my,0.08114,0.1104,0.07388,0.1522,0.5
2015-12-28,Rafah_Gaza,CHL,my,0.292,0.4586,0.2495,0.7435,0.875
2015-12-29,Rafah_Gaza,CHL,my,0.5056,0.3442,0.2444,0.5136,0.915
2015-01-04,Rosetta_mouth,CHL,my,8.084,6.374,3.397,8.084,1
2015-01-11,Rosetta_mouth,CHL,my,3.734,2.802,2.134,4.54,0.6906
2015-01-17,Rosetta_mouth,CHL,my,5.082,,,,0.4365
2015-01-18,Rosetta_mouth,CHL,my,3.477,,,,0.4365
2015-01-20,Rosetta_mouth,CHL,my,2.268,1.929,1.338,2.438,1
2015-01-21,Rosetta_mouth,CHL,my,,2.021,1.386,2.682,0.9392
2015-01-23,Rosetta_mouth,CHL,my,3.213,3.005,2.301,4.461,0.7459
2015-01-26,Rosetta_mouth,CHL,my,13.17,8.657,3.899,13.22,0.8066
2015-01-29,Rosetta_mouth,CHL,my,2.652,1.214,0.7996,2.652,0.9337
2015-01-31,Rosetta_mouth,CHL,my,7.243,5.992,4.197,7.467,1
2015-02-01,Rosetta_mouth,CHL,my,6.156,4.213,3.02,6.787,1
2015-02-02,Rosetta_mouth,CHL,my,3.655,2.307,1.972,3.69,1
2015-02-05,Rosetta_mouth,CHL,my,6.123,4.929,3.423,6.713,1
2015-02-06,Rosetta_mouth,CHL,my,2.715,,,,0.1823
2015-02-25,Rosetta_mouth,CHL,my,3.995,1.914,1.613,3.995,0.9337
2015-02-26,Rosetta_mouth,CHL,my,4.029,3.732,2.862,6.02,0.6243
2015-03-02,Rosetta_mouth,CHL,my,3.577,1.534,1.601,4.285,1
2015-03-03,Rosetta_mouth,CHL,my,2.46,1.781,1.192,3.168,1
2015-03-05,Rosetta_mouth,CHL,my,2.014,,,,0.1878
2015-03-06,Rosetta_mouth,CHL,my,2.393,1.719,1.228,2.668,1
2015-03-07,Rosetta_mouth,CHL,my,3.999,3.282,2.371,6.684,1
2015-03-12,Rosetta_mouth,CHL,my,1.778,1.562,1.288,1.784,0.6851
2015-03-13,Rosetta_mouth,CHL,my,2.43,2.341,1.815,2.813,0.6851
2015-03-14,Rosetta_mouth,CHL,my,2.567,2.381,1.98,2.723,1
2015-03-15,Rosetta_mouth,CHL,my,2.149,1.997,1.557,3.055,1
2015-03-17,Rosetta_mouth,CHL,my,2.222,1.814,1.47,2.505,1
2015-03-18,Rosetta_mouth,CHL,my,2.008,1.749,1.29,2.233,1
2015-03-20,Rosetta_mouth,CHL,my,1.974,,,,0.1878
2015-03-22,Rosetta_mouth,CHL,my,4.197,3.02,2.058,4.197,0.9337
2015-04-01,Rosetta_mouth,CHL,my,5.297,5.297,4.224,5.79,0.7459
2015-04-05,Rosetta_mouth,CHL,my,2.617,2.331,1.668,2.678,1
2015-04-06,Rosetta_mouth,CHL,my,2.857,2.24,1.81,3.153,1
2015-04-17,Rosetta_mouth,CHL,my,1.556,1.4,0.8512,2.299,1
2015-04-22,Rosetta_mouth,CHL,my,1.842,1.822,0.9863,2.116,1
2015-04-24,Rosetta_mouth,CHL,my,4.13,3.945,3.137,4.392,1
2015-04-25,Rosetta_mouth,CHL,my,2.808,1.867,1.826,3.064,0.9392
2015-04-28,Rosetta_mouth,CHL,my,2.165,1.93,1.406,2.276,1
2015-05-01,Rosetta_mouth,CHL,my,1.972,,,,0.3149
2015-05-02,Rosetta_mouth,CHL,my,2.267,1.967,1.555,4.281,1
2015-05-03,Rosetta_mouth,CHL,my,2.214,1.856,1.474,3.211,0.9337
2015-05-05,Rosetta_mouth,CHL,my,1.397,1.397,0.6663,1.776,1
2015-05-06,Rosetta_mouth,CHL,my,1.908,1.315,0.6976,1.908,0.9337
2015-05-07,Rosetta_mouth,CHL,my,1.506,0.9817,0.5887,1.739,0.9392
2015-05-08,Rosetta_mouth,CHL,my,1.691,1.518,0.7302,2.06,1
2015-05-12,Rosetta_mouth,CHL,my,3.282,3.001,1.499,3.537,0.8785
2015-05-15,Rosetta_mouth,CHL,my,4.235,2.404,1.479,4.235,1
2015-05-16,Rosetta_mouth,CHL,my,2.842,1.961,1.148,3.073,1
2015-05-17,Rosetta_mouth,CHL,my,1.816,1.792,1.093,1.892,1
2015-05-18,Rosetta_mouth,CHL,my,1.523,1.366,1.001,1.625,1
2015-05-19,Rosetta_mouth,CHL,my,1.726,1.254,0.9576,1.923,1
2015-05-31,Rosetta_mouth,CHL,my,3.887,3.506,1.759,3.887,1
2015-06-01,Rosetta_mouth,CHL,my,1.952,1.898,1.286,3.113,1
2015-06-02,Rosetta_mouth,CHL,my,1.921,1.705,1.231,2.362,1
2015-06-03,Rosetta_mouth,CHL,my,1.738,1.507,0.9981,1.86,1
2015-06-09,Rosetta_mouth,CHL,my,1.526,1.519,0.6998,1.653,1
2015-06-10,Rosetta_mouth,CHL,my,1.883,0.4802,0.5177,1.883,0.9337
2015-06-16,Rosetta_mouth,CHL,my,3.246,2.13,1.056,3.246,0.9337
2015-06-17,Rosetta_mouth,CHL,my,1.973,1.889,1.056,3.263,1
2015-06-18,Rosetta_mouth,CHL,my,,1.479,0.8843,1.617,0.7514
2015-06-20,Rosetta_mouth,CHL,my,,1.775,0.9651,1.919,0.7459
2015-06-26,Rosetta_mouth,CHL,my,6.945,5.445,3.627,6.945,0.9337
2015-06-28,Rosetta_mouth,CHL,my,4.544,3.447,2.385,5.802,0.8122
2015-06-29,Rosetta_mouth,CHL,my,2.78,2.232,2.166,4.73,0.8177
2015-06-30,Rosetta_mouth,CHL,my,,1.946,1.59,2.163,0.6243
2015-07-02,Rosetta_mouth,CHL,my,1.624,1.385,0.9796,1.624,0.7514
2015-07-04,Rosetta_mouth,CHL,my,2.275,2.054,1.634,3.2,1
2015-07-08,Rosetta_mouth,CHL,my,,2.024,2.123,7.998,0.8122
2015-07-09,Rosetta_mouth,CHL,my,2.372,2.046,1.457,2.512,0.8066
2015-07-10,Rosetta_mouth,CHL,my,2.757,1.832,1.761,6.538,0.9392
2015-07-15,Rosetta_mouth,CHL,my,,2.018,2.872,19.41,0.7514
2015-07-16,Rosetta_mouth,CHL,my,8.292,2.244,2.158,12.06,1
2015-07-18,Rosetta_mouth,CHL,my,2.758,2.206,1.006,2.758,0.9337
2015-07-19,Rosetta_mouth,CHL,my,2.327,2.029,1.451,7.609,1
2015-07-20,Rosetta_mouth,CHL,my,3.262,1.934,1.262,3.403,1
2015-07-21,Rosetta_mouth,CHL,my,1.876,1.615,0.8687,3.05,1
2015-07-22,Rosetta_mouth,CHL,my,2.574,1.538,0.9408,3.153,1
2015-07-24,Rosetta_mouth,CHL,my,1.961,1.486,0.961,2.241,1
2015-07-25,Rosetta_mouth,CHL,my,1.715,1.285,0.9261,3.254,1
2015-07-27,Rosetta_mouth,CHL,my,2.21,0.6669,0.609,2.655,1
2015-07-28,Rosetta_mouth,CHL,my,,0.7071,0.5507,2.713,0.9392
2015-07-29,Rosetta_mouth,CHL,my,1.606,1.124,0.6461,1.876,0.9337
2015-07-31,Rosetta_mouth,CHL,my,,0.5896,0.3442,1.123,0.6243
2015-08-01,Rosetta_mouth,CHL,my,2.768,1.227,0.8567,2.768,0.9392
2015-08-02,Rosetta_mouth,CHL,my,1.624,0.7891,0.5975,1.834,1
2015-08-03,Rosetta_mouth,CHL,my,1.142,0.8042,0.6239,2.735,1
2015-08-04,Rosetta_mouth,CHL,my,1.509,0.6613,0.5423,1.888,1
2015-08-06,Rosetta_mouth,CHL,my,10.02,1.289,1.582,10.02,0.9337
2015-08-12,Rosetta_mouth,CHL,my,1.912,1.783,0.9129,2.28,0.8122
2015-08-13,Rosetta_mouth,CHL,my,1.897,1.606,0.7682,1.91,1
2015-08-14,Rosetta_mouth,CHL,my,1.997,1.821,0.9739,2.046,1
2015-08-18,Rosetta_mouth,CHL,my,1.624,1.152,0.5513,1.784,1
2015-08-19,Rosetta_mouth,CHL,my,2.13,1.556,0.8617,2.133,1
2015-08-20,Rosetta_mouth,CHL,my,1.579,1.579,1.167,1.742,1
2015-08-21,Rosetta_mouth,CHL,my,1.682,2.136,1.632,2.982,1
2015-08-23,Rosetta_mouth,CHL,my,3.714,1.753,1.423,4.408,1
2015-08-26,Rosetta_mouth,CHL,my,,3.31,2.78,8.666,0.8785
2015-08-27,Rosetta_mouth,CHL,my,,2.078,2.925,19.65,0.9392
2015-08-28,Rosetta_mouth,CHL,my,2.111,2.021,1.524,3.94,1
2015-08-29,Rosetta_mouth,CHL,my,1.577,1.472,1.127,1.59,0.9337
2015-08-31,Rosetta_mouth,CHL,my,,1.865,1.366,2.113,0.6851
2015-09-01,Rosetta_mouth,CHL,my,2.156,1.788,1.389,2.382,0.7459
2015-09-02,Rosetta_mouth,CHL,my,1.709,1.435,1.003,1.709,0.9337
2015-09-03,Rosetta_mouth,CHL,my,1.576,1.576,1.045,1.644,1
2015-09-04,Rosetta_mouth,CHL,my,,1.294,0.9418,1.367,0.7514
2015-09-05,Rosetta_mouth,CHL,my,2.239,,,,0.4972
2015-09-06,Rosetta_mouth,CHL,my,3.92,1.65,1.691,7.653,1
2015-09-07,Rosetta_mouth,CHL,my,2.137,1.861,1.301,2.348,1
2015-09-13,Rosetta_mouth,CHL,my,2.246,2.158,1.443,2.277,1
2015-09-14,Rosetta_mouth,CHL,my,2.177,1.934,1.333,2.3,1
2015-09-15,Rosetta_mouth,CHL,my,1.681,1.786,1.618,2.237,0.5635
2015-09-16,Rosetta_mouth,CHL,my,,1.298,0.9375,1.632,0.558
2015-09-17,Rosetta_mouth,CHL,my,2.42,1.771,1.274,2.765,1
2015-09-18,Rosetta_mouth,CHL,my,1.67,1.574,1.056,1.717,1
2015-09-20,Rosetta_mouth,CHL,my,1.959,1.517,1.113,1.959,0.9337
2015-09-21,Rosetta_mouth,CHL,my,2.213,,,,0.4972
2015-09-24,Rosetta_mouth,CHL,my,,2.127,1.823,2.338,0.6851
2015-09-25,Rosetta_mouth,CHL,my,,1.488,1.251,1.503,0.5635
2015-09-26,Rosetta_mouth,CHL,my,1.892,1.579,1.197,2.193,1
2015-09-28,Rosetta_mouth,CHL,my,1.759,,,,0.2486
2015-09-29,Rosetta_mouth,CHL,my,1.45,1.389,0.9093,1.74,1
2015-10-02,Rosetta_mouth,CHL,my,3.841,3.134,1.784,3.992,0.6354
2015-10-09,Rosetta_mouth,CHL,my,4.364,3.686,2.269,5.438,1
2015-10-14,Rosetta_mouth,CHL,my,2.045,2.045,1.507,2.702,0.8729
2015-10-15,Rosetta_mouth,CHL,my,3.404,2.615,1.619,3.496,1
2015-10-20,Rosetta_mouth,CHL,my,3.079,2.063,1.604,4.236,0.9392
2015-10-21,Rosetta_mouth,CHL,my,,4.639,2.551,9.092,0.6851
2015-10-27,Rosetta_mouth,CHL,my,4.649,4.643,2.81,4.649,0.5746
2015-10-28,Rosetta_mouth,CHL,my,3.277,3.126,2.007,3.585,0.7459
2015-10-29,Rosetta_mouth,CHL,my,5.024,2.497,2.121,5.024,0.9337
2015-10-31,Rosetta_mouth,CHL,my,11.01,,,,0.1271
2015-11-12,Rosetta_mouth,CHL,my,11.63,9.403,4.548,11.63,1
2015-11-13,Rosetta_mouth,CHL,my,3.835,,,,0.3094
2015-11-17,Rosetta_mouth,CHL,my,5.191,4.615,2.361,5.191,1
2015-11-19,Rosetta_mouth,CHL,my,2.555,,,,0.3094
2015-11-22,Rosetta_mouth,CHL,my,,1.742,1.394,2.39,0.6188
2015-11-27,Rosetta_mouth,CHL,my,6.794,4.479,2.982,6.794,1
2015-11-29,Rosetta_mouth,CHL,my,3.733,3.734,2.135,4.846,0.8785
2015-12-02,Rosetta_mouth,CHL,my,5.985,5.416,3.727,6.182,1
2015-12-07,Rosetta_mouth,CHL,my,2.348,,,,0.3149
2015-12-08,Rosetta_mouth,CHL,my,2.155,,,,0.2541
2015-12-12,Rosetta_mouth,CHL,my,2.122,,,,0.3757
2015-12-18,Rosetta_mouth,CHL,my,2.236,,,,0.2486
2015-12-20,Rosetta_mouth,CHL,my,2.154,,,,0.3812
2015-12-21,Rosetta_mouth,CHL,my,1.635,1.539,1.02,1.635,0.8122
2015-12-26,Rosetta_mouth,CHL,my,1.844,,,,0.3757
2015-12-27,Rosetta_mouth,CHL,my,1.807,,,,0.4972
2015-12-28,Rosetta_mouth,CHL,my,3.548,3.484,1.929,3.878,0.8729
2015-01-11,Tel_Aviv_IL,CHL,my,0.9517,,,,0.4194
2015-01-12,Tel_Aviv_IL,CHL,my,1.267,1.079,0.6408,1.767,1
2015-01-13,Tel_Aviv_IL,CHL,my,0.4476,0.3746,0.2957,1.189,1
2015-01-18,Tel_Aviv_IL,CHL,my,0.2195,,,,0.2097
2015-01-20,Tel_Aviv_IL,CHL,my,0.1666,0.1806,0.1567,0.2115,0.9462
2015-01-21,Tel_Aviv_IL,CHL,my,,0.213,0.1739,0.3294,0.8602
2015-01-22,Tel_Aviv_IL,CHL,my,0.2554,0.2554,0.2067,0.5051,1
2015-01-24,Tel_Aviv_IL,CHL,my,0.2731,0.2406,0.1727,0.2981,1
2015-01-29,Tel_Aviv_IL,CHL,my,0.2433,0.1768,0.1163,0.2433,1
2015-01-31,Tel_Aviv_IL,CHL,my,0.705,0.1298,0.2303,0.9586,0.9839
2015-02-01,Tel_Aviv_IL,CHL,my,,0.1013,0.09011,0.1211,0.8602
2015-02-02,Tel_Aviv_IL,CHL,my,0.09515,0.0977,0.08904,0.1067,1
2015-02-03,Tel_Aviv_IL,CHL,my,0.1111,0.1325,0.1249,0.1343,0.5591
2015-02-05,Tel_Aviv_IL,CHL,my,0.07348,0.0915,0.0843,0.09844,0.9462
2015-02-07,Tel_Aviv_IL,CHL,my,0.2022,0.1235,0.1126,0.2354,0.9462
2015-02-16,Tel_Aviv_IL,CHL,my,0.1351,0.2484,0.1881,0.2727,0.7312
2015-02-21,Tel_Aviv_IL,CHL,my,,1.292,0.9959,1.441,0.8548
2015-02-26,Tel_Aviv_IL,CHL,my,,0.4184,0.3975,0.4272,0.8602
2015-02-27,Tel_Aviv_IL,CHL,my,0.3685,0.277,0.2435,0.3685,0.9301
2015-02-28,Tel_Aviv_IL,CHL,my,0.2835,0.4226,0.2849,0.4281,0.9301
2015-03-01,Tel_Aviv_IL,CHL,my,,0.2216,0.2,0.2377,0.7204
2015-03-03,Tel_Aviv_IL,CHL,my,0.1923,0.1412,0.1403,0.4159,0.828
2015-03-05,Tel_Aviv_IL,CHL,my,0.1699,0.1222,0.1069,0.1699,0.9301
2015-03-06,Tel_Aviv_IL,CHL,my,0.6674,0.4275,0.2477,0.9223,1
2015-03-09,Tel_Aviv_IL,CHL,my,,0.1068,0.09277,0.1738,0.8602
2015-03-13,Tel_Aviv_IL,CHL,my,0.2396,0.1886,0.1448,0.2396,0.9301
2015-03-14,Tel_Aviv_IL,CHL,my,0.2373,0.1678,0.1418,0.4187,0.9462
2015-03-16,Tel_Aviv_IL,CHL,my,0.2247,0.1151,0.09114,0.2247,0.9301
2015-03-17,Tel_Aviv_IL,CHL,my,0.2632,0.1623,0.1172,0.2819,0.8333
2015-03-18,Tel_Aviv_IL,CHL,my,0.2689,0.2689,0.1613,0.5257,1
2015-03-19,Tel_Aviv_IL,CHL,my,0.2207,0.1466,0.1005,0.2207,0.8548
2015-03-22,Tel_Aviv_IL,CHL,my,0.4812,0.4235,0.1747,0.4812,0.6344
2015-03-24,Tel_Aviv_IL,CHL,my,,0.2054,0.302,1.186,0.7903
2015-03-26,Tel_Aviv_IL,CHL,my,,0.1356,0.1201,0.282,0.7903
2015-03-30,Tel_Aviv_IL,CHL,my,,0.0576,0.05409,0.06064,0.8602
2015-03-31,Tel_Aviv_IL,CHL,my,0.0681,0.06081,0.05498,0.06937,0.9462
2015-04-02,Tel_Aviv_IL,CHL,my,0.1481,0.1292,0.07984,0.2817,1
2015-04-03,Tel_Aviv_IL,CHL,my,0.1306,0.1007,0.08896,0.2557,0.7796
2015-04-04,Tel_Aviv_IL,CHL,my,0.09704,,,,0.4731
2015-04-05,Tel_Aviv_IL,CHL,my,,0.1016,0.0679,0.108,0.7204
2015-04-06,Tel_Aviv_IL,CHL,my,,0.08826,0.05434,0.09433,0.7903
2015-04-07,Tel_Aviv_IL,CHL,my,0.2376,0.1735,0.1279,0.2376,0.9301
2015-04-18,Tel_Aviv_IL,CHL,my,1.705,1.619,0.7773,1.864,1
2015-04-19,Tel_Aviv_IL,CHL,my,1.713,1.421,0.7446,1.713,0.9301
2015-04-24,Tel_Aviv_IL,CHL,my,2.113,1.955,0.9144,2.113,0.9301
2015-04-25,Tel_Aviv_IL,CHL,my,,2.153,1.419,3.071,0.5806
2015-04-26,Tel_Aviv_IL,CHL,my,1.51,1.451,1.172,1.564,0.9301
2015-04-28,Tel_Aviv_IL,CHL,my,,1.033,0.9226,1.052,0.6505
2015-04-29,Tel_Aviv_IL,CHL,my,0.8217,0.8952,0.7667,0.9343,1
2015-05-01,Tel_Aviv_IL,CHL,my,,0.3598,0.3201,0.429,0.8602
2015-05-02,Tel_Aviv_IL,CHL,my,0.369,0.243,0.2338,0.369,0.7796
2015-05-03,Tel_Aviv_IL,CHL,my,0.9108,0.3077,0.2679,0.9108,0.9301
2015-05-05,Tel_Aviv_IL,CHL,my,0.6397,0.4245,0.3337,0.7081,0.9301
2015-05-06,Tel_Aviv_IL,CHL,my,0.6926,0.3781,0.3543,0.8077,0.8602
2015-05-07,Tel_Aviv_IL,CHL,my,,0.3326,0.2626,0.4067,0.5753
2015-05-08,Tel_Aviv_IL,CHL,my,0.3873,0.3143,0.2137,0.3873,0.9301
2015-05-17,Tel_Aviv_IL,CHL,my,,0.09114,0.06112,0.125,0.8602
2015-05-20,Tel_Aviv_IL,CHL,my,0.08144,0.07545,0.05716,0.09191,1
2015-05-21,Tel_Aviv_IL,CHL,my,,0.09402,0.07497,0.09776,0.7903
2015-06-02,Tel_Aviv_IL,CHL,my,0.3776,0.2663,0.1832,0.3776,0.9301
2015-06-04,Tel_Aviv_IL,CHL,my,0.2843,0.1786,0.106,0.2843,0.9301
2015-06-10,Tel_Aviv_IL,CHL,my,0.09212,0.09733,0.08534,0.1891,1
2015-06-11,Tel_Aviv_IL,CHL,my,,0.09791,0.08588,0.1956,0.8602
2015-06-12,Tel_Aviv_IL,CHL,my,0.1246,0.1073,0.0931,0.128,0.7043
2015-06-13,Tel_Aviv_IL,CHL,my,0.09203,0.06595,0.04591,0.09203,0.9301
2015-06-14,Tel_Aviv_IL,CHL,my,,0.04829,0.04219,0.05236,0.7043
2015-06-15,Tel_Aviv_IL,CHL,my,0.07001,,,,0.086
2015-06-18,Tel_Aviv_IL,CHL,my,,0.0603,0.05395,0.06098,0.8602
2015-06-20,Tel_Aviv_IL,CHL,my,0.2021,0.1027,0.08446,0.21,0.7903
2015-06-21,Tel_Aviv_IL,CHL,my,,0.0525,0.0595,0.1731,0.7903
2015-06-23,Tel_Aviv_IL,CHL,my,0.2312,,,,0.4032
2015-06-26,Tel_Aviv_IL,CHL,my,,0.05864,0.0554,0.06158,0.5054
2015-06-29,Tel_Aviv_IL,CHL,my,1.414,0.9061,0.5791,1.603,0.9462
2015-06-30,Tel_Aviv_IL,CHL,my,,1.157,0.9694,1.294,0.7903
2015-07-01,Tel_Aviv_IL,CHL,my,0.4789,1.082,0.7528,1.17,1
2015-07-04,Tel_Aviv_IL,CHL,my,0.2534,0.1868,0.1412,0.3049,0.9462
2015-07-06,Tel_Aviv_IL,CHL,my,,0.1293,0.1171,0.1607,0.7742
2015-07-07,Tel_Aviv_IL,CHL,my,0.1863,0.1779,0.1315,0.2648,1
2015-07-08,Tel_Aviv_IL,CHL,my,0.6514,0.3163,0.2631,0.7853,0.9462
2015-07-09,Tel_Aviv_IL,CHL,my,0.7227,0.7834,0.3724,0.8258,0.8602
2015-07-10,Tel_Aviv_IL,CHL,my,,0.2737,0.165,0.7452,0.8118
2015-07-12,Tel_Aviv_IL,CHL,my,0.1802,,,,0.2796
2015-07-13,Tel_Aviv_IL,CHL,my,,0.0717,0.0535,0.08772,0.7903
2015-07-14,Tel_Aviv_IL,CHL,my,,0.1001,0.06246,0.1509,0.8602
2015-07-15,Tel_Aviv_IL,CHL,my,0.2864,0.2265,0.1124,0.8156,1
2015-07-16,Tel_Aviv_IL,CHL,my,,0.04778,0.03016,0.05164,0.7903
2015-07-20,Tel_Aviv_IL,CHL,my,0.2862,0.1838,0.1341,0.2862,0.9301
2015-07-21,Tel_Aviv_IL,CHL,my,,0.1018,0.07823,0.1203,0.5806
2015-07-22,Tel_Aviv_IL,CHL,my,0.202,0.202,0.1227,0.2209,0.9462
2015-07-23,Tel_Aviv_IL,CHL,my,0.1425,0.1606,0.1122,0.1692,1
2015-07-24,Tel_Aviv_IL,CHL,my,0.1534,0.1447,0.1053,0.1641,0.9462
2015-07-25,Tel_Aviv_IL,CHL,my,,0.08892,0.06378,0.09311,0.5323
2015-07-28,Tel_Aviv_IL,CHL,my,0.06169,0.06439,0.04689,0.109,0.9462
2015-07-29,Tel_Aviv_IL,CHL,my,0.06157,0.05093,0.03123,0.06173,0.9301
2015-07-30,Tel_Aviv_IL,CHL,my,,0.04649,0.03824,0.05252,0.7903
2015-07-31,Tel_Aviv_IL,CHL,my,0.07023,0.04341,0.04066,0.07037,0.9462
2015-08-07,Tel_Aviv_IL,CHL,my,,0.2239,0.1166,0.2341,0.8602
2015-08-08,Tel_Aviv_IL,CHL,my,0.21,0.1478,0.09363,0.2188,0.9462
2015-08-09,Tel_Aviv_IL,CHL,my,0.1596,0.08031,0.06845,0.1596,0.9301
2015-08-10,Tel_Aviv_IL,CHL,my,0.1374,0.1374,0.07789,0.1538,0.8441
2015-08-12,Tel_Aviv_IL,CHL,my,0.05743,0.08603,0.0634,0.08733,0.9301
2015-08-13,Tel_Aviv_IL,CHL,my,0.06411,0.1012,0.08889,0.111,0.6344
2015-08-14,Tel_Aviv_IL,CHL,my,,0.0798,0.077,0.08586,0.8602
2015-08-15,Tel_Aviv_IL,CHL,my,,0.1272,0.1126,0.1307,0.7903
2015-08-16,Tel_Aviv_IL,CHL,my,0.06639,0.07512,0.06936,0.09565,0.9301
2015-08-18,Tel_Aviv_IL,CHL,my,0.103,0.08592,0.07104,0.1263,0.9462
2015-08-19,Tel_Aviv_IL,CHL,my,0.08136,0.07411,0.07509,0.1656,1
2015-08-23,Tel_Aviv_IL,CHL,my,0.07755,0.07798,0.05888,0.08209,0.7742
2015-08-24,Tel_Aviv_IL,CHL,my,0.1461,0.1461,0.0955,0.1706,0.8441
2015-08-25,Tel_Aviv_IL,CHL,my,0.2403,,,,0.4516
2015-08-27,Tel_Aviv_IL,CHL,my,,0.3541,0.2042,0.3575,0.7473
2015-08-28,Tel_Aviv_IL,CHL,my,,0.251,0.1993,0.3072,0.8602
2015-08-29,Tel_Aviv_IL,CHL,my,0.1271,0.1814,0.1427,0.2356,1
2015-08-30,Tel_Aviv_IL,CHL,my,0.1016,0.1031,0.07424,0.1059,0.8441
2015-08-31,Tel_Aviv_IL,CHL,my,0.1098,0.1059,0.07556,0.1125,0.9301
2015-09-01,Tel_Aviv_IL,CHL,my,0.135,0.1258,0.08805,0.1379,0.9462
2015-09-02,Tel_Aviv_IL,CHL,my,0.1361,0.08791,0.06565,0.1361,0.9301
2015-09-03,Tel_Aviv_IL,CHL,my,0.1821,,,,0.3495
2015-09-06,Tel_Aviv_IL,CHL,my,0.08367,0.08149,0.07553,0.08367,0.6828
2015-09-17,Tel_Aviv_IL,CHL,my,0.06309,0.06661,0.0628,0.08148,0.9462
2015-09-18,Tel_Aviv_IL,CHL,my,,0.05869,0.05275,0.06132,0.5591
2015-09-19,Tel_Aviv_IL,CHL,my,0.09129,0.06802,0.06286,0.09293,1
2015-09-20,Tel_Aviv_IL,CHL,my,0.07183,0.06424,0.06018,0.09226,1
2015-09-22,Tel_Aviv_IL,CHL,my,0.03107,0.04011,0.03683,0.0695,0.8065
2015-09-24,Tel_Aviv_IL,CHL,my,0.04973,0.03951,0.03581,0.04973,0.9301
2015-09-25,Tel_Aviv_IL,CHL,my,0.05029,0.04372,0.04245,0.08207,0.9462
2015-09-26,Tel_Aviv_IL,CHL,my,0.04083,0.04033,0.04072,0.07106,0.7903
2015-09-27,Tel_Aviv_IL,CHL,my,,0.0683,0.06521,0.07698,0.6559
2015-09-28,Tel_Aviv_IL,CHL,my,0.05808,0.06139,0.05912,0.09446,1
2015-09-30,Tel_Aviv_IL,CHL,my,0.07197,0.06896,0.05554,0.07197,0.9301
2015-10-01,Tel_Aviv_IL,CHL,my,,0.0599,0.05672,0.06246,0.6183
2015-10-03,Tel_Aviv_IL,CHL,my,0.07423,0.0475,0.04353,0.07423,0.9301
2015-10-05,Tel_Aviv_IL,CHL,my,0.05732,0.04451,0.04275,0.05732,0.914
2015-10-06,Tel_Aviv_IL,CHL,my,0.09182,0.09182,0.05673,0.1081,0.5108
2015-10-08,Tel_Aviv_IL,CHL,my,,0.2964,0.1648,0.6088,0.6075
2015-10-10,Tel_Aviv_IL,CHL,my,0.2714,0.1804,0.118,0.2714,0.914
2015-10-11,Tel_Aviv_IL,CHL,my,0.3011,0.3477,0.2737,0.4411,1
2015-10-14,Tel_Aviv_IL,CHL,my,0.2327,0.1973,0.1796,0.3505,0.9839
2015-10-15,Tel_Aviv_IL,CHL,my,,0.1832,0.1655,0.1977,0.8602
2015-10-16,Tel_Aviv_IL,CHL,my,0.26,0.2808,0.2264,0.3244,1
2015-10-17,Tel_Aviv_IL,CHL,my,0.2977,0.2417,0.1851,0.2977,1
2015-10-21,Tel_Aviv_IL,CHL,my,0.1968,0.1805,0.1104,0.3217,1
2015-10-30,Tel_Aviv_IL,CHL,my,,0.2156,0.1753,0.3455,0.5591
2015-10-31,Tel_Aviv_IL,CHL,my,0.4654,0.3551,0.2023,0.4654,0.9301
2015-11-01,Tel_Aviv_IL,CHL,my,0.6682,0.6627,0.5461,0.6831,0.9462
2015-11-07,Tel_Aviv_IL,CHL,my,0.2394,0.2298,0.2084,0.2428,0.914
2015-11-11,Tel_Aviv_IL,CHL,my,0.5483,0.5483,0.3403,0.7845,0.8763
2015-11-12,Tel_Aviv_IL,CHL,my,0.6807,0.5461,0.2791,0.6807,1
2015-11-13,Tel_Aviv_IL,CHL,my,0.5146,0.5146,0.335,0.831,1
2015-11-14,Tel_Aviv_IL,CHL,my,0.5905,0.5905,0.3932,0.5987,0.8602
2015-11-19,Tel_Aviv_IL,CHL,my,0.2277,0.2277,0.165,0.2515,0.5215
2015-11-20,Tel_Aviv_IL,CHL,my,0.41,0.2073,0.1748,0.5427,0.9462
2015-11-22,Tel_Aviv_IL,CHL,my,0.4308,0.4308,0.3315,0.5062,0.9301
2015-11-23,Tel_Aviv_IL,CHL,my,0.3076,0.3114,0.2585,0.3752,1
2015-11-24,Tel_Aviv_IL,CHL,my,0.348,0.3377,0.2841,0.3541,1
2015-11-29,Tel_Aviv_IL,CHL,my,0.1985,0.2211,0.2097,0.269,1
2015-12-02,Tel_Aviv_IL,CHL,my,,0.2209,0.1981,0.3637,0.6183
2015-12-03,Tel_Aviv_IL,CHL,my,0.4926,0.5139,0.2453,0.5598,0.586
2015-12-04,Tel_Aviv_IL,CHL,my,0.4289,0.5823,0.413,0.6572,1
2015-12-05,Tel_Aviv_IL,CHL,my,0.7347,0.5721,0.4377,0.7663,0.9462
2015-12-06,Tel_Aviv_IL,CHL,my,0.682,0.3677,0.3385,0.682,0.9462
2015-12-07,Tel_Aviv_IL,CHL,my,0.3154,0.3547,0.2921,0.3898,0.9301
2015-12-08,Tel_Aviv_IL,CHL,my,0.2228,0.2228,0.1642,0.3887,1
2015-12-09,Tel_Aviv_IL,CHL,my,0.1646,0.174,0.1556,0.2486,1
2015-12-10,Tel_Aviv_IL,CHL,my,0.2327,0.2327,0.2066,0.3491,1
2015-12-11,Tel_Aviv_IL,CHL,my,,0.1735,0.1516,0.1926,0.5108
2015-12-14,Tel_Aviv_IL,CHL,my,0.3767,0.3744,0.267,0.386,0.6828
2015-12-15,Tel_Aviv_IL,CHL,my,0.3561,0.3285,0.2224,0.4153,0.8548
2015-12-19,Tel_Aviv_IL,CHL,my,0.183,0.1731,0.1197,0.2541,0.9462
2015-12-20,Tel_Aviv_IL,CHL,my,0.4353,0.3751,0.296,0.4353,1
2015-12-21,Tel_Aviv_IL,CHL,my,0.1514,0.1907,0.1606,0.2848,0.9462
2015-12-22,Tel_Aviv_IL,CHL,my,0.2784,0.2647,0.2066,0.2784,0.9301
2015-12-23,Tel_Aviv_IL,CHL,my,0.298,0.3886,0.2844,0.4474,0.9194
2015-12-24,Tel_Aviv_IL,CHL,my,0.5133,0.489,0.3528,0.6083,1
2015-12-25,Tel_Aviv_IL,CHL,my,0.3044,0.2938,0.1866,0.3443,1
2015-12-26,Tel_Aviv_IL,CHL,my,0.2218,0.2677,0.1579,0.2721,0.9301
2015-12-27,Tel_Aviv_IL,CHL,my,,0.2122,0.1526,0.2659,0.7151
2015-12-28,Tel_Aviv_IL,CHL,my,0.364,0.4428,0.2851,0.5293,0.9301
2015-12-29,Tel_Aviv_IL,CHL,my,0.2883,0.2883,0.2398,0.4606,0.9301
