date,site,variable,stream,at_station,transect_p80,transect_mean,transect_max,valid_frac
2025-01-01,Ashdod_IL,CHL,my,0.8338,0.808,0.4293,0.9956,0.9254
2025-01-02,Ashdod_IL,CHL,my,0.3231,0.3312,0.2207,0.4883,0.995
2025-01-03,Ashdod_IL,CHL,my,0.1808,0.1912,0.1706,0.351,0.995
2025-01-06,Ashdod_IL,CHL,my,0.2077,0.1128,0.08445,0.2077,0.8607
2025-01-07,Ashdod_IL,CHL,my,0.1422,0.1342,0.09521,0.2441,0.9254
2025-01-08,Ashdod_IL,CHL,my,0.1629,0.1349,0.0834,0.1629,0.9254
2025-01-09,Ashdod_IL,CHL,my,0.1297,0.1237,0.09407,0.1688,0.995
2025-01-10,Ashdod_IL,CHL,my,0.1389,0.1174,0.09484,0.1407,0.9254
2025-01-12,Ashdod_IL,CHL,my,0.1745,0.157,0.1064,0.1917,0.9254
2025-01-13,Ashdod_IL,CHL,my,0.1407,0.1276,0.09528,0.1795,0.995
2025-01-14,Ashdod_IL,CHL,my,0.1797,,,,0.3881
2025-01-18,Ashdod_IL,CHL,my,0.08476,0.1357,0.09457,0.1768,0.995
2025-01-20,Ashdod_IL,CHL,my,0.1515,,,,0.408
2025-01-21,Ashdod_IL,CHL,my,0.1262,0.1172,0.09366,0.1357,0.995
2025-01-25,Ashdod_IL,CHL,my,0.07075,0.05393,0.05224,0.08826,0.8557
2025-01-28,Ashdod_IL,CHL,my,0.2739,0.2902,0.176,0.309,0.9254
2025-01-29,Ashdod_IL,CHL,my,0.1817,0.1557,0.1178,0.2316,0.9254
2025-01-30,Ashdod_IL,CHL,my,0.1121,0.09783,0.0819,0.1345,0.9254
2025-02-01,Ashdod_IL,CHL,my,0.09707,0.09707,0.06661,0.115,0.9104
2025-02-02,Ashdod_IL,CHL,my,0.1714,0.1539,0.1012,0.1842,0.9254
2025-02-04,Ashdod_IL,CHL,my,0.1401,0.1418,0.1017,0.1687,0.8209
2025-02-12,Ashdod_IL,CHL,my,0.4205,,,,0.2488
2025-02-14,Ashdod_IL,CHL,my,0.8346,0.7139,0.3888,0.9046,0.8557
2025-02-15,Ashdod_IL,CHL,my,0.5287,0.5086,0.2522,0.6972,0.995
2025-02-17,Ashdod_IL,CHL,my,0.414,0.4504,0.2765,0.5287,0.9254
2025-02-18,Ashdod_IL,CHL,my,0.3377,0.3153,0.1769,0.4403,0.8756
2025-02-25,Ashdod_IL,CHL,my,0.3228,0.2985,0.1753,0.425,0.9254
2025-02-26,Ashdod_IL,CHL,my,0.2367,0.1786,0.1412,0.3183,0.9254
2025-02-27,Ashdod_IL,CHL,my,0.2153,0.1848,0.1298,0.2196,0.9254
2025-02-28,Ashdod_IL,CHL,my,0.1593,0.1593,0.09379,0.1784,0.9104
2025-03-01,Ashdod_IL,CHL,my,0.1064,0.1444,0.121,0.1547,0.9254
2025-03-02,Ashdod_IL,CHL,my,0.118,0.1297,0.1135,0.1362,0.9254
2025-03-03,Ashdod_IL,CHL,my,0.1845,,,,0.4677
2025-03-08,Ashdod_IL,CHL,my,0.153,0.1312,0.09116,0.1562,0.8358
2025-03-09,Ashdod_IL,CHL,my,0.1461,0.1222,0.09511,0.1734,0.7015
2025-03-10,Ashdod_IL,CHL,my,0.05514,0.05788,0.04994,0.07316,0.8756
2025-03-11,Ashdod_IL,CHL,my,0.09437,0.08258,0.05759,0.1073,0.9104
2025-03-12,Ashdod_IL,CHL,my,0.0717,0.06176,0.04791,0.0927,0.9254
2025-03-13,Ashdod_IL,CHL,my,0.1145,0.09633,0.06506,0.1481,0.9254
2025-03-14,Ashdod_IL,CHL,my,0.1081,0.08198,0.05876,0.1237,0.9254
2025-03-15,Ashdod_IL,CHL,my,0.1816,0.1566,0.1051,0.2569,0.9104
2025-03-16,Ashdod_IL,CHL,my,,0.04789,0.0434,0.05468,0.5174
2025-03-18,Ashdod_IL,CHL,my,0.07055,0.05215,0.05036,0.07055,0.8607
2025-03-19,Ashdod_IL,CHL,my,0.06973,0.06312,0.05264,0.07543,0.5522
2025-03-23,Ashdod_IL,CHL,my,0.9502,0.9502,0.4973,1.047,0.9254
2025-03-24,Ashdod_IL,CHL,my,1.307,1.183,0.6125,1.322,0.995
2025-03-25,Ashdod_IL,CHL,my,0.9975,,,,0.2736
2025-03-27,Ashdod_IL,CHL,my,0.557,0.3614,0.2535,0.7665,0.9801
2025-03-28,Ashdod_IL,CHL,my,0.6957,0.3791,0.2262,0.7049,0.9104
2025-03-30,Ashdod_IL,CHL,my,0.2117,0.2068,0.133,0.3988,0.995
2025-04-02,Ashdod_IL,CHL,my,0.4226,0.3668,0.1924,0.5455,0.9104
2025-04-03,Ashdod_IL,CHL,my,0.5,0.3836,0.2324,0.5992,0.9104
2025-04-04,Ashdod_IL,CHL,my,0.3917,0.3678,0.18,0.4065,0.9254
2025-04-05,Ashdod_IL,CHL,my,0.2724,0.2724,0.1561,0.3605,0.9602
2025-04-11,Ashdod_IL,CHL,my,0.4327,0.2589,0.1942,0.7302,0.6965
2025-04-13,Ashdod_IL,CHL,my,,0.344,0.1881,0.6026,0.6766
2025-04-14,Ashdod_IL,CHL,my,1.151,1.022,0.476,1.403,0.9254
2025-04-16,Ashdod_IL,CHL,my,0.9459,0.7375,0.3583,1.314,0.7861
2025-04-17,Ashdod_IL,CHL,my,1.228,0.9635,0.5195,1.228,0.9104
2025-04-18,Ashdod_IL,CHL,my,1.029,1.038,0.6721,1.077,0.995
2025-04-19,Ashdod_IL,CHL,my,1.205,0.9016,0.7023,1.397,0.9254
2025-04-20,Ashdod_IL,CHL,my,0.4824,0.4701,0.3948,1.025,0.995
2025-04-21,Ashdod_IL,CHL,my,0.4827,0.4807,0.3852,0.8833,0.995
2025-04-25,Ashdod_IL,CHL,my,0.1488,0.1614,0.1221,0.2271,0.995
2025-04-26,Ashdod_IL,CHL,my,0.1787,0.2111,0.1647,0.2349,0.9602
2025-04-28,Ashdod_IL,CHL,my,0.1997,0.2154,0.1796,0.3535,0.5373
2025-04-29,Ashdod_IL,CHL,my,0.1493,0.1437,0.1344,0.1824,0.9254
2025-05-02,Ashdod_IL,CHL,my,0.289,0.1996,0.1524,0.289,0.7363
2025-05-04,Ashdod_IL,CHL,my,0.2401,0.2401,0.2106,0.6777,1
2025-05-06,Ashdod_IL,CHL,my,0.7289,0.6329,0.3008,0.8853,0.9254
2025-05-07,Ashdod_IL,CHL,my,0.6607,,,,0.4776
2025-05-08,Ashdod_IL,CHL,my,0.9065,0.8866,0.4168,1.219,1
2025-05-09,Ashdod_IL,CHL,my,0.8614,0.7103,0.3598,0.8614,0.8607
2025-05-11,Ashdod_IL,CHL,my,0.281,0.275,0.1503,0.3606,0.995
2025-05-14,Ashdod_IL,CHL,my,0.115,0.08638,0.06996,0.2236,0.8109
2025-05-16,Ashdod_IL,CHL,my,0.3676,0.3017,0.1572,0.459,0.9254
2025-05-19,Ashdod_IL,CHL,my,0.3736,0.3533,0.1732,0.3753,0.8607
2025-05-20,Ashdod_IL,CHL,my,0.3085,0.2783,0.1447,0.3157,0.9254
2025-05-21,Ashdod_IL,CHL,my,0.2755,0.2678,0.1281,0.2947,0.995
2025-05-23,Ashdod_IL,CHL,my,0.2595,0.1716,0.1052,0.3321,0.9104
2025-05-24,Ashdod_IL,CHL,my,0.2154,0.1126,0.08086,0.2717,0.9254
2025-05-25,Ashdod_IL,CHL,my,0.2875,0.2466,0.1315,0.3973,0.995
2025-05-27,Ashdod_IL,CHL,my,,0.1055,0.06683,0.1206,0.6517
2025-05-29,Ashdod_IL,CHL,my,1.332,1.424,0.6998,1.741,1
2025-05-30,Ashdod_IL,CHL,my,1.147,1.159,0.7094,1.197,0.995
2025-05-31,Ashdod_IL,CHL,my,1.223,1.223,0.8608,1.376,0.995
2025-06-01,Ashdod_IL,CHL,my,0.352,0.2845,0.1584,0.352,0.8557
2025-06-02,Ashdod_IL,CHL,my,0.6847,0.6847,0.4538,0.891,0.995
2025-06-03,Ashdod_IL,CHL,my,,0.2567,0.1157,0.3676,0.6866
2025-06-04,Ashdod_IL,CHL,my,0.2908,0.2872,0.1395,0.4805,0.995
2025-06-05,Ashdod_IL,CHL,my,0.3077,0.2345,0.1788,0.4591,0.9254
2025-06-06,Ashdod_IL,CHL,my,0.9718,0.9051,0.4276,1.03,0.9254
2025-06-07,Ashdod_IL,CHL,my,0.2765,0.2775,0.177,0.2852,0.995
2025-06-08,Ashdod_IL,CHL,my,0.6413,0.2638,0.206,1.059,0.9254
2025-06-09,Ashdod_IL,CHL,my,0.3121,0.2157,0.1618,0.3121,0.5522
2025-06-10,Ashdod_IL,CHL,my,0.1607,0.1736,0.1249,0.2993,0.9254
2025-06-11,Ashdod_IL,CHL,my,0.312,0.2978,0.1781,0.3654,0.9254
2025-06-12,Ashdod_IL,CHL,my,0.1676,0.1321,0.09359,0.2104,0.9254
2025-06-13,Ashdod_IL,CHL,my,0.3341,0.2889,0.1347,0.3533,0.9254
2025-06-14,Ashdod_IL,CHL,my,0.111,0.1011,0.05209,0.1264,0.9254
2025-06-15,Ashdod_IL,CHL,my,0.1572,0.1475,0.08167,0.2145,0.995
2025-06-16,Ashdod_IL,CHL,my,0.12,0.09326,0.06272,0.2101,0.9104
2025-06-17,Ashdod_IL,CHL,my,0.1625,0.151,0.06507,0.1972,0.995
2025-06-18,Ashdod_IL,CHL,my,0.2467,0.1494,0.09417,0.2658,0.9254
2025-06-19,Ashdod_IL,CHL,my,0.1538,0.1464,0.06863,0.3037,1
2025-06-20,Ashdod_IL,CHL,my,0.08368,0.05229,0.04069,0.08368,0.8607
2025-06-21,Ashdod_IL,CHL,my,0.2201,0.1829,0.09737,0.2201,0.995
2025-06-22,Ashdod_IL,CHL,my,0.1251,0.116,0.06914,0.1729,0.9254
2025-06-23,Ashdod_IL,CHL,my,0.1559,0.1559,0.09198,0.236,0.995
2025-06-25,Ashdod_IL,CHL,my,0.1179,0.04645,0.04909,0.2677,0.9303
2025-06-26,Ashdod_IL,CHL,my,0.08426,0.166,0.1,0.1871,0.9254
2025-06-27,Ashdod_IL,CHL,my,0.1728,0.1146,0.09924,0.2131,0.9104
2025-06-28,Ashdod_IL,CHL,my,0.195,0.1878,0.1006,0.2116,0.9254
2025-06-29,Ashdod_IL,CHL,my,0.2095,0.1821,0.09163,0.2172,0.9254
2025-06-30,Ashdod_IL,CHL,my,0.073,0.06396,0.05389,0.1507,0.995
2025-07-02,Ashdod_IL,CHL,my,0.1562,0.147,0.1167,0.1747,0.9254
2025-07-03,Ashdod_IL,CHL,my,0.1595,0.1595,0.1228,0.18,0.9254
2025-07-04,Ashdod_IL,CHL,my,0.1308,0.1152,0.06256,0.1968,1
2025-07-05,Ashdod_IL,CHL,my,0.1151,0.1151,0.08798,0.169,0.8756
2025-07-06,Ashdod_IL,CHL,my,0.2079,0.1987,0.1129,0.2423,0.9254
2025-07-07,Ashdod_IL,CHL,my,0.07077,0.06602,0.05094,0.1149,0.6866
2025-07-08,Ashdod_IL,CHL,my,0.1125,,,,0.4129
2025-07-09,Ashdod_IL,CHL,my,0.1354,0.06714,0.05747,0.1354,0.8607
2025-07-11,Ashdod_IL,CHL,my,0.2427,0.2427,0.1275,0.6746,0.995
2025-07-12,Ashdod_IL,CHL,my,0.1425,0.09412,0.06636,0.1881,0.8756
2025-07-13,Ashdod_IL,CHL,my,0.214,0.1927,0.1102,0.2422,0.791
2025-07-14,Ashdod_IL,CHL,my,0.08789,0.08891,0.06058,0.1165,0.995
2025-07-15,Ashdod_IL,CHL,my,0.1914,0.154,0.1061,0.2117,0.9104
2025-07-16,Ashdod_IL,CHL,my,0.2182,0.2117,0.1084,0.4147,1
2025-07-17,Ashdod_IL,CHL,my,0.1894,0.1263,0.08453,0.2,0.791
2025-07-18,Ashdod_IL,CHL,my,0.1278,0.1224,0.07477,0.1433,0.995
2025-07-19,Ashdod_IL,CHL,my,0.07443,0.06872,0.05733,0.09497,0.9254
2025-07-22,Ashdod_IL,CHL,my,0.1067,0.08579,0.04082,0.1096,0.995
2025-07-23,Ashdod_IL,CHL,my,0.2106,0.1425,0.09033,0.2315,0.9254
2025-07-24,Ashdod_IL,CHL,my,0.1375,0.1375,0.06845,0.2077,0.995
2025-07-26,Ashdod_IL,CHL,my,0.1425,0.1425,0.1107,0.2814,0.9055
2025-07-27,Ashdod_IL,CHL,my,0.112,0.1074,0.06523,0.18,0.995
2025-07-28,Ashdod_IL,CHL,my,0.1353,0.1301,0.09541,0.2621,0.995
2025-07-30,Ashdod_IL,CHL,my,0.2182,,,,0.393
2025-07-31,Ashdod_IL,CHL,my,0.2933,0.2863,0.1614,0.4461,0.995
2025-08-01,Ashdod_IL,CHL,my,0.1264,0.096,0.07133,0.1592,0.6866
2025-08-02,Ashdod_IL,CHL,my,0.4823,0.2814,0.1794,0.4823,0.8209
2025-08-03,Ashdod_IL,CHL,my,0.3601,0.2952,0.25,1.162,0.995
2025-08-04,Ashdod_IL,CHL,my,0.4465,0.425,0.2354,0.7137,0.995
2025-08-05,Ashdod_IL,CHL,my,0.2797,0.1952,0.1281,0.3422,0.8856
2025-08-06,Ashdod_IL,CHL,my,0.6368,0.6298,0.3495,0.913,0.995
2025-08-07,Ashdod_IL,CHL,my,1.132,,,,0.204
2025-08-08,Ashdod_IL,CHL,my,2.174,1.824,1.017,2.174,0.995
2025-08-10,Ashdod_IL,CHL,my,0.8715,0.7426,0.4153,0.9981,0.9254
2025-08-14,Ashdod_IL,CHL,my,0.4204,0.3967,0.3801,0.8729,0.995
2025-08-15,Ashdod_IL,CHL,my,,0.7558,0.6691,0.7847,0.796
2025-08-16,Ashdod_IL,CHL,my,0.2233,,,,0.204
2025-08-18,Ashdod_IL,CHL,my,0.2498,0.2665,0.1934,0.469,0.9254
2025-08-19,Ashdod_IL,CHL,my,0.2741,0.2668,0.2143,0.6907,0.995
2025-08-20,Ashdod_IL,CHL,my,0.3891,0.3132,0.1781,0.4304,0.995
2025-08-23,Ashdod_IL,CHL,my,1.533,0.4888,0.4284,1.577,0.9254
2025-08-24,Ashdod_IL,CHL,my,0.2184,0.2184,0.135,0.5249,0.9104
2025-08-28,Ashdod_IL,CHL,my,1.857,1.611,0.7943,2.711,0.9254
2025-08-29,Ashdod_IL,CHL,my,1.65,0.8881,0.6317,1.792,0.9254
2025-08-30,Ashdod_IL,CHL,my,1.764,1.693,0.7785,1.977,0.995
2025-08-31,Ashdod_IL,CHL,my,1.75,1.402,0.8819,1.981,0.9104
2025-09-03,Ashdod_IL,CHL,my,0.5395,0.9761,0.5821,1.176,0.9254
2025-09-04,Ashdod_IL,CHL,my,0.6386,0.9151,0.6415,1.656,0.995
2025-09-05,Ashdod_IL,CHL,my,1.501,1.446,0.8275,1.701,0.9254
2025-09-06,Ashdod_IL,CHL,my,1.015,1.022,0.6142,1.296,0.9602
2025-09-07,Ashdod_IL,CHL,my,1.131,1.131,0.6884,1.314,0.9254
2025-09-08,Ashdod_IL,CHL,my,0.532,0.7883,0.5804,1.193,0.9403
2025-09-09,Ashdod_IL,CHL,my,0.6107,,,,0.2736
2025-09-10,Ashdod_IL,CHL,my,1.911,1.911,1.224,2.616,1
2025-09-11,Ashdod_IL,CHL,my,1.737,1.672,1.449,1.737,0.9254
2025-09-12,Ashdod_IL,CHL,my,1.564,1.453,1.028,1.564,0.995
2025-09-13,Ashdod_IL,CHL,my,0.3967,0.3839,0.2703,0.4814,0.9104
2025-09-14,Ashdod_IL,CHL,my,0.2354,0.2354,0.1916,0.4222,0.995
2025-09-15,Ashdod_IL,CHL,my,0.1576,0.2419,0.2018,0.498,0.995
2025-09-16,Ashdod_IL,CHL,my,0.2748,0.2748,0.2143,0.4622,0.995
2025-09-17,Ashdod_IL,CHL,my,,0.1402,0.1073,0.2346,0.6617
2025-09-18,Ashdod_IL,CHL,my,0.3396,0.3396,0.2403,0.7704,0.6866
2025-09-19,Ashdod_IL,CHL,my,1.104,0.3946,0.3186,1.616,0.9254
2025-09-20,Ashdod_IL,CHL,my,2.554,1.444,0.874,4.968,0.9254
2025-09-21,Ashdod_IL,CHL,my,1.187,1.176,0.6291,1.58,0.995
2025-09-22,Ashdod_IL,CHL,my,0.9972,0.9972,0.7143,1.159,0.9104
2025-09-23,Ashdod_IL,CHL,my,1.607,1.364,0.8395,1.625,0.995
2025-09-24,Ashdod_IL,CHL,my,1.021,0.8463,0.428,1.136,0.6468
2025-09-25,Ashdod_IL,CHL,my,0.7119,,,,0.1841
2025-09-26,Ashdod_IL,CHL,my,0.7574,0.5357,0.3214,1.323,0.9254
2025-09-27,Ashdod_IL,CHL,my,0.4563,0.4344,0.2771,1.085,0.995
2025-09-28,Ashdod_IL,CHL,my,0.3353,0.218,0.1861,0.3353,0.8607
2025-09-29,Ashdod_IL,CHL,my,0.1497,0.1497,0.1296,0.5733,0.995
2025-10-01,Ashdod_IL,CHL,my,0.1287,0.1285,0.06718,0.1687,0.995
2025-10-02,Ashdod_IL,CHL,my,0.1706,0.1571,0.0894,0.339,0.9254
2025-10-03,Ashdod_IL,CHL,my,0.1946,0.189,0.1082,0.3412,0.995
2025-10-04,Ashdod_IL,CHL,my,0.116,0.1141,0.07408,0.2253,0.995
2025-10-05,Ashdod_IL,CHL,my,0.1328,0.1013,0.06761,0.1962,0.9204
2025-10-06,Ashdod_IL,CHL,my,0.1092,0.0733,0.05306,0.1182,0.9254
2025-10-07,Ashdod_IL,CHL,my,0.07819,0.07124,0.0675,0.1969,0.995
2025-10-08,Ashdod_IL,CHL,my,0.07473,0.06898,0.06213,0.09589,0.995
2025-10-10,Ashdod_IL,CHL,my,0.1573,0.179,0.1178,0.3472,0.9801
2025-10-11,Ashdod_IL,CHL,my,0.3887,0.3067,0.1657,0.4283,0.995
2025-10-13,Ashdod_IL,CHL,my,0.7601,0.793,0.3351,0.9122,0.9254
2025-10-14,Ashdod_IL,CHL,my,0.3536,0.3536,0.1806,0.5583,0.9403
2025-10-15,Ashdod_IL,CHL,my,0.2347,0.3768,0.2942,0.4646,0.995
2025-10-16,Ashdod_IL,CHL,my,0.2359,0.3504,0.2985,0.3921,0.995
2025-10-17,Ashdod_IL,CHL,my,0.1997,0.2162,0.1709,0.3332,0.8905
2025-10-18,Ashdod_IL,CHL,my,0.2041,0.1732,0.1224,0.2233,0.995
2025-10-19,Ashdod_IL,CHL,my,0.2195,0.2565,0.1756,0.2648,0.5821
2025-10-20,Ashdod_IL,CHL,my,0.3721,0.2912,0.1997,0.3721,0.9602
2025-10-21,Ashdod_IL,CHL,my,0.3101,0.2683,0.2087,0.3347,0.9104
2025-10-22,Ashdod_IL,CHL,my,0.2734,0.2338,0.1877,0.3651,0.995
2025-10-23,Ashdod_IL,CHL,my,0.2964,0.265,0.1707,0.2964,0.9254
2025-10-24,Ashdod_IL,CHL,my,0.224,0.1834,0.1281,0.2339,0.7114
2025-10-25,Ashdod_IL,CHL,my,0.2298,0.1867,0.1158,0.2421,0.9254
2025-10-26,Ashdod_IL,CHL,my,0.1631,0.1529,0.09657,0.1689,0.995
2025-10-27,Ashdod_IL,CHL,my,0.1028,0.122,0.0876,0.1648,0.995
2025-10-28,Ashdod_IL,CHL,my,0.1427,0.1078,0.08683,0.1775,0.9254
2025-10-29,Ashdod_IL,CHL,my,0.1155,0.108,0.08326,0.143,0.8209
2025-10-30,Ashdod_IL,CHL,my,0.1082,0.1082,0.08131,0.1574,0.995
2025-10-31,Ashdod_IL,CHL,my,0.0932,0.0884,0.07578,0.193,0.995
2025-11-01,Ashdod_IL,CHL,my,0.131,0.1103,0.08081,0.1719,0.9254
2025-11-08,Ashdod_IL,CHL,my,0.2714,0.2273,0.1116,0.2902,0.9254
2025-11-09,Ashdod_IL,CHL,my,0.2183,0.1851,0.133,0.3369,0.9254
2025-11-12,Ashdod_IL,CHL,my,0.2631,0.2334,0.138,0.288,0.995
2025-11-16,Ashdod_IL,CHL,my,0.8317,0.7996,0.447,0.8955,0.8209
2025-11-19,Ashdod_IL,CHL,my,0.3599,0.3162,0.2322,0.5674,0.9254
2025-11-20,Ashdod_IL,CHL,my,0.353,0.3174,0.2111,0.4615,0.9254
2025-11-21,Ashdod_IL,CHL,my,,0.2288,0.1875,0.3446,0.7711
2025-11-22,Ashdod_IL,CHL,my,0.2409,0.2409,0.1603,0.2888,0.995
2025-11-23,Ashdod_IL,CHL,my,0.2074,0.2111,0.124,0.2678,0.9254
2025-11-26,Ashdod_IL,CHL,my,0.219,0.1963,0.1084,0.2366,0.995
2025-11-27,Ashdod_IL,CHL,my,0.2353,0.1962,0.1433,0.2353,0.8607
2025-11-30,Ashdod_IL,CHL,my,0.3299,0.2631,0.165,0.3299,0.9104
2025-12-01,Ashdod_IL,CHL,my,0.2514,0.2514,0.1504,0.3725,0.995
2025-12-02,Ashdod_IL,CHL,my,0.3203,0.2872,0.1689,0.3444,0.9254
2025-12-03,Ashdod_IL,CHL,my,0.3166,0.3149,0.2191,0.3365,0.9254
2025-12-04,Ashdod_IL,CHL,my,0.4368,0.4132,0.2695,0.4654,0.9254
2025-12-05,Ashdod_IL,CHL,my,0.3254,,,,0.3383
2025-12-07,Ashdod_IL,CHL,my,0.1628,0.1525,0.1164,0.1765,0.8905
2025-12-10,Ashdod_IL,CHL,my,0.309,0.309,0.2225,0.3719,0.9254
2025-12-12,Ashdod_IL,CHL,my,,0.129,0.1009,0.1958,0.6915
2025-12-13,Ashdod_IL,CHL,my,0.2457,,,,0.3433
2025-12-16,Ashdod_IL,CHL,my,0.344,,,,0.1592
2025-12-17,Ashdod_IL,CHL,my,0.3572,0.3152,0.2449,0.4482,0.9254
2025-12-18,Ashdod_IL,CHL,my,0.3562,0.3148,0.2179,0.3917,0.8657
2025-12-21,Ashdod_IL,CHL,my,0.2389,0.2412,0.1998,0.3335,0.9254
2025-12-22,Ashdod_IL,CHL,my,,0.2106,0.182,0.253,0.5821
2025-12-24,Ashdod_IL,CHL,my,0.2619,0.2589,0.1733,0.5031,0.995
2025-12-25,Ashdod_IL,CHL,my,0.2496,0.1891,0.152,0.2717,0.9254
2025-12-27,Ashdod_IL,CHL,my,0.1727,,,,0.4577
2025-01-01,Ashkelon_IL,CHL,my,0.3758,0.2504,0.2244,0.5053,0.9104
2025-01-02,Ashkelon_IL,CHL,my,0.3192,0.3192,0.2041,0.5107,0.9502
2025-01-03,Ashkelon_IL,CHL,my,0.7043,0.7043,0.3881,0.9659,1
2025-01-06,Ashkelon_IL,CHL,my,0.2635,0.2162,0.1281,0.4163,0.8806
2025-01-07,Ashkelon_IL,CHL,my,0.3247,0.3247,0.2053,0.5579,1
2025-01-08,Ashkelon_IL,CHL,my,0.2037,0.2037,0.144,0.5421,0.9502
2025-01-09,Ashkelon_IL,CHL,my,0.2284,0.1976,0.1363,0.3418,0.9104
2025-01-10,Ashkelon_IL,CHL,my,0.2089,0.1999,0.1336,0.2456,0.8308
2025-01-12,Ashkelon_IL,CHL,my,0.2278,0.2278,0.1358,0.2845,0.9502
2025-01-13,Ashkelon_IL,CHL,my,0.2311,0.2311,0.1789,0.6659,1
2025-01-14,Ashkelon_IL,CHL,my,0.2187,0.2187,0.1677,0.2588,0.7711
2025-01-18,Ashkelon_IL,CHL,my,0.1334,0.1361,0.1236,0.3294,1
2025-01-20,Ashkelon_IL,CHL,my,0.1108,0.1119,0.09585,0.2025,0.9502
2025-01-21,Ashkelon_IL,CHL,my,0.1062,0.1062,0.09079,0.1479,0.9502
2025-01-24,Ashkelon_IL,CHL,my,0.1675,0.2069,0.1471,0.2169,0.597
2025-01-25,Ashkelon_IL,CHL,my,0.2177,0.1656,0.1136,0.2437,0.9104
2025-01-26,Ashkelon_IL,CHL,my,0.2372,0.1804,0.1191,0.2433,0.801
2025-01-27,Ashkelon_IL,CHL,my,,0.1151,0.07519,0.1229,0.5871
2025-01-28,Ashkelon_IL,CHL,my,,0.129,0.1099,0.1544,0.7015
2025-01-29,Ashkelon_IL,CHL,my,0.1801,0.1801,0.1244,0.2571,0.9502
2025-01-30,Ashkelon_IL,CHL,my,0.2098,0.2098,0.1413,0.2518,0.9502
2025-02-01,Ashkelon_IL,CHL,my,0.08923,0.09551,0.07255,0.1012,0.8806
2025-02-02,Ashkelon_IL,CHL,my,0.1482,0.1513,0.1292,0.179,0.7861
2025-02-04,Ashkelon_IL,CHL,my,0.1544,0.1541,0.1281,0.1955,1
2025-02-14,Ashkelon_IL,CHL,my,0.3882,0.3882,0.3214,0.8547,0.7711
2025-02-15,Ashkelon_IL,CHL,my,1.22,1.22,0.7497,2.215,1
2025-02-17,Ashkelon_IL,CHL,my,1.013,1.013,0.6351,1.488,0.9502
2025-02-18,Ashkelon_IL,CHL,my,,0.2145,0.1846,0.2767,0.7015
2025-02-25,Ashkelon_IL,CHL,my,0.2748,0.2748,0.2429,0.7906,1
2025-02-26,Ashkelon_IL,CHL,my,0.2239,0.1604,0.1449,0.2239,0.806
2025-02-27,Ashkelon_IL,CHL,my,0.2533,0.2533,0.2122,0.5613,0.9502
2025-02-28,Ashkelon_IL,CHL,my,0.2079,0.1972,0.1261,0.2572,0.8806
2025-03-01,Ashkelon_IL,CHL,my,0.09716,0.09716,0.09581,0.3155,0.8756
2025-03-02,Ashkelon_IL,CHL,my,0.1693,0.1537,0.115,0.2212,0.9502
2025-03-08,Ashkelon_IL,CHL,my,0.1438,0.131,0.1011,0.2094,0.9104
2025-03-09,Ashkelon_IL,CHL,my,0.1732,0.1732,0.1202,0.1976,0.8358
2025-03-10,Ashkelon_IL,CHL,my,0.06613,0.06613,0.05679,0.08664,0.8806
2025-03-11,Ashkelon_IL,CHL,my,0.1094,0.1067,0.07604,0.2703,0.9204
2025-03-12,Ashkelon_IL,CHL,my,0.0528,0.05581,0.05703,0.1566,1
2025-03-13,Ashkelon_IL,CHL,my,0.111,0.09888,0.07156,0.1917,0.9104
2025-03-14,Ashkelon_IL,CHL,my,0.09065,0.09328,0.07507,0.1089,0.9104
2025-03-15,Ashkelon_IL,CHL,my,0.3444,0.2941,0.1807,0.4851,0.8607
2025-03-16,Ashkelon_IL,CHL,my,0.1439,0.1314,0.07684,0.1439,0.7761
2025-03-18,Ashkelon_IL,CHL,my,,0.0544,0.05298,0.09174,0.7015
2025-03-19,Ashkelon_IL,CHL,my,0.09165,0.09165,0.06656,0.1128,0.6119
2025-03-23,Ashkelon_IL,CHL,my,1.235,1.232,0.8317,1.449,0.9104
2025-03-24,Ashkelon_IL,CHL,my,1.244,1.279,0.949,1.778,1
2025-03-27,Ashkelon_IL,CHL,my,1.179,0.8971,0.5015,1.576,0.8806
2025-03-28,Ashkelon_IL,CHL,my,0.8736,0.6059,0.3327,0.8736,0.806
2025-03-30,Ashkelon_IL,CHL,my,0.5683,0.5683,0.4264,1.467,0.791
2025-03-31,Ashkelon_IL,CHL,my,,0.2548,0.19,0.6888,0.592
2025-04-02,Ashkelon_IL,CHL,my,0.4488,0.4016,0.2429,0.6689,0.9204
2025-04-03,Ashkelon_IL,CHL,my,0.4141,0.4141,0.277,0.8243,0.9502
2025-04-04,Ashkelon_IL,CHL,my,0.3089,0.2597,0.1967,0.6414,0.9104
2025-04-05,Ashkelon_IL,CHL,my,0.3645,0.3645,0.2298,0.7619,0.9502
2025-04-10,Ashkelon_IL,CHL,my,0.3084,0.2617,0.1783,0.4177,0.8806
2025-04-11,Ashkelon_IL,CHL,my,1.006,0.9371,0.4365,1.297,0.8806
2025-04-14,Ashkelon_IL,CHL,my,1.265,1.265,0.6954,1.516,0.9502
2025-04-16,Ashkelon_IL,CHL,my,1.152,0.9632,0.4982,1.411,0.8806
2025-04-17,Ashkelon_IL,CHL,my,1.123,1.11,0.5979,1.448,0.9502
2025-04-18,Ashkelon_IL,CHL,my,0.9612,0.9883,0.6871,1.318,1
2025-04-19,Ashkelon_IL,CHL,my,1.232,1.128,0.7602,1.45,0.9104
2025-04-20,Ashkelon_IL,CHL,my,0.905,0.905,0.6322,1.22,1
2025-04-21,Ashkelon_IL,CHL,my,0.924,0.8908,0.5243,1.152,0.9104
2025-04-25,Ashkelon_IL,CHL,my,0.2566,0.2566,0.2098,0.654,0.9502
2025-04-26,Ashkelon_IL,CHL,my,0.2861,0.3116,0.3297,1.365,1
2025-04-29,Ashkelon_IL,CHL,my,0.4206,0.3469,0.2478,0.5956,0.9104
2025-05-02,Ashkelon_IL,CHL,my,,0.2544,0.1582,0.2729,0.6667
2025-05-04,Ashkelon_IL,CHL,my,0.4138,0.4138,0.1958,0.684,0.9502
2025-05-06,Ashkelon_IL,CHL,my,0.9736,0.9145,0.4514,1.125,0.9204
2025-05-07,Ashkelon_IL,CHL,my,1.269,1.269,0.571,2.042,0.9502
2025-05-08,Ashkelon_IL,CHL,my,0.9552,0.9528,0.4645,1.072,0.9502
2025-05-09,Ashkelon_IL,CHL,my,0.9838,0.8906,0.4325,1.069,0.9104
2025-05-11,Ashkelon_IL,CHL,my,0.3564,0.3564,0.196,0.5639,0.9502
2025-05-14,Ashkelon_IL,CHL,my,,0.0637,0.05092,0.07476,0.5224
2025-05-16,Ashkelon_IL,CHL,my,0.7499,0.6931,0.3743,1.004,0.8806
2025-05-19,Ashkelon_IL,CHL,my,,0.4106,0.2733,0.859,0.8458
2025-05-20,Ashkelon_IL,CHL,my,0.3851,0.359,0.2059,0.581,0.9104
2025-05-21,Ashkelon_IL,CHL,my,0.312,0.312,0.1777,0.5452,0.9502
2025-05-23,Ashkelon_IL,CHL,my,0.3644,0.3644,0.1978,0.6601,0.9502
2025-05-24,Ashkelon_IL,CHL,my,0.7886,0.3702,0.2179,0.8359,0.9104
2025-05-25,Ashkelon_IL,CHL,my,0.4445,0.4445,0.2672,0.9994,1
2025-05-27,Ashkelon_IL,CHL,my,,0.3102,0.1746,0.4679,0.7015
2025-05-29,Ashkelon_IL,CHL,my,1.388,1.487,0.915,2.054,0.9502
2025-05-30,Ashkelon_IL,CHL,my,1.357,1.357,0.9722,1.722,0.9104
2025-05-31,Ashkelon_IL,CHL,my,1.407,1.407,0.7032,1.568,0.9502
2025-06-01,Ashkelon_IL,CHL,my,0.4822,0.2901,0.1874,0.4822,0.806
2025-06-02,Ashkelon_IL,CHL,my,0.9352,0.9352,0.5109,1.099,1
2025-06-03,Ashkelon_IL,CHL,my,0.4673,0.4673,0.2146,0.7656,0.9502
2025-06-04,Ashkelon_IL,CHL,my,0.534,0.534,0.3255,1.139,1
2025-06-05,Ashkelon_IL,CHL,my,0.7198,0.7961,0.4451,0.9746,0.9104
2025-06-06,Ashkelon_IL,CHL,my,1.326,1.245,0.6473,1.326,0.9104
2025-06-07,Ashkelon_IL,CHL,my,0.3546,0.3546,0.1743,0.4178,0.9502
2025-06-08,Ashkelon_IL,CHL,my,0.7086,0.5988,0.3431,1.01,0.9104
2025-06-09,Ashkelon_IL,CHL,my,0.1711,0.1693,0.1305,0.1754,0.806
2025-06-10,Ashkelon_IL,CHL,my,0.3111,0.2822,0.1606,0.3111,0.806
2025-06-11,Ashkelon_IL,CHL,my,0.2683,0.2683,0.2289,0.7931,1
2025-06-12,Ashkelon_IL,CHL,my,0.1888,0.2234,0.1294,0.3,0.9502
2025-06-13,Ashkelon_IL,CHL,my,0.265,0.265,0.1219,0.2845,0.8806
2025-06-14,Ashkelon_IL,CHL,my,0.2585,0.194,0.09461,0.363,0.9204
2025-06-15,Ashkelon_IL,CHL,my,0.2935,0.2615,0.1233,0.3426,0.8607
2025-06-16,Ashkelon_IL,CHL,my,0.1085,0.07875,0.05957,0.1741,0.8806
2025-06-17,Ashkelon_IL,CHL,my,0.1558,0.1558,0.08214,0.2683,0.9502
2025-06-18,Ashkelon_IL,CHL,my,0.2845,0.2845,0.1631,0.6598,0.9502
2025-06-19,Ashkelon_IL,CHL,my,0.1711,0.1711,0.08787,0.2868,0.9502
2025-06-20,Ashkelon_IL,CHL,my,0.1867,0.1671,0.116,0.2603,0.9104
2025-06-21,Ashkelon_IL,CHL,my,0.1491,0.1491,0.1422,0.7793,1
2025-06-22,Ashkelon_IL,CHL,my,0.3215,0.2727,0.1587,0.4361,0.9204
2025-06-23,Ashkelon_IL,CHL,my,0.2629,,,,0.4279
2025-06-24,Ashkelon_IL,CHL,my,0.2884,0.07506,0.07859,0.2884,0.6667
2025-06-25,Ashkelon_IL,CHL,my,0.07503,0.144,0.1164,0.1886,0.8806
2025-06-26,Ashkelon_IL,CHL,my,0.1886,0.2279,0.1922,0.4703,0.9502
2025-06-27,Ashkelon_IL,CHL,my,0.3335,0.3429,0.2716,0.9762,0.9701
2025-06-28,Ashkelon_IL,CHL,my,0.2936,0.2327,0.1479,0.3846,0.9104
2025-06-29,Ashkelon_IL,CHL,my,0.1218,0.1218,0.1231,0.8382,0.9303
2025-06-30,Ashkelon_IL,CHL,my,0.3757,0.3757,0.2953,0.8314,0.9502
2025-07-02,Ashkelon_IL,CHL,my,0.2619,0.2375,0.173,0.3447,0.9104
2025-07-03,Ashkelon_IL,CHL,my,0.1944,0.1944,0.1311,0.3293,0.9502
2025-07-04,Ashkelon_IL,CHL,my,0.08525,0.08525,0.07928,0.2804,1
2025-07-05,Ashkelon_IL,CHL,my,0.2115,0.2115,0.1535,0.391,0.9502
2025-07-06,Ashkelon_IL,CHL,my,0.1625,0.1145,0.09478,0.3157,0.9104
2025-07-07,Ashkelon_IL,CHL,my,0.08909,0.09915,0.1121,0.3453,0.7313
2025-07-08,Ashkelon_IL,CHL,my,0.1556,0.2018,0.1724,0.4938,0.6318
2025-07-09,Ashkelon_IL,CHL,my,0.2345,0.2345,0.1132,0.3136,0.9502
2025-07-11,Ashkelon_IL,CHL,my,0.2108,0.2108,0.1178,0.4548,0.9502
2025-07-12,Ashkelon_IL,CHL,my,0.2837,0.2473,0.1577,0.3376,0.9104
2025-07-13,Ashkelon_IL,CHL,my,,0.2067,0.1564,0.5255,0.7662
2025-07-14,Ashkelon_IL,CHL,my,0.1732,0.1781,0.1449,0.3898,1
2025-07-15,Ashkelon_IL,CHL,my,0.3077,0.2269,0.1528,0.5213,0.9104
2025-07-16,Ashkelon_IL,CHL,my,0.1811,0.1811,0.1424,0.2934,0.9502
2025-07-17,Ashkelon_IL,CHL,my,0.2262,0.2099,0.1271,0.307,0.8806
2025-07-18,Ashkelon_IL,CHL,my,0.1319,0.1319,0.1302,0.6603,1
2025-07-19,Ashkelon_IL,CHL,my,0.1122,0.1122,0.08048,0.1961,0.9502
2025-07-20,Ashkelon_IL,CHL,my,0.1987,0.1987,0.1402,0.3354,0.801
2025-07-22,Ashkelon_IL,CHL,my,0.09534,0.09534,0.06543,0.2153,0.9502
2025-07-23,Ashkelon_IL,CHL,my,0.2077,0.2086,0.1215,0.4145,0.9502
2025-07-24,Ashkelon_IL,CHL,my,0.04838,0.05907,0.05822,0.1016,0.9104
2025-07-26,Ashkelon_IL,CHL,my,0.2546,0.2546,0.149,0.4869,0.9502
2025-07-27,Ashkelon_IL,CHL,my,0.2274,0.2274,0.1808,0.9306,1
2025-07-28,Ashkelon_IL,CHL,my,0.2165,0.1974,0.1161,0.2961,0.9104
2025-07-30,Ashkelon_IL,CHL,my,0.4099,0.4021,0.1851,0.605,0.8905
2025-07-31,Ashkelon_IL,CHL,my,0.6968,0.6968,0.3682,1.291,0.9502
2025-08-01,Ashkelon_IL,CHL,my,0.3407,0.3407,0.2546,1.028,0.9104
2025-08-02,Ashkelon_IL,CHL,my,0.4866,0.4506,0.2566,0.8277,0.8806
2025-08-03,Ashkelon_IL,CHL,my,0.9766,0.9766,0.5891,1.863,0.9502
2025-08-04,Ashkelon_IL,CHL,my,0.7553,0.7553,0.535,1.356,1
2025-08-06,Ashkelon_IL,CHL,my,1.777,1.777,0.9017,2.007,0.9502
2025-08-08,Ashkelon_IL,CHL,my,,1.809,0.9491,2.755,0.8408
2025-08-10,Ashkelon_IL,CHL,my,1.678,,,,0.393
2025-08-14,Ashkelon_IL,CHL,my,1.055,0.9248,0.5773,1.697,0.9104
2025-08-15,Ashkelon_IL,CHL,my,0.6786,0.6619,0.6256,0.7377,0.806
2025-08-18,Ashkelon_IL,CHL,my,0.8602,0.5727,0.4526,2.083,0.9104
2025-08-19,Ashkelon_IL,CHL,my,0.4969,0.4969,0.2886,0.9068,0.9502
2025-08-20,Ashkelon_IL,CHL,my,0.7069,0.5384,0.2516,0.7069,0.9104
2025-08-23,Ashkelon_IL,CHL,my,0.2157,0.2157,0.318,1.996,0.9502
2025-08-24,Ashkelon_IL,CHL,my,1.076,0.6573,0.3391,1.645,0.9104
2025-08-28,Ashkelon_IL,CHL,my,3.214,2.516,1.562,6.675,0.8806
2025-08-29,Ashkelon_IL,CHL,my,3.147,1.96,1.349,3.897,0.9104
2025-08-30,Ashkelon_IL,CHL,my,2.541,2.541,1.358,3.937,0.9502
2025-08-31,Ashkelon_IL,CHL,my,2.266,2.266,1.566,6.498,0.9502
2025-09-01,Ashkelon_IL,CHL,my,2.227,2.18,1.309,3.346,0.7164
2025-09-03,Ashkelon_IL,CHL,my,1.28,1.28,0.6126,2.125,0.7861
2025-09-04,Ashkelon_IL,CHL,my,0.2601,0.2601,0.2839,1.997,0.9502
2025-09-05,Ashkelon_IL,CHL,my,1.47,0.9984,0.6827,2.456,0.9104
2025-09-06,Ashkelon_IL,CHL,my,1.186,1.322,0.7954,2.404,0.9701
2025-09-07,Ashkelon_IL,CHL,my,1.427,1.427,0.8422,2.548,0.9502
2025-09-08,Ashkelon_IL,CHL,my,2.226,2.229,1.088,2.855,0.8806
2025-09-10,Ashkelon_IL,CHL,my,2.946,2.946,1.776,7.175,0.9502
2025-09-11,Ashkelon_IL,CHL,my,2.398,2.983,1.912,3.309,0.8358
2025-09-12,Ashkelon_IL,CHL,my,1.712,1.964,1.093,3.122,0.9502
2025-09-13,Ashkelon_IL,CHL,my,3.101,2.408,1.5,3.3,0.9104
2025-09-14,Ashkelon_IL,CHL,my,1.794,1.811,1.482,2.245,0.9502
2025-09-15,Ashkelon_IL,CHL,my,1.068,1.824,1.54,2.568,0.9502
2025-09-16,Ashkelon_IL,CHL,my,1.293,1.359,1.3,2.552,0.9104
2025-09-17,Ashkelon_IL,CHL,my,1.519,1.519,0.7625,1.727,0.6617
2025-09-18,Ashkelon_IL,CHL,my,2.494,2.038,1.108,3.915,0.9104
2025-09-20,Ashkelon_IL,CHL,my,1.314,1.314,1.07,8.173,0.9502
2025-09-21,Ashkelon_IL,CHL,my,1.559,1.559,0.7076,2.212,0.9502
2025-09-22,Ashkelon_IL,CHL,my,1.797,1.139,0.6397,1.797,0.9104
2025-09-23,Ashkelon_IL,CHL,my,0.9278,0.4339,0.3712,1.611,0.8806
2025-09-24,Ashkelon_IL,CHL,my,0.475,0.2268,0.1822,0.475,0.801
2025-09-26,Ashkelon_IL,CHL,my,1.347,1.1,0.5551,1.853,0.8806
2025-09-27,Ashkelon_IL,CHL,my,0.8801,0.8801,0.6317,3.033,0.9502
2025-09-28,Ashkelon_IL,CHL,my,,0.8832,0.4133,1.007,0.5075
2025-09-29,Ashkelon_IL,CHL,my,1.112,1.127,0.5682,1.645,0.7711
2025-09-30,Ashkelon_IL,CHL,my,0.7136,0.7956,0.456,1.486,0.7214
2025-10-01,Ashkelon_IL,CHL,my,1.113,1.051,0.4558,1.31,0.9104
2025-10-02,Ashkelon_IL,CHL,my,1.071,1.071,0.4914,1.361,0.9502
2025-10-03,Ashkelon_IL,CHL,my,0.6616,0.6616,0.3623,1.131,0.9502
2025-10-04,Ashkelon_IL,CHL,my,0.5674,0.5674,0.2901,0.9782,0.8557
2025-10-05,Ashkelon_IL,CHL,my,,0.5653,0.2475,0.8617,0.5224
2025-10-06,Ashkelon_IL,CHL,my,0.1566,0.1566,0.07643,0.26,0.9502
2025-10-07,Ashkelon_IL,CHL,my,0.1153,0.1153,0.07842,0.3959,0.9502
2025-10-08,Ashkelon_IL,CHL,my,0.05872,0.06045,0.06951,0.3082,0.9502
2025-10-10,Ashkelon_IL,CHL,my,0.653,0.5257,0.2645,0.786,0.9801
2025-10-11,Ashkelon_IL,CHL,my,0.3703,0.3829,0.2599,0.5069,0.9502
2025-10-12,Ashkelon_IL,CHL,my,0.7386,,,,0.1443
2025-10-13,Ashkelon_IL,CHL,my,0.8785,0.9191,0.6004,1.21,1
2025-10-14,Ashkelon_IL,CHL,my,0.8775,0.8873,0.7682,1.507,1
2025-10-15,Ashkelon_IL,CHL,my,0.7498,0.7498,0.4426,1.041,0.9502
2025-10-16,Ashkelon_IL,CHL,my,0.4921,0.4921,0.2993,0.6889,1
2025-10-17,Ashkelon_IL,CHL,my,0.7131,0.6562,0.38,0.7859,0.9104
2025-10-18,Ashkelon_IL,CHL,my,0.4198,0.4943,0.4176,0.7354,1
2025-10-19,Ashkelon_IL,CHL,my,0.3962,0.4729,0.3291,0.628,0.9104
2025-10-20,Ashkelon_IL,CHL,my,0.3871,0.455,0.3365,0.684,1
2025-10-21,Ashkelon_IL,CHL,my,0.6192,0.6192,0.3859,0.8607,0.9104
2025-10-22,Ashkelon_IL,CHL,my,0.8856,0.6906,0.4191,0.9469,0.9502
2025-10-23,Ashkelon_IL,CHL,my,0.2984,0.2984,0.26,0.5436,0.9502
2025-10-24,Ashkelon_IL,CHL,my,0.2182,0.2555,0.2124,0.2931,0.6517
2025-10-25,Ashkelon_IL,CHL,my,0.19,0.2019,0.1716,0.234,0.8806
2025-10-26,Ashkelon_IL,CHL,my,0.13,0.1623,0.1364,0.2129,1
2025-10-27,Ashkelon_IL,CHL,my,0.05743,0.08028,0.07969,0.2282,1
2025-10-28,Ashkelon_IL,CHL,my,0.07294,0.107,0.09119,0.1463,0.9502
2025-10-29,Ashkelon_IL,CHL,my,0.1988,0.1988,0.1192,0.2404,0.602
2025-10-30,Ashkelon_IL,CHL,my,0.2177,0.2119,0.138,0.2458,0.9502
2025-10-31,Ashkelon_IL,CHL,my,0.1744,0.2119,0.1587,0.4332,1
2025-11-01,Ashkelon_IL,CHL,my,0.2841,0.2371,0.1408,0.2841,0.9104
2025-11-08,Ashkelon_IL,CHL,my,0.2525,0.2151,0.1193,0.2525,0.9104
2025-11-09,Ashkelon_IL,CHL,my,0.3033,0.3033,0.1855,0.3854,0.9104
2025-11-12,Ashkelon_IL,CHL,my,0.4305,0.4264,0.223,0.554,0.9502
2025-11-13,Ashkelon_IL,CHL,my,0.4122,,,,0.4129
2025-11-18,Ashkelon_IL,CHL,my,0.6182,0.5623,0.3718,0.7772,0.9104
2025-11-19,Ashkelon_IL,CHL,my,0.433,0.4087,0.3067,0.6152,0.9104
2025-11-20,Ashkelon_IL,CHL,my,0.4264,0.4006,0.2633,0.5155,0.8806
2025-11-22,Ashkelon_IL,CHL,my,0.216,0.1464,0.1197,0.2608,0.9104
2025-11-23,Ashkelon_IL,CHL,my,0.1008,0.1589,0.1187,0.268,1
2025-11-26,Ashkelon_IL,CHL,my,0.289,0.3951,0.3076,0.5547,0.9502
2025-11-27,Ashkelon_IL,CHL,my,0.3718,0.3718,0.2575,0.4416,0.9502
2025-11-30,Ashkelon_IL,CHL,my,0.1854,0.181,0.1156,0.1854,0.9104
2025-12-01,Ashkelon_IL,CHL,my,0.1597,0.2144,0.1688,0.4495,0.9502
2025-12-02,Ashkelon_IL,CHL,my,0.5669,0.5669,0.3817,0.6002,0.9502
2025-12-04,Ashkelon_IL,CHL,my,0.5013,0.4768,0.3344,0.5244,0.9104
2025-12-05,Ashkelon_IL,CHL,my,0.1189,0.1516,0.1336,0.2997,0.6468
2025-12-07,Ashkelon_IL,CHL,my,0.1696,0.1633,0.1506,0.2406,0.7761
2025-12-16,Ashkelon_IL,CHL,my,0.5006,,,,0.1393
2025-12-17,Ashkelon_IL,CHL,my,0.5563,0.5563,0.3511,0.6517,0.8806
2025-12-18,Ashkelon_IL,CHL,my,0.382,0.3747,0.2569,0.4707,0.8806
2025-12-21,Ashkelon_IL,CHL,my,0.2942,0.2545,0.1941,0.356,0.8806
2025-12-24,Ashkelon_IL,CHL,my,0.1415,0.2025,0.1763,0.2497,0.9104
2025-12-25,Ashkelon_IL,CHL,my,0.1804,0.2005,0.1763,0.2713,0.9502
2025-12-26,Ashkelon_IL,CHL,my,0.2477,0.2658,0.1951,0.3415,0.8408
2025-01-02,Bardawil_off,CHL,my,2.254,2.192,1.868,2.28,0.6923
2025-01-03,Bardawil_off,CHL,my,2.611,2.223,1.101,2.744,1
2025-01-07,Bardawil_off,CHL,my,1.742,1.641,1.123,2.096,1
2025-01-08,Bardawil_off,CHL,my,2.11,2.039,1.407,2.11,1
2025-01-09,Bardawil_off,CHL,my,2.16,1.581,1.052,2.211,1
2025-01-12,Bardawil_off,CHL,my,1.34,1.228,0.9144,1.394,1
2025-01-13,Bardawil_off,CHL,my,1.145,0.9692,0.7212,1.427,1
2025-01-16,Bardawil_off,CHL,my,,1.202,0.9523,2.42,0.7473
2025-01-17,Bardawil_off,CHL,my,1.764,,,,0.2473
2025-01-18,Bardawil_off,CHL,my,,1.042,0.7669,1.211,0.5
2025-01-20,Bardawil_off,CHL,my,1.683,1.638,1.382,1.82,0.6264
2025-01-21,Bardawil_off,CHL,my,2.276,1.597,1.086,2.879,1
2025-01-23,Bardawil_off,CHL,my,1.626,1.55,1.347,1.666,0.6868
2025-01-24,Bardawil_off,CHL,my,1.625,1.625,0.9951,1.97,0.9396
2025-01-25,Bardawil_off,CHL,my,1.605,1.439,1.139,1.605,0.6868
2025-01-26,Bardawil_off,CHL,my,1.715,1.716,1.085,1.886,1
2025-01-27,Bardawil_off,CHL,my,1.404,1.477,1.016,1.701,0.8132
2025-01-29,Bardawil_off,CHL,my,1.925,1.703,1.147,1.925,1
2025-01-30,Bardawil_off,CHL,my,1.932,1.649,1.042,1.936,1
2025-01-31,Bardawil_off,CHL,my,1.563,1.583,1.15,2.007,1
2025-02-01,Bardawil_off,CHL,my,1.759,1.733,1.148,1.9,0.9396
2025-02-02,Bardawil_off,CHL,my,1.994,1.994,1.774,2.282,0.5
2025-02-03,Bardawil_off,CHL,my,2.145,1.97,1.138,2.235,0.522
2025-02-05,Bardawil_off,CHL,my,1.615,,,,0.4396
2025-02-13,Bardawil_off,CHL,my,,6.015,3.864,6.29,0.6923
2025-02-14,Bardawil_off,CHL,my,3.544,3.311,2.474,3.544,1
2025-02-15,Bardawil_off,CHL,my,3.201,3.095,2.252,3.474,1
2025-02-17,Bardawil_off,CHL,my,2.159,2.116,1.605,2.402,1
2025-02-18,Bardawil_off,CHL,my,2.524,2.411,1.93,4.399,1
2025-02-22,Bardawil_off,CHL,my,,4.541,3.187,5.064,0.6868
2025-02-26,Bardawil_off,CHL,my,2.988,1.805,1.497,3.094,1
2025-02-27,Bardawil_off,CHL,my,1.842,1.607,1.282,2.001,1
2025-02-28,Bardawil_off,CHL,my,1.701,1.243,1.003,1.765,1
2025-03-01,Bardawil_off,CHL,my,1.463,1.116,0.8016,1.629,1
2025-03-02,Bardawil_off,CHL,my,2.306,1.431,1.028,2.506,1
2025-03-04,Bardawil_off,CHL,my,1.621,1.621,1.512,2.202,0.5165
2025-03-05,Bardawil_off,CHL,my,1.658,1.475,1.072,1.853,1
2025-03-08,Bardawil_off,CHL,my,2.178,1.892,1.503,2.225,1
2025-03-09,Bardawil_off,CHL,my,2.177,2.177,1.972,2.263,0.5
2025-03-10,Bardawil_off,CHL,my,3.851,3.951,2.362,5.51,1
2025-03-11,Bardawil_off,CHL,my,2.073,2.27,1.533,2.558,1
2025-03-12,Bardawil_off,CHL,my,1.752,1.457,0.9993,1.752,1
2025-03-13,Bardawil_off,CHL,my,1.445,1.435,1.171,1.534,1
2025-03-14,Bardawil_off,CHL,my,1.32,1.32,1.058,1.458,1
2025-03-15,Bardawil_off,CHL,my,1.488,1.324,0.9685,1.488,1
2025-03-16,Bardawil_off,CHL,my,1.24,1.023,0.8238,1.358,1
2025-03-17,Bardawil_off,CHL,my,1.323,1.32,1.014,1.475,1
2025-03-19,Bardawil_off,CHL,my,1.503,1.445,1.074,1.568,0.9396
2025-03-23,Bardawil_off,CHL,my,2.309,2.258,1.968,3.108,1
2025-03-24,Bardawil_off,CHL,my,3.061,2.901,2.138,3.061,1
2025-03-25,Bardawil_off,CHL,my,2.321,2.227,1.807,2.348,1
2025-03-26,Bardawil_off,CHL,my,2.471,2.43,2.248,2.529,0.6868
2025-03-27,Bardawil_off,CHL,my,2.534,2.296,1.834,2.723,1
2025-03-28,Bardawil_off,CHL,my,2.029,,,,0.3516
2025-03-29,Bardawil_off,CHL,my,2.2,2.057,1.755,2.244,1
2025-03-30,Bardawil_off,CHL,my,2.425,2.197,1.853,2.647,1
2025-04-02,Bardawil_off,CHL,my,1.99,1.893,1.526,2.088,1
2025-04-03,Bardawil_off,CHL,my,2.097,2.097,1.868,2.209,0.5
2025-04-04,Bardawil_off,CHL,my,1.915,1.724,1.38,1.941,1
2025-04-05,Bardawil_off,CHL,my,1.845,1.644,1.405,1.894,1
2025-04-07,Bardawil_off,CHL,my,2.276,1.847,1.527,2.276,0.9341
2025-04-13,Bardawil_off,CHL,my,1.994,1.933,1.787,2.14,1
2025-04-14,Bardawil_off,CHL,my,3.178,2.144,1.974,3.323,1
2025-04-15,Bardawil_off,CHL,my,1.881,,,,0.1868
2025-04-16,Bardawil_off,CHL,my,2.369,2.317,1.715,2.529,1
2025-04-17,Bardawil_off,CHL,my,2.18,2.18,1.623,2.269,1
2025-04-18,Bardawil_off,CHL,my,1.996,1.817,1.371,2.104,1
2025-04-19,Bardawil_off,CHL,my,2.093,1.983,1.443,2.188,1
2025-04-20,Bardawil_off,CHL,my,1.914,1.789,1.326,1.914,1
2025-04-21,Bardawil_off,CHL,my,,1.37,1.064,1.671,0.6209
2025-04-22,Bardawil_off,CHL,my,2.353,2.295,1.597,2.425,0.8132
2025-04-25,Bardawil_off,CHL,my,1.785,1.778,1.342,1.813,0.5659
2025-04-26,Bardawil_off,CHL,my,1.709,1.68,1.186,1.791,0.8187
2025-04-27,Bardawil_off,CHL,my,2.057,1.867,1.406,2.097,1
2025-04-28,Bardawil_off,CHL,my,1.677,1.622,1.275,1.794,1
2025-05-01,Bardawil_off,CHL,my,1.931,,,,0.4835
2025-05-02,Bardawil_off,CHL,my,1.687,1.632,1.213,1.773,1
2025-05-05,Bardawil_off,CHL,my,1.849,1.786,1.349,1.913,1
2025-05-06,Bardawil_off,CHL,my,,1.603,1.113,1.975,0.7033
2025-05-07,Bardawil_off,CHL,my,1.972,1.906,1.274,2.203,1
2025-05-08,Bardawil_off,CHL,my,1.931,1.739,1.366,2.084,1
2025-05-09,Bardawil_off,CHL,my,1.77,1.594,1.227,1.93,1
2025-05-10,Bardawil_off,CHL,my,1.48,1.554,1.095,1.642,0.978
2025-05-11,Bardawil_off,CHL,my,1.787,1.53,1.184,1.973,1
2025-05-14,Bardawil_off,CHL,my,3.386,2.322,2.027,3.386,1
2025-05-19,Bardawil_off,CHL,my,2.209,2.12,1.591,2.355,1
2025-05-20,Bardawil_off,CHL,my,2.11,1.891,1.49,2.17,1
2025-05-21,Bardawil_off,CHL,my,2.02,1.996,1.576,2.081,1
2025-05-22,Bardawil_off,CHL,my,2.383,2.428,1.907,2.479,1
2025-05-23,Bardawil_off,CHL,my,2.254,2.076,1.622,2.358,1
2025-05-24,Bardawil_off,CHL,my,2.458,2.195,1.781,2.469,1
2025-05-25,Bardawil_off,CHL,my,2.44,2.224,1.684,2.589,1
2025-05-27,Bardawil_off,CHL,my,3.546,3.039,1.969,3.854,1
2025-05-29,Bardawil_off,CHL,my,3.55,3.433,2.533,3.55,1
2025-05-30,Bardawil_off,CHL,my,2.175,2.175,1.83,2.261,1
2025-05-31,Bardawil_off,CHL,my,2.216,2.135,1.773,2.286,1
2025-06-02,Bardawil_off,CHL,my,1.703,1.594,1.339,1.993,1
2025-06-03,Bardawil_off,CHL,my,1.961,1.59,1.34,2.225,1
2025-06-04,Bardawil_off,CHL,my,2.385,1.832,1.367,2.531,1
2025-06-05,Bardawil_off,CHL,my,2.005,1.58,1.187,2.006,1
2025-06-06,Bardawil_off,CHL,my,1.61,1.552,1.137,2,1
2025-06-07,Bardawil_off,CHL,my,1.576,1.538,1.023,1.68,1
2025-06-08,Bardawil_off,CHL,my,,1.172,0.7695,1.593,0.5604
2025-06-09,Bardawil_off,CHL,my,2.57,1.502,1.091,2.57,1
2025-06-10,Bardawil_off,CHL,my,1.748,1.725,1.173,2.018,1
2025-06-11,Bardawil_off,CHL,my,2.05,1.653,1.076,2.115,1
2025-06-13,Bardawil_off,CHL,my,1.617,1.499,0.9584,1.708,1
2025-06-14,Bardawil_off,CHL,my,1.696,1.503,0.9536,2.063,1
2025-06-15,Bardawil_off,CHL,my,1.547,1.481,0.9765,1.652,1
2025-06-16,Bardawil_off,CHL,my,1.704,1.699,1.276,1.793,1
2025-06-17,Bardawil_off,CHL,my,1.667,1.667,1.251,1.791,1
2025-06-18,Bardawil_off,CHL,my,1.864,1.7,1.23,1.919,0.9396
2025-06-19,Bardawil_off,CHL,my,1.981,1.893,1.012,2.091,1
2025-06-20,Bardawil_off,CHL,my,1.564,1.54,0.9973,1.725,1
2025-06-21,Bardawil_off,CHL,my,1.952,1.508,1.052,1.952,1
2025-06-22,Bardawil_off,CHL,my,1.547,1.497,1.113,1.586,1
2025-06-24,Bardawil_off,CHL,my,,2.184,1.688,2.392,0.9176
2025-06-25,Bardawil_off,CHL,my,2.328,2.293,1.809,2.434,1
2025-06-26,Bardawil_off,CHL,my,2.655,2.326,1.67,2.742,1
2025-06-27,Bardawil_off,CHL,my,1.785,1.757,1.282,2.059,1
2025-06-29,Bardawil_off,CHL,my,1.853,1.678,1.003,1.853,1
2025-06-30,Bardawil_off,CHL,my,1.595,1.492,1.117,1.679,1
2025-07-02,Bardawil_off,CHL,my,1.679,1.448,1.014,1.679,0.8791
2025-07-03,Bardawil_off,CHL,my,1.622,1.292,0.9017,1.622,1
2025-07-04,Bardawil_off,CHL,my,1.837,1.15,0.8531,2.013,1
2025-07-05,Bardawil_off,CHL,my,1.736,1.498,0.9368,2.147,1
2025-07-06,Bardawil_off,CHL,my,1.661,1.56,1.041,2.097,1
2025-07-07,Bardawil_off,CHL,my,2.372,1.228,0.8537,2.727,1
2025-07-08,Bardawil_off,CHL,my,2.203,1.431,1.115,2.203,1
2025-07-09,Bardawil_off,CHL,my,1.599,1.599,1.079,2.051,1
2025-07-10,Bardawil_off,CHL,my,1.488,,,,0.3736
2025-07-11,Bardawil_off,CHL,my,1.698,1.698,1.147,2.754,1
2025-07-12,Bardawil_off,CHL,my,1.639,1.625,1.018,1.828,1
2025-07-13,Bardawil_off,CHL,my,1.825,1.681,1.232,1.825,1
2025-07-14,Bardawil_off,CHL,my,1.844,1.573,1.143,1.945,1
2025-07-15,Bardawil_off,CHL,my,1.669,1.448,1.189,1.837,0.8791
2025-07-16,Bardawil_off,CHL,my,1.848,1.54,1.17,1.848,1
2025-07-17,Bardawil_off,CHL,my,1.591,1.451,1.106,1.71,1
2025-07-18,Bardawil_off,CHL,my,1.753,1.644,1.089,1.915,1
2025-07-19,Bardawil_off,CHL,my,2.211,1.414,0.892,2.211,1
2025-07-20,Bardawil_off,CHL,my,1.397,1.403,1.108,1.623,1
2025-07-21,Bardawil_off,CHL,my,,1.773,1.339,1.896,0.7527
2025-07-22,Bardawil_off,CHL,my,2.325,2.228,1.303,2.417,1
2025-07-23,Bardawil_off,CHL,my,2.033,1.897,1.137,2.052,1
2025-07-24,Bardawil_off,CHL,my,2.835,2.303,1.368,2.835,1
2025-07-26,Bardawil_off,CHL,my,2.193,1.553,1.289,2.576,1
2025-07-27,Bardawil_off,CHL,my,2.291,2.153,1.387,2.666,1
2025-07-28,Bardawil_off,CHL,my,2.731,2.132,1.44,3.213,1
2025-07-30,Bardawil_off,CHL,my,,1.606,1.055,1.86,0.5659
2025-08-01,Bardawil_off,CHL,my,2.963,2.157,1.553,3.101,1
2025-08-02,Bardawil_off,CHL,my,2.411,2.204,1.526,2.54,0.6923
2025-08-03,Bardawil_off,CHL,my,2.555,2.134,1.56,3.063,1
2025-08-04,Bardawil_off,CHL,my,1.988,1.813,1.232,2.406,1
2025-08-06,Bardawil_off,CHL,my,2.405,1.852,1.317,3.038,1
2025-08-07,Bardawil_off,CHL,my,2.505,1.572,1.317,2.819,1
2025-08-08,Bardawil_off,CHL,my,2.079,1.469,1.214,2.288,0.7747
2025-08-09,Bardawil_off,CHL,my,2.066,1.613,1.202,2.205,1
2025-08-10,Bardawil_off,CHL,my,2.193,1.692,1.305,2.472,1
2025-08-11,Bardawil_off,CHL,my,,1.299,0.9798,1.541,0.7473
2025-08-14,Bardawil_off,CHL,my,2.198,2.078,1.364,2.45,1
2025-08-15,Bardawil_off,CHL,my,2.154,1.979,1.353,2.324,1
2025-08-18,Bardawil_off,CHL,my,4.868,4.868,3.319,6.696,1
2025-08-19,Bardawil_off,CHL,my,7.031,5.026,3.337,7.061,1
2025-08-20,Bardawil_off,CHL,my,3.937,3.822,2.279,4.136,1
2025-08-21,Bardawil_off,CHL,my,2.797,2.511,1.724,2.996,1
2025-08-22,Bardawil_off,CHL,my,4.381,4.17,2.934,6.61,0.9396
2025-08-23,Bardawil_off,CHL,my,3.787,3.422,2.47,3.996,1
2025-08-24,Bardawil_off,CHL,my,3.158,2.767,2.252,4.153,1
2025-08-25,Bardawil_off,CHL,my,2.001,2.001,1.624,2.035,0.5824
2025-08-26,Bardawil_off,CHL,my,3.374,3.032,2.051,3.374,0.7527
2025-08-28,Bardawil_off,CHL,my,2.24,2.206,1.653,2.356,0.9396
2025-08-29,Bardawil_off,CHL,my,2.606,2.441,1.836,2.778,1
2025-08-30,Bardawil_off,CHL,my,1.998,1.711,1.383,2.008,1
2025-08-31,Bardawil_off,CHL,my,1.718,1.623,1.391,2.007,1
2025-09-01,Bardawil_off,CHL,my,1.618,1.574,1.21,1.625,0.6923
2025-09-02,Bardawil_off,CHL,my,,1.46,1.038,1.585,0.6319
2025-09-03,Bardawil_off,CHL,my,2.211,2.176,1.422,2.235,1
2025-09-04,Bardawil_off,CHL,my,2.141,2.137,1.58,2.163,1
2025-09-05,Bardawil_off,CHL,my,2.187,2.101,1.481,2.201,1
2025-09-06,Bardawil_off,CHL,my,1.682,1.68,1.242,1.72,1
2025-09-07,Bardawil_off,CHL,my,,1.596,1.159,1.688,0.6429
2025-09-08,Bardawil_off,CHL,my,1.822,1.822,1.198,1.909,0.8132
2025-09-09,Bardawil_off,CHL,my,2.16,2.028,1.475,2.281,0.9396
2025-09-10,Bardawil_off,CHL,my,2.2,2.069,1.498,2.216,1
2025-09-11,Bardawil_off,CHL,my,2.193,2.193,1.484,2.393,1
2025-09-12,Bardawil_off,CHL,my,1.809,1.655,1.332,1.809,1
2025-09-13,Bardawil_off,CHL,my,1.891,1.935,1.326,2.065,1
2025-09-14,Bardawil_off,CHL,my,1.415,1.463,1.073,1.925,1
2025-09-15,Bardawil_off,CHL,my,1.478,1.478,1.115,1.63,1
2025-09-16,Bardawil_off,CHL,my,1.835,1.798,1.462,1.851,1
2025-09-17,Bardawil_off,CHL,my,1.716,1.572,1.331,1.894,1
2025-09-18,Bardawil_off,CHL,my,2.008,1.635,1.387,2.008,1
2025-09-19,Bardawil_off,CHL,my,1.905,,,,0.4396
2025-09-20,Bardawil_off,CHL,my,3.883,3.306,2.362,3.928,1
2025-09-21,Bardawil_off,CHL,my,3.791,3.552,2.302,3.819,1
2025-09-22,Bardawil_off,CHL,my,2.315,2.216,1.793,2.327,0.7088
2025-09-23,Bardawil_off,CHL,my,2.425,2.31,1.85,2.505,1
2025-09-24,Bardawil_off,CHL,my,1.79,1.79,1.486,1.996,1
2025-09-25,Bardawil_off,CHL,my,2.712,2.507,1.826,2.712,1
2025-09-26,Bardawil_off,CHL,my,2.653,1.909,1.496,2.653,1
2025-09-27,Bardawil_off,CHL,my,2.729,1.968,1.415,2.729,1
2025-09-28,Bardawil_off,CHL,my,,1.731,1.304,1.749,0.8077
2025-09-29,Bardawil_off,CHL,my,2.021,1.91,1.385,2.111,0.978
2025-09-30,Bardawil_off,CHL,my,2.141,1.744,1.357,2.36,1
2025-10-01,Bardawil_off,CHL,my,3.102,2.759,1.886,3.548,1
2025-10-02,Bardawil_off,CHL,my,2.647,2.401,1.628,2.752,1
2025-10-03,Bardawil_off,CHL,my,2.237,2.029,1.627,2.368,1
2025-10-04,Bardawil_off,CHL,my,3.003,2.754,1.939,3.05,1
2025-10-06,Bardawil_off,CHL,my,2.021,1.814,1.393,2.028,0.8736
2025-10-07,Bardawil_off,CHL,my,2.224,1.941,1.557,2.327,1
2025-10-08,Bardawil_off,CHL,my,2.225,2.044,1.478,2.288,1
2025-10-09,Bardawil_off,CHL,my,3.968,3.872,2.501,4.122,0.8791
2025-10-11,Bardawil_off,CHL,my,2.539,2.373,1.749,2.672,1
2025-10-12,Bardawil_off,CHL,my,2.151,1.998,1.653,2.151,0.8022
2025-10-13,Bardawil_off,CHL,my,4.482,4.082,2.613,4.482,1
2025-10-14,Bardawil_off,CHL,my,2.714,2.717,2.48,2.95,0.6264
2025-10-17,Bardawil_off,CHL,my,2.709,2.531,1.947,2.717,1
2025-10-18,Bardawil_off,CHL,my,2.638,2.193,2.027,2.803,1
2025-10-19,Bardawil_off,CHL,my,3.39,2.686,2.603,3.921,1
2025-10-20,Bardawil_off,CHL,my,4.578,3.855,2.861,4.737,1
2025-10-21,Bardawil_off,CHL,my,4.993,4.499,2.944,5.956,1
2025-10-22,Bardawil_off,CHL,my,2.513,1.973,1.552,2.747,1
2025-10-23,Bardawil_off,CHL,my,2.109,1.803,1.355,2.451,1
2025-10-24,Bardawil_off,CHL,my,2.705,1.56,1.415,3.198,1
2025-10-25,Bardawil_off,CHL,my,2.666,2.666,1.513,3.125,0.9396
2025-10-26,Bardawil_off,CHL,my,1.582,1.17,0.9989,2.025,1
2025-10-27,Bardawil_off,CHL,my,1.832,1.52,1.089,1.921,0.7473
2025-10-28,Bardawil_off,CHL,my,1.464,1.211,1.047,2.125,1
2025-10-30,Bardawil_off,CHL,my,1.653,1.63,1.301,1.964,0.6868
2025-10-31,Bardawil_off,CHL,my,2.636,2.294,1.638,2.856,1
2025-11-01,Bardawil_off,CHL,my,2.374,2.253,1.656,2.566,0.8901
2025-11-02,Bardawil_off,CHL,my,2.465,2.4,1.867,2.465,0.5
2025-11-07,Bardawil_off,CHL,my,1.839,,,,0.3187
2025-11-12,Bardawil_off,CHL,my,1.438,1.239,0.9966,1.578,1
2025-11-13,Bardawil_off,CHL,my,1.501,1.367,0.9591,1.586,0.6923
2025-11-15,Bardawil_off,CHL,my,,2.312,1.836,3.07,0.5604
2025-11-16,Bardawil_off,CHL,my,5.955,5.388,3.56,6.74,1
2025-11-17,Bardawil_off,CHL,my,3.295,3.329,2.717,3.626,0.5165
2025-11-18,Bardawil_off,CHL,my,3.318,2.743,2.2,5.234,1
2025-11-20,Bardawil_off,CHL,my,2.339,2.051,1.38,2.424,1
2025-11-22,Bardawil_off,CHL,my,2.263,2.089,1.301,2.438,1
2025-11-23,Bardawil_off,CHL,my,2.368,2.169,1.401,2.546,1
2025-11-26,Bardawil_off,CHL,my,2.107,2.055,1.584,2.307,0.9396
2025-11-27,Bardawil_off,CHL,my,2.311,2.38,1.805,2.498,1
2025-11-28,Bardawil_off,CHL,my,2.38,1.755,1.296,2.67,0.6868
2025-11-30,Bardawil_off,CHL,my,3.563,2.697,1.814,3.86,1
2025-12-01,Bardawil_off,CHL,my,2.012,1.997,1.628,2.185,0.7527
2025-12-03,Bardawil_off,CHL,my,2.422,2.092,1.556,2.577,1
2025-12-04,Bardawil_off,CHL,my,2.837,2.726,1.686,4.397,1
2025-12-05,Bardawil_off,CHL,my,2.473,2.246,1.475,2.737,1
2025-12-07,Bardawil_off,CHL,my,5.351,4.697,2.785,5.453,0.8132
2025-12-08,Bardawil_off,CHL,my,4.287,3.88,2.416,4.567,1
2025-12-09,Bardawil_off,CHL,my,4.446,2.868,2.167,4.529,1
2025-12-15,Bardawil_off,CHL,my,1.858,,,,0.2527
2025-12-17,Bardawil_off,CHL,my,4.256,4.142,2.545,4.814,0.544
2025-12-18,Bardawil_off,CHL,my,4.175,4.163,2.299,4.691,1
2025-12-19,Bardawil_off,CHL,my,,1.324,1.009,1.465,0.5
2025-12-20,Bardawil_off,CHL,my,2.815,2.258,1.332,3.14,1
2025-12-21,Bardawil_off,CHL,my,2.285,2.285,1.575,3.139,1
2025-12-23,Bardawil_off,CHL,my,3.164,2.115,1.627,3.772,1
2025-12-24,Bardawil_off,CHL,my,4.538,3.443,2.171,6.082,1
2025-12-25,Bardawil_off,CHL,my,3.911,3.536,1.939,5.791,1
2025-12-26,Bardawil_off,CHL,my,2.309,2.155,1.32,2.309,1
2025-12-31,Bardawil_off,CHL,my,4.953,5.319,3.97,6.239,1
2025-01-01,Damietta_mouth,CHL,my,3.81,3.52,2.233,3.81,0.8626
2025-01-02,Damietta_mouth,CHL,my,4.103,2.414,2.248,5.332,1
2025-01-03,Damietta_mouth,CHL,my,13.75,2.383,3.785,23.29,1
2025-01-07,Damietta_mouth,CHL,my,6.498,3.172,2.992,10.92,0.8022
2025-01-08,Damietta_mouth,CHL,my,8.229,3.843,2.534,11.24,1
2025-01-09,Damietta_mouth,CHL,my,4.006,2.465,1.647,7.218,1
2025-01-11,Damietta_mouth,CHL,my,3.884,2.346,1.517,4.473,1
2025-01-12,Damietta_mouth,CHL,my,,1.817,1.454,2.066,0.8187
2025-01-13,Damietta_mouth,CHL,my,2.933,2.013,1.172,3.098,1
2025-01-15,Damietta_mouth,CHL,my,,0.9223,0.5955,1.449,0.9396
2025-01-16,Damietta_mouth,CHL,my,1.885,1.435,0.8279,2.251,1
2025-01-18,Damietta_mouth,CHL,my,8.052,1.824,2.016,13.11,1
2025-01-21,Damietta_mouth,CHL,my,4.759,3.704,2.136,10.78,1
2025-01-22,Damietta_mouth,CHL,my,3.151,2.081,1.25,3.654,1
2025-01-24,Damietta_mouth,CHL,my,2.485,1.983,1.277,2.719,0.8736
2025-01-25,Damietta_mouth,CHL,my,1.608,1.608,1.129,2.011,1
2025-01-26,Damietta_mouth,CHL,my,1.525,1.363,0.9961,1.721,1
2025-01-27,Damietta_mouth,CHL,my,1.761,1.664,1.083,2.013,0.6923
2025-01-29,Damietta_mouth,CHL,my,2.251,2.028,1.107,2.433,1
2025-01-30,Damietta_mouth,CHL,my,2.323,2.032,1.025,3.674,1
2025-01-31,Damietta_mouth,CHL,my,2.285,2.034,1.34,2.393,0.6154
2025-02-01,Damietta_mouth,CHL,my,1.885,1.63,1.064,2.343,1
2025-02-08,Damietta_mouth,CHL,my,5.497,5.244,3.878,5.576,1
2025-02-11,Damietta_mouth,CHL,my,4.014,,,,0.489
2025-02-12,Damietta_mouth,CHL,my,5.224,4.971,2.838,5.224,0.7418
2025-02-14,Damietta_mouth,CHL,my,3.99,3.327,2.234,3.99,1
2025-02-15,Damietta_mouth,CHL,my,4.049,3.401,2.206,4.267,1
2025-02-16,Damietta_mouth,CHL,my,2.254,2.056,1.687,2.299,0.8791
2025-02-17,Damietta_mouth,CHL,my,1.94,1.899,1.491,2.154,1
2025-02-21,Damietta_mouth,CHL,my,,3.656,2.809,3.672,0.5
2025-02-22,Damietta_mouth,CHL,my,,2.689,1.928,3.347,0.6319
2025-02-25,Damietta_mouth,CHL,my,4.724,4.446,2.514,4.74,1
2025-02-27,Damietta_mouth,CHL,my,2.833,2.833,1.558,3.504,1
2025-02-28,Damietta_mouth,CHL,my,2.373,9.222,4.696,13.26,1
2025-03-01,Damietta_mouth,CHL,my,1.553,1.553,1.288,1.903,1
2025-03-02,Damietta_mouth,CHL,my,1.881,1.45,0.9932,2.021,1
2025-03-07,Damietta_mouth,CHL,my,,1.22,0.8703,1.415,0.6319
2025-03-08,Damietta_mouth,CHL,my,2.013,1.553,1.116,2.504,1
2025-03-10,Damietta_mouth,CHL,my,2.381,2.111,1.188,3.528,1
2025-03-11,Damietta_mouth,CHL,my,1.721,1.721,1.065,1.85,1
2025-03-13,Damietta_mouth,CHL,my,2.317,2.317,1.569,3.098,1
2025-03-14,Damietta_mouth,CHL,my,1.685,1.685,1.031,2.189,1
2025-03-15,Damietta_mouth,CHL,my,1.465,1.371,0.8762,1.968,1
2025-03-16,Damietta_mouth,CHL,my,1.355,1.177,0.6802,1.602,1
2025-03-17,Damietta_mouth,CHL,my,1.197,,,,0.3681
2025-03-18,Damietta_mouth,CHL,my,1.504,1.222,0.7598,1.504,1
2025-03-19,Damietta_mouth,CHL,my,2.034,,,,0.3626
2025-03-22,Damietta_mouth,CHL,my,3.146,3.216,2.437,3.597,1
2025-03-23,Damietta_mouth,CHL,my,2.406,2.406,1.697,2.586,0.5659
2025-03-24,Damietta_mouth,CHL,my,2.397,2.193,1.608,2.48,1
2025-03-25,Damietta_mouth,CHL,my,8.132,8.989,5.17,11.48,1
2025-03-26,Damietta_mouth,CHL,my,4.579,4.163,2.339,4.579,1
2025-03-27,Damietta_mouth,CHL,my,6.933,6.116,3.336,7.857,1
2025-03-29,Damietta_mouth,CHL,my,2.124,2.114,1.693,2.143,1
2025-03-30,Damietta_mouth,CHL,my,2.713,2.375,1.748,2.933,1
2025-04-02,Damietta_mouth,CHL,my,,2.23,1.629,2.659,0.8132
2025-04-03,Damietta_mouth,CHL,my,2.696,2.531,1.783,2.828,1
2025-04-04,Damietta_mouth,CHL,my,2.358,2.124,1.552,2.459,1
2025-04-05,Damietta_mouth,CHL,my,2.052,1.782,1.475,2.181,1
2025-04-10,Damietta_mouth,CHL,my,2.112,,,,0.1209
2025-04-12,Damietta_mouth,CHL,my,5.287,5.287,3.15,5.522,1
2025-04-13,Damietta_mouth,CHL,my,2.03,1.954,1.758,2.123,0.6154
2025-04-14,Damietta_mouth,CHL,my,2.259,2.103,1.798,3.918,1
2025-04-16,Damietta_mouth,CHL,my,4.227,3.662,2.382,4.502,1
2025-04-17,Damietta_mouth,CHL,my,2.717,2.51,2.01,2.844,1
2025-04-18,Damietta_mouth,CHL,my,2.209,2.051,1.518,2.295,1
2025-04-19,Damietta_mouth,CHL,my,2.174,1.847,1.42,3.092,1
2025-04-20,Damietta_mouth,CHL,my,6.239,1.86,1.949,8.55,1
2025-04-22,Damietta_mouth,CHL,my,2.8,2.212,1.507,2.802,1
2025-04-25,Damietta_mouth,CHL,my,1.497,1.497,1.143,1.945,1
2025-04-26,Damietta_mouth,CHL,my,1.558,1.49,1.113,1.73,0.8132
2025-04-27,Damietta_mouth,CHL,my,2.746,2.367,1.745,2.746,0.6923
2025-04-28,Damietta_mouth,CHL,my,1.628,1.558,1.158,1.846,1
2025-04-29,Damietta_mouth,CHL,my,1.663,1.612,1.135,1.883,1
2025-05-02,Damietta_mouth,CHL,my,,1.094,0.6385,1.307,0.5055
2025-05-03,Damietta_mouth,CHL,my,,1.637,1.081,1.771,0.8132
2025-05-04,Damietta_mouth,CHL,my,2.151,1.961,1.161,2.269,0.8132
2025-05-05,Damietta_mouth,CHL,my,3.228,2.379,1.641,3.698,1
2025-05-06,Damietta_mouth,CHL,my,3.232,1.911,1.523,3.232,1
2025-05-07,Damietta_mouth,CHL,my,2.678,2.609,1.647,3.469,1
2025-05-08,Damietta_mouth,CHL,my,3.116,2.712,1.928,3.787,1
2025-05-09,Damietta_mouth,CHL,my,2.331,2.305,1.633,2.875,1
2025-05-10,Damietta_mouth,CHL,my,1.601,1.462,1.104,1.899,1
2025-05-14,Damietta_mouth,CHL,my,2.109,1.876,1.048,2.171,1
2025-05-19,Damietta_mouth,CHL,my,1.764,1.715,1.125,2.002,1
2025-05-20,Damietta_mouth,CHL,my,1.853,1.541,1.035,2.143,0.9396
2025-05-21,Damietta_mouth,CHL,my,1.701,1.588,1.072,2.007,1
2025-05-22,Damietta_mouth,CHL,my,1.898,1.683,1.049,2.013,1
2025-05-23,Damietta_mouth,CHL,my,1.63,1.505,0.8663,1.972,1
2025-05-24,Damietta_mouth,CHL,my,2.304,1.671,1.015,2.923,1
2025-05-25,Damietta_mouth,CHL,my,2.115,1.637,1.054,2.696,1
2025-05-27,Damietta_mouth,CHL,my,2.35,1.985,1.276,2.478,1
2025-05-28,Damietta_mouth,CHL,my,1.935,1.783,1.173,2.077,0.7473
2025-05-29,Damietta_mouth,CHL,my,2.085,1.918,1.36,2.47,0.9396
2025-05-30,Damietta_mouth,CHL,my,1.742,1.566,1.048,2.124,1
2025-05-31,Damietta_mouth,CHL,my,1.857,1.751,0.9354,2.109,0.8791
2025-06-01,Damietta_mouth,CHL,my,1.801,1.459,0.8714,2.112,1
2025-06-02,Damietta_mouth,CHL,my,,0.6388,0.3837,0.9899,0.6319
2025-06-03,Damietta_mouth,CHL,my,1.504,1.47,0.9046,1.898,1
2025-06-04,Damietta_mouth,CHL,my,1.549,1.488,0.9171,1.818,1
2025-06-05,Damietta_mouth,CHL,my,1.8,1.56,0.9015,2.032,1
2025-06-06,Damietta_mouth,CHL,my,1.568,1.357,0.7506,2.159,1
2025-06-07,Damietta_mouth,CHL,my,1.375,1.192,0.6452,2.348,1
2025-06-08,Damietta_mouth,CHL,my,1.382,1.372,0.6789,1.581,1
2025-06-09,Damietta_mouth,CHL,my,1.209,0.8953,0.517,1.609,1
2025-06-10,Damietta_mouth,CHL,my,1.263,0.9354,0.6521,1.964,1
2025-06-11,Damietta_mouth,CHL,my,1.701,1.23,0.6222,1.847,1
2025-06-12,Damietta_mouth,CHL,my,1.551,1.059,0.6172,1.551,0.9396
2025-06-13,Damietta_mouth,CHL,my,1.771,1.251,0.7292,1.835,1
2025-06-14,Damietta_mouth,CHL,my,0.9827,0.7754,0.4113,1.127,1
2025-06-15,Damietta_mouth,CHL,my,1.485,1.616,1.177,1.71,0.5549
2025-06-16,Damietta_mouth,CHL,my,1.593,1.465,0.7818,2.103,1
2025-06-18,Damietta_mouth,CHL,my,2.12,1.373,0.9536,2.294,0.6319
2025-06-19,Damietta_mouth,CHL,my,2.912,1.897,0.8765,3.249,1
2025-06-20,Damietta_mouth,CHL,my,1.771,1.585,0.7237,1.771,0.8791
2025-06-21,Damietta_mouth,CHL,my,1.763,1.191,0.5931,2.039,1
2025-06-22,Damietta_mouth,CHL,my,1.424,0.4128,0.3531,1.424,0.6319
2025-06-24,Damietta_mouth,CHL,my,2.711,1.776,1.055,2.711,1
2025-06-25,Damietta_mouth,CHL,my,1.428,1.301,0.7026,2.151,1
2025-06-26,Damietta_mouth,CHL,my,1.901,1.04,0.7564,2.402,1
2025-06-27,Damietta_mouth,CHL,my,1.71,1.314,0.7124,2.076,1
2025-06-28,Damietta_mouth,CHL,my,1.704,1.425,0.7561,2.003,0.9341
2025-06-29,Damietta_mouth,CHL,my,1.721,1.524,0.6287,1.844,1
2025-06-30,Damietta_mouth,CHL,my,1.762,1.613,0.7656,1.891,1
2025-07-02,Damietta_mouth,CHL,my,1.578,1.326,0.6806,1.837,1
2025-07-03,Damietta_mouth,CHL,my,1.667,1.549,0.7434,1.667,0.8132
2025-07-04,Damietta_mouth,CHL,my,1.847,1.334,0.7322,1.847,1
2025-07-05,Damietta_mouth,CHL,my,2.24,1.512,0.8015,2.52,1
2025-07-06,Damietta_mouth,CHL,my,1.731,1.378,0.6897,1.909,1
2025-07-07,Damietta_mouth,CHL,my,1.59,1.398,0.5474,1.638,1
2025-07-08,Damietta_mouth,CHL,my,1.76,1.144,0.5994,2.447,1
2025-07-09,Damietta_mouth,CHL,my,1.857,0.8283,0.5929,1.857,1
2025-07-10,Damietta_mouth,CHL,my,1.057,0.8604,0.465,1.562,1
2025-07-11,Damietta_mouth,CHL,my,1.6,0.9585,0.6234,1.929,1
2025-07-12,Damietta_mouth,CHL,my,1.691,0.9402,0.6042,2.43,1
2025-07-13,Damietta_mouth,CHL,my,1.598,1.249,0.7563,1.598,1
2025-07-14,Damietta_mouth,CHL,my,1.334,0.9514,0.6172,1.497,1
2025-07-15,Damietta_mouth,CHL,my,1.217,1.217,0.6724,1.469,0.7473
2025-07-16,Damietta_mouth,CHL,my,1.734,1.07,0.615,1.89,1
2025-07-17,Damietta_mouth,CHL,my,2.203,1.868,0.874,2.203,1
2025-07-18,Damietta_mouth,CHL,my,1.878,1.503,0.8003,1.982,1
2025-07-21,Damietta_mouth,CHL,my,1.627,1.553,0.8208,1.627,0.7527
2025-07-22,Damietta_mouth,CHL,my,2.403,1.782,0.8702,2.415,1
2025-07-23,Damietta_mouth,CHL,my,1.618,1.07,0.6046,1.64,1
2025-07-24,Damietta_mouth,CHL,my,1.605,1.229,0.717,1.915,1
2025-07-26,Damietta_mouth,CHL,my,1.637,0.9744,0.6887,1.728,1
2025-07-27,Damietta_mouth,CHL,my,1.239,0.9462,0.5983,1.604,1
2025-07-28,Damietta_mouth,CHL,my,1.382,1.144,0.6821,1.637,1
2025-07-30,Damietta_mouth,CHL,my,1.575,1.368,0.89,1.674,0.9396
2025-07-31,Damietta_mouth,CHL,my,1.517,1.369,0.8356,1.534,0.7473
2025-08-01,Damietta_mouth,CHL,my,1.565,1.513,0.8465,1.768,0.9341
2025-08-02,Damietta_mouth,CHL,my,1.631,1.437,0.852,1.631,1
2025-08-03,Damietta_mouth,CHL,my,1.785,1.42,0.8737,2.325,1
2025-08-04,Damietta_mouth,CHL,my,1.674,1.404,0.7479,1.674,1
2025-08-05,Damietta_mouth,CHL,my,1.559,1.109,0.7391,1.801,0.6319
2025-08-06,Damietta_mouth,CHL,my,1.255,1.093,0.5653,1.62,1
2025-08-07,Damietta_mouth,CHL,my,1.565,1.282,0.7177,1.681,1
2025-08-08,Damietta_mouth,CHL,my,1.678,1.474,0.7507,2.04,1
2025-08-09,Damietta_mouth,CHL,my,1.753,1.539,0.815,1.76,1
2025-08-10,Damietta_mouth,CHL,my,2.353,1.964,1.026,2.397,1
2025-08-11,Damietta_mouth,CHL,my,1.835,1.494,0.8814,2.03,1
2025-08-15,Damietta_mouth,CHL,my,1.649,1.192,0.6411,1.699,1
2025-08-16,Damietta_mouth,CHL,my,1.283,,,,0.1209
2025-08-17,Damietta_mouth,CHL,my,1.647,1.577,1.326,1.887,0.6758
2025-08-18,Damietta_mouth,CHL,my,2.947,1.675,1.155,3.157,1
2025-08-19,Damietta_mouth,CHL,my,2.113,1.699,0.8778,2.574,1
2025-08-20,Damietta_mouth,CHL,my,1.671,1.511,0.876,1.671,1
2025-08-21,Damietta_mouth,CHL,my,2.024,,,,0.3681
2025-08-22,Damietta_mouth,CHL,my,2.806,1.579,1.179,2.917,1
2025-08-23,Damietta_mouth,CHL,my,1.747,1.55,1.035,2.783,1
2025-08-24,Damietta_mouth,CHL,my,1.554,1.237,0.762,1.554,0.9396
2025-08-25,Damietta_mouth,CHL,my,1.69,1.494,0.9751,1.933,1
2025-08-26,Damietta_mouth,CHL,my,2.115,1.827,1.259,2.672,1
2025-08-27,Damietta_mouth,CHL,my,2.228,1.839,1.466,2.659,0.8132
2025-08-28,Damietta_mouth,CHL,my,1.874,1.505,1.169,2.275,1
2025-08-29,Damietta_mouth,CHL,my,2.756,2.414,1.308,3.006,1
2025-08-30,Damietta_mouth,CHL,my,1.719,1.456,0.9807,1.961,1
2025-08-31,Damietta_mouth,CHL,my,1.664,1.177,0.9384,2.396,1
2025-09-02,Damietta_mouth,CHL,my,1.622,1.298,0.9213,2.284,1
2025-09-03,Damietta_mouth,CHL,my,2.132,1.468,1.057,2.516,1
2025-09-04,Damietta_mouth,CHL,my,2.09,1.438,1.146,2.402,0.9396
2025-09-05,Damietta_mouth,CHL,my,1.893,1.481,0.831,2.403,1
2025-09-06,Damietta_mouth,CHL,my,1.488,0.8115,0.5161,1.488,0.8132
2025-09-07,Damietta_mouth,CHL,my,,0.7549,0.5549,1.006,0.6264
2025-09-08,Damietta_mouth,CHL,my,1.822,1.54,0.9526,2.237,1
2025-09-09,Damietta_mouth,CHL,my,1.707,1.695,1.028,2.361,1
2025-09-10,Damietta_mouth,CHL,my,1.913,1.567,0.9429,2.74,1
2025-09-11,Damietta_mouth,CHL,my,4.054,2.018,1.357,5.03,1
2025-09-12,Damietta_mouth,CHL,my,1.633,1.633,0.9348,2.645,1
2025-09-13,Damietta_mouth,CHL,my,3.205,2.833,1.194,3.28,1
2025-09-14,Damietta_mouth,CHL,my,1.538,1.351,0.7014,2.581,1
2025-09-15,Damietta_mouth,CHL,my,,0.8363,0.5392,0.8439,0.5714
2025-09-17,Damietta_mouth,CHL,my,2.477,1.62,1.071,2.477,0.5055
2025-09-18,Damietta_mouth,CHL,my,2.16,1.435,1.049,3.091,1
2025-09-19,Damietta_mouth,CHL,my,1.972,1.677,1.293,2.423,0.7418
2025-09-20,Damietta_mouth,CHL,my,2.587,2.099,1.405,2.703,1
2025-09-22,Damietta_mouth,CHL,my,2.296,1.914,1.338,2.456,1
2025-09-23,Damietta_mouth,CHL,my,5.108,2.401,1.956,5.519,1
2025-09-25,Damietta_mouth,CHL,my,1.478,1.615,1.473,3.55,0.5659
2025-09-26,Damietta_mouth,CHL,my,2.313,1.593,1.116,3.094,1
2025-09-27,Damietta_mouth,CHL,my,1.758,1.326,1.101,2.979,1
2025-09-28,Damietta_mouth,CHL,my,2.688,2.411,1.465,2.688,0.7967
2025-09-29,Damietta_mouth,CHL,my,9.035,3.765,2.648,9.035,1
2025-09-30,Damietta_mouth,CHL,my,2.408,,,,0.4286
2025-10-01,Damietta_mouth,CHL,my,10.69,1.588,2.558,17.32,1
2025-10-02,Damietta_mouth,CHL,my,3.396,2.797,1.658,6.291,1
2025-10-05,Damietta_mouth,CHL,my,1.464,1.408,0.786,1.949,1
2025-10-06,Damietta_mouth,CHL,my,1.392,1.601,0.8236,2.229,1
2025-10-07,Damietta_mouth,CHL,my,1.993,1.729,0.9097,2.175,1
2025-10-08,Damietta_mouth,CHL,my,1.642,1.407,0.815,1.851,0.9396
2025-10-09,Damietta_mouth,CHL,my,2.297,1.89,1.251,3.834,0.989
2025-10-10,Damietta_mouth,CHL,my,,2.263,1.123,2.96,0.5055
2025-10-11,Damietta_mouth,CHL,my,1.988,1.587,1.012,2.318,0.9396
2025-10-12,Damietta_mouth,CHL,my,2.389,,,,0.4341
2025-10-13,Damietta_mouth,CHL,my,2.895,2.37,1.727,4.71,1
2025-10-14,Damietta_mouth,CHL,my,2.005,,,,0.3681
2025-10-15,Damietta_mouth,CHL,my,2.024,1.992,1.402,2.644,1
2025-10-16,Damietta_mouth,CHL,my,6.24,3.715,2.244,6.24,0.7418
2025-10-17,Damietta_mouth,CHL,my,2.101,1.56,1.181,2.778,1
2025-10-18,Damietta_mouth,CHL,my,1.592,1.363,0.9199,1.831,1
2025-10-19,Damietta_mouth,CHL,my,2.175,1.602,0.8165,2.175,1
2025-10-20,Damietta_mouth,CHL,my,3.067,2.099,1.366,6.472,1
2025-10-21,Damietta_mouth,CHL,my,3.654,2.802,1.612,4.777,1
2025-10-22,Damietta_mouth,CHL,my,2.691,1.093,0.8445,2.691,1
2025-10-23,Damietta_mouth,CHL,my,2.651,1.326,0.9221,3.255,1
2025-10-24,Damietta_mouth,CHL,my,4.137,1.048,0.8974,4.137,1
2025-10-25,Damietta_mouth,CHL,my,,0.6926,0.5966,2.227,0.6978
2025-10-26,Damietta_mouth,CHL,my,1.592,1.356,0.6787,1.645,1
2025-10-27,Damietta_mouth,CHL,my,0.8192,0.5678,0.519,2.012,1
2025-10-28,Damietta_mouth,CHL,my,2.477,1.325,0.9496,2.811,1
2025-10-29,Damietta_mouth,CHL,my,1.603,1.247,0.8295,1.603,0.6374
2025-10-30,Damietta_mouth,CHL,my,1.388,1.406,0.9212,2.845,1
2025-10-31,Damietta_mouth,CHL,my,1.788,1.59,0.9682,1.901,1
2025-11-06,Damietta_mouth,CHL,my,2.523,1.534,1.118,5.829,1
2025-11-07,Damietta_mouth,CHL,my,2.482,1.855,1.131,2.582,1
2025-11-08,Damietta_mouth,CHL,my,3.113,2.313,1.348,3.649,0.9396
2025-11-11,Damietta_mouth,CHL,my,4.724,3.047,1.669,4.983,1
2025-11-13,Damietta_mouth,CHL,my,3.334,2.758,1.659,6.02,0.8736
2025-11-14,Damietta_mouth,CHL,my,1.874,,,,0.4341
2025-11-16,Damietta_mouth,CHL,my,4.853,2.656,2.192,7.37,1
2025-11-17,Damietta_mouth,CHL,my,3.19,2.129,1.569,4.65,1
2025-11-18,Damietta_mouth,CHL,my,3.415,2.266,1.692,6.863,1
2025-11-20,Damietta_mouth,CHL,my,4.728,2.751,1.931,5.634,1
2025-11-22,Damietta_mouth,CHL,my,6.154,5.682,3.124,6.384,1
2025-11-23,Damietta_mouth,CHL,my,7.976,6.754,3.311,7.976,0.5055
2025-11-25,Damietta_mouth,CHL,my,4.479,2.554,1.955,5.028,1
2025-11-27,Damietta_mouth,CHL,my,15.01,4.42,2.986,15.01,1
2025-11-28,Damietta_mouth,CHL,my,6.34,6.34,3.453,9.681,1
2025-12-01,Damietta_mouth,CHL,my,2.593,2.271,1.449,3.363,0.7473
2025-12-03,Damietta_mouth,CHL,my,9.354,3.514,2.689,9.354,1
2025-12-04,Damietta_mouth,CHL,my,5.178,3.772,2.226,5.498,1
2025-12-05,Damietta_mouth,CHL,my,5.725,,,,0.2473
2025-12-08,Damietta_mouth,CHL,my,5.932,4.531,2.924,6.353,1
2025-12-12,Damietta_mouth,CHL,my,2.572,2.279,1.771,3.806,1
2025-12-13,Damietta_mouth,CHL,my,2.332,2.007,1.522,2.54,1
2025-12-16,Damietta_mouth,CHL,my,4.406,4.026,2.464,6.339,1
2025-12-17,Damietta_mouth,CHL,my,5.522,,,,0.4945
2025-12-18,Damietta_mouth,CHL,my,4.781,,,,0.1209
2025-12-19,Damietta_mouth,CHL,my,2.443,,,,0.2473
2025-12-20,Damietta_mouth,CHL,my,3.054,1.954,1.429,3.571,1
2025-12-23,Damietta_mouth,CHL,my,2.386,2.027,1.601,2.634,1
2025-12-24,Damietta_mouth,CHL,my,2.416,1.551,1.189,3.014,1
2025-12-26,Damietta_mouth,CHL,my,1.841,1.391,0.9818,2.073,0.9341
2025-12-27,Damietta_mouth,CHL,my,1.511,1.27,0.9185,2.057,0.6923
2025-12-28,Damietta_mouth,CHL,my,5.184,5.184,3.26,5.639,0.5714
2025-12-31,Damietta_mouth,CHL,my,3.891,2.634,2.343,4.245,1
2025-01-01,El_Arish_EG,CHL,my,1.372,1.475,0.8972,1.831,0.9851
2025-01-02,El_Arish_EG,CHL,my,1.21,1.228,0.7195,1.382,0.9851
2025-01-03,El_Arish_EG,CHL,my,1.49,1.49,0.8994,2.897,0.9851
2025-01-07,El_Arish_EG,CHL,my,1.302,1.302,1.032,1.622,0.9254
2025-01-08,El_Arish_EG,CHL,my,1.305,1.297,0.8352,1.373,0.9851
2025-01-09,El_Arish_EG,CHL,my,0.8083,0.936,0.6699,1.053,0.9254
2025-01-12,El_Arish_EG,CHL,my,0.9589,0.9397,0.6506,1.013,0.9254
2025-01-13,El_Arish_EG,CHL,my,0.7546,0.7279,0.471,0.7869,0.9851
2025-01-16,El_Arish_EG,CHL,my,0.8982,0.8121,0.5791,0.9081,0.9851
2025-01-17,El_Arish_EG,CHL,my,0.5433,0.5416,0.3096,0.5829,0.9254
2025-01-18,El_Arish_EG,CHL,my,0.3074,0.3074,0.2402,0.4788,0.9254
2025-01-19,El_Arish_EG,CHL,my,0.8462,0.8462,0.5706,0.9505,0.7512
2025-01-20,El_Arish_EG,CHL,my,0.4419,0.4419,0.2729,0.5923,0.9851
2025-01-21,El_Arish_EG,CHL,my,0.4022,0.4022,0.2606,0.5277,0.9851
2025-01-24,El_Arish_EG,CHL,my,0.9151,0.8635,0.4512,0.9451,0.9851
2025-01-25,El_Arish_EG,CHL,my,0.9399,0.7022,0.4087,0.9851,0.8657
2025-01-26,El_Arish_EG,CHL,my,0.3914,0.5329,0.2979,0.8442,1
2025-01-27,El_Arish_EG,CHL,my,0.738,0.738,0.406,0.8972,0.9851
2025-01-29,El_Arish_EG,CHL,my,0.9968,0.893,0.5206,1.295,0.9254
2025-01-30,El_Arish_EG,CHL,my,0.8474,0.8357,0.4031,1.007,0.9851
2025-01-31,El_Arish_EG,CHL,my,0.9656,0.9863,0.4568,1.052,0.5224
2025-02-01,El_Arish_EG,CHL,my,1.238,1.238,0.777,2.015,0.9851
2025-02-02,El_Arish_EG,CHL,my,,0.7857,0.5682,1.272,0.6368
2025-02-04,El_Arish_EG,CHL,my,0.6535,0.5954,0.4393,1.127,0.9254
2025-02-08,El_Arish_EG,CHL,my,1.914,,,,0.2886
2025-02-10,El_Arish_EG,CHL,my,2.745,,,,0.408
2025-02-11,El_Arish_EG,CHL,my,1.713,,,,0.3483
2025-02-13,El_Arish_EG,CHL,my,1.933,1.933,1.339,2.107,0.6915
2025-02-14,El_Arish_EG,CHL,my,2.03,2.03,1.495,3.119,0.9851
2025-02-15,El_Arish_EG,CHL,my,2.131,2.131,1.537,3.008,0.9851
2025-02-16,El_Arish_EG,CHL,my,1.674,1.674,1.147,1.854,0.806
2025-02-17,El_Arish_EG,CHL,my,2.06,2.06,1.378,2.456,0.9851
2025-02-18,El_Arish_EG,CHL,my,1.88,1.76,1.138,2.122,0.9254
2025-02-25,El_Arish_EG,CHL,my,2.214,2.319,1.869,2.386,0.6368
2025-02-26,El_Arish_EG,CHL,my,1.959,1.959,1.532,2.597,1
2025-02-27,El_Arish_EG,CHL,my,1.811,1.811,1.351,2.222,0.9851
2025-02-28,El_Arish_EG,CHL,my,1.856,1.766,1.288,2.173,0.9254
2025-03-01,El_Arish_EG,CHL,my,1.495,1.495,1.336,1.888,0.9851
2025-03-02,El_Arish_EG,CHL,my,0.929,1.018,0.8334,2.493,0.9851
2025-03-03,El_Arish_EG,CHL,my,1.475,1.367,0.8706,2.676,0.8856
2025-03-04,El_Arish_EG,CHL,my,1.369,,,,0.4627
2025-03-05,El_Arish_EG,CHL,my,1.449,1.449,0.9616,2.134,0.5771
2025-03-08,El_Arish_EG,CHL,my,1.315,1.315,0.9299,1.454,0.5174
2025-03-10,El_Arish_EG,CHL,my,1.291,1.291,0.7896,1.599,0.9851
2025-03-11,El_Arish_EG,CHL,my,1.356,1.357,0.7493,1.564,0.9851
2025-03-12,El_Arish_EG,CHL,my,0.9847,1.01,0.4713,1.362,0.9851
2025-03-13,El_Arish_EG,CHL,my,0.6588,0.559,0.3003,0.9582,0.9254
2025-03-14,El_Arish_EG,CHL,my,0.6166,0.6166,0.3044,0.9873,0.9851
2025-03-15,El_Arish_EG,CHL,my,0.9313,,,,0.2289
2025-03-16,El_Arish_EG,CHL,my,0.2906,0.2906,0.1831,0.6564,0.9851
2025-03-19,El_Arish_EG,CHL,my,0.5046,0.5046,0.3329,1.09,0.9851
2025-03-23,El_Arish_EG,CHL,my,2.078,2.205,1.856,2.291,0.9851
2025-03-24,El_Arish_EG,CHL,my,2.001,1.992,1.767,2.111,0.9851
2025-03-25,El_Arish_EG,CHL,my,1.926,1.817,1.486,2.274,0.9254
2025-03-27,El_Arish_EG,CHL,my,1.828,1.811,1.385,1.874,0.9254
2025-03-28,El_Arish_EG,CHL,my,1.641,1.603,1.326,1.788,0.9254
2025-03-29,El_Arish_EG,CHL,my,1.866,1.611,1.142,1.866,0.8109
2025-03-30,El_Arish_EG,CHL,my,1.934,1.934,1.367,2.517,1
2025-04-02,El_Arish_EG,CHL,my,1.624,1.59,1.374,1.786,0.9851
2025-04-03,El_Arish_EG,CHL,my,1.772,1.701,1.13,1.794,0.9254
2025-04-04,El_Arish_EG,CHL,my,1.831,1.755,1.012,1.944,0.9204
2025-04-05,El_Arish_EG,CHL,my,1.456,1.545,0.9592,1.654,0.9851
2025-04-10,El_Arish_EG,CHL,my,,1.496,0.9704,1.78,0.9055
2025-04-11,El_Arish_EG,CHL,my,3.476,3.476,1.851,3.501,0.801
2025-04-12,El_Arish_EG,CHL,my,1.806,1.715,1.171,1.954,0.8657
2025-04-13,El_Arish_EG,CHL,my,,1.451,1.036,1.545,0.5224
2025-04-14,El_Arish_EG,CHL,my,2.126,2.094,1.619,2.217,0.9851
2025-04-15,El_Arish_EG,CHL,my,1.803,1.803,1.27,1.852,0.602
2025-04-16,El_Arish_EG,CHL,my,2.228,2.081,1.482,2.23,0.8657
2025-04-17,El_Arish_EG,CHL,my,1.733,1.733,1.417,2.005,0.9851
2025-04-18,El_Arish_EG,CHL,my,1.7,1.7,1.432,1.884,0.9851
2025-04-19,El_Arish_EG,CHL,my,1.63,1.595,1.277,1.816,0.9254
2025-04-20,El_Arish_EG,CHL,my,1.325,1.422,1.066,1.929,0.9851
2025-04-21,El_Arish_EG,CHL,my,,0.9903,0.6677,1.149,0.5771
2025-04-25,El_Arish_EG,CHL,my,1.632,1.531,1.052,1.633,0.9254
2025-04-26,El_Arish_EG,CHL,my,1.636,1.636,1.08,3.86,1
2025-04-27,El_Arish_EG,CHL,my,1.57,,,,0.2338
2025-04-28,El_Arish_EG,CHL,my,1.597,1.483,0.9727,1.961,0.9851
2025-04-29,El_Arish_EG,CHL,my,1.41,1.38,0.7963,1.565,0.9254
2025-05-02,El_Arish_EG,CHL,my,1.429,1.513,0.8999,1.705,0.8657
2025-05-03,El_Arish_EG,CHL,my,1.588,1.435,1.144,1.588,0.6169
2025-05-05,El_Arish_EG,CHL,my,1.418,1.355,0.8697,1.572,0.9254
2025-05-06,El_Arish_EG,CHL,my,1.261,1.261,0.9617,2.344,0.9254
2025-05-07,El_Arish_EG,CHL,my,1.262,1.291,0.9343,1.715,0.9851
2025-05-08,El_Arish_EG,CHL,my,1.081,1.046,0.7061,1.208,0.9254
2025-05-09,El_Arish_EG,CHL,my,0.8848,0.8539,0.6322,1.043,0.9254
2025-05-10,El_Arish_EG,CHL,my,1.107,1.069,0.6394,1.225,0.9254
2025-05-11,El_Arish_EG,CHL,my,0.9645,0.9645,0.6248,1.253,0.9851
2025-05-14,El_Arish_EG,CHL,my,1.448,1.448,0.8018,1.63,0.9254
2025-05-15,El_Arish_EG,CHL,my,1.599,1.581,1.006,1.669,0.9254
2025-05-19,El_Arish_EG,CHL,my,1.537,1.058,0.6009,1.537,0.6965
2025-05-20,El_Arish_EG,CHL,my,1.322,1.322,0.7738,1.518,0.9254
2025-05-21,El_Arish_EG,CHL,my,1.467,1.467,0.9219,1.614,0.9851
2025-05-22,El_Arish_EG,CHL,my,,1.397,0.5831,1.478,0.5174
2025-05-23,El_Arish_EG,CHL,my,1.54,1.525,1.06,1.614,0.9851
2025-05-24,El_Arish_EG,CHL,my,1.975,1.873,1.394,2.195,0.9254
2025-05-25,El_Arish_EG,CHL,my,1.782,1.782,1.365,1.991,0.9851
2025-05-27,El_Arish_EG,CHL,my,1.935,1.62,1.123,1.988,0.8109
2025-05-28,El_Arish_EG,CHL,my,1.679,1.679,1.37,1.789,0.6915
2025-05-29,El_Arish_EG,CHL,my,3.912,3.73,2.555,4.222,1
2025-05-30,El_Arish_EG,CHL,my,2.223,2.223,1.453,2.356,0.7463
2025-05-31,El_Arish_EG,CHL,my,1.932,1.935,1.42,2.906,1
2025-06-02,El_Arish_EG,CHL,my,1.777,1.763,1.362,2.378,1
2025-06-03,El_Arish_EG,CHL,my,1.931,1.931,1.419,2.381,0.9851
2025-06-04,El_Arish_EG,CHL,my,1.895,1.631,1.191,2.641,0.9254
2025-06-05,El_Arish_EG,CHL,my,1.531,1.531,1.056,1.831,0.9851
2025-06-06,El_Arish_EG,CHL,my,1.406,1.475,1.092,2.716,0.9851
2025-06-07,El_Arish_EG,CHL,my,1.614,1.489,0.9909,1.614,0.9851
2025-06-08,El_Arish_EG,CHL,my,1.748,1.504,0.8154,1.986,0.9254
2025-06-09,El_Arish_EG,CHL,my,1.417,1.417,0.8344,1.678,0.9254
2025-06-10,El_Arish_EG,CHL,my,1.326,1.394,0.9345,1.513,0.9851
2025-06-11,El_Arish_EG,CHL,my,1.336,1.336,0.9634,1.52,0.9851
2025-06-12,El_Arish_EG,CHL,my,1.285,1.267,0.845,1.508,0.9254
2025-06-13,El_Arish_EG,CHL,my,1.098,1.133,0.8161,1.76,0.9851
2025-06-14,El_Arish_EG,CHL,my,0.7451,0.768,0.6659,2.112,0.9851
2025-06-15,El_Arish_EG,CHL,my,1.507,1.507,0.8273,1.726,0.9254
2025-06-16,El_Arish_EG,CHL,my,1.798,1.798,1.104,1.952,0.9851
2025-06-17,El_Arish_EG,CHL,my,1.525,1.525,1.163,2.301,1
2025-06-18,El_Arish_EG,CHL,my,1.797,1.669,1.34,2.198,0.9254
2025-06-19,El_Arish_EG,CHL,my,2.22,2.218,1.65,2.302,0.9851
2025-06-20,El_Arish_EG,CHL,my,1.47,1.47,1.129,1.735,0.9254
2025-06-21,El_Arish_EG,CHL,my,1.111,1.295,0.8769,2.109,1
2025-06-22,El_Arish_EG,CHL,my,1.399,1.341,0.8627,1.467,0.9254
2025-06-23,El_Arish_EG,CHL,my,,1.207,0.8149,1.513,0.6965
2025-06-24,El_Arish_EG,CHL,my,1.509,1.615,1.088,1.942,0.9254
2025-06-25,El_Arish_EG,CHL,my,1.722,1.592,1.166,2.163,1
2025-06-26,El_Arish_EG,CHL,my,2.18,2.089,1.262,3.593,1
2025-06-27,El_Arish_EG,CHL,my,1.781,1.723,1.1,1.901,0.9851
2025-06-28,El_Arish_EG,CHL,my,1.702,1.652,0.9874,1.721,0.9254
2025-06-29,El_Arish_EG,CHL,my,2.682,2.61,1.322,2.875,0.9851
2025-06-30,El_Arish_EG,CHL,my,1.546,1.538,1.222,2.153,0.9851
2025-07-02,El_Arish_EG,CHL,my,1.323,1.058,0.7603,1.323,0.6915
2025-07-03,El_Arish_EG,CHL,my,1.044,1.044,0.691,1.454,0.9851
2025-07-04,El_Arish_EG,CHL,my,0.7837,0.8587,0.5888,1.224,0.9851
2025-07-05,El_Arish_EG,CHL,my,1.146,1.118,0.6672,1.29,0.9254
2025-07-06,El_Arish_EG,CHL,my,0.9684,0.9684,0.6022,1.146,0.9254
2025-07-07,El_Arish_EG,CHL,my,0.8471,0.8471,0.4653,0.9512,0.9851
2025-07-08,El_Arish_EG,CHL,my,1.087,1.087,0.6483,1.238,0.9851
2025-07-09,El_Arish_EG,CHL,my,0.8164,1.079,0.923,2.484,0.9851
2025-07-10,El_Arish_EG,CHL,my,1.002,1.159,0.8417,1.865,0.9851
2025-07-11,El_Arish_EG,CHL,my,1.489,1.489,1.09,2.539,0.9851
2025-07-12,El_Arish_EG,CHL,my,1.27,1.184,0.7378,1.29,0.9851
2025-07-13,El_Arish_EG,CHL,my,1.548,1.535,1.062,1.616,0.8159
2025-07-14,El_Arish_EG,CHL,my,1.362,1.348,0.9314,1.657,0.9851
2025-07-15,El_Arish_EG,CHL,my,1.611,1.41,0.8605,1.611,0.8607
2025-07-16,El_Arish_EG,CHL,my,1.8,1.8,1.024,2.443,0.9851
2025-07-17,El_Arish_EG,CHL,my,1.206,1.293,0.7712,1.429,0.791
2025-07-18,El_Arish_EG,CHL,my,0.8176,0.8176,0.4738,1.162,0.9851
2025-07-19,El_Arish_EG,CHL,my,0.6318,0.6318,0.3692,1.28,0.9851
2025-07-20,El_Arish_EG,CHL,my,1.325,1.54,0.8961,1.732,0.5821
2025-07-21,El_Arish_EG,CHL,my,1.354,1.354,0.7895,1.529,0.8806
2025-07-22,El_Arish_EG,CHL,my,2.061,1.784,0.878,2.13,0.9851
2025-07-23,El_Arish_EG,CHL,my,1.513,1.513,0.7498,1.842,0.9851
2025-07-24,El_Arish_EG,CHL,my,2.116,2.116,1.063,2.842,0.9851
2025-07-26,El_Arish_EG,CHL,my,1.648,1.697,0.9285,1.838,0.9851
2025-07-27,El_Arish_EG,CHL,my,1.642,1.44,0.6783,1.723,0.9851
2025-07-28,El_Arish_EG,CHL,my,,1.604,0.8868,1.958,0.806
2025-07-30,El_Arish_EG,CHL,my,2.423,2.423,1.281,2.866,0.9851
2025-07-31,El_Arish_EG,CHL,my,2.077,1.29,0.8559,2.483,0.7512
2025-08-01,El_Arish_EG,CHL,my,2.242,1.291,1.065,3.051,0.8657
2025-08-02,El_Arish_EG,CHL,my,1.979,1.979,1.128,2.293,0.8109
2025-08-03,El_Arish_EG,CHL,my,3.169,3.169,2.063,3.644,0.9851
2025-08-04,El_Arish_EG,CHL,my,1.952,1.952,1.452,4.767,1
2025-08-05,El_Arish_EG,CHL,my,1.707,1.67,0.9462,1.882,0.7861
2025-08-06,El_Arish_EG,CHL,my,2.164,2.164,1.407,3.469,0.9851
2025-08-07,El_Arish_EG,CHL,my,1.52,1.52,1.097,2.804,0.9851
2025-08-08,El_Arish_EG,CHL,my,1.596,1.538,0.833,2.046,0.9851
2025-08-10,El_Arish_EG,CHL,my,1.644,1.332,0.8537,2.455,0.9254
2025-08-14,El_Arish_EG,CHL,my,1.005,0.82,0.5074,1.818,0.9254
2025-08-15,El_Arish_EG,CHL,my,1.062,0.9021,0.5475,1.328,0.9254
2025-08-17,El_Arish_EG,CHL,my,1.773,1.507,0.8331,1.773,0.7015
2025-08-18,El_Arish_EG,CHL,my,2.58,2.194,1.354,3.788,0.9254
2025-08-19,El_Arish_EG,CHL,my,4.149,3.859,2.226,5.975,0.9254
2025-08-20,El_Arish_EG,CHL,my,2.421,2.421,1.398,4.331,0.9851
2025-08-21,El_Arish_EG,CHL,my,2.107,1.694,1.004,2.424,0.8657
2025-08-22,El_Arish_EG,CHL,my,2.27,2.324,1.518,3.522,0.8657
2025-08-23,El_Arish_EG,CHL,my,2.883,2.268,1.212,3.456,0.8657
2025-08-24,El_Arish_EG,CHL,my,3.478,2.909,1.641,4.933,0.9254
2025-08-25,El_Arish_EG,CHL,my,2.323,1.674,1.266,2.82,0.9254
2025-08-26,El_Arish_EG,CHL,my,6.227,4.554,3.306,9.027,0.9254
2025-08-27,El_Arish_EG,CHL,my,3.887,3.887,2.142,4.532,0.9851
2025-08-28,El_Arish_EG,CHL,my,4.593,4.253,2.778,6.928,0.9254
2025-08-29,El_Arish_EG,CHL,my,9.906,9.502,4.609,11.63,0.9254
2025-08-30,El_Arish_EG,CHL,my,3.638,3.638,2.159,5.156,0.9851
2025-08-31,El_Arish_EG,CHL,my,9.632,9.632,5.344,14.14,0.9851
2025-09-01,El_Arish_EG,CHL,my,3.678,,,,0.4577
2025-09-02,El_Arish_EG,CHL,my,9.505,8.211,3.98,10.76,0.9254
2025-09-03,El_Arish_EG,CHL,my,7.74,7.74,3.721,8.703,0.9851
2025-09-04,El_Arish_EG,CHL,my,3.864,3.864,2.525,7.257,0.9851
2025-09-05,El_Arish_EG,CHL,my,2.018,2.016,1.38,3.578,0.9254
2025-09-06,El_Arish_EG,CHL,my,1.848,1.321,1.12,2.916,0.9254
2025-09-07,El_Arish_EG,CHL,my,2.072,1.636,1.129,3.107,0.9254
2025-09-08,El_Arish_EG,CHL,my,1.691,1.691,1.139,2.567,0.9851
2025-09-09,El_Arish_EG,CHL,my,2.03,1.856,1.195,2.26,0.9254
2025-09-10,El_Arish_EG,CHL,my,2.351,2.351,1.329,2.839,0.9851
2025-09-11,El_Arish_EG,CHL,my,2.55,2.55,1.344,2.971,0.9851
2025-09-12,El_Arish_EG,CHL,my,2.348,2.348,1.33,3.472,0.9851
2025-09-13,El_Arish_EG,CHL,my,2.43,2.337,1.165,2.539,0.9254
2025-09-14,El_Arish_EG,CHL,my,1.822,1.822,1.001,2.031,0.9851
2025-09-15,El_Arish_EG,CHL,my,1.075,1.029,0.6849,1.565,0.9254
2025-09-16,El_Arish_EG,CHL,my,1.528,1.528,0.8991,2.308,0.9851
2025-09-17,El_Arish_EG,CHL,my,1.645,1.278,0.8871,1.778,0.8657
2025-09-18,El_Arish_EG,CHL,my,1.291,1.201,0.9101,1.786,0.9254
2025-09-19,El_Arish_EG,CHL,my,1.575,1.575,1.117,2.015,0.9851
2025-09-20,El_Arish_EG,CHL,my,2.341,2.341,1.737,2.879,0.9851
2025-09-22,El_Arish_EG,CHL,my,2.12,,,,0.2338
2025-09-23,El_Arish_EG,CHL,my,2.1,2.147,1.13,2.465,0.6965
2025-09-25,El_Arish_EG,CHL,my,2.117,2.208,1.365,2.535,0.9851
2025-09-26,El_Arish_EG,CHL,my,2.062,1.9,1.218,2.295,0.9254
2025-09-27,El_Arish_EG,CHL,my,2.287,2.287,1.199,2.492,0.9851
2025-09-29,El_Arish_EG,CHL,my,1.944,1.944,1.193,2.622,0.9851
2025-09-30,El_Arish_EG,CHL,my,2.29,2.29,1.455,2.944,0.9303
2025-10-01,El_Arish_EG,CHL,my,1.186,1.316,1.211,3.321,0.9851
2025-10-02,El_Arish_EG,CHL,my,2.301,2.09,1.362,2.548,0.9254
2025-10-03,El_Arish_EG,CHL,my,2.046,1.616,1.147,2.182,0.8657
2025-10-06,El_Arish_EG,CHL,my,,1.738,1.218,2.302,0.8159
2025-10-07,El_Arish_EG,CHL,my,2.455,2.455,1.71,2.896,0.9851
2025-10-08,El_Arish_EG,CHL,my,1.927,2.023,1.86,4.427,0.9851
2025-10-10,El_Arish_EG,CHL,my,2.168,,,,0.408
2025-10-11,El_Arish_EG,CHL,my,2.491,2.491,1.518,2.694,0.8159
2025-10-12,El_Arish_EG,CHL,my,1.817,1.922,1.431,2.06,0.7015
2025-10-13,El_Arish_EG,CHL,my,2.108,1.902,1.504,2.108,0.9851
2025-10-14,El_Arish_EG,CHL,my,2.517,2.474,1.706,4.733,1
2025-10-15,El_Arish_EG,CHL,my,1.839,1.874,1.409,2.295,0.9851
2025-10-16,El_Arish_EG,CHL,my,2.189,2.189,1.342,3.75,0.9851
2025-10-17,El_Arish_EG,CHL,my,1.608,1.127,0.7117,1.608,0.5771
2025-10-18,El_Arish_EG,CHL,my,1.457,1.457,0.9432,1.756,0.9851
2025-10-20,El_Arish_EG,CHL,my,2.069,2.069,1.269,2.75,0.9851
2025-10-21,El_Arish_EG,CHL,my,1.765,1.899,1.345,2.614,0.9254
2025-10-22,El_Arish_EG,CHL,my,2.422,2.18,1.441,3.2,0.9851
2025-10-23,El_Arish_EG,CHL,my,1.381,1.324,0.8889,1.933,0.9851
2025-10-24,El_Arish_EG,CHL,my,1.273,1.186,0.7148,1.338,0.9851
2025-10-25,El_Arish_EG,CHL,my,1.32,1.32,0.8197,1.382,0.9254
2025-10-26,El_Arish_EG,CHL,my,0.9789,1.331,0.8584,2.345,0.9851
2025-10-27,El_Arish_EG,CHL,my,1.57,1.463,0.8638,1.623,0.9851
2025-10-28,El_Arish_EG,CHL,my,1.424,1.23,0.8347,1.593,0.9851
2025-10-29,El_Arish_EG,CHL,my,1.21,0.9937,0.673,1.261,0.9254
2025-10-30,El_Arish_EG,CHL,my,1.366,1.303,0.8724,1.372,0.9851
2025-10-31,El_Arish_EG,CHL,my,1.573,1.452,0.9912,1.837,0.9254
2025-11-01,El_Arish_EG,CHL,my,,1.223,0.8121,2.026,0.6368
2025-11-12,El_Arish_EG,CHL,my,1.312,1.246,1.079,1.445,0.5174
2025-11-13,El_Arish_EG,CHL,my,1.315,1.354,1.033,1.409,0.9254
2025-11-15,El_Arish_EG,CHL,my,2.244,2.19,1.482,2.284,0.9254
2025-11-16,El_Arish_EG,CHL,my,4.255,3.965,2.812,4.255,0.5423
2025-11-18,El_Arish_EG,CHL,my,1.828,1.505,1.122,2.151,0.9254
2025-11-20,El_Arish_EG,CHL,my,1.583,1.537,1.015,1.805,0.9254
2025-11-22,El_Arish_EG,CHL,my,1.118,1.133,0.9056,1.424,0.9254
2025-11-23,El_Arish_EG,CHL,my,1.083,1.205,0.8439,1.323,0.9254
2025-11-25,El_Arish_EG,CHL,my,,1.249,1,1.419,0.5572
2025-11-26,El_Arish_EG,CHL,my,2.02,1.796,1.276,2.039,0.9851
2025-11-27,El_Arish_EG,CHL,my,,1.118,0.9522,1.741,0.8657
2025-11-30,El_Arish_EG,CHL,my,1.316,1.102,0.8052,1.316,0.9254
2025-12-01,El_Arish_EG,CHL,my,1.563,1.563,0.8578,1.701,0.9851
2025-12-02,El_Arish_EG,CHL,my,,1.055,0.8169,1.408,0.6965
2025-12-03,El_Arish_EG,CHL,my,1.663,1.663,0.9588,2.5,0.9851
2025-12-04,El_Arish_EG,CHL,my,2.573,1.935,1.223,3.241,0.9254
2025-12-05,El_Arish_EG,CHL,my,,1.283,0.805,1.641,0.7512
2025-12-09,El_Arish_EG,CHL,my,2.121,1.689,1.243,2.121,0.5871
2025-12-10,El_Arish_EG,CHL,my,1.767,1.617,1.165,2.061,0.9254
2025-12-13,El_Arish_EG,CHL,my,1.338,1.292,0.9876,1.797,0.6368
2025-12-14,El_Arish_EG,CHL,my,1.015,0.8851,0.6963,1.215,0.9254
2025-12-15,El_Arish_EG,CHL,my,0.8814,,,,0.1741
2025-12-18,El_Arish_EG,CHL,my,1.928,1.364,1.177,2.825,0.9254
2025-12-20,El_Arish_EG,CHL,my,0.9102,0.8468,0.5166,1.118,0.9303
2025-12-21,El_Arish_EG,CHL,my,0.9359,0.8694,0.466,1.223,0.9851
2025-12-23,El_Arish_EG,CHL,my,0.9705,0.865,0.5771,1.029,0.9851
2025-12-24,El_Arish_EG,CHL,my,0.925,1.182,0.8734,1.553,0.9851
2025-12-25,El_Arish_EG,CHL,my,0.9564,0.9582,0.6172,1.122,1
2025-12-27,El_Arish_EG,CHL,my,1.138,1.059,0.8065,1.138,0.7512
2025-12-30,El_Arish_EG,CHL,my,4.554,3.224,2.052,4.765,0.9254
2025-12-31,El_Arish_EG,CHL,my,1.874,1.609,1.283,2.424,0.9254
2025-01-01,Gaza_City,CHL,my,0.7013,0.6973,0.3829,0.727,0.9104
2025-01-02,Gaza_City,CHL,my,0.1722,0.2173,0.182,0.393,1
2025-01-03,Gaza_City,CHL,my,0.1697,0.1697,0.1645,0.4337,1
2025-01-06,Gaza_City,CHL,my,0.1933,0.31,0.2037,0.388,0.8507
2025-01-07,Gaza_City,CHL,my,0.3071,0.3172,0.2349,0.4038,0.9254
2025-01-08,Gaza_City,CHL,my,0.3072,0.2832,0.2151,0.5032,0.9254
2025-01-09,Gaza_City,CHL,my,0.3783,0.2745,0.2156,0.464,0.9254
2025-01-12,Gaza_City,CHL,my,0.3169,0.2723,0.1838,0.3528,0.9104
2025-01-13,Gaza_City,CHL,my,0.3093,0.3093,0.1715,0.3853,0.9254
2025-01-14,Gaza_City,CHL,my,0.2252,0.1985,0.1403,0.2372,0.9104
2025-01-16,Gaza_City,CHL,my,0.1168,0.1083,0.09485,0.1269,0.5572
2025-01-17,Gaza_City,CHL,my,0.1443,0.1443,0.1293,0.3321,1
2025-01-18,Gaza_City,CHL,my,0.09748,0.1029,0.09004,0.186,0.9254
2025-01-20,Gaza_City,CHL,my,0.1342,0.118,0.104,0.2024,0.8557
2025-01-21,Gaza_City,CHL,my,0.09689,0.1484,0.1152,0.316,1
2025-01-24,Gaza_City,CHL,my,0.1921,0.1921,0.1333,0.2093,0.8408
2025-01-25,Gaza_City,CHL,my,0.09601,0.1303,0.09828,0.2191,1
2025-01-26,Gaza_City,CHL,my,0.1107,0.1059,0.08665,0.1317,0.7264
2025-01-27,Gaza_City,CHL,my,0.09286,0.1008,0.08304,0.1359,0.8458
2025-01-29,Gaza_City,CHL,my,0.1458,0.1325,0.1019,0.2173,0.9254
2025-01-30,Gaza_City,CHL,my,0.1939,0.1939,0.118,0.2821,1
2025-02-01,Gaza_City,CHL,my,0.1691,0.1297,0.09468,0.1691,0.8458
2025-02-02,Gaza_City,CHL,my,0.2109,0.1836,0.1438,0.2109,0.6716
2025-02-14,Gaza_City,CHL,my,1.072,1.142,0.6514,1.595,0.8557
2025-02-15,Gaza_City,CHL,my,1.098,1.098,0.8698,1.802,1
2025-02-17,Gaza_City,CHL,my,0.3485,0.3022,0.3004,1.244,0.9254
2025-02-18,Gaza_City,CHL,my,0.6782,0.6715,0.355,0.836,0.9104
2025-02-25,Gaza_City,CHL,my,1.226,1.163,0.7644,1.313,1
2025-02-26,Gaza_City,CHL,my,0.4215,0.4524,0.3294,0.943,1
2025-02-27,Gaza_City,CHL,my,0.1879,0.1879,0.1709,0.475,0.9851
2025-02-28,Gaza_City,CHL,my,0.429,0.2674,0.1673,0.429,0.8209
2025-03-02,Gaza_City,CHL,my,0.3152,0.2546,0.1878,0.3833,0.9254
2025-03-03,Gaza_City,CHL,my,0.4363,0.3235,0.2028,0.4363,0.8209
2025-03-09,Gaza_City,CHL,my,0.3428,0.3428,0.2299,0.7756,0.5473
2025-03-10,Gaza_City,CHL,my,0.1593,0.1184,0.09416,0.2439,0.9254
2025-03-11,Gaza_City,CHL,my,0.2338,0.1529,0.1081,0.3878,0.8607
2025-03-12,Gaza_City,CHL,my,0.1574,0.211,0.1464,0.4246,0.9254
2025-03-13,Gaza_City,CHL,my,0.183,0.1308,0.09392,0.247,0.9104
2025-03-14,Gaza_City,CHL,my,0.072,0.0645,0.05692,0.1186,0.9104
2025-03-16,Gaza_City,CHL,my,0.07413,0.0968,0.06815,0.1186,0.9104
2025-03-18,Gaza_City,CHL,my,,0.07771,0.06597,0.1168,0.5473
2025-03-19,Gaza_City,CHL,my,0.1653,0.1653,0.1463,0.4256,0.602
2025-03-23,Gaza_City,CHL,my,1.118,1.204,0.7739,1.356,0.9254
2025-03-24,Gaza_City,CHL,my,1.285,1.316,0.7869,1.435,1
2025-03-27,Gaza_City,CHL,my,1.257,1.049,0.5955,1.288,0.8458
2025-03-28,Gaza_City,CHL,my,1.149,1.089,0.6263,1.478,0.9104
2025-03-30,Gaza_City,CHL,my,0.5919,0.5036,0.2906,0.9255,0.9254
2025-03-31,Gaza_City,CHL,my,,0.3943,0.2531,0.6729,0.6368
2025-04-02,Gaza_City,CHL,my,0.909,0.5126,0.3454,1.096,0.9104
2025-04-03,Gaza_City,CHL,my,0.8037,0.774,0.3806,0.9429,0.9254
2025-04-04,Gaza_City,CHL,my,0.8757,0.6439,0.3814,1.167,0.9254
2025-04-05,Gaza_City,CHL,my,0.4963,0.4963,0.3733,1.172,1
2025-04-11,Gaza_City,CHL,my,1.269,1.242,0.6671,1.448,0.9104
2025-04-13,Gaza_City,CHL,my,0.9994,,,,0.1542
2025-04-14,Gaza_City,CHL,my,1.258,1.208,0.664,1.497,0.9602
2025-04-15,Gaza_City,CHL,my,1.059,,,,0.398
2025-04-16,Gaza_City,CHL,my,1.212,,,,0.2488
2025-04-17,Gaza_City,CHL,my,1.283,1.102,0.6175,1.431,0.9104
2025-04-18,Gaza_City,CHL,my,1.089,1.081,0.5975,1.253,0.9254
2025-04-19,Gaza_City,CHL,my,1.223,1.125,0.6983,1.366,0.9104
2025-04-20,Gaza_City,CHL,my,1.013,1.013,0.6813,1.466,1
2025-04-21,Gaza_City,CHL,my,1.013,1.013,0.6331,1.346,1
2025-04-25,Gaza_City,CHL,my,0.5486,0.4563,0.332,1.011,0.9254
2025-04-26,Gaza_City,CHL,my,0.6805,0.6805,0.3868,1.053,1
2025-04-28,Gaza_City,CHL,my,0.6291,0.6291,0.4109,1.234,0.9204
2025-04-29,Gaza_City,CHL,my,0.7101,0.3967,0.3286,0.9752,0.9104
2025-05-02,Gaza_City,CHL,my,0.4731,0.3888,0.2184,0.5231,0.8458
2025-05-04,Gaza_City,CHL,my,1.023,1.023,0.4628,1.14,1
2025-05-05,Gaza_City,CHL,my,0.6966,0.5107,0.3026,0.9005,0.9104
2025-05-06,Gaza_City,CHL,my,1.016,0.7464,0.3918,1.061,0.8458
2025-05-07,Gaza_City,CHL,my,0.9763,0.8057,0.4189,1.277,0.9254
2025-05-08,Gaza_City,CHL,my,1.072,1.06,0.4869,1.088,1
2025-05-09,Gaza_City,CHL,my,0.9065,0.7459,0.4021,0.9896,0.9104
2025-05-11,Gaza_City,CHL,my,0.4627,0.4627,0.265,0.894,1
2025-05-14,Gaza_City,CHL,my,,0.1899,0.144,0.6193,0.8209
2025-05-15,Gaza_City,CHL,my,0.4931,0.3704,0.2001,0.5704,0.8458
2025-05-16,Gaza_City,CHL,my,,0.3495,0.1935,0.5808,0.6915
2025-05-19,Gaza_City,CHL,my,0.5794,0.5794,0.3229,0.8354,1
2025-05-20,Gaza_City,CHL,my,0.5517,0.4954,0.2357,0.8312,0.9254
2025-05-21,Gaza_City,CHL,my,0.4751,0.4751,0.2849,0.9562,1
2025-05-23,Gaza_City,CHL,my,0.3612,0.3612,0.2384,0.8416,0.9204
2025-05-24,Gaza_City,CHL,my,0.8709,0.3761,0.267,0.9145,0.8458
2025-05-25,Gaza_City,CHL,my,0.8546,0.8638,0.5079,1.148,1
2025-05-27,Gaza_City,CHL,my,0.9505,0.2993,0.2137,0.9505,0.7015
2025-05-29,Gaza_City,CHL,my,1.576,1.717,1.212,1.78,0.9254
2025-05-30,Gaza_City,CHL,my,1.259,1.233,0.6832,1.337,0.8358
2025-05-31,Gaza_City,CHL,my,1.245,1.359,0.7415,1.464,1
2025-06-01,Gaza_City,CHL,my,0.6566,0.2887,0.1996,0.6566,0.8209
2025-06-02,Gaza_City,CHL,my,0.9731,0.9731,0.447,1.076,1
2025-06-03,Gaza_City,CHL,my,0.9703,0.8461,0.4003,1.12,0.9254
2025-06-04,Gaza_City,CHL,my,1.156,1.195,0.8157,1.28,0.9254
2025-06-05,Gaza_City,CHL,my,1.055,1.054,0.5017,1.183,0.9104
2025-06-06,Gaza_City,CHL,my,1.251,1.005,0.5055,1.3,0.9254
2025-06-07,Gaza_City,CHL,my,0.5309,0.5309,0.2782,0.8196,1
2025-06-08,Gaza_City,CHL,my,0.4652,0.3845,0.2691,0.7778,0.9104
2025-06-09,Gaza_City,CHL,my,0.3185,0.2748,0.171,0.3291,0.8209
2025-06-10,Gaza_City,CHL,my,0.3641,0.3039,0.1628,0.3641,0.8458
2025-06-11,Gaza_City,CHL,my,0.3646,0.505,0.3045,0.9578,0.9254
2025-06-12,Gaza_City,CHL,my,0.1821,0.1916,0.1242,0.2886,0.9254
2025-06-13,Gaza_City,CHL,my,0.494,0.1645,0.1379,0.6035,0.8458
2025-06-14,Gaza_City,CHL,my,0.3706,0.2355,0.1204,0.375,0.9104
2025-06-15,Gaza_City,CHL,my,0.2461,0.2461,0.1395,0.5646,1
2025-06-16,Gaza_City,CHL,my,0.4088,0.2761,0.1541,0.4294,0.8458
2025-06-17,Gaza_City,CHL,my,0.2197,0.2197,0.1505,0.5517,1
2025-06-18,Gaza_City,CHL,my,0.3943,0.4136,0.2322,0.5357,0.9254
2025-06-19,Gaza_City,CHL,my,0.4005,0.395,0.2579,0.5675,0.9254
2025-06-20,Gaza_City,CHL,my,0.3759,0.2087,0.1886,0.5141,0.8458
2025-06-21,Gaza_City,CHL,my,0.6693,0.6693,0.4141,1.218,0.9851
2025-06-22,Gaza_City,CHL,my,0.5993,0.3456,0.2188,0.705,0.9104
2025-06-24,Gaza_City,CHL,my,0.5105,0.4114,0.2492,0.5417,0.6368
2025-06-25,Gaza_City,CHL,my,0.3456,0.453,0.3233,0.5497,0.9104
2025-06-26,Gaza_City,CHL,my,0.886,0.8886,0.417,0.9151,0.9104
2025-06-27,Gaza_City,CHL,my,0.8486,0.5295,0.2878,0.8859,0.8458
2025-06-28,Gaza_City,CHL,my,0.6883,0.5941,0.3505,0.7355,0.9104
2025-06-29,Gaza_City,CHL,my,1.346,1.346,0.7745,1.681,1
2025-06-30,Gaza_City,CHL,my,0.5173,0.4711,0.3342,0.7006,0.9254
2025-07-02,Gaza_City,CHL,my,0.3093,0.2799,0.1747,0.3832,0.9104
2025-07-03,Gaza_City,CHL,my,0.1273,0.1273,0.1014,0.1342,0.9104
2025-07-04,Gaza_City,CHL,my,0.1702,0.1702,0.156,0.4116,1
2025-07-05,Gaza_City,CHL,my,,0.1673,0.131,0.5242,0.8109
2025-07-06,Gaza_City,CHL,my,0.2583,0.2583,0.1886,0.5773,0.9254
2025-07-07,Gaza_City,CHL,my,0.2001,0.2495,0.1589,0.3299,0.9254
2025-07-08,Gaza_City,CHL,my,0.2809,0.2536,0.1538,1.059,0.9254
2025-07-09,Gaza_City,CHL,my,,0.2272,0.1539,0.5375,0.8408
2025-07-11,Gaza_City,CHL,my,0.5183,0.4772,0.2603,0.9329,0.9254
2025-07-12,Gaza_City,CHL,my,0.222,0.222,0.153,0.5122,0.9254
2025-07-13,Gaza_City,CHL,my,0.4692,0.4253,0.2243,0.5195,0.8458
2025-07-14,Gaza_City,CHL,my,0.2213,0.2213,0.1465,0.5036,1
2025-07-15,Gaza_City,CHL,my,0.3348,0.2344,0.1417,0.4419,0.8458
2025-07-16,Gaza_City,CHL,my,0.1861,0.263,0.1555,0.3698,0.9254
2025-07-17,Gaza_City,CHL,my,,0.2254,0.1781,0.4998,0.6667
2025-07-18,Gaza_City,CHL,my,0.1736,0.1918,0.2257,1.294,1
2025-07-19,Gaza_City,CHL,my,0.1288,0.1288,0.1134,0.3983,1
2025-07-20,Gaza_City,CHL,my,0.3342,0.3342,0.2325,0.8527,1
2025-07-21,Gaza_City,CHL,my,,0.09144,0.06835,0.1173,0.5473
2025-07-22,Gaza_City,CHL,my,0.1055,0.1282,0.07048,0.1823,0.9254
2025-07-23,Gaza_City,CHL,my,0.2654,0.2199,0.1429,0.4736,0.9254
2025-07-24,Gaza_City,CHL,my,0.268,0.268,0.1874,0.4592,1
2025-07-26,Gaza_City,CHL,my,0.434,0.3607,0.2017,0.5613,0.9254
2025-07-27,Gaza_City,CHL,my,0.4423,0.2473,0.1771,0.5313,0.9254
2025-07-30,Gaza_City,CHL,my,1.194,0.4776,0.38,1.194,0.9104
2025-07-31,Gaza_City,CHL,my,1.137,1.168,0.5659,1.196,0.5025
2025-08-01,Gaza_City,CHL,my,1.054,0.7522,0.4245,1.087,0.8458
2025-08-02,Gaza_City,CHL,my,1.173,0.5272,0.3937,1.27,0.8458
2025-08-03,Gaza_City,CHL,my,2.09,1.942,0.9362,2.488,0.9254
2025-08-04,Gaza_City,CHL,my,1.767,1.738,1.068,2.402,1
2025-08-05,Gaza_City,CHL,my,1.676,1.338,0.6012,1.741,0.7562
2025-08-06,Gaza_City,CHL,my,1.716,1.428,0.9102,3.004,0.9254
2025-08-07,Gaza_City,CHL,my,,0.8452,0.517,2.152,0.6517
2025-08-08,Gaza_City,CHL,my,,0.804,0.5664,1.505,0.6915
2025-08-10,Gaza_City,CHL,my,,0.1591,0.2487,1.529,0.7413
2025-08-14,Gaza_City,CHL,my,1.147,1.147,0.5392,1.243,0.8308
2025-08-15,Gaza_City,CHL,my,0.9559,0.8713,0.5846,1.27,0.8458
2025-08-16,Gaza_City,CHL,my,,0.6584,0.4664,1.002,0.5423
2025-08-18,Gaza_City,CHL,my,0.7808,0.6611,0.481,0.827,0.8458
2025-08-19,Gaza_City,CHL,my,0.8584,0.7709,0.598,2.226,0.9254
2025-08-20,Gaza_City,CHL,my,0.7532,0.6864,0.4978,1.292,0.9254
2025-08-23,Gaza_City,CHL,my,1.988,1.988,0.6493,2.058,1
2025-08-24,Gaza_City,CHL,my,0.3094,0.1672,0.2805,1.798,0.9254
2025-08-25,Gaza_City,CHL,my,0.9349,0.9349,0.4688,1.756,0.9254
2025-08-26,Gaza_City,CHL,my,2.522,2.522,1.295,3.034,0.8607
2025-08-27,Gaza_City,CHL,my,1.54,1.404,0.8483,2.002,0.5323
2025-08-28,Gaza_City,CHL,my,1.837,1.29,0.8381,2.204,0.8458
2025-08-29,Gaza_City,CHL,my,3.078,1.804,1.179,3.741,0.8607
2025-08-30,Gaza_City,CHL,my,2.032,2.073,0.8634,2.388,0.9254
2025-08-31,Gaza_City,CHL,my,2.27,1.404,0.6734,8.383,0.9254
2025-09-01,Gaza_City,CHL,my,1.369,1.369,0.612,2.251,0.6418
2025-09-02,Gaza_City,CHL,my,1.895,0.4203,0.4116,2.441,0.8458
2025-09-03,Gaza_City,CHL,my,1.787,1.294,0.5772,2.331,0.8856
2025-09-04,Gaza_City,CHL,my,1.76,1.005,0.5328,2.391,0.9254
2025-09-05,Gaza_City,CHL,my,2.166,2.04,0.7053,2.299,0.9254
2025-09-06,Gaza_City,CHL,my,2.012,2.022,1.071,2.744,1
2025-09-07,Gaza_City,CHL,my,2.009,2.425,1.253,3.9,1
2025-09-08,Gaza_City,CHL,my,4.718,2.538,1.316,4.718,0.8458
2025-09-09,Gaza_City,CHL,my,1.803,1.803,0.7565,2.223,0.8607
2025-09-10,Gaza_City,CHL,my,3.747,3.352,1.302,7.939,0.9254
2025-09-11,Gaza_City,CHL,my,3.663,3.004,1.522,4.743,0.9254
2025-09-12,Gaza_City,CHL,my,3.728,3.728,2.181,10.18,1
2025-09-13,Gaza_City,CHL,my,3.511,1.995,0.9419,3.668,0.8458
2025-09-14,Gaza_City,CHL,my,3.695,2.753,1.201,4.357,1
2025-09-15,Gaza_City,CHL,my,1.289,1.289,0.8963,4.526,1
2025-09-16,Gaza_City,CHL,my,1.42,1.42,0.5526,2.277,1
2025-09-17,Gaza_City,CHL,my,1.319,1.046,0.4327,1.645,0.8259
2025-09-18,Gaza_City,CHL,my,1.857,1.892,0.7212,3.327,1
2025-09-20,Gaza_City,CHL,my,2.766,2.477,0.9223,5.14,0.9254
2025-09-21,Gaza_City,CHL,my,1.339,1.339,0.5702,1.929,0.9254
2025-09-22,Gaza_City,CHL,my,1.598,1.158,0.6625,2.2,0.8607
2025-09-23,Gaza_City,CHL,my,1.689,1.474,0.8229,2.651,0.9104
2025-09-24,Gaza_City,CHL,my,1.224,0.7623,0.3801,1.224,0.7313
2025-09-26,Gaza_City,CHL,my,1.129,,,,0.1692
2025-09-27,Gaza_City,CHL,my,1.265,1.15,0.5747,1.97,0.9254
2025-09-29,Gaza_City,CHL,my,,0.82,0.492,1.896,0.7413
2025-09-30,Gaza_City,CHL,my,1.732,1.732,0.8739,4.37,0.7363
2025-10-01,Gaza_City,CHL,my,1.672,1.672,0.83,2.633,1
2025-10-02,Gaza_City,CHL,my,1.377,1.128,0.6003,1.63,0.9104
2025-10-03,Gaza_City,CHL,my,2.409,2.067,0.8263,2.413,0.7065
2025-10-04,Gaza_City,CHL,my,0.9033,,,,0.4826
2025-10-05,Gaza_City,CHL,my,0.9297,1.154,0.5739,1.24,0.6468
2025-10-06,Gaza_City,CHL,my,0.53,0.6701,0.3279,0.7897,0.9104
2025-10-07,Gaza_City,CHL,my,0.836,0.8088,0.4173,0.8556,1
2025-10-08,Gaza_City,CHL,my,1.187,0.4712,0.3526,1.187,1
2025-10-10,Gaza_City,CHL,my,0.8714,0.4956,0.3301,0.9906,0.9254
2025-10-11,Gaza_City,CHL,my,1.438,1.262,0.6415,1.552,1
2025-10-12,Gaza_City,CHL,my,0.8912,0.9069,0.6244,1.013,0.7761
2025-10-13,Gaza_City,CHL,my,0.9039,0.9297,0.6622,1.074,0.9254
2025-10-14,Gaza_City,CHL,my,0.7171,0.7477,0.51,1.682,0.9254
2025-10-15,Gaza_City,CHL,my,0.774,0.9258,0.7209,0.9629,0.9254
2025-10-16,Gaza_City,CHL,my,0.7125,0.8633,0.6301,1.369,1
2025-10-17,Gaza_City,CHL,my,0.736,0.736,0.4867,0.8029,0.9254
2025-10-18,Gaza_City,CHL,my,0.6252,0.6816,0.5505,1.011,1
2025-10-19,Gaza_City,CHL,my,0.6587,0.6587,0.428,0.7335,0.9254
2025-10-20,Gaza_City,CHL,my,0.7581,0.7976,0.5028,0.9434,0.9254
2025-10-21,Gaza_City,CHL,my,0.7495,0.5728,0.4081,0.7705,0.9104
2025-10-22,Gaza_City,CHL,my,0.6287,0.5867,0.3517,0.6334,1
2025-10-23,Gaza_City,CHL,my,0.6767,0.6473,0.307,0.6858,0.9104
2025-10-25,Gaza_City,CHL,my,0.358,0.3058,0.1893,0.398,0.8458
2025-10-26,Gaza_City,CHL,my,0.2206,0.2206,0.1956,0.4884,1
2025-10-27,Gaza_City,CHL,my,0.389,0.3944,0.2414,0.6261,1
2025-10-28,Gaza_City,CHL,my,0.1991,0.2087,0.1772,0.3463,0.5572
2025-10-29,Gaza_City,CHL,my,0.2848,,,,0.2338
2025-10-30,Gaza_City,CHL,my,0.156,0.1581,0.1497,0.3297,1
2025-10-31,Gaza_City,CHL,my,0.5902,0.474,0.2685,0.5902,0.9254
2025-11-01,Gaza_City,CHL,my,0.6072,0.6072,0.3719,0.7104,0.9104
2025-11-09,Gaza_City,CHL,my,,0.2293,0.183,0.3263,0.5174
2025-11-12,Gaza_City,CHL,my,0.454,0.2952,0.2371,0.454,0.9104
2025-11-13,Gaza_City,CHL,my,0.4376,,,,0.1443
2025-11-18,Gaza_City,CHL,my,0.6524,0.5699,0.3655,0.6887,0.9254
2025-11-19,Gaza_City,CHL,my,0.5072,0.4325,0.2946,0.5675,0.9104
2025-11-20,Gaza_City,CHL,my,0.4634,0.3468,0.2282,0.4634,0.8209
2025-11-22,Gaza_City,CHL,my,0.2375,0.1839,0.1556,0.4395,0.9254
2025-11-23,Gaza_City,CHL,my,0.3085,0.2269,0.1741,0.4638,0.9254
2025-11-26,Gaza_City,CHL,my,0.2395,0.3606,0.2786,0.6175,1
2025-11-27,Gaza_City,CHL,my,0.4062,0.4093,0.2941,0.5911,0.9254
2025-11-30,Gaza_City,CHL,my,0.1871,0.2045,0.1671,0.4699,0.9254
2025-12-01,Gaza_City,CHL,my,0.4589,0.4553,0.36,0.5511,0.9254
2025-12-02,Gaza_City,CHL,my,0.3055,0.3055,0.2583,0.5137,1
2025-12-03,Gaza_City,CHL,my,0.4306,0.2895,0.2162,0.4918,0.9254
2025-12-04,Gaza_City,CHL,my,0.3522,0.4198,0.2796,0.5049,0.9104
2025-12-07,Gaza_City,CHL,my,0.5198,0.3515,0.2486,0.5198,0.791
2025-12-15,Gaza_City,CHL,my,0.5073,0.5219,0.3425,0.7343,0.6866
2025-12-17,Gaza_City,CHL,my,,0.3196,0.2824,0.8473,0.7264
2025-12-18,Gaza_City,CHL,my,0.2597,0.2276,0.1684,0.2597,0.8458
2025-12-20,Gaza_City,CHL,my,0.4073,0.4073,0.2706,0.4486,0.6866
2025-12-21,Gaza_City,CHL,my,0.4791,0.4791,0.2888,0.707,0.9254
2025-12-24,Gaza_City,CHL,my,0.4003,0.4003,0.3056,0.6437,1
2025-12-25,Gaza_City,CHL,my,0.2898,0.3143,0.2244,0.3807,0.9104
2025-12-26,Gaza_City,CHL,my,0.3049,0.3069,0.2184,0.3533,0.9254
2025-12-31,Gaza_City,CHL,my,0.7449,,,,0.4229
2025-01-01,Hadera_IL,CHL,my,0.537,0.4359,0.2069,0.537,0.8756
2025-01-02,Hadera_IL,CHL,my,0.3118,0.3405,0.233,0.8762,0.9652
2025-01-03,Hadera_IL,CHL,my,0.3262,0.3595,0.2354,0.8359,0.9652
2025-01-06,Hadera_IL,CHL,my,0.1369,0.1369,0.1271,0.35,0.9751
2025-01-07,Hadera_IL,CHL,my,0.1323,0.1378,0.1129,0.2481,0.9751
2025-01-08,Hadera_IL,CHL,my,0.2778,0.187,0.1284,0.2778,0.9403
2025-01-09,Hadera_IL,CHL,my,0.2071,0.2068,0.1302,0.2436,0.9403
2025-01-10,Hadera_IL,CHL,my,0.1747,0.1584,0.1215,0.1747,0.9403
2025-01-13,Hadera_IL,CHL,my,0.1074,0.1016,0.08237,0.1204,0.9403
2025-01-14,Hadera_IL,CHL,my,0.1679,0.1657,0.1313,0.317,0.9104
2025-01-18,Hadera_IL,CHL,my,0.076,0.08346,0.07083,0.1016,0.9403
2025-01-19,Hadera_IL,CHL,my,0.09019,0.08465,0.0717,0.09897,0.9403
2025-01-21,Hadera_IL,CHL,my,0.08486,0.08317,0.07655,0.09152,0.8756
2025-01-23,Hadera_IL,CHL,my,0.09151,0.09608,0.07614,0.1052,0.7761
2025-01-24,Hadera_IL,CHL,my,0.09095,0.09333,0.08652,0.1336,0.9403
2025-01-25,Hadera_IL,CHL,my,0.08203,0.07835,0.05724,0.08748,0.8756
2025-01-27,Hadera_IL,CHL,my,0.1034,0.06891,0.05788,0.1034,0.8159
2025-01-29,Hadera_IL,CHL,my,0.1227,0.1227,0.08953,0.153,0.9403
2025-01-30,Hadera_IL,CHL,my,0.09333,0.1015,0.08464,0.1967,0.9652
2025-01-31,Hadera_IL,CHL,my,0.1098,,,,0.2438
2025-02-01,Hadera_IL,CHL,my,0.08611,0.08729,0.0687,0.0891,0.7562
2025-02-02,Hadera_IL,CHL,my,0.1551,0.07415,0.07264,0.1551,0.5721
2025-02-04,Hadera_IL,CHL,my,0.04909,0.05441,0.05219,0.1118,0.9751
2025-02-10,Hadera_IL,CHL,my,,0.09476,0.07212,0.1454,0.6667
2025-02-13,Hadera_IL,CHL,my,0.2086,,,,0.2438
2025-02-14,Hadera_IL,CHL,my,,0.08013,0.07466,0.1467,0.6965
2025-02-15,Hadera_IL,CHL,my,0.2647,0.2647,0.1641,0.3761,1
2025-02-17,Hadera_IL,CHL,my,0.2442,0.2407,0.1545,0.2442,0.8756
2025-02-18,Hadera_IL,CHL,my,0.261,0.223,0.1519,0.3148,0.8756
2025-02-20,Hadera_IL,CHL,my,0.187,0.187,0.1203,0.29,0.8408
2025-02-24,Hadera_IL,CHL,my,0.1594,0.1086,0.09146,0.1594,0.8159
2025-02-25,Hadera_IL,CHL,my,0.1025,0.1085,0.0944,0.1287,0.9403
2025-02-26,Hadera_IL,CHL,my,0.1074,0.1076,0.1024,0.1405,0.9403
2025-02-27,Hadera_IL,CHL,my,0.1887,0.1887,0.1442,0.2955,0.9652
2025-02-28,Hadera_IL,CHL,my,0.1727,0.1526,0.09695,0.1875,0.8806
2025-03-01,Hadera_IL,CHL,my,0.126,0.09036,0.08338,0.126,0.8159
2025-03-02,Hadera_IL,CHL,my,0.1157,0.1096,0.09743,0.3332,0.9751
2025-03-08,Hadera_IL,CHL,my,0.139,0.09311,0.08132,0.139,0.8159
2025-03-09,Hadera_IL,CHL,my,0.1332,,,,0.0846
2025-03-10,Hadera_IL,CHL,my,0.06662,0.06017,0.04668,0.07897,0.8557
2025-03-11,Hadera_IL,CHL,my,0.07184,0.05927,0.04883,0.08645,0.8756
2025-03-12,Hadera_IL,CHL,my,0.06545,0.06176,0.05124,0.09348,0.9403
2025-03-13,Hadera_IL,CHL,my,0.08255,0.07069,0.05891,0.1089,0.9403
2025-03-14,Hadera_IL,CHL,my,0.06795,0.07917,0.0664,0.1231,0.9403
2025-03-15,Hadera_IL,CHL,my,0.1156,0.1149,0.07234,0.1347,0.8756
2025-03-18,Hadera_IL,CHL,my,0.08001,0.0556,0.06311,0.2006,0.9403
2025-03-23,Hadera_IL,CHL,my,0.9351,0.8676,0.5211,1.163,0.9403
2025-03-24,Hadera_IL,CHL,my,0.6913,0.837,0.5703,1.102,1
2025-03-27,Hadera_IL,CHL,my,0.6016,0.5405,0.3422,0.6016,0.6915
2025-03-31,Hadera_IL,CHL,my,0.2602,,,,0.0945
2025-04-02,Hadera_IL,CHL,my,0.2736,0.211,0.156,0.2736,0.8159
2025-04-04,Hadera_IL,CHL,my,0.1911,0.183,0.1205,0.2404,0.9403
2025-04-10,Hadera_IL,CHL,my,0.1357,0.1282,0.0972,0.1468,0.9403
2025-04-13,Hadera_IL,CHL,my,0.2521,0.2224,0.1243,0.3402,0.9403
2025-04-14,Hadera_IL,CHL,my,0.1533,0.1516,0.1263,0.1929,0.5373
2025-04-15,Hadera_IL,CHL,my,0.2553,0.2382,0.1502,0.2771,0.7313
2025-04-16,Hadera_IL,CHL,my,0.2285,0.2176,0.142,0.2584,0.8756
2025-04-17,Hadera_IL,CHL,my,0.3218,0.2914,0.2049,0.3218,0.8159
2025-04-18,Hadera_IL,CHL,my,0.1848,0.1744,0.1361,0.1848,0.8756
2025-04-19,Hadera_IL,CHL,my,0.1098,0.1274,0.1012,0.2196,0.9652
2025-04-20,Hadera_IL,CHL,my,0.1286,0.118,0.09151,0.1537,0.9403
2025-04-21,Hadera_IL,CHL,my,0.1193,0.1009,0.08956,0.2717,0.9005
2025-04-25,Hadera_IL,CHL,my,0.08862,0.07297,0.06254,0.09961,0.8756
2025-04-26,Hadera_IL,CHL,my,0.07402,0.08718,0.08786,0.3142,0.6667
2025-04-28,Hadera_IL,CHL,my,0.05781,0.07468,0.08393,0.288,0.6269
2025-04-29,Hadera_IL,CHL,my,0.06083,0.06083,0.05069,0.173,1
2025-05-02,Hadera_IL,CHL,my,0.07164,0.06503,0.05954,0.09435,0.9403
2025-05-04,Hadera_IL,CHL,my,0.04961,0.05069,0.046,0.06029,0.9403
2025-05-06,Hadera_IL,CHL,my,0.2978,0.2376,0.1209,0.3067,0.9403
2025-05-07,Hadera_IL,CHL,my,0.1497,0.1497,0.1135,0.4351,0.7114
2025-05-08,Hadera_IL,CHL,my,0.2026,0.1767,0.1157,0.2248,0.8756
2025-05-09,Hadera_IL,CHL,my,0.1494,0.1432,0.11,0.1688,0.8756
2025-05-10,Hadera_IL,CHL,my,0.1494,0.1497,0.1231,0.1942,0.9403
2025-05-11,Hadera_IL,CHL,my,0.1355,0.1438,0.1032,0.1525,0.8756
2025-05-14,Hadera_IL,CHL,my,0.09923,0.1017,0.07133,0.1238,0.8159
2025-05-16,Hadera_IL,CHL,my,0.1055,0.102,0.062,0.1109,0.8756
2025-05-19,Hadera_IL,CHL,my,0.1311,0.1388,0.07479,0.1467,0.8756
2025-05-20,Hadera_IL,CHL,my,0.1128,0.1078,0.07312,0.1333,0.9403
2025-05-21,Hadera_IL,CHL,my,0.09597,0.1045,0.08304,0.2773,0.9751
2025-05-22,Hadera_IL,CHL,my,0.0947,0.08465,0.06944,0.0947,0.8159
2025-05-24,Hadera_IL,CHL,my,0.1646,0.1536,0.0953,0.187,0.8756
2025-05-25,Hadera_IL,CHL,my,0.1077,0.1077,0.07618,0.2259,0.9254
2025-05-29,Hadera_IL,CHL,my,0.2859,0.2859,0.1679,0.7849,0.9652
2025-05-30,Hadera_IL,CHL,my,0.2543,0.2543,0.199,0.8735,1
2025-05-31,Hadera_IL,CHL,my,0.5477,0.4455,0.3209,0.5477,0.8756
2025-06-01,Hadera_IL,CHL,my,,0.1437,0.09681,0.1555,0.7562
2025-06-02,Hadera_IL,CHL,my,,0.2438,0.1863,0.275,0.7562
2025-06-04,Hadera_IL,CHL,my,0.2597,0.1859,0.145,0.2597,0.7861
2025-06-05,Hadera_IL,CHL,my,0.2678,0.2922,0.2072,0.3002,0.9403
2025-06-06,Hadera_IL,CHL,my,0.433,0.433,0.2136,0.584,0.8756
2025-06-07,Hadera_IL,CHL,my,,0.07989,0.05936,0.08081,0.5721
2025-06-08,Hadera_IL,CHL,my,,0.07673,0.06533,0.08431,0.7164
2025-06-10,Hadera_IL,CHL,my,0.07429,0.07565,0.07131,0.168,0.9403
2025-06-11,Hadera_IL,CHL,my,,0.08843,0.06899,0.1327,0.8159
2025-06-12,Hadera_IL,CHL,my,0.1225,0.1101,0.09019,0.1677,0.9403
2025-06-13,Hadera_IL,CHL,my,0.1676,0.1482,0.0842,0.1994,0.8756
2025-06-14,Hadera_IL,CHL,my,0.1205,0.1205,0.08531,0.2137,0.9652
2025-06-15,Hadera_IL,CHL,my,0.1564,,,,0.3632
2025-06-16,Hadera_IL,CHL,my,0.1427,0.1091,0.06398,0.1427,0.8756
2025-06-17,Hadera_IL,CHL,my,0.1167,0.1167,0.09668,0.335,1
2025-06-18,Hadera_IL,CHL,my,0.2616,0.2239,0.145,0.3725,0.9403
2025-06-19,Hadera_IL,CHL,my,0.1772,0.1615,0.1109,0.2959,0.9005
2025-06-21,Hadera_IL,CHL,my,0.198,0.1885,0.1294,0.2025,0.9403
2025-06-22,Hadera_IL,CHL,my,0.1298,0.1028,0.07937,0.1501,0.6915
2025-06-23,Hadera_IL,CHL,my,0.09548,0.09134,0.07009,0.1377,0.9403
2025-06-25,Hadera_IL,CHL,my,0.1678,0.1925,0.1323,0.4804,0.8756
2025-06-26,Hadera_IL,CHL,my,0.1896,0.1925,0.11,0.3443,0.9652
2025-06-27,Hadera_IL,CHL,my,0.1686,0.1037,0.0834,0.4304,0.9353
2025-06-28,Hadera_IL,CHL,my,0.1364,0.1296,0.08907,0.162,0.9403
2025-06-29,Hadera_IL,CHL,my,0.09654,0.08791,0.06331,0.1226,0.9403
2025-06-30,Hadera_IL,CHL,my,0.1278,0.125,0.08652,0.4834,0.9453
2025-07-01,Hadera_IL,CHL,my,0.164,0.1636,0.09546,0.165,0.8756
2025-07-02,Hadera_IL,CHL,my,0.168,0.1186,0.08423,0.168,0.7861
2025-07-04,Hadera_IL,CHL,my,0.1033,0.09079,0.06698,0.1033,0.8159
2025-07-05,Hadera_IL,CHL,my,0.1231,0.1149,0.08617,0.1432,0.9403
2025-07-06,Hadera_IL,CHL,my,0.1389,0.1352,0.08373,0.1389,0.8756
2025-07-09,Hadera_IL,CHL,my,,0.0752,0.03856,0.08028,0.5721
2025-07-10,Hadera_IL,CHL,my,0.1095,,,,0.3284
2025-07-11,Hadera_IL,CHL,my,0.08683,,,,0.1194
2025-07-12,Hadera_IL,CHL,my,0.08307,0.07208,0.05453,0.08608,0.8756
2025-07-14,Hadera_IL,CHL,my,0.1144,0.1126,0.08257,0.2776,0.9353
2025-07-15,Hadera_IL,CHL,my,0.1398,,,,0.4876
2025-07-16,Hadera_IL,CHL,my,0.08813,0.05833,0.05601,0.1453,0.9403
2025-07-17,Hadera_IL,CHL,my,0.1269,0.1095,0.08363,0.1448,0.8756
2025-07-18,Hadera_IL,CHL,my,0.16,0.1502,0.08804,0.1679,0.9403
2025-07-19,Hadera_IL,CHL,my,0.1242,0.08919,0.06573,0.1274,0.9403
2025-07-22,Hadera_IL,CHL,my,0.05277,0.05519,0.04789,0.1126,0.9652
2025-07-23,Hadera_IL,CHL,my,,0.04781,0.03734,0.05315,0.5124
2025-07-24,Hadera_IL,CHL,my,0.04928,0.0371,0.02946,0.04928,0.8159
2025-07-26,Hadera_IL,CHL,my,,0.06449,0.04842,0.06816,0.5721
2025-07-27,Hadera_IL,CHL,my,0.1268,0.1077,0.09512,0.3141,1
2025-07-28,Hadera_IL,CHL,my,0.0705,0.06493,0.05233,0.1502,0.9403
2025-07-30,Hadera_IL,CHL,my,0.101,,,,0.4527
2025-08-01,Hadera_IL,CHL,my,0.08794,0.08121,0.07667,0.2134,0.9353
2025-08-02,Hadera_IL,CHL,my,0.1555,0.08556,0.06516,0.2204,0.8756
2025-08-03,Hadera_IL,CHL,my,0.07334,0.07334,0.07885,0.3814,1
2025-08-04,Hadera_IL,CHL,my,0.2541,0.252,0.1333,0.4077,1
2025-08-05,Hadera_IL,CHL,my,0.09454,0.09128,0.07887,0.1839,0.8756
2025-08-08,Hadera_IL,CHL,my,0.1782,0.1782,0.1272,0.2235,0.8756
2025-08-10,Hadera_IL,CHL,my,0.203,0.1757,0.1028,0.2197,0.8159
2025-08-14,Hadera_IL,CHL,my,0.1624,0.1364,0.09188,0.1707,0.8756
2025-08-15,Hadera_IL,CHL,my,,0.1457,0.1012,0.1606,0.5721
2025-08-16,Hadera_IL,CHL,my,0.1137,0.1196,0.1026,0.3432,0.7662
2025-08-18,Hadera_IL,CHL,my,0.1125,0.1257,0.09914,0.1788,0.5522
2025-08-19,Hadera_IL,CHL,my,0.1752,0.09478,0.07559,0.2119,0.9403
2025-08-20,Hadera_IL,CHL,my,0.132,0.132,0.09399,0.4464,0.9751
2025-08-22,Hadera_IL,CHL,my,0.08243,0.09097,0.06979,0.1937,0.6517
2025-08-23,Hadera_IL,CHL,my,0.1357,0.1254,0.06873,0.239,1
2025-08-28,Hadera_IL,CHL,my,0.09876,0.1175,0.1212,0.4203,0.9403
2025-08-29,Hadera_IL,CHL,my,0.1168,0.07265,0.0715,0.1644,0.8756
2025-08-30,Hadera_IL,CHL,my,0.217,0.217,0.1115,0.2571,0.9403
2025-08-31,Hadera_IL,CHL,my,0.2128,0.2198,0.1311,0.2709,0.8756
2025-09-03,Hadera_IL,CHL,my,0.0462,0.03968,0.03753,0.1649,0.8209
2025-09-04,Hadera_IL,CHL,my,0.1333,0.09889,0.06135,0.1712,0.9403
2025-09-05,Hadera_IL,CHL,my,0.142,0.1031,0.07339,0.2477,0.9403
2025-09-06,Hadera_IL,CHL,my,0.1143,0.1143,0.09303,0.5193,1
2025-09-07,Hadera_IL,CHL,my,0.09651,0.05959,0.05333,0.4278,0.9005
2025-09-08,Hadera_IL,CHL,my,0.08509,0.05097,0.05843,0.2099,0.9403
2025-09-09,Hadera_IL,CHL,my,0.09875,0.07175,0.06819,0.1772,0.9403
2025-09-10,Hadera_IL,CHL,my,0.1086,0.1086,0.09416,0.4865,1
2025-09-11,Hadera_IL,CHL,my,0.06513,0.06513,0.05816,0.222,0.9652
2025-09-12,Hadera_IL,CHL,my,0.03409,0.03496,0.03762,0.1424,1
2025-09-13,Hadera_IL,CHL,my,0.02019,0.03283,0.02554,0.03608,0.8756
2025-09-14,Hadera_IL,CHL,my,0.06022,0.0554,0.05189,0.2125,1
2025-09-15,Hadera_IL,CHL,my,0.04604,0.04604,0.04169,0.1096,1
2025-09-16,Hadera_IL,CHL,my,0.05411,0.05411,0.04946,0.2236,0.9652
2025-09-17,Hadera_IL,CHL,my,0.04947,0.04604,0.03959,0.06924,0.8756
2025-09-19,Hadera_IL,CHL,my,0.08448,0.07784,0.04818,0.14,0.9104
2025-09-20,Hadera_IL,CHL,my,0.1111,0.1111,0.07377,0.3354,1
2025-09-21,Hadera_IL,CHL,my,0.07279,0.08631,0.0638,0.1724,0.9652
2025-09-22,Hadera_IL,CHL,my,0.1083,0.0562,0.04919,0.1083,0.7512
2025-09-23,Hadera_IL,CHL,my,0.05473,0.04201,0.03982,0.09173,0.9403
2025-09-24,Hadera_IL,CHL,my,0.05623,0.04811,0.03918,0.05623,0.6119
2025-09-25,Hadera_IL,CHL,my,0.1228,,,,0.1493
2025-09-26,Hadera_IL,CHL,my,,0.1461,0.09658,0.1794,0.6318
2025-09-27,Hadera_IL,CHL,my,0.4316,0.4043,0.186,0.5184,0.9403
2025-09-28,Hadera_IL,CHL,my,0.3907,0.4022,0.1859,0.5195,0.8756
2025-09-29,Hadera_IL,CHL,my,0.4432,0.5125,0.2714,0.5415,0.8756
2025-10-02,Hadera_IL,CHL,my,0.1665,0.2051,0.1066,0.2489,0.9403
2025-10-03,Hadera_IL,CHL,my,0.3648,0.3006,0.2003,0.5206,0.9403
2025-10-04,Hadera_IL,CHL,my,0.1397,0.1397,0.09587,0.2744,0.9652
2025-10-05,Hadera_IL,CHL,my,0.1474,0.1401,0.1176,0.1541,0.9403
2025-10-06,Hadera_IL,CHL,my,0.09336,0.08997,0.08709,0.1297,0.9403
2025-10-07,Hadera_IL,CHL,my,0.03948,0.0555,0.04738,0.07417,0.9403
2025-10-08,Hadera_IL,CHL,my,0.04915,0.04915,0.04606,0.07031,0.9403
2025-10-10,Hadera_IL,CHL,my,0.04317,0.06835,0.06204,0.1475,1
2025-10-11,Hadera_IL,CHL,my,0.0548,0.07352,0.06963,0.1331,0.9403
2025-10-13,Hadera_IL,CHL,my,0.1425,0.09721,0.09048,0.2026,0.9403
2025-10-14,Hadera_IL,CHL,my,0.2225,0.1631,0.11,0.383,1
2025-10-15,Hadera_IL,CHL,my,0.09938,0.1137,0.09247,0.253,0.9453
2025-10-16,Hadera_IL,CHL,my,0.1132,0.09969,0.0738,0.136,0.9652
2025-10-17,Hadera_IL,CHL,my,0.118,0.1084,0.0776,0.1396,0.9403
2025-10-18,Hadera_IL,CHL,my,0.09916,,,,0.403
2025-10-19,Hadera_IL,CHL,my,0.1266,0.0978,0.0923,0.1354,0.9403
2025-10-20,Hadera_IL,CHL,my,0.1368,,,,0.4279
2025-10-21,Hadera_IL,CHL,my,0.1005,0.09847,0.07678,0.1024,0.6915
2025-10-22,Hadera_IL,CHL,my,0.1055,0.1055,0.08175,0.2813,0.9652
2025-10-23,Hadera_IL,CHL,my,0.1185,0.1112,0.06964,0.121,0.8756
2025-10-24,Hadera_IL,CHL,my,0.07083,,,,0.3284
2025-10-25,Hadera_IL,CHL,my,0.07762,0.07055,0.05762,0.1046,0.9403
2025-10-26,Hadera_IL,CHL,my,0.05973,0.05973,0.04971,0.1545,0.8507
2025-10-27,Hadera_IL,CHL,my,0.04737,0.04737,0.03815,0.1027,0.9652
2025-10-28,Hadera_IL,CHL,my,0.0584,0.0584,0.0531,0.09039,0.8557
2025-10-30,Hadera_IL,CHL,my,0.05096,0.05675,0.06232,0.2005,0.9353
2025-10-31,Hadera_IL,CHL,my,0.08698,0.08698,0.06876,0.08939,0.9403
2025-11-01,Hadera_IL,CHL,my,0.09957,0.09411,0.06519,0.1072,0.9403
2025-11-02,Hadera_IL,CHL,my,0.07895,0.07586,0.06764,0.1181,0.9403
2025-11-08,Hadera_IL,CHL,my,0.07953,0.07494,0.06447,0.07953,0.8159
2025-11-09,Hadera_IL,CHL,my,,0.0975,0.08128,0.1049,0.5522
2025-11-12,Hadera_IL,CHL,my,0.1567,0.1578,0.1324,0.1672,0.5124
2025-11-15,Hadera_IL,CHL,my,,0.08292,0.07326,0.08801,0.5075
2025-11-18,Hadera_IL,CHL,my,0.291,0.2819,0.1886,0.291,0.8756
2025-11-19,Hadera_IL,CHL,my,0.2577,0.2667,0.1742,0.3137,0.9403
2025-11-20,Hadera_IL,CHL,my,0.2251,0.2251,0.1422,0.2696,0.8756
2025-11-21,Hadera_IL,CHL,my,,0.1714,0.1155,0.2048,0.6667
2025-11-22,Hadera_IL,CHL,my,0.193,0.1871,0.1185,0.1977,0.8756
2025-11-23,Hadera_IL,CHL,my,0.1215,0.1288,0.09293,0.1562,0.9652
2025-11-26,Hadera_IL,CHL,my,0.1396,0.1397,0.1041,0.3428,0.9005
2025-11-30,Hadera_IL,CHL,my,0.1431,0.1245,0.1166,0.1598,0.9403
2025-12-01,Hadera_IL,CHL,my,0.123,,,,0.3184
2025-12-04,Hadera_IL,CHL,my,0.1979,0.2079,0.1614,0.2324,0.6318
2025-12-07,Hadera_IL,CHL,my,0.1363,0.1363,0.1154,0.1522,0.6517
2025-12-14,Hadera_IL,CHL,my,0.1724,0.1742,0.1456,0.2648,0.9403
2025-12-17,Hadera_IL,CHL,my,0.3221,0.2009,0.1602,0.3781,0.9751
2025-12-18,Hadera_IL,CHL,my,0.1283,0.1532,0.09755,0.1703,0.8308
2025-12-24,Hadera_IL,CHL,my,0.1249,0.1249,0.09205,0.1364,0.9403
2025-12-25,Hadera_IL,CHL,my,0.1287,0.1408,0.09655,0.1987,0.9751
2025-01-01,Open_sea_ref,CHL,my,0.0626,0.0626,0.0626,0.0626,1
2025-01-03,Open_sea_ref,CHL,my,0.0745,0.0745,0.0745,0.0745,1
2025-01-07,Open_sea_ref,CHL,my,0.0578,0.0578,0.0578,0.0578,1
2025-01-08,Open_sea_ref,CHL,my,0.0611,0.0611,0.0611,0.0611,1
2025-01-09,Open_sea_ref,CHL,my,0.0498,0.0498,0.0498,0.0498,1
2025-01-13,Open_sea_ref,CHL,my,0.0511,0.0511,0.0511,0.0511,1
2025-01-18,Open_sea_ref,CHL,my,0.0536,0.0536,0.0536,0.0536,1
2025-01-19,Open_sea_ref,CHL,my,0.0489,0.0489,0.0489,0.0489,1
2025-01-21,Open_sea_ref,CHL,my,0.0477,0.0477,0.0477,0.0477,1
2025-01-23,Open_sea_ref,CHL,my,0.0524,0.0524,0.0524,0.0524,1
2025-01-24,Open_sea_ref,CHL,my,0.0483,0.0483,0.0483,0.0483,1
2025-01-25,Open_sea_ref,CHL,my,0.0422,0.0422,0.0422,0.0422,1
2025-01-29,Open_sea_ref,CHL,my,0.0531,0.0531,0.0531,0.0531,1
2025-01-30,Open_sea_ref,CHL,my,0.0548,0.0548,0.0548,0.0548,1
2025-02-01,Open_sea_ref,CHL,my,0.0523,0.0523,0.0523,0.0523,1
2025-02-04,Open_sea_ref,CHL,my,0.0546,0.0546,0.0546,0.0546,1
2025-02-07,Open_sea_ref,CHL,my,0.0568,0.0568,0.0568,0.0568,1
2025-02-08,Open_sea_ref,CHL,my,0.0439,0.0439,0.0439,0.0439,1
2025-02-10,Open_sea_ref,CHL,my,0.0499,0.0499,0.0499,0.0499,1
2025-02-12,Open_sea_ref,CHL,my,0.057,0.057,0.057,0.057,1
2025-02-13,Open_sea_ref,CHL,my,0.0476,0.0476,0.0476,0.0476,1
2025-02-14,Open_sea_ref,CHL,my,0.0546,0.0546,0.0546,0.0546,1
2025-02-17,Open_sea_ref,CHL,my,0.0631,0.0631,0.0631,0.0631,1
2025-02-18,Open_sea_ref,CHL,my,0.092,0.092,0.092,0.092,1
2025-02-21,Open_sea_ref,CHL,my,0.0482,0.0482,0.0482,0.0482,1
2025-02-26,Open_sea_ref,CHL,my,0.0533,0.0533,0.0533,0.0533,1
2025-02-27,Open_sea_ref,CHL,my,0.0709,0.0709,0.0709,0.0709,1
2025-02-28,Open_sea_ref,CHL,my,0.0528,0.0528,0.0528,0.0528,1
2025-03-01,Open_sea_ref,CHL,my,0.0574,0.0574,0.0574,0.0574,1
2025-03-02,Open_sea_ref,CHL,my,0.0577,0.0577,0.0577,0.0577,1
2025-03-06,Open_sea_ref,CHL,my,0.0709,0.0709,0.0709,0.0709,1
2025-03-08,Open_sea_ref,CHL,my,0.0668,0.0668,0.0668,0.0668,1
2025-03-11,Open_sea_ref,CHL,my,0.0571,0.0571,0.0571,0.0571,1
2025-03-12,Open_sea_ref,CHL,my,0.0541,0.0541,0.0541,0.0541,1
2025-03-13,Open_sea_ref,CHL,my,0.0429,0.0429,0.0429,0.0429,1
2025-03-14,Open_sea_ref,CHL,my,0.0565,0.0565,0.0565,0.0565,1
2025-03-15,Open_sea_ref,CHL,my,0.0353,0.0353,0.0353,0.0353,1
2025-03-16,Open_sea_ref,CHL,my,0.0451,0.0451,0.0451,0.0451,1
2025-03-18,Open_sea_ref,CHL,my,0.0448,0.0448,0.0448,0.0448,1
2025-03-19,Open_sea_ref,CHL,my,0.0435,0.0435,0.0435,0.0435,1
2025-03-23,Open_sea_ref,CHL,my,0.0503,0.0503,0.0503,0.0503,1
2025-03-24,Open_sea_ref,CHL,my,0.0598,0.0598,0.0598,0.0598,1
2025-03-25,Open_sea_ref,CHL,my,0.062,0.062,0.062,0.062,1
2025-03-26,Open_sea_ref,CHL,my,0.0564,0.0564,0.0564,0.0564,1
2025-03-27,Open_sea_ref,CHL,my,0.0464,0.0464,0.0464,0.0464,1
2025-03-28,Open_sea_ref,CHL,my,0.0571,0.0571,0.0571,0.0571,1
2025-03-29,Open_sea_ref,CHL,my,0.0421,0.0421,0.0421,0.0421,1
2025-03-30,Open_sea_ref,CHL,my,0.0282,0.0282,0.0282,0.0282,1
2025-04-03,Open_sea_ref,CHL,my,0.0436,0.0436,0.0436,0.0436,1
2025-04-04,Open_sea_ref,CHL,my,0.0291,0.0291,0.0291,0.0291,1
2025-04-05,Open_sea_ref,CHL,my,0.0328,0.0328,0.0328,0.0328,1
2025-04-11,Open_sea_ref,CHL,my,0.0363,0.0363,0.0363,0.0363,1
2025-04-13,Open_sea_ref,CHL,my,0.0412,0.0412,0.0412,0.0412,1
2025-04-14,Open_sea_ref,CHL,my,0.0409,0.0409,0.0409,0.0409,1
2025-04-15,Open_sea_ref,CHL,my,0.0407,0.0407,0.0407,0.0407,1
2025-04-16,Open_sea_ref,CHL,my,0.0365,0.0365,0.0365,0.0365,1
2025-04-17,Open_sea_ref,CHL,my,0.0336,0.0336,0.0336,0.0336,1
2025-04-18,Open_sea_ref,CHL,my,0.0372,0.0372,0.0372,0.0372,1
2025-04-19,Open_sea_ref,CHL,my,0.0285,0.0285,0.0285,0.0285,1
2025-04-20,Open_sea_ref,CHL,my,0.0327,0.0327,0.0327,0.0327,1
2025-04-21,Open_sea_ref,CHL,my,0.0276,0.0276,0.0276,0.0276,1
2025-04-22,Open_sea_ref,CHL,my,0.0397,0.0397,0.0397,0.0397,1
2025-04-25,Open_sea_ref,CHL,my,0.0299,0.0299,0.0299,0.0299,1
2025-04-26,Open_sea_ref,CHL,my,0.0364,0.0364,0.0364,0.0364,1
2025-04-28,Open_sea_ref,CHL,my,0.028,0.028,0.028,0.028,1
2025-05-01,Open_sea_ref,CHL,my,0.0309,0.0309,0.0309,0.0309,1
2025-05-02,Open_sea_ref,CHL,my,0.0306,0.0306,0.0306,0.0306,1
2025-05-03,Open_sea_ref,CHL,my,0.0478,0.0478,0.0478,0.0478,1
2025-05-04,Open_sea_ref,CHL,my,0.024,0.024,0.024,0.024,1
2025-05-05,Open_sea_ref,CHL,my,0.0346,0.0346,0.0346,0.0346,1
2025-05-06,Open_sea_ref,CHL,my,0.0248,0.0248,0.0248,0.0248,1
2025-05-07,Open_sea_ref,CHL,my,0.0211,0.0211,0.0211,0.0211,1
2025-05-08,Open_sea_ref,CHL,my,0.0241,0.0241,0.0241,0.0241,1
2025-05-09,Open_sea_ref,CHL,my,0.0206,0.0206,0.0206,0.0206,1
2025-05-10,Open_sea_ref,CHL,my,0.0279,0.0279,0.0279,0.0279,1
2025-05-11,Open_sea_ref,CHL,my,0.021,0.021,0.021,0.021,1
2025-05-14,Open_sea_ref,CHL,my,0.0209,0.0209,0.0209,0.0209,1
2025-05-19,Open_sea_ref,CHL,my,0.0252,0.0252,0.0252,0.0252,1
2025-05-20,Open_sea_ref,CHL,my,0.0273,0.0273,0.0273,0.0273,1
2025-05-21,Open_sea_ref,CHL,my,0.0261,0.0261,0.0261,0.0261,1
2025-05-22,Open_sea_ref,CHL,my,0.0221,0.0221,0.0221,0.0221,1
2025-05-23,Open_sea_ref,CHL,my,0.027,0.027,0.027,0.027,1
2025-05-24,Open_sea_ref,CHL,my,0.0247,0.0247,0.0247,0.0247,1
2025-05-25,Open_sea_ref,CHL,my,0.0231,0.0231,0.0231,0.0231,1
2025-05-29,Open_sea_ref,CHL,my,0.0264,0.0264,0.0264,0.0264,1
2025-05-30,Open_sea_ref,CHL,my,0.0271,0.0271,0.0271,0.0271,1
2025-05-31,Open_sea_ref,CHL,my,0.0272,0.0272,0.0272,0.0272,1
2025-06-01,Open_sea_ref,CHL,my,0.0213,0.0213,0.0213,0.0213,1
2025-06-02,Open_sea_ref,CHL,my,0.0255,0.0255,0.0255,0.0255,1
2025-06-03,Open_sea_ref,CHL,my,0.0307,0.0307,0.0307,0.0307,1
2025-06-04,Open_sea_ref,CHL,my,0.0183,0.0183,0.0183,0.0183,1
2025-06-05,Open_sea_ref,CHL,my,0.0237,0.0237,0.0237,0.0237,1
2025-06-06,Open_sea_ref,CHL,my,0.0212,0.0212,0.0212,0.0212,1
2025-06-07,Open_sea_ref,CHL,my,0.031,0.031,0.031,0.031,1
2025-06-08,Open_sea_ref,CHL,my,0.038,0.038,0.038,0.038,1
2025-06-10,Open_sea_ref,CHL,my,0.0227,0.0227,0.0227,0.0227,1
2025-06-11,Open_sea_ref,CHL,my,0.0239,0.0239,0.0239,0.0239,1
2025-06-14,Open_sea_ref,CHL,my,0.0158,0.0158,0.0158,0.0158,1
2025-06-16,Open_sea_ref,CHL,my,0.0292,0.0292,0.0292,0.0292,1
2025-06-17,Open_sea_ref,CHL,my,0.0177,0.0177,0.0177,0.0177,1
2025-06-19,Open_sea_ref,CHL,my,0.0176,0.0176,0.0176,0.0176,1
2025-06-20,Open_sea_ref,CHL,my,0.0245,0.0245,0.0245,0.0245,1
2025-06-21,Open_sea_ref,CHL,my,0.0205,0.0205,0.0205,0.0205,1
2025-06-25,Open_sea_ref,CHL,my,0.023,0.023,0.023,0.023,1
2025-06-26,Open_sea_ref,CHL,my,0.0237,0.0237,0.0237,0.0237,1
2025-06-27,Open_sea_ref,CHL,my,0.0249,0.0249,0.0249,0.0249,1
2025-06-29,Open_sea_ref,CHL,my,0.0194,0.0194,0.0194,0.0194,1
2025-06-30,Open_sea_ref,CHL,my,0.0262,0.0262,0.0262,0.0262,1
2025-07-02,Open_sea_ref,CHL,my,0.0198,0.0198,0.0198,0.0198,1
2025-07-03,Open_sea_ref,CHL,my,0.0268,0.0268,0.0268,0.0268,1
2025-07-04,Open_sea_ref,CHL,my,0.021,0.021,0.021,0.021,1
2025-07-05,Open_sea_ref,CHL,my,0.0174,0.0174,0.0174,0.0174,1
2025-07-06,Open_sea_ref,CHL,my,0.0244,0.0244,0.0244,0.0244,1
2025-07-07,Open_sea_ref,CHL,my,0.0232,0.0232,0.0232,0.0232,1
2025-07-08,Open_sea_ref,CHL,my,0.0279,0.0279,0.0279,0.0279,1
2025-07-09,Open_sea_ref,CHL,my,0.0227,0.0227,0.0227,0.0227,1
2025-07-11,Open_sea_ref,CHL,my,0.0221,0.0221,0.0221,0.0221,1
2025-07-12,Open_sea_ref,CHL,my,0.0221,0.0221,0.0221,0.0221,1
2025-07-13,Open_sea_ref,CHL,my,0.0288,0.0288,0.0288,0.0288,1
2025-07-14,Open_sea_ref,CHL,my,0.0268,0.0268,0.0268,0.0268,1
2025-07-16,Open_sea_ref,CHL,my,0.0208,0.0208,0.0208,0.0208,1
2025-07-17,Open_sea_ref,CHL,my,0.0207,0.0207,0.0207,0.0207,1
2025-07-18,Open_sea_ref,CHL,my,0.0202,0.0202,0.0202,0.0202,1
2025-07-19,Open_sea_ref,CHL,my,0.0242,0.0242,0.0242,0.0242,1
2025-07-20,Open_sea_ref,CHL,my,0.0245,0.0245,0.0245,0.0245,1
2025-07-22,Open_sea_ref,CHL,my,0.0178,0.0178,0.0178,0.0178,1
2025-07-23,Open_sea_ref,CHL,my,0.0224,0.0224,0.0224,0.0224,1
2025-07-24,Open_sea_ref,CHL,my,0.0196,0.0196,0.0196,0.0196,1
2025-07-26,Open_sea_ref,CHL,my,0.0258,0.0258,0.0258,0.0258,1
2025-07-27,Open_sea_ref,CHL,my,0.0171,0.0171,0.0171,0.0171,1
2025-07-28,Open_sea_ref,CHL,my,0.0206,0.0206,0.0206,0.0206,1
2025-07-31,Open_sea_ref,CHL,my,0.0232,0.0232,0.0232,0.0232,1
2025-08-02,Open_sea_ref,CHL,my,0.0218,0.0218,0.0218,0.0218,1
2025-08-03,Open_sea_ref,CHL,my,0.0239,0.0239,0.0239,0.0239,1
2025-08-04,Open_sea_ref,CHL,my,0.0231,0.0231,0.0231,0.0231,1
2025-08-06,Open_sea_ref,CHL,my,0.0171,0.0171,0.0171,0.0171,1
2025-08-07,Open_sea_ref,CHL,my,0.0217,0.0217,0.0217,0.0217,1
2025-08-08,Open_sea_ref,CHL,my,0.0214,0.0214,0.0214,0.0214,1
2025-08-10,Open_sea_ref,CHL,my,0.024,0.024,0.024,0.024,1
2025-08-14,Open_sea_ref,CHL,my,0.0235,0.0235,0.0235,0.0235,1
2025-08-15,Open_sea_ref,CHL,my,0.0904,0.0904,0.0904,0.0904,1
2025-08-18,Open_sea_ref,CHL,my,0.0167,0.0167,0.0167,0.0167,1
2025-08-19,Open_sea_ref,CHL,my,0.0117,0.0117,0.0117,0.0117,1
2025-08-20,Open_sea_ref,CHL,my,0.0212,0.0212,0.0212,0.0212,1
2025-08-21,Open_sea_ref,CHL,my,0.0238,0.0238,0.0238,0.0238,1
2025-08-22,Open_sea_ref,CHL,my,0.0314,0.0314,0.0314,0.0314,1
2025-08-23,Open_sea_ref,CHL,my,0.0305,0.0305,0.0305,0.0305,1
2025-08-24,Open_sea_ref,CHL,my,0.0325,0.0325,0.0325,0.0325,1
2025-08-29,Open_sea_ref,CHL,my,0.0226,0.0226,0.0226,0.0226,1
2025-08-30,Open_sea_ref,CHL,my,0.0273,0.0273,0.0273,0.0273,1
2025-08-31,Open_sea_ref,CHL,my,0.0233,0.0233,0.0233,0.0233,1
2025-09-02,Open_sea_ref,CHL,my,0.0295,0.0295,0.0295,0.0295,1
2025-09-04,Open_sea_ref,CHL,my,0.0398,0.0398,0.0398,0.0398,1
2025-09-06,Open_sea_ref,CHL,my,0.0421,0.0421,0.0421,0.0421,1
2025-09-08,Open_sea_ref,CHL,my,0.0557,0.0557,0.0557,0.0557,1
2025-09-09,Open_sea_ref,CHL,my,0.0329,0.0329,0.0329,0.0329,1
2025-09-10,Open_sea_ref,CHL,my,0.048,0.048,0.048,0.048,1
2025-09-11,Open_sea_ref,CHL,my,0.0341,0.0341,0.0341,0.0341,1
2025-09-12,Open_sea_ref,CHL,my,0.0296,0.0296,0.0296,0.0296,1
2025-09-13,Open_sea_ref,CHL,my,0.0192,0.0192,0.0192,0.0192,1
2025-09-14,Open_sea_ref,CHL,my,0.0348,0.0348,0.0348,0.0348,1
2025-09-15,Open_sea_ref,CHL,my,0.0483,0.0483,0.0483,0.0483,1
2025-09-16,Open_sea_ref,CHL,my,0.0276,0.0276,0.0276,0.0276,1
2025-09-17,Open_sea_ref,CHL,my,0.0377,0.0377,0.0377,0.0377,1
2025-09-18,Open_sea_ref,CHL,my,0.0359,0.0359,0.0359,0.0359,1
2025-09-20,Open_sea_ref,CHL,my,0.0341,0.0341,0.0341,0.0341,1
2025-09-21,Open_sea_ref,CHL,my,0.024,0.024,0.024,0.024,1
2025-09-22,Open_sea_ref,CHL,my,0.0209,0.0209,0.0209,0.0209,1
2025-09-23,Open_sea_ref,CHL,my,0.0238,0.0238,0.0238,0.0238,1
2025-09-25,Open_sea_ref,CHL,my,0.0322,0.0322,0.0322,0.0322,1
2025-09-27,Open_sea_ref,CHL,my,0.0364,0.0364,0.0364,0.0364,1
2025-09-28,Open_sea_ref,CHL,my,0.0281,0.0281,0.0281,0.0281,1
2025-09-29,Open_sea_ref,CHL,my,0.0339,0.0339,0.0339,0.0339,1
2025-10-02,Open_sea_ref,CHL,my,0.0412,0.0412,0.0412,0.0412,1
2025-10-03,Open_sea_ref,CHL,my,0.0616,0.0616,0.0616,0.0616,1
2025-10-04,Open_sea_ref,CHL,my,0.0438,0.0438,0.0438,0.0438,1
2025-10-05,Open_sea_ref,CHL,my,0.0235,0.0235,0.0235,0.0235,1
2025-10-06,Open_sea_ref,CHL,my,0.0224,0.0224,0.0224,0.0224,1
2025-10-07,Open_sea_ref,CHL,my,0.0244,0.0244,0.0244,0.0244,1
2025-10-08,Open_sea_ref,CHL,my,0.04,0.04,0.04,0.04,1
2025-10-09,Open_sea_ref,CHL,my,0.0302,0.0302,0.0302,0.0302,1
2025-10-10,Open_sea_ref,CHL,my,0.0384,0.0384,0.0384,0.0384,1
2025-10-11,Open_sea_ref,CHL,my,0.0329,0.0329,0.0329,0.0329,1
2025-10-12,Open_sea_ref,CHL,my,0.0245,0.0245,0.0245,0.0245,1
2025-10-13,Open_sea_ref,CHL,my,0.0374,0.0374,0.0374,0.0374,1
2025-10-17,Open_sea_ref,CHL,my,0.0324,0.0324,0.0324,0.0324,1
2025-10-18,Open_sea_ref,CHL,my,0.033,0.033,0.033,0.033,1
2025-10-19,Open_sea_ref,CHL,my,0.0295,0.0295,0.0295,0.0295,1
2025-10-20,Open_sea_ref,CHL,my,0.036,0.036,0.036,0.036,1
2025-10-21,Open_sea_ref,CHL,my,0.0275,0.0275,0.0275,0.0275,1
2025-10-22,Open_sea_ref,CHL,my,0.0359,0.0359,0.0359,0.0359,1
2025-10-23,Open_sea_ref,CHL,my,0.035,0.035,0.035,0.035,1
2025-10-24,Open_sea_ref,CHL,my,0.0336,0.0336,0.0336,0.0336,1
2025-10-26,Open_sea_ref,CHL,my,0.035,0.035,0.035,0.035,1
2025-10-27,Open_sea_ref,CHL,my,0.0316,0.0316,0.0316,0.0316,1
2025-10-28,Open_sea_ref,CHL,my,0.0353,0.0353,0.0353,0.0353,1
2025-10-31,Open_sea_ref,CHL,my,0.0398,0.0398,0.0398,0.0398,1
2025-11-01,Open_sea_ref,CHL,my,0.0449,0.0449,0.0449,0.0449,1
2025-11-07,Open_sea_ref,CHL,my,0.0561,0.0561,0.0561,0.0561,1
2025-11-08,Open_sea_ref,CHL,my,0.0424,0.0424,0.0424,0.0424,1
2025-11-11,Open_sea_ref,CHL,my,0.0414,0.0414,0.0414,0.0414,1
2025-11-15,Open_sea_ref,CHL,my,0.046,0.046,0.046,0.046,1
2025-11-16,Open_sea_ref,CHL,my,0.0418,0.0418,0.0418,0.0418,1
2025-11-18,Open_sea_ref,CHL,my,0.0652,0.0652,0.0652,0.0652,1
2025-11-19,Open_sea_ref,CHL,my,0.0493,0.0493,0.0493,0.0493,1
2025-11-20,Open_sea_ref,CHL,my,0.0504,0.0504,0.0504,0.0504,1
2025-11-22,Open_sea_ref,CHL,my,0.0483,0.0483,0.0483,0.0483,1
2025-11-23,Open_sea_ref,CHL,my,0.0609,0.0609,0.0609,0.0609,1
2025-11-25,Open_sea_ref,CHL,my,0.0433,0.0433,0.0433,0.0433,1
2025-11-26,Open_sea_ref,CHL,my,0.0398,0.0398,0.0398,0.0398,1
2025-11-27,Open_sea_ref,CHL,my,0.0478,0.0478,0.0478,0.0478,1
2025-11-28,Open_sea_ref,CHL,my,0.0404,0.0404,0.0404,0.0404,1
2025-11-30,Open_sea_ref,CHL,my,0.0542,0.0542,0.0542,0.0542,1
2025-12-01,Open_sea_ref,CHL,my,0.0353,0.0353,0.0353,0.0353,1
2025-12-04,Open_sea_ref,CHL,my,0.0586,0.0586,0.0586,0.0586,1
2025-12-07,Open_sea_ref,CHL,my,0.047,0.047,0.047,0.047,1
2025-12-13,Open_sea_ref,CHL,my,0.0444,0.0444,0.0444,0.0444,1
2025-12-14,Open_sea_ref,CHL,my,0.0641,0.0641,0.0641,0.0641,1
2025-12-21,Open_sea_ref,CHL,my,0.0608,0.0608,0.0608,0.0608,1
2025-12-23,Open_sea_ref,CHL,my,0.0566,0.0566,0.0566,0.0566,1
2025-12-24,Open_sea_ref,CHL,my,0.056,0.056,0.056,0.056,1
2025-12-25,Open_sea_ref,CHL,my,0.0596,0.0596,0.0596,0.0596,1
2025-12-28,Open_sea_ref,CHL,my,0.048,0.048,0.048,0.048,1
2025-12-29,Open_sea_ref,CHL,my,0.0473,0.0473,0.0473,0.0473,1
2025-12-31,Open_sea_ref,CHL,my,0.0626,0.0626,0.0626,0.0626,1
2025-01-01,Port_Said_EG,CHL,my,9.215,,,,0.191
2025-01-02,Port_Said_EG,CHL,my,19.68,19.68,8.982,21.93,0.7286
2025-01-03,Port_Said_EG,CHL,my,5.843,13.39,9.836,20.56,1
2025-01-07,Port_Said_EG,CHL,my,9.185,12.5,6.841,12.67,1
2025-01-08,Port_Said_EG,CHL,my,5.539,5.748,4.993,7.613,0.9698
2025-01-09,Port_Said_EG,CHL,my,4.541,4.228,2.971,5.199,0.9698
2025-01-11,Port_Said_EG,CHL,my,10.25,7.684,4.113,10.4,0.9296
2025-01-12,Port_Said_EG,CHL,my,5.55,4.981,2.943,6.209,0.9698
2025-01-13,Port_Said_EG,CHL,my,3.904,3.904,2.678,6.827,1
2025-01-15,Port_Said_EG,CHL,my,2.811,2.203,1.49,3.552,0.8543
2025-01-16,Port_Said_EG,CHL,my,8.909,7.155,3.203,10.18,0.9296
2025-01-18,Port_Said_EG,CHL,my,4.426,4.948,2.512,11.2,1
2025-01-21,Port_Said_EG,CHL,my,8.634,8.667,6.502,14.52,0.9095
2025-01-22,Port_Said_EG,CHL,my,8.214,8.641,6.819,10.87,0.804
2025-01-23,Port_Said_EG,CHL,my,,4.301,2.346,6.863,0.5276
2025-01-24,Port_Said_EG,CHL,my,15.48,12.29,5.383,16.49,0.9598
2025-01-25,Port_Said_EG,CHL,my,3.712,3.165,1.668,3.712,0.8543
2025-01-26,Port_Said_EG,CHL,my,4.002,4.481,2.482,6.433,1
2025-01-27,Port_Said_EG,CHL,my,3.417,3.417,2.04,4.36,1
2025-01-29,Port_Said_EG,CHL,my,3.271,3.254,2.229,4.133,0.9296
2025-01-30,Port_Said_EG,CHL,my,2.726,2.96,1.921,4.299,1
2025-01-31,Port_Said_EG,CHL,my,8.533,8.533,4.158,10.28,0.9296
2025-02-04,Port_Said_EG,CHL,my,3.152,2.757,1.92,3.44,0.9698
2025-02-09,Port_Said_EG,CHL,my,5.998,5.998,4.518,6.336,0.5879
2025-02-10,Port_Said_EG,CHL,my,4.163,,,,0.1357
2025-02-12,Port_Said_EG,CHL,my,6.687,5.882,4.355,6.801,0.8392
2025-02-13,Port_Said_EG,CHL,my,7.097,6.805,5.407,8.149,0.7889
2025-02-14,Port_Said_EG,CHL,my,7.079,6.471,3.961,7.079,0.9698
2025-02-15,Port_Said_EG,CHL,my,5.178,5.178,3.538,5.86,1
2025-02-16,Port_Said_EG,CHL,my,4.091,3.841,2.788,4.315,0.8693
2025-02-17,Port_Said_EG,CHL,my,4.056,4.269,3.082,4.878,0.8744
2025-02-20,Port_Said_EG,CHL,my,5.076,4.781,3.104,5.199,0.6884
2025-02-26,Port_Said_EG,CHL,my,4.138,4.138,3.232,5.168,0.6482
2025-02-27,Port_Said_EG,CHL,my,3.331,2.353,2.097,3.718,0.9296
2025-02-28,Port_Said_EG,CHL,my,2.704,2.405,1.967,2.74,0.9296
2025-03-01,Port_Said_EG,CHL,my,3.525,3.03,2.164,5.388,1
2025-03-02,Port_Said_EG,CHL,my,11.3,11.3,7.004,17.82,0.9698
2025-03-04,Port_Said_EG,CHL,my,5.061,,,,0.3518
2025-03-05,Port_Said_EG,CHL,my,,1.61,1.408,1.836,0.5075
2025-03-08,Port_Said_EG,CHL,my,10.05,8.606,4.48,11.26,1
2025-03-09,Port_Said_EG,CHL,my,3.076,3.41,2.454,5.527,0.6884
2025-03-10,Port_Said_EG,CHL,my,10.56,11.65,7.495,14.77,1
2025-03-11,Port_Said_EG,CHL,my,5.754,,,,0.4623
2025-03-12,Port_Said_EG,CHL,my,2.469,2.045,1.178,2.469,0.9296
2025-03-13,Port_Said_EG,CHL,my,2.958,2.958,1.556,3.633,1
2025-03-14,Port_Said_EG,CHL,my,4.496,4.496,2.404,7.835,0.9698
2025-03-15,Port_Said_EG,CHL,my,7.313,7.033,3.2,14.56,0.8744
2025-03-16,Port_Said_EG,CHL,my,6.71,6.329,2.537,10.44,1
2025-03-18,Port_Said_EG,CHL,my,2.081,2.081,1.575,3.832,0.8794
2025-03-19,Port_Said_EG,CHL,my,4.808,2.739,2.069,4.808,0.7789
2025-03-21,Port_Said_EG,CHL,my,7.225,,,,0.2161
2025-03-22,Port_Said_EG,CHL,my,7.943,,,,0.2362
2025-03-23,Port_Said_EG,CHL,my,5.389,4.9,3.419,6.715,0.9296
2025-03-24,Port_Said_EG,CHL,my,4.355,4.039,2.775,6.02,1
2025-03-25,Port_Said_EG,CHL,my,6.044,5.754,3.571,6.705,0.9296
2025-03-26,Port_Said_EG,CHL,my,,3.599,2.552,3.956,0.5276
2025-03-27,Port_Said_EG,CHL,my,4.713,3.868,2.698,4.804,1
2025-03-29,Port_Said_EG,CHL,my,7.764,6.298,3.984,12.15,1
2025-03-30,Port_Said_EG,CHL,my,13.12,13.12,6.592,13.32,0.9296
2025-04-02,Port_Said_EG,CHL,my,3.317,3.716,2.678,5.805,1
2025-04-04,Port_Said_EG,CHL,my,5.057,4.685,2.6,5.861,0.9296
2025-04-05,Port_Said_EG,CHL,my,6.461,6.461,3.783,8.844,0.9698
2025-04-12,Port_Said_EG,CHL,my,7.455,6.255,3.94,7.455,0.9146
2025-04-13,Port_Said_EG,CHL,my,,5.137,3.437,7.216,0.8342
2025-04-14,Port_Said_EG,CHL,my,7.408,7.408,4.11,9.584,0.9698
2025-04-16,Port_Said_EG,CHL,my,5.865,5.865,3.99,8.875,1
2025-04-17,Port_Said_EG,CHL,my,5.118,4.157,2.998,5.79,0.9698
2025-04-18,Port_Said_EG,CHL,my,2.808,2.808,2.145,4.088,1
2025-04-19,Port_Said_EG,CHL,my,10.39,8.965,4.472,12.66,0.8744
2025-04-20,Port_Said_EG,CHL,my,7.253,9.717,6.038,27.89,0.9899
2025-04-25,Port_Said_EG,CHL,my,3.788,3.669,2.825,10.25,1
2025-04-26,Port_Said_EG,CHL,my,6.723,6.723,2.962,10.05,1
2025-04-27,Port_Said_EG,CHL,my,5.215,3.595,2.674,5.61,0.9296
2025-04-28,Port_Said_EG,CHL,my,2.697,2.71,1.986,3.046,1
2025-04-29,Port_Said_EG,CHL,my,5.674,3.66,2.81,10.24,0.9698
2025-05-02,Port_Said_EG,CHL,my,,2.164,1.823,3.057,0.5628
2025-05-04,Port_Said_EG,CHL,my,8.108,6.945,3.719,11.38,0.9698
2025-05-05,Port_Said_EG,CHL,my,7.504,6.665,3.423,8.682,0.9296
2025-05-06,Port_Said_EG,CHL,my,18.33,8.801,5.388,18.33,0.9447
2025-05-07,Port_Said_EG,CHL,my,3.109,3.279,2.585,4.734,1
2025-05-08,Port_Said_EG,CHL,my,2.703,2.726,2.196,2.951,1
2025-05-09,Port_Said_EG,CHL,my,3.194,2.603,2.213,3.646,0.9296
2025-05-10,Port_Said_EG,CHL,my,2.653,2.653,1.811,3.14,1
2025-05-11,Port_Said_EG,CHL,my,3.703,3.703,2.552,7.365,1
2025-05-12,Port_Said_EG,CHL,my,5.016,2.865,2.263,5.016,0.8543
2025-05-13,Port_Said_EG,CHL,my,5.697,5.697,3.358,6.546,0.9347
2025-05-14,Port_Said_EG,CHL,my,5.935,4.479,2.864,7.421,0.9698
2025-05-15,Port_Said_EG,CHL,my,,2.147,1.605,2.306,0.6231
2025-05-19,Port_Said_EG,CHL,my,14.31,12.55,5.126,16.41,0.9698
2025-05-20,Port_Said_EG,CHL,my,,2.667,2.755,9.014,0.7839
2025-05-21,Port_Said_EG,CHL,my,10.96,10.28,4.893,13.09,0.9698
2025-05-22,Port_Said_EG,CHL,my,9.304,7.358,4.08,9.456,1
2025-05-23,Port_Said_EG,CHL,my,5.077,4.865,2.851,7.78,1
2025-05-24,Port_Said_EG,CHL,my,6.79,5.94,2.701,6.79,0.9296
2025-05-25,Port_Said_EG,CHL,my,6.899,6.801,3.523,11.21,1
2025-05-27,Port_Said_EG,CHL,my,5.069,5.069,2.958,6.361,1
2025-05-28,Port_Said_EG,CHL,my,4.659,2.925,2.303,4.659,0.6784
2025-05-29,Port_Said_EG,CHL,my,6.162,5.827,3.859,7.16,1
2025-05-30,Port_Said_EG,CHL,my,6.309,5.429,3.202,6.309,1
2025-05-31,Port_Said_EG,CHL,my,4.375,4.026,2.503,4.851,0.9447
2025-06-02,Port_Said_EG,CHL,my,6.516,5.927,2.844,6.516,0.9095
2025-06-03,Port_Said_EG,CHL,my,9.91,6.047,3.717,9.91,1
2025-06-04,Port_Said_EG,CHL,my,4.965,4.965,2.582,5.687,1
2025-06-05,Port_Said_EG,CHL,my,2.757,2.757,1.99,3.167,0.9698
2025-06-06,Port_Said_EG,CHL,my,3.287,2.575,1.679,3.287,1
2025-06-07,Port_Said_EG,CHL,my,3.134,2.581,1.693,3.33,1
2025-06-09,Port_Said_EG,CHL,my,2.78,2.766,1.542,3.517,0.9698
2025-06-10,Port_Said_EG,CHL,my,3.038,3.038,1.967,6.029,1
2025-06-11,Port_Said_EG,CHL,my,3.506,3.255,1.908,7.087,1
2025-06-12,Port_Said_EG,CHL,my,2.955,2.199,1.567,2.955,0.8141
2025-06-13,Port_Said_EG,CHL,my,6.054,3.379,2.077,6.054,0.9698
2025-06-14,Port_Said_EG,CHL,my,6.268,3.31,2.141,6.268,1
2025-06-15,Port_Said_EG,CHL,my,2.89,2.89,1.58,3.098,0.9296
2025-06-16,Port_Said_EG,CHL,my,4.832,4.321,2.061,4.832,0.9296
2025-06-17,Port_Said_EG,CHL,my,4.561,4.561,2.37,5.289,0.9598
2025-06-18,Port_Said_EG,CHL,my,3.626,3.527,2.596,5.929,1
2025-06-19,Port_Said_EG,CHL,my,8.744,6.169,3.549,9.289,1
2025-06-20,Port_Said_EG,CHL,my,3.282,2.803,1.91,3.691,0.8543
2025-06-21,Port_Said_EG,CHL,my,3.748,3.748,2.438,7.541,1
2025-06-22,Port_Said_EG,CHL,my,5.01,2.926,2.205,6.001,0.9698
2025-06-23,Port_Said_EG,CHL,my,4.431,5.205,2.602,6,1
2025-06-24,Port_Said_EG,CHL,my,5.332,4.524,2.624,5.332,0.8744
2025-06-25,Port_Said_EG,CHL,my,8.154,6.935,3.48,8.154,1
2025-06-26,Port_Said_EG,CHL,my,8.613,6.219,3.549,10.85,1
2025-06-27,Port_Said_EG,CHL,my,6.856,5.283,2.764,7.44,1
2025-06-28,Port_Said_EG,CHL,my,,2.238,1.706,2.938,0.7286
2025-06-29,Port_Said_EG,CHL,my,2.394,2.394,1.482,2.973,1
2025-06-30,Port_Said_EG,CHL,my,2.72,2.514,1.69,2.763,0.9698
2025-07-02,Port_Said_EG,CHL,my,,2.294,1.878,11.17,0.8342
2025-07-03,Port_Said_EG,CHL,my,2.313,2.313,1.639,3.197,1
2025-07-04,Port_Said_EG,CHL,my,2.441,2.22,1.647,2.803,0.9296
2025-07-05,Port_Said_EG,CHL,my,3.504,3.504,2.494,6.282,0.9296
2025-07-06,Port_Said_EG,CHL,my,3.301,3.171,2.257,5.849,0.9397
2025-07-07,Port_Said_EG,CHL,my,16.82,13.25,5.915,17.14,1
2025-07-08,Port_Said_EG,CHL,my,6.429,5.494,2.956,7.955,1
2025-07-09,Port_Said_EG,CHL,my,5.626,3.156,2.287,6.807,0.9296
2025-07-10,Port_Said_EG,CHL,my,2.802,2.802,2.102,5.39,1
2025-07-11,Port_Said_EG,CHL,my,4.526,2.657,1.934,5.387,0.9296
2025-07-12,Port_Said_EG,CHL,my,4.106,3.285,2.094,6.833,1
2025-07-13,Port_Said_EG,CHL,my,3.07,2.607,1.944,6.083,0.9296
2025-07-14,Port_Said_EG,CHL,my,2.802,2.753,2.012,6.027,1
2025-07-15,Port_Said_EG,CHL,my,3.264,3.134,1.921,3.746,0.8141
2025-07-16,Port_Said_EG,CHL,my,3.388,3.388,2.179,5.235,1
2025-07-17,Port_Said_EG,CHL,my,7.862,6.931,3.917,8.711,0.9296
2025-07-18,Port_Said_EG,CHL,my,2.943,2.943,1.964,4.969,1
2025-07-19,Port_Said_EG,CHL,my,3.309,3.309,2.21,7.371,1
2025-07-21,Port_Said_EG,CHL,my,3.515,2.859,1.785,3.515,0.8543
2025-07-22,Port_Said_EG,CHL,my,6.47,5.025,2.799,8.329,0.9698
2025-07-23,Port_Said_EG,CHL,my,10.89,6.947,3.76,10.89,1
2025-07-24,Port_Said_EG,CHL,my,11.15,8.043,4.069,15.65,1
2025-07-26,Port_Said_EG,CHL,my,5.618,5.618,2.575,7.294,1
2025-07-27,Port_Said_EG,CHL,my,3.767,3.653,1.887,6.325,1
2025-07-28,Port_Said_EG,CHL,my,3.214,2.892,1.665,3.254,0.9296
2025-07-30,Port_Said_EG,CHL,my,4.519,2.56,1.888,4.549,0.8744
2025-07-31,Port_Said_EG,CHL,my,2.835,,,,0.4824
2025-08-01,Port_Said_EG,CHL,my,,1.494,1.336,2.021,0.6281
2025-08-02,Port_Said_EG,CHL,my,4.595,,,,0.4975
2025-08-03,Port_Said_EG,CHL,my,6.495,5.639,3.367,8.419,1
2025-08-04,Port_Said_EG,CHL,my,5.986,4.42,2.637,6.627,0.9698
2025-08-05,Port_Said_EG,CHL,my,4.689,2.781,2.05,4.689,0.7688
2025-08-06,Port_Said_EG,CHL,my,9.247,8.226,3.941,14.61,1
2025-08-07,Port_Said_EG,CHL,my,6.175,5.525,2.714,6.596,0.9698
2025-08-08,Port_Said_EG,CHL,my,5.159,5.064,2.893,8.4,0.9698
2025-08-09,Port_Said_EG,CHL,my,6.024,7.024,3.767,11.06,0.9296
2025-08-10,Port_Said_EG,CHL,my,6.276,5.599,3.04,6.708,1
2025-08-14,Port_Said_EG,CHL,my,,9.439,4.79,16.47,0.8995
2025-08-15,Port_Said_EG,CHL,my,13.38,9.76,4.88,14.95,0.9698
2025-08-16,Port_Said_EG,CHL,my,4.171,3.001,2.285,4.171,0.5075
2025-08-17,Port_Said_EG,CHL,my,6.21,4.807,2.875,7.63,0.5628
2025-08-18,Port_Said_EG,CHL,my,12.27,12.04,5.721,13.06,1
2025-08-19,Port_Said_EG,CHL,my,7.801,6.828,3.678,8.867,0.9698
2025-08-20,Port_Said_EG,CHL,my,2.868,2.868,2.225,7.516,1
2025-08-21,Port_Said_EG,CHL,my,6.53,5.873,3.126,8.539,0.9296
2025-08-22,Port_Said_EG,CHL,my,6.736,6.536,3.291,7.949,1
2025-08-23,Port_Said_EG,CHL,my,6.237,5.885,3.187,7.831,1
2025-08-24,Port_Said_EG,CHL,my,6.061,3.683,2.929,8.136,0.9698
2025-08-25,Port_Said_EG,CHL,my,4.41,4.41,2.647,7.177,1
2025-08-26,Port_Said_EG,CHL,my,,4.309,2.608,5.167,0.7085
2025-08-28,Port_Said_EG,CHL,my,8.326,6.885,3.74,8.636,0.7839
2025-08-29,Port_Said_EG,CHL,my,12.63,11.87,7.803,20.49,1
2025-08-30,Port_Said_EG,CHL,my,6.287,3.471,3.021,10.14,0.9296
2025-08-31,Port_Said_EG,CHL,my,15.51,12.41,6.37,20.98,1
2025-09-02,Port_Said_EG,CHL,my,5.384,5.384,2.599,6.424,0.8693
2025-09-03,Port_Said_EG,CHL,my,5.375,4.62,2.633,5.993,0.9196
2025-09-04,Port_Said_EG,CHL,my,4.82,4.365,2.658,7.874,0.9698
2025-09-05,Port_Said_EG,CHL,my,7.79,6.201,3.368,10.09,1
2025-09-07,Port_Said_EG,CHL,my,7.41,5.59,2.888,7.595,1
2025-09-08,Port_Said_EG,CHL,my,5.984,5.414,2.894,6.719,1
2025-09-10,Port_Said_EG,CHL,my,5.803,5.803,3.767,8.451,1
2025-09-11,Port_Said_EG,CHL,my,7.487,7.487,4.152,9.581,0.9698
2025-09-12,Port_Said_EG,CHL,my,11.34,11.91,6.397,16.1,1
2025-09-13,Port_Said_EG,CHL,my,23.03,17.26,8.107,23.03,0.9296
2025-09-14,Port_Said_EG,CHL,my,14.01,14.01,5.682,25.17,1
2025-09-15,Port_Said_EG,CHL,my,8.286,6.738,3.336,10.88,1
2025-09-16,Port_Said_EG,CHL,my,5.561,5.561,2.212,5.913,0.5176
2025-09-17,Port_Said_EG,CHL,my,5.37,5.37,2.636,7.584,0.9296
2025-09-18,Port_Said_EG,CHL,my,5.215,4.843,2.707,7.371,0.9698
2025-09-19,Port_Said_EG,CHL,my,5.127,3.192,2.371,5.945,0.9698
2025-09-20,Port_Said_EG,CHL,my,6.247,5.747,3.768,7.73,0.9698
2025-09-21,Port_Said_EG,CHL,my,7.643,7.06,3.747,9.153,0.9296
2025-09-22,Port_Said_EG,CHL,my,7.953,8.853,4.757,11.22,0.9045
2025-09-23,Port_Said_EG,CHL,my,15.48,12.55,5.529,15.48,0.9698
2025-09-24,Port_Said_EG,CHL,my,8.596,8.054,3.96,10.94,0.794
2025-09-25,Port_Said_EG,CHL,my,6.82,6.129,3.468,8.172,1
2025-09-26,Port_Said_EG,CHL,my,7.722,6.428,3.622,10.84,0.9698
2025-09-27,Port_Said_EG,CHL,my,9.024,7.457,3.865,10.51,0.9698
2025-09-28,Port_Said_EG,CHL,my,9.489,8.291,3.714,11.38,0.9296
2025-09-29,Port_Said_EG,CHL,my,18.66,13.71,7.468,21.63,1
2025-09-30,Port_Said_EG,CHL,my,11.73,9.149,4.207,15.65,1
2025-10-01,Port_Said_EG,CHL,my,9.316,9.422,4.497,13.76,1
2025-10-02,Port_Said_EG,CHL,my,7.777,7.245,3.743,9.403,0.9296
2025-10-04,Port_Said_EG,CHL,my,,9.234,4.924,14.53,0.7538
2025-10-06,Port_Said_EG,CHL,my,11.87,11.87,5.63,15.73,1
2025-10-07,Port_Said_EG,CHL,my,6.185,5.549,3.824,10.64,1
2025-10-08,Port_Said_EG,CHL,my,3.14,3.409,2.863,7.996,0.9698
2025-10-09,Port_Said_EG,CHL,my,6.876,6.302,3.228,7.263,1
2025-10-10,Port_Said_EG,CHL,my,5.938,5.938,3.496,8.024,1
2025-10-11,Port_Said_EG,CHL,my,6.716,6.27,3.358,6.716,0.598
2025-10-12,Port_Said_EG,CHL,my,6.264,5.472,2.822,6.649,0.9146
2025-10-13,Port_Said_EG,CHL,my,8.079,8.051,4.737,9.583,0.9698
2025-10-14,Port_Said_EG,CHL,my,8.977,8.877,5.058,8.977,0.5628
2025-10-15,Port_Said_EG,CHL,my,11.88,7.073,3.493,11.88,0.8543
2025-10-16,Port_Said_EG,CHL,my,18.45,19.55,9.797,29.39,1
2025-10-17,Port_Said_EG,CHL,my,17.13,12.37,5.907,22.3,0.9146
2025-10-18,Port_Said_EG,CHL,my,28.65,26.19,12.11,46.96,0.9698
2025-10-19,Port_Said_EG,CHL,my,32.6,25.36,15.81,63.91,1
2025-10-20,Port_Said_EG,CHL,my,15.81,15.81,8.575,23.3,0.9799
2025-10-21,Port_Said_EG,CHL,my,16.48,15.54,10.23,16.48,0.9296
2025-10-22,Port_Said_EG,CHL,my,10.9,10.89,7.086,12.92,0.9698
2025-10-23,Port_Said_EG,CHL,my,6.85,6.85,4.217,9.966,1
2025-10-24,Port_Said_EG,CHL,my,,24.56,9.534,35.41,0.8894
2025-10-25,Port_Said_EG,CHL,my,11.38,11.13,8.461,12.32,0.6231
2025-10-26,Port_Said_EG,CHL,my,9.341,8.894,4.719,10.31,1
2025-10-27,Port_Said_EG,CHL,my,8.457,6.56,4.338,11.35,0.9296
2025-10-28,Port_Said_EG,CHL,my,9.579,9.579,5.324,11.12,1
2025-10-29,Port_Said_EG,CHL,my,,3.294,2.056,3.74,0.6734
2025-10-30,Port_Said_EG,CHL,my,9.033,3.458,3.399,17.51,0.9246
2025-10-31,Port_Said_EG,CHL,my,7.811,7.711,4.727,8.526,0.9698
2025-11-02,Port_Said_EG,CHL,my,7.081,4.68,3.525,7.895,0.9296
2025-11-07,Port_Said_EG,CHL,my,19.07,21.41,15.5,35.9,0.9598
2025-11-08,Port_Said_EG,CHL,my,13.23,14.48,10.24,19.58,0.7839
2025-11-11,Port_Said_EG,CHL,my,,8.359,5.383,16.72,0.5075
2025-11-13,Port_Said_EG,CHL,my,,6.178,5.067,14.49,0.7839
2025-11-15,Port_Said_EG,CHL,my,11.12,7.06,4.765,17.3,0.9698
2025-11-16,Port_Said_EG,CHL,my,11.33,8.776,5.064,11.69,0.9296
2025-11-18,Port_Said_EG,CHL,my,13.32,9.311,5.256,16.47,0.9698
2025-11-20,Port_Said_EG,CHL,my,6.629,5.235,3.564,7.197,0.9296
2025-11-22,Port_Said_EG,CHL,my,8.246,5.371,3.901,10.03,0.9296
2025-11-23,Port_Said_EG,CHL,my,9.368,7.064,4.871,9.697,0.9296
2025-11-25,Port_Said_EG,CHL,my,13.88,8.889,4.56,13.88,0.9296
2025-11-27,Port_Said_EG,CHL,my,12.33,13.29,8.166,14.31,1
2025-11-28,Port_Said_EG,CHL,my,9.457,17.7,10.93,20.22,0.9296
2025-12-01,Port_Said_EG,CHL,my,11.85,11.85,6.136,17.47,0.8593
2025-12-03,Port_Said_EG,CHL,my,10.95,12.74,8.044,14.32,0.7085
2025-12-04,Port_Said_EG,CHL,my,18.75,15.89,9.604,18.75,0.9296
2025-12-07,Port_Said_EG,CHL,my,,5.15,3.567,8.862,0.7839
2025-12-09,Port_Said_EG,CHL,my,7.245,7.245,5.133,9.178,0.6231
2025-12-10,Port_Said_EG,CHL,my,6.026,5.401,3.585,7.853,0.9698
2025-12-11,Port_Said_EG,CHL,my,7.432,,,,0.2915
2025-12-12,Port_Said_EG,CHL,my,7.05,6.366,3.613,7.737,1
2025-12-13,Port_Said_EG,CHL,my,8.933,15.14,7.432,18.79,0.6131
2025-12-18,Port_Said_EG,CHL,my,7.952,6.991,4.92,8.278,0.8744
2025-12-19,Port_Said_EG,CHL,my,13.97,,,,0.3719
2025-12-20,Port_Said_EG,CHL,my,50.16,40.43,18.18,50.16,0.8945
2025-12-21,Port_Said_EG,CHL,my,15.52,14.23,11.12,17.1,0.9296
2025-12-23,Port_Said_EG,CHL,my,27,24.35,14.75,27,0.9497
2025-12-24,Port_Said_EG,CHL,my,15.17,10.6,7.335,32.96,0.9296
2025-12-25,Port_Said_EG,CHL,my,5.213,,,,0.2513
2025-12-26,Port_Said_EG,CHL,my,6.285,4.283,2.966,12.9,0.9146
2025-12-31,Port_Said_EG,CHL,my,6.877,6.877,4.729,7.877,0.9698
2025-01-01,Rafah_Gaza,CHL,my,0.6475,0.5201,0.3168,0.9442,0.915
2025-01-02,Rafah_Gaza,CHL,my,0.4532,0.3692,0.2721,0.7396,0.95
2025-01-03,Rafah_Gaza,CHL,my,0.8185,0.7806,0.4903,1.41,0.95
2025-01-06,Rafah_Gaza,CHL,my,0.6437,,,,0.295
2025-01-07,Rafah_Gaza,CHL,my,0.7406,0.6595,0.4137,0.802,0.95
2025-01-08,Rafah_Gaza,CHL,my,0.607,0.5301,0.3703,0.9041,0.95
2025-01-09,Rafah_Gaza,CHL,my,0.5342,0.4735,0.3631,0.5617,0.915
2025-01-12,Rafah_Gaza,CHL,my,0.4202,0.4783,0.3009,0.4873,0.915
2025-01-13,Rafah_Gaza,CHL,my,0.2661,0.2697,0.218,0.5449,1
2025-01-16,Rafah_Gaza,CHL,my,0.5657,0.4739,0.3055,0.5657,0.835
2025-01-17,Rafah_Gaza,CHL,my,0.374,0.3613,0.2321,0.4141,0.95
2025-01-18,Rafah_Gaza,CHL,my,0.3424,0.3481,0.2503,0.3872,0.95
2025-01-20,Rafah_Gaza,CHL,my,0.3548,0.3426,0.2253,0.5327,0.95
2025-01-21,Rafah_Gaza,CHL,my,0.3109,0.4387,0.2996,0.8819,0.95
2025-01-23,Rafah_Gaza,CHL,my,0.2895,,,,0.44
2025-01-24,Rafah_Gaza,CHL,my,0.3213,0.2851,0.1775,0.3386,0.95
2025-01-25,Rafah_Gaza,CHL,my,0.2599,0.2212,0.1539,0.4003,0.895
2025-01-26,Rafah_Gaza,CHL,my,0.2655,0.2271,0.1347,0.2683,0.745
2025-01-27,Rafah_Gaza,CHL,my,0.216,0.227,0.1724,0.2661,0.875
2025-01-29,Rafah_Gaza,CHL,my,0.2306,0.2399,0.1784,0.3415,0.95
2025-01-30,Rafah_Gaza,CHL,my,0.232,0.2873,0.1855,0.2989,0.95
2025-02-01,Rafah_Gaza,CHL,my,0.3783,0.3308,0.2191,0.4277,0.875
2025-02-02,Rafah_Gaza,CHL,my,,0.5103,0.3074,0.648,0.795
2025-02-04,Rafah_Gaza,CHL,my,0.3861,0.3675,0.2112,0.3924,0.83
2025-02-14,Rafah_Gaza,CHL,my,1.455,1.283,0.8126,1.928,0.915
2025-02-15,Rafah_Gaza,CHL,my,1.659,1.48,1.111,2.486,0.95
2025-02-16,Rafah_Gaza,CHL,my,1.399,1.259,0.9755,1.478,0.615
2025-02-17,Rafah_Gaza,CHL,my,0.6128,0.6125,0.3447,1.117,0.915
2025-02-18,Rafah_Gaza,CHL,my,0.566,0.5702,0.3922,1.122,0.825
2025-02-25,Rafah_Gaza,CHL,my,1.604,1.557,0.8586,1.661,0.95
2025-02-26,Rafah_Gaza,CHL,my,1.314,1.242,0.7914,1.314,0.95
2025-02-27,Rafah_Gaza,CHL,my,0.8661,0.8661,0.6417,1.721,1
2025-02-28,Rafah_Gaza,CHL,my,0.4949,0.514,0.395,0.5977,0.87
2025-03-01,Rafah_Gaza,CHL,my,,0.6703,0.4235,0.6942,0.705
2025-03-02,Rafah_Gaza,CHL,my,0.3621,0.3983,0.4244,1.284,1
2025-03-08,Rafah_Gaza,CHL,my,0.588,0.5406,0.2672,0.588,0.705
2025-03-09,Rafah_Gaza,CHL,my,,0.558,0.3448,0.669,0.53
2025-03-10,Rafah_Gaza,CHL,my,0.3255,0.3255,0.2404,0.5304,0.95
2025-03-11,Rafah_Gaza,CHL,my,0.411,0.354,0.2336,0.7668,0.91
2025-03-12,Rafah_Gaza,CHL,my,0.2995,0.1793,0.1306,0.4081,0.915
2025-03-13,Rafah_Gaza,CHL,my,0.5112,0.5112,0.2678,0.7825,1
2025-03-14,Rafah_Gaza,CHL,my,0.4409,0.3919,0.2186,0.5259,0.915
2025-03-15,Rafah_Gaza,CHL,my,0.9196,,,,0.26
2025-03-16,Rafah_Gaza,CHL,my,0.2677,0.2244,0.1342,0.291,0.915
2025-03-18,Rafah_Gaza,CHL,my,,0.1472,0.1129,0.2214,0.565
2025-03-19,Rafah_Gaza,CHL,my,0.1878,0.1878,0.1352,0.27,0.72
2025-03-23,Rafah_Gaza,CHL,my,1.61,1.552,1.079,1.75,0.915
2025-03-24,Rafah_Gaza,CHL,my,1.443,1.443,1.06,1.919,1
2025-03-26,Rafah_Gaza,CHL,my,1.498,1.386,0.9906,1.567,0.825
2025-03-27,Rafah_Gaza,CHL,my,1.364,1.256,0.808,1.479,0.875
2025-03-28,Rafah_Gaza,CHL,my,1.388,1.218,0.8185,1.465,1
2025-03-30,Rafah_Gaza,CHL,my,1.282,1.22,0.7094,1.445,1
2025-04-02,Rafah_Gaza,CHL,my,1.437,1.203,0.7558,1.437,0.915
2025-04-03,Rafah_Gaza,CHL,my,1.266,1.055,0.6527,1.487,0.915
2025-04-04,Rafah_Gaza,CHL,my,1.416,1.198,0.787,1.59,0.915
2025-04-05,Rafah_Gaza,CHL,my,1.208,1.124,0.8395,1.384,0.875
2025-04-11,Rafah_Gaza,CHL,my,1.949,1.807,1.156,2.259,0.875
2025-04-14,Rafah_Gaza,CHL,my,1.438,1.365,0.8259,1.536,0.91
2025-04-15,Rafah_Gaza,CHL,my,1.399,,,,0.185
2025-04-16,Rafah_Gaza,CHL,my,1.573,1.457,0.9347,1.743,0.915
2025-04-17,Rafah_Gaza,CHL,my,1.496,1.371,1.036,1.718,0.91
2025-04-18,Rafah_Gaza,CHL,my,1.518,1.39,0.9732,1.518,1
2025-04-19,Rafah_Gaza,CHL,my,1.329,1.357,0.9647,1.475,1
2025-04-20,Rafah_Gaza,CHL,my,1.299,1.224,0.8449,1.414,0.95
2025-04-21,Rafah_Gaza,CHL,my,1.26,1.213,0.7675,1.355,0.95
2025-04-22,Rafah_Gaza,CHL,my,,0.8689,0.6606,1.127,0.675
2025-04-25,Rafah_Gaza,CHL,my,1.154,1.006,0.6072,1.244,0.95
2025-04-26,Rafah_Gaza,CHL,my,1.152,1.113,0.703,1.252,1
2025-04-27,Rafah_Gaza,CHL,my,1.23,0.5287,0.4477,1.23,0.535
2025-04-28,Rafah_Gaza,CHL,my,1.143,1.067,0.633,1.23,0.95
2025-04-29,Rafah_Gaza,CHL,my,0.8761,0.8418,0.5448,1.217,0.915
2025-05-02,Rafah_Gaza,CHL,my,1.164,0.9935,0.5164,1.232,0.875
2025-05-05,Rafah_Gaza,CHL,my,1.081,0.9618,0.5172,1.153,0.915
2025-05-06,Rafah_Gaza,CHL,my,,0.8494,0.465,1.222,0.755
2025-05-07,Rafah_Gaza,CHL,my,1.057,1.021,0.5353,1.122,0.95
2025-05-08,Rafah_Gaza,CHL,my,0.9742,0.822,0.4419,0.9742,0.95
2025-05-09,Rafah_Gaza,CHL,my,0.8084,0.6738,0.3828,0.9079,0.915
2025-05-10,Rafah_Gaza,CHL,my,,0.2065,0.1384,0.3049,0.56
2025-05-11,Rafah_Gaza,CHL,my,0.7502,0.7572,0.3649,0.8633,0.95
2025-05-14,Rafah_Gaza,CHL,my,0.9792,0.9596,0.4997,1.006,0.95
2025-05-15,Rafah_Gaza,CHL,my,1.105,0.9484,0.4485,1.105,0.875
2025-05-16,Rafah_Gaza,CHL,my,,0.7679,0.3762,1.024,0.74
2025-05-19,Rafah_Gaza,CHL,my,,0.7822,0.3539,0.8472,0.74
2025-05-20,Rafah_Gaza,CHL,my,0.8722,0.7426,0.378,1.069,0.95
2025-05-21,Rafah_Gaza,CHL,my,0.8936,0.8198,0.3566,0.9843,0.95
2025-05-23,Rafah_Gaza,CHL,my,0.8508,0.8124,0.362,0.9691,0.95
2025-05-24,Rafah_Gaza,CHL,my,0.9734,1.081,0.6724,1.154,0.915
2025-05-25,Rafah_Gaza,CHL,my,1.326,1.256,0.8081,1.326,0.915
2025-05-27,Rafah_Gaza,CHL,my,1.325,1.278,0.643,1.361,0.95
2025-05-29,Rafah_Gaza,CHL,my,2,2.047,1.244,2.143,0.95
2025-05-30,Rafah_Gaza,CHL,my,1.521,1.346,0.7538,1.521,0.865
2025-05-31,Rafah_Gaza,CHL,my,1.695,1.617,1.034,1.695,1
2025-06-02,Rafah_Gaza,CHL,my,1.436,1.339,0.9163,1.559,0.95
2025-06-03,Rafah_Gaza,CHL,my,1.505,1.573,1.117,2.094,1
2025-06-04,Rafah_Gaza,CHL,my,1.542,1.542,1.095,2.077,1
2025-06-05,Rafah_Gaza,CHL,my,1.61,1.367,0.7726,1.673,0.915
2025-06-06,Rafah_Gaza,CHL,my,1.385,1.204,0.5316,1.464,0.915
2025-06-07,Rafah_Gaza,CHL,my,1.038,1.038,0.4792,1.213,1
2025-06-08,Rafah_Gaza,CHL,my,0.9426,0.6979,0.4693,1.179,0.915
2025-06-09,Rafah_Gaza,CHL,my,0.5943,0.3061,0.2023,0.5943,0.77
2025-06-10,Rafah_Gaza,CHL,my,0.564,0.6413,0.3404,0.8981,0.915
2025-06-11,Rafah_Gaza,CHL,my,0.6958,0.9144,0.43,1.339,1
2025-06-12,Rafah_Gaza,CHL,my,0.7618,0.5812,0.2923,0.7647,0.915
2025-06-13,Rafah_Gaza,CHL,my,0.7911,0.5815,0.4177,0.8442,0.875
2025-06-14,Rafah_Gaza,CHL,my,0.7119,0.484,0.2735,0.9508,0.915
2025-06-15,Rafah_Gaza,CHL,my,0.6343,0.6343,0.3563,1.174,0.9
2025-06-16,Rafah_Gaza,CHL,my,0.3198,0.3554,0.2745,0.7329,0.915
2025-06-17,Rafah_Gaza,CHL,my,0.6821,0.6275,0.2857,0.9789,0.95
2025-06-18,Rafah_Gaza,CHL,my,0.7156,0.8107,0.4422,0.8673,0.915
2025-06-19,Rafah_Gaza,CHL,my,0.8248,0.8853,0.631,1.66,0.95
2025-06-20,Rafah_Gaza,CHL,my,1.09,0.8642,0.3965,1.111,0.915
2025-06-21,Rafah_Gaza,CHL,my,1.147,0.9834,0.5198,1.174,0.95
2025-06-22,Rafah_Gaza,CHL,my,1.085,1.054,0.5916,1.131,0.915
2025-06-23,Rafah_Gaza,CHL,my,1.115,,,,0.265
2025-06-24,Rafah_Gaza,CHL,my,1.508,1.047,0.5094,1.508,0.77
2025-06-25,Rafah_Gaza,CHL,my,1.246,1.177,0.558,1.283,0.95
2025-06-26,Rafah_Gaza,CHL,my,1.401,1.401,0.6702,1.596,0.915
2025-06-27,Rafah_Gaza,CHL,my,1.401,1.31,0.5581,1.401,0.965
2025-06-28,Rafah_Gaza,CHL,my,1.135,0.7996,0.4002,1.135,0.825
2025-06-29,Rafah_Gaza,CHL,my,0.9821,0.9989,0.5658,1.794,1
2025-06-30,Rafah_Gaza,CHL,my,1.09,1.023,0.5035,1.363,0.95
2025-07-02,Rafah_Gaza,CHL,my,0.4319,0.2782,0.2646,0.6641,0.915
2025-07-03,Rafah_Gaza,CHL,my,0.4884,0.3984,0.285,0.6801,0.95
2025-07-04,Rafah_Gaza,CHL,my,0.4265,0.2549,0.1895,0.4793,0.95
2025-07-05,Rafah_Gaza,CHL,my,0.6361,0.6361,0.3765,0.8662,1
2025-07-06,Rafah_Gaza,CHL,my,0.7831,0.5377,0.3347,0.8336,0.915
2025-07-07,Rafah_Gaza,CHL,my,0.3442,0.3149,0.1957,0.578,0.95
2025-07-08,Rafah_Gaza,CHL,my,0.629,0.629,0.3646,1.08,1
2025-07-09,Rafah_Gaza,CHL,my,0.8201,0.7016,0.3754,0.9423,0.965
2025-07-10,Rafah_Gaza,CHL,my,0.7683,0.7683,0.4342,1.189,0.75
2025-07-11,Rafah_Gaza,CHL,my,0.5604,0.4557,0.2749,0.7183,0.95
2025-07-12,Rafah_Gaza,CHL,my,0.568,0.5478,0.3153,0.8577,1
2025-07-13,Rafah_Gaza,CHL,my,0.9081,0.9081,0.5203,0.9514,0.755
2025-07-14,Rafah_Gaza,CHL,my,0.8867,0.5908,0.3222,0.9097,0.95
2025-07-15,Rafah_Gaza,CHL,my,0.6229,0.3744,0.2828,0.7111,0.865
2025-07-16,Rafah_Gaza,CHL,my,0.6614,0.5444,0.3268,0.7861,0.95
2025-07-17,Rafah_Gaza,CHL,my,0.7578,0.6332,0.3959,0.8772,0.875
2025-07-18,Rafah_Gaza,CHL,my,0.3701,0.2993,0.2065,0.6263,0.95
2025-07-19,Rafah_Gaza,CHL,my,0.1987,0.1897,0.1274,0.4302,0.95
2025-07-20,Rafah_Gaza,CHL,my,0.5884,0.569,0.3727,1.581,1
2025-07-21,Rafah_Gaza,CHL,my,0.6176,0.3583,0.2459,0.7057,0.875
2025-07-22,Rafah_Gaza,CHL,my,0.8139,0.6422,0.323,0.8381,0.95
2025-07-23,Rafah_Gaza,CHL,my,0.7133,0.7133,0.3189,0.8382,0.915
2025-07-24,Rafah_Gaza,CHL,my,0.84,0.8202,0.3434,1.075,1
2025-07-26,Rafah_Gaza,CHL,my,1.127,1.02,0.4314,1.203,0.965
2025-07-27,Rafah_Gaza,CHL,my,1.099,1.101,0.4945,1.227,1
2025-07-30,Rafah_Gaza,CHL,my,1.576,1.324,0.6331,1.636,0.95
2025-07-31,Rafah_Gaza,CHL,my,1.633,1.498,0.6872,1.844,0.95
2025-08-01,Rafah_Gaza,CHL,my,1.624,1.605,0.7351,1.744,0.875
2025-08-02,Rafah_Gaza,CHL,my,1.842,1.675,0.8365,1.92,0.835
2025-08-03,Rafah_Gaza,CHL,my,3.264,1.982,1.212,3.271,0.915
2025-08-04,Rafah_Gaza,CHL,my,2.253,2.253,1.157,2.744,1
2025-08-05,Rafah_Gaza,CHL,my,1.558,1.523,0.8221,1.727,0.76
2025-08-06,Rafah_Gaza,CHL,my,4.451,3.707,1.515,4.451,0.95
2025-08-08,Rafah_Gaza,CHL,my,1.519,1.519,0.6622,1.829,1
2025-08-10,Rafah_Gaza,CHL,my,,0.5894,0.3249,1.059,0.795
2025-08-14,Rafah_Gaza,CHL,my,0.929,0.929,0.4675,1.249,0.58
2025-08-15,Rafah_Gaza,CHL,my,1.062,0.7116,0.417,1.13,0.875
2025-08-17,Rafah_Gaza,CHL,my,0.7236,0.3097,0.1751,0.7236,0.685
2025-08-18,Rafah_Gaza,CHL,my,0.9627,0.9634,0.5033,1.736,1
2025-08-19,Rafah_Gaza,CHL,my,1.303,1.333,0.6879,1.772,0.855
2025-08-20,Rafah_Gaza,CHL,my,1.382,1.382,0.588,1.874,1
2025-08-21,Rafah_Gaza,CHL,my,1.789,1.488,0.6235,1.871,0.64
2025-08-22,Rafah_Gaza,CHL,my,1.666,1.027,0.5722,2.067,0.78
2025-08-23,Rafah_Gaza,CHL,my,3.088,3.088,1.468,4.208,1
2025-08-24,Rafah_Gaza,CHL,my,3.902,3.838,1.711,4.954,1
2025-08-25,Rafah_Gaza,CHL,my,1.63,1.665,0.8199,1.994,0.95
2025-08-26,Rafah_Gaza,CHL,my,2.536,2.462,1.268,4.174,0.95
2025-08-27,Rafah_Gaza,CHL,my,1.822,1.759,1.091,2.971,0.95
2025-08-28,Rafah_Gaza,CHL,my,4.02,3.462,1.394,4.02,0.825
2025-08-29,Rafah_Gaza,CHL,my,8.745,8.613,2.787,9.966,0.95
2025-08-30,Rafah_Gaza,CHL,my,2.965,1.803,0.9347,3.401,0.915
2025-08-31,Rafah_Gaza,CHL,my,3.587,2.139,0.9722,4.001,0.915
2025-09-01,Rafah_Gaza,CHL,my,3.221,3.221,1.151,3.847,0.85
2025-09-02,Rafah_Gaza,CHL,my,1.685,1.314,0.6338,3.594,0.895
2025-09-03,Rafah_Gaza,CHL,my,2.934,2.934,1.528,6.671,0.99
2025-09-04,Rafah_Gaza,CHL,my,4.492,3.974,1.936,4.765,0.95
2025-09-05,Rafah_Gaza,CHL,my,3.447,3.128,1.708,4.351,0.95
2025-09-06,Rafah_Gaza,CHL,my,3.166,2.981,1.613,3.626,0.895
2025-09-07,Rafah_Gaza,CHL,my,2.961,2.8,1.459,4.529,0.95
2025-09-08,Rafah_Gaza,CHL,my,6.911,4.216,2.547,8.09,0.915
2025-09-09,Rafah_Gaza,CHL,my,3.096,2.892,1.547,3.483,0.835
2025-09-10,Rafah_Gaza,CHL,my,7.616,6.874,3.405,9.543,0.95
2025-09-11,Rafah_Gaza,CHL,my,8.427,5.027,2.93,8.905,0.95
2025-09-12,Rafah_Gaza,CHL,my,4.967,4.665,2.769,9.609,0.95
2025-09-13,Rafah_Gaza,CHL,my,7.627,4.206,1.816,7.627,0.915
2025-09-14,Rafah_Gaza,CHL,my,3.584,2.965,1.389,7.008,0.95
2025-09-15,Rafah_Gaza,CHL,my,4.474,3.808,1.637,7.22,0.95
2025-09-16,Rafah_Gaza,CHL,my,6.318,6.168,3.265,11.27,0.95
2025-09-17,Rafah_Gaza,CHL,my,2.054,1.958,1.17,2.163,0.71
2025-09-18,Rafah_Gaza,CHL,my,2.783,2.902,1.658,4.573,1
2025-09-19,Rafah_Gaza,CHL,my,1.523,1.422,0.7779,1.603,0.86
2025-09-20,Rafah_Gaza,CHL,my,1.876,1.785,1.181,2.354,0.95
2025-09-21,Rafah_Gaza,CHL,my,1.659,1.551,1.16,1.659,0.5
2025-09-22,Rafah_Gaza,CHL,my,1.857,1.524,0.8182,1.857,0.875
2025-09-23,Rafah_Gaza,CHL,my,1.854,1.744,0.8693,2.463,0.95
2025-09-26,Rafah_Gaza,CHL,my,1,1.1,0.8565,1.304,0.65
2025-09-27,Rafah_Gaza,CHL,my,1.24,1.281,0.9254,2.113,0.95
2025-09-29,Rafah_Gaza,CHL,my,1.178,1.245,0.8399,1.598,0.95
2025-09-30,Rafah_Gaza,CHL,my,1.377,1.288,0.7781,2.136,0.95
2025-10-01,Rafah_Gaza,CHL,my,1.238,1.29,0.7287,1.59,0.915
2025-10-02,Rafah_Gaza,CHL,my,1.835,1.627,0.8964,2.036,0.915
2025-10-03,Rafah_Gaza,CHL,my,2.233,2.207,1.062,2.639,0.915
2025-10-04,Rafah_Gaza,CHL,my,1.381,,,,0.285
2025-10-06,Rafah_Gaza,CHL,my,2.471,2.397,1.149,2.771,0.915
2025-10-07,Rafah_Gaza,CHL,my,1.417,1.174,0.8257,1.663,0.915
2025-10-08,Rafah_Gaza,CHL,my,1.299,1.299,0.8271,2.413,0.95
2025-10-10,Rafah_Gaza,CHL,my,2.421,1.977,1.176,2.729,1
2025-10-11,Rafah_Gaza,CHL,my,3.298,2.548,1.879,3.842,0.95
2025-10-12,Rafah_Gaza,CHL,my,1.435,1.438,1.015,1.51,0.7
2025-10-13,Rafah_Gaza,CHL,my,1.541,1.377,1.083,2.087,0.965
2025-10-14,Rafah_Gaza,CHL,my,2.004,1.924,1.253,3.474,0.95
2025-10-15,Rafah_Gaza,CHL,my,1.635,1.582,1.068,2.209,0.95
2025-10-16,Rafah_Gaza,CHL,my,2.757,2.61,1.358,3.53,0.95
2025-10-17,Rafah_Gaza,CHL,my,1.5,1.395,0.9256,1.691,0.825
2025-10-18,Rafah_Gaza,CHL,my,1.255,1.198,0.8657,2.444,1
2025-10-19,Rafah_Gaza,CHL,my,1.069,1.066,0.7497,1.761,0.905
2025-10-20,Rafah_Gaza,CHL,my,1.719,1.719,0.8524,2.06,0.95
2025-10-21,Rafah_Gaza,CHL,my,1.644,1.529,0.7319,1.789,0.915
2025-10-22,Rafah_Gaza,CHL,my,1.076,1.046,0.5249,1.707,0.95
2025-10-23,Rafah_Gaza,CHL,my,0.7248,0.665,0.3874,0.8223,0.915
2025-10-25,Rafah_Gaza,CHL,my,0.7557,0.7305,0.3993,0.7939,0.8
2025-10-26,Rafah_Gaza,CHL,my,0.6629,0.6176,0.3071,0.7623,0.95
2025-10-27,Rafah_Gaza,CHL,my,0.7879,0.7173,0.3863,1.123,0.95
2025-10-28,Rafah_Gaza,CHL,my,0.7197,0.7197,0.361,1.046,0.95
2025-10-29,Rafah_Gaza,CHL,my,0.5698,,,,0.375
2025-10-30,Rafah_Gaza,CHL,my,0.8028,0.7211,0.3469,0.8169,0.95
2025-10-31,Rafah_Gaza,CHL,my,0.6494,0.6566,0.3851,0.7699,0.95
2025-11-01,Rafah_Gaza,CHL,my,0.8068,0.696,0.4207,0.8398,0.865
2025-11-13,Rafah_Gaza,CHL,my,0.849,0.8048,0.5067,0.9686,0.95
2025-11-15,Rafah_Gaza,CHL,my,1.332,1.25,0.9078,1.332,0.665
2025-11-18,Rafah_Gaza,CHL,my,,0.712,0.445,0.752,0.715
2025-11-19,Rafah_Gaza,CHL,my,,0.6074,0.3579,0.7094,0.715
2025-11-22,Rafah_Gaza,CHL,my,0.6247,0.6495,0.4504,0.778,0.95
2025-11-26,Rafah_Gaza,CHL,my,1.12,0.7778,0.3825,1.12,0.95
2025-11-30,Rafah_Gaza,CHL,my,0.3655,0.3039,0.2569,0.5412,0.915
2025-12-01,Rafah_Gaza,CHL,my,0.8344,0.8642,0.4763,1.088,0.95
2025-12-02,Rafah_Gaza,CHL,my,0.7472,0.6973,0.4248,0.7556,0.865
2025-12-03,Rafah_Gaza,CHL,my,0.6868,0.6604,0.5044,0.8544,0.795
2025-12-04,Rafah_Gaza,CHL,my,0.4067,0.3871,0.2803,0.5872,0.915
2025-12-05,Rafah_Gaza,CHL,my,0.567,0.5385,0.4525,0.5798,0.915
2025-12-07,Rafah_Gaza,CHL,my,,0.5503,0.4037,0.677,0.705
2025-12-09,Rafah_Gaza,CHL,my,0.9568,,,,0.405
2025-12-10,Rafah_Gaza,CHL,my,0.8004,0.786,0.5769,1.104,0.94
2025-12-12,Rafah_Gaza,CHL,my,1.024,,,,0.385
2025-12-13,Rafah_Gaza,CHL,my,1.041,,,,0.19
2025-12-14,Rafah_Gaza,CHL,my,1.11,1.012,0.6632,1.126,0.875
2025-12-17,Rafah_Gaza,CHL,my,1.308,,,,0.42
2025-12-18,Rafah_Gaza,CHL,my,1.088,1.189,0.8126,1.638,0.915
2025-12-20,Rafah_Gaza,CHL,my,0.6321,0.634,0.3747,0.7679,0.915
2025-12-21,Rafah_Gaza,CHL,my,0.3159,0.2703,0.2612,1.013,0.95
2025-12-23,Rafah_Gaza,CHL,my,0.8094,0.6997,0.3689,0.8664,0.92
2025-12-24,Rafah_Gaza,CHL,my,0.9634,0.8117,0.3874,1.139,1
2025-12-25,Rafah_Gaza,CHL,my,0.7661,0.7661,0.3909,0.9177,1
2025-12-26,Rafah_Gaza,CHL,my,0.7104,0.7098,0.4428,0.7951,0.915
2025-12-27,Rafah_Gaza,CHL,my,0.6502,0.6504,0.4009,0.7026,0.95
2025-12-30,Rafah_Gaza,CHL,my,1.148,1.193,0.7704,1.367,0.915
2025-12-31,Rafah_Gaza,CHL,my,,0.9491,0.5613,1.381,0.795
2025-01-01,Rosetta_mouth,CHL,my,2.792,,,,0.1271
2025-01-03,Rosetta_mouth,CHL,my,2.602,,,,0.2486
2025-01-06,Rosetta_mouth,CHL,my,5.059,5.25,3.884,5.509,0.7514
2025-01-08,Rosetta_mouth,CHL,my,2.401,2.332,1.836,2.405,0.9945
2025-01-09,Rosetta_mouth,CHL,my,3.924,3.459,2.289,4.524,1
2025-01-11,Rosetta_mouth,CHL,my,2.56,2.363,1.727,3.456,1
2025-01-12,Rosetta_mouth,CHL,my,3.194,2.742,1.844,3.194,1
2025-01-13,Rosetta_mouth,CHL,my,4.35,3.102,2.499,6.686,1
2025-01-14,Rosetta_mouth,CHL,my,,5.8,3.851,5.949,0.558
2025-01-15,Rosetta_mouth,CHL,my,3.797,3.821,2.766,4.448,1
2025-01-16,Rosetta_mouth,CHL,my,3.547,3.547,2.775,3.782,1
2025-01-18,Rosetta_mouth,CHL,my,2.481,1.783,1.401,3.044,1
2025-01-22,Rosetta_mouth,CHL,my,2.708,2.446,1.852,2.708,0.8729
2025-01-23,Rosetta_mouth,CHL,my,,1.446,0.9879,1.708,0.6243
2025-01-24,Rosetta_mouth,CHL,my,3.544,1.979,1.492,3.791,1
2025-01-25,Rosetta_mouth,CHL,my,3.285,2.685,1.614,5.026,0.8122
2025-01-27,Rosetta_mouth,CHL,my,3.731,3.038,2.003,3.731,1
2025-01-29,Rosetta_mouth,CHL,my,2.267,2.267,1.963,2.736,1
2025-01-30,Rosetta_mouth,CHL,my,2.568,1.964,1.484,2.839,1
2025-01-31,Rosetta_mouth,CHL,my,2.663,1.863,1.191,2.838,1
2025-02-01,Rosetta_mouth,CHL,my,2.269,1.9,1.326,2.521,1
2025-02-11,Rosetta_mouth,CHL,my,4.386,4.386,2.729,4.63,0.5691
2025-02-13,Rosetta_mouth,CHL,my,6.243,4.055,3.036,7.014,0.7459
2025-02-14,Rosetta_mouth,CHL,my,3.194,2.152,1.948,3.445,1
2025-02-17,Rosetta_mouth,CHL,my,2.575,2.801,1.957,3.1,1
2025-02-25,Rosetta_mouth,CHL,my,2.935,2.397,1.844,2.935,1
2025-02-26,Rosetta_mouth,CHL,my,3.446,3.035,1.832,3.446,0.9945
2025-02-27,Rosetta_mouth,CHL,my,25.85,2.9,3.964,25.85,1
2025-02-28,Rosetta_mouth,CHL,my,5.682,3.478,3.233,7.126,1
2025-03-01,Rosetta_mouth,CHL,my,1.86,1.619,1.131,1.86,0.8066
2025-03-02,Rosetta_mouth,CHL,my,3.214,1.768,1.26,3.214,1
2025-03-04,Rosetta_mouth,CHL,my,2.311,,,,0.4365
2025-03-07,Rosetta_mouth,CHL,my,2.214,1.279,1.033,2.718,1
2025-03-08,Rosetta_mouth,CHL,my,1.703,1.338,0.9435,1.703,1
2025-03-09,Rosetta_mouth,CHL,my,1.586,1.455,1.032,1.64,1
2025-03-10,Rosetta_mouth,CHL,my,1.72,1.257,0.9257,1.72,1
2025-03-11,Rosetta_mouth,CHL,my,1.658,1.384,1.31,1.698,1
2025-03-12,Rosetta_mouth,CHL,my,1.563,1.35,1.202,1.582,1
2025-03-13,Rosetta_mouth,CHL,my,2.141,1.958,1.277,2.363,1
2025-03-14,Rosetta_mouth,CHL,my,2.88,2.757,1.615,3.497,1
2025-03-15,Rosetta_mouth,CHL,my,1.707,1.484,0.9383,2.209,1
2025-03-16,Rosetta_mouth,CHL,my,1.504,1.145,0.6805,1.504,1
2025-03-17,Rosetta_mouth,CHL,my,2.009,1.633,1.167,2.098,1
2025-03-19,Rosetta_mouth,CHL,my,1.745,,,,0.3149
2025-03-22,Rosetta_mouth,CHL,my,5.43,4.8,3.516,5.789,1
2025-03-23,Rosetta_mouth,CHL,my,2.28,2.018,1.73,2.627,1
2025-03-24,Rosetta_mouth,CHL,my,2.572,2.204,1.662,2.793,1
2025-03-25,Rosetta_mouth,CHL,my,2.365,2.185,1.735,2.713,1
2025-03-27,Rosetta_mouth,CHL,my,5.225,,,,0.1271
2025-03-29,Rosetta_mouth,CHL,my,4.249,3.944,2.439,4.342,1
2025-03-30,Rosetta_mouth,CHL,my,3.077,2.702,2.043,4,1
2025-03-31,Rosetta_mouth,CHL,my,2.662,2.365,1.889,2.722,1
2025-04-02,Rosetta_mouth,CHL,my,2.453,2.227,1.732,2.644,1
2025-04-03,Rosetta_mouth,CHL,my,2.377,,,,0.1326
2025-04-04,Rosetta_mouth,CHL,my,2.356,2.1,1.553,2.684,1
2025-04-05,Rosetta_mouth,CHL,my,2.366,2.223,1.571,2.396,1
2025-04-06,Rosetta_mouth,CHL,my,,3.21,2.535,4.06,0.8729
2025-04-09,Rosetta_mouth,CHL,my,2.455,,,,0.1878
2025-04-12,Rosetta_mouth,CHL,my,6.372,3.491,2.506,7.527,1
2025-04-14,Rosetta_mouth,CHL,my,4.802,3.917,2.324,5.607,1
2025-04-16,Rosetta_mouth,CHL,my,11.66,11.42,4.341,11.91,1
2025-04-17,Rosetta_mouth,CHL,my,2.541,2.293,1.752,2.875,1
2025-04-18,Rosetta_mouth,CHL,my,1.962,1.766,1.312,2.09,1
2025-04-19,Rosetta_mouth,CHL,my,2.528,2.197,1.362,2.776,1
2025-04-20,Rosetta_mouth,CHL,my,2.341,2.184,1.337,2.341,1
2025-04-21,Rosetta_mouth,CHL,my,2.671,2.314,1.471,2.787,1
2025-04-22,Rosetta_mouth,CHL,my,,1.725,1.332,1.979,0.5635
2025-04-26,Rosetta_mouth,CHL,my,2.639,1.99,1.285,3.286,1
2025-04-27,Rosetta_mouth,CHL,my,4.048,2.942,2.141,6.523,1
2025-04-28,Rosetta_mouth,CHL,my,3.55,3.55,2.295,3.588,1
2025-04-29,Rosetta_mouth,CHL,my,3.101,2.128,1.433,3.433,1
2025-05-02,Rosetta_mouth,CHL,my,1.803,,,,0.3149
2025-05-03,Rosetta_mouth,CHL,my,,0.9141,0.4992,1.09,0.5028
2025-05-04,Rosetta_mouth,CHL,my,1.73,,,,0.3094
2025-05-05,Rosetta_mouth,CHL,my,2.029,1.63,0.9801,2.119,1
2025-05-06,Rosetta_mouth,CHL,my,3.84,3.313,1.843,4.191,1
2025-05-07,Rosetta_mouth,CHL,my,4.294,4.181,3.525,5.352,1
2025-05-09,Rosetta_mouth,CHL,my,1.335,1.088,0.9734,1.42,1
2025-05-12,Rosetta_mouth,CHL,my,1.822,1.378,0.9431,2.321,1
2025-05-14,Rosetta_mouth,CHL,my,1.25,0.9537,0.5416,1.521,0.9392
2025-05-15,Rosetta_mouth,CHL,my,,0.7268,0.4176,0.9253,0.5635
2025-05-19,Rosetta_mouth,CHL,my,1.618,1.402,0.7268,1.682,1
2025-05-20,Rosetta_mouth,CHL,my,1.607,1.315,0.6647,1.607,0.9337
2025-05-21,Rosetta_mouth,CHL,my,1.613,1.37,0.7096,1.679,1
2025-05-22,Rosetta_mouth,CHL,my,1.81,1.602,0.9629,1.908,1
2025-05-23,Rosetta_mouth,CHL,my,1.404,1.28,0.8229,1.642,1
2025-05-24,Rosetta_mouth,CHL,my,1.432,1.324,0.8138,1.903,1
2025-05-25,Rosetta_mouth,CHL,my,,1.484,0.8808,2.055,0.8729
2025-05-27,Rosetta_mouth,CHL,my,2.335,2.058,1.437,3.42,1
2025-05-30,Rosetta_mouth,CHL,my,2.003,1.861,1.446,2.674,1
2025-05-31,Rosetta_mouth,CHL,my,1.907,1.588,1.043,2.013,1
2025-06-01,Rosetta_mouth,CHL,my,2.607,2.061,1.283,2.813,1
2025-06-02,Rosetta_mouth,CHL,my,1.932,,,,0.3812
2025-06-03,Rosetta_mouth,CHL,my,1.74,1.603,0.9287,1.828,1
2025-06-04,Rosetta_mouth,CHL,my,1.784,1.615,0.9843,1.864,1
2025-06-05,Rosetta_mouth,CHL,my,1.623,1.546,0.776,2.068,1
2025-06-06,Rosetta_mouth,CHL,my,1.54,1.144,0.5641,1.771,1
2025-06-07,Rosetta_mouth,CHL,my,1.876,1.114,0.5851,1.876,1
2025-06-08,Rosetta_mouth,CHL,my,1.731,1.589,0.7419,2.563,1
2025-06-09,Rosetta_mouth,CHL,my,2.389,1.775,1.243,6.497,1
2025-06-10,Rosetta_mouth,CHL,my,1.981,1.741,0.9557,2.489,0.9337
2025-06-11,Rosetta_mouth,CHL,my,1.723,1.615,0.9761,2.168,1
2025-06-13,Rosetta_mouth,CHL,my,2.168,1.525,0.9562,2.342,1
2025-06-14,Rosetta_mouth,CHL,my,1.741,1.716,1.218,1.978,1
2025-06-15,Rosetta_mouth,CHL,my,1.722,1.722,0.9526,1.973,1
2025-06-18,Rosetta_mouth,CHL,my,3.179,1.694,1.083,3.179,1
2025-06-19,Rosetta_mouth,CHL,my,1.632,1.417,0.8299,2.747,1
2025-06-20,Rosetta_mouth,CHL,my,1.959,1.595,1.003,1.959,1
2025-06-21,Rosetta_mouth,CHL,my,3.954,1.795,2.018,17.3,1
2025-06-22,Rosetta_mouth,CHL,my,1.628,1.628,0.8908,2.791,1
2025-06-24,Rosetta_mouth,CHL,my,2.342,2.292,1.604,3.051,1
2025-06-25,Rosetta_mouth,CHL,my,1.865,1.698,1.069,2.355,1
2025-06-26,Rosetta_mouth,CHL,my,1.698,1.662,1.243,2.488,1
2025-06-27,Rosetta_mouth,CHL,my,3.19,1.747,1.32,3.19,1
2025-06-28,Rosetta_mouth,CHL,my,1.819,1.61,0.9628,2.384,1
2025-06-29,Rosetta_mouth,CHL,my,1.649,1.343,1.037,1.833,1
2025-06-30,Rosetta_mouth,CHL,my,2.33,2.174,1.484,2.55,0.7514
2025-07-02,Rosetta_mouth,CHL,my,1.577,1.182,0.9333,1.635,1
2025-07-03,Rosetta_mouth,CHL,my,1.764,1.762,1.196,2.175,0.9337
2025-07-04,Rosetta_mouth,CHL,my,1.573,1.714,1.282,1.751,1
2025-07-05,Rosetta_mouth,CHL,my,1.676,1.58,1.141,1.718,1
2025-07-06,Rosetta_mouth,CHL,my,1.787,1.417,1.069,1.79,1
2025-07-07,Rosetta_mouth,CHL,my,1.718,0.8388,0.7133,1.718,1
2025-07-08,Rosetta_mouth,CHL,my,,1.392,0.8115,1.679,0.8122
2025-07-09,Rosetta_mouth,CHL,my,1.709,1.672,1.121,2.574,0.8177
2025-07-11,Rosetta_mouth,CHL,my,2.499,1.714,1.254,3.554,1
2025-07-12,Rosetta_mouth,CHL,my,2.101,1.949,1.321,2.101,1
2025-07-13,Rosetta_mouth,CHL,my,1.75,1.657,1.234,1.796,1
2025-07-14,Rosetta_mouth,CHL,my,1.696,1.696,1.053,1.808,0.6851
2025-07-15,Rosetta_mouth,CHL,my,1.681,1.577,1.177,1.99,1
2025-07-16,Rosetta_mouth,CHL,my,3.049,1.956,1.639,3.621,1
2025-07-17,Rosetta_mouth,CHL,my,2.297,1.954,1.409,2.319,1
2025-07-18,Rosetta_mouth,CHL,my,1.652,1.348,0.8006,1.652,1
2025-07-19,Rosetta_mouth,CHL,my,1.489,,,,0.4972
2025-07-20,Rosetta_mouth,CHL,my,1.976,,,,0.2486
2025-07-21,Rosetta_mouth,CHL,my,1.52,1.595,1.016,1.68,1
2025-07-22,Rosetta_mouth,CHL,my,2.459,1.904,1.667,8.776,1
2025-07-23,Rosetta_mouth,CHL,my,1.914,1.666,0.8394,2.014,1
2025-07-24,Rosetta_mouth,CHL,my,1.639,1.53,0.9469,1.861,1
2025-07-25,Rosetta_mouth,CHL,my,1.49,1.309,0.7819,1.507,1
2025-07-26,Rosetta_mouth,CHL,my,1.843,1.682,1.18,2.331,1
2025-07-27,Rosetta_mouth,CHL,my,1.818,1.691,1.082,1.818,1
2025-07-29,Rosetta_mouth,CHL,my,1.832,1.669,1.104,1.907,1
2025-07-30,Rosetta_mouth,CHL,my,1.908,1.295,0.8603,1.908,0.6243
2025-07-31,Rosetta_mouth,CHL,my,,1.091,0.7572,1.367,0.6243
2025-08-03,Rosetta_mouth,CHL,my,1.804,1.521,0.9004,2.064,1
2025-08-04,Rosetta_mouth,CHL,my,1.795,1.566,1.072,1.844,0.9337
2025-08-05,Rosetta_mouth,CHL,my,1.532,1.409,1.031,1.535,0.8729
2025-08-07,Rosetta_mouth,CHL,my,1.684,1.657,1.043,1.743,1
2025-08-08,Rosetta_mouth,CHL,my,1.757,1.681,1.012,1.786,1
2025-08-09,Rosetta_mouth,CHL,my,1.791,1.605,1.002,2.07,1
2025-08-10,Rosetta_mouth,CHL,my,2.067,1.542,1.064,2.214,1
2025-08-11,Rosetta_mouth,CHL,my,1.834,1.449,0.9348,1.972,1
2025-08-14,Rosetta_mouth,CHL,my,1.476,1.123,0.5749,1.762,1
2025-08-15,Rosetta_mouth,CHL,my,2.232,1.311,0.7479,2.575,1
2025-08-17,Rosetta_mouth,CHL,my,1.67,1.583,0.877,2.488,1
2025-08-18,Rosetta_mouth,CHL,my,3.271,1.869,1.396,4.766,1
2025-08-19,Rosetta_mouth,CHL,my,2.175,2.115,1.136,2.376,1
2025-08-22,Rosetta_mouth,CHL,my,2.06,1.904,1.083,2.06,1
2025-08-23,Rosetta_mouth,CHL,my,2.266,1.678,1.08,3.096,1
2025-08-24,Rosetta_mouth,CHL,my,1.86,1.595,0.8944,2.212,1
2025-08-25,Rosetta_mouth,CHL,my,1.893,1.654,0.989,1.968,1
2025-08-27,Rosetta_mouth,CHL,my,5.931,4.964,2.49,6.159,1
2025-08-28,Rosetta_mouth,CHL,my,2.538,2.135,1.456,2.953,0.9945
2025-08-29,Rosetta_mouth,CHL,my,2.671,1.905,1.43,3.251,1
2025-08-30,Rosetta_mouth,CHL,my,1.832,1.698,1.114,2.284,0.9337
2025-08-31,Rosetta_mouth,CHL,my,3.729,2.286,1.577,3.928,1
2025-09-02,Rosetta_mouth,CHL,my,1.434,1.427,0.8452,3.049,1
2025-09-04,Rosetta_mouth,CHL,my,,1.317,0.8556,1.47,0.5635
2025-09-05,Rosetta_mouth,CHL,my,3.458,1.985,1.497,3.458,1
2025-09-06,Rosetta_mouth,CHL,my,2.492,1.932,1.229,2.657,1
2025-09-07,Rosetta_mouth,CHL,my,1.735,1.66,1.091,2.145,1
2025-09-09,Rosetta_mouth,CHL,my,2.219,2.034,1.379,2.291,0.9392
2025-09-10,Rosetta_mouth,CHL,my,1.97,,,,0.4309
2025-09-11,Rosetta_mouth,CHL,my,3.071,1.775,1.443,3.46,1
2025-09-12,Rosetta_mouth,CHL,my,2.102,1.439,0.9735,2.682,1
2025-09-13,Rosetta_mouth,CHL,my,3.84,1.029,1.152,6.818,1
2025-09-14,Rosetta_mouth,CHL,my,1.391,0.8888,0.6493,2.217,1
2025-09-17,Rosetta_mouth,CHL,my,1.692,1.502,0.7655,2.296,1
2025-09-18,Rosetta_mouth,CHL,my,1.607,1.379,0.605,2.445,1
2025-09-19,Rosetta_mouth,CHL,my,1.945,,,,0.1823
2025-09-21,Rosetta_mouth,CHL,my,2.572,1.897,1.721,2.839,1
2025-09-22,Rosetta_mouth,CHL,my,1.746,1.519,1.299,1.764,0.7514
2025-09-23,Rosetta_mouth,CHL,my,1.651,1.191,0.8499,3.232,1
2025-09-25,Rosetta_mouth,CHL,my,2.127,1.201,0.7823,2.584,0.9392
2025-09-26,Rosetta_mouth,CHL,my,2.695,1.396,0.9651,3.956,1
2025-09-27,Rosetta_mouth,CHL,my,2.541,2.227,1.136,2.771,1
2025-09-29,Rosetta_mouth,CHL,my,2.786,2.588,1.406,2.81,0.7514
2025-10-01,Rosetta_mouth,CHL,my,3.249,1.631,1.572,6.486,1
2025-10-02,Rosetta_mouth,CHL,my,6.265,2.988,2.25,6.265,1
2025-10-03,Rosetta_mouth,CHL,my,2.664,2.005,1.269,2.815,1
2025-10-05,Rosetta_mouth,CHL,my,3.153,2.469,1.297,3.751,1
2025-10-06,Rosetta_mouth,CHL,my,6.586,3.955,2.44,11.12,1
2025-10-07,Rosetta_mouth,CHL,my,3.172,2.615,1.664,3.172,1
2025-10-08,Rosetta_mouth,CHL,my,2.842,2.785,1.564,3.238,1
2025-10-09,Rosetta_mouth,CHL,my,,1.309,0.9953,1.446,0.6243
2025-10-10,Rosetta_mouth,CHL,my,3.963,3.932,2.071,3.963,0.8122
2025-10-12,Rosetta_mouth,CHL,my,2.16,2.16,1.687,2.316,0.7514
2025-10-14,Rosetta_mouth,CHL,my,2.705,1.674,1.245,2.705,0.9337
2025-10-16,Rosetta_mouth,CHL,my,2.46,1.521,0.9299,3.942,1
2025-10-17,Rosetta_mouth,CHL,my,3.979,3.911,2.695,5.868,0.6243
2025-10-18,Rosetta_mouth,CHL,my,3.524,1.44,1.606,12.7,1
2025-10-19,Rosetta_mouth,CHL,my,4.993,3.763,1.943,6.05,1
2025-10-20,Rosetta_mouth,CHL,my,,4.579,2.612,7.121,0.6243
2025-10-21,Rosetta_mouth,CHL,my,7.534,9.276,5.791,10.92,1
2025-10-22,Rosetta_mouth,CHL,my,2.817,1.891,1.501,2.817,1
2025-10-23,Rosetta_mouth,CHL,my,1.469,1.469,0.9468,1.516,1
2025-10-24,Rosetta_mouth,CHL,my,1.834,1.387,0.9717,1.98,1
2025-10-25,Rosetta_mouth,CHL,my,2.001,1.826,1.245,2.052,1
2025-10-26,Rosetta_mouth,CHL,my,1.892,1.693,1.003,2.043,1
2025-10-27,Rosetta_mouth,CHL,my,2.202,1.834,0.9078,2.887,1
2025-10-28,Rosetta_mouth,CHL,my,2.874,2.874,1.554,3.147,1
2025-10-29,Rosetta_mouth,CHL,my,2.596,2.596,1.784,2.94,1
2025-10-31,Rosetta_mouth,CHL,my,,1.418,0.8991,3.106,0.8729
2025-11-02,Rosetta_mouth,CHL,my,1.488,1.108,0.715,2.09,1
2025-11-06,Rosetta_mouth,CHL,my,2.793,2.378,1.309,3.071,0.8785
2025-11-07,Rosetta_mouth,CHL,my,6.798,6.165,2.402,7.291,1
2025-11-08,Rosetta_mouth,CHL,my,3.275,2.768,1.443,3.275,0.9337
2025-11-09,Rosetta_mouth,CHL,my,3.06,2.509,1.597,3.06,0.9337
2025-11-11,Rosetta_mouth,CHL,my,3.63,1.312,1.066,4.602,1
2025-11-13,Rosetta_mouth,CHL,my,,0.5234,0.3178,0.6519,0.5635
2025-11-16,Rosetta_mouth,CHL,my,,3.087,1.664,3.827,0.8122
2025-11-17,Rosetta_mouth,CHL,my,2.782,2.748,1.999,2.916,1
2025-11-18,Rosetta_mouth,CHL,my,2.555,1.568,1.266,2.803,1
2025-11-19,Rosetta_mouth,CHL,my,2.888,2.888,2.295,3.268,0.5635
2025-11-21,Rosetta_mouth,CHL,my,5.764,5.461,3.379,6.257,1
2025-11-25,Rosetta_mouth,CHL,my,,1.879,1.147,2.279,0.7514
2025-11-28,Rosetta_mouth,CHL,my,6.66,,,,0.3094
2025-12-02,Rosetta_mouth,CHL,my,3.124,2.427,1.792,3.192,1
2025-12-03,Rosetta_mouth,CHL,my,2.985,,,,0.3757
2025-12-04,Rosetta_mouth,CHL,my,3.932,5.162,4.46,5.364,1
2025-12-06,Rosetta_mouth,CHL,my,,2.472,1.534,2.641,0.5635
2025-12-07,Rosetta_mouth,CHL,my,5.532,,,,0.2486
2025-12-09,Rosetta_mouth,CHL,my,5.966,,,,0.442
2025-12-10,Rosetta_mouth,CHL,my,4.847,,,,0.4972
2025-12-12,Rosetta_mouth,CHL,my,,1.835,1.392,2.238,0.7514
2025-12-13,Rosetta_mouth,CHL,my,4.152,3.073,2.207,4.349,0.8729
2025-12-14,Rosetta_mouth,CHL,my,3.06,2.784,1.899,3.255,1
2025-12-16,Rosetta_mouth,CHL,my,5.677,5.677,2.561,6.115,0.5028
2025-12-18,Rosetta_mouth,CHL,my,2.615,3.62,2.582,3.949,1
2025-12-19,Rosetta_mouth,CHL,my,3.59,3.59,2.963,4.98,0.8729
2025-12-20,Rosetta_mouth,CHL,my,2.935,2.851,2.033,3.048,1
2025-12-21,Rosetta_mouth,CHL,my,4.98,3.291,2.533,5.278,1
2025-12-24,Rosetta_mouth,CHL,my,2.748,2.138,1.54,3.618,1
2025-12-26,Rosetta_mouth,CHL,my,,1.685,1.534,3.677,0.6851
2025-12-27,Rosetta_mouth,CHL,my,2.823,2.823,1.696,2.915,0.8729
2025-12-31,Rosetta_mouth,CHL,my,4.113,5.257,3.16,6.059,1
2025-01-01,Tel_Aviv_IL,CHL,my,0.2966,0.2273,0.1845,0.3922,0.915
2025-01-02,Tel_Aviv_IL,CHL,my,0.3013,0.3129,0.2478,0.5891,1
2025-01-03,Tel_Aviv_IL,CHL,my,0.6828,0.5688,0.4066,1.046,1
2025-01-06,Tel_Aviv_IL,CHL,my,0.3025,0.3163,0.1816,0.5844,0.93
2025-01-07,Tel_Aviv_IL,CHL,my,0.3285,0.2921,0.2043,0.705,1
2025-01-08,Tel_Aviv_IL,CHL,my,0.3348,0.2835,0.207,0.7495,1
2025-01-09,Tel_Aviv_IL,CHL,my,0.212,0.2146,0.1419,0.2231,0.93
2025-01-10,Tel_Aviv_IL,CHL,my,0.1915,0.2179,0.1556,0.2951,0.93
2025-01-12,Tel_Aviv_IL,CHL,my,0.1687,0.1353,0.1099,0.2029,0.88
2025-01-13,Tel_Aviv_IL,CHL,my,0.1356,0.107,0.1015,0.2028,1
2025-01-14,Tel_Aviv_IL,CHL,my,0.2287,0.1503,0.1253,0.2287,0.865
2025-01-18,Tel_Aviv_IL,CHL,my,0.1753,0.1642,0.1311,0.2723,0.93
2025-01-19,Tel_Aviv_IL,CHL,my,0.1689,0.1634,0.1161,0.2005,0.93
2025-01-20,Tel_Aviv_IL,CHL,my,0.1225,,,,0.405
2025-01-21,Tel_Aviv_IL,CHL,my,0.1256,0.1289,0.1174,0.3066,1
2025-01-23,Tel_Aviv_IL,CHL,my,0.1047,0.113,0.1105,0.2173,0.59
2025-01-24,Tel_Aviv_IL,CHL,my,,0.1021,0.08828,0.1331,0.67
2025-01-25,Tel_Aviv_IL,CHL,my,0.08349,0.08188,0.06575,0.105,0.93
2025-01-27,Tel_Aviv_IL,CHL,my,,0.09512,0.08269,0.1164,0.59
2025-01-28,Tel_Aviv_IL,CHL,my,0.2105,0.1579,0.1166,0.2156,0.88
2025-01-29,Tel_Aviv_IL,CHL,my,0.1567,0.1479,0.101,0.1842,0.93
2025-01-30,Tel_Aviv_IL,CHL,my,0.1797,0.1385,0.1079,0.2017,0.93
2025-02-01,Tel_Aviv_IL,CHL,my,0.09995,0.08726,0.07053,0.09995,0.85
2025-02-02,Tel_Aviv_IL,CHL,my,0.1886,0.161,0.1098,0.1886,0.67
2025-02-04,Tel_Aviv_IL,CHL,my,0.1068,0.09875,0.085,0.1507,0.93
2025-02-14,Tel_Aviv_IL,CHL,my,0.5267,0.4684,0.3324,0.614,0.875
2025-02-15,Tel_Aviv_IL,CHL,my,0.3843,0.3388,0.263,0.6404,1
2025-02-17,Tel_Aviv_IL,CHL,my,0.3286,0.4248,0.2832,0.5131,0.93
2025-02-18,Tel_Aviv_IL,CHL,my,0.4284,0.2767,0.1923,0.4284,0.865
2025-02-20,Tel_Aviv_IL,CHL,my,0.1891,,,,0.08
2025-02-21,Tel_Aviv_IL,CHL,my,0.1659,,,,0.26
2025-02-25,Tel_Aviv_IL,CHL,my,0.2226,0.2267,0.1556,0.4438,1
2025-02-26,Tel_Aviv_IL,CHL,my,0.09354,0.1248,0.09155,0.186,1
2025-02-27,Tel_Aviv_IL,CHL,my,0.1511,0.1722,0.1205,0.3156,1
2025-02-28,Tel_Aviv_IL,CHL,my,0.1758,0.1453,0.1028,0.1758,0.88
2025-03-01,Tel_Aviv_IL,CHL,my,0.1304,0.1562,0.1161,0.2098,0.93
2025-03-02,Tel_Aviv_IL,CHL,my,0.07677,0.07379,0.06441,0.09391,0.93
2025-03-06,Tel_Aviv_IL,CHL,my,,0.1111,0.09273,0.1256,0.8
2025-03-08,Tel_Aviv_IL,CHL,my,0.1831,,,,0.485
2025-03-10,Tel_Aviv_IL,CHL,my,0.07114,0.06025,0.05243,0.1353,0.93
2025-03-11,Tel_Aviv_IL,CHL,my,0.1027,0.08897,0.06038,0.1621,0.93
2025-03-12,Tel_Aviv_IL,CHL,my,0.1189,0.09066,0.06608,0.1894,0.93
2025-03-13,Tel_Aviv_IL,CHL,my,0.1675,0.1202,0.07865,0.2863,0.93
2025-03-14,Tel_Aviv_IL,CHL,my,0.08463,0.08363,0.0613,0.1914,0.93
2025-03-15,Tel_Aviv_IL,CHL,my,0.1873,0.1231,0.09846,0.2713,0.915
2025-03-18,Tel_Aviv_IL,CHL,my,0.06619,0.0463,0.04689,0.0739,0.88
2025-03-23,Tel_Aviv_IL,CHL,my,0.9061,0.7942,0.5566,1.146,0.93
2025-03-24,Tel_Aviv_IL,CHL,my,1.013,0.9753,0.83,1.339,1
2025-03-27,Tel_Aviv_IL,CHL,my,1.001,1.123,0.8136,1.222,0.93
2025-03-28,Tel_Aviv_IL,CHL,my,0.6924,0.5223,0.3889,0.6924,0.815
2025-03-30,Tel_Aviv_IL,CHL,my,,0.1906,0.1064,0.2147,0.535
2025-04-02,Tel_Aviv_IL,CHL,my,0.4488,0.3411,0.2229,0.4488,0.865
2025-04-03,Tel_Aviv_IL,CHL,my,0.4117,0.3493,0.2231,0.4309,0.93
2025-04-04,Tel_Aviv_IL,CHL,my,0.2398,0.2187,0.1328,0.2901,0.93
2025-04-05,Tel_Aviv_IL,CHL,my,0.2045,0.1831,0.1324,0.2252,0.93
2025-04-12,Tel_Aviv_IL,CHL,my,,0.248,0.1527,0.2908,0.725
2025-04-13,Tel_Aviv_IL,CHL,my,0.7235,0.3435,0.2784,0.9037,0.685
2025-04-14,Tel_Aviv_IL,CHL,my,,0.2758,0.1388,0.2886,0.575
2025-04-15,Tel_Aviv_IL,CHL,my,0.7014,0.5825,0.3326,0.832,0.93
2025-04-17,Tel_Aviv_IL,CHL,my,0.991,0.779,0.5109,1.039,0.88
2025-04-18,Tel_Aviv_IL,CHL,my,0.5109,0.5008,0.4211,0.7137,1
2025-04-19,Tel_Aviv_IL,CHL,my,0.4187,0.3665,0.2938,0.5092,0.93
2025-04-20,Tel_Aviv_IL,CHL,my,0.2069,0.2071,0.1749,0.3829,1
2025-04-21,Tel_Aviv_IL,CHL,my,0.1988,0.202,0.1815,0.2802,0.88
2025-04-25,Tel_Aviv_IL,CHL,my,0.1398,0.1201,0.09821,0.1881,0.93
2025-04-26,Tel_Aviv_IL,CHL,my,0.1084,0.09889,0.114,0.3801,1
2025-04-28,Tel_Aviv_IL,CHL,my,0.0908,0.07115,0.06943,0.1143,0.93
2025-04-29,Tel_Aviv_IL,CHL,my,0.08233,0.0683,0.06116,0.09981,0.93
2025-05-02,Tel_Aviv_IL,CHL,my,0.1066,0.1067,0.09236,0.2735,1
2025-05-04,Tel_Aviv_IL,CHL,my,0.2998,0.2478,0.1329,0.3046,0.93
2025-05-06,Tel_Aviv_IL,CHL,my,0.54,0.4922,0.229,0.8197,0.93
2025-05-08,Tel_Aviv_IL,CHL,my,0.5334,0.5355,0.33,1.005,1
2025-05-09,Tel_Aviv_IL,CHL,my,0.5903,0.4629,0.3209,0.5903,0.865
2025-05-10,Tel_Aviv_IL,CHL,my,,0.2193,0.1714,0.2241,0.61
2025-05-11,Tel_Aviv_IL,CHL,my,0.229,0.2745,0.2196,0.4822,1
2025-05-14,Tel_Aviv_IL,CHL,my,,0.0745,0.05574,0.08643,0.735
2025-05-16,Tel_Aviv_IL,CHL,my,0.1541,0.1298,0.07779,0.2301,0.93
2025-05-19,Tel_Aviv_IL,CHL,my,0.3136,0.2365,0.1489,0.3819,0.93
2025-05-20,Tel_Aviv_IL,CHL,my,0.1886,0.185,0.1175,0.2622,0.93
2025-05-21,Tel_Aviv_IL,CHL,my,0.2027,0.1762,0.1308,0.4199,1
2025-05-22,Tel_Aviv_IL,CHL,my,0.13,0.1168,0.08139,0.1444,0.87
2025-05-23,Tel_Aviv_IL,CHL,my,0.215,0.2133,0.1187,0.3704,1
2025-05-24,Tel_Aviv_IL,CHL,my,0.2272,0.1193,0.08266,0.2272,0.865
2025-05-25,Tel_Aviv_IL,CHL,my,0.2426,0.2001,0.1091,0.3504,1
2025-05-29,Tel_Aviv_IL,CHL,my,0.7384,0.7204,0.4325,1.089,1
2025-05-30,Tel_Aviv_IL,CHL,my,0.9965,0.8318,0.4663,1.061,0.88
2025-05-31,Tel_Aviv_IL,CHL,my,1.074,0.9234,0.7213,1.108,0.88
2025-06-01,Tel_Aviv_IL,CHL,my,0.2648,0.2338,0.1853,0.2648,0.785
2025-06-02,Tel_Aviv_IL,CHL,my,0.5758,0.551,0.4382,0.9567,1
2025-06-03,Tel_Aviv_IL,CHL,my,0.3452,0.3413,0.2611,0.6575,1
2025-06-04,Tel_Aviv_IL,CHL,my,0.3969,0.2919,0.1739,0.3969,0.735
2025-06-05,Tel_Aviv_IL,CHL,my,0.4438,0.2301,0.1213,0.4438,0.93
2025-06-06,Tel_Aviv_IL,CHL,my,0.3488,0.322,0.1783,0.3488,0.88
2025-06-07,Tel_Aviv_IL,CHL,my,0.1969,0.1981,0.1345,0.3338,1
2025-06-08,Tel_Aviv_IL,CHL,my,0.8419,0.215,0.1977,0.8419,0.865
2025-06-10,Tel_Aviv_IL,CHL,my,,0.2112,0.1486,0.3604,0.935
2025-06-11,Tel_Aviv_IL,CHL,my,0.2596,0.1647,0.1053,0.2596,0.93
2025-06-12,Tel_Aviv_IL,CHL,my,0.1659,0.1582,0.1184,0.1831,0.93
2025-06-13,Tel_Aviv_IL,CHL,my,0.2624,0.2492,0.1615,0.2624,0.865
2025-06-14,Tel_Aviv_IL,CHL,my,0.1439,0.1398,0.1011,0.1575,0.93
2025-06-15,Tel_Aviv_IL,CHL,my,0.1385,0.1385,0.1113,0.3155,0.75
2025-06-16,Tel_Aviv_IL,CHL,my,0.2062,0.1547,0.08311,0.2309,0.93
2025-06-17,Tel_Aviv_IL,CHL,my,0.1782,0.1318,0.09301,0.3143,1
2025-06-18,Tel_Aviv_IL,CHL,my,0.3011,0.287,0.1743,0.5557,0.93
2025-06-19,Tel_Aviv_IL,CHL,my,0.223,0.1777,0.1173,0.3014,1
2025-06-20,Tel_Aviv_IL,CHL,my,0.1623,0.1309,0.07356,0.1875,0.88
2025-06-21,Tel_Aviv_IL,CHL,my,0.1049,0.0682,0.05953,0.2069,1
2025-06-22,Tel_Aviv_IL,CHL,my,0.1697,0.1121,0.08607,0.1891,0.81
2025-06-23,Tel_Aviv_IL,CHL,my,0.188,0.1656,0.1038,0.188,0.59
2025-06-25,Tel_Aviv_IL,CHL,my,0.1906,0.1747,0.07988,0.2737,1
2025-06-26,Tel_Aviv_IL,CHL,my,0.1939,0.08096,0.0632,0.1939,0.865
2025-06-27,Tel_Aviv_IL,CHL,my,0.1699,0.1424,0.08292,0.1868,0.88
2025-06-28,Tel_Aviv_IL,CHL,my,0.1811,0.1277,0.09373,0.2048,0.88
2025-06-29,Tel_Aviv_IL,CHL,my,0.1492,0.152,0.09122,0.1898,0.93
2025-06-30,Tel_Aviv_IL,CHL,my,0.2077,0.1943,0.1246,0.4749,0.95
2025-07-02,Tel_Aviv_IL,CHL,my,0.1511,0.1129,0.08615,0.1912,0.93
2025-07-03,Tel_Aviv_IL,CHL,my,0.1325,0.1267,0.0995,0.2289,1
2025-07-04,Tel_Aviv_IL,CHL,my,0.1347,0.1355,0.1325,0.2963,1
2025-07-05,Tel_Aviv_IL,CHL,my,0.1636,0.1636,0.1059,0.2857,0.93
2025-07-06,Tel_Aviv_IL,CHL,my,0.1027,0.1016,0.07916,0.1523,0.93
2025-07-07,Tel_Aviv_IL,CHL,my,0.1105,0.1111,0.09569,0.2971,1
2025-07-08,Tel_Aviv_IL,CHL,my,0.1375,,,,0.2
2025-07-09,Tel_Aviv_IL,CHL,my,,0.05265,0.04009,0.06357,0.735
2025-07-10,Tel_Aviv_IL,CHL,my,0.1803,,,,0.47
2025-07-11,Tel_Aviv_IL,CHL,my,0.1371,0.1371,0.07912,0.1915,0.93
2025-07-12,Tel_Aviv_IL,CHL,my,0.2122,0.2119,0.1201,0.3429,1
2025-07-13,Tel_Aviv_IL,CHL,my,0.2087,,,,0.425
2025-07-14,Tel_Aviv_IL,CHL,my,0.1392,0.1354,0.1103,0.4099,1
2025-07-15,Tel_Aviv_IL,CHL,my,0.09981,0.08134,0.05396,0.1313,0.88
2025-07-16,Tel_Aviv_IL,CHL,my,0.2707,0.2429,0.1387,0.4225,0.95
2025-07-17,Tel_Aviv_IL,CHL,my,0.2182,0.1911,0.1135,0.2182,0.865
2025-07-18,Tel_Aviv_IL,CHL,my,0.1275,0.1536,0.113,0.3717,1
2025-07-19,Tel_Aviv_IL,CHL,my,0.1193,0.108,0.07886,0.1677,0.93
2025-07-20,Tel_Aviv_IL,CHL,my,0.1418,0.1418,0.1059,0.2962,0.92
2025-07-22,Tel_Aviv_IL,CHL,my,0.05819,0.04662,0.03944,0.09206,0.93
2025-07-23,Tel_Aviv_IL,CHL,my,0.112,0.1176,0.07534,0.1859,0.93
2025-07-24,Tel_Aviv_IL,CHL,my,0.1232,0.1047,0.07801,0.2361,1
2025-07-26,Tel_Aviv_IL,CHL,my,0.1034,0.08429,0.0603,0.1238,0.93
2025-07-27,Tel_Aviv_IL,CHL,my,0.1115,0.09701,0.09048,0.2492,1
2025-07-28,Tel_Aviv_IL,CHL,my,0.1222,0.1124,0.08434,0.21,0.95
2025-07-30,Tel_Aviv_IL,CHL,my,0.1435,0.1542,0.1069,0.218,0.63
2025-07-31,Tel_Aviv_IL,CHL,my,0.2108,0.2113,0.1006,0.3166,1
2025-08-01,Tel_Aviv_IL,CHL,my,0.161,0.09401,0.06435,0.1979,0.88
2025-08-02,Tel_Aviv_IL,CHL,my,0.2946,0.2031,0.1296,0.2946,0.855
2025-08-03,Tel_Aviv_IL,CHL,my,0.8281,0.5799,0.2208,0.8462,0.93
2025-08-04,Tel_Aviv_IL,CHL,my,0.4115,0.3827,0.1848,0.492,1
2025-08-05,Tel_Aviv_IL,CHL,my,0.2999,0.1679,0.1178,0.3461,0.72
2025-08-06,Tel_Aviv_IL,CHL,my,,0.1725,0.1361,0.3445,0.7
2025-08-07,Tel_Aviv_IL,CHL,my,0.2203,,,,0.445
2025-08-08,Tel_Aviv_IL,CHL,my,0.4002,0.3784,0.2996,1.017,1
2025-08-10,Tel_Aviv_IL,CHL,my,0.5706,0.3451,0.2175,0.5706,0.865
2025-08-14,Tel_Aviv_IL,CHL,my,0.2841,0.2507,0.232,0.5026,1
2025-08-15,Tel_Aviv_IL,CHL,my,,0.2406,0.2215,0.2553,0.605
2025-08-16,Tel_Aviv_IL,CHL,my,0.1912,,,,0.38
2025-08-18,Tel_Aviv_IL,CHL,my,0.1019,0.08614,0.07683,0.1387,0.87
2025-08-19,Tel_Aviv_IL,CHL,my,0.08458,0.1149,0.07363,0.1474,0.93
2025-08-20,Tel_Aviv_IL,CHL,my,0.1163,0.1099,0.06191,0.1409,0.93
2025-08-22,Tel_Aviv_IL,CHL,my,0.1975,0.1975,0.1356,0.5208,0.735
2025-08-23,Tel_Aviv_IL,CHL,my,0.3722,0.2348,0.1826,0.4095,1
2025-08-24,Tel_Aviv_IL,CHL,my,0.5065,0.6847,0.3626,0.6945,0.54
2025-08-27,Tel_Aviv_IL,CHL,my,0.3852,,,,0.33
2025-08-28,Tel_Aviv_IL,CHL,my,1.94,0.5809,0.4373,1.94,0.88
2025-08-29,Tel_Aviv_IL,CHL,my,1.3,0.7405,0.4098,1.657,0.93
2025-08-30,Tel_Aviv_IL,CHL,my,0.6603,0.6603,0.4296,1.199,0.86
2025-08-31,Tel_Aviv_IL,CHL,my,1.063,0.7349,0.493,1.541,0.88
2025-09-03,Tel_Aviv_IL,CHL,my,,0.08096,0.06799,0.09657,0.525
2025-09-04,Tel_Aviv_IL,CHL,my,0.1578,0.102,0.1251,0.4998,1
2025-09-05,Tel_Aviv_IL,CHL,my,0.2138,0.1161,0.1175,0.406,0.93
2025-09-06,Tel_Aviv_IL,CHL,my,0.303,0.1679,0.1858,0.9589,1
2025-09-07,Tel_Aviv_IL,CHL,my,0.2236,0.1885,0.1354,0.4554,0.93
2025-09-08,Tel_Aviv_IL,CHL,my,0.1925,0.1398,0.09657,0.1925,0.735
2025-09-09,Tel_Aviv_IL,CHL,my,0.3031,0.3031,0.1912,0.4108,0.52
2025-09-10,Tel_Aviv_IL,CHL,my,0.3412,0.4017,0.2916,1.076,0.93
2025-09-11,Tel_Aviv_IL,CHL,my,0.6901,0.2717,0.2568,0.6901,0.93
2025-09-12,Tel_Aviv_IL,CHL,my,0.2206,0.2255,0.1959,0.4402,1
2025-09-13,Tel_Aviv_IL,CHL,my,0.09494,0.09478,0.0859,0.1383,0.88
2025-09-14,Tel_Aviv_IL,CHL,my,0.1128,0.09531,0.09535,0.3428,1
2025-09-15,Tel_Aviv_IL,CHL,my,0.07026,0.06736,0.0843,0.4056,1
2025-09-16,Tel_Aviv_IL,CHL,my,0.0946,0.08393,0.09643,0.4783,1
2025-09-17,Tel_Aviv_IL,CHL,my,,0.06705,0.05442,0.08883,0.735
2025-09-18,Tel_Aviv_IL,CHL,my,0.09608,0.1329,0.09687,0.2398,0.605
2025-09-19,Tel_Aviv_IL,CHL,my,0.1303,0.07632,0.06996,0.2156,1
2025-09-20,Tel_Aviv_IL,CHL,my,0.4311,0.3729,0.2224,0.995,1
2025-09-21,Tel_Aviv_IL,CHL,my,0.4405,0.3905,0.2073,0.6461,1
2025-09-22,Tel_Aviv_IL,CHL,my,0.3871,0.346,0.1936,0.5881,1
2025-09-23,Tel_Aviv_IL,CHL,my,0.4249,0.3058,0.1743,0.6648,0.93
2025-09-24,Tel_Aviv_IL,CHL,my,0.5332,,,,0.405
2025-09-26,Tel_Aviv_IL,CHL,my,1.525,1.31,0.6094,1.525,0.88
2025-09-27,Tel_Aviv_IL,CHL,my,0.4494,0.1446,0.1735,1.308,0.93
2025-09-28,Tel_Aviv_IL,CHL,my,0.2832,0.09521,0.09892,0.2832,0.865
2025-09-29,Tel_Aviv_IL,CHL,my,0.451,0.451,0.3364,1.141,0.935
2025-09-30,Tel_Aviv_IL,CHL,my,0.1717,0.1491,0.1249,0.387,0.705
2025-10-01,Tel_Aviv_IL,CHL,my,0.4714,0.2427,0.1458,0.4714,1
2025-10-02,Tel_Aviv_IL,CHL,my,0.196,0.1683,0.1092,0.2421,0.7
2025-10-03,Tel_Aviv_IL,CHL,my,0.148,0.1182,0.07771,0.239,1
2025-10-05,Tel_Aviv_IL,CHL,my,,0.04383,0.0423,0.0773,0.755
2025-10-06,Tel_Aviv_IL,CHL,my,0.06887,0.06887,0.05445,0.1241,0.59
2025-10-07,Tel_Aviv_IL,CHL,my,0.1392,0.07081,0.0752,0.2343,1
2025-10-08,Tel_Aviv_IL,CHL,my,0.2028,0.2065,0.1647,0.3994,1
2025-10-10,Tel_Aviv_IL,CHL,my,0.1514,0.08995,0.07729,0.1514,0.865
2025-10-11,Tel_Aviv_IL,CHL,my,0.2519,0.2045,0.1456,0.4495,1
2025-10-12,Tel_Aviv_IL,CHL,my,0.2075,0.2075,0.1561,0.2825,0.9
2025-10-13,Tel_Aviv_IL,CHL,my,0.2147,0.2147,0.1415,0.2428,0.93
2025-10-14,Tel_Aviv_IL,CHL,my,0.2906,0.3055,0.2791,0.5627,1
2025-10-15,Tel_Aviv_IL,CHL,my,0.1978,0.2076,0.1472,0.3692,1
2025-10-16,Tel_Aviv_IL,CHL,my,0.1455,0.1493,0.1058,0.1568,0.93
2025-10-17,Tel_Aviv_IL,CHL,my,0.2061,0.2055,0.1578,0.2128,0.655
2025-10-18,Tel_Aviv_IL,CHL,my,0.1345,0.1502,0.1259,0.2133,0.93
2025-10-19,Tel_Aviv_IL,CHL,my,0.1726,0.1615,0.1204,0.1878,1
2025-10-20,Tel_Aviv_IL,CHL,my,0.2025,0.2153,0.1989,0.4319,0.67
2025-10-21,Tel_Aviv_IL,CHL,my,0.2074,0.1976,0.1473,0.2228,0.88
2025-10-22,Tel_Aviv_IL,CHL,my,0.1454,0.1542,0.1212,0.1861,0.93
2025-10-23,Tel_Aviv_IL,CHL,my,0.2048,0.1764,0.1246,0.2475,0.93
2025-10-24,Tel_Aviv_IL,CHL,my,0.1754,,,,0.26
2025-10-25,Tel_Aviv_IL,CHL,my,0.1308,0.1104,0.08072,0.16,0.93
2025-10-26,Tel_Aviv_IL,CHL,my,0.08558,0.06554,0.05768,0.132,1
2025-10-27,Tel_Aviv_IL,CHL,my,0.06976,0.05447,0.05753,0.1803,1
2025-10-28,Tel_Aviv_IL,CHL,my,0.1423,0.1158,0.07653,0.1725,0.93
2025-10-30,Tel_Aviv_IL,CHL,my,0.2316,0.2229,0.176,0.6184,1
2025-10-31,Tel_Aviv_IL,CHL,my,0.1954,0.3282,0.2688,0.6304,1
2025-11-01,Tel_Aviv_IL,CHL,my,0.178,0.1756,0.1232,0.2166,0.93
2025-11-08,Tel_Aviv_IL,CHL,my,0.1582,0.1091,0.09027,0.1582,0.585
2025-11-09,Tel_Aviv_IL,CHL,my,0.2221,0.1983,0.1408,0.2818,0.93
2025-11-12,Tel_Aviv_IL,CHL,my,0.2279,0.1981,0.1348,0.2648,0.93
2025-11-16,Tel_Aviv_IL,CHL,my,0.5366,0.5366,0.4112,0.8264,0.71
2025-11-18,Tel_Aviv_IL,CHL,my,0.475,0.3799,0.2409,0.5333,0.88
2025-11-19,Tel_Aviv_IL,CHL,my,0.4383,0.4153,0.2728,0.5599,0.93
2025-11-20,Tel_Aviv_IL,CHL,my,0.4389,0.3932,0.2486,0.4858,0.93
2025-11-22,Tel_Aviv_IL,CHL,my,0.3127,0.3057,0.1904,0.3516,0.93
2025-11-23,Tel_Aviv_IL,CHL,my,0.27,0.2937,0.256,0.4799,1
2025-11-26,Tel_Aviv_IL,CHL,my,0.1804,0.2056,0.148,0.2487,0.93
2025-11-27,Tel_Aviv_IL,CHL,my,0.2626,0.2626,0.2051,0.4281,0.83
2025-11-30,Tel_Aviv_IL,CHL,my,,0.2081,0.1405,0.2326,0.735
2025-12-01,Tel_Aviv_IL,CHL,my,0.2792,0.2834,0.2271,0.4672,1
2025-12-02,Tel_Aviv_IL,CHL,my,0.1592,,,,0.46
2025-12-04,Tel_Aviv_IL,CHL,my,0.2534,0.2415,0.2023,0.3867,0.915
2025-12-07,Tel_Aviv_IL,CHL,my,,0.1601,0.1345,0.2524,0.69
2025-12-14,Tel_Aviv_IL,CHL,my,0.5367,0.4123,0.2514,0.8499,0.93
2025-12-16,Tel_Aviv_IL,CHL,my,0.2585,0.1733,0.1844,0.7912,0.75
2025-12-17,Tel_Aviv_IL,CHL,my,0.2449,0.1898,0.1559,0.3526,0.93
2025-12-18,Tel_Aviv_IL,CHL,my,0.2414,0.1955,0.1393,0.2414,0.865
2025-12-21,Tel_Aviv_IL,CHL,my,0.3409,0.3338,0.2293,0.3478,0.88
2025-12-24,Tel_Aviv_IL,CHL,my,0.2141,0.2903,0.2102,0.3529,0.93
2025-12-25,Tel_Aviv_IL,CHL,my,0.1698,0.188,0.1576,0.2275,0.93
2025-12-26,Tel_Aviv_IL,CHL,my,0.2037,,,,0.39
