date,site,variable,stream,at_station,transect_p80,transect_mean,transect_max,valid_frac
2024-01-01,Ashdod_IL,CHL,my,0.1109,0.09807,0.08436,0.1436,0.9254
2024-01-04,Ashdod_IL,CHL,my,0.1284,0.1235,0.08972,0.1367,0.9104
2024-01-05,Ashdod_IL,CHL,my,0.1124,,,,0.3483
2024-01-06,Ashdod_IL,CHL,my,0.1131,0.09168,0.08753,0.131,0.9254
2024-01-07,Ashdod_IL,CHL,my,0.07783,0.07616,0.07114,0.1097,0.9254
2024-01-08,Ashdod_IL,CHL,my,,0.1391,0.09708,0.1694,0.5821
2024-01-10,Ashdod_IL,CHL,my,0.4435,0.4042,0.2346,0.4868,0.9254
2024-01-13,Ashdod_IL,CHL,my,0.2143,0.2067,0.1609,0.2802,0.995
2024-01-16,Ashdod_IL,CHL,my,0.1786,0.1716,0.138,0.1906,0.7512
2024-01-18,Ashdod_IL,CHL,my,0.1036,0.09929,0.0789,0.1036,0.9254
2024-01-19,Ashdod_IL,CHL,my,0.08422,0.08205,0.07124,0.08628,0.9254
2024-01-20,Ashdod_IL,CHL,my,0.09359,0.09714,0.08501,0.1178,0.6567
2024-01-21,Ashdod_IL,CHL,my,0.1072,0.1072,0.09056,0.1554,0.7164
2024-01-22,Ashdod_IL,CHL,my,0.09442,0.09411,0.0847,0.1139,0.9254
2024-01-25,Ashdod_IL,CHL,my,0.1831,,,,0.4826
2024-01-27,Ashdod_IL,CHL,my,0.5106,0.5106,0.2983,0.5825,0.5025
2024-02-07,Ashdod_IL,CHL,my,0.2459,0.1999,0.1466,0.2459,0.9254
2024-02-08,Ashdod_IL,CHL,my,0.1992,0.1992,0.1613,0.2192,0.9254
2024-02-09,Ashdod_IL,CHL,my,0.2234,0.1941,0.14,0.2555,0.8905
2024-02-10,Ashdod_IL,CHL,my,0.1295,0.1706,0.1173,0.2181,0.9254
2024-02-11,Ashdod_IL,CHL,my,0.1217,0.1217,0.095,0.1263,0.9254
2024-02-15,Ashdod_IL,CHL,my,0.09753,0.09724,0.08404,0.1102,0.9254
2024-02-21,Ashdod_IL,CHL,my,0.1225,0.112,0.105,0.192,0.9254
2024-02-22,Ashdod_IL,CHL,my,0.1073,0.1073,0.0965,0.2257,0.9104
2024-02-24,Ashdod_IL,CHL,my,0.235,0.1833,0.1425,0.3178,0.806
2024-02-25,Ashdod_IL,CHL,my,0.1645,0.1409,0.1035,0.2494,0.9254
2024-02-26,Ashdod_IL,CHL,my,0.3857,0.3857,0.2076,0.7141,0.995
2024-02-28,Ashdod_IL,CHL,my,0.4559,0.4559,0.2491,0.7219,0.995
2024-02-29,Ashdod_IL,CHL,my,0.518,0.5011,0.2629,0.7498,0.995
2024-03-01,Ashdod_IL,CHL,my,,0.1296,0.09591,0.2133,0.7214
2024-03-05,Ashdod_IL,CHL,my,0.2083,0.1754,0.1314,0.334,0.995
2024-03-07,Ashdod_IL,CHL,my,0.2788,,,,0.2537
2024-03-10,Ashdod_IL,CHL,my,0.8282,0.5137,0.2525,1.046,0.9254
2024-03-11,Ashdod_IL,CHL,my,0.6117,0.4655,0.2398,1.002,0.995
2024-03-12,Ashdod_IL,CHL,my,0.7245,0.3498,0.2233,0.7553,0.9254
2024-03-15,Ashdod_IL,CHL,my,0.2033,0.2033,0.1275,0.3239,0.8209
2024-03-20,Ashdod_IL,CHL,my,1.243,0.9463,0.3873,1.243,0.9254
2024-03-21,Ashdod_IL,CHL,my,0.9897,0.8707,0.4152,1.091,0.995
2024-03-22,Ashdod_IL,CHL,my,,0.3554,0.1918,0.5795,0.6866
2024-03-23,Ashdod_IL,CHL,my,1.18,1.18,0.4789,1.258,0.9254
2024-03-25,Ashdod_IL,CHL,my,,0.172,0.1173,0.3102,0.5821
2024-03-28,Ashdod_IL,CHL,my,1.115,1.09,0.4656,1.228,0.995
2024-03-31,Ashdod_IL,CHL,my,0.6909,0.6909,0.3579,0.8672,0.9104
2024-04-01,Ashdod_IL,CHL,my,0.9827,0.9524,0.5054,1.103,0.995
2024-04-03,Ashdod_IL,CHL,my,1.143,1.045,0.6777,1.242,0.9104
2024-04-04,Ashdod_IL,CHL,my,0.8009,0.6249,0.4656,1.031,0.9254
2024-04-05,Ashdod_IL,CHL,my,0.8419,0.8079,0.504,1.011,0.9254
2024-04-06,Ashdod_IL,CHL,my,0.548,0.548,0.3484,0.5488,0.5473
2024-04-08,Ashdod_IL,CHL,my,,0.1506,0.1174,0.2823,0.7811
2024-04-09,Ashdod_IL,CHL,my,0.4719,0.2315,0.1463,0.4719,0.7015
2024-04-10,Ashdod_IL,CHL,my,,0.1478,0.09856,0.3143,0.6617
2024-04-11,Ashdod_IL,CHL,my,0.4418,0.4418,0.2349,1.046,1
2024-04-12,Ashdod_IL,CHL,my,0.5599,0.3973,0.2999,1.137,0.9254
2024-04-13,Ashdod_IL,CHL,my,,0.2576,0.1707,0.3178,0.6517
2024-04-14,Ashdod_IL,CHL,my,,0.194,0.1077,0.2291,0.607
2024-04-15,Ashdod_IL,CHL,my,0.7914,0.7871,0.3679,1.338,0.995
2024-04-16,Ashdod_IL,CHL,my,0.5269,0.4229,0.2586,0.7496,0.9254
2024-04-17,Ashdod_IL,CHL,my,0.9919,0.6443,0.3271,1.171,0.9254
2024-04-19,Ashdod_IL,CHL,my,0.3711,0.347,0.2044,0.8158,0.995
2024-04-21,Ashdod_IL,CHL,my,0.2951,0.1854,0.117,0.396,0.9254
2024-04-24,Ashdod_IL,CHL,my,0.3592,0.3302,0.1813,0.4112,0.9254
2024-04-25,Ashdod_IL,CHL,my,,0.2032,0.1449,0.2494,0.7413
2024-04-28,Ashdod_IL,CHL,my,0.1416,0.1334,0.0949,0.1416,0.8607
2024-05-04,Ashdod_IL,CHL,my,0.3673,0.3414,0.1604,0.3981,0.9104
2024-05-05,Ashdod_IL,CHL,my,0.4052,0.4052,0.2625,0.5925,0.7861
2024-05-06,Ashdod_IL,CHL,my,,0.1725,0.113,0.4157,0.6766
2024-05-07,Ashdod_IL,CHL,my,1.038,0.9047,0.432,1.038,0.8607
2024-05-08,Ashdod_IL,CHL,my,0.8858,0.8872,0.4578,0.9578,0.995
2024-05-09,Ashdod_IL,CHL,my,1.178,1.178,1.023,1.297,0.9254
2024-05-10,Ashdod_IL,CHL,my,0.4399,,,,0.1393
2024-05-12,Ashdod_IL,CHL,my,0.4753,0.4753,0.3418,0.7692,0.7413
2024-05-13,Ashdod_IL,CHL,my,,0.1861,0.1361,0.2302,0.7214
2024-05-14,Ashdod_IL,CHL,my,0.441,0.4481,0.3536,1.13,0.995
2024-05-16,Ashdod_IL,CHL,my,1.063,1.062,0.6046,1.504,0.995
2024-05-17,Ashdod_IL,CHL,my,,0.22,0.1482,0.2317,0.791
2024-05-21,Ashdod_IL,CHL,my,0.2104,0.2134,0.1871,0.3514,0.995
2024-05-22,Ashdod_IL,CHL,my,0.2724,0.2724,0.2118,0.3042,0.8657
2024-05-24,Ashdod_IL,CHL,my,0.1533,0.2353,0.1921,0.2394,0.5224
2024-05-26,Ashdod_IL,CHL,my,0.3999,0.1298,0.1402,0.5371,0.7711
2024-05-29,Ashdod_IL,CHL,my,0.6487,0.6487,0.236,0.9045,1
2024-05-30,Ashdod_IL,CHL,my,0.2171,,,,0.4677
2024-05-31,Ashdod_IL,CHL,my,,0.1695,0.1102,0.2686,0.796
2024-06-01,Ashdod_IL,CHL,my,0.2478,0.2126,0.1204,0.2892,0.9104
2024-06-02,Ashdod_IL,CHL,my,0.4313,0.5119,0.3604,0.8059,0.995
2024-06-04,Ashdod_IL,CHL,my,0.1263,0.1249,0.1151,0.2564,0.995
2024-06-05,Ashdod_IL,CHL,my,,0.2003,0.2,0.3022,0.6219
2024-06-06,Ashdod_IL,CHL,my,0.2127,0.1987,0.1728,0.2127,0.9104
2024-06-07,Ashdod_IL,CHL,my,0.1446,0.1521,0.1364,0.1849,0.9254
2024-06-08,Ashdod_IL,CHL,my,0.1299,0.138,0.113,0.2056,0.995
2024-06-09,Ashdod_IL,CHL,my,0.1495,0.1431,0.09849,0.1667,0.9104
2024-06-10,Ashdod_IL,CHL,my,0.1783,0.1783,0.1275,0.3959,0.9204
2024-06-11,Ashdod_IL,CHL,my,0.1513,0.1457,0.1116,0.2087,0.9104
2024-06-12,Ashdod_IL,CHL,my,0.4257,0.3432,0.2029,0.5349,0.995
2024-06-13,Ashdod_IL,CHL,my,0.2617,0.1913,0.1553,0.3757,0.9254
2024-06-14,Ashdod_IL,CHL,my,0.3328,0.2777,0.1509,0.4109,0.995
2024-06-16,Ashdod_IL,CHL,my,0.1824,0.103,0.0798,0.3327,0.8756
2024-06-17,Ashdod_IL,CHL,my,0.1763,0.1463,0.09387,0.2637,0.995
2024-06-18,Ashdod_IL,CHL,my,0.2491,0.2027,0.1055,0.3465,0.9254
2024-06-19,Ashdod_IL,CHL,my,0.2618,0.1928,0.129,0.3689,0.9254
2024-06-20,Ashdod_IL,CHL,my,0.2378,0.2168,0.1276,0.238,0.9104
2024-06-21,Ashdod_IL,CHL,my,0.3145,0.3055,0.1601,0.3997,0.995
2024-06-22,Ashdod_IL,CHL,my,0.3131,0.2287,0.1015,0.3196,0.9104
2024-06-24,Ashdod_IL,CHL,my,0.8049,0.5936,0.2406,0.8049,0.9254
2024-06-25,Ashdod_IL,CHL,my,0.2803,0.2682,0.1172,0.4165,0.995
2024-06-26,Ashdod_IL,CHL,my,0.1179,0.1176,0.07207,0.1479,0.9254
2024-06-27,Ashdod_IL,CHL,my,0.1631,,,,0.0647
2024-06-28,Ashdod_IL,CHL,my,0.1168,0.131,0.1101,0.1428,0.9104
2024-06-29,Ashdod_IL,CHL,my,0.1344,0.1344,0.08362,0.1398,0.8607
2024-06-30,Ashdod_IL,CHL,my,0.1843,0.1667,0.08943,0.208,0.9254
2024-07-01,Ashdod_IL,CHL,my,0.253,0.2465,0.1454,0.3543,0.995
2024-07-02,Ashdod_IL,CHL,my,0.153,0.153,0.09631,0.1886,0.5522
2024-07-03,Ashdod_IL,CHL,my,0.09513,0.07516,0.05586,0.1033,0.9254
2024-07-04,Ashdod_IL,CHL,my,0.1756,0.1378,0.09238,0.1756,0.8607
2024-07-05,Ashdod_IL,CHL,my,,0.1295,0.1287,0.1519,0.5174
2024-07-06,Ashdod_IL,CHL,my,0.153,0.1266,0.08883,0.153,0.8607
2024-07-07,Ashdod_IL,CHL,my,,0.137,0.1084,0.1644,0.9303
2024-07-08,Ashdod_IL,CHL,my,0.1095,0.1109,0.07397,0.1399,0.9254
2024-07-09,Ashdod_IL,CHL,my,0.1355,0.1504,0.1397,0.184,0.995
2024-07-10,Ashdod_IL,CHL,my,0.2427,0.2036,0.1268,0.2427,0.8607
2024-07-11,Ashdod_IL,CHL,my,0.2395,0.2862,0.2531,0.38,0.995
2024-07-13,Ashdod_IL,CHL,my,0.1302,0.1303,0.11,0.1509,0.9254
2024-07-15,Ashdod_IL,CHL,my,0.1798,,,,0.4577
2024-07-16,Ashdod_IL,CHL,my,0.2053,0.1422,0.07423,0.2053,0.9254
2024-07-17,Ashdod_IL,CHL,my,0.1673,0.07577,0.06265,0.1673,0.8806
2024-07-18,Ashdod_IL,CHL,my,0.04293,0.05029,0.05337,0.1484,0.995
2024-07-19,Ashdod_IL,CHL,my,0.03251,0.04171,0.03903,0.04411,0.9254
2024-07-20,Ashdod_IL,CHL,my,0.08507,0.07029,0.06063,0.12,0.9254
2024-07-21,Ashdod_IL,CHL,my,0.1395,0.1343,0.08121,0.1774,1
2024-07-22,Ashdod_IL,CHL,my,0.1645,,,,0.3134
2024-07-23,Ashdod_IL,CHL,my,0.1281,0.1197,0.1049,0.1325,0.9104
2024-07-25,Ashdod_IL,CHL,my,0.8354,0.7447,0.504,1.174,0.9303
2024-07-26,Ashdod_IL,CHL,my,0.5515,0.4832,0.2119,0.5515,0.8955
2024-07-27,Ashdod_IL,CHL,my,0.1287,0.1101,0.08823,0.3217,0.9254
2024-07-28,Ashdod_IL,CHL,my,0.3137,0.3137,0.1693,0.8123,0.995
2024-07-29,Ashdod_IL,CHL,my,0.2832,0.1148,0.09442,0.5632,0.9254
2024-07-30,Ashdod_IL,CHL,my,1.098,0.2011,0.2489,1.877,0.9254
2024-07-31,Ashdod_IL,CHL,my,0.316,0.1355,0.09492,0.3741,0.9254
2024-08-01,Ashdod_IL,CHL,my,0.5596,0.5596,0.2406,1.034,0.995
2024-08-02,Ashdod_IL,CHL,my,0.561,0.5003,0.202,0.8109,0.9104
2024-08-03,Ashdod_IL,CHL,my,0.4071,0.4071,0.2471,0.9774,0.995
2024-08-04,Ashdod_IL,CHL,my,2.187,0.8677,0.4672,2.187,0.8756
2024-08-05,Ashdod_IL,CHL,my,0.5406,0.4884,0.3259,2.071,0.995
2024-08-06,Ashdod_IL,CHL,my,0.2577,0.1105,0.1386,0.8512,0.9254
2024-08-07,Ashdod_IL,CHL,my,0.1933,0.1177,0.1657,0.8501,0.995
2024-08-08,Ashdod_IL,CHL,my,,0.08363,0.06356,0.09072,0.6368
2024-08-09,Ashdod_IL,CHL,my,0.4475,0.3785,0.1682,0.6415,0.995
2024-08-10,Ashdod_IL,CHL,my,0.3274,0.3038,0.172,0.663,0.99
2024-08-11,Ashdod_IL,CHL,my,0.6459,0.53,0.2466,0.8704,0.9254
2024-08-13,Ashdod_IL,CHL,my,0.287,0.1507,0.09815,0.287,0.8557
2024-08-14,Ashdod_IL,CHL,my,0.2591,0.1409,0.1252,0.4857,0.995
2024-08-15,Ashdod_IL,CHL,my,0.07456,0.08084,0.08974,0.5139,1
2024-08-16,Ashdod_IL,CHL,my,0.06651,0.06967,0.0644,0.1047,0.9254
2024-08-17,Ashdod_IL,CHL,my,,0.06539,0.05946,0.06939,0.5572
2024-08-18,Ashdod_IL,CHL,my,0.1914,0.1454,0.1438,0.7389,0.995
2024-08-19,Ashdod_IL,CHL,my,,0.08179,0.06623,0.1123,0.6269
2024-08-20,Ashdod_IL,CHL,my,0.6602,0.3143,0.2124,1.225,0.995
2024-08-21,Ashdod_IL,CHL,my,1.67,0.07618,0.2749,1.919,0.9254
2024-08-22,Ashdod_IL,CHL,my,0.0822,0.09861,0.09546,0.3868,0.9254
2024-08-23,Ashdod_IL,CHL,my,0.1297,0.07824,0.07531,0.3816,0.9254
2024-08-24,Ashdod_IL,CHL,my,0.1671,0.1671,0.1108,0.3489,0.6169
2024-08-25,Ashdod_IL,CHL,my,0.0886,0.05339,0.05235,0.2557,0.9254
2024-08-26,Ashdod_IL,CHL,my,0.02806,0.03147,0.02733,0.06155,0.9254
2024-08-27,Ashdod_IL,CHL,my,0.06669,0.05978,0.05071,0.1275,0.9254
2024-08-28,Ashdod_IL,CHL,my,,0.05627,0.0462,0.1542,0.9303
2024-08-29,Ashdod_IL,CHL,my,0.07509,0.06973,0.0543,0.08238,0.7363
2024-09-01,Ashdod_IL,CHL,my,0.2575,0.2347,0.1469,0.2779,0.8607
2024-09-02,Ashdod_IL,CHL,my,1.148,0.8458,0.3549,1.148,0.995
2024-09-03,Ashdod_IL,CHL,my,0.367,0.367,0.1965,0.9572,0.995
2024-09-04,Ashdod_IL,CHL,my,0.4749,0.4749,0.1867,0.6135,0.9254
2024-09-05,Ashdod_IL,CHL,my,1.604,1.602,0.6902,1.743,0.995
2024-09-06,Ashdod_IL,CHL,my,1.131,1.022,0.5355,1.202,0.995
2024-09-07,Ashdod_IL,CHL,my,1.193,0.2726,0.2786,1.769,0.9254
2024-09-08,Ashdod_IL,CHL,my,0.08157,0.07923,0.05747,0.09904,0.9104
2024-09-09,Ashdod_IL,CHL,my,0.1803,0.1768,0.1163,0.2865,0.995
2024-09-10,Ashdod_IL,CHL,my,0.1896,0.1892,0.1321,0.3316,0.9254
2024-09-11,Ashdod_IL,CHL,my,0.3028,0.2917,0.1871,0.7094,0.995
2024-09-12,Ashdod_IL,CHL,my,0.8035,0.4424,0.2916,0.9644,0.9254
2024-09-13,Ashdod_IL,CHL,my,0.1423,0.1506,0.1403,0.4041,0.7761
2024-09-14,Ashdod_IL,CHL,my,0.06078,0.06376,0.06279,0.2129,0.995
2024-09-16,Ashdod_IL,CHL,my,0.09069,0.08937,0.06789,0.2192,0.7861
2024-09-17,Ashdod_IL,CHL,my,0.0976,0.05687,0.04672,0.1686,0.9254
2024-09-19,Ashdod_IL,CHL,my,,0.113,0.1244,0.5288,0.5721
2024-09-21,Ashdod_IL,CHL,my,0.4943,0.6273,0.4406,0.9273,0.9104
2024-09-23,Ashdod_IL,CHL,my,0.4353,,,,0.4677
2024-09-24,Ashdod_IL,CHL,my,0.4368,0.6909,0.5823,0.8287,0.9254
2024-09-25,Ashdod_IL,CHL,my,0.5618,0.6207,0.3684,0.8764,0.995
2024-09-26,Ashdod_IL,CHL,my,0.6447,0.5121,0.2374,0.7565,0.9254
2024-09-27,Ashdod_IL,CHL,my,,0.1875,0.09519,0.215,0.796
2024-09-28,Ashdod_IL,CHL,my,0.1095,0.1067,0.1092,0.3277,0.995
2024-09-29,Ashdod_IL,CHL,my,0.09362,0.07126,0.06338,0.1791,0.7164
2024-09-30,Ashdod_IL,CHL,my,0.2348,0.1886,0.09524,0.2348,0.9254
2024-10-02,Ashdod_IL,CHL,my,0.5991,0.7072,0.4216,0.8347,0.6418
2024-10-03,Ashdod_IL,CHL,my,0.8761,0.8299,0.3357,0.8999,0.995
2024-10-04,Ashdod_IL,CHL,my,0.6176,0.4097,0.241,0.7866,0.9254
2024-10-06,Ashdod_IL,CHL,my,0.3638,0.3599,0.1741,0.3682,0.8607
2024-10-07,Ashdod_IL,CHL,my,,0.1057,0.09573,0.1729,0.6766
2024-10-08,Ashdod_IL,CHL,my,0.262,0.1421,0.1392,0.3485,0.6816
2024-10-09,Ashdod_IL,CHL,my,0.2496,0.231,0.1263,0.3434,0.995
2024-10-10,Ashdod_IL,CHL,my,0.2152,0.1551,0.1048,0.3037,0.9254
2024-10-11,Ashdod_IL,CHL,my,0.2247,0.1905,0.1327,0.3694,0.995
2024-10-12,Ashdod_IL,CHL,my,0.1586,0.1279,0.08053,0.1586,0.8607
2024-10-13,Ashdod_IL,CHL,my,0.1796,0.1796,0.1233,0.3112,0.7612
2024-10-14,Ashdod_IL,CHL,my,0.2763,0.2763,0.1509,0.3473,1
2024-10-17,Ashdod_IL,CHL,my,0.2055,0.1596,0.0816,0.2134,0.995
2024-10-18,Ashdod_IL,CHL,my,0.148,0.152,0.07702,0.1937,0.995
2024-10-19,Ashdod_IL,CHL,my,0.3234,0.3245,0.1298,0.4396,0.995
2024-10-20,Ashdod_IL,CHL,my,0.2095,0.06487,0.07354,0.356,0.9254
2024-10-21,Ashdod_IL,CHL,my,0.2165,0.1928,0.08542,0.2936,0.995
2024-10-22,Ashdod_IL,CHL,my,0.1715,0.1715,0.07655,0.2031,0.995
2024-10-23,Ashdod_IL,CHL,my,0.2994,0.26,0.1141,0.3053,0.9254
2024-10-24,Ashdod_IL,CHL,my,0.2511,0.2265,0.1162,0.2604,0.995
2024-10-25,Ashdod_IL,CHL,my,0.2506,0.2459,0.1164,0.2633,0.995
2024-10-26,Ashdod_IL,CHL,my,0.1796,0.136,0.09756,0.2233,0.9254
2024-10-27,Ashdod_IL,CHL,my,0.1208,0.1208,0.08731,0.2275,0.9254
2024-10-28,Ashdod_IL,CHL,my,0.1237,0.1045,0.07781,0.1666,0.9254
2024-10-29,Ashdod_IL,CHL,my,0.1035,0.1052,0.07219,0.1201,0.995
2024-10-30,Ashdod_IL,CHL,my,0.05786,0.0696,0.06084,0.1004,0.995
2024-10-31,Ashdod_IL,CHL,my,0.09375,0.08591,0.06578,0.1426,0.9254
2024-11-04,Ashdod_IL,CHL,my,0.2195,0.1665,0.0854,0.2532,0.9254
2024-11-05,Ashdod_IL,CHL,my,0.1857,0.1864,0.08909,0.1979,0.995
2024-11-06,Ashdod_IL,CHL,my,0.1809,0.1809,0.09623,0.2068,0.9254
2024-11-07,Ashdod_IL,CHL,my,0.216,0.2135,0.1011,0.2442,0.995
2024-11-08,Ashdod_IL,CHL,my,,0.1045,0.08096,0.1385,0.6915
2024-11-09,Ashdod_IL,CHL,my,,0.06388,0.05356,0.07149,0.791
2024-11-10,Ashdod_IL,CHL,my,,0.08246,0.07199,0.1051,0.5174
2024-11-11,Ashdod_IL,CHL,my,0.2308,0.2015,0.1118,0.2308,0.8209
2024-11-12,Ashdod_IL,CHL,my,0.2403,0.2221,0.1254,0.244,0.9254
2024-11-13,Ashdod_IL,CHL,my,0.1851,0.1201,0.08413,0.1851,0.9254
2024-11-14,Ashdod_IL,CHL,my,0.1675,,,,0.403
2024-11-15,Ashdod_IL,CHL,my,0.1647,0.1553,0.09027,0.1858,0.995
2024-11-16,Ashdod_IL,CHL,my,0.1575,0.124,0.08478,0.1575,0.7861
2024-11-17,Ashdod_IL,CHL,my,0.1396,0.1379,0.07429,0.1489,0.995
2024-11-18,Ashdod_IL,CHL,my,,0.1693,0.09659,0.2453,0.6269
2024-11-20,Ashdod_IL,CHL,my,0.2542,0.247,0.1529,0.3364,0.995
2024-11-21,Ashdod_IL,CHL,my,0.2307,0.2558,0.179,0.2836,0.9254
2024-11-22,Ashdod_IL,CHL,my,0.1742,0.1742,0.1078,0.1993,0.995
2024-11-23,Ashdod_IL,CHL,my,0.2032,0.2032,0.1483,0.2346,0.7562
2024-11-26,Ashdod_IL,CHL,my,,0.5011,0.3019,0.9781,0.6119
2024-11-28,Ashdod_IL,CHL,my,0.5272,0.5272,0.3035,0.6067,0.995
2024-11-29,Ashdod_IL,CHL,my,0.2705,0.2888,0.2153,0.3486,0.7512
2024-11-30,Ashdod_IL,CHL,my,0.146,0.08789,0.07207,0.1805,0.9254
2024-12-01,Ashdod_IL,CHL,my,0.3056,0.2605,0.1404,0.3215,0.995
2024-12-02,Ashdod_IL,CHL,my,0.2123,0.2026,0.1048,0.4353,0.995
2024-12-03,Ashdod_IL,CHL,my,0.1641,0.1711,0.11,0.2417,0.6517
2024-12-04,Ashdod_IL,CHL,my,0.05957,0.05015,0.04161,0.07548,0.9254
2024-12-05,Ashdod_IL,CHL,my,0.106,0.08668,0.06641,0.106,0.9104
2024-12-06,Ashdod_IL,CHL,my,0.1438,0.1263,0.1141,0.1604,0.9254
2024-12-08,Ashdod_IL,CHL,my,0.2826,0.2627,0.1812,0.3034,0.8209
2024-12-09,Ashdod_IL,CHL,my,0.1861,0.1631,0.1178,0.2029,0.9254
2024-12-13,Ashdod_IL,CHL,my,0.1942,0.1939,0.1357,0.2044,0.8607
2024-12-14,Ashdod_IL,CHL,my,0.1773,0.1363,0.1088,0.1782,0.7861
2024-12-15,Ashdod_IL,CHL,my,0.1664,0.139,0.1232,0.1664,0.9254
2024-12-16,Ashdod_IL,CHL,my,0.1217,0.1222,0.1124,0.1523,0.9254
2024-12-18,Ashdod_IL,CHL,my,0.1573,0.1527,0.09841,0.1617,0.9254
2024-12-19,Ashdod_IL,CHL,my,0.1826,0.1677,0.1122,0.1886,0.995
2024-12-22,Ashdod_IL,CHL,my,0.1564,0.1256,0.1063,0.2114,0.9254
2024-12-23,Ashdod_IL,CHL,my,0.1801,0.1977,0.1471,0.3846,0.995
2024-12-24,Ashdod_IL,CHL,my,0.1614,0.1614,0.1312,0.2536,0.9254
2024-12-25,Ashdod_IL,CHL,my,0.2282,0.2282,0.1561,0.2692,0.995
2024-12-29,Ashdod_IL,CHL,my,0.7051,0.6815,0.4696,0.7794,0.995
2024-01-01,Ashkelon_IL,CHL,my,0.08273,0.08405,0.07656,0.1217,0.9104
2024-01-04,Ashkelon_IL,CHL,my,0.1071,0.125,0.09359,0.1867,0.9303
2024-01-06,Ashkelon_IL,CHL,my,0.1266,0.1041,0.09032,0.136,0.806
2024-01-07,Ashkelon_IL,CHL,my,0.1417,0.1531,0.11,0.2085,0.9104
2024-01-08,Ashkelon_IL,CHL,my,0.1754,0.1658,0.1246,0.1894,0.8806
2024-01-10,Ashkelon_IL,CHL,my,0.2947,0.2947,0.2247,0.3816,0.9104
2024-01-13,Ashkelon_IL,CHL,my,0.7606,0.7606,0.43,0.8933,1
2024-01-16,Ashkelon_IL,CHL,my,0.2291,0.2291,0.1643,0.3218,0.8159
2024-01-18,Ashkelon_IL,CHL,my,,0.08069,0.07404,0.08549,0.597
2024-01-19,Ashkelon_IL,CHL,my,0.08626,0.09415,0.08525,0.2702,1
2024-01-20,Ashkelon_IL,CHL,my,0.1294,0.1258,0.104,0.2329,0.8806
2024-01-21,Ashkelon_IL,CHL,my,0.2352,0.3112,0.194,0.6827,0.9254
2024-01-22,Ashkelon_IL,CHL,my,0.3507,0.3179,0.2148,0.4728,0.9104
2024-02-03,Ashkelon_IL,CHL,my,0.4155,,,,0.3582
2024-02-05,Ashkelon_IL,CHL,my,0.164,0.1742,0.1485,0.2049,0.6418
2024-02-07,Ashkelon_IL,CHL,my,0.505,0.5528,0.3178,0.6905,0.9502
2024-02-08,Ashkelon_IL,CHL,my,0.2526,0.3025,0.2403,0.5962,1
2024-02-09,Ashkelon_IL,CHL,my,0.1433,0.1198,0.1173,0.1923,0.9104
2024-02-10,Ashkelon_IL,CHL,my,0.1355,0.1265,0.1176,0.2852,1
2024-02-11,Ashkelon_IL,CHL,my,0.09893,0.1092,0.1034,0.2088,0.9502
2024-02-15,Ashkelon_IL,CHL,my,0.2319,0.2319,0.1732,0.6665,1
2024-02-16,Ashkelon_IL,CHL,my,0.3321,,,,0.2836
2024-02-17,Ashkelon_IL,CHL,my,0.4434,,,,0.4776
2024-02-20,Ashkelon_IL,CHL,my,0.2333,0.1361,0.1174,0.2333,0.806
2024-02-21,Ashkelon_IL,CHL,my,0.2379,0.2379,0.2303,1.479,1
2024-02-22,Ashkelon_IL,CHL,my,0.3271,0.3271,0.2195,0.9554,1
2024-02-24,Ashkelon_IL,CHL,my,0.1943,0.1919,0.1343,0.3123,0.8806
2024-02-25,Ashkelon_IL,CHL,my,0.1344,0.1232,0.1155,0.2919,0.9104
2024-02-26,Ashkelon_IL,CHL,my,0.1726,0.1726,0.2,0.9479,1
2024-02-28,Ashkelon_IL,CHL,my,0.3549,0.3549,0.3287,1.228,1
2024-02-29,Ashkelon_IL,CHL,my,0.9024,0.9024,0.4894,1.941,0.9502
2024-03-01,Ashkelon_IL,CHL,my,,0.203,0.1515,0.3281,0.7363
2024-03-05,Ashkelon_IL,CHL,my,0.7437,0.7437,0.3355,1.086,0.9502
2024-03-07,Ashkelon_IL,CHL,my,0.5051,0.5051,0.2892,0.9281,0.9502
2024-03-08,Ashkelon_IL,CHL,my,0.6015,,,,0.4527
2024-03-10,Ashkelon_IL,CHL,my,1.04,0.9517,0.4936,2.19,1
2024-03-11,Ashkelon_IL,CHL,my,0.9775,0.9775,0.4855,1.695,0.9502
2024-03-12,Ashkelon_IL,CHL,my,0.6092,0.6092,0.3551,1.051,0.9104
2024-03-15,Ashkelon_IL,CHL,my,0.2799,0.2795,0.142,0.345,0.8905
2024-03-20,Ashkelon_IL,CHL,my,1.19,1.199,0.6332,1.415,0.9502
2024-03-21,Ashkelon_IL,CHL,my,1.177,1.119,0.5661,1.252,0.9104
2024-03-22,Ashkelon_IL,CHL,my,1.084,1.055,0.4899,1.357,0.9104
2024-03-23,Ashkelon_IL,CHL,my,1.263,1.272,0.6928,1.619,0.9204
2024-03-28,Ashkelon_IL,CHL,my,1.283,1.283,0.6475,1.65,1
2024-03-31,Ashkelon_IL,CHL,my,0.894,0.7767,0.4746,1.075,0.8806
2024-04-01,Ashkelon_IL,CHL,my,1.009,1.009,0.5892,1.291,0.9502
2024-04-03,Ashkelon_IL,CHL,my,1.034,1.027,0.8038,1.308,0.8806
2024-04-04,Ashkelon_IL,CHL,my,0.9968,0.9968,0.63,1.422,0.9204
2024-04-05,Ashkelon_IL,CHL,my,0.6519,0.5032,0.2891,0.6971,0.8806
2024-04-06,Ashkelon_IL,CHL,my,0.3423,,,,0.209
2024-04-07,Ashkelon_IL,CHL,my,,0.1513,0.1048,0.2718,0.6567
2024-04-09,Ashkelon_IL,CHL,my,0.4784,0.4784,0.2997,1.378,0.8159
2024-04-10,Ashkelon_IL,CHL,my,0.5449,0.2883,0.1765,0.5449,0.806
2024-04-11,Ashkelon_IL,CHL,my,0.7459,0.7459,0.414,1.614,1
2024-04-12,Ashkelon_IL,CHL,my,0.7704,0.7704,0.4172,1.41,0.5025
2024-04-13,Ashkelon_IL,CHL,my,,1.482,0.4591,1.798,0.6667
2024-04-14,Ashkelon_IL,CHL,my,,0.2898,0.1883,0.5817,0.7363
2024-04-15,Ashkelon_IL,CHL,my,1.045,1.045,0.5486,1.578,0.9502
2024-04-16,Ashkelon_IL,CHL,my,0.8403,0.8403,0.4033,1.159,0.9502
2024-04-17,Ashkelon_IL,CHL,my,1.023,0.9614,0.4603,1.162,0.9104
2024-04-19,Ashkelon_IL,CHL,my,0.6604,0.4594,0.237,0.9156,0.8458
2024-04-21,Ashkelon_IL,CHL,my,0.3592,0.3592,0.2415,0.7842,0.9502
2024-04-24,Ashkelon_IL,CHL,my,0.3807,0.3807,0.2498,1.128,0.9502
2024-04-25,Ashkelon_IL,CHL,my,0.3351,0.3351,0.2136,0.3606,0.6866
2024-05-02,Ashkelon_IL,CHL,my,0.438,,,,0.2189
2024-05-04,Ashkelon_IL,CHL,my,0.6026,0.5215,0.2814,0.7786,0.8806
2024-05-05,Ashkelon_IL,CHL,my,0.5643,0.5643,0.2921,0.8993,0.9502
2024-05-07,Ashkelon_IL,CHL,my,,1.032,0.5444,1.214,0.8408
2024-05-08,Ashkelon_IL,CHL,my,0.9126,0.9209,0.5357,1.121,0.9502
2024-05-09,Ashkelon_IL,CHL,my,1.459,1.388,0.8604,1.459,0.806
2024-05-12,Ashkelon_IL,CHL,my,0.4896,0.4988,0.3648,1.058,1
2024-05-13,Ashkelon_IL,CHL,my,,0.3004,0.1902,0.4787,0.8109
2024-05-14,Ashkelon_IL,CHL,my,0.712,0.6199,0.3893,1.114,0.9104
2024-05-16,Ashkelon_IL,CHL,my,1.212,1.239,0.7926,1.381,0.9502
2024-05-17,Ashkelon_IL,CHL,my,,0.2755,0.1651,0.3282,0.7363
2024-05-21,Ashkelon_IL,CHL,my,0.309,0.3477,0.2607,0.6891,1
2024-05-22,Ashkelon_IL,CHL,my,0.3237,0.3944,0.2116,0.5457,0.8358
2024-05-24,Ashkelon_IL,CHL,my,0.2992,0.2992,0.1807,0.4789,0.9502
2024-05-26,Ashkelon_IL,CHL,my,0.7201,0.4321,0.2405,0.7201,0.806
2024-05-29,Ashkelon_IL,CHL,my,0.4876,0.5166,0.3479,1.187,0.9502
2024-05-30,Ashkelon_IL,CHL,my,0.4403,0.4967,0.284,0.7196,0.7164
2024-05-31,Ashkelon_IL,CHL,my,0.4287,0.2699,0.1797,0.4287,0.806
2024-06-01,Ashkelon_IL,CHL,my,0.3118,0.263,0.178,0.5656,0.9104
2024-06-02,Ashkelon_IL,CHL,my,0.3575,0.3922,0.2867,0.6869,1
2024-06-04,Ashkelon_IL,CHL,my,0.1906,0.1806,0.1345,0.2255,0.9104
2024-06-05,Ashkelon_IL,CHL,my,0.2564,0.2332,0.2218,0.2564,0.806
2024-06-06,Ashkelon_IL,CHL,my,0.2103,0.2153,0.2269,0.5579,0.8259
2024-06-07,Ashkelon_IL,CHL,my,0.1646,0.2099,0.1949,0.2208,0.8806
2024-06-08,Ashkelon_IL,CHL,my,0.1789,0.2367,0.1981,0.6677,0.9254
2024-06-09,Ashkelon_IL,CHL,my,0.2214,0.2214,0.1996,0.3061,1
2024-06-10,Ashkelon_IL,CHL,my,0.2579,0.2579,0.1673,0.3647,0.806
2024-06-11,Ashkelon_IL,CHL,my,0.3681,0.2434,0.1646,0.3681,0.8806
2024-06-12,Ashkelon_IL,CHL,my,0.4056,0.4056,0.2276,0.6886,0.9502
2024-06-13,Ashkelon_IL,CHL,my,0.7002,0.3884,0.2479,0.8004,0.9104
2024-06-14,Ashkelon_IL,CHL,my,0.3221,0.2592,0.1573,0.4891,0.9104
2024-06-16,Ashkelon_IL,CHL,my,0.1409,0.1322,0.09972,0.1682,0.8806
2024-06-17,Ashkelon_IL,CHL,my,0.242,0.2266,0.1386,0.6176,0.9502
2024-06-18,Ashkelon_IL,CHL,my,0.309,0.309,0.1835,0.6787,0.9502
2024-06-19,Ashkelon_IL,CHL,my,0.6132,0.6132,0.2608,0.7479,0.9104
2024-06-20,Ashkelon_IL,CHL,my,0.3629,0.3396,0.1639,0.4545,0.9104
2024-06-21,Ashkelon_IL,CHL,my,0.4071,0.4071,0.2131,0.6976,1
2024-06-22,Ashkelon_IL,CHL,my,0.3918,0.278,0.1512,0.6493,0.9104
2024-06-24,Ashkelon_IL,CHL,my,0.3763,0.3763,0.2138,1.119,1
2024-06-25,Ashkelon_IL,CHL,my,0.1285,0.1433,0.1122,0.4606,0.9502
2024-06-26,Ashkelon_IL,CHL,my,0.1702,0.1658,0.129,0.3225,0.8806
2024-06-27,Ashkelon_IL,CHL,my,0.2386,,,,0.3184
2024-06-28,Ashkelon_IL,CHL,my,0.1486,0.1395,0.1012,0.2639,0.9104
2024-06-29,Ashkelon_IL,CHL,my,0.2925,0.122,0.07995,0.3284,0.8458
2024-06-30,Ashkelon_IL,CHL,my,0.2872,0.2578,0.1573,0.3354,0.9204
2024-07-01,Ashkelon_IL,CHL,my,0.2863,0.2863,0.1286,0.4083,0.9502
2024-07-02,Ashkelon_IL,CHL,my,0.2271,0.1487,0.09776,0.3364,0.8458
2024-07-03,Ashkelon_IL,CHL,my,0.8857,0.7177,0.3102,0.8857,0.9502
2024-07-04,Ashkelon_IL,CHL,my,,0.1117,0.09452,0.1365,0.7015
2024-07-06,Ashkelon_IL,CHL,my,0.2154,0.1892,0.1459,0.2809,0.8806
2024-07-07,Ashkelon_IL,CHL,my,0.1679,0.1679,0.1301,0.3659,0.9502
2024-07-08,Ashkelon_IL,CHL,my,0.218,0.2228,0.1981,0.2658,0.9104
2024-07-09,Ashkelon_IL,CHL,my,0.3901,0.4266,0.2418,0.677,1
2024-07-10,Ashkelon_IL,CHL,my,0.4184,0.3206,0.2434,0.5936,0.9104
2024-07-11,Ashkelon_IL,CHL,my,0.299,0.299,0.2395,0.5521,0.9502
2024-07-13,Ashkelon_IL,CHL,my,0.3158,0.2684,0.1995,0.3638,0.8806
2024-07-15,Ashkelon_IL,CHL,my,0.3071,,,,0.2836
2024-07-16,Ashkelon_IL,CHL,my,0.2738,0.1868,0.1203,0.3362,0.9104
2024-07-17,Ashkelon_IL,CHL,my,0.3168,0.3168,0.1378,0.4856,0.9502
2024-07-18,Ashkelon_IL,CHL,my,0.1927,0.1927,0.1155,0.5343,0.9502
2024-07-19,Ashkelon_IL,CHL,my,0.1732,0.1732,0.09698,0.2449,0.9502
2024-07-20,Ashkelon_IL,CHL,my,0.1733,0.143,0.1219,0.2835,0.9104
2024-07-21,Ashkelon_IL,CHL,my,0.107,0.1201,0.1308,0.4938,1
2024-07-22,Ashkelon_IL,CHL,my,0.2975,0.3286,0.2896,0.6377,0.6915
2024-07-23,Ashkelon_IL,CHL,my,1.625,1.515,0.7775,1.625,0.9104
2024-07-25,Ashkelon_IL,CHL,my,0.3712,0.1561,0.2003,1.847,0.9104
2024-07-26,Ashkelon_IL,CHL,my,0.5375,0.1692,0.184,0.7488,0.8806
2024-07-27,Ashkelon_IL,CHL,my,0.5347,0.5276,0.2491,0.9281,0.9204
2024-07-28,Ashkelon_IL,CHL,my,2.092,2.325,1.109,2.733,1
2024-07-29,Ashkelon_IL,CHL,my,1.296,1.296,0.5108,1.804,0.6716
2024-07-30,Ashkelon_IL,CHL,my,2.07,2.07,0.8292,3.248,1
2024-07-31,Ashkelon_IL,CHL,my,0.7133,0.5198,0.3408,1.089,0.9104
2024-08-01,Ashkelon_IL,CHL,my,0.5087,0.5087,0.4121,1.986,1
2024-08-02,Ashkelon_IL,CHL,my,0.4356,0.4356,0.2745,0.5376,0.806
2024-08-03,Ashkelon_IL,CHL,my,,1.442,0.9472,1.55,0.791
2024-08-04,Ashkelon_IL,CHL,my,0.5885,1.465,0.6554,1.582,0.8806
2024-08-05,Ashkelon_IL,CHL,my,1.194,0.9386,0.6015,1.423,0.9502
2024-08-06,Ashkelon_IL,CHL,my,0.9906,1.115,0.8325,1.464,0.9502
2024-08-07,Ashkelon_IL,CHL,my,0.6259,0.6259,0.4165,1.268,0.9502
2024-08-08,Ashkelon_IL,CHL,my,0.4543,0.4088,0.2415,0.5734,0.796
2024-08-09,Ashkelon_IL,CHL,my,0.5865,0.5865,0.4089,2.059,0.9502
2024-08-10,Ashkelon_IL,CHL,my,0.8065,0.8141,0.4769,1.515,0.6318
2024-08-11,Ashkelon_IL,CHL,my,1.791,0.8612,0.5693,2.233,0.9104
2024-08-12,Ashkelon_IL,CHL,my,0.5717,0.5717,0.2875,0.8873,0.8259
2024-08-13,Ashkelon_IL,CHL,my,1.432,1.432,0.6369,1.938,0.9502
2024-08-14,Ashkelon_IL,CHL,my,2.069,1.618,0.9964,2.573,0.9204
2024-08-15,Ashkelon_IL,CHL,my,1.087,1.087,0.4854,1.643,0.9502
2024-08-16,Ashkelon_IL,CHL,my,0.7756,0.7756,0.3823,1.577,0.806
2024-08-18,Ashkelon_IL,CHL,my,1.422,1.422,0.7372,1.708,0.8955
2024-08-20,Ashkelon_IL,CHL,my,0.9878,0.9878,0.5343,1.799,0.9502
2024-08-21,Ashkelon_IL,CHL,my,1.295,1.295,0.6141,2.196,0.9502
2024-08-22,Ashkelon_IL,CHL,my,1.027,1.027,0.4478,1.413,0.9502
2024-08-23,Ashkelon_IL,CHL,my,0.7854,0.7839,0.402,1.711,0.9104
2024-08-24,Ashkelon_IL,CHL,my,0.4307,0.4307,0.1988,0.6073,0.6716
2024-08-25,Ashkelon_IL,CHL,my,0.3986,0.3738,0.164,0.7288,0.8806
2024-08-26,Ashkelon_IL,CHL,my,0.0382,0.03958,0.058,0.2442,0.9502
2024-08-27,Ashkelon_IL,CHL,my,0.08183,0.08183,0.07039,0.1456,0.9104
2024-08-28,Ashkelon_IL,CHL,my,0.07137,0.07137,0.04887,0.09524,0.9104
2024-08-30,Ashkelon_IL,CHL,my,0.08997,,,,0.403
2024-09-01,Ashkelon_IL,CHL,my,,0.07232,0.0837,0.3662,0.597
2024-09-02,Ashkelon_IL,CHL,my,1.558,1.558,0.5272,1.888,0.9502
2024-09-03,Ashkelon_IL,CHL,my,1.076,1.076,0.4975,1.783,0.9502
2024-09-04,Ashkelon_IL,CHL,my,1.046,1.046,0.4446,1.664,0.9502
2024-09-05,Ashkelon_IL,CHL,my,1.782,1.686,0.6834,2.164,0.9502
2024-09-06,Ashkelon_IL,CHL,my,0.1261,0.1261,0.1454,1.034,0.9502
2024-09-07,Ashkelon_IL,CHL,my,0.1626,0.1626,0.08341,0.287,0.9502
2024-09-08,Ashkelon_IL,CHL,my,0.3089,0.3089,0.1424,0.3632,0.806
2024-09-09,Ashkelon_IL,CHL,my,0.33,0.2972,0.1775,0.4383,0.9502
2024-09-10,Ashkelon_IL,CHL,my,0.3781,0.3781,0.1737,0.7559,0.9502
2024-09-11,Ashkelon_IL,CHL,my,0.705,0.7652,0.3596,1.05,0.9502
2024-09-12,Ashkelon_IL,CHL,my,0.6381,0.5067,0.3572,0.885,0.8806
2024-09-13,Ashkelon_IL,CHL,my,0.9812,,,,0.4279
2024-09-14,Ashkelon_IL,CHL,my,0.2784,0.5643,0.2709,0.8967,0.5572
2024-09-16,Ashkelon_IL,CHL,my,0.2937,0.3101,0.225,0.8183,0.6667
2024-09-17,Ashkelon_IL,CHL,my,1.121,1.103,0.4253,1.295,0.9502
2024-09-18,Ashkelon_IL,CHL,my,0.6791,0.8296,0.46,1.189,0.7214
2024-09-21,Ashkelon_IL,CHL,my,1.298,1.288,0.6134,1.325,0.806
2024-09-24,Ashkelon_IL,CHL,my,0.9556,0.9556,0.4272,1.026,0.9502
2024-09-25,Ashkelon_IL,CHL,my,0.8825,0.8203,0.3804,0.8831,0.8806
2024-09-26,Ashkelon_IL,CHL,my,0.5382,0.5382,0.3164,0.8947,0.9502
2024-09-27,Ashkelon_IL,CHL,my,0.62,0.3608,0.1929,0.62,0.806
2024-09-28,Ashkelon_IL,CHL,my,0.1584,0.2419,0.3013,2.261,1
2024-09-29,Ashkelon_IL,CHL,my,0.5,0.6405,0.3037,0.908,0.7662
2024-09-30,Ashkelon_IL,CHL,my,,0.4673,0.2547,0.9835,0.7413
2024-10-02,Ashkelon_IL,CHL,my,1.146,0.2431,0.2624,1.146,0.6269
2024-10-03,Ashkelon_IL,CHL,my,1.519,1.357,1.045,1.519,1
2024-10-04,Ashkelon_IL,CHL,my,1.083,1.083,0.5619,1.317,0.9502
2024-10-05,Ashkelon_IL,CHL,my,0.865,,,,0.2985
2024-10-06,Ashkelon_IL,CHL,my,0.6763,0.5806,0.3393,0.9101,0.8806
2024-10-07,Ashkelon_IL,CHL,my,,0.3919,0.264,0.6588,0.7015
2024-10-08,Ashkelon_IL,CHL,my,,0.2392,0.1825,0.4313,0.7363
2024-10-09,Ashkelon_IL,CHL,my,0.1834,0.2592,0.1796,0.3167,0.9502
2024-10-10,Ashkelon_IL,CHL,my,0.2193,0.2824,0.178,0.3844,0.8806
2024-10-11,Ashkelon_IL,CHL,my,0.1978,0.202,0.1847,0.6112,1
2024-10-12,Ashkelon_IL,CHL,my,0.2297,0.1935,0.1346,0.3604,0.8806
2024-10-13,Ashkelon_IL,CHL,my,0.1901,0.1901,0.1183,0.3528,0.9502
2024-10-14,Ashkelon_IL,CHL,my,0.2227,0.2227,0.1238,0.3606,0.9502
2024-10-16,Ashkelon_IL,CHL,my,0.2003,,,,0.1791
2024-10-17,Ashkelon_IL,CHL,my,0.1074,0.1074,0.09595,0.2775,1
2024-10-18,Ashkelon_IL,CHL,my,0.3762,0.3045,0.1247,0.3762,0.9502
2024-10-19,Ashkelon_IL,CHL,my,0.7868,0.8056,0.3905,0.9801,1
2024-10-20,Ashkelon_IL,CHL,my,0.5062,0.5062,0.2507,0.5327,0.9502
2024-10-21,Ashkelon_IL,CHL,my,0.6749,0.5101,0.2579,0.6749,0.9502
2024-10-22,Ashkelon_IL,CHL,my,0.3895,0.3895,0.1833,0.6148,0.8756
2024-10-23,Ashkelon_IL,CHL,my,0.454,0.3811,0.1747,0.5131,0.9104
2024-10-24,Ashkelon_IL,CHL,my,0.4091,0.4024,0.2052,0.5054,1
2024-10-25,Ashkelon_IL,CHL,my,0.3176,0.2735,0.1636,0.3734,0.9104
2024-10-27,Ashkelon_IL,CHL,my,0.1659,0.156,0.1129,0.2772,0.9104
2024-10-28,Ashkelon_IL,CHL,my,0.1214,0.1214,0.09542,0.2587,1
2024-10-29,Ashkelon_IL,CHL,my,0.1403,0.1403,0.08763,0.1834,0.9502
2024-10-30,Ashkelon_IL,CHL,my,0.06986,0.06986,0.06784,0.1429,0.9502
2024-10-31,Ashkelon_IL,CHL,my,0.1302,0.1008,0.08599,0.1838,0.9104
2024-11-04,Ashkelon_IL,CHL,my,0.3923,0.2722,0.1672,0.3923,0.806
2024-11-05,Ashkelon_IL,CHL,my,0.3261,0.3123,0.2355,0.3571,1
2024-11-06,Ashkelon_IL,CHL,my,0.2849,0.2756,0.2009,0.2893,0.9104
2024-11-07,Ashkelon_IL,CHL,my,0.4171,0.3568,0.2495,0.4539,0.9502
2024-11-08,Ashkelon_IL,CHL,my,,0.1868,0.1159,0.2351,0.5025
2024-11-09,Ashkelon_IL,CHL,my,0.1969,0.1844,0.1246,0.2691,0.9104
2024-11-11,Ashkelon_IL,CHL,my,0.2292,0.223,0.1406,0.3451,0.9801
2024-11-12,Ashkelon_IL,CHL,my,0.2467,0.2312,0.1507,0.2491,0.9104
2024-11-13,Ashkelon_IL,CHL,my,0.1775,0.1877,0.1391,0.2961,0.9502
2024-11-14,Ashkelon_IL,CHL,my,0.1921,0.1921,0.1111,0.2216,0.6766
2024-11-15,Ashkelon_IL,CHL,my,0.2042,0.1544,0.09915,0.2042,0.9502
2024-11-16,Ashkelon_IL,CHL,my,0.222,0.2116,0.1288,0.2357,0.8756
2024-11-17,Ashkelon_IL,CHL,my,0.2819,0.2626,0.1856,0.4392,1
2024-11-20,Ashkelon_IL,CHL,my,0.2291,0.2291,0.1602,0.2889,0.9104
2024-11-21,Ashkelon_IL,CHL,my,0.2621,0.2621,0.1844,0.376,0.9502
2024-11-22,Ashkelon_IL,CHL,my,0.1215,0.1291,0.1148,0.4191,0.9502
2024-11-23,Ashkelon_IL,CHL,my,0.2779,0.2584,0.2026,0.287,0.7562
2024-11-26,Ashkelon_IL,CHL,my,,0.5094,0.4122,1.089,0.6418
2024-11-27,Ashkelon_IL,CHL,my,0.6531,,,,0.1045
2024-11-28,Ashkelon_IL,CHL,my,0.4819,0.4871,0.2948,0.6763,1
2024-11-29,Ashkelon_IL,CHL,my,0.1416,,,,0.4478
2024-11-30,Ashkelon_IL,CHL,my,0.1335,0.1526,0.1341,0.2075,0.9104
2024-12-01,Ashkelon_IL,CHL,my,0.3442,0.3442,0.2486,0.4042,0.9502
2024-12-02,Ashkelon_IL,CHL,my,0.5998,0.5535,0.2765,0.6614,0.9502
2024-12-03,Ashkelon_IL,CHL,my,0.307,0.307,0.2277,0.4967,0.7313
2024-12-04,Ashkelon_IL,CHL,my,0.203,0.203,0.1485,0.358,0.9502
2024-12-05,Ashkelon_IL,CHL,my,0.5077,0.4722,0.255,0.583,0.8806
2024-12-06,Ashkelon_IL,CHL,my,0.3215,0.3946,0.2913,0.4926,0.9104
2024-12-08,Ashkelon_IL,CHL,my,0.2373,0.2176,0.17,0.3375,0.9104
2024-12-09,Ashkelon_IL,CHL,my,0.1448,0.1448,0.1063,0.1505,0.9104
2024-12-13,Ashkelon_IL,CHL,my,0.1555,0.1643,0.1247,0.3686,0.9602
2024-12-14,Ashkelon_IL,CHL,my,0.2153,0.2216,0.1761,0.3062,0.8358
2024-12-15,Ashkelon_IL,CHL,my,0.2743,0.3668,0.2726,0.5054,1
2024-12-16,Ashkelon_IL,CHL,my,0.2642,0.2642,0.1457,0.4149,0.9502
2024-12-18,Ashkelon_IL,CHL,my,0.09162,0.09981,0.1002,0.2524,1
2024-12-19,Ashkelon_IL,CHL,my,0.3943,0.3488,0.1863,0.4211,1
2024-12-22,Ashkelon_IL,CHL,my,0.1263,0.1287,0.1176,0.2146,0.9104
2024-12-23,Ashkelon_IL,CHL,my,0.2791,0.3902,0.2987,0.604,1
2024-12-24,Ashkelon_IL,CHL,my,0.1522,0.1522,0.1161,0.206,0.9502
2024-12-25,Ashkelon_IL,CHL,my,0.1595,0.1595,0.1327,0.1864,0.9104
2024-12-28,Ashkelon_IL,CHL,my,0.6169,0.6169,0.3921,0.7085,0.9502
2024-12-29,Ashkelon_IL,CHL,my,0.3467,0.3507,0.269,0.9621,1
2024-12-31,Ashkelon_IL,CHL,my,0.6144,,,,0.1393
2024-01-01,Bardawil_off,CHL,my,2.418,2.365,1.524,2.608,1
2024-01-04,Bardawil_off,CHL,my,1.947,1.735,1.34,2.472,1
2024-01-05,Bardawil_off,CHL,my,1.684,1.525,1.141,2.473,1
2024-01-06,Bardawil_off,CHL,my,1.713,1.494,1.01,1.72,1
2024-01-07,Bardawil_off,CHL,my,1.514,1.337,0.8947,1.82,1
2024-01-08,Bardawil_off,CHL,my,,2.317,1.441,2.423,0.6868
2024-01-09,Bardawil_off,CHL,my,4.091,3.007,1.707,4.384,0.8626
2024-01-10,Bardawil_off,CHL,my,6.582,4.676,3.144,6.849,1
2024-01-11,Bardawil_off,CHL,my,,3.341,2.21,4.053,0.6868
2024-01-12,Bardawil_off,CHL,my,6.298,5.125,3.73,6.383,1
2024-01-13,Bardawil_off,CHL,my,5.069,5.061,3.634,5.148,1
2024-01-14,Bardawil_off,CHL,my,4.765,5.148,3.781,5.286,0.9396
2024-01-15,Bardawil_off,CHL,my,4.109,3.534,2.704,4.109,1
2024-01-16,Bardawil_off,CHL,my,2.382,2.195,1.777,2.421,1
2024-01-17,Bardawil_off,CHL,my,3.25,2.425,1.856,3.25,0.9341
2024-01-19,Bardawil_off,CHL,my,2.226,1.999,1.484,2.338,1
2024-01-20,Bardawil_off,CHL,my,2.244,2.099,1.384,2.534,1
2024-01-21,Bardawil_off,CHL,my,2.4,2.329,1.629,2.409,1
2024-01-22,Bardawil_off,CHL,my,2.428,2.154,1.576,2.549,1
2024-01-24,Bardawil_off,CHL,my,5.887,5.082,3.706,5.887,1
2024-01-25,Bardawil_off,CHL,my,4.131,2.631,2.243,4.257,1
2024-01-26,Bardawil_off,CHL,my,6.363,5.388,3.626,6.363,0.6923
2024-01-29,Bardawil_off,CHL,my,4.577,4.577,3.173,4.764,1
2024-01-30,Bardawil_off,CHL,my,7.2,6.996,5.094,7.415,0.9396
2024-01-31,Bardawil_off,CHL,my,7.273,7.456,5.64,7.798,1
2024-02-01,Bardawil_off,CHL,my,6.397,5.676,4.34,6.941,1
2024-02-02,Bardawil_off,CHL,my,4.829,4.812,3.642,4.932,0.5055
2024-02-03,Bardawil_off,CHL,my,4.256,4.333,3.295,4.867,1
2024-02-04,Bardawil_off,CHL,my,3.497,,,,0.3791
2024-02-05,Bardawil_off,CHL,my,3.181,2.134,1.697,3.181,1
2024-02-06,Bardawil_off,CHL,my,4.258,3.331,2.298,4.258,1
2024-02-07,Bardawil_off,CHL,my,1.939,1.874,1.449,2.19,1
2024-02-08,Bardawil_off,CHL,my,1.947,1.774,1.136,2.111,1
2024-02-09,Bardawil_off,CHL,my,1.744,,,,0.2527
2024-02-10,Bardawil_off,CHL,my,1.801,1.544,0.9843,2.092,1
2024-02-11,Bardawil_off,CHL,my,2.396,2.152,1.222,2.807,1
2024-02-14,Bardawil_off,CHL,my,5.079,4.765,2.22,5.241,1
2024-02-15,Bardawil_off,CHL,my,3.213,2.07,1.772,8.566,1
2024-02-16,Bardawil_off,CHL,my,3.869,2.092,1.72,4.301,1
2024-02-17,Bardawil_off,CHL,my,2.949,1.76,1.554,4.345,1
2024-02-18,Bardawil_off,CHL,my,1.656,1.281,1.023,1.656,1
2024-02-19,Bardawil_off,CHL,my,,1.41,1.071,1.585,0.8736
2024-02-20,Bardawil_off,CHL,my,1.379,1.243,0.885,1.649,1
2024-02-21,Bardawil_off,CHL,my,1.522,1.572,1.142,1.934,1
2024-02-22,Bardawil_off,CHL,my,1.717,1.675,1.011,1.882,1
2024-02-24,Bardawil_off,CHL,my,1.556,1.283,0.7591,1.613,1
2024-02-25,Bardawil_off,CHL,my,1.597,1.248,0.7832,1.612,1
2024-02-26,Bardawil_off,CHL,my,1.711,1.508,1.102,1.84,1
2024-02-27,Bardawil_off,CHL,my,1.541,1.386,0.9525,1.636,0.8132
2024-02-28,Bardawil_off,CHL,my,1.392,1.319,0.9463,1.537,1
2024-02-29,Bardawil_off,CHL,my,3.793,3.06,1.921,4.355,1
2024-03-01,Bardawil_off,CHL,my,2.202,2.012,1.559,3.158,1
2024-03-02,Bardawil_off,CHL,my,,1.727,1.398,1.853,0.5659
2024-03-03,Bardawil_off,CHL,my,1.994,1.856,1.463,2.035,1
2024-03-04,Bardawil_off,CHL,my,1.645,1.378,1.001,1.785,0.9341
2024-03-05,Bardawil_off,CHL,my,1.688,1.041,0.826,1.949,1
2024-03-06,Bardawil_off,CHL,my,1.544,1.291,0.9396,1.808,1
2024-03-07,Bardawil_off,CHL,my,3.05,,,,0.1264
2024-03-08,Bardawil_off,CHL,my,2.237,1.89,1.349,2.267,1
2024-03-09,Bardawil_off,CHL,my,1.968,1.903,1.639,2.095,0.6264
2024-03-10,Bardawil_off,CHL,my,2.181,1.632,1.129,2.285,0.9396
2024-03-11,Bardawil_off,CHL,my,1.991,1.625,1.137,2.017,1
2024-03-12,Bardawil_off,CHL,my,2.601,1.878,1.274,3.516,1
2024-03-13,Bardawil_off,CHL,my,1.759,1.49,1.084,1.855,1
2024-03-14,Bardawil_off,CHL,my,1.566,1.366,0.888,1.583,1
2024-03-15,Bardawil_off,CHL,my,1.833,1.318,0.8687,1.996,1
2024-03-19,Bardawil_off,CHL,my,3.609,2.941,1.931,4.105,1
2024-03-20,Bardawil_off,CHL,my,3.62,3.293,2.368,3.62,1
2024-03-21,Bardawil_off,CHL,my,2.057,2.033,1.708,2.163,1
2024-03-23,Bardawil_off,CHL,my,2.18,2.129,1.738,2.271,1
2024-03-25,Bardawil_off,CHL,my,3.186,2.205,1.642,3.186,1
2024-03-31,Bardawil_off,CHL,my,2.052,1.861,1.312,2.398,1
2024-04-01,Bardawil_off,CHL,my,1.769,,,,0.1264
2024-04-02,Bardawil_off,CHL,my,1.98,1.66,1.36,2.069,1
2024-04-03,Bardawil_off,CHL,my,1.436,1.47,0.9703,1.579,1
2024-04-04,Bardawil_off,CHL,my,1.602,1.538,1.134,1.723,1
2024-04-05,Bardawil_off,CHL,my,,1.279,0.9694,1.484,0.6868
2024-04-06,Bardawil_off,CHL,my,1.845,1.606,1.15,1.929,1
2024-04-09,Bardawil_off,CHL,my,3.09,1.768,1.428,3.09,0.7473
2024-04-10,Bardawil_off,CHL,my,3.372,1.794,1.459,3.828,1
2024-04-11,Bardawil_off,CHL,my,1.76,1.611,1.125,1.786,1
2024-04-12,Bardawil_off,CHL,my,1.779,1.59,1.11,1.85,1
2024-04-13,Bardawil_off,CHL,my,1.762,1.407,0.9597,1.925,1
2024-04-15,Bardawil_off,CHL,my,2.133,1.558,1.138,2.206,1
2024-04-16,Bardawil_off,CHL,my,2.149,1.932,1.368,2.243,1
2024-04-17,Bardawil_off,CHL,my,1.871,1.525,1.154,1.871,1
2024-04-19,Bardawil_off,CHL,my,1.859,1.56,1.226,1.919,1
2024-04-20,Bardawil_off,CHL,my,2.357,2.174,1.604,2.392,1
2024-04-21,Bardawil_off,CHL,my,1.651,1.517,1.078,1.71,1
2024-04-23,Bardawil_off,CHL,my,2.394,2.238,1.723,2.41,1
2024-04-24,Bardawil_off,CHL,my,2.066,1.925,1.569,2.134,1
2024-04-30,Bardawil_off,CHL,my,2.218,2.137,1.669,2.262,0.8132
2024-05-02,Bardawil_off,CHL,my,1.96,,,,0.1923
2024-05-03,Bardawil_off,CHL,my,2.042,,,,0.3132
2024-05-04,Bardawil_off,CHL,my,2.379,2.208,1.776,2.404,1
2024-05-06,Bardawil_off,CHL,my,3.961,3.501,2.498,3.961,1
2024-05-07,Bardawil_off,CHL,my,2.187,2.065,1.721,2.257,1
2024-05-08,Bardawil_off,CHL,my,1.98,1.965,1.635,2.02,1
2024-05-09,Bardawil_off,CHL,my,2.41,2.304,1.883,2.502,1
2024-05-10,Bardawil_off,CHL,my,,2.011,1.608,2.129,0.6209
2024-05-12,Bardawil_off,CHL,my,2.032,1.959,1.457,2.115,0.9396
2024-05-13,Bardawil_off,CHL,my,2.107,2.072,1.745,2.185,0.8132
2024-05-14,Bardawil_off,CHL,my,2.291,,,,0.1868
2024-05-15,Bardawil_off,CHL,my,2.216,2.078,1.754,2.253,1
2024-05-16,Bardawil_off,CHL,my,2.213,2.062,1.804,2.256,1
2024-05-17,Bardawil_off,CHL,my,2.298,2.206,1.763,2.4,1
2024-05-21,Bardawil_off,CHL,my,1.931,1.629,1.29,2.033,1
2024-05-24,Bardawil_off,CHL,my,1.878,1.533,1.149,2.051,1
2024-05-28,Bardawil_off,CHL,my,,1.599,1.232,1.719,0.5604
2024-05-31,Bardawil_off,CHL,my,1.801,1.738,1.376,1.895,1
2024-06-02,Bardawil_off,CHL,my,1.787,1.746,1.563,1.805,1
2024-06-03,Bardawil_off,CHL,my,1.682,1.625,1.238,1.76,1
2024-06-04,Bardawil_off,CHL,my,1.756,1.6,1.294,1.832,1
2024-06-05,Bardawil_off,CHL,my,1.472,1.421,1.163,1.577,1
2024-06-06,Bardawil_off,CHL,my,1.643,1.439,1.026,1.857,1
2024-06-07,Bardawil_off,CHL,my,1.585,1.521,0.9701,1.814,1
2024-06-08,Bardawil_off,CHL,my,1.973,1.641,1.09,2.096,1
2024-06-10,Bardawil_off,CHL,my,1.723,1.64,1.28,1.776,0.978
2024-06-11,Bardawil_off,CHL,my,1.503,1.589,1.194,1.622,0.9396
2024-06-12,Bardawil_off,CHL,my,1.437,1.437,1.085,1.633,1
2024-06-13,Bardawil_off,CHL,my,1.61,1.457,1.089,1.688,1
2024-06-14,Bardawil_off,CHL,my,1.608,1.452,1.073,1.818,1
2024-06-16,Bardawil_off,CHL,my,,1.508,1.137,2.071,0.9176
2024-06-17,Bardawil_off,CHL,my,1.741,1.627,1.251,1.894,1
2024-06-18,Bardawil_off,CHL,my,1.85,1.766,1.332,2.015,1
2024-06-19,Bardawil_off,CHL,my,1.841,1.61,1.184,1.974,1
2024-06-20,Bardawil_off,CHL,my,1.691,1.585,1.123,1.798,1
2024-06-21,Bardawil_off,CHL,my,1.671,1.538,1.078,1.793,1
2024-06-22,Bardawil_off,CHL,my,1.607,1.46,1.063,1.725,1
2024-06-23,Bardawil_off,CHL,my,1.811,1.755,1.242,1.924,1
2024-06-24,Bardawil_off,CHL,my,1.714,1.707,1.308,1.839,1
2024-06-25,Bardawil_off,CHL,my,1.714,1.54,1.188,1.802,1
2024-06-26,Bardawil_off,CHL,my,1.465,1.465,1.068,1.605,1
2024-06-27,Bardawil_off,CHL,my,1.494,1.528,1.134,1.612,1
2024-06-28,Bardawil_off,CHL,my,1.551,1.489,0.9853,1.551,1
2024-06-29,Bardawil_off,CHL,my,1.96,1.917,1.367,2.029,1
2024-06-30,Bardawil_off,CHL,my,1.752,1.752,1.373,1.875,1
2024-07-01,Bardawil_off,CHL,my,1.837,1.752,1.429,1.88,1
2024-07-02,Bardawil_off,CHL,my,2.192,1.833,1.468,2.192,0.9341
2024-07-03,Bardawil_off,CHL,my,2.129,1.978,1.509,2.146,1
2024-07-05,Bardawil_off,CHL,my,2.048,1.777,1.296,2.415,1
2024-07-06,Bardawil_off,CHL,my,1.639,1.53,1.117,1.765,1
2024-07-07,Bardawil_off,CHL,my,1.57,1.57,1.106,1.605,1
2024-07-08,Bardawil_off,CHL,my,1.87,1.751,1.266,1.906,1
2024-07-09,Bardawil_off,CHL,my,1.872,1.725,1.282,1.907,1
2024-07-10,Bardawil_off,CHL,my,1.569,1.569,1.203,1.747,1
2024-07-11,Bardawil_off,CHL,my,1.605,1.588,1.107,1.731,1
2024-07-13,Bardawil_off,CHL,my,1.533,1.562,1.165,1.785,1
2024-07-14,Bardawil_off,CHL,my,1.693,1.631,1.342,1.788,0.8132
2024-07-15,Bardawil_off,CHL,my,1.934,1.86,1.368,1.934,0.8791
2024-07-16,Bardawil_off,CHL,my,1.834,1.834,1.381,1.891,1
2024-07-17,Bardawil_off,CHL,my,1.777,1.777,1.331,1.853,1
2024-07-18,Bardawil_off,CHL,my,1.833,1.677,1.166,1.833,1
2024-07-19,Bardawil_off,CHL,my,1.75,1.732,1.25,1.75,1
2024-07-20,Bardawil_off,CHL,my,1.542,1.673,1.222,1.695,1
2024-07-21,Bardawil_off,CHL,my,1.537,1.537,1.23,1.627,1
2024-07-22,Bardawil_off,CHL,my,1.565,1.489,1.133,1.605,0.9341
2024-07-23,Bardawil_off,CHL,my,1.469,1.431,1.197,1.573,1
2024-07-25,Bardawil_off,CHL,my,1.931,1.837,1.292,2.087,1
2024-07-26,Bardawil_off,CHL,my,1.646,1.519,1.15,1.646,0.9341
2024-07-28,Bardawil_off,CHL,my,1.931,1.931,1.601,2.114,1
2024-07-29,Bardawil_off,CHL,my,2.59,2.281,1.716,2.732,1
2024-07-30,Bardawil_off,CHL,my,2.423,2.185,1.539,2.423,1
2024-07-31,Bardawil_off,CHL,my,1.828,1.828,1.421,1.875,1
2024-08-01,Bardawil_off,CHL,my,1.739,1.699,1.381,1.883,1
2024-08-02,Bardawil_off,CHL,my,1.704,1.675,1.405,1.711,1
2024-08-03,Bardawil_off,CHL,my,2.063,1.955,1.568,2.177,1
2024-08-04,Bardawil_off,CHL,my,1.57,1.571,1.398,1.804,1
2024-08-05,Bardawil_off,CHL,my,1.727,1.73,1.46,1.829,1
2024-08-06,Bardawil_off,CHL,my,1.479,1.582,1.3,1.726,1
2024-08-07,Bardawil_off,CHL,my,1.525,1.494,1.254,1.63,0.978
2024-08-08,Bardawil_off,CHL,my,1.825,1.777,1.394,1.896,1
2024-08-09,Bardawil_off,CHL,my,1.569,1.643,1.459,1.733,1
2024-08-10,Bardawil_off,CHL,my,1.574,1.703,1.506,1.887,1
2024-08-11,Bardawil_off,CHL,my,1.87,1.968,1.613,2.061,1
2024-08-12,Bardawil_off,CHL,my,1.886,1.787,1.409,1.901,1
2024-08-13,Bardawil_off,CHL,my,1.946,1.834,1.458,1.946,0.8516
2024-08-14,Bardawil_off,CHL,my,1.639,1.709,1.462,1.756,1
2024-08-15,Bardawil_off,CHL,my,1.898,1.973,1.61,2.04,1
2024-08-16,Bardawil_off,CHL,my,1.748,1.748,1.435,1.806,0.7527
2024-08-17,Bardawil_off,CHL,my,1.981,1.924,1.62,1.981,0.7473
2024-08-18,Bardawil_off,CHL,my,,1.736,1.443,1.832,0.8077
2024-08-19,Bardawil_off,CHL,my,2.207,2.068,1.606,2.231,1
2024-08-20,Bardawil_off,CHL,my,1.887,1.778,1.384,1.932,1
2024-08-21,Bardawil_off,CHL,my,1.997,1.677,1.364,1.997,1
2024-08-22,Bardawil_off,CHL,my,1.869,1.726,1.4,1.869,1
2024-08-23,Bardawil_off,CHL,my,1.744,1.651,1.436,1.833,0.7527
2024-08-24,Bardawil_off,CHL,my,1.528,1.528,1.284,1.731,0.978
2024-08-26,Bardawil_off,CHL,my,1.643,1.517,1.178,1.677,1
2024-08-27,Bardawil_off,CHL,my,,1.385,0.9251,1.636,0.7473
2024-08-28,Bardawil_off,CHL,my,1.664,1.616,1.151,1.75,0.6868
2024-08-29,Bardawil_off,CHL,my,,1.599,1.021,1.876,0.7912
2024-08-30,Bardawil_off,CHL,my,1.459,,,,0.3352
2024-08-31,Bardawil_off,CHL,my,2.143,1.929,1.432,2.156,1
2024-09-01,Bardawil_off,CHL,my,1.813,1.816,1.356,1.887,0.9341
2024-09-02,Bardawil_off,CHL,my,2.184,2.184,1.549,2.243,1
2024-09-03,Bardawil_off,CHL,my,1.92,1.867,1.34,1.951,1
2024-09-05,Bardawil_off,CHL,my,1.82,1.736,1.411,2.019,1
2024-09-07,Bardawil_off,CHL,my,1.941,1.839,1.535,1.972,1
2024-09-08,Bardawil_off,CHL,my,1.913,1.846,1.459,2.014,0.9231
2024-09-09,Bardawil_off,CHL,my,2.15,2.119,1.544,2.207,1
2024-09-10,Bardawil_off,CHL,my,2.46,2.238,1.865,2.729,1
2024-09-11,Bardawil_off,CHL,my,4.189,3.053,2.472,5.172,1
2024-09-12,Bardawil_off,CHL,my,2.618,2.494,1.918,2.716,1
2024-09-13,Bardawil_off,CHL,my,1.954,1.905,1.504,2.092,0.9396
2024-09-14,Bardawil_off,CHL,my,1.994,1.818,1.533,2.024,1
2024-09-16,Bardawil_off,CHL,my,2.643,2.387,1.969,2.643,0.9396
2024-09-17,Bardawil_off,CHL,my,2.759,2.759,2.255,3.764,1
2024-09-18,Bardawil_off,CHL,my,2.795,2.765,2.172,2.815,0.7363
2024-09-22,Bardawil_off,CHL,my,3.941,3.941,2.755,4.124,1
2024-09-25,Bardawil_off,CHL,my,2.307,2.372,1.868,2.488,1
2024-09-26,Bardawil_off,CHL,my,2.189,2.181,1.679,2.409,0.8791
2024-09-27,Bardawil_off,CHL,my,2.357,2.052,1.729,2.852,1
2024-09-28,Bardawil_off,CHL,my,2.515,2.087,1.764,3.18,1
2024-09-29,Bardawil_off,CHL,my,1.993,1.736,1.421,2.377,1
2024-09-30,Bardawil_off,CHL,my,,1.452,1.167,1.608,0.6209
2024-10-03,Bardawil_off,CHL,my,2.38,2.376,2.092,2.474,1
2024-10-04,Bardawil_off,CHL,my,2.493,2.234,1.913,2.503,1
2024-10-05,Bardawil_off,CHL,my,2.013,1.74,1.464,2.013,1
2024-10-06,Bardawil_off,CHL,my,1.614,,,,0.3132
2024-10-07,Bardawil_off,CHL,my,1.906,1.906,1.382,1.935,0.5659
2024-10-08,Bardawil_off,CHL,my,1.854,1.758,1.324,2.129,1
2024-10-09,Bardawil_off,CHL,my,1.903,1.57,1.35,2.187,1
2024-10-10,Bardawil_off,CHL,my,1.712,1.473,1.179,1.841,1
2024-10-11,Bardawil_off,CHL,my,1.922,1.722,1.318,2.034,1
2024-10-12,Bardawil_off,CHL,my,2.407,2.286,1.656,2.778,0.9396
2024-10-13,Bardawil_off,CHL,my,2.184,,,,0.3736
2024-10-14,Bardawil_off,CHL,my,2.342,2.342,1.683,2.925,1
2024-10-15,Bardawil_off,CHL,my,1.825,1.678,1.305,1.972,1
2024-10-16,Bardawil_off,CHL,my,,1.706,1.143,1.843,0.8736
2024-10-18,Bardawil_off,CHL,my,,1.614,1.222,2.065,0.7527
2024-10-19,Bardawil_off,CHL,my,2.824,2.612,2.21,2.901,0.8736
2024-10-20,Bardawil_off,CHL,my,4.297,3.779,2.681,4.435,1
2024-10-21,Bardawil_off,CHL,my,4.17,4.435,2.979,4.992,0.9396
2024-10-23,Bardawil_off,CHL,my,6.337,6.235,4.97,6.517,1
2024-10-24,Bardawil_off,CHL,my,6.585,6.585,4.785,6.871,1
2024-10-25,Bardawil_off,CHL,my,4.534,4.24,2.941,4.534,1
2024-10-27,Bardawil_off,CHL,my,2.227,2.128,1.665,2.283,1
2024-10-28,Bardawil_off,CHL,my,2.169,2.149,1.912,2.31,1
2024-10-29,Bardawil_off,CHL,my,2.044,2.044,1.633,2.103,1
2024-10-30,Bardawil_off,CHL,my,1.483,1.517,1.368,1.609,1
2024-10-31,Bardawil_off,CHL,my,1.359,1.44,1.238,1.599,1
2024-11-01,Bardawil_off,CHL,my,1.362,1.398,1.025,1.471,1
2024-11-03,Bardawil_off,CHL,my,1.402,1.356,0.959,1.572,0.8132
2024-11-04,Bardawil_off,CHL,my,1.926,1.814,1.21,2.196,0.8791
2024-11-05,Bardawil_off,CHL,my,1.75,1.554,1.05,1.982,1
2024-11-06,Bardawil_off,CHL,my,1.765,1.567,1.097,1.891,1
2024-11-07,Bardawil_off,CHL,my,2.006,1.919,1.408,2.272,1
2024-11-09,Bardawil_off,CHL,my,1.726,1.618,1.313,1.829,0.8297
2024-11-11,Bardawil_off,CHL,my,2.321,2.087,1.443,2.389,1
2024-11-12,Bardawil_off,CHL,my,1.903,1.869,1.299,1.961,0.8901
2024-11-14,Bardawil_off,CHL,my,,1.521,1.059,2.027,0.8242
2024-11-15,Bardawil_off,CHL,my,2.593,1.353,1.02,2.593,1
2024-11-16,Bardawil_off,CHL,my,1.789,1.419,0.9897,2.006,1
2024-11-17,Bardawil_off,CHL,my,3.495,2.198,1.409,3.704,0.9341
2024-11-18,Bardawil_off,CHL,my,3.614,2.374,1.798,3.819,1
2024-11-19,Bardawil_off,CHL,my,4.767,2.411,2.082,6.228,1
2024-11-20,Bardawil_off,CHL,my,3.629,1.806,1.485,5.134,1
2024-11-21,Bardawil_off,CHL,my,2.37,1.393,1.061,2.587,1
2024-11-22,Bardawil_off,CHL,my,3.403,1.629,1.452,4.258,1
2024-11-23,Bardawil_off,CHL,my,2.183,1.612,1.238,2.373,0.8077
2024-11-29,Bardawil_off,CHL,my,2.26,2.196,1.768,2.313,0.8791
2024-11-30,Bardawil_off,CHL,my,3.189,,,,0.1923
2024-12-01,Bardawil_off,CHL,my,2.521,2.521,1.244,2.974,0.5
2024-12-02,Bardawil_off,CHL,my,3.228,1.529,1.519,3.625,1
2024-12-03,Bardawil_off,CHL,my,2.795,1.806,1.537,3.035,1
2024-12-04,Bardawil_off,CHL,my,3.155,2.742,1.647,3.288,1
2024-12-05,Bardawil_off,CHL,my,3.278,1.829,1.432,3.278,1
2024-12-06,Bardawil_off,CHL,my,2.358,2.251,1.521,2.399,1
2024-12-08,Bardawil_off,CHL,my,3.15,2.161,1.366,3.15,1
2024-12-09,Bardawil_off,CHL,my,2.629,2.125,1.363,2.751,1
2024-12-13,Bardawil_off,CHL,my,2.803,2.805,1.654,3.008,1
2024-12-14,Bardawil_off,CHL,my,3.266,3.176,2.238,3.266,0.5879
2024-12-15,Bardawil_off,CHL,my,2.728,,,,0.3132
2024-12-16,Bardawil_off,CHL,my,2.82,2.813,2.194,2.992,0.8132
2024-12-17,Bardawil_off,CHL,my,2.024,1.817,1.464,2.162,1
2024-12-18,Bardawil_off,CHL,my,2.072,2.063,1.406,2.184,1
2024-12-19,Bardawil_off,CHL,my,2.447,2.221,1.469,2.447,1
2024-12-21,Bardawil_off,CHL,my,2.574,2.37,1.579,2.574,1
2024-12-22,Bardawil_off,CHL,my,5.482,4.928,3.226,5.502,0.8571
2024-12-23,Bardawil_off,CHL,my,2.617,2.561,1.496,2.762,1
2024-12-24,Bardawil_off,CHL,my,4.409,3.678,2.438,4.409,1
2024-12-25,Bardawil_off,CHL,my,2.534,2.283,1.455,2.658,1
2024-12-28,Bardawil_off,CHL,my,5.012,4.568,3.421,5.21,1
2024-12-29,Bardawil_off,CHL,my,2.16,2.067,1.675,3.208,1
2024-12-30,Bardawil_off,CHL,my,4.048,2.687,2.24,4.274,1
2024-01-01,Damietta_mouth,CHL,my,2.401,1.602,1.382,7.737,0.8626
2024-01-02,Damietta_mouth,CHL,my,1.88,1.559,1.135,1.964,1
2024-01-03,Damietta_mouth,CHL,my,2.232,,,,0.3077
2024-01-04,Damietta_mouth,CHL,my,2.803,2.198,2.03,3.442,0.6154
2024-01-05,Damietta_mouth,CHL,my,3.056,1.506,1.651,8.609,1
2024-01-06,Damietta_mouth,CHL,my,14.18,2.57,2.994,15.46,0.8681
2024-01-07,Damietta_mouth,CHL,my,3.558,3.493,2.582,3.558,0.8022
2024-01-13,Damietta_mouth,CHL,my,4.64,4.508,2.58,4.862,1
2024-01-16,Damietta_mouth,CHL,my,5.054,4.788,2.795,5.423,1
2024-01-17,Damietta_mouth,CHL,my,3.314,2.433,1.921,3.467,0.9396
2024-01-18,Damietta_mouth,CHL,my,2.197,1.994,1.373,2.231,1
2024-01-20,Damietta_mouth,CHL,my,2.818,2.509,1.51,2.996,1
2024-01-21,Damietta_mouth,CHL,my,2.664,2.346,1.395,4.066,1
2024-01-22,Damietta_mouth,CHL,my,,0.3919,0.2694,0.5592,0.5055
2024-01-24,Damietta_mouth,CHL,my,4.107,,,,0.4341
2024-01-26,Damietta_mouth,CHL,my,3.942,3.606,2.02,3.942,1
2024-01-31,Damietta_mouth,CHL,my,5.348,5.215,3.319,5.842,1
2024-02-01,Damietta_mouth,CHL,my,2.46,2.266,1.549,2.538,1
2024-02-02,Damietta_mouth,CHL,my,,1.155,0.861,1.749,0.5055
2024-02-04,Damietta_mouth,CHL,my,2.069,1.864,1.365,2.069,0.8736
2024-02-06,Damietta_mouth,CHL,my,2.843,3.802,2.149,4.278,0.8187
2024-02-07,Damietta_mouth,CHL,my,2.226,1.389,0.8774,2.255,1
2024-02-08,Damietta_mouth,CHL,my,1.926,1.926,1.044,2.017,0.7527
2024-02-09,Damietta_mouth,CHL,my,2.067,1.512,0.8793,2.487,1
2024-02-10,Damietta_mouth,CHL,my,2.535,1.674,1.173,2.535,0.9396
2024-02-11,Damietta_mouth,CHL,my,1.871,1.546,0.9684,1.871,0.9396
2024-02-16,Damietta_mouth,CHL,my,1.792,1.588,0.9847,2.147,0.8736
2024-02-17,Damietta_mouth,CHL,my,1.628,1.628,1.153,1.829,0.5549
2024-02-19,Damietta_mouth,CHL,my,1.717,1.302,1.033,1.747,0.9231
2024-02-21,Damietta_mouth,CHL,my,1.805,1.805,1.461,2.047,0.5
2024-02-22,Damietta_mouth,CHL,my,1.543,1.29,0.8131,1.57,1
2024-02-24,Damietta_mouth,CHL,my,3.656,1.505,1.105,3.663,1
2024-02-25,Damietta_mouth,CHL,my,4.793,1.666,1.527,9.038,1
2024-02-26,Damietta_mouth,CHL,my,2.381,2.003,1.326,2.843,1
2024-02-27,Damietta_mouth,CHL,my,1.857,1.85,1.182,1.962,0.9396
2024-02-28,Damietta_mouth,CHL,my,1.995,1.94,1.589,2.236,1
2024-02-29,Damietta_mouth,CHL,my,5.709,4.885,2.899,5.817,1
2024-03-01,Damietta_mouth,CHL,my,5.186,3.942,2.777,6.09,1
2024-03-03,Damietta_mouth,CHL,my,2.025,1.883,1.492,2.925,1
2024-03-04,Damietta_mouth,CHL,my,1.818,1.636,1.258,1.858,1
2024-03-05,Damietta_mouth,CHL,my,2.67,2.219,1.432,2.806,1
2024-03-06,Damietta_mouth,CHL,my,1.59,1.59,1.294,1.614,0.6868
2024-03-07,Damietta_mouth,CHL,my,1.962,1.879,1.282,2.032,0.8791
2024-03-08,Damietta_mouth,CHL,my,1.816,1.641,1.03,2.028,1
2024-03-10,Damietta_mouth,CHL,my,1.387,1.26,0.8287,2.096,1
2024-03-11,Damietta_mouth,CHL,my,2.091,1.608,1.066,2.741,1
2024-03-12,Damietta_mouth,CHL,my,2.276,2.156,1.111,2.738,1
2024-03-13,Damietta_mouth,CHL,my,2.598,2.034,1.191,2.686,0.8791
2024-03-15,Damietta_mouth,CHL,my,1.624,1.391,0.6735,1.624,1
2024-03-19,Damietta_mouth,CHL,my,2.055,1.818,1.183,3.273,1
2024-03-20,Damietta_mouth,CHL,my,2.198,1.724,1.084,2.306,1
2024-03-24,Damietta_mouth,CHL,my,,1.65,1.023,1.791,0.5
2024-03-25,Damietta_mouth,CHL,my,1.883,1.627,1.116,2.133,1
2024-03-27,Damietta_mouth,CHL,my,,2.165,1.212,2.704,0.5714
2024-03-29,Damietta_mouth,CHL,my,2.818,,,,0.2473
2024-03-31,Damietta_mouth,CHL,my,2.354,1.957,1.284,2.43,1
2024-04-01,Damietta_mouth,CHL,my,2.125,1.5,1.037,2.125,0.9396
2024-04-02,Damietta_mouth,CHL,my,1.941,1.671,1.069,2.116,1
2024-04-03,Damietta_mouth,CHL,my,1.424,1.115,0.659,2.822,1
2024-04-04,Damietta_mouth,CHL,my,1.751,1.166,0.7939,2.757,1
2024-04-05,Damietta_mouth,CHL,my,1.358,1.253,0.8122,2.024,0.9231
2024-04-06,Damietta_mouth,CHL,my,1.828,1.506,0.8864,2.398,1
2024-04-07,Damietta_mouth,CHL,my,1.673,1.41,0.832,1.953,1
2024-04-09,Damietta_mouth,CHL,my,1.457,1.345,0.7103,1.829,1
2024-04-10,Damietta_mouth,CHL,my,1.938,1.611,0.9513,2.396,1
2024-04-11,Damietta_mouth,CHL,my,1.803,1.598,0.8737,2.582,1
2024-04-12,Damietta_mouth,CHL,my,1.94,1.606,0.9626,2.058,1
2024-04-13,Damietta_mouth,CHL,my,1.968,1.467,0.8603,2.439,1
2024-04-15,Damietta_mouth,CHL,my,1.588,1.495,0.9922,2.857,1
2024-04-16,Damietta_mouth,CHL,my,2.529,1.542,1.064,2.82,1
2024-04-17,Damietta_mouth,CHL,my,2.178,2.026,1.335,2.235,1
2024-04-19,Damietta_mouth,CHL,my,1.617,1.536,1.003,1.712,0.8736
2024-04-21,Damietta_mouth,CHL,my,1.886,1.604,1.077,2.141,0.989
2024-04-22,Damietta_mouth,CHL,my,2.538,2.471,1.992,2.753,0.6758
2024-04-24,Damietta_mouth,CHL,my,,2.759,1.658,3.213,0.8791
2024-04-28,Damietta_mouth,CHL,my,2.285,1.956,1.262,2.427,1
2024-04-30,Damietta_mouth,CHL,my,1.77,1.584,1.065,2.18,1
2024-05-03,Damietta_mouth,CHL,my,2.045,,,,0.4286
2024-05-04,Damietta_mouth,CHL,my,2.068,1.836,1.222,2.49,1
2024-05-06,Damietta_mouth,CHL,my,2.113,2.01,1.278,2.271,1
2024-05-07,Damietta_mouth,CHL,my,2.085,1.944,1.335,2.42,1
2024-05-08,Damietta_mouth,CHL,my,2.573,2.154,1.473,2.658,1
2024-05-11,Damietta_mouth,CHL,my,1.904,1.83,1.108,2.03,0.8736
2024-05-12,Damietta_mouth,CHL,my,1.894,1.766,1.117,1.894,1
2024-05-13,Damietta_mouth,CHL,my,1.944,,,,0.3077
2024-05-14,Damietta_mouth,CHL,my,2.152,1.868,1.283,2.361,1
2024-05-15,Damietta_mouth,CHL,my,2.068,1.712,1.281,2.626,1
2024-05-16,Damietta_mouth,CHL,my,3.151,1.939,1.516,3.45,1
2024-05-17,Damietta_mouth,CHL,my,2.501,2.299,1.562,2.696,1
2024-05-21,Damietta_mouth,CHL,my,,1.056,0.6259,1.257,0.6923
2024-05-23,Damietta_mouth,CHL,my,1.671,1.475,0.874,1.68,1
2024-05-24,Damietta_mouth,CHL,my,1.694,1.528,0.8259,1.749,1
2024-05-25,Damietta_mouth,CHL,my,,1.735,0.7249,1.896,0.511
2024-05-28,Damietta_mouth,CHL,my,1.836,1.718,1.044,1.906,0.8736
2024-05-29,Damietta_mouth,CHL,my,1.815,1.499,1.035,2.029,1
2024-05-31,Damietta_mouth,CHL,my,2.393,1.53,1.114,2.649,1
2024-06-01,Damietta_mouth,CHL,my,,1.037,0.6652,1.351,0.6923
2024-06-02,Damietta_mouth,CHL,my,1.695,1.582,1.238,1.771,1
2024-06-03,Damietta_mouth,CHL,my,1.678,1.581,0.8928,1.772,1
2024-06-04,Damietta_mouth,CHL,my,1.719,1.36,0.8135,1.719,1
2024-06-05,Damietta_mouth,CHL,my,1.59,1.395,0.7895,2.036,1
2024-06-06,Damietta_mouth,CHL,my,1.163,0.9723,0.4769,1.32,1
2024-06-07,Damietta_mouth,CHL,my,1.008,0.7044,0.4724,1.345,1
2024-06-08,Damietta_mouth,CHL,my,1.273,1.222,0.5922,1.441,0.7527
2024-06-09,Damietta_mouth,CHL,my,1.435,1.306,0.7806,1.44,0.8022
2024-06-10,Damietta_mouth,CHL,my,1.42,1.274,0.7328,1.475,1
2024-06-11,Damietta_mouth,CHL,my,1.263,1.042,0.5858,1.476,0.9396
2024-06-12,Damietta_mouth,CHL,my,1.129,0.6661,0.4865,1.98,1
2024-06-13,Damietta_mouth,CHL,my,1.32,0.8816,0.6116,1.774,1
2024-06-14,Damietta_mouth,CHL,my,2.173,1.008,0.7204,2.173,0.9396
2024-06-16,Damietta_mouth,CHL,my,1.509,0.9698,0.6311,1.509,0.9396
2024-06-17,Damietta_mouth,CHL,my,1.607,1.323,0.7833,1.784,1
2024-06-18,Damietta_mouth,CHL,my,1.864,1.619,0.9384,2.249,0.8791
2024-06-19,Damietta_mouth,CHL,my,1.978,1.293,0.7194,2.093,1
2024-06-20,Damietta_mouth,CHL,my,1.365,1.277,0.6917,1.926,1
2024-06-21,Damietta_mouth,CHL,my,1.617,1.082,0.6767,1.821,1
2024-06-22,Damietta_mouth,CHL,my,1.352,1.201,0.6795,1.568,1
2024-06-23,Damietta_mouth,CHL,my,1.421,1.16,0.7133,1.51,1
2024-06-24,Damietta_mouth,CHL,my,1.451,1.302,0.7344,1.649,1
2024-06-25,Damietta_mouth,CHL,my,1.608,1.516,0.7912,1.699,1
2024-06-26,Damietta_mouth,CHL,my,1.394,1.207,0.6104,1.394,0.8736
2024-06-27,Damietta_mouth,CHL,my,1.544,1.321,0.7752,1.733,1
2024-06-28,Damietta_mouth,CHL,my,1.39,1.126,0.692,1.557,1
2024-06-29,Damietta_mouth,CHL,my,1.448,1.184,0.699,1.618,1
2024-07-01,Damietta_mouth,CHL,my,1.574,1.317,0.8506,1.574,1
2024-07-02,Damietta_mouth,CHL,my,,1.34,0.914,1.89,0.9396
2024-07-03,Damietta_mouth,CHL,my,1.529,1.214,0.9104,1.754,1
2024-07-05,Damietta_mouth,CHL,my,1.604,1.487,0.8028,1.66,1
2024-07-06,Damietta_mouth,CHL,my,,1.053,0.6378,1.524,0.8187
2024-07-07,Damietta_mouth,CHL,my,1.476,1.391,0.8539,2.216,1
2024-07-08,Damietta_mouth,CHL,my,1.514,1.332,0.9075,1.514,0.8132
2024-07-09,Damietta_mouth,CHL,my,1.507,1.323,0.9582,1.68,1
2024-07-10,Damietta_mouth,CHL,my,1.78,1.333,0.8591,1.78,1
2024-07-11,Damietta_mouth,CHL,my,1.706,1.395,0.8474,2.086,1
2024-07-13,Damietta_mouth,CHL,my,1.607,1.337,0.6733,1.708,1
2024-07-14,Damietta_mouth,CHL,my,1.789,1.381,0.9073,1.789,1
2024-07-15,Damietta_mouth,CHL,my,1.802,1.705,0.9513,1.802,0.8132
2024-07-16,Damietta_mouth,CHL,my,1.7,1.658,0.9599,2.067,1
2024-07-17,Damietta_mouth,CHL,my,1.686,1.297,0.8046,1.967,1
2024-07-18,Damietta_mouth,CHL,my,1.807,1.175,0.7839,2.302,1
2024-07-19,Damietta_mouth,CHL,my,1.691,1.379,0.8259,1.795,0.9341
2024-07-20,Damietta_mouth,CHL,my,1.415,1.294,0.8129,1.723,1
2024-07-21,Damietta_mouth,CHL,my,1.498,1.356,0.7834,1.987,1
2024-07-22,Damietta_mouth,CHL,my,1.654,1.16,0.7537,1.692,1
2024-07-23,Damietta_mouth,CHL,my,1.472,1.288,0.7743,1.563,1
2024-07-24,Damietta_mouth,CHL,my,1.524,1.262,0.8214,1.625,1
2024-07-25,Damietta_mouth,CHL,my,2.365,1.667,0.8867,2.365,0.8681
2024-07-26,Damietta_mouth,CHL,my,1.614,1.551,1.063,1.778,0.7418
2024-07-28,Damietta_mouth,CHL,my,2.12,1.625,1.225,2.488,1
2024-07-29,Damietta_mouth,CHL,my,1.567,1.425,0.8909,1.567,1
2024-07-30,Damietta_mouth,CHL,my,1.491,1.366,1.045,1.859,1
2024-07-31,Damietta_mouth,CHL,my,1.756,1.465,0.9251,1.756,0.9396
2024-08-01,Damietta_mouth,CHL,my,1.626,1.34,0.7945,1.626,1
2024-08-02,Damietta_mouth,CHL,my,1.652,1.326,0.8336,1.82,1
2024-08-03,Damietta_mouth,CHL,my,1.48,1.171,0.8581,1.714,1
2024-08-04,Damietta_mouth,CHL,my,1.974,1.323,0.8838,1.974,1
2024-08-05,Damietta_mouth,CHL,my,1.787,1.144,0.9385,2.26,1
2024-08-06,Damietta_mouth,CHL,my,1.697,1.254,0.9613,1.894,1
2024-08-07,Damietta_mouth,CHL,my,1.705,1.402,1.062,2.252,1
2024-08-08,Damietta_mouth,CHL,my,1.894,1.581,1.004,1.894,0.9396
2024-08-09,Damietta_mouth,CHL,my,1.788,1.485,1.133,2.26,1
2024-08-10,Damietta_mouth,CHL,my,1.976,1.938,1.46,2.032,0.7418
2024-08-11,Damietta_mouth,CHL,my,1.672,,,,0.4945
2024-08-12,Damietta_mouth,CHL,my,2.471,1.42,1.146,2.471,1
2024-08-13,Damietta_mouth,CHL,my,1.657,1.416,1.021,1.85,1
2024-08-14,Damietta_mouth,CHL,my,,1.208,0.9581,2.06,0.9396
2024-08-15,Damietta_mouth,CHL,my,1.569,1.264,1.011,1.712,1
2024-08-16,Damietta_mouth,CHL,my,1.607,1.423,0.8285,1.618,0.7418
2024-08-17,Damietta_mouth,CHL,my,1.5,1.5,1.146,1.86,0.8022
2024-08-18,Damietta_mouth,CHL,my,1.677,1.447,0.9442,1.677,0.8187
2024-08-19,Damietta_mouth,CHL,my,1.458,1.458,1.016,1.738,1
2024-08-20,Damietta_mouth,CHL,my,1.436,1.251,0.9141,1.761,1
2024-08-21,Damietta_mouth,CHL,my,1.673,1.314,0.9591,2.85,1
2024-08-22,Damietta_mouth,CHL,my,1.682,1.376,0.8595,1.968,1
2024-08-23,Damietta_mouth,CHL,my,1.721,1.632,0.8936,1.859,0.8681
2024-08-25,Damietta_mouth,CHL,my,1.809,1.561,0.9549,2.064,1
2024-08-26,Damietta_mouth,CHL,my,1.929,1.668,0.9795,2.013,1
2024-08-27,Damietta_mouth,CHL,my,1.709,1.645,1.004,2.074,1
2024-08-28,Damietta_mouth,CHL,my,1.604,1.568,1.037,1.794,1
2024-08-29,Damietta_mouth,CHL,my,2.66,1.853,1.231,3.326,1
2024-08-30,Damietta_mouth,CHL,my,2.857,1.595,1.243,3.498,1
2024-08-31,Damietta_mouth,CHL,my,2.207,1.406,1.141,3.124,1
2024-09-01,Damietta_mouth,CHL,my,1.784,1.548,1.074,2.08,0.8791
2024-09-02,Damietta_mouth,CHL,my,3.317,2.793,1.445,3.317,1
2024-09-04,Damietta_mouth,CHL,my,1.857,1.576,1.168,2.314,1
2024-09-05,Damietta_mouth,CHL,my,2.391,1.409,1.138,2.553,1
2024-09-07,Damietta_mouth,CHL,my,2.752,1.278,1.072,3.39,1
2024-09-08,Damietta_mouth,CHL,my,1.856,1.41,0.9526,2.702,1
2024-09-09,Damietta_mouth,CHL,my,1.717,1.354,0.9537,2.381,0.9341
2024-09-10,Damietta_mouth,CHL,my,2.636,1.423,1.125,3.425,1
2024-09-11,Damietta_mouth,CHL,my,2.716,2.44,1.336,2.884,0.8736
2024-09-12,Damietta_mouth,CHL,my,2.33,1.967,1.196,2.432,1
2024-09-16,Damietta_mouth,CHL,my,1.943,1.709,1.222,2.352,1
2024-09-17,Damietta_mouth,CHL,my,1.893,1.704,1.262,2.333,1
2024-09-18,Damietta_mouth,CHL,my,1.827,1.587,1.202,3.232,1
2024-09-23,Damietta_mouth,CHL,my,,1.171,0.7787,1.271,0.5714
2024-09-26,Damietta_mouth,CHL,my,2.441,1.609,1.23,3.063,1
2024-09-27,Damietta_mouth,CHL,my,1.632,1.601,1.016,2.724,1
2024-09-28,Damietta_mouth,CHL,my,1.631,1.375,0.9505,2.173,1
2024-09-29,Damietta_mouth,CHL,my,,1.538,1.044,3.934,0.8132
2024-09-30,Damietta_mouth,CHL,my,2.886,,,,0.4341
2024-10-02,Damietta_mouth,CHL,my,4.144,2.63,2.112,5.303,0.7527
2024-10-03,Damietta_mouth,CHL,my,2.385,1.918,1.585,4.179,0.8187
2024-10-04,Damietta_mouth,CHL,my,4.167,2.913,1.953,7.473,0.8791
2024-10-05,Damietta_mouth,CHL,my,2.633,1.542,1.315,4.229,1
2024-10-06,Damietta_mouth,CHL,my,3.532,1.442,1.394,8.217,1
2024-10-07,Damietta_mouth,CHL,my,3.575,1.14,1.067,4.366,1
2024-10-08,Damietta_mouth,CHL,my,1.651,1.026,0.836,3.517,1
2024-10-09,Damietta_mouth,CHL,my,3.583,1.137,1.059,5.572,1
2024-10-11,Damietta_mouth,CHL,my,3.969,1.335,1.349,7.152,1
2024-10-12,Damietta_mouth,CHL,my,2.893,1.704,0.9394,2.893,0.6319
2024-10-13,Damietta_mouth,CHL,my,4.251,3.178,1.824,5.76,1
2024-10-14,Damietta_mouth,CHL,my,,0.9756,0.5936,1.415,0.8791
2024-10-15,Damietta_mouth,CHL,my,1.842,1.181,0.8918,2.786,1
2024-10-16,Damietta_mouth,CHL,my,5.387,1.422,1.228,5.751,1
2024-10-17,Damietta_mouth,CHL,my,1.567,1.132,0.6525,1.871,1
2024-10-18,Damietta_mouth,CHL,my,2.999,1.573,1.141,4.076,1
2024-10-19,Damietta_mouth,CHL,my,2.258,2.12,1.417,3.217,1
2024-10-20,Damietta_mouth,CHL,my,4.783,3.947,2.102,5.105,1
2024-10-21,Damietta_mouth,CHL,my,3.637,3.056,1.695,4.288,1
2024-10-24,Damietta_mouth,CHL,my,7.745,6.275,3.706,8.008,1
2024-10-25,Damietta_mouth,CHL,my,5.157,4.115,2.721,5.987,1
2024-10-26,Damietta_mouth,CHL,my,4.766,4.766,3.146,8.848,1
2024-10-27,Damietta_mouth,CHL,my,5.107,3.24,2.4,6.35,0.9341
2024-10-28,Damietta_mouth,CHL,my,4.428,4.256,2.443,4.715,1
2024-10-29,Damietta_mouth,CHL,my,3.18,3.18,2.303,6.272,0.8626
2024-10-30,Damietta_mouth,CHL,my,3.132,2.678,1.669,3.528,0.8736
2024-10-31,Damietta_mouth,CHL,my,3.06,2.751,1.475,3.06,0.5
2024-11-01,Damietta_mouth,CHL,my,3.218,2.827,1.376,3.273,1
2024-11-02,Damietta_mouth,CHL,my,1.91,1.766,0.8861,2.143,1
2024-11-03,Damietta_mouth,CHL,my,,1.425,0.6772,1.613,0.8791
2024-11-04,Damietta_mouth,CHL,my,,0.7595,0.4588,0.9042,0.5714
2024-11-05,Damietta_mouth,CHL,my,3.37,2.295,1.312,5.168,1
2024-11-06,Damietta_mouth,CHL,my,2.646,2.309,1.463,2.824,0.8022
2024-11-09,Damietta_mouth,CHL,my,2.326,1.967,1.31,2.563,1
2024-11-10,Damietta_mouth,CHL,my,2.891,2.29,1.522,3.449,1
2024-11-11,Damietta_mouth,CHL,my,2.998,,,,0.1813
2024-11-12,Damietta_mouth,CHL,my,2.021,2.021,1.557,2.275,0.5549
2024-11-13,Damietta_mouth,CHL,my,2.163,1.971,1.281,2.566,0.7527
2024-11-15,Damietta_mouth,CHL,my,2.37,1.327,0.9396,2.8,1
2024-11-16,Damietta_mouth,CHL,my,1.878,1.19,0.7977,2.545,1
2024-11-19,Damietta_mouth,CHL,my,,1.07,0.6773,1.326,0.5055
2024-11-20,Damietta_mouth,CHL,my,2.544,1.958,1.176,2.836,1
2024-11-21,Damietta_mouth,CHL,my,2.08,1.396,0.8931,2.548,1
2024-11-22,Damietta_mouth,CHL,my,4.599,1.91,1.298,7.35,1
2024-11-27,Damietta_mouth,CHL,my,3.612,3.243,2.078,3.76,0.6813
2024-11-29,Damietta_mouth,CHL,my,,1.194,0.9992,1.6,0.6319
2024-12-02,Damietta_mouth,CHL,my,18.03,14.09,5.348,19.06,1
2024-12-03,Damietta_mouth,CHL,my,6.937,6.279,2.922,7.137,1
2024-12-04,Damietta_mouth,CHL,my,3.794,2.87,1.961,4.041,0.8681
2024-12-05,Damietta_mouth,CHL,my,6.666,,,,0.4505
2024-12-06,Damietta_mouth,CHL,my,3.834,2.481,2.029,8.39,1
2024-12-08,Damietta_mouth,CHL,my,,0.8832,0.7008,0.9335,0.5055
2024-12-13,Damietta_mouth,CHL,my,,1.707,1.323,2.434,0.8681
2024-12-15,Damietta_mouth,CHL,my,3.041,3.041,2.17,4.615,0.6868
2024-12-16,Damietta_mouth,CHL,my,2.241,2.06,1.494,3.601,1
2024-12-18,Damietta_mouth,CHL,my,9.817,2.848,3.17,11.53,0.6813
2024-12-19,Damietta_mouth,CHL,my,3.995,2.151,2.507,18.86,1
2024-12-21,Damietta_mouth,CHL,my,2.47,2.116,1.19,3.577,1
2024-12-22,Damietta_mouth,CHL,my,2.465,,,,0.2473
2024-12-23,Damietta_mouth,CHL,my,2.772,2.403,1.586,2.772,0.9396
2024-12-24,Damietta_mouth,CHL,my,5.758,4.227,2.654,6.014,1
2024-12-25,Damietta_mouth,CHL,my,4.447,4.166,2.552,4.737,1
2024-12-28,Damietta_mouth,CHL,my,4.208,4.078,2.433,4.417,0.8187
2024-12-29,Damietta_mouth,CHL,my,3.598,3.467,2.069,3.598,0.9396
2024-01-01,El_Arish_EG,CHL,my,0.6067,0.5161,0.3479,0.6067,0.9254
2024-01-03,El_Arish_EG,CHL,my,0.4786,,,,0.4627
2024-01-04,El_Arish_EG,CHL,my,0.7565,,,,0.4428
2024-01-05,El_Arish_EG,CHL,my,0.6267,0.7091,0.53,1.111,0.9851
2024-01-06,El_Arish_EG,CHL,my,0.9176,0.918,0.6223,1.042,0.9851
2024-01-07,El_Arish_EG,CHL,my,0.895,0.895,0.5651,1.17,0.9851
2024-01-10,El_Arish_EG,CHL,my,1.941,1.941,1.36,2.512,0.9851
2024-01-12,El_Arish_EG,CHL,my,4.715,4.397,2.456,5.116,0.9254
2024-01-13,El_Arish_EG,CHL,my,2.069,2.011,1.498,3.806,0.9851
2024-01-15,El_Arish_EG,CHL,my,1.776,1.776,1.048,2.35,0.9851
2024-01-16,El_Arish_EG,CHL,my,1.299,1.299,0.7831,1.574,0.9851
2024-01-18,El_Arish_EG,CHL,my,1.323,1.323,0.827,2.226,1
2024-01-19,El_Arish_EG,CHL,my,1.372,1.415,0.9758,4.911,0.9851
2024-01-20,El_Arish_EG,CHL,my,1.942,1.738,1.169,4.015,0.9254
2024-01-21,El_Arish_EG,CHL,my,1.219,1.219,1.014,3.745,0.9851
2024-01-22,El_Arish_EG,CHL,my,1.394,1.064,0.5247,1.425,0.9254
2024-01-24,El_Arish_EG,CHL,my,2.014,2.014,1.625,2.095,0.5771
2024-01-25,El_Arish_EG,CHL,my,2.39,2.349,1.394,3.141,1
2024-01-26,El_Arish_EG,CHL,my,3.862,1.685,1.505,3.958,0.6965
2024-01-28,El_Arish_EG,CHL,my,1.722,1.823,1.571,2.065,0.5224
2024-01-29,El_Arish_EG,CHL,my,2.945,2.459,1.481,3.485,0.9851
2024-01-30,El_Arish_EG,CHL,my,4.819,4.819,2.424,5.533,1
2024-01-31,El_Arish_EG,CHL,my,3.516,3.329,1.85,4.43,0.9254
2024-02-01,El_Arish_EG,CHL,my,3.022,2.341,1.316,3.022,0.9851
2024-02-03,El_Arish_EG,CHL,my,4.143,3.501,1.624,4.143,0.9851
2024-02-04,El_Arish_EG,CHL,my,1.641,1.906,1.247,2.573,0.6866
2024-02-05,El_Arish_EG,CHL,my,1.585,1.585,0.9244,2.707,0.9851
2024-02-06,El_Arish_EG,CHL,my,3.031,2.199,1.02,3.031,0.9851
2024-02-07,El_Arish_EG,CHL,my,2.036,2.036,1.283,3.279,0.9851
2024-02-09,El_Arish_EG,CHL,my,0.939,0.939,0.5922,2.152,0.9851
2024-02-10,El_Arish_EG,CHL,my,1.673,,,,0.2488
2024-02-11,El_Arish_EG,CHL,my,3.527,3.527,2.448,8.342,0.9851
2024-02-14,El_Arish_EG,CHL,my,1.542,1.542,0.875,1.885,0.9851
2024-02-15,El_Arish_EG,CHL,my,1.485,1.552,0.9596,1.944,0.9851
2024-02-16,El_Arish_EG,CHL,my,1.562,1.404,0.8923,1.648,0.8607
2024-02-17,El_Arish_EG,CHL,my,1.364,1.662,1.255,2.819,0.9851
2024-02-18,El_Arish_EG,CHL,my,1.324,1.23,0.6392,1.405,0.9254
2024-02-19,El_Arish_EG,CHL,my,1.432,1.432,0.7405,1.581,0.7015
2024-02-20,El_Arish_EG,CHL,my,1.478,1.478,0.7334,2.074,0.9851
2024-02-21,El_Arish_EG,CHL,my,1.387,1.387,0.6677,2.016,0.9851
2024-02-22,El_Arish_EG,CHL,my,1.492,1.347,0.6581,1.62,0.9851
2024-02-24,El_Arish_EG,CHL,my,1.257,1.257,0.7129,2.107,1
2024-02-25,El_Arish_EG,CHL,my,1.174,1.174,0.6013,1.599,0.9851
2024-02-26,El_Arish_EG,CHL,my,1.172,1.172,0.7044,2.368,1
2024-02-28,El_Arish_EG,CHL,my,1.566,1.566,0.8991,1.801,0.9851
2024-02-29,El_Arish_EG,CHL,my,1.45,1.45,0.8826,1.722,0.9851
2024-03-01,El_Arish_EG,CHL,my,,1.16,0.6888,1.433,0.6766
2024-03-02,El_Arish_EG,CHL,my,1.427,1.427,0.9592,1.804,0.9851
2024-03-03,El_Arish_EG,CHL,my,1.583,,,,0.3881
2024-03-04,El_Arish_EG,CHL,my,1.413,1.413,0.8725,1.616,0.9851
2024-03-05,El_Arish_EG,CHL,my,1.391,1.391,0.7918,2.076,0.9851
2024-03-06,El_Arish_EG,CHL,my,1.382,1.382,0.838,1.746,0.9254
2024-03-07,El_Arish_EG,CHL,my,1.611,1.398,1.031,2.129,0.9254
2024-03-08,El_Arish_EG,CHL,my,1.978,1.978,1.377,2.805,1
2024-03-09,El_Arish_EG,CHL,my,1.703,1.868,1.228,2.236,0.8458
2024-03-10,El_Arish_EG,CHL,my,1.633,1.633,1.16,2.495,0.9851
2024-03-11,El_Arish_EG,CHL,my,1.524,1.524,1.034,2.232,0.9851
2024-03-12,El_Arish_EG,CHL,my,1.708,1.708,1.094,2.313,0.9851
2024-03-13,El_Arish_EG,CHL,my,1.427,1.427,0.9021,1.813,0.9851
2024-03-15,El_Arish_EG,CHL,my,1.284,1.284,0.6704,1.497,0.9851
2024-03-20,El_Arish_EG,CHL,my,3.156,3.156,1.896,3.784,0.9851
2024-03-21,El_Arish_EG,CHL,my,1.915,1.915,1.363,2.276,0.9851
2024-03-23,El_Arish_EG,CHL,my,2.295,2.295,1.625,2.632,0.9851
2024-03-25,El_Arish_EG,CHL,my,2.351,2.351,1.485,2.792,0.9851
2024-03-31,El_Arish_EG,CHL,my,,1.714,1.01,2.099,0.7512
2024-04-01,El_Arish_EG,CHL,my,1.744,1.744,1.23,2.134,0.9801
2024-04-03,El_Arish_EG,CHL,my,1.203,1.203,0.6074,1.898,0.9851
2024-04-04,El_Arish_EG,CHL,my,1.144,1.144,0.5919,1.923,1
2024-04-05,El_Arish_EG,CHL,my,0.9821,0.9821,0.6139,1.715,0.9851
2024-04-06,El_Arish_EG,CHL,my,1.081,1.081,0.5701,1.512,0.9851
2024-04-07,El_Arish_EG,CHL,my,1.412,1.412,0.6632,1.55,0.9851
2024-04-08,El_Arish_EG,CHL,my,1.391,1.391,0.6539,1.526,0.806
2024-04-09,El_Arish_EG,CHL,my,1.37,1.324,0.8015,1.561,0.9254
2024-04-10,El_Arish_EG,CHL,my,1.66,1.66,1.159,1.822,0.9851
2024-04-11,El_Arish_EG,CHL,my,1.569,1.622,1.107,2.283,1
2024-04-12,El_Arish_EG,CHL,my,1.904,1.904,1.146,2.43,0.8458
2024-04-13,El_Arish_EG,CHL,my,2.337,2.337,1.403,3.333,0.9851
2024-04-14,El_Arish_EG,CHL,my,1.728,1.626,1.026,1.886,0.8657
2024-04-15,El_Arish_EG,CHL,my,1.916,1.916,1.196,2.393,0.9851
2024-04-16,El_Arish_EG,CHL,my,1.561,1.561,1.131,1.94,0.9851
2024-04-17,El_Arish_EG,CHL,my,1.955,1.955,1.297,2.496,1
2024-04-19,El_Arish_EG,CHL,my,1.473,1.498,0.9631,2.01,1
2024-04-20,El_Arish_EG,CHL,my,1.609,1.699,1.116,1.885,0.8159
2024-04-21,El_Arish_EG,CHL,my,1.507,1.493,0.8444,1.679,1
2024-04-24,El_Arish_EG,CHL,my,1.676,1.825,1.231,2.174,0.6418
2024-04-30,El_Arish_EG,CHL,my,,1.359,0.7568,1.505,0.6965
2024-05-02,El_Arish_EG,CHL,my,1.595,1.521,1.03,1.766,0.9254
2024-05-04,El_Arish_EG,CHL,my,2.184,2.184,1.427,2.291,0.9851
2024-05-05,El_Arish_EG,CHL,my,1.843,1.961,1.724,2.103,0.5224
2024-05-06,El_Arish_EG,CHL,my,2.35,2.219,1.477,2.549,0.9254
2024-05-07,El_Arish_EG,CHL,my,2.202,2.202,1.502,2.473,0.9851
2024-05-08,El_Arish_EG,CHL,my,1.94,1.888,1.281,2.279,1
2024-05-09,El_Arish_EG,CHL,my,2.438,2.438,1.554,2.651,0.9851
2024-05-12,El_Arish_EG,CHL,my,1.637,1.668,1.16,1.862,0.9851
2024-05-13,El_Arish_EG,CHL,my,1.616,1.607,1.029,1.727,0.8657
2024-05-14,El_Arish_EG,CHL,my,2.084,2.084,1.422,2.317,1
2024-05-15,El_Arish_EG,CHL,my,1.685,,,,0.2886
2024-05-16,El_Arish_EG,CHL,my,1.826,1.837,1.313,2.041,0.9851
2024-05-17,El_Arish_EG,CHL,my,,1.37,0.9313,1.823,0.6965
2024-05-21,El_Arish_EG,CHL,my,1.529,1.529,1.001,1.87,0.9851
2024-05-22,El_Arish_EG,CHL,my,1.479,1.343,1.083,1.479,0.5025
2024-05-24,El_Arish_EG,CHL,my,1.225,1.225,0.7653,1.621,0.9851
2024-05-25,El_Arish_EG,CHL,my,,1.279,0.6989,1.493,0.6965
2024-05-26,El_Arish_EG,CHL,my,1.9,1.645,0.9928,2.072,0.8159
2024-05-29,El_Arish_EG,CHL,my,1.446,1.521,1.006,1.615,0.9851
2024-05-31,El_Arish_EG,CHL,my,1.581,1.568,1.147,1.934,0.9254
2024-06-02,El_Arish_EG,CHL,my,1.41,1.41,0.981,1.487,0.9851
2024-06-04,El_Arish_EG,CHL,my,1.422,1.422,0.8638,1.639,1
2024-06-05,El_Arish_EG,CHL,my,1.275,1.153,0.728,1.417,0.9254
2024-06-06,El_Arish_EG,CHL,my,1.177,1.177,0.731,1.71,1
2024-06-07,El_Arish_EG,CHL,my,1.192,1.192,0.6572,1.427,0.9851
2024-06-08,El_Arish_EG,CHL,my,1.307,1.193,0.7195,1.943,1
2024-06-10,El_Arish_EG,CHL,my,1.52,1.555,0.9407,1.646,0.8657
2024-06-11,El_Arish_EG,CHL,my,1.375,1.426,0.892,1.573,0.8657
2024-06-12,El_Arish_EG,CHL,my,1.44,1.46,1.014,1.741,1
2024-06-13,El_Arish_EG,CHL,my,1.61,1.61,0.9266,1.959,0.9851
2024-06-14,El_Arish_EG,CHL,my,1.574,1.574,0.8482,2.161,0.9254
2024-06-16,El_Arish_EG,CHL,my,2.573,1.841,1.177,2.786,0.9254
2024-06-17,El_Arish_EG,CHL,my,1.759,1.759,1.246,2.223,0.9851
2024-06-18,El_Arish_EG,CHL,my,1.64,1.64,1.082,2.112,0.9851
2024-06-19,El_Arish_EG,CHL,my,1.359,1.359,1.002,1.475,0.9254
2024-06-20,El_Arish_EG,CHL,my,1.602,1.602,0.9966,1.717,0.9851
2024-06-21,El_Arish_EG,CHL,my,1.405,1.405,0.9239,1.562,0.9851
2024-06-22,El_Arish_EG,CHL,my,1.41,1.361,1.067,1.605,0.9254
2024-06-23,El_Arish_EG,CHL,my,1.289,1.414,0.9524,1.596,0.9254
2024-06-24,El_Arish_EG,CHL,my,1.613,1.613,1.223,2.324,1
2024-06-25,El_Arish_EG,CHL,my,1.494,1.494,0.8387,1.622,0.9851
2024-06-26,El_Arish_EG,CHL,my,1.314,1.195,0.9004,1.473,0.9254
2024-06-27,El_Arish_EG,CHL,my,1.24,1.231,0.6729,2.853,1
2024-06-28,El_Arish_EG,CHL,my,1.331,1.331,0.8166,1.603,0.9652
2024-06-29,El_Arish_EG,CHL,my,1.642,1.25,0.7646,1.642,0.7612
2024-06-30,El_Arish_EG,CHL,my,1.53,1.53,1.068,1.661,0.9851
2024-07-01,El_Arish_EG,CHL,my,1.523,1.529,1.127,1.783,0.9851
2024-07-02,El_Arish_EG,CHL,my,1.567,1.544,1.187,1.634,0.9055
2024-07-03,El_Arish_EG,CHL,my,1.365,1.536,1.065,2.339,1
2024-07-05,El_Arish_EG,CHL,my,1.479,1.365,0.9934,1.591,0.8657
2024-07-06,El_Arish_EG,CHL,my,1.477,1.34,0.9195,1.522,0.9254
2024-07-07,El_Arish_EG,CHL,my,1.425,1.346,0.9546,1.838,1
2024-07-08,El_Arish_EG,CHL,my,1.504,1.462,1.07,1.729,0.9254
2024-07-09,El_Arish_EG,CHL,my,1.648,1.53,1.026,1.648,0.9851
2024-07-10,El_Arish_EG,CHL,my,1.503,1.459,0.8963,1.726,0.9204
2024-07-11,El_Arish_EG,CHL,my,1.304,1.304,0.759,1.758,0.9851
2024-07-13,El_Arish_EG,CHL,my,1.08,1.08,0.6134,1.54,0.9851
2024-07-14,El_Arish_EG,CHL,my,1.574,,,,0.4627
2024-07-15,El_Arish_EG,CHL,my,1.627,1.542,1.052,2.11,0.9254
2024-07-16,El_Arish_EG,CHL,my,1.636,1.602,1.007,2.201,0.9254
2024-07-17,El_Arish_EG,CHL,my,1.593,1.593,1.207,2.673,0.9851
2024-07-18,El_Arish_EG,CHL,my,1.497,1.497,1.056,4.499,1
2024-07-19,El_Arish_EG,CHL,my,2.636,2.636,1.573,3.754,0.9254
2024-07-20,El_Arish_EG,CHL,my,1.622,1.528,0.8866,1.753,0.9254
2024-07-21,El_Arish_EG,CHL,my,1.81,1.81,1.091,1.969,0.9851
2024-07-22,El_Arish_EG,CHL,my,1.607,1.533,1.171,1.633,0.7512
2024-07-23,El_Arish_EG,CHL,my,1.838,1.666,1.026,2.066,0.9254
2024-07-24,El_Arish_EG,CHL,my,1.522,1.547,1.011,1.799,0.9851
2024-07-25,El_Arish_EG,CHL,my,1.854,1.854,1.307,2.533,1
2024-07-26,El_Arish_EG,CHL,my,1.782,1.534,1.08,1.782,0.9254
2024-07-27,El_Arish_EG,CHL,my,1.47,1.47,0.9741,1.687,0.8657
2024-07-28,El_Arish_EG,CHL,my,1.821,1.821,1.307,2.139,1
2024-07-29,El_Arish_EG,CHL,my,1.853,1.81,1.136,2.019,0.9254
2024-07-30,El_Arish_EG,CHL,my,1.857,1.73,1.161,2.48,0.9403
2024-07-31,El_Arish_EG,CHL,my,1.537,1.541,1.045,1.761,0.9851
2024-08-01,El_Arish_EG,CHL,my,1.596,1.524,1.112,1.653,0.9851
2024-08-02,El_Arish_EG,CHL,my,1.509,1.588,1.251,1.735,0.9254
2024-08-03,El_Arish_EG,CHL,my,2.013,1.943,1.392,2.665,1
2024-08-04,El_Arish_EG,CHL,my,1.92,1.811,1.28,2.08,0.9851
2024-08-05,El_Arish_EG,CHL,my,1.911,1.845,1.204,4.06,1
2024-08-06,El_Arish_EG,CHL,my,2.08,1.802,1.128,2.08,0.9851
2024-08-07,El_Arish_EG,CHL,my,1.726,1.778,1.073,1.863,1
2024-08-08,El_Arish_EG,CHL,my,1.819,1.819,1.112,2.008,0.8657
2024-08-09,El_Arish_EG,CHL,my,2.102,2.102,1.148,2.825,1
2024-08-10,El_Arish_EG,CHL,my,2.193,2.165,1.359,2.324,0.9851
2024-08-11,El_Arish_EG,CHL,my,1.813,,,,0.4627
2024-08-12,El_Arish_EG,CHL,my,1.588,1.588,1.079,1.728,0.9254
2024-08-13,El_Arish_EG,CHL,my,2.016,1.972,1.392,2.11,0.9851
2024-08-14,El_Arish_EG,CHL,my,1.827,1.785,1.522,2.207,1
2024-08-15,El_Arish_EG,CHL,my,1.977,1.977,1.317,2.159,0.9851
2024-08-16,El_Arish_EG,CHL,my,1.892,1.892,1.429,2.042,0.9851
2024-08-17,El_Arish_EG,CHL,my,1.534,1.534,1.019,1.632,0.9254
2024-08-18,El_Arish_EG,CHL,my,1.684,1.731,1.197,1.979,0.9254
2024-08-20,El_Arish_EG,CHL,my,1.86,1.86,1.401,2.013,0.9254
2024-08-21,El_Arish_EG,CHL,my,2.358,2.209,1.583,2.574,0.9851
2024-08-22,El_Arish_EG,CHL,my,1.977,1.872,1.219,2.165,0.9254
2024-08-23,El_Arish_EG,CHL,my,2.159,2.159,1.244,2.396,0.806
2024-08-24,El_Arish_EG,CHL,my,2.347,2.299,1.4,2.709,0.9851
2024-08-25,El_Arish_EG,CHL,my,2.123,1.994,1.347,2.216,0.9254
2024-08-26,El_Arish_EG,CHL,my,2.384,2.384,1.28,4.417,1
2024-08-27,El_Arish_EG,CHL,my,,1.601,0.9813,1.957,0.806
2024-08-28,El_Arish_EG,CHL,my,2.485,2.485,1.638,3.135,0.9851
2024-08-30,El_Arish_EG,CHL,my,2.545,2.545,2.03,2.896,0.6169
2024-08-31,El_Arish_EG,CHL,my,2.614,2.527,1.658,2.651,0.9851
2024-09-01,El_Arish_EG,CHL,my,2.011,2.011,1.53,2.087,0.6766
2024-09-02,El_Arish_EG,CHL,my,2.395,2.311,1.656,2.593,1
2024-09-03,El_Arish_EG,CHL,my,1.982,1.921,1.323,2.348,0.9403
2024-09-04,El_Arish_EG,CHL,my,1.92,1.607,1.153,2.02,0.7114
2024-09-05,El_Arish_EG,CHL,my,2.559,2.592,1.775,4.912,1
2024-09-06,El_Arish_EG,CHL,my,1.942,1.89,1.455,1.976,0.9204
2024-09-07,El_Arish_EG,CHL,my,2.1,2.091,1.398,2.492,1
2024-09-08,El_Arish_EG,CHL,my,2.03,2.03,1.314,2.173,0.9851
2024-09-09,El_Arish_EG,CHL,my,2.145,2.145,1.414,3.006,1
2024-09-10,El_Arish_EG,CHL,my,2.354,2.298,1.476,2.483,0.9851
2024-09-11,El_Arish_EG,CHL,my,2.551,2.439,1.691,3.145,0.9254
2024-09-12,El_Arish_EG,CHL,my,2.588,2.588,1.853,3.166,0.9851
2024-09-14,El_Arish_EG,CHL,my,,1.85,1.461,2.55,0.8657
2024-09-15,El_Arish_EG,CHL,my,2.35,2.397,1.961,2.512,0.5174
2024-09-16,El_Arish_EG,CHL,my,,1.592,1.083,2.009,0.6965
2024-09-17,El_Arish_EG,CHL,my,2.412,2.267,1.596,2.646,0.9254
2024-09-18,El_Arish_EG,CHL,my,2.411,2.286,1.456,2.494,0.9851
2024-09-19,El_Arish_EG,CHL,my,2.741,2.535,1.651,3.038,0.9254
2024-09-21,El_Arish_EG,CHL,my,1.635,1.635,1.202,1.95,0.7512
2024-09-23,El_Arish_EG,CHL,my,2.096,2.096,1.402,2.449,0.9851
2024-09-24,El_Arish_EG,CHL,my,2.55,2.55,1.651,2.925,0.9851
2024-09-26,El_Arish_EG,CHL,my,2.242,1.574,1.25,2.58,0.8657
2024-09-27,El_Arish_EG,CHL,my,3.108,2.295,1.734,5.143,0.9254
2024-09-28,El_Arish_EG,CHL,my,1.784,1.784,1.365,2.334,0.9851
2024-09-29,El_Arish_EG,CHL,my,1.639,1.639,1.243,3.652,1
2024-09-30,El_Arish_EG,CHL,my,2.193,2.589,1.749,5.422,0.7114
2024-10-01,El_Arish_EG,CHL,my,2.045,2.045,1.548,2.291,0.5771
2024-10-02,El_Arish_EG,CHL,my,4.133,3.869,2.175,4.285,0.9851
2024-10-03,El_Arish_EG,CHL,my,2.597,2.597,1.73,3.09,0.9851
2024-10-04,El_Arish_EG,CHL,my,2.5,2.5,1.572,3.174,0.9453
2024-10-05,El_Arish_EG,CHL,my,,0.8879,0.5373,1.068,0.5622
2024-10-07,El_Arish_EG,CHL,my,1.517,1.67,1.377,2.042,0.5771
2024-10-08,El_Arish_EG,CHL,my,1.719,1.719,1.061,2.571,0.9851
2024-10-09,El_Arish_EG,CHL,my,1.103,1.103,0.9201,2.777,0.9851
2024-10-10,El_Arish_EG,CHL,my,0.5525,0.662,0.5339,1.534,1
2024-10-11,El_Arish_EG,CHL,my,1.231,1.451,1.085,1.725,0.8109
2024-10-12,El_Arish_EG,CHL,my,1.129,1.226,0.7816,1.469,0.9254
2024-10-13,El_Arish_EG,CHL,my,2.289,2.148,1.161,2.582,0.9851
2024-10-14,El_Arish_EG,CHL,my,3.779,3.527,2.183,3.882,0.9851
2024-10-15,El_Arish_EG,CHL,my,2.003,,,,0.204
2024-10-16,El_Arish_EG,CHL,my,1.382,1.516,0.9888,1.836,0.9254
2024-10-17,El_Arish_EG,CHL,my,1.482,1.563,0.9558,1.857,0.9851
2024-10-18,El_Arish_EG,CHL,my,1.493,,,,0.4627
2024-10-19,El_Arish_EG,CHL,my,3.868,3.868,2.357,4.503,0.9851
2024-10-20,El_Arish_EG,CHL,my,1.609,1.609,1.254,2.169,0.9851
2024-10-21,El_Arish_EG,CHL,my,2.241,2.224,1.648,2.416,0.9851
2024-10-23,El_Arish_EG,CHL,my,2.595,2.595,1.794,3.232,0.9851
2024-10-24,El_Arish_EG,CHL,my,5.07,4.032,2.656,5.07,0.9851
2024-10-25,El_Arish_EG,CHL,my,1.82,1.729,1.055,1.836,0.9851
2024-10-27,El_Arish_EG,CHL,my,1.583,1.376,0.8237,1.583,0.9851
2024-10-28,El_Arish_EG,CHL,my,1.533,1.31,0.7247,1.533,0.9254
2024-10-29,El_Arish_EG,CHL,my,1.519,1.389,0.7371,1.662,0.9851
2024-10-30,El_Arish_EG,CHL,my,1.133,1.029,0.5318,1.153,0.9851
2024-10-31,El_Arish_EG,CHL,my,1.136,0.9769,0.567,1.136,0.9851
2024-11-02,El_Arish_EG,CHL,my,1.405,1.405,0.8615,2.22,0.9254
2024-11-03,El_Arish_EG,CHL,my,1.299,,,,0.1741
2024-11-05,El_Arish_EG,CHL,my,0.8385,0.8385,0.5535,1.044,0.9851
2024-11-06,El_Arish_EG,CHL,my,1.118,1.217,0.8197,1.384,0.9851
2024-11-07,El_Arish_EG,CHL,my,1.402,1.233,0.8044,1.579,0.9254
2024-11-09,El_Arish_EG,CHL,my,0.9404,0.9404,0.6333,1.031,0.6716
2024-11-11,El_Arish_EG,CHL,my,1.616,1.505,0.9649,1.646,0.9851
2024-11-12,El_Arish_EG,CHL,my,1.434,1.434,0.837,1.733,0.9851
2024-11-13,El_Arish_EG,CHL,my,1.474,1.368,0.7266,1.523,0.9254
2024-11-15,El_Arish_EG,CHL,my,1.401,1.117,0.6137,1.42,0.9851
2024-11-16,El_Arish_EG,CHL,my,,0.7625,0.4097,1.074,0.806
2024-11-17,El_Arish_EG,CHL,my,1.05,1.05,0.7093,1.241,0.9851
2024-11-18,El_Arish_EG,CHL,my,1.879,1.879,0.9035,2.114,0.9851
2024-11-19,El_Arish_EG,CHL,my,1.805,1.767,0.9753,2.25,0.9851
2024-11-20,El_Arish_EG,CHL,my,1.904,1.904,0.9005,2.303,0.9851
2024-11-21,El_Arish_EG,CHL,my,1.398,1.194,0.7466,1.668,0.9254
2024-11-22,El_Arish_EG,CHL,my,0.9995,0.9995,0.7199,1.829,0.9851
2024-11-23,El_Arish_EG,CHL,my,1.662,1.461,1.075,1.839,0.9204
2024-11-27,El_Arish_EG,CHL,my,1.956,,,,0.3682
2024-11-29,El_Arish_EG,CHL,my,1.669,1.669,1.426,2.547,0.9851
2024-11-30,El_Arish_EG,CHL,my,1.27,1.29,1.1,2.474,0.9851
2024-12-01,El_Arish_EG,CHL,my,0.9974,1.055,0.7852,1.179,0.9254
2024-12-02,El_Arish_EG,CHL,my,1.259,1.24,0.9792,1.325,0.9851
2024-12-03,El_Arish_EG,CHL,my,1.297,1.216,0.6905,1.611,0.9851
2024-12-04,El_Arish_EG,CHL,my,1.14,1.173,0.8146,1.419,0.9851
2024-12-05,El_Arish_EG,CHL,my,1.007,1.085,0.8235,1.796,0.9851
2024-12-06,El_Arish_EG,CHL,my,0.8688,1.019,0.9415,1.576,0.9851
2024-12-08,El_Arish_EG,CHL,my,1.005,1.005,0.6448,1.073,0.9254
2024-12-09,El_Arish_EG,CHL,my,0.9842,0.8726,0.5991,1.209,0.9254
2024-12-13,El_Arish_EG,CHL,my,0.5838,0.5838,0.3615,0.8997,0.9254
2024-12-14,El_Arish_EG,CHL,my,1.425,1.607,1.165,1.652,0.5821
2024-12-15,El_Arish_EG,CHL,my,2.183,2.097,1.271,2.585,0.9851
2024-12-16,El_Arish_EG,CHL,my,1.416,1.305,0.8609,1.764,0.9254
2024-12-17,El_Arish_EG,CHL,my,1.55,1.524,1.061,1.583,0.9851
2024-12-18,El_Arish_EG,CHL,my,1.101,1.039,0.8076,1.222,0.9254
2024-12-19,El_Arish_EG,CHL,my,1.072,1.148,0.8862,1.381,0.9851
2024-12-21,El_Arish_EG,CHL,my,1.81,1.737,0.9678,1.968,0.9851
2024-12-22,El_Arish_EG,CHL,my,2.36,2.36,1.338,2.972,0.9303
2024-12-23,El_Arish_EG,CHL,my,1.06,1.206,0.8743,1.62,0.9851
2024-12-24,El_Arish_EG,CHL,my,1.121,1.376,1.005,1.736,0.9254
2024-12-25,El_Arish_EG,CHL,my,1.992,1.799,1.059,2.221,0.9254
2024-12-27,El_Arish_EG,CHL,my,,1.113,0.6242,1.203,0.5224
2024-12-28,El_Arish_EG,CHL,my,2.576,2.627,1.916,3.727,0.9851
2024-12-29,El_Arish_EG,CHL,my,0.6976,0.6976,0.4469,1.385,0.9851
2024-12-30,El_Arish_EG,CHL,my,0.9388,0.9388,0.5684,2.106,0.9851
2024-01-01,Gaza_City,CHL,my,,0.1275,0.1137,0.1783,0.5274
2024-01-04,Gaza_City,CHL,my,0.1273,0.11,0.09723,0.1916,0.7662
2024-01-05,Gaza_City,CHL,my,0.07634,0.08595,0.07963,0.1284,0.9254
2024-01-06,Gaza_City,CHL,my,0.07734,0.1029,0.09316,0.1267,0.9104
2024-01-07,Gaza_City,CHL,my,0.1778,0.1204,0.1015,0.206,1
2024-01-08,Gaza_City,CHL,my,0.1775,0.1694,0.1378,0.2287,0.9104
2024-01-10,Gaza_City,CHL,my,0.2106,0.1503,0.1614,0.4117,0.9104
2024-01-13,Gaza_City,CHL,my,0.7886,0.6577,0.3296,0.8407,0.9254
2024-01-15,Gaza_City,CHL,my,0.3342,,,,0.2736
2024-01-16,Gaza_City,CHL,my,0.3233,0.2817,0.1895,0.4681,0.9254
2024-01-18,Gaza_City,CHL,my,,0.09635,0.0964,0.3414,0.7413
2024-01-19,Gaza_City,CHL,my,0.2124,0.1926,0.1331,0.4796,0.9254
2024-01-20,Gaza_City,CHL,my,0.3221,0.3941,0.2939,0.5013,0.9104
2024-01-21,Gaza_City,CHL,my,0.2857,0.2331,0.1683,0.3052,0.8458
2024-01-22,Gaza_City,CHL,my,0.391,0.3575,0.2156,0.4011,0.9254
2024-01-25,Gaza_City,CHL,my,0.4459,0.4459,0.2636,0.5606,0.6318
2024-01-30,Gaza_City,CHL,my,0.9775,1.14,0.6205,1.302,0.7214
2024-01-31,Gaza_City,CHL,my,1.378,1.378,1.024,1.64,0.5423
2024-02-03,Gaza_City,CHL,my,0.4246,0.3163,0.2589,0.9279,0.8259
2024-02-05,Gaza_City,CHL,my,0.3815,0.3815,0.2406,0.9567,1
2024-02-06,Gaza_City,CHL,my,0.4564,,,,0.2886
2024-02-07,Gaza_City,CHL,my,0.2727,0.2727,0.1957,0.551,1
2024-02-08,Gaza_City,CHL,my,0.3954,0.2995,0.2048,0.5692,0.9254
2024-02-09,Gaza_City,CHL,my,0.2931,0.2931,0.2317,0.4179,0.5373
2024-02-10,Gaza_City,CHL,my,0.1748,0.2258,0.1611,0.2659,0.9104
2024-02-11,Gaza_City,CHL,my,0.1064,0.1105,0.1127,0.314,1
2024-02-14,Gaza_City,CHL,my,0.2476,0.1566,0.121,0.2828,0.9254
2024-02-15,Gaza_City,CHL,my,0.6053,0.3588,0.2553,1.322,0.9254
2024-02-16,Gaza_City,CHL,my,0.4633,0.4503,0.297,0.8921,0.6866
2024-02-17,Gaza_City,CHL,my,0.6621,0.5605,0.3734,3.029,0.9254
2024-02-20,Gaza_City,CHL,my,0.5253,0.3055,0.2036,0.7149,0.8458
2024-02-21,Gaza_City,CHL,my,0.7048,0.4477,0.3001,1.054,0.9104
2024-02-22,Gaza_City,CHL,my,0.7399,0.7399,0.3116,0.9413,0.9254
2024-02-24,Gaza_City,CHL,my,0.6237,0.6237,0.3364,0.9022,0.801
2024-02-25,Gaza_City,CHL,my,0.4685,0.4181,0.2455,1.039,0.9254
2024-02-26,Gaza_City,CHL,my,0.529,0.529,0.3092,1.005,0.9254
2024-02-28,Gaza_City,CHL,my,0.7925,0.7925,0.494,1.273,1
2024-02-29,Gaza_City,CHL,my,1.098,1.098,0.6046,1.486,0.9254
2024-03-01,Gaza_City,CHL,my,,0.2645,0.184,0.5206,0.6368
2024-03-04,Gaza_City,CHL,my,1.116,,,,0.4677
2024-03-05,Gaza_City,CHL,my,1.072,0.8543,0.467,1.169,0.9254
2024-03-08,Gaza_City,CHL,my,1.005,0.5358,0.3272,1.107,0.8458
2024-03-09,Gaza_City,CHL,my,0.7819,0.7819,0.4599,1.093,0.5174
2024-03-10,Gaza_City,CHL,my,1.226,0.8389,0.4291,1.226,0.9104
2024-03-11,Gaza_City,CHL,my,0.8543,0.7322,0.343,1.088,0.9254
2024-03-12,Gaza_City,CHL,my,0.7539,0.7539,0.3598,1.065,0.9254
2024-03-13,Gaza_City,CHL,my,0.6697,0.6697,0.4335,1.009,0.5423
2024-03-15,Gaza_City,CHL,my,0.3666,0.3319,0.1711,0.5032,0.9254
2024-03-20,Gaza_City,CHL,my,1.339,1.291,0.7086,1.435,0.9254
2024-03-21,Gaza_City,CHL,my,1.326,1.321,0.6181,1.375,0.9254
2024-03-22,Gaza_City,CHL,my,,0.2365,0.1689,0.5623,0.5473
2024-03-23,Gaza_City,CHL,my,1.197,1.197,0.4991,1.426,0.8458
2024-03-28,Gaza_City,CHL,my,,0.9064,0.4516,1.055,0.7313
2024-04-01,Gaza_City,CHL,my,1.242,1.151,0.6107,1.315,0.9254
2024-04-03,Gaza_City,CHL,my,0.9117,0.8949,0.4896,1.794,1
2024-04-04,Gaza_City,CHL,my,0.4366,0.3981,0.2319,0.8279,0.9254
2024-04-05,Gaza_City,CHL,my,0.6394,0.6394,0.3188,0.8899,0.7612
2024-04-06,Gaza_City,CHL,my,0.6823,0.5878,0.3162,1.193,0.9254
2024-04-07,Gaza_City,CHL,my,,0.5732,0.3403,1.069,0.7413
2024-04-08,Gaza_City,CHL,my,0.4796,0.1679,0.1169,0.4796,0.806
2024-04-09,Gaza_City,CHL,my,0.6254,0.258,0.1881,0.806,0.8458
2024-04-10,Gaza_City,CHL,my,1.049,0.7423,0.3153,1.096,0.8458
2024-04-11,Gaza_City,CHL,my,0.8047,0.63,0.3455,1.282,0.9254
2024-04-12,Gaza_City,CHL,my,1.239,0.9339,0.4529,1.304,0.8458
2024-04-13,Gaza_City,CHL,my,1.275,0.8654,0.5573,2.082,0.9104
2024-04-14,Gaza_City,CHL,my,0.8587,0.4554,0.2603,0.8587,0.8209
2024-04-15,Gaza_City,CHL,my,1.073,0.4106,0.3048,1.104,0.9104
2024-04-16,Gaza_City,CHL,my,1.118,0.9546,0.4427,1.13,0.9254
2024-04-17,Gaza_City,CHL,my,1.137,0.9458,0.4824,1.262,0.9254
2024-04-19,Gaza_City,CHL,my,0.6429,0.6429,0.3241,1.277,1
2024-04-20,Gaza_City,CHL,my,0.4576,0.4576,0.2868,1.127,0.9403
2024-04-21,Gaza_City,CHL,my,0.3198,0.3198,0.2183,0.7569,1
2024-04-25,Gaza_City,CHL,my,0.6217,,,,0.3682
2024-04-28,Gaza_City,CHL,my,,0.2087,0.1611,0.3548,0.6667
2024-05-02,Gaza_City,CHL,my,0.7972,0.6439,0.377,1.196,0.8607
2024-05-04,Gaza_City,CHL,my,1.097,0.7631,0.3821,1.158,0.8458
2024-05-05,Gaza_City,CHL,my,0.9284,0.8171,0.407,1.134,0.9254
2024-05-06,Gaza_City,CHL,my,1.2,1.262,0.6856,1.39,0.7811
2024-05-07,Gaza_City,CHL,my,1.287,1.098,0.52,1.359,0.8458
2024-05-08,Gaza_City,CHL,my,1.131,1.059,0.5271,1.246,0.9254
2024-05-09,Gaza_City,CHL,my,1.486,1.401,0.8068,1.781,0.9104
2024-05-12,Gaza_City,CHL,my,0.9819,0.9819,0.5743,1.216,1
2024-05-13,Gaza_City,CHL,my,0.5928,0.4257,0.2564,0.8038,0.9104
2024-05-14,Gaza_City,CHL,my,1.181,1.184,0.4898,1.237,0.8209
2024-05-15,Gaza_City,CHL,my,1.071,,,,0.4776
2024-05-16,Gaza_City,CHL,my,1.518,1.518,0.8136,2.318,1
2024-05-17,Gaza_City,CHL,my,,0.272,0.1603,0.423,0.6915
2024-05-21,Gaza_City,CHL,my,0.5523,0.5523,0.3844,0.8314,1
2024-05-22,Gaza_City,CHL,my,0.4669,0.4669,0.384,0.9175,0.9851
2024-05-24,Gaza_City,CHL,my,0.4847,0.4553,0.2179,0.6705,0.9254
2024-05-26,Gaza_City,CHL,my,0.9248,0.6912,0.3776,0.9248,0.8458
2024-05-29,Gaza_City,CHL,my,0.8653,0.8653,0.5099,1.277,0.9055
2024-05-30,Gaza_City,CHL,my,0.4752,0.4752,0.3203,0.7634,0.7761
2024-05-31,Gaza_City,CHL,my,0.9708,0.637,0.3778,0.9708,0.8209
2024-06-01,Gaza_City,CHL,my,0.6987,0.6712,0.3819,0.7484,0.9254
2024-06-02,Gaza_City,CHL,my,0.5036,0.513,0.3615,0.9336,0.9254
2024-06-04,Gaza_City,CHL,my,0.2116,0.2116,0.178,0.6453,1
2024-06-05,Gaza_City,CHL,my,0.2427,0.2135,0.1339,0.2427,0.8209
2024-06-06,Gaza_City,CHL,my,0.281,0.281,0.1987,0.5637,1
2024-06-07,Gaza_City,CHL,my,0.233,0.2321,0.1591,0.3986,0.9104
2024-06-08,Gaza_City,CHL,my,0.3322,0.2713,0.2005,0.7813,0.8458
2024-06-09,Gaza_City,CHL,my,0.3254,0.2435,0.2167,0.4423,0.9104
2024-06-10,Gaza_City,CHL,my,0.5284,0.3486,0.2118,0.6036,0.9104
2024-06-11,Gaza_City,CHL,my,0.4397,0.2819,0.1848,0.5936,0.9104
2024-06-12,Gaza_City,CHL,my,0.4193,0.305,0.191,0.6725,0.9254
2024-06-13,Gaza_City,CHL,my,0.5803,0.4532,0.2716,0.7859,0.9104
2024-06-14,Gaza_City,CHL,my,0.3552,0.3092,0.1878,0.6071,0.9254
2024-06-16,Gaza_City,CHL,my,0.2198,0.2075,0.1382,0.4143,0.9254
2024-06-17,Gaza_City,CHL,my,0.4282,0.2223,0.1718,1.071,0.9254
2024-06-18,Gaza_City,CHL,my,0.8728,0.845,0.3849,1.038,0.9851
2024-06-19,Gaza_City,CHL,my,0.5821,0.3825,0.2762,1.092,0.9254
2024-06-20,Gaza_City,CHL,my,0.6775,0.4871,0.2483,0.7845,0.8458
2024-06-21,Gaza_City,CHL,my,0.5584,0.5584,0.276,0.9781,1
2024-06-22,Gaza_City,CHL,my,0.743,0.5878,0.265,1.058,0.9254
2024-06-24,Gaza_City,CHL,my,0.2417,0.19,0.1318,0.3933,0.8458
2024-06-25,Gaza_City,CHL,my,0.7963,0.323,0.2944,0.8964,0.9254
2024-06-26,Gaza_City,CHL,my,0.4281,0.5398,0.2849,0.5726,0.8458
2024-06-27,Gaza_City,CHL,my,0.3625,0.2793,0.1809,0.4293,0.8458
2024-06-28,Gaza_City,CHL,my,0.2935,0.3154,0.1682,0.3976,0.9104
2024-06-29,Gaza_City,CHL,my,0.9232,0.3406,0.2358,0.9232,0.8458
2024-06-30,Gaza_City,CHL,my,0.4562,0.4294,0.199,0.4885,0.9104
2024-07-01,Gaza_City,CHL,my,0.4365,0.4113,0.1889,0.5835,1
2024-07-03,Gaza_City,CHL,my,0.9978,0.9978,0.4366,1.125,1
2024-07-04,Gaza_City,CHL,my,,0.3108,0.1941,0.4273,0.6915
2024-07-05,Gaza_City,CHL,my,0.5796,0.5266,0.3126,0.5796,0.8209
2024-07-06,Gaza_City,CHL,my,0.3125,0.2723,0.1907,0.3125,0.8209
2024-07-07,Gaza_City,CHL,my,0.2498,0.2498,0.2347,0.4925,0.9254
2024-07-08,Gaza_City,CHL,my,0.6535,0.6535,0.274,0.6884,0.8458
2024-07-09,Gaza_City,CHL,my,0.8028,0.7679,0.4461,0.8898,0.9254
2024-07-10,Gaza_City,CHL,my,0.4109,0.4013,0.2849,0.5318,0.7413
2024-07-11,Gaza_City,CHL,my,0.7247,0.7247,0.4552,0.8511,0.9254
2024-07-13,Gaza_City,CHL,my,0.4491,0.4437,0.3192,0.4636,0.8458
2024-07-15,Gaza_City,CHL,my,0.5499,,,,0.1393
2024-07-16,Gaza_City,CHL,my,0.6716,0.5639,0.246,0.8436,0.9254
2024-07-17,Gaza_City,CHL,my,0.7155,0.7155,0.3743,0.9248,1
2024-07-18,Gaza_City,CHL,my,0.348,0.3532,0.3278,0.926,1
2024-07-19,Gaza_City,CHL,my,0.2788,0.3255,0.2215,0.5233,1
2024-07-20,Gaza_City,CHL,my,0.4115,0.4071,0.249,0.7292,0.9254
2024-07-21,Gaza_City,CHL,my,0.8985,0.8376,0.3197,1.116,0.9254
2024-07-22,Gaza_City,CHL,my,,0.5211,0.234,0.637,0.6119
2024-07-23,Gaza_City,CHL,my,1.971,0.6858,0.4641,1.971,0.9104
2024-07-24,Gaza_City,CHL,my,0.6567,0.4956,0.2329,0.6567,0.6915
2024-07-25,Gaza_City,CHL,my,2.064,1.634,0.7543,2.357,0.9104
2024-07-26,Gaza_City,CHL,my,1.596,1.336,0.5884,1.69,0.8209
2024-07-27,Gaza_City,CHL,my,0.6371,0.5114,0.3457,1.222,0.9104
2024-07-28,Gaza_City,CHL,my,1.584,1.584,0.8996,3.191,1
2024-07-30,Gaza_City,CHL,my,1.584,1.28,0.6709,2.007,0.8458
2024-07-31,Gaza_City,CHL,my,1.003,0.5751,0.3409,1.634,0.9254
2024-08-01,Gaza_City,CHL,my,0.7246,0.7246,0.4415,2.202,1
2024-08-02,Gaza_City,CHL,my,1.156,0.2477,0.2751,1.394,0.8458
2024-08-03,Gaza_City,CHL,my,0.2606,0.2606,0.2184,0.7784,0.9104
2024-08-04,Gaza_City,CHL,my,0.5146,0.3008,0.2171,1.338,0.8458
2024-08-05,Gaza_City,CHL,my,0.9012,0.7404,0.32,1.451,0.9254
2024-08-06,Gaza_City,CHL,my,1.072,0.7926,0.3223,1.287,0.9254
2024-08-07,Gaza_City,CHL,my,0.5454,0.382,0.2758,1.311,0.9254
2024-08-08,Gaza_City,CHL,my,0.9058,0.3722,0.287,1.102,0.6567
2024-08-09,Gaza_City,CHL,my,1.476,1.524,0.604,1.711,1
2024-08-10,Gaza_City,CHL,my,1.838,1.606,0.6358,1.838,0.8706
2024-08-11,Gaza_City,CHL,my,1.287,1.287,0.5468,1.864,1
2024-08-12,Gaza_City,CHL,my,1.05,0.8145,0.372,1.417,0.9254
2024-08-13,Gaza_City,CHL,my,1.281,1.137,0.444,1.447,0.8756
2024-08-14,Gaza_City,CHL,my,1.406,1.406,0.587,1.832,1
2024-08-15,Gaza_City,CHL,my,1.528,1.216,0.5458,1.674,0.7313
2024-08-16,Gaza_City,CHL,my,1.423,1.043,0.6884,1.845,0.9254
2024-08-17,Gaza_City,CHL,my,1.151,,,,0.4527
2024-08-18,Gaza_City,CHL,my,,0.2117,0.3635,1.81,0.6418
2024-08-20,Gaza_City,CHL,my,,1.073,0.6207,1.341,0.791
2024-08-21,Gaza_City,CHL,my,1.561,1.553,1.169,1.914,1
2024-08-22,Gaza_City,CHL,my,1.34,1.233,0.7212,1.506,0.9104
2024-08-23,Gaza_City,CHL,my,1.574,1.421,0.8858,2.377,0.9254
2024-08-24,Gaza_City,CHL,my,1.851,1.403,0.635,1.903,0.8209
2024-08-25,Gaza_City,CHL,my,1.209,1.069,0.5933,2.375,0.9104
2024-08-26,Gaza_City,CHL,my,2.019,2.019,0.8788,2.862,1
2024-08-27,Gaza_City,CHL,my,0.4145,0.4145,0.2244,0.6999,1
2024-08-28,Gaza_City,CHL,my,0.1122,0.1122,0.2675,2.239,1
2024-08-29,Gaza_City,CHL,my,0.2073,,,,0.4627
2024-08-30,Gaza_City,CHL,my,0.2805,0.2805,0.2101,1.483,0.7711
2024-08-31,Gaza_City,CHL,my,1.587,,,,0.4776
2024-09-01,Gaza_City,CHL,my,,0.2595,0.1748,0.7664,0.7662
2024-09-02,Gaza_City,CHL,my,1.349,1.349,0.5657,2.09,1
2024-09-03,Gaza_City,CHL,my,1.175,1.045,0.3974,1.263,0.9104
2024-09-04,Gaza_City,CHL,my,0.9793,0.179,0.228,1.03,0.9104
2024-09-05,Gaza_City,CHL,my,0.06049,0.05385,0.03527,0.09681,0.9154
2024-09-06,Gaza_City,CHL,my,0.1278,0.1382,0.1044,0.4495,1
2024-09-07,Gaza_City,CHL,my,0.2437,0.2437,0.1641,0.3677,0.9254
2024-09-08,Gaza_City,CHL,my,1.145,1.059,0.3914,1.271,0.9254
2024-09-09,Gaza_City,CHL,my,1.114,0.9975,0.4579,1.489,0.9104
2024-09-10,Gaza_City,CHL,my,1.168,1.167,0.5204,1.419,0.9254
2024-09-11,Gaza_City,CHL,my,1.092,1.092,0.5437,1.296,1
2024-09-12,Gaza_City,CHL,my,1.003,1.03,0.5451,1.778,1
2024-09-14,Gaza_City,CHL,my,0.8014,0.8014,0.3939,1.019,0.9851
2024-09-15,Gaza_City,CHL,my,,0.4067,0.2262,0.5577,0.5522
2024-09-16,Gaza_City,CHL,my,0.6958,0.6958,0.3998,0.9934,0.6169
2024-09-17,Gaza_City,CHL,my,1.527,1.589,1.108,1.88,0.9254
2024-09-18,Gaza_City,CHL,my,1.42,1.412,0.7818,1.468,1
2024-09-19,Gaza_City,CHL,my,1.714,1.556,0.9606,1.836,0.9104
2024-09-21,Gaza_City,CHL,my,0.5529,0.5546,0.3938,1.629,1
2024-09-24,Gaza_City,CHL,my,1.497,1.283,0.6593,1.533,0.9254
2024-09-25,Gaza_City,CHL,my,1.313,1.313,0.8928,1.336,0.6219
2024-09-26,Gaza_City,CHL,my,1.171,1.262,0.8865,1.387,1
2024-09-27,Gaza_City,CHL,my,1.144,0.8781,0.4821,1.144,0.8209
2024-09-28,Gaza_City,CHL,my,0.678,0.5376,0.2733,0.6831,1
2024-09-29,Gaza_City,CHL,my,0.3953,,,,0.2637
2024-09-30,Gaza_City,CHL,my,0.7538,0.719,0.3566,1.091,0.9204
2024-10-02,Gaza_City,CHL,my,1.484,1.527,0.9531,1.607,0.7662
2024-10-03,Gaza_City,CHL,my,1.476,1.566,0.7964,1.679,1
2024-10-04,Gaza_City,CHL,my,1.484,1.397,0.9264,1.722,0.9254
2024-10-06,Gaza_City,CHL,my,,0.8024,0.447,1.142,0.6368
2024-10-07,Gaza_City,CHL,my,1.118,1.23,0.7557,1.379,0.8458
2024-10-08,Gaza_City,CHL,my,,0.3575,0.1874,0.6097,0.6119
2024-10-09,Gaza_City,CHL,my,0.3919,0.3048,0.2268,0.8553,0.9254
2024-10-10,Gaza_City,CHL,my,0.4997,,,,0.4826
2024-10-11,Gaza_City,CHL,my,0.5907,0.5907,0.3619,0.9359,1
2024-10-12,Gaza_City,CHL,my,0.6033,0.5489,0.2788,0.6277,0.7811
2024-10-13,Gaza_City,CHL,my,0.5443,0.5711,0.3742,1.059,1
2024-10-14,Gaza_City,CHL,my,0.4983,0.5436,0.3398,0.7969,0.9254
2024-10-17,Gaza_City,CHL,my,0.5417,0.5417,0.2507,0.7816,0.8458
2024-10-18,Gaza_City,CHL,my,0.5774,0.5378,0.2766,0.6443,0.9254
2024-10-19,Gaza_City,CHL,my,1.211,1.203,0.7415,1.353,1
2024-10-20,Gaza_City,CHL,my,0.9165,0.9084,0.5447,0.9511,0.9104
2024-10-21,Gaza_City,CHL,my,0.7534,0.7534,0.3992,0.8447,0.9254
2024-10-22,Gaza_City,CHL,my,0.5672,0.4928,0.1994,0.6311,0.9254
2024-10-23,Gaza_City,CHL,my,0.6851,0.6554,0.2845,0.6851,0.9254
2024-10-24,Gaza_City,CHL,my,0.711,0.711,0.3448,1.056,1
2024-10-27,Gaza_City,CHL,my,0.2954,0.2519,0.1514,0.345,0.9104
2024-10-28,Gaza_City,CHL,my,0.1484,0.1484,0.09508,0.2179,0.9254
2024-10-29,Gaza_City,CHL,my,0.1209,0.1144,0.0951,0.2313,0.9254
2024-10-30,Gaza_City,CHL,my,0.1332,0.1148,0.09171,0.2679,0.9254
2024-10-31,Gaza_City,CHL,my,0.538,0.134,0.143,0.5937,0.9104
2024-11-02,Gaza_City,CHL,my,,0.2862,0.1757,0.3381,0.6318
2024-11-04,Gaza_City,CHL,my,,0.3587,0.1757,0.3707,0.6816
2024-11-05,Gaza_City,CHL,my,0.378,0.3717,0.2045,0.4885,0.9254
2024-11-06,Gaza_City,CHL,my,0.3897,0.3897,0.2228,0.5251,0.7562
2024-11-07,Gaza_City,CHL,my,0.427,0.3639,0.2293,0.4352,0.8458
2024-11-08,Gaza_City,CHL,my,,0.3496,0.2091,0.4022,0.6766
2024-11-09,Gaza_City,CHL,my,,0.2764,0.1964,0.4243,0.602
2024-11-11,Gaza_City,CHL,my,0.3241,0.3088,0.2037,0.3872,0.9254
2024-11-12,Gaza_City,CHL,my,0.2551,0.1993,0.1774,0.4207,0.9254
2024-11-13,Gaza_City,CHL,my,0.2604,0.2169,0.1784,0.3932,0.9254
2024-11-15,Gaza_City,CHL,my,0.3429,0.3963,0.2829,0.4617,1
2024-11-16,Gaza_City,CHL,my,0.3039,0.3039,0.2122,0.3213,0.9104
2024-11-17,Gaza_City,CHL,my,0.2768,0.2768,0.2344,0.5469,1
2024-11-20,Gaza_City,CHL,my,0.278,0.2515,0.1931,0.3316,0.9254
2024-11-21,Gaza_City,CHL,my,0.1394,0.1564,0.129,0.2772,0.9254
2024-11-22,Gaza_City,CHL,my,0.1185,0.1295,0.1016,0.1784,0.9254
2024-11-23,Gaza_City,CHL,my,0.2919,0.2648,0.1871,0.326,0.9104
2024-11-30,Gaza_City,CHL,my,0.8014,0.8014,0.5482,1.205,1
2024-12-01,Gaza_City,CHL,my,0.3213,0.3213,0.2692,0.7142,1
2024-12-02,Gaza_City,CHL,my,0.405,0.4417,0.293,0.497,1
2024-12-03,Gaza_City,CHL,my,0.5283,0.4783,0.3424,0.5424,1
2024-12-04,Gaza_City,CHL,my,0.5529,0.6527,0.4287,0.7895,1
2024-12-05,Gaza_City,CHL,my,0.3729,0.3264,0.2327,0.3915,0.7164
2024-12-06,Gaza_City,CHL,my,0.2061,0.2799,0.2389,0.4838,0.9851
2024-12-08,Gaza_City,CHL,my,0.2466,0.2201,0.1584,0.2964,0.9254
2024-12-09,Gaza_City,CHL,my,0.3257,0.3411,0.2204,0.3611,0.9104
2024-12-14,Gaza_City,CHL,my,0.2862,0.2862,0.1704,0.4645,0.9254
2024-12-15,Gaza_City,CHL,my,0.4408,0.3938,0.2613,0.6094,0.9254
2024-12-16,Gaza_City,CHL,my,0.2009,0.2009,0.1318,0.3176,1
2024-12-17,Gaza_City,CHL,my,0.08896,0.1107,0.1001,0.2324,0.8657
2024-12-18,Gaza_City,CHL,my,0.3449,0.3974,0.3134,0.536,0.9254
2024-12-19,Gaza_City,CHL,my,0.4879,0.5784,0.4079,0.6474,0.9254
2024-12-21,Gaza_City,CHL,my,0.2191,,,,0.3134
2024-12-22,Gaza_City,CHL,my,0.3937,0.3199,0.1906,0.454,0.8856
2024-12-23,Gaza_City,CHL,my,0.5262,0.5262,0.2293,0.5875,0.9254
2024-12-24,Gaza_City,CHL,my,0.2641,0.3225,0.2076,0.4712,0.9104
2024-12-25,Gaza_City,CHL,my,0.3108,0.242,0.1626,0.3307,1
2024-12-28,Gaza_City,CHL,my,0.9622,0.9197,0.4289,1.029,0.9254
2024-12-29,Gaza_City,CHL,my,0.8132,0.8645,0.6126,1.025,0.9254
2024-01-02,Hadera_IL,CHL,my,0.1081,0.1081,0.08222,0.1207,0.6318
2024-01-06,Hadera_IL,CHL,my,0.1731,0.1731,0.106,0.1967,0.8756
2024-01-07,Hadera_IL,CHL,my,0.2165,0.1486,0.1098,0.2538,0.9403
2024-01-11,Hadera_IL,CHL,my,0.2456,,,,0.209
2024-01-13,Hadera_IL,CHL,my,0.235,,,,0.3035
2024-01-15,Hadera_IL,CHL,my,,0.1179,0.08679,0.1271,0.5522
2024-01-16,Hadera_IL,CHL,my,0.2559,,,,0.2736
2024-01-18,Hadera_IL,CHL,my,0.1871,0.187,0.1107,0.2602,0.8756
2024-01-19,Hadera_IL,CHL,my,0.1652,0.2339,0.1455,0.3213,0.9751
2024-01-20,Hadera_IL,CHL,my,0.2546,0.2362,0.1416,0.2546,0.9403
2024-01-22,Hadera_IL,CHL,my,0.253,0.2641,0.2084,0.4274,0.9751
2024-01-27,Hadera_IL,CHL,my,0.217,,,,0.1791
2024-02-02,Hadera_IL,CHL,my,0.3499,0.3499,0.2316,1.071,1
2024-02-07,Hadera_IL,CHL,my,0.2106,0.2106,0.1943,0.8574,0.9652
2024-02-08,Hadera_IL,CHL,my,0.7043,0.3135,0.248,0.8641,0.7512
2024-02-09,Hadera_IL,CHL,my,0.2501,,,,0.4826
2024-02-10,Hadera_IL,CHL,my,0.2134,0.4311,0.3233,0.4976,0.9403
2024-02-11,Hadera_IL,CHL,my,0.385,0.603,0.4216,0.8762,0.9751
2024-02-15,Hadera_IL,CHL,my,0.1248,0.09086,0.1021,0.3255,0.9403
2024-02-21,Hadera_IL,CHL,my,0.6239,0.2145,0.1997,0.776,0.9403
2024-02-22,Hadera_IL,CHL,my,0.3802,0.3802,0.2018,0.8782,0.9403
2024-02-25,Hadera_IL,CHL,my,0.1198,0.1047,0.1053,0.3341,0.9403
2024-02-26,Hadera_IL,CHL,my,0.2441,0.2441,0.1455,0.4319,1
2024-02-28,Hadera_IL,CHL,my,0.2319,0.1544,0.1693,0.7326,0.9403
2024-02-29,Hadera_IL,CHL,my,0.1586,0.2301,0.1839,0.3469,0.9403
2024-03-01,Hadera_IL,CHL,my,0.2523,0.2523,0.2516,0.7095,0.9403
2024-03-02,Hadera_IL,CHL,my,,0.1731,0.1385,0.2493,0.7264
2024-03-03,Hadera_IL,CHL,my,0.2624,,,,0.2687
2024-03-04,Hadera_IL,CHL,my,0.3257,0.3877,0.2296,0.5424,0.5721
2024-03-05,Hadera_IL,CHL,my,0.07126,0.0714,0.08532,0.2839,0.9403
2024-03-08,Hadera_IL,CHL,my,0.142,,,,0.4279
2024-03-11,Hadera_IL,CHL,my,0.1515,0.1485,0.1221,0.3399,0.9403
2024-03-12,Hadera_IL,CHL,my,0.3264,0.2553,0.2166,0.6058,0.9403
2024-03-14,Hadera_IL,CHL,my,0.0967,0.08703,0.08536,0.2282,0.9403
2024-03-15,Hadera_IL,CHL,my,0.1482,,,,0.3035
2024-03-21,Hadera_IL,CHL,my,,0.1052,0.08082,0.1465,0.5721
2024-03-22,Hadera_IL,CHL,my,,0.2583,0.1472,0.3877,0.5274
2024-03-28,Hadera_IL,CHL,my,,0.1938,0.1313,0.2501,0.7562
2024-03-31,Hadera_IL,CHL,my,,0.1697,0.1102,0.3337,0.7562
2024-04-01,Hadera_IL,CHL,my,0.2257,0.2257,0.13,0.4986,0.9652
2024-04-03,Hadera_IL,CHL,my,0.08967,0.08703,0.07612,0.09364,0.8756
2024-04-04,Hadera_IL,CHL,my,,0.09398,0.07376,0.1127,0.7264
2024-04-05,Hadera_IL,CHL,my,0.08568,0.07424,0.05441,0.1301,0.8756
2024-04-08,Hadera_IL,CHL,my,0.09344,0.07996,0.05487,0.1375,0.8756
2024-04-11,Hadera_IL,CHL,my,0.1893,0.1695,0.09241,0.2237,0.8557
2024-04-12,Hadera_IL,CHL,my,1.167,0.8911,0.3516,1.263,0.8756
2024-04-13,Hadera_IL,CHL,my,0.3258,0.3258,0.1789,0.3774,0.796
2024-04-15,Hadera_IL,CHL,my,0.2726,0.1081,0.133,0.4383,0.9403
2024-04-16,Hadera_IL,CHL,my,0.2216,0.1991,0.1577,0.4662,0.9403
2024-04-17,Hadera_IL,CHL,my,0.4337,0.3717,0.2154,0.5362,0.9403
2024-04-19,Hadera_IL,CHL,my,0.2167,0.1786,0.09837,0.2993,0.8159
2024-04-21,Hadera_IL,CHL,my,0.172,0.1287,0.09313,0.3174,0.9403
2024-04-24,Hadera_IL,CHL,my,0.1314,,,,0.403
2024-05-06,Hadera_IL,CHL,my,0.138,,,,0.4279
2024-05-07,Hadera_IL,CHL,my,0.7197,0.4202,0.2412,0.7197,0.8756
2024-05-08,Hadera_IL,CHL,my,0.2055,0.2055,0.159,0.2378,0.9403
2024-05-09,Hadera_IL,CHL,my,0.4048,0.3116,0.2207,0.4689,0.8756
2024-05-12,Hadera_IL,CHL,my,0.09281,0.09808,0.08827,0.204,0.9652
2024-05-13,Hadera_IL,CHL,my,0.08051,0.08438,0.07841,0.08586,0.6716
2024-05-14,Hadera_IL,CHL,my,,0.09618,0.07368,0.111,0.7562
2024-05-16,Hadera_IL,CHL,my,0.2048,0.2048,0.1255,0.3682,0.9652
2024-05-17,Hadera_IL,CHL,my,,0.09765,0.07394,0.105,0.6617
2024-05-22,Hadera_IL,CHL,my,0.05959,0.043,0.04005,0.05959,0.7214
2024-05-29,Hadera_IL,CHL,my,0.1307,0.1403,0.1193,0.6398,0.9104
2024-05-30,Hadera_IL,CHL,my,,0.095,0.07515,0.1023,0.5522
2024-05-31,Hadera_IL,CHL,my,,0.1161,0.08747,0.1381,0.7562
2024-06-01,Hadera_IL,CHL,my,0.1606,0.1549,0.1092,0.2036,0.8756
2024-06-02,Hadera_IL,CHL,my,0.1451,0.1451,0.08471,0.2584,0.9005
2024-06-03,Hadera_IL,CHL,my,0.1573,0.1313,0.09078,0.168,0.8756
2024-06-04,Hadera_IL,CHL,my,0.1019,0.09353,0.06774,0.116,0.8756
2024-06-06,Hadera_IL,CHL,my,0.08509,0.09382,0.07308,0.2517,0.9204
2024-06-07,Hadera_IL,CHL,my,0.06629,0.05035,0.03765,0.06629,0.8159
2024-06-08,Hadera_IL,CHL,my,0.0738,0.0738,0.05889,0.2471,0.9353
2024-06-09,Hadera_IL,CHL,my,0.1245,0.1117,0.0605,0.1412,0.8756
2024-06-10,Hadera_IL,CHL,my,0.06119,0.05274,0.0435,0.06119,0.7114
2024-06-11,Hadera_IL,CHL,my,0.0744,,,,0.4527
2024-06-12,Hadera_IL,CHL,my,0.1419,0.1419,0.07264,0.2914,0.9751
2024-06-13,Hadera_IL,CHL,my,0.1367,0.1133,0.07154,0.1579,0.8756
2024-06-14,Hadera_IL,CHL,my,0.2027,0.1326,0.08267,0.2051,0.8756
2024-06-16,Hadera_IL,CHL,my,0.1174,0.1174,0.08363,0.2461,0.9751
2024-06-17,Hadera_IL,CHL,my,0.1214,0.1044,0.07522,0.1531,0.9403
2024-06-18,Hadera_IL,CHL,my,0.1357,0.1161,0.07526,0.1357,0.8159
2024-06-19,Hadera_IL,CHL,my,0.1433,0.1293,0.07973,0.1686,0.8756
2024-06-20,Hadera_IL,CHL,my,0.1337,,,,0.1542
2024-06-21,Hadera_IL,CHL,my,0.1832,0.1832,0.106,0.3618,1
2024-06-23,Hadera_IL,CHL,my,,0.07794,0.05461,0.08778,0.5721
2024-06-25,Hadera_IL,CHL,my,0.1453,0.1253,0.0886,0.2904,0.9403
2024-06-27,Hadera_IL,CHL,my,,0.09428,0.06996,0.1182,0.5771
2024-06-28,Hadera_IL,CHL,my,0.1514,0.1496,0.111,0.1514,0.5721
2024-06-29,Hadera_IL,CHL,my,0.06592,0.05922,0.04718,0.07666,0.5871
2024-06-30,Hadera_IL,CHL,my,0.1405,0.0928,0.08798,0.2132,0.9403
2024-07-01,Hadera_IL,CHL,my,0.06622,0.06622,0.05098,0.08948,0.5672
2024-07-03,Hadera_IL,CHL,my,0.1453,0.1554,0.1364,0.4043,0.6965
2024-07-04,Hadera_IL,CHL,my,,0.09917,0.07234,0.1282,0.7562
2024-07-06,Hadera_IL,CHL,my,0.0608,0.05737,0.04821,0.1137,0.9403
2024-07-08,Hadera_IL,CHL,my,0.05187,0.05565,0.0474,0.05901,0.8756
2024-07-09,Hadera_IL,CHL,my,0.08172,0.07431,0.05658,0.09023,0.8557
2024-07-10,Hadera_IL,CHL,my,,0.05376,0.04267,0.06101,0.5373
2024-07-11,Hadera_IL,CHL,my,0.03342,0.03272,0.03157,0.04934,0.9403
2024-07-13,Hadera_IL,CHL,my,0.06015,0.06604,0.05047,0.0717,0.8756
2024-07-15,Hadera_IL,CHL,my,0.08172,0.08094,0.05676,0.08172,0.5473
2024-07-16,Hadera_IL,CHL,my,0.08839,0.09041,0.07561,0.2536,0.9751
2024-07-17,Hadera_IL,CHL,my,0.0809,0.0809,0.07317,0.08712,0.8756
2024-07-18,Hadera_IL,CHL,my,0.07964,0.08559,0.07119,0.09147,0.8756
2024-07-22,Hadera_IL,CHL,my,0.07745,,,,0.4129
2024-07-23,Hadera_IL,CHL,my,0.06351,0.05328,0.04282,0.06351,0.8159
2024-07-25,Hadera_IL,CHL,my,0.0602,0.0602,0.0523,0.09366,0.5473
2024-07-26,Hadera_IL,CHL,my,0.0576,0.0775,0.05511,0.2243,0.8806
2024-07-27,Hadera_IL,CHL,my,0.09632,0.08412,0.06147,0.1075,0.8756
2024-07-28,Hadera_IL,CHL,my,,0.06453,0.04435,0.1041,0.7562
2024-07-29,Hadera_IL,CHL,my,0.2043,0.2028,0.126,0.2087,0.8756
2024-07-30,Hadera_IL,CHL,my,0.2093,0.228,0.1473,0.397,0.9652
2024-07-31,Hadera_IL,CHL,my,0.1746,,,,0.3483
2024-08-01,Hadera_IL,CHL,my,0.1129,0.1129,0.07697,0.2769,0.9652
2024-08-03,Hadera_IL,CHL,my,0.04254,0.04762,0.03416,0.05311,0.8756
2024-08-04,Hadera_IL,CHL,my,0.04227,0.04025,0.02883,0.06545,0.8756
2024-08-05,Hadera_IL,CHL,my,0.04032,0.04032,0.04513,0.2352,0.9652
2024-08-06,Hadera_IL,CHL,my,0.1054,0.05285,0.05943,0.3227,0.8756
2024-08-07,Hadera_IL,CHL,my,,0.03673,0.03569,0.04994,0.5124
2024-08-08,Hadera_IL,CHL,my,0.07022,0.05507,0.04647,0.07022,0.8159
2024-08-09,Hadera_IL,CHL,my,0.02763,0.02763,0.03028,0.1147,0.9751
2024-08-10,Hadera_IL,CHL,my,0.04552,0.05165,0.06195,0.2451,0.6318
2024-08-11,Hadera_IL,CHL,my,0.06006,0.06006,0.04647,0.09121,0.9403
2024-08-13,Hadera_IL,CHL,my,0.1063,0.1063,0.06709,0.1183,0.5721
2024-08-14,Hadera_IL,CHL,my,0.08556,0.08556,0.05818,0.2149,1
2024-08-15,Hadera_IL,CHL,my,0.1317,,,,0.4876
2024-08-18,Hadera_IL,CHL,my,0.1354,0.1283,0.08517,0.3364,0.9801
2024-08-20,Hadera_IL,CHL,my,0.1444,0.1384,0.0648,0.2226,0.9652
2024-08-21,Hadera_IL,CHL,my,0.08101,0.06862,0.0439,0.08101,0.8159
2024-08-22,Hadera_IL,CHL,my,,0.07267,0.05275,0.1577,0.8159
2024-08-23,Hadera_IL,CHL,my,0.0655,0.08376,0.07683,0.295,0.9403
2024-08-25,Hadera_IL,CHL,my,0.143,0.07435,0.05969,0.3597,0.9005
2024-08-26,Hadera_IL,CHL,my,0.1527,0.1527,0.08797,0.4602,1
2024-08-27,Hadera_IL,CHL,my,0.2166,0.1755,0.08329,0.2166,0.8557
2024-08-28,Hadera_IL,CHL,my,0.2327,0.09782,0.07135,0.2837,0.8756
2024-08-29,Hadera_IL,CHL,my,,0.05471,0.04631,0.0645,0.7562
2024-08-30,Hadera_IL,CHL,my,0.0664,,,,0.2438
2024-09-01,Hadera_IL,CHL,my,0.08248,0.08345,0.05775,0.1046,0.9403
2024-09-02,Hadera_IL,CHL,my,0.08379,0.1213,0.08199,0.1909,0.7164
2024-09-03,Hadera_IL,CHL,my,0.1164,0.1027,0.07647,0.2459,0.9005
2024-09-04,Hadera_IL,CHL,my,0.1032,0.105,0.08716,0.1667,0.6318
2024-09-05,Hadera_IL,CHL,my,0.1431,0.1431,0.112,0.5076,1
2024-09-06,Hadera_IL,CHL,my,0.1299,0.12,0.06911,0.1502,0.9403
2024-09-07,Hadera_IL,CHL,my,0.1418,0.1418,0.08867,0.1757,0.6269
2024-09-08,Hadera_IL,CHL,my,0.1124,0.1082,0.07807,0.1645,0.9403
2024-09-09,Hadera_IL,CHL,my,,0.2354,0.1177,0.3719,0.6318
2024-09-10,Hadera_IL,CHL,my,0.2087,0.2442,0.1388,0.3199,0.9652
2024-09-11,Hadera_IL,CHL,my,0.2251,0.2289,0.126,0.2984,0.9453
2024-09-12,Hadera_IL,CHL,my,0.2004,0.2004,0.08777,0.3339,1
2024-09-13,Hadera_IL,CHL,my,0.1244,0.1244,0.06786,0.2569,0.9005
2024-09-14,Hadera_IL,CHL,my,0.1073,0.09501,0.06219,0.1718,0.9403
2024-09-16,Hadera_IL,CHL,my,0.06377,0.06377,0.04786,0.1928,1
2024-09-17,Hadera_IL,CHL,my,0.06986,0.05442,0.03545,0.07662,0.8756
2024-09-18,Hadera_IL,CHL,my,0.13,0.13,0.06262,0.2344,0.9652
2024-09-20,Hadera_IL,CHL,my,0.09694,0.07945,0.05364,0.1234,0.9403
2024-09-21,Hadera_IL,CHL,my,0.1118,0.1118,0.08632,0.1533,0.791
2024-09-23,Hadera_IL,CHL,my,0.3076,0.3321,0.2142,0.3599,0.9403
2024-09-24,Hadera_IL,CHL,my,0.2922,0.2884,0.1376,0.4765,1
2024-09-25,Hadera_IL,CHL,my,,0.1571,0.1172,0.6376,0.8209
2024-09-26,Hadera_IL,CHL,my,0.1068,0.1018,0.07417,0.2357,0.9403
2024-09-28,Hadera_IL,CHL,my,0.05838,0.06307,0.04917,0.06699,0.9403
2024-10-02,Hadera_IL,CHL,my,0.05449,,,,0.4229
2024-10-03,Hadera_IL,CHL,my,0.04203,0.04923,0.0498,0.1601,0.9652
2024-10-04,Hadera_IL,CHL,my,0.1025,0.1025,0.06988,0.2812,1
2024-10-05,Hadera_IL,CHL,my,0.06324,0.06278,0.05841,0.3596,0.9751
2024-10-09,Hadera_IL,CHL,my,0.1045,0.1058,0.08521,0.1477,0.5075
2024-10-10,Hadera_IL,CHL,my,,0.08604,0.07009,0.08885,0.5124
2024-10-11,Hadera_IL,CHL,my,0.1235,0.1072,0.1009,0.2854,0.9104
2024-10-12,Hadera_IL,CHL,my,0.11,0.1032,0.08867,0.1116,0.6567
2024-10-13,Hadera_IL,CHL,my,0.1086,0.09725,0.06899,0.1261,0.9403
2024-10-14,Hadera_IL,CHL,my,0.09053,0.1018,0.07063,0.1963,0.9751
2024-10-16,Hadera_IL,CHL,my,0.06586,0.06612,0.05153,0.0986,0.9403
2024-10-17,Hadera_IL,CHL,my,0.08256,0.08286,0.08041,0.1069,0.7363
2024-10-18,Hadera_IL,CHL,my,0.1038,0.1098,0.0613,0.1694,0.9652
2024-10-19,Hadera_IL,CHL,my,0.08708,0.08708,0.0516,0.1601,0.9751
2024-10-20,Hadera_IL,CHL,my,0.09233,0.09026,0.06122,0.1191,0.9403
2024-10-21,Hadera_IL,CHL,my,0.1499,0.1483,0.08451,0.2321,0.9751
2024-10-22,Hadera_IL,CHL,my,0.12,0.12,0.07654,0.2887,0.9652
2024-10-23,Hadera_IL,CHL,my,0.1141,0.1086,0.07965,0.1623,0.9403
2024-10-24,Hadera_IL,CHL,my,0.09492,0.08839,0.07037,0.1106,0.9403
2024-10-25,Hadera_IL,CHL,my,0.0914,0.08656,0.07491,0.1133,0.8756
2024-10-26,Hadera_IL,CHL,my,0.09557,0.1004,0.08488,0.1175,0.9403
2024-10-27,Hadera_IL,CHL,my,0.1137,0.1115,0.08933,0.1174,0.8756
2024-10-28,Hadera_IL,CHL,my,0.08728,0.08924,0.08428,0.1323,0.9403
2024-10-29,Hadera_IL,CHL,my,0.08957,0.08864,0.07051,0.1027,0.8756
2024-10-30,Hadera_IL,CHL,my,0.05675,0.05942,0.05623,0.06827,0.9403
2024-10-31,Hadera_IL,CHL,my,0.08648,0.08696,0.07276,0.1078,0.9403
2024-11-01,Hadera_IL,CHL,my,,0.09572,0.07915,0.1068,0.6965
2024-11-04,Hadera_IL,CHL,my,0.04901,0.05272,0.04997,0.05533,0.8756
2024-11-05,Hadera_IL,CHL,my,0.08321,0.08256,0.05918,0.1224,0.9652
2024-11-06,Hadera_IL,CHL,my,0.1169,0.1217,0.1011,0.128,0.9403
2024-11-07,Hadera_IL,CHL,my,0.166,0.1422,0.1147,0.3892,0.8507
2024-11-09,Hadera_IL,CHL,my,0.06533,0.06185,0.05808,0.08105,0.9403
2024-11-12,Hadera_IL,CHL,my,0.08328,0.07211,0.06088,0.1074,0.9403
2024-11-13,Hadera_IL,CHL,my,0.1018,0.1006,0.06581,0.1241,0.9403
2024-11-14,Hadera_IL,CHL,my,0.08862,0.08585,0.06084,0.1302,0.9751
2024-11-15,Hadera_IL,CHL,my,0.07052,0.07202,0.05393,0.1569,0.9652
2024-11-16,Hadera_IL,CHL,my,0.06705,0.06603,0.06173,0.09491,0.9403
2024-11-17,Hadera_IL,CHL,my,,0.08778,0.07293,0.09152,0.7562
2024-11-18,Hadera_IL,CHL,my,,0.07657,0.06021,0.0803,0.5721
2024-11-20,Hadera_IL,CHL,my,0.2051,0.2051,0.1834,0.7711,1
2024-11-21,Hadera_IL,CHL,my,0.287,0.2943,0.2591,0.4409,0.9403
2024-11-22,Hadera_IL,CHL,my,0.1889,0.2189,0.1543,0.4227,1
2024-11-23,Hadera_IL,CHL,my,0.1952,0.1954,0.1522,0.2062,0.9403
2024-11-25,Hadera_IL,CHL,my,0.3574,,,,0.3085
2024-11-26,Hadera_IL,CHL,my,0.2513,,,,0.2438
2024-11-28,Hadera_IL,CHL,my,,0.2095,0.1536,0.2251,0.5522
2024-11-30,Hadera_IL,CHL,my,0.1028,0.1198,0.1058,0.1467,0.8756
2024-12-01,Hadera_IL,CHL,my,0.1665,0.2004,0.1621,0.2143,0.9403
2024-12-02,Hadera_IL,CHL,my,0.2305,0.2305,0.1767,0.4048,1
2024-12-03,Hadera_IL,CHL,my,0.1975,0.2931,0.2576,0.3132,0.9403
2024-12-05,Hadera_IL,CHL,my,0.1012,0.1074,0.07802,0.1453,0.8756
2024-12-06,Hadera_IL,CHL,my,0.1123,0.1123,0.08441,0.1285,0.8756
2024-12-14,Hadera_IL,CHL,my,0.05646,0.0618,0.05476,0.09868,0.9403
2024-12-15,Hadera_IL,CHL,my,0.08498,0.1102,0.0828,0.2052,0.9104
2024-12-16,Hadera_IL,CHL,my,0.1104,0.08281,0.06399,0.1273,0.8159
2024-12-17,Hadera_IL,CHL,my,0.08375,0.08375,0.07236,0.09671,0.9403
2024-12-18,Hadera_IL,CHL,my,0.1078,0.1078,0.09048,0.1119,0.9403
2024-12-19,Hadera_IL,CHL,my,0.1351,0.1733,0.1155,0.2273,0.9652
2024-12-21,Hadera_IL,CHL,my,0.1137,,,,0.3881
2024-12-23,Hadera_IL,CHL,my,0.08023,0.08023,0.08095,0.2997,0.9403
2024-12-24,Hadera_IL,CHL,my,0.2043,,,,0.209
2024-12-25,Hadera_IL,CHL,my,0.1977,0.1813,0.1155,0.246,1
2024-12-29,Hadera_IL,CHL,my,0.1614,0.1614,0.1318,0.2545,0.6965
2024-01-05,Open_sea_ref,CHL,my,0.0521,0.0521,0.0521,0.0521,1
2024-01-06,Open_sea_ref,CHL,my,0.0522,0.0522,0.0522,0.0522,1
2024-01-07,Open_sea_ref,CHL,my,0.0555,0.0555,0.0555,0.0555,1
2024-01-14,Open_sea_ref,CHL,my,0.0471,0.0471,0.0471,0.0471,1
2024-01-15,Open_sea_ref,CHL,my,0.0569,0.0569,0.0569,0.0569,1
2024-01-16,Open_sea_ref,CHL,my,0.0594,0.0594,0.0594,0.0594,1
2024-01-18,Open_sea_ref,CHL,my,0.0718,0.0718,0.0718,0.0718,1
2024-01-19,Open_sea_ref,CHL,my,0.0584,0.0584,0.0584,0.0584,1
2024-01-26,Open_sea_ref,CHL,my,0.061,0.061,0.061,0.061,1
2024-02-06,Open_sea_ref,CHL,my,0.0763,0.0763,0.0763,0.0763,1
2024-02-08,Open_sea_ref,CHL,my,0.0737,0.0737,0.0737,0.0737,1
2024-02-10,Open_sea_ref,CHL,my,0.0679,0.0679,0.0679,0.0679,1
2024-02-11,Open_sea_ref,CHL,my,0.0709,0.0709,0.0709,0.0709,1
2024-02-18,Open_sea_ref,CHL,my,0.0636,0.0636,0.0636,0.0636,1
2024-02-19,Open_sea_ref,CHL,my,0.0757,0.0757,0.0757,0.0757,1
2024-02-20,Open_sea_ref,CHL,my,0.0726,0.0726,0.0726,0.0726,1
2024-02-21,Open_sea_ref,CHL,my,0.0687,0.0687,0.0687,0.0687,1
2024-02-22,Open_sea_ref,CHL,my,0.0713,0.0713,0.0713,0.0713,1
2024-02-24,Open_sea_ref,CHL,my,0.0771,0.0771,0.0771,0.0771,1
2024-02-25,Open_sea_ref,CHL,my,0.0708,0.0708,0.0708,0.0708,1
2024-02-26,Open_sea_ref,CHL,my,0.0752,0.0752,0.0752,0.0752,1
2024-02-27,Open_sea_ref,CHL,my,0.0806,0.0806,0.0806,0.0806,1
2024-02-28,Open_sea_ref,CHL,my,0.0724,0.0724,0.0724,0.0724,1
2024-02-29,Open_sea_ref,CHL,my,0.082,0.082,0.082,0.082,1
2024-03-01,Open_sea_ref,CHL,my,0.0664,0.0664,0.0664,0.0664,1
2024-03-02,Open_sea_ref,CHL,my,0.0947,0.0947,0.0947,0.0947,1
2024-03-03,Open_sea_ref,CHL,my,0.0752,0.0752,0.0752,0.0752,1
2024-03-05,Open_sea_ref,CHL,my,0.0679,0.0679,0.0679,0.0679,1
2024-03-08,Open_sea_ref,CHL,my,0.0585,0.0585,0.0585,0.0585,1
2024-03-11,Open_sea_ref,CHL,my,0.0603,0.0603,0.0603,0.0603,1
2024-03-12,Open_sea_ref,CHL,my,0.0638,0.0638,0.0638,0.0638,1
2024-03-13,Open_sea_ref,CHL,my,0.0515,0.0515,0.0515,0.0515,1
2024-03-15,Open_sea_ref,CHL,my,0.0543,0.0543,0.0543,0.0543,1
2024-03-20,Open_sea_ref,CHL,my,0.0682,0.0682,0.0682,0.0682,1
2024-03-25,Open_sea_ref,CHL,my,0.0539,0.0539,0.0539,0.0539,1
2024-03-28,Open_sea_ref,CHL,my,0.053,0.053,0.053,0.053,1
2024-03-30,Open_sea_ref,CHL,my,0.0608,0.0608,0.0608,0.0608,1
2024-03-31,Open_sea_ref,CHL,my,0.0512,0.0512,0.0512,0.0512,1
2024-04-01,Open_sea_ref,CHL,my,0.0436,0.0436,0.0436,0.0436,1
2024-04-03,Open_sea_ref,CHL,my,0.0389,0.0389,0.0389,0.0389,1
2024-04-04,Open_sea_ref,CHL,my,0.0443,0.0443,0.0443,0.0443,1
2024-04-05,Open_sea_ref,CHL,my,0.0416,0.0416,0.0416,0.0416,1
2024-04-07,Open_sea_ref,CHL,my,0.0392,0.0392,0.0392,0.0392,1
2024-04-11,Open_sea_ref,CHL,my,0.0357,0.0357,0.0357,0.0357,1
2024-04-13,Open_sea_ref,CHL,my,0.0366,0.0366,0.0366,0.0366,1
2024-04-15,Open_sea_ref,CHL,my,0.0325,0.0325,0.0325,0.0325,1
2024-04-16,Open_sea_ref,CHL,my,0.0437,0.0437,0.0437,0.0437,1
2024-04-17,Open_sea_ref,CHL,my,0.0289,0.0289,0.0289,0.0289,1
2024-04-19,Open_sea_ref,CHL,my,0.0311,0.0311,0.0311,0.0311,1
2024-04-21,Open_sea_ref,CHL,my,0.031,0.031,0.031,0.031,1
2024-04-24,Open_sea_ref,CHL,my,0.0361,0.0361,0.0361,0.0361,1
2024-05-05,Open_sea_ref,CHL,my,0.0289,0.0289,0.0289,0.0289,1
2024-05-07,Open_sea_ref,CHL,my,0.0349,0.0349,0.0349,0.0349,1
2024-05-08,Open_sea_ref,CHL,my,0.027,0.027,0.027,0.027,1
2024-05-09,Open_sea_ref,CHL,my,0.035,0.035,0.035,0.035,1
2024-05-15,Open_sea_ref,CHL,my,0.0294,0.0294,0.0294,0.0294,1
2024-05-16,Open_sea_ref,CHL,my,0.0296,0.0296,0.0296,0.0296,1
2024-05-17,Open_sea_ref,CHL,my,0.0328,0.0328,0.0328,0.0328,1
2024-05-21,Open_sea_ref,CHL,my,0.0332,0.0332,0.0332,0.0332,1
2024-05-24,Open_sea_ref,CHL,my,0.0287,0.0287,0.0287,0.0287,1
2024-05-25,Open_sea_ref,CHL,my,0.0289,0.0289,0.0289,0.0289,1
2024-05-26,Open_sea_ref,CHL,my,0.0405,0.0405,0.0405,0.0405,1
2024-05-27,Open_sea_ref,CHL,my,0.03,0.03,0.03,0.03,1
2024-05-28,Open_sea_ref,CHL,my,0.0339,0.0339,0.0339,0.0339,1
2024-05-29,Open_sea_ref,CHL,my,0.0332,0.0332,0.0332,0.0332,1
2024-05-31,Open_sea_ref,CHL,my,0.0236,0.0236,0.0236,0.0236,1
2024-06-02,Open_sea_ref,CHL,my,0.0292,0.0292,0.0292,0.0292,1
2024-06-03,Open_sea_ref,CHL,my,0.0288,0.0288,0.0288,0.0288,1
2024-06-04,Open_sea_ref,CHL,my,0.0315,0.0315,0.0315,0.0315,1
2024-06-05,Open_sea_ref,CHL,my,0.0326,0.0326,0.0326,0.0326,1
2024-06-06,Open_sea_ref,CHL,my,0.0393,0.0393,0.0393,0.0393,1
2024-06-07,Open_sea_ref,CHL,my,0.025,0.025,0.025,0.025,1
2024-06-08,Open_sea_ref,CHL,my,0.022,0.022,0.022,0.022,1
2024-06-10,Open_sea_ref,CHL,my,0.0208,0.0208,0.0208,0.0208,1
2024-06-11,Open_sea_ref,CHL,my,0.0213,0.0213,0.0213,0.0213,1
2024-06-12,Open_sea_ref,CHL,my,0.0248,0.0248,0.0248,0.0248,1
2024-06-13,Open_sea_ref,CHL,my,0.0346,0.0346,0.0346,0.0346,1
2024-06-14,Open_sea_ref,CHL,my,0.0297,0.0297,0.0297,0.0297,1
2024-06-16,Open_sea_ref,CHL,my,0.0235,0.0235,0.0235,0.0235,1
2024-06-17,Open_sea_ref,CHL,my,0.0275,0.0275,0.0275,0.0275,1
2024-06-18,Open_sea_ref,CHL,my,0.028,0.028,0.028,0.028,1
2024-06-19,Open_sea_ref,CHL,my,0.028,0.028,0.028,0.028,1
2024-06-20,Open_sea_ref,CHL,my,0.0257,0.0257,0.0257,0.0257,1
2024-06-24,Open_sea_ref,CHL,my,0.0315,0.0315,0.0315,0.0315,1
2024-06-25,Open_sea_ref,CHL,my,0.033,0.033,0.033,0.033,1
2024-06-26,Open_sea_ref,CHL,my,0.0351,0.0351,0.0351,0.0351,1
2024-06-27,Open_sea_ref,CHL,my,0.0245,0.0245,0.0245,0.0245,1
2024-06-28,Open_sea_ref,CHL,my,0.0293,0.0293,0.0293,0.0293,1
2024-07-02,Open_sea_ref,CHL,my,0.0251,0.0251,0.0251,0.0251,1
2024-07-03,Open_sea_ref,CHL,my,0.0233,0.0233,0.0233,0.0233,1
2024-07-05,Open_sea_ref,CHL,my,0.0263,0.0263,0.0263,0.0263,1
2024-07-06,Open_sea_ref,CHL,my,0.0266,0.0266,0.0266,0.0266,1
2024-07-07,Open_sea_ref,CHL,my,0.0285,0.0285,0.0285,0.0285,1
2024-07-08,Open_sea_ref,CHL,my,0.0232,0.0232,0.0232,0.0232,1
2024-07-10,Open_sea_ref,CHL,my,0.0334,0.0334,0.0334,0.0334,1
2024-07-11,Open_sea_ref,CHL,my,0.0216,0.0216,0.0216,0.0216,1
2024-07-13,Open_sea_ref,CHL,my,0.0215,0.0215,0.0215,0.0215,1
2024-07-16,Open_sea_ref,CHL,my,0.0231,0.0231,0.0231,0.0231,1
2024-07-17,Open_sea_ref,CHL,my,0.0198,0.0198,0.0198,0.0198,1
2024-07-18,Open_sea_ref,CHL,my,0.0231,0.0231,0.0231,0.0231,1
2024-07-21,Open_sea_ref,CHL,my,0.0322,0.0322,0.0322,0.0322,1
2024-07-22,Open_sea_ref,CHL,my,0.0314,0.0314,0.0314,0.0314,1
2024-07-23,Open_sea_ref,CHL,my,0.0273,0.0273,0.0273,0.0273,1
2024-07-24,Open_sea_ref,CHL,my,0.0282,0.0282,0.0282,0.0282,1
2024-07-25,Open_sea_ref,CHL,my,0.0225,0.0225,0.0225,0.0225,1
2024-07-26,Open_sea_ref,CHL,my,0.0241,0.0241,0.0241,0.0241,1
2024-07-27,Open_sea_ref,CHL,my,0.0281,0.0281,0.0281,0.0281,1
2024-07-28,Open_sea_ref,CHL,my,0.0247,0.0247,0.0247,0.0247,1
2024-07-29,Open_sea_ref,CHL,my,0.0161,0.0161,0.0161,0.0161,1
2024-07-30,Open_sea_ref,CHL,my,0.0202,0.0202,0.0202,0.0202,1
2024-07-31,Open_sea_ref,CHL,my,0.0256,0.0256,0.0256,0.0256,1
2024-08-01,Open_sea_ref,CHL,my,0.0232,0.0232,0.0232,0.0232,1
2024-08-02,Open_sea_ref,CHL,my,0.0257,0.0257,0.0257,0.0257,1
2024-08-03,Open_sea_ref,CHL,my,0.0227,0.0227,0.0227,0.0227,1
2024-08-04,Open_sea_ref,CHL,my,0.0206,0.0206,0.0206,0.0206,1
2024-08-05,Open_sea_ref,CHL,my,0.0288,0.0288,0.0288,0.0288,1
2024-08-06,Open_sea_ref,CHL,my,0.03,0.03,0.03,0.03,1
2024-08-09,Open_sea_ref,CHL,my,0.0235,0.0235,0.0235,0.0235,1
2024-08-11,Open_sea_ref,CHL,my,0.0408,0.0408,0.0408,0.0408,1
2024-08-13,Open_sea_ref,CHL,my,0.0277,0.0277,0.0277,0.0277,1
2024-08-14,Open_sea_ref,CHL,my,0.0235,0.0235,0.0235,0.0235,1
2024-08-17,Open_sea_ref,CHL,my,0.0298,0.0298,0.0298,0.0298,1
2024-08-18,Open_sea_ref,CHL,my,0.031,0.031,0.031,0.031,1
2024-08-19,Open_sea_ref,CHL,my,0.0226,0.0226,0.0226,0.0226,1
2024-08-20,Open_sea_ref,CHL,my,0.0272,0.0272,0.0272,0.0272,1
2024-08-21,Open_sea_ref,CHL,my,0.0261,0.0261,0.0261,0.0261,1
2024-08-22,Open_sea_ref,CHL,my,0.0233,0.0233,0.0233,0.0233,1
2024-08-23,Open_sea_ref,CHL,my,0.0269,0.0269,0.0269,0.0269,1
2024-08-24,Open_sea_ref,CHL,my,0.028,0.028,0.028,0.028,1
2024-08-26,Open_sea_ref,CHL,my,0.0601,0.0601,0.0601,0.0601,1
2024-08-27,Open_sea_ref,CHL,my,0.0263,0.0263,0.0263,0.0263,1
2024-08-28,Open_sea_ref,CHL,my,0.0335,0.0335,0.0335,0.0335,1
2024-08-29,Open_sea_ref,CHL,my,0.0256,0.0256,0.0256,0.0256,1
2024-08-30,Open_sea_ref,CHL,my,0.0344,0.0344,0.0344,0.0344,1
2024-08-31,Open_sea_ref,CHL,my,0.0244,0.0244,0.0244,0.0244,1
2024-09-03,Open_sea_ref,CHL,my,0.0291,0.0291,0.0291,0.0291,1
2024-09-05,Open_sea_ref,CHL,my,0.0185,0.0185,0.0185,0.0185,1
2024-09-06,Open_sea_ref,CHL,my,0.0223,0.0223,0.0223,0.0223,1
2024-09-07,Open_sea_ref,CHL,my,0.0295,0.0295,0.0295,0.0295,1
2024-09-08,Open_sea_ref,CHL,my,0.0207,0.0207,0.0207,0.0207,1
2024-09-09,Open_sea_ref,CHL,my,0.0202,0.0202,0.0202,0.0202,1
2024-09-10,Open_sea_ref,CHL,my,0.0161,0.0161,0.0161,0.0161,1
2024-09-11,Open_sea_ref,CHL,my,0.0137,0.0137,0.0137,0.0137,1
2024-09-12,Open_sea_ref,CHL,my,0.0196,0.0196,0.0196,0.0196,1
2024-09-13,Open_sea_ref,CHL,my,0.0159,0.0159,0.0159,0.0159,1
2024-09-16,Open_sea_ref,CHL,my,0.02,0.02,0.02,0.02,1
2024-09-18,Open_sea_ref,CHL,my,0.0174,0.0174,0.0174,0.0174,1
2024-09-24,Open_sea_ref,CHL,my,0.03,0.03,0.03,0.03,1
2024-09-25,Open_sea_ref,CHL,my,0.0437,0.0437,0.0437,0.0437,1
2024-09-26,Open_sea_ref,CHL,my,0.0302,0.0302,0.0302,0.0302,1
2024-09-27,Open_sea_ref,CHL,my,0.0191,0.0191,0.0191,0.0191,1
2024-09-28,Open_sea_ref,CHL,my,0.0231,0.0231,0.0231,0.0231,1
2024-09-29,Open_sea_ref,CHL,my,0.0246,0.0246,0.0246,0.0246,1
2024-10-02,Open_sea_ref,CHL,my,0.0182,0.0182,0.0182,0.0182,1
2024-10-03,Open_sea_ref,CHL,my,0.0252,0.0252,0.0252,0.0252,1
2024-10-04,Open_sea_ref,CHL,my,0.0373,0.0373,0.0373,0.0373,1
2024-10-05,Open_sea_ref,CHL,my,0.0277,0.0277,0.0277,0.0277,1
2024-10-06,Open_sea_ref,CHL,my,0.0355,0.0355,0.0355,0.0355,1
2024-10-07,Open_sea_ref,CHL,my,0.033,0.033,0.033,0.033,1
2024-10-08,Open_sea_ref,CHL,my,0.0305,0.0305,0.0305,0.0305,1
2024-10-09,Open_sea_ref,CHL,my,0.0374,0.0374,0.0374,0.0374,1
2024-10-11,Open_sea_ref,CHL,my,0.0358,0.0358,0.0358,0.0358,1
2024-10-14,Open_sea_ref,CHL,my,0.0455,0.0455,0.0455,0.0455,1
2024-10-15,Open_sea_ref,CHL,my,0.0334,0.0334,0.0334,0.0334,1
2024-10-16,Open_sea_ref,CHL,my,0.0317,0.0317,0.0317,0.0317,1
2024-10-17,Open_sea_ref,CHL,my,0.0274,0.0274,0.0274,0.0274,1
2024-10-18,Open_sea_ref,CHL,my,0.0286,0.0286,0.0286,0.0286,1
2024-10-19,Open_sea_ref,CHL,my,0.0203,0.0203,0.0203,0.0203,1
2024-10-20,Open_sea_ref,CHL,my,0.0196,0.0196,0.0196,0.0196,1
2024-10-21,Open_sea_ref,CHL,my,0.0303,0.0303,0.0303,0.0303,1
2024-10-23,Open_sea_ref,CHL,my,0.0247,0.0247,0.0247,0.0247,1
2024-10-24,Open_sea_ref,CHL,my,0.0217,0.0217,0.0217,0.0217,1
2024-10-25,Open_sea_ref,CHL,my,0.0289,0.0289,0.0289,0.0289,1
2024-10-27,Open_sea_ref,CHL,my,0.0347,0.0347,0.0347,0.0347,1
2024-10-28,Open_sea_ref,CHL,my,0.0286,0.0286,0.0286,0.0286,1
2024-10-30,Open_sea_ref,CHL,my,0.0257,0.0257,0.0257,0.0257,1
2024-10-31,Open_sea_ref,CHL,my,0.0246,0.0246,0.0246,0.0246,1
2024-11-05,Open_sea_ref,CHL,my,0.0332,0.0332,0.0332,0.0332,1
2024-11-06,Open_sea_ref,CHL,my,0.0313,0.0313,0.0313,0.0313,1
2024-11-07,Open_sea_ref,CHL,my,0.0386,0.0386,0.0386,0.0386,1
2024-11-08,Open_sea_ref,CHL,my,0.0337,0.0337,0.0337,0.0337,1
2024-11-09,Open_sea_ref,CHL,my,0.0393,0.0393,0.0393,0.0393,1
2024-11-11,Open_sea_ref,CHL,my,0.0368,0.0368,0.0368,0.0368,1
2024-11-14,Open_sea_ref,CHL,my,0.0245,0.0245,0.0245,0.0245,1
2024-11-15,Open_sea_ref,CHL,my,0.0313,0.0313,0.0313,0.0313,1
2024-11-17,Open_sea_ref,CHL,my,0.0335,0.0335,0.0335,0.0335,1
2024-11-21,Open_sea_ref,CHL,my,0.0295,0.0295,0.0295,0.0295,1
2024-11-22,Open_sea_ref,CHL,my,0.0312,0.0312,0.0312,0.0312,1
2024-11-23,Open_sea_ref,CHL,my,0.0409,0.0409,0.0409,0.0409,1
2024-11-28,Open_sea_ref,CHL,my,0.0277,0.0277,0.0277,0.0277,1
2024-12-01,Open_sea_ref,CHL,my,0.0413,0.0413,0.0413,0.0413,1
2024-12-02,Open_sea_ref,CHL,my,0.0412,0.0412,0.0412,0.0412,1
2024-12-06,Open_sea_ref,CHL,my,0.051,0.051,0.051,0.051,1
2024-12-08,Open_sea_ref,CHL,my,0.0463,0.0463,0.0463,0.0463,1
2024-12-14,Open_sea_ref,CHL,my,0.0447,0.0447,0.0447,0.0447,1
2024-12-16,Open_sea_ref,CHL,my,0.0525,0.0525,0.0525,0.0525,1
2024-12-17,Open_sea_ref,CHL,my,0.0428,0.0428,0.0428,0.0428,1
2024-12-19,Open_sea_ref,CHL,my,0.05,0.05,0.05,0.05,1
2024-12-21,Open_sea_ref,CHL,my,0.0372,0.0372,0.0372,0.0372,1
2024-12-24,Open_sea_ref,CHL,my,0.0583,0.0583,0.0583,0.0583,1
2024-12-25,Open_sea_ref,CHL,my,0.0489,0.0489,0.0489,0.0489,1
2024-12-27,Open_sea_ref,CHL,my,0.0622,0.0622,0.0622,0.0622,1
2024-01-01,Port_Said_EG,CHL,my,,8.975,4.017,11.17,0.5578
2024-01-04,Port_Said_EG,CHL,my,9.965,8.806,3.516,9.965,0.9296
2024-01-05,Port_Said_EG,CHL,my,11.4,7.402,3.726,11.4,0.9698
2024-01-06,Port_Said_EG,CHL,my,12.69,15.46,7.029,24.7,0.9296
2024-01-07,Port_Said_EG,CHL,my,6.148,5.857,4.033,8.208,0.9296
2024-01-12,Port_Said_EG,CHL,my,,5.081,4.098,7.279,0.7739
2024-01-13,Port_Said_EG,CHL,my,5.347,4.918,3.469,6.819,1
2024-01-14,Port_Said_EG,CHL,my,8.079,6.862,4.936,8.108,0.9698
2024-01-15,Port_Said_EG,CHL,my,11.58,10.08,5.003,11.58,0.9296
2024-01-16,Port_Said_EG,CHL,my,9.058,9.903,5.233,12.64,0.9698
2024-01-17,Port_Said_EG,CHL,my,7.749,9.079,5.902,10.11,0.9296
2024-01-18,Port_Said_EG,CHL,my,11.94,18.35,9.924,23.35,0.9698
2024-01-19,Port_Said_EG,CHL,my,8.227,11.01,8.039,15.86,0.9196
2024-01-20,Port_Said_EG,CHL,my,8.746,9.398,8.419,11.81,1
2024-01-21,Port_Said_EG,CHL,my,3.229,3.238,2.883,3.672,0.9598
2024-01-22,Port_Said_EG,CHL,my,,6.007,3.963,6.362,0.7839
2024-01-24,Port_Said_EG,CHL,my,13.03,10.37,5.875,13.03,0.9296
2024-01-25,Port_Said_EG,CHL,my,9.862,9.862,5.024,10.6,0.5729
2024-01-26,Port_Said_EG,CHL,my,,4.669,3.643,7.932,0.8141
2024-01-30,Port_Said_EG,CHL,my,7.29,7.229,5.392,8.28,0.9497
2024-01-31,Port_Said_EG,CHL,my,7.505,5.465,5.061,7.786,0.8744
2024-02-01,Port_Said_EG,CHL,my,5.864,5.587,3.605,6.004,0.9598
2024-02-02,Port_Said_EG,CHL,my,5.945,,,,0.3819
2024-02-03,Port_Said_EG,CHL,my,7.906,7.395,3.667,9.566,0.9698
2024-02-04,Port_Said_EG,CHL,my,6.084,2.596,2.546,6.084,0.8744
2024-02-05,Port_Said_EG,CHL,my,5.802,5.802,4.255,6.376,0.5678
2024-02-06,Port_Said_EG,CHL,my,15.37,7.143,4.59,18.96,1
2024-02-07,Port_Said_EG,CHL,my,,11.47,5.069,18.74,0.7286
2024-02-08,Port_Said_EG,CHL,my,10.3,10.3,6.102,11.69,0.9698
2024-02-09,Port_Said_EG,CHL,my,10.55,11.15,6.885,19.59,0.8543
2024-02-10,Port_Said_EG,CHL,my,7.576,7.576,5.052,20.96,1
2024-02-11,Port_Said_EG,CHL,my,7.899,7.899,4.48,12.14,0.9698
2024-02-14,Port_Said_EG,CHL,my,3.922,3.722,2.157,4.356,1
2024-02-15,Port_Said_EG,CHL,my,1.975,1.644,1.16,2.128,0.9296
2024-02-17,Port_Said_EG,CHL,my,5.531,3.886,2.088,5.531,1
2024-02-18,Port_Said_EG,CHL,my,2.846,2.691,1.708,2.913,0.804
2024-02-19,Port_Said_EG,CHL,my,4.177,2.48,2.04,4.85,0.9698
2024-02-20,Port_Said_EG,CHL,my,2.112,2.112,1.515,4.173,0.9296
2024-02-22,Port_Said_EG,CHL,my,13.95,11.31,4.798,15.83,0.9296
2024-02-24,Port_Said_EG,CHL,my,2.341,2.113,1.457,2.341,0.9296
2024-02-25,Port_Said_EG,CHL,my,30.29,15.82,7.582,30.29,0.9296
2024-02-26,Port_Said_EG,CHL,my,3.02,3.02,2.077,4.584,0.8241
2024-02-27,Port_Said_EG,CHL,my,3.594,3.594,1.962,7.42,0.8794
2024-02-28,Port_Said_EG,CHL,my,4.663,3.879,2.454,4.807,0.9296
2024-02-29,Port_Said_EG,CHL,my,5.337,5.287,2.9,7.544,1
2024-03-01,Port_Said_EG,CHL,my,4.079,3.81,2.319,4.432,0.9296
2024-03-03,Port_Said_EG,CHL,my,4.268,4.268,2.378,5.61,1
2024-03-04,Port_Said_EG,CHL,my,10.66,8.767,4.146,11.63,1
2024-03-05,Port_Said_EG,CHL,my,3.243,3.481,2.594,4.614,1
2024-03-06,Port_Said_EG,CHL,my,2.434,2.071,1.812,2.602,0.9296
2024-03-07,Port_Said_EG,CHL,my,5.743,4.786,2.605,6.243,0.9296
2024-03-08,Port_Said_EG,CHL,my,11.05,9.302,4.956,28.63,0.9296
2024-03-10,Port_Said_EG,CHL,my,4.177,3.801,3.119,8.096,0.9698
2024-03-11,Port_Said_EG,CHL,my,11.49,10.37,5.024,15.67,0.9698
2024-03-12,Port_Said_EG,CHL,my,5.324,4.394,2.7,5.324,0.9296
2024-03-13,Port_Said_EG,CHL,my,2.864,2.864,2.047,3.118,1
2024-03-14,Port_Said_EG,CHL,my,3.925,7.235,4.011,12.43,0.9447
2024-03-15,Port_Said_EG,CHL,my,14.09,10.74,5.214,20.44,1
2024-03-19,Port_Said_EG,CHL,my,5.161,5.161,2.979,6.585,0.9698
2024-03-20,Port_Said_EG,CHL,my,5.787,5.787,3.591,9.214,1
2024-03-21,Port_Said_EG,CHL,my,5.044,5.044,3.164,6.386,1
2024-03-22,Port_Said_EG,CHL,my,,3.748,2.95,8.813,0.7839
2024-03-23,Port_Said_EG,CHL,my,4.875,4.646,3.495,9.682,0.9698
2024-03-25,Port_Said_EG,CHL,my,6.339,6.526,3.793,11.22,0.9296
2024-03-31,Port_Said_EG,CHL,my,3.215,3.296,2.256,5.054,1
2024-04-02,Port_Said_EG,CHL,my,,2.342,1.71,2.958,0.7839
2024-04-03,Port_Said_EG,CHL,my,2.723,2.536,1.569,4.179,1
2024-04-04,Port_Said_EG,CHL,my,4.808,3.383,2.061,5.278,1
2024-04-05,Port_Said_EG,CHL,my,10.26,4.893,3.218,11.67,1
2024-04-06,Port_Said_EG,CHL,my,,1.662,1.418,5.956,0.7739
2024-04-10,Port_Said_EG,CHL,my,6.862,6.352,3.128,8.159,0.9296
2024-04-11,Port_Said_EG,CHL,my,5.923,4.775,2.765,7.532,0.9296
2024-04-13,Port_Said_EG,CHL,my,12.37,12.61,6.398,18.64,0.8643
2024-04-15,Port_Said_EG,CHL,my,27.64,20.07,9.034,35.37,1
2024-04-16,Port_Said_EG,CHL,my,4.625,4.625,2.753,6.585,1
2024-04-17,Port_Said_EG,CHL,my,3.154,3.113,2.481,4.476,1
2024-04-19,Port_Said_EG,CHL,my,4.896,2.707,2.291,4.896,0.6734
2024-04-21,Port_Said_EG,CHL,my,4.483,4.408,2.57,6.397,0.9698
2024-04-24,Port_Said_EG,CHL,my,4.875,4.603,2.837,5.485,1
2024-04-30,Port_Said_EG,CHL,my,7.19,6.864,3.454,8.642,1
2024-05-02,Port_Said_EG,CHL,my,5.318,5.318,2.994,7.135,0.9598
2024-05-03,Port_Said_EG,CHL,my,,2.715,2.266,5.164,0.7889
2024-05-04,Port_Said_EG,CHL,my,5.806,5.012,3.191,6.854,0.9698
2024-05-06,Port_Said_EG,CHL,my,7.16,6.103,3.352,8.368,0.9296
2024-05-07,Port_Said_EG,CHL,my,8.493,7.602,3.534,8.535,0.9296
2024-05-08,Port_Said_EG,CHL,my,6.903,6.903,4.523,10.64,1
2024-05-09,Port_Said_EG,CHL,my,4.732,4.862,3.046,5.221,1
2024-05-11,Port_Said_EG,CHL,my,4.751,2.532,2.102,4.751,0.8744
2024-05-12,Port_Said_EG,CHL,my,5.11,2.441,2.171,5.11,0.6683
2024-05-13,Port_Said_EG,CHL,my,4.807,4.807,2.759,5.603,0.9598
2024-05-14,Port_Said_EG,CHL,my,8.048,5.597,3.457,8.048,0.9296
2024-05-15,Port_Said_EG,CHL,my,14.52,8.395,4.684,14.52,0.9296
2024-05-16,Port_Said_EG,CHL,my,8.579,8.111,4.885,15.78,0.9698
2024-05-17,Port_Said_EG,CHL,my,4.832,3.643,3.086,4.898,1
2024-05-24,Port_Said_EG,CHL,my,4.541,3.88,2.054,6.944,1
2024-05-25,Port_Said_EG,CHL,my,4.772,4.772,3.093,5.815,0.6482
2024-05-27,Port_Said_EG,CHL,my,5.305,5.305,3.247,6.027,0.6734
2024-05-28,Port_Said_EG,CHL,my,4.399,3.074,2.131,4.474,0.804
2024-05-29,Port_Said_EG,CHL,my,3.88,3.822,2.254,4.534,1
2024-05-31,Port_Said_EG,CHL,my,3.377,3.509,2.993,6.302,1
2024-06-02,Port_Said_EG,CHL,my,2.237,2.226,1.882,2.498,1
2024-06-03,Port_Said_EG,CHL,my,3.308,2.883,2.002,3.679,0.9698
2024-06-04,Port_Said_EG,CHL,my,4.862,3.29,2.232,4.862,1
2024-06-05,Port_Said_EG,CHL,my,5.048,3.596,2.287,5.329,1
2024-06-06,Port_Said_EG,CHL,my,3.128,2.977,1.764,4.032,1
2024-06-07,Port_Said_EG,CHL,my,2.779,2.539,1.473,3.204,0.9296
2024-06-08,Port_Said_EG,CHL,my,3.001,3.001,1.948,5.185,1
2024-06-09,Port_Said_EG,CHL,my,2.824,,,,0.3216
2024-06-10,Port_Said_EG,CHL,my,4.841,3.415,2.184,5.379,1
2024-06-11,Port_Said_EG,CHL,my,5.482,2.071,1.923,5.482,0.8543
2024-06-12,Port_Said_EG,CHL,my,3.882,3.146,2.238,6.466,1
2024-06-13,Port_Said_EG,CHL,my,2.509,2.503,1.795,2.898,1
2024-06-14,Port_Said_EG,CHL,my,2.95,2.763,1.831,2.95,1
2024-06-16,Port_Said_EG,CHL,my,,1.65,1.413,2.842,0.6784
2024-06-17,Port_Said_EG,CHL,my,4.964,4.964,2.569,6.061,1
2024-06-18,Port_Said_EG,CHL,my,3.293,3.135,2.287,7.274,1
2024-06-19,Port_Said_EG,CHL,my,3.157,3.127,2.259,7.252,0.9296
2024-06-20,Port_Said_EG,CHL,my,3.386,2.899,2.221,6.284,1
2024-06-21,Port_Said_EG,CHL,my,3.415,3.269,2.021,7.44,1
2024-06-22,Port_Said_EG,CHL,my,,1.683,1.561,2.675,0.7839
2024-06-23,Port_Said_EG,CHL,my,2.868,2.868,1.858,3.438,1
2024-06-24,Port_Said_EG,CHL,my,5.318,5.318,2.757,6.423,1
2024-06-25,Port_Said_EG,CHL,my,2.906,2.898,1.941,3.639,1
2024-06-26,Port_Said_EG,CHL,my,3.661,2.769,1.929,3.661,0.7337
2024-06-27,Port_Said_EG,CHL,my,3.425,3.055,1.974,3.564,0.9698
2024-06-28,Port_Said_EG,CHL,my,2.899,2.899,2.039,5.987,1
2024-06-29,Port_Said_EG,CHL,my,2.513,2.513,1.685,2.862,0.9296
2024-06-30,Port_Said_EG,CHL,my,,2.102,1.656,2.412,0.7839
2024-07-01,Port_Said_EG,CHL,my,3.771,2.579,1.919,3.904,0.9598
2024-07-02,Port_Said_EG,CHL,my,5.467,2.912,2.251,5.467,0.8744
2024-07-03,Port_Said_EG,CHL,my,3.04,2.762,2.024,3.403,1
2024-07-05,Port_Said_EG,CHL,my,3.048,2.761,1.969,3.306,0.9698
2024-07-06,Port_Said_EG,CHL,my,3.16,2.833,1.923,3.378,0.9598
2024-07-07,Port_Said_EG,CHL,my,3.258,3.258,2.167,5.038,1
2024-07-08,Port_Said_EG,CHL,my,2.771,2.294,1.681,2.771,0.8744
2024-07-09,Port_Said_EG,CHL,my,3.011,2.893,1.945,3.135,0.9296
2024-07-10,Port_Said_EG,CHL,my,3.074,3.074,2.316,6.117,1
2024-07-11,Port_Said_EG,CHL,my,3.485,3.21,2.251,5.652,1
2024-07-13,Port_Said_EG,CHL,my,9.992,9.595,4.323,13.91,1
2024-07-15,Port_Said_EG,CHL,my,3.108,2.453,1.657,3.108,0.804
2024-07-16,Port_Said_EG,CHL,my,2.772,2.852,2.096,5.288,1
2024-07-17,Port_Said_EG,CHL,my,5.57,3.437,2.525,5.57,1
2024-07-18,Port_Said_EG,CHL,my,17.8,8.789,5.677,31.8,1
2024-07-19,Port_Said_EG,CHL,my,3.776,3.307,2.339,5.521,0.799
2024-07-20,Port_Said_EG,CHL,my,4.914,3.486,2.482,5.63,1
2024-07-21,Port_Said_EG,CHL,my,5.785,3.196,2.635,6.72,0.9698
2024-07-22,Port_Said_EG,CHL,my,5.682,5.104,2.789,6.447,1
2024-07-23,Port_Said_EG,CHL,my,3.237,3.089,1.965,3.431,0.9296
2024-07-25,Port_Said_EG,CHL,my,5.148,5.148,2.768,7.388,1
2024-07-26,Port_Said_EG,CHL,my,,1.626,1.555,2.474,0.7739
2024-07-28,Port_Said_EG,CHL,my,4.037,4.037,2.667,6.184,1
2024-07-29,Port_Said_EG,CHL,my,7.334,5.958,3.803,11.67,0.9698
2024-07-30,Port_Said_EG,CHL,my,8.418,7.13,3.425,9.273,1
2024-07-31,Port_Said_EG,CHL,my,3.121,2.863,2.078,4.477,0.8191
2024-08-01,Port_Said_EG,CHL,my,4.743,3.327,2.382,7.558,0.9698
2024-08-02,Port_Said_EG,CHL,my,6.9,5.475,2.714,6.9,0.9296
2024-08-03,Port_Said_EG,CHL,my,9.526,8.222,3.989,10.23,1
2024-08-04,Port_Said_EG,CHL,my,7.334,3.505,2.754,7.414,0.9296
2024-08-05,Port_Said_EG,CHL,my,8.656,7.186,3.363,9.352,1
2024-08-06,Port_Said_EG,CHL,my,3.501,3.501,2.469,6.107,1
2024-08-07,Port_Said_EG,CHL,my,5.773,3.969,2.867,11.98,0.9296
2024-08-08,Port_Said_EG,CHL,my,5.088,3.058,2.093,5.088,0.8141
2024-08-09,Port_Said_EG,CHL,my,6.155,5.011,2.769,8.579,0.9296
2024-08-10,Port_Said_EG,CHL,my,5.699,5.699,3.037,9.218,1
2024-08-11,Port_Said_EG,CHL,my,4.481,3.133,2.26,5.832,0.9296
2024-08-12,Port_Said_EG,CHL,my,6.696,6.696,3.481,8.739,1
2024-08-13,Port_Said_EG,CHL,my,8.14,7.683,4.064,9.051,0.9045
2024-08-14,Port_Said_EG,CHL,my,16.87,14.75,6.029,18.42,0.9698
2024-08-15,Port_Said_EG,CHL,my,10.66,6.163,3.683,13.58,0.9296
2024-08-16,Port_Said_EG,CHL,my,2.791,2.077,1.738,2.791,0.8442
2024-08-17,Port_Said_EG,CHL,my,4.331,2.992,2.132,5.319,0.9296
2024-08-18,Port_Said_EG,CHL,my,4.362,4.362,2.513,6.566,1
2024-08-19,Port_Said_EG,CHL,my,5.693,3.715,2.281,6.31,0.804
2024-08-20,Port_Said_EG,CHL,my,7.171,6.032,3.351,10.05,0.9698
2024-08-21,Port_Said_EG,CHL,my,6.02,3.2,2.512,7.47,0.9296
2024-08-22,Port_Said_EG,CHL,my,5.31,5.31,2.909,7.352,1
2024-08-23,Port_Said_EG,CHL,my,4.709,2.536,1.947,4.709,0.8543
2024-08-24,Port_Said_EG,CHL,my,7.927,3.411,2.723,7.927,0.8744
2024-08-25,Port_Said_EG,CHL,my,9.705,5.849,3.335,9.705,0.9296
2024-08-26,Port_Said_EG,CHL,my,7,7.938,5.359,18.39,1
2024-08-27,Port_Said_EG,CHL,my,5.297,3.242,2.368,5.973,0.9296
2024-08-29,Port_Said_EG,CHL,my,,10.91,4.555,12.8,0.7839
2024-08-30,Port_Said_EG,CHL,my,8.923,6.783,3.444,8.923,0.7638
2024-08-31,Port_Said_EG,CHL,my,6.322,5.175,2.832,6.322,0.9296
2024-09-01,Port_Said_EG,CHL,my,5.141,2.896,2.427,6.334,0.9296
2024-09-02,Port_Said_EG,CHL,my,11.18,11.18,6.53,14.34,1
2024-09-03,Port_Said_EG,CHL,my,5.489,3.052,2.514,5.489,0.8543
2024-09-04,Port_Said_EG,CHL,my,7.706,,,,0.4322
2024-09-05,Port_Said_EG,CHL,my,14.94,7.236,3.903,14.94,0.9296
2024-09-06,Port_Said_EG,CHL,my,7.199,6.368,2.877,7.199,0.9296
2024-09-07,Port_Said_EG,CHL,my,8.248,6.691,3.515,10.42,0.9698
2024-09-08,Port_Said_EG,CHL,my,6.736,6.462,3.207,8.934,1
2024-09-09,Port_Said_EG,CHL,my,8.497,8.497,4.211,11.72,1
2024-09-10,Port_Said_EG,CHL,my,9.309,9.309,5.015,13.14,1
2024-09-11,Port_Said_EG,CHL,my,10.58,8.907,4.941,13.11,0.9296
2024-09-12,Port_Said_EG,CHL,my,7.339,6.147,3.509,8.296,0.9698
2024-09-13,Port_Said_EG,CHL,my,,3.073,2.523,6.301,0.5176
2024-09-14,Port_Said_EG,CHL,my,,1.88,1.548,2.135,0.5628
2024-09-16,Port_Said_EG,CHL,my,7.296,6.121,3.508,8.568,0.9698
2024-09-17,Port_Said_EG,CHL,my,8.061,6.854,3.471,10.51,0.9296
2024-09-18,Port_Said_EG,CHL,my,12.2,10.78,4.826,17.32,0.9698
2024-09-21,Port_Said_EG,CHL,my,6.671,3.18,2.481,6.671,0.6382
2024-09-22,Port_Said_EG,CHL,my,,5.453,3.571,7.787,0.7839
2024-09-23,Port_Said_EG,CHL,my,8.094,6.171,3.619,8.975,0.9698
2024-09-24,Port_Said_EG,CHL,my,9.538,9.538,5.617,11.58,0.7638
2024-09-25,Port_Said_EG,CHL,my,6.965,6.286,3.542,10.39,0.8241
2024-09-26,Port_Said_EG,CHL,my,6.44,3.286,2.576,6.465,0.6834
2024-09-27,Port_Said_EG,CHL,my,8.207,6.737,3.512,9.293,0.9698
2024-09-28,Port_Said_EG,CHL,my,16.36,10.98,5.204,16.83,1
2024-09-29,Port_Said_EG,CHL,my,14.28,11.88,4.737,14.28,0.9698
2024-09-30,Port_Said_EG,CHL,my,5.182,2.791,2.281,5.182,0.799
2024-10-01,Port_Said_EG,CHL,my,,3.848,2.297,5.457,0.7085
2024-10-02,Port_Said_EG,CHL,my,6.424,6.424,4.033,11.4,1
2024-10-03,Port_Said_EG,CHL,my,8.509,7.967,4.959,10.49,0.9698
2024-10-04,Port_Said_EG,CHL,my,6.648,6.34,3.889,9.127,1
2024-10-05,Port_Said_EG,CHL,my,,3.212,2.067,4.887,0.7085
2024-10-06,Port_Said_EG,CHL,my,13.4,13.4,7.66,13.87,0.5327
2024-10-07,Port_Said_EG,CHL,my,28.58,17.31,8.794,40.24,1
2024-10-08,Port_Said_EG,CHL,my,11.52,10.41,4.95,14.94,0.9698
2024-10-09,Port_Said_EG,CHL,my,20.23,19.13,9.165,26.47,0.9698
2024-10-10,Port_Said_EG,CHL,my,11.84,10.29,7.15,90.15,1
2024-10-11,Port_Said_EG,CHL,my,9.324,9.324,5.354,18.54,0.9095
2024-10-12,Port_Said_EG,CHL,my,4.155,3.763,2.253,6.163,0.7387
2024-10-13,Port_Said_EG,CHL,my,11.07,8.304,4.074,11.07,0.8543
2024-10-14,Port_Said_EG,CHL,my,,3.823,2.583,9.59,0.7839
2024-10-15,Port_Said_EG,CHL,my,10.02,7.571,4.197,20.02,0.9698
2024-10-16,Port_Said_EG,CHL,my,7.421,7.358,2.854,12.72,1
2024-10-17,Port_Said_EG,CHL,my,,1.329,0.958,1.745,0.6784
2024-10-18,Port_Said_EG,CHL,my,6.808,5.663,2.471,8.546,0.9698
2024-10-19,Port_Said_EG,CHL,my,7.94,7.336,4.576,12.16,0.9146
2024-10-20,Port_Said_EG,CHL,my,6.793,6.66,3.608,7.968,0.9698
2024-10-21,Port_Said_EG,CHL,my,5.397,5.4,4.153,7.34,0.9698
2024-10-23,Port_Said_EG,CHL,my,8.768,7.264,5.831,8.768,0.8543
2024-10-24,Port_Said_EG,CHL,my,5.425,6.717,5.418,7.46,0.9698
2024-10-25,Port_Said_EG,CHL,my,5.354,5.73,4.921,6.096,0.9698
2024-10-26,Port_Said_EG,CHL,my,5.289,5.289,4.18,6.578,0.9598
2024-10-27,Port_Said_EG,CHL,my,6.736,6.146,4.295,12.14,0.8894
2024-10-28,Port_Said_EG,CHL,my,10.63,7.758,4.592,15.4,0.9698
2024-10-29,Port_Said_EG,CHL,my,14.33,,,,0.4975
2024-10-30,Port_Said_EG,CHL,my,23.68,22.56,10.81,32.21,0.9146
2024-10-31,Port_Said_EG,CHL,my,15.36,10.3,5.834,17.52,0.8744
2024-11-01,Port_Said_EG,CHL,my,9.598,9.598,5.143,11.19,0.9698
2024-11-02,Port_Said_EG,CHL,my,,2.704,2.226,4.587,0.7839
2024-11-04,Port_Said_EG,CHL,my,7.58,2.749,2.412,7.58,0.7688
2024-11-05,Port_Said_EG,CHL,my,15.09,8.122,4.439,18.77,0.9698
2024-11-06,Port_Said_EG,CHL,my,4.055,2.891,1.98,4.055,0.8442
2024-11-09,Port_Said_EG,CHL,my,12.31,6.215,4.692,12.47,0.8744
2024-11-10,Port_Said_EG,CHL,my,,6.685,3.826,14.43,0.8995
2024-11-11,Port_Said_EG,CHL,my,9.628,7.872,3.397,11.24,0.8744
2024-11-12,Port_Said_EG,CHL,my,,4.834,2.357,5.957,0.598
2024-11-14,Port_Said_EG,CHL,my,14,6.932,3.509,14,0.9146
2024-11-15,Port_Said_EG,CHL,my,12.28,3.761,3.169,19.44,0.8744
2024-11-16,Port_Said_EG,CHL,my,,18.09,8.787,40.99,0.8342
2024-11-18,Port_Said_EG,CHL,my,7.124,6.268,3.31,9.351,0.9698
2024-11-19,Port_Said_EG,CHL,my,6.333,4.403,2.635,6.333,0.8543
2024-11-20,Port_Said_EG,CHL,my,6.007,6.139,3.178,8.012,1
2024-11-21,Port_Said_EG,CHL,my,9.708,9.836,4.689,14.97,1
2024-11-22,Port_Said_EG,CHL,my,16.97,14.36,7.258,20.56,0.9598
2024-11-27,Port_Said_EG,CHL,my,8.412,6.832,4.666,8.767,0.9296
2024-11-29,Port_Said_EG,CHL,my,11.12,,,,0.2161
2024-11-30,Port_Said_EG,CHL,my,9.116,9.067,5.896,11.39,0.9899
2024-12-01,Port_Said_EG,CHL,my,3.494,4.518,2.974,6.507,0.9698
2024-12-02,Port_Said_EG,CHL,my,3.63,3.63,2.956,6.318,1
2024-12-03,Port_Said_EG,CHL,my,,4.12,4.199,21.42,0.7387
2024-12-04,Port_Said_EG,CHL,my,15.69,15.69,8.976,25.96,1
2024-12-05,Port_Said_EG,CHL,my,9.466,9.466,4.745,16.1,0.8995
2024-12-06,Port_Said_EG,CHL,my,9.216,9.216,5.169,13.48,0.9698
2024-12-08,Port_Said_EG,CHL,my,17.59,17.59,9.299,29.15,1
2024-12-09,Port_Said_EG,CHL,my,18.72,19.79,10.89,26.57,1
2024-12-14,Port_Said_EG,CHL,my,6.248,5.464,3.529,6.248,0.8543
2024-12-15,Port_Said_EG,CHL,my,6.724,7.631,6.238,9.364,0.9095
2024-12-16,Port_Said_EG,CHL,my,6.045,5.294,4.072,6.045,0.5829
2024-12-17,Port_Said_EG,CHL,my,24.96,14.6,7.351,24.96,0.9146
2024-12-18,Port_Said_EG,CHL,my,11.46,13.14,6.829,18.93,0.9598
2024-12-19,Port_Said_EG,CHL,my,6.349,5.335,3.441,8.42,1
2024-12-21,Port_Said_EG,CHL,my,9.814,9.814,4.809,13.01,0.9698
2024-12-22,Port_Said_EG,CHL,my,,2.302,1.814,3.563,0.5628
2024-12-23,Port_Said_EG,CHL,my,5.92,5.436,3.489,6.29,0.9296
2024-12-24,Port_Said_EG,CHL,my,7.764,7.764,4.556,8.444,0.9698
2024-12-25,Port_Said_EG,CHL,my,5.755,5.433,3.55,7.069,0.9296
2024-12-28,Port_Said_EG,CHL,my,6.714,6.202,3.725,7.627,0.8442
2024-12-29,Port_Said_EG,CHL,my,6.717,5.848,3.57,7.978,1
2024-12-30,Port_Said_EG,CHL,my,11.05,10.86,5.357,13.01,1
2024-12-31,Port_Said_EG,CHL,my,8.077,6.946,4.292,9.258,0.9296
2024-01-01,Rafah_Gaza,CHL,my,,0.1421,0.1238,0.1638,0.715
2024-01-03,Rafah_Gaza,CHL,my,0.1764,0.1759,0.1384,0.2449,0.585
2024-01-04,Rafah_Gaza,CHL,my,0.277,0.277,0.2332,0.3616,0.515
2024-01-05,Rafah_Gaza,CHL,my,0.2508,0.262,0.1773,0.3079,0.915
2024-01-06,Rafah_Gaza,CHL,my,0.3235,0.3097,0.2003,0.3722,0.915
2024-01-07,Rafah_Gaza,CHL,my,0.2449,0.4278,0.2573,0.7373,1
2024-01-08,Rafah_Gaza,CHL,my,0.4536,0.3259,0.2294,0.4536,0.875
2024-01-10,Rafah_Gaza,CHL,my,1.268,1.268,0.714,1.368,0.95
2024-01-13,Rafah_Gaza,CHL,my,1.12,1.154,0.6168,1.768,1
2024-01-15,Rafah_Gaza,CHL,my,0.4889,0.5161,0.3757,0.919,0.705
2024-01-16,Rafah_Gaza,CHL,my,0.8443,0.6985,0.4258,0.9656,0.95
2024-01-18,Rafah_Gaza,CHL,my,0.9983,0.9949,0.4194,1.12,0.95
2024-01-19,Rafah_Gaza,CHL,my,0.6704,0.7483,0.4256,1.202,0.915
2024-01-20,Rafah_Gaza,CHL,my,1.392,1.001,0.5466,1.582,0.91
2024-01-21,Rafah_Gaza,CHL,my,0.3913,0.2717,0.2341,0.4918,0.875
2024-01-22,Rafah_Gaza,CHL,my,0.4414,0.504,0.3737,0.8403,0.95
2024-01-24,Rafah_Gaza,CHL,my,1.39,,,,0.325
2024-01-25,Rafah_Gaza,CHL,my,1.123,0.951,0.506,1.426,0.915
2024-01-26,Rafah_Gaza,CHL,my,1.244,1.206,0.5978,1.326,0.875
2024-01-28,Rafah_Gaza,CHL,my,1.402,,,,0.16
2024-01-30,Rafah_Gaza,CHL,my,1.888,1.888,0.9955,2.115,1
2024-01-31,Rafah_Gaza,CHL,my,2.083,2.02,1.035,2.246,0.95
2024-02-01,Rafah_Gaza,CHL,my,1.339,1.191,0.7441,1.659,0.99
2024-02-03,Rafah_Gaza,CHL,my,1.003,1.003,0.6363,1.693,1
2024-02-05,Rafah_Gaza,CHL,my,1.319,1.479,0.8861,2.4,1
2024-02-06,Rafah_Gaza,CHL,my,1.088,1.066,0.533,1.752,0.835
2024-02-07,Rafah_Gaza,CHL,my,0.595,0.4602,0.2938,1.097,0.95
2024-02-08,Rafah_Gaza,CHL,my,0.5272,0.5272,0.3284,1.71,1
2024-02-09,Rafah_Gaza,CHL,my,0.5164,0.437,0.2517,0.6398,0.82
2024-02-10,Rafah_Gaza,CHL,my,1.288,1.288,0.7935,4.064,0.99
2024-02-11,Rafah_Gaza,CHL,my,0.9147,0.4121,0.4074,2.561,0.915
2024-02-14,Rafah_Gaza,CHL,my,1.506,1.042,0.4641,2.16,0.915
2024-02-15,Rafah_Gaza,CHL,my,1.61,0.5291,0.8036,9.49,0.915
2024-02-16,Rafah_Gaza,CHL,my,1.32,1.022,0.6059,2.335,0.95
2024-02-17,Rafah_Gaza,CHL,my,1.427,1.27,0.8055,3.873,0.95
2024-02-20,Rafah_Gaza,CHL,my,1.369,1.274,0.7425,1.543,0.95
2024-02-21,Rafah_Gaza,CHL,my,1.18,0.984,0.4341,1.279,0.915
2024-02-22,Rafah_Gaza,CHL,my,1.508,0.6977,0.445,1.646,0.915
2024-02-24,Rafah_Gaza,CHL,my,1.484,0.7976,0.4947,1.735,0.75
2024-02-25,Rafah_Gaza,CHL,my,0.9977,0.6994,0.3526,1.082,0.95
2024-02-26,Rafah_Gaza,CHL,my,0.8028,0.6233,0.3689,1.298,0.95
2024-02-28,Rafah_Gaza,CHL,my,0.9869,1.038,0.603,2.645,0.95
2024-02-29,Rafah_Gaza,CHL,my,1.398,1.064,0.68,3.162,0.95
2024-03-01,Rafah_Gaza,CHL,my,,0.7051,0.5142,1.353,0.575
2024-03-02,Rafah_Gaza,CHL,my,1.281,1.083,0.7035,1.281,0.71
2024-03-04,Rafah_Gaza,CHL,my,1.192,1.192,0.7236,1.347,1
2024-03-05,Rafah_Gaza,CHL,my,0.8678,0.7887,0.4881,0.9876,0.95
2024-03-07,Rafah_Gaza,CHL,my,,0.648,0.3665,0.8898,0.57
2024-03-08,Rafah_Gaza,CHL,my,1.33,1.276,0.7616,1.394,0.795
2024-03-10,Rafah_Gaza,CHL,my,1.034,0.9704,0.599,1.286,0.915
2024-03-11,Rafah_Gaza,CHL,my,1.075,0.9399,0.5657,1.269,0.95
2024-03-12,Rafah_Gaza,CHL,my,1.193,1.072,0.5938,1.38,0.95
2024-03-13,Rafah_Gaza,CHL,my,1.109,1.159,0.6638,1.348,0.77
2024-03-15,Rafah_Gaza,CHL,my,0.7674,0.7674,0.4278,1.205,1
2024-03-20,Rafah_Gaza,CHL,my,2.16,2.117,1.309,2.442,1
2024-03-21,Rafah_Gaza,CHL,my,1.525,1.467,0.8375,1.743,0.95
2024-03-23,Rafah_Gaza,CHL,my,1.904,1.718,1.119,2.127,0.9
2024-03-25,Rafah_Gaza,CHL,my,,1.285,0.866,1.497,0.625
2024-04-01,Rafah_Gaza,CHL,my,1.188,1.01,0.6285,1.715,0.95
2024-04-03,Rafah_Gaza,CHL,my,0.8966,0.7927,0.6426,1.837,0.95
2024-04-04,Rafah_Gaza,CHL,my,1.328,1.08,0.7226,1.358,0.875
2024-04-05,Rafah_Gaza,CHL,my,1.174,1.064,0.5453,1.174,0.71
2024-04-06,Rafah_Gaza,CHL,my,0.8581,0.645,0.3598,1.071,0.915
2024-04-07,Rafah_Gaza,CHL,my,0.9877,,,,0.405
2024-04-08,Rafah_Gaza,CHL,my,0.6587,0.5391,0.202,0.6991,0.725
2024-04-09,Rafah_Gaza,CHL,my,1.054,1.047,0.5905,1.242,0.875
2024-04-10,Rafah_Gaza,CHL,my,1.438,1.13,0.6312,1.548,0.915
2024-04-11,Rafah_Gaza,CHL,my,1.177,1.128,0.6224,1.594,0.95
2024-04-12,Rafah_Gaza,CHL,my,1.326,1.015,0.5766,1.326,0.875
2024-04-13,Rafah_Gaza,CHL,my,1.154,1.283,0.8742,2.918,1
2024-04-14,Rafah_Gaza,CHL,my,1.247,1.103,0.5358,1.247,0.825
2024-04-15,Rafah_Gaza,CHL,my,1.324,1.324,0.5987,2.03,0.95
2024-04-16,Rafah_Gaza,CHL,my,1.475,1.426,0.6743,1.475,0.915
2024-04-17,Rafah_Gaza,CHL,my,1.449,1.4,0.9396,2.792,0.915
2024-04-19,Rafah_Gaza,CHL,my,0.861,0.8458,0.4512,1.002,0.84
2024-04-20,Rafah_Gaza,CHL,my,1.295,0.927,0.4526,1.295,0.545
2024-04-21,Rafah_Gaza,CHL,my,0.8936,0.7657,0.408,1.004,0.95
2024-04-30,Rafah_Gaza,CHL,my,,0.2929,0.2597,0.9386,0.565
2024-05-02,Rafah_Gaza,CHL,my,1.438,1.334,0.8427,1.593,0.92
2024-05-04,Rafah_Gaza,CHL,my,1.268,1.327,0.775,1.468,0.95
2024-05-06,Rafah_Gaza,CHL,my,1.449,1.349,0.7805,1.499,0.875
2024-05-07,Rafah_Gaza,CHL,my,1.438,1.438,0.7719,1.579,0.915
2024-05-08,Rafah_Gaza,CHL,my,1.443,1.486,0.9009,1.595,1
2024-05-09,Rafah_Gaza,CHL,my,1.689,1.399,0.9029,1.689,0.825
2024-05-12,Rafah_Gaza,CHL,my,1.173,1.173,0.6607,1.648,0.91
2024-05-13,Rafah_Gaza,CHL,my,1.244,1.157,0.5312,1.253,0.915
2024-05-14,Rafah_Gaza,CHL,my,1.488,1.485,0.8471,1.584,0.915
2024-05-15,Rafah_Gaza,CHL,my,,0.9618,0.5314,1.17,0.795
2024-05-16,Rafah_Gaza,CHL,my,1.428,1.579,1.03,1.941,1
2024-05-17,Rafah_Gaza,CHL,my,,0.6607,0.3837,0.8565,0.65
2024-05-21,Rafah_Gaza,CHL,my,0.9441,0.9441,0.5009,1.118,0.915
2024-05-22,Rafah_Gaza,CHL,my,0.8893,0.8568,0.5459,0.9568,0.74
2024-05-24,Rafah_Gaza,CHL,my,0.9969,0.8925,0.4618,1.58,1
2024-05-26,Rafah_Gaza,CHL,my,1.085,1.044,0.5865,1.172,0.875
2024-05-29,Rafah_Gaza,CHL,my,1.165,1.165,0.6524,1.448,1
2024-05-30,Rafah_Gaza,CHL,my,1.128,1.044,0.5833,1.239,0.79
2024-05-31,Rafah_Gaza,CHL,my,,1.058,0.6397,1.362,0.835
2024-06-01,Rafah_Gaza,CHL,my,1.025,0.9003,0.5242,1.176,0.915
2024-06-02,Rafah_Gaza,CHL,my,1.021,0.9456,0.695,1.438,0.95
2024-06-04,Rafah_Gaza,CHL,my,0.6533,,,,0.26
2024-06-05,Rafah_Gaza,CHL,my,0.6674,0.4482,0.3056,0.6883,0.875
2024-06-06,Rafah_Gaza,CHL,my,0.601,0.601,0.3304,0.8511,1
2024-06-07,Rafah_Gaza,CHL,my,0.6183,0.4381,0.3108,0.99,0.95
2024-06-08,Rafah_Gaza,CHL,my,0.6847,0.5488,0.3289,0.9905,0.915
2024-06-09,Rafah_Gaza,CHL,my,1.086,0.8146,0.4439,1.205,0.915
2024-06-10,Rafah_Gaza,CHL,my,1.102,1.102,0.5342,1.459,0.935
2024-06-11,Rafah_Gaza,CHL,my,1.01,0.5541,0.3903,1.071,0.865
2024-06-12,Rafah_Gaza,CHL,my,1.068,1.068,0.6198,1.876,1
2024-06-13,Rafah_Gaza,CHL,my,0.8787,0.6392,0.3252,1.027,0.915
2024-06-14,Rafah_Gaza,CHL,my,0.5503,0.5503,0.303,1.087,1
2024-06-16,Rafah_Gaza,CHL,my,0.6137,0.6223,0.31,0.7702,0.95
2024-06-17,Rafah_Gaza,CHL,my,1.614,1.185,0.4547,1.614,0.95
2024-06-18,Rafah_Gaza,CHL,my,1.305,1.112,0.5668,1.33,0.915
2024-06-19,Rafah_Gaza,CHL,my,1.407,1.141,0.5838,1.49,0.915
2024-06-20,Rafah_Gaza,CHL,my,1.18,1.043,0.5172,1.236,0.95
2024-06-21,Rafah_Gaza,CHL,my,0.9872,0.8728,0.4282,1.018,0.95
2024-06-22,Rafah_Gaza,CHL,my,1.073,0.7123,0.3039,1.082,0.95
2024-06-23,Rafah_Gaza,CHL,my,0.8325,0.8506,0.4438,1.003,0.87
2024-06-24,Rafah_Gaza,CHL,my,1.269,0.9218,0.5876,1.269,0.875
2024-06-25,Rafah_Gaza,CHL,my,1.042,1.015,0.5718,1.239,0.95
2024-06-26,Rafah_Gaza,CHL,my,0.8438,0.8757,0.5833,1.186,0.965
2024-06-27,Rafah_Gaza,CHL,my,0.9614,0.9464,0.4993,1.021,0.875
2024-06-28,Rafah_Gaza,CHL,my,0.9477,0.8487,0.402,1.019,0.875
2024-06-29,Rafah_Gaza,CHL,my,0.8362,0.844,0.354,1.119,0.875
2024-06-30,Rafah_Gaza,CHL,my,1.087,0.9924,0.4223,1.13,0.915
2024-07-01,Rafah_Gaza,CHL,my,1.381,1.238,0.5152,1.381,1
2024-07-02,Rafah_Gaza,CHL,my,1.111,,,,0.39
2024-07-03,Rafah_Gaza,CHL,my,1.148,1.03,0.6216,1.394,0.95
2024-07-05,Rafah_Gaza,CHL,my,,0.5264,0.3852,0.9578,0.565
2024-07-06,Rafah_Gaza,CHL,my,0.7971,0.9527,0.6533,1.422,0.96
2024-07-07,Rafah_Gaza,CHL,my,0.8798,0.7847,0.3825,0.9784,0.95
2024-07-08,Rafah_Gaza,CHL,my,1.354,0.8129,0.5424,1.354,0.875
2024-07-09,Rafah_Gaza,CHL,my,1.163,1.056,0.5168,1.167,1
2024-07-10,Rafah_Gaza,CHL,my,1.053,0.9912,0.6181,1.075,0.82
2024-07-11,Rafah_Gaza,CHL,my,1.255,1.303,0.7527,1.527,0.95
2024-07-13,Rafah_Gaza,CHL,my,0.7607,0.8457,0.4795,1.174,0.95
2024-07-15,Rafah_Gaza,CHL,my,1.102,,,,0.08
2024-07-16,Rafah_Gaza,CHL,my,1.045,0.8423,0.5208,1.162,0.915
2024-07-17,Rafah_Gaza,CHL,my,0.8247,0.8538,0.5194,1.24,1
2024-07-18,Rafah_Gaza,CHL,my,0.9119,0.8643,0.452,1.172,0.95
2024-07-19,Rafah_Gaza,CHL,my,1.292,1.235,0.6157,1.374,0.965
2024-07-20,Rafah_Gaza,CHL,my,1.848,1.555,0.7079,1.875,0.915
2024-07-21,Rafah_Gaza,CHL,my,1.337,1.076,0.509,2.067,0.95
2024-07-23,Rafah_Gaza,CHL,my,3.378,2.114,1.117,3.964,0.915
2024-07-24,Rafah_Gaza,CHL,my,1.408,,,,0.41
2024-07-25,Rafah_Gaza,CHL,my,1.598,1.256,0.6872,2.211,0.95
2024-07-26,Rafah_Gaza,CHL,my,,1.192,0.496,1.83,0.83
2024-07-27,Rafah_Gaza,CHL,my,1.412,1.086,0.5803,1.465,0.875
2024-07-28,Rafah_Gaza,CHL,my,1.509,1.505,0.7731,1.698,0.95
2024-07-29,Rafah_Gaza,CHL,my,1.54,1.325,0.8158,1.647,0.575
2024-07-30,Rafah_Gaza,CHL,my,1.581,1.4,0.7672,1.66,0.95
2024-07-31,Rafah_Gaza,CHL,my,1.321,1.136,0.7564,1.5,0.915
2024-08-01,Rafah_Gaza,CHL,my,1.397,1.395,0.8434,1.502,1
2024-08-02,Rafah_Gaza,CHL,my,1.573,1.512,0.9477,2.084,0.95
2024-08-03,Rafah_Gaza,CHL,my,1.489,1.489,0.9374,2.422,1
2024-08-04,Rafah_Gaza,CHL,my,1.873,1.791,1.262,1.899,0.875
2024-08-05,Rafah_Gaza,CHL,my,1.795,1.624,1.107,2.313,0.95
2024-08-06,Rafah_Gaza,CHL,my,2.001,1.756,0.9481,2.395,0.915
2024-08-07,Rafah_Gaza,CHL,my,1.675,1.543,0.6583,1.75,0.915
2024-08-08,Rafah_Gaza,CHL,my,1.563,1.373,0.6814,1.563,0.63
2024-08-09,Rafah_Gaza,CHL,my,1.651,1.753,1.076,2.495,1
2024-08-10,Rafah_Gaza,CHL,my,1.704,1.704,1.351,2.767,1
2024-08-11,Rafah_Gaza,CHL,my,,1.312,0.7259,1.454,0.595
2024-08-12,Rafah_Gaza,CHL,my,1.457,1.424,0.6851,1.48,0.915
2024-08-13,Rafah_Gaza,CHL,my,1.465,1.461,0.8843,1.6,0.95
2024-08-14,Rafah_Gaza,CHL,my,1.761,1.621,1.183,1.783,0.95
2024-08-15,Rafah_Gaza,CHL,my,1.39,1.39,0.9063,2.094,0.9
2024-08-16,Rafah_Gaza,CHL,my,1.546,1.508,0.995,1.662,0.915
2024-08-17,Rafah_Gaza,CHL,my,1.335,1.323,0.7047,1.536,0.95
2024-08-18,Rafah_Gaza,CHL,my,1.491,1.494,0.9983,1.804,1
2024-08-20,Rafah_Gaza,CHL,my,1.589,1.57,0.8543,2.226,1
2024-08-21,Rafah_Gaza,CHL,my,1.674,1.627,0.7391,1.914,0.95
2024-08-22,Rafah_Gaza,CHL,my,1.406,1.406,0.805,1.93,0.95
2024-08-23,Rafah_Gaza,CHL,my,1.627,1.541,0.8496,1.774,0.915
2024-08-24,Rafah_Gaza,CHL,my,1.703,1.609,1.016,2.189,0.95
2024-08-25,Rafah_Gaza,CHL,my,1.445,1.345,0.7375,1.566,0.875
2024-08-26,Rafah_Gaza,CHL,my,2.417,2.173,1.482,2.827,0.965
2024-08-27,Rafah_Gaza,CHL,my,1.589,1.446,0.7549,1.77,0.915
2024-08-28,Rafah_Gaza,CHL,my,1.58,1.543,0.9,2.156,0.915
2024-08-29,Rafah_Gaza,CHL,my,1.577,,,,0.345
2024-08-30,Rafah_Gaza,CHL,my,1.767,1.767,0.7878,2.092,0.7
2024-08-31,Rafah_Gaza,CHL,my,1.711,,,,0.185
2024-09-02,Rafah_Gaza,CHL,my,1.894,1.874,1.01,2.438,0.95
2024-09-03,Rafah_Gaza,CHL,my,1.479,1.497,0.8912,2.482,1
2024-09-04,Rafah_Gaza,CHL,my,1.542,1.227,0.5448,1.542,0.79
2024-09-05,Rafah_Gaza,CHL,my,1.509,1.329,0.6539,2.875,1
2024-09-06,Rafah_Gaza,CHL,my,1.475,1.607,1.102,1.71,0.745
2024-09-07,Rafah_Gaza,CHL,my,1.47,1.551,0.8549,1.828,0.95
2024-09-08,Rafah_Gaza,CHL,my,1.545,1.529,0.8499,1.697,0.915
2024-09-09,Rafah_Gaza,CHL,my,1.666,1.619,0.9168,2.13,0.915
2024-09-10,Rafah_Gaza,CHL,my,1.799,1.675,0.839,2.082,0.915
2024-09-11,Rafah_Gaza,CHL,my,3.269,2.013,0.938,3.269,0.95
2024-09-12,Rafah_Gaza,CHL,my,1.365,1.245,0.4961,1.747,0.95
2024-09-14,Rafah_Gaza,CHL,my,1.071,1.071,0.4533,1.373,1
2024-09-15,Rafah_Gaza,CHL,my,,1.287,0.6124,1.492,0.795
2024-09-17,Rafah_Gaza,CHL,my,2.297,2.161,1.169,2.297,0.95
2024-09-18,Rafah_Gaza,CHL,my,,0.6012,0.3914,1.558,0.79
2024-09-19,Rafah_Gaza,CHL,my,2.211,2.011,0.9372,2.456,0.915
2024-09-22,Rafah_Gaza,CHL,my,,1.502,0.7012,1.586,0.71
2024-09-23,Rafah_Gaza,CHL,my,1.526,1.508,0.8987,1.567,0.715
2024-09-24,Rafah_Gaza,CHL,my,1.906,1.795,1.051,2.137,0.95
2024-09-26,Rafah_Gaza,CHL,my,1.503,1.435,0.9808,1.75,0.915
2024-09-27,Rafah_Gaza,CHL,my,1.33,1.077,0.4781,1.485,0.875
2024-09-28,Rafah_Gaza,CHL,my,1.442,1.281,0.7662,1.818,1
2024-09-29,Rafah_Gaza,CHL,my,1.279,1.224,0.5588,1.373,0.765
2024-09-30,Rafah_Gaza,CHL,my,1.295,1.233,0.3463,1.295,0.5
2024-10-02,Rafah_Gaza,CHL,my,2.172,,,,0.31
2024-10-03,Rafah_Gaza,CHL,my,2.516,2.516,1.459,3.398,1
2024-10-04,Rafah_Gaza,CHL,my,1.589,1.478,1.004,2.596,0.95
2024-10-05,Rafah_Gaza,CHL,my,1.407,,,,0.35
2024-10-07,Rafah_Gaza,CHL,my,1.169,1.327,0.9812,1.495,0.56
2024-10-08,Rafah_Gaza,CHL,my,,0.8655,0.3767,0.9772,0.635
2024-10-09,Rafah_Gaza,CHL,my,1.152,1.037,0.4948,1.513,0.95
2024-10-10,Rafah_Gaza,CHL,my,0.7146,0.7146,0.4103,1.203,1
2024-10-11,Rafah_Gaza,CHL,my,0.9743,0.9421,0.4558,1.138,0.95
2024-10-12,Rafah_Gaza,CHL,my,1.253,0.9383,0.5407,1.353,0.795
2024-10-13,Rafah_Gaza,CHL,my,0.9266,0.8363,0.488,1.132,0.95
2024-10-14,Rafah_Gaza,CHL,my,1.367,1.239,0.7306,2.012,0.95
2024-10-17,Rafah_Gaza,CHL,my,1.045,0.9059,0.5956,1.051,0.865
2024-10-18,Rafah_Gaza,CHL,my,1.081,,,,0.105
2024-10-19,Rafah_Gaza,CHL,my,2.275,2.105,1.132,2.459,0.95
2024-10-20,Rafah_Gaza,CHL,my,1.243,1.229,0.7081,1.327,0.95
2024-10-21,Rafah_Gaza,CHL,my,1.125,1.088,0.6593,1.362,0.95
2024-10-22,Rafah_Gaza,CHL,my,1.231,1.082,0.6744,1.231,0.54
2024-10-23,Rafah_Gaza,CHL,my,1.385,1.337,0.698,1.79,0.95
2024-10-24,Rafah_Gaza,CHL,my,1.968,1.968,1.055,2.234,1
2024-10-27,Rafah_Gaza,CHL,my,0.9808,0.6907,0.3514,0.9808,0.915
2024-10-28,Rafah_Gaza,CHL,my,0.7572,0.666,0.2968,0.7572,0.95
2024-10-29,Rafah_Gaza,CHL,my,0.8251,0.7052,0.2834,0.8307,0.95
2024-10-30,Rafah_Gaza,CHL,my,0.7183,0.6723,0.2783,0.835,1
2024-10-31,Rafah_Gaza,CHL,my,0.3727,0.2536,0.1876,0.746,0.95
2024-11-01,Rafah_Gaza,CHL,my,0.7627,0.7316,0.4825,0.8216,0.71
2024-11-02,Rafah_Gaza,CHL,my,0.9146,0.5387,0.3631,0.9146,0.875
2024-11-05,Rafah_Gaza,CHL,my,0.445,0.4643,0.3052,0.7925,1
2024-11-06,Rafah_Gaza,CHL,my,0.743,0.5922,0.3844,0.743,0.615
2024-11-07,Rafah_Gaza,CHL,my,0.8236,0.5026,0.3694,0.8598,0.915
2024-11-08,Rafah_Gaza,CHL,my,,0.7046,0.3749,0.7927,0.605
2024-11-11,Rafah_Gaza,CHL,my,0.7807,0.7251,0.4714,0.7845,1
2024-11-12,Rafah_Gaza,CHL,my,0.3402,0.3074,0.2774,0.5728,0.915
2024-11-13,Rafah_Gaza,CHL,my,0.412,0.4475,0.3721,0.4871,0.95
2024-11-15,Rafah_Gaza,CHL,my,0.2986,0.3114,0.2528,0.3959,0.915
2024-11-16,Rafah_Gaza,CHL,my,0.4121,0.442,0.3202,0.6129,0.68
2024-11-17,Rafah_Gaza,CHL,my,0.4583,0.5633,0.3926,0.6792,1
2024-11-18,Rafah_Gaza,CHL,my,0.6063,0.6728,0.3601,0.7581,0.745
2024-11-19,Rafah_Gaza,CHL,my,0.7623,0.9882,0.5081,1.348,0.56
2024-11-20,Rafah_Gaza,CHL,my,0.9072,0.7981,0.4472,1.098,0.95
2024-11-21,Rafah_Gaza,CHL,my,0.3503,0.2525,0.2167,0.653,0.95
2024-11-22,Rafah_Gaza,CHL,my,0.3538,0.3879,0.2149,0.6422,1
2024-11-23,Rafah_Gaza,CHL,my,0.7552,0.7644,0.437,0.811,0.835
2024-11-27,Rafah_Gaza,CHL,my,1.403,1.404,0.8814,1.444,0.95
2024-11-30,Rafah_Gaza,CHL,my,0.8619,0.8699,0.4806,1.069,0.95
2024-12-01,Rafah_Gaza,CHL,my,0.6448,0.463,0.3108,0.8091,0.95
2024-12-02,Rafah_Gaza,CHL,my,0.6,0.6486,0.3635,0.8913,1
2024-12-03,Rafah_Gaza,CHL,my,0.8943,0.9444,0.5721,0.9596,0.95
2024-12-04,Rafah_Gaza,CHL,my,1.058,0.931,0.4412,1.112,0.95
2024-12-05,Rafah_Gaza,CHL,my,1.021,0.3898,0.3003,1.021,0.83
2024-12-06,Rafah_Gaza,CHL,my,0.4542,0.2533,0.2014,0.5486,0.95
2024-12-08,Rafah_Gaza,CHL,my,0.2953,0.2953,0.2206,0.471,0.95
2024-12-09,Rafah_Gaza,CHL,my,0.3591,0.3719,0.2697,0.4866,0.915
2024-12-14,Rafah_Gaza,CHL,my,0.6205,0.6047,0.2947,0.6326,0.725
2024-12-15,Rafah_Gaza,CHL,my,0.6206,0.6411,0.374,0.8591,0.95
2024-12-16,Rafah_Gaza,CHL,my,0.6442,0.4781,0.373,0.6899,0.95
2024-12-17,Rafah_Gaza,CHL,my,0.5561,0.663,0.4534,0.8966,0.675
2024-12-18,Rafah_Gaza,CHL,my,0.3807,0.3807,0.22,0.4242,0.95
2024-12-19,Rafah_Gaza,CHL,my,0.66,0.6436,0.4676,0.7271,1
2024-12-21,Rafah_Gaza,CHL,my,0.9986,0.9654,0.572,0.9986,0.95
2024-12-22,Rafah_Gaza,CHL,my,0.9333,0.8246,0.4733,0.9943,0.915
2024-12-23,Rafah_Gaza,CHL,my,0.6341,0.641,0.3559,0.9106,1
2024-12-24,Rafah_Gaza,CHL,my,0.5873,0.3655,0.2575,0.6624,0.915
2024-12-25,Rafah_Gaza,CHL,my,0.4878,0.4457,0.2567,0.7884,1
2024-12-27,Rafah_Gaza,CHL,my,,0.2817,0.225,0.3682,0.56
2024-12-28,Rafah_Gaza,CHL,my,1.622,1.318,1.016,1.627,0.915
2024-12-29,Rafah_Gaza,CHL,my,0.441,0.441,0.3028,0.918,1
2024-12-30,Rafah_Gaza,CHL,my,0.2931,,,,0.3
2024-01-01,Rosetta_mouth,CHL,my,2.235,2.112,1.492,2.33,0.7514
2024-01-02,Rosetta_mouth,CHL,my,2.036,1.628,1.186,2.26,1
2024-01-03,Rosetta_mouth,CHL,my,1.779,1.874,1.16,2.175,1
2024-01-04,Rosetta_mouth,CHL,my,2.232,2.024,1.388,2.836,1
2024-01-05,Rosetta_mouth,CHL,my,2.327,2.29,1.87,2.481,0.7514
2024-01-06,Rosetta_mouth,CHL,my,2.258,1.958,1.475,2.355,1
2024-01-07,Rosetta_mouth,CHL,my,2.233,2.053,1.508,2.345,1
2024-01-11,Rosetta_mouth,CHL,my,,1.817,1.563,2.921,0.5028
2024-01-13,Rosetta_mouth,CHL,my,4.543,4.543,2.797,4.764,0.5635
2024-01-14,Rosetta_mouth,CHL,my,,1.356,1.413,4.594,0.6298
2024-01-15,Rosetta_mouth,CHL,my,1.979,,,,0.4365
2024-01-16,Rosetta_mouth,CHL,my,6.654,6.375,3.011,7.033,1
2024-01-17,Rosetta_mouth,CHL,my,4.589,4.589,2.583,4.806,1
2024-01-18,Rosetta_mouth,CHL,my,2.125,1.574,1.322,2.306,0.7569
2024-01-20,Rosetta_mouth,CHL,my,2.582,1.713,1.345,2.612,1
2024-01-21,Rosetta_mouth,CHL,my,2.191,2.025,1.224,2.327,1
2024-02-01,Rosetta_mouth,CHL,my,,1.855,1.387,3.267,0.9392
2024-02-02,Rosetta_mouth,CHL,my,2.74,2.57,1.529,2.824,0.8066
2024-02-04,Rosetta_mouth,CHL,my,2.021,1.842,1.114,2.114,0.9392
2024-02-06,Rosetta_mouth,CHL,my,2.091,1.706,1.154,2.091,0.6188
2024-02-07,Rosetta_mouth,CHL,my,1.79,,,,0.3149
2024-02-08,Rosetta_mouth,CHL,my,1.721,1.57,1.065,2.039,1
2024-02-09,Rosetta_mouth,CHL,my,2.213,1.599,1.176,2.358,1
2024-02-10,Rosetta_mouth,CHL,my,2.069,1.617,1.09,2.378,1
2024-02-11,Rosetta_mouth,CHL,my,3.439,3.181,2.216,3.473,1
2024-02-17,Rosetta_mouth,CHL,my,1.986,1.87,1.26,1.986,0.9945
2024-02-20,Rosetta_mouth,CHL,my,1.27,1.244,0.6279,1.34,0.7514
2024-02-21,Rosetta_mouth,CHL,my,1.609,1.41,0.8033,1.774,1
2024-02-22,Rosetta_mouth,CHL,my,2.422,1.373,0.9633,3.703,1
2024-02-24,Rosetta_mouth,CHL,my,1.54,1.644,1.044,1.691,1
2024-02-25,Rosetta_mouth,CHL,my,1.428,1.425,0.7824,1.451,1
2024-02-26,Rosetta_mouth,CHL,my,1.627,1.591,1.2,1.746,1
2024-02-27,Rosetta_mouth,CHL,my,2.181,2.103,1.469,2.247,1
2024-02-28,Rosetta_mouth,CHL,my,2.177,2.133,1.611,3.201,1
2024-02-29,Rosetta_mouth,CHL,my,2.575,3.072,2.147,3.743,1
2024-03-01,Rosetta_mouth,CHL,my,2.265,2.028,1.531,2.578,1
2024-03-02,Rosetta_mouth,CHL,my,,2.008,1.409,2.282,0.6851
2024-03-03,Rosetta_mouth,CHL,my,3.077,3.003,1.798,3.543,0.9337
2024-03-04,Rosetta_mouth,CHL,my,2.152,2.152,1.497,2.456,1
2024-03-07,Rosetta_mouth,CHL,my,1.826,1.581,1.005,1.913,1
2024-03-08,Rosetta_mouth,CHL,my,3.256,3.194,1.911,3.338,1
2024-03-09,Rosetta_mouth,CHL,my,2.86,2.431,1.705,3.477,1
2024-03-10,Rosetta_mouth,CHL,my,,1.176,0.8074,1.402,0.558
2024-03-11,Rosetta_mouth,CHL,my,2.966,3.111,1.847,3.857,1
2024-03-12,Rosetta_mouth,CHL,my,2.75,2.302,1.533,4.425,1
2024-03-13,Rosetta_mouth,CHL,my,3.177,2.381,1.549,3.177,1
2024-03-14,Rosetta_mouth,CHL,my,1.846,1.753,0.9853,1.948,1
2024-03-15,Rosetta_mouth,CHL,my,2.607,2.101,1.263,2.86,1
2024-03-18,Rosetta_mouth,CHL,my,2.102,1.965,1.276,2.102,0.8729
2024-03-19,Rosetta_mouth,CHL,my,3.674,3.674,2.173,4.297,0.7514
2024-03-20,Rosetta_mouth,CHL,my,5.28,5.309,3.125,5.839,1
2024-03-22,Rosetta_mouth,CHL,my,4.481,,,,0.442
2024-03-24,Rosetta_mouth,CHL,my,3.423,2.974,1.668,3.597,1
2024-03-25,Rosetta_mouth,CHL,my,3.483,3.448,1.985,4.785,1
2024-03-26,Rosetta_mouth,CHL,my,,3.567,2.022,4.162,0.8729
2024-03-27,Rosetta_mouth,CHL,my,3.125,2.914,1.928,3.159,1
2024-03-30,Rosetta_mouth,CHL,my,,1.812,1.215,2.192,0.8729
2024-03-31,Rosetta_mouth,CHL,my,2.258,1.759,1.29,2.385,1
2024-04-01,Rosetta_mouth,CHL,my,2.457,2.401,1.259,2.747,1
2024-04-02,Rosetta_mouth,CHL,my,2.318,1.974,1.381,2.496,1
2024-04-03,Rosetta_mouth,CHL,my,1.65,1.377,0.7145,1.758,1
2024-04-04,Rosetta_mouth,CHL,my,1.528,1.376,0.9267,1.539,0.7459
2024-04-05,Rosetta_mouth,CHL,my,1.526,1.308,0.7533,1.526,0.9337
2024-04-06,Rosetta_mouth,CHL,my,1.444,,,,0.442
2024-04-09,Rosetta_mouth,CHL,my,1.702,1.662,1.084,1.835,0.8729
2024-04-10,Rosetta_mouth,CHL,my,1.975,,,,0.1271
2024-04-11,Rosetta_mouth,CHL,my,2.032,1.824,1.152,2.383,1
2024-04-12,Rosetta_mouth,CHL,my,2.461,2.367,1.112,2.836,0.8122
2024-04-14,Rosetta_mouth,CHL,my,1.955,1.854,0.9205,2.042,1
2024-04-15,Rosetta_mouth,CHL,my,2.18,1.937,1.261,3.715,1
2024-04-16,Rosetta_mouth,CHL,my,2.082,1.695,1.09,2.281,1
2024-04-19,Rosetta_mouth,CHL,my,1.81,1.688,0.8275,1.871,1
2024-04-21,Rosetta_mouth,CHL,my,2.253,2.195,1.36,2.593,1
2024-04-22,Rosetta_mouth,CHL,my,2.679,2.341,1.374,2.73,1
2024-04-28,Rosetta_mouth,CHL,my,1.996,1.893,1.028,2.071,1
2024-04-29,Rosetta_mouth,CHL,my,,1.483,0.986,1.774,0.8122
2024-05-03,Rosetta_mouth,CHL,my,,1.591,1.055,1.938,0.7459
2024-05-04,Rosetta_mouth,CHL,my,2.282,1.983,1.237,2.705,1
2024-05-07,Rosetta_mouth,CHL,my,2.212,2.058,1.552,2.309,1
2024-05-08,Rosetta_mouth,CHL,my,2.058,1.938,1.418,2.317,1
2024-05-09,Rosetta_mouth,CHL,my,2.228,1.817,1.333,2.506,1
2024-05-11,Rosetta_mouth,CHL,my,,1.636,1.068,1.943,0.7514
2024-05-12,Rosetta_mouth,CHL,my,2.177,2.058,1.362,2.215,0.9392
2024-05-14,Rosetta_mouth,CHL,my,3.921,3.528,2.021,4.091,1
2024-05-15,Rosetta_mouth,CHL,my,2.121,1.939,1.461,2.121,1
2024-05-16,Rosetta_mouth,CHL,my,2.083,1.729,1.28,2.267,1
2024-05-17,Rosetta_mouth,CHL,my,1.991,1.517,1.04,1.991,0.9337
2024-05-19,Rosetta_mouth,CHL,my,,1.05,0.7053,1.22,0.6906
2024-05-24,Rosetta_mouth,CHL,my,1.326,0.8606,0.4685,1.708,1
2024-05-25,Rosetta_mouth,CHL,my,1.493,1.419,0.8361,1.549,1
2024-05-26,Rosetta_mouth,CHL,my,,0.6215,0.4747,0.8338,0.5028
2024-05-27,Rosetta_mouth,CHL,my,1.638,1.469,1.064,1.667,1
2024-05-29,Rosetta_mouth,CHL,my,1.585,1.543,1.14,1.763,0.8729
2024-05-31,Rosetta_mouth,CHL,my,2.458,1.864,1.279,2.461,1
2024-06-01,Rosetta_mouth,CHL,my,2.238,1.959,1.1,2.443,1
2024-06-02,Rosetta_mouth,CHL,my,1.965,1.56,1.061,2.241,1
2024-06-03,Rosetta_mouth,CHL,my,1.737,1.484,0.9137,1.738,1
2024-06-04,Rosetta_mouth,CHL,my,1.699,1.126,0.7343,1.713,1
2024-06-05,Rosetta_mouth,CHL,my,1.521,0.9197,0.6258,1.548,1
2024-06-06,Rosetta_mouth,CHL,my,1.414,1.076,0.543,1.739,1
2024-06-07,Rosetta_mouth,CHL,my,1.764,0.9479,0.5733,1.984,1
2024-06-09,Rosetta_mouth,CHL,my,1.966,1.796,0.9503,2.217,1
2024-06-10,Rosetta_mouth,CHL,my,2.38,1.721,1.009,2.38,0.9337
2024-06-11,Rosetta_mouth,CHL,my,1.781,1.667,0.7902,2.073,0.9392
2024-06-12,Rosetta_mouth,CHL,my,2.008,0.7624,0.565,2.008,1
2024-06-13,Rosetta_mouth,CHL,my,1.774,1.226,0.6374,1.774,1
2024-06-15,Rosetta_mouth,CHL,my,2.414,1.453,0.7845,2.713,0.9337
2024-06-16,Rosetta_mouth,CHL,my,1.857,0.5656,0.5577,3.366,1
2024-06-17,Rosetta_mouth,CHL,my,1.61,1.163,0.6385,1.842,1
2024-06-18,Rosetta_mouth,CHL,my,,1.485,0.7689,1.701,0.7514
2024-06-19,Rosetta_mouth,CHL,my,2.204,1.51,1.016,2.865,1
2024-06-20,Rosetta_mouth,CHL,my,,1.571,0.5693,1.602,0.5635
2024-06-21,Rosetta_mouth,CHL,my,,1.72,0.7364,1.843,0.8729
2024-06-22,Rosetta_mouth,CHL,my,2.085,1.722,0.946,2.085,1
2024-06-23,Rosetta_mouth,CHL,my,1.558,1.558,0.8768,2.274,1
2024-06-24,Rosetta_mouth,CHL,my,2.48,1.553,0.9936,2.743,1
2024-06-25,Rosetta_mouth,CHL,my,1.854,1.654,0.9621,2.509,1
2024-06-26,Rosetta_mouth,CHL,my,,0.646,0.5188,1.293,0.6188
2024-06-27,Rosetta_mouth,CHL,my,1.754,1.638,0.8553,1.879,1
2024-06-28,Rosetta_mouth,CHL,my,1.594,1.587,0.8099,1.695,1
2024-06-29,Rosetta_mouth,CHL,my,1.704,1.655,1.013,1.794,1
2024-07-01,Rosetta_mouth,CHL,my,1.759,1.677,1.362,1.873,0.7514
2024-07-02,Rosetta_mouth,CHL,my,2.206,2.218,1.958,2.416,1
2024-07-03,Rosetta_mouth,CHL,my,2.128,1.863,1.447,3.007,1
2024-07-07,Rosetta_mouth,CHL,my,2.02,1.953,1.258,2.05,1
2024-07-08,Rosetta_mouth,CHL,my,1.634,1.582,1.02,1.634,0.8066
2024-07-09,Rosetta_mouth,CHL,my,2.546,2.246,1.614,2.921,1
2024-07-10,Rosetta_mouth,CHL,my,1.957,,,,0.2486
2024-07-11,Rosetta_mouth,CHL,my,2.35,1.985,1.258,2.7,1
2024-07-12,Rosetta_mouth,CHL,my,1.919,1.898,0.983,1.919,0.8177
2024-07-13,Rosetta_mouth,CHL,my,1.934,1.923,1.018,2.264,1
2024-07-14,Rosetta_mouth,CHL,my,1.811,1.639,0.8793,1.811,1
2024-07-15,Rosetta_mouth,CHL,my,,1.342,0.8981,1.61,0.6851
2024-07-16,Rosetta_mouth,CHL,my,3.306,3.145,2.344,5.472,1
2024-07-17,Rosetta_mouth,CHL,my,2.233,1.66,1.121,2.397,1
2024-07-18,Rosetta_mouth,CHL,my,2.078,1.721,1.122,2.215,1
2024-07-19,Rosetta_mouth,CHL,my,1.823,1.702,0.8682,1.956,1
2024-07-20,Rosetta_mouth,CHL,my,1.597,1.333,0.8171,1.838,1
2024-07-21,Rosetta_mouth,CHL,my,,1.328,0.843,1.68,0.8122
2024-07-22,Rosetta_mouth,CHL,my,1.763,0.9244,0.593,1.763,1
2024-07-24,Rosetta_mouth,CHL,my,1.789,1.488,0.9845,2.229,1
2024-07-25,Rosetta_mouth,CHL,my,3.227,2.748,1.729,3.361,1
2024-07-26,Rosetta_mouth,CHL,my,,1.461,0.9041,1.699,0.7514
2024-07-28,Rosetta_mouth,CHL,my,2.304,1.832,1.428,2.855,1
2024-07-29,Rosetta_mouth,CHL,my,1.678,1.554,1.135,1.811,1
2024-07-31,Rosetta_mouth,CHL,my,2.959,1.563,1.15,3.047,1
2024-08-01,Rosetta_mouth,CHL,my,1.812,1.476,1.123,1.812,0.7459
2024-08-02,Rosetta_mouth,CHL,my,1.993,1.782,1.367,2.096,1
2024-08-03,Rosetta_mouth,CHL,my,1.628,1.542,1.065,1.833,1
2024-08-04,Rosetta_mouth,CHL,my,1.742,1.261,0.96,2.075,1
2024-08-05,Rosetta_mouth,CHL,my,1.934,1.453,1.073,2.237,1
2024-08-07,Rosetta_mouth,CHL,my,1.599,1.599,1.084,1.725,1
2024-08-08,Rosetta_mouth,CHL,my,1.879,1.769,1.017,2.073,0.8729
2024-08-09,Rosetta_mouth,CHL,my,1.915,1.707,1.253,2.109,1
2024-08-10,Rosetta_mouth,CHL,my,1.925,1.698,1.38,2.175,1
2024-08-11,Rosetta_mouth,CHL,my,1.6,1.51,1.001,1.772,1
2024-08-12,Rosetta_mouth,CHL,my,1.897,1.739,1.208,1.924,1
2024-08-13,Rosetta_mouth,CHL,my,2.512,2.312,1.782,2.719,0.6851
2024-08-15,Rosetta_mouth,CHL,my,1.612,1.62,1.238,1.837,1
2024-08-16,Rosetta_mouth,CHL,my,1.619,1.672,1.51,1.76,0.5028
2024-08-17,Rosetta_mouth,CHL,my,2.489,2.421,1.603,3.041,1
2024-08-18,Rosetta_mouth,CHL,my,1.882,,,,0.1878
2024-08-20,Rosetta_mouth,CHL,my,2.599,2.009,1.74,3.657,1
2024-08-21,Rosetta_mouth,CHL,my,3.188,1.736,1.363,3.733,1
2024-08-22,Rosetta_mouth,CHL,my,1.596,1.596,0.9293,1.859,1
2024-08-23,Rosetta_mouth,CHL,my,,1.637,0.9679,1.873,0.8729
2024-08-25,Rosetta_mouth,CHL,my,1.797,1.797,1.033,2.165,0.8785
2024-08-26,Rosetta_mouth,CHL,my,2.303,1.624,1.01,2.303,1
2024-08-27,Rosetta_mouth,CHL,my,2.126,1.732,1.119,2.405,1
2024-08-28,Rosetta_mouth,CHL,my,1.771,1.479,0.9098,2.076,0.9392
2024-08-30,Rosetta_mouth,CHL,my,,1.508,0.9603,1.642,0.6851
2024-08-31,Rosetta_mouth,CHL,my,2.175,1.83,1.228,2.175,1
2024-09-01,Rosetta_mouth,CHL,my,2.235,1.763,1.404,2.482,0.8066
2024-09-02,Rosetta_mouth,CHL,my,2.6,2.6,1.976,2.796,0.5635
2024-09-04,Rosetta_mouth,CHL,my,1.952,,,,0.4972
2024-09-07,Rosetta_mouth,CHL,my,,1.406,1.12,1.895,0.6243
2024-09-08,Rosetta_mouth,CHL,my,1.82,1.632,1.3,2.062,1
2024-09-09,Rosetta_mouth,CHL,my,2.24,1.984,1.506,2.24,1
2024-09-10,Rosetta_mouth,CHL,my,4.23,2.596,2.026,4.438,1
2024-09-11,Rosetta_mouth,CHL,my,2.869,2.439,1.669,3,1
2024-09-13,Rosetta_mouth,CHL,my,2.417,2.237,1.698,2.515,0.9392
2024-09-14,Rosetta_mouth,CHL,my,2.185,2.06,1.734,2.19,0.6851
2024-09-15,Rosetta_mouth,CHL,my,,1.322,0.8865,1.529,0.5635
2024-09-16,Rosetta_mouth,CHL,my,4.263,3.758,2.299,4.458,1
2024-09-17,Rosetta_mouth,CHL,my,3.939,3.446,2.159,4.8,0.8785
2024-09-18,Rosetta_mouth,CHL,my,5.388,4.72,2.668,8.025,0.8122
2024-09-19,Rosetta_mouth,CHL,my,,1.376,1.129,1.56,0.5028
2024-09-21,Rosetta_mouth,CHL,my,2.112,,,,0.442
2024-09-22,Rosetta_mouth,CHL,my,5.205,4.644,3.022,5.529,1
2024-09-23,Rosetta_mouth,CHL,my,4.632,4.158,2.697,4.632,1
2024-09-24,Rosetta_mouth,CHL,my,3.185,2.145,1.808,3.284,1
2024-09-25,Rosetta_mouth,CHL,my,2.842,,,,0.3702
2024-09-27,Rosetta_mouth,CHL,my,3.433,1.808,1.638,6.981,1
2024-09-28,Rosetta_mouth,CHL,my,11.32,1.865,2.686,13.62,1
2024-09-29,Rosetta_mouth,CHL,my,,1.406,0.9808,1.436,0.5028
2024-10-01,Rosetta_mouth,CHL,my,4.384,3.819,2.418,4.384,0.9392
2024-10-02,Rosetta_mouth,CHL,my,5.232,4.982,3.156,6.109,1
2024-10-03,Rosetta_mouth,CHL,my,4.29,4.29,2.247,4.562,1
2024-10-04,Rosetta_mouth,CHL,my,2.577,1.929,1.046,5.611,1
2024-10-05,Rosetta_mouth,CHL,my,4.148,3.902,2.093,6.86,1
2024-10-06,Rosetta_mouth,CHL,my,8.825,4.943,2.991,11.77,1
2024-10-07,Rosetta_mouth,CHL,my,14.21,11.75,4.352,15.5,1
2024-10-08,Rosetta_mouth,CHL,my,3.85,3.02,1.504,4.089,1
2024-10-09,Rosetta_mouth,CHL,my,3.087,2.674,1.269,3.141,1
2024-10-10,Rosetta_mouth,CHL,my,1.884,0.8349,0.583,1.884,0.8122
2024-10-11,Rosetta_mouth,CHL,my,1.42,1.314,0.9365,1.505,0.6243
2024-10-12,Rosetta_mouth,CHL,my,3.048,2.929,1.57,3.048,0.5635
2024-10-14,Rosetta_mouth,CHL,my,1.925,1.058,0.6042,1.925,0.8729
2024-10-15,Rosetta_mouth,CHL,my,2.133,,,,0.4475
2024-10-16,Rosetta_mouth,CHL,my,2.05,1.234,0.7392,2.087,1
2024-10-17,Rosetta_mouth,CHL,my,1.735,,,,0.1878
2024-10-18,Rosetta_mouth,CHL,my,3.868,2.902,1.869,4.072,1
2024-10-19,Rosetta_mouth,CHL,my,,3.358,2.28,3.939,0.8122
2024-10-20,Rosetta_mouth,CHL,my,2.341,2.534,2.068,2.82,1
2024-10-21,Rosetta_mouth,CHL,my,2.343,2.129,1.505,2.589,0.7459
2024-10-22,Rosetta_mouth,CHL,my,2.599,2.223,1.49,2.942,1
2024-10-24,Rosetta_mouth,CHL,my,3.623,,,,0.4972
2024-10-25,Rosetta_mouth,CHL,my,2.005,,,,0.4309
2024-10-26,Rosetta_mouth,CHL,my,1.876,,,,0.3204
2024-10-27,Rosetta_mouth,CHL,my,2.821,2.821,1.674,3.028,1
2024-10-28,Rosetta_mouth,CHL,my,2.082,1.844,1.4,2.242,1
2024-10-29,Rosetta_mouth,CHL,my,2.221,2.067,1.541,2.368,0.8674
2024-10-30,Rosetta_mouth,CHL,my,3.027,3.027,2.259,3.195,1
2024-10-31,Rosetta_mouth,CHL,my,4.053,4.053,2.852,6.274,0.5635
2024-11-01,Rosetta_mouth,CHL,my,3.888,2.859,2.04,3.888,1
2024-11-02,Rosetta_mouth,CHL,my,2.527,2.202,1.623,2.527,1
2024-11-03,Rosetta_mouth,CHL,my,3.516,2.719,2.067,6.056,1
2024-11-04,Rosetta_mouth,CHL,my,2.497,,,,0.4972
2024-11-05,Rosetta_mouth,CHL,my,2.74,2.638,1.835,4.466,1
2024-11-06,Rosetta_mouth,CHL,my,7.655,3.797,2.674,8.411,1
2024-11-07,Rosetta_mouth,CHL,my,3.058,3.616,2.274,5.214,1
2024-11-08,Rosetta_mouth,CHL,my,4.242,2.803,2.08,4.831,1
2024-11-09,Rosetta_mouth,CHL,my,3.895,,,,0.4365
2024-11-12,Rosetta_mouth,CHL,my,11.84,4.71,3.975,19.16,1
2024-11-13,Rosetta_mouth,CHL,my,13.79,7.314,4.939,22.24,1
2024-11-14,Rosetta_mouth,CHL,my,18.08,13.18,7.613,45.2,1
2024-11-15,Rosetta_mouth,CHL,my,6.668,6.691,4.181,13.79,1
2024-11-16,Rosetta_mouth,CHL,my,3.656,3.758,1.959,4.062,1
2024-11-17,Rosetta_mouth,CHL,my,2.195,2.151,1.516,2.439,0.7459
2024-11-21,Rosetta_mouth,CHL,my,3.256,2.918,2.04,4.651,1
2024-11-22,Rosetta_mouth,CHL,my,4.069,2.685,2.155,6.479,1
2024-11-27,Rosetta_mouth,CHL,my,2.901,2.901,2.312,3.041,0.558
2024-11-28,Rosetta_mouth,CHL,my,5.061,2.997,2.573,5.061,0.9337
2024-11-30,Rosetta_mouth,CHL,my,5.172,3.539,2.796,5.352,1
2024-12-01,Rosetta_mouth,CHL,my,2.928,2.895,2.287,2.964,1
2024-12-02,Rosetta_mouth,CHL,my,4.728,4.006,3.115,5.267,1
2024-12-03,Rosetta_mouth,CHL,my,3.751,3.751,2.49,4.012,1
2024-12-05,Rosetta_mouth,CHL,my,2.634,2.524,2.136,2.847,1
2024-12-06,Rosetta_mouth,CHL,my,2.726,2.54,1.952,2.851,1
2024-12-08,Rosetta_mouth,CHL,my,6.645,5.316,3.249,6.645,1
2024-12-09,Rosetta_mouth,CHL,my,5.984,3.596,2.686,6.74,1
2024-12-10,Rosetta_mouth,CHL,my,8.758,,,,0.4365
2024-12-15,Rosetta_mouth,CHL,my,5.222,4.5,3.203,5.222,1
2024-12-16,Rosetta_mouth,CHL,my,3.972,,,,0.4365
2024-12-17,Rosetta_mouth,CHL,my,5.204,4.856,3.053,5.77,0.8066
2024-12-18,Rosetta_mouth,CHL,my,3.625,3.582,2.324,4.499,1
2024-12-20,Rosetta_mouth,CHL,my,6.265,4.085,2.531,6.277,0.9392
2024-12-22,Rosetta_mouth,CHL,my,4.856,,,,0.3757
2024-12-24,Rosetta_mouth,CHL,my,7.694,7.09,4.145,7.827,1
2024-12-29,Rosetta_mouth,CHL,my,2.258,,,,0.1271
2024-01-01,Tel_Aviv_IL,CHL,my,0.2826,0.2178,0.1541,0.3153,0.88
2024-01-02,Tel_Aviv_IL,CHL,my,0.1331,0.1073,0.09317,0.1331,0.635
2024-01-04,Tel_Aviv_IL,CHL,my,0.1303,,,,0.145
2024-01-06,Tel_Aviv_IL,CHL,my,0.2093,0.2007,0.1377,0.2367,0.93
2024-01-07,Tel_Aviv_IL,CHL,my,0.08081,0.08984,0.09265,0.2227,1
2024-01-13,Tel_Aviv_IL,CHL,my,0.3907,0.3654,0.2598,0.8431,1
2024-01-16,Tel_Aviv_IL,CHL,my,0.263,0.263,0.2143,0.3164,0.58
2024-01-18,Tel_Aviv_IL,CHL,my,0.1072,0.1683,0.1408,0.1932,0.93
2024-01-19,Tel_Aviv_IL,CHL,my,0.09859,0.09489,0.07705,0.1267,0.93
2024-01-20,Tel_Aviv_IL,CHL,my,0.1769,0.1206,0.09971,0.2312,0.88
2024-01-21,Tel_Aviv_IL,CHL,my,0.2549,0.2549,0.1738,0.4096,0.615
2024-01-22,Tel_Aviv_IL,CHL,my,0.1011,0.1009,0.0871,0.189,0.93
2024-01-29,Tel_Aviv_IL,CHL,my,0.3839,,,,0.08
2024-02-02,Tel_Aviv_IL,CHL,my,0.3187,0.2478,0.2112,0.6701,1
2024-02-06,Tel_Aviv_IL,CHL,my,0.1591,0.1963,0.202,0.6252,0.79
2024-02-07,Tel_Aviv_IL,CHL,my,0.1899,0.1902,0.1572,0.5281,1
2024-02-08,Tel_Aviv_IL,CHL,my,0.4923,0.1825,0.1696,0.5441,0.88
2024-02-09,Tel_Aviv_IL,CHL,my,0.2823,0.2184,0.1458,0.3507,0.79
2024-02-10,Tel_Aviv_IL,CHL,my,0.2944,0.2877,0.1675,0.3705,0.85
2024-02-11,Tel_Aviv_IL,CHL,my,0.3092,0.2692,0.217,0.6156,1
2024-02-15,Tel_Aviv_IL,CHL,my,0.2041,0.1593,0.1201,0.296,0.93
2024-02-20,Tel_Aviv_IL,CHL,my,,0.09135,0.08279,0.1016,0.555
2024-02-21,Tel_Aviv_IL,CHL,my,0.2459,0.1979,0.1482,0.3534,0.93
2024-02-22,Tel_Aviv_IL,CHL,my,0.1571,0.1612,0.155,0.601,1
2024-02-24,Tel_Aviv_IL,CHL,my,0.3525,0.2512,0.1817,0.6372,0.92
2024-02-25,Tel_Aviv_IL,CHL,my,0.3027,0.3027,0.1801,0.5741,0.935
2024-02-26,Tel_Aviv_IL,CHL,my,0.861,0.5476,0.2302,0.861,0.93
2024-02-28,Tel_Aviv_IL,CHL,my,0.3215,0.2941,0.1623,0.5228,1
2024-02-29,Tel_Aviv_IL,CHL,my,0.6325,0.504,0.3097,1.211,1
2024-03-01,Tel_Aviv_IL,CHL,my,0.3246,0.1902,0.1181,0.3246,0.865
2024-03-04,Tel_Aviv_IL,CHL,my,0.2496,0.1829,0.1214,0.3364,0.75
2024-03-05,Tel_Aviv_IL,CHL,my,0.1892,0.1455,0.1134,0.3901,1
2024-03-07,Tel_Aviv_IL,CHL,my,,0.08058,0.09274,0.2837,0.755
2024-03-08,Tel_Aviv_IL,CHL,my,0.1959,0.1694,0.1004,0.1959,0.93
2024-03-10,Tel_Aviv_IL,CHL,my,0.3877,0.3019,0.1974,0.6111,0.8
2024-03-11,Tel_Aviv_IL,CHL,my,0.4141,0.4141,0.218,0.8251,1
2024-03-12,Tel_Aviv_IL,CHL,my,0.5882,0.5479,0.2223,0.7287,0.93
2024-03-15,Tel_Aviv_IL,CHL,my,0.1684,0.1684,0.1181,0.3782,0.765
2024-03-20,Tel_Aviv_IL,CHL,my,0.4417,0.3924,0.2212,0.6768,0.93
2024-03-21,Tel_Aviv_IL,CHL,my,0.6241,,,,0.395
2024-03-22,Tel_Aviv_IL,CHL,my,0.5677,,,,0.075
2024-03-28,Tel_Aviv_IL,CHL,my,0.891,0.8064,0.4221,0.971,0.93
2024-03-31,Tel_Aviv_IL,CHL,my,,0.3192,0.1855,0.4251,0.735
2024-04-01,Tel_Aviv_IL,CHL,my,0.8602,0.6538,0.3762,0.8602,0.93
2024-04-03,Tel_Aviv_IL,CHL,my,0.4428,0.3763,0.2509,0.4428,0.865
2024-04-04,Tel_Aviv_IL,CHL,my,0.4529,0.4035,0.2565,0.6382,0.93
2024-04-05,Tel_Aviv_IL,CHL,my,0.6742,0.5973,0.2998,0.8181,0.93
2024-04-08,Tel_Aviv_IL,CHL,my,0.2594,0.2487,0.1335,0.2594,0.61
2024-04-11,Tel_Aviv_IL,CHL,my,0.6879,0.5266,0.2531,0.778,0.93
2024-04-12,Tel_Aviv_IL,CHL,my,0.8515,0.6328,0.2529,0.8515,0.93
2024-04-13,Tel_Aviv_IL,CHL,my,0.6462,0.6462,0.379,0.9938,0.725
2024-04-15,Tel_Aviv_IL,CHL,my,0.5826,0.4468,0.2474,1.168,0.93
2024-04-16,Tel_Aviv_IL,CHL,my,0.5612,0.5111,0.2465,0.6537,0.93
2024-04-17,Tel_Aviv_IL,CHL,my,1.039,0.8922,0.3505,1.292,0.93
2024-04-19,Tel_Aviv_IL,CHL,my,0.3256,0.3256,0.1413,0.4566,0.93
2024-04-21,Tel_Aviv_IL,CHL,my,0.3141,0.2936,0.1391,0.4025,0.93
2024-04-24,Tel_Aviv_IL,CHL,my,0.3777,0.184,0.1549,0.5099,0.93
2024-04-28,Tel_Aviv_IL,CHL,my,0.09973,0.09404,0.08255,0.2135,0.915
2024-05-04,Tel_Aviv_IL,CHL,my,0.2676,0.2249,0.136,0.3035,0.88
2024-05-05,Tel_Aviv_IL,CHL,my,0.1866,,,,0.33
2024-05-06,Tel_Aviv_IL,CHL,my,0.493,0.4608,0.267,0.5423,1
2024-05-07,Tel_Aviv_IL,CHL,my,1.045,0.8448,0.4486,1.045,0.865
2024-05-08,Tel_Aviv_IL,CHL,my,0.5467,0.5431,0.2435,0.7459,1
2024-05-09,Tel_Aviv_IL,CHL,my,0.927,0.8502,0.4779,0.927,0.865
2024-05-10,Tel_Aviv_IL,CHL,my,0.2875,0.2875,0.2311,0.4104,0.53
2024-05-12,Tel_Aviv_IL,CHL,my,0.259,0.259,0.2235,0.6204,0.795
2024-05-13,Tel_Aviv_IL,CHL,my,,0.1109,0.09823,0.1111,0.67
2024-05-14,Tel_Aviv_IL,CHL,my,0.2333,0.2333,0.2171,0.6613,1
2024-05-16,Tel_Aviv_IL,CHL,my,0.3685,0.4121,0.3017,0.6812,0.93
2024-05-17,Tel_Aviv_IL,CHL,my,,0.1518,0.1237,0.1762,0.735
2024-05-21,Tel_Aviv_IL,CHL,my,0.1551,0.1451,0.1185,0.1822,0.93
2024-05-22,Tel_Aviv_IL,CHL,my,0.188,0.1688,0.1567,0.533,0.935
2024-05-24,Tel_Aviv_IL,CHL,my,0.09792,0.09792,0.07142,0.1497,0.725
2024-05-29,Tel_Aviv_IL,CHL,my,0.3988,0.4044,0.2872,0.473,1
2024-05-31,Tel_Aviv_IL,CHL,my,,0.197,0.1762,0.2158,0.735
2024-06-01,Tel_Aviv_IL,CHL,my,0.2584,0.2255,0.2233,0.4998,1
2024-06-02,Tel_Aviv_IL,CHL,my,0.1881,0.2228,0.2081,0.2246,0.88
2024-06-03,Tel_Aviv_IL,CHL,my,,0.1306,0.09037,0.1528,0.635
2024-06-04,Tel_Aviv_IL,CHL,my,0.1411,0.1348,0.1099,0.2303,1
2024-06-06,Tel_Aviv_IL,CHL,my,,0.1379,0.08663,0.1518,0.8
2024-06-07,Tel_Aviv_IL,CHL,my,0.1199,0.08855,0.06405,0.1225,0.93
2024-06-08,Tel_Aviv_IL,CHL,my,0.08918,0.07865,0.07642,0.3192,1
2024-06-09,Tel_Aviv_IL,CHL,my,0.088,0.088,0.05359,0.09993,0.93
2024-06-10,Tel_Aviv_IL,CHL,my,0.1261,0.1261,0.0851,0.1592,0.78
2024-06-11,Tel_Aviv_IL,CHL,my,0.1363,0.1141,0.07299,0.1953,0.88
2024-06-12,Tel_Aviv_IL,CHL,my,0.2194,0.1872,0.114,0.3277,1
2024-06-13,Tel_Aviv_IL,CHL,my,0.2892,0.254,0.1439,0.3006,0.93
2024-06-14,Tel_Aviv_IL,CHL,my,0.3061,0.1765,0.1351,0.3061,0.865
2024-06-16,Tel_Aviv_IL,CHL,my,0.1915,0.1693,0.1206,0.2074,0.93
2024-06-17,Tel_Aviv_IL,CHL,my,0.1909,0.1997,0.1436,0.4948,1
2024-06-18,Tel_Aviv_IL,CHL,my,,0.1377,0.1074,0.1439,0.8
2024-06-19,Tel_Aviv_IL,CHL,my,0.2488,0.1985,0.131,0.2651,0.88
2024-06-20,Tel_Aviv_IL,CHL,my,0.2077,0.1766,0.1358,0.2077,0.865
2024-06-21,Tel_Aviv_IL,CHL,my,0.3002,0.2715,0.3093,0.9348,1
2024-06-22,Tel_Aviv_IL,CHL,my,0.2691,0.2367,0.1771,0.3506,0.875
2024-06-24,Tel_Aviv_IL,CHL,my,0.3183,0.3183,0.1136,0.3991,0.865
2024-06-25,Tel_Aviv_IL,CHL,my,0.2976,0.2673,0.1838,0.5307,1
2024-06-26,Tel_Aviv_IL,CHL,my,0.2782,0.2686,0.1938,0.279,0.865
2024-06-27,Tel_Aviv_IL,CHL,my,0.2822,,,,0.13
2024-06-28,Tel_Aviv_IL,CHL,my,0.109,0.09828,0.07881,0.2202,0.94
2024-06-29,Tel_Aviv_IL,CHL,my,0.1084,0.09581,0.0816,0.1086,0.865
2024-06-30,Tel_Aviv_IL,CHL,my,0.1697,0.1589,0.1028,0.2026,0.93
2024-07-01,Tel_Aviv_IL,CHL,my,0.2942,0.2137,0.1552,0.2942,0.785
2024-07-02,Tel_Aviv_IL,CHL,my,0.1696,0.1341,0.1081,0.2677,0.73
2024-07-03,Tel_Aviv_IL,CHL,my,0.1692,0.1324,0.07845,0.1692,0.865
2024-07-04,Tel_Aviv_IL,CHL,my,,0.1088,0.07582,0.1451,0.8
2024-07-05,Tel_Aviv_IL,CHL,my,,0.08456,0.06077,0.0998,0.605
2024-07-06,Tel_Aviv_IL,CHL,my,0.09387,0.06893,0.0711,0.1353,0.915
2024-07-07,Tel_Aviv_IL,CHL,my,0.1081,0.106,0.1181,0.4386,0.735
2024-07-08,Tel_Aviv_IL,CHL,my,0.1105,0.09523,0.07872,0.1304,0.88
2024-07-09,Tel_Aviv_IL,CHL,my,0.1205,0.1209,0.1094,0.3216,1
2024-07-10,Tel_Aviv_IL,CHL,my,0.1402,0.1136,0.1009,0.1402,0.865
2024-07-11,Tel_Aviv_IL,CHL,my,0.132,0.1131,0.1099,0.1795,0.93
2024-07-13,Tel_Aviv_IL,CHL,my,0.09615,0.1004,0.09626,0.1247,0.93
2024-07-15,Tel_Aviv_IL,CHL,my,0.1159,0.1102,0.08691,0.1222,0.685
2024-07-16,Tel_Aviv_IL,CHL,my,0.1488,0.1335,0.08668,0.1791,0.93
2024-07-17,Tel_Aviv_IL,CHL,my,0.1416,0.1816,0.1331,0.4306,1
2024-07-18,Tel_Aviv_IL,CHL,my,0.1298,0.1221,0.101,0.2488,1
2024-07-19,Tel_Aviv_IL,CHL,my,0.102,0.0895,0.06072,0.102,0.795
2024-07-20,Tel_Aviv_IL,CHL,my,0.0636,0.06057,0.05562,0.09827,0.865
2024-07-21,Tel_Aviv_IL,CHL,my,0.06095,0.05418,0.04515,0.0744,0.93
2024-07-23,Tel_Aviv_IL,CHL,my,0.06074,0.05355,0.04729,0.06074,0.865
2024-07-25,Tel_Aviv_IL,CHL,my,0.1242,0.06531,0.06078,0.182,0.88
2024-07-26,Tel_Aviv_IL,CHL,my,0.1399,0.104,0.09563,0.1399,0.785
2024-07-27,Tel_Aviv_IL,CHL,my,0.157,0.1484,0.1064,0.1945,0.93
2024-07-28,Tel_Aviv_IL,CHL,my,0.3107,0.4926,0.2875,0.5204,0.93
2024-07-29,Tel_Aviv_IL,CHL,my,0.5719,0.3506,0.1539,0.5719,0.93
2024-07-30,Tel_Aviv_IL,CHL,my,0.1079,0.04895,0.04234,0.1526,0.88
2024-07-31,Tel_Aviv_IL,CHL,my,0.07073,0.05168,0.07612,0.4685,0.93
2024-08-01,Tel_Aviv_IL,CHL,my,0.2855,0.1056,0.1307,0.6706,1
2024-08-02,Tel_Aviv_IL,CHL,my,0.08068,0.05049,0.05174,0.1949,0.93
2024-08-03,Tel_Aviv_IL,CHL,my,,0.06328,0.04695,0.07754,0.685
2024-08-04,Tel_Aviv_IL,CHL,my,0.1254,0.0489,0.04684,0.175,0.88
2024-08-05,Tel_Aviv_IL,CHL,my,0.04648,0.04361,0.04714,0.2053,1
2024-08-06,Tel_Aviv_IL,CHL,my,0.08822,0.05623,0.05847,0.2173,0.95
2024-08-07,Tel_Aviv_IL,CHL,my,0.0498,0.05827,0.05103,0.117,0.915
2024-08-08,Tel_Aviv_IL,CHL,my,0.08256,0.06877,0.05672,0.08256,0.715
2024-08-09,Tel_Aviv_IL,CHL,my,0.03625,0.06332,0.05721,0.1421,1
2024-08-10,Tel_Aviv_IL,CHL,my,,0.0599,0.04456,0.0686,0.685
2024-08-11,Tel_Aviv_IL,CHL,my,0.07154,0.06234,0.05617,0.1573,0.575
2024-08-12,Tel_Aviv_IL,CHL,my,0.1177,0.1159,0.09467,0.2396,0.64
2024-08-13,Tel_Aviv_IL,CHL,my,0.07868,0.07868,0.06372,0.2415,0.935
2024-08-14,Tel_Aviv_IL,CHL,my,0.05969,0.05787,0.04568,0.1849,1
2024-08-15,Tel_Aviv_IL,CHL,my,0.06149,0.051,0.0379,0.1339,0.915
2024-08-17,Tel_Aviv_IL,CHL,my,0.07177,0.05979,0.04722,0.102,0.8
2024-08-18,Tel_Aviv_IL,CHL,my,,0.09483,0.07061,0.2121,0.775
2024-08-20,Tel_Aviv_IL,CHL,my,0.1097,0.08167,0.07656,0.4449,0.935
2024-08-21,Tel_Aviv_IL,CHL,my,0.4146,0.07368,0.09457,0.5663,0.93
2024-08-22,Tel_Aviv_IL,CHL,my,0.6684,0.3298,0.1555,1.093,0.93
2024-08-23,Tel_Aviv_IL,CHL,my,0.1484,0.09561,0.08614,0.992,0.93
2024-08-25,Tel_Aviv_IL,CHL,my,0.05639,0.05384,0.03821,0.05639,0.865
2024-08-26,Tel_Aviv_IL,CHL,my,0.06274,0.04988,0.05894,0.3093,0.95
2024-08-27,Tel_Aviv_IL,CHL,my,0.1186,0.1353,0.1019,0.215,0.93
2024-08-28,Tel_Aviv_IL,CHL,my,0.1313,0.1326,0.09801,0.2863,1
2024-08-29,Tel_Aviv_IL,CHL,my,0.1303,0.1022,0.08154,0.1843,0.67
2024-09-01,Tel_Aviv_IL,CHL,my,0.1097,0.09616,0.062,0.1284,0.88
2024-09-02,Tel_Aviv_IL,CHL,my,0.1062,0.3267,0.1968,0.5845,1
2024-09-03,Tel_Aviv_IL,CHL,my,0.2109,0.2109,0.137,0.2591,0.54
2024-09-04,Tel_Aviv_IL,CHL,my,0.197,0.2248,0.1208,0.2605,0.93
2024-09-05,Tel_Aviv_IL,CHL,my,0.1302,0.1372,0.1005,0.5009,0.93
2024-09-06,Tel_Aviv_IL,CHL,my,0.1478,0.2058,0.1556,0.3895,1
2024-09-07,Tel_Aviv_IL,CHL,my,0.2831,0.2925,0.1941,0.4038,1
2024-09-08,Tel_Aviv_IL,CHL,my,0.2914,0.4148,0.3034,0.5076,0.93
2024-09-09,Tel_Aviv_IL,CHL,my,0.9384,0.9881,0.5158,1.623,1
2024-09-10,Tel_Aviv_IL,CHL,my,0.2129,0.1276,0.1053,0.3788,1
2024-09-11,Tel_Aviv_IL,CHL,my,0.1382,0.1689,0.1028,0.2046,0.93
2024-09-12,Tel_Aviv_IL,CHL,my,0.1904,0.1967,0.1271,0.5956,1
2024-09-13,Tel_Aviv_IL,CHL,my,0.1545,0.1424,0.06339,0.2594,0.93
2024-09-14,Tel_Aviv_IL,CHL,my,0.07855,0.04736,0.03569,0.09235,0.88
2024-09-16,Tel_Aviv_IL,CHL,my,0.105,0.105,0.05727,0.1375,0.505
2024-09-17,Tel_Aviv_IL,CHL,my,0.09762,0.0773,0.03833,0.1107,0.93
2024-09-18,Tel_Aviv_IL,CHL,my,0.1571,0.1656,0.1024,0.2832,1
2024-09-19,Tel_Aviv_IL,CHL,my,,0.1258,0.06563,0.1801,0.61
2024-09-20,Tel_Aviv_IL,CHL,my,0.2568,0.2415,0.1236,0.3232,1
2024-09-21,Tel_Aviv_IL,CHL,my,0.3296,0.2577,0.1423,0.3296,0.785
2024-09-23,Tel_Aviv_IL,CHL,my,0.5715,0.5715,0.2839,0.6942,0.93
2024-09-24,Tel_Aviv_IL,CHL,my,0.7126,0.8123,0.4589,1.447,1
2024-09-25,Tel_Aviv_IL,CHL,my,0.5163,0.5603,0.2951,0.633,0.865
2024-09-26,Tel_Aviv_IL,CHL,my,0.3861,0.4358,0.3344,0.5032,0.93
2024-09-27,Tel_Aviv_IL,CHL,my,0.2541,0.2123,0.1574,0.2541,0.865
2024-09-28,Tel_Aviv_IL,CHL,my,0.2265,0.2171,0.2077,0.6984,1
2024-09-29,Tel_Aviv_IL,CHL,my,0.1151,0.1513,0.1199,0.3404,0.605
2024-09-30,Tel_Aviv_IL,CHL,my,0.09393,0.08781,0.06131,0.1115,0.59
2024-10-02,Tel_Aviv_IL,CHL,my,0.2614,0.2614,0.1574,0.3769,0.745
2024-10-03,Tel_Aviv_IL,CHL,my,0.5757,0.4008,0.247,0.5967,1
2024-10-04,Tel_Aviv_IL,CHL,my,0.6294,0.6294,0.4302,0.8993,1
2024-10-07,Tel_Aviv_IL,CHL,my,,0.1897,0.1191,0.2159,0.735
2024-10-08,Tel_Aviv_IL,CHL,my,,0.1712,0.13,0.2044,0.67
2024-10-09,Tel_Aviv_IL,CHL,my,0.1586,0.2043,0.1517,0.2235,0.67
2024-10-10,Tel_Aviv_IL,CHL,my,0.1627,0.1381,0.07762,0.1859,0.93
2024-10-11,Tel_Aviv_IL,CHL,my,0.09276,0.06166,0.05503,0.113,0.93
2024-10-12,Tel_Aviv_IL,CHL,my,0.05199,0.05972,0.05136,0.06382,0.865
2024-10-13,Tel_Aviv_IL,CHL,my,0.08471,0.08662,0.07759,0.2584,1
2024-10-14,Tel_Aviv_IL,CHL,my,0.09605,0.09104,0.07853,0.1204,0.93
2024-10-16,Tel_Aviv_IL,CHL,my,0.102,0.09471,0.0649,0.1322,0.86
2024-10-17,Tel_Aviv_IL,CHL,my,0.1233,0.1233,0.09549,0.1384,0.59
2024-10-18,Tel_Aviv_IL,CHL,my,0.1767,0.1469,0.08523,0.2228,0.88
2024-10-19,Tel_Aviv_IL,CHL,my,0.2737,0.2737,0.1833,0.4596,1
2024-10-20,Tel_Aviv_IL,CHL,my,0.1708,0.1485,0.09876,0.1844,0.93
2024-10-21,Tel_Aviv_IL,CHL,my,0.3335,0.2349,0.1743,0.4406,1
2024-10-22,Tel_Aviv_IL,CHL,my,0.1672,0.1403,0.1171,0.4141,1
2024-10-23,Tel_Aviv_IL,CHL,my,0.2154,0.1819,0.1259,0.2972,1
2024-10-24,Tel_Aviv_IL,CHL,my,0.1766,0.1347,0.09977,0.3201,1
2024-10-25,Tel_Aviv_IL,CHL,my,0.1896,0.1321,0.09108,0.2314,0.88
2024-10-26,Tel_Aviv_IL,CHL,my,0.1427,0.1373,0.09681,0.2001,0.93
2024-10-27,Tel_Aviv_IL,CHL,my,0.1127,0.1135,0.09126,0.1923,0.915
2024-10-28,Tel_Aviv_IL,CHL,my,0.07684,0.07536,0.07631,0.1859,1
2024-10-29,Tel_Aviv_IL,CHL,my,0.07416,0.07405,0.06604,0.08919,0.93
2024-10-30,Tel_Aviv_IL,CHL,my,0.08833,0.06649,0.06232,0.09691,0.93
2024-10-31,Tel_Aviv_IL,CHL,my,0.1165,0.09239,0.07233,0.1343,0.93
2024-11-04,Tel_Aviv_IL,CHL,my,0.09921,0.06515,0.05625,0.09921,0.865
2024-11-05,Tel_Aviv_IL,CHL,my,0.1258,0.1186,0.07881,0.1991,1
2024-11-06,Tel_Aviv_IL,CHL,my,0.2175,0.2277,0.1188,0.2585,0.93
2024-11-07,Tel_Aviv_IL,CHL,my,0.1675,0.1644,0.09397,0.1835,0.865
2024-11-08,Tel_Aviv_IL,CHL,my,,0.09725,0.07525,0.1046,0.57
2024-11-09,Tel_Aviv_IL,CHL,my,0.1467,0.145,0.106,0.1559,0.93
2024-11-11,Tel_Aviv_IL,CHL,my,0.1245,,,,0.485
2024-11-12,Tel_Aviv_IL,CHL,my,0.1585,0.1767,0.132,0.2001,0.93
2024-11-13,Tel_Aviv_IL,CHL,my,0.1953,0.1998,0.1304,0.3269,1
2024-11-14,Tel_Aviv_IL,CHL,my,0.1858,,,,0.445
2024-11-15,Tel_Aviv_IL,CHL,my,0.1202,0.1491,0.1066,0.1883,0.93
2024-11-16,Tel_Aviv_IL,CHL,my,0.1559,0.1559,0.135,0.1668,0.93
2024-11-17,Tel_Aviv_IL,CHL,my,0.1459,0.1956,0.1774,0.3948,1
2024-11-19,Tel_Aviv_IL,CHL,my,0.232,0.2301,0.1669,0.4648,1
2024-11-20,Tel_Aviv_IL,CHL,my,0.2965,0.2965,0.1926,0.3346,0.93
2024-11-21,Tel_Aviv_IL,CHL,my,0.193,0.1607,0.1094,0.3528,0.93
2024-11-22,Tel_Aviv_IL,CHL,my,0.1423,0.2057,0.1535,0.3145,1
2024-11-23,Tel_Aviv_IL,CHL,my,0.3665,0.3203,0.2133,0.3665,0.88
2024-11-28,Tel_Aviv_IL,CHL,my,0.2815,0.2671,0.2243,0.4828,1
2024-11-30,Tel_Aviv_IL,CHL,my,0.3467,0.2642,0.2205,0.5,1
2024-12-01,Tel_Aviv_IL,CHL,my,0.4281,0.4185,0.2974,0.4488,0.93
2024-12-02,Tel_Aviv_IL,CHL,my,0.4824,0.5168,0.2797,0.7374,1
2024-12-03,Tel_Aviv_IL,CHL,my,0.2072,0.138,0.09803,0.2682,0.93
2024-12-04,Tel_Aviv_IL,CHL,my,0.08732,0.07248,0.0472,0.09906,0.93
2024-12-05,Tel_Aviv_IL,CHL,my,0.08723,0.0689,0.0612,0.09077,0.815
2024-12-06,Tel_Aviv_IL,CHL,my,0.1166,0.1171,0.09751,0.261,1
2024-12-08,Tel_Aviv_IL,CHL,my,0.1805,,,,0.375
2024-12-09,Tel_Aviv_IL,CHL,my,,0.1198,0.1006,0.1307,0.59
2024-12-13,Tel_Aviv_IL,CHL,my,0.1619,0.1579,0.09722,0.1799,0.93
2024-12-14,Tel_Aviv_IL,CHL,my,0.1519,0.1519,0.1044,0.3544,1
2024-12-15,Tel_Aviv_IL,CHL,my,0.1724,0.1696,0.1226,0.222,0.93
2024-12-16,Tel_Aviv_IL,CHL,my,0.1162,0.1336,0.1103,0.2535,0.95
2024-12-17,Tel_Aviv_IL,CHL,my,0.117,0.1243,0.106,0.1929,0.85
2024-12-18,Tel_Aviv_IL,CHL,my,0.2415,0.1788,0.1612,0.4521,1
2024-12-19,Tel_Aviv_IL,CHL,my,0.1912,0.2194,0.1527,0.3513,1
2024-12-21,Tel_Aviv_IL,CHL,my,0.2062,0.1967,0.1551,0.4559,0.995
2024-12-22,Tel_Aviv_IL,CHL,my,0.1408,0.1407,0.1248,0.1999,0.635
2024-12-23,Tel_Aviv_IL,CHL,my,0.5029,0.206,0.1773,0.7602,0.93
2024-12-24,Tel_Aviv_IL,CHL,my,0.1707,0.1726,0.1383,0.2119,0.93
2024-12-25,Tel_Aviv_IL,CHL,my,0.1264,0.1277,0.1197,0.2644,1
2024-12-29,Tel_Aviv_IL,CHL,my,0.4382,0.4179,0.2748,0.921,1
