date,site,variable,stream,at_station,transect_p80,transect_mean,transect_max,valid_frac
2020-01-06,Ashdod_IL,CHL,my,0.3434,0.3671,0.3382,0.9593,0.995
2020-01-11,Ashdod_IL,CHL,my,0.6744,0.5325,0.2837,1.01,0.9254
2020-01-12,Ashdod_IL,CHL,my,0.1498,0.1498,0.1086,0.1898,0.9602
2020-01-13,Ashdod_IL,CHL,my,0.2912,0.2426,0.145,0.3088,0.9254
2020-01-14,Ashdod_IL,CHL,my,0.3342,0.162,0.1397,0.3374,0.9254
2020-01-15,Ashdod_IL,CHL,my,,0.1317,0.1175,0.1885,0.791
2020-01-25,Ashdod_IL,CHL,my,0.5839,0.5839,0.5275,1.342,0.7363
2020-01-26,Ashdod_IL,CHL,my,0.4108,0.4108,0.2918,0.5557,0.9254
2020-01-29,Ashdod_IL,CHL,my,,0.2027,0.1588,0.2102,0.5174
2020-01-30,Ashdod_IL,CHL,my,0.2226,0.2092,0.1632,0.2697,0.9254
2020-01-31,Ashdod_IL,CHL,my,0.3249,0.3799,0.2287,0.4445,0.9254
2020-02-02,Ashdod_IL,CHL,my,0.3779,0.598,0.3237,1.046,0.995
2020-02-04,Ashdod_IL,CHL,my,0.5049,0.5049,0.2045,0.5944,0.9552
2020-02-05,Ashdod_IL,CHL,my,0.1745,0.1309,0.1241,0.2175,0.9254
2020-02-06,Ashdod_IL,CHL,my,0.148,0.1555,0.133,0.2669,0.995
2020-02-11,Ashdod_IL,CHL,my,0.8079,,,,0.1841
2020-02-12,Ashdod_IL,CHL,my,1.276,1.274,0.6295,1.483,1
2020-02-13,Ashdod_IL,CHL,my,1.057,1.057,0.6005,1.472,0.9104
2020-02-15,Ashdod_IL,CHL,my,0.8871,0.7609,0.3774,0.9515,0.9254
2020-02-17,Ashdod_IL,CHL,my,0.3296,0.3235,0.2026,0.6331,0.995
2020-02-20,Ashdod_IL,CHL,my,,0.2553,0.2603,1.016,0.6468
2020-02-21,Ashdod_IL,CHL,my,0.8273,0.2196,0.2617,1.262,0.9254
2020-02-27,Ashdod_IL,CHL,my,0.5035,0.4789,0.2702,1.1,0.995
2020-02-28,Ashdod_IL,CHL,my,0.9937,0.8519,0.4347,1.524,0.995
2020-02-29,Ashdod_IL,CHL,my,0.3484,0.3484,0.206,0.6837,0.995
2020-03-03,Ashdod_IL,CHL,my,2.108,2.108,1.143,2.892,0.995
2020-03-04,Ashdod_IL,CHL,my,2.272,2.235,1.509,2.823,0.995
2020-03-07,Ashdod_IL,CHL,my,,0.1964,0.1445,0.4756,0.7214
2020-03-08,Ashdod_IL,CHL,my,0.7757,0.4534,0.3102,1.433,0.995
2020-03-12,Ashdod_IL,CHL,my,1.009,,,,0.2289
2020-03-16,Ashdod_IL,CHL,my,0.7098,0.5435,0.2721,1.16,0.9254
2020-03-21,Ashdod_IL,CHL,my,1.148,1.154,0.7237,1.306,0.7164
2020-03-22,Ashdod_IL,CHL,my,1.081,1.431,0.8084,1.592,0.995
2020-03-23,Ashdod_IL,CHL,my,0.7823,0.7975,0.4717,0.9984,0.8607
2020-03-25,Ashdod_IL,CHL,my,0.9121,0.6325,0.3591,1.348,0.9254
2020-03-26,Ashdod_IL,CHL,my,1.336,1.244,0.6549,1.336,0.5622
2020-03-29,Ashdod_IL,CHL,my,0.8804,0.5702,0.2987,0.8804,0.9104
2020-04-02,Ashdod_IL,CHL,my,1.099,0.8085,0.3493,1.506,0.9254
2020-04-03,Ashdod_IL,CHL,my,,0.2215,0.1872,0.834,0.796
2020-04-04,Ashdod_IL,CHL,my,0.8632,0.7686,0.3008,1.021,0.9254
2020-04-07,Ashdod_IL,CHL,my,1.134,0.6664,0.4626,1.793,0.9254
2020-04-08,Ashdod_IL,CHL,my,1.21,0.7775,0.4266,1.279,0.9104
2020-04-12,Ashdod_IL,CHL,my,1.185,1.198,0.4818,1.513,0.995
2020-04-13,Ashdod_IL,CHL,my,,0.33,0.2095,0.8531,0.796
2020-04-14,Ashdod_IL,CHL,my,1.06,0.5913,0.4031,1.06,0.8607
2020-04-15,Ashdod_IL,CHL,my,0.4314,0.3688,0.2356,0.5757,0.9254
2020-04-16,Ashdod_IL,CHL,my,0.5711,0.4549,0.3107,0.8145,0.9254
2020-04-17,Ashdod_IL,CHL,my,0.4051,0.2853,0.1926,0.4051,0.8607
2020-04-18,Ashdod_IL,CHL,my,0.3474,0.32,0.23,0.7806,0.995
2020-04-23,Ashdod_IL,CHL,my,0.5631,0.305,0.1981,0.6383,0.7711
2020-04-26,Ashdod_IL,CHL,my,0.4567,0.4011,0.2628,0.531,0.6866
2020-04-27,Ashdod_IL,CHL,my,0.4756,0.428,0.2293,0.4943,0.995
2020-04-28,Ashdod_IL,CHL,my,1.368,1.368,0.6973,1.471,0.9254
2020-04-29,Ashdod_IL,CHL,my,0.4072,0.3344,0.2101,0.4072,0.7711
2020-04-30,Ashdod_IL,CHL,my,0.4956,0.5335,0.3684,0.7317,0.9055
2020-05-01,Ashdod_IL,CHL,my,0.4093,0.4442,0.2523,0.8058,0.995
2020-05-02,Ashdod_IL,CHL,my,0.1934,0.1822,0.1113,0.3066,0.995
2020-05-04,Ashdod_IL,CHL,my,0.362,0.3359,0.1805,0.4207,0.995
2020-05-06,Ashdod_IL,CHL,my,0.1391,0.1159,0.09979,0.2663,0.7512
2020-05-07,Ashdod_IL,CHL,my,0.6195,0.6989,0.4177,0.7383,0.8607
2020-05-08,Ashdod_IL,CHL,my,0.7215,0.7991,0.4323,0.9765,0.9104
2020-05-09,Ashdod_IL,CHL,my,0.6024,0.5167,0.3878,0.6024,0.8607
2020-05-10,Ashdod_IL,CHL,my,0.5829,0.4473,0.2517,0.5829,0.8557
2020-05-11,Ashdod_IL,CHL,my,0.3632,0.2923,0.1672,0.3735,0.9104
2020-05-12,Ashdod_IL,CHL,my,0.3764,0.3462,0.2245,0.4501,0.796
2020-05-14,Ashdod_IL,CHL,my,,0.1752,0.1249,0.1937,0.7214
2020-05-18,Ashdod_IL,CHL,my,,0.1081,0.09932,0.1222,0.5174
2020-05-21,Ashdod_IL,CHL,my,0.1834,0.1129,0.1034,0.1858,0.9104
2020-05-25,Ashdod_IL,CHL,my,,1.177,0.6272,1.347,0.6766
2020-05-26,Ashdod_IL,CHL,my,1.211,1.01,0.6489,1.211,0.806
2020-05-27,Ashdod_IL,CHL,my,,0.6649,0.5369,0.8095,0.5423
2020-05-28,Ashdod_IL,CHL,my,,0.6772,0.3887,0.7144,0.6866
2020-05-29,Ashdod_IL,CHL,my,0.8796,0.4367,0.2534,0.8796,0.8458
2020-05-30,Ashdod_IL,CHL,my,1.344,1.296,0.7974,1.401,0.9254
2020-05-31,Ashdod_IL,CHL,my,0.7786,0.6624,0.3769,0.9319,0.9254
2020-06-01,Ashdod_IL,CHL,my,0.8597,0.7672,0.4355,1.022,0.995
2020-06-03,Ashdod_IL,CHL,my,0.3178,0.1633,0.131,0.4027,0.9104
2020-06-04,Ashdod_IL,CHL,my,0.3866,0.3647,0.1824,0.4504,0.995
2020-06-05,Ashdod_IL,CHL,my,0.3063,0.2903,0.1764,0.3915,0.995
2020-06-07,Ashdod_IL,CHL,my,0.3907,0.3344,0.2029,0.3907,0.995
2020-06-08,Ashdod_IL,CHL,my,0.2607,0.2533,0.149,0.2613,0.8607
2020-06-09,Ashdod_IL,CHL,my,0.3252,0.3546,0.201,0.4212,0.995
2020-06-10,Ashdod_IL,CHL,my,0.2239,0.1622,0.08652,0.2247,0.9254
2020-06-11,Ashdod_IL,CHL,my,0.1163,0.09751,0.06402,0.1291,0.9254
2020-06-12,Ashdod_IL,CHL,my,0.09618,0.09145,0.05576,0.1457,0.995
2020-06-13,Ashdod_IL,CHL,my,,0.05849,0.04542,0.07907,0.791
2020-06-14,Ashdod_IL,CHL,my,0.1164,0.08881,0.05687,0.1164,0.7413
2020-06-15,Ashdod_IL,CHL,my,0.06419,0.06496,0.04974,0.2552,1
2020-06-17,Ashdod_IL,CHL,my,,0.07572,0.06508,0.2095,0.796
2020-06-19,Ashdod_IL,CHL,my,,0.09933,0.0618,0.1231,0.5075
2020-06-22,Ashdod_IL,CHL,my,0.4899,0.4375,0.1972,0.4899,0.8607
2020-06-23,Ashdod_IL,CHL,my,0.9392,0.8706,0.3667,0.9734,0.995
2020-06-24,Ashdod_IL,CHL,my,1.051,1.122,0.5385,1.274,0.995
2020-06-25,Ashdod_IL,CHL,my,0.5355,0.4657,0.1974,0.6031,0.9254
2020-06-26,Ashdod_IL,CHL,my,0.3632,0.3158,0.1423,0.4304,0.9254
2020-06-27,Ashdod_IL,CHL,my,0.2202,0.2099,0.1197,0.3494,0.995
2020-06-28,Ashdod_IL,CHL,my,0.2624,,,,0.4925
2020-07-01,Ashdod_IL,CHL,my,0.129,0.1349,0.1185,0.201,0.8308
2020-07-02,Ashdod_IL,CHL,my,0.3054,0.2907,0.2562,0.4758,0.995
2020-07-03,Ashdod_IL,CHL,my,0.3333,0.3633,0.3436,0.4164,0.8756
2020-07-04,Ashdod_IL,CHL,my,0.4512,0.4888,0.2894,0.5979,0.9701
2020-07-05,Ashdod_IL,CHL,my,0.3426,,,,0.1393
2020-07-08,Ashdod_IL,CHL,my,1.004,1.004,0.7534,1.222,0.995
2020-07-09,Ashdod_IL,CHL,my,0.7856,0.7856,0.5594,0.9177,0.995
2020-07-10,Ashdod_IL,CHL,my,0.8704,0.8727,0.5619,1.31,0.995
2020-07-11,Ashdod_IL,CHL,my,,0.1315,0.1004,0.4625,0.791
2020-07-12,Ashdod_IL,CHL,my,0.08481,,,,0.4826
2020-07-14,Ashdod_IL,CHL,my,1.016,0.641,0.2822,1.142,0.995
2020-07-15,Ashdod_IL,CHL,my,0.5016,,,,0.4428
2020-07-16,Ashdod_IL,CHL,my,0.7182,0.5019,0.235,0.7182,0.995
2020-07-17,Ashdod_IL,CHL,my,1.133,0.9009,0.5541,1.266,0.9303
2020-07-18,Ashdod_IL,CHL,my,0.3957,0.3082,0.1209,0.5126,0.9254
2020-07-19,Ashdod_IL,CHL,my,0.4432,0.3014,0.1546,0.4684,0.8607
2020-07-20,Ashdod_IL,CHL,my,0.5824,0.549,0.243,0.6887,0.995
2020-07-21,Ashdod_IL,CHL,my,0.7231,0.6252,0.3023,1.179,0.995
2020-07-22,Ashdod_IL,CHL,my,0.3223,0.3219,0.1842,0.835,0.995
2020-07-24,Ashdod_IL,CHL,my,,0.1126,0.0786,0.2041,0.6766
2020-07-25,Ashdod_IL,CHL,my,0.1316,0.1339,0.1618,0.841,1
2020-07-30,Ashdod_IL,CHL,my,0.3075,0.2915,0.2445,0.3784,0.9254
2020-07-31,Ashdod_IL,CHL,my,0.3685,0.2939,0.2527,0.4015,0.9254
2020-08-01,Ashdod_IL,CHL,my,0.6428,0.3296,0.2044,0.6428,0.9204
2020-08-02,Ashdod_IL,CHL,my,0.5948,0.5833,0.2533,1.079,0.995
2020-08-03,Ashdod_IL,CHL,my,,0.1953,0.1035,0.2643,0.6169
2020-08-05,Ashdod_IL,CHL,my,0.1587,0.1313,0.1048,0.2558,0.7214
2020-08-07,Ashdod_IL,CHL,my,0.3597,0.3084,0.1876,0.3765,0.8209
2020-08-10,Ashdod_IL,CHL,my,0.6217,0.4708,0.2657,0.8533,0.7214
2020-08-11,Ashdod_IL,CHL,my,0.7806,,,,0.2886
2020-08-13,Ashdod_IL,CHL,my,1.196,1.286,0.5597,1.519,0.995
2020-08-14,Ashdod_IL,CHL,my,0.5446,0.5446,0.2613,0.8229,0.592
2020-08-15,Ashdod_IL,CHL,my,0.3793,,,,0.3433
2020-08-16,Ashdod_IL,CHL,my,0.3098,0.1842,0.1112,0.5378,0.9005
2020-08-17,Ashdod_IL,CHL,my,0.3357,0.3357,0.1821,0.7102,0.9104
2020-08-18,Ashdod_IL,CHL,my,0.9209,0.4879,0.3482,1.196,0.796
2020-08-19,Ashdod_IL,CHL,my,,0.2382,0.1325,0.4637,0.5622
2020-08-20,Ashdod_IL,CHL,my,1.063,0.7332,0.3446,1.161,0.9254
2020-08-21,Ashdod_IL,CHL,my,0.5117,0.2924,0.1594,0.5117,0.8607
2020-08-22,Ashdod_IL,CHL,my,0.4218,0.33,0.2255,0.7435,0.7861
2020-08-23,Ashdod_IL,CHL,my,0.7105,0.5932,0.2456,1.096,0.995
2020-08-24,Ashdod_IL,CHL,my,0.916,0.8769,0.2963,1.038,0.995
2020-08-25,Ashdod_IL,CHL,my,0.5231,0.3476,0.1732,0.6733,0.9104
2020-08-26,Ashdod_IL,CHL,my,0.2005,0.1164,0.08714,0.2579,0.9254
2020-08-27,Ashdod_IL,CHL,my,0.07881,0.07134,0.06198,0.07881,0.7214
2020-08-28,Ashdod_IL,CHL,my,0.08366,0.08434,0.07512,0.1055,0.9104
2020-08-29,Ashdod_IL,CHL,my,0.09245,0.08627,0.07657,0.1633,0.9254
2020-09-02,Ashdod_IL,CHL,my,0.1381,0.1078,0.0818,0.1516,0.8358
2020-09-09,Ashdod_IL,CHL,my,0.5276,0.3919,0.2635,0.5523,0.791
2020-09-13,Ashdod_IL,CHL,my,0.1264,0.08775,0.08802,0.1592,0.9801
2020-09-14,Ashdod_IL,CHL,my,0.1527,0.1237,0.08674,0.1805,0.9254
2020-09-15,Ashdod_IL,CHL,my,0.1837,0.1368,0.1126,0.4131,0.7313
2020-09-19,Ashdod_IL,CHL,my,0.159,0.1001,0.08085,0.159,0.8607
2020-09-21,Ashdod_IL,CHL,my,0.3368,0.3368,0.1904,0.4466,0.9254
2020-09-22,Ashdod_IL,CHL,my,0.1651,0.09705,0.09914,0.2151,0.9254
2020-09-23,Ashdod_IL,CHL,my,0.04753,0.06019,0.05695,0.09568,0.995
2020-09-24,Ashdod_IL,CHL,my,0.07183,0.06892,0.05903,0.09618,0.6716
2020-09-25,Ashdod_IL,CHL,my,0.06477,0.06349,0.0526,0.07083,0.6169
2020-09-26,Ashdod_IL,CHL,my,0.1336,0.09494,0.07394,0.1348,0.9104
2020-09-27,Ashdod_IL,CHL,my,0.1944,0.1516,0.1046,0.1952,0.9254
2020-09-28,Ashdod_IL,CHL,my,0.2118,0.2,0.1629,0.2323,0.6866
2020-09-29,Ashdod_IL,CHL,my,0.1465,0.1465,0.1105,0.1592,0.9254
2020-10-01,Ashdod_IL,CHL,my,0.1202,0.1142,0.07839,0.143,0.9254
2020-10-02,Ashdod_IL,CHL,my,0.1438,0.132,0.08131,0.1895,0.995
2020-10-03,Ashdod_IL,CHL,my,0.1212,0.1161,0.0829,0.2651,0.995
2020-10-04,Ashdod_IL,CHL,my,0.07708,0.06759,0.05591,0.1063,0.806
2020-10-05,Ashdod_IL,CHL,my,0.1035,0.1072,0.08696,0.2387,0.995
2020-10-06,Ashdod_IL,CHL,my,0.1916,0.1854,0.09231,0.218,0.995
2020-10-07,Ashdod_IL,CHL,my,0.1966,0.1343,0.08346,0.2043,0.9254
2020-10-08,Ashdod_IL,CHL,my,0.1571,0.15,0.09469,0.3204,0.995
2020-10-09,Ashdod_IL,CHL,my,0.164,0.1008,0.1092,0.5596,0.7761
2020-10-11,Ashdod_IL,CHL,my,0.0633,0.0633,0.05234,0.09886,0.8159
2020-10-12,Ashdod_IL,CHL,my,0.04394,0.04394,0.04271,0.08628,0.9005
2020-10-13,Ashdod_IL,CHL,my,0.03351,0.03855,0.03683,0.07143,0.9254
2020-10-14,Ashdod_IL,CHL,my,0.03268,0.03949,0.03497,0.0619,0.9254
2020-10-15,Ashdod_IL,CHL,my,0.04873,0.04854,0.04499,0.06433,0.7363
2020-10-16,Ashdod_IL,CHL,my,0.03101,0.03705,0.04049,0.1046,0.6169
2020-10-17,Ashdod_IL,CHL,my,0.01601,0.02537,0.02556,0.1433,1
2020-10-18,Ashdod_IL,CHL,my,0.04044,0.04241,0.04726,0.1202,0.995
2020-10-19,Ashdod_IL,CHL,my,0.109,0.1005,0.07515,0.2453,0.9254
2020-10-20,Ashdod_IL,CHL,my,0.09177,0.07351,0.06298,0.1721,0.8756
2020-10-21,Ashdod_IL,CHL,my,0.05677,0.06204,0.06132,0.0992,0.6169
2020-10-22,Ashdod_IL,CHL,my,0.1155,0.09338,0.06709,0.1484,0.9254
2020-10-23,Ashdod_IL,CHL,my,0.07522,0.05568,0.04479,0.09105,0.9104
2020-10-25,Ashdod_IL,CHL,my,0.1173,0.09079,0.06555,0.1173,0.8607
2020-10-26,Ashdod_IL,CHL,my,0.2219,0.2114,0.1114,0.2401,0.9254
2020-10-27,Ashdod_IL,CHL,my,0.08039,0.06865,0.06391,0.164,0.995
2020-11-01,Ashdod_IL,CHL,my,0.277,0.26,0.1403,0.2971,0.7861
2020-11-02,Ashdod_IL,CHL,my,0.279,0.2811,0.1855,0.3276,0.6667
2020-11-09,Ashdod_IL,CHL,my,,0.2979,0.1576,0.4513,0.6567
2020-11-10,Ashdod_IL,CHL,my,0.7406,0.699,0.298,0.8722,0.6418
2020-11-11,Ashdod_IL,CHL,my,,0.3223,0.2156,0.4535,0.7413
2020-11-12,Ashdod_IL,CHL,my,0.4507,0.6346,0.4329,0.7579,0.9254
2020-11-13,Ashdod_IL,CHL,my,0.6516,0.4901,0.4126,0.6516,0.9801
2020-11-14,Ashdod_IL,CHL,my,0.6282,0.604,0.3903,0.7338,0.9254
2020-11-15,Ashdod_IL,CHL,my,0.4647,,,,0.3433
2020-11-16,Ashdod_IL,CHL,my,0.4985,0.4046,0.288,0.5375,0.7512
2020-11-17,Ashdod_IL,CHL,my,0.6314,0.603,0.3497,0.7293,0.9254
2020-11-18,Ashdod_IL,CHL,my,1.183,1.261,0.9353,1.547,0.995
2020-11-19,Ashdod_IL,CHL,my,0.7949,0.8196,0.5499,0.924,0.9104
2020-11-22,Ashdod_IL,CHL,my,0.6799,0.5808,0.2912,0.8372,0.9254
2020-11-23,Ashdod_IL,CHL,my,0.3736,0.3736,0.1899,0.7212,0.995
2020-11-25,Ashdod_IL,CHL,my,0.411,,,,0.4378
2020-11-28,Ashdod_IL,CHL,my,0.4253,0.3442,0.2453,0.6748,0.6915
2020-11-29,Ashdod_IL,CHL,my,0.723,0.6824,0.3495,0.7326,0.995
2020-11-30,Ashdod_IL,CHL,my,0.8326,0.8092,0.4494,0.8326,0.9254
2020-12-01,Ashdod_IL,CHL,my,0.7724,0.9294,0.7332,1.187,0.995
2020-12-02,Ashdod_IL,CHL,my,,0.3013,0.2098,0.3202,0.5572
2020-12-03,Ashdod_IL,CHL,my,0.4314,0.392,0.1963,0.4314,0.995
2020-12-09,Ashdod_IL,CHL,my,0.2412,0.3148,0.2157,0.3496,0.995
2020-12-10,Ashdod_IL,CHL,my,0.2145,0.3325,0.2482,0.6167,0.995
2020-12-11,Ashdod_IL,CHL,my,0.3374,0.2741,0.1622,0.3541,0.9254
2020-12-18,Ashdod_IL,CHL,my,0.1306,0.1166,0.1368,0.4603,0.995
2020-12-19,Ashdod_IL,CHL,my,0.1193,0.1047,0.09383,0.1475,0.9254
2020-12-20,Ashdod_IL,CHL,my,0.2212,0.2212,0.1858,0.5526,1
2020-12-21,Ashdod_IL,CHL,my,0.2686,0.2686,0.1841,0.4719,1
2020-12-22,Ashdod_IL,CHL,my,0.2866,,,,0.4876
2020-12-25,Ashdod_IL,CHL,my,0.1467,0.221,0.1481,0.3596,1
2020-12-26,Ashdod_IL,CHL,my,0.1432,0.1439,0.1664,0.3862,0.995
2020-12-27,Ashdod_IL,CHL,my,0.1822,0.1822,0.1469,0.2171,0.9254
2020-12-28,Ashdod_IL,CHL,my,0.2516,,,,0.2687
2020-12-29,Ashdod_IL,CHL,my,0.2094,0.1409,0.1137,0.2773,0.9254
2020-12-30,Ashdod_IL,CHL,my,0.1179,0.1179,0.09608,0.1565,0.9254
2020-12-31,Ashdod_IL,CHL,my,0.1907,0.1844,0.1353,0.2382,0.9254
2020-01-03,Ashkelon_IL,CHL,my,0.3321,,,,0.4726
2020-01-05,Ashkelon_IL,CHL,my,0.7687,0.8324,0.4087,1.306,0.9254
2020-01-06,Ashkelon_IL,CHL,my,0.8192,0.8192,0.4992,1.061,0.9502
2020-01-11,Ashkelon_IL,CHL,my,0.6627,0.604,0.3327,1.002,0.9104
2020-01-13,Ashkelon_IL,CHL,my,0.244,0.3299,0.2469,0.7189,0.8358
2020-01-14,Ashkelon_IL,CHL,my,0.2657,0.2657,0.1766,0.3395,0.9502
2020-01-15,Ashkelon_IL,CHL,my,0.2606,0.2606,0.1993,0.4245,0.9104
2020-01-16,Ashkelon_IL,CHL,my,0.3508,0.312,0.2273,0.4632,0.9104
2020-01-25,Ashkelon_IL,CHL,my,1.006,1.451,0.957,1.927,0.6119
2020-01-26,Ashkelon_IL,CHL,my,0.9095,0.9095,0.5569,1.433,0.9502
2020-01-27,Ashkelon_IL,CHL,my,,0.4412,0.2833,0.5836,0.5224
2020-01-30,Ashkelon_IL,CHL,my,0.2748,0.2748,0.197,0.679,0.9502
2020-01-31,Ashkelon_IL,CHL,my,0.146,0.1333,0.1166,0.4053,0.9104
2020-02-02,Ashkelon_IL,CHL,my,1.007,1.092,0.5548,1.553,1
2020-02-04,Ashkelon_IL,CHL,my,0.5988,0.5988,0.3428,1.14,0.8806
2020-02-05,Ashkelon_IL,CHL,my,0.659,0.471,0.2972,1.02,0.9104
2020-02-06,Ashkelon_IL,CHL,my,0.441,0.441,0.2945,0.8419,1
2020-02-10,Ashkelon_IL,CHL,my,,0.864,0.5752,0.9628,0.7015
2020-02-12,Ashkelon_IL,CHL,my,1.793,1.793,1.005,3.587,1
2020-02-13,Ashkelon_IL,CHL,my,0.884,0.884,0.5873,1.349,0.9104
2020-02-15,Ashkelon_IL,CHL,my,0.4636,0.4636,0.3553,1.399,1
2020-02-17,Ashkelon_IL,CHL,my,0.7341,0.7093,0.3394,1.308,0.9502
2020-02-21,Ashkelon_IL,CHL,my,1.077,1.077,0.4853,1.655,0.9502
2020-02-26,Ashkelon_IL,CHL,my,1.084,0.9634,0.4978,1.538,0.9104
2020-02-27,Ashkelon_IL,CHL,my,0.6546,0.6546,0.4172,1.518,1
2020-02-28,Ashkelon_IL,CHL,my,0.6113,0.2754,0.2867,1.4,0.9104
2020-02-29,Ashkelon_IL,CHL,my,0.2517,0.165,0.1505,0.6506,0.8806
2020-03-03,Ashkelon_IL,CHL,my,1.476,1.476,1.17,4.685,0.9502
2020-03-04,Ashkelon_IL,CHL,my,1.991,1.991,1.011,2.79,0.9502
2020-03-05,Ashkelon_IL,CHL,my,1.453,0.6827,0.4287,1.453,0.806
2020-03-07,Ashkelon_IL,CHL,my,0.8778,0.8778,0.3752,1.039,0.6169
2020-03-08,Ashkelon_IL,CHL,my,1.31,1.31,0.5556,2.398,0.9502
2020-03-16,Ashkelon_IL,CHL,my,1.352,1.352,0.6218,1.881,0.9502
2020-03-21,Ashkelon_IL,CHL,my,1.484,1.464,0.909,1.623,0.8557
2020-03-22,Ashkelon_IL,CHL,my,1.559,1.559,1.025,2.053,1
2020-03-23,Ashkelon_IL,CHL,my,,0.8831,0.4895,1.136,0.7363
2020-03-25,Ashkelon_IL,CHL,my,1.143,1.143,0.6627,2.016,0.9502
2020-03-26,Ashkelon_IL,CHL,my,0.8726,0.9207,0.5718,1.68,0.8806
2020-03-29,Ashkelon_IL,CHL,my,1.336,1.007,0.6093,1.699,0.9104
2020-04-02,Ashkelon_IL,CHL,my,1.48,1.326,0.5865,1.839,0.9104
2020-04-03,Ashkelon_IL,CHL,my,,0.5125,0.2847,0.8977,0.7363
2020-04-04,Ashkelon_IL,CHL,my,1.842,1.842,1.008,2.721,0.9502
2020-04-06,Ashkelon_IL,CHL,my,1.084,1.019,0.5318,1.839,0.9502
2020-04-07,Ashkelon_IL,CHL,my,1.375,1.375,0.5749,2.287,0.9502
2020-04-08,Ashkelon_IL,CHL,my,1.102,1.045,0.4928,1.402,0.9204
2020-04-12,Ashkelon_IL,CHL,my,1.25,1.25,0.5994,2.467,0.9502
2020-04-13,Ashkelon_IL,CHL,my,1.197,0.7022,0.3933,1.197,0.806
2020-04-14,Ashkelon_IL,CHL,my,,0.889,0.448,1.18,0.7363
2020-04-15,Ashkelon_IL,CHL,my,0.6739,0.4416,0.2873,0.6739,0.806
2020-04-16,Ashkelon_IL,CHL,my,0.8392,,,,0.4179
2020-04-17,Ashkelon_IL,CHL,my,0.4683,0.3751,0.2272,0.6109,0.8806
2020-04-18,Ashkelon_IL,CHL,my,0.8208,0.8208,0.3727,1.107,0.8408
2020-04-22,Ashkelon_IL,CHL,my,,0.4974,0.2877,0.7162,0.597
2020-04-23,Ashkelon_IL,CHL,my,0.7038,0.7038,0.436,1.535,1
2020-04-26,Ashkelon_IL,CHL,my,0.6523,0.6523,0.3927,1.398,0.9502
2020-04-27,Ashkelon_IL,CHL,my,0.4832,0.4832,0.2716,1.013,0.9502
2020-04-28,Ashkelon_IL,CHL,my,1.6,1.156,0.5977,1.639,0.9502
2020-04-29,Ashkelon_IL,CHL,my,0.6292,0.4862,0.2359,0.6292,0.7811
2020-04-30,Ashkelon_IL,CHL,my,0.5977,0.5561,0.2754,0.8316,0.9104
2020-05-01,Ashkelon_IL,CHL,my,0.7412,0.6786,0.417,0.7877,0.9502
2020-05-02,Ashkelon_IL,CHL,my,0.6131,0.6063,0.3472,0.7251,1
2020-05-04,Ashkelon_IL,CHL,my,0.3219,0.1973,0.1437,0.5418,0.8756
2020-05-06,Ashkelon_IL,CHL,my,0.2599,0.1914,0.1498,0.3839,0.9104
2020-05-07,Ashkelon_IL,CHL,my,1.041,0.8981,0.4141,1.043,0.8806
2020-05-08,Ashkelon_IL,CHL,my,1.027,1.007,0.5621,1.151,0.9104
2020-05-09,Ashkelon_IL,CHL,my,0.7597,0.7078,0.5015,0.8253,0.8806
2020-05-10,Ashkelon_IL,CHL,my,0.7969,0.5911,0.3636,1.043,0.8806
2020-05-11,Ashkelon_IL,CHL,my,0.439,0.4049,0.1974,0.5517,0.7711
2020-05-12,Ashkelon_IL,CHL,my,0.417,0.3679,0.2364,0.4565,0.8806
2020-05-17,Ashkelon_IL,CHL,my,,0.1963,0.1518,0.2227,0.7363
2020-05-19,Ashkelon_IL,CHL,my,,0.1674,0.1412,0.1907,0.7363
2020-05-21,Ashkelon_IL,CHL,my,0.09697,0.09439,0.07788,0.09697,0.806
2020-05-23,Ashkelon_IL,CHL,my,0.09415,,,,0.2836
2020-05-24,Ashkelon_IL,CHL,my,0.655,0.5807,0.2535,0.8008,0.7711
2020-05-25,Ashkelon_IL,CHL,my,1.454,1.454,0.9156,2.235,0.995
2020-05-26,Ashkelon_IL,CHL,my,1.14,1.103,0.7484,1.536,0.8607
2020-05-27,Ashkelon_IL,CHL,my,,1.18,0.6901,1.438,0.7065
2020-05-28,Ashkelon_IL,CHL,my,1.115,1.115,0.5477,1.646,1
2020-05-29,Ashkelon_IL,CHL,my,1.147,0.6371,0.4397,1.497,0.8756
2020-05-30,Ashkelon_IL,CHL,my,1.538,0.9761,0.688,1.634,0.9104
2020-05-31,Ashkelon_IL,CHL,my,0.845,0.845,0.4824,1.207,1
2020-06-01,Ashkelon_IL,CHL,my,1.133,1.133,0.6083,1.431,0.9502
2020-06-03,Ashkelon_IL,CHL,my,0.7504,0.6277,0.3316,0.8929,0.8806
2020-06-04,Ashkelon_IL,CHL,my,0.4404,0.3145,0.195,0.5606,0.9104
2020-06-05,Ashkelon_IL,CHL,my,0.3595,0.3595,0.2145,0.5938,0.9502
2020-06-07,Ashkelon_IL,CHL,my,0.3063,0.3063,0.1806,0.3896,0.9502
2020-06-08,Ashkelon_IL,CHL,my,0.234,0.2021,0.1275,0.234,0.806
2020-06-09,Ashkelon_IL,CHL,my,0.1871,0.1871,0.1227,0.2716,0.9502
2020-06-10,Ashkelon_IL,CHL,my,0.1141,0.1051,0.07496,0.189,0.9104
2020-06-11,Ashkelon_IL,CHL,my,0.1071,0.104,0.07177,0.1691,0.9104
2020-06-12,Ashkelon_IL,CHL,my,0.1224,0.1228,0.07367,0.209,0.9502
2020-06-13,Ashkelon_IL,CHL,my,0.08933,0.07929,0.05399,0.08933,0.7711
2020-06-14,Ashkelon_IL,CHL,my,0.1228,0.1228,0.1128,0.4567,1
2020-06-15,Ashkelon_IL,CHL,my,0.1307,0.1307,0.1446,0.8115,1
2020-06-16,Ashkelon_IL,CHL,my,0.1802,0.1476,0.1011,0.2428,0.6269
2020-06-17,Ashkelon_IL,CHL,my,0.2753,0.2514,0.1349,0.4316,0.806
2020-06-19,Ashkelon_IL,CHL,my,0.1351,,,,0.4378
2020-06-22,Ashkelon_IL,CHL,my,0.7038,0.6415,0.3264,1.001,0.8806
2020-06-23,Ashkelon_IL,CHL,my,0.9895,1.04,0.5648,1.336,1
2020-06-24,Ashkelon_IL,CHL,my,1.27,1.27,0.4527,1.654,0.9502
2020-06-25,Ashkelon_IL,CHL,my,0.7252,0.6758,0.3326,1.109,0.9204
2020-06-26,Ashkelon_IL,CHL,my,0.3828,0.356,0.1971,0.8031,0.9104
2020-06-27,Ashkelon_IL,CHL,my,0.3992,0.3188,0.1389,0.3992,0.7711
2020-06-29,Ashkelon_IL,CHL,my,0.2491,,,,0.3682
2020-07-01,Ashkelon_IL,CHL,my,0.2727,0.4653,0.3953,1.164,0.9502
2020-07-02,Ashkelon_IL,CHL,my,0.6187,0.6187,0.5865,1.404,0.9502
2020-07-03,Ashkelon_IL,CHL,my,1.155,1.155,0.7928,1.732,0.9502
2020-07-04,Ashkelon_IL,CHL,my,0.6272,0.5429,0.2414,0.7074,0.9104
2020-07-08,Ashkelon_IL,CHL,my,1.322,1.322,0.825,1.544,0.9602
2020-07-09,Ashkelon_IL,CHL,my,1.347,1.271,0.6324,1.347,0.9502
2020-07-10,Ashkelon_IL,CHL,my,0.893,0.8575,0.334,1.159,0.9502
2020-07-11,Ashkelon_IL,CHL,my,0.2494,0.1384,0.09983,0.2787,0.7761
2020-07-12,Ashkelon_IL,CHL,my,,0.07947,0.05558,0.099,0.607
2020-07-14,Ashkelon_IL,CHL,my,1.369,1.265,0.4558,1.388,0.9502
2020-07-15,Ashkelon_IL,CHL,my,0.957,0.2315,0.2707,0.957,0.7015
2020-07-16,Ashkelon_IL,CHL,my,1.085,1.085,0.598,1.371,0.9502
2020-07-17,Ashkelon_IL,CHL,my,1.441,1.438,0.5734,1.539,0.9502
2020-07-18,Ashkelon_IL,CHL,my,1.01,1.01,0.4949,1.443,1
2020-07-19,Ashkelon_IL,CHL,my,0.9139,0.1322,0.1779,0.9139,0.806
2020-07-20,Ashkelon_IL,CHL,my,0.9213,0.8566,0.3875,0.9963,0.8806
2020-07-21,Ashkelon_IL,CHL,my,0.481,0.481,0.2676,0.8178,0.9502
2020-07-22,Ashkelon_IL,CHL,my,0.7302,0.7302,0.3349,1.036,0.9502
2020-07-24,Ashkelon_IL,CHL,my,0.2627,0.2627,0.1915,0.7076,0.5522
2020-07-25,Ashkelon_IL,CHL,my,0.659,0.659,0.4713,1.583,1
2020-07-29,Ashkelon_IL,CHL,my,0.599,,,,0.4925
2020-07-30,Ashkelon_IL,CHL,my,0.6871,0.6725,0.4019,0.7905,0.8806
2020-07-31,Ashkelon_IL,CHL,my,0.9343,0.9179,0.4187,1.215,0.9104
2020-08-01,Ashkelon_IL,CHL,my,0.7632,0.5993,0.3287,0.7933,0.7761
2020-08-02,Ashkelon_IL,CHL,my,1.412,1.412,0.5682,2.078,1
2020-08-03,Ashkelon_IL,CHL,my,,0.3489,0.1905,0.5789,0.6119
2020-08-04,Ashkelon_IL,CHL,my,0.2384,0.1846,0.1637,0.2384,0.5721
2020-08-05,Ashkelon_IL,CHL,my,1.211,1.087,0.6949,1.48,0.9104
2020-08-07,Ashkelon_IL,CHL,my,0.3979,0.3116,0.1543,0.6061,0.8806
2020-08-09,Ashkelon_IL,CHL,my,1.273,1.09,0.5074,1.387,0.8806
2020-08-10,Ashkelon_IL,CHL,my,1.11,1.11,0.4755,1.692,0.9502
2020-08-11,Ashkelon_IL,CHL,my,1.189,0.7852,0.4597,1.189,0.806
2020-08-12,Ashkelon_IL,CHL,my,0.9755,0.9755,0.4012,1.13,0.9502
2020-08-13,Ashkelon_IL,CHL,my,0.5092,0.5092,0.2565,1.598,0.9502
2020-08-14,Ashkelon_IL,CHL,my,0.8862,0.3526,0.259,1.183,0.9104
2020-08-15,Ashkelon_IL,CHL,my,0.9892,0.8345,0.3146,1.345,0.8806
2020-08-16,Ashkelon_IL,CHL,my,0.718,0.2338,0.2305,0.9679,0.6368
2020-08-17,Ashkelon_IL,CHL,my,0.7603,0.7603,0.4155,1.4,0.8458
2020-08-18,Ashkelon_IL,CHL,my,1.575,1.47,0.7161,1.734,0.9502
2020-08-19,Ashkelon_IL,CHL,my,0.8066,0.4835,0.2705,0.8066,0.597
2020-08-20,Ashkelon_IL,CHL,my,1.268,0.5678,0.4824,1.972,0.9204
2020-08-21,Ashkelon_IL,CHL,my,0.6895,0.6895,0.3825,1.372,0.9104
2020-08-22,Ashkelon_IL,CHL,my,0.7654,0.5238,0.2834,1.173,0.7761
2020-08-23,Ashkelon_IL,CHL,my,0.9054,0.9054,0.4774,3.27,0.9303
2020-08-24,Ashkelon_IL,CHL,my,1.573,1.38,0.6632,1.573,0.9104
2020-08-25,Ashkelon_IL,CHL,my,0.9431,0.9431,0.4914,1.492,1
2020-08-26,Ashkelon_IL,CHL,my,0.6697,0.4978,0.3032,1.022,0.9104
2020-08-27,Ashkelon_IL,CHL,my,0.3568,0.2848,0.164,0.3568,0.6965
2020-08-28,Ashkelon_IL,CHL,my,0.2799,0.2799,0.2055,0.6359,0.9502
2020-08-29,Ashkelon_IL,CHL,my,0.2003,0.1943,0.1391,0.3446,0.9104
2020-09-02,Ashkelon_IL,CHL,my,0.2428,0.231,0.1517,0.8876,0.9104
2020-09-09,Ashkelon_IL,CHL,my,,0.675,0.479,0.9381,0.5274
2020-09-13,Ashkelon_IL,CHL,my,0.2148,0.3125,0.2829,0.6531,0.9502
2020-09-14,Ashkelon_IL,CHL,my,0.2436,0.2436,0.2089,0.5656,0.9104
2020-09-15,Ashkelon_IL,CHL,my,,0.4713,0.251,0.9308,0.5224
2020-09-19,Ashkelon_IL,CHL,my,0.3005,0.2226,0.1538,0.3005,0.7711
2020-09-21,Ashkelon_IL,CHL,my,0.2575,0.2575,0.1844,0.6671,0.7861
2020-09-22,Ashkelon_IL,CHL,my,0.428,0.3486,0.2038,0.4981,0.8905
2020-09-23,Ashkelon_IL,CHL,my,0.1802,0.1802,0.1363,0.2355,0.9502
2020-09-24,Ashkelon_IL,CHL,my,0.1532,0.1532,0.1159,0.2281,0.9303
2020-09-25,Ashkelon_IL,CHL,my,0.1452,0.1452,0.123,0.3926,1
2020-09-26,Ashkelon_IL,CHL,my,0.1455,0.1455,0.1067,0.2158,0.8159
2020-09-27,Ashkelon_IL,CHL,my,0.5705,0.5461,0.3184,0.5705,1
2020-09-28,Ashkelon_IL,CHL,my,0.5421,0.5054,0.3421,0.5421,0.602
2020-09-29,Ashkelon_IL,CHL,my,0.3214,0.2851,0.1813,0.4122,0.9204
2020-09-30,Ashkelon_IL,CHL,my,0.2935,0.2935,0.1832,0.3478,0.5025
2020-10-01,Ashkelon_IL,CHL,my,0.2301,0.1788,0.1144,0.2779,0.9104
2020-10-02,Ashkelon_IL,CHL,my,0.1682,0.2169,0.14,0.4019,0.8408
2020-10-03,Ashkelon_IL,CHL,my,0.2381,0.2381,0.128,0.3499,0.9502
2020-10-05,Ashkelon_IL,CHL,my,0.1777,0.1777,0.08789,0.2799,0.9502
2020-10-06,Ashkelon_IL,CHL,my,0.1001,0.1001,0.0763,0.2227,0.9502
2020-10-07,Ashkelon_IL,CHL,my,0.1003,0.05231,0.05951,0.1591,0.9104
2020-10-08,Ashkelon_IL,CHL,my,0.113,0.07975,0.0784,0.2365,0.9104
2020-10-09,Ashkelon_IL,CHL,my,0.1652,0.1122,0.0822,0.1652,0.806
2020-10-10,Ashkelon_IL,CHL,my,0.1797,,,,0.209
2020-10-11,Ashkelon_IL,CHL,my,0.0818,0.07864,0.0631,0.1674,0.9104
2020-10-12,Ashkelon_IL,CHL,my,0.08558,0.05428,0.05428,0.1741,0.8756
2020-10-13,Ashkelon_IL,CHL,my,0.1247,0.1247,0.07734,0.2053,0.9502
2020-10-14,Ashkelon_IL,CHL,my,0.1316,0.1599,0.07831,0.2448,0.8955
2020-10-15,Ashkelon_IL,CHL,my,0.1155,0.1155,0.07864,0.2155,0.8756
2020-10-16,Ashkelon_IL,CHL,my,0.08723,0.08723,0.08102,0.3365,1
2020-10-17,Ashkelon_IL,CHL,my,0.1086,0.1086,0.08876,0.412,1
2020-10-18,Ashkelon_IL,CHL,my,0.1868,0.1868,0.09518,0.2771,0.9502
2020-10-19,Ashkelon_IL,CHL,my,0.2717,0.2534,0.1444,0.3398,0.9104
2020-10-20,Ashkelon_IL,CHL,my,0.3273,0.2886,0.1476,0.3273,0.9502
2020-10-21,Ashkelon_IL,CHL,my,0.2341,0.2521,0.1983,0.51,0.6219
2020-10-22,Ashkelon_IL,CHL,my,0.2101,0.1662,0.1153,0.5577,0.9104
2020-10-23,Ashkelon_IL,CHL,my,0.154,0.08735,0.06523,0.154,0.9104
2020-10-25,Ashkelon_IL,CHL,my,0.1062,0.09318,0.06335,0.1062,0.806
2020-10-26,Ashkelon_IL,CHL,my,0.3236,0.2984,0.1489,0.3236,0.8806
2020-10-27,Ashkelon_IL,CHL,my,0.6093,0.4746,0.2685,0.7956,1
2020-10-29,Ashkelon_IL,CHL,my,0.6851,,,,0.1393
2020-11-01,Ashkelon_IL,CHL,my,0.4178,,,,0.199
2020-11-02,Ashkelon_IL,CHL,my,0.5218,0.4179,0.24,0.62,0.9104
2020-11-09,Ashkelon_IL,CHL,my,0.6647,0.5923,0.3239,0.7135,0.9104
2020-11-10,Ashkelon_IL,CHL,my,0.4617,0.4465,0.2482,0.6497,0.9104
2020-11-12,Ashkelon_IL,CHL,my,0.2468,0.2082,0.1835,0.3321,0.7313
2020-11-13,Ashkelon_IL,CHL,my,0.3354,0.3192,0.2081,0.6285,1
2020-11-14,Ashkelon_IL,CHL,my,0.5275,0.5275,0.2651,0.5699,0.8806
2020-11-16,Ashkelon_IL,CHL,my,0.4975,0.526,0.4044,1.038,0.7164
2020-11-17,Ashkelon_IL,CHL,my,,0.3613,0.2603,0.812,0.8806
2020-11-18,Ashkelon_IL,CHL,my,0.7113,0.9635,0.5613,1.224,0.9502
2020-11-19,Ashkelon_IL,CHL,my,0.7512,0.7643,0.5389,0.8022,0.8806
2020-11-22,Ashkelon_IL,CHL,my,1.205,1.188,0.6117,1.797,1
2020-11-23,Ashkelon_IL,CHL,my,0.7166,0.7166,0.3993,0.8972,0.9502
2020-11-27,Ashkelon_IL,CHL,my,0.6022,,,,0.1791
2020-11-28,Ashkelon_IL,CHL,my,0.359,0.4167,0.2919,0.5536,0.9104
2020-11-29,Ashkelon_IL,CHL,my,0.4573,0.4573,0.3154,0.8919,1
2020-11-30,Ashkelon_IL,CHL,my,0.4354,0.4381,0.3216,0.5516,0.9104
2020-12-01,Ashkelon_IL,CHL,my,0.9161,0.874,0.5472,0.9161,0.9502
2020-12-02,Ashkelon_IL,CHL,my,0.4388,0.3804,0.2993,0.5807,0.8806
2020-12-03,Ashkelon_IL,CHL,my,0.4916,0.437,0.2641,0.6717,1
2020-12-06,Ashkelon_IL,CHL,my,0.2333,0.2333,0.1517,0.2827,0.806
2020-12-09,Ashkelon_IL,CHL,my,0.3609,0.3609,0.2364,0.4686,0.9502
2020-12-10,Ashkelon_IL,CHL,my,0.2484,0.3045,0.2459,0.6093,1
2020-12-11,Ashkelon_IL,CHL,my,0.3406,0.3406,0.2697,0.3895,0.9104
2020-12-18,Ashkelon_IL,CHL,my,0.1911,0.1598,0.1275,0.2664,0.9104
2020-12-19,Ashkelon_IL,CHL,my,0.748,0.4157,0.2116,0.748,0.9104
2020-12-20,Ashkelon_IL,CHL,my,0.2072,0.2072,0.1744,0.5158,0.9502
2020-12-21,Ashkelon_IL,CHL,my,0.2118,0.2212,0.1912,0.2655,0.8806
2020-12-22,Ashkelon_IL,CHL,my,0.2458,0.2146,0.1615,0.2458,0.806
2020-12-24,Ashkelon_IL,CHL,my,,0.1557,0.1147,0.1768,0.5224
2020-12-25,Ashkelon_IL,CHL,my,0.1179,0.1248,0.1277,0.2725,0.9502
2020-12-26,Ashkelon_IL,CHL,my,0.1678,0.2273,0.1698,0.2604,0.9502
2020-12-27,Ashkelon_IL,CHL,my,0.2962,0.3234,0.2171,0.4249,0.9502
2020-12-29,Ashkelon_IL,CHL,my,0.2242,0.2742,0.1684,0.3957,0.8806
2020-12-30,Ashkelon_IL,CHL,my,0.1899,0.2774,0.1673,0.4312,0.9502
2020-12-31,Ashkelon_IL,CHL,my,0.2368,0.2467,0.1647,0.3166,0.8806
2020-01-02,Bardawil_off,CHL,my,3.6,3.563,2.477,3.742,1
2020-01-03,Bardawil_off,CHL,my,4.322,4.034,3.603,4.322,1
2020-01-05,Bardawil_off,CHL,my,6.409,6.202,4.519,6.513,1
2020-01-06,Bardawil_off,CHL,my,6.759,6.251,5.351,6.759,1
2020-01-11,Bardawil_off,CHL,my,5.31,4.03,2.975,5.31,0.9341
2020-01-12,Bardawil_off,CHL,my,1.861,1.756,0.9819,1.861,0.5055
2020-01-14,Bardawil_off,CHL,my,3.998,3.667,1.889,3.998,0.9396
2020-01-15,Bardawil_off,CHL,my,2.612,2.53,1.793,2.909,1
2020-01-16,Bardawil_off,CHL,my,4.593,4.348,2.935,4.869,0.9396
2020-01-19,Bardawil_off,CHL,my,3.981,3.781,2.822,3.981,0.5
2020-01-22,Bardawil_off,CHL,my,4.935,,,,0.4341
2020-01-23,Bardawil_off,CHL,my,6.644,6.644,4.449,6.68,0.8132
2020-01-25,Bardawil_off,CHL,my,4.907,5.048,3.675,5.421,1
2020-01-26,Bardawil_off,CHL,my,3.788,3.9,3.192,4.246,1
2020-01-28,Bardawil_off,CHL,my,2.002,,,,0.2527
2020-01-29,Bardawil_off,CHL,my,2.708,2.458,1.754,2.769,1
2020-01-30,Bardawil_off,CHL,my,2.803,2.583,1.668,2.849,1
2020-01-31,Bardawil_off,CHL,my,4.789,4.567,3.382,4.789,1
2020-02-01,Bardawil_off,CHL,my,4.546,5.111,3.554,5.328,0.5
2020-02-02,Bardawil_off,CHL,my,4.041,4.07,2.784,5.027,1
2020-02-04,Bardawil_off,CHL,my,2.209,2.153,1.592,2.308,1
2020-02-05,Bardawil_off,CHL,my,2.311,2.146,1.382,2.554,1
2020-02-06,Bardawil_off,CHL,my,2.976,2.839,1.869,3.002,1
2020-02-07,Bardawil_off,CHL,my,5.638,4.91,3.885,5.686,1
2020-02-12,Bardawil_off,CHL,my,3.938,4.272,3.334,4.485,1
2020-02-13,Bardawil_off,CHL,my,4.18,4.18,3.075,4.27,1
2020-02-15,Bardawil_off,CHL,my,3.504,3.504,3.396,3.68,0.5
2020-02-16,Bardawil_off,CHL,my,3.097,2.128,1.783,3.158,1
2020-02-17,Bardawil_off,CHL,my,,1.389,1.243,1.84,0.6868
2020-02-20,Bardawil_off,CHL,my,3.727,3.878,2.712,4.224,1
2020-02-21,Bardawil_off,CHL,my,4.683,4.683,3.337,4.719,1
2020-02-22,Bardawil_off,CHL,my,6.175,6.139,4.456,6.213,1
2020-02-24,Bardawil_off,CHL,my,3.253,2.166,1.965,3.38,1
2020-02-26,Bardawil_off,CHL,my,3.442,2.132,1.977,3.485,1
2020-02-27,Bardawil_off,CHL,my,2.281,2.41,2.185,3.893,0.5659
2020-02-28,Bardawil_off,CHL,my,2.66,2.361,1.57,2.765,1
2020-02-29,Bardawil_off,CHL,my,1.988,,,,0.3077
2020-03-02,Bardawil_off,CHL,my,4.84,4.508,3.189,4.84,1
2020-03-03,Bardawil_off,CHL,my,4.36,4.21,3.407,4.36,0.8132
2020-03-04,Bardawil_off,CHL,my,2.637,2.549,2.018,2.696,1
2020-03-05,Bardawil_off,CHL,my,3.142,3.038,2.459,3.18,0.8132
2020-03-06,Bardawil_off,CHL,my,2.469,2.267,1.795,3.49,1
2020-03-07,Bardawil_off,CHL,my,2.737,2.358,1.652,2.737,1
2020-03-08,Bardawil_off,CHL,my,2.448,2.293,1.508,2.539,1
2020-03-09,Bardawil_off,CHL,my,2.046,,,,0.4451
2020-03-10,Bardawil_off,CHL,my,,1.902,1.492,2.141,0.7527
2020-03-14,Bardawil_off,CHL,my,3.203,3.001,1.964,4.004,1
2020-03-15,Bardawil_off,CHL,my,1.992,1.768,1.456,2.066,1
2020-03-16,Bardawil_off,CHL,my,2.091,1.737,1.342,2.32,1
2020-03-20,Bardawil_off,CHL,my,4.358,4.483,3.779,4.753,0.6868
2020-03-21,Bardawil_off,CHL,my,4.727,4.732,3.794,4.878,0.6868
2020-03-22,Bardawil_off,CHL,my,3.612,3.307,2.668,3.612,1
2020-03-26,Bardawil_off,CHL,my,2.018,1.915,1.606,2.162,0.7527
2020-03-28,Bardawil_off,CHL,my,2.744,2.512,1.853,2.843,0.7473
2020-03-29,Bardawil_off,CHL,my,4.558,2.581,2.126,4.98,1
2020-03-30,Bardawil_off,CHL,my,,2.67,1.868,3.015,0.8736
2020-04-01,Bardawil_off,CHL,my,3.165,2.252,2.063,3.165,0.7473
2020-04-02,Bardawil_off,CHL,my,2.208,2.022,1.667,2.208,1
2020-04-03,Bardawil_off,CHL,my,3.339,3.013,2.302,3.538,1
2020-04-04,Bardawil_off,CHL,my,3.072,2.486,2.07,3.381,1
2020-04-06,Bardawil_off,CHL,my,2.782,2.236,1.727,2.782,0.956
2020-04-07,Bardawil_off,CHL,my,2.16,1.831,1.587,2.261,1
2020-04-08,Bardawil_off,CHL,my,2.163,2.08,1.587,2.251,1
2020-04-09,Bardawil_off,CHL,my,1.744,1.678,1.359,1.825,0.9396
2020-04-11,Bardawil_off,CHL,my,,2.014,1.684,2.267,0.9396
2020-04-12,Bardawil_off,CHL,my,2.441,2.179,1.643,2.441,1
2020-04-13,Bardawil_off,CHL,my,1.981,1.592,1.337,2.138,1
2020-04-14,Bardawil_off,CHL,my,1.652,1.53,1.183,1.96,1
2020-04-16,Bardawil_off,CHL,my,1.921,1.709,1.34,2.158,1
2020-04-17,Bardawil_off,CHL,my,2.01,1.969,1.505,2.035,1
2020-04-18,Bardawil_off,CHL,my,1.967,1.874,1.487,1.996,1
2020-04-19,Bardawil_off,CHL,my,2.577,2.419,1.906,2.6,0.9121
2020-04-22,Bardawil_off,CHL,my,1.895,1.755,1.417,1.958,1
2020-04-23,Bardawil_off,CHL,my,1.593,1.533,1.232,1.633,1
2020-04-27,Bardawil_off,CHL,my,,1.637,1.333,1.775,0.8077
2020-04-28,Bardawil_off,CHL,my,2.117,1.894,1.443,2.287,1
2020-04-29,Bardawil_off,CHL,my,,1.475,1.092,1.866,0.8132
2020-04-30,Bardawil_off,CHL,my,1.628,1.484,1.062,1.71,1
2020-05-01,Bardawil_off,CHL,my,1.606,1.556,1.083,1.673,1
2020-05-02,Bardawil_off,CHL,my,1.59,1.407,0.9415,1.59,1
2020-05-03,Bardawil_off,CHL,my,1.67,1.619,0.8178,1.67,0.5165
2020-05-04,Bardawil_off,CHL,my,1.817,1.484,1.103,1.954,1
2020-05-06,Bardawil_off,CHL,my,2.171,2.165,1.963,3.134,0.7527
2020-05-07,Bardawil_off,CHL,my,2.538,2.31,1.935,2.62,1
2020-05-08,Bardawil_off,CHL,my,2.561,2.398,2.119,2.615,1
2020-05-09,Bardawil_off,CHL,my,3.382,2.405,2.001,3.509,1
2020-05-10,Bardawil_off,CHL,my,2.051,1.787,1.431,2.051,0.9341
2020-05-11,Bardawil_off,CHL,my,2.177,1.959,1.616,2.177,0.8736
2020-05-12,Bardawil_off,CHL,my,2.138,1.965,1.458,2.21,1
2020-05-13,Bardawil_off,CHL,my,1.988,1.988,1.837,2.116,0.5495
2020-05-15,Bardawil_off,CHL,my,1.902,1.902,1.387,1.98,1
2020-05-16,Bardawil_off,CHL,my,,1.423,1.149,1.461,0.7473
2020-05-17,Bardawil_off,CHL,my,2.062,1.822,1.335,2.106,1
2020-05-19,Bardawil_off,CHL,my,2.079,1.755,1.232,2.153,1
2020-05-20,Bardawil_off,CHL,my,1.775,1.576,1.153,1.892,1
2020-05-21,Bardawil_off,CHL,my,1.548,1.183,0.9089,1.648,1
2020-05-22,Bardawil_off,CHL,my,1.422,1.417,1.065,1.617,1
2020-05-23,Bardawil_off,CHL,my,2.109,1.737,1.153,2.109,1
2020-05-24,Bardawil_off,CHL,my,7.382,7.282,5.63,7.567,1
2020-05-25,Bardawil_off,CHL,my,4.199,3.718,2.967,4.199,1
2020-05-26,Bardawil_off,CHL,my,2.173,2.051,1.581,2.345,0.8736
2020-05-27,Bardawil_off,CHL,my,2.72,2.638,1.993,2.744,0.8736
2020-05-28,Bardawil_off,CHL,my,3.109,,,,0.3132
2020-05-29,Bardawil_off,CHL,my,2.558,2.17,1.773,2.781,1
2020-05-30,Bardawil_off,CHL,my,2.341,2.201,1.937,2.447,1
2020-05-31,Bardawil_off,CHL,my,2.029,2.029,1.771,2.182,1
2020-06-01,Bardawil_off,CHL,my,,1.81,1.614,2.118,0.8956
2020-06-03,Bardawil_off,CHL,my,2.089,2.089,1.693,2.242,1
2020-06-04,Bardawil_off,CHL,my,2.181,1.987,1.742,2.331,1
2020-06-05,Bardawil_off,CHL,my,1.686,1.661,1.421,1.966,1
2020-06-06,Bardawil_off,CHL,my,1.898,1.781,1.472,2.036,1
2020-06-08,Bardawil_off,CHL,my,2.466,2.356,1.747,2.705,1
2020-06-09,Bardawil_off,CHL,my,1.671,1.617,1.253,1.922,1
2020-06-10,Bardawil_off,CHL,my,,1.544,1.142,1.652,0.8736
2020-06-11,Bardawil_off,CHL,my,1.637,1.574,1.161,1.716,1
2020-06-12,Bardawil_off,CHL,my,1.578,1.523,1.016,1.805,1
2020-06-13,Bardawil_off,CHL,my,,1.865,1.148,2.256,0.8736
2020-06-14,Bardawil_off,CHL,my,1.597,1.597,1.089,1.681,0.9396
2020-06-15,Bardawil_off,CHL,my,1.605,1.461,0.9893,1.902,1
2020-06-16,Bardawil_off,CHL,my,1.773,1.884,1.308,2.412,1
2020-06-18,Bardawil_off,CHL,my,1.681,1.471,0.9286,1.681,0.5275
2020-06-19,Bardawil_off,CHL,my,2.014,1.928,1.346,2.014,0.5714
2020-06-20,Bardawil_off,CHL,my,3.211,2.355,2.228,3.211,0.5659
2020-06-22,Bardawil_off,CHL,my,,2.011,1.561,2.556,0.9396
2020-06-23,Bardawil_off,CHL,my,2.12,1.719,1.552,2.266,1
2020-06-24,Bardawil_off,CHL,my,1.815,1.563,1.36,2.067,1
2020-06-26,Bardawil_off,CHL,my,1.574,1.587,1.177,1.683,1
2020-06-27,Bardawil_off,CHL,my,1.807,1.807,1.244,1.875,1
2020-06-28,Bardawil_off,CHL,my,1.774,1.765,1.492,1.8,0.7527
2020-06-29,Bardawil_off,CHL,my,2.251,1.884,1.452,2.251,0.9341
2020-06-30,Bardawil_off,CHL,my,2.106,1.993,1.584,2.138,0.9835
2020-07-01,Bardawil_off,CHL,my,2.129,2.064,1.752,2.293,1
2020-07-02,Bardawil_off,CHL,my,2.111,1.951,1.424,2.169,1
2020-07-03,Bardawil_off,CHL,my,1.995,1.914,1.264,2.167,1
2020-07-04,Bardawil_off,CHL,my,1.678,1.457,1.105,1.77,1
2020-07-05,Bardawil_off,CHL,my,1.832,1.739,1.349,1.887,0.7582
2020-07-06,Bardawil_off,CHL,my,1.998,1.715,1.353,2.029,1
2020-07-07,Bardawil_off,CHL,my,1.88,1.69,1.286,1.88,0.9341
2020-07-08,Bardawil_off,CHL,my,1.751,1.632,1.201,1.901,1
2020-07-09,Bardawil_off,CHL,my,1.466,1.372,1.02,1.51,1
2020-07-10,Bardawil_off,CHL,my,1.357,1.357,1.054,1.723,1
2020-07-11,Bardawil_off,CHL,my,1.773,,,,0.3132
2020-07-12,Bardawil_off,CHL,my,1.926,1.556,1.323,1.97,1
2020-07-14,Bardawil_off,CHL,my,2.007,1.909,1.563,2.094,1
2020-07-15,Bardawil_off,CHL,my,2.131,1.802,1.5,2.131,0.9341
2020-07-16,Bardawil_off,CHL,my,2.071,1.856,1.461,2.092,1
2020-07-17,Bardawil_off,CHL,my,3.076,1.988,1.678,3.076,1
2020-07-18,Bardawil_off,CHL,my,2.121,2.108,1.642,2.121,1
2020-07-19,Bardawil_off,CHL,my,2.424,2.325,1.78,2.424,1
2020-07-20,Bardawil_off,CHL,my,2.01,1.97,1.789,2.01,0.5
2020-07-21,Bardawil_off,CHL,my,2.031,1.855,1.431,2.031,1
2020-07-22,Bardawil_off,CHL,my,1.809,1.75,1.388,1.856,1
2020-07-23,Bardawil_off,CHL,my,1.903,1.753,1.345,1.956,1
2020-07-24,Bardawil_off,CHL,my,2.245,1.931,1.68,2.396,1
2020-07-25,Bardawil_off,CHL,my,2.206,1.875,1.655,2.919,1
2020-07-26,Bardawil_off,CHL,my,2.202,2.097,1.627,2.387,1
2020-07-27,Bardawil_off,CHL,my,1.919,1.821,1.441,2.073,1
2020-07-30,Bardawil_off,CHL,my,1.692,1.573,1.161,1.812,1
2020-07-31,Bardawil_off,CHL,my,1.911,1.691,1.304,1.982,1
2020-08-01,Bardawil_off,CHL,my,1.629,1.629,1.34,2.03,1
2020-08-02,Bardawil_off,CHL,my,1.652,1.819,1.482,1.94,1
2020-08-03,Bardawil_off,CHL,my,1.439,1.478,1.225,1.601,0.8626
2020-08-04,Bardawil_off,CHL,my,1.891,1.579,1.309,1.903,1
2020-08-05,Bardawil_off,CHL,my,,1.781,1.266,1.927,0.9396
2020-08-06,Bardawil_off,CHL,my,1.943,1.794,1.358,1.964,0.8736
2020-08-08,Bardawil_off,CHL,my,2.101,1.946,1.471,2.212,1
2020-08-09,Bardawil_off,CHL,my,2.106,2.076,1.723,2.295,0.9396
2020-08-10,Bardawil_off,CHL,my,2.003,1.92,1.506,2.048,1
2020-08-11,Bardawil_off,CHL,my,1.811,1.728,1.384,1.886,1
2020-08-13,Bardawil_off,CHL,my,1.792,1.706,1.366,1.89,1
2020-08-14,Bardawil_off,CHL,my,1.734,1.717,1.315,1.815,0.9341
2020-08-15,Bardawil_off,CHL,my,1.76,1.701,1.268,1.836,1
2020-08-16,Bardawil_off,CHL,my,,1.551,1.226,1.791,0.7308
2020-08-17,Bardawil_off,CHL,my,1.753,1.682,1.349,2.081,1
2020-08-19,Bardawil_off,CHL,my,1.958,1.898,1.536,2.064,0.7363
2020-08-20,Bardawil_off,CHL,my,,1.615,1.398,1.905,0.7527
2020-08-23,Bardawil_off,CHL,my,1.931,1.862,1.584,2.314,1
2020-08-24,Bardawil_off,CHL,my,2.113,1.898,1.614,2.732,1
2020-08-25,Bardawil_off,CHL,my,2.203,2.065,1.525,2.764,1
2020-08-26,Bardawil_off,CHL,my,2.008,1.684,1.307,2.207,1
2020-08-27,Bardawil_off,CHL,my,1.471,1.525,1.248,2.377,1
2020-08-28,Bardawil_off,CHL,my,1.947,1.67,1.264,2.045,1
2020-08-29,Bardawil_off,CHL,my,1.806,,,,0.4121
2020-08-31,Bardawil_off,CHL,my,2.076,1.575,1.138,2.094,1
2020-09-01,Bardawil_off,CHL,my,2.181,1.596,1.187,2.207,0.9176
2020-09-02,Bardawil_off,CHL,my,,2.002,1.263,2.326,0.9396
2020-09-08,Bardawil_off,CHL,my,2.074,2.007,1.401,2.185,0.8571
2020-09-09,Bardawil_off,CHL,my,2.036,2.026,1.6,2.232,0.6429
2020-09-10,Bardawil_off,CHL,my,1.936,1.788,1.204,2.03,0.8187
2020-09-11,Bardawil_off,CHL,my,2.786,2.438,1.532,2.867,1
2020-09-12,Bardawil_off,CHL,my,2.369,1.755,1.346,2.61,1
2020-09-13,Bardawil_off,CHL,my,4.54,1.855,1.829,8.064,1
2020-09-14,Bardawil_off,CHL,my,2.242,1.624,1.259,3.135,1
2020-09-15,Bardawil_off,CHL,my,2.11,1.723,1.242,2.961,1
2020-09-16,Bardawil_off,CHL,my,1.57,1.37,1.038,2.637,1
2020-09-17,Bardawil_off,CHL,my,1.798,1.561,1.182,2.295,1
2020-09-19,Bardawil_off,CHL,my,1.668,1.6,1.099,2.854,1
2020-09-21,Bardawil_off,CHL,my,2.825,1.678,1.163,6.665,1
2020-09-22,Bardawil_off,CHL,my,,0.8616,0.5209,1.055,0.6868
2020-09-23,Bardawil_off,CHL,my,2.857,2.805,1.452,3.195,1
2020-09-24,Bardawil_off,CHL,my,2.634,1.991,1.271,3.339,1
2020-09-26,Bardawil_off,CHL,my,3.259,2.435,1.95,3.497,1
2020-09-27,Bardawil_off,CHL,my,4.122,3.063,2.129,4.276,1
2020-09-28,Bardawil_off,CHL,my,2.904,2.761,1.946,3.029,1
2020-09-29,Bardawil_off,CHL,my,2.705,2.07,1.433,2.872,1
2020-09-30,Bardawil_off,CHL,my,3.096,1.983,1.341,3.335,1
2020-10-01,Bardawil_off,CHL,my,2.491,1.628,1.215,2.788,1
2020-10-02,Bardawil_off,CHL,my,2.589,1.874,1.341,2.714,1
2020-10-03,Bardawil_off,CHL,my,2.592,2.153,1.596,2.702,0.8132
2020-10-04,Bardawil_off,CHL,my,1.953,1.498,1.265,1.953,0.6209
2020-10-05,Bardawil_off,CHL,my,3.208,3.108,2.048,3.557,1
2020-10-06,Bardawil_off,CHL,my,2.963,2.329,1.632,2.963,1
2020-10-07,Bardawil_off,CHL,my,1.918,1.371,1.239,2.404,1
2020-10-08,Bardawil_off,CHL,my,1.635,1.311,1.053,1.913,1
2020-10-09,Bardawil_off,CHL,my,2.072,1.509,1.02,2.382,1
2020-10-11,Bardawil_off,CHL,my,2.129,2.12,1.357,2.233,0.8132
2020-10-12,Bardawil_off,CHL,my,2.093,2.026,1.305,2.342,1
2020-10-13,Bardawil_off,CHL,my,2.188,2.188,1.409,2.755,0.6099
2020-10-14,Bardawil_off,CHL,my,3.377,2.912,1.803,3.799,0.9396
2020-10-16,Bardawil_off,CHL,my,2.215,1.291,1.108,2.276,1
2020-10-17,Bardawil_off,CHL,my,2.139,1.903,1.157,2.252,0.8132
2020-10-18,Bardawil_off,CHL,my,1.84,1.471,1.085,1.901,1
2020-10-19,Bardawil_off,CHL,my,1.819,1.578,1.269,2.088,1
2020-10-20,Bardawil_off,CHL,my,2.041,1.866,1.342,2.206,0.9396
2020-10-21,Bardawil_off,CHL,my,2.327,2.061,1.451,2.373,1
2020-10-23,Bardawil_off,CHL,my,3.188,2.732,2.181,3.254,1
2020-10-24,Bardawil_off,CHL,my,2.568,2.568,1.689,2.623,0.5
2020-10-25,Bardawil_off,CHL,my,,1.652,1.311,1.934,0.5604
2020-10-26,Bardawil_off,CHL,my,2.213,2.02,1.521,2.843,0.6868
2020-10-27,Bardawil_off,CHL,my,2.722,,,,0.3132
2020-10-31,Bardawil_off,CHL,my,,1.447,1.166,1.625,0.6209
2020-11-02,Bardawil_off,CHL,my,2.435,2.297,1.732,2.435,0.9396
2020-11-04,Bardawil_off,CHL,my,2.518,2.397,1.829,2.604,0.9396
2020-11-08,Bardawil_off,CHL,my,2.465,2.096,1.735,2.465,0.9341
2020-11-09,Bardawil_off,CHL,my,3.822,2.381,2.156,4.348,1
2020-11-10,Bardawil_off,CHL,my,2.61,2.199,1.513,3.805,1
2020-11-11,Bardawil_off,CHL,my,2.098,1.911,1.35,2.508,1
2020-11-12,Bardawil_off,CHL,my,2.172,1.746,1.184,2.172,1
2020-11-14,Bardawil_off,CHL,my,1.959,1.787,1.216,2.121,1
2020-11-15,Bardawil_off,CHL,my,1.544,1.395,1.072,1.544,0.8132
2020-11-16,Bardawil_off,CHL,my,3.755,2.506,1.916,3.889,1
2020-11-17,Bardawil_off,CHL,my,2.526,2.418,1.854,2.759,0.8132
2020-11-18,Bardawil_off,CHL,my,3.041,2.59,1.953,3.624,1
2020-11-19,Bardawil_off,CHL,my,2.208,2.208,1.385,2.272,0.5659
2020-11-21,Bardawil_off,CHL,my,4.092,2.286,1.801,4.092,1
2020-11-22,Bardawil_off,CHL,my,1.819,1.555,1.094,2.096,1
2020-11-23,Bardawil_off,CHL,my,1.618,1.497,0.9605,1.777,1
2020-11-27,Bardawil_off,CHL,my,1.964,1.897,1.52,2.074,0.7527
2020-11-29,Bardawil_off,CHL,my,2.138,2.135,1.157,2.241,1
2020-11-30,Bardawil_off,CHL,my,2.354,2.047,1.118,2.437,1
2020-12-01,Bardawil_off,CHL,my,3.047,2.919,1.489,4.361,1
2020-12-02,Bardawil_off,CHL,my,3.918,2.268,1.517,4.463,1
2020-12-03,Bardawil_off,CHL,my,2.837,1.177,0.9586,3.202,1
2020-12-05,Bardawil_off,CHL,my,3.036,2.627,1.483,4.166,0.8791
2020-12-09,Bardawil_off,CHL,my,2.717,2.304,1.24,3.06,1
2020-12-10,Bardawil_off,CHL,my,2.84,2.14,1.216,3.014,1
2020-12-11,Bardawil_off,CHL,my,,2.393,1.317,2.626,0.8077
2020-12-21,Bardawil_off,CHL,my,2.207,1.523,1.123,2.471,1
2020-12-22,Bardawil_off,CHL,my,1.956,1.272,0.8823,2.198,1
2020-12-25,Bardawil_off,CHL,my,2.936,2.859,1.702,2.997,0.8132
2020-12-26,Bardawil_off,CHL,my,2.345,1.638,1.245,2.619,1
2020-12-27,Bardawil_off,CHL,my,3.642,2.313,1.888,4.262,1
2020-12-28,Bardawil_off,CHL,my,2.536,2.158,1.538,2.536,1
2020-12-30,Bardawil_off,CHL,my,2.05,1.438,1.022,2.05,1
2020-12-31,Bardawil_off,CHL,my,1.535,1.241,0.864,1.582,1
2020-01-02,Damietta_mouth,CHL,my,6.305,6.106,3.67,6.499,1
2020-01-03,Damietta_mouth,CHL,my,,4.105,2.544,4.931,0.8791
2020-01-05,Damietta_mouth,CHL,my,6.479,5.295,3.204,6.479,1
2020-01-07,Damietta_mouth,CHL,my,,2.355,1.938,3.395,0.6209
2020-01-11,Damietta_mouth,CHL,my,4.941,4.179,2.761,4.941,0.6923
2020-01-12,Damietta_mouth,CHL,my,2.075,,,,0.4286
2020-01-13,Damietta_mouth,CHL,my,1.714,1.652,1.287,2.406,0.8022
2020-01-14,Damietta_mouth,CHL,my,3.767,2.284,1.745,3.767,0.7527
2020-01-17,Damietta_mouth,CHL,my,,1.403,1.185,1.509,0.5055
2020-01-19,Damietta_mouth,CHL,my,3.198,2.088,1.463,3.198,0.7527
2020-01-20,Damietta_mouth,CHL,my,,2,1.751,4.212,0.6868
2020-01-23,Damietta_mouth,CHL,my,3.979,3.155,2.317,4.067,1
2020-01-24,Damietta_mouth,CHL,my,,5.543,3.953,6.533,0.6264
2020-01-25,Damietta_mouth,CHL,my,4.126,3.534,2.763,4.216,0.9231
2020-01-26,Damietta_mouth,CHL,my,4.202,3.092,2.347,4.374,0.8022
2020-01-27,Damietta_mouth,CHL,my,3.529,,,,0.4945
2020-01-28,Damietta_mouth,CHL,my,3.538,3.009,1.907,3.694,1
2020-01-29,Damietta_mouth,CHL,my,2.399,1.992,1.567,2.504,1
2020-01-30,Damietta_mouth,CHL,my,2.352,2.262,1.555,2.445,0.8736
2020-01-31,Damietta_mouth,CHL,my,5.1,3.637,2.472,5.747,1
2020-02-01,Damietta_mouth,CHL,my,5.282,4.193,2.935,5.845,1
2020-02-03,Damietta_mouth,CHL,my,2.436,2.253,2.002,3.453,0.6264
2020-02-04,Damietta_mouth,CHL,my,1.681,1.565,1.443,1.681,0.6813
2020-02-05,Damietta_mouth,CHL,my,1.923,,,,0.4945
2020-02-07,Damietta_mouth,CHL,my,5.183,4.918,3.517,5.392,0.6813
2020-02-12,Damietta_mouth,CHL,my,3.391,3.391,2.296,3.716,1
2020-02-13,Damietta_mouth,CHL,my,3.456,2.498,1.9,3.501,1
2020-02-15,Damietta_mouth,CHL,my,3.068,2.179,1.796,3.298,1
2020-02-17,Damietta_mouth,CHL,my,4.423,3.99,2.674,4.423,0.8132
2020-02-18,Damietta_mouth,CHL,my,3.431,3.431,2.57,3.681,0.5055
2020-02-20,Damietta_mouth,CHL,my,1.841,1.604,1.317,1.919,1
2020-02-21,Damietta_mouth,CHL,my,2.584,2.079,1.476,2.584,1
2020-02-26,Damietta_mouth,CHL,my,,1.773,1.132,1.833,0.8187
2020-02-27,Damietta_mouth,CHL,my,,1.545,1.233,1.622,0.5055
2020-02-28,Damietta_mouth,CHL,my,2.838,2.313,1.992,7.57,1
2020-02-29,Damietta_mouth,CHL,my,1.804,1.554,1.192,1.866,1
2020-03-02,Damietta_mouth,CHL,my,4.189,4.027,2.521,4.641,0.8791
2020-03-03,Damietta_mouth,CHL,my,3.689,3.454,2.137,3.834,1
2020-03-06,Damietta_mouth,CHL,my,2.969,,,,0.3681
2020-03-07,Damietta_mouth,CHL,my,2.568,2.496,1.658,2.771,1
2020-03-09,Damietta_mouth,CHL,my,2.698,2.429,1.728,3.732,1
2020-03-10,Damietta_mouth,CHL,my,2.106,1.846,1.507,3.193,1
2020-03-15,Damietta_mouth,CHL,my,3.452,2.18,1.766,3.572,1
2020-03-16,Damietta_mouth,CHL,my,,1.564,1.271,1.704,0.6319
2020-03-21,Damietta_mouth,CHL,my,5.041,4.084,2.986,5.211,1
2020-03-22,Damietta_mouth,CHL,my,3.744,2.447,2.016,4.384,1
2020-03-26,Damietta_mouth,CHL,my,2.553,2.47,1.931,3.367,0.989
2020-03-29,Damietta_mouth,CHL,my,2.731,2.379,1.862,4.191,1
2020-03-30,Damietta_mouth,CHL,my,3.794,2.664,1.96,3.899,1
2020-04-01,Damietta_mouth,CHL,my,2.362,2.362,1.961,2.419,0.5604
2020-04-02,Damietta_mouth,CHL,my,2.305,2.135,1.841,2.337,1
2020-04-03,Damietta_mouth,CHL,my,3.344,2.655,2.226,3.358,1
2020-04-04,Damietta_mouth,CHL,my,2.445,2.401,1.876,2.61,1
2020-04-06,Damietta_mouth,CHL,my,2.294,2.058,1.589,2.353,0.8187
2020-04-08,Damietta_mouth,CHL,my,1.746,1.646,1.124,2.027,1
2020-04-09,Damietta_mouth,CHL,my,1.633,1.577,1.165,1.8,1
2020-04-11,Damietta_mouth,CHL,my,1.807,1.647,1.421,1.807,0.9396
2020-04-12,Damietta_mouth,CHL,my,1.587,1.587,1.386,1.905,1
2020-04-13,Damietta_mouth,CHL,my,2.583,1.678,1.392,2.583,0.9396
2020-04-14,Damietta_mouth,CHL,my,1.46,1.46,1.237,1.663,1
2020-04-15,Damietta_mouth,CHL,my,,1.402,1.191,1.532,0.6154
2020-04-17,Damietta_mouth,CHL,my,2.312,1.956,1.477,2.312,0.8132
2020-04-18,Damietta_mouth,CHL,my,2.609,2.296,1.675,2.833,1
2020-04-19,Damietta_mouth,CHL,my,2.297,2.121,1.585,2.343,1
2020-04-20,Damietta_mouth,CHL,my,2.54,2.204,1.619,2.869,1
2020-04-21,Damietta_mouth,CHL,my,2.524,2.096,1.489,2.524,0.9396
2020-04-22,Damietta_mouth,CHL,my,2.546,2.266,1.51,2.657,1
2020-04-23,Damietta_mouth,CHL,my,1.859,1.71,1.247,1.908,1
2020-04-25,Damietta_mouth,CHL,my,2.145,2.033,1.401,2.319,1
2020-04-26,Damietta_mouth,CHL,my,2.13,,,,0.3791
2020-04-28,Damietta_mouth,CHL,my,2.53,2.09,1.493,2.897,1
2020-04-29,Damietta_mouth,CHL,my,1.876,1.64,1.106,2.082,1
2020-04-30,Damietta_mouth,CHL,my,2.533,1.624,1.143,3.106,1
2020-05-01,Damietta_mouth,CHL,my,2.707,1.865,1.251,2.961,1
2020-05-02,Damietta_mouth,CHL,my,2.099,1.529,0.9689,2.099,0.9396
2020-05-03,Damietta_mouth,CHL,my,2.421,1.633,1.071,3.508,1
2020-05-04,Damietta_mouth,CHL,my,2.095,1.611,1.09,2.591,1
2020-05-05,Damietta_mouth,CHL,my,1.457,1.461,0.8828,1.79,1
2020-05-06,Damietta_mouth,CHL,my,2.365,2.185,1.333,2.365,0.8791
2020-05-07,Damietta_mouth,CHL,my,2.675,2.131,1.603,3.022,1
2020-05-08,Damietta_mouth,CHL,my,2.653,2.544,1.579,2.653,1
2020-05-09,Damietta_mouth,CHL,my,,1.537,1.077,1.926,0.8187
2020-05-10,Damietta_mouth,CHL,my,,1.613,1.196,2.306,0.9396
2020-05-12,Damietta_mouth,CHL,my,4.822,3.437,2.169,5.043,1
2020-05-14,Damietta_mouth,CHL,my,2.127,1.77,1.197,2.171,1
2020-05-15,Damietta_mouth,CHL,my,1.675,1.378,0.922,1.75,1
2020-05-16,Damietta_mouth,CHL,my,1.741,,,,0.4451
2020-05-17,Damietta_mouth,CHL,my,1.827,1.518,0.9181,2.206,1
2020-05-18,Damietta_mouth,CHL,my,,1.658,0.8583,2.085,0.8791
2020-05-19,Damietta_mouth,CHL,my,,1.407,0.8509,2.239,0.8791
2020-05-20,Damietta_mouth,CHL,my,2.246,1.839,1.042,2.468,1
2020-05-24,Damietta_mouth,CHL,my,,5.695,3.126,5.991,0.5714
2020-05-25,Damietta_mouth,CHL,my,4.234,3.765,2.141,4.407,1
2020-05-26,Damietta_mouth,CHL,my,3.192,2.059,2.021,5.647,1
2020-05-27,Damietta_mouth,CHL,my,2.23,1.924,1.481,2.487,1
2020-05-28,Damietta_mouth,CHL,my,1.798,1.629,1.547,3.534,1
2020-05-29,Damietta_mouth,CHL,my,1.803,1.661,1.193,2.228,1
2020-05-30,Damietta_mouth,CHL,my,3.524,1.939,1.631,3.834,1
2020-05-31,Damietta_mouth,CHL,my,3.603,2.419,1.565,4.378,1
2020-06-01,Damietta_mouth,CHL,my,2.338,2.01,1.322,2.44,1
2020-06-03,Damietta_mouth,CHL,my,1.521,1.452,0.9428,2.005,1
2020-06-04,Damietta_mouth,CHL,my,1.831,1.431,1.151,2.19,1
2020-06-05,Damietta_mouth,CHL,my,1.775,1.665,1.023,1.78,1
2020-06-06,Damietta_mouth,CHL,my,1.692,1.585,1.028,1.849,1
2020-06-09,Damietta_mouth,CHL,my,1.484,1.484,0.8611,1.993,1
2020-06-10,Damietta_mouth,CHL,my,,0.5888,0.3211,0.8211,0.5714
2020-06-11,Damietta_mouth,CHL,my,,0.5024,0.3093,0.8685,0.6923
2020-06-12,Damietta_mouth,CHL,my,1.988,1.633,0.93,1.992,0.6758
2020-06-13,Damietta_mouth,CHL,my,2.382,1.437,0.8821,2.382,1
2020-06-14,Damietta_mouth,CHL,my,1.401,1.076,0.5704,1.503,1
2020-06-15,Damietta_mouth,CHL,my,1.304,0.7797,0.4455,1.569,1
2020-06-16,Damietta_mouth,CHL,my,2.751,1.116,0.7265,2.751,1
2020-06-19,Damietta_mouth,CHL,my,1.562,1.519,0.8304,1.708,0.9396
2020-06-20,Damietta_mouth,CHL,my,1.922,1.666,0.8929,2.103,1
2020-06-22,Damietta_mouth,CHL,my,1.528,0.9832,0.6784,1.817,1
2020-06-23,Damietta_mouth,CHL,my,2.491,1.559,0.995,2.533,1
2020-06-24,Damietta_mouth,CHL,my,2.148,1.507,0.889,2.459,1
2020-06-25,Damietta_mouth,CHL,my,1.488,1.382,0.627,1.753,0.8791
2020-06-27,Damietta_mouth,CHL,my,1.849,1.236,0.815,2.209,1
2020-06-28,Damietta_mouth,CHL,my,1.74,1.303,0.7095,1.74,1
2020-06-29,Damietta_mouth,CHL,my,1.601,1.396,0.7809,1.961,1
2020-06-30,Damietta_mouth,CHL,my,1.649,1.506,0.8935,1.866,1
2020-07-01,Damietta_mouth,CHL,my,1.959,1.397,0.7514,1.959,1
2020-07-02,Damietta_mouth,CHL,my,1.741,1.299,0.7669,2.208,1
2020-07-03,Damietta_mouth,CHL,my,1.575,1.078,0.5639,1.633,1
2020-07-04,Damietta_mouth,CHL,my,1.467,1.174,0.6582,1.777,1
2020-07-05,Damietta_mouth,CHL,my,1.802,1.442,0.6753,1.802,0.989
2020-07-06,Damietta_mouth,CHL,my,1.444,1.398,0.5586,1.578,1
2020-07-07,Damietta_mouth,CHL,my,1.587,1.323,0.5988,1.587,0.7527
2020-07-08,Damietta_mouth,CHL,my,1.159,1.193,0.5548,1.375,1
2020-07-09,Damietta_mouth,CHL,my,1.594,1.24,0.699,1.688,1
2020-07-10,Damietta_mouth,CHL,my,1.57,1.244,0.7652,2.145,0.7418
2020-07-11,Damietta_mouth,CHL,my,1.6,1.459,0.8542,1.868,1
2020-07-13,Damietta_mouth,CHL,my,1.642,1.632,1.017,1.76,0.8571
2020-07-14,Damietta_mouth,CHL,my,,1.567,0.8349,1.642,0.8791
2020-07-15,Damietta_mouth,CHL,my,1.991,1.446,0.8177,2.107,1
2020-07-16,Damietta_mouth,CHL,my,2.182,1.741,1.187,2.876,0.8022
2020-07-17,Damietta_mouth,CHL,my,1.818,1.63,1.057,2.319,1
2020-07-18,Damietta_mouth,CHL,my,1.853,1.834,1.141,1.954,1
2020-07-19,Damietta_mouth,CHL,my,2.557,1.605,1.171,2.852,1
2020-07-21,Damietta_mouth,CHL,my,1.789,1.481,0.9599,2.277,1
2020-07-22,Damietta_mouth,CHL,my,1.627,1.405,0.9282,2.012,1
2020-07-24,Damietta_mouth,CHL,my,1.597,1.597,1.026,1.919,1
2020-07-25,Damietta_mouth,CHL,my,1.579,1.503,1.077,2.019,1
2020-07-26,Damietta_mouth,CHL,my,1.611,1.52,0.9994,2.304,1
2020-07-27,Damietta_mouth,CHL,my,1.666,1.644,1.038,1.697,0.8132
2020-07-29,Damietta_mouth,CHL,my,1.818,1.555,1.059,2.358,1
2020-07-30,Damietta_mouth,CHL,my,1.676,1.426,0.8299,1.84,1
2020-07-31,Damietta_mouth,CHL,my,1.867,1.44,0.6523,1.867,0.7582
2020-08-01,Damietta_mouth,CHL,my,1.466,1.308,0.8679,2.121,1
2020-08-02,Damietta_mouth,CHL,my,1.4,1.4,0.9035,2.53,1
2020-08-03,Damietta_mouth,CHL,my,1.431,,,,0.3681
2020-08-04,Damietta_mouth,CHL,my,1.514,1.334,0.9217,2.031,1
2020-08-05,Damietta_mouth,CHL,my,1.469,1.414,0.9579,1.679,1
2020-08-06,Damietta_mouth,CHL,my,1.459,1.459,1.003,1.765,1
2020-08-07,Damietta_mouth,CHL,my,1.661,1.61,1.04,1.908,1
2020-08-08,Damietta_mouth,CHL,my,2.057,1.573,1.056,2.434,1
2020-08-09,Damietta_mouth,CHL,my,1.872,1.485,1.041,2.437,1
2020-08-10,Damietta_mouth,CHL,my,1.657,1.467,1.059,2.141,1
2020-08-11,Damietta_mouth,CHL,my,1.437,1.366,0.8617,1.545,1
2020-08-12,Damietta_mouth,CHL,my,1.636,1.498,1.044,1.697,1
2020-08-13,Damietta_mouth,CHL,my,1.795,1.506,1.089,2.217,1
2020-08-14,Damietta_mouth,CHL,my,1.697,1.563,1.037,1.866,0.8791
2020-08-15,Damietta_mouth,CHL,my,1.905,1.417,1.029,2.301,1
2020-08-16,Damietta_mouth,CHL,my,1.531,1.531,1.021,1.893,1
2020-08-17,Damietta_mouth,CHL,my,1.558,1.306,0.8535,1.561,0.9396
2020-08-18,Damietta_mouth,CHL,my,1.475,1.392,0.859,1.962,0.8681
2020-08-19,Damietta_mouth,CHL,my,,1.465,0.9928,1.96,0.9396
2020-08-20,Damietta_mouth,CHL,my,1.78,1.411,1.04,2.57,1
2020-08-23,Damietta_mouth,CHL,my,1.799,1.456,0.9643,2.249,1
2020-08-24,Damietta_mouth,CHL,my,1.641,1.6,0.8768,2.647,0.9396
2020-08-25,Damietta_mouth,CHL,my,2.476,1.316,0.7231,3.353,1
2020-08-26,Damietta_mouth,CHL,my,1.777,1.317,0.6974,1.825,1
2020-08-27,Damietta_mouth,CHL,my,1.611,1.382,0.6604,1.809,1
2020-08-28,Damietta_mouth,CHL,my,2.98,2.701,1.218,2.98,0.8571
2020-08-29,Damietta_mouth,CHL,my,1.949,1.63,0.9581,2.342,1
2020-08-31,Damietta_mouth,CHL,my,3.016,1.21,0.971,3.211,1
2020-09-01,Damietta_mouth,CHL,my,2.215,1.226,0.939,4.011,1
2020-09-02,Damietta_mouth,CHL,my,2.877,1.455,1.074,7.308,1
2020-09-05,Damietta_mouth,CHL,my,1.747,1.231,0.8501,2.438,1
2020-09-07,Damietta_mouth,CHL,my,2.49,1.646,1.248,2.833,1
2020-09-09,Damietta_mouth,CHL,my,3.289,1.619,1.117,3.289,0.6923
2020-09-10,Damietta_mouth,CHL,my,2.341,,,,0.2473
2020-09-11,Damietta_mouth,CHL,my,2.944,1.585,1.022,3.245,1
2020-09-12,Damietta_mouth,CHL,my,2.208,1.339,1.033,3.414,1
2020-09-13,Damietta_mouth,CHL,my,2.582,2.235,1.422,2.582,0.6319
2020-09-15,Damietta_mouth,CHL,my,2.979,1.839,1.116,3.43,1
2020-09-16,Damietta_mouth,CHL,my,2.26,1.579,0.9913,2.444,1
2020-09-18,Damietta_mouth,CHL,my,2.636,2.156,1.215,2.998,1
2020-09-19,Damietta_mouth,CHL,my,1.933,1.674,0.9955,3.504,1
2020-09-21,Damietta_mouth,CHL,my,3.997,2.824,1.373,6.574,1
2020-09-22,Damietta_mouth,CHL,my,1.769,1.627,1.021,2.915,0.8791
2020-09-25,Damietta_mouth,CHL,my,2.285,,,,0.1209
2020-09-26,Damietta_mouth,CHL,my,2.914,1.789,1.101,3.338,1
2020-09-27,Damietta_mouth,CHL,my,2.765,2.622,1.346,3.017,1
2020-09-28,Damietta_mouth,CHL,my,2.727,2.21,1.195,3.079,1
2020-09-29,Damietta_mouth,CHL,my,2.581,1.897,1.143,2.925,1
2020-09-30,Damietta_mouth,CHL,my,3.351,1.971,1.445,8.059,1
2020-10-01,Damietta_mouth,CHL,my,2.13,1.239,0.8652,2.791,1
2020-10-02,Damietta_mouth,CHL,my,3.123,2.642,1.298,3.929,1
2020-10-04,Damietta_mouth,CHL,my,2.202,1.769,1.094,2.219,0.9231
2020-10-05,Damietta_mouth,CHL,my,2.01,1.645,1.069,2.883,1
2020-10-06,Damietta_mouth,CHL,my,2.786,1.919,1.051,3.194,1
2020-10-07,Damietta_mouth,CHL,my,2.283,1.616,0.8662,2.639,1
2020-10-08,Damietta_mouth,CHL,my,2.024,1.351,0.7928,2.412,1
2020-10-09,Damietta_mouth,CHL,my,1.775,1.371,0.7541,2.106,1
2020-10-10,Damietta_mouth,CHL,my,1.658,1.515,0.7837,1.848,1
2020-10-11,Damietta_mouth,CHL,my,2.013,1.508,1.327,9.8,1
2020-10-12,Damietta_mouth,CHL,my,,0.9615,0.5336,1.15,0.7527
2020-10-13,Damietta_mouth,CHL,my,1.857,1.599,0.9416,2.327,1
2020-10-14,Damietta_mouth,CHL,my,1.893,1.35,0.9225,2.652,1
2020-10-15,Damietta_mouth,CHL,my,1.746,1.324,0.7252,1.746,1
2020-10-16,Damietta_mouth,CHL,my,1.49,1.49,0.7258,1.712,0.8077
2020-10-17,Damietta_mouth,CHL,my,1.916,1.563,0.8288,2.845,1
2020-10-18,Damietta_mouth,CHL,my,2.262,1.36,0.7615,2.44,1
2020-10-19,Damietta_mouth,CHL,my,2.265,1.251,0.8168,2.724,1
2020-10-20,Damietta_mouth,CHL,my,2.263,1.414,0.8165,2.345,1
2020-10-21,Damietta_mouth,CHL,my,2.875,2.421,1.426,4.176,1
2020-10-22,Damietta_mouth,CHL,my,5.483,3.989,1.683,5.483,0.8791
2020-10-23,Damietta_mouth,CHL,my,7.416,4.764,3.03,9.555,1
2020-10-24,Damietta_mouth,CHL,my,2.557,2.383,1.457,2.829,1
2020-10-25,Damietta_mouth,CHL,my,2.326,2.054,1.336,2.326,0.9396
2020-10-26,Damietta_mouth,CHL,my,2.531,,,,0.3681
2020-10-29,Damietta_mouth,CHL,my,2.827,2.495,1.546,2.951,1
2020-10-30,Damietta_mouth,CHL,my,2.376,,,,0.4945
2020-11-01,Damietta_mouth,CHL,my,2.25,1.499,1.095,2.25,0.7582
2020-11-02,Damietta_mouth,CHL,my,3.781,2.285,2.383,15.67,1
2020-11-03,Damietta_mouth,CHL,my,2.936,1.966,1.617,3.344,0.9396
2020-11-05,Damietta_mouth,CHL,my,5.158,,,,0.4451
2020-11-09,Damietta_mouth,CHL,my,2.745,2.357,1.414,3.015,1
2020-11-10,Damietta_mouth,CHL,my,3.424,3.291,2.076,6.074,0.8022
2020-11-11,Damietta_mouth,CHL,my,1.836,1.549,1.121,1.99,1
2020-11-12,Damietta_mouth,CHL,my,1.793,1.601,1.194,1.946,0.6813
2020-11-13,Damietta_mouth,CHL,my,1.54,1.386,1.082,1.662,0.6209
2020-11-15,Damietta_mouth,CHL,my,2.197,,,,0.1813
2020-11-16,Damietta_mouth,CHL,my,3.821,2.096,1.631,5.117,1
2020-11-18,Damietta_mouth,CHL,my,3.396,2.131,1.539,3.742,0.9396
2020-11-19,Damietta_mouth,CHL,my,2.77,2.295,1.205,2.909,1
2020-11-21,Damietta_mouth,CHL,my,2.055,1.474,0.9992,2.448,1
2020-11-22,Damietta_mouth,CHL,my,2.07,1.564,1.07,2.454,0.7527
2020-11-23,Damietta_mouth,CHL,my,2.078,,,,0.2473
2020-11-27,Damietta_mouth,CHL,my,2.143,1.939,1.387,2.349,0.8022
2020-11-28,Damietta_mouth,CHL,my,1.847,,,,0.4945
2020-11-29,Damietta_mouth,CHL,my,1.789,1.224,0.6822,2.343,1
2020-11-30,Damietta_mouth,CHL,my,1.641,1.11,0.788,2.068,1
2020-12-01,Damietta_mouth,CHL,my,3.252,1.47,1.112,3.252,0.9396
2020-12-02,Damietta_mouth,CHL,my,5.731,3.688,2.209,5.921,0.8022
2020-12-03,Damietta_mouth,CHL,my,11.01,3.622,2.435,12.1,1
2020-12-05,Damietta_mouth,CHL,my,1.776,1.787,0.9261,2.101,1
2020-12-06,Damietta_mouth,CHL,my,1.375,0.6263,0.6467,1.841,1
2020-12-08,Damietta_mouth,CHL,my,3.376,1.53,1.11,3.376,1
2020-12-09,Damietta_mouth,CHL,my,1.594,1.326,0.9472,2.977,1
2020-12-10,Damietta_mouth,CHL,my,1.583,1.147,0.7768,3.495,1
2020-12-16,Damietta_mouth,CHL,my,2.528,2.25,1.79,2.861,0.9396
2020-12-17,Damietta_mouth,CHL,my,2.222,1.845,1.499,2.378,1
2020-12-18,Damietta_mouth,CHL,my,2.123,1.924,1.623,2.218,0.6154
2020-12-19,Damietta_mouth,CHL,my,3.086,3.086,2.242,3.85,0.5549
2020-12-22,Damietta_mouth,CHL,my,9.323,4.054,3.222,9.323,0.7418
2020-12-24,Damietta_mouth,CHL,my,2.304,2.25,1.846,2.464,0.6319
2020-12-25,Damietta_mouth,CHL,my,2.295,2.162,1.803,3.144,0.7418
2020-12-26,Damietta_mouth,CHL,my,5.385,4.765,3.04,5.402,1
2020-12-27,Damietta_mouth,CHL,my,4.447,3.868,2.305,5.766,1
2020-12-29,Damietta_mouth,CHL,my,9.071,6.58,3.634,9.071,1
2020-12-30,Damietta_mouth,CHL,my,,2.597,1.786,2.967,0.5659
2020-12-31,Damietta_mouth,CHL,my,5.062,2.693,2.364,5.062,1
2020-01-02,El_Arish_EG,CHL,my,1.17,1.17,0.9346,1.586,0.9851
2020-01-03,El_Arish_EG,CHL,my,2.496,2.496,1.628,3.056,0.9851
2020-01-04,El_Arish_EG,CHL,my,3.787,3.787,3.193,4.553,0.5771
2020-01-05,El_Arish_EG,CHL,my,3.916,3.623,2.083,4.417,0.9851
2020-01-06,El_Arish_EG,CHL,my,1.271,1.271,0.9221,2.902,0.9851
2020-01-14,El_Arish_EG,CHL,my,1.426,1.344,0.6213,1.799,0.9851
2020-01-15,El_Arish_EG,CHL,my,1.799,1.799,0.7829,2.846,0.9254
2020-01-16,El_Arish_EG,CHL,my,0.7583,0.7583,0.4481,1.196,0.9801
2020-01-19,El_Arish_EG,CHL,my,2.204,2.204,1.434,2.986,1
2020-01-23,El_Arish_EG,CHL,my,2.543,2.396,1.668,4.052,0.9254
2020-01-26,El_Arish_EG,CHL,my,2.59,2.59,1.808,3.949,0.9851
2020-01-27,El_Arish_EG,CHL,my,2.273,2.273,1.623,4.569,1
2020-01-28,El_Arish_EG,CHL,my,1.869,1.869,1.196,2.319,0.9851
2020-01-29,El_Arish_EG,CHL,my,1.723,1.723,1.163,2.778,0.9851
2020-01-30,El_Arish_EG,CHL,my,5.46,5.46,2.293,7.852,0.9851
2020-01-31,El_Arish_EG,CHL,my,2.83,4.755,2.152,5.198,0.7711
2020-02-01,El_Arish_EG,CHL,my,,2.733,1.631,4.394,0.6965
2020-02-02,El_Arish_EG,CHL,my,1.886,1.886,1.294,3.398,0.9851
2020-02-03,El_Arish_EG,CHL,my,2.044,2.188,1.597,2.302,0.5373
2020-02-04,El_Arish_EG,CHL,my,1.829,1.829,1.199,2.282,0.9851
2020-02-05,El_Arish_EG,CHL,my,1.531,1.575,1.618,4.547,0.9851
2020-02-06,El_Arish_EG,CHL,my,1.576,1.576,1.336,2.555,0.9851
2020-02-12,El_Arish_EG,CHL,my,2.706,2.706,1.89,4.021,0.9851
2020-02-13,El_Arish_EG,CHL,my,2.768,2.768,1.993,4.786,1
2020-02-15,El_Arish_EG,CHL,my,2.366,,,,0.4627
2020-02-17,El_Arish_EG,CHL,my,2.048,2.045,1.399,2.108,0.5373
2020-02-20,El_Arish_EG,CHL,my,2.129,2.129,1.189,2.289,0.9851
2020-02-21,El_Arish_EG,CHL,my,1.846,1.846,1.236,2.381,0.9851
2020-02-22,El_Arish_EG,CHL,my,3.2,3.2,1.978,4.019,0.9851
2020-02-25,El_Arish_EG,CHL,my,3.16,3.11,1.532,3.281,0.9851
2020-02-26,El_Arish_EG,CHL,my,3.919,3.644,2.212,4.564,0.9851
2020-02-28,El_Arish_EG,CHL,my,4.112,4.112,1.794,5.378,0.9851
2020-02-29,El_Arish_EG,CHL,my,2.314,2.314,1.092,3.072,1
2020-03-01,El_Arish_EG,CHL,my,5.76,4.137,2.688,5.76,0.6368
2020-03-02,El_Arish_EG,CHL,my,3.484,3.484,1.993,4.15,0.9851
2020-03-03,El_Arish_EG,CHL,my,2.302,2.302,1.701,3.809,0.9851
2020-03-04,El_Arish_EG,CHL,my,2.372,2.372,1.778,4.48,1
2020-03-07,El_Arish_EG,CHL,my,2.359,2.294,1.518,2.63,0.9254
2020-03-08,El_Arish_EG,CHL,my,2.392,2.392,1.663,3.184,0.9851
2020-03-14,El_Arish_EG,CHL,my,1.993,1.901,1.212,2.084,0.9254
2020-03-16,El_Arish_EG,CHL,my,1.463,1.529,0.9475,2.463,1
2020-03-18,El_Arish_EG,CHL,my,8.04,7.823,4.024,8.29,0.7512
2020-03-22,El_Arish_EG,CHL,my,2.18,2.253,1.636,2.612,1
2020-03-23,El_Arish_EG,CHL,my,,1.811,1.234,2.211,0.6965
2020-03-25,El_Arish_EG,CHL,my,2.468,,,,0.4229
2020-03-29,El_Arish_EG,CHL,my,2.381,2.376,1.675,3.153,0.9851
2020-04-01,El_Arish_EG,CHL,my,1.88,,,,0.4627
2020-04-02,El_Arish_EG,CHL,my,1.686,1.681,1.146,1.75,0.9851
2020-04-03,El_Arish_EG,CHL,my,2.048,1.782,1.078,2.048,0.8109
2020-04-04,El_Arish_EG,CHL,my,1.287,1.287,0.9994,2.145,0.9851
2020-04-06,El_Arish_EG,CHL,my,1.391,1.358,0.8793,1.76,1
2020-04-07,El_Arish_EG,CHL,my,1.353,1.353,0.7457,1.792,1
2020-04-08,El_Arish_EG,CHL,my,1.503,1.518,0.9568,1.567,0.9851
2020-04-09,El_Arish_EG,CHL,my,1.561,1.479,0.8258,1.565,0.8657
2020-04-12,El_Arish_EG,CHL,my,1.653,1.663,1.405,2.099,0.9851
2020-04-13,El_Arish_EG,CHL,my,1.567,1.567,1.288,2.518,0.9851
2020-04-14,El_Arish_EG,CHL,my,1.389,1.389,1.24,1.973,0.9851
2020-04-15,El_Arish_EG,CHL,my,1.295,1.324,1.017,1.59,0.9254
2020-04-16,El_Arish_EG,CHL,my,1.241,1.241,0.9931,1.599,0.9851
2020-04-17,El_Arish_EG,CHL,my,1.518,1.547,1.148,1.631,0.9851
2020-04-20,El_Arish_EG,CHL,my,2.129,,,,0.4627
2020-04-21,El_Arish_EG,CHL,my,,1.622,0.9822,1.924,0.7512
2020-04-22,El_Arish_EG,CHL,my,1.918,1.769,1.144,2.129,0.9254
2020-04-23,El_Arish_EG,CHL,my,1.403,1.403,0.9454,1.601,1
2020-04-25,El_Arish_EG,CHL,my,,1.331,0.7457,1.538,0.6418
2020-04-27,El_Arish_EG,CHL,my,1.729,1.729,1.173,2.326,1
2020-04-28,El_Arish_EG,CHL,my,1.929,1.926,1.384,2.351,0.9851
2020-04-29,El_Arish_EG,CHL,my,1.49,1.49,0.9325,1.624,0.8109
2020-04-30,El_Arish_EG,CHL,my,1.228,1.243,0.8117,1.797,0.9851
2020-05-01,El_Arish_EG,CHL,my,1.289,1.261,0.7192,1.359,0.9851
2020-05-02,El_Arish_EG,CHL,my,1.146,1.095,0.6062,1.282,0.9851
2020-05-04,El_Arish_EG,CHL,my,1.092,1.092,0.7061,1.961,0.9254
2020-05-05,El_Arish_EG,CHL,my,1.361,0.6707,0.4923,1.374,0.5721
2020-05-06,El_Arish_EG,CHL,my,1.703,1.658,1.099,1.831,0.9254
2020-05-07,El_Arish_EG,CHL,my,2.247,2.182,1.427,2.504,1
2020-05-08,El_Arish_EG,CHL,my,1.996,1.984,1.341,2.073,0.9851
2020-05-09,El_Arish_EG,CHL,my,1.603,1.602,0.9818,1.84,0.9254
2020-05-10,El_Arish_EG,CHL,my,1.789,1.64,1.072,2.064,0.8706
2020-05-12,El_Arish_EG,CHL,my,,1.283,0.8986,1.863,0.7512
2020-05-13,El_Arish_EG,CHL,my,1.549,,,,0.1144
2020-05-15,El_Arish_EG,CHL,my,1.313,1.313,0.839,1.427,0.9851
2020-05-17,El_Arish_EG,CHL,my,0.9144,0.8378,0.5213,0.9942,0.9254
2020-05-18,El_Arish_EG,CHL,my,,0.8479,0.5181,1.035,0.6567
2020-05-20,El_Arish_EG,CHL,my,1.265,1.201,0.7301,1.471,0.9851
2020-05-21,El_Arish_EG,CHL,my,0.8329,0.7231,0.4624,0.8361,0.9851
2020-05-23,El_Arish_EG,CHL,my,1.178,,,,0.4726
2020-05-25,El_Arish_EG,CHL,my,4.091,4.091,2.698,4.203,0.9851
2020-05-26,El_Arish_EG,CHL,my,1.758,1.767,1.183,2,0.8706
2020-05-29,El_Arish_EG,CHL,my,1.945,1.862,1.354,1.981,0.9254
2020-05-30,El_Arish_EG,CHL,my,3.297,2.453,1.904,3.297,0.9851
2020-05-31,El_Arish_EG,CHL,my,2.339,2.323,1.803,2.659,0.9851
2020-06-01,El_Arish_EG,CHL,my,2.299,2.306,1.854,3.137,1
2020-06-03,El_Arish_EG,CHL,my,2.201,2.173,1.335,2.311,0.9254
2020-06-05,El_Arish_EG,CHL,my,,0.9863,0.6178,1.305,0.5771
2020-06-06,El_Arish_EG,CHL,my,1.823,1.524,1.032,2.045,0.9254
2020-06-07,El_Arish_EG,CHL,my,1.618,1.618,1.036,1.835,0.9851
2020-06-08,El_Arish_EG,CHL,my,1.583,1.331,0.8055,1.583,0.8109
2020-06-09,El_Arish_EG,CHL,my,1.325,1.325,0.8685,1.609,1
2020-06-10,El_Arish_EG,CHL,my,1.184,1.139,0.6165,1.359,0.9254
2020-06-11,El_Arish_EG,CHL,my,1.222,1.222,0.6451,1.467,0.9851
2020-06-12,El_Arish_EG,CHL,my,1.198,1.061,0.5878,1.511,0.9851
2020-06-14,El_Arish_EG,CHL,my,1.483,1.449,0.7777,1.597,0.9851
2020-06-15,El_Arish_EG,CHL,my,1.431,1.451,0.7251,2.13,1
2020-06-17,El_Arish_EG,CHL,my,,0.7693,0.5311,1.027,0.5771
2020-06-19,El_Arish_EG,CHL,my,1.467,1.567,1.022,2.78,0.9403
2020-06-20,El_Arish_EG,CHL,my,1.943,1.909,1.162,2.008,0.9851
2020-06-22,El_Arish_EG,CHL,my,,1.154,0.7155,1.472,0.5771
2020-06-23,El_Arish_EG,CHL,my,1.683,1.683,1.185,1.974,0.9851
2020-06-24,El_Arish_EG,CHL,my,1.534,1.629,1.181,1.805,0.9851
2020-06-25,El_Arish_EG,CHL,my,1.573,1.47,1.109,1.7,0.9851
2020-06-26,El_Arish_EG,CHL,my,1.477,1.495,1.109,1.583,0.9254
2020-06-27,El_Arish_EG,CHL,my,1.578,1.578,1.125,2.258,1
2020-06-28,El_Arish_EG,CHL,my,1.623,1.617,1.098,1.877,0.9851
2020-06-30,El_Arish_EG,CHL,my,1.686,1.652,1.081,1.701,0.7761
2020-07-01,El_Arish_EG,CHL,my,2.044,1.99,1.281,2.163,0.9851
2020-07-02,El_Arish_EG,CHL,my,1.983,1.983,1.273,2.184,0.9851
2020-07-03,El_Arish_EG,CHL,my,1.777,1.777,1.224,1.899,0.9851
2020-07-04,El_Arish_EG,CHL,my,1.526,1.663,1.128,1.89,0.9851
2020-07-05,El_Arish_EG,CHL,my,1.808,1.775,1.179,1.902,0.8657
2020-07-06,El_Arish_EG,CHL,my,2.043,1.873,1.249,2.139,0.9254
2020-07-08,El_Arish_EG,CHL,my,2.346,2.346,1.51,3.093,1
2020-07-09,El_Arish_EG,CHL,my,1.866,1.865,1.381,2.226,0.9851
2020-07-10,El_Arish_EG,CHL,my,2.046,1.957,1.387,2.237,0.9851
2020-07-11,El_Arish_EG,CHL,my,1.89,1.815,1.074,1.901,0.9254
2020-07-12,El_Arish_EG,CHL,my,1.934,,,,0.4577
2020-07-14,El_Arish_EG,CHL,my,2.048,1.959,1.365,2.071,0.9851
2020-07-16,El_Arish_EG,CHL,my,1.792,1.792,1.113,1.857,0.9254
2020-07-17,El_Arish_EG,CHL,my,1.878,1.878,1.001,4.214,1
2020-07-18,El_Arish_EG,CHL,my,1.989,1.989,1.363,2.571,1
2020-07-19,El_Arish_EG,CHL,my,1.935,1.935,1.392,2.049,0.9851
2020-07-21,El_Arish_EG,CHL,my,1.667,1.667,1.234,2.075,0.9851
2020-07-22,El_Arish_EG,CHL,my,1.679,1.679,1.226,1.796,0.9851
2020-07-24,El_Arish_EG,CHL,my,1.604,1.589,1.128,2.192,1
2020-07-25,El_Arish_EG,CHL,my,1.71,1.642,1.289,1.92,0.9851
2020-07-26,El_Arish_EG,CHL,my,,1.392,0.9262,1.617,0.6368
2020-07-30,El_Arish_EG,CHL,my,1.619,1.402,0.9123,1.619,0.8109
2020-07-31,El_Arish_EG,CHL,my,1.82,1.838,1.698,3.357,0.6368
2020-08-01,El_Arish_EG,CHL,my,1.597,1.62,0.9636,1.766,0.806
2020-08-02,El_Arish_EG,CHL,my,1.542,1.682,1.067,2.018,0.9851
2020-08-03,El_Arish_EG,CHL,my,1.467,1.467,0.9633,1.838,0.9254
2020-08-04,El_Arish_EG,CHL,my,1.927,1.927,1.104,2.24,0.9851
2020-08-05,El_Arish_EG,CHL,my,2.048,2.048,1.297,2.641,1
2020-08-06,El_Arish_EG,CHL,my,1.632,1.662,1.213,3.079,0.9851
2020-08-07,El_Arish_EG,CHL,my,1.605,1.683,1.123,1.935,0.9851
2020-08-09,El_Arish_EG,CHL,my,2.755,2.646,1.615,2.755,0.9851
2020-08-10,El_Arish_EG,CHL,my,2.178,2.178,1.525,2.717,1
2020-08-11,El_Arish_EG,CHL,my,1.964,1.908,1.194,2.185,0.9254
2020-08-12,El_Arish_EG,CHL,my,1.794,1.794,1.065,1.996,0.9851
2020-08-13,El_Arish_EG,CHL,my,1.678,1.731,1.303,2.508,0.9851
2020-08-14,El_Arish_EG,CHL,my,2.359,2.359,1.321,3.571,0.8806
2020-08-15,El_Arish_EG,CHL,my,1.687,1.529,1.048,2.03,0.9254
2020-08-17,El_Arish_EG,CHL,my,1.541,1.56,1.104,2.051,0.9851
2020-08-18,El_Arish_EG,CHL,my,1.941,1.917,1.075,2.004,0.9851
2020-08-19,El_Arish_EG,CHL,my,1.694,1.694,1.118,2.367,0.9652
2020-08-20,El_Arish_EG,CHL,my,1.997,1.997,1.131,3.421,1
2020-08-21,El_Arish_EG,CHL,my,1.724,,,,0.4677
2020-08-23,El_Arish_EG,CHL,my,1.661,1.661,1.057,2.054,0.9851
2020-08-24,El_Arish_EG,CHL,my,2.015,2.015,1.152,2.621,0.9851
2020-08-25,El_Arish_EG,CHL,my,2.208,2.208,1.304,2.33,0.9851
2020-08-26,El_Arish_EG,CHL,my,1.935,1.935,1.133,2.15,0.9851
2020-08-27,El_Arish_EG,CHL,my,1.955,2.07,0.9839,2.686,0.8856
2020-08-28,El_Arish_EG,CHL,my,2.401,2.401,1.154,2.663,0.9851
2020-08-29,El_Arish_EG,CHL,my,1.947,1.947,1.126,2.484,1
2020-08-31,El_Arish_EG,CHL,my,1.964,1.91,1.097,2.024,0.8706
2020-09-02,El_Arish_EG,CHL,my,1.66,1.66,0.9975,2.469,0.9851
2020-09-08,El_Arish_EG,CHL,my,,1.333,0.8401,1.527,0.5771
2020-09-09,El_Arish_EG,CHL,my,1.916,1.916,1.458,2.115,0.9851
2020-09-12,El_Arish_EG,CHL,my,1.878,1.878,1.092,2.048,0.9851
2020-09-13,El_Arish_EG,CHL,my,2.296,2.138,1.109,2.403,0.9851
2020-09-14,El_Arish_EG,CHL,my,1.965,1.707,1.071,2.523,0.9254
2020-09-15,El_Arish_EG,CHL,my,2.257,2.206,1.286,4.129,0.9353
2020-09-16,El_Arish_EG,CHL,my,,1.162,0.6628,1.319,0.6368
2020-09-19,El_Arish_EG,CHL,my,3.327,1.765,1.123,3.327,0.8109
2020-09-21,El_Arish_EG,CHL,my,2.292,2.159,1.373,3.365,0.9254
2020-09-22,El_Arish_EG,CHL,my,1.799,1.626,1.167,2.175,0.9254
2020-09-23,El_Arish_EG,CHL,my,1.581,1.547,0.8354,2.084,0.9851
2020-09-24,El_Arish_EG,CHL,my,1.433,1.497,0.9775,2.559,0.8706
2020-09-25,El_Arish_EG,CHL,my,1.85,2.393,1.779,3.887,0.592
2020-09-26,El_Arish_EG,CHL,my,2.802,2.802,1.48,3.703,0.9851
2020-09-27,El_Arish_EG,CHL,my,3.008,3.008,1.765,9.964,1
2020-09-28,El_Arish_EG,CHL,my,2.479,2.479,1.636,6,0.9851
2020-09-29,El_Arish_EG,CHL,my,2.025,1.809,1.058,2.985,0.9254
2020-09-30,El_Arish_EG,CHL,my,2.474,2.231,1.267,3.94,0.9254
2020-10-01,El_Arish_EG,CHL,my,1.875,1.875,1.129,2.88,0.9303
2020-10-02,El_Arish_EG,CHL,my,2.486,2.486,1.476,3.801,0.9851
2020-10-03,El_Arish_EG,CHL,my,1.938,1.938,1.199,2.898,0.9851
2020-10-05,El_Arish_EG,CHL,my,3.398,3.398,2.341,10.26,0.9851
2020-10-06,El_Arish_EG,CHL,my,3.599,3.599,2.479,10.06,1
2020-10-07,El_Arish_EG,CHL,my,3.41,3.41,2.297,11.5,0.9851
2020-10-08,El_Arish_EG,CHL,my,2.781,2.781,1.425,4.672,0.9851
2020-10-09,El_Arish_EG,CHL,my,1.959,1.345,0.9178,2.089,0.8657
2020-10-11,El_Arish_EG,CHL,my,3.142,3.142,1.399,4.314,0.9851
2020-10-13,El_Arish_EG,CHL,my,2.688,2.688,1.622,6.964,0.9851
2020-10-14,El_Arish_EG,CHL,my,4.238,4.238,2.5,11.85,0.9851
2020-10-15,El_Arish_EG,CHL,my,2.81,2.81,1.559,5.016,0.9851
2020-10-16,El_Arish_EG,CHL,my,2.858,2.858,1.86,10.9,1
2020-10-17,El_Arish_EG,CHL,my,5.715,4.575,2,7.281,1
2020-10-18,El_Arish_EG,CHL,my,3.308,3.308,1.295,4.008,0.9851
2020-10-19,El_Arish_EG,CHL,my,2.664,2.664,1.392,2.977,0.9851
2020-10-21,El_Arish_EG,CHL,my,1.717,1.859,1.209,2.021,0.6965
2020-10-23,El_Arish_EG,CHL,my,1.811,1.811,1.129,2.045,0.9851
2020-10-26,El_Arish_EG,CHL,my,1.228,1.275,1.013,2.284,0.9851
2020-10-27,El_Arish_EG,CHL,my,1.569,1.569,0.9799,2.307,0.9851
2020-11-02,El_Arish_EG,CHL,my,,1.54,1.073,2.159,0.592
2020-11-03,El_Arish_EG,CHL,my,1.661,1.662,1.082,1.924,0.9851
2020-11-04,El_Arish_EG,CHL,my,1.953,1.953,1.233,2.101,0.9851
2020-11-06,El_Arish_EG,CHL,my,3.385,3.385,2.343,4.037,0.8109
2020-11-07,El_Arish_EG,CHL,my,2.804,,,,0.1692
2020-11-08,El_Arish_EG,CHL,my,2.521,2.084,1.472,2.641,0.8657
2020-11-09,El_Arish_EG,CHL,my,2.145,2.145,1.345,2.41,0.9851
2020-11-10,El_Arish_EG,CHL,my,1.483,1.561,1.082,3.926,0.9851
2020-11-11,El_Arish_EG,CHL,my,1.833,1.709,1.034,1.9,0.9254
2020-11-12,El_Arish_EG,CHL,my,1.836,1.821,1.194,1.92,0.8706
2020-11-13,El_Arish_EG,CHL,my,2.79,2.969,1.851,3.314,0.8507
2020-11-14,El_Arish_EG,CHL,my,1.929,1.635,1.095,2.171,0.9254
2020-11-15,El_Arish_EG,CHL,my,1.652,,,,0.2935
2020-11-17,El_Arish_EG,CHL,my,2.41,2.519,1.609,2.945,0.8109
2020-11-18,El_Arish_EG,CHL,my,2.027,1.898,1.423,3.322,0.9254
2020-11-19,El_Arish_EG,CHL,my,1.209,1.503,1.07,1.963,0.9254
2020-11-20,El_Arish_EG,CHL,my,1.311,1.369,0.932,1.67,0.9851
2020-11-21,El_Arish_EG,CHL,my,1.831,1.831,1.254,4.136,0.9851
2020-11-22,El_Arish_EG,CHL,my,1.912,2.109,1.347,4.282,0.8308
2020-11-23,El_Arish_EG,CHL,my,2.634,2.334,1.057,2.989,0.9851
2020-11-26,El_Arish_EG,CHL,my,1.511,,,,0.4229
2020-11-27,El_Arish_EG,CHL,my,1.356,1.356,0.6576,2.144,0.9851
2020-11-28,El_Arish_EG,CHL,my,1.187,,,,0.2886
2020-11-29,El_Arish_EG,CHL,my,1.064,0.8602,0.4642,1.293,1
2020-11-30,El_Arish_EG,CHL,my,0.6662,0.6662,0.3331,0.9372,0.9851
2020-12-01,El_Arish_EG,CHL,my,0.7234,0.8501,0.7001,1.615,0.9851
2020-12-02,El_Arish_EG,CHL,my,0.8228,0.8156,0.5779,0.8629,0.806
2020-12-03,El_Arish_EG,CHL,my,0.4642,0.4642,0.3648,0.6486,0.9851
2020-12-05,El_Arish_EG,CHL,my,0.4775,0.4775,0.352,0.7858,0.9851
2020-12-06,El_Arish_EG,CHL,my,,1.089,0.4899,1.219,0.7512
2020-12-09,El_Arish_EG,CHL,my,1.798,1.188,0.6824,1.798,0.9851
2020-12-10,El_Arish_EG,CHL,my,1.148,0.964,0.4233,1.379,1
2020-12-11,El_Arish_EG,CHL,my,0.7612,0.6251,0.5256,1.418,0.9254
2020-12-13,El_Arish_EG,CHL,my,1.652,1.212,0.8692,1.894,0.8657
2020-12-19,El_Arish_EG,CHL,my,0.967,0.967,0.5122,1.638,0.9851
2020-12-20,El_Arish_EG,CHL,my,1.334,1.334,0.6179,1.667,0.9851
2020-12-21,El_Arish_EG,CHL,my,0.8176,0.8176,0.4374,1.21,0.9851
2020-12-22,El_Arish_EG,CHL,my,0.6289,0.705,0.5142,0.9008,0.6965
2020-12-24,El_Arish_EG,CHL,my,1.507,1.486,0.9068,1.621,0.806
2020-12-25,El_Arish_EG,CHL,my,0.9872,0.9872,0.7102,2.299,1
2020-12-26,El_Arish_EG,CHL,my,1.229,1.229,0.8954,1.931,0.9851
2020-12-27,El_Arish_EG,CHL,my,1.094,1.094,0.7247,1.828,0.9851
2020-12-28,El_Arish_EG,CHL,my,1.228,1.183,0.864,1.478,0.9851
2020-12-29,El_Arish_EG,CHL,my,0.9173,0.8095,0.6252,0.948,0.9851
2020-12-30,El_Arish_EG,CHL,my,0.6325,0.6325,0.5179,1.242,1
2020-12-31,El_Arish_EG,CHL,my,0.6909,0.5436,0.4425,0.6909,0.9254
2020-01-02,Gaza_City,CHL,my,,0.2514,0.2053,0.2728,0.8706
2020-01-03,Gaza_City,CHL,my,0.5181,0.4469,0.3181,0.611,0.9254
2020-01-05,Gaza_City,CHL,my,0.8791,0.8716,0.5692,1.064,1
2020-01-06,Gaza_City,CHL,my,0.9003,0.9003,0.5454,1.13,1
2020-01-11,Gaza_City,CHL,my,0.2529,0.2655,0.226,0.4225,0.9254
2020-01-14,Gaza_City,CHL,my,0.223,0.2079,0.1716,0.2778,0.9254
2020-01-15,Gaza_City,CHL,my,0.1527,0.1816,0.1492,0.2194,0.9254
2020-01-16,Gaza_City,CHL,my,0.1784,0.1784,0.1539,0.2359,0.7761
2020-01-19,Gaza_City,CHL,my,0.3808,,,,0.0547
2020-01-25,Gaza_City,CHL,my,1.309,1.309,1.076,1.655,0.6468
2020-01-26,Gaza_City,CHL,my,1.887,1.588,0.86,1.925,1
2020-01-27,Gaza_City,CHL,my,,0.2577,0.1965,0.3334,0.6119
2020-01-28,Gaza_City,CHL,my,,0.2618,0.1727,0.3379,0.7313
2020-01-30,Gaza_City,CHL,my,0.2246,0.1893,0.1584,0.4277,0.9254
2020-01-31,Gaza_City,CHL,my,0.8836,0.4126,0.2872,1.014,0.9104
2020-02-02,Gaza_City,CHL,my,1.14,1.14,0.5959,1.525,1
2020-02-04,Gaza_City,CHL,my,0.4766,0.363,0.2498,1.046,0.9254
2020-02-05,Gaza_City,CHL,my,0.9864,0.9117,0.3479,1.264,0.9254
2020-02-06,Gaza_City,CHL,my,0.7154,0.7357,0.3456,1.087,1
2020-02-12,Gaza_City,CHL,my,0.9258,0.8554,0.7205,1.866,0.9254
2020-02-13,Gaza_City,CHL,my,0.5387,0.502,0.4194,1.437,0.9851
2020-02-15,Gaza_City,CHL,my,,0.2631,0.1984,0.3741,0.7662
2020-02-17,Gaza_City,CHL,my,1.184,1.184,0.5404,1.694,1
2020-02-20,Gaza_City,CHL,my,0.8568,0.7145,0.3733,1.097,0.806
2020-02-21,Gaza_City,CHL,my,1.353,1.353,0.6892,2.293,1
2020-02-26,Gaza_City,CHL,my,1.168,0.9996,0.6034,1.451,0.9104
2020-02-27,Gaza_City,CHL,my,0.5618,,,,0.0945
2020-02-28,Gaza_City,CHL,my,1.519,1.288,0.5083,1.932,0.9254
2020-02-29,Gaza_City,CHL,my,0.3815,0.2491,0.1863,0.8456,0.9104
2020-03-02,Gaza_City,CHL,my,,0.4351,0.2933,0.8668,0.5224
2020-03-03,Gaza_City,CHL,my,1.535,1.535,1.127,3.765,1
2020-03-04,Gaza_City,CHL,my,1.802,1.802,0.9375,2.179,0.9254
2020-03-05,Gaza_City,CHL,my,1.604,1.483,0.7312,2.055,0.9104
2020-03-07,Gaza_City,CHL,my,1.122,1.058,0.502,1.456,0.9254
2020-03-08,Gaza_City,CHL,my,1.89,1.89,0.8496,2.707,1
2020-03-14,Gaza_City,CHL,my,1.123,,,,0.4478
2020-03-16,Gaza_City,CHL,my,1.196,1.093,0.5217,1.342,0.9254
2020-03-22,Gaza_City,CHL,my,1.547,1.455,1.037,1.647,0.9104
2020-03-23,Gaza_City,CHL,my,,0.878,0.5195,1.082,0.5124
2020-03-25,Gaza_City,CHL,my,1.547,1.417,0.9057,1.775,0.7264
2020-03-26,Gaza_City,CHL,my,3.103,2.363,1.308,4.708,0.8209
2020-03-29,Gaza_City,CHL,my,2.147,1.385,0.8172,2.264,0.9104
2020-04-02,Gaza_City,CHL,my,1.328,1.289,0.5671,1.428,0.9104
2020-04-03,Gaza_City,CHL,my,,0.7598,0.3697,0.9152,0.7662
2020-04-04,Gaza_City,CHL,my,1.779,1.318,0.7049,2.284,0.9254
2020-04-07,Gaza_City,CHL,my,1.564,0.8888,0.5486,2.035,0.9104
2020-04-08,Gaza_City,CHL,my,1.152,1.08,0.4929,1.366,0.9254
2020-04-09,Gaza_City,CHL,my,1.403,,,,0.2338
2020-04-12,Gaza_City,CHL,my,1.381,1.381,0.7632,1.946,1
2020-04-13,Gaza_City,CHL,my,1.213,0.9001,0.4272,1.37,0.8458
2020-04-14,Gaza_City,CHL,my,,0.7806,0.5046,1.204,0.7264
2020-04-15,Gaza_City,CHL,my,0.9014,0.5901,0.3734,0.9014,0.8209
2020-04-16,Gaza_City,CHL,my,0.9313,0.7919,0.4465,1.071,0.9104
2020-04-17,Gaza_City,CHL,my,0.569,0.4549,0.3163,0.866,0.9104
2020-04-22,Gaza_City,CHL,my,0.9073,0.6808,0.4379,0.9073,0.8209
2020-04-23,Gaza_City,CHL,my,0.8158,0.7515,0.3987,1.47,0.9254
2020-04-26,Gaza_City,CHL,my,0.8065,0.7403,0.3708,1.158,0.7861
2020-04-27,Gaza_City,CHL,my,1.033,1.033,0.5458,1.169,0.9254
2020-04-28,Gaza_City,CHL,my,1.318,1.318,0.8215,1.666,0.9254
2020-04-29,Gaza_City,CHL,my,1.599,1.217,0.776,1.599,0.6418
2020-04-30,Gaza_City,CHL,my,1.251,1.094,0.6134,1.266,0.9254
2020-05-01,Gaza_City,CHL,my,0.9583,0.9583,0.603,1.324,1
2020-05-02,Gaza_City,CHL,my,0.6352,0.6352,0.4549,0.988,1
2020-05-04,Gaza_City,CHL,my,,0.5532,0.2624,0.7043,0.7811
2020-05-06,Gaza_City,CHL,my,0.9196,0.9196,0.4458,1.203,0.9254
2020-05-07,Gaza_City,CHL,my,1.139,0.9705,0.4727,1.155,0.8209
2020-05-08,Gaza_City,CHL,my,1.175,0.9971,0.7025,1.416,0.8607
2020-05-09,Gaza_City,CHL,my,1.007,0.8116,0.5029,1.073,0.8458
2020-05-10,Gaza_City,CHL,my,,0.3772,0.2199,0.7749,0.7313
2020-05-11,Gaza_City,CHL,my,,0.2383,0.186,0.3486,0.5473
2020-05-15,Gaza_City,CHL,my,0.3163,0.2732,0.1944,0.5086,0.9254
2020-05-17,Gaza_City,CHL,my,,0.2028,0.1753,0.2876,0.7662
2020-05-19,Gaza_City,CHL,my,0.2326,0.1995,0.1573,0.2476,0.6567
2020-05-21,Gaza_City,CHL,my,0.1599,0.1224,0.1036,0.2091,0.9104
2020-05-25,Gaza_City,CHL,my,1.95,1.899,1.184,1.95,0.8955
2020-05-26,Gaza_City,CHL,my,1.454,1.373,0.8174,1.542,0.5522
2020-05-27,Gaza_City,CHL,my,,1.038,0.504,1.126,0.6119
2020-05-29,Gaza_City,CHL,my,0.5642,0.6206,0.3718,1.178,0.9254
2020-05-30,Gaza_City,CHL,my,1.36,1.314,0.8002,2.305,0.9254
2020-05-31,Gaza_City,CHL,my,1.198,1.198,0.7299,1.426,1
2020-06-01,Gaza_City,CHL,my,1.507,1.391,0.7319,1.8,0.9254
2020-06-03,Gaza_City,CHL,my,1.003,0.462,0.3771,1.05,0.9104
2020-06-04,Gaza_City,CHL,my,,0.2891,0.2233,0.575,0.7662
2020-06-05,Gaza_City,CHL,my,0.547,0.5047,0.2985,0.83,0.9254
2020-06-07,Gaza_City,CHL,my,0.3495,0.3495,0.2572,0.732,1
2020-06-08,Gaza_City,CHL,my,0.3222,0.2509,0.1572,0.3222,0.8209
2020-06-09,Gaza_City,CHL,my,0.2192,0.2192,0.1469,0.3678,1
2020-06-10,Gaza_City,CHL,my,0.1349,0.1045,0.08059,0.1465,0.8458
2020-06-11,Gaza_City,CHL,my,0.1412,0.1168,0.09492,0.2746,0.9254
2020-06-12,Gaza_City,CHL,my,0.1232,0.1151,0.1078,1.299,0.9254
2020-06-13,Gaza_City,CHL,my,0.2287,0.2287,0.1289,0.3086,0.592
2020-06-14,Gaza_City,CHL,my,0.2942,0.1922,0.1207,0.3914,0.8458
2020-06-15,Gaza_City,CHL,my,0.2062,0.3328,0.2505,1.24,1
2020-06-16,Gaza_City,CHL,my,,0.1356,0.1017,0.476,0.7264
2020-06-17,Gaza_City,CHL,my,,0.1356,0.1117,0.2806,0.7662
2020-06-20,Gaza_City,CHL,my,0.8886,0.8886,0.3598,1.171,0.9254
2020-06-22,Gaza_City,CHL,my,1.195,0.7946,0.4009,1.204,0.8458
2020-06-23,Gaza_City,CHL,my,1.089,1.135,0.5501,1.404,1
2020-06-24,Gaza_City,CHL,my,1.217,1.217,0.5893,1.684,1
2020-06-25,Gaza_City,CHL,my,0.8993,0.5999,0.2977,1.013,0.8458
2020-06-26,Gaza_City,CHL,my,0.7855,0.7855,0.3749,1.074,1
2020-06-27,Gaza_City,CHL,my,0.4833,0.1942,0.1489,0.4962,0.9104
2020-06-28,Gaza_City,CHL,my,0.2377,0.374,0.3043,0.6446,0.5572
2020-07-01,Gaza_City,CHL,my,1.433,1.399,0.7148,1.47,0.9254
2020-07-02,Gaza_City,CHL,my,1.202,1.297,0.831,1.415,0.9254
2020-07-03,Gaza_City,CHL,my,1.306,1.177,0.4554,1.369,0.9104
2020-07-04,Gaza_City,CHL,my,1.034,1.034,0.425,1.266,0.9254
2020-07-08,Gaza_City,CHL,my,1.415,1.465,0.7538,1.662,0.9104
2020-07-09,Gaza_City,CHL,my,1.389,1.184,0.3979,1.426,0.9254
2020-07-10,Gaza_City,CHL,my,0.6285,0.6285,0.2566,1.195,1
2020-07-11,Gaza_City,CHL,my,0.3516,0.2635,0.1601,0.539,0.8458
2020-07-12,Gaza_City,CHL,my,0.9826,0.4166,0.256,0.9826,0.7015
2020-07-14,Gaza_City,CHL,my,0.879,0.6731,0.4476,1.309,0.9254
2020-07-16,Gaza_City,CHL,my,1.157,1.037,0.6005,1.254,0.9254
2020-07-17,Gaza_City,CHL,my,1.331,1.331,0.5759,1.487,1
2020-07-18,Gaza_City,CHL,my,1.228,1.228,0.4788,1.395,1
2020-07-19,Gaza_City,CHL,my,1.228,1.136,0.372,1.228,0.8458
2020-07-20,Gaza_City,CHL,my,1.044,0.9912,0.4396,1.063,0.8706
2020-07-21,Gaza_City,CHL,my,1.14,1.104,0.6646,1.331,1
2020-07-22,Gaza_City,CHL,my,1.283,1.102,0.6244,1.283,0.9254
2020-07-24,Gaza_City,CHL,my,0.6017,0.2786,0.214,0.7937,0.7264
2020-07-25,Gaza_City,CHL,my,1.386,1.35,0.7049,1.456,1
2020-07-30,Gaza_City,CHL,my,1.285,0.926,0.4614,1.285,0.8209
2020-07-31,Gaza_City,CHL,my,1.235,0.9149,0.4923,1.521,0.8657
2020-08-01,Gaza_City,CHL,my,1.048,0.4205,0.3064,1.201,0.8458
2020-08-02,Gaza_City,CHL,my,1.092,1.092,0.5857,1.393,0.9254
2020-08-03,Gaza_City,CHL,my,1.3,1.026,0.5627,1.465,0.8458
2020-08-04,Gaza_City,CHL,my,,0.4374,0.2376,0.6524,0.7662
2020-08-05,Gaza_City,CHL,my,1.258,1.156,0.4649,1.395,0.9254
2020-08-06,Gaza_City,CHL,my,0.9142,,,,0.2985
2020-08-07,Gaza_City,CHL,my,1.018,0.6603,0.3977,1.175,0.9104
2020-08-08,Gaza_City,CHL,my,1.089,1.089,0.595,1.303,0.806
2020-08-09,Gaza_City,CHL,my,1.404,0.5819,0.4484,1.682,0.8458
2020-08-10,Gaza_City,CHL,my,1.381,1.462,0.8191,1.77,0.8358
2020-08-11,Gaza_City,CHL,my,1.327,0.8155,0.391,1.46,0.8458
2020-08-12,Gaza_City,CHL,my,0.8948,0.371,0.2349,1.22,0.8458
2020-08-13,Gaza_City,CHL,my,1.554,1.586,0.818,2.108,0.9602
2020-08-14,Gaza_City,CHL,my,,1.06,0.5168,1.806,0.806
2020-08-15,Gaza_City,CHL,my,1.245,0.6723,0.479,1.537,0.9104
2020-08-17,Gaza_City,CHL,my,1.566,1.183,0.5678,1.604,0.9254
2020-08-18,Gaza_City,CHL,my,1.387,0.5684,0.4197,1.476,0.9104
2020-08-20,Gaza_City,CHL,my,1.275,1.168,0.5764,2.154,0.9254
2020-08-21,Gaza_City,CHL,my,1.142,1.142,0.5111,2.095,1
2020-08-22,Gaza_City,CHL,my,1.22,0.6839,0.363,1.22,0.8458
2020-08-23,Gaza_City,CHL,my,1.603,1.27,0.5652,1.603,0.9104
2020-08-24,Gaza_City,CHL,my,1.207,1.064,0.4725,1.343,0.9254
2020-08-25,Gaza_City,CHL,my,1.34,1.34,0.6915,1.623,1
2020-08-26,Gaza_City,CHL,my,1.217,1.217,0.5289,1.507,0.9254
2020-08-27,Gaza_City,CHL,my,0.8103,0.6122,0.3226,0.8103,0.8209
2020-08-28,Gaza_City,CHL,my,1.048,0.5556,0.3566,1.048,0.7264
2020-08-29,Gaza_City,CHL,my,0.5164,0.5164,0.3244,0.6577,0.9104
2020-09-02,Gaza_City,CHL,my,0.7646,0.6985,0.3634,1.264,0.9254
2020-09-09,Gaza_City,CHL,my,,0.1153,0.1572,0.9661,0.5224
2020-09-12,Gaza_City,CHL,my,,0.1813,0.1112,0.2237,0.6915
2020-09-13,Gaza_City,CHL,my,0.4436,0.2888,0.1965,0.7454,0.9254
2020-09-14,Gaza_City,CHL,my,0.8436,0.6739,0.3425,1.089,0.9254
2020-09-15,Gaza_City,CHL,my,1.112,,,,0.3881
2020-09-19,Gaza_City,CHL,my,0.692,,,,0.3085
2020-09-21,Gaza_City,CHL,my,1.011,,,,0.4975
2020-09-22,Gaza_City,CHL,my,0.6258,0.6258,0.3408,0.7101,1
2020-09-23,Gaza_City,CHL,my,0.1332,0.1332,0.1204,0.2843,1
2020-09-24,Gaza_City,CHL,my,0.111,0.1134,0.09405,0.1668,0.9254
2020-09-25,Gaza_City,CHL,my,0.1735,0.1713,0.1374,0.4655,0.5572
2020-09-26,Gaza_City,CHL,my,0.2612,0.2751,0.1638,0.4606,0.9104
2020-09-27,Gaza_City,CHL,my,0.6829,0.6709,0.3488,1.06,0.9254
2020-09-28,Gaza_City,CHL,my,0.7131,0.6793,0.4213,0.9403,0.5672
2020-09-29,Gaza_City,CHL,my,0.4735,0.4265,0.2315,0.7286,0.9254
2020-10-01,Gaza_City,CHL,my,0.3799,0.2881,0.1807,0.5522,0.9254
2020-10-02,Gaza_City,CHL,my,0.2442,0.3404,0.2449,0.9083,1
2020-10-03,Gaza_City,CHL,my,0.474,0.4611,0.277,0.8447,1
2020-10-05,Gaza_City,CHL,my,0.3433,0.2916,0.1449,0.4864,0.9254
2020-10-06,Gaza_City,CHL,my,0.3023,0.2265,0.1445,0.5473,0.9254
2020-10-07,Gaza_City,CHL,my,0.1319,0.1319,0.1026,0.3831,0.9104
2020-10-08,Gaza_City,CHL,my,0.2402,0.2402,0.1913,0.7795,1
2020-10-09,Gaza_City,CHL,my,0.2932,0.235,0.1461,0.2932,0.8209
2020-10-11,Gaza_City,CHL,my,0.2068,0.2047,0.1222,0.2741,0.7861
2020-10-12,Gaza_City,CHL,my,0.4413,0.3281,0.19,0.5827,0.9254
2020-10-13,Gaza_City,CHL,my,0.5384,0.3474,0.2196,0.6507,0.9254
2020-10-14,Gaza_City,CHL,my,0.4949,0.4365,0.2068,0.6337,0.9254
2020-10-15,Gaza_City,CHL,my,0.8126,0.5447,0.3156,0.8126,0.9104
2020-10-16,Gaza_City,CHL,my,0.8072,0.7369,0.3808,0.9193,1
2020-10-17,Gaza_City,CHL,my,0.7009,0.5704,0.341,0.9597,1
2020-10-18,Gaza_City,CHL,my,0.4572,0.4973,0.2122,0.5456,0.9254
2020-10-19,Gaza_City,CHL,my,0.5628,0.571,0.2652,0.6473,0.9254
2020-10-20,Gaza_City,CHL,my,0.6784,0.648,0.3092,0.6966,0.9254
2020-10-21,Gaza_City,CHL,my,0.4171,0.4171,0.2331,0.5276,0.9154
2020-10-22,Gaza_City,CHL,my,0.7343,0.7343,0.3318,0.78,0.9254
2020-10-23,Gaza_City,CHL,my,0.5459,0.6849,0.33,0.7391,0.9104
2020-10-24,Gaza_City,CHL,my,,0.2932,0.1576,0.489,0.6915
2020-10-25,Gaza_City,CHL,my,0.6908,0.6214,0.3162,0.7535,0.8458
2020-10-26,Gaza_City,CHL,my,0.8405,0.8139,0.4294,0.8724,0.9104
2020-10-27,Gaza_City,CHL,my,0.818,0.6252,0.2919,0.818,0.8209
2020-11-02,Gaza_City,CHL,my,0.6624,0.6624,0.4051,0.8346,0.9254
2020-11-06,Gaza_City,CHL,my,0.9757,0.986,0.6674,1.057,0.8259
2020-11-09,Gaza_City,CHL,my,0.6074,0.5109,0.3563,0.9235,0.9254
2020-11-10,Gaza_City,CHL,my,0.3778,0.4119,0.33,0.9529,1
2020-11-12,Gaza_City,CHL,my,0.5116,0.4629,0.2777,0.5965,0.9254
2020-11-13,Gaza_City,CHL,my,0.507,0.3864,0.2785,0.507,0.9254
2020-11-14,Gaza_City,CHL,my,0.7176,0.6004,0.4594,0.9033,0.9254
2020-11-16,Gaza_City,CHL,my,0.818,0.818,0.5235,1.291,1
2020-11-17,Gaza_City,CHL,my,0.9557,0.9063,0.5295,1.029,1
2020-11-18,Gaza_City,CHL,my,1.033,1.033,0.8726,1.389,0.9254
2020-11-19,Gaza_City,CHL,my,0.9764,0.8032,0.6702,1.016,0.6965
2020-11-20,Gaza_City,CHL,my,,0.4452,0.3016,0.5553,0.7313
2020-11-22,Gaza_City,CHL,my,1.079,0.9691,0.5798,1.256,0.9254
2020-11-23,Gaza_City,CHL,my,0.2994,0.3747,0.3639,0.8028,1
2020-11-27,Gaza_City,CHL,my,0.5541,,,,0.4129
2020-11-29,Gaza_City,CHL,my,0.5803,0.4845,0.2919,0.6273,1
2020-11-30,Gaza_City,CHL,my,0.608,0.6566,0.4574,0.8141,0.9254
2020-12-01,Gaza_City,CHL,my,0.5636,0.5595,0.3827,0.8044,0.9254
2020-12-02,Gaza_City,CHL,my,0.4237,0.4237,0.2875,0.4894,0.7264
2020-12-03,Gaza_City,CHL,my,0.5389,0.4838,0.3361,0.5389,0.9254
2020-12-09,Gaza_City,CHL,my,0.09484,0.1328,0.1125,0.1773,0.7463
2020-12-10,Gaza_City,CHL,my,0.09366,0.1239,0.1186,0.2818,1
2020-12-11,Gaza_City,CHL,my,0.2792,0.2883,0.2244,0.3223,0.9104
2020-12-18,Gaza_City,CHL,my,0.1641,0.1205,0.09662,0.1641,0.9104
2020-12-19,Gaza_City,CHL,my,0.2308,0.2308,0.1779,0.356,0.9254
2020-12-20,Gaza_City,CHL,my,0.1711,0.2091,0.1837,0.5225,0.9851
2020-12-21,Gaza_City,CHL,my,0.1279,0.1609,0.1485,0.1636,0.9104
2020-12-22,Gaza_City,CHL,my,0.2511,0.2331,0.1808,0.3202,0.9254
2020-12-24,Gaza_City,CHL,my,0.1851,0.2042,0.1426,0.3672,0.8159
2020-12-25,Gaza_City,CHL,my,0.7251,0.6722,0.3178,0.9262,1
2020-12-26,Gaza_City,CHL,my,0.2288,0.3234,0.2029,0.4649,0.9254
2020-12-27,Gaza_City,CHL,my,0.4028,0.4028,0.2944,0.7576,1
2020-12-29,Gaza_City,CHL,my,0.3395,0.3351,0.2236,0.418,0.9254
2020-12-30,Gaza_City,CHL,my,0.2518,0.2518,0.1821,0.2834,0.9254
2020-12-31,Gaza_City,CHL,my,0.336,0.2875,0.2286,0.5012,0.9104
2020-01-01,Hadera_IL,CHL,my,0.2782,,,,0.4279
2020-01-06,Hadera_IL,CHL,my,0.4382,0.4454,0.3562,1.048,1
2020-01-11,Hadera_IL,CHL,my,0.318,0.4102,0.3504,0.833,0.7363
2020-01-15,Hadera_IL,CHL,my,,0.3415,0.2177,0.4084,0.592
2020-01-23,Hadera_IL,CHL,my,0.4033,0.3293,0.1765,0.4033,0.5672
2020-01-25,Hadera_IL,CHL,my,0.9573,1.142,0.5671,1.357,0.7313
2020-01-26,Hadera_IL,CHL,my,0.2883,0.2883,0.2097,0.5862,1
2020-01-30,Hadera_IL,CHL,my,0.09501,,,,0.3682
2020-02-01,Hadera_IL,CHL,my,0.1983,0.1983,0.165,0.3607,0.6866
2020-02-02,Hadera_IL,CHL,my,0.1494,0.1362,0.1067,0.1823,0.6269
2020-02-03,Hadera_IL,CHL,my,0.1541,0.1541,0.1238,0.2017,0.6915
2020-02-05,Hadera_IL,CHL,my,0.1129,0.1057,0.09357,0.1526,0.8756
2020-02-06,Hadera_IL,CHL,my,0.168,0.168,0.1195,0.2643,1
2020-02-13,Hadera_IL,CHL,my,0.6179,0.6161,0.3295,0.8885,0.9403
2020-02-15,Hadera_IL,CHL,my,0.4316,0.3367,0.2667,0.599,0.9403
2020-02-17,Hadera_IL,CHL,my,0.9641,0.9641,0.4241,1.286,0.9403
2020-02-20,Hadera_IL,CHL,my,0.54,,,,0.4527
2020-02-21,Hadera_IL,CHL,my,0.4869,0.5064,0.3588,0.7964,0.9403
2020-02-26,Hadera_IL,CHL,my,0.6473,0.6289,0.33,0.8523,0.9403
2020-02-27,Hadera_IL,CHL,my,0.3949,,,,0.3632
2020-02-28,Hadera_IL,CHL,my,1.853,1.248,0.6578,1.853,0.9403
2020-02-29,Hadera_IL,CHL,my,,0.1692,0.1619,0.7919,0.8458
2020-03-01,Hadera_IL,CHL,my,1.479,1.005,0.5133,1.479,0.9403
2020-03-03,Hadera_IL,CHL,my,1.194,1.194,0.5995,2.047,0.9652
2020-03-04,Hadera_IL,CHL,my,1.015,0.9981,0.4735,1.353,1
2020-03-05,Hadera_IL,CHL,my,0.8176,0.6085,0.3285,0.9605,0.9403
2020-03-07,Hadera_IL,CHL,my,1.069,1.069,0.6584,1.274,0.6567
2020-03-08,Hadera_IL,CHL,my,1.02,1.071,0.7015,1.583,0.9652
2020-03-22,Hadera_IL,CHL,my,1.349,1.349,1.101,1.893,1
2020-03-25,Hadera_IL,CHL,my,0.8478,0.6915,0.47,1.585,0.9403
2020-03-26,Hadera_IL,CHL,my,0.655,0.5302,0.3385,0.959,0.9403
2020-03-29,Hadera_IL,CHL,my,0.8776,0.6512,0.3344,0.9174,0.8756
2020-03-30,Hadera_IL,CHL,my,0.3905,0.3003,0.175,0.3905,0.8159
2020-04-02,Hadera_IL,CHL,my,0.3268,0.2167,0.2077,0.6493,0.9403
2020-04-03,Hadera_IL,CHL,my,0.2799,0.1947,0.1336,0.4443,0.8756
2020-04-04,Hadera_IL,CHL,my,0.4031,0.1579,0.1798,0.6524,0.9403
2020-04-07,Hadera_IL,CHL,my,0.2026,0.1564,0.1198,0.2347,0.8756
2020-04-08,Hadera_IL,CHL,my,0.1523,0.1359,0.08356,0.1585,0.8756
2020-04-09,Hadera_IL,CHL,my,0.1253,0.111,0.07233,0.2214,0.8756
2020-04-12,Hadera_IL,CHL,my,0.1686,0.1926,0.1648,0.5044,0.9652
2020-04-13,Hadera_IL,CHL,my,,0.1109,0.07772,0.1252,0.6318
2020-04-14,Hadera_IL,CHL,my,0.4304,0.2942,0.237,0.4304,0.8159
2020-04-16,Hadera_IL,CHL,my,,0.108,0.0814,0.1201,0.5323
2020-04-18,Hadera_IL,CHL,my,0.2074,0.2003,0.1564,0.2663,0.8756
2020-04-26,Hadera_IL,CHL,my,0.08687,0.09139,0.07978,0.09901,0.8756
2020-04-28,Hadera_IL,CHL,my,0.1105,0.1105,0.101,0.4274,0.9751
2020-04-30,Hadera_IL,CHL,my,0.08279,0.07784,0.07048,0.1116,0.8756
2020-05-01,Hadera_IL,CHL,my,0.08206,0.08147,0.07321,0.1085,0.9403
2020-05-02,Hadera_IL,CHL,my,,0.07808,0.07818,0.277,0.791
2020-05-03,Hadera_IL,CHL,my,0.1164,0.1021,0.08012,0.1202,0.8756
2020-05-04,Hadera_IL,CHL,my,0.1189,0.1163,0.09002,0.1544,0.9403
2020-05-07,Hadera_IL,CHL,my,,0.06679,0.06159,0.1117,0.7562
2020-05-08,Hadera_IL,CHL,my,0.1287,0.1305,0.09833,0.153,0.8756
2020-05-10,Hadera_IL,CHL,my,0.1324,0.1215,0.1002,0.1497,0.8756
2020-05-11,Hadera_IL,CHL,my,0.09782,0.09663,0.0846,0.102,0.8159
2020-05-12,Hadera_IL,CHL,my,0.1593,0.1527,0.1476,0.1593,0.8159
2020-05-13,Hadera_IL,CHL,my,,0.1084,0.09782,0.1121,0.6318
2020-05-15,Hadera_IL,CHL,my,0.1162,0.09705,0.08558,0.1162,0.8159
2020-05-18,Hadera_IL,CHL,my,0.1531,0.141,0.1159,0.1755,0.8756
2020-05-21,Hadera_IL,CHL,my,0.1333,0.1225,0.1043,0.1333,0.8159
2020-05-24,Hadera_IL,CHL,my,0.1021,0.08611,0.07263,0.1021,0.6915
2020-05-25,Hadera_IL,CHL,my,0.1443,,,,0.3383
2020-05-27,Hadera_IL,CHL,my,0.6736,0.5208,0.4264,0.9261,0.9403
2020-05-28,Hadera_IL,CHL,my,0.3154,0.4121,0.3496,0.4614,1
2020-05-29,Hadera_IL,CHL,my,0.3989,0.3989,0.3346,0.9475,1
2020-05-30,Hadera_IL,CHL,my,0.5413,0.5712,0.5324,0.6473,0.8756
2020-05-31,Hadera_IL,CHL,my,0.3382,,,,0.3731
2020-06-01,Hadera_IL,CHL,my,0.3043,0.4223,0.3343,0.4696,0.9652
2020-06-03,Hadera_IL,CHL,my,0.1619,0.1619,0.1492,0.1801,0.8756
2020-06-04,Hadera_IL,CHL,my,0.1806,0.2165,0.1942,0.2757,0.8159
2020-06-05,Hadera_IL,CHL,my,0.1853,0.1683,0.1598,0.2597,0.8756
2020-06-06,Hadera_IL,CHL,my,,0.151,0.1366,0.1708,0.6318
2020-06-07,Hadera_IL,CHL,my,0.1271,0.1316,0.1259,0.1412,0.9403
2020-06-08,Hadera_IL,CHL,my,,0.1105,0.107,0.1185,0.6965
2020-06-09,Hadera_IL,CHL,my,0.09698,0.09,0.09088,0.2634,0.8408
2020-06-10,Hadera_IL,CHL,my,0.08355,0.09206,0.08899,0.1027,0.8756
2020-06-11,Hadera_IL,CHL,my,0.08026,0.08231,0.07706,0.09535,0.8806
2020-06-12,Hadera_IL,CHL,my,,0.08375,0.08205,0.1626,0.7264
2020-06-13,Hadera_IL,CHL,my,0.1101,0.0747,0.07439,0.1101,0.8159
2020-06-14,Hadera_IL,CHL,my,0.08009,0.06456,0.06006,0.08009,0.8159
2020-06-15,Hadera_IL,CHL,my,,0.07269,0.06509,0.07596,0.5423
2020-06-16,Hadera_IL,CHL,my,,0.06892,0.07201,0.1665,0.5174
2020-06-17,Hadera_IL,CHL,my,,0.07916,0.07607,0.08284,0.7562
2020-06-18,Hadera_IL,CHL,my,,0.05654,0.05303,0.05816,0.607
2020-06-22,Hadera_IL,CHL,my,0.1175,0.07915,0.06502,0.1175,0.6119
2020-06-23,Hadera_IL,CHL,my,0.1498,0.1498,0.08165,0.2533,0.9652
2020-06-26,Hadera_IL,CHL,my,0.1418,0.1822,0.1343,0.2264,0.9403
2020-07-02,Hadera_IL,CHL,my,0.1211,,,,0.4229
2020-07-03,Hadera_IL,CHL,my,0.07544,0.07544,0.07071,0.4192,0.9751
2020-07-04,Hadera_IL,CHL,my,0.06445,0.04451,0.04086,0.06624,0.7313
2020-07-08,Hadera_IL,CHL,my,0.1541,0.1541,0.09681,0.2903,0.9751
2020-07-09,Hadera_IL,CHL,my,0.1922,0.2156,0.1189,0.52,0.9751
2020-07-10,Hadera_IL,CHL,my,0.2161,0.1421,0.1223,0.2161,0.8159
2020-07-14,Hadera_IL,CHL,my,0.1258,,,,0.3035
2020-07-16,Hadera_IL,CHL,my,0.2463,0.1079,0.08557,0.3113,0.8756
2020-07-17,Hadera_IL,CHL,my,0.108,,,,0.4975
2020-07-18,Hadera_IL,CHL,my,0.1609,0.1309,0.09487,0.2869,0.8408
2020-07-19,Hadera_IL,CHL,my,0.3318,0.3601,0.3131,0.3779,0.8756
2020-07-21,Hadera_IL,CHL,my,0.08184,0.07809,0.05716,0.09,0.7363
2020-07-22,Hadera_IL,CHL,my,0.06732,0.06341,0.05318,0.0879,0.7861
2020-07-30,Hadera_IL,CHL,my,0.1175,0.1175,0.1034,0.1392,0.8756
2020-07-31,Hadera_IL,CHL,my,0.08982,0.08982,0.08788,0.2716,0.9353
2020-08-02,Hadera_IL,CHL,my,0.1508,0.1231,0.09498,0.1842,0.9403
2020-08-07,Hadera_IL,CHL,my,0.0729,0.07332,0.06161,0.08762,0.9403
2020-08-08,Hadera_IL,CHL,my,0.09398,,,,0.4478
2020-08-10,Hadera_IL,CHL,my,0.1368,0.1214,0.08306,0.1886,0.6119
2020-08-12,Hadera_IL,CHL,my,0.1652,0.1715,0.11,0.3874,0.9751
2020-08-13,Hadera_IL,CHL,my,0.0843,0.086,0.09527,0.4705,0.9303
2020-08-17,Hadera_IL,CHL,my,0.1402,0.1402,0.1168,0.6962,0.9751
2020-08-18,Hadera_IL,CHL,my,0.3508,,,,0.3682
2020-08-20,Hadera_IL,CHL,my,0.1695,0.1877,0.1556,0.669,0.9751
2020-08-23,Hadera_IL,CHL,my,0.4448,0.4432,0.2293,0.8093,0.9652
2020-08-24,Hadera_IL,CHL,my,0.2547,0.2754,0.2517,0.5535,0.9652
2020-08-26,Hadera_IL,CHL,my,0.1167,0.113,0.1027,0.1245,0.7861
2020-08-27,Hadera_IL,CHL,my,0.09406,,,,0.3682
2020-08-28,Hadera_IL,CHL,my,0.04896,0.05943,0.05504,0.06401,0.8756
2020-08-29,Hadera_IL,CHL,my,0.08085,0.09728,0.09588,0.4001,0.9751
2020-08-31,Hadera_IL,CHL,my,0.1123,0.1123,0.08803,0.1542,0.7214
2020-09-02,Hadera_IL,CHL,my,0.07989,0.07646,0.06269,0.09163,0.8408
2020-09-09,Hadera_IL,CHL,my,0.08078,0.08078,0.07471,0.2184,0.9652
2020-09-12,Hadera_IL,CHL,my,0.1106,0.09805,0.07851,0.15,0.9403
2020-09-13,Hadera_IL,CHL,my,0.07091,0.07091,0.06278,0.1842,1
2020-09-14,Hadera_IL,CHL,my,0.06792,0.07689,0.06475,0.08085,0.8756
2020-09-15,Hadera_IL,CHL,my,0.08786,0.07115,0.06287,0.1089,0.8756
2020-09-16,Hadera_IL,CHL,my,,0.07448,0.06913,0.08223,0.6318
2020-09-17,Hadera_IL,CHL,my,,0.06961,0.06032,0.08264,0.7562
2020-09-19,Hadera_IL,CHL,my,0.06547,0.06097,0.05706,0.07599,0.8756
2020-09-21,Hadera_IL,CHL,my,,0.05881,0.05274,0.06485,0.7562
2020-09-22,Hadera_IL,CHL,my,0.05423,0.04964,0.05005,0.08635,0.9403
2020-09-23,Hadera_IL,CHL,my,0.0381,0.04295,0.0415,0.05282,0.9403
2020-09-24,Hadera_IL,CHL,my,,0.04263,0.04185,0.04694,0.6617
2020-09-25,Hadera_IL,CHL,my,0.03205,0.03977,0.03803,0.04921,0.7363
2020-09-26,Hadera_IL,CHL,my,0.02829,0.03578,0.03581,0.06697,0.6318
2020-09-27,Hadera_IL,CHL,my,0.08205,0.06745,0.04738,0.08619,0.9403
2020-09-28,Hadera_IL,CHL,my,0.06101,0.06251,0.04643,0.08705,0.8756
2020-09-29,Hadera_IL,CHL,my,,0.04262,0.03981,0.06832,0.6965
2020-10-01,Hadera_IL,CHL,my,0.05578,0.04698,0.0368,0.07081,0.8756
2020-10-02,Hadera_IL,CHL,my,0.02204,0.03058,0.03782,0.2028,0.9751
2020-10-03,Hadera_IL,CHL,my,0.02222,0.03135,0.02877,0.05034,0.9403
2020-10-04,Hadera_IL,CHL,my,0.04235,0.03857,0.04894,0.183,0.9403
2020-10-05,Hadera_IL,CHL,my,0.03124,0.0325,0.04096,0.174,0.9751
2020-10-06,Hadera_IL,CHL,my,0.07499,0.04369,0.04386,0.09694,0.9403
2020-10-07,Hadera_IL,CHL,my,0.1049,0.06206,0.04379,0.1091,0.8756
2020-10-08,Hadera_IL,CHL,my,0.08817,0.05674,0.05154,0.11,0.9403
2020-10-10,Hadera_IL,CHL,my,0.0683,0.05021,0.05085,0.0683,0.6318
2020-10-11,Hadera_IL,CHL,my,0.09745,0.07182,0.06213,0.1274,0.9403
2020-10-12,Hadera_IL,CHL,my,0.05458,0.06638,0.04858,0.08626,0.9403
2020-10-13,Hadera_IL,CHL,my,0.06742,0.06371,0.05496,0.0794,0.8756
2020-10-16,Hadera_IL,CHL,my,0.06907,0.06907,0.04809,0.08601,0.9652
2020-10-17,Hadera_IL,CHL,my,0.04915,0.04915,0.04566,0.1194,1
2020-10-18,Hadera_IL,CHL,my,0.08214,0.06949,0.06058,0.1089,0.8756
2020-10-19,Hadera_IL,CHL,my,0.1082,0.0972,0.07391,0.1416,0.9403
2020-10-20,Hadera_IL,CHL,my,0.1484,0.1341,0.1061,0.1698,0.9403
2020-10-21,Hadera_IL,CHL,my,0.1077,0.1077,0.08275,0.1352,0.796
2020-10-22,Hadera_IL,CHL,my,0.1239,0.1239,0.09686,0.1642,0.9403
2020-10-23,Hadera_IL,CHL,my,0.1024,0.1007,0.08402,0.1029,0.8159
2020-10-26,Hadera_IL,CHL,my,,0.06021,0.05635,0.08578,0.6318
2020-10-27,Hadera_IL,CHL,my,0.07811,0.04613,0.05062,0.09289,0.9403
2020-11-03,Hadera_IL,CHL,my,0.0556,0.06171,0.05231,0.07041,0.5622
2020-11-06,Hadera_IL,CHL,my,0.1467,0.1875,0.1266,0.2245,0.6965
2020-11-13,Hadera_IL,CHL,my,0.1987,0.2269,0.2098,0.2536,0.9403
2020-11-15,Hadera_IL,CHL,my,,0.1309,0.1026,0.1414,0.5522
2020-11-16,Hadera_IL,CHL,my,0.1785,0.1785,0.1358,0.2188,0.5771
2020-11-17,Hadera_IL,CHL,my,0.18,0.18,0.1385,0.5893,0.9652
2020-11-18,Hadera_IL,CHL,my,0.3285,0.3224,0.2273,0.3547,0.9403
2020-11-19,Hadera_IL,CHL,my,0.2806,0.2405,0.1769,0.353,0.9403
2020-11-20,Hadera_IL,CHL,my,0.2265,0.2265,0.1536,0.2525,0.8159
2020-11-22,Hadera_IL,CHL,my,0.276,,,,0.3682
2020-11-23,Hadera_IL,CHL,my,0.3062,0.3062,0.2545,0.9273,1
2020-11-24,Hadera_IL,CHL,my,0.2755,0.2588,0.1904,0.4778,0.9403
2020-11-25,Hadera_IL,CHL,my,0.1821,0.186,0.1671,0.3967,0.7363
2020-11-29,Hadera_IL,CHL,my,0.8621,0.5112,0.2574,0.8621,0.9403
2020-12-01,Hadera_IL,CHL,my,0.5415,0.5587,0.4271,1.743,0.9403
2020-12-02,Hadera_IL,CHL,my,0.4181,0.4094,0.2521,0.493,0.8756
2020-12-03,Hadera_IL,CHL,my,0.301,0.2586,0.1809,0.3972,0.9403
2020-12-04,Hadera_IL,CHL,my,0.1927,0.1927,0.1534,0.2324,0.9403
2020-12-09,Hadera_IL,CHL,my,0.2152,,,,0.2687
2020-12-10,Hadera_IL,CHL,my,0.2897,0.2897,0.2113,0.3213,0.9652
2020-12-11,Hadera_IL,CHL,my,0.2809,0.2869,0.1917,0.3076,0.9403
2020-12-18,Hadera_IL,CHL,my,0.5617,0.5617,0.2785,0.9341,1
2020-12-19,Hadera_IL,CHL,my,0.7525,0.6276,0.3263,1.098,0.9403
2020-12-20,Hadera_IL,CHL,my,0.6627,0.6627,0.3992,1.536,1
2020-12-21,Hadera_IL,CHL,my,0.6152,0.6002,0.2929,0.9219,0.9652
2020-12-22,Hadera_IL,CHL,my,0.2434,,,,0.2438
2020-12-24,Hadera_IL,CHL,my,0.1463,0.1195,0.0978,0.2292,0.9403
2020-12-25,Hadera_IL,CHL,my,0.3507,0.3507,0.2248,0.7021,1
2020-12-26,Hadera_IL,CHL,my,0.2627,0.2627,0.2024,0.666,1
2020-12-27,Hadera_IL,CHL,my,0.2796,0.3246,0.2445,0.3928,0.9403
2020-12-28,Hadera_IL,CHL,my,0.2999,0.2863,0.2396,0.6028,0.9005
2020-12-29,Hadera_IL,CHL,my,0.192,0.1969,0.1665,0.2216,0.8756
2020-12-30,Hadera_IL,CHL,my,0.1681,0.1701,0.1526,0.1831,0.9403
2020-12-31,Hadera_IL,CHL,my,0.2494,0.2437,0.1882,0.2769,0.9403
2020-01-03,Open_sea_ref,CHL,my,0.1027,0.1027,0.1027,0.1027,1
2020-01-04,Open_sea_ref,CHL,my,0.0591,0.0591,0.0591,0.0591,1
2020-01-10,Open_sea_ref,CHL,my,0.0465,0.0465,0.0465,0.0465,1
2020-01-13,Open_sea_ref,CHL,my,0.0621,0.0621,0.0621,0.0621,1
2020-01-14,Open_sea_ref,CHL,my,0.0728,0.0728,0.0728,0.0728,1
2020-01-18,Open_sea_ref,CHL,my,0.0679,0.0679,0.0679,0.0679,1
2020-01-21,Open_sea_ref,CHL,my,0.0599,0.0599,0.0599,0.0599,1
2020-01-22,Open_sea_ref,CHL,my,0.0619,0.0619,0.0619,0.0619,1
2020-01-25,Open_sea_ref,CHL,my,0.0909,0.0909,0.0909,0.0909,1
2020-01-26,Open_sea_ref,CHL,my,0.0658,0.0658,0.0658,0.0658,1
2020-01-27,Open_sea_ref,CHL,my,0.0643,0.0643,0.0643,0.0643,1
2020-01-28,Open_sea_ref,CHL,my,0.0689,0.0689,0.0689,0.0689,1
2020-01-29,Open_sea_ref,CHL,my,0.0724,0.0724,0.0724,0.0724,1
2020-01-31,Open_sea_ref,CHL,my,0.0794,0.0794,0.0794,0.0794,1
2020-02-01,Open_sea_ref,CHL,my,0.0745,0.0745,0.0745,0.0745,1
2020-02-04,Open_sea_ref,CHL,my,0.0626,0.0626,0.0626,0.0626,1
2020-02-05,Open_sea_ref,CHL,my,0.0731,0.0731,0.0731,0.0731,1
2020-02-06,Open_sea_ref,CHL,my,0.0848,0.0848,0.0848,0.0848,1
2020-02-09,Open_sea_ref,CHL,my,0.0609,0.0609,0.0609,0.0609,1
2020-02-17,Open_sea_ref,CHL,my,0.1176,0.1176,0.1176,0.1176,1
2020-02-20,Open_sea_ref,CHL,my,0.0877,0.0877,0.0877,0.0877,1
2020-02-21,Open_sea_ref,CHL,my,0.1504,0.1504,0.1504,0.1504,1
2020-02-22,Open_sea_ref,CHL,my,0.0887,0.0887,0.0887,0.0887,1
2020-02-23,Open_sea_ref,CHL,my,0.0959,0.0959,0.0959,0.0959,1
2020-02-24,Open_sea_ref,CHL,my,0.099,0.099,0.099,0.099,1
2020-02-25,Open_sea_ref,CHL,my,0.0947,0.0947,0.0947,0.0947,1
2020-02-27,Open_sea_ref,CHL,my,0.0882,0.0882,0.0882,0.0882,1
2020-02-28,Open_sea_ref,CHL,my,0.0974,0.0974,0.0974,0.0974,1
2020-02-29,Open_sea_ref,CHL,my,0.079,0.079,0.079,0.079,1
2020-03-02,Open_sea_ref,CHL,my,0.0787,0.0787,0.0787,0.0787,1
2020-03-03,Open_sea_ref,CHL,my,0.0869,0.0869,0.0869,0.0869,1
2020-03-04,Open_sea_ref,CHL,my,0.0923,0.0923,0.0923,0.0923,1
2020-03-07,Open_sea_ref,CHL,my,0.0831,0.0831,0.0831,0.0831,1
2020-03-08,Open_sea_ref,CHL,my,0.0837,0.0837,0.0837,0.0837,1
2020-03-10,Open_sea_ref,CHL,my,0.0867,0.0867,0.0867,0.0867,1
2020-03-11,Open_sea_ref,CHL,my,0.0921,0.0921,0.0921,0.0921,1
2020-03-16,Open_sea_ref,CHL,my,0.0756,0.0756,0.0756,0.0756,1
2020-03-21,Open_sea_ref,CHL,my,0.0682,0.0682,0.0682,0.0682,1
2020-03-22,Open_sea_ref,CHL,my,0.0732,0.0732,0.0732,0.0732,1
2020-03-28,Open_sea_ref,CHL,my,0.0792,0.0792,0.0792,0.0792,1
2020-03-29,Open_sea_ref,CHL,my,0.0737,0.0737,0.0737,0.0737,1
2020-03-30,Open_sea_ref,CHL,my,0.0724,0.0724,0.0724,0.0724,1
2020-04-02,Open_sea_ref,CHL,my,0.056,0.056,0.056,0.056,1
2020-04-03,Open_sea_ref,CHL,my,0.0589,0.0589,0.0589,0.0589,1
2020-04-04,Open_sea_ref,CHL,my,0.0499,0.0499,0.0499,0.0499,1
2020-04-10,Open_sea_ref,CHL,my,0.0462,0.0462,0.0462,0.0462,1
2020-04-12,Open_sea_ref,CHL,my,0.0488,0.0488,0.0488,0.0488,1
2020-04-13,Open_sea_ref,CHL,my,0.0504,0.0504,0.0504,0.0504,1
2020-04-14,Open_sea_ref,CHL,my,0.0455,0.0455,0.0455,0.0455,1
2020-04-16,Open_sea_ref,CHL,my,0.0501,0.0501,0.0501,0.0501,1
2020-04-17,Open_sea_ref,CHL,my,0.0435,0.0435,0.0435,0.0435,1
2020-04-18,Open_sea_ref,CHL,my,0.0405,0.0405,0.0405,0.0405,1
2020-04-19,Open_sea_ref,CHL,my,0.0415,0.0415,0.0415,0.0415,1
2020-04-20,Open_sea_ref,CHL,my,0.0407,0.0407,0.0407,0.0407,1
2020-04-21,Open_sea_ref,CHL,my,0.0385,0.0385,0.0385,0.0385,1
2020-04-22,Open_sea_ref,CHL,my,0.042,0.042,0.042,0.042,1
2020-04-26,Open_sea_ref,CHL,my,0.0434,0.0434,0.0434,0.0434,1
2020-04-28,Open_sea_ref,CHL,my,0.0358,0.0358,0.0358,0.0358,1
2020-05-01,Open_sea_ref,CHL,my,0.0412,0.0412,0.0412,0.0412,1
2020-05-03,Open_sea_ref,CHL,my,0.0349,0.0349,0.0349,0.0349,1
2020-05-04,Open_sea_ref,CHL,my,0.0332,0.0332,0.0332,0.0332,1
2020-05-07,Open_sea_ref,CHL,my,0.0327,0.0327,0.0327,0.0327,1
2020-05-08,Open_sea_ref,CHL,my,0.0344,0.0344,0.0344,0.0344,1
2020-05-09,Open_sea_ref,CHL,my,0.0385,0.0385,0.0385,0.0385,1
2020-05-10,Open_sea_ref,CHL,my,0.0361,0.0361,0.0361,0.0361,1
2020-05-11,Open_sea_ref,CHL,my,0.0431,0.0431,0.0431,0.0431,1
2020-05-12,Open_sea_ref,CHL,my,0.0287,0.0287,0.0287,0.0287,1
2020-05-14,Open_sea_ref,CHL,my,0.0333,0.0333,0.0333,0.0333,1
2020-05-17,Open_sea_ref,CHL,my,0.0386,0.0386,0.0386,0.0386,1
2020-05-18,Open_sea_ref,CHL,my,0.0347,0.0347,0.0347,0.0347,1
2020-05-19,Open_sea_ref,CHL,my,0.0387,0.0387,0.0387,0.0387,1
2020-05-20,Open_sea_ref,CHL,my,0.0366,0.0366,0.0366,0.0366,1
2020-05-21,Open_sea_ref,CHL,my,0.0397,0.0397,0.0397,0.0397,1
2020-05-22,Open_sea_ref,CHL,my,0.0361,0.0361,0.0361,0.0361,1
2020-05-26,Open_sea_ref,CHL,my,0.0266,0.0266,0.0266,0.0266,1
2020-05-27,Open_sea_ref,CHL,my,0.0348,0.0348,0.0348,0.0348,1
2020-05-28,Open_sea_ref,CHL,my,0.0285,0.0285,0.0285,0.0285,1
2020-05-30,Open_sea_ref,CHL,my,0.0247,0.0247,0.0247,0.0247,1
2020-05-31,Open_sea_ref,CHL,my,0.0268,0.0268,0.0268,0.0268,1
2020-06-01,Open_sea_ref,CHL,my,0.0323,0.0323,0.0323,0.0323,1
2020-06-04,Open_sea_ref,CHL,my,0.0272,0.0272,0.0272,0.0272,1
2020-06-05,Open_sea_ref,CHL,my,0.0308,0.0308,0.0308,0.0308,1
2020-06-06,Open_sea_ref,CHL,my,0.0271,0.0271,0.0271,0.0271,1
2020-06-07,Open_sea_ref,CHL,my,0.0372,0.0372,0.0372,0.0372,1
2020-06-08,Open_sea_ref,CHL,my,0.0232,0.0232,0.0232,0.0232,1
2020-06-09,Open_sea_ref,CHL,my,0.029,0.029,0.029,0.029,1
2020-06-11,Open_sea_ref,CHL,my,0.0309,0.0309,0.0309,0.0309,1
2020-06-12,Open_sea_ref,CHL,my,0.0278,0.0278,0.0278,0.0278,1
2020-06-13,Open_sea_ref,CHL,my,0.0279,0.0279,0.0279,0.0279,1
2020-06-15,Open_sea_ref,CHL,my,0.0314,0.0314,0.0314,0.0314,1
2020-06-16,Open_sea_ref,CHL,my,0.0269,0.0269,0.0269,0.0269,1
2020-06-17,Open_sea_ref,CHL,my,0.0333,0.0333,0.0333,0.0333,1
2020-06-20,Open_sea_ref,CHL,my,0.0296,0.0296,0.0296,0.0296,1
2020-06-23,Open_sea_ref,CHL,my,0.0251,0.0251,0.0251,0.0251,1
2020-06-24,Open_sea_ref,CHL,my,0.0223,0.0223,0.0223,0.0223,1
2020-06-26,Open_sea_ref,CHL,my,0.0335,0.0335,0.0335,0.0335,1
2020-06-27,Open_sea_ref,CHL,my,0.03,0.03,0.03,0.03,1
2020-06-28,Open_sea_ref,CHL,my,0.0325,0.0325,0.0325,0.0325,1
2020-06-29,Open_sea_ref,CHL,my,0.0244,0.0244,0.0244,0.0244,1
2020-06-30,Open_sea_ref,CHL,my,0.0281,0.0281,0.0281,0.0281,1
2020-07-01,Open_sea_ref,CHL,my,0.0293,0.0293,0.0293,0.0293,1
2020-07-02,Open_sea_ref,CHL,my,0.0257,0.0257,0.0257,0.0257,1
2020-07-03,Open_sea_ref,CHL,my,0.0254,0.0254,0.0254,0.0254,1
2020-07-04,Open_sea_ref,CHL,my,0.034,0.034,0.034,0.034,1
2020-07-06,Open_sea_ref,CHL,my,0.0331,0.0331,0.0331,0.0331,1
2020-07-08,Open_sea_ref,CHL,my,0.0311,0.0311,0.0311,0.0311,1
2020-07-10,Open_sea_ref,CHL,my,0.032,0.032,0.032,0.032,1
2020-07-12,Open_sea_ref,CHL,my,0.0371,0.0371,0.0371,0.0371,1
2020-07-15,Open_sea_ref,CHL,my,0.024,0.024,0.024,0.024,1
2020-07-16,Open_sea_ref,CHL,my,0.0253,0.0253,0.0253,0.0253,1
2020-07-17,Open_sea_ref,CHL,my,0.0268,0.0268,0.0268,0.0268,1
2020-07-19,Open_sea_ref,CHL,my,0.024,0.024,0.024,0.024,1
2020-07-20,Open_sea_ref,CHL,my,0.0289,0.0289,0.0289,0.0289,1
2020-07-21,Open_sea_ref,CHL,my,0.0333,0.0333,0.0333,0.0333,1
2020-07-22,Open_sea_ref,CHL,my,0.0375,0.0375,0.0375,0.0375,1
2020-07-24,Open_sea_ref,CHL,my,0.0277,0.0277,0.0277,0.0277,1
2020-07-25,Open_sea_ref,CHL,my,0.0286,0.0286,0.0286,0.0286,1
2020-07-26,Open_sea_ref,CHL,my,0.025,0.025,0.025,0.025,1
2020-07-27,Open_sea_ref,CHL,my,0.031,0.031,0.031,0.031,1
2020-07-29,Open_sea_ref,CHL,my,0.0205,0.0205,0.0205,0.0205,1
2020-07-30,Open_sea_ref,CHL,my,0.0264,0.0264,0.0264,0.0264,1
2020-07-31,Open_sea_ref,CHL,my,0.0277,0.0277,0.0277,0.0277,1
2020-08-01,Open_sea_ref,CHL,my,0.0182,0.0182,0.0182,0.0182,1
2020-08-02,Open_sea_ref,CHL,my,0.0218,0.0218,0.0218,0.0218,1
2020-08-04,Open_sea_ref,CHL,my,0.025,0.025,0.025,0.025,1
2020-08-05,Open_sea_ref,CHL,my,0.0315,0.0315,0.0315,0.0315,1
2020-08-06,Open_sea_ref,CHL,my,0.0249,0.0249,0.0249,0.0249,1
2020-08-08,Open_sea_ref,CHL,my,0.0257,0.0257,0.0257,0.0257,1
2020-08-11,Open_sea_ref,CHL,my,0.024,0.024,0.024,0.024,1
2020-08-13,Open_sea_ref,CHL,my,0.0274,0.0274,0.0274,0.0274,1
2020-08-14,Open_sea_ref,CHL,my,0.0375,0.0375,0.0375,0.0375,1
2020-08-16,Open_sea_ref,CHL,my,0.0267,0.0267,0.0267,0.0267,1
2020-08-17,Open_sea_ref,CHL,my,0.0201,0.0201,0.0201,0.0201,1
2020-08-20,Open_sea_ref,CHL,my,0.0326,0.0326,0.0326,0.0326,1
2020-08-23,Open_sea_ref,CHL,my,0.0242,0.0242,0.0242,0.0242,1
2020-08-24,Open_sea_ref,CHL,my,0.0231,0.0231,0.0231,0.0231,1
2020-08-25,Open_sea_ref,CHL,my,0.0183,0.0183,0.0183,0.0183,1
2020-08-28,Open_sea_ref,CHL,my,0.0419,0.0419,0.0419,0.0419,1
2020-08-29,Open_sea_ref,CHL,my,0.0413,0.0413,0.0413,0.0413,1
2020-09-02,Open_sea_ref,CHL,my,0.028,0.028,0.028,0.028,1
2020-09-09,Open_sea_ref,CHL,my,0.0299,0.0299,0.0299,0.0299,1
2020-09-10,Open_sea_ref,CHL,my,0.0229,0.0229,0.0229,0.0229,1
2020-09-11,Open_sea_ref,CHL,my,0.0336,0.0336,0.0336,0.0336,1
2020-09-12,Open_sea_ref,CHL,my,0.0309,0.0309,0.0309,0.0309,1
2020-09-13,Open_sea_ref,CHL,my,0.0285,0.0285,0.0285,0.0285,1
2020-09-14,Open_sea_ref,CHL,my,0.0212,0.0212,0.0212,0.0212,1
2020-09-15,Open_sea_ref,CHL,my,0.0232,0.0232,0.0232,0.0232,1
2020-09-18,Open_sea_ref,CHL,my,0.0283,0.0283,0.0283,0.0283,1
2020-09-19,Open_sea_ref,CHL,my,0.0248,0.0248,0.0248,0.0248,1
2020-09-21,Open_sea_ref,CHL,my,0.0251,0.0251,0.0251,0.0251,1
2020-09-22,Open_sea_ref,CHL,my,0.0219,0.0219,0.0219,0.0219,1
2020-09-23,Open_sea_ref,CHL,my,0.0276,0.0276,0.0276,0.0276,1
2020-09-24,Open_sea_ref,CHL,my,0.0274,0.0274,0.0274,0.0274,1
2020-09-26,Open_sea_ref,CHL,my,0.0217,0.0217,0.0217,0.0217,1
2020-09-27,Open_sea_ref,CHL,my,0.0167,0.0167,0.0167,0.0167,1
2020-09-28,Open_sea_ref,CHL,my,0.0167,0.0167,0.0167,0.0167,1
2020-09-29,Open_sea_ref,CHL,my,0.0199,0.0199,0.0199,0.0199,1
2020-09-30,Open_sea_ref,CHL,my,0.0197,0.0197,0.0197,0.0197,1
2020-10-01,Open_sea_ref,CHL,my,0.0205,0.0205,0.0205,0.0205,1
2020-10-02,Open_sea_ref,CHL,my,0.026,0.026,0.026,0.026,1
2020-10-03,Open_sea_ref,CHL,my,0.0257,0.0257,0.0257,0.0257,1
2020-10-05,Open_sea_ref,CHL,my,0.0299,0.0299,0.0299,0.0299,1
2020-10-06,Open_sea_ref,CHL,my,0.0312,0.0312,0.0312,0.0312,1
2020-10-07,Open_sea_ref,CHL,my,0.0399,0.0399,0.0399,0.0399,1
2020-10-08,Open_sea_ref,CHL,my,0.0364,0.0364,0.0364,0.0364,1
2020-10-09,Open_sea_ref,CHL,my,0.0351,0.0351,0.0351,0.0351,1
2020-10-10,Open_sea_ref,CHL,my,0.0337,0.0337,0.0337,0.0337,1
2020-10-11,Open_sea_ref,CHL,my,0.032,0.032,0.032,0.032,1
2020-10-12,Open_sea_ref,CHL,my,0.0298,0.0298,0.0298,0.0298,1
2020-10-13,Open_sea_ref,CHL,my,0.0336,0.0336,0.0336,0.0336,1
2020-10-14,Open_sea_ref,CHL,my,0.0253,0.0253,0.0253,0.0253,1
2020-10-15,Open_sea_ref,CHL,my,0.0317,0.0317,0.0317,0.0317,1
2020-10-16,Open_sea_ref,CHL,my,0.0301,0.0301,0.0301,0.0301,1
2020-10-17,Open_sea_ref,CHL,my,0.0231,0.0231,0.0231,0.0231,1
2020-10-18,Open_sea_ref,CHL,my,0.0305,0.0305,0.0305,0.0305,1
2020-10-19,Open_sea_ref,CHL,my,0.0174,0.0174,0.0174,0.0174,1
2020-10-20,Open_sea_ref,CHL,my,0.0254,0.0254,0.0254,0.0254,1
2020-10-21,Open_sea_ref,CHL,my,0.028,0.028,0.028,0.028,1
2020-10-22,Open_sea_ref,CHL,my,0.0275,0.0275,0.0275,0.0275,1
2020-10-23,Open_sea_ref,CHL,my,0.025,0.025,0.025,0.025,1
2020-10-25,Open_sea_ref,CHL,my,0.0338,0.0338,0.0338,0.0338,1
2020-10-26,Open_sea_ref,CHL,my,0.0374,0.0374,0.0374,0.0374,1
2020-10-27,Open_sea_ref,CHL,my,0.0381,0.0381,0.0381,0.0381,1
2020-10-29,Open_sea_ref,CHL,my,0.0333,0.0333,0.0333,0.0333,1
2020-10-30,Open_sea_ref,CHL,my,0.0298,0.0298,0.0298,0.0298,1
2020-11-01,Open_sea_ref,CHL,my,0.0321,0.0321,0.0321,0.0321,1
2020-11-02,Open_sea_ref,CHL,my,0.035,0.035,0.035,0.035,1
2020-11-03,Open_sea_ref,CHL,my,0.0325,0.0325,0.0325,0.0325,1
2020-11-05,Open_sea_ref,CHL,my,0.0324,0.0324,0.0324,0.0324,1
2020-11-10,Open_sea_ref,CHL,my,0.0435,0.0435,0.0435,0.0435,1
2020-11-11,Open_sea_ref,CHL,my,0.0357,0.0357,0.0357,0.0357,1
2020-11-12,Open_sea_ref,CHL,my,0.049,0.049,0.049,0.049,1
2020-11-13,Open_sea_ref,CHL,my,0.0445,0.0445,0.0445,0.0445,1
2020-11-16,Open_sea_ref,CHL,my,0.0293,0.0293,0.0293,0.0293,1
2020-11-17,Open_sea_ref,CHL,my,0.0343,0.0343,0.0343,0.0343,1
2020-11-18,Open_sea_ref,CHL,my,0.0612,0.0612,0.0612,0.0612,1
2020-11-19,Open_sea_ref,CHL,my,0.0394,0.0394,0.0394,0.0394,1
2020-11-20,Open_sea_ref,CHL,my,0.0307,0.0307,0.0307,0.0307,1
2020-11-21,Open_sea_ref,CHL,my,0.0381,0.0381,0.0381,0.0381,1
2020-11-23,Open_sea_ref,CHL,my,0.0308,0.0308,0.0308,0.0308,1
2020-11-24,Open_sea_ref,CHL,my,0.0438,0.0438,0.0438,0.0438,1
2020-11-26,Open_sea_ref,CHL,my,0.0308,0.0308,0.0308,0.0308,1
2020-11-27,Open_sea_ref,CHL,my,0.0387,0.0387,0.0387,0.0387,1
2020-11-29,Open_sea_ref,CHL,my,0.0423,0.0423,0.0423,0.0423,1
2020-12-01,Open_sea_ref,CHL,my,0.0549,0.0549,0.0549,0.0549,1
2020-12-02,Open_sea_ref,CHL,my,0.0446,0.0446,0.0446,0.0446,1
2020-12-09,Open_sea_ref,CHL,my,0.0514,0.0514,0.0514,0.0514,1
2020-12-10,Open_sea_ref,CHL,my,0.0462,0.0462,0.0462,0.0462,1
2020-12-11,Open_sea_ref,CHL,my,0.0667,0.0667,0.0667,0.0667,1
2020-12-17,Open_sea_ref,CHL,my,0.0681,0.0681,0.0681,0.0681,1
2020-12-18,Open_sea_ref,CHL,my,0.052,0.052,0.052,0.052,1
2020-12-20,Open_sea_ref,CHL,my,0.0689,0.0689,0.0689,0.0689,1
2020-12-21,Open_sea_ref,CHL,my,0.0724,0.0724,0.0724,0.0724,1
2020-12-22,Open_sea_ref,CHL,my,0.0506,0.0506,0.0506,0.0506,1
2020-12-24,Open_sea_ref,CHL,my,0.0596,0.0596,0.0596,0.0596,1
2020-12-25,Open_sea_ref,CHL,my,0.0594,0.0594,0.0594,0.0594,1
2020-12-26,Open_sea_ref,CHL,my,0.0708,0.0708,0.0708,0.0708,1
2020-12-27,Open_sea_ref,CHL,my,0.0712,0.0712,0.0712,0.0712,1
2020-12-28,Open_sea_ref,CHL,my,0.0837,0.0837,0.0837,0.0837,1
2020-12-29,Open_sea_ref,CHL,my,0.0629,0.0629,0.0629,0.0629,1
2020-12-30,Open_sea_ref,CHL,my,0.0669,0.0669,0.0669,0.0669,1
2020-12-31,Open_sea_ref,CHL,my,0.0572,0.0572,0.0572,0.0572,1
2020-01-02,Port_Said_EG,CHL,my,8.749,6.973,4.498,9.431,0.9296
2020-01-03,Port_Said_EG,CHL,my,7.329,6.308,5.248,7.543,0.9698
2020-01-05,Port_Said_EG,CHL,my,8.935,8.444,6.563,9.154,0.9296
2020-01-06,Port_Said_EG,CHL,my,7.314,6.098,5.107,7.533,0.9698
2020-01-09,Port_Said_EG,CHL,my,,6.999,6.187,8.984,0.6482
2020-01-11,Port_Said_EG,CHL,my,6.813,6.473,3.979,8.182,0.9296
2020-01-13,Port_Said_EG,CHL,my,6.62,6.62,3.54,9.249,0.9598
2020-01-14,Port_Said_EG,CHL,my,,8.11,4.879,15,0.804
2020-01-19,Port_Said_EG,CHL,my,,3.857,2.621,4.591,0.6533
2020-01-20,Port_Said_EG,CHL,my,5.403,5.403,3.647,7.161,0.9296
2020-01-23,Port_Said_EG,CHL,my,6.571,5.993,4.66,7.252,0.9698
2020-01-25,Port_Said_EG,CHL,my,6.964,5.669,4.933,8.23,1
2020-01-26,Port_Said_EG,CHL,my,,6.443,4.319,8.882,0.7839
2020-01-28,Port_Said_EG,CHL,my,3.672,,,,0.1005
2020-01-29,Port_Said_EG,CHL,my,13.45,12.47,7.535,20.26,0.9698
2020-01-30,Port_Said_EG,CHL,my,,3.413,2.863,7.247,0.7839
2020-01-31,Port_Said_EG,CHL,my,7.313,6.644,3.85,7.631,1
2020-02-01,Port_Said_EG,CHL,my,8.977,6.111,4.787,9.071,0.9296
2020-02-03,Port_Said_EG,CHL,my,4.821,,,,0.4824
2020-02-05,Port_Said_EG,CHL,my,6.081,5.647,3.506,8.121,0.9296
2020-02-06,Port_Said_EG,CHL,my,6.837,5.91,3.629,9.237,0.7337
2020-02-07,Port_Said_EG,CHL,my,5.16,4.679,3.858,6.112,0.9296
2020-02-08,Port_Said_EG,CHL,my,7.659,6.821,5.916,7.659,0.5126
2020-02-11,Port_Said_EG,CHL,my,,3.263,2.381,3.564,0.5628
2020-02-13,Port_Said_EG,CHL,my,4.606,4.559,3.283,6.198,1
2020-02-15,Port_Said_EG,CHL,my,4.096,2.733,2.262,4.096,0.8543
2020-02-16,Port_Said_EG,CHL,my,4.762,4.378,2.839,5.126,1
2020-02-17,Port_Said_EG,CHL,my,5.917,5.917,3.741,6.281,0.9698
2020-02-18,Port_Said_EG,CHL,my,4.62,4.24,2.932,5.031,0.8744
2020-02-20,Port_Said_EG,CHL,my,8.296,6.393,3.853,8.296,1
2020-02-21,Port_Said_EG,CHL,my,5.723,5.723,3.854,6.247,1
2020-02-24,Port_Said_EG,CHL,my,4.274,4.171,2.828,4.819,0.8794
2020-02-25,Port_Said_EG,CHL,my,8.236,6.477,3.906,8.236,0.6533
2020-02-28,Port_Said_EG,CHL,my,2.758,2.975,2.593,3.593,1
2020-02-29,Port_Said_EG,CHL,my,,2.037,1.64,2.362,0.6382
2020-03-02,Port_Said_EG,CHL,my,7.691,,,,0.3568
2020-03-03,Port_Said_EG,CHL,my,4.069,4.522,3.622,4.78,0.8291
2020-03-04,Port_Said_EG,CHL,my,4.379,4.379,2.928,4.996,0.9698
2020-03-06,Port_Said_EG,CHL,my,4.286,3.661,2.817,5.175,0.9296
2020-03-07,Port_Said_EG,CHL,my,8.392,7.729,5.019,13.87,1
2020-03-08,Port_Said_EG,CHL,my,4.914,4.579,2.902,4.95,0.8442
2020-03-09,Port_Said_EG,CHL,my,6.264,6.264,4.98,7.239,0.9296
2020-03-10,Port_Said_EG,CHL,my,,4.555,3.048,7.239,0.8141
2020-03-14,Port_Said_EG,CHL,my,5.013,4.89,3.264,5.013,0.608
2020-03-15,Port_Said_EG,CHL,my,9.507,16.69,10.03,25.33,1
2020-03-16,Port_Said_EG,CHL,my,2.988,3.085,2.56,3.254,0.8342
2020-03-21,Port_Said_EG,CHL,my,6.937,6.285,4.394,7.591,0.9296
2020-03-22,Port_Said_EG,CHL,my,15.92,12.42,6.267,17.59,1
2020-03-26,Port_Said_EG,CHL,my,,2.509,2.018,2.731,0.7085
2020-03-28,Port_Said_EG,CHL,my,7.673,5.91,3.256,7.673,0.8744
2020-03-29,Port_Said_EG,CHL,my,9.227,7.697,4.008,9.271,0.9296
2020-03-30,Port_Said_EG,CHL,my,4.844,4.844,3.376,6.643,1
2020-04-01,Port_Said_EG,CHL,my,,2.062,1.974,4.232,0.7839
2020-04-02,Port_Said_EG,CHL,my,6.757,5.461,3.099,6.923,0.9698
2020-04-03,Port_Said_EG,CHL,my,6.546,6.77,5.661,8.476,0.9296
2020-04-04,Port_Said_EG,CHL,my,2.86,2.911,2.252,3.14,0.9296
2020-04-07,Port_Said_EG,CHL,my,5.002,5.257,3.351,6.497,1
2020-04-08,Port_Said_EG,CHL,my,7.312,5.839,3.145,7.312,0.9296
2020-04-11,Port_Said_EG,CHL,my,5.288,4.554,2.629,5.795,0.8543
2020-04-12,Port_Said_EG,CHL,my,10.94,10.94,5.257,14.12,1
2020-04-13,Port_Said_EG,CHL,my,6.91,6.548,3.976,9.319,0.9296
2020-04-14,Port_Said_EG,CHL,my,16.24,12.23,5.36,17.43,0.9698
2020-04-15,Port_Said_EG,CHL,my,6.642,6.553,3.52,7.308,1
2020-04-17,Port_Said_EG,CHL,my,6.301,5.467,2.893,6.339,0.8543
2020-04-18,Port_Said_EG,CHL,my,4.961,4.961,3.271,12.71,1
2020-04-19,Port_Said_EG,CHL,my,6.305,5.105,3.196,9.114,1
2020-04-22,Port_Said_EG,CHL,my,4.653,3.331,2.812,5.126,1
2020-04-23,Port_Said_EG,CHL,my,2.924,2.443,2.141,2.997,0.8744
2020-04-26,Port_Said_EG,CHL,my,,3.403,2.252,4.633,0.7839
2020-04-28,Port_Said_EG,CHL,my,2.533,2.592,2.24,2.809,1
2020-04-29,Port_Said_EG,CHL,my,2.421,2.316,1.944,2.847,1
2020-04-30,Port_Said_EG,CHL,my,11.36,9.464,5.417,20.78,1
2020-05-01,Port_Said_EG,CHL,my,3.418,4.187,3.368,6.348,0.9698
2020-05-02,Port_Said_EG,CHL,my,5.823,3.991,2.762,7.17,0.8543
2020-05-03,Port_Said_EG,CHL,my,12.1,8.54,5.306,27.21,1
2020-05-04,Port_Said_EG,CHL,my,8.401,6.893,4.502,9.02,0.9698
2020-05-05,Port_Said_EG,CHL,my,,1.842,1.414,2.194,0.5729
2020-05-06,Port_Said_EG,CHL,my,6.024,5.279,2.811,6.421,0.9296
2020-05-07,Port_Said_EG,CHL,my,5.802,7.536,4.679,9.349,1
2020-05-08,Port_Said_EG,CHL,my,4.66,5.013,3.755,5.873,1
2020-05-10,Port_Said_EG,CHL,my,6.619,6.22,3.247,9.582,0.799
2020-05-14,Port_Said_EG,CHL,my,,2.355,1.757,2.867,0.7085
2020-05-15,Port_Said_EG,CHL,my,7.222,6.143,3.374,12.23,1
2020-05-17,Port_Said_EG,CHL,my,,2.426,1.654,3.691,0.804
2020-05-19,Port_Said_EG,CHL,my,,2.556,1.613,2.945,0.6281
2020-05-20,Port_Said_EG,CHL,my,3.334,3.334,2.109,3.835,1
2020-05-21,Port_Said_EG,CHL,my,,2.411,1.66,4.709,0.7085
2020-05-23,Port_Said_EG,CHL,my,7.37,4.892,2.709,9.04,0.9296
2020-05-24,Port_Said_EG,CHL,my,11.45,10.8,7.686,11.67,0.9296
2020-05-25,Port_Said_EG,CHL,my,6.991,6.018,4.043,8.063,1
2020-05-26,Port_Said_EG,CHL,my,6.049,5.582,3.46,8.19,0.8543
2020-05-27,Port_Said_EG,CHL,my,20.24,13.31,7.153,30.03,1
2020-05-28,Port_Said_EG,CHL,my,11.91,11.29,5.299,15.55,1
2020-05-29,Port_Said_EG,CHL,my,12.89,9.932,4.713,12.89,0.794
2020-05-30,Port_Said_EG,CHL,my,9.53,9.194,6.037,18.11,1
2020-05-31,Port_Said_EG,CHL,my,6.54,7.013,4.698,17.95,1
2020-06-01,Port_Said_EG,CHL,my,6.074,5.755,3.937,6.245,1
2020-06-03,Port_Said_EG,CHL,my,4.881,4.881,3.139,6.7,1
2020-06-04,Port_Said_EG,CHL,my,6.354,5.77,3.851,7.107,0.9698
2020-06-05,Port_Said_EG,CHL,my,5.15,5.059,3.255,5.375,1
2020-06-06,Port_Said_EG,CHL,my,5.101,4.436,3.068,5.483,0.9296
2020-06-08,Port_Said_EG,CHL,my,6.979,3.133,2.654,6.979,0.8543
2020-06-09,Port_Said_EG,CHL,my,7.801,7.17,3.697,7.801,0.9698
2020-06-12,Port_Said_EG,CHL,my,5.901,4.864,2.85,5.901,0.804
2020-06-13,Port_Said_EG,CHL,my,,6.326,4.161,8.352,0.7437
2020-06-14,Port_Said_EG,CHL,my,2.796,2.666,1.907,2.979,0.9296
2020-06-15,Port_Said_EG,CHL,my,3.209,2.715,2.239,6.209,1
2020-06-16,Port_Said_EG,CHL,my,4.883,4.895,3.136,6.331,1
2020-06-19,Port_Said_EG,CHL,my,4.677,4.107,2.471,6.415,1
2020-06-20,Port_Said_EG,CHL,my,6.418,5.076,3.251,6.711,1
2020-06-22,Port_Said_EG,CHL,my,4.026,3.818,2.68,7.029,0.9698
2020-06-23,Port_Said_EG,CHL,my,6.304,6.304,3.74,6.815,1
2020-06-24,Port_Said_EG,CHL,my,4.695,4.49,2.86,5.267,0.9698
2020-06-26,Port_Said_EG,CHL,my,7.31,7.31,3.98,11.64,1
2020-06-27,Port_Said_EG,CHL,my,8.422,6.411,3.469,9.41,1
2020-06-28,Port_Said_EG,CHL,my,8.364,6.776,3.327,8.364,1
2020-06-29,Port_Said_EG,CHL,my,7.331,2.989,2.647,7.331,0.8744
2020-06-30,Port_Said_EG,CHL,my,7.738,6.779,3.38,7.738,1
2020-07-01,Port_Said_EG,CHL,my,7.163,7.163,3.526,8.536,1
2020-07-02,Port_Said_EG,CHL,my,5.942,5.458,2.972,8.158,1
2020-07-03,Port_Said_EG,CHL,my,8.723,2.602,2.717,8.723,0.9296
2020-07-04,Port_Said_EG,CHL,my,3.502,3.371,2.156,6.259,1
2020-07-05,Port_Said_EG,CHL,my,3.142,3.142,2.131,5.151,0.8945
2020-07-06,Port_Said_EG,CHL,my,4.825,4.454,2.569,5.744,1
2020-07-07,Port_Said_EG,CHL,my,4.885,3.048,2.166,4.885,0.8141
2020-07-08,Port_Said_EG,CHL,my,4.417,2.751,2.141,4.417,0.9296
2020-07-09,Port_Said_EG,CHL,my,2.589,2.333,1.579,2.589,0.8543
2020-07-10,Port_Said_EG,CHL,my,5.816,4.654,2.42,6.192,1
2020-07-11,Port_Said_EG,CHL,my,4.212,4.122,2.085,4.434,0.9296
2020-07-13,Port_Said_EG,CHL,my,4.686,4.394,2.362,4.94,0.8593
2020-07-14,Port_Said_EG,CHL,my,5.234,4.78,2.849,5.549,0.9698
2020-07-15,Port_Said_EG,CHL,my,5.274,4.119,2.523,5.372,0.8543
2020-07-16,Port_Said_EG,CHL,my,8.395,6.331,3.758,8.437,0.9296
2020-07-17,Port_Said_EG,CHL,my,6.245,6.168,3.339,6.693,0.9296
2020-07-18,Port_Said_EG,CHL,my,7.092,7.092,3.403,7.281,0.9296
2020-07-19,Port_Said_EG,CHL,my,6.627,5.714,3.806,8.715,0.9598
2020-07-21,Port_Said_EG,CHL,my,8.714,6.836,3.51,9.22,0.799
2020-07-22,Port_Said_EG,CHL,my,5.489,3.003,2.264,5.807,0.9296
2020-07-23,Port_Said_EG,CHL,my,4.607,4.144,2.587,5.407,0.9296
2020-07-24,Port_Said_EG,CHL,my,5.273,4.852,2.859,7.45,1
2020-07-25,Port_Said_EG,CHL,my,5.436,5.436,2.987,6.966,0.9698
2020-07-26,Port_Said_EG,CHL,my,6.674,5.033,3.036,8.96,0.9296
2020-07-28,Port_Said_EG,CHL,my,,2.271,2.121,5.622,0.7839
2020-07-29,Port_Said_EG,CHL,my,,1.726,1.846,8.411,0.593
2020-07-30,Port_Said_EG,CHL,my,6.868,5.42,2.807,6.868,0.9296
2020-07-31,Port_Said_EG,CHL,my,,1.518,1.47,2.237,0.5427
2020-08-01,Port_Said_EG,CHL,my,6.043,5.686,3.031,9.214,0.9698
2020-08-02,Port_Said_EG,CHL,my,6.599,6.013,3.353,7.37,1
2020-08-03,Port_Said_EG,CHL,my,2.955,2.371,1.702,2.955,0.8744
2020-08-04,Port_Said_EG,CHL,my,5.875,5.799,2.823,6.565,1
2020-08-05,Port_Said_EG,CHL,my,2.838,2.931,2.243,5.328,1
2020-08-06,Port_Said_EG,CHL,my,4.268,4.253,2.434,5.249,1
2020-08-07,Port_Said_EG,CHL,my,4.168,3.84,2.225,4.473,0.9296
2020-08-08,Port_Said_EG,CHL,my,,3.029,2.403,5.158,0.5678
2020-08-09,Port_Said_EG,CHL,my,5.818,4.955,3.042,7.059,0.9698
2020-08-10,Port_Said_EG,CHL,my,,3.833,2.355,4.755,0.7839
2020-08-11,Port_Said_EG,CHL,my,,1.835,1.557,2.12,0.6382
2020-08-12,Port_Said_EG,CHL,my,4.621,4.621,2.488,5.452,0.9296
2020-08-13,Port_Said_EG,CHL,my,6.556,5.938,2.968,6.594,0.9296
2020-08-14,Port_Said_EG,CHL,my,5.46,4.853,2.472,5.46,0.804
2020-08-15,Port_Said_EG,CHL,my,6.165,6.028,3.267,6.847,1
2020-08-16,Port_Said_EG,CHL,my,5.749,5.306,2.948,6.538,0.8241
2020-08-17,Port_Said_EG,CHL,my,6.182,5.936,3.209,9.943,0.9698
2020-08-18,Port_Said_EG,CHL,my,5.359,4.414,2.44,5.545,0.8744
2020-08-19,Port_Said_EG,CHL,my,5.079,5.079,3.021,8.025,0.9799
2020-08-20,Port_Said_EG,CHL,my,5.565,5.243,2.992,6.66,0.9698
2020-08-22,Port_Said_EG,CHL,my,5.441,2.483,2.172,5.441,0.8543
2020-08-23,Port_Said_EG,CHL,my,6.723,6.723,3.593,9.451,1
2020-08-24,Port_Said_EG,CHL,my,8.243,9.44,4.98,13.27,1
2020-08-25,Port_Said_EG,CHL,my,13.41,12.7,5.9,16.72,1
2020-08-26,Port_Said_EG,CHL,my,12.46,9.757,4.803,12.46,0.9296
2020-08-27,Port_Said_EG,CHL,my,17.03,13,5.666,17.03,1
2020-08-28,Port_Said_EG,CHL,my,16.87,11.81,6.021,21.69,0.9698
2020-08-29,Port_Said_EG,CHL,my,6.672,5.602,2.854,6.672,0.8543
2020-08-31,Port_Said_EG,CHL,my,10.73,6.926,4.043,13.02,1
2020-09-01,Port_Said_EG,CHL,my,5.606,4.958,2.8,8.179,1
2020-09-02,Port_Said_EG,CHL,my,6.306,5.139,2.836,7.707,1
2020-09-07,Port_Said_EG,CHL,my,10.97,7.862,4.298,10.97,0.8392
2020-09-09,Port_Said_EG,CHL,my,14.84,13.4,5.066,14.84,0.9698
2020-09-10,Port_Said_EG,CHL,my,,3.405,1.947,5.088,0.6382
2020-09-11,Port_Said_EG,CHL,my,6.64,6.315,2.881,8.096,0.9146
2020-09-12,Port_Said_EG,CHL,my,8.515,6.645,3.616,9.426,1
2020-09-13,Port_Said_EG,CHL,my,8.54,7.257,3.808,12.07,1
2020-09-14,Port_Said_EG,CHL,my,5.899,5.669,3.206,9.841,0.9698
2020-09-15,Port_Said_EG,CHL,my,6.771,8.887,5.529,29.85,1
2020-09-16,Port_Said_EG,CHL,my,8.298,8.029,4.127,14.73,1
2020-09-19,Port_Said_EG,CHL,my,5.667,3.461,2.822,9.083,0.9698
2020-09-21,Port_Said_EG,CHL,my,5.025,3.65,2.95,12.58,1
2020-09-22,Port_Said_EG,CHL,my,,1.937,1.411,2.401,0.5528
2020-09-24,Port_Said_EG,CHL,my,9.855,10.46,4.726,11.74,0.9648
2020-09-25,Port_Said_EG,CHL,my,6.219,5.444,3.157,8.224,0.9698
2020-09-26,Port_Said_EG,CHL,my,5.838,5.438,2.669,6.671,0.9296
2020-09-27,Port_Said_EG,CHL,my,5.446,5.76,3.444,7.321,1
2020-09-28,Port_Said_EG,CHL,my,6.077,5.988,3.238,6.667,1
2020-09-29,Port_Said_EG,CHL,my,5.233,4.594,3.011,5.764,0.9698
2020-09-30,Port_Said_EG,CHL,my,10.47,10.47,6.4,15.08,0.9698
2020-10-01,Port_Said_EG,CHL,my,6.833,5.466,2.525,6.833,0.8744
2020-10-02,Port_Said_EG,CHL,my,8.927,8.325,3.974,10.05,1
2020-10-04,Port_Said_EG,CHL,my,,2.069,1.706,6.797,0.5327
2020-10-05,Port_Said_EG,CHL,my,6.217,6.217,3.358,10.04,0.9698
2020-10-06,Port_Said_EG,CHL,my,6.029,9.267,5.16,11.51,0.9698
2020-10-07,Port_Said_EG,CHL,my,8.735,8.301,5.785,9.333,0.9698
2020-10-08,Port_Said_EG,CHL,my,5.897,5.897,3.587,9.807,1
2020-10-09,Port_Said_EG,CHL,my,6.52,6.52,3.941,11.85,1
2020-10-11,Port_Said_EG,CHL,my,15.83,11.68,6.028,16.07,0.9698
2020-10-12,Port_Said_EG,CHL,my,,2.68,2.706,10.63,0.598
2020-10-13,Port_Said_EG,CHL,my,5.472,5.472,3.392,6.619,1
2020-10-14,Port_Said_EG,CHL,my,7.635,6.999,4.126,7.816,1
2020-10-16,Port_Said_EG,CHL,my,8.253,6.971,3.756,13.85,0.9698
2020-10-17,Port_Said_EG,CHL,my,22.27,12.65,6.122,22.27,0.9698
2020-10-18,Port_Said_EG,CHL,my,5.341,4.858,2.807,7.605,0.9698
2020-10-19,Port_Said_EG,CHL,my,5.958,5.367,3.867,7.824,0.9698
2020-10-20,Port_Said_EG,CHL,my,4.161,3.8,2.719,5.305,0.9698
2020-10-21,Port_Said_EG,CHL,my,,4.214,2.845,4.98,0.7839
2020-10-22,Port_Said_EG,CHL,my,5.116,4.613,3.142,5.572,0.9196
2020-10-23,Port_Said_EG,CHL,my,3.9,4.122,3.374,5.486,1
2020-10-25,Port_Said_EG,CHL,my,5.489,,,,0.4472
2020-10-26,Port_Said_EG,CHL,my,6.473,6.473,3.647,7.602,0.9698
2020-10-27,Port_Said_EG,CHL,my,6.717,6.717,4.95,8.096,0.5628
2020-10-29,Port_Said_EG,CHL,my,4.848,4.848,2.767,5.238,0.9296
2020-11-02,Port_Said_EG,CHL,my,5.454,5.454,3.441,7.3,0.9698
2020-11-03,Port_Said_EG,CHL,my,6.6,,,,0.392
2020-11-04,Port_Said_EG,CHL,my,9.083,7.087,3.765,9.083,1
2020-11-09,Port_Said_EG,CHL,my,4.376,4.344,2.976,6.206,1
2020-11-10,Port_Said_EG,CHL,my,7.248,6.36,3.524,10.01,1
2020-11-11,Port_Said_EG,CHL,my,6.025,5.781,3.176,7.798,0.9296
2020-11-12,Port_Said_EG,CHL,my,11.59,11.59,5.589,20.35,1
2020-11-15,Port_Said_EG,CHL,my,5.612,,,,0.196
2020-11-16,Port_Said_EG,CHL,my,5.834,5.694,3.543,7.599,0.7286
2020-11-18,Port_Said_EG,CHL,my,4.538,4.079,2.84,5.493,0.9296
2020-11-19,Port_Said_EG,CHL,my,3.984,2.24,2.265,4.309,0.8392
2020-11-21,Port_Said_EG,CHL,my,6.788,6.389,2.691,8.081,0.9296
2020-11-22,Port_Said_EG,CHL,my,4.802,3.333,2.496,5.862,0.9698
2020-11-23,Port_Said_EG,CHL,my,3.087,2.862,1.938,4.874,0.9548
2020-11-25,Port_Said_EG,CHL,my,,1.983,1.582,2.247,0.5879
2020-11-26,Port_Said_EG,CHL,my,,1.758,1.698,5.417,0.6382
2020-11-27,Port_Said_EG,CHL,my,8.279,7.481,4.178,11.82,0.9698
2020-11-28,Port_Said_EG,CHL,my,9.419,8.876,5.217,11.19,0.6935
2020-11-29,Port_Said_EG,CHL,my,9.881,9.507,4.142,14.12,0.9698
2020-11-30,Port_Said_EG,CHL,my,5.922,5.542,2.969,6.905,0.9698
2020-12-01,Port_Said_EG,CHL,my,7.67,6.938,3.806,7.67,1
2020-12-03,Port_Said_EG,CHL,my,6.129,4.306,3.8,10.06,0.9698
2020-12-05,Port_Said_EG,CHL,my,21.75,11.01,6.344,27.69,0.9296
2020-12-06,Port_Said_EG,CHL,my,4.678,4.381,2.636,7.518,1
2020-12-09,Port_Said_EG,CHL,my,5.928,4.971,2.772,7.438,0.9296
2020-12-10,Port_Said_EG,CHL,my,6.709,6.861,3.782,12.32,1
2020-12-17,Port_Said_EG,CHL,my,5.262,4.824,2.679,6.159,0.9296
2020-12-18,Port_Said_EG,CHL,my,4.129,3.993,2.525,5.717,0.8693
2020-12-19,Port_Said_EG,CHL,my,3.806,3.821,2.592,4.521,0.9146
2020-12-20,Port_Said_EG,CHL,my,2.498,2.498,2.095,3.784,0.9095
2020-12-21,Port_Said_EG,CHL,my,2.65,2.535,2.006,4.192,0.794
2020-12-22,Port_Said_EG,CHL,my,3.165,2.855,2.206,4.8,0.9296
2020-12-24,Port_Said_EG,CHL,my,12.06,10.29,4.948,12.61,0.9698
2020-12-25,Port_Said_EG,CHL,my,13.19,12.47,6.636,18.29,0.9296
2020-12-26,Port_Said_EG,CHL,my,6.43,5.12,3.449,6.43,0.9296
2020-12-27,Port_Said_EG,CHL,my,6.265,5.626,3.578,6.931,0.9698
2020-12-28,Port_Said_EG,CHL,my,4.818,4.694,2.947,5.914,0.9698
2020-12-29,Port_Said_EG,CHL,my,17.29,13.43,6.68,27.52,0.9296
2020-12-30,Port_Said_EG,CHL,my,4.083,2.953,1.967,4.463,0.9698
2020-12-31,Port_Said_EG,CHL,my,3.082,3.082,1.965,3.379,0.9296
2020-01-02,Rafah_Gaza,CHL,my,1.028,1.002,0.6846,1.453,0.95
2020-01-03,Rafah_Gaza,CHL,my,1.104,1.172,0.6588,1.739,0.95
2020-01-05,Rafah_Gaza,CHL,my,1.649,1.554,0.9865,1.649,1
2020-01-06,Rafah_Gaza,CHL,my,1.49,1.531,1.204,1.936,0.95
2020-01-11,Rafah_Gaza,CHL,my,1.112,1.011,0.6208,1.198,0.915
2020-01-14,Rafah_Gaza,CHL,my,0.5427,0.4245,0.2593,0.5888,0.875
2020-01-15,Rafah_Gaza,CHL,my,0.75,0.4669,0.2977,0.75,0.915
2020-01-25,Rafah_Gaza,CHL,my,2.849,2.159,1.451,3.209,0.685
2020-01-26,Rafah_Gaza,CHL,my,1.608,1.254,0.9211,2.202,0.95
2020-01-27,Rafah_Gaza,CHL,my,1.291,1.392,0.8973,1.735,0.835
2020-01-28,Rafah_Gaza,CHL,my,1.243,1.303,0.9014,2.966,0.825
2020-01-29,Rafah_Gaza,CHL,my,1.569,,,,0.44
2020-01-30,Rafah_Gaza,CHL,my,1.521,1.521,0.9447,4.294,1
2020-01-31,Rafah_Gaza,CHL,my,1.4,1.253,0.783,1.596,0.915
2020-02-02,Rafah_Gaza,CHL,my,1.403,1.251,0.7316,1.617,1
2020-02-04,Rafah_Gaza,CHL,my,1.22,1.247,1.103,1.334,0.52
2020-02-05,Rafah_Gaza,CHL,my,1.4,1.219,0.9175,1.552,0.95
2020-02-06,Rafah_Gaza,CHL,my,1.161,1.044,0.75,1.209,0.95
2020-02-12,Rafah_Gaza,CHL,my,2.188,1.806,0.8495,2.272,0.95
2020-02-13,Rafah_Gaza,CHL,my,2.169,1.994,1.219,2.368,0.95
2020-02-17,Rafah_Gaza,CHL,my,1.768,1.308,0.7251,1.947,0.95
2020-02-20,Rafah_Gaza,CHL,my,1.603,1.453,0.6666,1.723,0.915
2020-02-21,Rafah_Gaza,CHL,my,1.694,1.496,0.8372,1.96,0.915
2020-02-26,Rafah_Gaza,CHL,my,1.861,1.721,0.9799,1.938,0.875
2020-02-27,Rafah_Gaza,CHL,my,1.537,,,,0.42
2020-02-28,Rafah_Gaza,CHL,my,3.189,2.596,1.442,3.189,0.95
2020-02-29,Rafah_Gaza,CHL,my,1.471,1.516,0.7234,1.825,1
2020-03-02,Rafah_Gaza,CHL,my,,1.276,0.8541,1.598,0.74
2020-03-03,Rafah_Gaza,CHL,my,2.855,2.532,1.463,3.03,1
2020-03-04,Rafah_Gaza,CHL,my,2.21,2.181,1.33,2.83,1
2020-03-05,Rafah_Gaza,CHL,my,,1.23,0.7706,1.545,0.795
2020-03-07,Rafah_Gaza,CHL,my,1.35,1.35,0.8535,1.935,0.915
2020-03-08,Rafah_Gaza,CHL,my,1.869,1.644,0.9577,2.116,0.95
2020-03-11,Rafah_Gaza,CHL,my,,0.9168,0.4974,1.142,0.65
2020-03-14,Rafah_Gaza,CHL,my,1.53,,,,0.31
2020-03-16,Rafah_Gaza,CHL,my,1.527,1.515,0.9005,1.922,0.95
2020-03-22,Rafah_Gaza,CHL,my,1.857,1.784,1.533,1.998,0.915
2020-03-25,Rafah_Gaza,CHL,my,2.028,1.72,1.212,2.454,0.915
2020-03-26,Rafah_Gaza,CHL,my,4.646,2.802,1.832,4.646,0.695
2020-03-29,Rafah_Gaza,CHL,my,6.628,4.745,2.523,7.214,0.915
2020-04-02,Rafah_Gaza,CHL,my,1.586,1.439,0.8429,1.664,0.915
2020-04-03,Rafah_Gaza,CHL,my,,1.027,0.7019,1.252,0.795
2020-04-04,Rafah_Gaza,CHL,my,1.878,1.878,1.051,3.176,1
2020-04-06,Rafah_Gaza,CHL,my,,0.986,0.6017,1.445,0.865
2020-04-07,Rafah_Gaza,CHL,my,0.9317,0.8187,0.5251,1.789,0.95
2020-04-08,Rafah_Gaza,CHL,my,0.9343,0.8959,0.5342,1.406,0.95
2020-04-09,Rafah_Gaza,CHL,my,0.8283,0.4801,0.3449,1.208,0.915
2020-04-12,Rafah_Gaza,CHL,my,1.603,1.5,1.019,2.315,1
2020-04-13,Rafah_Gaza,CHL,my,1.242,1.242,0.7046,1.378,0.825
2020-04-14,Rafah_Gaza,CHL,my,1.386,1.17,0.7436,1.386,0.825
2020-04-15,Rafah_Gaza,CHL,my,,1.052,0.6488,1.362,0.845
2020-04-16,Rafah_Gaza,CHL,my,0.9202,0.8912,0.6257,1.251,0.825
2020-04-17,Rafah_Gaza,CHL,my,1.386,1.213,0.6995,1.386,0.915
2020-04-20,Rafah_Gaza,CHL,my,1.085,0.9979,0.6423,1.085,0.815
2020-04-22,Rafah_Gaza,CHL,my,,0.897,0.5446,1.008,0.715
2020-04-23,Rafah_Gaza,CHL,my,1.018,0.8656,0.5056,1.398,0.95
2020-04-25,Rafah_Gaza,CHL,my,,0.6974,0.3599,0.8645,0.64
2020-04-26,Rafah_Gaza,CHL,my,1.443,,,,0.19
2020-04-27,Rafah_Gaza,CHL,my,1.408,1.34,0.8324,1.43,1
2020-04-28,Rafah_Gaza,CHL,my,1.495,1.39,1.033,1.67,0.915
2020-04-29,Rafah_Gaza,CHL,my,1.411,1.182,0.8279,1.544,0.875
2020-04-30,Rafah_Gaza,CHL,my,0.8172,0.9591,0.564,1.169,0.95
2020-05-01,Rafah_Gaza,CHL,my,0.9481,0.9628,0.6126,1.149,0.95
2020-05-02,Rafah_Gaza,CHL,my,0.9309,0.6365,0.4067,1.128,0.95
2020-05-04,Rafah_Gaza,CHL,my,0.6117,0.6117,0.3769,0.8546,0.95
2020-05-06,Rafah_Gaza,CHL,my,1.444,1.293,0.6635,1.595,0.915
2020-05-07,Rafah_Gaza,CHL,my,1.499,1.316,0.8944,1.499,0.825
2020-05-08,Rafah_Gaza,CHL,my,1.432,1.356,1.079,1.528,0.95
2020-05-09,Rafah_Gaza,CHL,my,1.245,1.134,0.6208,1.245,0.825
2020-05-10,Rafah_Gaza,CHL,my,1.387,1.249,0.7662,1.41,0.555
2020-05-11,Rafah_Gaza,CHL,my,1.282,1.266,0.768,1.42,0.825
2020-05-15,Rafah_Gaza,CHL,my,0.8862,0.6259,0.4114,1.244,0.645
2020-05-17,Rafah_Gaza,CHL,my,,0.4757,0.3519,0.6675,0.795
2020-05-19,Rafah_Gaza,CHL,my,,0.339,0.2394,0.5112,0.655
2020-05-21,Rafah_Gaza,CHL,my,0.2871,0.2157,0.2177,0.6128,0.95
2020-05-25,Rafah_Gaza,CHL,my,1.939,2.228,1.797,3.526,1
2020-05-26,Rafah_Gaza,CHL,my,1.551,1.426,0.9339,1.588,0.745
2020-05-27,Rafah_Gaza,CHL,my,1.541,1.481,0.946,1.547,0.95
2020-05-28,Rafah_Gaza,CHL,my,1.187,1.142,0.594,1.364,0.875
2020-05-29,Rafah_Gaza,CHL,my,1.368,1.297,0.8146,1.676,0.95
2020-05-30,Rafah_Gaza,CHL,my,1.734,1.676,1.08,2.081,0.915
2020-05-31,Rafah_Gaza,CHL,my,1.521,1.601,1.119,1.911,0.95
2020-06-01,Rafah_Gaza,CHL,my,1.644,1.701,1.211,2.131,0.95
2020-06-03,Rafah_Gaza,CHL,my,1.467,1.07,0.8048,1.467,0.875
2020-06-05,Rafah_Gaza,CHL,my,0.976,,,,0.475
2020-06-07,Rafah_Gaza,CHL,my,1.177,1.177,0.5997,2.019,1
2020-06-08,Rafah_Gaza,CHL,my,0.9401,0.6373,0.3913,0.9401,0.825
2020-06-09,Rafah_Gaza,CHL,my,0.6647,0.5027,0.3992,1.744,0.95
2020-06-10,Rafah_Gaza,CHL,my,0.5026,0.2659,0.2219,0.682,0.875
2020-06-11,Rafah_Gaza,CHL,my,0.5905,0.374,0.3085,1.54,0.915
2020-06-12,Rafah_Gaza,CHL,my,0.7238,0.304,0.254,0.8686,0.915
2020-06-13,Rafah_Gaza,CHL,my,0.5994,,,,0.315
2020-06-14,Rafah_Gaza,CHL,my,0.4999,0.302,0.2018,0.7904,0.865
2020-06-15,Rafah_Gaza,CHL,my,0.264,0.233,0.2275,1.182,0.95
2020-06-16,Rafah_Gaza,CHL,my,0.4541,0.2253,0.1962,0.4541,0.63
2020-06-17,Rafah_Gaza,CHL,my,,0.4219,0.2162,0.5597,0.74
2020-06-19,Rafah_Gaza,CHL,my,1.103,0.7127,0.3726,1.103,0.875
2020-06-20,Rafah_Gaza,CHL,my,,0.8992,0.419,1.128,0.795
2020-06-22,Rafah_Gaza,CHL,my,,1.002,0.4391,1.124,0.715
2020-06-23,Rafah_Gaza,CHL,my,1.531,1.33,0.697,1.531,1
2020-06-24,Rafah_Gaza,CHL,my,1.24,1.129,0.6559,1.471,0.95
2020-06-25,Rafah_Gaza,CHL,my,0.9866,0.873,0.4459,0.9955,0.915
2020-06-26,Rafah_Gaza,CHL,my,0.593,0.4634,0.2813,1.055,0.95
2020-06-27,Rafah_Gaza,CHL,my,0.9695,0.3934,0.3358,0.9695,0.875
2020-06-28,Rafah_Gaza,CHL,my,1.071,0.7613,0.4725,1.148,0.915
2020-06-30,Rafah_Gaza,CHL,my,,1,0.4155,1.004,0.595
2020-07-01,Rafah_Gaza,CHL,my,1.392,1.4,0.8743,1.755,0.915
2020-07-02,Rafah_Gaza,CHL,my,1.449,1.45,0.7579,1.676,1
2020-07-03,Rafah_Gaza,CHL,my,1.632,1.103,0.5168,1.632,0.875
2020-07-04,Rafah_Gaza,CHL,my,1.245,1.245,0.7075,1.664,1
2020-07-08,Rafah_Gaza,CHL,my,1.701,1.443,0.5618,1.701,0.95
2020-07-09,Rafah_Gaza,CHL,my,1.105,0.7568,0.395,1.547,0.95
2020-07-10,Rafah_Gaza,CHL,my,1.235,1.201,0.7849,1.473,0.95
2020-07-11,Rafah_Gaza,CHL,my,1.525,1.515,1.058,1.601,0.915
2020-07-12,Rafah_Gaza,CHL,my,1.496,,,,0.395
2020-07-14,Rafah_Gaza,CHL,my,1.412,1.51,0.87,1.582,0.95
2020-07-16,Rafah_Gaza,CHL,my,1.472,1.441,0.7,1.567,0.95
2020-07-17,Rafah_Gaza,CHL,my,1.49,1.501,0.852,2.727,1
2020-07-18,Rafah_Gaza,CHL,my,1.615,1.528,0.8528,1.648,0.915
2020-07-19,Rafah_Gaza,CHL,my,1.443,1.397,0.7427,1.588,0.875
2020-07-20,Rafah_Gaza,CHL,my,,0.9365,0.5522,1.338,0.78
2020-07-21,Rafah_Gaza,CHL,my,1.193,1.134,0.569,1.32,0.95
2020-07-22,Rafah_Gaza,CHL,my,1.041,0.6708,0.4451,1.197,0.915
2020-07-24,Rafah_Gaza,CHL,my,1.453,1.079,0.5567,1.453,0.825
2020-07-25,Rafah_Gaza,CHL,my,1.418,1.335,0.8703,1.7,1
2020-07-30,Rafah_Gaza,CHL,my,1.4,1.043,0.6328,1.4,0.825
2020-07-31,Rafah_Gaza,CHL,my,1.337,1.296,0.6585,1.77,0.95
2020-08-01,Rafah_Gaza,CHL,my,1.307,1.181,0.6221,1.397,0.715
2020-08-02,Rafah_Gaza,CHL,my,1.564,1.441,0.84,1.597,0.95
2020-08-03,Rafah_Gaza,CHL,my,1.622,1.298,0.6078,1.622,0.875
2020-08-04,Rafah_Gaza,CHL,my,1.217,1.042,0.4302,1.249,0.915
2020-08-05,Rafah_Gaza,CHL,my,1.165,0.9919,0.4849,1.384,0.95
2020-08-06,Rafah_Gaza,CHL,my,1.466,1.331,0.7921,1.541,0.915
2020-08-07,Rafah_Gaza,CHL,my,1.444,1.444,0.6979,1.641,0.95
2020-08-09,Rafah_Gaza,CHL,my,1.811,1.573,0.9142,1.811,0.875
2020-08-10,Rafah_Gaza,CHL,my,1.647,1.647,1.088,1.996,0.9
2020-08-11,Rafah_Gaza,CHL,my,1.567,1.309,0.8303,1.692,0.875
2020-08-12,Rafah_Gaza,CHL,my,1.525,1.526,1.036,2.234,0.95
2020-08-13,Rafah_Gaza,CHL,my,1.935,1.86,1.469,2.608,1
2020-08-14,Rafah_Gaza,CHL,my,1.757,1.757,0.933,2.462,0.95
2020-08-15,Rafah_Gaza,CHL,my,1.676,1.267,0.6499,1.676,0.685
2020-08-16,Rafah_Gaza,CHL,my,1.501,1.411,0.9806,1.658,0.625
2020-08-17,Rafah_Gaza,CHL,my,1.633,1.509,0.8299,2.902,0.925
2020-08-18,Rafah_Gaza,CHL,my,1.632,1.355,0.7163,1.784,0.95
2020-08-19,Rafah_Gaza,CHL,my,1.401,1.262,0.726,1.604,0.58
2020-08-20,Rafah_Gaza,CHL,my,1.394,1.338,0.7712,1.794,0.95
2020-08-21,Rafah_Gaza,CHL,my,,1.441,0.682,1.71,0.775
2020-08-22,Rafah_Gaza,CHL,my,1.596,,,,0.21
2020-08-23,Rafah_Gaza,CHL,my,1.576,1.644,1.062,2.048,0.92
2020-08-24,Rafah_Gaza,CHL,my,1.434,1.398,0.6524,1.58,0.915
2020-08-25,Rafah_Gaza,CHL,my,1.345,1.295,0.5239,1.51,0.95
2020-08-26,Rafah_Gaza,CHL,my,1.235,0.8839,0.4694,1.441,0.915
2020-08-27,Rafah_Gaza,CHL,my,1.312,0.9156,0.4926,1.36,0.875
2020-08-28,Rafah_Gaza,CHL,my,1.746,1.394,0.7397,1.746,0.915
2020-08-29,Rafah_Gaza,CHL,my,1.388,1.253,0.6318,1.453,0.875
2020-09-02,Rafah_Gaza,CHL,my,1.599,1.468,0.6703,3.001,1
2020-09-09,Rafah_Gaza,CHL,my,1.428,1.37,0.5665,1.506,0.915
2020-09-12,Rafah_Gaza,CHL,my,1.15,1.071,0.4825,1.184,0.915
2020-09-13,Rafah_Gaza,CHL,my,1.283,1.096,0.5548,1.537,0.95
2020-09-14,Rafah_Gaza,CHL,my,1.448,1.348,0.5841,1.495,0.95
2020-09-19,Rafah_Gaza,CHL,my,1.577,,,,0.31
2020-09-21,Rafah_Gaza,CHL,my,1.612,1.612,0.7476,3.45,0.565
2020-09-22,Rafah_Gaza,CHL,my,1.049,0.9004,0.5474,1.446,0.915
2020-09-23,Rafah_Gaza,CHL,my,0.5388,0.2894,0.2707,1.108,0.95
2020-09-24,Rafah_Gaza,CHL,my,0.4913,0.4913,0.4651,3.896,1
2020-09-25,Rafah_Gaza,CHL,my,0.5547,0.5547,0.2891,1.062,0.82
2020-09-26,Rafah_Gaza,CHL,my,1.158,0.7368,0.4144,1.259,0.875
2020-09-27,Rafah_Gaza,CHL,my,1.139,1.191,0.8311,1.771,0.95
2020-09-28,Rafah_Gaza,CHL,my,1.313,1.313,1.058,2.383,0.525
2020-09-29,Rafah_Gaza,CHL,my,1.413,1.238,0.5629,1.413,0.915
2020-09-30,Rafah_Gaza,CHL,my,0.9852,0.9706,0.4796,1.2,0.865
2020-10-01,Rafah_Gaza,CHL,my,0.8924,0.794,0.3955,1.597,0.95
2020-10-02,Rafah_Gaza,CHL,my,1.443,1.377,0.8829,5.804,1
2020-10-03,Rafah_Gaza,CHL,my,1.496,1.326,0.64,1.496,0.95
2020-10-04,Rafah_Gaza,CHL,my,,0.96,0.4075,1.308,0.715
2020-10-05,Rafah_Gaza,CHL,my,1.521,1.471,0.8354,1.849,0.95
2020-10-06,Rafah_Gaza,CHL,my,2.114,1.931,0.9041,2.244,0.95
2020-10-07,Rafah_Gaza,CHL,my,1.404,1.358,0.5377,1.618,0.915
2020-10-08,Rafah_Gaza,CHL,my,1.381,1.323,0.7057,1.746,0.95
2020-10-11,Rafah_Gaza,CHL,my,,1.312,0.7182,1.55,0.965
2020-10-12,Rafah_Gaza,CHL,my,1.469,1.329,0.68,1.484,0.95
2020-10-13,Rafah_Gaza,CHL,my,1.381,1.076,0.5807,1.505,0.95
2020-10-14,Rafah_Gaza,CHL,my,1.397,1.397,0.6797,1.92,1
2020-10-15,Rafah_Gaza,CHL,my,1.405,1.281,0.7354,1.58,0.915
2020-10-16,Rafah_Gaza,CHL,my,1.573,1.455,0.8719,1.597,1
2020-10-17,Rafah_Gaza,CHL,my,1.445,1.322,0.8279,2.187,1
2020-10-18,Rafah_Gaza,CHL,my,1.153,1.14,0.6367,1.405,0.95
2020-10-19,Rafah_Gaza,CHL,my,1.276,1.009,0.6381,1.3,0.915
2020-10-20,Rafah_Gaza,CHL,my,1.166,1.125,0.7539,1.404,0.95
2020-10-21,Rafah_Gaza,CHL,my,1.162,1.162,0.6657,1.804,1
2020-10-22,Rafah_Gaza,CHL,my,1.226,1.188,0.678,1.226,0.61
2020-10-23,Rafah_Gaza,CHL,my,1.17,1.17,0.8437,1.192,0.875
2020-10-24,Rafah_Gaza,CHL,my,1.211,1.119,0.8788,1.211,0.52
2020-10-25,Rafah_Gaza,CHL,my,1.175,1.044,0.7117,1.203,0.575
2020-10-26,Rafah_Gaza,CHL,my,1.277,1.335,0.7846,1.434,0.95
2020-10-27,Rafah_Gaza,CHL,my,1.182,,,,0.435
2020-11-01,Rafah_Gaza,CHL,my,,0.8428,0.3642,0.9553,0.65
2020-11-02,Rafah_Gaza,CHL,my,1.138,0.8859,0.5038,1.138,0.56
2020-11-03,Rafah_Gaza,CHL,my,1.381,1.381,0.9281,1.419,0.875
2020-11-04,Rafah_Gaza,CHL,my,0.953,0.953,0.6371,1.019,0.915
2020-11-06,Rafah_Gaza,CHL,my,1.574,1.557,0.9409,1.842,0.95
2020-11-09,Rafah_Gaza,CHL,my,1.189,1.086,0.6604,1.35,0.915
2020-11-10,Rafah_Gaza,CHL,my,0.5887,0.4527,0.3664,0.9368,0.95
2020-11-11,Rafah_Gaza,CHL,my,0.9149,0.676,0.3942,0.9149,0.825
2020-11-12,Rafah_Gaza,CHL,my,0.8681,0.8681,0.5378,1.045,0.915
2020-11-13,Rafah_Gaza,CHL,my,0.6143,0.5759,0.3552,0.964,0.86
2020-11-14,Rafah_Gaza,CHL,my,0.9045,0.8769,0.4866,1.141,0.95
2020-11-17,Rafah_Gaza,CHL,my,1.81,1.812,1.102,3.078,0.95
2020-11-18,Rafah_Gaza,CHL,my,3.075,2.65,1.57,3.229,0.915
2020-11-19,Rafah_Gaza,CHL,my,1.164,0.9441,0.877,2.393,0.915
2020-11-20,Rafah_Gaza,CHL,my,,0.5938,0.4301,0.6937,0.64
2020-11-21,Rafah_Gaza,CHL,my,2.765,2.765,1.301,3.56,1
2020-11-22,Rafah_Gaza,CHL,my,0.6722,0.7421,0.5099,1.061,0.785
2020-11-23,Rafah_Gaza,CHL,my,0.4814,0.4274,0.3304,0.6405,1
2020-11-27,Rafah_Gaza,CHL,my,1.042,1.042,0.7012,1.287,1
2020-11-29,Rafah_Gaza,CHL,my,0.3369,0.41,0.3217,0.7723,1
2020-11-30,Rafah_Gaza,CHL,my,0.3677,0.3476,0.2896,1.374,0.95
2020-12-01,Rafah_Gaza,CHL,my,0.3188,0.2913,0.2089,0.611,0.95
2020-12-03,Rafah_Gaza,CHL,my,0.5721,0.5401,0.3255,0.7108,0.95
2020-12-09,Rafah_Gaza,CHL,my,0.5335,0.4238,0.2537,0.6065,0.95
2020-12-10,Rafah_Gaza,CHL,my,0.1625,0.1625,0.1506,0.4055,1
2020-12-11,Rafah_Gaza,CHL,my,,0.518,0.3182,0.5425,0.745
2020-12-13,Rafah_Gaza,CHL,my,,0.4235,0.2851,0.4965,0.65
2020-12-18,Rafah_Gaza,CHL,my,0.4765,0.3843,0.2323,0.6081,0.915
2020-12-19,Rafah_Gaza,CHL,my,0.4236,0.4236,0.3063,0.8558,1
2020-12-20,Rafah_Gaza,CHL,my,0.4362,0.4032,0.2451,0.6966,0.95
2020-12-21,Rafah_Gaza,CHL,my,0.5032,0.368,0.2806,0.6734,0.95
2020-12-22,Rafah_Gaza,CHL,my,0.3305,0.3321,0.2349,0.4251,0.95
2020-12-24,Rafah_Gaza,CHL,my,0.4886,0.4668,0.2194,0.5428,0.95
2020-12-25,Rafah_Gaza,CHL,my,0.3936,0.3882,0.2711,0.8867,1
2020-12-26,Rafah_Gaza,CHL,my,0.7693,0.785,0.4163,0.8689,0.965
2020-12-27,Rafah_Gaza,CHL,my,1.065,1.176,0.704,1.84,0.95
2020-12-29,Rafah_Gaza,CHL,my,0.706,0.7505,0.5404,0.8393,0.95
2020-12-30,Rafah_Gaza,CHL,my,0.3391,0.4013,0.3109,0.5205,0.915
2020-12-31,Rafah_Gaza,CHL,my,0.4806,0.4588,0.3487,0.5571,0.915
2020-01-02,Rosetta_mouth,CHL,my,3.355,,,,0.1271
2020-01-04,Rosetta_mouth,CHL,my,4.634,,,,0.3149
2020-01-06,Rosetta_mouth,CHL,my,5.341,,,,0.3149
2020-01-09,Rosetta_mouth,CHL,my,4.823,4.436,2.584,4.912,0.9337
2020-01-11,Rosetta_mouth,CHL,my,2.027,1.789,1.419,2.213,1
2020-01-12,Rosetta_mouth,CHL,my,3.104,2.762,2.036,3.373,0.8122
2020-01-13,Rosetta_mouth,CHL,my,3.002,2.43,1.805,3.983,0.8729
2020-01-16,Rosetta_mouth,CHL,my,4.61,,,,0.3702
2020-01-25,Rosetta_mouth,CHL,my,3.782,3.674,2.562,4.026,1
2020-01-26,Rosetta_mouth,CHL,my,2.883,,,,0.1878
2020-01-27,Rosetta_mouth,CHL,my,2.369,2.369,2.009,2.554,0.5635
2020-01-28,Rosetta_mouth,CHL,my,,1.508,1.153,2.062,0.7514
2020-01-29,Rosetta_mouth,CHL,my,2.139,2.023,1.268,2.159,1
2020-01-30,Rosetta_mouth,CHL,my,2.519,2.705,1.897,3.422,1
2020-01-31,Rosetta_mouth,CHL,my,5.082,4.38,2.606,5.942,1
2020-02-01,Rosetta_mouth,CHL,my,4.522,3.722,2.241,4.763,1
2020-02-03,Rosetta_mouth,CHL,my,3.017,1.956,1.555,3.443,1
2020-02-05,Rosetta_mouth,CHL,my,4.127,2.597,2.26,10.34,1
2020-02-06,Rosetta_mouth,CHL,my,5.024,4.219,2.656,5.223,1
2020-02-08,Rosetta_mouth,CHL,my,5.324,,,,0.2486
2020-02-12,Rosetta_mouth,CHL,my,5.857,4.219,2.828,5.857,1
2020-02-13,Rosetta_mouth,CHL,my,2.89,2.445,1.583,3.093,1
2020-02-15,Rosetta_mouth,CHL,my,2.515,1.936,1.775,4.022,1
2020-02-17,Rosetta_mouth,CHL,my,3.911,2.193,1.974,4.226,0.9945
2020-02-20,Rosetta_mouth,CHL,my,2.383,2.232,1.514,3.832,0.8785
2020-02-21,Rosetta_mouth,CHL,my,4.696,4.473,3.178,5.076,0.6243
2020-02-24,Rosetta_mouth,CHL,my,3.277,2.094,1.606,3.377,1
2020-02-25,Rosetta_mouth,CHL,my,6.157,6.131,3.941,6.171,0.8066
2020-02-26,Rosetta_mouth,CHL,my,5.083,3.722,2.323,5.534,1
2020-02-27,Rosetta_mouth,CHL,my,5.182,3.527,2.593,5.182,1
2020-02-28,Rosetta_mouth,CHL,my,7.824,7.328,4.516,8.05,1
2020-02-29,Rosetta_mouth,CHL,my,4.38,,,,0.1271
2020-03-02,Rosetta_mouth,CHL,my,4.791,3.591,2.666,5.984,1
2020-03-03,Rosetta_mouth,CHL,my,3.285,3.202,2.415,3.285,1
2020-03-04,Rosetta_mouth,CHL,my,2.808,2.444,2.046,4.546,1
2020-03-07,Rosetta_mouth,CHL,my,2.993,2.38,2.123,3.578,1
2020-03-08,Rosetta_mouth,CHL,my,4.18,2.758,2.257,4.32,1
2020-03-09,Rosetta_mouth,CHL,my,2.903,2.739,1.983,2.903,1
2020-03-10,Rosetta_mouth,CHL,my,,3.717,2.559,4.236,0.7514
2020-03-14,Rosetta_mouth,CHL,my,5.021,4.109,2.693,5.594,1
2020-03-15,Rosetta_mouth,CHL,my,5.09,5.09,2.986,6.127,0.8177
2020-03-16,Rosetta_mouth,CHL,my,11.44,9.847,5.314,11.44,0.8177
2020-03-21,Rosetta_mouth,CHL,my,4.553,2.344,2.239,5.021,1
2020-03-22,Rosetta_mouth,CHL,my,7.232,6.13,3.934,7.706,1
2020-03-28,Rosetta_mouth,CHL,my,,1.824,1.34,2.174,0.8122
2020-03-29,Rosetta_mouth,CHL,my,5.449,4.919,2.705,5.449,1
2020-03-30,Rosetta_mouth,CHL,my,3.241,,,,0.3702
2020-04-01,Rosetta_mouth,CHL,my,5.955,4.703,3.017,6.352,1
2020-04-02,Rosetta_mouth,CHL,my,3.701,3.474,2.318,4.372,1
2020-04-03,Rosetta_mouth,CHL,my,2.444,2.277,1.546,2.638,0.7514
2020-04-06,Rosetta_mouth,CHL,my,2.288,2.039,1.633,2.288,1
2020-04-08,Rosetta_mouth,CHL,my,2.101,1.964,1.513,2.179,1
2020-04-10,Rosetta_mouth,CHL,my,1.746,,,,0.1271
2020-04-12,Rosetta_mouth,CHL,my,2.212,1.891,1.325,2.236,1
2020-04-13,Rosetta_mouth,CHL,my,1.985,,,,0.3757
2020-04-14,Rosetta_mouth,CHL,my,1.672,1.58,0.9109,1.787,1
2020-04-15,Rosetta_mouth,CHL,my,,1.61,1.092,1.92,0.7514
2020-04-16,Rosetta_mouth,CHL,my,,1.459,0.8669,1.569,0.5635
2020-04-17,Rosetta_mouth,CHL,my,4.327,3.622,2.132,4.614,1
2020-04-18,Rosetta_mouth,CHL,my,2.467,1.998,1.4,2.47,1
2020-04-19,Rosetta_mouth,CHL,my,2.017,1.825,1.163,2.165,1
2020-04-20,Rosetta_mouth,CHL,my,2.51,2.048,1.434,2.617,1
2020-04-21,Rosetta_mouth,CHL,my,2.861,2.475,1.803,2.968,1
2020-04-22,Rosetta_mouth,CHL,my,2.221,1.921,1.463,2.404,1
2020-04-26,Rosetta_mouth,CHL,my,2.48,2.237,1.472,3.055,1
2020-04-28,Rosetta_mouth,CHL,my,2.29,2.174,1.504,2.465,1
2020-04-29,Rosetta_mouth,CHL,my,2.323,2.172,1.504,2.67,1
2020-04-30,Rosetta_mouth,CHL,my,2.756,1.864,1.505,3.815,1
2020-05-01,Rosetta_mouth,CHL,my,4.909,1.91,2.231,13.33,1
2020-05-02,Rosetta_mouth,CHL,my,3.011,1.871,1.266,3.011,0.9392
2020-05-03,Rosetta_mouth,CHL,my,2.452,1.466,1.268,2.902,1
2020-05-04,Rosetta_mouth,CHL,my,2.048,1.862,1.364,4.074,0.8785
2020-05-07,Rosetta_mouth,CHL,my,3.32,2.438,2.015,5.884,1
2020-05-09,Rosetta_mouth,CHL,my,2.07,2.009,1.399,2.284,0.7514
2020-05-10,Rosetta_mouth,CHL,my,1.973,1.875,1.404,2.056,1
2020-05-12,Rosetta_mouth,CHL,my,3.499,2.828,1.792,3.777,1
2020-05-14,Rosetta_mouth,CHL,my,1.634,1.487,1.008,1.716,1
2020-05-15,Rosetta_mouth,CHL,my,1.606,1.469,1,1.708,1
2020-05-16,Rosetta_mouth,CHL,my,1.637,1.457,1.143,1.864,1
2020-05-17,Rosetta_mouth,CHL,my,2.115,1.772,1.097,2.115,0.558
2020-05-18,Rosetta_mouth,CHL,my,1.746,1.592,1.08,1.746,0.8729
2020-05-19,Rosetta_mouth,CHL,my,1.616,1.328,1.01,1.809,1
2020-05-20,Rosetta_mouth,CHL,my,1.698,1.134,0.9282,1.765,1
2020-05-22,Rosetta_mouth,CHL,my,1.623,1.621,0.9199,1.803,1
2020-05-23,Rosetta_mouth,CHL,my,1.419,1.223,0.8043,1.673,1
2020-05-24,Rosetta_mouth,CHL,my,5.345,4.629,2.778,6.105,1
2020-05-25,Rosetta_mouth,CHL,my,1.848,1.616,1.111,1.848,0.6906
2020-05-26,Rosetta_mouth,CHL,my,3.523,2.745,1.972,3.751,1
2020-05-28,Rosetta_mouth,CHL,my,2.553,1.696,1.156,3.28,1
2020-05-29,Rosetta_mouth,CHL,my,3.482,1.843,1.59,3.867,1
2020-05-30,Rosetta_mouth,CHL,my,2.098,1.78,1.375,2.497,1
2020-05-31,Rosetta_mouth,CHL,my,2.959,2.547,1.528,3.105,1
2020-06-01,Rosetta_mouth,CHL,my,1.763,1.632,1.105,1.875,1
2020-06-03,Rosetta_mouth,CHL,my,2.28,1.601,0.898,2.857,1
2020-06-04,Rosetta_mouth,CHL,my,3.361,1.65,1.061,3.834,1
2020-06-05,Rosetta_mouth,CHL,my,1.778,1.778,0.8808,1.957,0.8785
2020-06-07,Rosetta_mouth,CHL,my,,1.112,0.7056,1.456,0.7514
2020-06-08,Rosetta_mouth,CHL,my,1.587,1.091,0.7393,1.587,1
2020-06-09,Rosetta_mouth,CHL,my,1.916,1.506,0.7647,1.916,1
2020-06-11,Rosetta_mouth,CHL,my,2.047,1.496,0.7794,2.569,1
2020-06-12,Rosetta_mouth,CHL,my,,1.331,0.585,1.68,0.8729
2020-06-13,Rosetta_mouth,CHL,my,1.783,1.195,0.5874,1.783,1
2020-06-14,Rosetta_mouth,CHL,my,1.838,1.023,0.552,1.838,1
2020-06-15,Rosetta_mouth,CHL,my,1.622,1.516,0.6923,2.043,1
2020-06-16,Rosetta_mouth,CHL,my,,0.6034,0.3894,1.012,0.6243
2020-06-18,Rosetta_mouth,CHL,my,1.779,1.721,1,2.132,0.9337
2020-06-19,Rosetta_mouth,CHL,my,,1.35,0.5208,1.463,0.5691
2020-06-20,Rosetta_mouth,CHL,my,2.138,1.928,1.189,2.246,1
2020-06-22,Rosetta_mouth,CHL,my,1.899,1.827,1.08,2.159,1
2020-06-23,Rosetta_mouth,CHL,my,2.344,1.854,1.316,2.656,1
2020-06-24,Rosetta_mouth,CHL,my,3.088,1.996,1.734,3.088,1
2020-06-25,Rosetta_mouth,CHL,my,1.971,,,,0.3094
2020-06-27,Rosetta_mouth,CHL,my,1.614,1.624,1.183,1.738,1
2020-06-29,Rosetta_mouth,CHL,my,,1.572,0.9567,1.666,0.8122
2020-06-30,Rosetta_mouth,CHL,my,1.709,1.518,1.007,2.401,1
2020-07-01,Rosetta_mouth,CHL,my,2.354,1.819,1.177,3.62,1
2020-07-02,Rosetta_mouth,CHL,my,1.705,1.674,1.054,3.159,1
2020-07-03,Rosetta_mouth,CHL,my,1.702,1.679,0.8879,1.897,1
2020-07-04,Rosetta_mouth,CHL,my,1.861,1.705,0.7233,2.082,0.8122
2020-07-05,Rosetta_mouth,CHL,my,1.714,1.306,0.6729,1.783,1
2020-07-06,Rosetta_mouth,CHL,my,1.735,1.549,0.906,2.366,1
2020-07-08,Rosetta_mouth,CHL,my,1.68,1.065,0.6063,1.992,1
2020-07-11,Rosetta_mouth,CHL,my,1.772,1.745,1.246,1.772,1
2020-07-13,Rosetta_mouth,CHL,my,1.998,1.898,1.224,2.01,0.9337
2020-07-16,Rosetta_mouth,CHL,my,2.17,1.929,1.295,2.184,1
2020-07-17,Rosetta_mouth,CHL,my,1.992,1.944,1.438,2.051,1
2020-07-18,Rosetta_mouth,CHL,my,2.052,2.008,1.544,2.125,1
2020-07-19,Rosetta_mouth,CHL,my,1.777,1.777,1.308,1.915,1
2020-07-20,Rosetta_mouth,CHL,my,1.546,1.695,1.305,1.869,1
2020-07-21,Rosetta_mouth,CHL,my,1.449,1.392,1.009,1.551,1
2020-07-24,Rosetta_mouth,CHL,my,2.233,2.085,1.135,2.233,1
2020-07-25,Rosetta_mouth,CHL,my,1.505,1.532,0.8735,2.055,1
2020-07-26,Rosetta_mouth,CHL,my,1.538,1.538,0.7647,2.002,1
2020-07-27,Rosetta_mouth,CHL,my,1.801,1.385,0.6699,1.845,1
2020-07-28,Rosetta_mouth,CHL,my,1.664,1.43,0.6787,1.76,1
2020-07-29,Rosetta_mouth,CHL,my,1.598,1.607,0.9764,1.727,1
2020-07-31,Rosetta_mouth,CHL,my,1.851,1.636,1.183,2.094,1
2020-08-01,Rosetta_mouth,CHL,my,1.637,1.559,0.838,1.735,1
2020-08-02,Rosetta_mouth,CHL,my,1.732,1.732,0.913,2.012,0.8785
2020-08-03,Rosetta_mouth,CHL,my,,1.215,0.67,1.439,0.6851
2020-08-04,Rosetta_mouth,CHL,my,1.672,1.375,0.8171,1.855,1
2020-08-05,Rosetta_mouth,CHL,my,1.36,1.296,0.7012,1.491,0.7514
2020-08-06,Rosetta_mouth,CHL,my,1.494,1.506,0.9566,1.742,0.9392
2020-08-07,Rosetta_mouth,CHL,my,1.731,1.496,0.8347,2.19,1
2020-08-08,Rosetta_mouth,CHL,my,1.752,1.499,0.8326,1.883,1
2020-08-09,Rosetta_mouth,CHL,my,1.687,1.687,0.9528,1.71,0.7459
2020-08-11,Rosetta_mouth,CHL,my,1.794,1.615,1.032,1.898,0.9337
2020-08-12,Rosetta_mouth,CHL,my,1.658,1.539,0.8821,1.714,1
2020-08-13,Rosetta_mouth,CHL,my,1.751,1.637,0.9849,1.865,1
2020-08-14,Rosetta_mouth,CHL,my,,1.565,0.9131,1.802,0.8729
2020-08-15,Rosetta_mouth,CHL,my,1.805,1.714,1.197,1.805,0.8729
2020-08-16,Rosetta_mouth,CHL,my,1.801,1.659,1.169,1.903,1
2020-08-17,Rosetta_mouth,CHL,my,1.7,1.609,0.9957,1.935,1
2020-08-19,Rosetta_mouth,CHL,my,1.816,1.596,1.125,1.881,1
2020-08-21,Rosetta_mouth,CHL,my,1.747,1.687,1.086,1.835,1
2020-08-22,Rosetta_mouth,CHL,my,2.087,1.877,1.194,2.109,0.9392
2020-08-23,Rosetta_mouth,CHL,my,2.225,1.925,1.094,2.635,1
2020-08-24,Rosetta_mouth,CHL,my,1.972,1.68,1.106,2.927,1
2020-08-25,Rosetta_mouth,CHL,my,1.662,1.627,0.8662,1.891,1
2020-08-28,Rosetta_mouth,CHL,my,1.794,1.556,0.9883,1.856,1
2020-08-29,Rosetta_mouth,CHL,my,,1.666,1.045,1.936,0.8674
2020-08-30,Rosetta_mouth,CHL,my,2.134,1.508,0.9978,2.987,1
2020-08-31,Rosetta_mouth,CHL,my,1.455,1.455,0.7622,1.759,1
2020-09-01,Rosetta_mouth,CHL,my,1.821,1.657,0.9184,1.922,0.9392
2020-09-02,Rosetta_mouth,CHL,my,8.46,2.044,2.933,21.98,1
2020-09-03,Rosetta_mouth,CHL,my,3.033,2.163,1.273,3.855,1
2020-09-04,Rosetta_mouth,CHL,my,2.274,1.628,1.183,2.345,1
2020-09-05,Rosetta_mouth,CHL,my,2.015,1.68,1,2.078,1
2020-09-08,Rosetta_mouth,CHL,my,6.364,4.158,2.599,7.777,1
2020-09-11,Rosetta_mouth,CHL,my,2.214,,,,0.1878
2020-09-12,Rosetta_mouth,CHL,my,5.571,2.09,1.818,5.571,1
2020-09-13,Rosetta_mouth,CHL,my,3.652,2.817,1.767,3.652,1
2020-09-14,Rosetta_mouth,CHL,my,3.218,2.078,1.485,3.889,1
2020-09-15,Rosetta_mouth,CHL,my,9.345,3.909,2.897,10.51,1
2020-09-16,Rosetta_mouth,CHL,my,2.383,1.835,1.203,2.994,1
2020-09-17,Rosetta_mouth,CHL,my,2.013,1.585,1.268,3.157,1
2020-09-18,Rosetta_mouth,CHL,my,2.477,1.876,1.259,2.77,1
2020-09-19,Rosetta_mouth,CHL,my,3.511,1.989,1.284,4.274,1
2020-09-20,Rosetta_mouth,CHL,my,2.727,2.01,1.246,3.156,1
2020-09-21,Rosetta_mouth,CHL,my,3.462,3.083,1.747,3.859,1
2020-09-24,Rosetta_mouth,CHL,my,2.294,1.698,1.212,2.589,1
2020-09-26,Rosetta_mouth,CHL,my,7.296,3.11,2.298,10.2,1
2020-09-28,Rosetta_mouth,CHL,my,2.579,1.84,1.266,2.967,1
2020-09-29,Rosetta_mouth,CHL,my,2.978,2.151,1.397,3.082,1
2020-10-01,Rosetta_mouth,CHL,my,3.253,1.561,1.104,6.864,1
2020-10-02,Rosetta_mouth,CHL,my,8.556,4.077,2.656,11.2,1
2020-10-04,Rosetta_mouth,CHL,my,15.46,13.45,6.255,17.83,1
2020-10-05,Rosetta_mouth,CHL,my,8.308,7.515,2.809,9.922,1
2020-10-06,Rosetta_mouth,CHL,my,,5.082,3.175,17.02,0.9392
2020-10-07,Rosetta_mouth,CHL,my,6.137,2.582,1.886,6.137,1
2020-10-08,Rosetta_mouth,CHL,my,10.51,5.939,2.593,10.51,1
2020-10-09,Rosetta_mouth,CHL,my,1.468,1.106,0.7728,2.741,1
2020-10-10,Rosetta_mouth,CHL,my,1.745,1.218,0.7073,2.274,0.7514
2020-10-11,Rosetta_mouth,CHL,my,1.611,1.057,0.6189,2.044,1
2020-10-13,Rosetta_mouth,CHL,my,2.855,2.336,1.261,2.855,1
2020-10-14,Rosetta_mouth,CHL,my,9.973,6.847,3.284,9.973,1
2020-10-16,Rosetta_mouth,CHL,my,1.553,1.369,0.7364,2.082,1
2020-10-17,Rosetta_mouth,CHL,my,2.34,1.348,0.9366,2.677,1
2020-10-18,Rosetta_mouth,CHL,my,5.412,4.302,2.551,5.821,1
2020-10-19,Rosetta_mouth,CHL,my,1.926,1.596,0.9608,2.602,1
2020-10-20,Rosetta_mouth,CHL,my,1.688,1.422,0.8737,1.873,1
2020-10-21,Rosetta_mouth,CHL,my,2.321,2.108,1.301,2.374,1
2020-10-23,Rosetta_mouth,CHL,my,2.583,2.264,1.346,2.756,0.8785
2020-10-25,Rosetta_mouth,CHL,my,2.578,2.207,1.349,3.13,1
2020-10-28,Rosetta_mouth,CHL,my,3.928,,,,0.3757
2020-10-29,Rosetta_mouth,CHL,my,5.725,5.788,3.494,6.658,1
2020-10-31,Rosetta_mouth,CHL,my,2.516,2.339,1.296,2.694,0.7514
2020-11-01,Rosetta_mouth,CHL,my,2.126,1.576,1.074,2.371,1
2020-11-02,Rosetta_mouth,CHL,my,2.613,,,,0.3757
2020-11-04,Rosetta_mouth,CHL,my,2.678,,,,0.1271
2020-11-05,Rosetta_mouth,CHL,my,6.003,4.813,3.033,6.278,1
2020-11-06,Rosetta_mouth,CHL,my,,2.106,1.602,3.174,0.8122
2020-11-07,Rosetta_mouth,CHL,my,3.485,,,,0.4365
2020-11-08,Rosetta_mouth,CHL,my,3.124,2.874,2.097,3.124,0.8729
2020-11-11,Rosetta_mouth,CHL,my,2.672,,,,0.2486
2020-11-13,Rosetta_mouth,CHL,my,4.207,2.064,1.534,6.285,1
2020-11-15,Rosetta_mouth,CHL,my,4.775,1.965,1.58,4.775,0.8122
2020-11-18,Rosetta_mouth,CHL,my,2.193,1.621,1.119,2.27,1
2020-11-19,Rosetta_mouth,CHL,my,2.078,2.078,1.481,2.195,0.5028
2020-11-21,Rosetta_mouth,CHL,my,4.4,3.769,2.095,5.095,0.8122
2020-11-22,Rosetta_mouth,CHL,my,5.321,3.202,2.024,5.879,1
2020-11-24,Rosetta_mouth,CHL,my,8.653,7.653,3.521,9.513,1
2020-11-28,Rosetta_mouth,CHL,my,7.358,3.515,2.635,7.684,1
2020-11-29,Rosetta_mouth,CHL,my,4.614,2.85,2.012,8.016,1
2020-11-30,Rosetta_mouth,CHL,my,6.19,2.538,2.394,6.19,0.5028
2020-12-02,Rosetta_mouth,CHL,my,6.964,6.538,3.311,7.089,1
2020-12-03,Rosetta_mouth,CHL,my,,2.995,1.702,3.51,0.6851
2020-12-05,Rosetta_mouth,CHL,my,3.499,3.499,2.146,3.922,1
2020-12-06,Rosetta_mouth,CHL,my,6.07,3.632,2.228,6.07,1
2020-12-08,Rosetta_mouth,CHL,my,5.667,3.472,2.35,6.616,1
2020-12-09,Rosetta_mouth,CHL,my,4.762,3.622,2.47,5.06,1
2020-12-10,Rosetta_mouth,CHL,my,3.441,3.163,1.999,3.997,1
2020-12-11,Rosetta_mouth,CHL,my,4.5,3.886,2.485,4.89,1
2020-12-12,Rosetta_mouth,CHL,my,5.905,,,,0.1271
2020-12-16,Rosetta_mouth,CHL,my,5.093,4.826,3.073,5.414,1
2020-12-17,Rosetta_mouth,CHL,my,3.921,3.727,2.351,4.555,1
2020-12-18,Rosetta_mouth,CHL,my,4.237,3.726,1.899,4.601,0.9392
2020-12-20,Rosetta_mouth,CHL,my,,1.738,1.368,1.875,0.8122
2020-12-21,Rosetta_mouth,CHL,my,2.155,1.706,1.234,2.548,1
2020-12-22,Rosetta_mouth,CHL,my,2.312,2.125,1.492,2.468,1
2020-12-24,Rosetta_mouth,CHL,my,4.368,,,,0.1271
2020-12-25,Rosetta_mouth,CHL,my,2.809,2.657,1.754,2.809,0.6906
2020-12-29,Rosetta_mouth,CHL,my,2.614,2.545,1.731,2.675,1
2020-12-30,Rosetta_mouth,CHL,my,2.585,2.585,2.069,2.678,0.5635
2020-12-31,Rosetta_mouth,CHL,my,3.86,2.488,1.947,4.671,1
2020-01-06,Tel_Aviv_IL,CHL,my,0.8723,0.8425,0.4728,1.084,0.93
2020-01-11,Tel_Aviv_IL,CHL,my,0.6492,0.4237,0.256,1.166,0.915
2020-01-13,Tel_Aviv_IL,CHL,my,0.2812,,,,0.29
2020-01-14,Tel_Aviv_IL,CHL,my,0.2577,0.2388,0.1661,0.4569,0.93
2020-01-25,Tel_Aviv_IL,CHL,my,1.379,1.405,0.9841,1.827,0.6
2020-01-26,Tel_Aviv_IL,CHL,my,1.447,1.308,0.8183,1.447,0.93
2020-01-29,Tel_Aviv_IL,CHL,my,,0.3768,0.2068,0.4004,0.51
2020-01-30,Tel_Aviv_IL,CHL,my,0.3381,0.3381,0.3018,0.8257,0.85
2020-01-31,Tel_Aviv_IL,CHL,my,0.3835,0.2972,0.244,0.7053,0.88
2020-02-02,Tel_Aviv_IL,CHL,my,0.2159,0.2252,0.1704,0.4198,0.93
2020-02-04,Tel_Aviv_IL,CHL,my,0.3355,,,,0.495
2020-02-05,Tel_Aviv_IL,CHL,my,0.3648,0.3648,0.2908,0.661,1
2020-02-06,Tel_Aviv_IL,CHL,my,0.348,0.2936,0.228,0.7398,1
2020-02-11,Tel_Aviv_IL,CHL,my,0.5662,,,,0.065
2020-02-12,Tel_Aviv_IL,CHL,my,0.6963,0.4832,0.2598,1.093,0.93
2020-02-13,Tel_Aviv_IL,CHL,my,0.5331,0.1434,0.1725,0.7124,0.88
2020-02-15,Tel_Aviv_IL,CHL,my,1.176,1.124,0.6873,1.255,0.93
2020-02-16,Tel_Aviv_IL,CHL,my,1.036,,,,0.195
2020-02-17,Tel_Aviv_IL,CHL,my,0.7047,0.4868,0.3786,0.7047,0.865
2020-02-21,Tel_Aviv_IL,CHL,my,0.5425,0.3949,0.301,1.032,0.93
2020-02-26,Tel_Aviv_IL,CHL,my,1.321,,,,0.275
2020-02-27,Tel_Aviv_IL,CHL,my,0.998,1.254,0.6316,1.374,0.59
2020-02-28,Tel_Aviv_IL,CHL,my,1.923,1.528,0.5616,1.923,0.93
2020-02-29,Tel_Aviv_IL,CHL,my,,0.3152,0.2209,1.054,0.79
2020-03-01,Tel_Aviv_IL,CHL,my,1.343,1.318,0.6686,1.575,0.88
2020-03-02,Tel_Aviv_IL,CHL,my,,0.844,0.5044,1.304,0.785
2020-03-03,Tel_Aviv_IL,CHL,my,1.822,1.422,1.174,2.233,1
2020-03-04,Tel_Aviv_IL,CHL,my,1.508,1.452,1.061,2.212,1
2020-03-05,Tel_Aviv_IL,CHL,my,1.507,1.194,0.6881,1.507,0.725
2020-03-08,Tel_Aviv_IL,CHL,my,1.984,1.459,0.7734,2.783,1
2020-03-12,Tel_Aviv_IL,CHL,my,0.7641,0.5121,0.2464,0.9274,0.93
2020-03-21,Tel_Aviv_IL,CHL,my,1.379,1.075,0.7028,1.544,0.915
2020-03-22,Tel_Aviv_IL,CHL,my,1.439,1.439,1.037,1.489,0.865
2020-03-23,Tel_Aviv_IL,CHL,my,1.096,0.6813,0.4163,1.096,0.865
2020-03-25,Tel_Aviv_IL,CHL,my,1.406,1.069,0.5449,1.578,0.93
2020-03-26,Tel_Aviv_IL,CHL,my,0.8221,0.8221,0.489,0.9788,0.93
2020-03-29,Tel_Aviv_IL,CHL,my,0.6065,0.5242,0.3152,0.7188,0.93
2020-03-30,Tel_Aviv_IL,CHL,my,,0.2544,0.1892,0.3316,0.67
2020-04-02,Tel_Aviv_IL,CHL,my,0.6757,0.412,0.2418,1.141,0.93
2020-04-03,Tel_Aviv_IL,CHL,my,,0.2407,0.1362,0.3579,0.8
2020-04-04,Tel_Aviv_IL,CHL,my,0.5152,0.4045,0.1972,0.6381,0.93
2020-04-07,Tel_Aviv_IL,CHL,my,1.77,1.262,0.3896,1.77,0.93
2020-04-08,Tel_Aviv_IL,CHL,my,0.6396,0.4924,0.2529,0.7668,1
2020-04-09,Tel_Aviv_IL,CHL,my,0.583,,,,0.39
2020-04-12,Tel_Aviv_IL,CHL,my,0.666,0.6143,0.3751,1.244,1
2020-04-14,Tel_Aviv_IL,CHL,my,0.8003,0.8084,0.4453,1.095,0.985
2020-04-15,Tel_Aviv_IL,CHL,my,,0.261,0.1938,0.313,0.735
2020-04-16,Tel_Aviv_IL,CHL,my,0.4949,0.4465,0.2626,0.4949,0.865
2020-04-18,Tel_Aviv_IL,CHL,my,0.4421,,,,0.485
2020-04-20,Tel_Aviv_IL,CHL,my,,0.2048,0.1644,0.2188,0.56
2020-04-26,Tel_Aviv_IL,CHL,my,0.2456,0.236,0.1546,0.261,0.535
2020-04-27,Tel_Aviv_IL,CHL,my,0.2006,0.2006,0.1692,0.499,0.85
2020-04-28,Tel_Aviv_IL,CHL,my,0.4712,0.5244,0.3696,0.6029,0.93
2020-04-30,Tel_Aviv_IL,CHL,my,0.1581,0.1471,0.1329,0.2927,0.77
2020-05-01,Tel_Aviv_IL,CHL,my,0.1459,0.154,0.141,0.4562,1
2020-05-02,Tel_Aviv_IL,CHL,my,0.1985,0.1734,0.1271,0.2014,0.93
2020-05-04,Tel_Aviv_IL,CHL,my,0.1821,0.1821,0.1209,0.2261,0.93
2020-05-07,Tel_Aviv_IL,CHL,my,,0.1106,0.07174,0.1585,0.8
2020-05-08,Tel_Aviv_IL,CHL,my,0.3617,0.3108,0.1642,0.4214,0.93
2020-05-10,Tel_Aviv_IL,CHL,my,0.224,0.2006,0.1707,0.224,0.865
2020-05-11,Tel_Aviv_IL,CHL,my,0.2166,0.1872,0.1581,0.4619,1
2020-05-12,Tel_Aviv_IL,CHL,my,0.3478,0.2847,0.202,0.4022,0.85
2020-05-13,Tel_Aviv_IL,CHL,my,,0.1755,0.1588,0.2077,0.8
2020-05-14,Tel_Aviv_IL,CHL,my,,0.1294,0.1075,0.1408,0.555
2020-05-15,Tel_Aviv_IL,CHL,my,,0.1214,0.1042,0.1732,0.75
2020-05-16,Tel_Aviv_IL,CHL,my,,0.1162,0.1084,0.1171,0.59
2020-05-18,Tel_Aviv_IL,CHL,my,,0.1221,0.1119,0.1419,0.8
2020-05-19,Tel_Aviv_IL,CHL,my,0.1424,,,,0.31
2020-05-21,Tel_Aviv_IL,CHL,my,0.1185,0.09414,0.0872,0.1185,0.865
2020-05-25,Tel_Aviv_IL,CHL,my,1.266,1.138,0.4799,1.455,0.93
2020-05-26,Tel_Aviv_IL,CHL,my,0.611,0.5285,0.3322,0.611,0.505
2020-05-27,Tel_Aviv_IL,CHL,my,1.375,1.047,0.9651,1.455,0.785
2020-05-28,Tel_Aviv_IL,CHL,my,0.8543,0.8357,0.5291,1.057,0.98
2020-05-29,Tel_Aviv_IL,CHL,my,,0.4189,0.2752,0.6038,0.8
2020-05-30,Tel_Aviv_IL,CHL,my,1.224,1.197,0.7482,1.374,0.93
2020-05-31,Tel_Aviv_IL,CHL,my,0.7332,0.5858,0.5045,0.8495,0.93
2020-06-01,Tel_Aviv_IL,CHL,my,0.7805,0.8564,0.7143,1.279,1
2020-06-03,Tel_Aviv_IL,CHL,my,0.4797,0.4294,0.2517,0.6057,0.88
2020-06-04,Tel_Aviv_IL,CHL,my,0.4068,0.4068,0.2182,0.4737,0.93
2020-06-05,Tel_Aviv_IL,CHL,my,0.3542,0.3467,0.2527,0.429,0.93
2020-06-07,Tel_Aviv_IL,CHL,my,0.4291,0.3605,0.3073,0.5118,1
2020-06-08,Tel_Aviv_IL,CHL,my,,0.1298,0.1244,0.1639,0.8
2020-06-09,Tel_Aviv_IL,CHL,my,0.1193,0.1227,0.1179,0.1903,0.93
2020-06-10,Tel_Aviv_IL,CHL,my,0.09219,0.09219,0.08922,0.1108,0.93
2020-06-11,Tel_Aviv_IL,CHL,my,0.06943,0.07827,0.07374,0.08203,0.88
2020-06-12,Tel_Aviv_IL,CHL,my,0.08589,0.08018,0.08168,0.1973,1
2020-06-13,Tel_Aviv_IL,CHL,my,,0.06729,0.06191,0.07753,0.8
2020-06-14,Tel_Aviv_IL,CHL,my,0.1451,0.1349,0.08944,0.2606,0.915
2020-06-15,Tel_Aviv_IL,CHL,my,0.08745,0.06314,0.0531,0.1216,0.93
2020-06-16,Tel_Aviv_IL,CHL,my,,0.06004,0.05201,0.06173,0.67
2020-06-17,Tel_Aviv_IL,CHL,my,,0.0949,0.06637,0.112,0.8
2020-06-19,Tel_Aviv_IL,CHL,my,,0.07916,0.06499,0.09394,0.525
2020-06-22,Tel_Aviv_IL,CHL,my,0.4247,0.2982,0.1837,0.4247,0.865
2020-06-23,Tel_Aviv_IL,CHL,my,0.448,0.4791,0.3135,0.7682,1
2020-06-24,Tel_Aviv_IL,CHL,my,0.5156,0.4677,0.2501,0.6599,0.93
2020-06-25,Tel_Aviv_IL,CHL,my,0.5961,0.55,0.2923,0.721,0.93
2020-06-26,Tel_Aviv_IL,CHL,my,0.5028,0.4742,0.2314,0.6284,0.93
2020-06-28,Tel_Aviv_IL,CHL,my,0.1952,,,,0.4
2020-07-01,Tel_Aviv_IL,CHL,my,0.1906,0.1723,0.09585,0.3091,1
2020-07-02,Tel_Aviv_IL,CHL,my,0.1766,0.0992,0.09054,0.343,1
2020-07-03,Tel_Aviv_IL,CHL,my,0.2082,0.1899,0.124,0.2424,0.88
2020-07-04,Tel_Aviv_IL,CHL,my,0.2399,,,,0.455
2020-07-08,Tel_Aviv_IL,CHL,my,0.2356,0.2247,0.2152,0.9564,1
2020-07-09,Tel_Aviv_IL,CHL,my,0.2848,0.2234,0.141,0.3811,0.93
2020-07-10,Tel_Aviv_IL,CHL,my,0.2608,0.2804,0.2939,0.8272,0.775
2020-07-11,Tel_Aviv_IL,CHL,my,,0.1862,0.1703,0.2059,0.725
2020-07-14,Tel_Aviv_IL,CHL,my,0.712,0.5664,0.2161,0.7801,1
2020-07-15,Tel_Aviv_IL,CHL,my,0.4121,0.15,0.1231,0.4121,0.705
2020-07-16,Tel_Aviv_IL,CHL,my,,0.4738,0.2475,0.9846,0.935
2020-07-17,Tel_Aviv_IL,CHL,my,0.5432,0.4494,0.229,0.7397,0.93
2020-07-18,Tel_Aviv_IL,CHL,my,0.6783,0.5762,0.4158,1.029,1
2020-07-19,Tel_Aviv_IL,CHL,my,0.5913,0.1071,0.1352,0.5913,0.88
2020-07-20,Tel_Aviv_IL,CHL,my,0.4015,0.1999,0.1359,0.4157,0.88
2020-07-21,Tel_Aviv_IL,CHL,my,0.3563,0.3643,0.2413,0.7096,1
2020-07-22,Tel_Aviv_IL,CHL,my,0.2278,0.212,0.1202,0.2434,0.88
2020-07-25,Tel_Aviv_IL,CHL,my,0.4553,0.5004,0.3195,0.7179,1
2020-07-30,Tel_Aviv_IL,CHL,my,0.1956,0.1504,0.1193,0.2645,0.93
2020-07-31,Tel_Aviv_IL,CHL,my,0.1684,0.1266,0.12,0.1684,0.72
2020-08-01,Tel_Aviv_IL,CHL,my,0.2298,0.1272,0.1286,0.2298,0.74
2020-08-02,Tel_Aviv_IL,CHL,my,0.9946,1.008,0.5258,1.304,1
2020-08-06,Tel_Aviv_IL,CHL,my,0.1523,,,,0.18
2020-08-07,Tel_Aviv_IL,CHL,my,,0.0727,0.06668,0.08254,0.59
2020-08-10,Tel_Aviv_IL,CHL,my,0.3915,,,,0.195
2020-08-12,Tel_Aviv_IL,CHL,my,0.2468,0.191,0.1327,0.5552,1
2020-08-13,Tel_Aviv_IL,CHL,my,0.5562,0.2608,0.2037,0.9475,1
2020-08-16,Tel_Aviv_IL,CHL,my,0.5176,0.3078,0.1675,0.5176,0.715
2020-08-17,Tel_Aviv_IL,CHL,my,0.4892,0.4225,0.2128,0.6015,0.875
2020-08-18,Tel_Aviv_IL,CHL,my,0.2794,0.2058,0.1467,0.4842,0.93
2020-08-20,Tel_Aviv_IL,CHL,my,0.5419,0.5419,0.2843,0.8925,0.885
2020-08-22,Tel_Aviv_IL,CHL,my,0.4098,0.2603,0.1521,0.4098,0.525
2020-08-23,Tel_Aviv_IL,CHL,my,0.8177,0.8179,0.5012,1.373,1
2020-08-24,Tel_Aviv_IL,CHL,my,1.037,1.037,0.6001,1.236,0.93
2020-08-25,Tel_Aviv_IL,CHL,my,0.3218,0.297,0.1896,0.4259,0.93
2020-08-26,Tel_Aviv_IL,CHL,my,0.2887,0.2673,0.1803,0.6884,1
2020-08-27,Tel_Aviv_IL,CHL,my,0.2142,0.2177,0.1533,0.3091,0.74
2020-08-28,Tel_Aviv_IL,CHL,my,0.2217,0.2365,0.1706,0.2592,0.88
2020-08-29,Tel_Aviv_IL,CHL,my,0.1739,0.1612,0.1385,0.2688,0.93
2020-09-02,Tel_Aviv_IL,CHL,my,,0.106,0.08399,0.1515,0.8
2020-09-09,Tel_Aviv_IL,CHL,my,0.09584,0.07059,0.06827,0.1345,0.93
2020-09-13,Tel_Aviv_IL,CHL,my,0.2369,0.1882,0.1159,0.377,1
2020-09-14,Tel_Aviv_IL,CHL,my,0.2851,0.2145,0.1318,0.3438,0.93
2020-09-15,Tel_Aviv_IL,CHL,my,0.1606,0.1322,0.09025,0.1905,0.67
2020-09-19,Tel_Aviv_IL,CHL,my,0.2029,0.1698,0.1117,0.2029,0.865
2020-09-21,Tel_Aviv_IL,CHL,my,,0.1183,0.09652,0.2293,0.865
2020-09-22,Tel_Aviv_IL,CHL,my,0.08713,0.07579,0.06212,0.1277,0.93
2020-09-23,Tel_Aviv_IL,CHL,my,0.0878,0.06693,0.0541,0.1296,0.93
2020-09-25,Tel_Aviv_IL,CHL,my,0.06495,0.06542,0.06852,0.2074,1
2020-09-26,Tel_Aviv_IL,CHL,my,0.08651,0.06279,0.05676,0.1237,0.93
2020-09-27,Tel_Aviv_IL,CHL,my,0.0943,0.06905,0.06298,0.1325,0.93
2020-09-28,Tel_Aviv_IL,CHL,my,0.1844,0.1316,0.09205,0.2139,0.93
2020-09-29,Tel_Aviv_IL,CHL,my,0.1664,0.1219,0.08587,0.1891,0.88
2020-10-01,Tel_Aviv_IL,CHL,my,0.1381,0.129,0.09204,0.1716,0.93
2020-10-02,Tel_Aviv_IL,CHL,my,0.1773,0.1405,0.1132,0.2667,1
2020-10-03,Tel_Aviv_IL,CHL,my,0.1436,0.1128,0.09232,0.1845,0.715
2020-10-04,Tel_Aviv_IL,CHL,my,0.1438,0.1438,0.0983,0.2018,0.535
2020-10-05,Tel_Aviv_IL,CHL,my,0.1734,0.1541,0.06924,0.1767,0.93
2020-10-06,Tel_Aviv_IL,CHL,my,0.1114,0.1062,0.09001,0.3465,1
2020-10-07,Tel_Aviv_IL,CHL,my,0.1999,0.08729,0.06983,0.1999,0.88
2020-10-08,Tel_Aviv_IL,CHL,my,0.1842,0.1842,0.09127,0.2023,0.93
2020-10-11,Tel_Aviv_IL,CHL,my,0.09033,,,,0.36
2020-10-12,Tel_Aviv_IL,CHL,my,,0.05439,0.05549,0.1647,0.82
2020-10-13,Tel_Aviv_IL,CHL,my,0.09607,0.09607,0.06687,0.1707,1
2020-10-14,Tel_Aviv_IL,CHL,my,0.1455,0.1516,0.08664,0.1622,0.93
2020-10-15,Tel_Aviv_IL,CHL,my,0.1621,,,,0.33
2020-10-16,Tel_Aviv_IL,CHL,my,0.2685,0.2166,0.1318,0.3918,0.92
2020-10-17,Tel_Aviv_IL,CHL,my,0.149,0.1411,0.0703,0.2577,1
2020-10-18,Tel_Aviv_IL,CHL,my,0.2545,0.1759,0.07976,0.2545,0.93
2020-10-19,Tel_Aviv_IL,CHL,my,0.2225,0.2084,0.1047,0.2533,0.93
2020-10-20,Tel_Aviv_IL,CHL,my,0.07286,0.05382,0.05704,0.1353,1
2020-10-21,Tel_Aviv_IL,CHL,my,0.06714,0.06714,0.06786,0.2718,0.855
2020-10-22,Tel_Aviv_IL,CHL,my,0.09004,0.05862,0.05879,0.1271,0.93
2020-10-23,Tel_Aviv_IL,CHL,my,0.07408,0.05312,0.04641,0.104,0.88
2020-10-26,Tel_Aviv_IL,CHL,my,,0.09111,0.07185,0.1148,0.8
2020-10-27,Tel_Aviv_IL,CHL,my,0.1299,0.124,0.0678,0.147,0.93
2020-11-01,Tel_Aviv_IL,CHL,my,0.189,0.1798,0.1011,0.1997,0.635
2020-11-03,Tel_Aviv_IL,CHL,my,0.1082,0.1168,0.09078,0.1388,0.685
2020-11-09,Tel_Aviv_IL,CHL,my,,0.3341,0.2454,0.4542,0.735
2020-11-11,Tel_Aviv_IL,CHL,my,,0.3221,0.1783,0.4037,0.59
2020-11-12,Tel_Aviv_IL,CHL,my,0.6548,0.5683,0.3055,0.6874,0.88
2020-11-13,Tel_Aviv_IL,CHL,my,0.7652,0.7797,0.5743,0.8554,1
2020-11-14,Tel_Aviv_IL,CHL,my,,0.3187,0.2449,0.3396,0.67
2020-11-15,Tel_Aviv_IL,CHL,my,,0.2151,0.1572,0.2506,0.67
2020-11-16,Tel_Aviv_IL,CHL,my,0.4176,0.3432,0.2294,0.7243,0.93
2020-11-17,Tel_Aviv_IL,CHL,my,0.6886,0.4048,0.2938,0.7766,0.88
2020-11-18,Tel_Aviv_IL,CHL,my,1.054,0.8696,0.4984,1.17,1
2020-11-19,Tel_Aviv_IL,CHL,my,0.4705,0.3414,0.2576,0.5418,0.88
2020-11-23,Tel_Aviv_IL,CHL,my,0.9719,0.5818,0.4659,1.274,1
2020-11-24,Tel_Aviv_IL,CHL,my,0.6942,0.6942,0.487,0.8455,0.79
2020-11-29,Tel_Aviv_IL,CHL,my,0.2139,0.2023,0.1391,0.4987,1
2020-11-30,Tel_Aviv_IL,CHL,my,0.3136,0.2126,0.2033,0.4559,0.93
2020-12-01,Tel_Aviv_IL,CHL,my,0.3511,0.3199,0.2433,0.8036,0.93
2020-12-02,Tel_Aviv_IL,CHL,my,,0.2973,0.2156,0.3545,0.605
2020-12-03,Tel_Aviv_IL,CHL,my,0.7331,0.6935,0.4288,0.8298,0.93
2020-12-04,Tel_Aviv_IL,CHL,my,0.3867,0.3554,0.2283,0.4405,0.865
2020-12-09,Tel_Aviv_IL,CHL,my,0.168,0.1674,0.1249,0.4545,1
2020-12-10,Tel_Aviv_IL,CHL,my,0.1836,0.131,0.1128,0.4692,1
2020-12-11,Tel_Aviv_IL,CHL,my,,0.1127,0.1164,0.3326,0.865
2020-12-16,Tel_Aviv_IL,CHL,my,,0.3768,0.2441,0.3975,0.525
2020-12-18,Tel_Aviv_IL,CHL,my,1.077,1.044,0.7034,1.37,1
2020-12-19,Tel_Aviv_IL,CHL,my,0.8885,0.5649,0.3482,0.8885,1
2020-12-20,Tel_Aviv_IL,CHL,my,0.2933,0.2933,0.2032,0.3349,0.93
2020-12-21,Tel_Aviv_IL,CHL,my,0.4941,0.2907,0.2148,0.4941,0.88
2020-12-22,Tel_Aviv_IL,CHL,my,0.3419,,,,0.275
2020-12-25,Tel_Aviv_IL,CHL,my,0.2811,0.244,0.2296,0.7752,1
2020-12-26,Tel_Aviv_IL,CHL,my,0.2847,0.2847,0.2829,0.7281,1
2020-12-27,Tel_Aviv_IL,CHL,my,0.2937,0.2663,0.2317,0.4844,1
2020-12-28,Tel_Aviv_IL,CHL,my,0.3175,0.2707,0.2651,0.9413,1
2020-12-29,Tel_Aviv_IL,CHL,my,0.2155,0.1866,0.174,0.2755,0.88
2020-12-30,Tel_Aviv_IL,CHL,my,0.1809,0.1809,0.1474,0.2628,0.93
2020-12-31,Tel_Aviv_IL,CHL,my,0.3127,0.2772,0.2028,0.35,0.88
