date,site,variable,at_station,transect_p80,transect_mean,transect_max,valid_frac
2023-01-02,El_Arish_EG,CHL,1.698,1.698,1.056,1.916,0.6368
2023-01-03,El_Arish_EG,CHL,1.361,1.429,1.037,1.494,0.9254
2023-01-04,El_Arish_EG,CHL,,1.325,0.7636,1.53,0.5622
2023-01-05,El_Arish_EG,CHL,1.163,1.163,0.6325,1.572,0.9254
2023-01-06,El_Arish_EG,CHL,0.9272,0.9397,0.7194,1.248,0.9851
2023-01-07,El_Arish_EG,CHL,1.211,1.329,1.245,1.329,0.2289
2023-01-08,El_Arish_EG,CHL,1.219,1.219,0.6445,1.491,0.7114
2023-01-09,El_Arish_EG,CHL,0.692,0.6883,0.6355,0.692,0.2985
2023-01-10,El_Arish_EG,CHL,0.9787,1.014,0.617,1.096,0.7562
2023-01-12,El_Arish_EG,CHL,1.318,1.287,0.6568,1.532,0.9851
2023-01-13,El_Arish_EG,CHL,1.09,1.09,0.7553,1.589,0.8159
2023-01-14,El_Arish_EG,CHL,0.8635,0.5649,0.5277,0.9609,0.8657
2023-01-15,El_Arish_EG,CHL,1.315,1.313,0.6601,1.334,0.9851
2023-01-17,El_Arish_EG,CHL,0.4261,0.5084,0.4437,1.66,0.9851
2023-01-18,El_Arish_EG,CHL,0.5291,0.5291,0.3722,1.145,0.9851
2023-01-19,El_Arish_EG,CHL,0.4978,0.4978,0.4115,1.758,0.9851
2023-01-20,El_Arish_EG,CHL,0.6729,0.6729,0.4993,1.938,0.9851
2023-01-21,El_Arish_EG,CHL,1.074,1.058,0.4928,1.077,0.9851
2023-01-22,El_Arish_EG,CHL,0.5473,0.5604,0.3443,0.945,0.8557
2023-01-23,El_Arish_EG,CHL,0.2462,0.2462,0.2433,0.5939,0.9851
2023-01-24,El_Arish_EG,CHL,0.2515,0.2455,0.1906,0.4932,0.9254
2023-01-25,El_Arish_EG,CHL,0.6061,0.5618,0.3191,0.9746,0.7711
2023-01-26,El_Arish_EG,CHL,1.002,0.9613,0.6252,1.237,0.9254
2023-01-27,El_Arish_EG,CHL,0.7506,0.7506,0.5112,1.237,0.9851
2023-01-30,El_Arish_EG,CHL,1.221,1.221,0.6735,1.437,0.9851
2023-02-02,El_Arish_EG,CHL,,1.268,1.167,1.268,0.1741
2023-02-03,El_Arish_EG,CHL,1.587,1.469,0.7903,1.724,0.9254
2023-02-04,El_Arish_EG,CHL,,0.3317,0.3128,0.3317,0.1194
2023-02-05,El_Arish_EG,CHL,1.756,1.756,1.077,2.856,0.9851
2023-02-09,El_Arish_EG,CHL,4.5,4.5,2.482,4.501,0.5771
2023-02-10,El_Arish_EG,CHL,1.456,1.4,0.9489,1.905,0.8756
2023-02-12,El_Arish_EG,CHL,,1.544,1.409,1.544,0.1144
2023-02-14,El_Arish_EG,CHL,1.593,1.543,1.01,2.274,0.9254
2023-02-17,El_Arish_EG,CHL,2.678,2.678,1.493,3.499,0.9851
2023-02-18,El_Arish_EG,CHL,1.18,1.18,0.941,1.297,0.6169
2023-02-19,El_Arish_EG,CHL,1.055,1.029,0.884,1.981,0.9851
2023-02-21,El_Arish_EG,CHL,1.261,1.131,0.7756,1.532,0.9254
2023-02-22,El_Arish_EG,CHL,1.288,1.288,0.732,1.869,0.9851
2023-02-24,El_Arish_EG,CHL,0.4635,0.4635,0.3681,1.428,1
2023-02-25,El_Arish_EG,CHL,0.816,0.816,0.4967,1.58,1
2023-02-26,El_Arish_EG,CHL,0.9943,0.9943,0.5944,1.217,0.9851
2023-02-27,El_Arish_EG,CHL,0.7731,0.6526,0.4186,0.9219,0.9254
2023-03-01,El_Arish_EG,CHL,0.6682,0.4057,0.2813,0.789,0.8657
2023-03-02,El_Arish_EG,CHL,,0.4377,0.3461,0.6574,0.5771
2023-03-03,El_Arish_EG,CHL,0.6281,0.6281,0.3683,0.9849,0.9851
2023-03-04,El_Arish_EG,CHL,1.258,1.102,0.6653,1.404,0.9851
2023-03-05,El_Arish_EG,CHL,,0.4893,0.4334,0.4893,0.1194
2023-03-06,El_Arish_EG,CHL,1.302,1.075,0.607,1.432,0.9254
2023-03-08,El_Arish_EG,CHL,1.754,1.571,0.9439,1.822,1
2023-03-09,El_Arish_EG,CHL,1.787,1.787,1.013,2.196,1
2023-03-10,El_Arish_EG,CHL,1.39,1.39,0.7979,1.665,1
2023-03-11,El_Arish_EG,CHL,1.23,1.166,0.623,1.555,1
2023-03-12,El_Arish_EG,CHL,1.02,0.981,0.5579,1.123,0.9851
2023-03-15,El_Arish_EG,CHL,1.988,1.988,1.394,2.281,0.9204
2023-03-16,El_Arish_EG,CHL,2.281,2.281,1.536,2.716,0.9851
2023-03-17,El_Arish_EG,CHL,1.843,1.843,1.228,2.283,0.9851
2023-03-18,El_Arish_EG,CHL,1.58,1.656,0.9741,1.924,0.9851
2023-03-19,El_Arish_EG,CHL,1.956,1.956,1.326,2.246,0.9851
2023-03-26,El_Arish_EG,CHL,1.518,1.586,1.183,1.662,0.4378
2023-03-27,El_Arish_EG,CHL,1.413,1.413,0.6551,1.658,0.9254
2023-03-28,El_Arish_EG,CHL,1.586,1.464,0.8155,1.948,1
2023-03-30,El_Arish_EG,CHL,,0.6327,0.6223,0.6327,0.0647
2023-03-31,El_Arish_EG,CHL,,1.734,1.58,3.601,0.5771
2023-04-01,El_Arish_EG,CHL,2.236,2.379,1.938,3.095,0.9851
2023-04-02,El_Arish_EG,CHL,2.015,1.984,1.527,2.212,0.9851
2023-04-03,El_Arish_EG,CHL,1.9,1.9,1.561,2.384,0.9851
2023-04-04,El_Arish_EG,CHL,1.944,1.913,1.426,2.35,0.9254
2023-04-12,El_Arish_EG,CHL,,1.752,1.573,1.752,0.2139
2023-04-13,El_Arish_EG,CHL,3.468,3.468,2.384,3.86,0.9851
2023-04-14,El_Arish_EG,CHL,2.378,2.328,1.608,2.41,0.7512
2023-04-16,El_Arish_EG,CHL,1.869,1.908,1.306,1.922,0.5224
2023-04-17,El_Arish_EG,CHL,1.813,1.84,1.225,1.875,0.9254
2023-04-18,El_Arish_EG,CHL,1.632,1.563,1.011,1.682,0.8657
2023-04-20,El_Arish_EG,CHL,1.412,1.272,0.6834,1.412,0.6219
2023-04-21,El_Arish_EG,CHL,1.655,1.592,0.9663,1.712,0.9254
2023-04-22,El_Arish_EG,CHL,2.061,1.992,1.131,2.106,0.9851
2023-04-24,El_Arish_EG,CHL,1.426,1.476,0.9553,1.518,0.9851
2023-04-25,El_Arish_EG,CHL,1.611,1.45,0.9683,1.611,0.8657
2023-04-26,El_Arish_EG,CHL,1.18,1.18,0.7724,1.458,0.9851
2023-04-27,El_Arish_EG,CHL,1.622,1.622,1.006,1.897,0.9851
2023-04-28,El_Arish_EG,CHL,1.452,1.452,0.8335,1.705,1
2023-04-29,El_Arish_EG,CHL,1.832,1.751,1.036,1.875,0.9254
2023-04-30,El_Arish_EG,CHL,2.188,2.188,1.379,2.219,0.9851
2023-05-01,El_Arish_EG,CHL,2.067,2.036,1.228,2.305,0.9851
2023-05-02,El_Arish_EG,CHL,1.635,1.593,1.002,1.843,0.9851
2023-05-03,El_Arish_EG,CHL,1.386,1.386,0.7663,1.517,0.8109
2023-05-04,El_Arish_EG,CHL,1.447,1.447,0.9589,1.815,1
2023-05-06,El_Arish_EG,CHL,1.188,1.188,0.8825,1.53,1
2023-05-07,El_Arish_EG,CHL,1.59,1.362,0.7742,1.59,0.9254
2023-05-08,El_Arish_EG,CHL,1.468,1.391,0.8223,1.629,0.9254
2023-05-09,El_Arish_EG,CHL,1.444,1.444,0.8496,1.561,0.9851
2023-05-10,El_Arish_EG,CHL,1.386,1.451,0.9619,1.688,0.9851
2023-05-13,El_Arish_EG,CHL,1.432,1.432,0.7873,1.597,0.8159
2023-05-14,El_Arish_EG,CHL,2.125,2.125,1.465,2.679,0.9851
2023-05-15,El_Arish_EG,CHL,,1.428,0.952,1.676,0.6368
2023-05-16,El_Arish_EG,CHL,1.57,1.569,0.977,1.595,0.9851
2023-05-18,El_Arish_EG,CHL,,1.367,0.7702,1.559,0.806
2023-05-19,El_Arish_EG,CHL,,1.274,0.65,1.526,0.5174
2023-05-20,El_Arish_EG,CHL,1.735,1.735,1.147,1.889,0.9851
2023-05-21,El_Arish_EG,CHL,1.873,1.633,1.069,1.977,0.8657
2023-05-23,El_Arish_EG,CHL,1.9,1.9,1.218,2.287,0.9851
2023-05-25,El_Arish_EG,CHL,1.702,1.702,1.082,2.238,0.9851
2023-05-29,El_Arish_EG,CHL,1.396,1.258,0.7553,1.533,0.9254
2023-05-30,El_Arish_EG,CHL,,1.184,0.6851,1.52,0.6965
2023-05-31,El_Arish_EG,CHL,1.165,1.138,0.6626,1.165,0.9851
2023-06-04,El_Arish_EG,CHL,1.422,1.11,0.6806,1.482,1
2023-06-05,El_Arish_EG,CHL,1.264,0.8282,0.3923,1.264,0.9851
2023-06-06,El_Arish_EG,CHL,1.12,1.118,0.5765,1.528,1
2023-06-07,El_Arish_EG,CHL,1.006,0.8728,0.5003,1.171,0.9254
2023-06-10,El_Arish_EG,CHL,0.8343,0.7155,0.5599,0.8982,0.4129
2023-06-11,El_Arish_EG,CHL,0.6928,0.5372,0.3453,0.8935,0.8408
2023-06-12,El_Arish_EG,CHL,0.9384,0.9384,0.4833,1.224,0.9851
2023-06-15,El_Arish_EG,CHL,0.4763,0.4763,0.3362,1.39,1
2023-06-16,El_Arish_EG,CHL,0.9001,0.9001,0.4763,1.027,0.9851
2023-06-18,El_Arish_EG,CHL,0.9689,0.9573,0.4383,1.046,0.9254
2023-06-19,El_Arish_EG,CHL,1.429,1.446,0.8573,1.662,0.9453
2023-06-20,El_Arish_EG,CHL,1.601,1.389,0.7976,1.601,0.8706
2023-06-21,El_Arish_EG,CHL,1.355,1.342,0.7728,1.576,0.9851
2023-06-22,El_Arish_EG,CHL,1.656,1.548,0.8716,1.656,0.9254
2023-06-23,El_Arish_EG,CHL,1.562,1.479,1.015,1.64,0.9851
2023-06-24,El_Arish_EG,CHL,1.208,1.208,0.8237,1.558,0.9851
2023-06-25,El_Arish_EG,CHL,1.421,1.421,0.8382,1.563,1
2023-06-26,El_Arish_EG,CHL,1.31,1.31,0.8364,1.56,1
2023-06-27,El_Arish_EG,CHL,1.456,1.554,1.007,2.013,1
2023-06-28,El_Arish_EG,CHL,1.461,1.326,0.8334,1.55,0.9254
2023-06-29,El_Arish_EG,CHL,1.512,1.456,0.831,1.839,1
2023-06-30,El_Arish_EG,CHL,1.62,1.556,0.92,1.62,0.9254
2023-07-01,El_Arish_EG,CHL,1.535,1.535,0.833,1.684,0.8657
2023-07-02,El_Arish_EG,CHL,1.718,1.718,0.9231,1.984,0.9851
2023-07-03,El_Arish_EG,CHL,1.586,1.586,1.018,2.289,0.9851
2023-07-04,El_Arish_EG,CHL,,0.8684,0.6081,0.92,0.5224
2023-07-05,El_Arish_EG,CHL,1.34,1.507,0.8054,1.669,0.8159
2023-07-06,El_Arish_EG,CHL,1.226,1.226,0.7071,1.569,0.9851
2023-07-07,El_Arish_EG,CHL,1.116,1.014,0.7631,1.497,0.9254
2023-07-08,El_Arish_EG,CHL,1.546,1.467,0.9326,1.777,0.9254
2023-07-09,El_Arish_EG,CHL,1.284,1.298,0.8948,1.387,0.9701
2023-07-10,El_Arish_EG,CHL,1.431,1.513,1.11,1.646,0.9254
2023-07-11,El_Arish_EG,CHL,2.241,2.066,1.402,2.266,0.9254
2023-07-12,El_Arish_EG,CHL,1.912,1.845,1.133,1.952,0.9254
2023-07-13,El_Arish_EG,CHL,2.167,2.167,0.8908,2.558,0.9851
2023-07-14,El_Arish_EG,CHL,2.092,2.04,1.065,2.333,0.9851
2023-07-15,El_Arish_EG,CHL,1.7,1.863,1.328,2.325,0.9851
2023-07-16,El_Arish_EG,CHL,1.895,1.895,1.316,2.31,1
2023-07-17,El_Arish_EG,CHL,2.397,2.397,1.339,2.752,0.9851
2023-07-18,El_Arish_EG,CHL,1.976,1.976,1.137,3.451,1
2023-07-19,El_Arish_EG,CHL,,1.534,1.027,1.725,0.597
2023-07-20,El_Arish_EG,CHL,1.638,1.638,0.96,2.193,0.9851
2023-07-21,El_Arish_EG,CHL,1.589,1.589,1.124,2.457,0.9851
2023-07-22,El_Arish_EG,CHL,1.711,1.711,1.184,2.528,0.9851
2023-07-23,El_Arish_EG,CHL,1.51,1.549,1.072,1.915,0.9851
2023-07-24,El_Arish_EG,CHL,1.621,1.621,1.081,1.802,0.9851
2023-07-25,El_Arish_EG,CHL,1.979,1.979,1.19,3.182,1
2023-07-26,El_Arish_EG,CHL,1.632,1.641,1.066,2.276,0.9851
2023-07-27,El_Arish_EG,CHL,1.91,1.777,1.167,2.197,0.9254
2023-07-28,El_Arish_EG,CHL,2.086,2.086,1.413,3.228,1
2023-07-29,El_Arish_EG,CHL,1.502,1.475,0.703,1.596,0.9254
2023-07-30,El_Arish_EG,CHL,1.808,1.808,1.027,2.116,0.9254
2023-07-31,El_Arish_EG,CHL,1.873,1.752,1.084,2.179,0.9254
2023-08-01,El_Arish_EG,CHL,2.122,2.122,1.133,2.493,0.9851
2023-08-02,El_Arish_EG,CHL,1.896,1.896,1.203,2.274,0.9851
2023-08-03,El_Arish_EG,CHL,1.887,1.887,1.079,3.181,1
2023-08-04,El_Arish_EG,CHL,2.372,2.284,1.098,3.468,0.9403
2023-08-05,El_Arish_EG,CHL,2.616,2.616,1.362,3.505,1
2023-08-06,El_Arish_EG,CHL,2.587,2.587,1.391,3.233,1
2023-08-07,El_Arish_EG,CHL,2.81,2.651,1.363,2.88,0.9254
2023-08-08,El_Arish_EG,CHL,2.292,2.292,1.313,3.41,1
2023-08-09,El_Arish_EG,CHL,1.667,1.439,0.8844,1.852,0.6318
2023-08-10,El_Arish_EG,CHL,2.199,2.199,1.098,3.418,0.9851
2023-08-11,El_Arish_EG,CHL,2.287,2.103,1.202,2.561,0.9254
2023-08-17,El_Arish_EG,CHL,1.628,1.628,1.638,1.751,0.0647
2023-08-18,El_Arish_EG,CHL,,1.08,1.021,1.08,0.1144
2023-08-19,El_Arish_EG,CHL,,0.5715,0.2524,0.5822,0.408
2023-08-20,El_Arish_EG,CHL,1.724,1.871,1.127,2.261,0.7114
2023-08-21,El_Arish_EG,CHL,1.565,1.672,1.003,2.46,1
2023-08-22,El_Arish_EG,CHL,1.864,1.864,1.085,3.124,1
2023-08-23,El_Arish_EG,CHL,,1.114,0.6737,1.596,0.7512
2023-08-24,El_Arish_EG,CHL,1.717,1.717,1.046,2.798,0.9851
2023-08-25,El_Arish_EG,CHL,1.64,1.781,1.087,2.36,1
2023-08-26,El_Arish_EG,CHL,1.767,1.564,0.9024,2.105,0.8458
2023-08-27,El_Arish_EG,CHL,1.685,1.685,0.9551,2.21,0.9254
2023-08-28,El_Arish_EG,CHL,1.637,1.637,1.137,2.023,0.403
2023-08-29,El_Arish_EG,CHL,1.846,1.638,1.017,2.075,0.9254
2023-08-30,El_Arish_EG,CHL,1.757,1.757,1.089,2.082,0.9851
2023-08-31,El_Arish_EG,CHL,1.73,1.557,1.048,1.73,0.8109
2023-09-01,El_Arish_EG,CHL,,1.358,0.9186,1.449,0.6965
2023-09-02,El_Arish_EG,CHL,1.476,1.576,1.062,1.954,0.9851
2023-09-03,El_Arish_EG,CHL,2.162,2.162,1.232,2.778,0.9851
2023-09-04,El_Arish_EG,CHL,1.635,1.703,1.148,1.993,0.9851
2023-09-05,El_Arish_EG,CHL,2.325,2.325,1.332,2.906,1
2023-09-06,El_Arish_EG,CHL,2.021,2.021,1.17,2.418,0.9851
2023-09-07,El_Arish_EG,CHL,1.989,1.804,1.347,2.638,0.9254
2023-09-08,El_Arish_EG,CHL,2.288,2.288,1.441,3.466,0.9851
2023-09-09,El_Arish_EG,CHL,1.994,1.994,1.169,3.719,0.9851
2023-09-10,El_Arish_EG,CHL,2.258,2.258,1.27,4.248,1
2023-09-11,El_Arish_EG,CHL,2.267,1.677,0.9767,2.72,0.8657
2023-09-14,El_Arish_EG,CHL,3.381,2.901,1.515,5.175,0.9254
2023-09-15,El_Arish_EG,CHL,2.182,2.182,1.318,3.276,0.9851
2023-09-16,El_Arish_EG,CHL,2.055,2.055,1.307,3.894,1
2023-09-17,El_Arish_EG,CHL,1.524,1.524,1.242,3.322,1
2023-09-18,El_Arish_EG,CHL,1.994,1.994,1.268,3.107,0.9851
2023-09-19,El_Arish_EG,CHL,1.931,1.675,1.346,3.465,0.9254
2023-09-20,El_Arish_EG,CHL,1.949,1.704,1.186,2.287,0.8657
2023-09-21,El_Arish_EG,CHL,2.335,2.335,1.586,3.781,1
2023-09-22,El_Arish_EG,CHL,2.427,2.943,2.115,3.077,0.5771
2023-09-23,El_Arish_EG,CHL,3.178,3.178,1.976,4.542,0.9851
2023-09-24,El_Arish_EG,CHL,3.912,3.912,2.618,9.104,0.9851
2023-09-25,El_Arish_EG,CHL,2.543,2.543,1.843,4.359,0.9851
2023-09-26,El_Arish_EG,CHL,3.022,3.022,1.929,4.515,0.9851
2023-09-27,El_Arish_EG,CHL,4.447,4.447,2.836,9.1,0.9851
2023-09-28,El_Arish_EG,CHL,4.889,4.889,3.384,10.43,0.9851
2023-09-29,El_Arish_EG,CHL,4.91,4.91,3.356,9.726,0.9851
2023-09-30,El_Arish_EG,CHL,3.833,3.278,2.342,5.937,0.9254
2023-10-06,El_Arish_EG,CHL,,1.412,0.9888,1.733,0.3035
2023-10-07,El_Arish_EG,CHL,,2.407,1.781,3.403,0.9254
2023-10-08,El_Arish_EG,CHL,2.616,1.988,1.308,2.616,0.7512
2023-10-10,El_Arish_EG,CHL,1.696,1.506,1.326,2.278,0.9254
2023-10-11,El_Arish_EG,CHL,1.726,1.286,0.9087,1.976,0.6617
2023-10-12,El_Arish_EG,CHL,1.546,1.546,1.083,2.313,0.9851
2023-10-13,El_Arish_EG,CHL,1.39,1.413,1.194,2.497,0.9851
2023-10-14,El_Arish_EG,CHL,1.407,1.461,1.256,1.647,0.3483
2023-10-15,El_Arish_EG,CHL,0.8423,0.9591,0.9385,2.201,0.9851
2023-10-16,El_Arish_EG,CHL,1.176,1.176,0.9158,1.498,0.9851
2023-10-17,El_Arish_EG,CHL,1.357,1.3,0.8976,1.52,0.9652
2023-10-18,El_Arish_EG,CHL,1.257,1.161,0.8621,1.289,0.9851
2023-10-19,El_Arish_EG,CHL,1.309,1.309,0.9615,1.934,0.9851
2023-10-20,El_Arish_EG,CHL,2.833,2.833,1.556,3.181,0.9851
2023-10-21,El_Arish_EG,CHL,2.643,2.455,1.462,2.708,0.9254
2023-10-23,El_Arish_EG,CHL,,1.534,1.334,1.534,0.2338
2023-10-25,El_Arish_EG,CHL,2.132,2.159,1.381,2.317,0.9851
2023-10-26,El_Arish_EG,CHL,3.137,3.137,1.648,6.404,0.9851
2023-10-30,El_Arish_EG,CHL,1.034,0.942,0.6489,1.579,0.9254
2023-10-31,El_Arish_EG,CHL,1.23,1.092,0.7569,1.514,0.9254
2023-11-01,El_Arish_EG,CHL,1.202,1.16,0.6801,1.326,0.9254
2023-11-02,El_Arish_EG,CHL,,0.2154,0.1878,0.2154,0.2289
2023-11-03,El_Arish_EG,CHL,2.143,2.143,1.226,3.384,0.9254
2023-11-04,El_Arish_EG,CHL,1.26,1.26,0.8887,2.322,0.9851
2023-11-05,El_Arish_EG,CHL,1.079,1.079,0.8736,2.871,0.9851
2023-11-06,El_Arish_EG,CHL,1.47,1.47,1.065,3.936,0.9851
2023-11-07,El_Arish_EG,CHL,1.135,1.135,0.9454,3.5,0.9851
2023-11-08,El_Arish_EG,CHL,1.211,1.211,0.7886,2.507,0.9851
2023-11-09,El_Arish_EG,CHL,1.09,0.8267,0.63,1.834,0.9254
2023-11-10,El_Arish_EG,CHL,,0.6785,0.5711,1.558,0.6219
2023-11-13,El_Arish_EG,CHL,,0.161,0.1615,0.1669,0.0597
2023-11-14,El_Arish_EG,CHL,,1.152,0.7458,1.165,0.2736
2023-11-15,El_Arish_EG,CHL,1.53,1.488,0.9579,1.629,0.9851
2023-11-16,El_Arish_EG,CHL,1.91,1.799,1.026,2.92,1
2023-11-17,El_Arish_EG,CHL,1.772,1.772,1.222,2.326,0.9851
2023-11-18,El_Arish_EG,CHL,1.399,1.52,1.117,1.671,0.8657
2023-11-19,El_Arish_EG,CHL,3.008,3.008,2.59,3.008,0.1194
2023-11-21,El_Arish_EG,CHL,3.711,3.711,2.308,4.912,1
2023-11-23,El_Arish_EG,CHL,1.674,1.674,1.271,1.912,0.9851
2023-11-24,El_Arish_EG,CHL,1.252,1.252,1.101,2.026,0.9851
2023-11-27,El_Arish_EG,CHL,1.599,1.623,1.601,1.623,0.1741
2023-11-28,El_Arish_EG,CHL,2.362,2.39,1.925,2.646,0.8109
2023-11-29,El_Arish_EG,CHL,1.935,2.032,1.721,2.918,1
2023-11-30,El_Arish_EG,CHL,1.522,1.522,1.329,1.965,0.9851
2023-12-01,El_Arish_EG,CHL,1.296,1.45,1.305,1.628,0.3632
2023-12-03,El_Arish_EG,CHL,1.184,1.192,0.963,1.373,0.9851
2023-12-04,El_Arish_EG,CHL,1.012,0.9715,0.7021,1.114,0.9254
2023-12-06,El_Arish_EG,CHL,0.8104,0.5985,0.3582,0.8912,0.9851
2023-12-07,El_Arish_EG,CHL,1.214,0.9138,0.6659,1.214,0.6269
2023-12-09,El_Arish_EG,CHL,1.258,1.374,1.098,1.418,0.5771
2023-12-11,El_Arish_EG,CHL,2.029,1.531,1.072,2.336,1
2023-12-14,El_Arish_EG,CHL,1.899,1.807,0.9702,2.043,0.9851
2023-12-15,El_Arish_EG,CHL,1.245,1.233,0.7826,1.794,1
2023-12-16,El_Arish_EG,CHL,0.8374,0.867,0.7569,1.696,0.9851
2023-12-17,El_Arish_EG,CHL,1.167,0.9575,0.6902,1.35,0.9254
2023-12-18,El_Arish_EG,CHL,0.3203,0.3239,0.2318,0.4877,0.9851
2023-12-19,El_Arish_EG,CHL,1.077,1.279,0.646,1.366,0.9851
2023-12-22,El_Arish_EG,CHL,,0.4362,0.3952,0.4362,0.1194
2023-12-23,El_Arish_EG,CHL,,1.307,0.9975,1.413,0.6318
2023-12-24,El_Arish_EG,CHL,1.3,1.399,1.126,2.006,0.9851
2023-12-25,El_Arish_EG,CHL,,0.2963,0.308,0.9584,0.4975
2023-12-26,El_Arish_EG,CHL,0.6866,0.8023,0.5288,0.9211,0.9851
2023-12-29,El_Arish_EG,CHL,0.2999,0.2999,0.2196,0.4666,0.9851
2023-12-30,El_Arish_EG,CHL,0.513,0.519,0.3648,1.063,0.9851
2023-12-31,El_Arish_EG,CHL,0.9312,0.9312,0.6039,1.103,0.9851
2023-01-03,Rafah_Gaza,CHL,,0.4389,0.2784,0.6191,0.795
2023-01-04,Rafah_Gaza,CHL,0.6165,0.5032,0.3189,0.9143,0.915
2023-01-05,Rafah_Gaza,CHL,0.771,1.092,0.8187,1.323,0.35
2023-01-06,Rafah_Gaza,CHL,,0.3865,0.3796,0.8987,0.395
2023-01-08,Rafah_Gaza,CHL,0.3418,0.3123,0.2011,0.53,0.965
2023-01-10,Rafah_Gaza,CHL,0.3645,0.3189,0.1925,0.3775,0.915
2023-01-11,Rafah_Gaza,CHL,,0.324,0.2883,0.4087,0.29
2023-01-12,Rafah_Gaza,CHL,0.3926,0.1093,0.1264,0.3926,0.33
2023-01-13,Rafah_Gaza,CHL,0.7998,0.5635,0.5129,0.7998,0.35
2023-01-14,Rafah_Gaza,CHL,0.8284,0.2951,0.2796,0.9481,0.79
2023-01-15,Rafah_Gaza,CHL,0.5687,0.7067,0.4648,1.139,1
2023-01-17,Rafah_Gaza,CHL,0.2806,0.2806,0.161,0.374,1
2023-01-18,Rafah_Gaza,CHL,0.1685,0.1348,0.1103,0.1944,0.915
2023-01-19,Rafah_Gaza,CHL,0.2352,0.2202,0.1592,0.3718,0.915
2023-01-20,Rafah_Gaza,CHL,0.613,0.5661,0.3097,0.6999,1
2023-01-21,Rafah_Gaza,CHL,0.2432,0.181,0.1363,0.3948,0.95
2023-01-22,Rafah_Gaza,CHL,0.379,0.379,0.279,0.5353,0.475
2023-01-23,Rafah_Gaza,CHL,0.2333,0.2611,0.2198,0.4559,0.915
2023-01-24,Rafah_Gaza,CHL,0.1942,0.1874,0.1232,0.2034,0.915
2023-01-25,Rafah_Gaza,CHL,0.3023,0.2434,0.1802,0.3023,0.46
2023-01-26,Rafah_Gaza,CHL,0.4131,0.2651,0.1967,0.4198,0.915
2023-01-27,Rafah_Gaza,CHL,0.4665,0.4089,0.2318,0.5018,0.95
2023-01-30,Rafah_Gaza,CHL,0.4664,0.4485,0.2569,0.4673,0.585
2023-02-02,Rafah_Gaza,CHL,,1.244,0.9766,1.443,0.665
2023-02-04,Rafah_Gaza,CHL,,0.3339,0.3292,0.3447,0.09
2023-02-05,Rafah_Gaza,CHL,1.132,1.132,0.6236,1.76,1
2023-02-10,Rafah_Gaza,CHL,1.292,1.1,0.7933,1.374,0.875
2023-02-13,Rafah_Gaza,CHL,1.035,0.8744,0.5284,1.166,0.56
2023-02-14,Rafah_Gaza,CHL,1.049,0.9291,0.5388,1.208,0.915
2023-02-15,Rafah_Gaza,CHL,1.177,0.9608,0.6289,1.412,0.7
2023-02-16,Rafah_Gaza,CHL,,1.651,1.651,1.651,0.035
2023-02-17,Rafah_Gaza,CHL,1.053,1.006,0.7565,2.935,1
2023-02-18,Rafah_Gaza,CHL,1.313,0.9861,0.7664,1.764,0.95
2023-02-19,Rafah_Gaza,CHL,0.8909,0.8128,0.6292,1.3,0.95
2023-02-21,Rafah_Gaza,CHL,1.57,1.051,0.6138,1.57,0.915
2023-02-22,Rafah_Gaza,CHL,0.6185,0.6185,0.5809,2.125,0.675
2023-02-24,Rafah_Gaza,CHL,0.3029,0.2188,0.1606,0.7621,0.95
2023-02-25,Rafah_Gaza,CHL,0.578,0.578,0.3965,1.365,1
2023-02-26,Rafah_Gaza,CHL,0.5614,0.4947,0.3374,0.8036,0.735
2023-02-27,Rafah_Gaza,CHL,0.3861,0.3332,0.2565,1.126,0.95
2023-03-01,Rafah_Gaza,CHL,1.712,1.668,0.818,2.869,0.875
2023-03-02,Rafah_Gaza,CHL,0.9161,0.7044,0.4853,0.9951,0.875
2023-03-03,Rafah_Gaza,CHL,0.9197,0.8103,0.4149,0.9988,0.915
2023-03-04,Rafah_Gaza,CHL,1.101,0.9197,0.4502,1.101,0.95
2023-03-06,Rafah_Gaza,CHL,,0.11,0.11,0.11,0.03
2023-03-08,Rafah_Gaza,CHL,1.159,1.119,0.5911,1.244,0.95
2023-03-09,Rafah_Gaza,CHL,1.121,1.07,0.6077,1.355,0.95
2023-03-10,Rafah_Gaza,CHL,0.9895,0.9734,0.464,1.022,0.915
2023-03-11,Rafah_Gaza,CHL,0.855,0.855,0.4236,1.254,1
2023-03-12,Rafah_Gaza,CHL,0.7552,0.5887,0.3162,1.028,0.95
2023-03-16,Rafah_Gaza,CHL,1.527,1.406,0.775,1.527,1
2023-03-17,Rafah_Gaza,CHL,1.332,1.1,0.6351,1.332,0.915
2023-03-18,Rafah_Gaza,CHL,,0.3406,0.2123,0.3761,0.29
2023-03-19,Rafah_Gaza,CHL,1.595,1.552,0.9821,2.019,0.95
2023-03-26,Rafah_Gaza,CHL,1.192,1.153,0.6536,1.422,0.95
2023-03-27,Rafah_Gaza,CHL,0.9464,0.5396,0.3273,1.087,0.915
2023-03-28,Rafah_Gaza,CHL,0.7958,0.713,0.3959,1.224,0.95
2023-03-30,Rafah_Gaza,CHL,,0.4584,0.3728,0.4584,0.12
2023-03-31,Rafah_Gaza,CHL,1.834,1.645,1.157,1.834,0.915
2023-04-01,Rafah_Gaza,CHL,1.661,1.62,1.238,1.827,0.95
2023-04-02,Rafah_Gaza,CHL,1.532,1.486,1.048,1.81,0.95
2023-04-03,Rafah_Gaza,CHL,1.602,1.455,1.06,1.602,0.95
2023-04-04,Rafah_Gaza,CHL,1.361,1.347,0.9758,1.54,0.95
2023-04-12,Rafah_Gaza,CHL,,0.1625,0.124,0.1964,0.27
2023-04-14,Rafah_Gaza,CHL,,1.18,0.7602,1.561,0.785
2023-04-15,Rafah_Gaza,CHL,,1.004,1.004,1.004,0.075
2023-04-16,Rafah_Gaza,CHL,1.441,1.428,0.9607,1.559,0.735
2023-04-17,Rafah_Gaza,CHL,1.499,1.162,0.6698,1.499,0.875
2023-04-18,Rafah_Gaza,CHL,1.281,0.9829,0.6057,1.389,0.875
2023-04-20,Rafah_Gaza,CHL,,0.1087,0.0999,0.1087,0.125
2023-04-21,Rafah_Gaza,CHL,1.414,1.267,0.5817,1.541,0.915
2023-04-22,Rafah_Gaza,CHL,1.365,1.254,0.6403,1.429,0.915
2023-04-24,Rafah_Gaza,CHL,1.316,1.243,0.6339,1.617,0.95
2023-04-25,Rafah_Gaza,CHL,1.435,1.218,0.6835,1.435,0.72
2023-04-26,Rafah_Gaza,CHL,0.4089,0.4089,0.4284,2.224,1
2023-04-27,Rafah_Gaza,CHL,0.3347,0.2517,0.2136,0.9103,0.95
2023-04-28,Rafah_Gaza,CHL,0.4096,0.2395,0.1941,0.5935,0.8
2023-04-29,Rafah_Gaza,CHL,1.45,1.287,0.7314,1.544,0.625
2023-04-30,Rafah_Gaza,CHL,,1.231,0.7591,1.416,0.425
2023-05-01,Rafah_Gaza,CHL,1.749,1.573,1.073,1.925,0.95
2023-05-02,Rafah_Gaza,CHL,1.425,1.363,0.8954,1.631,0.95
2023-05-03,Rafah_Gaza,CHL,1.253,1.103,0.7704,1.481,0.695
2023-05-04,Rafah_Gaza,CHL,1.615,1.451,0.9722,1.87,0.95
2023-05-05,Rafah_Gaza,CHL,,0.8533,0.5866,1.074,0.655
2023-05-06,Rafah_Gaza,CHL,1.086,0.9511,0.5315,1.3,0.915
2023-05-07,Rafah_Gaza,CHL,0.9195,0.8619,0.46,1.049,0.915
2023-05-08,Rafah_Gaza,CHL,1.077,0.9516,0.4681,1.077,0.875
2023-05-09,Rafah_Gaza,CHL,0.9391,0.9391,0.5047,1.183,1
2023-05-10,Rafah_Gaza,CHL,1.155,1.092,0.5775,1.198,0.915
2023-05-13,Rafah_Gaza,CHL,0.8131,0.6921,0.3539,1.101,0.95
2023-05-14,Rafah_Gaza,CHL,1.436,1.426,0.7328,1.555,0.95
2023-05-15,Rafah_Gaza,CHL,1.254,1.151,0.6805,1.254,0.825
2023-05-16,Rafah_Gaza,CHL,0.949,0.8592,0.4797,1.084,0.915
2023-05-17,Rafah_Gaza,CHL,0.7911,0.6447,0.4085,1.106,0.95
2023-05-19,Rafah_Gaza,CHL,0.6157,0.5928,0.3081,1.121,0.72
2023-05-20,Rafah_Gaza,CHL,1.205,0.4205,0.3232,1.221,0.915
2023-05-23,Rafah_Gaza,CHL,1.242,1.19,0.6693,1.515,0.95
2023-05-25,Rafah_Gaza,CHL,1.371,1.101,0.6643,1.413,0.875
2023-05-29,Rafah_Gaza,CHL,,0.2996,0.1204,0.3136,0.32
2023-05-30,Rafah_Gaza,CHL,0.4836,0.3289,0.2203,0.5084,0.84
2023-05-31,Rafah_Gaza,CHL,0.2128,0.1536,0.1393,0.5688,0.915
2023-06-04,Rafah_Gaza,CHL,0.3622,0.3622,0.2416,1.036,1
2023-06-05,Rafah_Gaza,CHL,0.1502,0.1322,0.1068,0.5294,0.915
2023-06-06,Rafah_Gaza,CHL,0.427,0.2715,0.2131,1.02,0.915
2023-06-07,Rafah_Gaza,CHL,,0.2528,0.2528,0.2528,0.01
2023-06-11,Rafah_Gaza,CHL,0.2673,0.2266,0.1663,0.4268,0.95
2023-06-12,Rafah_Gaza,CHL,0.2101,0.1905,0.1449,0.4064,0.95
2023-06-15,Rafah_Gaza,CHL,0.1743,0.1489,0.1129,0.1817,0.875
2023-06-16,Rafah_Gaza,CHL,0.1517,0.1376,0.105,0.2994,0.95
2023-06-18,Rafah_Gaza,CHL,0.2733,0.1514,0.1176,0.2842,0.875
2023-06-19,Rafah_Gaza,CHL,0.5627,0.5365,0.2918,1.161,0.95
2023-06-20,Rafah_Gaza,CHL,,0.4861,0.2147,0.6174,0.715
2023-06-21,Rafah_Gaza,CHL,0.5923,0.5037,0.2603,0.6974,0.95
2023-06-22,Rafah_Gaza,CHL,0.8728,0.4339,0.2394,0.8728,0.825
2023-06-23,Rafah_Gaza,CHL,1.005,0.8557,0.3619,1.005,1
2023-06-24,Rafah_Gaza,CHL,1.061,0.6514,0.3441,1.175,0.95
2023-06-25,Rafah_Gaza,CHL,0.9193,0.8832,0.3786,1.04,0.95
2023-06-26,Rafah_Gaza,CHL,,0.4342,0.2699,0.7008,0.795
2023-06-27,Rafah_Gaza,CHL,1.03,0.6625,0.3817,1.288,0.915
2023-06-28,Rafah_Gaza,CHL,0.9743,0.8684,0.4434,1.014,0.845
2023-06-29,Rafah_Gaza,CHL,1.123,1.042,0.4222,1.633,1
2023-06-30,Rafah_Gaza,CHL,1.158,0.8244,0.3759,1.158,0.825
2023-07-01,Rafah_Gaza,CHL,1.034,1.034,0.4522,1.425,1
2023-07-02,Rafah_Gaza,CHL,1.147,1.147,0.5293,1.328,1
2023-07-03,Rafah_Gaza,CHL,0.9897,0.7359,0.4546,1.135,0.95
2023-07-04,Rafah_Gaza,CHL,,0.6563,0.4047,0.8874,0.795
2023-07-05,Rafah_Gaza,CHL,0.4621,0.3811,0.3205,0.9536,0.95
2023-07-06,Rafah_Gaza,CHL,0.3764,0.3851,0.2603,0.5704,0.95
2023-07-07,Rafah_Gaza,CHL,0.6606,0.4493,0.3165,1.1,0.95
2023-07-08,Rafah_Gaza,CHL,1.124,0.9179,0.527,1.124,0.875
2023-07-09,Rafah_Gaza,CHL,1.118,1.034,0.4858,1.118,0.75
2023-07-10,Rafah_Gaza,CHL,1.231,1.25,0.8018,1.421,1
2023-07-11,Rafah_Gaza,CHL,1.452,1.558,1.091,1.616,0.95
2023-07-12,Rafah_Gaza,CHL,1.339,1.195,0.638,1.362,0.795
2023-07-13,Rafah_Gaza,CHL,1.062,1.014,0.4552,1.221,0.915
2023-07-14,Rafah_Gaza,CHL,1.258,0.9137,0.368,1.289,0.915
2023-07-15,Rafah_Gaza,CHL,1.025,0.8948,0.3583,1.025,0.915
2023-07-16,Rafah_Gaza,CHL,1.063,0.8892,0.5103,1.372,0.95
2023-07-17,Rafah_Gaza,CHL,1.182,0.8942,0.4951,1.282,0.825
2023-07-18,Rafah_Gaza,CHL,1.218,1.426,0.8727,1.755,0.95
2023-07-19,Rafah_Gaza,CHL,1.659,0.7875,0.4496,1.68,0.595
2023-07-20,Rafah_Gaza,CHL,1.511,0.6397,0.3672,1.796,0.95
2023-07-21,Rafah_Gaza,CHL,1.464,1.464,0.5721,1.876,0.95
2023-07-22,Rafah_Gaza,CHL,1.564,1.454,0.676,1.98,0.95
2023-07-23,Rafah_Gaza,CHL,1.469,1.068,0.5277,1.595,0.915
2023-07-24,Rafah_Gaza,CHL,1.273,1.106,0.5837,1.37,0.95
2023-07-25,Rafah_Gaza,CHL,1.442,1.283,0.5512,1.442,0.915
2023-07-26,Rafah_Gaza,CHL,1.444,1.25,0.5618,1.837,0.95
2023-07-27,Rafah_Gaza,CHL,1.463,1.275,0.7505,1.463,0.825
2023-07-28,Rafah_Gaza,CHL,1.262,1.222,0.7303,1.689,0.95
2023-07-29,Rafah_Gaza,CHL,1.521,1.574,1.137,2.034,1
2023-07-30,Rafah_Gaza,CHL,1.688,1.558,0.8979,1.756,0.875
2023-07-31,Rafah_Gaza,CHL,1.409,1.429,0.7173,1.721,0.95
2023-08-01,Rafah_Gaza,CHL,1.53,1.53,0.5756,1.632,0.95
2023-08-02,Rafah_Gaza,CHL,1.455,1.455,0.5927,1.922,1
2023-08-03,Rafah_Gaza,CHL,1.334,1.24,0.6229,1.484,0.95
2023-08-04,Rafah_Gaza,CHL,1.27,0.9434,0.4958,1.317,0.875
2023-08-05,Rafah_Gaza,CHL,1.657,1.657,0.8889,2.153,0.95
2023-08-06,Rafah_Gaza,CHL,2.173,1.838,0.9007,2.39,0.95
2023-08-07,Rafah_Gaza,CHL,1.505,0.8615,0.5523,2.249,0.865
2023-08-08,Rafah_Gaza,CHL,1.918,1.797,0.7211,2.299,1
2023-08-09,Rafah_Gaza,CHL,1.307,1.989,1.42,2.074,0.31
2023-08-10,Rafah_Gaza,CHL,1.018,0.8444,0.4893,1.601,0.95
2023-08-11,Rafah_Gaza,CHL,1.252,1.178,0.6696,1.865,0.915
2023-08-16,Rafah_Gaza,CHL,,0.8654,0.3706,0.8654,0.37
2023-08-19,Rafah_Gaza,CHL,,0.4303,0.2284,0.687,0.56
2023-08-20,Rafah_Gaza,CHL,1.487,1.432,0.7128,3.216,0.95
2023-08-21,Rafah_Gaza,CHL,1.367,1.367,0.7865,2.496,1
2023-08-22,Rafah_Gaza,CHL,1.434,1.328,0.6273,2.014,0.95
2023-08-23,Rafah_Gaza,CHL,,0.1008,0.0813,0.1695,0.42
2023-08-24,Rafah_Gaza,CHL,1.111,1.071,0.5246,1.957,0.915
2023-08-25,Rafah_Gaza,CHL,1.245,1.099,0.4966,1.685,0.915
2023-08-26,Rafah_Gaza,CHL,1.81,1.353,0.7157,2.491,0.915
2023-08-27,Rafah_Gaza,CHL,1.422,1.315,0.7054,1.728,0.825
2023-08-28,Rafah_Gaza,CHL,,1.21,1.097,1.427,0.275
2023-08-29,Rafah_Gaza,CHL,,0.6112,0.387,1.342,0.64
2023-08-30,Rafah_Gaza,CHL,1.839,1.658,0.9817,1.839,0.915
2023-08-31,Rafah_Gaza,CHL,,0.4952,0.3606,0.8276,0.56
2023-09-01,Rafah_Gaza,CHL,,0.9285,0.7942,1.22,0.17
2023-09-02,Rafah_Gaza,CHL,1.885,1.575,0.8968,3.174,0.95
2023-09-03,Rafah_Gaza,CHL,,1.491,0.8281,1.779,0.615
2023-09-04,Rafah_Gaza,CHL,1.817,1.817,1.134,4.011,1
2023-09-05,Rafah_Gaza,CHL,1.802,1.571,1.104,3.993,0.915
2023-09-06,Rafah_Gaza,CHL,2.007,1.968,1.259,2.692,0.95
2023-09-07,Rafah_Gaza,CHL,1.481,1.399,0.6339,2.081,0.915
2023-09-08,Rafah_Gaza,CHL,1.688,1.552,0.7925,2.45,0.95
2023-09-09,Rafah_Gaza,CHL,1.561,1.057,0.49,2.154,0.915
2023-09-10,Rafah_Gaza,CHL,1.418,1.418,0.6503,3.133,1
2023-09-11,Rafah_Gaza,CHL,,0.9226,0.4791,1.252,0.795
2023-09-14,Rafah_Gaza,CHL,1.887,1.634,0.881,5.595,0.95
2023-09-15,Rafah_Gaza,CHL,1.916,1.731,0.7893,2.141,0.915
2023-09-16,Rafah_Gaza,CHL,1.617,1.512,0.8215,2.502,0.95
2023-09-17,Rafah_Gaza,CHL,2.448,2.448,1.26,3.037,1
2023-09-18,Rafah_Gaza,CHL,1.914,1.745,0.9481,2.84,0.95
2023-09-19,Rafah_Gaza,CHL,1.618,1.205,0.731,2.074,0.835
2023-09-20,Rafah_Gaza,CHL,,1.379,0.7593,1.741,0.61
2023-09-21,Rafah_Gaza,CHL,1.681,1.593,0.7858,2.207,0.95
2023-09-22,Rafah_Gaza,CHL,1.498,2.171,1.401,2.514,0.6
2023-09-23,Rafah_Gaza,CHL,1.51,1.448,0.8034,2.486,0.95
2023-09-24,Rafah_Gaza,CHL,1.43,1.242,0.6866,2.232,0.95
2023-09-25,Rafah_Gaza,CHL,1.486,1.175,0.6611,3.304,0.95
2023-09-26,Rafah_Gaza,CHL,1.409,0.9174,0.4859,1.669,0.915
2023-09-27,Rafah_Gaza,CHL,1.29,0.5799,0.3714,1.679,0.86
2023-09-28,Rafah_Gaza,CHL,1.333,0.999,0.5796,2.886,0.95
2023-09-29,Rafah_Gaza,CHL,1.415,1.111,0.4796,1.556,0.915
2023-09-30,Rafah_Gaza,CHL,1.318,1.157,0.4361,1.446,0.825
2023-10-03,Rafah_Gaza,CHL,,0.74,0.4449,0.9371,0.23
2023-10-05,Rafah_Gaza,CHL,,1.277,1.236,1.391,0.17
2023-10-06,Rafah_Gaza,CHL,2.511,2.511,1.627,3.563,0.71
2023-10-07,Rafah_Gaza,CHL,3.164,2.608,1.339,4.856,0.835
2023-10-08,Rafah_Gaza,CHL,,1.446,0.6841,1.562,0.64
2023-10-10,Rafah_Gaza,CHL,,0.651,0.3842,0.9784,0.36
2023-10-11,Rafah_Gaza,CHL,1.581,1.468,0.8579,1.599,0.545
2023-10-12,Rafah_Gaza,CHL,1.986,1.993,1.161,2.435,1
2023-10-13,Rafah_Gaza,CHL,1.097,1.392,1.101,1.724,0.95
2023-10-14,Rafah_Gaza,CHL,1.078,0.9372,0.5275,1.228,0.95
2023-10-15,Rafah_Gaza,CHL,0.908,1.204,0.6814,1.386,1
2023-10-16,Rafah_Gaza,CHL,1.011,0.9972,0.6706,1.011,0.74
2023-10-17,Rafah_Gaza,CHL,0.6946,0.6717,0.4296,0.7186,0.745
2023-10-18,Rafah_Gaza,CHL,,0.2761,0.2616,0.5554,0.48
2023-10-19,Rafah_Gaza,CHL,0.5718,0.5604,0.3867,0.9018,0.89
2023-10-20,Rafah_Gaza,CHL,0.7686,0.6756,0.4095,0.891,1
2023-10-21,Rafah_Gaza,CHL,0.751,0.7136,0.4639,0.8689,0.785
2023-10-25,Rafah_Gaza,CHL,0.6803,0.6803,0.3822,0.7825,0.915
2023-10-26,Rafah_Gaza,CHL,0.5496,0.4485,0.2832,0.5496,0.95
2023-10-30,Rafah_Gaza,CHL,0.7955,0.6387,0.4034,1.2,0.875
2023-10-31,Rafah_Gaza,CHL,0.7701,0.7101,0.5191,0.9939,0.915
2023-11-01,Rafah_Gaza,CHL,0.8049,0.743,0.4854,0.8774,0.875
2023-11-02,Rafah_Gaza,CHL,,0.6825,0.3873,0.7303,0.295
2023-11-03,Rafah_Gaza,CHL,0.6214,0.5397,0.344,0.9428,0.915
2023-11-04,Rafah_Gaza,CHL,0.707,0.7214,0.4408,0.8283,0.915
2023-11-05,Rafah_Gaza,CHL,0.8956,0.8261,0.4316,0.9509,0.915
2023-11-06,Rafah_Gaza,CHL,0.6105,0.546,0.3243,0.8725,0.95
2023-11-07,Rafah_Gaza,CHL,0.5608,0.5058,0.3249,1.04,0.915
2023-11-08,Rafah_Gaza,CHL,0.5554,0.5818,0.3493,0.7925,0.95
2023-11-09,Rafah_Gaza,CHL,0.642,0.5914,0.3373,0.6469,0.875
2023-11-10,Rafah_Gaza,CHL,0.7606,0.8034,0.7877,0.9721,0.275
2023-11-13,Rafah_Gaza,CHL,,0.5575,0.2845,0.6231,0.635
2023-11-14,Rafah_Gaza,CHL,,0.8601,0.8397,0.8601,0.145
2023-11-16,Rafah_Gaza,CHL,1.233,1.19,0.6262,1.288,1
2023-11-17,Rafah_Gaza,CHL,0.9069,0.9069,0.4524,1.05,0.95
2023-11-18,Rafah_Gaza,CHL,0.4414,0.4194,0.311,0.6762,0.86
2023-11-21,Rafah_Gaza,CHL,2.112,2.09,1.751,2.197,0.685
2023-11-23,Rafah_Gaza,CHL,0.9639,0.8989,0.6412,0.9639,0.915
2023-11-24,Rafah_Gaza,CHL,1.386,1.396,0.9605,1.44,0.95
2023-11-28,Rafah_Gaza,CHL,1.503,1.503,1.308,1.71,0.55
2023-11-29,Rafah_Gaza,CHL,1.956,1.934,1.389,2.216,1
2023-11-30,Rafah_Gaza,CHL,0.7155,0.7214,0.5399,0.8727,0.95
2023-12-02,Rafah_Gaza,CHL,0.8344,0.8195,0.5473,0.9358,0.875
2023-12-03,Rafah_Gaza,CHL,0.6213,0.4592,0.4518,0.9848,0.95
2023-12-04,Rafah_Gaza,CHL,0.68,0.5951,0.4056,0.7585,0.915
2023-12-06,Rafah_Gaza,CHL,0.2019,0.2019,0.1854,0.553,1
2023-12-07,Rafah_Gaza,CHL,,0.4259,0.3582,0.4811,0.355
2023-12-09,Rafah_Gaza,CHL,0.8657,0.8771,0.5212,0.9894,0.95
2023-12-11,Rafah_Gaza,CHL,0.3501,0.207,0.1637,0.4691,0.915
2023-12-12,Rafah_Gaza,CHL,0.6231,0.3915,0.3077,0.9898,0.79
2023-12-15,Rafah_Gaza,CHL,0.4724,0.4724,0.3143,1.258,1
2023-12-16,Rafah_Gaza,CHL,0.6309,0.3103,0.2253,0.7845,0.915
2023-12-17,Rafah_Gaza,CHL,,0.6404,0.3186,0.902,0.83
2023-12-18,Rafah_Gaza,CHL,0.2375,0.2838,0.1741,0.383,0.915
2023-12-19,Rafah_Gaza,CHL,0.4702,0.31,0.2114,0.6572,0.95
2023-12-22,Rafah_Gaza,CHL,1.531,1.427,0.875,1.531,0.915
2023-12-24,Rafah_Gaza,CHL,1.009,0.8915,0.4674,1.13,0.915
2023-12-25,Rafah_Gaza,CHL,,0.3051,0.2658,0.7493,0.765
2023-12-26,Rafah_Gaza,CHL,0.8453,0.8312,0.4442,0.9705,1
2023-12-29,Rafah_Gaza,CHL,0.3798,0.5158,0.4091,0.8771,0.95
2023-12-30,Rafah_Gaza,CHL,0.301,0.2178,0.1827,0.3606,0.95
2023-12-31,Rafah_Gaza,CHL,0.4774,0.3462,0.273,0.4774,0.915
2023-01-03,Gaza_City,CHL,0.3334,0.296,0.1758,0.4016,0.9104
2023-01-04,Gaza_City,CHL,0.4606,0.3216,0.2015,0.4849,0.9104
2023-01-05,Gaza_City,CHL,0.1258,0.2014,0.1252,0.3461,0.7065
2023-01-06,Gaza_City,CHL,0.3989,0.3872,0.2958,0.4087,0.5672
2023-01-08,Gaza_City,CHL,0.2038,0.2038,0.1585,0.2683,1
2023-01-09,Gaza_City,CHL,,0.0993,0.0913,0.0996,0.3085
2023-01-10,Gaza_City,CHL,,0.1244,0.1069,0.1474,0.7662
2023-01-11,Gaza_City,CHL,0.1879,0.1843,0.1264,0.2149,0.9254
2023-01-13,Gaza_City,CHL,0.4038,0.4038,0.2589,0.4252,0.3532
2023-01-14,Gaza_City,CHL,0.3033,0.3033,0.2894,0.3538,0.3632
2023-01-15,Gaza_City,CHL,0.1138,0.1138,0.0948,0.1562,0.9254
2023-01-17,Gaza_City,CHL,0.1263,0.138,0.1126,0.1798,0.9254
2023-01-18,Gaza_City,CHL,0.1291,0.1209,0.1034,0.1951,0.9254
2023-01-19,Gaza_City,CHL,0.1109,0.124,0.115,0.2971,1
2023-01-20,Gaza_City,CHL,0.1177,0.1145,0.1007,0.1883,0.9254
2023-01-21,Gaza_City,CHL,0.2132,0.2132,0.1445,0.4669,1
2023-01-23,Gaza_City,CHL,0.1012,0.1012,0.0897,0.1447,0.9104
2023-01-24,Gaza_City,CHL,0.1537,0.1456,0.1071,0.1847,0.9104
2023-01-25,Gaza_City,CHL,0.304,0.3104,0.2211,0.3513,0.4478
2023-01-26,Gaza_City,CHL,0.1495,0.2139,0.184,0.492,0.9254
2023-01-27,Gaza_City,CHL,0.2366,0.2684,0.2141,0.2989,0.8458
2023-01-30,Gaza_City,CHL,0.2977,0.2443,0.1639,0.2977,0.8458
2023-01-31,Gaza_City,CHL,0.6014,0.6942,0.5408,0.7325,0.3085
2023-02-02,Gaza_City,CHL,,1.401,0.8366,1.618,0.199
2023-02-04,Gaza_City,CHL,,0.102,0.1021,0.103,0.0697
2023-02-05,Gaza_City,CHL,0.5633,0.7371,0.4409,0.7371,0.2786
2023-02-08,Gaza_City,CHL,,0.323,0.2479,0.323,0.0995
2023-02-10,Gaza_City,CHL,0.9645,0.7869,0.5267,1.173,0.9104
2023-02-12,Gaza_City,CHL,0.3974,0.3974,0.3222,0.6149,0.4527
2023-02-14,Gaza_City,CHL,0.615,0.4798,0.3171,0.8027,0.9254
2023-02-15,Gaza_City,CHL,,0.2683,0.2683,0.2683,0.0348
2023-02-16,Gaza_City,CHL,0.4289,0.366,0.2455,0.5342,0.4577
2023-02-17,Gaza_City,CHL,0.4272,0.4544,0.3888,1.049,1
2023-02-18,Gaza_City,CHL,0.4633,0.4403,0.3349,0.8264,0.9254
2023-02-19,Gaza_City,CHL,0.4517,0.4517,0.2866,0.8019,1
2023-02-21,Gaza_City,CHL,0.2219,0.2219,0.1884,0.3105,0.9254
2023-02-22,Gaza_City,CHL,0.2591,0.2515,0.1577,0.417,0.9104
2023-02-23,Gaza_City,CHL,,0.1717,0.1037,0.2155,0.6119
2023-02-24,Gaza_City,CHL,0.1578,0.1518,0.1298,0.3507,0.9254
2023-02-25,Gaza_City,CHL,0.1655,0.1655,0.1643,0.4451,1
2023-02-26,Gaza_City,CHL,0.1721,0.1721,0.1473,0.1886,0.2438
2023-02-27,Gaza_City,CHL,0.1324,0.1242,0.1107,0.3541,0.9254
2023-03-01,Gaza_City,CHL,0.1901,0.1327,0.1212,0.3318,0.9104
2023-03-02,Gaza_City,CHL,0.3199,0.2379,0.1775,0.4804,0.9104
2023-03-03,Gaza_City,CHL,0.2173,0.2173,0.1591,0.2173,0.1791
2023-03-04,Gaza_City,CHL,0.1541,0.147,0.0923,0.47,0.9254
2023-03-06,Gaza_City,CHL,0.2294,0.1499,0.106,0.2509,0.7861
2023-03-08,Gaza_City,CHL,0.8621,0.7544,0.3601,1.169,0.9254
2023-03-09,Gaza_City,CHL,0.8837,0.7927,0.3652,1.428,0.9254
2023-03-10,Gaza_City,CHL,1.201,0.5919,0.3596,1.757,0.9254
2023-03-11,Gaza_City,CHL,1.303,1.047,0.4807,2.159,1
2023-03-12,Gaza_City,CHL,0.6705,0.6463,0.3035,1.102,0.9254
2023-03-16,Gaza_City,CHL,1.089,1.083,0.4854,1.313,0.9254
2023-03-17,Gaza_City,CHL,1.091,1.03,0.4279,1.216,0.9104
2023-03-18,Gaza_City,CHL,0.7792,0.7997,0.4135,1.38,0.8507
2023-03-26,Gaza_City,CHL,,0.0903,0.0898,0.0903,0.0697
2023-03-27,Gaza_City,CHL,0.3195,0.2643,0.1832,0.5475,0.9254
2023-03-28,Gaza_City,CHL,0.4757,0.354,0.2408,1.153,0.9254
2023-03-30,Gaza_City,CHL,,0.2143,0.2143,0.2143,0.0746
2023-03-31,Gaza_City,CHL,1.817,1.727,1.076,1.874,0.9254
2023-04-01,Gaza_City,CHL,1.329,1.385,0.9646,1.66,0.9254
2023-04-02,Gaza_City,CHL,1.449,1.328,0.8664,1.624,0.9104
2023-04-03,Gaza_City,CHL,1.313,1.243,0.7951,1.552,0.9254
2023-04-04,Gaza_City,CHL,1.142,1.142,0.6255,1.222,1
2023-04-14,Gaza_City,CHL,,0.5918,0.3424,0.7992,0.4577
2023-04-15,Gaza_City,CHL,,1.236,0.6438,1.496,0.791
2023-04-16,Gaza_City,CHL,1.135,0.8057,0.4301,1.208,0.8458
2023-04-17,Gaza_City,CHL,1.2,0.7581,0.4333,1.272,0.8458
2023-04-18,Gaza_City,CHL,1.05,0.9033,0.4243,1.119,0.9104
2023-04-21,Gaza_City,CHL,0.7118,0.5266,0.2906,0.9712,0.9104
2023-04-22,Gaza_City,CHL,0.8395,0.6553,0.4149,1.954,0.9254
2023-04-24,Gaza_City,CHL,0.2699,0.281,0.1833,0.6673,0.9254
2023-04-25,Gaza_City,CHL,0.5227,0.4001,0.2017,0.6042,0.5473
2023-04-26,Gaza_City,CHL,0.1643,0.1643,0.1558,0.522,1
2023-04-27,Gaza_City,CHL,0.173,0.1515,0.1091,0.4081,0.9254
2023-04-28,Gaza_City,CHL,,0.1664,0.103,0.2185,0.6915
2023-04-29,Gaza_City,CHL,0.2558,0.2791,0.2631,0.2791,0.0796
2023-04-30,Gaza_City,CHL,,0.5922,0.367,1.031,0.6716
2023-05-01,Gaza_City,CHL,1.49,1.472,0.8652,1.632,0.9254
2023-05-02,Gaza_City,CHL,1.148,1.148,0.8109,1.389,1
2023-05-03,Gaza_City,CHL,0.8772,0.4424,0.3152,0.9407,0.6368
2023-05-04,Gaza_City,CHL,1.045,1.093,0.7425,1.229,0.9254
2023-05-05,Gaza_City,CHL,,0.237,0.1808,0.237,0.1791
2023-05-06,Gaza_City,CHL,0.3251,0.5415,0.335,0.6508,0.9254
2023-05-07,Gaza_City,CHL,0.4836,0.237,0.1748,0.4836,0.5124
2023-05-08,Gaza_City,CHL,0.5795,0.4577,0.2953,1.197,0.9254
2023-05-09,Gaza_City,CHL,0.4567,0.4072,0.2367,0.8322,0.9254
2023-05-10,Gaza_City,CHL,0.7255,0.6386,0.3659,1.125,0.9254
2023-05-13,Gaza_City,CHL,0.3242,0.3242,0.1945,0.7444,1
2023-05-14,Gaza_City,CHL,0.3179,0.2191,0.1828,0.8449,0.9254
2023-05-15,Gaza_City,CHL,0.5996,0.4496,0.2958,1.035,0.9104
2023-05-16,Gaza_City,CHL,,0.039,0.0396,0.0431,0.0697
2023-05-17,Gaza_City,CHL,0.2757,0.2414,0.149,0.445,0.9254
2023-05-19,Gaza_City,CHL,0.1886,0.1769,0.1119,0.1886,0.8209
2023-05-20,Gaza_City,CHL,0.2759,0.2174,0.1491,0.5046,0.9104
2023-05-23,Gaza_City,CHL,0.7315,0.5064,0.2759,1.142,0.9254
2023-05-24,Gaza_City,CHL,,0.3815,0.2149,0.3815,0.2985
2023-05-25,Gaza_City,CHL,0.4076,0.5792,0.2635,0.6159,0.9104
2023-05-29,Gaza_City,CHL,,0.1954,0.1716,0.1954,0.1393
2023-05-30,Gaza_City,CHL,,0.151,0.0967,0.1641,0.6418
2023-05-31,Gaza_City,CHL,0.1694,0.1256,0.1174,0.4992,0.9254
2023-06-04,Gaza_City,CHL,0.1584,0.1548,0.1142,0.186,0.8458
2023-06-05,Gaza_City,CHL,0.1027,0.1031,0.093,0.2502,0.9104
2023-06-06,Gaza_City,CHL,0.1477,0.14,0.1106,0.2349,0.9104
2023-06-11,Gaza_City,CHL,0.1285,0.0977,0.0811,0.1285,0.7861
2023-06-12,Gaza_City,CHL,0.1563,0.1397,0.1001,0.2755,0.9254
2023-06-15,Gaza_City,CHL,,0.0889,0.0739,0.1262,0.791
2023-06-16,Gaza_City,CHL,0.1052,0.0833,0.0838,0.1934,0.9104
2023-06-18,Gaza_City,CHL,,0.0885,0.0707,0.1177,0.791
2023-06-19,Gaza_City,CHL,0.1721,0.1721,0.1325,0.4962,1
2023-06-20,Gaza_City,CHL,0.3975,0.2063,0.1409,0.4182,0.806
2023-06-21,Gaza_City,CHL,0.3159,0.3079,0.1938,0.8296,0.9254
2023-06-22,Gaza_City,CHL,0.3808,0.2484,0.1374,0.3808,0.8209
2023-06-23,Gaza_City,CHL,0.2659,0.2659,0.1726,0.5179,1
2023-06-24,Gaza_City,CHL,0.357,0.2831,0.1708,0.7259,0.9254
2023-06-25,Gaza_City,CHL,0.2876,0.2876,0.1581,0.4352,1
2023-06-26,Gaza_City,CHL,0.2936,0.2364,0.1459,0.3049,0.7562
2023-06-27,Gaza_City,CHL,0.4706,0.3333,0.2373,1.098,0.9254
2023-06-28,Gaza_City,CHL,0.4271,0.3021,0.2168,0.7182,0.7711
2023-06-29,Gaza_City,CHL,,0.0845,0.0613,0.1515,0.4925
2023-06-30,Gaza_City,CHL,0.4716,0.3924,0.1771,0.4716,0.8209
2023-07-01,Gaza_City,CHL,0.2151,0.2151,0.1851,0.7816,1
2023-07-02,Gaza_City,CHL,0.2261,0.2602,0.2107,0.8254,1
2023-07-03,Gaza_City,CHL,0.4195,0.4195,0.3549,1.438,1
2023-07-04,Gaza_City,CHL,0.6631,0.4264,0.3002,1.309,0.8756
2023-07-05,Gaza_City,CHL,0.279,0.2164,0.1608,0.5743,0.9254
2023-07-06,Gaza_City,CHL,0.1776,0.1997,0.1972,0.856,1
2023-07-07,Gaza_City,CHL,,0.1944,0.134,0.2563,0.7313
2023-07-08,Gaza_City,CHL,0.4059,0.361,0.2225,0.5669,0.9104
2023-07-09,Gaza_City,CHL,0.7517,0.5164,0.2764,0.7517,0.8209
2023-07-10,Gaza_City,CHL,1.135,1.047,0.5509,1.213,1
2023-07-11,Gaza_City,CHL,1.307,1.564,1.018,1.667,1
2023-07-12,Gaza_City,CHL,1.054,0.9635,0.4857,1.427,0.8458
2023-07-13,Gaza_City,CHL,0.8055,0.8055,0.3428,1.172,0.9254
2023-07-14,Gaza_City,CHL,0.3787,0.2371,0.185,0.4644,0.9104
2023-07-15,Gaza_City,CHL,0.5312,0.5502,0.3119,0.6257,0.9104
2023-07-16,Gaza_City,CHL,0.5593,0.3863,0.2741,1.744,0.9254
2023-07-17,Gaza_City,CHL,0.3163,0.1344,0.1319,0.5141,0.8458
2023-07-18,Gaza_City,CHL,1.002,1.002,0.6081,2.169,1
2023-07-19,Gaza_City,CHL,1.027,0.6748,0.3512,1.027,0.7811
2023-07-20,Gaza_City,CHL,1.709,1.606,0.5759,1.709,1
2023-07-21,Gaza_City,CHL,1.017,0.2753,0.2184,1.074,0.9254
2023-07-22,Gaza_City,CHL,0.2611,0.2611,0.2152,1.241,1
2023-07-23,Gaza_City,CHL,0.2738,0.1813,0.1312,0.4863,0.9104
2023-07-24,Gaza_City,CHL,0.8811,0.3029,0.2698,1.227,0.9104
2023-07-25,Gaza_City,CHL,0.534,0.2578,0.1598,0.534,0.8209
2023-07-26,Gaza_City,CHL,1.254,1.254,0.5266,2.179,1
2023-07-27,Gaza_City,CHL,1.088,0.5564,0.3494,1.088,0.8209
2023-07-28,Gaza_City,CHL,1.372,1.344,0.9491,1.503,1
2023-07-29,Gaza_City,CHL,0.2732,0.267,0.2298,1.399,0.9254
2023-07-30,Gaza_City,CHL,1.299,1.299,0.807,1.53,0.6816
2023-07-31,Gaza_City,CHL,1.676,1.282,0.6667,1.787,0.8607
2023-08-01,Gaza_City,CHL,1.695,1.551,0.8034,1.766,0.9104
2023-08-02,Gaza_City,CHL,1.67,1.135,0.5349,2.619,0.9254
2023-08-03,Gaza_City,CHL,1.197,1.197,0.4187,1.719,1
2023-08-04,Gaza_City,CHL,0.4992,0.2025,0.1689,0.5663,0.8458
2023-08-05,Gaza_City,CHL,0.7852,0.5402,0.332,1.256,0.8856
2023-08-06,Gaza_City,CHL,0.8665,0.8665,0.4771,1.596,1
2023-08-07,Gaza_City,CHL,,0.6333,0.3737,0.9451,0.7662
2023-08-08,Gaza_City,CHL,1.925,1.475,0.8608,2.089,0.9254
2023-08-09,Gaza_City,CHL,1.087,0.6992,0.3925,1.573,0.9104
2023-08-10,Gaza_City,CHL,1.043,0.7942,0.3058,1.395,0.9254
2023-08-11,Gaza_City,CHL,0.6286,0.2294,0.177,0.7429,0.9104
2023-08-19,Gaza_City,CHL,,0.1531,0.1063,0.1807,0.3682
2023-08-20,Gaza_City,CHL,1.496,1.082,0.5359,2.457,0.9254
2023-08-21,Gaza_City,CHL,1.096,1.096,0.6239,2.254,1
2023-08-22,Gaza_City,CHL,0.9919,0.9919,0.5493,2.198,0.9254
2023-08-23,Gaza_City,CHL,,0.0702,0.0685,0.0743,0.2786
2023-08-24,Gaza_City,CHL,0.3742,0.3742,0.2865,1.372,1
2023-08-25,Gaza_City,CHL,0.3369,0.3369,0.1918,0.863,1
2023-08-26,Gaza_City,CHL,0.5935,0.2943,0.2873,1.337,0.9104
2023-08-27,Gaza_City,CHL,0.9729,0.4497,0.4077,1.804,0.8408
2023-08-28,Gaza_City,CHL,,0.5102,0.3243,0.5964,0.4726
2023-08-29,Gaza_City,CHL,1.506,0.3659,0.3387,1.634,0.7363
2023-08-30,Gaza_City,CHL,1.679,1.679,0.9321,3.211,1
2023-08-31,Gaza_City,CHL,,0.5025,0.2876,0.9468,0.5771
2023-09-01,Gaza_City,CHL,1.501,1.297,0.8012,1.506,0.5124
2023-09-02,Gaza_City,CHL,1.656,1.35,0.6037,2.035,1
2023-09-03,Gaza_City,CHL,,0.3602,0.2014,0.8116,0.7313
2023-09-04,Gaza_City,CHL,1.138,1.137,0.4821,2.425,0.9254
2023-09-05,Gaza_City,CHL,1.676,1.669,0.6748,2.233,1
2023-09-06,Gaza_City,CHL,1.336,1.116,0.4439,1.436,0.9254
2023-09-07,Gaza_City,CHL,1.631,1.418,0.505,1.793,0.9254
2023-09-08,Gaza_City,CHL,0.8851,0.8166,0.345,1.314,0.9254
2023-09-09,Gaza_City,CHL,0.3016,0.3429,0.188,1.033,0.9254
2023-09-10,Gaza_City,CHL,0.2367,0.244,0.1903,0.8329,1
2023-09-11,Gaza_City,CHL,0.4975,0.2011,0.162,0.4975,0.6368
2023-09-14,Gaza_City,CHL,0.3057,0.2323,0.2353,1.507,0.9254
2023-09-15,Gaza_City,CHL,1.25,0.6577,0.4476,1.979,0.9104
2023-09-16,Gaza_City,CHL,1.512,1.512,0.6597,2.173,1
2023-09-17,Gaza_City,CHL,1.55,1.55,0.663,2.014,1
2023-09-18,Gaza_City,CHL,1.439,1.439,0.7595,2.763,0.9254
2023-09-19,Gaza_City,CHL,1.965,1.604,0.7841,2.153,0.9254
2023-09-20,Gaza_City,CHL,1.428,1.353,0.649,2.207,0.8507
2023-09-21,Gaza_City,CHL,1.804,1.804,1.06,2.369,1
2023-09-22,Gaza_City,CHL,1.328,1.249,0.7019,2.441,0.8259
2023-09-23,Gaza_City,CHL,2.15,1.285,0.7261,2.921,0.9254
2023-09-24,Gaza_City,CHL,1.9,1.298,0.487,1.9,0.9254
2023-09-25,Gaza_City,CHL,1.111,0.6379,0.422,1.788,0.9254
2023-09-26,Gaza_City,CHL,1.163,0.75,0.4655,1.861,0.9254
2023-09-27,Gaza_City,CHL,0.7941,0.7487,0.3829,1.658,0.9254
2023-09-28,Gaza_City,CHL,1.049,0.3024,0.3454,1.35,0.9104
2023-09-29,Gaza_City,CHL,0.9484,0.8904,0.3892,1.065,0.9254
2023-09-30,Gaza_City,CHL,1.026,0.8479,0.4262,1.026,0.8458
2023-10-06,Gaza_City,CHL,1.496,1.478,1.038,1.998,0.9254
2023-10-07,Gaza_City,CHL,1.804,1.708,1.053,2.505,0.9254
2023-10-08,Gaza_City,CHL,,0.4201,0.2455,0.6216,0.4577
2023-10-10,Gaza_City,CHL,,0.0761,0.0737,0.0999,0.3184
2023-10-11,Gaza_City,CHL,0.8827,0.9936,0.9447,0.9936,0.1443
2023-10-12,Gaza_City,CHL,1.501,1.275,0.8519,1.532,0.9254
2023-10-13,Gaza_City,CHL,1.067,1.082,0.5028,1.251,1
2023-10-14,Gaza_City,CHL,0.8636,0.8636,0.4108,1.452,1
2023-10-15,Gaza_City,CHL,1.071,1.21,0.5958,1.478,0.9254
2023-10-16,Gaza_City,CHL,,0.9543,0.8767,0.9543,0.1542
2023-10-17,Gaza_City,CHL,0.5273,0.506,0.2967,0.5667,0.8209
2023-10-18,Gaza_City,CHL,0.3797,0.4009,0.2789,0.5892,1
2023-10-19,Gaza_City,CHL,0.3986,0.4773,0.4199,0.4879,0.2836
2023-10-20,Gaza_City,CHL,0.3072,0.3202,0.2556,0.6128,1
2023-10-21,Gaza_City,CHL,0.4731,0.4251,0.265,0.6318,0.8458
2023-10-25,Gaza_City,CHL,0.4988,0.486,0.2878,0.8015,0.9254
2023-10-26,Gaza_City,CHL,0.3538,0.391,0.2929,0.6263,0.9254
2023-10-30,Gaza_City,CHL,0.4713,0.4327,0.2636,0.5419,0.8209
2023-10-31,Gaza_City,CHL,,0.4872,0.337,0.6577,0.791
2023-11-01,Gaza_City,CHL,0.5371,0.5514,0.3489,0.7911,0.9403
2023-11-02,Gaza_City,CHL,,0.1085,0.1085,0.1085,0.0547
2023-11-03,Gaza_City,CHL,0.5492,0.5033,0.3371,1.277,0.9254
2023-11-04,Gaza_City,CHL,0.6141,0.4351,0.2971,0.6954,0.9104
2023-11-05,Gaza_City,CHL,0.589,0.5724,0.3349,0.759,0.9254
2023-11-06,Gaza_City,CHL,0.4503,0.4503,0.3034,0.5916,0.9254
2023-11-07,Gaza_City,CHL,0.4602,0.4562,0.2872,0.6291,0.9254
2023-11-08,Gaza_City,CHL,0.4978,0.525,0.2952,0.5878,1
2023-11-09,Gaza_City,CHL,0.5515,0.4806,0.2792,0.5515,0.602
2023-11-10,Gaza_City,CHL,0.4366,0.3825,0.2091,0.4366,0.592
2023-11-11,Gaza_City,CHL,,0.1952,0.1324,0.2692,0.5473
2023-11-13,Gaza_City,CHL,,0.0841,0.0841,0.0841,0.01
2023-11-14,Gaza_City,CHL,,0.3602,0.2528,0.4032,0.5025
2023-11-15,Gaza_City,CHL,0.479,0.4544,0.2567,0.5611,0.9104
2023-11-16,Gaza_City,CHL,0.6804,0.6804,0.3612,0.8916,1
2023-11-17,Gaza_City,CHL,0.6377,0.5211,0.2587,0.6455,0.9254
2023-11-18,Gaza_City,CHL,0.3121,0.3143,0.2221,0.4299,0.5224
2023-11-21,Gaza_City,CHL,1.601,1.684,1.435,1.685,0.6567
2023-11-23,Gaza_City,CHL,,0.4238,0.3418,0.6288,0.7662
2023-11-24,Gaza_City,CHL,0.5804,0.5922,0.4575,0.8908,0.9254
2023-11-26,Gaza_City,CHL,,0.3884,0.34,0.3884,0.2289
2023-11-29,Gaza_City,CHL,0.4196,0.674,0.4645,0.7801,1
2023-11-30,Gaza_City,CHL,0.3537,0.5294,0.4304,0.8058,1
2023-12-01,Gaza_City,CHL,0.5245,0.5546,0.4511,0.5615,0.3383
2023-12-02,Gaza_City,CHL,0.4983,0.4839,0.3298,0.5645,0.9254
2023-12-03,Gaza_City,CHL,0.6247,0.4786,0.2822,0.6247,0.9254
2023-12-04,Gaza_City,CHL,0.3605,0.3538,0.2724,0.4669,0.9254
2023-12-06,Gaza_City,CHL,0.154,0.211,0.1566,0.2258,0.9104
2023-12-07,Gaza_City,CHL,,0.1864,0.1714,0.1956,0.3881
2023-12-09,Gaza_City,CHL,,0.2361,0.205,0.2405,0.2736
2023-12-11,Gaza_City,CHL,0.1053,0.1218,0.114,0.2186,0.9254
2023-12-15,Gaza_City,CHL,0.1519,0.177,0.1144,0.2494,0.9254
2023-12-16,Gaza_City,CHL,0.1568,0.1195,0.1001,0.2351,0.9104
2023-12-17,Gaza_City,CHL,0.2063,0.2063,0.194,0.6935,0.9502
2023-12-18,Gaza_City,CHL,0.08,0.0745,0.0591,0.1038,0.9254
2023-12-19,Gaza_City,CHL,0.062,0.0855,0.0657,0.1324,0.9254
2023-12-22,Gaza_City,CHL,1.016,0.944,0.5686,1.087,0.9104
2023-12-25,Gaza_City,CHL,0.2035,0.1984,0.1269,0.2752,0.9254
2023-12-26,Gaza_City,CHL,0.1151,0.1151,0.1169,0.3035,1
2023-12-29,Gaza_City,CHL,0.1916,0.1963,0.1583,0.2184,0.9254
2023-12-30,Gaza_City,CHL,0.1573,0.1502,0.1225,0.1961,0.9254
2023-12-31,Gaza_City,CHL,0.367,0.367,0.2254,0.4651,1
2023-01-03,Ashkelon_IL,CHL,0.2575,0.2575,0.2301,0.4538,0.9104
2023-01-04,Ashkelon_IL,CHL,0.1983,0.1902,0.1436,0.3156,0.8806
2023-01-05,Ashkelon_IL,CHL,,0.1003,0.0749,0.1003,0.2786
2023-01-08,Ashkelon_IL,CHL,0.2327,0.2255,0.1249,0.2546,0.8458
2023-01-09,Ashkelon_IL,CHL,,0.0695,0.0691,0.0696,0.0945
2023-01-10,Ashkelon_IL,CHL,0.2089,0.1932,0.1323,0.2098,0.806
2023-01-11,Ashkelon_IL,CHL,0.1706,0.1706,0.1573,0.507,1
2023-01-13,Ashkelon_IL,CHL,0.5046,0.4674,0.2168,0.5046,0.7264
2023-01-14,Ashkelon_IL,CHL,,0.0781,0.077,0.1079,0.199
2023-01-15,Ashkelon_IL,CHL,0.2015,0.2015,0.1355,0.2528,0.9502
2023-01-17,Ashkelon_IL,CHL,0.1262,0.1262,0.0942,0.2391,0.9502
2023-01-18,Ashkelon_IL,CHL,0.1262,0.1473,0.1151,0.1951,0.9104
2023-01-19,Ashkelon_IL,CHL,0.221,0.2071,0.1652,0.2501,0.9502
2023-01-20,Ashkelon_IL,CHL,0.2833,0.2691,0.1815,0.4047,1
2023-01-21,Ashkelon_IL,CHL,0.2203,0.2021,0.1241,0.4324,1
2023-01-22,Ashkelon_IL,CHL,0.2025,0.2462,0.1688,0.2706,0.8806
2023-01-23,Ashkelon_IL,CHL,0.182,0.1782,0.1155,0.1985,0.9104
2023-01-24,Ashkelon_IL,CHL,0.1444,0.1361,0.0971,0.1747,0.8806
2023-01-25,Ashkelon_IL,CHL,0.1451,0.1343,0.0958,0.1941,0.8806
2023-01-26,Ashkelon_IL,CHL,0.1823,0.1681,0.1137,0.2631,0.9104
2023-01-27,Ashkelon_IL,CHL,0.2204,0.213,0.1548,0.2688,0.9104
2023-01-30,Ashkelon_IL,CHL,0.2293,0.1914,0.1284,0.2777,0.7861
2023-02-02,Ashkelon_IL,CHL,1.397,1.243,0.6984,1.397,0.806
2023-02-04,Ashkelon_IL,CHL,0.6034,0.6034,0.4066,1.045,0.8756
2023-02-08,Ashkelon_IL,CHL,,0.5167,0.4628,0.5495,0.2338
2023-02-09,Ashkelon_IL,CHL,,0.3565,0.2682,0.3862,0.4527
2023-02-10,Ashkelon_IL,CHL,0.8897,0.7041,0.5323,1.134,0.8806
2023-02-14,Ashkelon_IL,CHL,0.3326,0.3326,0.2921,0.9028,1
2023-02-15,Ashkelon_IL,CHL,,0.1248,0.1117,0.1255,0.2935
2023-02-16,Ashkelon_IL,CHL,0.2787,0.2442,0.178,0.4214,0.8806
2023-02-17,Ashkelon_IL,CHL,0.3651,0.3672,0.3506,0.8585,1
2023-02-18,Ashkelon_IL,CHL,0.4758,0.3644,0.2756,0.6608,0.9104
2023-02-19,Ashkelon_IL,CHL,0.347,0.347,0.2917,0.6355,0.9502
2023-02-20,Ashkelon_IL,CHL,0.344,0.344,0.2526,0.5037,0.8159
2023-02-21,Ashkelon_IL,CHL,0.218,0.218,0.1781,0.4019,0.9502
2023-02-22,Ashkelon_IL,CHL,0.1881,0.1881,0.1714,0.7633,1
2023-02-23,Ashkelon_IL,CHL,,0.0666,0.0666,0.0666,0.0199
2023-02-24,Ashkelon_IL,CHL,0.2213,0.2213,0.1346,0.357,0.9502
2023-02-25,Ashkelon_IL,CHL,0.3835,0.3581,0.2271,0.9245,0.9502
2023-02-26,Ashkelon_IL,CHL,,0.1565,0.1155,0.1565,0.2488
2023-02-27,Ashkelon_IL,CHL,0.1455,0.1425,0.1169,0.3767,0.9104
2023-02-28,Ashkelon_IL,CHL,,0.0787,0.0738,0.0787,0.199
2023-03-01,Ashkelon_IL,CHL,0.1497,0.1253,0.0905,0.1497,0.806
2023-03-02,Ashkelon_IL,CHL,0.3042,0.2525,0.1555,0.3692,0.8806
2023-03-04,Ashkelon_IL,CHL,0.097,0.1005,0.0953,0.3533,1
2023-03-06,Ashkelon_IL,CHL,0.1307,0.1192,0.0872,0.2047,0.8657
2023-03-07,Ashkelon_IL,CHL,,0.0609,0.0609,0.0609,0.0199
2023-03-08,Ashkelon_IL,CHL,0.1721,0.1774,0.1324,0.6271,0.9502
2023-03-09,Ashkelon_IL,CHL,0.3407,0.3407,0.1984,0.6783,0.9502
2023-03-10,Ashkelon_IL,CHL,0.4985,0.4985,0.2421,0.7187,0.9502
2023-03-11,Ashkelon_IL,CHL,0.2959,0.2959,0.193,0.7671,1
2023-03-12,Ashkelon_IL,CHL,0.1658,0.1658,0.1235,0.4527,1
2023-03-15,Ashkelon_IL,CHL,,0.0551,0.0551,0.0551,0.0199
2023-03-16,Ashkelon_IL,CHL,1.004,1.004,0.4759,1.789,0.9502
2023-03-17,Ashkelon_IL,CHL,1.145,1.145,0.5212,1.922,0.9502
2023-03-18,Ashkelon_IL,CHL,0.6572,0.8588,0.7103,0.9644,0.2438
2023-03-26,Ashkelon_IL,CHL,,1.372,1.246,1.372,0.1443
2023-03-27,Ashkelon_IL,CHL,0.3856,0.2825,0.2218,0.6639,0.8806
2023-03-28,Ashkelon_IL,CHL,0.252,0.252,0.274,1.236,1
2023-03-31,Ashkelon_IL,CHL,1.494,1.537,0.9719,2.036,0.8756
2023-04-01,Ashkelon_IL,CHL,1.45,1.45,0.9368,1.569,0.9502
2023-04-02,Ashkelon_IL,CHL,1.352,1.338,0.7537,1.53,0.9104
2023-04-03,Ashkelon_IL,CHL,1.231,1.231,0.6824,1.517,0.9502
2023-04-04,Ashkelon_IL,CHL,1.155,1.07,0.656,1.208,0.9502
2023-04-06,Ashkelon_IL,CHL,,0.2036,0.1855,0.2036,0.1144
2023-04-14,Ashkelon_IL,CHL,,0.4975,0.2735,0.5943,0.6468
2023-04-15,Ashkelon_IL,CHL,1.307,1.254,0.7354,1.307,0.4876
2023-04-16,Ashkelon_IL,CHL,0.8855,0.755,0.3691,1.085,0.8806
2023-04-17,Ashkelon_IL,CHL,0.9591,0.7359,0.3822,1.308,0.8806
2023-04-18,Ashkelon_IL,CHL,0.7426,0.558,0.3169,1.012,0.9104
2023-04-20,Ashkelon_IL,CHL,,0.2471,0.2471,0.2471,0.005
2023-04-21,Ashkelon_IL,CHL,0.6332,0.6332,0.3171,1.064,0.9502
2023-04-22,Ashkelon_IL,CHL,0.5389,0.5389,0.3525,1.269,1
2023-04-24,Ashkelon_IL,CHL,0.2636,0.2636,0.2195,0.6697,1
2023-04-25,Ashkelon_IL,CHL,,0.1993,0.1617,0.3219,0.5672
2023-04-26,Ashkelon_IL,CHL,0.212,0.212,0.1379,0.3639,0.9502
2023-04-27,Ashkelon_IL,CHL,0.452,0.452,0.1932,0.4859,0.9502
2023-04-28,Ashkelon_IL,CHL,,0.1447,0.1013,0.2194,0.5871
2023-04-30,Ashkelon_IL,CHL,0.5123,0.311,0.1923,0.5123,0.806
2023-05-01,Ashkelon_IL,CHL,1.042,0.9572,0.5828,1.185,0.9104
2023-05-02,Ashkelon_IL,CHL,0.8436,0.8436,0.6669,1.081,0.9502
2023-05-03,Ashkelon_IL,CHL,0.4153,0.3382,0.2444,0.4153,0.6816
2023-05-04,Ashkelon_IL,CHL,0.5093,0.6284,0.5612,0.7625,0.9502
2023-05-06,Ashkelon_IL,CHL,0.2701,0.2571,0.2376,0.3409,0.9104
2023-05-08,Ashkelon_IL,CHL,0.2955,0.3629,0.2115,0.5263,0.9502
2023-05-09,Ashkelon_IL,CHL,0.2161,0.2161,0.1456,0.4912,0.9104
2023-05-10,Ashkelon_IL,CHL,0.5459,0.4959,0.2748,0.7145,0.9104
2023-05-12,Ashkelon_IL,CHL,0.3052,0.2576,0.1935,0.3052,0.6418
2023-05-13,Ashkelon_IL,CHL,0.2234,0.2234,0.1372,0.3562,0.9502
2023-05-14,Ashkelon_IL,CHL,0.1725,0.1368,0.1047,0.3951,0.8806
2023-05-15,Ashkelon_IL,CHL,0.3943,0.2201,0.1496,0.4244,0.806
2023-05-16,Ashkelon_IL,CHL,,0.1861,0.1245,0.2405,0.8408
2023-05-17,Ashkelon_IL,CHL,0.1663,0.1692,0.1145,0.2042,0.9104
2023-05-19,Ashkelon_IL,CHL,0.1058,0.0711,0.0554,0.1058,0.806
2023-05-20,Ashkelon_IL,CHL,0.0834,0.0861,0.1096,0.4803,0.806
2023-05-23,Ashkelon_IL,CHL,0.2247,0.24,0.1697,0.665,0.9502
2023-05-24,Ashkelon_IL,CHL,,0.1759,0.1208,0.2264,0.2886
2023-05-25,Ashkelon_IL,CHL,0.4389,0.4389,0.2104,0.6222,0.9104
2023-05-29,Ashkelon_IL,CHL,,0.1028,0.0789,0.1245,0.597
2023-05-30,Ashkelon_IL,CHL,0.1494,0.1179,0.0846,0.1494,0.7015
2023-05-31,Ashkelon_IL,CHL,0.0767,0.0767,0.0669,0.1444,0.9502
2023-06-04,Ashkelon_IL,CHL,0.1389,0.1307,0.0984,0.1529,0.8806
2023-06-05,Ashkelon_IL,CHL,0.1083,0.1042,0.0916,0.2027,0.9204
2023-06-06,Ashkelon_IL,CHL,0.1306,0.1227,0.0956,0.1525,0.9104
2023-06-07,Ashkelon_IL,CHL,,0.0714,0.0648,0.0946,0.3284
2023-06-11,Ashkelon_IL,CHL,0.1227,0.1161,0.0845,0.1429,0.9104
2023-06-12,Ashkelon_IL,CHL,0.0878,0.0895,0.0744,0.1907,0.9204
2023-06-15,Ashkelon_IL,CHL,0.1266,0.0979,0.0772,0.1503,0.8806
2023-06-16,Ashkelon_IL,CHL,0.0667,0.0662,0.0586,0.1137,0.9104
2023-06-18,Ashkelon_IL,CHL,,0.0751,0.0723,0.1129,0.3831
2023-06-19,Ashkelon_IL,CHL,0.1179,0.1179,0.104,0.4253,0.9502
2023-06-20,Ashkelon_IL,CHL,0.1309,0.107,0.0795,0.1892,0.8756
2023-06-21,Ashkelon_IL,CHL,0.3026,0.3026,0.222,1.198,1
2023-06-22,Ashkelon_IL,CHL,0.2582,0.1487,0.0974,0.2582,0.806
2023-06-23,Ashkelon_IL,CHL,0.2725,0.2041,0.128,0.4001,0.9104
2023-06-24,Ashkelon_IL,CHL,0.2129,0.2129,0.1432,0.595,0.9502
2023-06-25,Ashkelon_IL,CHL,0.1442,0.1442,0.0983,0.2803,0.9502
2023-06-26,Ashkelon_IL,CHL,0.2227,0.3196,0.2035,1.014,0.9005
2023-06-27,Ashkelon_IL,CHL,0.1373,0.1562,0.1165,0.5063,0.9104
2023-06-28,Ashkelon_IL,CHL,0.3066,0.2562,0.1663,0.7724,0.8607
2023-06-29,Ashkelon_IL,CHL,0.281,0.281,0.1484,0.5916,0.9502
2023-06-30,Ashkelon_IL,CHL,0.2331,0.1688,0.1096,0.2331,0.806
2023-07-01,Ashkelon_IL,CHL,0.2478,0.4148,0.2296,0.7091,0.6418
2023-07-02,Ashkelon_IL,CHL,0.1932,0.2034,0.1246,0.361,0.9502
2023-07-03,Ashkelon_IL,CHL,0.2686,0.2686,0.172,0.6834,0.9502
2023-07-04,Ashkelon_IL,CHL,0.3371,0.3135,0.1614,0.4249,0.7114
2023-07-05,Ashkelon_IL,CHL,0.2034,0.2034,0.1171,0.315,0.9502
2023-07-06,Ashkelon_IL,CHL,0.1165,0.1246,0.1004,0.2085,0.9502
2023-07-07,Ashkelon_IL,CHL,0.2011,0.2011,0.1907,0.2011,0.209
2023-07-08,Ashkelon_IL,CHL,0.1789,0.1765,0.1378,0.2722,0.9104
2023-07-09,Ashkelon_IL,CHL,0.4228,0.4228,0.3154,0.4228,0.209
2023-07-10,Ashkelon_IL,CHL,0.8306,0.8175,0.4201,1.03,0.9502
2023-07-11,Ashkelon_IL,CHL,1.419,1.337,0.6505,1.682,0.9502
2023-07-12,Ashkelon_IL,CHL,0.6935,0.5774,0.3736,0.813,0.7761
2023-07-13,Ashkelon_IL,CHL,1.429,1.429,0.6578,1.636,1
2023-07-14,Ashkelon_IL,CHL,0.2203,0.2203,0.128,0.444,0.9502
2023-07-15,Ashkelon_IL,CHL,0.1106,0.0956,0.0923,0.2292,0.9104
2023-07-16,Ashkelon_IL,CHL,0.4435,0.4402,0.2438,0.8222,0.9104
2023-07-17,Ashkelon_IL,CHL,0.2718,0.1285,0.0912,0.2718,0.806
2023-07-18,Ashkelon_IL,CHL,0.7032,0.6953,0.2804,0.7757,0.9502
2023-07-19,Ashkelon_IL,CHL,,0.3157,0.1924,0.3691,0.597
2023-07-20,Ashkelon_IL,CHL,1.159,1.159,0.5918,1.419,0.9502
2023-07-21,Ashkelon_IL,CHL,1.5,1.403,0.6412,1.619,0.9104
2023-07-22,Ashkelon_IL,CHL,0.3725,0.3725,0.2278,1.39,0.9502
2023-07-23,Ashkelon_IL,CHL,0.1383,0.1383,0.1227,0.7803,0.9502
2023-07-24,Ashkelon_IL,CHL,0.1093,0.0901,0.0813,0.4182,0.9104
2023-07-25,Ashkelon_IL,CHL,0.1496,0.1014,0.0852,0.2141,0.8806
2023-07-26,Ashkelon_IL,CHL,0.3697,0.3697,0.3874,2.061,1
2023-07-27,Ashkelon_IL,CHL,0.2304,0.1293,0.0997,0.2304,0.806
2023-07-28,Ashkelon_IL,CHL,0.2246,0.0963,0.1327,0.62,0.9104
2023-07-29,Ashkelon_IL,CHL,0.208,0.2273,0.2638,1.565,0.9502
2023-07-30,Ashkelon_IL,CHL,0.271,0.271,0.1904,0.6567,0.9453
2023-07-31,Ashkelon_IL,CHL,1.217,1.14,0.6763,1.411,0.9104
2023-08-01,Ashkelon_IL,CHL,1.792,1.792,0.925,1.912,0.9104
2023-08-02,Ashkelon_IL,CHL,1.198,1.198,0.6173,1.544,0.9502
2023-08-03,Ashkelon_IL,CHL,1.838,1.786,0.6917,2.274,0.9502
2023-08-04,Ashkelon_IL,CHL,0.2413,0.1079,0.0685,0.2413,0.806
2023-08-05,Ashkelon_IL,CHL,0.4049,0.3712,0.1485,0.6829,0.9104
2023-08-06,Ashkelon_IL,CHL,0.3647,0.3655,0.3953,2.964,1
2023-08-07,Ashkelon_IL,CHL,0.3054,0.1064,0.1157,0.3054,0.806
2023-08-08,Ashkelon_IL,CHL,0.0997,0.0997,0.1356,0.7696,0.9502
2023-08-09,Ashkelon_IL,CHL,0.1719,0.1099,0.0925,0.1719,0.7015
2023-08-10,Ashkelon_IL,CHL,0.2705,0.2705,0.1522,0.6456,0.9502
2023-08-11,Ashkelon_IL,CHL,0.3624,0.2949,0.2165,0.8038,0.9104
2023-08-12,Ashkelon_IL,CHL,0.2917,0.2917,0.1943,0.2917,0.2488
2023-08-17,Ashkelon_IL,CHL,,0.3837,0.3254,0.3837,0.1741
2023-08-19,Ashkelon_IL,CHL,,0.164,0.1258,0.4866,0.5224
2023-08-20,Ashkelon_IL,CHL,1.536,1.536,0.6773,1.857,0.9502
2023-08-21,Ashkelon_IL,CHL,1.601,1.601,0.7525,2.664,1
2023-08-22,Ashkelon_IL,CHL,0.7698,0.7698,0.5023,2.762,0.9104
2023-08-23,Ashkelon_IL,CHL,,0.0706,0.0641,0.0732,0.3881
2023-08-24,Ashkelon_IL,CHL,0.6388,0.6388,0.2567,1.39,0.9502
2023-08-25,Ashkelon_IL,CHL,0.0988,0.0988,0.1537,1.08,1
2023-08-26,Ashkelon_IL,CHL,0.0994,0.0994,0.1028,0.2932,0.8557
2023-08-27,Ashkelon_IL,CHL,0.1658,0.1003,0.1168,0.4917,0.9104
2023-08-28,Ashkelon_IL,CHL,,0.0996,0.0785,0.1632,0.5771
2023-08-29,Ashkelon_IL,CHL,0.1642,0.1642,0.1161,0.6408,0.9502
2023-08-30,Ashkelon_IL,CHL,0.2267,0.2267,0.1829,1.23,0.9502
2023-08-31,Ashkelon_IL,CHL,,0.0572,0.0567,0.0572,0.0746
2023-09-01,Ashkelon_IL,CHL,0.2091,0.2091,0.1679,0.3435,0.4279
2023-09-02,Ashkelon_IL,CHL,0.0434,0.0434,0.1133,0.9921,0.9502
2023-09-03,Ashkelon_IL,CHL,0.1522,0.1004,0.0744,0.1522,0.7562
2023-09-04,Ashkelon_IL,CHL,0.2166,0.2166,0.1485,0.8383,0.9502
2023-09-05,Ashkelon_IL,CHL,1.022,1.014,0.3821,1.35,0.9502
2023-09-06,Ashkelon_IL,CHL,0.9486,0.948,0.3638,1.238,0.9502
2023-09-07,Ashkelon_IL,CHL,0.6874,0.3847,0.2607,1.316,0.9104
2023-09-08,Ashkelon_IL,CHL,0.4911,0.3795,0.1915,0.4911,0.8806
2023-09-09,Ashkelon_IL,CHL,0.185,0.185,0.1328,0.5372,1
2023-09-10,Ashkelon_IL,CHL,0.1561,0.1561,0.0757,0.2185,0.9502
2023-09-11,Ashkelon_IL,CHL,0.1502,0.093,0.0666,0.1502,0.806
2023-09-14,Ashkelon_IL,CHL,0.0722,0.0722,0.1114,0.8888,0.9502
2023-09-15,Ashkelon_IL,CHL,0.451,0.2172,0.2611,1.482,0.9104
2023-09-16,Ashkelon_IL,CHL,0.6742,0.6742,0.4404,1.647,0.9502
2023-09-17,Ashkelon_IL,CHL,1.288,1.288,0.4871,1.69,0.9502
2023-09-18,Ashkelon_IL,CHL,1.292,1.292,0.5188,1.936,0.9502
2023-09-19,Ashkelon_IL,CHL,1.452,1.36,0.5795,1.879,0.9104
2023-09-20,Ashkelon_IL,CHL,1.894,2.005,0.9146,2.364,0.9652
2023-09-21,Ashkelon_IL,CHL,1.58,1.625,0.9852,3.615,1
2023-09-22,Ashkelon_IL,CHL,1.886,1.886,0.8847,2.164,0.8557
2023-09-23,Ashkelon_IL,CHL,2.025,2.025,1.003,3.338,1
2023-09-24,Ashkelon_IL,CHL,2.152,1.624,0.5285,2.152,0.9502
2023-09-25,Ashkelon_IL,CHL,1.919,1.871,0.8828,1.919,0.9502
2023-09-26,Ashkelon_IL,CHL,1.488,1.179,0.4811,2.599,0.9502
2023-09-27,Ashkelon_IL,CHL,1.572,1.411,0.4229,1.645,0.9502
2023-09-28,Ashkelon_IL,CHL,1.477,1.395,0.4246,1.869,0.9502
2023-09-29,Ashkelon_IL,CHL,0.6033,0.8032,0.487,0.9554,0.9502
2023-09-30,Ashkelon_IL,CHL,0.3018,0.3288,0.2413,0.6601,0.9104
2023-10-04,Ashkelon_IL,CHL,,0.0757,0.0601,0.0757,0.2338
2023-10-06,Ashkelon_IL,CHL,0.8613,0.5537,0.38,0.8974,1
2023-10-07,Ashkelon_IL,CHL,0.9886,0.7941,0.5173,1.191,0.9502
2023-10-08,Ashkelon_IL,CHL,,0.4989,0.3432,0.6646,0.592
2023-10-10,Ashkelon_IL,CHL,,0.311,0.2094,0.3737,0.7015
2023-10-11,Ashkelon_IL,CHL,,0.0713,0.0688,0.0713,0.0746
2023-10-12,Ashkelon_IL,CHL,0.6741,0.4941,0.2565,0.7482,0.9104
2023-10-13,Ashkelon_IL,CHL,0.5998,0.3688,0.1791,0.5998,0.9502
2023-10-14,Ashkelon_IL,CHL,0.59,0.59,0.2774,0.6428,0.9502
2023-10-15,Ashkelon_IL,CHL,0.6449,0.5624,0.2924,0.6449,0.6915
2023-10-16,Ashkelon_IL,CHL,,0.652,0.4331,0.652,0.3234
2023-10-17,Ashkelon_IL,CHL,,0.1878,0.151,0.2441,0.2338
2023-10-18,Ashkelon_IL,CHL,0.4802,0.3681,0.2211,0.4802,0.9502
2023-10-19,Ashkelon_IL,CHL,,0.1511,0.1086,0.1551,0.3781
2023-10-20,Ashkelon_IL,CHL,0.3271,0.3271,0.2241,0.3858,0.9502
2023-10-21,Ashkelon_IL,CHL,0.6148,0.552,0.3815,0.6542,0.9104
2023-10-25,Ashkelon_IL,CHL,0.4087,0.3735,0.2332,0.4087,0.9502
2023-10-26,Ashkelon_IL,CHL,0.4291,0.4902,0.3424,0.6003,0.9104
2023-10-30,Ashkelon_IL,CHL,0.346,0.346,0.2004,0.4876,0.9502
2023-10-31,Ashkelon_IL,CHL,,0.175,0.139,0.2293,0.592
2023-11-01,Ashkelon_IL,CHL,0.3144,0.2037,0.1435,0.3419,0.806
2023-11-02,Ashkelon_IL,CHL,,0.1681,0.1287,0.2555,0.7363
2023-11-03,Ashkelon_IL,CHL,0.4245,0.3867,0.241,0.4427,0.7662
2023-11-04,Ashkelon_IL,CHL,0.3196,0.3591,0.2321,0.5579,0.9104
2023-11-05,Ashkelon_IL,CHL,0.5442,0.5021,0.2728,0.5963,0.9502
2023-11-06,Ashkelon_IL,CHL,0.4728,0.4728,0.3032,0.5596,0.9502
2023-11-07,Ashkelon_IL,CHL,0.4916,0.4937,0.3007,0.5999,1
2023-11-08,Ashkelon_IL,CHL,0.4674,0.4431,0.2951,0.5439,0.9502
2023-11-09,Ashkelon_IL,CHL,0.5589,0.5589,0.3641,0.6918,0.7214
2023-11-10,Ashkelon_IL,CHL,0.3973,0.3971,0.2756,0.6145,0.7662
2023-11-13,Ashkelon_IL,CHL,,0.1321,0.1105,0.1487,0.4527
2023-11-15,Ashkelon_IL,CHL,0.5511,0.4714,0.2393,0.5511,0.7065
2023-11-16,Ashkelon_IL,CHL,0.748,0.75,0.3462,0.8593,0.9502
2023-11-17,Ashkelon_IL,CHL,0.7208,0.7208,0.3126,0.7914,0.9502
2023-11-18,Ashkelon_IL,CHL,0.2902,0.3723,0.3322,0.3795,0.2488
2023-11-21,Ashkelon_IL,CHL,1.333,1.234,1.069,1.737,0.9502
2023-11-23,Ashkelon_IL,CHL,0.6022,0.4867,0.3339,0.6022,0.806
2023-11-24,Ashkelon_IL,CHL,0.6266,0.7143,0.4616,0.8204,0.9502
2023-11-26,Ashkelon_IL,CHL,0.5153,0.4436,0.3023,0.5153,0.6169
2023-11-29,Ashkelon_IL,CHL,0.4324,0.5494,0.3635,0.8829,0.9502
2023-11-30,Ashkelon_IL,CHL,0.2631,0.2715,0.2256,0.5157,1
2023-12-01,Ashkelon_IL,CHL,0.1833,0.2468,0.2125,0.3244,0.6418
2023-12-02,Ashkelon_IL,CHL,0.1856,0.2101,0.1901,0.5187,0.9502
2023-12-03,Ashkelon_IL,CHL,0.2799,0.4141,0.3013,0.716,0.9502
2023-12-04,Ashkelon_IL,CHL,0.326,0.3183,0.215,0.3377,0.8806
2023-12-06,Ashkelon_IL,CHL,,0.0785,0.0785,0.0785,0.0199
2023-12-11,Ashkelon_IL,CHL,0.4868,0.4152,0.2746,0.4868,0.9502
2023-12-12,Ashkelon_IL,CHL,0.3407,0.3336,0.2726,0.3407,0.3532
2023-12-14,Ashkelon_IL,CHL,0.1963,0.2098,0.1532,0.2328,0.8806
2023-12-15,Ashkelon_IL,CHL,0.277,0.1819,0.1274,0.4972,1
2023-12-16,Ashkelon_IL,CHL,0.2026,0.2157,0.1458,0.2975,1
2023-12-17,Ashkelon_IL,CHL,,0.086,0.0789,0.0892,0.3085
2023-12-18,Ashkelon_IL,CHL,0.143,0.1278,0.0762,0.1551,1
2023-12-19,Ashkelon_IL,CHL,0.3906,0.2765,0.1497,0.4059,0.9502
2023-12-20,Ashkelon_IL,CHL,0.2425,0.2012,0.1393,0.2784,0.8806
2023-12-22,Ashkelon_IL,CHL,0.8887,0.8441,0.39,0.8887,0.8806
2023-12-25,Ashkelon_IL,CHL,0.1973,0.1842,0.1197,0.2052,0.9104
2023-12-26,Ashkelon_IL,CHL,0.0729,0.0846,0.0828,0.1354,0.9502
2023-12-29,Ashkelon_IL,CHL,0.1641,0.1641,0.11,0.251,0.9502
2023-12-30,Ashkelon_IL,CHL,0.2598,0.2509,0.1753,0.2811,0.9104
2023-12-31,Ashkelon_IL,CHL,,0.1621,0.1205,0.1761,0.2836
2023-01-03,Ashdod_IL,CHL,0.4348,0.3639,0.2567,0.4894,0.9104
2023-01-04,Ashdod_IL,CHL,0.3518,0.2842,0.2025,0.3518,0.8607
2023-01-05,Ashdod_IL,CHL,0.1202,0.2256,0.1546,0.2849,0.3433
2023-01-07,Ashdod_IL,CHL,,0.1041,0.0924,0.1136,0.796
2023-01-08,Ashdod_IL,CHL,0.1101,0.11,0.0877,0.1188,0.9254
2023-01-09,Ashdod_IL,CHL,,0.1788,0.1534,0.1788,0.0945
2023-01-10,Ashdod_IL,CHL,,0.0839,0.0815,0.0839,0.3085
2023-01-11,Ashdod_IL,CHL,0.2375,0.1533,0.1201,0.2375,0.9254
2023-01-13,Ashdod_IL,CHL,,0.3005,0.3005,0.3005,0.0697
2023-01-15,Ashdod_IL,CHL,0.159,0.1458,0.1051,0.1725,0.9254
2023-01-17,Ashdod_IL,CHL,0.0943,0.0934,0.0841,0.145,0.995
2023-01-18,Ashdod_IL,CHL,0.1088,0.0916,0.0752,0.1088,0.9254
2023-01-19,Ashdod_IL,CHL,0.2219,0.1925,0.1419,0.2219,0.9254
2023-01-20,Ashdod_IL,CHL,0.1655,0.1412,0.0982,0.1677,0.9254
2023-01-21,Ashdod_IL,CHL,0.1313,0.1313,0.0998,0.2009,1
2023-01-22,Ashdod_IL,CHL,,0.1,0.0898,0.1258,0.791
2023-01-23,Ashdod_IL,CHL,0.1807,0.1807,0.111,0.2189,0.8756
2023-01-24,Ashdod_IL,CHL,0.1867,0.1667,0.1185,0.1899,0.9254
2023-01-25,Ashdod_IL,CHL,0.1776,0.1804,0.1277,0.2012,0.9254
2023-01-26,Ashdod_IL,CHL,0.1119,0.0992,0.0883,0.1393,0.9254
2023-01-27,Ashdod_IL,CHL,0.0974,0.0927,0.0913,0.1267,0.9254
2023-01-30,Ashdod_IL,CHL,0.1168,0.0869,0.068,0.15,0.9254
2023-02-04,Ashdod_IL,CHL,0.464,0.464,0.3188,0.5633,0.3582
2023-02-05,Ashdod_IL,CHL,0.4126,0.5079,0.4068,0.6428,0.408
2023-02-09,Ashdod_IL,CHL,0.7558,0.7558,0.5456,0.9403,0.5373
2023-02-10,Ashdod_IL,CHL,0.7958,0.6785,0.5107,0.9112,0.8607
2023-02-12,Ashdod_IL,CHL,0.2508,0.2686,0.1847,0.3078,0.7313
2023-02-14,Ashdod_IL,CHL,0.3314,0.3028,0.2228,0.3748,0.9254
2023-02-15,Ashdod_IL,CHL,,0.108,0.0964,0.1087,0.204
2023-02-17,Ashdod_IL,CHL,0.2645,0.2475,0.1941,0.4812,0.995
2023-02-18,Ashdod_IL,CHL,0.2877,0.3291,0.1944,0.3792,0.9254
2023-02-19,Ashdod_IL,CHL,0.3335,0.3502,0.2168,0.4734,0.995
2023-02-20,Ashdod_IL,CHL,0.3218,0.2939,0.2103,0.3966,0.9254
2023-02-21,Ashdod_IL,CHL,0.2054,0.1726,0.1453,0.2887,0.6915
2023-02-22,Ashdod_IL,CHL,0.2271,0.2,0.1452,0.242,0.9254
2023-02-23,Ashdod_IL,CHL,,0.084,0.073,0.084,0.3085
2023-02-24,Ashdod_IL,CHL,0.1292,0.102,0.0857,0.145,0.9104
2023-02-25,Ashdod_IL,CHL,0.0865,0.0891,0.0824,0.1562,0.9254
2023-02-26,Ashdod_IL,CHL,0.2116,0.1725,0.1271,0.2494,0.791
2023-02-27,Ashdod_IL,CHL,0.1682,0.1537,0.1085,0.3037,0.9254
2023-03-01,Ashdod_IL,CHL,0.124,0.0949,0.0745,0.124,0.8607
2023-03-02,Ashdod_IL,CHL,0.2058,0.1626,0.1128,0.29,0.9254
2023-03-04,Ashdod_IL,CHL,0.1063,0.1036,0.0866,0.3031,0.995
2023-03-06,Ashdod_IL,CHL,0.1406,0.1124,0.0727,0.1478,0.8408
2023-03-07,Ashdod_IL,CHL,,0.0621,0.0611,0.0622,0.1045
2023-03-08,Ashdod_IL,CHL,0.0832,0.0664,0.0574,0.0914,0.9254
2023-03-09,Ashdod_IL,CHL,0.1007,0.0918,0.0588,0.1256,0.9254
2023-03-10,Ashdod_IL,CHL,0.1332,0.1154,0.0724,0.164,0.9254
2023-03-11,Ashdod_IL,CHL,0.1127,0.0935,0.0682,0.1451,0.9254
2023-03-12,Ashdod_IL,CHL,0.0815,0.0764,0.0542,0.0894,0.9254
2023-03-15,Ashdod_IL,CHL,,0.1414,0.1021,0.2515,0.791
2023-03-16,Ashdod_IL,CHL,0.5253,0.4331,0.2499,1.065,0.995
2023-03-17,Ashdod_IL,CHL,0.6102,0.3431,0.2154,0.7555,0.9254
2023-03-18,Ashdod_IL,CHL,,0.0444,0.0445,0.0459,0.1045
2023-03-20,Ashdod_IL,CHL,,0.3486,0.2165,0.5051,0.5473
2023-03-27,Ashdod_IL,CHL,0.7946,0.784,0.4275,0.9864,0.9254
2023-03-28,Ashdod_IL,CHL,0.2657,0.2657,0.1996,0.726,0.995
2023-03-31,Ashdod_IL,CHL,,1.361,0.6806,1.484,0.7313
2023-04-01,Ashdod_IL,CHL,1.369,1.339,0.8192,1.516,0.995
2023-04-02,Ashdod_IL,CHL,1.208,1.14,0.7648,1.353,0.9254
2023-04-03,Ashdod_IL,CHL,1.285,1.285,0.7759,1.393,0.995
2023-04-04,Ashdod_IL,CHL,0.9114,0.9114,0.4779,1.02,0.9254
2023-04-05,Ashdod_IL,CHL,,0.255,0.1891,0.3117,0.5174
2023-04-11,Ashdod_IL,CHL,,0.1968,0.1653,0.1968,0.204
2023-04-14,Ashdod_IL,CHL,,0.4049,0.2392,0.4613,0.6169
2023-04-15,Ashdod_IL,CHL,1.205,1.128,0.7015,1.205,0.7662
2023-04-16,Ashdod_IL,CHL,0.7029,0.4692,0.3076,0.7029,0.8607
2023-04-17,Ashdod_IL,CHL,1.037,0.8151,0.4791,1.385,0.9254
2023-04-18,Ashdod_IL,CHL,0.6643,0.5901,0.2676,0.7793,0.9104
2023-04-19,Ashdod_IL,CHL,,0.2865,0.2411,0.2865,0.204
2023-04-20,Ashdod_IL,CHL,,0.1012,0.0707,0.1166,0.3234
2023-04-21,Ashdod_IL,CHL,0.745,0.8803,0.3926,1.421,0.9254
2023-04-22,Ashdod_IL,CHL,0.4573,0.4411,0.2177,0.6435,0.995
2023-04-24,Ashdod_IL,CHL,0.4052,0.2565,0.1895,0.8843,0.9254
2023-04-25,Ashdod_IL,CHL,0.4184,0.1406,0.1206,0.4184,0.6368
2023-04-26,Ashdod_IL,CHL,0.6652,0.5814,0.3071,1.043,0.995
2023-04-27,Ashdod_IL,CHL,0.5195,0.3942,0.2154,0.7327,0.9254
2023-04-28,Ashdod_IL,CHL,0.2167,0.1833,0.1298,0.4317,0.995
2023-04-30,Ashdod_IL,CHL,,0.1506,0.0925,0.3086,0.796
2023-05-01,Ashdod_IL,CHL,0.3399,0.3399,0.2323,0.4838,0.9254
2023-05-02,Ashdod_IL,CHL,0.4748,0.4825,0.3289,0.7106,1
2023-05-03,Ashdod_IL,CHL,0.2571,0.2428,0.1737,0.2571,0.6866
2023-05-04,Ashdod_IL,CHL,0.5553,0.7074,0.4916,0.8862,0.9254
2023-05-06,Ashdod_IL,CHL,0.141,0.1653,0.1558,0.3886,1
2023-05-08,Ashdod_IL,CHL,0.174,0.174,0.1357,0.2827,0.8209
2023-05-09,Ashdod_IL,CHL,0.1558,0.2081,0.142,0.2688,0.995
2023-05-10,Ashdod_IL,CHL,0.3386,0.3251,0.1953,0.3422,0.9254
2023-05-12,Ashdod_IL,CHL,0.231,0.1966,0.1379,0.254,0.9254
2023-05-13,Ashdod_IL,CHL,0.1926,0.1865,0.1253,0.361,0.995
2023-05-14,Ashdod_IL,CHL,0.1785,0.1359,0.0767,0.2488,0.9254
2023-05-15,Ashdod_IL,CHL,0.272,0.1839,0.1121,0.308,0.9254
2023-05-16,Ashdod_IL,CHL,,0.146,0.0961,0.1981,0.796
2023-05-17,Ashdod_IL,CHL,0.1742,0.1681,0.1129,0.2282,0.995
2023-05-18,Ashdod_IL,CHL,0.125,0.125,0.1042,0.1394,0.5423
2023-05-19,Ashdod_IL,CHL,,0.1015,0.0823,0.1037,0.3532
2023-05-20,Ashdod_IL,CHL,0.0944,0.0923,0.0585,0.0944,0.602
2023-05-23,Ashdod_IL,CHL,0.1091,0.1067,0.0792,0.2764,0.995
2023-05-24,Ashdod_IL,CHL,,0.1688,0.1403,0.171,0.2736
2023-05-25,Ashdod_IL,CHL,0.2548,0.2548,0.1388,0.5317,0.995
2023-05-29,Ashdod_IL,CHL,,0.0782,0.0626,0.0898,0.5572
2023-05-30,Ashdod_IL,CHL,0.1175,0.0969,0.0706,0.1283,0.6716
2023-05-31,Ashdod_IL,CHL,0.1147,0.1004,0.0815,0.1927,0.995
2023-06-04,Ashdod_IL,CHL,0.1406,0.1263,0.0928,0.1506,0.9254
2023-06-05,Ashdod_IL,CHL,0.0979,0.0872,0.0739,0.1857,0.9254
2023-06-06,Ashdod_IL,CHL,0.0988,0.093,0.0871,0.275,0.9453
2023-06-07,Ashdod_IL,CHL,,0.0433,0.043,0.0455,0.1045
2023-06-11,Ashdod_IL,CHL,0.0912,0.0825,0.0703,0.109,0.9254
2023-06-12,Ashdod_IL,CHL,0.0879,0.0646,0.058,0.099,0.8756
2023-06-13,Ashdod_IL,CHL,,0.0498,0.0484,0.0499,0.1343
2023-06-14,Ashdod_IL,CHL,0.2278,0.1302,0.0991,0.2278,0.7015
2023-06-15,Ashdod_IL,CHL,0.1835,0.1124,0.077,0.2094,0.9104
2023-06-16,Ashdod_IL,CHL,0.153,0.14,0.0848,0.1692,0.995
2023-06-19,Ashdod_IL,CHL,0.0612,0.06,0.0615,0.183,0.995
2023-06-20,Ashdod_IL,CHL,0.075,0.075,0.0687,0.2038,0.9652
2023-06-21,Ashdod_IL,CHL,0.1131,0.09,0.0795,0.2438,0.995
2023-06-22,Ashdod_IL,CHL,0.2255,0.1372,0.0803,0.2255,0.8607
2023-06-23,Ashdod_IL,CHL,0.1974,0.1806,0.0967,0.259,0.995
2023-06-24,Ashdod_IL,CHL,0.1502,0.1384,0.0858,0.2939,0.995
2023-06-25,Ashdod_IL,CHL,0.1094,0.0735,0.0567,0.1331,0.9254
2023-06-26,Ashdod_IL,CHL,0.148,0.1141,0.0803,0.1734,0.791
2023-06-27,Ashdod_IL,CHL,0.2303,0.2303,0.1037,0.5765,1
2023-06-28,Ashdod_IL,CHL,0.1644,0.1524,0.0845,0.1755,0.9104
2023-06-29,Ashdod_IL,CHL,0.2886,0.3192,0.1763,0.3696,0.2687
2023-06-30,Ashdod_IL,CHL,0.1666,0.1063,0.0798,0.1666,0.8109
2023-07-01,Ashdod_IL,CHL,0.1404,0.1404,0.1106,0.389,0.7662
2023-07-02,Ashdod_IL,CHL,0.1642,0.1642,0.0827,0.2209,0.995
2023-07-03,Ashdod_IL,CHL,0.1921,0.1067,0.0806,0.2256,0.9254
2023-07-04,Ashdod_IL,CHL,,0.1613,0.0916,0.184,0.7015
2023-07-05,Ashdod_IL,CHL,0.185,0.1845,0.0733,0.1904,0.9254
2023-07-06,Ashdod_IL,CHL,0.0966,0.0926,0.0556,0.1041,0.995
2023-07-07,Ashdod_IL,CHL,0.1072,0.1109,0.0705,0.1169,0.9104
2023-07-08,Ashdod_IL,CHL,0.1382,0.1414,0.1056,0.1488,0.9254
2023-07-09,Ashdod_IL,CHL,,0.1132,0.0908,0.126,0.1343
2023-07-10,Ashdod_IL,CHL,0.266,0.2211,0.1483,0.5379,0.995
2023-07-11,Ashdod_IL,CHL,0.6012,0.5702,0.2796,0.6012,0.8358
2023-07-12,Ashdod_IL,CHL,0.3813,0.3262,0.1813,0.4501,0.7662
2023-07-13,Ashdod_IL,CHL,0.6846,0.9688,0.81,1.01,0.9254
2023-07-14,Ashdod_IL,CHL,0.5019,0.4422,0.2066,0.5656,0.9254
2023-07-15,Ashdod_IL,CHL,0.0906,0.0915,0.0629,0.1094,0.9254
2023-07-16,Ashdod_IL,CHL,0.092,0.0831,0.0784,0.1855,0.995
2023-07-17,Ashdod_IL,CHL,0.4349,0.1617,0.1367,0.4349,0.8756
2023-07-18,Ashdod_IL,CHL,0.3652,0.1951,0.1091,0.4674,0.9254
2023-07-19,Ashdod_IL,CHL,0.3068,0.0743,0.093,0.3068,0.4179
2023-07-20,Ashdod_IL,CHL,0.2538,0.2435,0.1868,0.4211,0.9254
2023-07-21,Ashdod_IL,CHL,0.9174,1.029,0.4516,1.146,0.9254
2023-07-22,Ashdod_IL,CHL,0.6252,0.6252,0.3196,0.7691,0.6318
2023-07-23,Ashdod_IL,CHL,0.7225,0.1116,0.1416,0.8558,0.9254
2023-07-24,Ashdod_IL,CHL,0.1079,0.0945,0.0715,0.2878,0.995
2023-07-25,Ashdod_IL,CHL,0.1265,0.1022,0.0671,0.1892,0.9254
2023-07-26,Ashdod_IL,CHL,0.0756,0.0645,0.062,0.3307,0.9254
2023-07-27,Ashdod_IL,CHL,0.1475,0.0747,0.0539,0.1475,0.8607
2023-07-28,Ashdod_IL,CHL,0.1404,0.1404,0.077,0.3174,1
2023-07-29,Ashdod_IL,CHL,0.0753,0.0796,0.0585,0.1494,0.8358
2023-07-30,Ashdod_IL,CHL,0.164,0.164,0.1487,0.5562,0.9254
2023-07-31,Ashdod_IL,CHL,0.2392,0.2108,0.1845,0.2952,0.9104
2023-08-01,Ashdod_IL,CHL,1.338,1.083,0.6938,1.349,0.9254
2023-08-02,Ashdod_IL,CHL,0.7043,0.7043,0.3839,1.028,0.995
2023-08-03,Ashdod_IL,CHL,1.663,1.663,0.753,1.852,0.995
2023-08-04,Ashdod_IL,CHL,,0.0929,0.0737,0.2833,0.796
2023-08-05,Ashdod_IL,CHL,,0.0362,0.0318,0.0442,0.5572
2023-08-06,Ashdod_IL,CHL,0.1692,0.1233,0.1055,0.5424,0.995
2023-08-07,Ashdod_IL,CHL,0.1722,0.0642,0.0535,0.1722,0.8308
2023-08-08,Ashdod_IL,CHL,0.0692,0.0505,0.0415,0.1934,0.9254
2023-08-09,Ashdod_IL,CHL,0.0715,0.0778,0.0732,0.1718,0.9254
2023-08-10,Ashdod_IL,CHL,0.1064,0.1196,0.098,0.1639,0.995
2023-08-11,Ashdod_IL,CHL,0.1129,0.0752,0.0741,0.1476,0.9254
2023-08-12,Ashdod_IL,CHL,,0.4332,0.4219,0.4332,0.0846
2023-08-16,Ashdod_IL,CHL,,0.0926,0.0746,0.0952,0.4826
2023-08-17,Ashdod_IL,CHL,,0.0812,0.0734,0.1202,0.4776
2023-08-19,Ashdod_IL,CHL,,0.3048,0.245,0.5687,0.6766
2023-08-20,Ashdod_IL,CHL,1.109,1.109,0.6245,1.881,0.995
2023-08-21,Ashdod_IL,CHL,1.541,1.541,0.8101,1.761,0.995
2023-08-22,Ashdod_IL,CHL,1.071,0.997,0.3582,1.665,0.9254
2023-08-23,Ashdod_IL,CHL,,0.0446,0.0389,0.0499,0.4478
2023-08-24,Ashdod_IL,CHL,0.4672,0.4672,0.1935,0.9713,0.995
2023-08-25,Ashdod_IL,CHL,0.1961,0.1961,0.1049,0.4619,1
2023-08-26,Ashdod_IL,CHL,0.0845,0.0801,0.0623,0.0991,0.7363
2023-08-27,Ashdod_IL,CHL,0.062,0.0642,0.0587,0.0733,0.5224
2023-08-28,Ashdod_IL,CHL,0.074,0.0933,0.0876,0.1627,0.4129
2023-08-29,Ashdod_IL,CHL,,0.0511,0.0421,0.0699,0.791
2023-08-30,Ashdod_IL,CHL,0.2299,0.1275,0.0744,0.3153,0.9254
2023-08-31,Ashdod_IL,CHL,,0.0471,0.0438,0.0513,0.3781
2023-09-01,Ashdod_IL,CHL,0.0634,0.0641,0.056,0.2837,0.8557
2023-09-02,Ashdod_IL,CHL,0.0373,0.0304,0.0424,0.1689,0.995
2023-09-03,Ashdod_IL,CHL,,0.0563,0.0477,0.0748,0.796
2023-09-04,Ashdod_IL,CHL,0.0713,0.0713,0.0681,0.442,0.995
2023-09-05,Ashdod_IL,CHL,0.0669,0.0669,0.0521,0.2873,1
2023-09-06,Ashdod_IL,CHL,0.2614,0.1856,0.1113,0.4095,0.995
2023-09-07,Ashdod_IL,CHL,0.2883,0.1124,0.108,0.6004,0.9254
2023-09-08,Ashdod_IL,CHL,0.2656,0.2135,0.1408,0.4592,0.995
2023-09-09,Ashdod_IL,CHL,0.0575,0.0387,0.0368,0.1731,0.9254
2023-09-10,Ashdod_IL,CHL,0.0624,0.0624,0.0382,0.0807,0.5771
2023-09-11,Ashdod_IL,CHL,0.1223,0.0661,0.0529,0.1556,0.9104
2023-09-14,Ashdod_IL,CHL,0.0832,0.0762,0.0548,0.1003,0.9254
2023-09-15,Ashdod_IL,CHL,0.1177,0.0717,0.0663,0.1976,0.9254
2023-09-16,Ashdod_IL,CHL,0.6046,0.4528,0.1806,0.7333,0.995
2023-09-17,Ashdod_IL,CHL,0.5807,0.4759,0.2421,0.9352,0.995
2023-09-18,Ashdod_IL,CHL,0.7476,0.6838,0.2918,1.216,0.995
2023-09-19,Ashdod_IL,CHL,1.008,0.5121,0.2537,1.19,0.9104
2023-09-20,Ashdod_IL,CHL,1.127,0.9983,0.4737,1.593,0.995
2023-09-21,Ashdod_IL,CHL,1.287,1.287,0.5615,1.692,1
2023-09-22,Ashdod_IL,CHL,1.499,1.494,0.6526,1.511,0.8209
2023-09-23,Ashdod_IL,CHL,1.477,1.585,0.8143,1.958,0.995
2023-09-24,Ashdod_IL,CHL,1.38,1.547,0.9324,1.694,0.9254
2023-09-25,Ashdod_IL,CHL,1.303,1.303,0.5349,1.51,0.995
2023-09-26,Ashdod_IL,CHL,1.569,1.352,0.5391,1.62,0.9254
2023-09-27,Ashdod_IL,CHL,1.347,1.505,0.9554,1.748,0.995
2023-09-28,Ashdod_IL,CHL,0.6505,0.6491,0.3196,0.6853,0.9254
2023-09-29,Ashdod_IL,CHL,0.1458,0.1064,0.1089,0.4065,0.9254
2023-09-30,Ashdod_IL,CHL,0.0527,0.0447,0.0409,0.1461,0.9254
2023-10-03,Ashdod_IL,CHL,,0.0494,0.0494,0.0494,0.0348
2023-10-04,Ashdod_IL,CHL,0.1756,0.1756,0.1264,0.1982,0.393
2023-10-06,Ashdod_IL,CHL,0.2703,0.2565,0.1489,0.3013,0.995
2023-10-07,Ashdod_IL,CHL,0.3972,0.3641,0.2108,0.4143,0.6816
2023-10-08,Ashdod_IL,CHL,,0.292,0.1964,0.5487,0.7214
2023-10-10,Ashdod_IL,CHL,,0.1222,0.1154,0.1585,0.6866
2023-10-12,Ashdod_IL,CHL,0.3116,0.299,0.1575,0.3899,0.9303
2023-10-13,Ashdod_IL,CHL,0.2758,0.2995,0.1895,0.3446,0.995
2023-10-14,Ashdod_IL,CHL,0.3454,0.3454,0.188,0.3821,0.8905
2023-10-16,Ashdod_IL,CHL,,0.0609,0.0525,0.0609,0.0896
2023-10-17,Ashdod_IL,CHL,0.4026,0.4026,0.2715,0.4471,0.8259
2023-10-18,Ashdod_IL,CHL,0.3553,0.3736,0.2063,0.4157,0.9254
2023-10-19,Ashdod_IL,CHL,0.2655,0.2824,0.1781,0.299,0.6816
2023-10-20,Ashdod_IL,CHL,0.2345,0.2443,0.1711,0.2806,0.9055
2023-10-21,Ashdod_IL,CHL,0.4617,0.5289,0.349,0.5902,0.995
2023-10-25,Ashdod_IL,CHL,0.248,0.14,0.1252,0.4118,0.9104
2023-10-26,Ashdod_IL,CHL,0.1936,0.1936,0.1286,0.2891,0.995
2023-10-30,Ashdod_IL,CHL,0.1968,0.1925,0.1281,0.2125,0.9254
2023-10-31,Ashdod_IL,CHL,,0.1628,0.1484,0.2181,0.796
2023-11-01,Ashdod_IL,CHL,,0.0951,0.0933,0.1196,0.5174
2023-11-03,Ashdod_IL,CHL,0.2609,0.2102,0.1497,0.3308,0.9254
2023-11-04,Ashdod_IL,CHL,0.3001,0.3258,0.1924,0.3533,0.9254
2023-11-05,Ashdod_IL,CHL,0.3435,0.3232,0.1935,0.3533,0.9254
2023-11-06,Ashdod_IL,CHL,0.3783,0.3056,0.1651,0.3783,0.995
2023-11-07,Ashdod_IL,CHL,0.3857,0.1337,0.1118,0.4182,0.9254
2023-11-08,Ashdod_IL,CHL,0.1768,0.1552,0.0954,0.2651,0.995
2023-11-09,Ashdod_IL,CHL,0.2358,0.0665,0.0788,0.2358,0.7861
2023-11-10,Ashdod_IL,CHL,0.1621,0.1501,0.0881,0.2041,0.995
2023-11-13,Ashdod_IL,CHL,0.2173,0.2167,0.1587,0.2395,0.602
2023-11-15,Ashdod_IL,CHL,,0.2626,0.2014,0.2626,0.1194
2023-11-16,Ashdod_IL,CHL,0.4781,0.5027,0.3119,0.6263,0.995
2023-11-17,Ashdod_IL,CHL,0.4254,0.4008,0.2397,0.4457,0.7861
2023-11-18,Ashdod_IL,CHL,0.2616,0.335,0.2195,0.3631,0.408
2023-11-21,Ashdod_IL,CHL,1.336,1.222,0.6874,1.445,0.9254
2023-11-23,Ashdod_IL,CHL,0.4969,0.4283,0.2922,0.4982,0.8607
2023-11-24,Ashdod_IL,CHL,0.6455,0.5682,0.3504,0.7342,0.9254
2023-11-29,Ashdod_IL,CHL,1.256,1.2,0.8917,1.328,1
2023-11-30,Ashdod_IL,CHL,0.129,0.1189,0.1031,0.2194,0.995
2023-12-01,Ashdod_IL,CHL,0.1128,0.1737,0.155,0.2036,0.9254
2023-12-02,Ashdod_IL,CHL,0.1775,0.2292,0.1639,0.2325,0.9254
2023-12-03,Ashdod_IL,CHL,0.2285,0.2285,0.1416,0.279,0.995
2023-12-04,Ashdod_IL,CHL,0.2575,0.202,0.1515,0.2575,0.9254
2023-12-08,Ashdod_IL,CHL,,0.0735,0.0678,0.0735,0.1045
2023-12-11,Ashdod_IL,CHL,0.2073,0.1974,0.1263,0.2376,0.9254
2023-12-12,Ashdod_IL,CHL,0.241,0.241,0.2345,0.241,0.1194
2023-12-13,Ashdod_IL,CHL,0.1888,0.1748,0.1375,0.1888,0.4876
2023-12-14,Ashdod_IL,CHL,0.2446,0.2446,0.1724,0.3363,0.9254
2023-12-15,Ashdod_IL,CHL,0.1109,0.1363,0.1027,0.2301,1
2023-12-16,Ashdod_IL,CHL,0.136,0.1078,0.0844,0.1475,0.9254
2023-12-17,Ashdod_IL,CHL,0.2035,0.2035,0.1276,0.2704,0.9552
2023-12-18,Ashdod_IL,CHL,0.1034,0.1034,0.0748,0.1663,0.9254
2023-12-19,Ashdod_IL,CHL,0.1545,0.0635,0.0736,0.2041,0.9254
2023-12-20,Ashdod_IL,CHL,0.1416,0.1268,0.1036,0.237,0.8408
2023-12-22,Ashdod_IL,CHL,0.5223,0.5222,0.2497,0.6337,0.9254
2023-12-25,Ashdod_IL,CHL,0.4303,0.4303,0.3178,0.6208,0.995
2023-12-26,Ashdod_IL,CHL,0.4348,0.4348,0.2877,0.6269,0.995
2023-12-29,Ashdod_IL,CHL,0.1919,0.1804,0.1488,0.2562,0.9254
2023-12-30,Ashdod_IL,CHL,0.2728,0.2728,0.1708,0.337,0.995
2023-12-31,Ashdod_IL,CHL,,0.223,0.1498,0.2764,0.796
2023-01-03,Tel_Aviv_IL,CHL,0.2225,0.1976,0.1289,0.2541,0.93
2023-01-04,Tel_Aviv_IL,CHL,,0.1143,0.1075,0.1467,0.67
2023-01-05,Tel_Aviv_IL,CHL,0.1477,0.2726,0.1845,0.2726,0.25
2023-01-07,Tel_Aviv_IL,CHL,0.1,0.0941,0.0885,0.1,0.42
2023-01-08,Tel_Aviv_IL,CHL,0.1256,0.1256,0.1034,0.1688,0.61
2023-01-10,Tel_Aviv_IL,CHL,,0.1627,0.1232,0.2751,0.325
2023-01-11,Tel_Aviv_IL,CHL,0.1656,0.2068,0.1595,0.2199,0.93
2023-01-12,Tel_Aviv_IL,CHL,,0.0698,0.0635,0.0698,0.145
2023-01-17,Tel_Aviv_IL,CHL,0.0992,0.0902,0.0898,0.1683,1
2023-01-18,Tel_Aviv_IL,CHL,0.1277,0.1317,0.105,0.1504,0.93
2023-01-19,Tel_Aviv_IL,CHL,0.1572,0.1863,0.1524,0.3047,1
2023-01-20,Tel_Aviv_IL,CHL,0.2421,0.2276,0.1706,0.2612,0.93
2023-01-21,Tel_Aviv_IL,CHL,0.079,0.0871,0.084,0.1538,1
2023-01-22,Tel_Aviv_IL,CHL,0.1705,0.1649,0.1245,0.2244,0.93
2023-01-23,Tel_Aviv_IL,CHL,0.1078,0.091,0.0829,0.2192,1
2023-01-24,Tel_Aviv_IL,CHL,0.205,0.1784,0.1317,0.2711,0.93
2023-01-25,Tel_Aviv_IL,CHL,0.0983,0.1033,0.0804,0.1275,0.93
2023-01-26,Tel_Aviv_IL,CHL,0.2003,0.1865,0.1283,0.2374,0.93
2023-01-27,Tel_Aviv_IL,CHL,0.2577,0.2334,0.1846,0.2577,0.93
2023-01-30,Tel_Aviv_IL,CHL,0.0696,0.0674,0.0639,0.0933,0.915
2023-02-03,Tel_Aviv_IL,CHL,0.4153,0.379,0.2548,0.4153,0.525
2023-02-04,Tel_Aviv_IL,CHL,0.4376,0.3339,0.1888,0.482,0.93
2023-02-07,Tel_Aviv_IL,CHL,,0.2575,0.235,0.2575,0.13
2023-02-09,Tel_Aviv_IL,CHL,0.9745,0.9839,0.5807,1.154,1
2023-02-12,Tel_Aviv_IL,CHL,0.4301,0.3287,0.2269,0.4563,0.705
2023-02-13,Tel_Aviv_IL,CHL,,0.2309,0.2115,0.3388,0.405
2023-02-14,Tel_Aviv_IL,CHL,0.2984,0.2755,0.1658,0.3756,0.93
2023-02-17,Tel_Aviv_IL,CHL,0.4057,0.3819,0.2873,0.666,1
2023-02-18,Tel_Aviv_IL,CHL,0.3686,0.3741,0.282,0.5713,0.93
2023-02-19,Tel_Aviv_IL,CHL,0.3307,0.2738,0.2116,0.6865,1
2023-02-20,Tel_Aviv_IL,CHL,0.3493,0.2953,0.2133,0.4365,0.93
2023-02-21,Tel_Aviv_IL,CHL,,0.0832,0.0811,0.086,0.3
2023-02-22,Tel_Aviv_IL,CHL,0.2056,0.1249,0.1267,0.4281,0.93
2023-02-23,Tel_Aviv_IL,CHL,0.1793,0.1342,0.1107,0.1793,0.345
2023-02-24,Tel_Aviv_IL,CHL,0.1494,0.1353,0.1037,0.2164,0.93
2023-02-25,Tel_Aviv_IL,CHL,0.1014,0.1235,0.106,0.1424,0.93
2023-02-26,Tel_Aviv_IL,CHL,0.2384,0.1809,0.1413,0.246,0.865
2023-02-27,Tel_Aviv_IL,CHL,0.1564,0.1314,0.105,0.2253,0.93
2023-03-01,Tel_Aviv_IL,CHL,0.137,0.1051,0.0909,0.137,0.865
2023-03-02,Tel_Aviv_IL,CHL,0.3042,0.1789,0.142,0.362,0.915
2023-03-04,Tel_Aviv_IL,CHL,0.0578,0.0567,0.0583,0.1285,1
2023-03-05,Tel_Aviv_IL,CHL,,0.1386,0.1057,0.1386,0.21
2023-03-06,Tel_Aviv_IL,CHL,0.0689,0.0507,0.0518,0.0898,0.88
2023-03-08,Tel_Aviv_IL,CHL,0.1276,0.1276,0.1104,0.3917,0.72
2023-03-09,Tel_Aviv_IL,CHL,0.0939,0.0764,0.0604,0.179,0.93
2023-03-10,Tel_Aviv_IL,CHL,0.1369,0.1158,0.0741,0.1561,0.93
2023-03-11,Tel_Aviv_IL,CHL,0.1179,0.0845,0.08,0.3205,1
2023-03-12,Tel_Aviv_IL,CHL,0.0883,0.0637,0.0482,0.1152,0.93
2023-03-15,Tel_Aviv_IL,CHL,,0.076,0.0726,0.0763,0.135
2023-03-16,Tel_Aviv_IL,CHL,0.2719,0.2134,0.1692,0.6691,1
2023-03-17,Tel_Aviv_IL,CHL,0.5018,0.3528,0.1961,0.7143,0.93
2023-03-18,Tel_Aviv_IL,CHL,,0.1277,0.0867,0.1489,0.375
2023-03-20,Tel_Aviv_IL,CHL,,0.109,0.0815,0.1189,0.295
2023-03-21,Tel_Aviv_IL,CHL,,0.2392,0.1668,0.2729,0.56
2023-03-27,Tel_Aviv_IL,CHL,0.7118,0.7653,0.3558,0.8639,0.93
2023-03-28,Tel_Aviv_IL,CHL,0.6609,0.6609,0.4106,0.8972,0.93
2023-03-31,Tel_Aviv_IL,CHL,,1.198,0.4756,1.198,0.195
2023-04-01,Tel_Aviv_IL,CHL,1.148,1.077,0.6717,1.202,1
2023-04-02,Tel_Aviv_IL,CHL,1.102,0.9581,0.7448,1.207,0.88
2023-04-03,Tel_Aviv_IL,CHL,1.223,1.181,0.8956,1.371,1
2023-04-04,Tel_Aviv_IL,CHL,0.7045,0.7045,0.479,0.7467,0.93
2023-04-05,Tel_Aviv_IL,CHL,,0.3255,0.2787,0.3718,0.475
2023-04-06,Tel_Aviv_IL,CHL,,0.3697,0.3185,0.3697,0.21
2023-04-13,Tel_Aviv_IL,CHL,,0.2642,0.1623,0.4323,0.8
2023-04-14,Tel_Aviv_IL,CHL,,0.0559,0.0543,0.0559,0.135
2023-04-15,Tel_Aviv_IL,CHL,1.54,1.238,0.7981,1.54,0.865
2023-04-16,Tel_Aviv_IL,CHL,,0.5961,0.4565,1.135,0.785
2023-04-17,Tel_Aviv_IL,CHL,1.041,0.7455,0.5108,1.066,0.915
2023-04-18,Tel_Aviv_IL,CHL,0.5535,0.3821,0.3131,0.5535,0.715
2023-04-19,Tel_Aviv_IL,CHL,,0.2317,0.1693,0.2665,0.575
2023-04-20,Tel_Aviv_IL,CHL,,0.6528,0.415,0.7676,0.275
2023-04-21,Tel_Aviv_IL,CHL,0.6036,0.4983,0.3979,1.07,0.93
2023-04-22,Tel_Aviv_IL,CHL,0.5859,0.5451,0.3089,0.9105,1
2023-04-24,Tel_Aviv_IL,CHL,0.6609,0.5109,0.3618,1.185,0.93
2023-04-25,Tel_Aviv_IL,CHL,,0.1589,0.1172,0.1716,0.51
2023-04-26,Tel_Aviv_IL,CHL,0.2067,0.2008,0.1924,0.6077,1
2023-04-27,Tel_Aviv_IL,CHL,0.1275,0.1121,0.1031,0.3351,0.93
2023-04-28,Tel_Aviv_IL,CHL,0.0901,0.0776,0.0736,0.1058,0.88
2023-04-30,Tel_Aviv_IL,CHL,,0.0634,0.0539,0.0713,0.445
2023-05-01,Tel_Aviv_IL,CHL,0.4353,0.4087,0.1619,0.4696,0.93
2023-05-02,Tel_Aviv_IL,CHL,0.4665,0.3747,0.221,0.5325,1
2023-05-03,Tel_Aviv_IL,CHL,0.1633,0.1265,0.1178,0.1633,0.735
2023-05-04,Tel_Aviv_IL,CHL,0.1645,0.1651,0.1645,0.2057,0.93
2023-05-05,Tel_Aviv_IL,CHL,,0.1129,0.1077,0.1129,0.295
2023-05-06,Tel_Aviv_IL,CHL,0.0774,0.104,0.0958,0.2344,0.935
2023-05-07,Tel_Aviv_IL,CHL,,0.1006,0.092,0.1034,0.435
2023-05-08,Tel_Aviv_IL,CHL,,0.1201,0.1086,0.126,0.54
2023-05-09,Tel_Aviv_IL,CHL,0.1377,0.1287,0.1118,0.2505,1
2023-05-10,Tel_Aviv_IL,CHL,0.1694,0.1351,0.1214,0.1931,0.88
2023-05-12,Tel_Aviv_IL,CHL,,0.114,0.1004,0.1262,0.8
2023-05-13,Tel_Aviv_IL,CHL,0.1123,0.1123,0.1096,0.3076,0.92
2023-05-15,Tel_Aviv_IL,CHL,0.2729,0.2498,0.1308,0.3857,0.93
2023-05-16,Tel_Aviv_IL,CHL,0.1801,0.1461,0.1236,0.2446,0.93
2023-05-17,Tel_Aviv_IL,CHL,0.1525,0.132,0.103,0.1783,0.93
2023-05-18,Tel_Aviv_IL,CHL,,0.0641,0.0641,0.0641,0.07
2023-05-20,Tel_Aviv_IL,CHL,,0.0822,0.0746,0.0955,0.49
2023-05-23,Tel_Aviv_IL,CHL,0.1027,0.1024,0.0908,0.2647,1
2023-05-25,Tel_Aviv_IL,CHL,0.1212,0.121,0.098,0.2175,0.93
2023-05-29,Tel_Aviv_IL,CHL,,0.1017,0.0825,0.1083,0.52
2023-05-30,Tel_Aviv_IL,CHL,0.1214,0.1041,0.0758,0.1214,0.865
2023-05-31,Tel_Aviv_IL,CHL,0.1298,0.1174,0.0929,0.2077,1
2023-06-04,Tel_Aviv_IL,CHL,0.1206,0.1077,0.0871,0.1206,0.865
2023-06-05,Tel_Aviv_IL,CHL,0.0707,0.0556,0.0541,0.0916,0.88
2023-06-06,Tel_Aviv_IL,CHL,0.0758,0.0744,0.059,0.0797,0.88
2023-06-11,Tel_Aviv_IL,CHL,0.0663,0.0628,0.0566,0.0832,0.93
2023-06-12,Tel_Aviv_IL,CHL,0.0513,0.0482,0.0485,0.0811,0.93
2023-06-13,Tel_Aviv_IL,CHL,,0.0544,0.0522,0.0559,0.21
2023-06-14,Tel_Aviv_IL,CHL,,0.087,0.0771,0.0934,0.605
2023-06-15,Tel_Aviv_IL,CHL,0.0711,0.0549,0.0533,0.0711,0.865
2023-06-16,Tel_Aviv_IL,CHL,0.1131,0.0983,0.0685,0.1131,0.88
2023-06-18,Tel_Aviv_IL,CHL,,0.0611,0.0611,0.0611,0.03
2023-06-19,Tel_Aviv_IL,CHL,0.0664,0.0602,0.0522,0.087,0.93
2023-06-20,Tel_Aviv_IL,CHL,0.0847,0.0597,0.0594,0.183,0.95
2023-06-21,Tel_Aviv_IL,CHL,0.1588,0.123,0.0843,0.2497,1
2023-06-22,Tel_Aviv_IL,CHL,0.1231,0.0763,0.0646,0.158,0.915
2023-06-23,Tel_Aviv_IL,CHL,0.1595,0.1554,0.0991,0.2792,1
2023-06-24,Tel_Aviv_IL,CHL,0.1901,0.1296,0.0732,0.2024,0.93
2023-06-25,Tel_Aviv_IL,CHL,0.1041,0.0956,0.0618,0.1464,1
2023-06-26,Tel_Aviv_IL,CHL,0.1645,0.1034,0.0739,0.1645,0.86
2023-06-27,Tel_Aviv_IL,CHL,0.2082,0.1811,0.0973,0.3064,0.93
2023-06-28,Tel_Aviv_IL,CHL,0.2281,0.139,0.0999,0.2507,0.75
2023-06-29,Tel_Aviv_IL,CHL,0.1472,0.1472,0.155,0.655,0.685
2023-06-30,Tel_Aviv_IL,CHL,0.29,0.29,0.2336,0.29,0.15
2023-07-01,Tel_Aviv_IL,CHL,0.1509,0.1185,0.0929,0.2809,1
2023-07-02,Tel_Aviv_IL,CHL,0.1135,0.093,0.0665,0.1954,0.93
2023-07-03,Tel_Aviv_IL,CHL,,0.1354,0.0833,0.1492,0.59
2023-07-04,Tel_Aviv_IL,CHL,0.1974,0.1635,0.0988,0.1974,0.865
2023-07-05,Tel_Aviv_IL,CHL,0.1846,0.1928,0.1488,0.3248,1
2023-07-06,Tel_Aviv_IL,CHL,0.1209,0.1216,0.0912,0.3338,1
2023-07-07,Tel_Aviv_IL,CHL,0.1021,0.0941,0.0684,0.1248,0.86
2023-07-08,Tel_Aviv_IL,CHL,0.1098,0.0987,0.0642,0.1098,0.865
2023-07-09,Tel_Aviv_IL,CHL,0.1263,0.1209,0.0874,0.1592,0.93
2023-07-10,Tel_Aviv_IL,CHL,0.273,0.2762,0.1939,0.5067,0.94
2023-07-11,Tel_Aviv_IL,CHL,,0.1813,0.1325,0.2842,0.865
2023-07-12,Tel_Aviv_IL,CHL,0.2069,0.1852,0.125,0.2069,0.75
2023-07-13,Tel_Aviv_IL,CHL,0.1786,0.2364,0.1699,0.2579,0.93
2023-07-14,Tel_Aviv_IL,CHL,0.3457,0.4875,0.3937,0.6321,0.88
2023-07-15,Tel_Aviv_IL,CHL,0.3713,0.2973,0.1678,0.3713,0.865
2023-07-16,Tel_Aviv_IL,CHL,0.1309,0.096,0.0768,0.2627,1
2023-07-17,Tel_Aviv_IL,CHL,0.0983,0.0733,0.0598,0.0983,0.865
2023-07-18,Tel_Aviv_IL,CHL,0.291,0.2209,0.1494,0.3367,0.93
2023-07-19,Tel_Aviv_IL,CHL,,0.0379,0.0371,0.0379,0.08
2023-07-20,Tel_Aviv_IL,CHL,0.1785,0.1824,0.1272,0.4373,1
2023-07-21,Tel_Aviv_IL,CHL,0.2639,0.2499,0.1836,0.3636,0.93
2023-07-22,Tel_Aviv_IL,CHL,0.3485,0.3485,0.1979,0.5162,0.785
2023-07-23,Tel_Aviv_IL,CHL,0.5389,0.5292,0.1847,0.5578,0.93
2023-07-24,Tel_Aviv_IL,CHL,0.6495,0.3267,0.159,0.6495,0.935
2023-07-25,Tel_Aviv_IL,CHL,0.1713,0.0816,0.0728,0.21,0.88
2023-07-26,Tel_Aviv_IL,CHL,0.6054,0.5157,0.1783,0.6054,0.93
2023-07-27,Tel_Aviv_IL,CHL,0.1388,0.0722,0.0593,0.1388,0.865
2023-07-28,Tel_Aviv_IL,CHL,0.3127,0.2665,0.1225,0.4254,1
2023-07-29,Tel_Aviv_IL,CHL,0.3055,0.3055,0.1899,0.6619,0.6
2023-07-30,Tel_Aviv_IL,CHL,,0.0943,0.0841,0.2932,0.745
2023-07-31,Tel_Aviv_IL,CHL,0.3931,0.2733,0.136,0.4094,0.88
2023-08-01,Tel_Aviv_IL,CHL,0.3481,0.5403,0.3587,0.6304,1
2023-08-02,Tel_Aviv_IL,CHL,0.4435,0.3238,0.2495,0.5689,1
2023-08-03,Tel_Aviv_IL,CHL,1.679,1.311,0.8028,1.679,0.93
2023-08-04,Tel_Aviv_IL,CHL,,0.1257,0.083,0.2369,0.735
2023-08-05,Tel_Aviv_IL,CHL,,0.1835,0.1122,0.1835,0.17
2023-08-06,Tel_Aviv_IL,CHL,0.824,0.5074,0.2393,0.9639,0.66
2023-08-07,Tel_Aviv_IL,CHL,0.2521,0.1512,0.0821,0.339,0.865
2023-08-08,Tel_Aviv_IL,CHL,0.3599,0.0652,0.0694,0.4994,0.88
2023-08-09,Tel_Aviv_IL,CHL,0.1948,0.171,0.106,0.4341,0.77
2023-08-10,Tel_Aviv_IL,CHL,0.3129,0.3159,0.1304,0.5603,1
2023-08-11,Tel_Aviv_IL,CHL,0.3747,0.1223,0.0779,0.3747,0.88
2023-08-12,Tel_Aviv_IL,CHL,0.1237,0.209,0.1619,0.3777,0.425
2023-08-16,Tel_Aviv_IL,CHL,0.2803,0.1558,0.0952,0.2803,0.865
2023-08-17,Tel_Aviv_IL,CHL,0.1273,0.0958,0.0672,0.1273,0.865
2023-08-19,Tel_Aviv_IL,CHL,,0.2106,0.1511,0.2197,0.735
2023-08-20,Tel_Aviv_IL,CHL,0.3683,0.2209,0.1782,0.5459,0.93
2023-08-21,Tel_Aviv_IL,CHL,,0.4403,0.3779,1.381,0.82
2023-08-22,Tel_Aviv_IL,CHL,0.8182,1.737,1.159,1.823,1
2023-08-23,Tel_Aviv_IL,CHL,,0.0791,0.0596,0.0971,0.365
2023-08-24,Tel_Aviv_IL,CHL,1.018,1.305,0.6957,1.777,1
2023-08-25,Tel_Aviv_IL,CHL,0.1359,0.0761,0.0744,0.3159,1
2023-08-26,Tel_Aviv_IL,CHL,0.3469,0.1523,0.094,0.3469,0.915
2023-08-27,Tel_Aviv_IL,CHL,,0.065,0.0752,0.222,0.16
2023-08-28,Tel_Aviv_IL,CHL,0.0816,0.0816,0.0904,0.1762,0.375
2023-08-29,Tel_Aviv_IL,CHL,,0.044,0.0343,0.0496,0.275
2023-08-30,Tel_Aviv_IL,CHL,0.5201,0.402,0.1504,0.5201,0.93
2023-08-31,Tel_Aviv_IL,CHL,,0.1815,0.1043,0.2037,0.735
2023-09-01,Tel_Aviv_IL,CHL,0.34,0.34,0.1908,0.3755,0.61
2023-09-02,Tel_Aviv_IL,CHL,0.4681,0.3129,0.136,0.536,0.93
2023-09-03,Tel_Aviv_IL,CHL,,0.0568,0.0495,0.0725,0.735
2023-09-04,Tel_Aviv_IL,CHL,0.1118,0.0984,0.06,0.2345,0.93
2023-09-05,Tel_Aviv_IL,CHL,0.1813,0.1852,0.0843,0.2819,0.93
2023-09-06,Tel_Aviv_IL,CHL,0.2878,0.2878,0.1064,0.3285,0.93
2023-09-07,Tel_Aviv_IL,CHL,0.3919,0.2813,0.1174,0.3919,0.93
2023-09-08,Tel_Aviv_IL,CHL,0.2227,0.2096,0.1169,0.3233,1
2023-09-09,Tel_Aviv_IL,CHL,0.1789,0.18,0.0958,0.2308,0.93
2023-09-10,Tel_Aviv_IL,CHL,0.1192,0.103,0.0621,0.1192,0.85
2023-09-11,Tel_Aviv_IL,CHL,,0.0677,0.0508,0.117,0.735
2023-09-14,Tel_Aviv_IL,CHL,0.1109,0.0875,0.0747,0.3111,1
2023-09-15,Tel_Aviv_IL,CHL,0.1244,0.1015,0.0739,0.2254,0.93
2023-09-16,Tel_Aviv_IL,CHL,0.1907,0.1147,0.0729,0.247,0.93
2023-09-17,Tel_Aviv_IL,CHL,0.1843,0.1866,0.1001,0.405,1
2023-09-18,Tel_Aviv_IL,CHL,0.3821,0.3748,0.1684,0.5045,1
2023-09-19,Tel_Aviv_IL,CHL,0.5847,0.1991,0.1413,0.5847,0.865
2023-09-20,Tel_Aviv_IL,CHL,0.8738,0.8738,0.5097,2.112,0.895
2023-09-21,Tel_Aviv_IL,CHL,1.103,1.086,0.596,2.145,1
2023-09-22,Tel_Aviv_IL,CHL,0.827,0.5915,0.3863,1.307,0.88
2023-09-23,Tel_Aviv_IL,CHL,1.139,0.8902,0.5765,2.055,1
2023-09-24,Tel_Aviv_IL,CHL,0.6697,0.4541,0.2848,0.8842,0.93
2023-09-25,Tel_Aviv_IL,CHL,0.4488,0.2774,0.2278,0.8937,1
2023-09-26,Tel_Aviv_IL,CHL,0.3766,0.1989,0.1525,0.4721,0.93
2023-09-27,Tel_Aviv_IL,CHL,0.2502,0.1875,0.1228,0.5011,1
2023-09-28,Tel_Aviv_IL,CHL,0.2214,0.1153,0.0819,0.4765,0.93
2023-09-29,Tel_Aviv_IL,CHL,0.1271,0.0597,0.0611,0.2938,0.93
2023-09-30,Tel_Aviv_IL,CHL,0.0373,0.0646,0.0518,0.0692,0.88
2023-10-03,Tel_Aviv_IL,CHL,0.1468,0.2165,0.1193,0.3162,0.545
2023-10-04,Tel_Aviv_IL,CHL,0.0832,0.0755,0.0803,0.2752,1
2023-10-06,Tel_Aviv_IL,CHL,0.1142,0.1733,0.1129,0.2032,0.93
2023-10-07,Tel_Aviv_IL,CHL,0.1182,0.138,0.1281,0.138,0.13
2023-10-08,Tel_Aviv_IL,CHL,0.1711,0.1466,0.0892,0.1711,0.865
2023-10-12,Tel_Aviv_IL,CHL,0.137,0.1568,0.1201,0.2082,0.93
2023-10-13,Tel_Aviv_IL,CHL,0.1655,0.1755,0.1542,0.198,0.93
2023-10-14,Tel_Aviv_IL,CHL,0.2354,0.2161,0.1684,0.2354,0.93
2023-10-15,Tel_Aviv_IL,CHL,,0.106,0.0785,0.1141,0.38
2023-10-16,Tel_Aviv_IL,CHL,,0.2558,0.2084,0.6432,0.775
2023-10-17,Tel_Aviv_IL,CHL,0.5214,0.5182,0.2738,0.6006,1
2023-10-18,Tel_Aviv_IL,CHL,0.3289,0.3289,0.1848,0.3566,0.6
2023-10-19,Tel_Aviv_IL,CHL,,0.2818,0.2256,0.2932,0.475
2023-10-20,Tel_Aviv_IL,CHL,0.3976,0.4835,0.3128,0.687,0.915
2023-10-21,Tel_Aviv_IL,CHL,0.4857,0.3116,0.1568,0.4857,0.93
2023-10-25,Tel_Aviv_IL,CHL,0.2739,0.2467,0.186,0.2992,0.93
2023-10-26,Tel_Aviv_IL,CHL,0.4841,0.3196,0.2518,0.5931,0.93
2023-10-30,Tel_Aviv_IL,CHL,0.2653,0.1684,0.1596,0.4184,0.93
2023-10-31,Tel_Aviv_IL,CHL,,0.1354,0.117,0.2108,0.8
2023-11-01,Tel_Aviv_IL,CHL,,0.1314,0.1059,0.1547,0.735
2023-11-02,Tel_Aviv_IL,CHL,0.1386,0.2555,0.1753,0.2555,0.265
2023-11-03,Tel_Aviv_IL,CHL,0.0869,0.0848,0.076,0.1235,0.93
2023-11-04,Tel_Aviv_IL,CHL,0.1497,0.1108,0.0889,0.1512,0.88
2023-11-05,Tel_Aviv_IL,CHL,0.1922,0.1572,0.1028,0.1922,0.93
2023-11-06,Tel_Aviv_IL,CHL,0.1859,0.2093,0.1481,0.2328,0.93
2023-11-07,Tel_Aviv_IL,CHL,0.1679,0.2102,0.1266,0.2333,0.93
2023-11-08,Tel_Aviv_IL,CHL,0.2009,0.1853,0.1335,0.3571,1
2023-11-09,Tel_Aviv_IL,CHL,0.1954,0.2593,0.1638,0.3198,0.995
2023-11-10,Tel_Aviv_IL,CHL,0.1395,0.1395,0.0938,0.2509,1
2023-11-11,Tel_Aviv_IL,CHL,0.2168,0.1649,0.1163,0.2168,0.46
2023-11-15,Tel_Aviv_IL,CHL,0.1242,0.0939,0.063,0.1242,0.795
2023-11-16,Tel_Aviv_IL,CHL,0.1319,0.1299,0.1257,0.5133,1
2023-11-17,Tel_Aviv_IL,CHL,,0.1323,0.1142,0.1323,0.26
2023-11-18,Tel_Aviv_IL,CHL,,0.1748,0.1528,0.1748,0.13
2023-11-21,Tel_Aviv_IL,CHL,1.268,1.282,0.8569,1.489,0.93
2023-11-23,Tel_Aviv_IL,CHL,,0.4672,0.3062,0.5697,0.8
2023-11-24,Tel_Aviv_IL,CHL,0.8702,0.8034,0.6411,1.028,0.93
2023-11-28,Tel_Aviv_IL,CHL,,0.326,0.2092,0.326,0.265
2023-11-29,Tel_Aviv_IL,CHL,0.5809,0.4761,0.4763,1.012,1
2023-11-30,Tel_Aviv_IL,CHL,0.5172,0.4732,0.4261,0.6434,0.93
2023-12-01,Tel_Aviv_IL,CHL,0.114,0.126,0.1124,0.2761,0.93
2023-12-02,Tel_Aviv_IL,CHL,0.1379,0.214,0.1756,0.2634,1
2023-12-03,Tel_Aviv_IL,CHL,0.1345,0.1399,0.1102,0.2928,1
2023-12-04,Tel_Aviv_IL,CHL,0.1802,0.1726,0.1275,0.1983,0.93
2023-12-08,Tel_Aviv_IL,CHL,0.163,0.1968,0.1826,0.2072,0.425
2023-12-11,Tel_Aviv_IL,CHL,0.2281,0.2106,0.1256,0.2281,0.93
2023-12-12,Tel_Aviv_IL,CHL,0.1638,0.1638,0.1224,0.2266,0.45
2023-12-13,Tel_Aviv_IL,CHL,,0.0502,0.0495,0.0502,0.015
2023-12-14,Tel_Aviv_IL,CHL,0.2371,0.2371,0.2207,0.2456,0.23
2023-12-15,Tel_Aviv_IL,CHL,0.1747,0.2228,0.1817,0.4378,1
2023-12-16,Tel_Aviv_IL,CHL,,0.1487,0.1267,0.1487,0.21
2023-12-17,Tel_Aviv_IL,CHL,0.2555,0.2559,0.185,0.3957,1
2023-12-18,Tel_Aviv_IL,CHL,0.2341,0.2146,0.1316,0.2466,0.93
2023-12-19,Tel_Aviv_IL,CHL,0.2621,0.2942,0.2773,0.5041,1
2023-12-22,Tel_Aviv_IL,CHL,,0.0871,0.0811,0.0871,0.125
2023-12-25,Tel_Aviv_IL,CHL,0.9454,0.9454,0.4248,1.271,1
2023-12-26,Tel_Aviv_IL,CHL,0.4133,0.4548,0.2789,0.786,0.93
2023-12-29,Tel_Aviv_IL,CHL,0.4852,0.3594,0.3039,0.669,1
2023-12-30,Tel_Aviv_IL,CHL,0.467,0.4217,0.3112,0.7126,1
2023-12-31,Tel_Aviv_IL,CHL,0.345,0.31,0.216,0.4098,0.93
2023-01-03,Hadera_IL,CHL,0.1995,0.1891,0.1461,0.1995,0.8159
2023-01-04,Hadera_IL,CHL,,0.1615,0.1332,0.1835,0.7562
2023-01-05,Hadera_IL,CHL,,0.0738,0.0718,0.0785,0.6617
2023-01-06,Hadera_IL,CHL,0.0935,0.1002,0.0976,0.1221,0.4925
2023-01-08,Hadera_IL,CHL,0.1016,0.1016,0.0858,0.2155,0.9652
2023-01-09,Hadera_IL,CHL,0.104,0.1105,0.0953,0.1342,0.8159
2023-01-10,Hadera_IL,CHL,0.1565,0.1557,0.1254,0.1697,0.8209
2023-01-11,Hadera_IL,CHL,0.1606,0.1908,0.1672,0.1908,0.1841
2023-01-17,Hadera_IL,CHL,0.0928,0.0812,0.0707,0.1001,0.791
2023-01-18,Hadera_IL,CHL,0.1163,0.1108,0.0878,0.1212,0.9403
2023-01-19,Hadera_IL,CHL,0.1714,0.1612,0.1194,0.4767,0.9652
2023-01-20,Hadera_IL,CHL,0.1913,0.1655,0.1293,0.1913,0.9403
2023-01-21,Hadera_IL,CHL,0.1516,0.1629,0.1399,0.2512,0.9751
2023-01-22,Hadera_IL,CHL,0.1854,0.1838,0.1631,0.206,0.9403
2023-01-23,Hadera_IL,CHL,0.1525,0.1427,0.1059,0.174,0.9403
2023-01-24,Hadera_IL,CHL,0.1714,0.1747,0.131,0.2319,0.9403
2023-01-25,Hadera_IL,CHL,0.0849,0.1225,0.0969,0.1587,0.9403
2023-01-26,Hadera_IL,CHL,0.1177,0.1237,0.0844,0.1453,0.9652
2023-01-27,Hadera_IL,CHL,0.0929,0.0941,0.0875,0.1198,0.9403
2023-01-30,Hadera_IL,CHL,,0.0974,0.0917,0.0974,0.2786
2023-01-31,Hadera_IL,CHL,0.1418,0.1292,0.0963,0.1652,0.8756
2023-02-03,Hadera_IL,CHL,,0.143,0.101,0.1673,0.597
2023-02-04,Hadera_IL,CHL,,0.3294,0.2686,0.6614,0.2438
2023-02-08,Hadera_IL,CHL,,0.1299,0.1299,0.1299,0.0249
2023-02-09,Hadera_IL,CHL,0.8592,0.9384,0.7152,1.293,1
2023-02-10,Hadera_IL,CHL,,0.3012,0.2763,0.3293,0.4925
2023-02-12,Hadera_IL,CHL,0.4752,0.4394,0.2734,0.5314,0.7562
2023-02-13,Hadera_IL,CHL,0.4368,0.4848,0.3752,0.99,0.9751
2023-02-14,Hadera_IL,CHL,0.2606,0.2278,0.1726,0.3589,0.9403
2023-02-15,Hadera_IL,CHL,0.2923,0.2574,0.1843,0.3845,0.9403
2023-02-17,Hadera_IL,CHL,0.1987,0.1987,0.1406,0.478,1
2023-02-18,Hadera_IL,CHL,0.3256,0.3492,0.2037,0.3918,0.9403
2023-02-19,Hadera_IL,CHL,0.2209,0.2209,0.1615,0.6212,0.9652
2023-02-20,Hadera_IL,CHL,0.1856,0.1791,0.1405,0.2322,0.8756
2023-02-22,Hadera_IL,CHL,0.2206,0.1983,0.1192,0.2206,0.9403
2023-02-23,Hadera_IL,CHL,0.0936,0.0936,0.0812,0.1311,0.6368
2023-02-24,Hadera_IL,CHL,0.0921,0.0768,0.0718,0.0936,0.8159
2023-02-25,Hadera_IL,CHL,0.1163,0.1023,0.0928,0.1518,0.9403
2023-02-26,Hadera_IL,CHL,,0.122,0.1007,0.1685,0.7562
2023-02-27,Hadera_IL,CHL,,0.1054,0.0886,0.1427,0.7562
2023-03-01,Hadera_IL,CHL,0.1567,0.1295,0.105,0.1567,0.8159
2023-03-02,Hadera_IL,CHL,0.1659,0.1504,0.1146,0.1983,0.8756
2023-03-04,Hadera_IL,CHL,0.0471,0.0566,0.0633,0.1782,1
2023-03-05,Hadera_IL,CHL,,0.0714,0.0697,0.0742,0.3881
2023-03-06,Hadera_IL,CHL,0.0675,0.0585,0.0478,0.0675,0.8756
2023-03-08,Hadera_IL,CHL,0.0508,0.051,0.0616,0.2323,1
2023-03-09,Hadera_IL,CHL,0.0618,0.0541,0.0471,0.1038,0.9403
2023-03-10,Hadera_IL,CHL,0.0774,0.0607,0.0549,0.139,0.9403
2023-03-11,Hadera_IL,CHL,0.0595,0.0595,0.0589,0.27,0.9751
2023-03-12,Hadera_IL,CHL,0.0481,0.0426,0.0401,0.0693,0.9403
2023-03-16,Hadera_IL,CHL,0.076,0.076,0.0641,0.3032,0.9751
2023-03-17,Hadera_IL,CHL,0.1493,0.1131,0.0802,0.2159,0.8358
2023-03-18,Hadera_IL,CHL,,0.0439,0.0432,0.0447,0.2687
2023-03-20,Hadera_IL,CHL,0.3378,0.248,0.1986,0.8595,0.9403
2023-03-26,Hadera_IL,CHL,,0.1512,0.1406,0.1512,0.0697
2023-03-27,Hadera_IL,CHL,0.2469,0.3026,0.2448,0.6532,0.9751
2023-03-28,Hadera_IL,CHL,0.2304,0.329,0.2359,0.378,0.9403
2023-03-31,Hadera_IL,CHL,1.072,0.9759,0.5458,1.165,0.9403
2023-04-01,Hadera_IL,CHL,0.9185,0.6001,0.3691,1.175,0.9403
2023-04-02,Hadera_IL,CHL,0.6375,0.478,0.2892,1.237,0.8756
2023-04-03,Hadera_IL,CHL,0.7275,0.7275,0.4134,1.2,1
2023-04-04,Hadera_IL,CHL,0.487,0.3272,0.2496,0.5661,0.9403
2023-04-05,Hadera_IL,CHL,0.3176,0.2853,0.1917,0.3491,0.8756
2023-04-06,Hadera_IL,CHL,,0.1182,0.0963,0.1379,0.2886
2023-04-11,Hadera_IL,CHL,,0.0775,0.0755,0.0936,0.4478
2023-04-15,Hadera_IL,CHL,0.9265,0.9265,0.6945,1.225,0.3284
2023-04-16,Hadera_IL,CHL,0.3341,0.2936,0.2872,0.4865,0.9403
2023-04-17,Hadera_IL,CHL,0.4617,0.4353,0.3563,0.5118,0.9403
2023-04-19,Hadera_IL,CHL,,0.1426,0.1326,0.1426,0.204
2023-04-21,Hadera_IL,CHL,0.1832,0.2295,0.1989,0.2617,0.9154
2023-04-22,Hadera_IL,CHL,,0.1737,0.1606,0.1818,0.7562
2023-04-24,Hadera_IL,CHL,0.1032,0.1388,0.1313,0.165,0.9403
2023-04-25,Hadera_IL,CHL,,0.0739,0.0685,0.0803,0.6667
2023-04-26,Hadera_IL,CHL,0.065,0.0763,0.0747,0.2467,0.9652
2023-04-27,Hadera_IL,CHL,0.0618,0.0618,0.0603,0.1764,0.9652
2023-04-28,Hadera_IL,CHL,0.0761,0.0685,0.0663,0.1023,0.9403
2023-04-29,Hadera_IL,CHL,,0.0519,0.0519,0.0519,0.0448
2023-05-01,Hadera_IL,CHL,0.1228,0.1168,0.0596,0.1327,0.8756
2023-05-02,Hadera_IL,CHL,0.1252,0.1254,0.0847,0.3679,0.9652
2023-05-03,Hadera_IL,CHL,,0.0699,0.0525,0.0743,0.6667
2023-05-04,Hadera_IL,CHL,0.1401,0.1401,0.1101,0.3615,1
2023-05-05,Hadera_IL,CHL,,0.0762,0.0729,0.0812,0.3284
2023-05-06,Hadera_IL,CHL,0.0817,0.0726,0.0602,0.0906,0.8756
2023-05-07,Hadera_IL,CHL,0.0762,0.0715,0.0678,0.0762,0.3682
2023-05-08,Hadera_IL,CHL,0.0738,0.0706,0.0584,0.0835,0.8756
2023-05-09,Hadera_IL,CHL,0.0742,0.0742,0.071,0.1854,1
2023-05-10,Hadera_IL,CHL,0.0918,0.0867,0.0684,0.1022,0.8756
2023-05-12,Hadera_IL,CHL,,0.0781,0.0658,0.0899,0.6318
2023-05-13,Hadera_IL,CHL,,0.0489,0.0486,0.0489,0.0697
2023-05-14,Hadera_IL,CHL,,0.0825,0.0738,0.0846,0.7562
2023-05-15,Hadera_IL,CHL,0.101,0.0852,0.0898,0.1717,0.8756
2023-05-16,Hadera_IL,CHL,0.1079,0.0809,0.0723,0.1079,0.8159
2023-05-17,Hadera_IL,CHL,0.0887,0.0836,0.0693,0.0941,0.8756
2023-05-20,Hadera_IL,CHL,,0.066,0.0645,0.066,0.2687
2023-05-21,Hadera_IL,CHL,,0.0676,0.0604,0.0682,0.6318
2023-05-23,Hadera_IL,CHL,0.0871,0.0791,0.0739,0.1149,0.9403
2023-05-25,Hadera_IL,CHL,0.1117,0.1117,0.0948,0.2792,0.9751
2023-05-29,Hadera_IL,CHL,,0.0815,0.0681,0.0876,0.4876
2023-05-30,Hadera_IL,CHL,0.0907,0.0772,0.0622,0.0907,0.791
2023-05-31,Hadera_IL,CHL,0.068,0.0575,0.0483,0.0779,0.8756
2023-06-04,Hadera_IL,CHL,0.105,0.0943,0.0692,0.1169,0.8756
2023-06-05,Hadera_IL,CHL,0.0501,0.0501,0.0525,0.1738,0.9751
2023-06-06,Hadera_IL,CHL,0.0733,0.2083,0.1066,0.2089,0.204
2023-06-07,Hadera_IL,CHL,0.0723,0.0631,0.0561,0.0723,0.6567
2023-06-10,Hadera_IL,CHL,,0.0787,0.0662,0.0801,0.6318
2023-06-11,Hadera_IL,CHL,0.0548,0.0531,0.0461,0.0601,0.8756
2023-06-12,Hadera_IL,CHL,0.0607,0.0585,0.0618,0.2469,0.9353
2023-06-14,Hadera_IL,CHL,0.0768,0.0697,0.0569,0.0809,0.7463
2023-06-15,Hadera_IL,CHL,,0.04,0.0367,0.04,0.194
2023-06-16,Hadera_IL,CHL,0.0568,0.0575,0.0481,0.0657,0.8756
2023-06-19,Hadera_IL,CHL,0.0638,0.0556,0.0492,0.0654,0.8159
2023-06-20,Hadera_IL,CHL,0.0734,0.0591,0.0528,0.0847,0.6318
2023-06-21,Hadera_IL,CHL,0.0627,0.0693,0.0674,0.2332,0.9652
2023-06-22,Hadera_IL,CHL,,0.0428,0.0404,0.0634,0.7562
2023-06-23,Hadera_IL,CHL,0.0983,0.0644,0.0531,0.0983,0.8159
2023-06-24,Hadera_IL,CHL,0.1154,0.1154,0.0761,0.3024,0.9652
2023-06-25,Hadera_IL,CHL,0.0896,0.0821,0.061,0.1232,0.9403
2023-06-26,Hadera_IL,CHL,0.0876,0.0876,0.0653,0.1454,0.8607
2023-06-27,Hadera_IL,CHL,0.0664,0.0675,0.0565,0.0997,0.9403
2023-06-28,Hadera_IL,CHL,0.0905,0.0757,0.0575,0.1037,0.8756
2023-06-29,Hadera_IL,CHL,0.1184,0.1184,0.0903,0.1184,0.209
2023-06-30,Hadera_IL,CHL,,0.0819,0.0745,0.1136,0.4726
2023-07-01,Hadera_IL,CHL,0.0896,0.1002,0.0802,0.3213,0.9652
2023-07-02,Hadera_IL,CHL,0.1121,0.081,0.0718,0.1637,0.9403
2023-07-03,Hadera_IL,CHL,0.1195,0.1354,0.1008,0.3006,0.791
2023-07-04,Hadera_IL,CHL,0.1286,0.1004,0.0784,0.176,0.806
2023-07-05,Hadera_IL,CHL,0.1129,0.1129,0.0953,0.377,1
2023-07-06,Hadera_IL,CHL,0.0958,0.1067,0.0895,0.2307,0.5124
2023-07-07,Hadera_IL,CHL,0.0843,0.0942,0.0804,0.1008,0.8159
2023-07-08,Hadera_IL,CHL,0.1432,0.1432,0.0992,0.1572,0.4726
2023-07-09,Hadera_IL,CHL,0.0934,0.1112,0.0863,0.1444,0.6119
2023-07-10,Hadera_IL,CHL,0.1801,0.2076,0.1367,0.447,0.9005
2023-07-11,Hadera_IL,CHL,,0.1216,0.1016,0.2549,0.8458
2023-07-12,Hadera_IL,CHL,0.2211,0.1991,0.124,0.2532,0.8756
2023-07-13,Hadera_IL,CHL,0.3541,0.2962,0.2222,0.4267,0.9403
2023-07-14,Hadera_IL,CHL,0.2164,0.2164,0.1717,0.2541,0.9403
2023-07-15,Hadera_IL,CHL,0.1478,0.1197,0.1144,0.1867,0.8756
2023-07-16,Hadera_IL,CHL,0.1807,0.1832,0.1428,0.1916,0.9403
2023-07-17,Hadera_IL,CHL,0.2033,0.2034,0.1213,0.2187,0.8756
2023-07-18,Hadera_IL,CHL,0.1912,0.1993,0.1066,0.2383,0.9403
2023-07-20,Hadera_IL,CHL,0.0649,0.0818,0.0818,0.3051,0.9353
2023-07-21,Hadera_IL,CHL,0.2263,0.1765,0.109,0.2358,0.9403
2023-07-22,Hadera_IL,CHL,,0.0583,0.0497,0.0583,0.204
2023-07-23,Hadera_IL,CHL,0.2261,0.2855,0.2216,0.2964,0.8756
2023-07-24,Hadera_IL,CHL,0.285,0.2914,0.2088,0.7359,0.7463
2023-07-25,Hadera_IL,CHL,0.3278,0.1013,0.0997,0.3278,0.8159
2023-07-26,Hadera_IL,CHL,0.3017,0.1002,0.0824,0.3572,0.8756
2023-07-27,Hadera_IL,CHL,0.1128,0.0753,0.0553,0.1128,0.8159
2023-07-28,Hadera_IL,CHL,0.2923,0.2338,0.1138,0.3006,0.9403
2023-07-29,Hadera_IL,CHL,0.2018,0.2355,0.2582,1.117,0.2786
2023-07-30,Hadera_IL,CHL,0.2582,0.1463,0.1062,0.3012,0.7313
2023-07-31,Hadera_IL,CHL,0.2679,0.1181,0.076,0.2725,0.8806
2023-08-01,Hadera_IL,CHL,0.254,0.254,0.1084,0.4111,0.8806
2023-08-02,Hadera_IL,CHL,0.2722,0.2722,0.2102,0.7679,1
2023-08-03,Hadera_IL,CHL,0.1662,0.1662,0.1236,0.3762,0.9652
2023-08-05,Hadera_IL,CHL,,0.0316,0.0316,0.0316,0.0249
2023-08-06,Hadera_IL,CHL,0.205,0.1767,0.1112,0.3775,0.9403
2023-08-07,Hadera_IL,CHL,0.4576,0.3327,0.196,0.4576,0.6169
2023-08-08,Hadera_IL,CHL,,0.0845,0.0712,0.2739,0.7562
2023-08-09,Hadera_IL,CHL,0.2174,0.1768,0.1155,0.3857,0.9403
2023-08-10,Hadera_IL,CHL,0.392,0.3659,0.1849,0.6253,0.9403
2023-08-11,Hadera_IL,CHL,0.2896,0.1925,0.1265,0.4171,0.9403
2023-08-12,Hadera_IL,CHL,0.2122,0.2122,0.1456,0.4706,1
2023-08-17,Hadera_IL,CHL,0.1817,0.169,0.0894,0.1902,0.8159
2023-08-18,Hadera_IL,CHL,,0.2897,0.2307,0.3036,0.1841
2023-08-19,Hadera_IL,CHL,0.0776,0.0776,0.0641,0.0864,0.8159
2023-08-20,Hadera_IL,CHL,0.1412,0.1412,0.0843,0.1659,0.8756
2023-08-22,Hadera_IL,CHL,0.1186,0.2875,0.196,0.3754,0.9652
2023-08-23,Hadera_IL,CHL,,0.1493,0.1139,0.1568,0.4776
2023-08-24,Hadera_IL,CHL,1.036,1.057,0.6512,1.314,1
2023-08-25,Hadera_IL,CHL,,0.3166,0.2636,0.3243,0.4129
2023-08-26,Hadera_IL,CHL,,0.043,0.043,0.043,0.0249
2023-08-30,Hadera_IL,CHL,0.1128,0.1103,0.0577,0.1993,0.9652
2023-08-31,Hadera_IL,CHL,0.0912,0.0636,0.0506,0.0912,0.8159
2023-09-01,Hadera_IL,CHL,0.0721,0.1,0.0635,0.1255,0.8756
2023-09-02,Hadera_IL,CHL,0.0761,0.1867,0.1406,0.3092,0.9751
2023-09-03,Hadera_IL,CHL,0.1321,0.117,0.0711,0.1321,0.597
2023-09-04,Hadera_IL,CHL,0.193,0.2056,0.1199,0.3453,0.9652
2023-09-05,Hadera_IL,CHL,0.1232,0.1232,0.0656,0.2703,0.9652
2023-09-06,Hadera_IL,CHL,0.2161,0.1834,0.0974,0.2356,0.9403
2023-09-07,Hadera_IL,CHL,0.2033,0.2034,0.1424,0.5376,0.9652
2023-09-08,Hadera_IL,CHL,0.134,0.134,0.0915,0.2108,0.9652
2023-09-09,Hadera_IL,CHL,0.0931,0.1222,0.0783,0.2118,0.9652
2023-09-10,Hadera_IL,CHL,0.0808,0.0808,0.0597,0.2253,0.9652
2023-09-11,Hadera_IL,CHL,,0.0685,0.0465,0.0894,0.7562
2023-09-14,Hadera_IL,CHL,0.0557,0.0541,0.0424,0.0915,0.9403
2023-09-15,Hadera_IL,CHL,0.0696,0.0666,0.0461,0.0954,0.9403
2023-09-16,Hadera_IL,CHL,0.0961,0.0961,0.0592,0.355,0.9652
2023-09-17,Hadera_IL,CHL,0.048,0.048,0.044,0.246,1
2023-09-18,Hadera_IL,CHL,0.1398,0.1015,0.0526,0.1449,0.8756
2023-09-19,Hadera_IL,CHL,0.0762,0.0762,0.0455,0.0877,0.5721
2023-09-20,Hadera_IL,CHL,0.1268,0.1268,0.075,0.4772,0.9652
2023-09-21,Hadera_IL,CHL,0.1068,0.1068,0.0598,0.1186,0.8756
2023-09-22,Hadera_IL,CHL,0.1394,0.1214,0.0744,0.3443,0.9751
2023-09-23,Hadera_IL,CHL,0.1242,0.1242,0.0695,0.2291,0.9652
2023-09-24,Hadera_IL,CHL,0.0195,0.0262,0.0257,0.0601,0.9403
2023-09-25,Hadera_IL,CHL,0.0382,0.0382,0.035,0.0852,0.9652
2023-09-26,Hadera_IL,CHL,0.0565,0.0413,0.0479,0.1081,0.9403
2023-09-27,Hadera_IL,CHL,0.0619,0.0619,0.0401,0.1259,0.9652
2023-09-28,Hadera_IL,CHL,0.0879,0.0528,0.0572,0.2251,0.9403
2023-09-29,Hadera_IL,CHL,0.0425,0.0618,0.0607,0.1391,0.9403
2023-09-30,Hadera_IL,CHL,0.0323,0.0367,0.0392,0.1071,0.9403
2023-10-03,Hadera_IL,CHL,0.0528,0.0593,0.0748,0.3702,1
2023-10-04,Hadera_IL,CHL,0.0865,0.0742,0.0551,0.1019,0.8756
2023-10-06,Hadera_IL,CHL,0.0965,0.0704,0.0657,0.1501,0.9403
2023-10-07,Hadera_IL,CHL,0.074,0.0704,0.0589,0.1192,0.9403
2023-10-08,Hadera_IL,CHL,0.0567,0.0531,0.0459,0.0764,0.8756
2023-10-12,Hadera_IL,CHL,0.0892,0.0892,0.063,0.3097,0.9652
2023-10-13,Hadera_IL,CHL,0.0882,0.09,0.0707,0.1751,1
2023-10-14,Hadera_IL,CHL,0.0904,0.0904,0.07,0.2021,1
2023-10-15,Hadera_IL,CHL,0.0887,0.0887,0.0682,0.2126,0.9652
2023-10-16,Hadera_IL,CHL,,0.0455,0.0455,0.0455,0.0249
2023-10-17,Hadera_IL,CHL,0.1354,0.1427,0.105,0.1977,0.9652
2023-10-18,Hadera_IL,CHL,,0.1008,0.0873,0.1008,0.1841
2023-10-19,Hadera_IL,CHL,,0.1066,0.0982,0.1066,0.1841
2023-10-20,Hadera_IL,CHL,0.1896,0.183,0.1411,0.2324,0.9403
2023-10-21,Hadera_IL,CHL,0.2123,0.1931,0.1661,0.2209,0.8756
2023-10-25,Hadera_IL,CHL,0.1556,0.15,0.1151,0.1697,0.9403
2023-10-26,Hadera_IL,CHL,0.1625,0.1088,0.0988,0.1764,0.9403
2023-10-28,Hadera_IL,CHL,,0.0732,0.0695,0.0732,0.1443
2023-10-30,Hadera_IL,CHL,0.1333,0.1161,0.1023,0.1582,0.7562
2023-10-31,Hadera_IL,CHL,0.0966,0.0881,0.0935,0.1971,0.9403
2023-11-01,Hadera_IL,CHL,,0.1068,0.0865,0.115,0.7562
2023-11-02,Hadera_IL,CHL,0.1369,0.1278,0.1091,0.1761,0.607
2023-11-03,Hadera_IL,CHL,0.1166,0.1034,0.087,0.1511,0.9403
2023-11-04,Hadera_IL,CHL,0.1848,0.1607,0.1054,0.1968,0.8756
2023-11-05,Hadera_IL,CHL,0.2276,0.1932,0.1463,0.4391,0.9751
2023-11-06,Hadera_IL,CHL,0.1732,0.1732,0.1233,0.3853,0.9652
2023-11-07,Hadera_IL,CHL,0.1154,0.1015,0.0827,0.1415,0.9403
2023-11-08,Hadera_IL,CHL,0.126,0.1137,0.0935,0.1398,0.9403
2023-11-09,Hadera_IL,CHL,0.124,0.1374,0.1137,0.1569,0.9403
2023-11-10,Hadera_IL,CHL,,0.1366,0.1178,0.1396,0.4129
2023-11-14,Hadera_IL,CHL,0.1782,0.1772,0.1597,0.1782,0.3085
2023-11-15,Hadera_IL,CHL,0.123,0.1211,0.0978,0.1736,0.9403
2023-11-16,Hadera_IL,CHL,0.1528,0.1824,0.1488,0.4073,0.5871
2023-11-18,Hadera_IL,CHL,0.1152,0.1509,0.109,0.1509,0.2687
2023-11-21,Hadera_IL,CHL,1.007,0.7885,0.5495,1.146,0.9403
2023-11-23,Hadera_IL,CHL,0.384,0.368,0.2642,0.384,0.8756
2023-11-24,Hadera_IL,CHL,0.5937,0.5937,0.3805,0.7091,0.9652
2023-11-28,Hadera_IL,CHL,,0.1425,0.1331,0.1425,0.0995
2023-11-29,Hadera_IL,CHL,1.206,1.112,0.9244,1.207,1
2023-11-30,Hadera_IL,CHL,0.6541,0.5681,0.4705,0.8619,0.9403
2023-12-01,Hadera_IL,CHL,0.3095,0.3413,0.3216,0.3747,0.9403
2023-12-02,Hadera_IL,CHL,0.2654,0.2494,0.1617,0.2843,0.9403
2023-12-03,Hadera_IL,CHL,0.3296,0.2594,0.204,0.3296,0.9403
2023-12-04,Hadera_IL,CHL,0.1456,0.118,0.0925,0.1565,0.9403
2023-12-06,Hadera_IL,CHL,,0.0983,0.0983,0.0983,0.0597
2023-12-11,Hadera_IL,CHL,0.1479,0.1823,0.167,0.1912,0.9403
2023-12-12,Hadera_IL,CHL,0.2112,0.199,0.1569,0.2249,0.9403
2023-12-13,Hadera_IL,CHL,0.1456,0.1227,0.0869,0.1617,0.806
2023-12-14,Hadera_IL,CHL,0.1263,0.1272,0.0993,0.3093,0.6169
2023-12-15,Hadera_IL,CHL,0.0767,0.0797,0.0769,0.1113,0.9403
2023-12-16,Hadera_IL,CHL,,0.1173,0.1158,0.1177,0.2985
2023-12-18,Hadera_IL,CHL,0.1252,0.1094,0.0986,0.1769,0.9403
2023-12-19,Hadera_IL,CHL,0.1202,0.1274,0.1162,0.2389,1
2023-12-22,Hadera_IL,CHL,,0.3,0.2757,0.3512,0.2736
2023-12-24,Hadera_IL,CHL,0.1956,0.2615,0.2135,0.2615,0.2736
2023-12-25,Hadera_IL,CHL,0.1599,0.1599,0.1136,0.4745,1
2023-12-26,Hadera_IL,CHL,0.2886,0.3215,0.1918,0.6363,1
2023-12-28,Hadera_IL,CHL,0.1566,0.1495,0.1331,0.1566,0.5473
2023-12-29,Hadera_IL,CHL,0.0561,0.0658,0.066,0.156,0.9751
2023-12-30,Hadera_IL,CHL,0.0587,0.0693,0.0651,0.072,0.8756
2023-12-31,Hadera_IL,CHL,0.1241,0.1146,0.094,0.1579,0.9403
2023-01-01,Rosetta_mouth,CHL,,0.6156,0.603,0.6156,0.0663
2023-01-04,Rosetta_mouth,CHL,4.347,3.531,2.113,4.603,1
2023-01-05,Rosetta_mouth,CHL,,1.21,0.84,1.481,0.6851
2023-01-06,Rosetta_mouth,CHL,3.773,3.773,2.116,5.385,1
2023-01-07,Rosetta_mouth,CHL,,0.3943,0.3672,0.3943,0.1823
2023-01-09,Rosetta_mouth,CHL,2.127,1.958,1.337,3.114,0.6851
2023-01-10,Rosetta_mouth,CHL,3.131,2.718,1.785,3.337,1
2023-01-11,Rosetta_mouth,CHL,,1.593,1.593,1.593,0.0608
2023-01-14,Rosetta_mouth,CHL,,0.4389,0.4304,0.4389,0.0663
2023-01-15,Rosetta_mouth,CHL,,3.493,3.345,3.493,0.1271
2023-01-16,Rosetta_mouth,CHL,3.565,2.988,2.251,3.565,0.4309
2023-01-17,Rosetta_mouth,CHL,2.423,2.423,1.979,2.701,0.4972
2023-01-18,Rosetta_mouth,CHL,2.777,2.547,1.727,2.777,1
2023-01-19,Rosetta_mouth,CHL,2.388,2.184,1.183,2.58,0.9945
2023-01-20,Rosetta_mouth,CHL,2.726,2.247,1.337,2.726,1
2023-01-21,Rosetta_mouth,CHL,2.163,1.853,1.158,2.338,1
2023-01-23,Rosetta_mouth,CHL,2.47,2.43,1.837,3.379,1
2023-01-24,Rosetta_mouth,CHL,2.436,2.455,1.569,3.336,1
2023-01-25,Rosetta_mouth,CHL,,1.962,1.962,1.962,0.0663
2023-01-26,Rosetta_mouth,CHL,2.362,2.01,1.25,2.763,1
2023-01-28,Rosetta_mouth,CHL,2.67,2.09,1.271,2.887,1
2023-01-29,Rosetta_mouth,CHL,,1.433,1.202,1.433,0.2486
2023-01-30,Rosetta_mouth,CHL,2.369,2.117,1.55,2.465,1
2023-02-04,Rosetta_mouth,CHL,,6.395,3.609,7.42,0.8122
2023-02-05,Rosetta_mouth,CHL,8.948,7.497,4.951,8.994,0.6851
2023-02-09,Rosetta_mouth,CHL,3.823,2.362,1.901,4.136,1
2023-02-12,Rosetta_mouth,CHL,5.334,5.016,2.959,5.397,1
2023-02-14,Rosetta_mouth,CHL,,1.725,0.8295,1.725,0.2431
2023-02-16,Rosetta_mouth,CHL,,1.619,1.211,2.879,0.6906
2023-02-18,Rosetta_mouth,CHL,2.994,2.994,1.865,3.284,0.5635
2023-02-19,Rosetta_mouth,CHL,,1.925,1.88,1.925,0.1271
2023-02-20,Rosetta_mouth,CHL,1.851,1.942,1.711,1.942,0.2541
2023-02-22,Rosetta_mouth,CHL,,0.3132,0.2984,0.3132,0.1271
2023-02-23,Rosetta_mouth,CHL,,1.137,0.8038,1.177,0.558
2023-02-24,Rosetta_mouth,CHL,6.449,4.685,2.658,10.83,0.8011
2023-02-25,Rosetta_mouth,CHL,2.881,2.298,1.716,8.653,1
2023-02-26,Rosetta_mouth,CHL,2.019,1.644,1.091,2.462,1
2023-02-28,Rosetta_mouth,CHL,2.087,1.97,1.149,2.678,1
2023-03-01,Rosetta_mouth,CHL,,2.53,1.706,3.86,0.8122
2023-03-02,Rosetta_mouth,CHL,,1.251,0.7029,1.251,0.2486
2023-03-03,Rosetta_mouth,CHL,2.262,2.025,1.163,2.399,1
2023-03-04,Rosetta_mouth,CHL,1.887,1.704,1.101,2.075,1
2023-03-05,Rosetta_mouth,CHL,2.236,2.143,1.508,2.554,1
2023-03-06,Rosetta_mouth,CHL,3.904,3.675,2.165,3.98,1
2023-03-07,Rosetta_mouth,CHL,2.026,1.936,1.333,2.217,1
2023-03-08,Rosetta_mouth,CHL,2.874,1.973,1.426,3.181,1
2023-03-09,Rosetta_mouth,CHL,2.663,2.609,1.607,2.878,1
2023-03-10,Rosetta_mouth,CHL,2.651,2.391,1.606,2.651,1
2023-03-11,Rosetta_mouth,CHL,2.599,1.983,1.498,2.971,1
2023-03-12,Rosetta_mouth,CHL,2.142,1.919,1.382,2.241,1
2023-03-14,Rosetta_mouth,CHL,,1.367,1.113,1.581,0.6298
2023-03-15,Rosetta_mouth,CHL,,1.19,1.089,1.332,0.3757
2023-03-16,Rosetta_mouth,CHL,3.751,3.119,2.194,4.112,1
2023-03-17,Rosetta_mouth,CHL,,1.536,1.345,1.657,0.4365
2023-03-18,Rosetta_mouth,CHL,,2.976,2.752,2.976,0.0663
2023-03-25,Rosetta_mouth,CHL,3.676,2.264,1.859,4.132,1
2023-03-27,Rosetta_mouth,CHL,,2.031,1.623,2.217,0.7459
2023-03-28,Rosetta_mouth,CHL,2.558,2.209,1.519,2.558,1
2023-03-30,Rosetta_mouth,CHL,,5.872,3.348,7.489,0.8122
2023-03-31,Rosetta_mouth,CHL,4.793,4.395,3.245,5.176,0.6851
2023-04-01,Rosetta_mouth,CHL,2.421,2.111,1.791,2.584,1
2023-04-02,Rosetta_mouth,CHL,2.549,2.14,1.619,2.576,1
2023-04-03,Rosetta_mouth,CHL,2.494,2.167,1.777,2.707,1
2023-04-06,Rosetta_mouth,CHL,,1.956,1.471,2.977,0.8177
2023-04-11,Rosetta_mouth,CHL,3.666,2.131,1.704,4.16,1
2023-04-13,Rosetta_mouth,CHL,,0.4174,0.4174,0.4174,0.0055
2023-04-14,Rosetta_mouth,CHL,2.857,2.596,1.988,4.459,1
2023-04-15,Rosetta_mouth,CHL,2.813,2.422,1.855,3.172,1
2023-04-16,Rosetta_mouth,CHL,2.744,2.744,1.91,3.044,1
2023-04-17,Rosetta_mouth,CHL,2.592,2.19,1.679,2.746,1
2023-04-18,Rosetta_mouth,CHL,2.848,2.25,1.719,3.003,1
2023-04-20,Rosetta_mouth,CHL,1.921,1.483,1.243,3.142,1
2023-04-22,Rosetta_mouth,CHL,2.155,1.648,1.262,2.385,1
2023-04-24,Rosetta_mouth,CHL,2.047,1.688,1.183,2.427,1
2023-04-25,Rosetta_mouth,CHL,2.393,1.681,1.22,2.681,1
2023-04-26,Rosetta_mouth,CHL,1.784,1.37,1.098,1.954,1
2023-04-27,Rosetta_mouth,CHL,2.083,1.797,1.322,2.34,1
2023-04-28,Rosetta_mouth,CHL,2.034,1.839,1.2,2.034,0.7569
2023-04-30,Rosetta_mouth,CHL,3.143,2.407,1.258,3.143,0.4365
2023-05-01,Rosetta_mouth,CHL,2.503,1.888,1.46,2.908,1
2023-05-02,Rosetta_mouth,CHL,2.963,2.808,1.757,3.364,1
2023-05-03,Rosetta_mouth,CHL,,1.919,1.389,2.579,0.8785
2023-05-04,Rosetta_mouth,CHL,2.433,1.931,1.532,2.608,1
2023-05-05,Rosetta_mouth,CHL,4.768,3.671,2.155,4.768,1
2023-05-06,Rosetta_mouth,CHL,3.989,3.88,2.784,4.078,0.6243
2023-05-09,Rosetta_mouth,CHL,2.69,2.044,1.509,2.764,1
2023-05-12,Rosetta_mouth,CHL,2.578,2.317,1.535,2.695,1
2023-05-14,Rosetta_mouth,CHL,2.067,1.864,1.385,2.141,0.7459
2023-05-15,Rosetta_mouth,CHL,1.789,1.673,1.071,1.915,1
2023-05-20,Rosetta_mouth,CHL,1.87,1.78,0.8106,1.87,0.3149
2023-05-23,Rosetta_mouth,CHL,1.84,1.648,1.17,1.909,1
2023-05-25,Rosetta_mouth,CHL,2.603,2.487,1.908,2.634,1
2023-05-27,Rosetta_mouth,CHL,,1.752,1.176,2.129,0.8729
2023-05-29,Rosetta_mouth,CHL,1.956,1.804,1.27,2.169,0.8785
2023-05-30,Rosetta_mouth,CHL,1.973,1.921,1.473,2.215,1
2023-05-31,Rosetta_mouth,CHL,1.868,1.783,1.146,1.99,1
2023-06-03,Rosetta_mouth,CHL,,1.215,0.9183,1.297,0.5028
2023-06-04,Rosetta_mouth,CHL,,1.576,1.042,1.639,0.4309
2023-06-05,Rosetta_mouth,CHL,1.689,1.558,1.004,1.787,1
2023-06-07,Rosetta_mouth,CHL,,0.8688,0.4712,0.8688,0.1934
2023-06-10,Rosetta_mouth,CHL,1.874,1.584,0.9725,1.874,1
2023-06-11,Rosetta_mouth,CHL,2.122,1.548,0.8445,2.565,1
2023-06-12,Rosetta_mouth,CHL,2.13,1.331,0.8475,3.042,1
2023-06-14,Rosetta_mouth,CHL,,1.819,1.586,1.819,0.1878
2023-06-15,Rosetta_mouth,CHL,1.507,0.7284,0.5232,1.986,1
2023-06-16,Rosetta_mouth,CHL,1.496,1.236,0.71,1.699,1
2023-06-17,Rosetta_mouth,CHL,,0.3239,0.2059,0.4191,0.5028
2023-06-19,Rosetta_mouth,CHL,,0.4655,0.2595,0.5207,0.3149
2023-06-20,Rosetta_mouth,CHL,,0.1637,0.2944,1.188,0.3757
2023-06-22,Rosetta_mouth,CHL,1.588,1.588,1.047,1.676,1
2023-06-23,Rosetta_mouth,CHL,1.744,1.578,1.044,1.803,1
2023-06-24,Rosetta_mouth,CHL,1.632,1.706,1.008,1.895,1
2023-06-25,Rosetta_mouth,CHL,1.709,1.709,0.9552,1.821,1
2023-06-26,Rosetta_mouth,CHL,1.7,1.249,0.7536,1.7,1
2023-06-28,Rosetta_mouth,CHL,1.856,1.812,1.284,1.889,0.9392
2023-06-29,Rosetta_mouth,CHL,1.859,1.728,1.281,1.873,1
2023-06-30,Rosetta_mouth,CHL,,1.49,1.165,1.946,0.8729
2023-07-01,Rosetta_mouth,CHL,1.92,1.683,1.292,1.92,1
2023-07-02,Rosetta_mouth,CHL,1.749,1.621,1.123,1.749,1
2023-07-04,Rosetta_mouth,CHL,1.773,1.37,0.7766,1.944,1
2023-07-05,Rosetta_mouth,CHL,1.994,1.701,0.9444,2.129,1
2023-07-06,Rosetta_mouth,CHL,1.512,1.365,0.6696,1.513,1
2023-07-08,Rosetta_mouth,CHL,1.873,1.789,1.307,2.059,1
2023-07-09,Rosetta_mouth,CHL,5.212,4.61,2.595,5.939,1
2023-07-10,Rosetta_mouth,CHL,1.897,1.766,1.306,1.969,1
2023-07-11,Rosetta_mouth,CHL,2.069,1.944,1.535,2.139,1
2023-07-12,Rosetta_mouth,CHL,1.54,1.54,1.22,1.691,1
2023-07-13,Rosetta_mouth,CHL,1.93,1.655,1.236,2.111,1
2023-07-14,Rosetta_mouth,CHL,1.464,1.277,0.621,1.652,1
2023-07-16,Rosetta_mouth,CHL,1.236,0.5515,0.5252,2.344,1
2023-07-17,Rosetta_mouth,CHL,1.718,0.6574,0.6289,1.738,1
2023-07-18,Rosetta_mouth,CHL,1.896,1.212,0.6891,1.896,1
2023-07-19,Rosetta_mouth,CHL,1.553,1.508,0.782,1.819,1
2023-07-20,Rosetta_mouth,CHL,1.721,1.399,0.7516,1.819,1
2023-07-21,Rosetta_mouth,CHL,1.873,1.242,0.751,1.873,1
2023-07-22,Rosetta_mouth,CHL,1.74,1.277,0.7356,2.002,1
2023-07-23,Rosetta_mouth,CHL,1.584,1.141,0.7987,2.135,1
2023-07-24,Rosetta_mouth,CHL,1.649,1.203,0.8815,1.783,1
2023-07-25,Rosetta_mouth,CHL,1.802,1.762,0.968,1.92,1
2023-07-26,Rosetta_mouth,CHL,,1.599,0.8388,1.996,0.8785
2023-07-27,Rosetta_mouth,CHL,2.56,0.8867,0.6403,2.56,1
2023-07-29,Rosetta_mouth,CHL,,0.9679,0.727,0.9679,0.2486
2023-07-30,Rosetta_mouth,CHL,2.274,2.125,1.363,2.274,1
2023-07-31,Rosetta_mouth,CHL,2.032,1.98,1.369,2.207,1
2023-08-01,Rosetta_mouth,CHL,2.083,1.822,1.401,2.559,1
2023-08-02,Rosetta_mouth,CHL,1.74,1.599,1.064,2.222,1
2023-08-03,Rosetta_mouth,CHL,1.752,1.507,0.9022,1.752,1
2023-08-04,Rosetta_mouth,CHL,1.752,1.446,0.8646,1.853,1
2023-08-05,Rosetta_mouth,CHL,1.511,1.418,0.8761,1.726,1
2023-08-06,Rosetta_mouth,CHL,2.506,1.71,1.177,2.73,1
2023-08-07,Rosetta_mouth,CHL,,0.221,0.1854,0.221,0.1878
2023-08-08,Rosetta_mouth,CHL,1.692,1.567,0.9131,2.156,1
2023-08-09,Rosetta_mouth,CHL,1.705,1.633,1.082,1.705,1
2023-08-10,Rosetta_mouth,CHL,1.789,1.701,1.169,1.811,0.7514
2023-08-13,Rosetta_mouth,CHL,,0.42,0.4054,0.42,0.0663
2023-08-15,Rosetta_mouth,CHL,,1.059,0.7472,1.617,0.3757
2023-08-16,Rosetta_mouth,CHL,1.95,1.821,1.355,2.047,1
2023-08-17,Rosetta_mouth,CHL,,1.583,1.49,1.583,0.1271
2023-08-18,Rosetta_mouth,CHL,2.072,1.823,1.345,2.172,1
2023-08-19,Rosetta_mouth,CHL,1.681,1.645,1.254,1.792,0.9337
2023-08-20,Rosetta_mouth,CHL,1.677,1.625,1.247,1.68,0.9392
2023-08-21,Rosetta_mouth,CHL,1.652,1.529,1.107,1.758,1
2023-08-23,Rosetta_mouth,CHL,1.693,1.468,0.9924,2.357,1
2023-08-24,Rosetta_mouth,CHL,1.667,1.372,0.8124,1.877,1
2023-08-25,Rosetta_mouth,CHL,1.842,1.751,0.9727,2.29,1
2023-08-26,Rosetta_mouth,CHL,1.693,1.562,0.9676,2.631,1
2023-08-27,Rosetta_mouth,CHL,1.809,1.777,1.388,2.014,0.6243
2023-08-29,Rosetta_mouth,CHL,1.82,1.645,1.133,2.607,1
2023-08-31,Rosetta_mouth,CHL,1.976,1.578,1.038,2.459,0.9392
2023-09-01,Rosetta_mouth,CHL,2.275,1.721,1.261,2.394,1
2023-09-02,Rosetta_mouth,CHL,2.108,1.701,1.189,2.334,1
2023-09-03,Rosetta_mouth,CHL,2.096,1.898,1.302,2.201,1
2023-09-04,Rosetta_mouth,CHL,,1.801,1.492,2.283,0.6243
2023-09-05,Rosetta_mouth,CHL,3.69,2.732,1.839,4.075,1
2023-09-06,Rosetta_mouth,CHL,2.058,1.726,1.161,2.19,1
2023-09-08,Rosetta_mouth,CHL,2.641,2.345,1.54,2.726,1
2023-09-09,Rosetta_mouth,CHL,2.084,1.504,1.141,2.4,1
2023-09-10,Rosetta_mouth,CHL,3.237,2.05,1.577,6.611,1
2023-09-11,Rosetta_mouth,CHL,2.225,1.872,1.345,3.326,1
2023-09-13,Rosetta_mouth,CHL,2.292,2.213,1.495,2.412,0.8674
2023-09-14,Rosetta_mouth,CHL,2.286,2.286,1.736,2.39,0.5083
2023-09-15,Rosetta_mouth,CHL,3.434,2.348,1.992,3.615,1
2023-09-16,Rosetta_mouth,CHL,2.169,1.724,1.416,2.169,0.9337
2023-09-17,Rosetta_mouth,CHL,,1.673,1.3,2.056,0.8729
2023-09-19,Rosetta_mouth,CHL,,0.7639,0.6508,0.7639,0.1215
2023-09-20,Rosetta_mouth,CHL,,1.444,1.097,1.58,0.6243
2023-09-21,Rosetta_mouth,CHL,,1.535,1.248,1.535,0.2486
2023-09-22,Rosetta_mouth,CHL,2.243,2.211,1.647,2.304,1
2023-09-23,Rosetta_mouth,CHL,2.174,1.845,1.412,2.268,1
2023-09-24,Rosetta_mouth,CHL,2.173,1.963,1.499,2.917,1
2023-09-25,Rosetta_mouth,CHL,2.042,1.723,1.341,2.586,1
2023-09-26,Rosetta_mouth,CHL,2.075,1.785,1.319,2.426,1
2023-09-27,Rosetta_mouth,CHL,3.676,2.47,1.698,4.3,1
2023-09-28,Rosetta_mouth,CHL,2.056,1.662,1.288,2.459,1
2023-09-29,Rosetta_mouth,CHL,1.879,1.684,1.357,1.951,1
2023-09-30,Rosetta_mouth,CHL,2.295,1.813,1.477,3.07,1
2023-10-01,Rosetta_mouth,CHL,,1.363,1.228,1.363,0.2486
2023-10-03,Rosetta_mouth,CHL,,3.517,2.268,5.802,0.8785
2023-10-04,Rosetta_mouth,CHL,,0.3696,0.3696,0.3696,0.0055
2023-10-05,Rosetta_mouth,CHL,4.336,4.336,2.749,4.4,0.5635
2023-10-06,Rosetta_mouth,CHL,,2.643,1.882,2.643,0.1326
2023-10-09,Rosetta_mouth,CHL,2.201,1.982,1.554,2.296,1
2023-10-10,Rosetta_mouth,CHL,2.305,2.425,2.303,2.425,0.1878
2023-10-11,Rosetta_mouth,CHL,,1.822,1.594,4.043,0.6298
2023-10-12,Rosetta_mouth,CHL,18.72,4.118,4.041,18.72,1
2023-10-13,Rosetta_mouth,CHL,2.754,2.316,1.875,4.311,0.9337
2023-10-14,Rosetta_mouth,CHL,2.177,1.908,1.883,2.177,0.3094
2023-10-15,Rosetta_mouth,CHL,3.018,4.619,3.262,4.619,0.1878
2023-10-17,Rosetta_mouth,CHL,2.245,1.707,1.282,2.46,1
2023-10-18,Rosetta_mouth,CHL,2.391,2.118,1.352,2.555,0.8729
2023-10-19,Rosetta_mouth,CHL,2.059,1.722,1.203,2.393,1
2023-10-20,Rosetta_mouth,CHL,5.917,2.243,1.927,9.779,1
2023-10-21,Rosetta_mouth,CHL,5.707,4.179,2.302,6.522,0.9337
2023-10-22,Rosetta_mouth,CHL,2.128,1.667,1.113,2.729,0.6906
2023-10-23,Rosetta_mouth,CHL,2.245,1.532,1.062,2.353,1
2023-10-24,Rosetta_mouth,CHL,2.298,1.71,1.209,2.474,1
2023-10-25,Rosetta_mouth,CHL,2.4,1.872,1.265,2.501,1
2023-10-27,Rosetta_mouth,CHL,2.224,1.669,1.237,2.566,1
2023-10-28,Rosetta_mouth,CHL,2.526,1.964,1.296,2.636,1
2023-10-29,Rosetta_mouth,CHL,1.94,1.756,1.198,2.115,1
2023-10-31,Rosetta_mouth,CHL,,0.5425,0.5264,0.5425,0.1271
2023-11-01,Rosetta_mouth,CHL,,0.9518,0.8677,0.9518,0.1823
2023-11-02,Rosetta_mouth,CHL,2.031,1.584,1.06,2.094,1
2023-11-04,Rosetta_mouth,CHL,5.212,2.919,2,6.785,1
2023-11-05,Rosetta_mouth,CHL,6.309,4.554,2.433,7.04,1
2023-11-06,Rosetta_mouth,CHL,4.776,2.694,2.018,5.54,1
2023-11-08,Rosetta_mouth,CHL,2.517,1.994,1.404,2.845,1
2023-11-10,Rosetta_mouth,CHL,2.378,1.716,1.199,2.386,1
2023-11-11,Rosetta_mouth,CHL,2.37,2.068,1.345,2.37,0.8066
2023-11-12,Rosetta_mouth,CHL,1.656,1.505,1.082,1.929,0.9945
2023-11-13,Rosetta_mouth,CHL,2.147,1.873,1.548,2.314,0.6851
2023-11-14,Rosetta_mouth,CHL,,0.9164,0.6387,1.044,0.4365
2023-11-15,Rosetta_mouth,CHL,,1.547,1.391,1.547,0.1878
2023-11-16,Rosetta_mouth,CHL,4.139,3.884,2.31,4.139,1
2023-11-17,Rosetta_mouth,CHL,3.59,2.834,1.665,7.08,1
2023-11-21,Rosetta_mouth,CHL,5.162,4.414,3.459,5.33,1
2023-11-22,Rosetta_mouth,CHL,8.231,8.173,4.693,8.234,1
2023-11-23,Rosetta_mouth,CHL,4.442,4.115,2.68,4.442,1
2023-11-24,Rosetta_mouth,CHL,5.17,2.536,2.401,5.17,0.8122
2023-11-28,Rosetta_mouth,CHL,4.014,3.803,2.489,4.552,0.8122
2023-11-29,Rosetta_mouth,CHL,4.334,3.462,2.406,4.904,1
2023-11-30,Rosetta_mouth,CHL,,3.491,2.364,3.658,0.4972
2023-12-01,Rosetta_mouth,CHL,4.711,4.911,3.212,4.911,0.2541
2023-12-02,Rosetta_mouth,CHL,4.227,4.66,3.466,4.926,0.4365
2023-12-03,Rosetta_mouth,CHL,,4.606,3.303,4.606,0.1878
2023-12-04,Rosetta_mouth,CHL,2.436,2.191,1.561,2.566,1
2023-12-05,Rosetta_mouth,CHL,,1.508,1.247,1.508,0.2486
2023-12-06,Rosetta_mouth,CHL,,0.7941,0.6183,0.7941,0.1271
2023-12-10,Rosetta_mouth,CHL,4.283,3.883,2.429,4.283,1
2023-12-11,Rosetta_mouth,CHL,3.059,2.897,2.165,4.362,0.8729
2023-12-12,Rosetta_mouth,CHL,2.068,1.824,1.366,2.26,0.9337
2023-12-13,Rosetta_mouth,CHL,,1.832,1.34,1.982,0.7514
2023-12-14,Rosetta_mouth,CHL,2.893,2.68,1.923,4.571,0.8066
2023-12-15,Rosetta_mouth,CHL,7.414,3.583,2.503,7.414,1
2023-12-16,Rosetta_mouth,CHL,2.521,3.626,3.092,6.052,1
2023-12-17,Rosetta_mouth,CHL,,2.171,1.946,2.171,0.1215
2023-12-18,Rosetta_mouth,CHL,,0.6886,0.6772,0.6886,0.0663
2023-12-24,Rosetta_mouth,CHL,2.097,1.996,1.496,3.011,0.9392
2023-12-25,Rosetta_mouth,CHL,2.362,2.362,1.598,2.452,0.6851
2023-12-26,Rosetta_mouth,CHL,,1.339,1.293,1.339,0.1215
2023-12-27,Rosetta_mouth,CHL,2.214,2.214,1.75,2.255,0.8122
2023-12-31,Rosetta_mouth,CHL,1.81,1.59,1.153,2.113,1
2023-01-04,Damietta_mouth,CHL,4.145,2.81,1.942,4.834,1
2023-01-05,Damietta_mouth,CHL,3.987,3.818,2.556,4.911,1
2023-01-06,Damietta_mouth,CHL,2.687,2.371,1.531,2.762,1
2023-01-07,Damietta_mouth,CHL,2.428,2.153,1.327,2.433,1
2023-01-08,Damietta_mouth,CHL,,1.564,1.388,1.64,0.5549
2023-01-09,Damietta_mouth,CHL,2.191,2.191,1.917,2.597,0.4945
2023-01-10,Damietta_mouth,CHL,2.731,2.171,1.272,2.896,1
2023-01-12,Damietta_mouth,CHL,5.004,3.094,2.284,5.369,0.8187
2023-01-13,Damietta_mouth,CHL,2.682,2.958,2.551,2.958,0.2473
2023-01-14,Damietta_mouth,CHL,2.532,2.532,2.146,2.595,0.3681
2023-01-15,Damietta_mouth,CHL,2.764,2.305,1.457,3.125,1
2023-01-16,Damietta_mouth,CHL,2.51,2.226,1.6,2.684,0.9396
2023-01-17,Damietta_mouth,CHL,2.683,1.815,1.44,2.83,1
2023-01-18,Damietta_mouth,CHL,3.266,2.069,1.536,3.322,1
2023-01-19,Damietta_mouth,CHL,3.138,2.315,1.476,3.138,1
2023-01-20,Damietta_mouth,CHL,5.415,3.036,2.099,6.167,1
2023-01-21,Damietta_mouth,CHL,2.586,2.535,1.616,2.832,0.8022
2023-01-22,Damietta_mouth,CHL,2.341,1.872,1.383,2.604,1
2023-01-24,Damietta_mouth,CHL,2.615,2.436,1.89,2.911,1
2023-01-25,Damietta_mouth,CHL,2.338,1.736,1.411,2.377,1
2023-01-26,Damietta_mouth,CHL,3.704,2.537,1.92,4.929,1
2023-01-27,Damietta_mouth,CHL,3.524,1.986,1.428,3.524,0.9396
2023-01-28,Damietta_mouth,CHL,2.839,1.899,1.095,2.839,1
2023-01-30,Damietta_mouth,CHL,,0.2,0.1928,0.2226,0.1374
2023-02-03,Damietta_mouth,CHL,4.618,3.928,2.826,4.872,1
2023-02-04,Damietta_mouth,CHL,3.85,3.85,3.652,3.939,0.3681
2023-02-05,Damietta_mouth,CHL,5.408,5.204,3.139,5.408,1
2023-02-09,Damietta_mouth,CHL,5.384,5.102,3.467,5.459,0.8736
2023-02-11,Damietta_mouth,CHL,,3.528,2.95,3.528,0.1209
2023-02-12,Damietta_mouth,CHL,4.331,4.517,2.944,4.653,1
2023-02-15,Damietta_mouth,CHL,2.035,1.98,1.629,2.042,0.8681
2023-02-17,Damietta_mouth,CHL,4.228,2.485,1.887,4.636,1
2023-02-19,Damietta_mouth,CHL,2.609,2.609,2.035,2.699,0.489
2023-02-21,Damietta_mouth,CHL,1.553,1.455,1.063,1.773,1
2023-02-22,Damietta_mouth,CHL,,0.8908,0.799,0.8908,0.1813
2023-02-23,Damietta_mouth,CHL,1.674,1.508,1.032,3.025,0.8736
2023-02-24,Damietta_mouth,CHL,2.081,2.081,1.408,2.797,0.9396
2023-02-26,Damietta_mouth,CHL,2.141,1.875,1.087,2.389,0.9341
2023-02-28,Damietta_mouth,CHL,,1.291,0.9267,1.296,0.5055
2023-03-01,Damietta_mouth,CHL,1.851,1.72,1.199,1.851,0.9396
2023-03-02,Damietta_mouth,CHL,1.851,1.289,0.7253,1.856,1
2023-03-03,Damietta_mouth,CHL,1.565,1.403,0.8658,1.565,1
2023-03-04,Damietta_mouth,CHL,1.654,1.398,0.9668,1.668,1
2023-03-05,Damietta_mouth,CHL,1.93,1.742,1.157,2.046,1
2023-03-06,Damietta_mouth,CHL,1.746,1.697,1.079,1.827,1
2023-03-08,Damietta_mouth,CHL,1.851,1.797,1.184,2.158,1
2023-03-09,Damietta_mouth,CHL,2.702,1.979,1.386,3.197,1
2023-03-10,Damietta_mouth,CHL,1.914,1.867,1.255,2.047,1
2023-03-11,Damietta_mouth,CHL,1.84,1.718,1.238,2.022,1
2023-03-12,Damietta_mouth,CHL,1.811,1.777,1.278,1.917,1
2023-03-13,Damietta_mouth,CHL,,0.8907,0.5072,0.9615,0.3242
2023-03-15,Damietta_mouth,CHL,3.866,3.866,2.395,3.912,0.8736
2023-03-16,Damietta_mouth,CHL,2.502,2.366,1.913,3.505,1
2023-03-17,Damietta_mouth,CHL,,1.09,0.8657,1.191,0.3846
2023-03-18,Damietta_mouth,CHL,,1.796,1.387,2.689,0.8791
2023-03-20,Damietta_mouth,CHL,8.086,7.673,4.92,8.086,1
2023-03-26,Damietta_mouth,CHL,3.337,3.163,2.038,3.622,1
2023-03-27,Damietta_mouth,CHL,2.233,1.983,1.512,2.233,0.8132
2023-03-28,Damietta_mouth,CHL,3.345,2.12,1.786,3.659,1
2023-03-30,Damietta_mouth,CHL,,6.408,4.406,7.586,0.6319
2023-04-01,Damietta_mouth,CHL,3.181,3.181,2.446,3.393,1
2023-04-02,Damietta_mouth,CHL,2.558,2.457,1.863,2.729,1
2023-04-03,Damietta_mouth,CHL,2.861,2.747,2.194,2.893,1
2023-04-04,Damietta_mouth,CHL,3.139,3.128,2.531,4.197,1
2023-04-11,Damietta_mouth,CHL,4.903,3.866,2.413,4.903,0.9396
2023-04-12,Damietta_mouth,CHL,3.143,2.219,1.677,3.276,1
2023-04-13,Damietta_mouth,CHL,4.98,4.914,2.948,5.338,1
2023-04-14,Damietta_mouth,CHL,2.722,2.367,1.88,2.756,1
2023-04-15,Damietta_mouth,CHL,3.866,2.728,2.012,4.084,1
2023-04-16,Damietta_mouth,CHL,2.629,2.307,1.736,2.723,1
2023-04-17,Damietta_mouth,CHL,3.051,2.99,1.894,3.072,0.8791
2023-04-18,Damietta_mouth,CHL,2.758,2.526,1.897,2.977,1
2023-04-20,Damietta_mouth,CHL,2.281,1.755,1.369,2.281,0.9396
2023-04-22,Damietta_mouth,CHL,2.898,2.243,1.561,3.018,1
2023-04-24,Damietta_mouth,CHL,2.374,1.967,1.428,2.731,1
2023-04-25,Damietta_mouth,CHL,2.94,2.024,1.47,3.097,1
2023-04-26,Damietta_mouth,CHL,2.432,1.889,1.275,3.001,1
2023-04-27,Damietta_mouth,CHL,2.811,2.507,1.562,2.859,1
2023-04-28,Damietta_mouth,CHL,1.796,1.628,1.079,1.987,1
2023-04-30,Damietta_mouth,CHL,3.482,3.312,1.928,3.533,0.8626
2023-05-01,Damietta_mouth,CHL,2.249,2.076,1.738,2.249,1
2023-05-02,Damietta_mouth,CHL,2.623,2.237,1.802,2.691,1
2023-05-03,Damietta_mouth,CHL,2.291,2,1.495,2.512,0.9396
2023-05-04,Damietta_mouth,CHL,2.458,2.381,1.634,2.709,1
2023-05-05,Damietta_mouth,CHL,2.809,2.446,1.603,2.895,1
2023-05-06,Damietta_mouth,CHL,2.865,2.416,1.617,2.865,0.7527
2023-05-07,Damietta_mouth,CHL,,1.49,0.7577,1.49,0.2637
2023-05-08,Damietta_mouth,CHL,,1.014,1.014,1.014,0.0604
2023-05-09,Damietta_mouth,CHL,2.999,2.007,1.742,3.267,1
2023-05-12,Damietta_mouth,CHL,2.528,2.171,1.394,2.602,1
2023-05-13,Damietta_mouth,CHL,2.343,2.233,1.513,2.357,0.8736
2023-05-14,Damietta_mouth,CHL,2.271,1.975,1.304,2.52,1
2023-05-15,Damietta_mouth,CHL,2.34,2.107,1.284,2.467,1
2023-05-16,Damietta_mouth,CHL,2.175,1.871,1.26,2.323,1
2023-05-18,Damietta_mouth,CHL,,1.646,1.08,2.177,0.8791
2023-05-19,Damietta_mouth,CHL,2.804,2.473,1.642,4.704,0.7527
2023-05-20,Damietta_mouth,CHL,2.268,2.268,1.67,4.937,0.8626
2023-05-23,Damietta_mouth,CHL,2.252,1.919,1.257,2.388,1
2023-05-24,Damietta_mouth,CHL,,0.3319,0.3194,0.3319,0.0769
2023-05-25,Damietta_mouth,CHL,2.461,2.197,1.808,3.571,1
2023-05-29,Damietta_mouth,CHL,2.329,2.058,1.371,2.604,1
2023-05-30,Damietta_mouth,CHL,2.616,2.107,1.362,2.821,1
2023-05-31,Damietta_mouth,CHL,2.449,1.97,1.275,2.542,1
2023-06-03,Damietta_mouth,CHL,2.296,2.405,2.281,2.405,0.1813
2023-06-05,Damietta_mouth,CHL,2.174,1.927,1.272,2.492,1
2023-06-06,Damietta_mouth,CHL,2.352,2.043,1.3,2.352,0.8132
2023-06-07,Damietta_mouth,CHL,2.124,1.861,1.309,2.432,1
2023-06-10,Damietta_mouth,CHL,2.183,1.764,1.466,2.341,1
2023-06-11,Damietta_mouth,CHL,1.777,1.615,1.181,2.21,0.989
2023-06-12,Damietta_mouth,CHL,1.883,1.628,1.083,2.155,1
2023-06-14,Damietta_mouth,CHL,1.729,1.796,1.612,1.796,0.1923
2023-06-15,Damietta_mouth,CHL,1.852,1.334,0.9361,2.626,1
2023-06-18,Damietta_mouth,CHL,1.487,1.582,0.976,1.718,1
2023-06-19,Damietta_mouth,CHL,,0.2919,0.2023,0.4235,0.3846
2023-06-20,Damietta_mouth,CHL,,0.7729,0.4036,0.9566,0.5055
2023-06-21,Damietta_mouth,CHL,1.686,1.514,0.9571,1.707,1
2023-06-22,Damietta_mouth,CHL,1.475,1.37,0.7845,1.755,1
2023-06-23,Damietta_mouth,CHL,2.135,1.345,0.7543,2.931,1
2023-06-24,Damietta_mouth,CHL,1.4,1.181,0.6535,2.24,1
2023-06-25,Damietta_mouth,CHL,1.762,1.313,0.7537,2.388,1
2023-06-26,Damietta_mouth,CHL,1.602,1.321,0.7558,1.996,1
2023-06-27,Damietta_mouth,CHL,1.406,1.308,0.6646,1.737,1
2023-06-28,Damietta_mouth,CHL,1.572,1.421,0.7952,1.893,0.8681
2023-06-29,Damietta_mouth,CHL,1.831,1.118,0.6574,2.671,1
2023-07-01,Damietta_mouth,CHL,1.349,1.146,0.6821,1.937,1
2023-07-02,Damietta_mouth,CHL,,1.306,0.6193,1.545,0.5659
2023-07-03,Damietta_mouth,CHL,,0.2427,0.1957,0.2427,0.1374
2023-07-04,Damietta_mouth,CHL,2.359,1.522,0.9447,2.382,1
2023-07-05,Damietta_mouth,CHL,1.57,1.282,0.6803,1.85,1
2023-07-06,Damietta_mouth,CHL,1.64,1.271,0.7411,1.791,1
2023-07-07,Damietta_mouth,CHL,1.63,1.254,0.7612,1.774,0.8681
2023-07-08,Damietta_mouth,CHL,1.451,1.387,0.8038,1.805,1
2023-07-09,Damietta_mouth,CHL,,1.311,0.8413,1.724,0.9396
2023-07-10,Damietta_mouth,CHL,2.01,1.726,1.181,2.228,1
2023-07-11,Damietta_mouth,CHL,2.49,1.654,1.326,2.508,1
2023-07-12,Damietta_mouth,CHL,2.44,2.021,1.454,2.586,1
2023-07-13,Damietta_mouth,CHL,1.927,1.658,1.175,2.118,1
2023-07-14,Damietta_mouth,CHL,1.429,1.276,0.7844,1.59,1
2023-07-15,Damietta_mouth,CHL,1.603,1.303,0.8479,2.026,1
2023-07-16,Damietta_mouth,CHL,1.544,1.291,0.7485,2.346,1
2023-07-17,Damietta_mouth,CHL,1.664,1.45,0.7919,2.616,1
2023-07-18,Damietta_mouth,CHL,1.488,1.308,0.6299,1.849,1
2023-07-19,Damietta_mouth,CHL,1.795,1.165,0.6311,1.795,0.9396
2023-07-20,Damietta_mouth,CHL,2.469,1.318,0.8167,2.682,1
2023-07-21,Damietta_mouth,CHL,1.544,1.289,0.7243,1.882,1
2023-07-22,Damietta_mouth,CHL,1.109,0.8555,0.618,1.84,1
2023-07-23,Damietta_mouth,CHL,1.101,0.7893,0.5742,1.74,1
2023-07-24,Damietta_mouth,CHL,1.575,1.107,0.7559,1.818,1
2023-07-25,Damietta_mouth,CHL,1.726,1.331,0.8261,1.958,1
2023-07-26,Damietta_mouth,CHL,1.805,1.573,1.015,2.021,1
2023-07-27,Damietta_mouth,CHL,1.962,1.584,1.011,2.256,1
2023-07-28,Damietta_mouth,CHL,3.145,1.642,0.9076,3.145,1
2023-07-30,Damietta_mouth,CHL,2.07,1.752,1.116,2.189,1
2023-07-31,Damietta_mouth,CHL,1.702,1.399,1.137,1.811,1
2023-08-01,Damietta_mouth,CHL,1.797,1.542,1.163,2.961,1
2023-08-02,Damietta_mouth,CHL,1.598,1.39,1.094,1.988,1
2023-08-03,Damietta_mouth,CHL,1.666,1.462,1.003,1.792,1
2023-08-04,Damietta_mouth,CHL,1.606,1.266,0.9586,1.723,1
2023-08-05,Damietta_mouth,CHL,1.412,1.211,0.9075,1.907,1
2023-08-06,Damietta_mouth,CHL,1.725,1.382,0.9908,1.755,1
2023-08-07,Damietta_mouth,CHL,1.549,1.549,0.9891,1.743,0.9396
2023-08-08,Damietta_mouth,CHL,1.34,1.063,0.7912,1.531,1
2023-08-09,Damietta_mouth,CHL,1.358,1.254,0.8041,1.564,1
2023-08-10,Damietta_mouth,CHL,1.775,1.845,1.12,1.912,1
2023-08-11,Damietta_mouth,CHL,,1.538,0.6152,1.538,0.2033
2023-08-12,Damietta_mouth,CHL,1.541,1.527,1.099,1.988,1
2023-08-13,Damietta_mouth,CHL,,1.364,1.056,1.413,0.4945
2023-08-17,Damietta_mouth,CHL,1.574,1.61,1.506,1.776,0.4286
2023-08-18,Damietta_mouth,CHL,,2.248,1.128,2.248,0.1813
2023-08-19,Damietta_mouth,CHL,,1.464,0.9534,1.497,0.6923
2023-08-20,Damietta_mouth,CHL,1.542,1.555,1.099,1.93,1
2023-08-21,Damietta_mouth,CHL,1.752,1.46,1.084,1.807,1
2023-08-22,Damietta_mouth,CHL,1.858,1.691,1.207,2.228,1
2023-08-23,Damietta_mouth,CHL,1.77,1.383,1.021,2.569,1
2023-08-24,Damietta_mouth,CHL,1.52,1.603,1.127,1.871,1
2023-08-25,Damietta_mouth,CHL,3.293,1.557,1.416,6.41,1
2023-08-26,Damietta_mouth,CHL,2.516,1.553,1.274,3.224,1
2023-08-27,Damietta_mouth,CHL,3.098,1.625,1.244,3.305,1
2023-08-28,Damietta_mouth,CHL,1.517,1.517,0.9991,1.981,0.8791
2023-08-29,Damietta_mouth,CHL,1.697,1.745,1.192,2.544,1
2023-08-31,Damietta_mouth,CHL,2.13,1.563,1.082,2.604,1
2023-09-01,Damietta_mouth,CHL,1.58,1.518,1.043,2.293,1
2023-09-02,Damietta_mouth,CHL,1.911,1.55,1.192,3.37,0.7418
2023-09-03,Damietta_mouth,CHL,1.75,2.421,1.858,2.421,0.1813
2023-09-04,Damietta_mouth,CHL,2.226,1.553,1.164,2.357,1
2023-09-05,Damietta_mouth,CHL,2.492,2.301,1.363,2.697,1
2023-09-06,Damietta_mouth,CHL,2.36,2.046,1.415,2.464,1
2023-09-07,Damietta_mouth,CHL,2.162,2.022,1.45,2.26,1
2023-09-08,Damietta_mouth,CHL,2.849,2.143,1.594,2.998,1
2023-09-09,Damietta_mouth,CHL,2.003,1.631,1.341,2.612,1
2023-09-10,Damietta_mouth,CHL,2.662,2.273,1.579,3.289,1
2023-09-11,Damietta_mouth,CHL,,1.345,0.9612,1.538,0.6813
2023-09-13,Damietta_mouth,CHL,,0.3175,0.3175,0.3175,0.011
2023-09-14,Damietta_mouth,CHL,2.394,2.319,1.521,5.97,1
2023-09-15,Damietta_mouth,CHL,3.006,2.144,1.57,5.569,1
2023-09-16,Damietta_mouth,CHL,2.636,2.059,1.469,3.344,1
2023-09-17,Damietta_mouth,CHL,2.422,1.641,1.362,2.797,1
2023-09-18,Damietta_mouth,CHL,,1.472,1.025,1.677,0.8187
2023-09-19,Damietta_mouth,CHL,1.703,1.555,1.27,2.438,1
2023-09-20,Damietta_mouth,CHL,,1.499,1.168,1.998,0.7582
2023-09-21,Damietta_mouth,CHL,2.049,1.768,1.454,2.485,1
2023-09-22,Damietta_mouth,CHL,1.989,2.003,1.455,2.494,1
2023-09-23,Damietta_mouth,CHL,2.156,1.857,1.278,2.287,1
2023-09-24,Damietta_mouth,CHL,2.023,1.915,1.308,2.023,1
2023-09-25,Damietta_mouth,CHL,2.062,1.581,1.23,2.459,1
2023-09-26,Damietta_mouth,CHL,2.911,1.81,1.462,3.351,1
2023-09-27,Damietta_mouth,CHL,2.675,1.815,1.467,3.676,1
2023-09-28,Damietta_mouth,CHL,2.741,2.348,1.508,2.879,1
2023-09-29,Damietta_mouth,CHL,2.232,1.743,1.205,2.575,1
2023-09-30,Damietta_mouth,CHL,,1.29,0.5773,1.29,0.2418
2023-10-03,Damietta_mouth,CHL,3.496,3.26,1.97,3.627,1
2023-10-05,Damietta_mouth,CHL,2.279,2.279,2.111,3.305,0.4286
2023-10-06,Damietta_mouth,CHL,,1.441,1.054,1.888,0.7527
2023-10-07,Damietta_mouth,CHL,1.99,1.567,1.293,1.99,0.6154
2023-10-08,Damietta_mouth,CHL,,0.3023,0.3023,0.3023,0.011
2023-10-09,Damietta_mouth,CHL,,1.312,1.312,1.312,0.0659
2023-10-10,Damietta_mouth,CHL,,0.4337,0.4337,0.4337,0.0659
2023-10-11,Damietta_mouth,CHL,2.119,1.982,1.307,2.306,1
2023-10-12,Damietta_mouth,CHL,2.386,1.977,1.428,2.448,1
2023-10-13,Damietta_mouth,CHL,,0.5736,0.523,0.5736,0.1319
2023-10-14,Damietta_mouth,CHL,,0.4285,0.4252,0.4285,0.0769
2023-10-15,Damietta_mouth,CHL,2.107,1.867,1.078,2.212,1
2023-10-16,Damietta_mouth,CHL,2.046,1.548,1.107,2.543,1
2023-10-17,Damietta_mouth,CHL,1.853,1.408,0.9894,2.412,1
2023-10-18,Damietta_mouth,CHL,1.959,1.959,1.068,2.191,0.5
2023-10-19,Damietta_mouth,CHL,,2.92,2.528,2.92,0.0714
2023-10-20,Damietta_mouth,CHL,2.379,1.491,0.919,3.458,1
2023-10-21,Damietta_mouth,CHL,2.55,1.543,0.9737,3.027,1
2023-10-22,Damietta_mouth,CHL,1.948,1.948,1.506,2.22,0.5549
2023-10-23,Damietta_mouth,CHL,2.046,1.77,1.204,2.135,1
2023-10-24,Damietta_mouth,CHL,,1.277,0.9066,1.483,0.6923
2023-10-25,Damietta_mouth,CHL,1.816,1.584,1.166,1.956,1
2023-10-26,Damietta_mouth,CHL,1.99,1.502,1.097,1.99,0.9396
2023-10-28,Damietta_mouth,CHL,,1.398,0.8307,1.495,0.5769
2023-10-29,Damietta_mouth,CHL,1.427,1.168,1.014,1.813,1
2023-10-30,Damietta_mouth,CHL,1.736,1.494,1.114,2.228,1
2023-10-31,Damietta_mouth,CHL,2.118,2.118,1.91,2.519,0.3077
2023-11-01,Damietta_mouth,CHL,1.42,1.42,1.118,1.633,0.8022
2023-11-02,Damietta_mouth,CHL,1.423,1.196,0.9575,1.558,1
2023-11-03,Damietta_mouth,CHL,14.8,3.791,3.787,19.29,1
2023-11-04,Damietta_mouth,CHL,4.161,3.779,1.985,5.147,1
2023-11-05,Damietta_mouth,CHL,5.152,2.904,1.861,7.216,1
2023-11-06,Damietta_mouth,CHL,2.361,1.698,1.185,3.149,1
2023-11-07,Damietta_mouth,CHL,1.617,1.266,0.9963,2.41,1
2023-11-08,Damietta_mouth,CHL,2.848,1.899,1.378,3.61,1
2023-11-10,Damietta_mouth,CHL,3.133,2.511,1.58,6.367,0.8791
2023-11-11,Damietta_mouth,CHL,2.643,2.962,2.802,2.962,0.1209
2023-11-12,Damietta_mouth,CHL,,1.71,1.553,1.71,0.1264
2023-11-14,Damietta_mouth,CHL,2.394,2.213,1.515,2.555,0.6923
2023-11-15,Damietta_mouth,CHL,4.045,2.07,2.176,4.045,0.3681
2023-11-16,Damietta_mouth,CHL,2.583,2.214,1.557,2.711,1
2023-11-17,Damietta_mouth,CHL,2.267,1.615,1.288,2.47,0.989
2023-11-18,Damietta_mouth,CHL,2.447,2.048,1.295,2.797,1
2023-11-21,Damietta_mouth,CHL,5.485,5.036,3.674,5.485,0.6264
2023-11-22,Damietta_mouth,CHL,6.126,5.459,3.15,6.204,1
2023-11-23,Damietta_mouth,CHL,4.83,4.006,2.527,5.264,1
2023-11-24,Damietta_mouth,CHL,2.479,2.237,1.613,2.853,1
2023-11-28,Damietta_mouth,CHL,5.31,5.31,4.636,5.95,0.4286
2023-11-29,Damietta_mouth,CHL,3.914,3.905,2.477,4.514,1
2023-11-30,Damietta_mouth,CHL,3.712,2.477,1.926,3.846,1
2023-12-01,Damietta_mouth,CHL,3.58,3.55,2.447,4.267,0.6154
2023-12-02,Damietta_mouth,CHL,3.68,2.321,2.098,5.583,0.7418
2023-12-03,Damietta_mouth,CHL,2.407,2.337,2.166,7.319,0.7418
2023-12-04,Damietta_mouth,CHL,2.101,1.8,1.324,2.27,1
2023-12-06,Damietta_mouth,CHL,1.716,1.529,1.006,1.716,1
2023-12-10,Damietta_mouth,CHL,2.071,1.436,1.178,2.349,0.7527
2023-12-11,Damietta_mouth,CHL,,2.126,1.102,2.912,0.8791
2023-12-13,Damietta_mouth,CHL,1.916,1.916,1.596,2.19,0.5549
2023-12-14,Damietta_mouth,CHL,2.203,1.664,1.121,2.722,1
2023-12-15,Damietta_mouth,CHL,9.749,2.493,2.507,17.28,1
2023-12-16,Damietta_mouth,CHL,3.409,2.197,1.528,6.419,1
2023-12-18,Damietta_mouth,CHL,2.136,1.86,1.448,2.658,0.7527
2023-12-19,Damietta_mouth,CHL,2.376,2.029,1.384,3.323,1
2023-12-22,Damietta_mouth,CHL,,2.887,2.061,4.522,0.8077
2023-12-24,Damietta_mouth,CHL,2.102,2.125,2.095,2.125,0.1868
2023-12-25,Damietta_mouth,CHL,2.677,2.311,1.658,2.835,1
2023-12-26,Damietta_mouth,CHL,2.041,1.645,1.119,2.258,1
2023-12-30,Damietta_mouth,CHL,2.134,1.602,1.083,2.539,1
2023-12-31,Damietta_mouth,CHL,2.457,1.146,0.8353,2.864,1
2023-01-02,Bardawil_off,CHL,,3.706,2.07,3.932,0.8077
2023-01-03,Bardawil_off,CHL,4.194,3.52,2.266,4.33,1
2023-01-04,Bardawil_off,CHL,2.404,2.255,1.815,2.762,0.8956
2023-01-05,Bardawil_off,CHL,2.51,1.917,1.222,3.554,1
2023-01-06,Bardawil_off,CHL,2.731,2.225,1.46,2.733,1
2023-01-07,Bardawil_off,CHL,2.306,2.306,1.784,2.651,0.4396
2023-01-08,Bardawil_off,CHL,,1.44,0.9023,1.561,0.8736
2023-01-09,Bardawil_off,CHL,1.685,1.685,1.587,1.816,0.5
2023-01-10,Bardawil_off,CHL,1.837,1.313,1.06,2.256,1
2023-01-11,Bardawil_off,CHL,2.193,2.019,1.801,2.193,0.3132
2023-01-12,Bardawil_off,CHL,2.157,1.538,0.8826,2.157,1
2023-01-14,Bardawil_off,CHL,3.777,3.42,2.11,3.777,0.9396
2023-01-15,Bardawil_off,CHL,2.052,1.463,1.174,2.39,1
2023-01-17,Bardawil_off,CHL,1.936,1.443,1.028,2.041,1
2023-01-18,Bardawil_off,CHL,1.815,1.815,1.123,2.219,1
2023-01-19,Bardawil_off,CHL,2.068,1.423,0.963,2.561,1
2023-01-20,Bardawil_off,CHL,2.736,2.038,1.255,3.267,1
2023-01-21,Bardawil_off,CHL,2.331,1.524,0.93,2.613,1
2023-01-22,Bardawil_off,CHL,2.405,1.994,1.255,2.678,1
2023-01-23,Bardawil_off,CHL,2.024,1.819,1.002,2.07,0.7527
2023-01-24,Bardawil_off,CHL,1.28,1.267,0.8151,1.431,1
2023-01-25,Bardawil_off,CHL,,1.439,0.9604,1.578,0.8132
2023-01-26,Bardawil_off,CHL,2.184,2.007,1.298,2.328,1
2023-01-27,Bardawil_off,CHL,2.047,2.047,1.225,2.333,1
2023-01-30,Bardawil_off,CHL,2.073,1.841,1.07,2.252,1
2023-01-31,Bardawil_off,CHL,,2.495,1.768,3.531,0.8736
2023-02-03,Bardawil_off,CHL,,1.639,1.526,1.639,0.1209
2023-02-04,Bardawil_off,CHL,6.878,5.766,4.436,6.878,1
2023-02-05,Bardawil_off,CHL,5.925,5.925,4.136,6.11,1
2023-02-06,Bardawil_off,CHL,,1.398,1.376,1.398,0.1264
2023-02-09,Bardawil_off,CHL,,7.078,4.966,7.395,0.8791
2023-02-10,Bardawil_off,CHL,3.194,3.15,2.666,3.194,0.3791
2023-02-15,Bardawil_off,CHL,1.722,1.669,1.312,1.756,1
2023-02-17,Bardawil_off,CHL,2.67,2.447,1.758,2.67,0.5659
2023-02-18,Bardawil_off,CHL,2.366,1.535,1.479,2.602,1
2023-02-19,Bardawil_off,CHL,1.526,1.482,1.296,1.569,1
2023-02-21,Bardawil_off,CHL,1.423,1.489,1.16,1.596,1
2023-02-22,Bardawil_off,CHL,2.159,2.159,1.42,2.426,1
2023-02-24,Bardawil_off,CHL,2.596,2.141,1.413,2.611,1
2023-02-25,Bardawil_off,CHL,3.929,3.323,1.963,6.138,1
2023-02-26,Bardawil_off,CHL,2.733,2.647,2.252,2.915,0.6264
2023-02-27,Bardawil_off,CHL,2.328,2.311,1.619,2.384,1
2023-03-01,Bardawil_off,CHL,2.159,1.68,1.321,2.288,1
2023-03-02,Bardawil_off,CHL,2.049,2.029,1.611,2.584,1
2023-03-03,Bardawil_off,CHL,2.112,1.97,1.516,2.245,0.9341
2023-03-04,Bardawil_off,CHL,1.583,1.57,1.218,1.652,1
2023-03-05,Bardawil_off,CHL,2.262,1.999,1.558,2.32,0.9341
2023-03-06,Bardawil_off,CHL,3.207,2.053,1.714,3.524,1
2023-03-08,Bardawil_off,CHL,1.73,1.596,1.294,1.906,0.8791
2023-03-09,Bardawil_off,CHL,2.012,1.554,0.9619,2.155,1
2023-03-10,Bardawil_off,CHL,1.708,1.463,0.8431,1.791,1
2023-03-11,Bardawil_off,CHL,1.73,1.545,1.025,1.73,1
2023-03-12,Bardawil_off,CHL,1.556,1.4,0.817,1.556,1
2023-03-15,Bardawil_off,CHL,3.716,3.071,1.983,3.716,1
2023-03-16,Bardawil_off,CHL,2.431,2.294,1.672,2.487,1
2023-03-17,Bardawil_off,CHL,2.116,1.819,1.343,2.203,1
2023-03-18,Bardawil_off,CHL,,1.916,1.916,1.916,0.022
2023-03-19,Bardawil_off,CHL,3.143,3.208,3.157,3.24,0.1923
2023-03-20,Bardawil_off,CHL,,4.006,3.981,4.006,0.1264
2023-03-26,Bardawil_off,CHL,,1.767,1.483,1.776,0.3736
2023-03-27,Bardawil_off,CHL,1.985,1.839,1.459,1.995,1
2023-03-28,Bardawil_off,CHL,2.175,2.175,1.624,2.226,1
2023-03-29,Bardawil_off,CHL,2.296,2.217,1.682,2.296,0.8132
2023-03-31,Bardawil_off,CHL,3.493,3.297,2.471,3.714,0.6099
2023-04-01,Bardawil_off,CHL,3.138,3.118,2.498,3.233,1
2023-04-02,Bardawil_off,CHL,2.171,1.983,1.873,2.262,1
2023-04-03,Bardawil_off,CHL,2.332,2.236,1.956,2.492,1
2023-04-04,Bardawil_off,CHL,2.332,2.135,1.858,2.469,1
2023-04-11,Bardawil_off,CHL,2.098,1.92,1.635,2.139,1
2023-04-12,Bardawil_off,CHL,3.381,3.169,2.391,3.402,0.6044
2023-04-13,Bardawil_off,CHL,,5.346,3.645,5.929,0.8297
2023-04-14,Bardawil_off,CHL,3.723,3.436,2.354,3.748,1
2023-04-15,Bardawil_off,CHL,2.328,2.245,1.852,2.328,0.6758
2023-04-16,Bardawil_off,CHL,2.422,2.163,1.986,2.452,1
2023-04-17,Bardawil_off,CHL,2.306,2.281,2.002,2.337,1
2023-04-18,Bardawil_off,CHL,2.169,2.039,1.839,2.283,1
2023-04-20,Bardawil_off,CHL,3.812,2.228,2.018,4.521,1
2023-04-21,Bardawil_off,CHL,2.091,2.036,1.73,2.245,1
2023-04-22,Bardawil_off,CHL,2.355,2.209,1.804,2.441,1
2023-04-24,Bardawil_off,CHL,2.048,1.793,1.57,2.124,1
2023-04-25,Bardawil_off,CHL,1.894,1.633,1.371,2.027,0.9341
2023-04-26,Bardawil_off,CHL,1.772,1.613,1.39,2.018,1
2023-04-27,Bardawil_off,CHL,1.963,1.891,1.484,2.071,1
2023-04-28,Bardawil_off,CHL,1.586,1.408,1.158,1.677,0.8901
2023-04-29,Bardawil_off,CHL,,1.957,1.708,2.058,0.4341
2023-04-30,Bardawil_off,CHL,5.513,5.358,4.504,5.513,0.4505
2023-05-01,Bardawil_off,CHL,3.855,3.526,2.494,3.941,1
2023-05-02,Bardawil_off,CHL,3.162,2.211,1.952,3.419,1
2023-05-03,Bardawil_off,CHL,2.107,1.875,1.501,2.22,0.8736
2023-05-04,Bardawil_off,CHL,2.265,2.095,1.953,2.276,1
2023-05-06,Bardawil_off,CHL,3.852,2.101,2.095,4.369,1
2023-05-07,Bardawil_off,CHL,3.117,2.098,1.806,3.244,1
2023-05-08,Bardawil_off,CHL,3.148,2.112,1.973,3.264,1
2023-05-09,Bardawil_off,CHL,2.277,2.196,1.855,2.32,1
2023-05-10,Bardawil_off,CHL,2.223,2.176,1.776,2.28,1
2023-05-12,Bardawil_off,CHL,2.216,2.119,1.671,2.312,1
2023-05-13,Bardawil_off,CHL,3.481,2.284,1.832,3.481,0.9396
2023-05-14,Bardawil_off,CHL,3.286,3.233,2.217,3.392,1
2023-05-15,Bardawil_off,CHL,3.282,2.202,1.912,3.397,1
2023-05-16,Bardawil_off,CHL,,2.103,1.863,2.19,0.4341
2023-05-18,Bardawil_off,CHL,2.24,1.975,1.479,2.312,1
2023-05-20,Bardawil_off,CHL,4.324,3.838,2.939,4.324,1
2023-05-21,Bardawil_off,CHL,2.429,2.429,1.635,2.607,0.489
2023-05-23,Bardawil_off,CHL,2.301,2.005,1.718,2.401,1
2023-05-24,Bardawil_off,CHL,2.415,2.188,1.609,2.529,1
2023-05-25,Bardawil_off,CHL,2.659,2.295,2.057,2.695,1
2023-05-30,Bardawil_off,CHL,2.199,2.027,1.497,2.327,1
2023-05-31,Bardawil_off,CHL,2.275,2.138,1.677,2.398,1
2023-06-04,Bardawil_off,CHL,1.897,1.735,1.26,1.971,1
2023-06-05,Bardawil_off,CHL,1.708,1.607,1.193,1.834,1
2023-06-06,Bardawil_off,CHL,1.733,1.634,1.216,1.822,1
2023-06-07,Bardawil_off,CHL,1.726,1.74,1.664,1.78,0.4396
2023-06-10,Bardawil_off,CHL,1.721,1.611,1.344,1.761,1
2023-06-11,Bardawil_off,CHL,,1.299,0.877,1.47,0.3846
2023-06-12,Bardawil_off,CHL,1.531,1.305,0.9073,1.567,1
2023-06-15,Bardawil_off,CHL,1.327,1.132,0.7692,1.468,1
2023-06-16,Bardawil_off,CHL,1.429,1.189,0.8059,1.565,1
2023-06-18,Bardawil_off,CHL,1.567,1.475,1.094,1.646,1
2023-06-20,Bardawil_off,CHL,1.724,1.593,1.212,1.733,0.7967
2023-06-21,Bardawil_off,CHL,1.72,1.72,1.232,1.749,1
2023-06-22,Bardawil_off,CHL,1.514,1.582,1.265,1.681,1
2023-06-23,Bardawil_off,CHL,1.777,1.547,1.301,1.777,1
2023-06-24,Bardawil_off,CHL,1.778,1.5,1.267,1.827,1
2023-06-25,Bardawil_off,CHL,1.708,1.656,1.23,1.773,1
2023-06-26,Bardawil_off,CHL,1.761,1.683,1.216,1.942,1
2023-06-27,Bardawil_off,CHL,2.002,1.752,1.347,2.002,0.9341
2023-06-28,Bardawil_off,CHL,1.59,1.59,1.104,1.828,1
2023-06-29,Bardawil_off,CHL,1.584,1.668,1.177,2.021,0.8791
2023-06-30,Bardawil_off,CHL,1.768,1.768,1.076,1.899,0.3736
2023-07-01,Bardawil_off,CHL,,1.405,0.8077,1.595,0.5659
2023-07-02,Bardawil_off,CHL,1.828,1.764,1.298,1.867,0.8736
2023-07-03,Bardawil_off,CHL,1.83,1.805,1.268,1.923,1
2023-07-04,Bardawil_off,CHL,1.847,1.804,1.209,1.847,1
2023-07-05,Bardawil_off,CHL,1.589,1.48,1.011,1.655,1
2023-07-06,Bardawil_off,CHL,1.653,1.639,1.008,1.669,1
2023-07-07,Bardawil_off,CHL,,1.589,1.015,1.702,0.7308
2023-07-08,Bardawil_off,CHL,1.699,1.56,1.231,1.75,1
2023-07-09,Bardawil_off,CHL,1.779,1.629,1.264,1.779,0.9341
2023-07-10,Bardawil_off,CHL,3.116,2.253,1.689,3.116,0.5659
2023-07-11,Bardawil_off,CHL,2.274,2.178,1.623,2.418,1
2023-07-12,Bardawil_off,CHL,2.16,1.961,1.525,2.253,1
2023-07-13,Bardawil_off,CHL,1.904,1.631,1.334,2.243,1
2023-07-14,Bardawil_off,CHL,1.614,1.596,1.335,1.689,1
2023-07-15,Bardawil_off,CHL,1.761,1.689,1.228,1.89,1
2023-07-16,Bardawil_off,CHL,2.067,1.838,1.225,2.167,1
2023-07-17,Bardawil_off,CHL,2.059,1.88,1.144,2.103,1
2023-07-18,Bardawil_off,CHL,2.3,1.864,1.095,2.3,1
2023-07-19,Bardawil_off,CHL,1.918,1.655,1.168,1.918,0.9341
2023-07-20,Bardawil_off,CHL,2.088,1.889,1.107,2.199,1
2023-07-21,Bardawil_off,CHL,2.028,1.76,1.147,2.064,1
2023-07-22,Bardawil_off,CHL,1.648,1.648,1.131,1.728,0.9396
2023-07-23,Bardawil_off,CHL,1.827,1.805,1.251,1.92,1
2023-07-24,Bardawil_off,CHL,1.957,1.957,1.153,2.051,1
2023-07-25,Bardawil_off,CHL,2.117,1.973,1.195,2.215,1
2023-07-26,Bardawil_off,CHL,2.006,1.928,1.452,2.041,1
2023-07-27,Bardawil_off,CHL,2.125,2.081,1.457,2.178,1
2023-07-28,Bardawil_off,CHL,1.9,1.805,1.365,2.002,1
2023-07-29,Bardawil_off,CHL,1.911,1.664,1.251,2.074,1
2023-07-30,Bardawil_off,CHL,,2.122,1.703,2.122,0.1868
2023-07-31,Bardawil_off,CHL,1.982,1.898,1.594,2.006,1
2023-08-01,Bardawil_off,CHL,2.158,2.001,1.571,2.158,0.9341
2023-08-02,Bardawil_off,CHL,2.326,2.055,1.593,2.449,1
2023-08-03,Bardawil_off,CHL,2.128,1.954,1.515,2.196,1
2023-08-04,Bardawil_off,CHL,1.99,1.712,1.43,2.026,1
2023-08-05,Bardawil_off,CHL,2.208,1.678,1.547,2.374,1
2023-08-06,Bardawil_off,CHL,2.401,2.176,1.659,2.578,1
2023-08-07,Bardawil_off,CHL,1.915,1.766,1.386,2.25,0.9396
2023-08-08,Bardawil_off,CHL,1.758,1.544,1.286,2.125,1
2023-08-09,Bardawil_off,CHL,1.618,1.543,1.149,1.768,1
2023-08-10,Bardawil_off,CHL,1.459,1.546,1.455,1.642,0.5659
2023-08-11,Bardawil_off,CHL,,1.677,1.125,1.754,0.6703
2023-08-17,Bardawil_off,CHL,,1.152,1.091,1.152,0.1868
2023-08-18,Bardawil_off,CHL,,1.562,1.562,1.562,0.0495
2023-08-19,Bardawil_off,CHL,1.947,1.823,1.511,2.025,1
2023-08-20,Bardawil_off,CHL,,1.461,1.434,1.461,0.1264
2023-08-21,Bardawil_off,CHL,1.957,1.607,1.435,1.994,1
2023-08-22,Bardawil_off,CHL,1.966,1.685,1.521,1.98,1
2023-08-23,Bardawil_off,CHL,1.651,1.585,1.281,1.707,1
2023-08-24,Bardawil_off,CHL,1.633,1.606,1.342,1.8,1
2023-08-25,Bardawil_off,CHL,1.772,1.669,1.314,1.772,1
2023-08-26,Bardawil_off,CHL,1.581,1.609,1.482,1.627,0.6264
2023-08-27,Bardawil_off,CHL,1.723,1.645,1.232,1.723,1
2023-08-28,Bardawil_off,CHL,1.902,1.777,1.267,1.953,0.8791
2023-08-29,Bardawil_off,CHL,2.09,1.985,1.451,2.091,1
2023-08-30,Bardawil_off,CHL,2.092,2.092,1.615,2.283,1
2023-08-31,Bardawil_off,CHL,,2.229,1.541,2.502,0.8736
2023-09-01,Bardawil_off,CHL,,1.651,1.316,2.137,0.6813
2023-09-02,Bardawil_off,CHL,,1.53,1.422,1.586,0.1868
2023-09-03,Bardawil_off,CHL,2.652,2.652,2.302,2.772,0.5
2023-09-04,Bardawil_off,CHL,2.096,1.954,1.482,2.365,1
2023-09-05,Bardawil_off,CHL,2.639,2.265,1.727,2.771,1
2023-09-06,Bardawil_off,CHL,2.762,2.613,1.916,2.931,1
2023-09-07,Bardawil_off,CHL,2.395,2.161,1.526,2.451,1
2023-09-08,Bardawil_off,CHL,2.398,2.235,1.664,2.43,1
2023-09-09,Bardawil_off,CHL,2.104,1.772,1.398,2.472,1
2023-09-10,Bardawil_off,CHL,1.997,1.586,1.197,2.449,1
2023-09-11,Bardawil_off,CHL,2.179,2.112,1.579,2.233,0.6319
2023-09-14,Bardawil_off,CHL,1.845,1.529,1.109,2.434,1
2023-09-15,Bardawil_off,CHL,2.191,2.129,1.44,2.316,1
2023-09-16,Bardawil_off,CHL,3.71,3.3,2.032,3.907,1
2023-09-17,Bardawil_off,CHL,4.496,3.404,2.151,6.821,1
2023-09-18,Bardawil_off,CHL,2.783,2.288,1.691,3.441,1
2023-09-19,Bardawil_off,CHL,2.256,2.038,1.615,2.792,1
2023-09-21,Bardawil_off,CHL,2.143,2.017,1.593,2.318,1
2023-09-22,Bardawil_off,CHL,2.086,2.014,1.476,2.164,1
2023-09-23,Bardawil_off,CHL,1.976,1.751,1.32,2.043,1
2023-09-24,Bardawil_off,CHL,2.299,1.889,1.377,2.524,1
2023-09-25,Bardawil_off,CHL,1.632,1.529,1.248,1.867,1
2023-09-26,Bardawil_off,CHL,2.204,2.161,1.642,2.755,1
2023-09-27,Bardawil_off,CHL,2.641,2.012,1.632,2.912,1
2023-09-28,Bardawil_off,CHL,2.918,1.969,1.656,3.277,1
2023-09-29,Bardawil_off,CHL,3.03,2.781,1.919,3.116,1
2023-09-30,Bardawil_off,CHL,2.688,2.211,1.657,2.892,1
2023-10-03,Bardawil_off,CHL,,1.442,1.3,1.927,0.5
2023-10-07,Bardawil_off,CHL,2.13,1.801,1.389,2.13,1
2023-10-08,Bardawil_off,CHL,2.03,1.703,1.278,2.112,1
2023-10-09,Bardawil_off,CHL,1.804,1.955,1.885,1.966,0.1264
2023-10-10,Bardawil_off,CHL,1.567,1.568,1.171,1.722,1
2023-10-11,Bardawil_off,CHL,1.53,1.495,1.337,1.543,0.5
2023-10-12,Bardawil_off,CHL,1.509,1.613,1.226,1.658,1
2023-10-13,Bardawil_off,CHL,2.151,1.85,1.323,2.206,1
2023-10-15,Bardawil_off,CHL,2.142,2.081,1.671,2.197,0.7527
2023-10-16,Bardawil_off,CHL,2.046,1.641,1.267,2.236,1
2023-10-17,Bardawil_off,CHL,1.985,1.876,1.47,2.214,0.7527
2023-10-18,Bardawil_off,CHL,2.08,1.652,1.188,2.08,1
2023-10-19,Bardawil_off,CHL,2.344,1.772,1.162,2.425,1
2023-10-20,Bardawil_off,CHL,2.831,2.331,1.393,4.563,1
2023-10-21,Bardawil_off,CHL,2.656,1.812,1.219,3.603,1
2023-10-22,Bardawil_off,CHL,,1.633,1.187,2.081,0.2692
2023-10-25,Bardawil_off,CHL,2.167,1.674,1.241,2.442,1
2023-10-26,Bardawil_off,CHL,1.951,1.505,1.136,2.546,1
2023-10-30,Bardawil_off,CHL,1.922,1.411,1.171,2.187,1
2023-11-01,Bardawil_off,CHL,,0.7991,0.7152,0.7991,0.1923
2023-11-02,Bardawil_off,CHL,1.888,1.626,1.391,2.197,0.8132
2023-11-03,Bardawil_off,CHL,5.974,3.246,2.059,8.817,1
2023-11-04,Bardawil_off,CHL,2.715,1.703,1.221,2.943,1
2023-11-05,Bardawil_off,CHL,2.031,1.189,0.9654,2.397,1
2023-11-06,Bardawil_off,CHL,1.453,1.187,0.9628,2.197,1
2023-11-07,Bardawil_off,CHL,1.349,1.24,0.911,2.014,1
2023-11-08,Bardawil_off,CHL,1.646,1.415,1.011,1.854,0.8736
2023-11-09,Bardawil_off,CHL,1.433,1.265,0.8263,1.433,1
2023-11-10,Bardawil_off,CHL,1.386,1.364,0.9114,1.758,0.9231
2023-11-15,Bardawil_off,CHL,2.289,2.209,1.684,2.355,0.6868
2023-11-16,Bardawil_off,CHL,1.835,1.762,1.315,1.956,0.8736
2023-11-17,Bardawil_off,CHL,1.821,1.624,1.27,1.955,1
2023-11-18,Bardawil_off,CHL,1.472,1.553,1.05,1.762,0.8187
2023-11-21,Bardawil_off,CHL,5.694,5.694,4.278,6.053,0.6868
2023-11-23,Bardawil_off,CHL,2.681,2.501,1.765,2.681,1
2023-11-24,Bardawil_off,CHL,3.785,3.135,2.262,3.785,1
2023-11-29,Bardawil_off,CHL,4.452,4.101,3.492,4.83,1
2023-12-01,Bardawil_off,CHL,2.215,2.094,1.715,2.293,0.7473
2023-12-02,Bardawil_off,CHL,2.21,2.132,1.562,2.326,0.8791
2023-12-03,Bardawil_off,CHL,1.82,1.82,1.434,1.975,1
2023-12-04,Bardawil_off,CHL,,2.299,2.227,2.299,0.0659
2023-12-06,Bardawil_off,CHL,1.817,1.374,1.064,2.129,1
2023-12-11,Bardawil_off,CHL,3.53,3.328,1.977,3.865,1
2023-12-12,Bardawil_off,CHL,,1.275,0.8645,1.582,0.4341
2023-12-14,Bardawil_off,CHL,2.169,2.019,1.622,2.169,0.5165
2023-12-15,Bardawil_off,CHL,1.912,1.675,1.155,1.912,1
2023-12-16,Bardawil_off,CHL,1.978,1.422,1.118,2.092,1
2023-12-17,Bardawil_off,CHL,1.94,1.972,1.541,2.111,0.7033
2023-12-18,Bardawil_off,CHL,1.704,1.204,0.8219,1.704,1
2023-12-19,Bardawil_off,CHL,,0.6961,0.5426,0.6961,0.1868
2023-12-22,Bardawil_off,CHL,5.889,4.667,3.22,6.173,1
2023-12-23,Bardawil_off,CHL,3.773,2.234,2.04,3.773,0.6923
2023-12-24,Bardawil_off,CHL,,2.117,1.657,2.276,0.7473
2023-12-25,Bardawil_off,CHL,2.205,1.799,1.509,2.205,0.9396
2023-12-26,Bardawil_off,CHL,2.27,2.187,1.552,2.425,1
2023-12-29,Bardawil_off,CHL,2.656,2.455,1.798,2.776,1
2023-12-30,Bardawil_off,CHL,2.629,2.377,1.535,2.946,1
2023-12-31,Bardawil_off,CHL,,1.976,1.62,2.152,0.6209
2023-01-03,Open_sea_ref,CHL,0.0719,0.0719,0.0719,0.0719,1
2023-01-04,Open_sea_ref,CHL,0.0492,0.0492,0.0492,0.0492,1
2023-01-05,Open_sea_ref,CHL,0.0533,0.0533,0.0533,0.0533,1
2023-01-06,Open_sea_ref,CHL,0.0407,0.0407,0.0407,0.0407,1
2023-01-07,Open_sea_ref,CHL,0.0497,0.0497,0.0497,0.0497,1
2023-01-08,Open_sea_ref,CHL,0.0446,0.0446,0.0446,0.0446,1
2023-01-09,Open_sea_ref,CHL,0.0589,0.0589,0.0589,0.0589,1
2023-01-10,Open_sea_ref,CHL,0.0605,0.0605,0.0605,0.0605,1
2023-01-18,Open_sea_ref,CHL,0.0584,0.0584,0.0584,0.0584,1
2023-01-19,Open_sea_ref,CHL,0.0601,0.0601,0.0601,0.0601,1
2023-01-20,Open_sea_ref,CHL,0.0539,0.0539,0.0539,0.0539,1
2023-01-21,Open_sea_ref,CHL,0.0595,0.0595,0.0595,0.0595,1
2023-01-22,Open_sea_ref,CHL,0.0594,0.0594,0.0594,0.0594,1
2023-01-23,Open_sea_ref,CHL,0.0666,0.0666,0.0666,0.0666,1
2023-01-24,Open_sea_ref,CHL,0.0638,0.0638,0.0638,0.0638,1
2023-01-25,Open_sea_ref,CHL,0.0535,0.0535,0.0535,0.0535,1
2023-01-26,Open_sea_ref,CHL,0.058,0.058,0.058,0.058,1
2023-01-27,Open_sea_ref,CHL,0.0801,0.0801,0.0801,0.0801,1
2023-01-31,Open_sea_ref,CHL,0.0591,0.0591,0.0591,0.0591,1
2023-02-03,Open_sea_ref,CHL,0.0576,0.0576,0.0576,0.0576,1
2023-02-09,Open_sea_ref,CHL,0.0525,0.0525,0.0525,0.0525,1
2023-02-11,Open_sea_ref,CHL,0.0571,0.0571,0.0571,0.0571,1
2023-02-13,Open_sea_ref,CHL,0.0625,0.0625,0.0625,0.0625,1
2023-02-14,Open_sea_ref,CHL,0.0512,0.0512,0.0512,0.0512,1
2023-02-15,Open_sea_ref,CHL,0.0671,0.0671,0.0671,0.0671,1
2023-02-17,Open_sea_ref,CHL,0.0641,0.0641,0.0641,0.0641,1
2023-02-18,Open_sea_ref,CHL,0.0689,0.0689,0.0689,0.0689,1
2023-02-19,Open_sea_ref,CHL,0.0608,0.0608,0.0608,0.0608,1
2023-02-20,Open_sea_ref,CHL,0.0587,0.0587,0.0587,0.0587,1
2023-02-23,Open_sea_ref,CHL,0.0591,0.0591,0.0591,0.0591,1
2023-02-24,Open_sea_ref,CHL,0.0611,0.0611,0.0611,0.0611,1
2023-02-25,Open_sea_ref,CHL,0.0777,0.0777,0.0777,0.0777,1
2023-02-26,Open_sea_ref,CHL,0.0675,0.0675,0.0675,0.0675,1
2023-02-27,Open_sea_ref,CHL,0.0717,0.0717,0.0717,0.0717,1
2023-03-01,Open_sea_ref,CHL,0.0755,0.0755,0.0755,0.0755,1
2023-03-02,Open_sea_ref,CHL,0.0545,0.0545,0.0545,0.0545,1
2023-03-03,Open_sea_ref,CHL,0.0673,0.0673,0.0673,0.0673,1
2023-03-04,Open_sea_ref,CHL,0.0628,0.0628,0.0628,0.0628,1
2023-03-05,Open_sea_ref,CHL,0.0779,0.0779,0.0779,0.0779,1
2023-03-06,Open_sea_ref,CHL,0.0506,0.0506,0.0506,0.0506,1
2023-03-08,Open_sea_ref,CHL,0.0587,0.0587,0.0587,0.0587,1
2023-03-09,Open_sea_ref,CHL,0.046,0.046,0.046,0.046,1
2023-03-10,Open_sea_ref,CHL,0.0409,0.0409,0.0409,0.0409,1
2023-03-11,Open_sea_ref,CHL,0.0455,0.0455,0.0455,0.0455,1
2023-03-12,Open_sea_ref,CHL,0.0433,0.0433,0.0433,0.0433,1
2023-03-14,Open_sea_ref,CHL,0.0448,0.0448,0.0448,0.0448,1
2023-03-15,Open_sea_ref,CHL,0.0457,0.0457,0.0457,0.0457,1
2023-03-16,Open_sea_ref,CHL,0.0416,0.0416,0.0416,0.0416,1
2023-03-17,Open_sea_ref,CHL,0.0443,0.0443,0.0443,0.0443,1
2023-03-21,Open_sea_ref,CHL,0.0673,0.0673,0.0673,0.0673,1
2023-03-27,Open_sea_ref,CHL,0.0464,0.0464,0.0464,0.0464,1
2023-03-28,Open_sea_ref,CHL,0.0455,0.0455,0.0455,0.0455,1
2023-03-30,Open_sea_ref,CHL,0.0457,0.0457,0.0457,0.0457,1
2023-04-01,Open_sea_ref,CHL,0.0453,0.0453,0.0453,0.0453,1
2023-04-02,Open_sea_ref,CHL,0.0392,0.0392,0.0392,0.0392,1
2023-04-03,Open_sea_ref,CHL,0.0523,0.0523,0.0523,0.0523,1
2023-04-04,Open_sea_ref,CHL,0.0499,0.0499,0.0499,0.0499,1
2023-04-11,Open_sea_ref,CHL,0.0478,0.0478,0.0478,0.0478,1
2023-04-13,Open_sea_ref,CHL,0.0452,0.0452,0.0452,0.0452,1
2023-04-14,Open_sea_ref,CHL,0.0467,0.0467,0.0467,0.0467,1
2023-04-16,Open_sea_ref,CHL,0.0532,0.0532,0.0532,0.0532,1
2023-04-17,Open_sea_ref,CHL,0.0403,0.0403,0.0403,0.0403,1
2023-04-18,Open_sea_ref,CHL,0.0384,0.0384,0.0384,0.0384,1
2023-04-20,Open_sea_ref,CHL,0.0377,0.0377,0.0377,0.0377,1
2023-04-22,Open_sea_ref,CHL,0.0366,0.0366,0.0366,0.0366,1
2023-04-24,Open_sea_ref,CHL,0.0355,0.0355,0.0355,0.0355,1
2023-04-25,Open_sea_ref,CHL,0.0313,0.0313,0.0313,0.0313,1
2023-04-26,Open_sea_ref,CHL,0.0313,0.0313,0.0313,0.0313,1
2023-04-27,Open_sea_ref,CHL,0.0276,0.0276,0.0276,0.0276,1
2023-04-28,Open_sea_ref,CHL,0.032,0.032,0.032,0.032,1
2023-04-29,Open_sea_ref,CHL,0.0369,0.0369,0.0369,0.0369,1
2023-05-01,Open_sea_ref,CHL,0.0311,0.0311,0.0311,0.0311,1
2023-05-02,Open_sea_ref,CHL,0.0306,0.0306,0.0306,0.0306,1
2023-05-03,Open_sea_ref,CHL,0.0323,0.0323,0.0323,0.0323,1
2023-05-04,Open_sea_ref,CHL,0.0303,0.0303,0.0303,0.0303,1
2023-05-06,Open_sea_ref,CHL,0.0301,0.0301,0.0301,0.0301,1
2023-05-07,Open_sea_ref,CHL,0.035,0.035,0.035,0.035,1
2023-05-09,Open_sea_ref,CHL,0.033,0.033,0.033,0.033,1
2023-05-10,Open_sea_ref,CHL,0.0327,0.0327,0.0327,0.0327,1
2023-05-12,Open_sea_ref,CHL,0.0375,0.0375,0.0375,0.0375,1
2023-05-14,Open_sea_ref,CHL,0.0348,0.0348,0.0348,0.0348,1
2023-05-15,Open_sea_ref,CHL,0.0342,0.0342,0.0342,0.0342,1
2023-05-16,Open_sea_ref,CHL,0.0339,0.0339,0.0339,0.0339,1
2023-05-21,Open_sea_ref,CHL,0.0314,0.0314,0.0314,0.0314,1
2023-05-23,Open_sea_ref,CHL,0.0383,0.0383,0.0383,0.0383,1
2023-05-24,Open_sea_ref,CHL,0.0282,0.0282,0.0282,0.0282,1
2023-05-25,Open_sea_ref,CHL,0.0312,0.0312,0.0312,0.0312,1
2023-05-30,Open_sea_ref,CHL,0.032,0.032,0.032,0.032,1
2023-05-31,Open_sea_ref,CHL,0.0286,0.0286,0.0286,0.0286,1
2023-06-03,Open_sea_ref,CHL,0.0379,0.0379,0.0379,0.0379,1
2023-06-04,Open_sea_ref,CHL,0.0331,0.0331,0.0331,0.0331,1
2023-06-05,Open_sea_ref,CHL,0.0306,0.0306,0.0306,0.0306,1
2023-06-11,Open_sea_ref,CHL,0.0449,0.0449,0.0449,0.0449,1
2023-06-13,Open_sea_ref,CHL,0.0393,0.0393,0.0393,0.0393,1
2023-06-15,Open_sea_ref,CHL,0.034,0.034,0.034,0.034,1
2023-06-16,Open_sea_ref,CHL,0.0351,0.0351,0.0351,0.0351,1
2023-06-18,Open_sea_ref,CHL,0.0345,0.0345,0.0345,0.0345,1
2023-06-21,Open_sea_ref,CHL,0.0342,0.0342,0.0342,0.0342,1
2023-06-22,Open_sea_ref,CHL,0.0315,0.0315,0.0315,0.0315,1
2023-06-23,Open_sea_ref,CHL,0.0362,0.0362,0.0362,0.0362,1
2023-06-24,Open_sea_ref,CHL,0.0313,0.0313,0.0313,0.0313,1
2023-06-25,Open_sea_ref,CHL,0.0267,0.0267,0.0267,0.0267,1
2023-06-26,Open_sea_ref,CHL,0.0321,0.0321,0.0321,0.0321,1
2023-06-28,Open_sea_ref,CHL,0.0247,0.0247,0.0247,0.0247,1
2023-06-29,Open_sea_ref,CHL,0.029,0.029,0.029,0.029,1
2023-07-02,Open_sea_ref,CHL,0.0283,0.0283,0.0283,0.0283,1
2023-07-03,Open_sea_ref,CHL,0.0299,0.0299,0.0299,0.0299,1
2023-07-05,Open_sea_ref,CHL,0.0285,0.0285,0.0285,0.0285,1
2023-07-06,Open_sea_ref,CHL,0.0281,0.0281,0.0281,0.0281,1
2023-07-12,Open_sea_ref,CHL,0.0239,0.0239,0.0239,0.0239,1
2023-07-13,Open_sea_ref,CHL,0.0219,0.0219,0.0219,0.0219,1
2023-07-14,Open_sea_ref,CHL,0.024,0.024,0.024,0.024,1
2023-07-15,Open_sea_ref,CHL,0.0267,0.0267,0.0267,0.0267,1
2023-07-16,Open_sea_ref,CHL,0.0245,0.0245,0.0245,0.0245,1
2023-07-17,Open_sea_ref,CHL,0.0236,0.0236,0.0236,0.0236,1
2023-07-18,Open_sea_ref,CHL,0.0254,0.0254,0.0254,0.0254,1
2023-07-20,Open_sea_ref,CHL,0.0238,0.0238,0.0238,0.0238,1
2023-07-21,Open_sea_ref,CHL,0.0274,0.0274,0.0274,0.0274,1
2023-07-22,Open_sea_ref,CHL,0.0224,0.0224,0.0224,0.0224,1
2023-07-23,Open_sea_ref,CHL,0.0272,0.0272,0.0272,0.0272,1
2023-07-24,Open_sea_ref,CHL,0.026,0.026,0.026,0.026,1
2023-07-25,Open_sea_ref,CHL,0.0308,0.0308,0.0308,0.0308,1
2023-07-26,Open_sea_ref,CHL,0.027,0.027,0.027,0.027,1
2023-07-27,Open_sea_ref,CHL,0.0236,0.0236,0.0236,0.0236,1
2023-07-28,Open_sea_ref,CHL,0.0218,0.0218,0.0218,0.0218,1
2023-07-31,Open_sea_ref,CHL,0.025,0.025,0.025,0.025,1
2023-08-01,Open_sea_ref,CHL,0.0208,0.0208,0.0208,0.0208,1
2023-08-02,Open_sea_ref,CHL,0.0204,0.0204,0.0204,0.0204,1
2023-08-03,Open_sea_ref,CHL,0.0211,0.0211,0.0211,0.0211,1
2023-08-04,Open_sea_ref,CHL,0.0181,0.0181,0.0181,0.0181,1
2023-08-05,Open_sea_ref,CHL,0.0221,0.0221,0.0221,0.0221,1
2023-08-06,Open_sea_ref,CHL,0.025,0.025,0.025,0.025,1
2023-08-07,Open_sea_ref,CHL,0.0263,0.0263,0.0263,0.0263,1
2023-08-08,Open_sea_ref,CHL,0.0214,0.0214,0.0214,0.0214,1
2023-08-10,Open_sea_ref,CHL,0.0236,0.0236,0.0236,0.0236,1
2023-08-12,Open_sea_ref,CHL,0.0201,0.0201,0.0201,0.0201,1
2023-08-17,Open_sea_ref,CHL,0.0309,0.0309,0.0309,0.0309,1
2023-08-19,Open_sea_ref,CHL,0.0293,0.0293,0.0293,0.0293,1
2023-08-20,Open_sea_ref,CHL,0.0263,0.0263,0.0263,0.0263,1
2023-08-21,Open_sea_ref,CHL,0.0234,0.0234,0.0234,0.0234,1
2023-08-22,Open_sea_ref,CHL,0.0254,0.0254,0.0254,0.0254,1
2023-08-23,Open_sea_ref,CHL,0.0211,0.0211,0.0211,0.0211,1
2023-08-24,Open_sea_ref,CHL,0.0268,0.0268,0.0268,0.0268,1
2023-08-29,Open_sea_ref,CHL,0.0249,0.0249,0.0249,0.0249,1
2023-09-01,Open_sea_ref,CHL,0.0243,0.0243,0.0243,0.0243,1
2023-09-04,Open_sea_ref,CHL,0.0249,0.0249,0.0249,0.0249,1
2023-09-05,Open_sea_ref,CHL,0.0313,0.0313,0.0313,0.0313,1
2023-09-06,Open_sea_ref,CHL,0.0316,0.0316,0.0316,0.0316,1
2023-09-07,Open_sea_ref,CHL,0.023,0.023,0.023,0.023,1
2023-09-08,Open_sea_ref,CHL,0.0274,0.0274,0.0274,0.0274,1
2023-09-09,Open_sea_ref,CHL,0.0269,0.0269,0.0269,0.0269,1
2023-09-13,Open_sea_ref,CHL,0.0247,0.0247,0.0247,0.0247,1
2023-09-14,Open_sea_ref,CHL,0.024,0.024,0.024,0.024,1
2023-09-15,Open_sea_ref,CHL,0.0226,0.0226,0.0226,0.0226,1
2023-09-16,Open_sea_ref,CHL,0.0246,0.0246,0.0246,0.0246,1
2023-09-17,Open_sea_ref,CHL,0.0336,0.0336,0.0336,0.0336,1
2023-09-18,Open_sea_ref,CHL,0.023,0.023,0.023,0.023,1
2023-09-19,Open_sea_ref,CHL,0.0247,0.0247,0.0247,0.0247,1
2023-09-20,Open_sea_ref,CHL,0.0317,0.0317,0.0317,0.0317,1
2023-09-21,Open_sea_ref,CHL,0.0244,0.0244,0.0244,0.0244,1
2023-09-22,Open_sea_ref,CHL,0.0208,0.0208,0.0208,0.0208,1
2023-09-23,Open_sea_ref,CHL,0.0216,0.0216,0.0216,0.0216,1
2023-09-24,Open_sea_ref,CHL,0.019,0.019,0.019,0.019,1
2023-09-25,Open_sea_ref,CHL,0.0262,0.0262,0.0262,0.0262,1
2023-09-26,Open_sea_ref,CHL,0.0313,0.0313,0.0313,0.0313,1
2023-09-27,Open_sea_ref,CHL,0.0239,0.0239,0.0239,0.0239,1
2023-09-28,Open_sea_ref,CHL,0.0223,0.0223,0.0223,0.0223,1
2023-09-29,Open_sea_ref,CHL,0.0181,0.0181,0.0181,0.0181,1
2023-09-30,Open_sea_ref,CHL,0.0217,0.0217,0.0217,0.0217,1
2023-10-03,Open_sea_ref,CHL,0.0288,0.0288,0.0288,0.0288,1
2023-10-05,Open_sea_ref,CHL,0.0236,0.0236,0.0236,0.0236,1
2023-10-06,Open_sea_ref,CHL,0.0227,0.0227,0.0227,0.0227,1
2023-10-08,Open_sea_ref,CHL,0.0265,0.0265,0.0265,0.0265,1
2023-10-09,Open_sea_ref,CHL,0.0308,0.0308,0.0308,0.0308,1
2023-10-10,Open_sea_ref,CHL,0.0316,0.0316,0.0316,0.0316,1
2023-10-12,Open_sea_ref,CHL,0.0246,0.0246,0.0246,0.0246,1
2023-10-13,Open_sea_ref,CHL,0.032,0.032,0.032,0.032,1
2023-10-15,Open_sea_ref,CHL,0.0262,0.0262,0.0262,0.0262,1
2023-10-16,Open_sea_ref,CHL,0.0272,0.0272,0.0272,0.0272,1
2023-10-17,Open_sea_ref,CHL,0.0285,0.0285,0.0285,0.0285,1
2023-10-18,Open_sea_ref,CHL,0.029,0.029,0.029,0.029,1
2023-10-20,Open_sea_ref,CHL,0.0286,0.0286,0.0286,0.0286,1
2023-10-21,Open_sea_ref,CHL,0.0279,0.0279,0.0279,0.0279,1
2023-10-25,Open_sea_ref,CHL,0.028,0.028,0.028,0.028,1
2023-10-26,Open_sea_ref,CHL,0.0349,0.0349,0.0349,0.0349,1
2023-10-28,Open_sea_ref,CHL,0.0401,0.0401,0.0401,0.0401,1
2023-10-30,Open_sea_ref,CHL,0.0328,0.0328,0.0328,0.0328,1
2023-10-31,Open_sea_ref,CHL,0.0349,0.0349,0.0349,0.0349,1
2023-11-03,Open_sea_ref,CHL,0.0269,0.0269,0.0269,0.0269,1
2023-11-04,Open_sea_ref,CHL,0.0275,0.0275,0.0275,0.0275,1
2023-11-05,Open_sea_ref,CHL,0.029,0.029,0.029,0.029,1
2023-11-06,Open_sea_ref,CHL,0.0317,0.0317,0.0317,0.0317,1
2023-11-07,Open_sea_ref,CHL,0.0327,0.0327,0.0327,0.0327,1
2023-11-08,Open_sea_ref,CHL,0.0232,0.0232,0.0232,0.0232,1
2023-11-09,Open_sea_ref,CHL,0.0317,0.0317,0.0317,0.0317,1
2023-11-10,Open_sea_ref,CHL,0.0276,0.0276,0.0276,0.0276,1
2023-11-13,Open_sea_ref,CHL,0.0362,0.0362,0.0362,0.0362,1
2023-11-15,Open_sea_ref,CHL,0.0331,0.0331,0.0331,0.0331,1
2023-11-16,Open_sea_ref,CHL,0.0277,0.0277,0.0277,0.0277,1
2023-11-17,Open_sea_ref,CHL,0.0276,0.0276,0.0276,0.0276,1
2023-11-21,Open_sea_ref,CHL,0.0367,0.0367,0.0367,0.0367,1
2023-11-23,Open_sea_ref,CHL,0.0352,0.0352,0.0352,0.0352,1
2023-11-24,Open_sea_ref,CHL,0.0405,0.0405,0.0405,0.0405,1
2023-11-26,Open_sea_ref,CHL,0.0425,0.0425,0.0425,0.0425,1
2023-11-27,Open_sea_ref,CHL,0.0422,0.0422,0.0422,0.0422,1
2023-11-29,Open_sea_ref,CHL,0.0433,0.0433,0.0433,0.0433,1
2023-11-30,Open_sea_ref,CHL,0.0409,0.0409,0.0409,0.0409,1
2023-12-01,Open_sea_ref,CHL,0.0365,0.0365,0.0365,0.0365,1
2023-12-02,Open_sea_ref,CHL,0.041,0.041,0.041,0.041,1
2023-12-03,Open_sea_ref,CHL,0.049,0.049,0.049,0.049,1
2023-12-04,Open_sea_ref,CHL,0.0438,0.0438,0.0438,0.0438,1
2023-12-10,Open_sea_ref,CHL,0.0466,0.0466,0.0466,0.0466,1
2023-12-11,Open_sea_ref,CHL,0.038,0.038,0.038,0.038,1
2023-12-13,Open_sea_ref,CHL,0.0391,0.0391,0.0391,0.0391,1
2023-12-14,Open_sea_ref,CHL,0.0408,0.0408,0.0408,0.0408,1
2023-12-15,Open_sea_ref,CHL,0.0418,0.0418,0.0418,0.0418,1
2023-12-16,Open_sea_ref,CHL,0.0531,0.0531,0.0531,0.0531,1
2023-12-19,Open_sea_ref,CHL,0.0667,0.0667,0.0667,0.0667,1
2023-12-25,Open_sea_ref,CHL,0.0634,0.0634,0.0634,0.0634,1
2023-12-26,Open_sea_ref,CHL,0.0607,0.0607,0.0607,0.0607,1
2023-12-29,Open_sea_ref,CHL,0.0556,0.0556,0.0556,0.0556,1
2023-12-30,Open_sea_ref,CHL,0.0508,0.0508,0.0508,0.0508,1
2023-12-31,Open_sea_ref,CHL,0.0594,0.0594,0.0594,0.0594,1
