date,site,variable,at_station,transect_p80,transect_mean,transect_max,valid_frac
2016-01-05,El_Arish_EG,CHL,2.629,2.264,1.659,4.234,0.9254
2016-01-06,El_Arish_EG,CHL,1.555,1.673,1.303,3.533,0.9851
2016-01-09,El_Arish_EG,CHL,5.039,5.039,4.068,5.228,0.4627
2016-01-10,El_Arish_EG,CHL,1.436,1.436,1.134,2.427,0.9851
2016-01-12,El_Arish_EG,CHL,1.717,1.68,0.9378,1.936,0.9254
2016-01-13,El_Arish_EG,CHL,0.6654,0.6555,0.4469,1.527,0.8706
2016-01-14,El_Arish_EG,CHL,,0.1936,0.1677,0.1978,0.3284
2016-01-15,El_Arish_EG,CHL,1.257,1.257,0.8204,3.51,0.8856
2016-01-16,El_Arish_EG,CHL,1.613,1.613,0.8161,2.365,0.9851
2016-01-17,El_Arish_EG,CHL,1.731,1.635,0.7784,1.786,0.9254
2016-01-20,El_Arish_EG,CHL,2.935,2.258,1.596,3.582,0.9851
2016-01-21,El_Arish_EG,CHL,1.853,2.065,1.369,2.179,0.7562
2016-01-22,El_Arish_EG,CHL,1.062,0.9712,0.7361,1.695,0.9254
2016-01-29,El_Arish_EG,CHL,1.502,1.516,1.144,2.07,0.9851
2016-01-31,El_Arish_EG,CHL,0.7462,0.7462,0.5802,1.671,0.9851
2016-02-01,El_Arish_EG,CHL,1.676,1.676,1.178,3.816,0.9204
2016-02-02,El_Arish_EG,CHL,1.646,2.156,1.719,2.645,0.4677
2016-02-03,El_Arish_EG,CHL,1.136,0.914,0.5415,1.939,0.9254
2016-02-04,El_Arish_EG,CHL,1.545,1.545,1.062,6.241,0.9851
2016-02-06,El_Arish_EG,CHL,3.601,3.066,1.953,3.601,0.9851
2016-02-09,El_Arish_EG,CHL,2.119,1.755,1.378,4.431,0.8657
2016-02-11,El_Arish_EG,CHL,1.57,1.57,1.012,2.857,0.9851
2016-02-12,El_Arish_EG,CHL,1.293,1.322,1.451,11.47,0.9851
2016-02-14,El_Arish_EG,CHL,1.015,0.7346,1.463,14.9,0.9254
2016-02-15,El_Arish_EG,CHL,0.2914,0.2914,1.046,10.43,0.9851
2016-02-16,El_Arish_EG,CHL,1.221,1.441,1.147,4.731,0.9851
2016-02-17,El_Arish_EG,CHL,0.9767,1.036,1.168,6.99,0.9851
2016-02-18,El_Arish_EG,CHL,2.521,2.058,1.642,6.398,0.9204
2016-02-19,El_Arish_EG,CHL,6.291,3.264,2.183,7.249,0.9254
2016-02-20,El_Arish_EG,CHL,,1.465,0.6977,1.597,0.5771
2016-02-21,El_Arish_EG,CHL,,0.3263,0.6992,3.144,0.5771
2016-02-23,El_Arish_EG,CHL,6.18,5.782,3.509,6.229,0.9851
2016-02-24,El_Arish_EG,CHL,3.397,3.038,2.078,3.397,0.9851
2016-02-25,El_Arish_EG,CHL,2.489,2.489,2.337,5.472,0.8657
2016-02-26,El_Arish_EG,CHL,1.807,1.807,1.77,2.83,0.9851
2016-02-27,El_Arish_EG,CHL,1.378,1.646,1.523,1.912,0.6368
2016-02-28,El_Arish_EG,CHL,1.679,2.039,1.551,2.205,0.9851
2016-02-29,El_Arish_EG,CHL,2.477,2.413,1.923,7.303,0.9403
2016-03-01,El_Arish_EG,CHL,2.696,2.696,1.688,4.556,0.9254
2016-03-03,El_Arish_EG,CHL,1.522,1.413,0.8761,1.522,0.7363
2016-03-04,El_Arish_EG,CHL,1.98,1.98,1.319,2.943,0.9851
2016-03-05,El_Arish_EG,CHL,1.768,1.683,1.046,2.221,0.8657
2016-03-07,El_Arish_EG,CHL,2.91,2.859,1.66,3.674,0.9353
2016-03-09,El_Arish_EG,CHL,,1.268,0.8179,1.752,0.5373
2016-03-10,El_Arish_EG,CHL,1.371,1.411,0.9313,1.461,0.6368
2016-03-11,El_Arish_EG,CHL,1.703,1.65,1.048,1.9,0.9254
2016-03-15,El_Arish_EG,CHL,,2.744,1.541,4.331,0.6965
2016-03-16,El_Arish_EG,CHL,,5.944,3.818,6.714,0.5771
2016-03-18,El_Arish_EG,CHL,3.644,3.61,2.276,3.7,0.9851
2016-03-19,El_Arish_EG,CHL,,2.372,1.689,2.455,0.7512
2016-03-20,El_Arish_EG,CHL,2.189,2.189,1.391,2.457,0.6418
2016-03-22,El_Arish_EG,CHL,3.25,2.352,1.835,3.25,0.6965
2016-03-23,El_Arish_EG,CHL,,1.037,0.8526,1.33,0.5771
2016-03-28,El_Arish_EG,CHL,,0.493,0.3864,0.493,0.2338
2016-03-29,El_Arish_EG,CHL,4.703,4.287,3.197,4.703,0.6368
2016-03-30,El_Arish_EG,CHL,2.105,2.105,1.767,2.2,0.6368
2016-03-31,El_Arish_EG,CHL,,1.698,1.165,1.698,0.2239
2016-04-01,El_Arish_EG,CHL,1.666,1.666,1.153,2.066,0.9254
2016-04-02,El_Arish_EG,CHL,1.554,1.488,1.012,1.581,0.9254
2016-04-03,El_Arish_EG,CHL,1.157,1.142,0.7133,1.32,0.9254
2016-04-04,El_Arish_EG,CHL,1.067,1.054,0.6322,1.137,0.9254
2016-04-14,El_Arish_EG,CHL,1.419,1.52,0.8748,1.712,0.9851
2016-04-15,El_Arish_EG,CHL,,0.5994,0.3761,0.8265,0.5224
2016-04-17,El_Arish_EG,CHL,0.9737,0.9737,0.6252,1.271,0.9254
2016-04-18,El_Arish_EG,CHL,0.7834,0.7591,0.5027,0.9885,0.9254
2016-04-19,El_Arish_EG,CHL,0.6597,0.634,0.4551,0.827,0.9254
2016-04-20,El_Arish_EG,CHL,0.5379,0.602,0.4185,0.756,0.9254
2016-04-25,El_Arish_EG,CHL,0.7795,0.7795,0.4006,1.105,0.9851
2016-04-26,El_Arish_EG,CHL,1.008,1.008,0.7513,1.327,0.4627
2016-04-28,El_Arish_EG,CHL,1.284,1.45,0.7538,1.52,0.9851
2016-04-29,El_Arish_EG,CHL,1.55,1.459,0.8208,1.669,0.8706
2016-04-30,El_Arish_EG,CHL,1.132,1.132,0.6665,1.465,0.9254
2016-05-04,El_Arish_EG,CHL,1.855,1.855,1.024,2.248,0.9502
2016-05-05,El_Arish_EG,CHL,2.078,2.107,1.44,2.454,0.9851
2016-05-06,El_Arish_EG,CHL,3.17,2.107,1.371,3.196,0.8607
2016-05-07,El_Arish_EG,CHL,1.666,1.603,1.138,1.827,0.9254
2016-05-08,El_Arish_EG,CHL,1.708,1.739,1.391,1.944,0.9851
2016-05-10,El_Arish_EG,CHL,,1.199,0.81,1.516,0.5622
2016-05-11,El_Arish_EG,CHL,1.459,1.417,0.9931,1.58,0.9851
2016-05-12,El_Arish_EG,CHL,1.405,1.405,1.039,1.815,1
2016-05-19,El_Arish_EG,CHL,1.758,1.726,0.9054,1.863,0.9254
2016-05-20,El_Arish_EG,CHL,2.104,2.104,1.41,2.549,0.9851
2016-05-27,El_Arish_EG,CHL,,2.069,1.558,2.115,0.5025
2016-05-28,El_Arish_EG,CHL,3.795,3.545,2.285,3.945,0.9254
2016-05-29,El_Arish_EG,CHL,3.494,3.494,2.14,3.657,0.8657
2016-05-30,El_Arish_EG,CHL,2.285,2.345,1.761,2.686,0.9254
2016-05-31,El_Arish_EG,CHL,2.262,2.262,1.633,4.952,1
2016-06-01,El_Arish_EG,CHL,2.286,2.162,1.473,2.575,0.8657
2016-06-06,El_Arish_EG,CHL,1.195,0.9668,0.5362,1.195,0.8159
2016-06-09,El_Arish_EG,CHL,1.009,1.009,0.6402,1.326,0.7463
2016-06-11,El_Arish_EG,CHL,2.162,1.787,1.255,2.237,0.7512
2016-06-12,El_Arish_EG,CHL,,1.414,0.864,2.027,0.6915
2016-06-16,El_Arish_EG,CHL,1.252,1.193,0.6374,1.53,0.9851
2016-06-17,El_Arish_EG,CHL,1.388,1.345,0.7355,1.439,0.9851
2016-06-20,El_Arish_EG,CHL,1.153,1.035,0.5593,1.971,1
2016-06-21,El_Arish_EG,CHL,1.277,1.044,0.5341,1.277,0.9254
2016-06-22,El_Arish_EG,CHL,1.372,1.373,0.7474,1.514,0.9851
2016-06-23,El_Arish_EG,CHL,1.332,1.361,1.047,1.443,0.6766
2016-06-24,El_Arish_EG,CHL,1.337,1.393,0.9192,1.774,1
2016-06-25,El_Arish_EG,CHL,1.494,1.4,0.885,1.567,0.8109
2016-06-27,El_Arish_EG,CHL,,1.379,0.6857,1.48,0.7512
2016-06-28,El_Arish_EG,CHL,1.299,1.004,0.6362,1.498,0.6915
2016-06-29,El_Arish_EG,CHL,1.334,1.459,1.052,1.71,0.9254
2016-06-30,El_Arish_EG,CHL,1.391,1.391,1.082,1.512,0.9254
2016-07-01,El_Arish_EG,CHL,1.28,1.381,1.033,2.764,1
2016-07-02,El_Arish_EG,CHL,1.288,1.286,0.8579,1.397,0.8109
2016-07-03,El_Arish_EG,CHL,1.152,1.152,0.8651,1.412,0.9851
2016-07-05,El_Arish_EG,CHL,1.284,1.442,1.274,1.645,0.408
2016-07-06,El_Arish_EG,CHL,0.9895,0.9449,0.6258,1.229,0.9254
2016-07-07,El_Arish_EG,CHL,1.28,1.28,0.7526,1.632,0.9254
2016-07-08,El_Arish_EG,CHL,1.632,1.632,0.9621,2.041,0.9254
2016-07-09,El_Arish_EG,CHL,1.766,1.808,1.125,2.169,1
2016-07-10,El_Arish_EG,CHL,1.642,1.702,1.607,1.732,0.2985
2016-07-11,El_Arish_EG,CHL,1.56,1.541,0.9194,1.788,0.8657
2016-07-13,El_Arish_EG,CHL,2.027,2.027,0.9658,2.578,0.9851
2016-07-14,El_Arish_EG,CHL,0.9925,1.041,0.5812,1.756,0.9254
2016-07-15,El_Arish_EG,CHL,1.339,1.156,0.6571,1.889,0.9254
2016-07-16,El_Arish_EG,CHL,1.217,1.217,0.6957,2.011,1
2016-07-17,El_Arish_EG,CHL,0.8257,0.8257,0.4553,1.304,0.9254
2016-07-18,El_Arish_EG,CHL,1.75,1.644,0.9683,1.802,0.806
2016-07-19,El_Arish_EG,CHL,1.64,1.612,1.164,1.818,0.9254
2016-07-20,El_Arish_EG,CHL,1.633,1.68,1.55,1.754,0.7512
2016-07-21,El_Arish_EG,CHL,1.755,1.765,1.452,4.391,1
2016-07-22,El_Arish_EG,CHL,1.751,1.686,1.389,1.751,0.9254
2016-07-23,El_Arish_EG,CHL,1.169,1.362,1.059,1.784,0.8657
2016-07-24,El_Arish_EG,CHL,1.237,1.51,1.039,1.657,0.9254
2016-07-25,El_Arish_EG,CHL,1.876,1.704,1.289,1.951,0.9254
2016-07-26,El_Arish_EG,CHL,1.718,1.658,1.157,1.876,0.9254
2016-07-27,El_Arish_EG,CHL,1.543,1.581,1.064,1.658,0.8706
2016-07-28,El_Arish_EG,CHL,1.645,1.595,1.05,1.713,0.9851
2016-07-29,El_Arish_EG,CHL,1.572,1.543,0.9616,1.81,0.9254
2016-07-30,El_Arish_EG,CHL,1.383,1.383,0.8239,1.648,0.9851
2016-07-31,El_Arish_EG,CHL,1.448,1.227,0.789,1.591,0.9254
2016-08-01,El_Arish_EG,CHL,1.589,1.403,0.7074,1.622,0.9851
2016-08-02,El_Arish_EG,CHL,1.223,0.9476,0.5197,1.508,0.8657
2016-08-03,El_Arish_EG,CHL,,0.1091,0.0984,0.1091,0.2338
2016-08-04,El_Arish_EG,CHL,1.433,1.549,1.161,1.663,0.5771
2016-08-05,El_Arish_EG,CHL,1.419,1.603,0.9074,2.033,0.9851
2016-08-08,El_Arish_EG,CHL,1.434,1.607,0.9746,1.703,0.9254
2016-08-09,El_Arish_EG,CHL,1.39,1.64,1.142,1.924,0.9851
2016-08-10,El_Arish_EG,CHL,1.325,1.303,0.926,1.651,0.9254
2016-08-11,El_Arish_EG,CHL,1.76,1.688,0.9621,1.82,0.9254
2016-08-12,El_Arish_EG,CHL,1.803,1.802,0.8492,2.183,0.9851
2016-08-13,El_Arish_EG,CHL,1.723,1.715,1.546,1.723,0.408
2016-08-15,El_Arish_EG,CHL,1.625,1.595,1.021,1.664,0.9254
2016-08-16,El_Arish_EG,CHL,1.808,1.808,1.269,2.434,1
2016-08-18,El_Arish_EG,CHL,1.494,1.378,1.133,1.899,0.9254
2016-08-19,El_Arish_EG,CHL,1.88,1.492,1.289,3.218,0.9104
2016-08-20,El_Arish_EG,CHL,1.133,1.04,0.8023,1.844,0.9851
2016-08-21,El_Arish_EG,CHL,2.449,2.504,1.536,3.26,0.7463
2016-08-25,El_Arish_EG,CHL,2.475,1.852,1.2,2.796,0.9254
2016-08-26,El_Arish_EG,CHL,1.987,1.987,1.051,2.283,0.9851
2016-08-27,El_Arish_EG,CHL,2.088,2.011,1.294,2.111,0.6965
2016-08-28,El_Arish_EG,CHL,1.974,1.974,1.062,2.389,0.9851
2016-09-01,El_Arish_EG,CHL,2.317,2.1,1.275,2.333,0.9254
2016-09-02,El_Arish_EG,CHL,1.761,1.651,1.064,2,0.9254
2016-09-03,El_Arish_EG,CHL,1.679,1.671,0.9298,1.717,0.9254
2016-09-04,El_Arish_EG,CHL,2.068,2.055,1.341,2.428,0.9254
2016-09-05,El_Arish_EG,CHL,1.763,1.763,1.24,1.997,0.9851
2016-09-08,El_Arish_EG,CHL,1.6,1.669,1.097,1.922,1
2016-09-09,El_Arish_EG,CHL,1.885,1.811,1.246,2.557,1
2016-09-10,El_Arish_EG,CHL,1.773,1.773,1.144,2.053,0.9851
2016-09-11,El_Arish_EG,CHL,1.752,1.627,1.05,1.752,0.9851
2016-09-12,El_Arish_EG,CHL,1.731,1.68,1.025,1.837,0.9851
2016-09-13,El_Arish_EG,CHL,1.609,1.609,1.205,3.653,0.9851
2016-09-15,El_Arish_EG,CHL,2.126,1.989,1.239,2.611,0.8657
2016-09-16,El_Arish_EG,CHL,1.467,1.467,0.8838,1.998,0.9851
2016-09-17,El_Arish_EG,CHL,1.522,1.477,0.8372,1.522,0.8109
2016-09-18,El_Arish_EG,CHL,1.464,1.464,0.8547,2.256,0.9254
2016-09-19,El_Arish_EG,CHL,2.041,1.658,1.075,2.695,0.9254
2016-09-20,El_Arish_EG,CHL,2.687,2.687,1.42,5.842,0.9851
2016-09-21,El_Arish_EG,CHL,2.561,1.807,0.9204,2.561,0.8657
2016-09-22,El_Arish_EG,CHL,1.754,1.578,0.9156,2.448,0.9254
2016-09-23,El_Arish_EG,CHL,,1.021,0.6441,1.021,0.1194
2016-09-24,El_Arish_EG,CHL,2.244,2.117,1.487,4.244,1
2016-09-26,El_Arish_EG,CHL,2.348,2.384,1.884,2.611,0.9851
2016-09-27,El_Arish_EG,CHL,1.792,1.839,1.502,2.097,0.9851
2016-09-28,El_Arish_EG,CHL,1.876,1.876,1.513,2.058,0.796
2016-09-29,El_Arish_EG,CHL,,1.432,1.087,1.544,0.6368
2016-09-30,El_Arish_EG,CHL,1.923,1.82,1.385,2.066,0.9254
2016-10-01,El_Arish_EG,CHL,1.083,1.167,1.053,1.484,0.9851
2016-10-02,El_Arish_EG,CHL,1.218,1.277,1.159,2.067,0.9851
2016-10-03,El_Arish_EG,CHL,2.141,2.178,1.431,2.759,0.8657
2016-10-04,El_Arish_EG,CHL,1.478,1.617,0.9085,1.825,0.9254
2016-10-05,El_Arish_EG,CHL,1.291,1.478,1.018,2.157,1
2016-10-06,El_Arish_EG,CHL,1.793,1.853,1.312,1.984,0.9303
2016-10-07,El_Arish_EG,CHL,1.43,1.43,1.139,2.914,0.9851
2016-10-08,El_Arish_EG,CHL,1.231,1.273,1.125,1.647,0.9851
2016-10-10,El_Arish_EG,CHL,1.288,1.273,1.071,2.385,0.9254
2016-10-11,El_Arish_EG,CHL,1.43,1.252,0.9777,2.275,0.9254
2016-10-12,El_Arish_EG,CHL,1.598,1.334,1.069,2.4,0.9254
2016-10-13,El_Arish_EG,CHL,1.679,1.529,1.163,3.251,1
2016-10-14,El_Arish_EG,CHL,1.689,1.58,1.226,2.424,0.9254
2016-10-16,El_Arish_EG,CHL,1.596,1.803,1.446,2.108,0.4826
2016-10-17,El_Arish_EG,CHL,1.088,1.396,1.012,2.167,0.9254
2016-10-18,El_Arish_EG,CHL,0.7688,1.196,0.9842,1.286,0.7463
2016-10-19,El_Arish_EG,CHL,1.557,1.684,1.104,1.784,0.9851
2016-10-20,El_Arish_EG,CHL,1.711,1.609,1.128,1.811,0.9602
2016-10-22,El_Arish_EG,CHL,1.127,0.9333,0.677,1.127,0.6965
2016-10-23,El_Arish_EG,CHL,1.551,1.33,0.9879,1.552,0.9851
2016-10-24,El_Arish_EG,CHL,1.029,1.397,1.013,1.822,0.9851
2016-10-25,El_Arish_EG,CHL,1,1.099,0.7823,1.441,0.9851
2016-10-26,El_Arish_EG,CHL,,0.5377,0.5377,0.5377,0.0547
2016-10-28,El_Arish_EG,CHL,1.29,1.29,0.9251,1.605,0.9851
2016-10-29,El_Arish_EG,CHL,1.335,1.299,0.9906,1.379,0.9851
2016-10-30,El_Arish_EG,CHL,1.232,1.254,1.225,1.381,0.3632
2016-10-31,El_Arish_EG,CHL,1.254,1.22,1.058,1.284,0.6318
2016-11-02,El_Arish_EG,CHL,8.047,7.675,4.343,8.047,0.597
2016-11-03,El_Arish_EG,CHL,2.145,2.231,1.923,3.125,0.9254
2016-11-04,El_Arish_EG,CHL,2.131,2.148,2.139,2.169,0.2886
2016-11-05,El_Arish_EG,CHL,,1.942,1.951,2.063,0.1343
2016-11-06,El_Arish_EG,CHL,1.635,1.635,1.454,2.069,0.9851
2016-11-07,El_Arish_EG,CHL,1.871,1.871,1.435,3.254,0.8109
2016-11-08,El_Arish_EG,CHL,1.56,2.01,1.721,2.01,0.2338
2016-11-09,El_Arish_EG,CHL,0.3891,0.5371,0.382,1.102,0.9851
2016-11-10,El_Arish_EG,CHL,,0.5165,0.2386,0.5349,0.5224
2016-11-14,El_Arish_EG,CHL,2.142,2.142,1.976,2.142,0.1095
2016-11-15,El_Arish_EG,CHL,,1.129,0.7745,1.172,0.801
2016-11-17,El_Arish_EG,CHL,4.424,4.424,2.465,4.696,0.9303
2016-11-21,El_Arish_EG,CHL,,0.405,0.4138,0.5107,0.0597
2016-11-30,El_Arish_EG,CHL,0.662,0.6823,0.3837,0.7684,0.9851
2016-12-02,El_Arish_EG,CHL,2.93,3.288,2.994,5.495,0.5771
2016-12-03,El_Arish_EG,CHL,1.278,1.27,0.9976,1.422,0.9254
2016-12-05,El_Arish_EG,CHL,1.07,0.9044,0.6482,1.236,0.9851
2016-12-06,El_Arish_EG,CHL,0.9954,0.9804,0.5474,1.121,0.9851
2016-12-08,El_Arish_EG,CHL,1.204,1.09,0.7765,1.264,0.9851
2016-12-09,El_Arish_EG,CHL,2.391,2.067,1.482,2.391,0.9851
2016-12-10,El_Arish_EG,CHL,1.291,1.26,0.8986,1.388,0.9851
2016-12-12,El_Arish_EG,CHL,0.9349,0.852,0.5584,0.9639,0.9254
2016-12-13,El_Arish_EG,CHL,,0.2589,0.2285,0.2589,0.1194
2016-12-16,El_Arish_EG,CHL,1.89,1.89,1.472,2.062,0.9851
2016-12-17,El_Arish_EG,CHL,1.69,1.628,1.216,1.742,0.9254
2016-12-19,El_Arish_EG,CHL,1.368,1.048,0.7445,1.553,0.8657
2016-12-21,El_Arish_EG,CHL,1.725,1.725,1.129,2.397,0.9851
2016-12-22,El_Arish_EG,CHL,2.1,2.1,1.607,3.409,0.7015
2016-12-24,El_Arish_EG,CHL,1.373,1.308,0.8481,1.511,0.9851
2016-12-25,El_Arish_EG,CHL,2.501,2.027,1.632,4.163,0.9851
2016-12-26,El_Arish_EG,CHL,2.269,2.158,1.67,2.372,0.9851
2016-12-28,El_Arish_EG,CHL,,0.5097,0.3973,0.5097,0.2338
2016-12-29,El_Arish_EG,CHL,1.813,1.813,1.2,2.423,0.9851
2016-12-30,El_Arish_EG,CHL,1.254,1.254,1.283,3.339,0.9851
2016-12-31,El_Arish_EG,CHL,5.281,2.198,1.303,5.281,0.9851
2016-01-05,Rafah_Gaza,CHL,1.508,1.21,1.097,1.508,0.825
2016-01-06,Rafah_Gaza,CHL,0.3964,0.2221,0.2066,0.4457,0.875
2016-01-09,Rafah_Gaza,CHL,,0.8454,0.6287,1.832,0.58
2016-01-10,Rafah_Gaza,CHL,1.242,1.264,0.6353,1.448,0.915
2016-01-12,Rafah_Gaza,CHL,1.184,1.211,0.6706,1.373,0.865
2016-01-13,Rafah_Gaza,CHL,,0.412,0.2997,0.4222,0.74
2016-01-15,Rafah_Gaza,CHL,0.716,0.8603,0.7809,0.8603,0.135
2016-01-16,Rafah_Gaza,CHL,0.2996,0.2537,0.2125,0.45,0.915
2016-01-17,Rafah_Gaza,CHL,0.712,0.2693,0.29,0.8479,0.81
2016-01-20,Rafah_Gaza,CHL,1.379,1.184,1.096,1.468,0.61
2016-01-21,Rafah_Gaza,CHL,,0.9499,0.8219,1.122,0.54
2016-01-22,Rafah_Gaza,CHL,,1.114,0.885,1.228,0.665
2016-01-28,Rafah_Gaza,CHL,1.571,1.159,0.8451,2.036,0.865
2016-01-29,Rafah_Gaza,CHL,0.9946,0.6919,0.4034,0.9946,0.54
2016-01-31,Rafah_Gaza,CHL,0.3856,0.3856,0.3119,0.429,0.95
2016-02-02,Rafah_Gaza,CHL,0.2962,0.2911,0.2466,0.324,0.37
2016-02-03,Rafah_Gaza,CHL,0.2908,0.2724,0.1945,0.3221,0.915
2016-02-04,Rafah_Gaza,CHL,0.2228,0.2495,0.1876,0.2738,0.875
2016-02-06,Rafah_Gaza,CHL,0.8686,0.8937,0.6307,0.908,0.385
2016-02-09,Rafah_Gaza,CHL,1.954,1.567,1.291,2.268,0.675
2016-02-10,Rafah_Gaza,CHL,1.25,1.385,0.9899,1.496,0.915
2016-02-11,Rafah_Gaza,CHL,1.063,1.078,0.773,1.358,0.915
2016-02-12,Rafah_Gaza,CHL,0.3865,0.4829,0.4286,0.6269,0.915
2016-02-14,Rafah_Gaza,CHL,0.3965,0.3629,0.2768,0.4473,0.825
2016-02-15,Rafah_Gaza,CHL,0.4825,0.3779,0.3118,1.004,0.865
2016-02-16,Rafah_Gaza,CHL,0.6571,0.5626,0.3389,0.7814,0.915
2016-02-17,Rafah_Gaza,CHL,0.3705,0.3705,0.231,0.78,0.95
2016-02-18,Rafah_Gaza,CHL,0.4579,0.3514,0.215,0.4896,0.745
2016-02-19,Rafah_Gaza,CHL,0.7624,0.7752,0.3511,1.06,0.915
2016-02-20,Rafah_Gaza,CHL,,0.5554,0.3609,1.014,0.45
2016-02-21,Rafah_Gaza,CHL,1.628,1.18,0.6267,1.704,0.915
2016-02-23,Rafah_Gaza,CHL,,2.681,2.281,3.86,0.405
2016-02-24,Rafah_Gaza,CHL,2.246,2.051,1.235,2.691,0.875
2016-02-25,Rafah_Gaza,CHL,,1.796,1.093,2.302,0.705
2016-02-26,Rafah_Gaza,CHL,1.513,1.426,1.08,1.776,0.915
2016-02-27,Rafah_Gaza,CHL,,1.423,1.101,1.657,0.325
2016-02-28,Rafah_Gaza,CHL,1.161,1.183,0.9058,1.749,0.915
2016-02-29,Rafah_Gaza,CHL,1.413,1.231,0.8402,1.413,0.825
2016-03-01,Rafah_Gaza,CHL,3.651,3.356,1.996,7.385,1
2016-03-03,Rafah_Gaza,CHL,,0.2061,0.1772,0.2061,0.125
2016-03-04,Rafah_Gaza,CHL,1.278,1.323,0.921,1.485,0.915
2016-03-05,Rafah_Gaza,CHL,1.393,1.393,0.7887,1.526,0.825
2016-03-07,Rafah_Gaza,CHL,2.437,2.296,1.089,2.437,0.825
2016-03-09,Rafah_Gaza,CHL,,1.353,0.6398,1.67,0.715
2016-03-10,Rafah_Gaza,CHL,1.185,0.875,0.457,1.236,0.745
2016-03-11,Rafah_Gaza,CHL,1.215,1.215,0.7335,1.957,0.875
2016-03-15,Rafah_Gaza,CHL,3.255,3.252,2.617,3.487,0.43
2016-03-18,Rafah_Gaza,CHL,2.118,1.938,1.36,2.118,0.875
2016-03-19,Rafah_Gaza,CHL,,2.083,1.307,2.245,0.45
2016-03-20,Rafah_Gaza,CHL,,0.8663,0.8663,0.8663,0.075
2016-03-22,Rafah_Gaza,CHL,1.985,1.919,1.393,2.31,0.905
2016-03-23,Rafah_Gaza,CHL,2.028,1.89,1.294,2.343,0.84
2016-03-29,Rafah_Gaza,CHL,3.039,2.954,1.853,3.329,0.745
2016-03-30,Rafah_Gaza,CHL,1.305,1.293,0.8118,1.451,0.915
2016-03-31,Rafah_Gaza,CHL,1.324,1.267,1.085,1.324,0.265
2016-04-01,Rafah_Gaza,CHL,1.199,1.162,0.613,1.268,0.825
2016-04-02,Rafah_Gaza,CHL,1.614,1.014,0.6315,1.614,0.825
2016-04-04,Rafah_Gaza,CHL,0.9553,1.115,0.6688,1.171,0.915
2016-04-14,Rafah_Gaza,CHL,1.464,1.368,0.8099,1.533,0.95
2016-04-15,Rafah_Gaza,CHL,,0.588,0.377,0.9669,0.43
2016-04-17,Rafah_Gaza,CHL,0.7246,0.4654,0.2879,0.7246,0.825
2016-04-18,Rafah_Gaza,CHL,0.4961,0.3405,0.2105,0.4961,0.825
2016-04-19,Rafah_Gaza,CHL,0.4757,0.3391,0.2155,0.4757,0.825
2016-04-20,Rafah_Gaza,CHL,0.4211,0.2991,0.2575,0.7099,0.915
2016-04-25,Rafah_Gaza,CHL,0.5082,0.2802,0.2305,1.04,0.915
2016-04-27,Rafah_Gaza,CHL,,0.0743,0.0741,0.0743,0.04
2016-04-28,Rafah_Gaza,CHL,,0.1949,0.1368,0.3207,0.53
2016-04-29,Rafah_Gaza,CHL,1.109,1.109,0.4668,1.317,0.875
2016-04-30,Rafah_Gaza,CHL,0.9685,0.9766,0.426,1.112,0.915
2016-05-01,Rafah_Gaza,CHL,,0.7999,0.5082,0.9579,0.27
2016-05-04,Rafah_Gaza,CHL,1.019,0.9823,0.4713,1.152,0.95
2016-05-05,Rafah_Gaza,CHL,1.493,1.236,0.6616,1.535,0.95
2016-05-06,Rafah_Gaza,CHL,1.141,1.136,0.6245,1.432,0.915
2016-05-07,Rafah_Gaza,CHL,1.481,1.46,0.7631,1.535,0.875
2016-05-08,Rafah_Gaza,CHL,1.53,1.469,0.9085,1.53,0.95
2016-05-10,Rafah_Gaza,CHL,,0.3521,0.3021,0.3521,0.165
2016-05-11,Rafah_Gaza,CHL,1.192,0.9648,0.6669,1.453,0.915
2016-05-12,Rafah_Gaza,CHL,1.014,0.92,0.6176,1.256,0.95
2016-05-16,Rafah_Gaza,CHL,,0.2104,0.1993,0.2219,0.4
2016-05-19,Rafah_Gaza,CHL,0.1476,0.1425,0.1174,0.1529,0.825
2016-05-20,Rafah_Gaza,CHL,0.7052,0.6402,0.2788,0.9711,0.95
2016-05-21,Rafah_Gaza,CHL,,1.05,1.05,1.05,0.075
2016-05-22,Rafah_Gaza,CHL,,0.1104,0.0982,0.1204,0.48
2016-05-23,Rafah_Gaza,CHL,1.113,1.033,0.6788,1.113,0.465
2016-05-27,Rafah_Gaza,CHL,1.382,1.496,0.9218,1.731,0.92
2016-05-28,Rafah_Gaza,CHL,1.951,1.805,1.186,1.951,0.785
2016-05-29,Rafah_Gaza,CHL,,1.25,1.033,1.59,0.795
2016-05-30,Rafah_Gaza,CHL,1.504,1.278,0.7711,1.694,0.875
2016-05-31,Rafah_Gaza,CHL,1.611,1.411,0.9317,3.273,0.95
2016-06-01,Rafah_Gaza,CHL,1.408,0.7884,0.5308,1.408,0.825
2016-06-06,Rafah_Gaza,CHL,,0.4287,0.3065,0.7496,0.795
2016-06-07,Rafah_Gaza,CHL,,0.0809,0.0659,0.0996,0.475
2016-06-09,Rafah_Gaza,CHL,0.448,0.326,0.2012,0.7513,0.83
2016-06-11,Rafah_Gaza,CHL,1.305,1.122,0.7094,2.855,0.925
2016-06-12,Rafah_Gaza,CHL,1.32,1.047,0.5291,1.32,0.875
2016-06-16,Rafah_Gaza,CHL,0.3479,0.2422,0.2197,1.349,0.95
2016-06-17,Rafah_Gaza,CHL,0.4067,0.3286,0.2108,0.9045,0.95
2016-06-20,Rafah_Gaza,CHL,0.2246,0.1901,0.1678,1.371,0.95
2016-06-21,Rafah_Gaza,CHL,0.4543,0.3358,0.209,0.5078,0.875
2016-06-22,Rafah_Gaza,CHL,0.7141,0.3107,0.2367,0.7141,0.875
2016-06-23,Rafah_Gaza,CHL,0.5349,0.4598,0.2345,0.6813,0.79
2016-06-24,Rafah_Gaza,CHL,0.9927,0.9838,0.493,1.325,0.965
2016-06-25,Rafah_Gaza,CHL,,0.8188,0.4064,0.9713,0.765
2016-06-27,Rafah_Gaza,CHL,0.9502,0.9502,0.4541,1.685,1
2016-06-28,Rafah_Gaza,CHL,0.8411,0.6737,0.3125,1.006,0.755
2016-06-29,Rafah_Gaza,CHL,1.188,0.8527,0.4615,1.188,0.825
2016-06-30,Rafah_Gaza,CHL,0.8557,0.8667,0.4517,1.075,0.825
2016-07-01,Rafah_Gaza,CHL,0.6004,0.6168,0.4269,1.018,0.95
2016-07-02,Rafah_Gaza,CHL,0.9128,1.033,0.5545,1.244,0.94
2016-07-03,Rafah_Gaza,CHL,1.066,0.9676,0.5488,1.227,0.915
2016-07-05,Rafah_Gaza,CHL,,0.1291,0.1148,0.1472,0.325
2016-07-06,Rafah_Gaza,CHL,0.5619,0.6067,0.3437,0.7632,0.875
2016-07-07,Rafah_Gaza,CHL,0.7031,0.6589,0.2961,0.8605,0.875
2016-07-08,Rafah_Gaza,CHL,0.714,0.7089,0.3728,0.8361,0.915
2016-07-09,Rafah_Gaza,CHL,1.002,1.234,0.6914,1.298,1
2016-07-10,Rafah_Gaza,CHL,1.069,0.992,0.5386,1.069,0.875
2016-07-11,Rafah_Gaza,CHL,1.079,0.9957,0.5712,1.088,0.8
2016-07-13,Rafah_Gaza,CHL,1.228,1.022,0.538,2.3,0.915
2016-07-14,Rafah_Gaza,CHL,1.011,0.8949,0.4491,1.065,0.915
2016-07-15,Rafah_Gaza,CHL,0.8881,0.8703,0.4131,0.9859,0.875
2016-07-16,Rafah_Gaza,CHL,,0.8008,0.4182,1.091,0.795
2016-07-17,Rafah_Gaza,CHL,1.211,1.192,0.7243,3.896,0.96
2016-07-18,Rafah_Gaza,CHL,1.351,1.351,0.8605,1.588,0.7
2016-07-19,Rafah_Gaza,CHL,1.462,1.571,0.7518,1.658,0.875
2016-07-20,Rafah_Gaza,CHL,,1.837,1.704,1.869,0.16
2016-07-21,Rafah_Gaza,CHL,1.621,1.618,0.998,1.871,0.95
2016-07-22,Rafah_Gaza,CHL,1.554,1.379,1.091,1.668,0.915
2016-07-23,Rafah_Gaza,CHL,,1.044,0.6874,1.345,0.575
2016-07-24,Rafah_Gaza,CHL,1.234,1.254,0.7096,1.306,0.84
2016-07-25,Rafah_Gaza,CHL,,1.07,0.8574,1.096,0.265
2016-07-26,Rafah_Gaza,CHL,1.04,1.293,0.7882,1.385,0.915
2016-07-27,Rafah_Gaza,CHL,1.115,1.257,0.7757,1.273,0.835
2016-07-28,Rafah_Gaza,CHL,1.249,1.249,0.7763,1.432,1
2016-07-29,Rafah_Gaza,CHL,1.279,1.294,0.8191,1.375,0.495
2016-07-30,Rafah_Gaza,CHL,,1.058,0.5161,1.184,0.77
2016-07-31,Rafah_Gaza,CHL,1.275,1.126,0.562,1.275,0.825
2016-08-01,Rafah_Gaza,CHL,1.19,1.189,0.7355,2.14,0.81
2016-08-02,Rafah_Gaza,CHL,,0.4254,0.2239,0.5325,0.795
2016-08-03,Rafah_Gaza,CHL,,0.2007,0.1053,0.2007,0.35
2016-08-04,Rafah_Gaza,CHL,0.985,0.985,0.4251,1.199,0.575
2016-08-05,Rafah_Gaza,CHL,0.9069,1.113,0.4146,1.195,0.47
2016-08-07,Rafah_Gaza,CHL,0.9583,0.8685,0.7936,0.9583,0.25
2016-08-08,Rafah_Gaza,CHL,,0.3438,0.2142,0.7258,0.77
2016-08-09,Rafah_Gaza,CHL,1.401,1.122,0.5872,1.642,0.95
2016-08-10,Rafah_Gaza,CHL,1.266,1.214,0.7161,1.647,0.95
2016-08-11,Rafah_Gaza,CHL,,0.9133,0.3421,1.032,0.64
2016-08-12,Rafah_Gaza,CHL,,1.328,0.7422,1.472,0.705
2016-08-13,Rafah_Gaza,CHL,1.276,2.256,1.75,3.493,0.36
2016-08-14,Rafah_Gaza,CHL,,0.0711,0.0654,0.0711,0.07
2016-08-15,Rafah_Gaza,CHL,1.473,1.482,0.7113,1.712,0.74
2016-08-16,Rafah_Gaza,CHL,1.471,1.603,0.8415,1.848,0.95
2016-08-18,Rafah_Gaza,CHL,1.746,1.562,0.9417,1.851,0.875
2016-08-19,Rafah_Gaza,CHL,,1.442,0.8189,2.094,0.805
2016-08-20,Rafah_Gaza,CHL,1.587,1.423,0.7006,1.623,0.95
2016-08-21,Rafah_Gaza,CHL,2.656,1.421,0.8435,2.656,0.7
2016-08-24,Rafah_Gaza,CHL,,0.6554,0.4405,0.6554,0.245
2016-08-25,Rafah_Gaza,CHL,1.697,1.411,0.9255,1.697,0.825
2016-08-26,Rafah_Gaza,CHL,1.46,1.46,0.9479,1.575,0.915
2016-08-27,Rafah_Gaza,CHL,1.324,1.19,0.6857,1.47,0.875
2016-08-28,Rafah_Gaza,CHL,1.561,1.438,0.6412,1.616,0.95
2016-08-31,Rafah_Gaza,CHL,,0.1142,0.0911,0.1232,0.035
2016-09-01,Rafah_Gaza,CHL,1.431,1.438,0.8865,2.605,0.95
2016-09-02,Rafah_Gaza,CHL,1.71,1.591,0.8539,1.71,0.875
2016-09-03,Rafah_Gaza,CHL,1.646,1.69,1.15,1.807,0.615
2016-09-04,Rafah_Gaza,CHL,1.999,1.999,1.002,2.104,0.71
2016-09-05,Rafah_Gaza,CHL,1.647,1.573,0.8496,1.766,0.915
2016-09-06,Rafah_Gaza,CHL,1.561,1.526,0.9931,4.375,0.965
2016-09-08,Rafah_Gaza,CHL,1.49,1.465,0.7347,1.653,0.95
2016-09-09,Rafah_Gaza,CHL,1.82,1.82,1.202,4.369,1
2016-09-10,Rafah_Gaza,CHL,2.007,1.4,0.7528,2.062,0.875
2016-09-11,Rafah_Gaza,CHL,1.508,1.425,0.6407,1.804,0.915
2016-09-12,Rafah_Gaza,CHL,1.274,1.317,0.6436,2.078,0.915
2016-09-13,Rafah_Gaza,CHL,1.426,1.546,0.7657,1.643,0.915
2016-09-15,Rafah_Gaza,CHL,,1.323,0.502,1.878,0.74
2016-09-16,Rafah_Gaza,CHL,1.126,1.102,0.4658,1.339,0.915
2016-09-17,Rafah_Gaza,CHL,1.484,1.484,0.7201,1.599,0.825
2016-09-18,Rafah_Gaza,CHL,1.54,1.557,0.7746,1.65,0.915
2016-09-19,Rafah_Gaza,CHL,1.964,1.921,1.036,2.332,0.915
2016-09-20,Rafah_Gaza,CHL,2.24,1.901,0.8493,3.065,0.95
2016-09-21,Rafah_Gaza,CHL,2.001,1.404,0.5787,2.001,0.875
2016-09-22,Rafah_Gaza,CHL,1.383,1.073,0.5732,1.641,0.915
2016-09-23,Rafah_Gaza,CHL,,0.8135,0.4834,1.07,0.5
2016-09-24,Rafah_Gaza,CHL,1.616,1.522,0.7505,1.869,0.95
2016-09-26,Rafah_Gaza,CHL,1.62,1.62,0.8875,1.941,0.95
2016-09-27,Rafah_Gaza,CHL,,1.851,1.709,1.851,0.09
2016-09-28,Rafah_Gaza,CHL,1.633,1.416,0.8466,1.732,0.915
2016-09-29,Rafah_Gaza,CHL,1.318,1.318,0.7654,1.546,0.825
2016-09-30,Rafah_Gaza,CHL,1.659,1.395,0.7746,1.668,0.915
2016-10-01,Rafah_Gaza,CHL,1.52,1.11,0.6132,1.52,0.875
2016-10-02,Rafah_Gaza,CHL,1.67,1.107,0.6117,1.81,0.915
2016-10-03,Rafah_Gaza,CHL,3.212,2.232,1.071,4.268,0.875
2016-10-04,Rafah_Gaza,CHL,1.843,1.642,0.8298,1.843,0.875
2016-10-05,Rafah_Gaza,CHL,1.381,1.404,0.8943,2.133,1
2016-10-06,Rafah_Gaza,CHL,2.152,2.087,1.077,2.744,0.915
2016-10-07,Rafah_Gaza,CHL,1.254,1.195,0.6937,2.316,0.915
2016-10-08,Rafah_Gaza,CHL,,0.7322,0.4017,1.084,0.275
2016-10-11,Rafah_Gaza,CHL,1.297,1.228,0.6263,1.324,0.915
2016-10-12,Rafah_Gaza,CHL,1.874,1.885,1.258,2.109,0.875
2016-10-13,Rafah_Gaza,CHL,1.633,1.774,1.264,3.216,0.95
2016-10-14,Rafah_Gaza,CHL,1.649,1.181,0.8387,2.39,0.875
2016-10-15,Rafah_Gaza,CHL,,1.232,1.025,1.383,0.405
2016-10-16,Rafah_Gaza,CHL,1.5,0.8985,0.6076,1.511,0.875
2016-10-17,Rafah_Gaza,CHL,1.839,1.411,0.7064,1.839,0.75
2016-10-18,Rafah_Gaza,CHL,1.274,1.159,0.8862,1.552,0.91
2016-10-19,Rafah_Gaza,CHL,1.967,0.9631,0.5526,1.967,0.915
2016-10-20,Rafah_Gaza,CHL,1.49,1.603,1.122,1.756,0.95
2016-10-22,Rafah_Gaza,CHL,,0.0894,0.0883,0.0894,0.04
2016-10-23,Rafah_Gaza,CHL,1.425,1.145,0.8479,1.454,0.915
2016-10-24,Rafah_Gaza,CHL,0.8082,1.003,0.6896,1.066,0.95
2016-10-25,Rafah_Gaza,CHL,0.6651,0.9643,0.6648,1.008,0.95
2016-10-28,Rafah_Gaza,CHL,1.556,1.319,0.8304,1.864,0.95
2016-10-29,Rafah_Gaza,CHL,1.188,1.243,0.6833,1.342,0.915
2016-10-30,Rafah_Gaza,CHL,1.41,1.278,0.6925,1.41,0.65
2016-10-31,Rafah_Gaza,CHL,1.102,1.102,1.001,1.12,0.33
2016-11-02,Rafah_Gaza,CHL,3.427,2.347,1.535,3.483,0.825
2016-11-03,Rafah_Gaza,CHL,1.859,1.86,1.123,2.042,0.915
2016-11-04,Rafah_Gaza,CHL,1.343,1.367,1.1,1.417,0.355
2016-11-05,Rafah_Gaza,CHL,1.037,1.075,0.7846,1.122,0.84
2016-11-06,Rafah_Gaza,CHL,1.239,1.071,0.6548,1.239,0.75
2016-11-08,Rafah_Gaza,CHL,1.011,0.99,0.7251,1.155,0.425
2016-11-09,Rafah_Gaza,CHL,0.9135,1.044,0.7589,1.275,0.95
2016-11-15,Rafah_Gaza,CHL,,0.1328,0.1262,0.3566,0.565
2016-11-17,Rafah_Gaza,CHL,1.893,1.794,1.098,1.893,0.875
2016-11-21,Rafah_Gaza,CHL,,0.6056,0.2447,0.6056,0.165
2016-12-02,Rafah_Gaza,CHL,1.541,1.535,1.296,2.982,0.41
2016-12-03,Rafah_Gaza,CHL,1.653,1.317,0.8542,1.905,0.915
2016-12-05,Rafah_Gaza,CHL,1.136,0.9993,0.5091,1.136,0.95
2016-12-06,Rafah_Gaza,CHL,0.9464,1.256,0.6331,1.403,0.915
2016-12-08,Rafah_Gaza,CHL,0.2201,0.2543,0.2327,0.3311,0.875
2016-12-09,Rafah_Gaza,CHL,0.8407,0.4883,0.4408,0.8889,0.875
2016-12-10,Rafah_Gaza,CHL,0.4092,0.3802,0.2836,0.8645,0.95
2016-12-11,Rafah_Gaza,CHL,0.4315,0.6102,0.3795,0.828,0.595
2016-12-12,Rafah_Gaza,CHL,0.8977,0.8207,0.4149,0.9955,0.95
2016-12-13,Rafah_Gaza,CHL,0.434,0.434,0.36,0.9898,1
2016-12-16,Rafah_Gaza,CHL,1.55,1.407,0.9101,1.676,0.88
2016-12-17,Rafah_Gaza,CHL,1.111,1.111,0.9118,1.487,0.88
2016-12-21,Rafah_Gaza,CHL,0.942,1.045,0.732,1.304,0.95
2016-12-22,Rafah_Gaza,CHL,,0.8636,0.6032,1.31,0.67
2016-12-25,Rafah_Gaza,CHL,0.9945,1.024,0.7905,1.073,0.84
2016-12-26,Rafah_Gaza,CHL,1.539,1.524,0.885,1.774,0.915
2016-12-29,Rafah_Gaza,CHL,1.01,1.122,0.7868,1.309,0.95
2016-12-30,Rafah_Gaza,CHL,1.405,1.206,0.8875,1.511,0.9
2016-12-31,Rafah_Gaza,CHL,1.366,1.001,0.6396,1.366,0.875
2016-01-05,Gaza_City,CHL,0.8188,0.7954,0.4694,0.859,0.8209
2016-01-06,Gaza_City,CHL,0.5441,0.6383,0.3837,0.708,0.9104
2016-01-10,Gaza_City,CHL,0.3368,0.3134,0.2092,0.5447,0.9254
2016-01-12,Gaza_City,CHL,0.213,0.2193,0.2054,0.3636,0.8458
2016-01-13,Gaza_City,CHL,1.301,0.7093,0.5358,2.229,0.9104
2016-01-15,Gaza_City,CHL,0.2723,0.3673,0.2101,0.4115,0.8706
2016-01-16,Gaza_City,CHL,0.2742,0.1562,0.1301,0.4266,0.9254
2016-01-17,Gaza_City,CHL,,0.0903,0.0974,0.5216,0.791
2016-01-20,Gaza_City,CHL,0.743,0.876,0.7914,0.876,0.2587
2016-01-21,Gaza_City,CHL,,0.6621,0.6621,0.6621,0.0647
2016-01-28,Gaza_City,CHL,0.8824,0.6284,0.566,0.8824,0.8209
2016-01-31,Gaza_City,CHL,,0.2228,0.188,0.6333,0.6766
2016-02-01,Gaza_City,CHL,0.3479,0.3479,0.2851,0.7464,0.9254
2016-02-02,Gaza_City,CHL,0.2078,0.2078,0.1695,0.2964,0.7264
2016-02-03,Gaza_City,CHL,0.1695,0.154,0.1451,0.27,0.9104
2016-02-04,Gaza_City,CHL,0.1844,0.1849,0.1694,0.212,0.8458
2016-02-09,Gaza_City,CHL,,0.6861,0.4462,1.525,0.7662
2016-02-11,Gaza_City,CHL,0.4572,0.536,0.4838,0.5772,0.9254
2016-02-12,Gaza_City,CHL,1.451,1.021,0.8705,1.605,0.9104
2016-02-14,Gaza_City,CHL,0.4561,0.4559,0.302,0.4906,0.8209
2016-02-15,Gaza_City,CHL,0.3076,0.2336,0.2029,0.3219,0.8458
2016-02-16,Gaza_City,CHL,0.2246,0.2087,0.1737,0.3531,0.9254
2016-02-17,Gaza_City,CHL,0.1667,0.1667,0.4284,4.118,1
2016-02-18,Gaza_City,CHL,0.1384,0.0946,0.09,0.1765,0.8458
2016-02-19,Gaza_City,CHL,0.1641,0.1047,0.1114,0.3392,0.9104
2016-02-20,Gaza_City,CHL,,0.0695,0.0705,0.0769,0.0697
2016-02-21,Gaza_City,CHL,0.9181,1.003,0.4795,1.32,0.9254
2016-02-24,Gaza_City,CHL,1.639,1.671,1.016,2.007,0.9104
2016-02-25,Gaza_City,CHL,2.961,1.607,1.269,5.182,0.7313
2016-02-26,Gaza_City,CHL,1.354,1.246,0.762,2.161,0.9254
2016-02-27,Gaza_City,CHL,0.9177,0.839,0.5274,1.548,0.9104
2016-02-28,Gaza_City,CHL,0.9544,0.8474,1.045,8.187,0.9104
2016-02-29,Gaza_City,CHL,1.236,1.008,0.5924,3.147,0.8458
2016-03-01,Gaza_City,CHL,2.398,1.485,0.8529,4.936,0.8458
2016-03-04,Gaza_City,CHL,1.097,0.922,0.4938,1.586,0.9254
2016-03-05,Gaza_City,CHL,1.353,0.9059,0.4694,1.678,0.7214
2016-03-07,Gaza_City,CHL,1.375,1.397,0.851,1.687,0.8458
2016-03-08,Gaza_City,CHL,1.074,0.6205,0.4097,1.195,0.9104
2016-03-10,Gaza_City,CHL,1.218,0.5429,0.3912,1.218,0.7612
2016-03-11,Gaza_City,CHL,1.784,0.8394,0.5276,2.073,0.8458
2016-03-15,Gaza_City,CHL,,0.8081,0.4592,1.576,0.6517
2016-03-18,Gaza_City,CHL,1.773,1.469,0.8826,1.869,0.7761
2016-03-19,Gaza_City,CHL,,1.204,0.6907,1.399,0.5025
2016-03-20,Gaza_City,CHL,1.7,1.7,0.8948,1.764,0.3483
2016-03-22,Gaza_City,CHL,1.611,1.611,0.9606,1.718,0.9104
2016-03-23,Gaza_City,CHL,,1.187,0.6034,1.428,0.6915
2016-03-29,Gaza_City,CHL,1.765,1.683,1.073,1.765,0.8706
2016-03-30,Gaza_City,CHL,1.381,1.009,0.7517,1.381,0.9104
2016-03-31,Gaza_City,CHL,1.308,1.44,1.391,1.484,0.1343
2016-04-01,Gaza_City,CHL,1.429,1.16,0.6388,1.429,0.8209
2016-04-02,Gaza_City,CHL,1.466,1.246,0.5754,1.466,0.8209
2016-04-03,Gaza_City,CHL,1.891,1.079,0.6111,1.891,0.8209
2016-04-04,Gaza_City,CHL,1.252,1.11,0.7193,1.549,0.9104
2016-04-07,Gaza_City,CHL,,0.6554,0.5985,0.6554,0.1493
2016-04-13,Gaza_City,CHL,,0.1295,0.1086,0.5156,0.4826
2016-04-14,Gaza_City,CHL,0.6868,0.6526,0.3103,0.9288,0.9254
2016-04-15,Gaza_City,CHL,0.5852,0.3866,0.2756,0.8335,0.9104
2016-04-17,Gaza_City,CHL,0.5115,0.527,0.3324,0.6098,0.8209
2016-04-18,Gaza_City,CHL,0.4885,0.4313,0.2488,0.502,0.8209
2016-04-19,Gaza_City,CHL,0.6306,0.395,0.2696,1.333,0.8458
2016-04-20,Gaza_City,CHL,0.455,0.443,0.266,0.8185,0.9104
2016-04-25,Gaza_City,CHL,0.1527,0.1358,0.1081,0.2657,0.9254
2016-04-28,Gaza_City,CHL,0.1292,0.1321,0.1006,0.15,0.4975
2016-04-29,Gaza_City,CHL,,0.0925,0.0829,0.4,0.791
2016-04-30,Gaza_City,CHL,0.6378,0.4444,0.2379,1.331,0.9254
2016-05-01,Gaza_City,CHL,0.86,0.7643,0.4905,1.025,0.4627
2016-05-04,Gaza_City,CHL,0.4433,0.4433,0.2544,1.026,1
2016-05-05,Gaza_City,CHL,0.3797,0.3799,0.2607,0.9526,1
2016-05-06,Gaza_City,CHL,0.3729,0.3282,0.2115,0.5768,0.8507
2016-05-07,Gaza_City,CHL,1.093,1.067,0.6092,1.14,0.9254
2016-05-08,Gaza_City,CHL,1.096,1.123,0.6484,1.371,0.9254
2016-05-11,Gaza_City,CHL,0.3169,0.3203,0.2621,0.7932,0.9254
2016-05-12,Gaza_City,CHL,0.2313,0.3631,0.3258,1.257,1
2016-05-19,Gaza_City,CHL,0.1101,0.1101,0.1006,0.1142,0.8458
2016-05-20,Gaza_City,CHL,0.1033,0.1231,0.1564,0.8309,0.7463
2016-05-21,Gaza_City,CHL,0.2251,0.1492,0.1094,0.2251,0.7861
2016-05-22,Gaza_City,CHL,,0.2435,0.1048,0.268,0.6915
2016-05-23,Gaza_City,CHL,,0.4086,0.3006,0.4219,0.1841
2016-05-27,Gaza_City,CHL,1.24,1.214,0.6744,1.547,0.9303
2016-05-28,Gaza_City,CHL,1.385,1.377,0.7187,1.628,0.8209
2016-05-29,Gaza_City,CHL,,1.323,0.8638,1.505,0.8308
2016-05-30,Gaza_City,CHL,1.599,1.346,0.7503,1.599,0.8458
2016-05-31,Gaza_City,CHL,1.439,1.271,0.7272,1.664,0.9254
2016-06-01,Gaza_City,CHL,1.195,1.195,0.5907,1.391,0.8209
2016-06-06,Gaza_City,CHL,,0.4791,0.3203,0.5685,0.7662
2016-06-07,Gaza_City,CHL,,0.1305,0.0796,0.1706,0.5473
2016-06-09,Gaza_City,CHL,,0.2845,0.2616,0.458,0.3632
2016-06-11,Gaza_City,CHL,0.1378,0.0905,0.0762,0.1656,0.8458
2016-06-12,Gaza_City,CHL,0.1907,0.1517,0.11,0.7479,0.9254
2016-06-16,Gaza_City,CHL,0.1176,0.116,0.0885,0.1554,0.9254
2016-06-17,Gaza_City,CHL,0.159,0.1435,0.1018,0.2869,0.9104
2016-06-20,Gaza_City,CHL,0.1159,0.0949,0.1053,0.9463,0.9254
2016-06-21,Gaza_City,CHL,0.1413,0.0827,0.0808,0.1413,0.8109
2016-06-22,Gaza_City,CHL,0.1554,0.1194,0.1007,0.1697,0.8458
2016-06-23,Gaza_City,CHL,,0.0556,0.0512,0.0573,0.1891
2016-06-24,Gaza_City,CHL,0.2081,0.2019,0.1384,0.2473,0.9104
2016-06-25,Gaza_City,CHL,,0.3156,0.1716,0.3183,0.7015
2016-06-27,Gaza_City,CHL,0.2294,0.1993,0.1881,0.8053,0.806
2016-06-28,Gaza_City,CHL,0.1241,0.1614,0.153,1.949,0.6219
2016-06-29,Gaza_City,CHL,0.459,0.1208,0.1198,0.459,0.8209
2016-06-30,Gaza_City,CHL,0.2822,0.2961,0.2243,0.3955,0.8209
2016-07-01,Gaza_City,CHL,0.538,0.538,0.3211,0.9936,1
2016-07-02,Gaza_City,CHL,0.4447,0.3195,0.211,0.4981,0.8458
2016-07-03,Gaza_City,CHL,,0.2573,0.197,0.6462,0.791
2016-07-05,Gaza_City,CHL,,0.3022,0.213,0.7036,0.7662
2016-07-06,Gaza_City,CHL,,0.514,0.3415,0.9001,0.791
2016-07-07,Gaza_City,CHL,0.3655,0.301,0.1457,0.4018,0.8209
2016-07-08,Gaza_City,CHL,0.4629,0.3741,0.1662,0.4897,0.9104
2016-07-09,Gaza_City,CHL,0.5518,0.7071,0.3451,0.7876,0.9254
2016-07-10,Gaza_City,CHL,0.7851,0.6104,0.3215,0.8063,0.9104
2016-07-11,Gaza_City,CHL,0.5508,0.445,0.2247,0.6107,0.8458
2016-07-13,Gaza_City,CHL,0.3132,0.4035,0.2483,0.4784,0.9254
2016-07-14,Gaza_City,CHL,0.3932,0.3741,0.2592,0.5461,0.9254
2016-07-15,Gaza_City,CHL,0.4827,0.4555,0.2677,0.5203,0.8458
2016-07-16,Gaza_City,CHL,0.3114,0.3083,0.1931,0.3437,0.8458
2016-07-17,Gaza_City,CHL,,0.1159,0.0788,0.2575,0.7662
2016-07-18,Gaza_City,CHL,,0.1106,0.0844,0.1246,0.6418
2016-07-19,Gaza_City,CHL,1.384,1.345,0.5448,1.384,0.9254
2016-07-20,Gaza_City,CHL,1.363,1.217,0.5209,1.406,0.9254
2016-07-21,Gaza_City,CHL,1.392,1.223,0.6101,1.529,1
2016-07-22,Gaza_City,CHL,1.426,1.081,0.6481,1.426,0.8209
2016-07-24,Gaza_City,CHL,0.6369,0.6369,0.4117,1.551,1
2016-07-25,Gaza_City,CHL,0.62,0.6298,0.618,0.6298,0.1294
2016-07-26,Gaza_City,CHL,0.9546,0.8741,0.5046,1.012,0.9104
2016-07-27,Gaza_City,CHL,0.944,0.8112,0.4905,0.944,0.7562
2016-07-28,Gaza_City,CHL,0.7946,0.7946,0.4417,1.099,1
2016-07-29,Gaza_City,CHL,1.16,0.8169,0.5609,1.16,0.6219
2016-07-30,Gaza_City,CHL,0.522,0.522,0.3153,0.8378,0.9254
2016-07-31,Gaza_City,CHL,1.191,1.019,0.5117,1.191,0.8209
2016-08-01,Gaza_City,CHL,1.264,1.313,0.8683,2.517,0.8458
2016-08-02,Gaza_City,CHL,,0.6582,0.4333,0.9644,0.791
2016-08-03,Gaza_City,CHL,,0.2676,0.1703,0.2696,0.3682
2016-08-04,Gaza_City,CHL,,0.2601,0.1582,0.4587,0.7662
2016-08-05,Gaza_City,CHL,0.4658,1.133,0.7683,1.714,0.5323
2016-08-07,Gaza_City,CHL,,0.148,0.1096,0.3401,0.7065
2016-08-09,Gaza_City,CHL,1.249,0.9455,0.4325,1.548,0.9254
2016-08-10,Gaza_City,CHL,0.9281,0.8262,0.3678,0.972,0.9104
2016-08-11,Gaza_City,CHL,,0.1936,0.1613,0.4419,0.5473
2016-08-12,Gaza_City,CHL,1.244,0.8998,0.5212,1.693,0.8109
2016-08-13,Gaza_City,CHL,1.611,1.585,0.7779,1.826,0.4975
2016-08-15,Gaza_City,CHL,0.6049,0.6513,0.3413,1.018,0.9254
2016-08-16,Gaza_City,CHL,1.747,1.345,0.4498,1.798,1
2016-08-17,Gaza_City,CHL,,0.0675,0.066,0.0675,0.1095
2016-08-18,Gaza_City,CHL,1.774,0.597,0.4122,1.774,0.8458
2016-08-19,Gaza_City,CHL,1.491,0.2791,0.3351,1.5,0.8458
2016-08-20,Gaza_City,CHL,1.396,1.396,1.079,6.064,1
2016-08-21,Gaza_City,CHL,1.179,0.7569,0.4619,1.179,0.8209
2016-08-24,Gaza_City,CHL,0.5054,0.4296,0.2659,0.9879,0.9254
2016-08-25,Gaza_City,CHL,0.3458,0.243,0.2003,0.5488,0.8458
2016-08-26,Gaza_City,CHL,0.701,0.6358,0.3609,1.618,0.9254
2016-08-27,Gaza_City,CHL,0.881,0.2527,0.2005,0.8998,0.8458
2016-08-31,Gaza_City,CHL,,0.4319,0.4319,0.4319,0.0249
2016-09-01,Gaza_City,CHL,0.3363,0.2742,0.2364,1.208,0.9254
2016-09-02,Gaza_City,CHL,0.9177,0.5353,0.3419,0.9177,0.8458
2016-09-03,Gaza_City,CHL,,0.9489,0.5813,1.023,0.2836
2016-09-04,Gaza_City,CHL,,1.724,0.9889,1.782,0.7313
2016-09-05,Gaza_City,CHL,1.56,1.635,0.9294,2.415,1
2016-09-06,Gaza_City,CHL,1.368,1.146,0.5487,1.368,0.8209
2016-09-08,Gaza_City,CHL,1.498,1.552,0.9156,1.964,1
2016-09-09,Gaza_City,CHL,0.9721,1.225,0.555,1.433,0.9254
2016-09-10,Gaza_City,CHL,0.8267,0.539,0.2812,1.902,0.8607
2016-09-11,Gaza_City,CHL,0.9204,0.7409,0.3799,1.57,0.8458
2016-09-12,Gaza_City,CHL,0.5059,0.5059,0.3623,1.816,1
2016-09-13,Gaza_City,CHL,0.3405,0.2051,0.1874,1.779,0.8607
2016-09-16,Gaza_City,CHL,0.6969,0.8386,0.7069,1.486,0.8955
2016-09-17,Gaza_City,CHL,1.389,1.389,0.6991,1.605,0.8209
2016-09-18,Gaza_City,CHL,1.564,1.556,0.7472,1.645,0.8607
2016-09-19,Gaza_City,CHL,1.483,1.483,0.7783,2.215,0.9104
2016-09-20,Gaza_City,CHL,1.407,1.337,0.8009,2.864,0.9254
2016-09-21,Gaza_City,CHL,1.627,1.606,0.7137,1.708,0.8458
2016-09-22,Gaza_City,CHL,1.272,1.222,0.6294,1.272,0.6866
2016-09-23,Gaza_City,CHL,0.9353,1.155,0.76,1.21,0.3234
2016-09-24,Gaza_City,CHL,1.312,1.312,0.552,1.571,0.9254
2016-09-26,Gaza_City,CHL,1.449,1.282,0.611,1.449,0.9104
2016-09-27,Gaza_City,CHL,1.432,1.427,0.6423,1.526,0.7711
2016-09-28,Gaza_City,CHL,1.368,1.367,0.7094,1.478,1
2016-09-29,Gaza_City,CHL,1.249,1.069,0.5135,1.311,0.8458
2016-09-30,Gaza_City,CHL,1.34,1.426,0.8023,1.653,0.9104
2016-10-01,Gaza_City,CHL,1.588,1.483,0.6725,1.588,0.9254
2016-10-02,Gaza_City,CHL,1.456,0.9549,0.5196,1.468,0.9104
2016-10-03,Gaza_City,CHL,2.414,2.356,1.209,2.879,0.9104
2016-10-04,Gaza_City,CHL,1.108,1.132,0.7742,1.289,0.8458
2016-10-05,Gaza_City,CHL,1.014,1.114,0.7181,2.616,1
2016-10-06,Gaza_City,CHL,1.258,1.158,0.5309,1.363,0.8458
2016-10-07,Gaza_City,CHL,1.138,1.034,0.6228,1.316,0.9254
2016-10-08,Gaza_City,CHL,,1.119,0.4103,1.211,0.6915
2016-10-11,Gaza_City,CHL,1.076,1.076,0.6098,1.198,0.8458
2016-10-12,Gaza_City,CHL,,0.1077,0.1008,0.1077,0.0398
2016-10-13,Gaza_City,CHL,1.102,1.046,0.523,1.46,0.9254
2016-10-14,Gaza_City,CHL,0.8857,0.8856,0.435,1.361,0.9104
2016-10-15,Gaza_City,CHL,,0.6132,0.3615,0.664,0.3383
2016-10-16,Gaza_City,CHL,0.7532,0.4243,0.2647,0.8343,0.8458
2016-10-17,Gaza_City,CHL,0.6122,0.6324,0.3287,1.253,0.9254
2016-10-18,Gaza_City,CHL,1.266,0.9622,0.4576,1.318,0.8408
2016-10-19,Gaza_City,CHL,1.001,0.9834,0.4361,1.136,0.9254
2016-10-20,Gaza_City,CHL,0.9439,0.9439,0.6392,1.56,1
2016-10-23,Gaza_City,CHL,0.632,0.7,0.5105,1.353,0.7761
2016-10-24,Gaza_City,CHL,0.7153,0.7153,0.5395,1.927,1
2016-10-25,Gaza_City,CHL,0.875,0.875,0.51,1.131,1
2016-10-26,Gaza_City,CHL,,0.5128,0.321,0.5572,0.3831
2016-10-28,Gaza_City,CHL,0.8092,0.8249,0.4717,1.166,0.9254
2016-10-29,Gaza_City,CHL,0.7038,0.7038,0.446,1.437,1
2016-10-30,Gaza_City,CHL,0.7367,0.7367,0.4696,0.7667,0.3483
2016-11-02,Gaza_City,CHL,,1.196,1.151,1.307,0.1045
2016-11-03,Gaza_City,CHL,1.572,1.336,0.7451,1.796,0.9104
2016-11-04,Gaza_City,CHL,,1.325,1.333,1.371,0.0796
2016-11-05,Gaza_City,CHL,1.122,1.124,1.009,1.136,0.592
2016-11-06,Gaza_City,CHL,1.031,1.048,0.5871,1.123,0.9104
2016-11-08,Gaza_City,CHL,,0.7669,0.4826,0.9282,0.4876
2016-11-09,Gaza_City,CHL,0.9698,0.9698,0.4738,1.078,0.9254
2016-11-15,Gaza_City,CHL,,0.3293,0.3048,0.3293,0.0995
2016-11-17,Gaza_City,CHL,1.318,1.318,0.8746,1.763,0.9254
2016-11-18,Gaza_City,CHL,,0.1568,0.1307,0.164,0.1891
2016-11-21,Gaza_City,CHL,,0.2372,0.1573,0.2535,0.6368
2016-11-25,Gaza_City,CHL,1.094,1.094,0.524,1.277,0.8209
2016-11-26,Gaza_City,CHL,0.5023,0.5091,0.2941,0.6554,0.8458
2016-12-03,Gaza_City,CHL,1.583,1.128,0.7472,1.583,0.9104
2016-12-05,Gaza_City,CHL,0.3722,0.5669,0.4319,0.614,0.9104
2016-12-06,Gaza_City,CHL,0.3252,0.3323,0.3085,0.5425,1
2016-12-08,Gaza_City,CHL,0.2547,0.2019,0.1734,0.3033,0.9104
2016-12-09,Gaza_City,CHL,0.649,0.6299,0.4161,0.7185,0.8458
2016-12-10,Gaza_City,CHL,0.3631,0.3631,0.2566,0.8555,1
2016-12-11,Gaza_City,CHL,0.5542,0.5298,0.303,0.6724,0.9254
2016-12-12,Gaza_City,CHL,0.3932,0.6315,0.4415,0.7348,0.9254
2016-12-13,Gaza_City,CHL,0.2578,0.2578,0.2454,0.3528,0.1443
2016-12-16,Gaza_City,CHL,0.7463,0.7463,0.6336,0.9103,0.6119
2016-12-17,Gaza_City,CHL,,0.4047,0.3088,0.4229,0.5473
2016-12-20,Gaza_City,CHL,0.7608,0.7157,0.6607,0.7608,0.2736
2016-12-21,Gaza_City,CHL,0.7022,0.7607,0.5267,1.007,0.9254
2016-12-22,Gaza_City,CHL,,0.2806,0.2308,0.3662,0.6915
2016-12-25,Gaza_City,CHL,0.2143,0.2933,0.3088,0.7244,0.3881
2016-12-26,Gaza_City,CHL,0.4454,0.3016,0.2391,0.6773,0.9104
2016-12-29,Gaza_City,CHL,0.7018,0.6624,0.4335,0.8434,0.9254
2016-12-30,Gaza_City,CHL,0.8012,1.121,0.8281,1.171,0.8458
2016-12-31,Gaza_City,CHL,0.8723,1.101,0.5897,1.355,0.8458
2016-01-05,Ashkelon_IL,CHL,0.9151,0.9644,0.9133,1.095,0.5274
2016-01-06,Ashkelon_IL,CHL,0.8046,0.533,0.2526,0.8541,0.8109
2016-01-09,Ashkelon_IL,CHL,,0.1024,0.0925,0.1024,0.2139
2016-01-10,Ashkelon_IL,CHL,0.8212,0.8212,0.5023,1.609,1
2016-01-12,Ashkelon_IL,CHL,0.4481,0.4348,0.232,0.5239,0.8806
2016-01-13,Ashkelon_IL,CHL,0.0764,0.2033,0.1404,0.2865,0.806
2016-01-15,Ashkelon_IL,CHL,,0.0746,0.0639,0.076,0.6866
2016-01-16,Ashkelon_IL,CHL,0.1169,0.1313,0.1351,0.8171,1
2016-01-17,Ashkelon_IL,CHL,0.108,0.126,0.089,0.1441,0.8259
2016-01-20,Ashkelon_IL,CHL,1.269,1.269,1.191,1.335,0.3134
2016-01-21,Ashkelon_IL,CHL,,0.5042,0.4858,0.5042,0.2139
2016-01-25,Ashkelon_IL,CHL,3.158,3.158,1.476,4.089,0.9104
2016-01-28,Ashkelon_IL,CHL,1.103,1.076,0.6832,1.303,0.8806
2016-01-31,Ashkelon_IL,CHL,0.3004,0.302,0.2636,0.744,0.9502
2016-02-01,Ashkelon_IL,CHL,4.199,4.199,1.294,4.199,0.2836
2016-02-02,Ashkelon_IL,CHL,0.2144,0.1965,0.1725,0.2144,0.5224
2016-02-03,Ashkelon_IL,CHL,0.316,0.3077,0.2219,0.3215,0.9104
2016-02-04,Ashkelon_IL,CHL,0.164,0.1849,0.1934,1.06,0.8955
2016-02-05,Ashkelon_IL,CHL,0.2188,0.2188,0.2071,0.2188,0.2139
2016-02-09,Ashkelon_IL,CHL,,0.6085,0.3726,0.7192,0.7363
2016-02-11,Ashkelon_IL,CHL,0.3626,0.3626,0.2322,0.4157,0.8408
2016-02-12,Ashkelon_IL,CHL,0.8472,0.8472,0.5948,2.174,0.9502
2016-02-14,Ashkelon_IL,CHL,0.3949,0.4918,0.3877,0.5365,0.8806
2016-02-15,Ashkelon_IL,CHL,0.3131,0.2511,0.1912,0.343,0.8806
2016-02-16,Ashkelon_IL,CHL,0.1781,0.1412,0.1211,0.2212,0.9104
2016-02-17,Ashkelon_IL,CHL,0.1811,0.1458,0.1249,0.1963,0.9104
2016-02-18,Ashkelon_IL,CHL,0.1793,0.1754,0.1335,0.2383,0.8706
2016-02-19,Ashkelon_IL,CHL,0.1468,0.1414,0.1234,0.2005,0.8806
2016-02-21,Ashkelon_IL,CHL,,0.1221,0.0869,0.3626,0.5025
2016-02-23,Ashkelon_IL,CHL,1.508,1.005,0.7603,1.671,0.8806
2016-02-24,Ashkelon_IL,CHL,1.47,1.501,1.075,1.885,0.8806
2016-02-25,Ashkelon_IL,CHL,1.489,1.489,1.042,1.965,0.8756
2016-02-26,Ashkelon_IL,CHL,1.209,1.171,0.8297,1.659,0.9104
2016-02-27,Ashkelon_IL,CHL,,0.103,0.2304,1.143,0.209
2016-02-28,Ashkelon_IL,CHL,0.8884,0.8875,0.4779,1.37,0.9104
2016-02-29,Ashkelon_IL,CHL,0.6957,0.7977,0.4211,1.072,0.8806
2016-03-01,Ashkelon_IL,CHL,0.4481,0.6006,0.3203,1.115,0.9104
2016-03-04,Ashkelon_IL,CHL,0.3615,0.3615,0.3528,1.721,1
2016-03-05,Ashkelon_IL,CHL,0.4288,0.4245,0.2656,0.6709,0.8806
2016-03-06,Ashkelon_IL,CHL,,0.5571,0.5578,0.5666,0.0746
2016-03-07,Ashkelon_IL,CHL,1.069,0.8123,0.5045,1.069,0.806
2016-03-10,Ashkelon_IL,CHL,0.6168,0.4347,0.2651,0.6168,0.806
2016-03-11,Ashkelon_IL,CHL,0.4666,0.4821,0.2713,0.5199,0.8806
2016-03-17,Ashkelon_IL,CHL,,0.9745,0.7796,1.194,0.1542
2016-03-18,Ashkelon_IL,CHL,1.653,1.521,0.9721,1.757,0.8408
2016-03-19,Ashkelon_IL,CHL,1.485,1.379,0.7963,1.893,0.8806
2016-03-20,Ashkelon_IL,CHL,,0.1027,0.0994,0.1027,0.1642
2016-03-22,Ashkelon_IL,CHL,1.462,1.438,0.8507,2.02,0.8806
2016-03-23,Ashkelon_IL,CHL,1.63,1.282,0.6939,1.63,0.806
2016-03-29,Ashkelon_IL,CHL,1.482,1.482,0.8922,1.7,0.8806
2016-03-30,Ashkelon_IL,CHL,1.234,1.138,0.6438,1.341,0.9104
2016-04-01,Ashkelon_IL,CHL,,1.393,1.082,1.413,0.8109
2016-04-02,Ashkelon_IL,CHL,1.229,1.294,1.163,1.386,0.8806
2016-04-03,Ashkelon_IL,CHL,1.065,1.223,1.151,1.404,0.806
2016-04-04,Ashkelon_IL,CHL,1.272,1.272,1.144,2.281,1
2016-04-07,Ashkelon_IL,CHL,0.3589,0.3013,0.2519,0.4873,0.7413
2016-04-14,Ashkelon_IL,CHL,,0.0992,0.0846,0.1411,0.5174
2016-04-15,Ashkelon_IL,CHL,0.245,0.2384,0.148,0.4333,0.9104
2016-04-17,Ashkelon_IL,CHL,0.1476,0.1836,0.1241,0.2807,0.8806
2016-04-18,Ashkelon_IL,CHL,0.3099,0.2137,0.1533,0.3099,0.806
2016-04-19,Ashkelon_IL,CHL,0.3543,0.2508,0.2023,0.6559,0.8806
2016-04-20,Ashkelon_IL,CHL,0.2264,0.2348,0.1642,0.3102,0.9104
2016-04-25,Ashkelon_IL,CHL,0.078,0.0825,0.0633,0.0932,0.9104
2016-04-28,Ashkelon_IL,CHL,0.0893,0.0893,0.0754,0.0935,0.3383
2016-04-29,Ashkelon_IL,CHL,0.1087,0.0943,0.0683,0.1087,0.806
2016-04-30,Ashkelon_IL,CHL,0.3395,0.3395,0.207,0.9284,1
2016-05-01,Ashkelon_IL,CHL,,0.2301,0.1367,0.3573,0.3333
2016-05-04,Ashkelon_IL,CHL,0.3715,0.3715,0.1724,0.4579,0.9502
2016-05-05,Ashkelon_IL,CHL,0.1709,0.1709,0.1251,0.518,0.9502
2016-05-06,Ashkelon_IL,CHL,,0.0714,0.0705,0.0755,0.1443
2016-05-07,Ashkelon_IL,CHL,0.6585,0.6585,0.3072,0.7273,0.8806
2016-05-08,Ashkelon_IL,CHL,0.7185,0.7985,0.5733,0.9978,1
2016-05-10,Ashkelon_IL,CHL,,0.2409,0.2216,0.2501,0.4826
2016-05-11,Ashkelon_IL,CHL,0.1932,0.1932,0.1714,0.3363,0.9502
2016-05-12,Ashkelon_IL,CHL,0.1518,0.2452,0.1998,0.3683,0.9502
2016-05-16,Ashkelon_IL,CHL,,0.1575,0.1464,0.1993,0.6169
2016-05-19,Ashkelon_IL,CHL,0.1017,0.1043,0.0999,0.1286,0.8806
2016-05-20,Ashkelon_IL,CHL,0.1083,0.109,0.1277,0.6015,0.9502
2016-05-21,Ashkelon_IL,CHL,,0.1454,0.1395,0.1508,0.2438
2016-05-22,Ashkelon_IL,CHL,,0.0865,0.0654,0.0939,0.592
2016-05-25,Ashkelon_IL,CHL,0.9606,0.8861,0.5466,0.9606,0.6368
2016-05-27,Ashkelon_IL,CHL,0.9557,1.208,0.7463,1.564,0.6318
2016-05-28,Ashkelon_IL,CHL,1.31,1.04,0.5059,1.31,0.5473
2016-05-29,Ashkelon_IL,CHL,1.289,1.091,0.6144,1.289,0.806
2016-05-30,Ashkelon_IL,CHL,1.436,1.463,0.9778,1.708,0.8806
2016-05-31,Ashkelon_IL,CHL,1.369,1.447,1.165,2.588,1
2016-06-01,Ashkelon_IL,CHL,1.312,1.307,0.9484,1.38,0.8806
2016-06-06,Ashkelon_IL,CHL,,0.2241,0.2234,0.4984,0.7363
2016-06-07,Ashkelon_IL,CHL,0.1284,0.1024,0.085,0.1284,0.806
2016-06-09,Ashkelon_IL,CHL,0.1389,0.2068,0.1495,0.2068,0.2886
2016-06-10,Ashkelon_IL,CHL,0.217,0.1638,0.1266,0.217,0.5871
2016-06-11,Ashkelon_IL,CHL,0.1037,0.1086,0.1004,0.1179,0.8806
2016-06-12,Ashkelon_IL,CHL,0.0696,0.074,0.0852,0.3411,0.9502
2016-06-13,Ashkelon_IL,CHL,,0.0838,0.0826,0.0849,0.0945
2016-06-16,Ashkelon_IL,CHL,0.0675,0.0662,0.0654,0.0814,0.8806
2016-06-17,Ashkelon_IL,CHL,0.1053,0.1013,0.0817,0.1484,0.9104
2016-06-20,Ashkelon_IL,CHL,0.1052,0.0856,0.0681,0.2126,0.8806
2016-06-21,Ashkelon_IL,CHL,0.1007,0.0914,0.0625,0.1007,0.7711
2016-06-22,Ashkelon_IL,CHL,0.1103,0.1078,0.0803,0.1795,0.8806
2016-06-23,Ashkelon_IL,CHL,0.1357,0.1129,0.0799,0.1357,0.607
2016-06-24,Ashkelon_IL,CHL,0.1416,0.127,0.1226,0.8919,0.9104
2016-06-25,Ashkelon_IL,CHL,,0.1246,0.0889,0.1808,0.7015
2016-06-27,Ashkelon_IL,CHL,0.1938,0.1938,0.1782,0.8605,0.8756
2016-06-28,Ashkelon_IL,CHL,0.1083,0.1191,0.1089,0.1234,0.3532
2016-06-29,Ashkelon_IL,CHL,0.2593,0.0918,0.0927,0.2593,0.806
2016-06-30,Ashkelon_IL,CHL,0.2204,0.1533,0.1248,0.2204,0.5224
2016-07-01,Ashkelon_IL,CHL,0.1403,0.1749,0.1551,0.7281,0.9502
2016-07-02,Ashkelon_IL,CHL,0.4302,0.4833,0.2557,0.6241,0.7164
2016-07-05,Ashkelon_IL,CHL,0.5211,0.5242,0.3708,0.9519,0.6667
2016-07-06,Ashkelon_IL,CHL,0.6737,0.1558,0.1591,0.6737,0.806
2016-07-07,Ashkelon_IL,CHL,0.3097,0.3974,0.1909,0.4053,0.7015
2016-07-08,Ashkelon_IL,CHL,0.3001,0.2887,0.1294,0.304,0.8806
2016-07-09,Ashkelon_IL,CHL,0.3072,0.3072,0.174,0.6065,0.9502
2016-07-10,Ashkelon_IL,CHL,0.3872,0.2322,0.1438,0.4612,0.8806
2016-07-11,Ashkelon_IL,CHL,0.3864,0.3101,0.1667,0.3975,0.7562
2016-07-12,Ashkelon_IL,CHL,,0.2003,0.124,0.3153,0.6667
2016-07-13,Ashkelon_IL,CHL,0.2623,0.2093,0.1254,0.2672,0.9104
2016-07-14,Ashkelon_IL,CHL,0.109,0.109,0.0883,0.2162,0.9502
2016-07-15,Ashkelon_IL,CHL,0.1001,0.0712,0.0636,0.1001,0.806
2016-07-16,Ashkelon_IL,CHL,0.1639,0.0934,0.0799,0.1639,0.806
2016-07-17,Ashkelon_IL,CHL,0.1082,0.0779,0.0645,0.1082,0.806
2016-07-18,Ashkelon_IL,CHL,,0.0749,0.0725,0.159,0.1294
2016-07-19,Ashkelon_IL,CHL,0.1155,0.1051,0.0888,0.4017,0.9104
2016-07-20,Ashkelon_IL,CHL,0.6921,0.7509,0.417,0.8845,0.4627
2016-07-21,Ashkelon_IL,CHL,1.069,1.069,0.3489,1.402,0.9502
2016-07-22,Ashkelon_IL,CHL,1.468,1.26,0.4041,1.468,0.7313
2016-07-23,Ashkelon_IL,CHL,,0.2112,0.1859,0.3431,0.3085
2016-07-24,Ashkelon_IL,CHL,,0.2649,0.167,0.3542,0.4328
2016-07-26,Ashkelon_IL,CHL,0.3526,0.3199,0.1933,0.4522,0.8806
2016-07-27,Ashkelon_IL,CHL,0.48,0.3511,0.2259,0.7028,0.8458
2016-07-28,Ashkelon_IL,CHL,0.3162,0.3162,0.2425,0.9251,0.9502
2016-07-29,Ashkelon_IL,CHL,0.5943,0.3384,0.2085,0.6163,0.7662
2016-07-30,Ashkelon_IL,CHL,0.5162,0.5162,0.2669,0.6402,0.8358
2016-07-31,Ashkelon_IL,CHL,0.4347,0.251,0.1995,0.4347,0.806
2016-08-01,Ashkelon_IL,CHL,0.5006,0.5195,0.3711,0.5616,0.408
2016-08-02,Ashkelon_IL,CHL,,0.2946,0.2146,0.3793,0.7363
2016-08-04,Ashkelon_IL,CHL,0.3088,0.2845,0.2079,0.4499,0.9104
2016-08-05,Ashkelon_IL,CHL,,0.1453,0.1021,0.1453,0.2786
2016-08-07,Ashkelon_IL,CHL,0.7272,0.7208,0.4632,0.7272,0.4179
2016-08-09,Ashkelon_IL,CHL,1.288,1.288,0.5183,1.84,0.9502
2016-08-10,Ashkelon_IL,CHL,1.18,1.18,0.5155,1.543,0.9502
2016-08-11,Ashkelon_IL,CHL,0.3642,0.1137,0.1183,0.3642,0.806
2016-08-12,Ashkelon_IL,CHL,0.8009,0.4251,0.2819,1.218,0.8706
2016-08-13,Ashkelon_IL,CHL,0.4502,0.4255,0.3234,1.451,0.602
2016-08-14,Ashkelon_IL,CHL,0.5602,0.5602,0.4977,0.5602,0.1045
2016-08-15,Ashkelon_IL,CHL,0.5236,0.5236,0.2593,0.7391,0.9104
2016-08-16,Ashkelon_IL,CHL,0.3741,1.104,0.6594,2.094,1
2016-08-17,Ashkelon_IL,CHL,0.9926,0.9198,0.5044,0.9926,0.5075
2016-08-18,Ashkelon_IL,CHL,1.095,0.9683,0.3511,1.298,0.8806
2016-08-19,Ashkelon_IL,CHL,1.608,1.381,0.6272,1.608,0.7711
2016-08-20,Ashkelon_IL,CHL,1.62,1.62,0.6452,2.673,1
2016-08-21,Ashkelon_IL,CHL,0.9512,0.3075,0.2459,0.9512,0.806
2016-08-24,Ashkelon_IL,CHL,0.3599,0.3599,0.2595,0.4535,0.9502
2016-08-25,Ashkelon_IL,CHL,,0.2354,0.1508,0.2354,0.3085
2016-08-26,Ashkelon_IL,CHL,0.258,0.2323,0.1667,0.3092,0.8806
2016-08-27,Ashkelon_IL,CHL,0.2025,0.192,0.1407,0.2541,0.8806
2016-08-28,Ashkelon_IL,CHL,0.1999,0.205,0.1733,0.2132,0.4179
2016-08-31,Ashkelon_IL,CHL,0.135,0.135,0.1058,0.2269,0.7065
2016-09-01,Ashkelon_IL,CHL,0.1035,0.0868,0.0783,0.1499,0.9502
2016-09-02,Ashkelon_IL,CHL,0.1654,0.1624,0.1105,0.2829,0.8806
2016-09-03,Ashkelon_IL,CHL,,0.3499,0.2019,0.3499,0.1343
2016-09-04,Ashkelon_IL,CHL,1.213,0.6927,0.3795,1.35,0.7512
2016-09-05,Ashkelon_IL,CHL,0.3921,1.042,0.8263,1.132,0.9502
2016-09-06,Ashkelon_IL,CHL,1.029,1.029,0.5833,1.347,1
2016-09-08,Ashkelon_IL,CHL,0.7656,0.7656,0.3508,1.291,0.9502
2016-09-09,Ashkelon_IL,CHL,0.2926,0.2926,0.2914,1.313,0.9502
2016-09-10,Ashkelon_IL,CHL,0.2843,0.2338,0.1823,0.9491,0.8806
2016-09-11,Ashkelon_IL,CHL,0.8489,0.9411,0.5205,1.045,0.4279
2016-09-12,Ashkelon_IL,CHL,0.2644,0.37,0.2691,0.9175,0.8557
2016-09-13,Ashkelon_IL,CHL,0.2339,0.2693,0.2079,0.2945,0.8806
2016-09-14,Ashkelon_IL,CHL,0.119,0.2221,0.1723,0.2221,0.1443
2016-09-16,Ashkelon_IL,CHL,0.1371,0.1371,0.1418,0.6064,1
2016-09-17,Ashkelon_IL,CHL,0.239,0.1901,0.1585,0.4894,0.9104
2016-09-18,Ashkelon_IL,CHL,0.7303,0.7295,0.2919,0.9303,0.9104
2016-09-19,Ashkelon_IL,CHL,0.2999,0.4347,0.3955,0.7081,0.8806
2016-09-20,Ashkelon_IL,CHL,1.195,0.9886,0.6233,1.195,0.9502
2016-09-21,Ashkelon_IL,CHL,1.938,1.938,0.9722,2.892,0.8806
2016-09-22,Ashkelon_IL,CHL,0.9618,0.9618,0.4463,1.081,0.9104
2016-09-23,Ashkelon_IL,CHL,,0.7366,0.7366,0.7366,0.0697
2016-09-24,Ashkelon_IL,CHL,1.516,1.606,0.7822,1.661,0.9502
2016-09-26,Ashkelon_IL,CHL,0.9242,1.149,0.6866,1.269,0.8806
2016-09-27,Ashkelon_IL,CHL,1.581,1.462,0.8406,1.582,0.9104
2016-09-28,Ashkelon_IL,CHL,1.183,1.183,0.7157,1.322,0.7363
2016-09-29,Ashkelon_IL,CHL,0.9458,0.8435,0.3893,0.9656,0.7761
2016-09-30,Ashkelon_IL,CHL,1.514,1.282,0.6896,1.514,0.9104
2016-10-01,Ashkelon_IL,CHL,1.596,1.288,0.7549,1.976,1
2016-10-02,Ashkelon_IL,CHL,1.069,1.069,0.5138,1.185,0.9502
2016-10-03,Ashkelon_IL,CHL,1.136,1.108,0.5234,1.242,0.9502
2016-10-04,Ashkelon_IL,CHL,0.9458,0.9565,0.5756,1.036,0.8806
2016-10-05,Ashkelon_IL,CHL,0.8761,0.8098,0.4591,0.8805,0.9502
2016-10-06,Ashkelon_IL,CHL,1.127,0.9564,0.5753,1.246,1
2016-10-07,Ashkelon_IL,CHL,0.7115,0.5096,0.3148,0.9186,0.9104
2016-10-08,Ashkelon_IL,CHL,,0.2312,0.1499,0.3861,0.592
2016-10-10,Ashkelon_IL,CHL,1.117,1.093,0.6704,1.231,0.6269
2016-10-13,Ashkelon_IL,CHL,0.6163,0.6302,0.3119,0.7941,0.9502
2016-10-14,Ashkelon_IL,CHL,0.6649,0.6857,0.3673,0.7541,0.9104
2016-10-16,Ashkelon_IL,CHL,0.5186,0.5186,0.3202,0.6902,0.806
2016-10-17,Ashkelon_IL,CHL,0.8892,0.751,0.4563,0.8892,0.9502
2016-10-18,Ashkelon_IL,CHL,0.8015,0.8015,0.601,0.8015,0.3184
2016-10-19,Ashkelon_IL,CHL,0.6126,0.6126,0.2862,0.7827,0.9502
2016-10-20,Ashkelon_IL,CHL,0.9673,1.002,0.5072,1.145,1
2016-10-23,Ashkelon_IL,CHL,0.222,0.2789,0.2043,0.3254,0.597
2016-10-24,Ashkelon_IL,CHL,0.1832,0.2128,0.1581,0.3914,1
2016-10-25,Ashkelon_IL,CHL,0.2612,0.2373,0.1414,0.2683,0.9104
2016-10-26,Ashkelon_IL,CHL,,0.0671,0.0965,0.3976,0.597
2016-10-28,Ashkelon_IL,CHL,0.6768,0.4172,0.2431,0.7114,1
2016-10-29,Ashkelon_IL,CHL,0.3249,0.3249,0.1763,0.5563,0.9104
2016-10-30,Ashkelon_IL,CHL,,0.0776,0.0777,0.0786,0.0796
2016-10-31,Ashkelon_IL,CHL,,0.4107,0.2389,0.5726,0.7164
2016-11-02,Ashkelon_IL,CHL,,1.4,0.854,1.712,0.6119
2016-11-03,Ashkelon_IL,CHL,1.63,1.628,0.8564,1.633,0.9104
2016-11-05,Ashkelon_IL,CHL,0.8079,0.8508,0.6265,1.07,0.7662
2016-11-06,Ashkelon_IL,CHL,0.3077,0.2282,0.1724,0.595,0.7861
2016-11-09,Ashkelon_IL,CHL,0.5267,0.5267,0.3238,0.617,0.9502
2016-11-15,Ashkelon_IL,CHL,,0.1228,0.1101,0.1446,0.4925
2016-11-17,Ashkelon_IL,CHL,0.9409,0.9337,0.539,1.227,0.8806
2016-11-25,Ashkelon_IL,CHL,,0.4825,0.3542,0.9319,0.7413
2016-11-26,Ashkelon_IL,CHL,0.6146,0.6046,0.3181,0.7108,0.8806
2016-12-03,Ashkelon_IL,CHL,1.004,1.004,0.7168,1.118,0.8806
2016-12-06,Ashkelon_IL,CHL,0.5691,0.5691,0.3213,0.9225,1
2016-12-08,Ashkelon_IL,CHL,0.4694,0.4536,0.3107,0.5145,0.8806
2016-12-09,Ashkelon_IL,CHL,0.6704,0.6704,0.6134,0.7831,0.806
2016-12-10,Ashkelon_IL,CHL,0.7248,0.6744,0.4944,0.7877,1
2016-12-12,Ashkelon_IL,CHL,0.1325,0.1374,0.1404,0.4575,1
2016-12-17,Ashkelon_IL,CHL,,0.2717,0.1595,0.2951,0.2836
2016-12-20,Ashkelon_IL,CHL,0.9283,0.9283,0.6508,1.005,0.7015
2016-12-21,Ashkelon_IL,CHL,0.3939,0.4415,0.4184,1.056,0.6119
2016-12-22,Ashkelon_IL,CHL,,0.6596,0.4666,0.6712,0.4428
2016-12-26,Ashkelon_IL,CHL,0.8124,0.8198,0.3763,0.8734,0.9104
2016-12-29,Ashkelon_IL,CHL,0.3321,0.3321,0.2019,0.7183,0.9502
2016-12-30,Ashkelon_IL,CHL,0.7785,0.7343,0.4516,0.8657,0.9204
2016-12-31,Ashkelon_IL,CHL,0.8518,0.8518,0.7012,0.8518,0.2488
2016-01-06,Ashdod_IL,CHL,0.5612,0.456,0.2299,0.5898,0.9254
2016-01-09,Ashdod_IL,CHL,,0.543,0.4664,0.543,0.1144
2016-01-10,Ashdod_IL,CHL,0.7673,0.7673,0.3159,0.8738,0.995
2016-01-12,Ashdod_IL,CHL,0.6115,0.2976,0.2081,0.6115,0.9104
2016-01-13,Ashdod_IL,CHL,0.5279,0.3322,0.2494,0.5279,0.6716
2016-01-15,Ashdod_IL,CHL,0.0632,0.0777,0.0779,0.1569,0.9254
2016-01-16,Ashdod_IL,CHL,0.0683,0.0824,0.0785,0.0991,0.995
2016-01-17,Ashdod_IL,CHL,0.0676,0.0805,0.074,0.0882,0.8607
2016-01-20,Ashdod_IL,CHL,,1.186,1.186,1.186,0.0498
2016-01-21,Ashdod_IL,CHL,,0.1319,0.1319,0.1319,0.0547
2016-01-28,Ashdod_IL,CHL,,0.6526,0.4025,1.124,0.8458
2016-01-31,Ashdod_IL,CHL,0.2791,0.2791,0.2144,0.3546,0.995
2016-02-02,Ashdod_IL,CHL,,0.3943,0.3943,0.3943,0.0249
2016-02-03,Ashdod_IL,CHL,0.2795,0.2795,0.1946,0.4158,0.9254
2016-02-04,Ashdod_IL,CHL,0.2208,0.2058,0.1809,0.2264,0.9104
2016-02-05,Ashdod_IL,CHL,0.1897,0.2072,0.1909,0.2286,0.806
2016-02-09,Ashdod_IL,CHL,0.712,0.5004,0.3506,1.18,0.9104
2016-02-11,Ashdod_IL,CHL,0.3505,0.3505,0.1883,0.4619,0.9552
2016-02-12,Ashdod_IL,CHL,0.2685,0.2035,0.1664,0.3802,0.9254
2016-02-14,Ashdod_IL,CHL,0.6695,0.791,0.4743,1.034,0.9254
2016-02-15,Ashdod_IL,CHL,0.2821,0.3618,0.2552,0.4043,0.9104
2016-02-16,Ashdod_IL,CHL,0.2787,0.2658,0.2336,0.6628,0.995
2016-02-17,Ashdod_IL,CHL,0.1992,0.2089,0.178,0.3177,0.995
2016-02-18,Ashdod_IL,CHL,0.2358,0.1672,0.1533,0.2983,0.8358
2016-02-19,Ashdod_IL,CHL,0.1528,0.1528,0.1428,0.2338,0.9254
2016-02-24,Ashdod_IL,CHL,1.314,1.112,0.7551,2.353,0.9254
2016-02-25,Ashdod_IL,CHL,1.225,1.141,0.701,1.518,0.7711
2016-02-26,Ashdod_IL,CHL,0.945,0.954,0.6248,1.18,0.9254
2016-02-28,Ashdod_IL,CHL,0.7801,0.7255,0.3157,0.8717,0.9254
2016-02-29,Ashdod_IL,CHL,1.029,1.107,0.5003,1.193,0.8607
2016-03-01,Ashdod_IL,CHL,0.5614,0.6212,0.4348,1.269,0.9104
2016-03-04,Ashdod_IL,CHL,0.3122,0.3122,0.2355,1.455,1
2016-03-05,Ashdod_IL,CHL,0.3056,0.2691,0.1737,0.4667,0.7114
2016-03-06,Ashdod_IL,CHL,,0.1763,0.1311,0.4193,0.791
2016-03-07,Ashdod_IL,CHL,,0.1915,0.1374,0.5773,0.796
2016-03-10,Ashdod_IL,CHL,,0.135,0.1023,0.2323,0.7562
2016-03-11,Ashdod_IL,CHL,0.5445,0.4239,0.2218,0.5973,0.9254
2016-03-16,Ashdod_IL,CHL,,0.1015,0.0758,0.1015,0.1592
2016-03-17,Ashdod_IL,CHL,,0.0658,0.0657,0.0662,0.0697
2016-03-18,Ashdod_IL,CHL,1.247,1.329,1.279,1.421,0.393
2016-03-19,Ashdod_IL,CHL,1.193,1.165,0.9492,1.291,0.602
2016-03-22,Ashdod_IL,CHL,1.491,1.299,0.7892,1.775,0.9254
2016-03-23,Ashdod_IL,CHL,,1.014,1.014,1.014,0.0448
2016-03-29,Ashdod_IL,CHL,1.325,1.325,0.7707,1.645,0.995
2016-03-30,Ashdod_IL,CHL,1.021,0.5528,0.3988,1.108,0.8109
2016-04-01,Ashdod_IL,CHL,1.325,1.325,0.8517,1.45,0.9254
2016-04-02,Ashdod_IL,CHL,1.217,1.422,1.048,1.841,0.9104
2016-04-03,Ashdod_IL,CHL,1.218,1.244,1.021,1.291,0.9254
2016-04-04,Ashdod_IL,CHL,0.5637,0.548,0.4807,1.207,0.995
2016-04-07,Ashdod_IL,CHL,0.1713,0.1813,0.1663,0.3114,0.7363
2016-04-13,Ashdod_IL,CHL,0.0447,0.0518,0.0469,0.0518,0.2836
2016-04-14,Ashdod_IL,CHL,,0.4866,0.2226,0.4866,0.1891
2016-04-15,Ashdod_IL,CHL,0.2366,0.2366,0.1498,0.2379,0.3632
2016-04-17,Ashdod_IL,CHL,0.1156,0.1018,0.0775,0.1437,0.9104
2016-04-18,Ashdod_IL,CHL,0.1046,0.106,0.0762,0.1464,0.7463
2016-04-19,Ashdod_IL,CHL,0.1443,0.1476,0.0971,0.1523,0.9104
2016-04-20,Ashdod_IL,CHL,0.1089,0.1187,0.081,0.12,0.9254
2016-04-25,Ashdod_IL,CHL,0.0916,0.0876,0.0668,0.0943,0.9254
2016-04-28,Ashdod_IL,CHL,,0.0609,0.0574,0.0609,0.1393
2016-04-29,Ashdod_IL,CHL,0.0656,0.064,0.0523,0.0707,0.9104
2016-04-30,Ashdod_IL,CHL,0.1839,0.1839,0.109,1.182,1
2016-05-01,Ashdod_IL,CHL,,0.1036,0.0804,0.1332,0.6517
2016-05-04,Ashdod_IL,CHL,0.2205,0.2205,0.1231,0.6927,1
2016-05-05,Ashdod_IL,CHL,0.1719,0.1443,0.0846,0.2307,0.995
2016-05-06,Ashdod_IL,CHL,,0.0646,0.0576,0.0678,0.5124
2016-05-07,Ashdod_IL,CHL,0.3499,0.2025,0.1316,0.3499,0.9254
2016-05-08,Ashdod_IL,CHL,0.4025,0.4439,0.3106,1.261,1
2016-05-10,Ashdod_IL,CHL,,0.1759,0.1662,0.1759,0.2388
2016-05-11,Ashdod_IL,CHL,0.1667,0.1601,0.1442,0.2878,0.995
2016-05-12,Ashdod_IL,CHL,0.1536,0.2006,0.1765,0.4109,1
2016-05-16,Ashdod_IL,CHL,,0.1514,0.1395,0.1636,0.5821
2016-05-19,Ashdod_IL,CHL,0.1142,0.0955,0.0816,0.1142,0.7761
2016-05-20,Ashdod_IL,CHL,0.0758,0.0881,0.0831,0.39,0.8259
2016-05-21,Ashdod_IL,CHL,0.2333,0.1571,0.1452,0.2333,0.8607
2016-05-22,Ashdod_IL,CHL,0.0971,0.0936,0.0804,0.0972,0.8607
2016-05-25,Ashdod_IL,CHL,,0.3955,0.179,0.6131,0.5572
2016-05-27,Ashdod_IL,CHL,,0.0408,0.0402,0.0408,0.0896
2016-05-28,Ashdod_IL,CHL,1.102,0.8494,0.5407,1.102,0.3433
2016-05-29,Ashdod_IL,CHL,,0.2494,0.1751,0.605,0.7214
2016-05-30,Ashdod_IL,CHL,1.349,1.342,0.6425,1.431,0.9254
2016-05-31,Ashdod_IL,CHL,1.337,1.337,0.8981,1.568,1
2016-06-01,Ashdod_IL,CHL,0.9699,1.176,0.8074,1.235,0.9254
2016-06-04,Ashdod_IL,CHL,,0.1972,0.1972,0.1972,0.0149
2016-06-06,Ashdod_IL,CHL,0.1822,0.1871,0.129,0.2017,0.8607
2016-06-07,Ashdod_IL,CHL,0.0811,0.0867,0.0621,0.1381,0.8408
2016-06-09,Ashdod_IL,CHL,,0.073,0.0694,0.073,0.1343
2016-06-10,Ashdod_IL,CHL,,0.0963,0.0843,0.1907,0.6965
2016-06-11,Ashdod_IL,CHL,0.0789,0.0737,0.0728,0.1231,0.9254
2016-06-12,Ashdod_IL,CHL,0.1266,0.1266,0.1138,0.5368,1
2016-06-13,Ashdod_IL,CHL,,0.0901,0.0842,0.0917,0.3234
2016-06-16,Ashdod_IL,CHL,0.0528,0.0653,0.0617,0.3014,0.9303
2016-06-17,Ashdod_IL,CHL,0.0776,0.0767,0.0648,0.0909,0.995
2016-06-20,Ashdod_IL,CHL,0.0481,0.0511,0.0424,0.073,0.9104
2016-06-21,Ashdod_IL,CHL,0.0765,0.0623,0.0525,0.0765,0.7761
2016-06-22,Ashdod_IL,CHL,0.0806,0.0662,0.0544,0.0806,0.8607
2016-06-23,Ashdod_IL,CHL,0.1025,0.0857,0.0607,0.1382,0.9254
2016-06-24,Ashdod_IL,CHL,0.0969,0.0748,0.0621,0.1972,0.9104
2016-06-25,Ashdod_IL,CHL,,0.1206,0.0803,0.15,0.791
2016-06-27,Ashdod_IL,CHL,0.1294,0.1517,0.1106,0.8057,1
2016-06-28,Ashdod_IL,CHL,0.0956,0.1254,0.127,0.3439,0.4776
2016-06-29,Ashdod_IL,CHL,0.1557,0.1263,0.0845,0.1652,0.8607
2016-06-30,Ashdod_IL,CHL,0.1287,0.153,0.1102,0.1602,0.7711
2016-07-01,Ashdod_IL,CHL,0.1031,0.1162,0.0971,0.5919,1
2016-07-02,Ashdod_IL,CHL,,0.0503,0.0503,0.0503,0.0348
2016-07-05,Ashdod_IL,CHL,0.4119,0.3532,0.1935,0.7775,1
2016-07-06,Ashdod_IL,CHL,0.8434,0.931,0.3135,1.038,0.9104
2016-07-07,Ashdod_IL,CHL,0.186,0.1645,0.0853,0.186,0.6318
2016-07-08,Ashdod_IL,CHL,0.483,0.2654,0.1199,0.483,0.9104
2016-07-09,Ashdod_IL,CHL,0.3961,0.2441,0.113,0.3961,0.995
2016-07-10,Ashdod_IL,CHL,0.1931,0.1729,0.0959,0.2205,0.806
2016-07-11,Ashdod_IL,CHL,0.0783,0.0766,0.0698,0.0921,0.5672
2016-07-12,Ashdod_IL,CHL,0.1636,0.095,0.0837,0.2372,0.7114
2016-07-13,Ashdod_IL,CHL,0.1411,0.0962,0.0691,0.2692,1
2016-07-14,Ashdod_IL,CHL,0.0837,0.0822,0.0602,0.1229,0.995
2016-07-15,Ashdod_IL,CHL,0.0612,0.0661,0.0466,0.0708,0.9104
2016-07-16,Ashdod_IL,CHL,0.059,0.0572,0.0519,0.0639,0.9104
2016-07-17,Ashdod_IL,CHL,0.0465,0.0514,0.0489,0.0572,0.8607
2016-07-18,Ashdod_IL,CHL,0.1008,0.1008,0.0741,0.128,0.4179
2016-07-19,Ashdod_IL,CHL,0.3024,0.3024,0.1464,0.3463,0.9254
2016-07-20,Ashdod_IL,CHL,0.0751,0.2155,0.12,0.9489,0.5274
2016-07-21,Ashdod_IL,CHL,0.6835,0.6835,0.3111,0.7968,0.7114
2016-07-22,Ashdod_IL,CHL,0.1421,0.0764,0.0888,0.482,0.9254
2016-07-25,Ashdod_IL,CHL,,0.0741,0.0694,0.0774,0.199
2016-07-26,Ashdod_IL,CHL,0.1536,0.1377,0.1011,0.2284,0.9254
2016-07-27,Ashdod_IL,CHL,0.1801,0.1424,0.1057,0.2365,0.8209
2016-07-28,Ashdod_IL,CHL,0.1099,0.1099,0.0948,0.7923,1
2016-07-29,Ashdod_IL,CHL,0.1842,0.1842,0.1194,0.2283,0.5323
2016-07-30,Ashdod_IL,CHL,,0.1321,0.1156,0.1965,0.199
2016-07-31,Ashdod_IL,CHL,0.2222,0.1467,0.1088,0.2222,0.8607
2016-08-01,Ashdod_IL,CHL,0.2923,0.2923,0.1935,0.5245,0.8607
2016-08-02,Ashdod_IL,CHL,,0.1218,0.1172,0.1787,0.5821
2016-08-03,Ashdod_IL,CHL,,0.1303,0.1044,0.1317,0.3383
2016-08-04,Ashdod_IL,CHL,0.1686,0.1686,0.1377,0.1964,0.3682
2016-08-05,Ashdod_IL,CHL,,0.1062,0.0911,0.1062,0.1791
2016-08-07,Ashdod_IL,CHL,,0.115,0.1115,0.117,0.1194
2016-08-09,Ashdod_IL,CHL,0.525,0.525,0.2726,0.5706,0.9104
2016-08-10,Ashdod_IL,CHL,0.4197,0.4457,0.2615,0.8096,0.9254
2016-08-11,Ashdod_IL,CHL,0.3324,0.3417,0.2491,0.4193,1
2016-08-12,Ashdod_IL,CHL,,0.3552,0.1628,0.4468,0.8209
2016-08-13,Ashdod_IL,CHL,0.3746,0.3746,0.2449,1.275,0.995
2016-08-15,Ashdod_IL,CHL,0.2934,0.2794,0.1573,0.3203,0.9254
2016-08-16,Ashdod_IL,CHL,0.537,0.537,0.37,1.508,0.602
2016-08-17,Ashdod_IL,CHL,0.7317,0.7317,0.4637,0.7836,0.4279
2016-08-18,Ashdod_IL,CHL,0.4798,0.1521,0.1894,0.7915,0.6965
2016-08-19,Ashdod_IL,CHL,0.9383,0.1645,0.1941,1.026,0.8955
2016-08-20,Ashdod_IL,CHL,1.145,1.143,0.4885,1.266,1
2016-08-21,Ashdod_IL,CHL,0.452,0.2346,0.2252,0.7391,0.7612
2016-08-23,Ashdod_IL,CHL,,0.0954,0.0735,0.1059,0.597
2016-08-24,Ashdod_IL,CHL,0.3206,0.3206,0.1702,0.7843,1
2016-08-26,Ashdod_IL,CHL,0.2401,0.1564,0.1249,0.2979,0.9254
2016-08-27,Ashdod_IL,CHL,0.2254,0.1325,0.1072,0.2628,0.9254
2016-08-28,Ashdod_IL,CHL,0.1718,0.3427,0.2061,0.3427,0.2736
2016-08-31,Ashdod_IL,CHL,0.095,0.083,0.0757,0.1102,0.6716
2016-09-01,Ashdod_IL,CHL,0.0525,0.0732,0.076,0.2361,0.995
2016-09-02,Ashdod_IL,CHL,0.0825,0.0908,0.0772,0.1012,0.9254
2016-09-03,Ashdod_IL,CHL,,0.1342,0.1342,0.1342,0.0149
2016-09-04,Ashdod_IL,CHL,0.4572,0.063,0.0834,0.4572,0.7463
2016-09-05,Ashdod_IL,CHL,0.6399,0.6399,0.2446,1.049,1
2016-09-06,Ashdod_IL,CHL,0.3261,0.2389,0.1418,0.6265,0.995
2016-09-08,Ashdod_IL,CHL,0.5832,0.5832,0.3112,1.068,1
2016-09-09,Ashdod_IL,CHL,0.8466,0.8466,0.4275,1.47,1
2016-09-10,Ashdod_IL,CHL,0.6308,0.5352,0.2399,0.7202,0.9254
2016-09-11,Ashdod_IL,CHL,0.3768,0.3282,0.1925,0.3896,0.8607
2016-09-12,Ashdod_IL,CHL,0.1438,0.1825,0.1566,0.7447,1
2016-09-13,Ashdod_IL,CHL,0.0892,0.0935,0.0896,0.68,0.9303
2016-09-14,Ashdod_IL,CHL,0.0924,0.0924,0.062,0.1347,0.8209
2016-09-16,Ashdod_IL,CHL,0.045,0.0522,0.0508,0.1415,0.9303
2016-09-17,Ashdod_IL,CHL,0.0518,0.0739,0.0686,0.1659,0.995
2016-09-18,Ashdod_IL,CHL,0.0736,0.0699,0.074,0.1848,0.995
2016-09-19,Ashdod_IL,CHL,0.1703,0.1218,0.0988,0.2051,0.9254
2016-09-20,Ashdod_IL,CHL,0.431,0.4266,0.2671,1.075,1
2016-09-21,Ashdod_IL,CHL,0.5474,0.541,0.3968,0.5925,0.9254
2016-09-22,Ashdod_IL,CHL,0.1983,0.182,0.1436,0.1983,0.8159
2016-09-24,Ashdod_IL,CHL,0.4883,0.7823,0.5534,1.076,1
2016-09-26,Ashdod_IL,CHL,0.6545,0.5887,0.2538,0.658,0.8358
2016-09-27,Ashdod_IL,CHL,0.4632,0.4632,0.2219,0.5989,0.995
2016-09-28,Ashdod_IL,CHL,0.4874,0.5201,0.4421,0.5785,0.2438
2016-09-29,Ashdod_IL,CHL,0.4266,0.327,0.1647,0.4266,0.796
2016-09-30,Ashdod_IL,CHL,0.8275,0.7133,0.3583,0.8275,0.995
2016-10-01,Ashdod_IL,CHL,0.7265,0.7636,0.4065,0.8783,1
2016-10-02,Ashdod_IL,CHL,0.7464,0.738,0.3972,1.407,0.9303
2016-10-03,Ashdod_IL,CHL,0.6495,0.4718,0.2516,0.6495,0.9254
2016-10-04,Ashdod_IL,CHL,0.0874,0.0773,0.077,0.1312,0.9104
2016-10-05,Ashdod_IL,CHL,0.0555,0.0916,0.0807,0.2966,1
2016-10-06,Ashdod_IL,CHL,0.0612,0.0903,0.0774,0.6493,1
2016-10-07,Ashdod_IL,CHL,0.3616,0.3225,0.1592,0.4093,0.995
2016-10-08,Ashdod_IL,CHL,,0.0784,0.0966,0.2811,0.4627
2016-10-10,Ashdod_IL,CHL,0.6783,0.3553,0.2524,0.7978,0.9104
2016-10-11,Ashdod_IL,CHL,,0.0928,0.0917,0.0928,0.0896
2016-10-12,Ashdod_IL,CHL,,0.0893,0.0768,0.0893,0.1741
2016-10-13,Ashdod_IL,CHL,0.6262,0.6262,0.3485,0.7024,1
2016-10-14,Ashdod_IL,CHL,0.5795,0.4367,0.2959,0.6351,0.9254
2016-10-16,Ashdod_IL,CHL,,0.1358,0.1217,0.1722,0.791
2016-10-17,Ashdod_IL,CHL,0.5066,0.5433,0.3026,0.8316,0.995
2016-10-18,Ashdod_IL,CHL,0.4197,0.4197,0.2859,0.4571,0.4776
2016-10-19,Ashdod_IL,CHL,0.6667,0.6094,0.3469,0.7459,0.9254
2016-10-20,Ashdod_IL,CHL,0.7568,0.4422,0.2612,0.9414,1
2016-10-22,Ashdod_IL,CHL,,0.3594,0.3582,0.3594,0.0746
2016-10-23,Ashdod_IL,CHL,0.5502,0.5502,0.2779,0.905,0.9254
2016-10-24,Ashdod_IL,CHL,0.4173,0.3574,0.1821,0.7648,0.9652
2016-10-25,Ashdod_IL,CHL,0.4492,0.2717,0.1389,0.7484,1
2016-10-26,Ashdod_IL,CHL,,0.153,0.0873,0.3531,0.7214
2016-10-28,Ashdod_IL,CHL,0.5011,0.4239,0.2258,1.01,1
2016-10-29,Ashdod_IL,CHL,0.2862,0.327,0.1691,0.5848,0.995
2016-10-30,Ashdod_IL,CHL,0.4113,0.3069,0.1541,0.4257,0.9254
2016-10-31,Ashdod_IL,CHL,0.3781,0.392,0.3498,0.4006,0.1493
2016-11-01,Ashdod_IL,CHL,,0.4732,0.3552,0.4732,0.2786
2016-11-02,Ashdod_IL,CHL,1.25,1.149,0.4967,1.271,1
2016-11-03,Ashdod_IL,CHL,1.341,1.087,0.6224,1.355,0.9254
2016-11-04,Ashdod_IL,CHL,,0.2232,0.1965,0.2232,0.1343
2016-11-05,Ashdod_IL,CHL,0.5024,0.5024,0.3807,0.6086,0.5323
2016-11-06,Ashdod_IL,CHL,0.256,0.32,0.2263,0.4574,0.7065
2016-11-09,Ashdod_IL,CHL,0.2276,0.2679,0.2243,0.4332,1
2016-11-17,Ashdod_IL,CHL,1.138,1.163,0.6331,1.247,0.995
2016-11-20,Ashdod_IL,CHL,,0.5685,0.5442,0.5729,0.2736
2016-11-24,Ashdod_IL,CHL,,0.1077,0.1077,0.1077,0.0547
2016-11-25,Ashdod_IL,CHL,1.253,0.9997,0.5142,1.253,0.9104
2016-11-26,Ashdod_IL,CHL,0.5773,0.5438,0.3679,0.633,0.9254
2016-12-03,Ashdod_IL,CHL,0.9305,0.8282,0.405,1.161,0.9254
2016-12-06,Ashdod_IL,CHL,0.4801,0.4801,0.2274,0.5694,0.995
2016-12-08,Ashdod_IL,CHL,0.3901,0.2612,0.1864,0.3901,0.403
2016-12-09,Ashdod_IL,CHL,0.5367,0.4342,0.3036,0.6362,0.9104
2016-12-10,Ashdod_IL,CHL,0.6525,0.5712,0.4001,0.8963,1
2016-12-11,Ashdod_IL,CHL,0.3515,0.3603,0.2634,0.3753,0.4925
2016-12-12,Ashdod_IL,CHL,0.1256,0.2279,0.1798,0.2645,0.995
2016-12-17,Ashdod_IL,CHL,,0.5463,0.2527,0.7042,0.6468
2016-12-19,Ashdod_IL,CHL,,0.1964,0.1326,0.1964,0.2736
2016-12-20,Ashdod_IL,CHL,0.6091,0.4993,0.3695,0.6091,0.4129
2016-12-22,Ashdod_IL,CHL,0.7516,0.7516,0.6691,0.7516,0.1194
2016-12-26,Ashdod_IL,CHL,0.4607,0.3141,0.1982,0.4607,0.8905
2016-12-29,Ashdod_IL,CHL,0.3447,0.3952,0.3138,0.8056,0.995
2016-12-30,Ashdod_IL,CHL,0.2048,0.9097,0.5202,1.018,0.9254
2016-12-31,Ashdod_IL,CHL,,0.4185,0.3982,0.4185,0.1194
2016-01-06,Tel_Aviv_IL,CHL,0.9393,0.9112,0.476,1.024,0.93
2016-01-09,Tel_Aviv_IL,CHL,,0.0619,0.0614,0.0626,0.015
2016-01-10,Tel_Aviv_IL,CHL,0.7722,0.5331,0.296,1.057,0.93
2016-01-12,Tel_Aviv_IL,CHL,,0.2476,0.1831,0.4141,0.8
2016-01-13,Tel_Aviv_IL,CHL,0.4275,0.351,0.2617,0.4275,0.865
2016-01-15,Tel_Aviv_IL,CHL,0.2713,0.1895,0.1242,0.3291,0.93
2016-01-16,Tel_Aviv_IL,CHL,0.108,0.1033,0.0936,0.1457,0.93
2016-01-17,Tel_Aviv_IL,CHL,0.3083,0.2695,0.1483,0.3104,0.795
2016-01-20,Tel_Aviv_IL,CHL,,0.6613,0.4956,0.8321,0.65
2016-01-21,Tel_Aviv_IL,CHL,,0.1781,0.1746,0.1781,0.13
2016-01-27,Tel_Aviv_IL,CHL,,0.0767,0.0755,0.0767,0.08
2016-01-28,Tel_Aviv_IL,CHL,,0.9938,0.6027,1.063,0.8
2016-01-31,Tel_Aviv_IL,CHL,0.4885,0.3499,0.2009,0.5159,0.93
2016-02-02,Tel_Aviv_IL,CHL,0.3026,0.3026,0.185,0.3304,0.34
2016-02-03,Tel_Aviv_IL,CHL,0.3073,0.2876,0.2137,0.4136,0.93
2016-02-04,Tel_Aviv_IL,CHL,,0.44,0.2857,0.4554,0.8
2016-02-05,Tel_Aviv_IL,CHL,0.2963,0.2963,0.2316,0.3832,0.93
2016-02-08,Tel_Aviv_IL,CHL,,0.0663,0.064,0.0678,0.01
2016-02-09,Tel_Aviv_IL,CHL,,0.5437,0.3883,0.782,0.665
2016-02-11,Tel_Aviv_IL,CHL,0.33,0.33,0.2778,0.6034,0.29
2016-02-12,Tel_Aviv_IL,CHL,0.5499,0.4221,0.2306,1.058,0.93
2016-02-13,Tel_Aviv_IL,CHL,,0.1472,0.0986,0.1505,0.36
2016-02-14,Tel_Aviv_IL,CHL,0.2169,0.2408,0.1663,0.2649,0.865
2016-02-15,Tel_Aviv_IL,CHL,0.14,0.14,0.1183,0.1456,0.865
2016-02-16,Tel_Aviv_IL,CHL,0.1399,0.1256,0.111,0.2024,0.93
2016-02-17,Tel_Aviv_IL,CHL,0.1321,0.1219,0.1124,0.2632,0.93
2016-02-18,Tel_Aviv_IL,CHL,0.1659,0.1098,0.0957,0.1808,0.88
2016-02-19,Tel_Aviv_IL,CHL,0.153,0.1325,0.108,0.1994,0.88
2016-02-24,Tel_Aviv_IL,CHL,1.726,1.242,0.6498,1.726,0.865
2016-02-26,Tel_Aviv_IL,CHL,1.188,0.9843,0.8687,1.527,0.93
2016-02-27,Tel_Aviv_IL,CHL,1.099,1.099,0.6462,1.396,0.48
2016-02-28,Tel_Aviv_IL,CHL,0.8678,0.7199,0.435,1.234,0.93
2016-02-29,Tel_Aviv_IL,CHL,1.95,0.9274,0.479,1.95,0.865
2016-03-01,Tel_Aviv_IL,CHL,1.727,0.867,0.513,1.727,0.865
2016-03-04,Tel_Aviv_IL,CHL,0.9003,0.6967,0.4617,2.062,1
2016-03-05,Tel_Aviv_IL,CHL,0.3398,0.1347,0.1126,0.7879,0.815
2016-03-06,Tel_Aviv_IL,CHL,,0.0447,0.0447,0.0447,0.005
2016-03-07,Tel_Aviv_IL,CHL,,0.1807,0.1786,0.4902,0.655
2016-03-08,Tel_Aviv_IL,CHL,0.7121,0.3457,0.253,0.8988,0.815
2016-03-09,Tel_Aviv_IL,CHL,,0.0683,0.0683,0.0683,0.01
2016-03-10,Tel_Aviv_IL,CHL,,0.1338,0.1046,0.1809,0.8
2016-03-11,Tel_Aviv_IL,CHL,0.6328,0.2421,0.1744,0.6328,0.865
2016-03-17,Tel_Aviv_IL,CHL,,0.4582,0.2826,1.221,0.475
2016-03-19,Tel_Aviv_IL,CHL,,1.067,0.9801,1.137,0.505
2016-03-22,Tel_Aviv_IL,CHL,1.577,1.485,0.7526,1.755,0.93
2016-03-28,Tel_Aviv_IL,CHL,,0.2789,0.2789,0.2789,0.015
2016-03-29,Tel_Aviv_IL,CHL,,0.5278,0.3121,0.7567,0.605
2016-03-30,Tel_Aviv_IL,CHL,0.9931,0.9543,0.5785,1.362,0.93
2016-04-01,Tel_Aviv_IL,CHL,1.574,1.188,0.8825,1.574,0.865
2016-04-02,Tel_Aviv_IL,CHL,,1.03,0.7212,1.198,0.475
2016-04-03,Tel_Aviv_IL,CHL,,0.5399,0.4416,0.6521,0.8
2016-04-04,Tel_Aviv_IL,CHL,0.3327,0.2972,0.2511,0.5035,0.93
2016-04-07,Tel_Aviv_IL,CHL,0.1925,0.1448,0.1311,0.2651,0.93
2016-04-13,Tel_Aviv_IL,CHL,,0.0422,0.0406,0.0463,0.445
2016-04-17,Tel_Aviv_IL,CHL,,0.0829,0.0622,0.1147,0.8
2016-04-18,Tel_Aviv_IL,CHL,,0.0637,0.0534,0.0722,0.735
2016-04-19,Tel_Aviv_IL,CHL,0.1216,0.0994,0.0755,0.1216,0.865
2016-04-20,Tel_Aviv_IL,CHL,0.1148,0.0997,0.0704,0.1381,0.93
2016-04-25,Tel_Aviv_IL,CHL,,0.0653,0.0564,0.0714,0.445
2016-04-29,Tel_Aviv_IL,CHL,0.0873,0.0775,0.0512,0.0873,0.865
2016-04-30,Tel_Aviv_IL,CHL,,0.0617,0.0671,0.2447,0.735
2016-05-01,Tel_Aviv_IL,CHL,,0.0794,0.0529,0.0805,0.49
2016-05-04,Tel_Aviv_IL,CHL,0.1757,0.1757,0.1498,0.3433,0.525
2016-05-05,Tel_Aviv_IL,CHL,0.17,0.1441,0.0862,0.1711,0.93
2016-05-06,Tel_Aviv_IL,CHL,0.1201,0.1547,0.1281,0.1901,0.26
2016-05-07,Tel_Aviv_IL,CHL,0.1142,0.1021,0.097,0.403,0.93
2016-05-08,Tel_Aviv_IL,CHL,0.2276,0.2101,0.1184,0.4003,1
2016-05-10,Tel_Aviv_IL,CHL,,0.1025,0.0852,0.1077,0.54
2016-05-11,Tel_Aviv_IL,CHL,0.1428,0.1217,0.0895,0.1686,0.93
2016-05-12,Tel_Aviv_IL,CHL,0.1244,0.101,0.1013,0.264,0.935
2016-05-19,Tel_Aviv_IL,CHL,,0.0897,0.0853,0.0935,0.295
2016-05-20,Tel_Aviv_IL,CHL,0.1193,0.1093,0.1464,0.7267,0.865
2016-05-22,Tel_Aviv_IL,CHL,,0.0612,0.0573,0.0623,0.605
2016-05-24,Tel_Aviv_IL,CHL,,0.0635,0.0635,0.0635,0.005
2016-05-25,Tel_Aviv_IL,CHL,,0.3596,0.1791,0.3625,0.615
2016-05-28,Tel_Aviv_IL,CHL,,0.6757,0.4556,0.7277,0.41
2016-05-29,Tel_Aviv_IL,CHL,,0.276,0.2126,0.5127,0.735
2016-05-30,Tel_Aviv_IL,CHL,1.35,1.196,0.5302,1.35,0.865
2016-05-31,Tel_Aviv_IL,CHL,1.236,1.183,0.7717,1.38,1
2016-06-01,Tel_Aviv_IL,CHL,0.7657,0.91,0.5345,1.201,0.88
2016-06-04,Tel_Aviv_IL,CHL,,0.1915,0.1844,0.2016,0.67
2016-06-06,Tel_Aviv_IL,CHL,,0.1512,0.1327,0.1755,0.8
2016-06-07,Tel_Aviv_IL,CHL,0.1099,0.0646,0.0656,0.1099,0.865
2016-06-10,Tel_Aviv_IL,CHL,0.1015,0.0893,0.086,0.1015,0.64
2016-06-11,Tel_Aviv_IL,CHL,,0.0744,0.0695,0.076,0.735
2016-06-12,Tel_Aviv_IL,CHL,0.0694,0.0738,0.0751,0.1592,0.93
2016-06-13,Tel_Aviv_IL,CHL,,0.1009,0.0914,0.1021,0.605
2016-06-16,Tel_Aviv_IL,CHL,0.0665,0.0686,0.0656,0.1458,0.73
2016-06-17,Tel_Aviv_IL,CHL,0.0754,0.0682,0.0584,0.091,0.93
2016-06-20,Tel_Aviv_IL,CHL,0.0614,0.0522,0.0574,0.1666,0.935
2016-06-21,Tel_Aviv_IL,CHL,,0.0606,0.0533,0.0647,0.445
2016-06-22,Tel_Aviv_IL,CHL,,0.0721,0.0642,0.0766,0.8
2016-06-23,Tel_Aviv_IL,CHL,0.0919,0.0803,0.0638,0.1515,0.93
2016-06-24,Tel_Aviv_IL,CHL,0.0946,0.8038,0.3014,0.8038,0.23
2016-06-25,Tel_Aviv_IL,CHL,,0.0776,0.0632,0.1143,0.67
2016-06-27,Tel_Aviv_IL,CHL,0.1589,0.3055,0.2349,1.141,0.62
2016-06-28,Tel_Aviv_IL,CHL,,0.0474,0.0433,0.0474,0.275
2016-06-29,Tel_Aviv_IL,CHL,0.1617,0.1564,0.1057,0.1617,0.455
2016-07-01,Tel_Aviv_IL,CHL,0.2467,0.205,0.199,1.171,1
2016-07-02,Tel_Aviv_IL,CHL,,0.068,0.0725,0.1425,0.735
2016-07-06,Tel_Aviv_IL,CHL,0.4581,0.4759,0.2527,0.5975,0.865
2016-07-07,Tel_Aviv_IL,CHL,,0.0421,0.0365,0.0677,0.47
2016-07-08,Tel_Aviv_IL,CHL,0.4465,0.1143,0.1177,0.4465,0.88
2016-07-09,Tel_Aviv_IL,CHL,0.245,0.2472,0.1123,0.4291,0.93
2016-07-10,Tel_Aviv_IL,CHL,,0.0856,0.0674,0.1004,0.715
2016-07-11,Tel_Aviv_IL,CHL,0.214,0.1077,0.0808,0.214,0.815
2016-07-12,Tel_Aviv_IL,CHL,,0.0588,0.0479,0.0785,0.685
2016-07-13,Tel_Aviv_IL,CHL,0.0451,0.0437,0.0405,0.1074,0.985
2016-07-14,Tel_Aviv_IL,CHL,0.0703,0.067,0.0577,0.0999,0.93
2016-07-15,Tel_Aviv_IL,CHL,0.0639,0.0525,0.0477,0.0639,0.865
2016-07-16,Tel_Aviv_IL,CHL,,0.0615,0.0577,0.0999,0.8
2016-07-17,Tel_Aviv_IL,CHL,,0.0595,0.056,0.0657,0.445
2016-07-18,Tel_Aviv_IL,CHL,,0.0358,0.0353,0.0608,0.735
2016-07-19,Tel_Aviv_IL,CHL,0.0693,0.0642,0.0488,0.0693,0.865
2016-07-20,Tel_Aviv_IL,CHL,0.0621,0.0621,0.1115,0.5467,0.72
2016-07-21,Tel_Aviv_IL,CHL,,0.3648,0.2901,0.3648,0.135
2016-07-22,Tel_Aviv_IL,CHL,,0.1905,0.1806,0.1905,0.18
2016-07-23,Tel_Aviv_IL,CHL,,0.2397,0.1552,0.2397,0.145
2016-07-26,Tel_Aviv_IL,CHL,0.0846,0.0727,0.0683,0.1519,0.93
2016-07-27,Tel_Aviv_IL,CHL,0.0845,0.0744,0.0703,0.0892,0.88
2016-07-28,Tel_Aviv_IL,CHL,0.0571,0.0564,0.0491,0.0877,0.93
2016-07-29,Tel_Aviv_IL,CHL,,0.0652,0.0627,0.0667,0.325
2016-07-30,Tel_Aviv_IL,CHL,,0.0823,0.0795,0.0823,0.26
2016-07-31,Tel_Aviv_IL,CHL,,0.0635,0.0605,0.0689,0.735
2016-08-01,Tel_Aviv_IL,CHL,0.1088,0.0773,0.0751,0.1454,0.88
2016-08-02,Tel_Aviv_IL,CHL,,0.0697,0.0683,0.0704,0.295
2016-08-03,Tel_Aviv_IL,CHL,,0.0616,0.06,0.0648,0.375
2016-08-05,Tel_Aviv_IL,CHL,,0.0589,0.0577,0.0595,0.145
2016-08-09,Tel_Aviv_IL,CHL,0.3523,0.3202,0.2211,0.3523,0.865
2016-08-10,Tel_Aviv_IL,CHL,0.2129,0.128,0.1153,0.2633,0.78
2016-08-11,Tel_Aviv_IL,CHL,0.245,0.1932,0.1212,0.245,0.865
2016-08-12,Tel_Aviv_IL,CHL,0.3933,0.3933,0.3579,0.4247,0.29
2016-08-13,Tel_Aviv_IL,CHL,0.2002,0.2171,0.225,0.5883,0.935
2016-08-14,Tel_Aviv_IL,CHL,,0.1531,0.1341,0.1636,0.46
2016-08-15,Tel_Aviv_IL,CHL,0.1576,0.1518,0.1189,0.2535,0.93
2016-08-16,Tel_Aviv_IL,CHL,0.2946,0.2402,0.206,0.7628,1
2016-08-18,Tel_Aviv_IL,CHL,,0.3393,0.2581,0.3516,0.365
2016-08-19,Tel_Aviv_IL,CHL,,0.403,0.2742,0.4931,0.435
2016-08-20,Tel_Aviv_IL,CHL,0.488,0.4949,0.3528,1.615,1
2016-08-21,Tel_Aviv_IL,CHL,0.6789,0.6789,0.5195,0.7631,0.34
2016-08-23,Tel_Aviv_IL,CHL,,0.2389,0.2257,0.2389,0.075
2016-08-24,Tel_Aviv_IL,CHL,0.1522,0.1696,0.1598,0.258,0.88
2016-08-26,Tel_Aviv_IL,CHL,,0.0959,0.087,0.1011,0.6
2016-08-27,Tel_Aviv_IL,CHL,0.093,0.0938,0.0793,0.1049,0.865
2016-08-28,Tel_Aviv_IL,CHL,,0.0781,0.0756,0.0853,0.445
2016-08-31,Tel_Aviv_IL,CHL,0.0872,0.0885,0.0708,0.0922,0.865
2016-09-01,Tel_Aviv_IL,CHL,0.0655,0.0655,0.0534,0.0705,0.865
2016-09-02,Tel_Aviv_IL,CHL,0.1872,0.13,0.0924,0.1955,0.93
2016-09-04,Tel_Aviv_IL,CHL,0.2439,0.137,0.1025,0.2439,0.865
2016-09-05,Tel_Aviv_IL,CHL,0.2607,0.3406,0.2516,0.5335,1
2016-09-06,Tel_Aviv_IL,CHL,0.2781,0.2579,0.1549,0.2805,0.865
2016-09-08,Tel_Aviv_IL,CHL,0.3566,0.3703,0.2694,1.083,1
2016-09-09,Tel_Aviv_IL,CHL,0.1468,0.1874,0.155,0.3525,1
2016-09-10,Tel_Aviv_IL,CHL,0.1824,0.1322,0.1035,0.1824,0.865
2016-09-11,Tel_Aviv_IL,CHL,,0.1402,0.1058,0.159,0.6
2016-09-12,Tel_Aviv_IL,CHL,0.0849,0.0959,0.0696,0.1478,0.93
2016-09-13,Tel_Aviv_IL,CHL,0.0613,0.0535,0.051,0.0613,0.865
2016-09-14,Tel_Aviv_IL,CHL,0.0595,0.0533,0.0489,0.09,0.93
2016-09-15,Tel_Aviv_IL,CHL,,0.0695,0.0594,0.0777,0.655
2016-09-16,Tel_Aviv_IL,CHL,0.0819,0.0643,0.0607,0.114,0.88
2016-09-17,Tel_Aviv_IL,CHL,0.0703,0.0688,0.0541,0.0925,0.93
2016-09-18,Tel_Aviv_IL,CHL,0.069,0.0605,0.0608,0.2491,1
2016-09-19,Tel_Aviv_IL,CHL,0.0908,0.0481,0.0461,0.0996,0.88
2016-09-20,Tel_Aviv_IL,CHL,0.1016,0.0872,0.0679,0.1016,0.93
2016-09-21,Tel_Aviv_IL,CHL,0.1128,0.1267,0.0929,0.1429,0.88
2016-09-22,Tel_Aviv_IL,CHL,0.083,0.0916,0.074,0.1344,0.93
2016-09-24,Tel_Aviv_IL,CHL,0.1146,0.1441,0.1217,0.2037,1
2016-09-26,Tel_Aviv_IL,CHL,0.1894,0.0744,0.0889,0.2375,0.88
2016-09-27,Tel_Aviv_IL,CHL,0.1708,0.1414,0.075,0.1841,0.93
2016-09-29,Tel_Aviv_IL,CHL,0.186,0.172,0.0939,0.1961,0.8
2016-09-30,Tel_Aviv_IL,CHL,0.247,0.2775,0.151,0.4211,0.93
2016-10-01,Tel_Aviv_IL,CHL,0.2336,0.2492,0.1323,0.3051,0.885
2016-10-02,Tel_Aviv_IL,CHL,0.2319,0.3327,0.2238,0.5488,0.93
2016-10-03,Tel_Aviv_IL,CHL,0.3145,0.291,0.1729,0.3145,0.93
2016-10-04,Tel_Aviv_IL,CHL,0.1935,0.1398,0.1044,0.1947,0.915
2016-10-05,Tel_Aviv_IL,CHL,0.1256,0.1211,0.0989,0.1821,1
2016-10-06,Tel_Aviv_IL,CHL,,0.094,0.0704,0.1236,0.71
2016-10-07,Tel_Aviv_IL,CHL,0.1279,0.1066,0.0739,0.1279,0.865
2016-10-08,Tel_Aviv_IL,CHL,0.1783,0.1783,0.1196,0.1983,0.61
2016-10-10,Tel_Aviv_IL,CHL,,0.4196,0.2448,0.5506,0.74
2016-10-11,Tel_Aviv_IL,CHL,0.4051,0.2961,0.2078,0.4072,0.865
2016-10-13,Tel_Aviv_IL,CHL,0.1989,0.3144,0.2298,0.3271,0.93
2016-10-14,Tel_Aviv_IL,CHL,0.2222,0.2222,0.1579,0.2326,0.915
2016-10-16,Tel_Aviv_IL,CHL,,0.0796,0.0558,0.0796,0.275
2016-10-17,Tel_Aviv_IL,CHL,0.1413,0.1048,0.094,0.1413,0.93
2016-10-18,Tel_Aviv_IL,CHL,0.1254,0.1254,0.1316,0.1585,0.08
2016-10-19,Tel_Aviv_IL,CHL,0.163,0.14,0.0871,0.163,0.93
2016-10-20,Tel_Aviv_IL,CHL,0.1175,0.1252,0.0981,0.1799,1
2016-10-23,Tel_Aviv_IL,CHL,0.2077,0.1967,0.1385,0.2077,0.93
2016-10-24,Tel_Aviv_IL,CHL,0.1135,0.1535,0.1248,0.2258,0.795
2016-10-25,Tel_Aviv_IL,CHL,0.1536,0.141,0.111,0.1568,0.88
2016-10-26,Tel_Aviv_IL,CHL,,0.16,0.1104,0.1902,0.67
2016-10-28,Tel_Aviv_IL,CHL,0.182,0.1535,0.1345,0.4885,1
2016-10-29,Tel_Aviv_IL,CHL,0.1563,0.11,0.0841,0.1583,0.93
2016-10-30,Tel_Aviv_IL,CHL,0.1518,0.0982,0.0854,0.2118,1
2016-10-31,Tel_Aviv_IL,CHL,,0.0541,0.0523,0.0562,0.135
2016-11-01,Tel_Aviv_IL,CHL,,0.1467,0.1242,0.1467,0.26
2016-11-03,Tel_Aviv_IL,CHL,,0.4366,0.2173,0.4921,0.67
2016-11-04,Tel_Aviv_IL,CHL,,0.1875,0.1695,0.1875,0.105
2016-11-05,Tel_Aviv_IL,CHL,0.4528,0.2096,0.1399,0.4611,0.88
2016-11-06,Tel_Aviv_IL,CHL,0.3135,0.3309,0.2279,0.4083,0.49
2016-11-09,Tel_Aviv_IL,CHL,0.2065,0.2422,0.1368,0.316,0.93
2016-11-15,Tel_Aviv_IL,CHL,,0.0585,0.0573,0.0602,0.015
2016-11-17,Tel_Aviv_IL,CHL,0.8045,0.8045,0.4244,0.9374,1
2016-11-20,Tel_Aviv_IL,CHL,,0.3216,0.3019,0.3216,0.295
2016-11-25,Tel_Aviv_IL,CHL,0.3922,0.4252,0.3436,0.4271,0.455
2016-11-26,Tel_Aviv_IL,CHL,,0.1635,0.1635,0.1635,0.005
2016-11-28,Tel_Aviv_IL,CHL,0.2134,0.2319,0.2072,0.6081,1
2016-12-06,Tel_Aviv_IL,CHL,0.6953,0.5803,0.3671,1.162,1
2016-12-08,Tel_Aviv_IL,CHL,,0.1614,0.1614,0.1614,0.065
2016-12-09,Tel_Aviv_IL,CHL,,0.2385,0.1593,0.3464,0.71
2016-12-10,Tel_Aviv_IL,CHL,0.2016,0.1534,0.1221,0.4333,1
2016-12-12,Tel_Aviv_IL,CHL,0.1135,0.1474,0.1306,0.1834,0.93
2016-12-17,Tel_Aviv_IL,CHL,0.7219,0.7219,0.5036,0.8453,0.93
2016-12-20,Tel_Aviv_IL,CHL,0.6822,0.2714,0.178,0.6822,0.865
2016-12-21,Tel_Aviv_IL,CHL,0.5279,0.5133,0.3443,0.8361,0.79
2016-12-29,Tel_Aviv_IL,CHL,0.4498,0.4749,0.3902,1.108,0.855
2016-12-30,Tel_Aviv_IL,CHL,0.732,0.709,0.4477,0.732,0.865
2016-01-06,Hadera_IL,CHL,0.6031,0.5701,0.4072,0.7594,0.9403
2016-01-09,Hadera_IL,CHL,,0.117,0.088,0.117,0.204
2016-01-10,Hadera_IL,CHL,0.8132,0.7188,0.396,0.8132,0.8756
2016-01-12,Hadera_IL,CHL,0.2495,0.2495,0.1321,0.3273,0.8756
2016-01-13,Hadera_IL,CHL,0.4134,0.2677,0.2136,0.5897,0.8756
2016-01-15,Hadera_IL,CHL,0.3899,0.3899,0.2628,0.4905,0.9403
2016-01-16,Hadera_IL,CHL,0.3477,0.316,0.2787,0.3733,0.9403
2016-01-17,Hadera_IL,CHL,0.1936,0.1855,0.1419,0.2135,0.8756
2016-01-27,Hadera_IL,CHL,,0.0772,0.0754,0.0782,0.3682
2016-01-28,Hadera_IL,CHL,,0.6792,0.2949,0.9795,0.7562
2016-01-29,Hadera_IL,CHL,0.1395,0.1395,0.0984,0.1395,0.1841
2016-01-31,Hadera_IL,CHL,0.2665,0.2075,0.1459,0.3134,0.9403
2016-02-03,Hadera_IL,CHL,0.281,0.2377,0.1693,0.291,0.9403
2016-02-04,Hadera_IL,CHL,0.2411,0.2694,0.1913,0.427,0.7164
2016-02-05,Hadera_IL,CHL,0.3326,0.3326,0.2125,0.3607,0.8756
2016-02-09,Hadera_IL,CHL,,1.528,0.5668,1.57,0.4975
2016-02-10,Hadera_IL,CHL,0.4522,0.2735,0.1888,0.5208,0.8756
2016-02-12,Hadera_IL,CHL,0.4796,0.4383,0.2613,0.4796,0.9403
2016-02-13,Hadera_IL,CHL,,0.259,0.1694,0.2827,0.6368
2016-02-14,Hadera_IL,CHL,0.2573,0.2573,0.1757,0.4807,0.8756
2016-02-15,Hadera_IL,CHL,0.222,0.1819,0.14,0.222,0.8756
2016-02-16,Hadera_IL,CHL,0.1575,0.1515,0.1268,0.1602,0.9403
2016-02-17,Hadera_IL,CHL,0.1367,0.1633,0.137,0.1863,0.9403
2016-02-18,Hadera_IL,CHL,0.1753,0.1669,0.1301,0.1868,0.8756
2016-02-19,Hadera_IL,CHL,0.1852,0.1852,0.1197,0.2007,0.9403
2016-02-24,Hadera_IL,CHL,1.118,1.118,0.5765,1.206,0.8756
2016-02-25,Hadera_IL,CHL,,0.073,0.0711,0.0812,0.1194
2016-02-26,Hadera_IL,CHL,0.9879,0.9858,0.5393,1.052,0.8756
2016-02-27,Hadera_IL,CHL,0.3646,0.482,0.2959,0.7963,0.9403
2016-02-28,Hadera_IL,CHL,0.6495,0.4639,0.3681,1.031,0.9403
2016-02-29,Hadera_IL,CHL,1.408,0.7868,0.5616,1.646,0.8159
2016-03-01,Hadera_IL,CHL,0.7066,0.7799,0.5072,1.063,0.8756
2016-03-05,Hadera_IL,CHL,0.3137,0.2439,0.1379,0.4386,0.8756
2016-03-06,Hadera_IL,CHL,,0.0584,0.0714,0.275,0.4179
2016-03-07,Hadera_IL,CHL,0.6645,0.4016,0.2137,0.6645,0.8159
2016-03-08,Hadera_IL,CHL,0.4396,0.4187,0.1938,0.4396,0.5124
2016-03-10,Hadera_IL,CHL,0.2086,0.1841,0.1042,0.2239,0.8159
2016-03-11,Hadera_IL,CHL,0.1618,0.1355,0.1082,0.2078,0.8756
2016-03-17,Hadera_IL,CHL,,0.6718,0.2544,0.9198,0.6667
2016-03-18,Hadera_IL,CHL,0.5578,0.5578,0.5202,0.5578,0.1841
2016-03-21,Hadera_IL,CHL,0.5871,0.5765,0.4046,0.7326,0.8756
2016-03-22,Hadera_IL,CHL,1.457,1.396,0.6711,2.248,0.8756
2016-03-24,Hadera_IL,CHL,0.7091,0.6502,0.2501,0.7615,0.8358
2016-03-29,Hadera_IL,CHL,,0.0954,0.0904,0.149,0.6318
2016-03-30,Hadera_IL,CHL,0.4828,0.4282,0.2915,0.7491,0.9403
2016-04-01,Hadera_IL,CHL,0.4187,0.4379,0.3376,0.6069,0.8159
2016-04-02,Hadera_IL,CHL,0.4464,0.3567,0.3009,0.5967,0.8756
2016-04-03,Hadera_IL,CHL,,0.1894,0.1718,0.2025,0.5124
2016-04-04,Hadera_IL,CHL,0.1401,0.1372,0.1216,0.1949,0.9403
2016-04-07,Hadera_IL,CHL,0.0912,0.0879,0.0649,0.0924,0.9403
2016-04-14,Hadera_IL,CHL,0.0448,0.0544,0.0519,0.0697,0.9403
2016-04-17,Hadera_IL,CHL,0.0367,0.0367,0.0332,0.0383,0.8159
2016-04-18,Hadera_IL,CHL,,0.0306,0.0278,0.0306,0.0846
2016-04-19,Hadera_IL,CHL,0.0941,0.0693,0.0572,0.0954,0.8756
2016-04-20,Hadera_IL,CHL,0.0787,0.072,0.0581,0.0787,0.9403
2016-04-27,Hadera_IL,CHL,,0.0448,0.0404,0.0461,0.6667
2016-04-28,Hadera_IL,CHL,,0.0432,0.0403,0.0437,0.2836
2016-04-29,Hadera_IL,CHL,,0.0377,0.034,0.0413,0.7562
2016-05-01,Hadera_IL,CHL,,0.0643,0.0579,0.0693,0.5124
2016-05-04,Hadera_IL,CHL,,0.0495,0.0456,0.0495,0.1841
2016-05-05,Hadera_IL,CHL,0.0839,0.0639,0.0628,0.5857,0.9104
2016-05-07,Hadera_IL,CHL,0.1256,0.0785,0.0685,0.2119,0.8756
2016-05-08,Hadera_IL,CHL,0.2179,0.1873,0.1075,0.513,1
2016-05-10,Hadera_IL,CHL,,0.0476,0.0439,0.0548,0.3881
2016-05-11,Hadera_IL,CHL,0.0955,0.0968,0.0763,0.1221,0.9403
2016-05-12,Hadera_IL,CHL,0.0883,0.1046,0.0846,0.3212,0.9104
2016-05-19,Hadera_IL,CHL,0.0782,0.0591,0.0446,0.0782,0.8159
2016-05-20,Hadera_IL,CHL,0.052,0.0495,0.0372,0.052,0.6318
2016-05-21,Hadera_IL,CHL,,0.0818,0.0591,0.0904,0.6965
2016-05-22,Hadera_IL,CHL,,0.0246,0.0227,0.0246,0.1443
2016-05-24,Hadera_IL,CHL,,0.08,0.072,0.0809,0.2687
2016-05-25,Hadera_IL,CHL,,0.1618,0.1017,0.1967,0.6318
2016-05-28,Hadera_IL,CHL,,0.1463,0.1268,0.1497,0.4776
2016-05-29,Hadera_IL,CHL,0.3102,0.2332,0.1765,0.3102,0.8159
2016-05-30,Hadera_IL,CHL,0.4255,0.5299,0.4197,0.8144,0.8756
2016-05-31,Hadera_IL,CHL,0.2069,0.597,0.3683,1.031,1
2016-06-01,Hadera_IL,CHL,0.165,0.2618,0.2093,0.4618,0.9403
2016-06-06,Hadera_IL,CHL,0.0527,0.0375,0.0376,0.0527,0.8159
2016-06-07,Hadera_IL,CHL,,0.0194,0.0173,0.0204,0.6318
2016-06-10,Hadera_IL,CHL,0.0493,0.0512,0.0466,0.0512,0.1791
2016-06-11,Hadera_IL,CHL,0.0285,0.0259,0.0224,0.0353,0.8756
2016-06-12,Hadera_IL,CHL,0.0564,0.0567,0.0473,0.2466,0.9652
2016-06-13,Hadera_IL,CHL,0.0946,0.0689,0.0533,0.0946,0.8159
2016-06-14,Hadera_IL,CHL,0.0813,0.0649,0.0569,0.0817,0.8159
2016-06-17,Hadera_IL,CHL,,0.0544,0.0497,0.0549,0.6965
2016-06-20,Hadera_IL,CHL,0.0354,0.0494,0.0441,0.0566,0.8756
2016-06-22,Hadera_IL,CHL,0.0547,0.0531,0.0452,0.0547,0.3582
2016-06-23,Hadera_IL,CHL,0.0506,0.0465,0.0368,0.0547,0.8756
2016-06-24,Hadera_IL,CHL,0.0758,0.0697,0.0531,0.0824,0.7662
2016-06-27,Hadera_IL,CHL,,0.0658,0.0531,0.1175,0.5124
2016-06-28,Hadera_IL,CHL,0.0951,0.0783,0.065,0.1211,0.7861
2016-06-29,Hadera_IL,CHL,0.1206,0.1112,0.0788,0.1206,0.8159
2016-06-30,Hadera_IL,CHL,,0.0395,0.0379,0.0401,0.1194
2016-07-01,Hadera_IL,CHL,0.3557,0.3223,0.1433,0.3868,0.8756
2016-07-02,Hadera_IL,CHL,,0.0639,0.0619,0.0639,0.1244
2016-07-05,Hadera_IL,CHL,,0.0498,0.0513,0.0924,0.3433
2016-07-06,Hadera_IL,CHL,0.2567,0.2285,0.1781,0.2885,0.8756
2016-07-08,Hadera_IL,CHL,,0.333,0.1667,0.3805,0.5721
2016-07-09,Hadera_IL,CHL,0.0635,0.0842,0.1104,0.5756,1
2016-07-10,Hadera_IL,CHL,0.161,0.1714,0.0863,0.1739,0.5721
2016-07-12,Hadera_IL,CHL,0.1699,0.0754,0.067,0.1993,0.7512
2016-07-13,Hadera_IL,CHL,0.0531,0.0531,0.0512,0.2926,0.9652
2016-07-14,Hadera_IL,CHL,,0.0708,0.0708,0.0708,0.0299
2016-07-15,Hadera_IL,CHL,0.0991,0.0983,0.0598,0.1013,0.8159
2016-07-17,Hadera_IL,CHL,,0.0326,0.0284,0.0326,0.1443
2016-07-18,Hadera_IL,CHL,,0.0288,0.0288,0.0288,0.0697
2016-07-19,Hadera_IL,CHL,,0.0581,0.049,0.0611,0.7562
2016-07-20,Hadera_IL,CHL,,0.0363,0.0342,0.0391,0.1294
2016-07-22,Hadera_IL,CHL,0.0927,0.0705,0.0538,0.0927,0.7264
2016-07-26,Hadera_IL,CHL,0.1263,0.0903,0.08,0.1954,0.8756
2016-07-27,Hadera_IL,CHL,0.1119,0.0995,0.0672,0.128,0.8756
2016-07-28,Hadera_IL,CHL,0.0822,0.0508,0.0496,0.2268,0.6766
2016-07-29,Hadera_IL,CHL,0.0555,0.0569,0.0557,0.0569,0.1841
2016-07-31,Hadera_IL,CHL,0.0713,0.0586,0.0469,0.0713,0.8159
2016-08-01,Hadera_IL,CHL,,0.0765,0.0535,0.0765,0.209
2016-08-02,Hadera_IL,CHL,,0.0524,0.0481,0.0524,0.204
2016-08-04,Hadera_IL,CHL,,0.0685,0.0678,0.0685,0.1244
2016-08-10,Hadera_IL,CHL,0.1632,0.1502,0.0968,0.1774,0.9403
2016-08-11,Hadera_IL,CHL,0.2337,0.227,0.1167,0.2337,0.8756
2016-08-12,Hadera_IL,CHL,,0.0437,0.0377,0.0494,0.5721
2016-08-13,Hadera_IL,CHL,0.0727,0.0469,0.0375,0.0727,0.8159
2016-08-15,Hadera_IL,CHL,0.0427,0.0485,0.0476,0.1114,0.9403
2016-08-16,Hadera_IL,CHL,0.0383,0.0527,0.0713,0.4706,1
2016-08-17,Hadera_IL,CHL,,0.0596,0.0569,0.0596,0.0896
2016-08-20,Hadera_IL,CHL,0.1119,0.1119,0.1013,0.1489,0.9403
2016-08-21,Hadera_IL,CHL,0.1223,0.1218,0.1139,0.3697,0.9652
2016-08-24,Hadera_IL,CHL,,0.0706,0.0652,0.0715,0.5124
2016-08-27,Hadera_IL,CHL,0.0628,0.0761,0.0702,0.0787,0.8756
2016-08-28,Hadera_IL,CHL,,0.0567,0.0549,0.0573,0.3682
2016-08-31,Hadera_IL,CHL,,0.0548,0.0542,0.057,0.0846
2016-09-01,Hadera_IL,CHL,0.0579,0.0555,0.0501,0.0608,0.8955
2016-09-02,Hadera_IL,CHL,0.0499,0.0554,0.0539,0.0648,0.8756
2016-09-04,Hadera_IL,CHL,,0.0452,0.0412,0.0494,0.7562
2016-09-05,Hadera_IL,CHL,0.0923,0.0762,0.0927,0.525,0.9104
2016-09-06,Hadera_IL,CHL,0.1233,0.1395,0.1063,0.1395,0.2537
2016-09-08,Hadera_IL,CHL,0.0792,0.0656,0.0687,0.2061,0.9005
2016-09-09,Hadera_IL,CHL,0.0872,0.0657,0.0619,0.2283,0.9104
2016-09-10,Hadera_IL,CHL,0.0465,0.045,0.0387,0.0465,0.8756
2016-09-11,Hadera_IL,CHL,,0.0432,0.0419,0.0449,0.4478
2016-09-12,Hadera_IL,CHL,0.0577,0.05,0.0455,0.0709,0.9403
2016-09-13,Hadera_IL,CHL,0.0376,0.0376,0.0388,0.2417,0.7811
2016-09-15,Hadera_IL,CHL,0.0438,0.0481,0.0446,0.0485,0.4279
2016-09-16,Hadera_IL,CHL,0.0487,0.0411,0.0373,0.0642,0.9154
2016-09-18,Hadera_IL,CHL,0.1219,0.1026,0.0593,0.1219,0.9403
2016-09-19,Hadera_IL,CHL,0.0576,0.0614,0.0501,0.0756,0.8756
2016-09-20,Hadera_IL,CHL,0.099,0.0472,0.0432,0.1098,0.8756
2016-09-21,Hadera_IL,CHL,,0.0342,0.0342,0.0342,0.0149
2016-09-22,Hadera_IL,CHL,0.0487,0.0601,0.0531,0.0926,0.9403
2016-09-23,Hadera_IL,CHL,,0.0562,0.0461,0.0574,0.3532
2016-09-24,Hadera_IL,CHL,0.1166,0.1011,0.0726,0.2143,0.9652
2016-09-26,Hadera_IL,CHL,0.0463,0.0322,0.0315,0.0678,0.8507
2016-09-27,Hadera_IL,CHL,,0.075,0.0795,0.4934,0.4428
2016-09-28,Hadera_IL,CHL,0.0403,0.0528,0.0523,0.0764,0.3383
2016-09-29,Hadera_IL,CHL,0.0878,0.067,0.0541,0.0878,0.8159
2016-09-30,Hadera_IL,CHL,0.129,0.0725,0.0556,0.129,0.9403
2016-10-01,Hadera_IL,CHL,,0.053,0.0395,0.0831,0.7562
2016-10-02,Hadera_IL,CHL,0.14,0.1226,0.0659,0.14,0.9403
2016-10-03,Hadera_IL,CHL,0.0905,0.09,0.0624,0.117,0.9403
2016-10-04,Hadera_IL,CHL,0.0367,0.0367,0.0332,0.0515,0.8756
2016-10-05,Hadera_IL,CHL,0.0462,0.0442,0.0424,0.0706,0.9403
2016-10-06,Hadera_IL,CHL,0.0318,0.0309,0.0296,0.0489,0.8756
2016-10-07,Hadera_IL,CHL,0.0698,0.0486,0.0536,0.1677,0.9403
2016-10-08,Hadera_IL,CHL,0.0986,0.0993,0.068,0.2778,0.9751
2016-10-10,Hadera_IL,CHL,0.0838,0.0824,0.0584,0.1049,0.8756
2016-10-11,Hadera_IL,CHL,0.1036,0.1036,0.0721,0.1073,0.8756
2016-10-13,Hadera_IL,CHL,0.1796,0.1838,0.1136,0.1986,0.9403
2016-10-14,Hadera_IL,CHL,0.0899,0.0938,0.0727,0.1106,0.8756
2016-10-16,Hadera_IL,CHL,0.038,0.0322,0.0249,0.038,0.8159
2016-10-17,Hadera_IL,CHL,0.0348,0.0348,0.0313,0.0577,0.9403
2016-10-18,Hadera_IL,CHL,0.0541,0.0849,0.0641,0.0849,0.2438
2016-10-19,Hadera_IL,CHL,0.0234,0.0316,0.0316,0.1651,0.9652
2016-10-20,Hadera_IL,CHL,0.0644,0.0644,0.0612,0.2961,1
2016-10-21,Hadera_IL,CHL,,0.0323,0.0312,0.0333,0.1443
2016-10-22,Hadera_IL,CHL,0.0712,0.0569,0.0338,0.0755,0.7114
2016-10-23,Hadera_IL,CHL,,0.0383,0.0345,0.0444,0.3682
2016-10-24,Hadera_IL,CHL,0.0919,0.0919,0.0847,0.5428,0.9353
2016-10-25,Hadera_IL,CHL,0.1374,0.0985,0.0751,0.1374,0.8756
2016-10-26,Hadera_IL,CHL,,0.0672,0.0551,0.093,0.6667
2016-10-28,Hadera_IL,CHL,0.079,0.0538,0.0481,0.079,0.9403
2016-10-29,Hadera_IL,CHL,0.0584,0.048,0.0446,0.0889,0.9403
2016-10-30,Hadera_IL,CHL,0.0437,0.0536,0.0464,0.0939,0.9403
2016-10-31,Hadera_IL,CHL,,0.0536,0.0498,0.0536,0.2687
2016-11-01,Hadera_IL,CHL,,0.0408,0.0408,0.0408,0.0249
2016-11-02,Hadera_IL,CHL,0.32,0.2452,0.1098,0.32,0.8159
2016-11-04,Hadera_IL,CHL,0.1281,0.1074,0.0707,0.131,0.8159
2016-11-05,Hadera_IL,CHL,,0.0531,0.0531,0.0531,0.0199
2016-11-06,Hadera_IL,CHL,0.1418,0.16,0.0988,0.1627,0.8756
2016-11-08,Hadera_IL,CHL,,0.0554,0.0519,0.0554,0.2687
2016-11-09,Hadera_IL,CHL,0.1506,0.1769,0.1227,0.2188,0.9403
2016-11-15,Hadera_IL,CHL,,0.0527,0.0485,0.0527,0.1791
2016-11-17,Hadera_IL,CHL,0.3689,0.3689,0.2953,0.4255,0.4279
2016-11-26,Hadera_IL,CHL,0.1782,0.1586,0.1206,0.1851,0.9403
2016-11-28,Hadera_IL,CHL,0.1606,0.1477,0.1232,0.1606,0.8756
2016-12-06,Hadera_IL,CHL,0.7917,0.7209,0.3438,0.86,1
2016-12-09,Hadera_IL,CHL,0.6421,0.5865,0.4149,0.6595,0.8756
2016-12-10,Hadera_IL,CHL,0.3,0.2918,0.2471,0.594,0.9652
2016-12-12,Hadera_IL,CHL,0.0727,0.0899,0.0817,0.1038,0.9403
2016-12-20,Hadera_IL,CHL,0.6685,0.6765,0.501,0.6907,0.8159
2016-01-04,Rosetta_mouth,CHL,6.731,7.066,4.684,7.877,1
2016-01-05,Rosetta_mouth,CHL,7.235,7.309,4.243,7.491,0.9392
2016-01-06,Rosetta_mouth,CHL,5.889,5.757,3.13,6.339,0.8729
2016-01-09,Rosetta_mouth,CHL,,3.768,3.72,3.768,0.1823
2016-01-10,Rosetta_mouth,CHL,5.683,4.518,2.873,6.254,1
2016-01-12,Rosetta_mouth,CHL,2.747,2.744,2.177,2.76,0.8729
2016-01-13,Rosetta_mouth,CHL,2.944,2.53,1.855,2.944,1
2016-01-14,Rosetta_mouth,CHL,,0.9805,0.7302,0.9805,0.1934
2016-01-15,Rosetta_mouth,CHL,4.631,4.582,3.019,4.815,0.9337
2016-01-16,Rosetta_mouth,CHL,2.467,3.811,3.235,4.061,0.6298
2016-01-17,Rosetta_mouth,CHL,4.884,2.697,2.077,4.885,1
2016-01-21,Rosetta_mouth,CHL,3.811,3.132,2.462,4.959,1
2016-01-26,Rosetta_mouth,CHL,7.221,6.993,6.74,7.221,0.3094
2016-01-29,Rosetta_mouth,CHL,4.359,1.966,1.683,4.567,1
2016-01-31,Rosetta_mouth,CHL,1.826,1.631,1.351,2.812,1
2016-02-02,Rosetta_mouth,CHL,1.719,1.719,1.168,1.786,0.3757
2016-02-03,Rosetta_mouth,CHL,1.769,1.448,0.8624,2.4,1
2016-02-04,Rosetta_mouth,CHL,2.471,2.481,1.315,2.569,0.9337
2016-02-05,Rosetta_mouth,CHL,3.035,2.95,2.377,4.093,0.6354
2016-02-10,Rosetta_mouth,CHL,,1.851,1.803,3.459,0.8729
2016-02-11,Rosetta_mouth,CHL,3.657,2.225,1.788,4.522,1
2016-02-12,Rosetta_mouth,CHL,2.607,3.112,1.859,3.421,1
2016-02-13,Rosetta_mouth,CHL,5.686,3.943,2.459,6.078,1
2016-02-14,Rosetta_mouth,CHL,2.762,2.558,2.159,2.767,1
2016-02-15,Rosetta_mouth,CHL,2.655,2.255,1.701,2.655,1
2016-02-16,Rosetta_mouth,CHL,2.303,2.006,1.432,2.643,1
2016-02-17,Rosetta_mouth,CHL,2.332,1.717,1.391,2.597,1
2016-02-24,Rosetta_mouth,CHL,,1.662,1.635,1.69,0.3149
2016-02-25,Rosetta_mouth,CHL,2.473,2.191,2.043,2.619,1
2016-02-26,Rosetta_mouth,CHL,2.127,1.983,1.673,2.19,1
2016-02-27,Rosetta_mouth,CHL,4.239,4.239,2.741,5.032,0.3757
2016-02-28,Rosetta_mouth,CHL,3.429,2.914,1.932,3.66,1
2016-02-29,Rosetta_mouth,CHL,3.791,2.232,2.092,4.147,1
2016-03-01,Rosetta_mouth,CHL,3.882,2.374,2.174,4.586,1
2016-03-04,Rosetta_mouth,CHL,5.618,5.038,3.039,5.844,1
2016-03-05,Rosetta_mouth,CHL,5.419,4.321,2.924,5.419,0.9337
2016-03-06,Rosetta_mouth,CHL,4.384,4.038,2.876,4.814,1
2016-03-07,Rosetta_mouth,CHL,4.018,2.454,2.364,4.302,1
2016-03-11,Rosetta_mouth,CHL,5.628,5.655,3.665,5.84,1
2016-03-14,Rosetta_mouth,CHL,,6.397,5.232,7.1,0.8122
2016-03-16,Rosetta_mouth,CHL,5.738,5.971,5.56,5.971,0.1878
2016-03-17,Rosetta_mouth,CHL,5.873,4.457,4.173,5.873,0.6851
2016-03-18,Rosetta_mouth,CHL,3.599,3.162,2.211,3.821,1
2016-03-20,Rosetta_mouth,CHL,3.785,3.785,2.029,3.986,0.7459
2016-03-21,Rosetta_mouth,CHL,5.152,4.347,2.924,6.003,1
2016-03-22,Rosetta_mouth,CHL,2.217,2.037,1.659,2.369,1
2016-03-30,Rosetta_mouth,CHL,3.39,2.165,1.956,3.39,1
2016-03-31,Rosetta_mouth,CHL,3.638,1.923,1.809,4.404,1
2016-04-02,Rosetta_mouth,CHL,,1.551,1.446,1.788,0.6243
2016-04-03,Rosetta_mouth,CHL,2.463,2.137,1.938,2.603,1
2016-04-05,Rosetta_mouth,CHL,2.17,1.897,1.391,2.17,0.8066
2016-04-14,Rosetta_mouth,CHL,3.769,3.353,1.998,3.777,1
2016-04-17,Rosetta_mouth,CHL,4.123,2.611,1.532,4.123,1
2016-04-18,Rosetta_mouth,CHL,1.522,1.22,0.8706,1.572,0.9337
2016-04-19,Rosetta_mouth,CHL,1.603,1.453,0.8498,1.603,1
2016-04-22,Rosetta_mouth,CHL,,0.9751,0.6785,1.071,0.8122
2016-04-23,Rosetta_mouth,CHL,1.639,1.574,1.018,2.148,0.8674
2016-04-25,Rosetta_mouth,CHL,1.71,1.282,0.9014,1.71,1
2016-04-28,Rosetta_mouth,CHL,2.343,1.992,1.181,2.343,0.8122
2016-04-29,Rosetta_mouth,CHL,2.264,1.712,1.387,2.35,1
2016-04-30,Rosetta_mouth,CHL,,2.047,1.33,2.699,0.8729
2016-05-05,Rosetta_mouth,CHL,,0.9798,0.7774,1.425,0.3149
2016-05-07,Rosetta_mouth,CHL,1.733,1.649,1.321,2.182,0.8729
2016-05-08,Rosetta_mouth,CHL,2.217,1.785,1.435,2.443,1
2016-05-11,Rosetta_mouth,CHL,2.271,1.9,1.51,2.271,0.9337
2016-05-12,Rosetta_mouth,CHL,3.096,2.539,1.635,3.096,0.9337
2016-05-18,Rosetta_mouth,CHL,,1.375,1.118,1.504,0.3149
2016-05-19,Rosetta_mouth,CHL,2.13,1.923,1.224,2.13,0.6243
2016-05-20,Rosetta_mouth,CHL,,0.4306,0.3543,0.5617,0.3757
2016-05-24,Rosetta_mouth,CHL,,2.04,1.088,2.14,0.4365
2016-05-25,Rosetta_mouth,CHL,2.722,2.535,1.639,3.048,0.8785
2016-05-26,Rosetta_mouth,CHL,1.759,1.759,1.6,1.759,0.2486
2016-05-27,Rosetta_mouth,CHL,,1.981,1.582,3.561,0.8122
2016-05-28,Rosetta_mouth,CHL,,1.404,1.035,1.603,0.5635
2016-05-29,Rosetta_mouth,CHL,1.81,1.877,1.819,1.877,0.1878
2016-05-30,Rosetta_mouth,CHL,2.639,1.643,1.135,2.639,0.7459
2016-05-31,Rosetta_mouth,CHL,2.574,1.815,1.228,2.574,0.9337
2016-06-06,Rosetta_mouth,CHL,1.272,0.6908,0.4766,1.465,1
2016-06-08,Rosetta_mouth,CHL,1.648,1.288,0.6141,1.752,1
2016-06-10,Rosetta_mouth,CHL,1.478,0.711,0.467,1.728,1
2016-06-11,Rosetta_mouth,CHL,3.221,0.5088,0.5022,3.221,0.8122
2016-06-12,Rosetta_mouth,CHL,2.525,1.554,0.8739,2.525,0.9337
2016-06-13,Rosetta_mouth,CHL,,1.594,1.216,1.666,0.8729
2016-06-15,Rosetta_mouth,CHL,,1.499,0.9893,1.499,0.1878
2016-06-16,Rosetta_mouth,CHL,2.339,1.281,0.848,2.339,1
2016-06-18,Rosetta_mouth,CHL,1.754,1.322,0.7618,1.754,1
2016-06-19,Rosetta_mouth,CHL,1.529,1.151,0.6164,1.592,1
2016-06-20,Rosetta_mouth,CHL,1.55,1.339,0.7872,1.622,1
2016-06-21,Rosetta_mouth,CHL,1.611,1.387,0.7902,1.676,0.9392
2016-06-22,Rosetta_mouth,CHL,1.482,0.8438,0.6199,1.73,1
2016-06-23,Rosetta_mouth,CHL,1.871,1.682,0.7649,1.918,1
2016-06-24,Rosetta_mouth,CHL,1.6,1.6,0.7972,1.693,0.8729
2016-06-25,Rosetta_mouth,CHL,,1.477,0.6483,1.834,0.7569
2016-06-27,Rosetta_mouth,CHL,,0.4764,0.415,1.359,0.7459
2016-06-28,Rosetta_mouth,CHL,1.547,1.373,0.6729,1.547,0.9337
2016-07-02,Rosetta_mouth,CHL,1.855,1.726,1.311,1.967,1
2016-07-04,Rosetta_mouth,CHL,2.184,2.031,1.327,2.191,1
2016-07-05,Rosetta_mouth,CHL,2.008,2.008,1.559,2.357,0.7569
2016-07-07,Rosetta_mouth,CHL,2.344,1.959,1.224,2.344,0.9337
2016-07-08,Rosetta_mouth,CHL,,1.128,0.7811,1.128,0.1878
2016-07-09,Rosetta_mouth,CHL,2.04,1.833,1.518,2.824,1
2016-07-10,Rosetta_mouth,CHL,,2.017,1.444,2.178,0.3149
2016-07-11,Rosetta_mouth,CHL,2.394,2.369,1.636,2.459,0.8066
2016-07-12,Rosetta_mouth,CHL,3.972,1.614,1.865,9.325,1
2016-07-13,Rosetta_mouth,CHL,1.821,1.526,1.003,2.434,1
2016-07-14,Rosetta_mouth,CHL,,1.322,0.8001,1.839,0.9392
2016-07-15,Rosetta_mouth,CHL,1.506,1.351,0.8191,1.67,1
2016-07-16,Rosetta_mouth,CHL,,0.0924,0.0924,0.0924,0.0055
2016-07-20,Rosetta_mouth,CHL,3.263,2.148,1.757,3.263,0.9337
2016-07-21,Rosetta_mouth,CHL,2.472,1.975,1.592,2.985,1
2016-07-22,Rosetta_mouth,CHL,2.104,1.846,1.461,2.265,1
2016-07-23,Rosetta_mouth,CHL,1.865,1.827,1.577,2.193,0.6243
2016-07-24,Rosetta_mouth,CHL,3.691,1.961,1.743,3.997,1
2016-07-26,Rosetta_mouth,CHL,1.787,1.579,1.057,3.586,1
2016-07-27,Rosetta_mouth,CHL,1.752,1.496,0.9567,1.752,0.9337
2016-07-29,Rosetta_mouth,CHL,,1.778,1.572,1.848,0.8122
2016-08-01,Rosetta_mouth,CHL,9.815,9.815,3.692,11.11,0.8122
2016-08-03,Rosetta_mouth,CHL,,1.183,0.7018,1.662,0.5028
2016-08-04,Rosetta_mouth,CHL,1.798,1.718,1.186,1.959,0.6243
2016-08-05,Rosetta_mouth,CHL,1.796,1.872,1.209,2.586,1
2016-08-06,Rosetta_mouth,CHL,1.984,1.984,1.896,3.458,0.4365
2016-08-07,Rosetta_mouth,CHL,,0.1325,0.1191,0.3292,0.4365
2016-08-08,Rosetta_mouth,CHL,1.332,1.332,0.4894,1.451,0.558
2016-08-09,Rosetta_mouth,CHL,,1.57,0.8588,1.815,0.7514
2016-08-12,Rosetta_mouth,CHL,2.089,1.593,0.993,2.12,1
2016-08-13,Rosetta_mouth,CHL,1.937,1.714,1.099,2.051,0.8785
2016-08-16,Rosetta_mouth,CHL,2.127,2.405,1.88,2.405,0.1878
2016-08-18,Rosetta_mouth,CHL,2.211,1.891,1.19,2.404,0.8729
2016-08-19,Rosetta_mouth,CHL,3.328,1.627,1.507,4.296,1
2016-08-20,Rosetta_mouth,CHL,1.84,1.752,1.221,2.591,1
2016-08-21,Rosetta_mouth,CHL,,1.021,0.5054,1.12,0.5635
2016-08-23,Rosetta_mouth,CHL,,1.61,1.26,1.677,0.4972
2016-08-24,Rosetta_mouth,CHL,1.615,1.461,0.8141,1.746,0.9337
2016-08-25,Rosetta_mouth,CHL,1.418,1.429,0.8771,1.609,1
2016-08-27,Rosetta_mouth,CHL,1.348,1.324,0.8576,1.761,0.7514
2016-08-28,Rosetta_mouth,CHL,1.638,1.638,1.463,2.453,0.3757
2016-08-29,Rosetta_mouth,CHL,,0.5343,0.4945,0.5343,0.1215
2016-08-31,Rosetta_mouth,CHL,1.845,1.5,0.8585,1.845,0.8122
2016-09-03,Rosetta_mouth,CHL,,2.036,1.823,2.159,0.3149
2016-09-04,Rosetta_mouth,CHL,7.142,3.362,2.396,7.142,0.7514
2016-09-05,Rosetta_mouth,CHL,,0.5875,0.5202,1.014,0.3149
2016-09-06,Rosetta_mouth,CHL,,1.908,1.27,3.251,0.8729
2016-09-07,Rosetta_mouth,CHL,9.38,7.903,3.178,9.38,1
2016-09-08,Rosetta_mouth,CHL,2.751,1.984,1.387,3.078,1
2016-09-09,Rosetta_mouth,CHL,2.822,1.488,1.154,2.822,0.9337
2016-09-10,Rosetta_mouth,CHL,3.085,1.618,1.319,4.501,1
2016-09-12,Rosetta_mouth,CHL,1.968,1.802,0.8641,1.968,0.7514
2016-09-13,Rosetta_mouth,CHL,,0.2205,0.2069,0.2205,0.1271
2016-09-14,Rosetta_mouth,CHL,3.135,2.605,1.453,3.637,1
2016-09-15,Rosetta_mouth,CHL,,1.511,0.9047,1.991,0.8785
2016-09-16,Rosetta_mouth,CHL,2.167,1.752,1.179,2.167,0.9337
2016-09-17,Rosetta_mouth,CHL,2.038,1.982,1.391,2.19,1
2016-09-18,Rosetta_mouth,CHL,1.998,1.685,1.151,1.998,0.9337
2016-09-19,Rosetta_mouth,CHL,1.807,1.625,0.9997,1.92,1
2016-09-20,Rosetta_mouth,CHL,3.079,1.54,1.42,7.322,1
2016-09-21,Rosetta_mouth,CHL,2.005,1.52,0.9422,2.005,0.9337
2016-09-22,Rosetta_mouth,CHL,,2.117,0.8937,2.117,0.1934
2016-09-23,Rosetta_mouth,CHL,1.946,1.668,1.062,1.971,1
2016-09-24,Rosetta_mouth,CHL,2.25,2.212,1.861,2.337,0.6906
2016-09-26,Rosetta_mouth,CHL,,0.6826,0.5747,0.6826,0.1215
2016-09-29,Rosetta_mouth,CHL,3.333,3.143,2.08,3.461,0.8729
2016-09-30,Rosetta_mouth,CHL,2.069,1.925,1.389,2.364,1
2016-10-01,Rosetta_mouth,CHL,2.765,2.335,1.638,3.964,1
2016-10-02,Rosetta_mouth,CHL,3.809,2.53,1.891,4.873,1
2016-10-03,Rosetta_mouth,CHL,1.83,1.711,1.408,1.917,1
2016-10-04,Rosetta_mouth,CHL,2.024,1.957,1.339,2.057,0.8066
2016-10-05,Rosetta_mouth,CHL,1.99,1.911,1.314,2.282,0.6851
2016-10-06,Rosetta_mouth,CHL,2.118,1.916,1.486,2.167,1
2016-10-07,Rosetta_mouth,CHL,,0.8699,0.7638,0.8699,0.2541
2016-10-08,Rosetta_mouth,CHL,2.356,1.979,1.258,2.426,1
2016-10-10,Rosetta_mouth,CHL,2.17,1.876,1.259,2.518,1
2016-10-12,Rosetta_mouth,CHL,8.721,8.721,4.099,11.05,1
2016-10-13,Rosetta_mouth,CHL,6.491,6.491,3.409,11.14,1
2016-10-14,Rosetta_mouth,CHL,,0.7821,0.6778,0.7821,0.2541
2016-10-15,Rosetta_mouth,CHL,2.021,1.926,1.288,2.181,0.9945
2016-10-16,Rosetta_mouth,CHL,3.548,2.921,2.022,3.548,0.8122
2016-10-17,Rosetta_mouth,CHL,3.004,2.641,1.977,4.176,1
2016-10-18,Rosetta_mouth,CHL,2.147,2.321,2.098,2.321,0.2486
2016-10-20,Rosetta_mouth,CHL,5.406,4.075,3.031,5.406,0.9392
2016-10-21,Rosetta_mouth,CHL,3.727,3.368,2.301,4.318,1
2016-10-22,Rosetta_mouth,CHL,3.736,2.273,1.89,3.965,1
2016-10-24,Rosetta_mouth,CHL,2.608,2.079,1.669,5.866,1
2016-10-26,Rosetta_mouth,CHL,2.421,2.365,1.794,2.532,1
2016-10-27,Rosetta_mouth,CHL,3.688,3.688,2.41,3.928,1
2016-10-31,Rosetta_mouth,CHL,4.014,3.779,2.429,4.22,0.7514
2016-11-04,Rosetta_mouth,CHL,,1.708,1.656,2.286,0.6851
2016-11-05,Rosetta_mouth,CHL,,1.429,1.363,1.429,0.2541
2016-11-06,Rosetta_mouth,CHL,5.349,2.397,2.05,6.627,1
2016-11-07,Rosetta_mouth,CHL,4.197,1.357,1.337,6.277,1
2016-11-08,Rosetta_mouth,CHL,8.439,1.601,2.078,12.81,1
2016-11-09,Rosetta_mouth,CHL,2.582,2.346,1.183,2.758,0.6906
2016-11-13,Rosetta_mouth,CHL,5.443,5.191,3.178,5.509,1
2016-11-14,Rosetta_mouth,CHL,,1.703,1.419,1.786,0.3204
2016-11-15,Rosetta_mouth,CHL,,0.9864,0.9347,0.9864,0.0718
2016-11-18,Rosetta_mouth,CHL,,2.456,2.285,2.456,0.1878
2016-11-19,Rosetta_mouth,CHL,5.154,5.881,5.403,5.881,0.1878
2016-11-23,Rosetta_mouth,CHL,,3.659,2.447,6.26,0.7514
2016-11-25,Rosetta_mouth,CHL,7.22,7.204,4.557,7.258,1
2016-11-27,Rosetta_mouth,CHL,4.457,3.482,1.929,4.457,0.558
2016-11-29,Rosetta_mouth,CHL,2.747,1.865,1.494,3.862,1
2016-12-05,Rosetta_mouth,CHL,5.343,5.209,3.288,5.343,0.5635
2016-12-06,Rosetta_mouth,CHL,3.727,3.259,2.369,4.17,0.6906
2016-12-08,Rosetta_mouth,CHL,5.796,3.277,2.222,5.796,0.6906
2016-12-16,Rosetta_mouth,CHL,,5.869,3.651,6.887,0.8729
2016-12-17,Rosetta_mouth,CHL,6.368,4.829,2.923,6.368,1
2016-12-19,Rosetta_mouth,CHL,,4.674,4.259,4.674,0.1878
2016-12-20,Rosetta_mouth,CHL,5.725,5.327,3.597,6.093,1
2016-12-24,Rosetta_mouth,CHL,3.898,3.611,2.324,3.912,0.8122
2016-12-28,Rosetta_mouth,CHL,,6.278,4.999,6.779,0.5635
2016-12-29,Rosetta_mouth,CHL,,3.662,2.897,4.354,0.3757
2016-12-31,Rosetta_mouth,CHL,5.407,5.407,4.497,5.861,0.4972
2016-01-04,Damietta_mouth,CHL,6.114,5.699,3.516,6.812,0.9396
2016-01-05,Damietta_mouth,CHL,5.419,5.494,4.249,5.901,1
2016-01-06,Damietta_mouth,CHL,,2.072,1.78,4.726,0.5714
2016-01-09,Damietta_mouth,CHL,5.362,4.538,3.772,5.925,1
2016-01-10,Damietta_mouth,CHL,1.945,1.912,1.689,2.089,0.989
2016-01-11,Damietta_mouth,CHL,1.766,1.567,1.432,1.943,0.8626
2016-01-13,Damietta_mouth,CHL,,1.263,1.226,1.271,0.3242
2016-01-14,Damietta_mouth,CHL,,0.8934,0.903,0.9604,0.0769
2016-01-15,Damietta_mouth,CHL,2.371,2.371,1.569,3.268,0.6868
2016-01-16,Damietta_mouth,CHL,5.015,2.475,1.747,5.015,1
2016-01-20,Damietta_mouth,CHL,3.738,3.589,2.681,3.826,0.989
2016-01-21,Damietta_mouth,CHL,1.898,1.801,1.589,2.007,1
2016-01-29,Damietta_mouth,CHL,5.088,4.193,2.568,5.088,1
2016-01-31,Damietta_mouth,CHL,,0.139,0.1322,0.139,0.1374
2016-02-02,Damietta_mouth,CHL,,1.559,1.542,1.559,0.1264
2016-02-03,Damietta_mouth,CHL,3.574,2.878,1.241,3.574,1
2016-02-04,Damietta_mouth,CHL,2.279,2.266,1.335,2.365,0.7473
2016-02-05,Damietta_mouth,CHL,1.833,1.849,1.313,1.889,1
2016-02-09,Damietta_mouth,CHL,3.401,3.29,2.151,3.454,0.8681
2016-02-10,Damietta_mouth,CHL,,1.411,1.279,1.411,0.1374
2016-02-11,Damietta_mouth,CHL,1.956,1.756,1.419,1.981,1
2016-02-12,Damietta_mouth,CHL,1.903,1.763,1.285,1.903,1
2016-02-13,Damietta_mouth,CHL,2.312,2.153,1.674,3.869,1
2016-02-14,Damietta_mouth,CHL,2.131,2.031,1.736,2.131,1
2016-02-15,Damietta_mouth,CHL,2.677,2.101,1.82,3.438,1
2016-02-16,Damietta_mouth,CHL,2.353,2.719,2.595,2.861,1
2016-02-17,Damietta_mouth,CHL,2.313,2.351,2.187,2.443,1
2016-02-20,Damietta_mouth,CHL,3.848,3.848,2.152,4.155,1
2016-02-21,Damietta_mouth,CHL,5.322,5.506,5.315,5.706,0.4286
2016-02-22,Damietta_mouth,CHL,,6.649,5.94,6.649,0.2582
2016-02-23,Damietta_mouth,CHL,,5.228,3.475,5.228,0.2033
2016-02-24,Damietta_mouth,CHL,,2.084,1.925,2.936,0.8187
2016-02-25,Damietta_mouth,CHL,2.241,2.21,1.953,2.275,1
2016-02-26,Damietta_mouth,CHL,2.197,1.897,1.758,2.288,1
2016-02-27,Damietta_mouth,CHL,2.236,2.205,1.806,2.261,1
2016-02-28,Damietta_mouth,CHL,2.089,1.964,1.659,2.397,1
2016-02-29,Damietta_mouth,CHL,2.492,2.352,1.716,2.546,1
2016-03-01,Damietta_mouth,CHL,4.213,4.197,2.627,4.517,1
2016-03-03,Damietta_mouth,CHL,,2.077,1.721,2.911,0.8791
2016-03-04,Damietta_mouth,CHL,2.258,2.203,1.888,2.337,1
2016-03-05,Damietta_mouth,CHL,,2.734,2.316,2.87,0.8187
2016-03-06,Damietta_mouth,CHL,4.15,3.42,2.78,4.18,1
2016-03-10,Damietta_mouth,CHL,2.158,2.003,1.526,2.24,1
2016-03-11,Damietta_mouth,CHL,5.545,5.054,2.875,5.785,1
2016-03-15,Damietta_mouth,CHL,6.026,6.026,4.753,6.137,0.5549
2016-03-16,Damietta_mouth,CHL,,5.432,4.369,6.212,0.6813
2016-03-17,Damietta_mouth,CHL,4.8,4.417,3.362,4.89,0.989
2016-03-18,Damietta_mouth,CHL,3.818,2.4,2.358,4.671,1
2016-03-20,Damietta_mouth,CHL,4.511,4.712,2.933,5.517,0.3022
2016-03-22,Damietta_mouth,CHL,3.678,2.443,2.199,4.17,1
2016-03-23,Damietta_mouth,CHL,,3.837,2.584,5.463,0.7527
2016-03-29,Damietta_mouth,CHL,,1.488,1.433,1.488,0.1374
2016-03-30,Damietta_mouth,CHL,,3.725,2.515,3.891,0.7527
2016-03-31,Damietta_mouth,CHL,2.238,2.163,1.858,2.339,1
2016-04-01,Damietta_mouth,CHL,3.164,2.124,1.91,3.458,1
2016-04-02,Damietta_mouth,CHL,,2.174,1.818,4.443,0.8791
2016-04-03,Damietta_mouth,CHL,2.45,2.123,1.474,2.548,1
2016-04-04,Damietta_mouth,CHL,2.3,1.947,1.351,2.408,1
2016-04-12,Damietta_mouth,CHL,,0.5543,0.5365,1.346,0.3077
2016-04-14,Damietta_mouth,CHL,1.927,1.927,1.605,2.575,1
2016-04-17,Damietta_mouth,CHL,2.469,2.143,1.384,2.825,1
2016-04-18,Damietta_mouth,CHL,1.607,1.544,1.127,1.638,1
2016-04-19,Damietta_mouth,CHL,1.598,1.529,1.105,1.692,1
2016-04-25,Damietta_mouth,CHL,1.784,1.577,0.9244,1.815,1
2016-04-27,Damietta_mouth,CHL,,0.2649,0.1956,0.2649,0.1978
2016-04-28,Damietta_mouth,CHL,2.145,1.854,1.171,2.336,1
2016-04-29,Damietta_mouth,CHL,3.22,2.232,1.545,3.503,0.8791
2016-04-30,Damietta_mouth,CHL,6.062,2.401,2.168,6.47,1
2016-05-08,Damietta_mouth,CHL,3.458,3.188,2.014,5.877,1
2016-05-11,Damietta_mouth,CHL,2.096,2.045,1.315,2.12,1
2016-05-12,Damietta_mouth,CHL,2.445,2.141,1.531,2.847,1
2016-05-19,Damietta_mouth,CHL,1.96,1.743,1.106,2.229,1
2016-05-20,Damietta_mouth,CHL,1.986,1.721,1.312,2.102,1
2016-05-23,Damietta_mouth,CHL,1.803,1.773,1.339,1.815,0.7527
2016-05-24,Damietta_mouth,CHL,,3.729,1.98,5.217,0.7527
2016-05-26,Damietta_mouth,CHL,3.814,3.869,3.025,3.869,0.2473
2016-05-28,Damietta_mouth,CHL,,0.5874,0.3833,0.5874,0.1978
2016-05-29,Damietta_mouth,CHL,3.246,2.134,1.748,3.452,1
2016-05-30,Damietta_mouth,CHL,3.127,2.289,1.599,3.471,1
2016-05-31,Damietta_mouth,CHL,6.475,4.268,2.422,6.475,1
2016-06-05,Damietta_mouth,CHL,,0.4748,0.2668,0.4748,0.2637
2016-06-06,Damietta_mouth,CHL,1.766,1.559,1.111,2.949,1
2016-06-08,Damietta_mouth,CHL,1.96,1.552,1.004,2.581,1
2016-06-09,Damietta_mouth,CHL,4.003,1.545,1.061,4.003,1
2016-06-10,Damietta_mouth,CHL,,1.533,0.8569,1.775,0.6813
2016-06-11,Damietta_mouth,CHL,,1.23,0.6226,1.638,0.6319
2016-06-12,Damietta_mouth,CHL,2.642,2.144,1.395,2.712,1
2016-06-13,Damietta_mouth,CHL,2.134,1.471,1.169,2.134,0.9396
2016-06-16,Damietta_mouth,CHL,2.056,1.803,1.175,2.574,0.9396
2016-06-17,Damietta_mouth,CHL,1.653,1.568,0.9357,2.482,1
2016-06-18,Damietta_mouth,CHL,1.806,1.528,0.8659,1.847,1
2016-06-19,Damietta_mouth,CHL,1.718,1.56,0.8559,2.136,1
2016-06-20,Damietta_mouth,CHL,1.899,1.696,0.9572,1.899,1
2016-06-22,Damietta_mouth,CHL,1.311,1.32,0.703,1.688,1
2016-06-23,Damietta_mouth,CHL,1.747,1.455,0.7728,2.222,1
2016-06-25,Damietta_mouth,CHL,1.629,1.344,0.7477,2.118,1
2016-06-29,Damietta_mouth,CHL,1.683,1.448,0.8227,1.955,1
2016-06-30,Damietta_mouth,CHL,1.61,1.252,0.9392,1.878,1
2016-07-01,Damietta_mouth,CHL,1.488,1.523,1.505,1.523,0.1209
2016-07-02,Damietta_mouth,CHL,1.565,1.563,0.8247,1.812,0.9396
2016-07-03,Damietta_mouth,CHL,1.492,1.247,0.7223,1.492,1
2016-07-05,Damietta_mouth,CHL,1.669,1.489,0.8053,1.669,0.7582
2016-07-06,Damietta_mouth,CHL,1.407,1.47,0.8627,1.854,1
2016-07-07,Damietta_mouth,CHL,1.518,1.486,0.8905,2.839,1
2016-07-08,Damietta_mouth,CHL,1.505,1.505,0.9514,2.022,1
2016-07-09,Damietta_mouth,CHL,1.607,1.557,0.9853,1.74,1
2016-07-11,Damietta_mouth,CHL,1.577,1.478,1.029,1.661,0.9396
2016-07-12,Damietta_mouth,CHL,3.222,1.597,1.379,5.636,1
2016-07-13,Damietta_mouth,CHL,3.55,2.538,1.529,3.769,1
2016-07-14,Damietta_mouth,CHL,2.068,1.84,1.084,2.968,1
2016-07-15,Damietta_mouth,CHL,3.802,1.35,1.05,3.802,0.9396
2016-07-16,Damietta_mouth,CHL,3.169,1.876,1.138,3.743,1
2016-07-18,Damietta_mouth,CHL,1.852,1.61,1.13,2.388,0.7418
2016-07-19,Damietta_mouth,CHL,1.737,1.703,1.422,1.911,0.6758
2016-07-20,Damietta_mouth,CHL,,1.341,0.8042,1.619,0.7527
2016-07-21,Damietta_mouth,CHL,2.253,1.501,1.098,2.253,0.8132
2016-07-22,Damietta_mouth,CHL,1.614,1.429,1.014,1.911,1
2016-07-24,Damietta_mouth,CHL,1.58,1.58,1.151,1.622,0.5549
2016-07-27,Damietta_mouth,CHL,1.671,1.51,1.153,1.679,0.9396
2016-07-28,Damietta_mouth,CHL,,0.612,0.5637,0.612,0.1209
2016-07-29,Damietta_mouth,CHL,2.516,1.535,1.386,2.859,1
2016-07-30,Damietta_mouth,CHL,2.231,1.512,1.19,2.241,1
2016-07-31,Damietta_mouth,CHL,2.189,1.422,1.117,2.189,0.9396
2016-08-03,Damietta_mouth,CHL,1.479,1.311,0.9059,4.262,0.9341
2016-08-04,Damietta_mouth,CHL,1.589,1.354,0.7955,1.594,1
2016-08-05,Damietta_mouth,CHL,1.54,1.468,0.8557,1.58,0.9396
2016-08-06,Damietta_mouth,CHL,1.589,1.422,0.907,1.693,1
2016-08-07,Damietta_mouth,CHL,1.554,1.554,1.414,1.713,0.4286
2016-08-08,Damietta_mouth,CHL,1.844,1.214,0.873,1.998,1
2016-08-09,Damietta_mouth,CHL,1.338,1.338,1.287,2.087,0.3681
2016-08-12,Damietta_mouth,CHL,1.556,1.186,0.8778,1.955,0.8187
2016-08-13,Damietta_mouth,CHL,,0.1731,0.1321,0.1731,0.1868
2016-08-16,Damietta_mouth,CHL,1.777,1.647,1.415,2.178,1
2016-08-18,Damietta_mouth,CHL,1.903,1.635,1.166,2.181,1
2016-08-19,Damietta_mouth,CHL,1.643,1.504,1.056,3.054,0.9396
2016-08-20,Damietta_mouth,CHL,2.41,1.502,1.346,6.971,1
2016-08-21,Damietta_mouth,CHL,2.145,1.612,1.033,2.895,0.9396
2016-08-22,Damietta_mouth,CHL,2.13,1.714,0.9646,2.13,0.4451
2016-08-24,Damietta_mouth,CHL,1.943,1.355,0.8929,2.846,1
2016-08-25,Damietta_mouth,CHL,,1.689,1.454,1.689,0.1264
2016-08-28,Damietta_mouth,CHL,1.998,1.797,0.8229,2.196,1
2016-08-30,Damietta_mouth,CHL,1.774,1.778,1.2,2.001,0.6868
2016-08-31,Damietta_mouth,CHL,1.563,1.24,0.9302,2.092,1
2016-09-01,Damietta_mouth,CHL,2.675,1.249,0.9228,2.781,1
2016-09-03,Damietta_mouth,CHL,1.963,1.431,0.9692,1.963,0.9396
2016-09-04,Damietta_mouth,CHL,1.982,1.515,1.089,2.141,1
2016-09-05,Damietta_mouth,CHL,1.484,1.294,0.8405,1.945,1
2016-09-06,Damietta_mouth,CHL,1.984,1.266,0.9371,1.984,0.9396
2016-09-07,Damietta_mouth,CHL,1.69,1.334,0.8002,1.69,0.8626
2016-09-08,Damietta_mouth,CHL,1.483,1.394,0.7737,2.027,1
2016-09-09,Damietta_mouth,CHL,1.897,1.458,0.9275,5.739,1
2016-09-10,Damietta_mouth,CHL,3.463,1.662,1.584,12.23,1
2016-09-11,Damietta_mouth,CHL,,1.433,0.7619,1.61,0.8187
2016-09-12,Damietta_mouth,CHL,,0.4899,0.3267,1.027,0.5659
2016-09-13,Damietta_mouth,CHL,1.943,1.679,0.7962,1.943,0.8077
2016-09-16,Damietta_mouth,CHL,2.178,1.214,0.8849,2.925,1
2016-09-18,Damietta_mouth,CHL,2.886,1.093,0.829,2.886,1
2016-09-19,Damietta_mouth,CHL,2.421,1.291,0.8853,4.138,1
2016-09-20,Damietta_mouth,CHL,9.207,0.9261,2.124,18.57,1
2016-09-21,Damietta_mouth,CHL,,0.9006,0.7066,2.402,0.8187
2016-09-22,Damietta_mouth,CHL,1.782,1.023,0.701,1.782,0.9396
2016-09-23,Damietta_mouth,CHL,,0.0843,0.0843,0.0843,0.011
2016-09-24,Damietta_mouth,CHL,2.307,1.509,1.01,2.949,1
2016-09-25,Damietta_mouth,CHL,4.436,2.088,1.391,4.436,0.9396
2016-09-27,Damietta_mouth,CHL,2.092,2.05,1.285,2.902,1
2016-09-28,Damietta_mouth,CHL,2.219,1.601,1.024,2.219,1
2016-09-30,Damietta_mouth,CHL,2.012,2.012,1.215,2.273,1
2016-10-01,Damietta_mouth,CHL,3.268,2.342,1.347,3.268,1
2016-10-02,Damietta_mouth,CHL,4.166,3.531,1.792,4.983,1
2016-10-03,Damietta_mouth,CHL,1.992,1.738,0.9505,2.103,1
2016-10-04,Damietta_mouth,CHL,,1.133,0.6722,1.649,0.9396
2016-10-05,Damietta_mouth,CHL,2.367,1.653,1.433,9.198,1
2016-10-06,Damietta_mouth,CHL,6.322,1.965,1.8,7.62,0.9396
2016-10-07,Damietta_mouth,CHL,3.133,1.448,1.201,6.025,1
2016-10-08,Damietta_mouth,CHL,4.194,2.019,1.867,12.41,1
2016-10-10,Damietta_mouth,CHL,1.49,1.432,0.8391,1.591,0.9396
2016-10-11,Damietta_mouth,CHL,3.062,1.824,1.323,5.003,1
2016-10-12,Damietta_mouth,CHL,8.293,2.176,2.088,9.588,1
2016-10-13,Damietta_mouth,CHL,2.481,1.311,1.062,3.744,1
2016-10-14,Damietta_mouth,CHL,1.971,1.378,0.9492,2.132,1
2016-10-16,Damietta_mouth,CHL,2.066,1.942,1.13,2.202,1
2016-10-17,Damietta_mouth,CHL,4.252,3.472,1.703,4.435,1
2016-10-19,Damietta_mouth,CHL,2.56,3.189,2.571,3.688,0.4286
2016-10-22,Damietta_mouth,CHL,2.047,1.928,1.595,2.047,0.4945
2016-10-23,Damietta_mouth,CHL,,1.597,1.488,1.6,0.3132
2016-10-24,Damietta_mouth,CHL,3.079,1.781,1.518,5.555,1
2016-10-25,Damietta_mouth,CHL,1.481,1.481,1.237,1.829,0.6758
2016-10-26,Damietta_mouth,CHL,3.581,2.25,1.7,4.141,1
2016-10-27,Damietta_mouth,CHL,,0.8304,0.5755,0.8304,0.2582
2016-10-28,Damietta_mouth,CHL,3.138,2.152,1.255,3.138,0.8791
2016-10-29,Damietta_mouth,CHL,2.065,2.065,1.042,2.444,0.5055
2016-10-30,Damietta_mouth,CHL,1.954,1.882,1.361,2.285,0.6154
2016-10-31,Damietta_mouth,CHL,2.609,1.791,1.593,2.609,0.5055
2016-11-02,Damietta_mouth,CHL,5.549,5.597,3.941,7.943,1
2016-11-04,Damietta_mouth,CHL,3.898,3.594,2.233,4.256,1
2016-11-05,Damietta_mouth,CHL,,0.6928,0.5928,0.809,0.3242
2016-11-06,Damietta_mouth,CHL,,1.989,1.989,1.989,0.0604
2016-11-07,Damietta_mouth,CHL,3.288,3.194,2.057,3.401,0.6758
2016-11-08,Damietta_mouth,CHL,1.927,1.556,1.174,3.221,0.8132
2016-11-09,Damietta_mouth,CHL,,1.267,0.9105,1.294,0.4945
2016-11-24,Damietta_mouth,CHL,6.242,6.191,3.664,7.512,1
2016-11-26,Damietta_mouth,CHL,6.263,4.6,2.566,6.263,0.9396
2016-11-27,Damietta_mouth,CHL,5.657,5.322,2.874,5.86,1
2016-11-30,Damietta_mouth,CHL,2.448,2.066,1.096,2.59,1
2016-12-03,Damietta_mouth,CHL,8.287,6.305,4.311,8.287,0.9396
2016-12-04,Damietta_mouth,CHL,,1.614,1.553,1.614,0.2473
2016-12-05,Damietta_mouth,CHL,,1.391,1.355,1.391,0.1813
2016-12-06,Damietta_mouth,CHL,2.145,1.97,1.422,2.407,1
2016-12-07,Damietta_mouth,CHL,2.406,1.565,1.483,2.406,0.4286
2016-12-09,Damietta_mouth,CHL,,1.193,1.091,1.193,0.0714
2016-12-11,Damietta_mouth,CHL,4.403,4.166,1.959,4.455,1
2016-12-13,Damietta_mouth,CHL,,0.5093,0.5093,0.5093,0.011
2016-12-17,Damietta_mouth,CHL,3.455,3.382,2.168,3.455,1
2016-12-20,Damietta_mouth,CHL,5.183,4.422,3.421,5.956,0.9396
2016-12-21,Damietta_mouth,CHL,4.717,3.942,2.494,4.781,1
2016-12-22,Damietta_mouth,CHL,,1.715,1.393,2.015,0.6813
2016-12-24,Damietta_mouth,CHL,3.206,3.151,1.694,3.357,1
2016-12-27,Damietta_mouth,CHL,,1.405,1.39,1.452,0.1374
2016-12-28,Damietta_mouth,CHL,,4.581,3.868,4.601,0.3132
2016-12-29,Damietta_mouth,CHL,,3.727,2.462,4.932,0.8187
2016-12-30,Damietta_mouth,CHL,,8.861,6.601,9.602,0.8132
2016-12-31,Damietta_mouth,CHL,5.588,5.588,3.911,6.203,0.9396
2016-01-04,Bardawil_off,CHL,7.088,7.537,5.165,7.713,1
2016-01-05,Bardawil_off,CHL,7.715,8.35,6.931,8.638,1
2016-01-06,Bardawil_off,CHL,4.949,4.649,3.383,4.949,1
2016-01-09,Bardawil_off,CHL,7.104,7.309,6.302,7.795,0.7527
2016-01-10,Bardawil_off,CHL,5.046,5.046,3.851,5.577,0.8736
2016-01-11,Bardawil_off,CHL,,1.877,1.639,1.967,0.1264
2016-01-12,Bardawil_off,CHL,1.737,1.567,1.274,1.933,1
2016-01-13,Bardawil_off,CHL,1.702,1.535,0.9672,2.635,1
2016-01-14,Bardawil_off,CHL,2.38,1.801,1.471,2.713,0.8132
2016-01-16,Bardawil_off,CHL,2.971,2.236,1.431,3.51,1
2016-01-17,Bardawil_off,CHL,3.717,2.877,1.437,3.717,0.8736
2016-01-20,Bardawil_off,CHL,4.901,4.901,4.56,4.909,0.4396
2016-01-21,Bardawil_off,CHL,2.344,2.344,2.057,3.773,1
2016-01-29,Bardawil_off,CHL,3.921,3.703,2.711,4.897,1
2016-01-31,Bardawil_off,CHL,1.663,1.639,0.9725,1.966,0.9396
2016-02-01,Bardawil_off,CHL,1.69,1.69,1.603,2.229,0.5
2016-02-02,Bardawil_off,CHL,,2.675,1.925,2.675,0.1044
2016-02-03,Bardawil_off,CHL,3.278,2.695,1.992,8.047,1
2016-02-04,Bardawil_off,CHL,2.985,2.477,1.871,5.289,1
2016-02-09,Bardawil_off,CHL,4.1,3.848,3.125,4.1,0.6923
2016-02-11,Bardawil_off,CHL,1.926,1.948,1.751,1.993,1
2016-02-12,Bardawil_off,CHL,1.772,1.716,1.494,1.772,1
2016-02-13,Bardawil_off,CHL,,2.249,1.604,2.337,0.8736
2016-02-14,Bardawil_off,CHL,2.103,1.924,1.381,2.374,1
2016-02-15,Bardawil_off,CHL,2.225,1.76,1.494,2.581,1
2016-02-16,Bardawil_off,CHL,1.914,1.564,1.386,2.292,1
2016-02-17,Bardawil_off,CHL,2.046,1.992,1.595,2.171,1
2016-02-18,Bardawil_off,CHL,,1.33,1.174,1.435,0.5
2016-02-20,Bardawil_off,CHL,5.211,2.507,2.394,5.211,1
2016-02-24,Bardawil_off,CHL,3.106,3.333,2.778,3.635,1
2016-02-25,Bardawil_off,CHL,2.062,2.117,2.007,2.199,0.9396
2016-02-26,Bardawil_off,CHL,1.776,1.832,1.475,1.932,1
2016-02-28,Bardawil_off,CHL,1.566,1.618,1.376,1.649,1
2016-02-29,Bardawil_off,CHL,2.099,3.143,2.049,3.628,0.978
2016-03-01,Bardawil_off,CHL,3.071,3.753,2.622,4.374,0.978
2016-03-03,Bardawil_off,CHL,3.782,4.221,3.042,4.43,1
2016-03-04,Bardawil_off,CHL,2.052,2.016,1.861,2.052,1
2016-03-05,Bardawil_off,CHL,,1.813,1.642,1.828,0.8571
2016-03-06,Bardawil_off,CHL,2,2.172,1.936,2.263,0.7473
2016-03-07,Bardawil_off,CHL,1.985,2.124,1.889,3.111,1
2016-03-08,Bardawil_off,CHL,,1.633,1.478,1.633,0.1868
2016-03-10,Bardawil_off,CHL,,1.669,1.481,1.779,0.6813
2016-03-11,Bardawil_off,CHL,2.331,3.172,2.23,3.829,1
2016-03-16,Bardawil_off,CHL,,6.184,6.103,6.216,0.2967
2016-03-18,Bardawil_off,CHL,3.846,2.309,2.288,3.983,1
2016-03-20,Bardawil_off,CHL,3.119,3.454,2.792,4.427,0.5
2016-03-22,Bardawil_off,CHL,2.431,2.238,2.074,2.431,1
2016-03-29,Bardawil_off,CHL,,4.125,2.976,5.474,0.4341
2016-03-31,Bardawil_off,CHL,,1.574,1.493,2.108,0.2088
2016-04-01,Bardawil_off,CHL,1.93,1.93,1.588,2.082,1
2016-04-02,Bardawil_off,CHL,1.998,2.067,1.681,2.103,1
2016-04-03,Bardawil_off,CHL,1.865,1.878,1.684,1.97,1
2016-04-04,Bardawil_off,CHL,1.698,1.609,1.421,1.698,1
2016-04-13,Bardawil_off,CHL,,3.84,2.716,4.086,0.6923
2016-04-14,Bardawil_off,CHL,2.28,2.046,1.606,2.349,0.8297
2016-04-15,Bardawil_off,CHL,2.66,2.337,1.638,2.686,0.9341
2016-04-17,Bardawil_off,CHL,1.619,1.499,1.094,1.724,1
2016-04-18,Bardawil_off,CHL,1.331,1.276,0.9604,1.565,1
2016-04-19,Bardawil_off,CHL,,1.101,0.7237,1.178,0.6978
2016-04-20,Bardawil_off,CHL,1.433,1.397,0.8937,1.476,1
2016-04-24,Bardawil_off,CHL,,0.5065,0.5065,0.5065,0.0604
2016-04-25,Bardawil_off,CHL,1.422,1.459,1.096,1.821,1
2016-04-27,Bardawil_off,CHL,1.746,1.807,1.664,1.807,0.1923
2016-04-28,Bardawil_off,CHL,1.564,1.541,1.146,1.714,0.8791
2016-04-29,Bardawil_off,CHL,1.856,1.803,1.412,1.859,0.9396
2016-04-30,Bardawil_off,CHL,2.263,1.948,1.368,2.263,1
2016-05-02,Bardawil_off,CHL,,0.5776,0.5776,0.5776,0.0604
2016-05-04,Bardawil_off,CHL,3.533,2.645,2.352,3.533,0.5
2016-05-05,Bardawil_off,CHL,2.217,2.217,1.845,2.281,1
2016-05-06,Bardawil_off,CHL,,1.766,1.273,1.895,0.4835
2016-05-07,Bardawil_off,CHL,2.035,1.876,1.491,2.035,1
2016-05-08,Bardawil_off,CHL,2.217,2.058,1.704,2.237,0.9396
2016-05-11,Bardawil_off,CHL,1.562,1.475,1.347,1.625,1
2016-05-12,Bardawil_off,CHL,1.492,1.303,1.241,1.498,1
2016-05-19,Bardawil_off,CHL,1.951,1.79,1.441,1.951,1
2016-05-20,Bardawil_off,CHL,2.266,2.17,1.806,2.284,1
2016-05-21,Bardawil_off,CHL,,1.474,1.129,1.649,0.3297
2016-05-25,Bardawil_off,CHL,2.509,2.37,2.018,2.638,0.8022
2016-05-27,Bardawil_off,CHL,4.41,4.119,3.898,4.41,0.4396
2016-05-28,Bardawil_off,CHL,4.041,4.037,2.862,4.138,1
2016-05-29,Bardawil_off,CHL,3.53,3.178,2.49,3.674,1
2016-05-30,Bardawil_off,CHL,2.397,2.397,2.146,2.468,1
2016-05-31,Bardawil_off,CHL,2.52,2.693,2.022,2.761,1
2016-06-01,Bardawil_off,CHL,2.645,2.539,1.968,2.645,1
2016-06-06,Bardawil_off,CHL,1.52,1.287,0.9857,1.579,1
2016-06-08,Bardawil_off,CHL,,0.3959,0.3761,0.3959,0.1868
2016-06-09,Bardawil_off,CHL,,1.463,0.9298,1.655,0.8626
2016-06-10,Bardawil_off,CHL,,1.649,1.208,1.95,0.6868
2016-06-11,Bardawil_off,CHL,,2.12,1.807,2.223,0.8516
2016-06-12,Bardawil_off,CHL,2.393,2.197,1.781,2.466,1
2016-06-13,Bardawil_off,CHL,,1.653,1.291,1.781,0.6868
2016-06-15,Bardawil_off,CHL,,1.825,1.556,2.08,0.6264
2016-06-16,Bardawil_off,CHL,1.815,1.582,1.273,1.815,1
2016-06-17,Bardawil_off,CHL,1.676,1.628,1.091,1.676,1
2016-06-18,Bardawil_off,CHL,1.61,1.498,1.197,1.667,1
2016-06-19,Bardawil_off,CHL,1.447,1.466,1.239,1.64,0.9396
2016-06-20,Bardawil_off,CHL,1.263,1.351,1.058,1.476,1
2016-06-22,Bardawil_off,CHL,1.541,1.525,0.9973,1.613,1
2016-06-23,Bardawil_off,CHL,1.484,1.478,1.153,1.573,1
2016-06-24,Bardawil_off,CHL,,1.442,1.111,1.923,0.8077
2016-06-27,Bardawil_off,CHL,,1.354,0.9343,1.561,0.8736
2016-06-28,Bardawil_off,CHL,1.645,1.497,1.395,1.645,0.4396
2016-06-29,Bardawil_off,CHL,1.771,1.742,1.259,1.83,1
2016-06-30,Bardawil_off,CHL,1.836,1.596,1.171,2.015,1
2016-07-01,Bardawil_off,CHL,1.794,1.606,1.132,1.891,1
2016-07-02,Bardawil_off,CHL,1.944,1.904,1.307,1.944,0.9231
2016-07-03,Bardawil_off,CHL,1.788,1.622,1.219,1.788,1
2016-07-04,Bardawil_off,CHL,2.052,1.755,1.386,2.058,0.9341
2016-07-05,Bardawil_off,CHL,,0.568,0.568,0.568,0.0604
2016-07-06,Bardawil_off,CHL,1.991,1.697,1.347,1.991,0.978
2016-07-07,Bardawil_off,CHL,2.131,1.819,1.302,2.289,1
2016-07-08,Bardawil_off,CHL,1.864,1.803,1.428,1.981,0.7527
2016-07-09,Bardawil_off,CHL,1.836,1.724,1.323,1.871,0.978
2016-07-11,Bardawil_off,CHL,1.847,1.818,1.272,1.974,0.8791
2016-07-12,Bardawil_off,CHL,2.228,2.19,1.494,2.316,0.6264
2016-07-13,Bardawil_off,CHL,1.843,1.669,1.289,2.072,1
2016-07-14,Bardawil_off,CHL,1.592,1.592,1.266,1.659,1
2016-07-15,Bardawil_off,CHL,1.735,1.633,1.31,1.795,1
2016-07-16,Bardawil_off,CHL,1.766,1.538,1.225,1.867,1
2016-07-17,Bardawil_off,CHL,,1.163,0.7048,1.367,0.3681
2016-07-18,Bardawil_off,CHL,2.079,2.014,1.512,2.079,0.8132
2016-07-19,Bardawil_off,CHL,2.007,1.933,1.544,2.007,1
2016-07-20,Bardawil_off,CHL,2.315,2.21,1.857,2.315,1
2016-07-21,Bardawil_off,CHL,1.881,1.797,1.548,1.946,1
2016-07-22,Bardawil_off,CHL,1.743,1.618,1.433,1.78,1
2016-07-23,Bardawil_off,CHL,1.732,1.433,1.297,1.796,1
2016-07-24,Bardawil_off,CHL,1.634,1.399,1.105,1.802,1
2016-07-25,Bardawil_off,CHL,1.905,1.905,1.905,1.905,0.1044
2016-07-27,Bardawil_off,CHL,1.835,1.765,1.382,1.96,0.8791
2016-07-28,Bardawil_off,CHL,1.893,1.876,1.431,1.943,1
2016-07-29,Bardawil_off,CHL,2.097,1.938,1.58,2.159,1
2016-07-30,Bardawil_off,CHL,1.945,1.845,1.389,1.962,1
2016-07-31,Bardawil_off,CHL,1.881,1.822,1.419,1.964,1
2016-08-01,Bardawil_off,CHL,1.731,1.639,1.265,1.914,1
2016-08-02,Bardawil_off,CHL,1.753,1.625,1.27,1.843,1
2016-08-04,Bardawil_off,CHL,1.555,1.555,1.237,1.62,1
2016-08-05,Bardawil_off,CHL,,1.462,1.271,1.557,0.5055
2016-08-07,Bardawil_off,CHL,,0.5761,0.5496,0.5761,0.1209
2016-08-08,Bardawil_off,CHL,2.314,2.125,1.525,2.458,0.8681
2016-08-09,Bardawil_off,CHL,2.116,1.745,1.442,2.334,1
2016-08-12,Bardawil_off,CHL,1.785,1.677,1.291,1.825,1
2016-08-13,Bardawil_off,CHL,1.54,1.592,1.27,1.718,0.8956
2016-08-15,Bardawil_off,CHL,1.9,2.014,1.92,2.03,0.3791
2016-08-16,Bardawil_off,CHL,2.112,2.096,1.721,2.153,1
2016-08-18,Bardawil_off,CHL,2.182,2.048,1.726,2.226,1
2016-08-19,Bardawil_off,CHL,2.059,2.059,1.568,2.154,0.8736
2016-08-20,Bardawil_off,CHL,2.038,1.85,1.486,2.117,1
2016-08-21,Bardawil_off,CHL,2.321,1.978,1.512,2.432,0.978
2016-08-22,Bardawil_off,CHL,1.854,1.507,1.33,1.94,1
2016-08-23,Bardawil_off,CHL,1.776,1.494,1.171,1.776,1
2016-08-25,Bardawil_off,CHL,1.632,1.585,1.235,1.732,1
2016-08-26,Bardawil_off,CHL,1.569,1.414,1.196,1.796,0.9341
2016-08-27,Bardawil_off,CHL,1.593,1.593,1.228,1.839,0.8736
2016-08-28,Bardawil_off,CHL,1.781,1.762,1.282,1.799,1
2016-08-31,Bardawil_off,CHL,1.769,1.717,1.315,2.036,0.9396
2016-09-01,Bardawil_off,CHL,1.975,1.724,1.331,1.977,1
2016-09-02,Bardawil_off,CHL,1.639,1.687,1.251,1.743,1
2016-09-03,Bardawil_off,CHL,2.248,2.211,2.017,2.248,0.4396
2016-09-04,Bardawil_off,CHL,2.057,2.167,1.785,2.229,0.9396
2016-09-05,Bardawil_off,CHL,2.039,2.056,1.764,2.12,0.7527
2016-09-06,Bardawil_off,CHL,2.593,2.47,1.711,2.598,0.956
2016-09-08,Bardawil_off,CHL,2.204,2.137,1.586,2.204,1
2016-09-09,Bardawil_off,CHL,2.304,1.876,1.514,2.304,1
2016-09-10,Bardawil_off,CHL,1.886,1.683,1.408,2.089,1
2016-09-11,Bardawil_off,CHL,1.698,1.554,1.337,1.869,1
2016-09-12,Bardawil_off,CHL,1.576,1.52,1.432,1.686,0.5275
2016-09-13,Bardawil_off,CHL,1.685,1.514,1.276,1.706,0.8736
2016-09-15,Bardawil_off,CHL,1.863,1.863,1.421,2.07,0.8736
2016-09-16,Bardawil_off,CHL,1.814,1.669,1.379,1.814,0.9396
2016-09-17,Bardawil_off,CHL,,1.61,1.557,1.627,0.3736
2016-09-18,Bardawil_off,CHL,1.63,1.617,1.397,1.655,1
2016-09-19,Bardawil_off,CHL,1.778,1.771,1.518,1.835,1
2016-09-20,Bardawil_off,CHL,2.304,2.245,1.744,2.45,1
2016-09-21,Bardawil_off,CHL,2.114,1.972,1.544,2.268,1
2016-09-22,Bardawil_off,CHL,2.022,2.022,1.524,2.668,0.8901
2016-09-24,Bardawil_off,CHL,1.828,1.723,1.411,1.94,1
2016-09-25,Bardawil_off,CHL,3.723,3.865,3.131,4.352,1
2016-09-26,Bardawil_off,CHL,,2.012,1.757,2.061,0.7473
2016-09-27,Bardawil_off,CHL,1.959,1.946,1.76,1.984,0.6923
2016-09-28,Bardawil_off,CHL,2.087,1.993,1.777,2.087,1
2016-09-29,Bardawil_off,CHL,,1.581,1.402,1.629,0.5
2016-09-30,Bardawil_off,CHL,2.031,1.82,1.625,2.161,0.8132
2016-10-01,Bardawil_off,CHL,1.893,1.767,1.638,2.027,1
2016-10-02,Bardawil_off,CHL,1.954,2.114,1.716,2.206,1
2016-10-03,Bardawil_off,CHL,2.153,2.101,1.737,2.167,1
2016-10-04,Bardawil_off,CHL,1.579,1.587,1.498,1.636,0.6868
2016-10-05,Bardawil_off,CHL,1.522,1.522,1.281,1.591,1
2016-10-06,Bardawil_off,CHL,1.694,1.86,1.431,1.984,0.9396
2016-10-07,Bardawil_off,CHL,1.492,1.488,1.21,1.661,1
2016-10-08,Bardawil_off,CHL,2.355,2.006,1.54,2.539,1
2016-10-10,Bardawil_off,CHL,1.67,1.525,1.093,1.853,0.978
2016-10-11,Bardawil_off,CHL,2.637,2.272,1.361,2.637,0.5604
2016-10-12,Bardawil_off,CHL,1.761,1.258,1.066,2.034,1
2016-10-13,Bardawil_off,CHL,1.206,1.206,1.08,1.596,1
2016-10-14,Bardawil_off,CHL,1.531,1.476,1.15,1.687,1
2016-10-16,Bardawil_off,CHL,1.437,1.356,1.055,1.437,1
2016-10-17,Bardawil_off,CHL,1.607,1.607,1.218,1.892,1
2016-10-18,Bardawil_off,CHL,1.451,1.484,1.414,1.499,0.3132
2016-10-19,Bardawil_off,CHL,1.688,1.688,1.56,1.94,0.5495
2016-10-20,Bardawil_off,CHL,,1.083,1.045,1.083,0.1868
2016-10-21,Bardawil_off,CHL,2.062,1.742,1.554,2.309,1
2016-10-22,Bardawil_off,CHL,1.792,1.632,1.284,1.931,0.9396
2016-10-24,Bardawil_off,CHL,1.966,1.842,1.348,2.051,0.8132
2016-10-25,Bardawil_off,CHL,,1.104,0.6957,1.488,0.6813
2016-10-26,Bardawil_off,CHL,1.756,1.551,1.232,2.171,1
2016-10-28,Bardawil_off,CHL,1.426,1.541,1.292,1.64,1
2016-10-29,Bardawil_off,CHL,,1.339,1.058,1.365,0.5604
2016-11-02,Bardawil_off,CHL,,6.038,4.283,6.42,0.6868
2016-11-03,Bardawil_off,CHL,2.518,3.277,2.657,3.564,0.5659
2016-11-04,Bardawil_off,CHL,,2.404,1.897,2.587,0.5
2016-11-05,Bardawil_off,CHL,2.341,2.434,2.054,2.515,0.5659
2016-11-06,Bardawil_off,CHL,2.587,2.406,1.841,2.75,1
2016-11-07,Bardawil_off,CHL,2.5,2.422,1.639,3.017,0.8736
2016-11-08,Bardawil_off,CHL,2.468,2.377,1.63,2.575,1
2016-11-09,Bardawil_off,CHL,1.779,1.613,1.134,2.308,1
2016-11-15,Bardawil_off,CHL,1.461,1.394,1.163,1.509,0.6264
2016-11-16,Bardawil_off,CHL,,1.169,1.15,1.169,0.1209
2016-11-21,Bardawil_off,CHL,,2.126,1.636,2.126,0.1868
2016-11-29,Bardawil_off,CHL,1.565,1.565,1.497,1.672,0.6868
2016-12-03,Bardawil_off,CHL,5.381,6.116,5.049,8.18,1
2016-12-05,Bardawil_off,CHL,1.656,1.802,1.673,1.875,0.7527
2016-12-06,Bardawil_off,CHL,1.891,1.74,1.212,1.962,1
2016-12-07,Bardawil_off,CHL,,0.5232,0.4627,0.5232,0.1264
2016-12-08,Bardawil_off,CHL,1.485,1.469,1.385,1.485,0.3132
2016-12-10,Bardawil_off,CHL,1.623,1.798,1.546,1.803,0.3901
2016-12-11,Bardawil_off,CHL,,1.321,1.104,1.345,0.6044
2016-12-12,Bardawil_off,CHL,1.538,1.391,1.093,1.538,1
2016-12-13,Bardawil_off,CHL,4.413,4.22,3.106,4.715,0.7527
2016-12-16,Bardawil_off,CHL,,4.929,3.028,5.739,0.6044
2016-12-17,Bardawil_off,CHL,4.994,5.394,4.516,6.001,0.8791
2016-12-19,Bardawil_off,CHL,,2.408,2.162,2.706,0.2473
2016-12-20,Bardawil_off,CHL,,4.563,4.47,4.563,0.1868
2016-12-21,Bardawil_off,CHL,3.671,3.502,2.084,3.671,1
2016-12-22,Bardawil_off,CHL,,4.335,2.007,4.779,0.5604
2016-12-24,Bardawil_off,CHL,4.978,4.062,2.891,4.978,1
2016-12-25,Bardawil_off,CHL,8.475,8.071,5.619,8.591,0.9396
2016-12-26,Bardawil_off,CHL,,5.777,3.78,6.519,0.7473
2016-12-28,Bardawil_off,CHL,6.384,6.651,5.779,7.249,0.9835
2016-12-29,Bardawil_off,CHL,4.939,4.518,3.081,5.098,1
2016-12-30,Bardawil_off,CHL,7.947,7.832,6.542,8.71,1
2016-12-31,Bardawil_off,CHL,7.431,6.949,5.259,7.431,1
2016-01-04,Open_sea_ref,CHL,0.089,0.089,0.089,0.089,1
2016-01-06,Open_sea_ref,CHL,0.0887,0.0887,0.0887,0.0887,1
2016-01-09,Open_sea_ref,CHL,0.075,0.075,0.075,0.075,1
2016-01-10,Open_sea_ref,CHL,0.0901,0.0901,0.0901,0.0901,1
2016-01-12,Open_sea_ref,CHL,0.051,0.051,0.051,0.051,1
2016-01-13,Open_sea_ref,CHL,0.0726,0.0726,0.0726,0.0726,1
2016-01-15,Open_sea_ref,CHL,0.0782,0.0782,0.0782,0.0782,1
2016-01-16,Open_sea_ref,CHL,0.0816,0.0816,0.0816,0.0816,1
2016-01-17,Open_sea_ref,CHL,0.0632,0.0632,0.0632,0.0632,1
2016-01-27,Open_sea_ref,CHL,0.0745,0.0745,0.0745,0.0745,1
2016-01-31,Open_sea_ref,CHL,0.0891,0.0891,0.0891,0.0891,1
2016-02-02,Open_sea_ref,CHL,0.0747,0.0747,0.0747,0.0747,1
2016-02-03,Open_sea_ref,CHL,0.0679,0.0679,0.0679,0.0679,1
2016-02-04,Open_sea_ref,CHL,0.0815,0.0815,0.0815,0.0815,1
2016-02-05,Open_sea_ref,CHL,0.1174,0.1174,0.1174,0.1174,1
2016-02-12,Open_sea_ref,CHL,0.0803,0.0803,0.0803,0.0803,1
2016-02-13,Open_sea_ref,CHL,0.1018,0.1018,0.1018,0.1018,1
2016-02-14,Open_sea_ref,CHL,0.0885,0.0885,0.0885,0.0885,1
2016-02-15,Open_sea_ref,CHL,0.0768,0.0768,0.0768,0.0768,1
2016-02-16,Open_sea_ref,CHL,0.0724,0.0724,0.0724,0.0724,1
2016-02-18,Open_sea_ref,CHL,0.0616,0.0616,0.0616,0.0616,1
2016-02-19,Open_sea_ref,CHL,0.1059,0.1059,0.1059,0.1059,1
2016-02-20,Open_sea_ref,CHL,0.0764,0.0764,0.0764,0.0764,1
2016-02-23,Open_sea_ref,CHL,0.0838,0.0838,0.0838,0.0838,1
2016-02-24,Open_sea_ref,CHL,0.081,0.081,0.081,0.081,1
2016-02-25,Open_sea_ref,CHL,0.0681,0.0681,0.0681,0.0681,1
2016-02-26,Open_sea_ref,CHL,0.0761,0.0761,0.0761,0.0761,1
2016-02-28,Open_sea_ref,CHL,0.0665,0.0665,0.0665,0.0665,1
2016-02-29,Open_sea_ref,CHL,0.0629,0.0629,0.0629,0.0629,1
2016-03-01,Open_sea_ref,CHL,0.0654,0.0654,0.0654,0.0654,1
2016-03-03,Open_sea_ref,CHL,0.0741,0.0741,0.0741,0.0741,1
2016-03-04,Open_sea_ref,CHL,0.0601,0.0601,0.0601,0.0601,1
2016-03-05,Open_sea_ref,CHL,0.0626,0.0626,0.0626,0.0626,1
2016-03-07,Open_sea_ref,CHL,0.0499,0.0499,0.0499,0.0499,1
2016-03-10,Open_sea_ref,CHL,0.0585,0.0585,0.0585,0.0585,1
2016-03-11,Open_sea_ref,CHL,0.0722,0.0722,0.0722,0.0722,1
2016-03-18,Open_sea_ref,CHL,0.0547,0.0547,0.0547,0.0547,1
2016-03-22,Open_sea_ref,CHL,0.0609,0.0609,0.0609,0.0609,1
2016-03-29,Open_sea_ref,CHL,0.0478,0.0478,0.0478,0.0478,1
2016-03-30,Open_sea_ref,CHL,0.0452,0.0452,0.0452,0.0452,1
2016-03-31,Open_sea_ref,CHL,0.0502,0.0502,0.0502,0.0502,1
2016-04-01,Open_sea_ref,CHL,0.0445,0.0445,0.0445,0.0445,1
2016-04-03,Open_sea_ref,CHL,0.0499,0.0499,0.0499,0.0499,1
2016-04-04,Open_sea_ref,CHL,0.045,0.045,0.045,0.045,1
2016-04-07,Open_sea_ref,CHL,0.0408,0.0408,0.0408,0.0408,1
2016-04-14,Open_sea_ref,CHL,0.0404,0.0404,0.0404,0.0404,1
2016-04-16,Open_sea_ref,CHL,0.0265,0.0265,0.0265,0.0265,1
2016-04-17,Open_sea_ref,CHL,0.0379,0.0379,0.0379,0.0379,1
2016-04-18,Open_sea_ref,CHL,0.0348,0.0348,0.0348,0.0348,1
2016-04-19,Open_sea_ref,CHL,0.0362,0.0362,0.0362,0.0362,1
2016-04-20,Open_sea_ref,CHL,0.0365,0.0365,0.0365,0.0365,1
2016-04-24,Open_sea_ref,CHL,0.0491,0.0491,0.0491,0.0491,1
2016-04-25,Open_sea_ref,CHL,0.0336,0.0336,0.0336,0.0336,1
2016-04-29,Open_sea_ref,CHL,0.0325,0.0325,0.0325,0.0325,1
2016-04-30,Open_sea_ref,CHL,0.0356,0.0356,0.0356,0.0356,1
2016-05-07,Open_sea_ref,CHL,0.0386,0.0386,0.0386,0.0386,1
2016-05-08,Open_sea_ref,CHL,0.0354,0.0354,0.0354,0.0354,1
2016-05-10,Open_sea_ref,CHL,0.0332,0.0332,0.0332,0.0332,1
2016-05-11,Open_sea_ref,CHL,0.0339,0.0339,0.0339,0.0339,1
2016-05-12,Open_sea_ref,CHL,0.0304,0.0304,0.0304,0.0304,1
2016-05-20,Open_sea_ref,CHL,0.0237,0.0237,0.0237,0.0237,1
2016-05-21,Open_sea_ref,CHL,0.0288,0.0288,0.0288,0.0288,1
2016-05-29,Open_sea_ref,CHL,0.037,0.037,0.037,0.037,1
2016-05-30,Open_sea_ref,CHL,0.0336,0.0336,0.0336,0.0336,1
2016-05-31,Open_sea_ref,CHL,0.0285,0.0285,0.0285,0.0285,1
2016-06-01,Open_sea_ref,CHL,0.0444,0.0444,0.0444,0.0444,1
2016-06-05,Open_sea_ref,CHL,0.0311,0.0311,0.0311,0.0311,1
2016-06-06,Open_sea_ref,CHL,0.0324,0.0324,0.0324,0.0324,1
2016-06-08,Open_sea_ref,CHL,0.0297,0.0297,0.0297,0.0297,1
2016-06-11,Open_sea_ref,CHL,0.0208,0.0208,0.0208,0.0208,1
2016-06-12,Open_sea_ref,CHL,0.0291,0.0291,0.0291,0.0291,1
2016-06-13,Open_sea_ref,CHL,0.0307,0.0307,0.0307,0.0307,1
2016-06-15,Open_sea_ref,CHL,0.027,0.027,0.027,0.027,1
2016-06-17,Open_sea_ref,CHL,0.0274,0.0274,0.0274,0.0274,1
2016-06-19,Open_sea_ref,CHL,0.0281,0.0281,0.0281,0.0281,1
2016-06-20,Open_sea_ref,CHL,0.0231,0.0231,0.0231,0.0231,1
2016-06-23,Open_sea_ref,CHL,0.0345,0.0345,0.0345,0.0345,1
2016-06-24,Open_sea_ref,CHL,0.0359,0.0359,0.0359,0.0359,1
2016-06-25,Open_sea_ref,CHL,0.0317,0.0317,0.0317,0.0317,1
2016-06-27,Open_sea_ref,CHL,0.0225,0.0225,0.0225,0.0225,1
2016-06-29,Open_sea_ref,CHL,0.0271,0.0271,0.0271,0.0271,1
2016-06-30,Open_sea_ref,CHL,0.027,0.027,0.027,0.027,1
2016-07-01,Open_sea_ref,CHL,0.0302,0.0302,0.0302,0.0302,1
2016-07-06,Open_sea_ref,CHL,0.0262,0.0262,0.0262,0.0262,1
2016-07-09,Open_sea_ref,CHL,0.0279,0.0279,0.0279,0.0279,1
2016-07-11,Open_sea_ref,CHL,0.0248,0.0248,0.0248,0.0248,1
2016-07-13,Open_sea_ref,CHL,0.0264,0.0264,0.0264,0.0264,1
2016-07-15,Open_sea_ref,CHL,0.0264,0.0264,0.0264,0.0264,1
2016-07-16,Open_sea_ref,CHL,0.0304,0.0304,0.0304,0.0304,1
2016-07-18,Open_sea_ref,CHL,0.0263,0.0263,0.0263,0.0263,1
2016-07-19,Open_sea_ref,CHL,0.0329,0.0329,0.0329,0.0329,1
2016-07-20,Open_sea_ref,CHL,0.0272,0.0272,0.0272,0.0272,1
2016-07-22,Open_sea_ref,CHL,0.0222,0.0222,0.0222,0.0222,1
2016-07-24,Open_sea_ref,CHL,0.0298,0.0298,0.0298,0.0298,1
2016-07-26,Open_sea_ref,CHL,0.0337,0.0337,0.0337,0.0337,1
2016-07-28,Open_sea_ref,CHL,0.0232,0.0232,0.0232,0.0232,1
2016-07-30,Open_sea_ref,CHL,0.0354,0.0354,0.0354,0.0354,1
2016-07-31,Open_sea_ref,CHL,0.025,0.025,0.025,0.025,1
2016-08-01,Open_sea_ref,CHL,0.0307,0.0307,0.0307,0.0307,1
2016-08-02,Open_sea_ref,CHL,0.0361,0.0361,0.0361,0.0361,1
2016-08-03,Open_sea_ref,CHL,0.0315,0.0315,0.0315,0.0315,1
2016-08-19,Open_sea_ref,CHL,0.0232,0.0232,0.0232,0.0232,1
2016-08-20,Open_sea_ref,CHL,0.0242,0.0242,0.0242,0.0242,1
2016-08-21,Open_sea_ref,CHL,0.0386,0.0386,0.0386,0.0386,1
2016-08-27,Open_sea_ref,CHL,0.0236,0.0236,0.0236,0.0236,1
2016-09-01,Open_sea_ref,CHL,0.0255,0.0255,0.0255,0.0255,1
2016-09-02,Open_sea_ref,CHL,0.0291,0.0291,0.0291,0.0291,1
2016-09-04,Open_sea_ref,CHL,0.0228,0.0228,0.0228,0.0228,1
2016-09-05,Open_sea_ref,CHL,0.0289,0.0289,0.0289,0.0289,1
2016-09-06,Open_sea_ref,CHL,0.0345,0.0345,0.0345,0.0345,1
2016-09-09,Open_sea_ref,CHL,0.0242,0.0242,0.0242,0.0242,1
2016-09-10,Open_sea_ref,CHL,0.021,0.021,0.021,0.021,1
2016-09-11,Open_sea_ref,CHL,0.0259,0.0259,0.0259,0.0259,1
2016-09-12,Open_sea_ref,CHL,0.0285,0.0285,0.0285,0.0285,1
2016-09-16,Open_sea_ref,CHL,0.0347,0.0347,0.0347,0.0347,1
2016-09-18,Open_sea_ref,CHL,0.0387,0.0387,0.0387,0.0387,1
2016-09-19,Open_sea_ref,CHL,0.0444,0.0444,0.0444,0.0444,1
2016-09-20,Open_sea_ref,CHL,0.0505,0.0505,0.0505,0.0505,1
2016-09-21,Open_sea_ref,CHL,0.0271,0.0271,0.0271,0.0271,1
2016-09-22,Open_sea_ref,CHL,0.029,0.029,0.029,0.029,1
2016-09-23,Open_sea_ref,CHL,0.0277,0.0277,0.0277,0.0277,1
2016-09-24,Open_sea_ref,CHL,0.0389,0.0389,0.0389,0.0389,1
2016-09-25,Open_sea_ref,CHL,0.0265,0.0265,0.0265,0.0265,1
2016-09-26,Open_sea_ref,CHL,0.0354,0.0354,0.0354,0.0354,1
2016-09-27,Open_sea_ref,CHL,0.0342,0.0342,0.0342,0.0342,1
2016-09-28,Open_sea_ref,CHL,0.0336,0.0336,0.0336,0.0336,1
2016-09-29,Open_sea_ref,CHL,0.0294,0.0294,0.0294,0.0294,1
2016-09-30,Open_sea_ref,CHL,0.0322,0.0322,0.0322,0.0322,1
2016-10-01,Open_sea_ref,CHL,0.0353,0.0353,0.0353,0.0353,1
2016-10-02,Open_sea_ref,CHL,0.0337,0.0337,0.0337,0.0337,1
2016-10-03,Open_sea_ref,CHL,0.0332,0.0332,0.0332,0.0332,1
2016-10-04,Open_sea_ref,CHL,0.0347,0.0347,0.0347,0.0347,1
2016-10-05,Open_sea_ref,CHL,0.0352,0.0352,0.0352,0.0352,1
2016-10-06,Open_sea_ref,CHL,0.0263,0.0263,0.0263,0.0263,1
2016-10-08,Open_sea_ref,CHL,0.0232,0.0232,0.0232,0.0232,1
2016-10-11,Open_sea_ref,CHL,0.0257,0.0257,0.0257,0.0257,1
2016-10-12,Open_sea_ref,CHL,0.02,0.02,0.02,0.02,1
2016-10-13,Open_sea_ref,CHL,0.0278,0.0278,0.0278,0.0278,1
2016-10-14,Open_sea_ref,CHL,0.0343,0.0343,0.0343,0.0343,1
2016-10-16,Open_sea_ref,CHL,0.0222,0.0222,0.0222,0.0222,1
2016-10-17,Open_sea_ref,CHL,0.0259,0.0259,0.0259,0.0259,1
2016-10-19,Open_sea_ref,CHL,0.0282,0.0282,0.0282,0.0282,1
2016-10-20,Open_sea_ref,CHL,0.0303,0.0303,0.0303,0.0303,1
2016-10-21,Open_sea_ref,CHL,0.0339,0.0339,0.0339,0.0339,1
2016-10-25,Open_sea_ref,CHL,0.0326,0.0326,0.0326,0.0326,1
2016-10-26,Open_sea_ref,CHL,0.023,0.023,0.023,0.023,1
2016-10-28,Open_sea_ref,CHL,0.039,0.039,0.039,0.039,1
2016-10-29,Open_sea_ref,CHL,0.0465,0.0465,0.0465,0.0465,1
2016-11-02,Open_sea_ref,CHL,0.0432,0.0432,0.0432,0.0432,1
2016-11-03,Open_sea_ref,CHL,0.0395,0.0395,0.0395,0.0395,1
2016-11-04,Open_sea_ref,CHL,0.0342,0.0342,0.0342,0.0342,1
2016-11-05,Open_sea_ref,CHL,0.0359,0.0359,0.0359,0.0359,1
2016-11-07,Open_sea_ref,CHL,0.0355,0.0355,0.0355,0.0355,1
2016-11-08,Open_sea_ref,CHL,0.0215,0.0215,0.0215,0.0215,1
2016-11-09,Open_sea_ref,CHL,0.0479,0.0479,0.0479,0.0479,1
2016-11-15,Open_sea_ref,CHL,0.0374,0.0374,0.0374,0.0374,1
2016-11-20,Open_sea_ref,CHL,0.0386,0.0386,0.0386,0.0386,1
2016-11-21,Open_sea_ref,CHL,0.0418,0.0418,0.0418,0.0418,1
2016-11-25,Open_sea_ref,CHL,0.0578,0.0578,0.0578,0.0578,1
2016-11-26,Open_sea_ref,CHL,0.0506,0.0506,0.0506,0.0506,1
2016-11-27,Open_sea_ref,CHL,0.0617,0.0617,0.0617,0.0617,1
2016-11-30,Open_sea_ref,CHL,0.0476,0.0476,0.0476,0.0476,1
2016-12-07,Open_sea_ref,CHL,0.0512,0.0512,0.0512,0.0512,1
2016-12-08,Open_sea_ref,CHL,0.0443,0.0443,0.0443,0.0443,1
2016-12-09,Open_sea_ref,CHL,0.056,0.056,0.056,0.056,1
2016-12-10,Open_sea_ref,CHL,0.0444,0.0444,0.0444,0.0444,1
2016-12-11,Open_sea_ref,CHL,0.0477,0.0477,0.0477,0.0477,1
2016-12-12,Open_sea_ref,CHL,0.0546,0.0546,0.0546,0.0546,1
2016-12-17,Open_sea_ref,CHL,0.0628,0.0628,0.0628,0.0628,1
2016-12-20,Open_sea_ref,CHL,0.099,0.099,0.099,0.099,1
2016-12-25,Open_sea_ref,CHL,0.0544,0.0544,0.0544,0.0544,1
