date,site,variable,stream,at_station,transect_p80,transect_mean,transect_max,valid_frac
2018-01-07,Ashdod_IL,CHL,my,0.2791,0.3183,0.2004,0.5434,0.995
2018-01-08,Ashdod_IL,CHL,my,0.6357,0.5782,0.3259,0.8961,0.995
2018-01-09,Ashdod_IL,CHL,my,0.8793,,,,0.1294
2018-01-11,Ashdod_IL,CHL,my,0.3104,0.3104,0.211,0.8636,1
2018-01-13,Ashdod_IL,CHL,my,0.1779,0.1808,0.172,0.1848,0.602
2018-01-16,Ashdod_IL,CHL,my,0.1609,0.1838,0.1325,0.1979,0.9652
2018-01-18,Ashdod_IL,CHL,my,,0.1667,0.1261,0.1974,0.791
2018-01-30,Ashdod_IL,CHL,my,0.3885,0.6013,0.4935,0.8263,0.6169
2018-01-31,Ashdod_IL,CHL,my,0.8186,0.7936,0.3762,0.8186,0.995
2018-02-01,Ashdod_IL,CHL,my,0.4556,0.471,0.2847,0.6045,0.9254
2018-02-02,Ashdod_IL,CHL,my,0.27,0.2177,0.1822,0.3284,0.9254
2018-02-04,Ashdod_IL,CHL,my,0.2616,0.2243,0.1557,0.3319,0.9254
2018-02-14,Ashdod_IL,CHL,my,0.2245,0.1963,0.1153,0.2271,0.7562
2018-02-22,Ashdod_IL,CHL,my,0.6993,0.259,0.2402,0.8635,0.9254
2018-02-24,Ashdod_IL,CHL,my,0.1709,0.1583,0.129,0.4648,0.9254
2018-02-27,Ashdod_IL,CHL,my,0.1647,0.1636,0.1206,0.1898,0.9254
2018-02-28,Ashdod_IL,CHL,my,0.1168,0.1076,0.09975,0.3377,0.9254
2018-03-02,Ashdod_IL,CHL,my,0.199,0.1515,0.1109,0.2828,0.9254
2018-03-03,Ashdod_IL,CHL,my,0.4971,0.397,0.1978,0.4971,0.9254
2018-03-07,Ashdod_IL,CHL,my,0.09072,0.08723,0.08759,0.3827,0.995
2018-03-10,Ashdod_IL,CHL,my,0.05615,0.05615,0.06115,0.1498,0.791
2018-03-11,Ashdod_IL,CHL,my,0.134,0.1049,0.0714,0.1735,0.9254
2018-03-12,Ashdod_IL,CHL,my,0.1053,0.1053,0.0703,0.1611,0.995
2018-03-13,Ashdod_IL,CHL,my,0.08636,0.06258,0.05085,0.08636,0.8607
2018-03-14,Ashdod_IL,CHL,my,0.09975,0.09975,0.07128,0.2257,0.995
2018-03-17,Ashdod_IL,CHL,my,0.08111,0.07985,0.05549,0.1018,0.9254
2018-03-18,Ashdod_IL,CHL,my,0.1943,0.1943,0.1825,0.6821,0.6866
2018-03-19,Ashdod_IL,CHL,my,0.08204,0.1015,0.0772,0.1602,1
2018-03-20,Ashdod_IL,CHL,my,0.2294,0.2063,0.1198,0.2597,0.9254
2018-03-22,Ashdod_IL,CHL,my,0.1044,0.09355,0.06341,0.1458,0.9254
2018-03-25,Ashdod_IL,CHL,my,0.09427,0.09427,0.06193,0.3747,1
2018-03-26,Ashdod_IL,CHL,my,0.4807,0.3598,0.219,0.7275,0.995
2018-03-31,Ashdod_IL,CHL,my,1.261,1.238,0.4374,1.396,0.8607
2018-04-01,Ashdod_IL,CHL,my,1.088,1.035,0.3663,1.088,0.8607
2018-04-02,Ashdod_IL,CHL,my,0.9451,0.9451,0.4584,1.007,0.995
2018-04-04,Ashdod_IL,CHL,my,0.8389,0.7675,0.3658,0.8625,0.9104
2018-04-06,Ashdod_IL,CHL,my,0.7974,0.8885,0.4259,0.9748,0.5124
2018-04-07,Ashdod_IL,CHL,my,0.518,0.3842,0.2136,0.518,0.8607
2018-04-09,Ashdod_IL,CHL,my,0.2508,0.1988,0.1212,0.2726,0.9104
2018-04-11,Ashdod_IL,CHL,my,0.1453,0.124,0.08536,0.1762,0.9254
2018-04-14,Ashdod_IL,CHL,my,0.1033,0.08909,0.08454,0.2585,0.9303
2018-04-15,Ashdod_IL,CHL,my,0.127,0.1107,0.0864,0.1646,0.9254
2018-04-16,Ashdod_IL,CHL,my,,0.09349,0.07556,0.1276,0.796
2018-04-19,Ashdod_IL,CHL,my,,0.1265,0.08858,0.1418,0.6866
2018-04-22,Ashdod_IL,CHL,my,0.07946,0.08212,0.08235,0.5805,1
2018-04-23,Ashdod_IL,CHL,my,0.1683,0.06065,0.07088,0.2682,0.9254
2018-04-29,Ashdod_IL,CHL,my,0.2003,0.2003,0.1333,0.493,1
2018-04-30,Ashdod_IL,CHL,my,0.2911,0.2227,0.1374,0.391,0.9104
2018-05-08,Ashdod_IL,CHL,my,,0.08871,0.07601,0.1083,0.6368
2018-05-09,Ashdod_IL,CHL,my,0.2386,0.1324,0.1255,0.3848,0.9254
2018-05-14,Ashdod_IL,CHL,my,0.2882,0.2882,0.1399,0.3453,0.9254
2018-05-15,Ashdod_IL,CHL,my,0.294,0.294,0.1991,0.4688,0.995
2018-05-16,Ashdod_IL,CHL,my,0.3373,0.3024,0.1888,0.3715,0.9104
2018-05-18,Ashdod_IL,CHL,my,0.4104,0.4104,0.2958,0.4554,0.9254
2018-05-24,Ashdod_IL,CHL,my,,0.1253,0.08603,0.1544,0.7214
2018-05-29,Ashdod_IL,CHL,my,0.1348,0.1131,0.08533,0.1734,0.9254
2018-05-30,Ashdod_IL,CHL,my,0.1007,0.1007,0.1001,0.2634,0.7214
2018-05-31,Ashdod_IL,CHL,my,0.09721,,,,0.4179
2018-06-01,Ashdod_IL,CHL,my,0.09301,0.0801,0.05971,0.09301,0.7512
2018-06-02,Ashdod_IL,CHL,my,0.07078,0.07005,0.06044,0.08766,0.9254
2018-06-03,Ashdod_IL,CHL,my,0.2952,0.1842,0.136,0.2952,0.8607
2018-06-04,Ashdod_IL,CHL,my,0.3069,0.2425,0.1261,0.3434,0.9104
2018-06-06,Ashdod_IL,CHL,my,,0.1214,0.1034,0.3789,0.791
2018-06-09,Ashdod_IL,CHL,my,0.1035,0.08558,0.06425,0.1035,0.8607
2018-06-14,Ashdod_IL,CHL,my,0.2633,0.2206,0.1256,0.2896,0.9254
2018-06-15,Ashdod_IL,CHL,my,0.3318,0.3318,0.1586,0.7437,0.995
2018-06-17,Ashdod_IL,CHL,my,,0.1326,0.08514,0.1416,0.6766
2018-06-18,Ashdod_IL,CHL,my,0.1302,0.09484,0.06627,0.1302,0.8607
2018-06-19,Ashdod_IL,CHL,my,0.1194,0.07516,0.06151,0.1986,0.9801
2018-06-20,Ashdod_IL,CHL,my,0.08993,0.07633,0.06032,0.2823,0.9254
2018-06-21,Ashdod_IL,CHL,my,0.0813,0.08091,0.06811,0.09712,0.9254
2018-06-22,Ashdod_IL,CHL,my,,0.08282,0.06178,0.09836,0.7214
2018-06-23,Ashdod_IL,CHL,my,0.0658,0.08385,0.07094,0.225,1
2018-06-24,Ashdod_IL,CHL,my,0.1039,0.08566,0.06048,0.1039,0.6318
2018-06-25,Ashdod_IL,CHL,my,0.1301,0.1213,0.08319,0.1399,0.8259
2018-06-26,Ashdod_IL,CHL,my,0.07743,0.0835,0.09694,0.3556,0.995
2018-06-27,Ashdod_IL,CHL,my,0.1169,0.109,0.1132,0.5018,0.995
2018-06-28,Ashdod_IL,CHL,my,0.1334,0.1087,0.08567,0.1334,0.7562
2018-06-29,Ashdod_IL,CHL,my,0.1094,,,,0.4478
2018-06-30,Ashdod_IL,CHL,my,0.08776,0.09329,0.08494,0.2363,0.995
2018-07-01,Ashdod_IL,CHL,my,0.08169,0.08429,0.06666,0.1868,0.995
2018-07-02,Ashdod_IL,CHL,my,,0.1207,0.06852,0.1331,0.6816
2018-07-03,Ashdod_IL,CHL,my,,0.07938,0.05744,0.1339,0.7164
2018-07-04,Ashdod_IL,CHL,my,0.06357,0.06357,0.0554,0.1396,0.995
2018-07-05,Ashdod_IL,CHL,my,0.08665,0.0835,0.06689,0.0885,0.9104
2018-07-07,Ashdod_IL,CHL,my,,0.1646,0.08198,0.2032,0.8109
2018-07-08,Ashdod_IL,CHL,my,0.1889,0.1794,0.1203,0.546,0.995
2018-07-09,Ashdod_IL,CHL,my,0.1867,0.163,0.106,0.2325,0.9254
2018-07-10,Ashdod_IL,CHL,my,0.1921,0.1603,0.1136,0.2206,0.7313
2018-07-11,Ashdod_IL,CHL,my,,0.1345,0.08226,0.1764,0.7214
2018-07-12,Ashdod_IL,CHL,my,0.1204,0.1291,0.1039,0.449,0.9303
2018-07-15,Ashdod_IL,CHL,my,0.4301,0.3548,0.2607,0.478,0.8408
2018-07-16,Ashdod_IL,CHL,my,0.5105,0.462,0.168,0.6807,0.995
2018-07-17,Ashdod_IL,CHL,my,0.308,,,,0.408
2018-07-18,Ashdod_IL,CHL,my,0.295,0.2403,0.1205,0.295,0.607
2018-07-19,Ashdod_IL,CHL,my,0.4995,0.4995,0.2792,0.9165,1
2018-07-20,Ashdod_IL,CHL,my,,0.3563,0.1988,0.5855,0.5771
2018-07-23,Ashdod_IL,CHL,my,0.1085,0.2026,0.1528,0.3454,0.6617
2018-07-27,Ashdod_IL,CHL,my,0.05188,0.05334,0.06003,0.307,0.8955
2018-07-28,Ashdod_IL,CHL,my,0.1022,0.07484,0.06325,0.1166,0.9104
2018-07-29,Ashdod_IL,CHL,my,0.1651,0.1365,0.08848,0.1651,0.6567
2018-07-30,Ashdod_IL,CHL,my,0.2106,0.2483,0.1228,0.2719,0.9254
2018-07-31,Ashdod_IL,CHL,my,0.2559,0.2476,0.1243,0.4118,0.995
2018-08-01,Ashdod_IL,CHL,my,0.2253,0.2173,0.1336,0.2395,0.6468
2018-08-04,Ashdod_IL,CHL,my,0.1321,0.1186,0.08361,0.2926,0.995
2018-08-05,Ashdod_IL,CHL,my,0.3037,0.2874,0.1545,0.3161,0.8358
2018-08-06,Ashdod_IL,CHL,my,0.2354,0.2014,0.1124,0.2354,0.8607
2018-08-08,Ashdod_IL,CHL,my,0.259,0.259,0.1394,0.2707,0.8209
2018-08-10,Ashdod_IL,CHL,my,0.05215,0.05215,0.03994,0.1147,0.9254
2018-08-11,Ashdod_IL,CHL,my,0.1,0.0912,0.06588,0.1,0.7164
2018-08-12,Ashdod_IL,CHL,my,0.09614,0.09085,0.05396,0.1019,0.9104
2018-08-13,Ashdod_IL,CHL,my,0.2312,0.2816,0.1688,0.3848,0.9254
2018-08-16,Ashdod_IL,CHL,my,0.6197,0.5533,0.2567,1.32,1
2018-08-17,Ashdod_IL,CHL,my,0.2315,0.1508,0.1426,0.335,0.6716
2018-08-18,Ashdod_IL,CHL,my,0.3144,,,,0.1194
2018-08-19,Ashdod_IL,CHL,my,0.2365,0.2081,0.1444,0.3611,0.7512
2018-08-20,Ashdod_IL,CHL,my,0.6302,0.5869,0.3145,0.9174,0.995
2018-08-21,Ashdod_IL,CHL,my,0.5587,0.5587,0.2587,0.7061,0.9254
2018-08-22,Ashdod_IL,CHL,my,0.596,,,,0.2786
2018-08-23,Ashdod_IL,CHL,my,0.3515,,,,0.204
2018-08-24,Ashdod_IL,CHL,my,0.6332,0.1344,0.1867,0.6618,0.9254
2018-08-27,Ashdod_IL,CHL,my,0.5644,0.5644,0.3076,0.5948,0.995
2018-08-28,Ashdod_IL,CHL,my,0.2832,0.2346,0.1479,0.3267,0.6866
2018-08-29,Ashdod_IL,CHL,my,0.4576,0.3898,0.2893,0.49,0.9104
2018-08-30,Ashdod_IL,CHL,my,,0.1501,0.1142,0.1772,0.6766
2018-08-31,Ashdod_IL,CHL,my,,0.2012,0.1614,0.7825,0.6219
2018-09-02,Ashdod_IL,CHL,my,0.09681,0.07293,0.05203,0.1206,0.9104
2018-09-03,Ashdod_IL,CHL,my,0.07907,,,,0.4826
2018-09-04,Ashdod_IL,CHL,my,0.261,0.1806,0.09156,0.3039,0.995
2018-09-05,Ashdod_IL,CHL,my,0.04697,0.0412,0.03274,0.0623,0.9104
2018-09-06,Ashdod_IL,CHL,my,0.09875,0.08676,0.06456,0.1984,0.9254
2018-09-07,Ashdod_IL,CHL,my,0.1527,0.1527,0.1042,0.5158,0.7114
2018-09-08,Ashdod_IL,CHL,my,,0.0604,0.04625,0.08756,0.6517
2018-09-09,Ashdod_IL,CHL,my,,0.3264,0.1643,0.4256,0.5075
2018-09-10,Ashdod_IL,CHL,my,,0.2523,0.2106,0.7512,0.7264
2018-09-11,Ashdod_IL,CHL,my,0.8654,0.8654,0.4132,1.285,1
2018-09-14,Ashdod_IL,CHL,my,,0.3469,0.207,0.3655,0.5721
2018-09-15,Ashdod_IL,CHL,my,0.5095,0.5095,0.3442,1.1,0.8408
2018-09-16,Ashdod_IL,CHL,my,0.4262,0.4262,0.2816,1.088,0.995
2018-09-17,Ashdod_IL,CHL,my,0.6189,0.4484,0.2172,0.6189,0.9254
2018-09-18,Ashdod_IL,CHL,my,0.3739,0.1774,0.1377,0.5036,0.9254
2018-09-19,Ashdod_IL,CHL,my,0.3559,0.2709,0.1522,0.5272,0.995
2018-09-20,Ashdod_IL,CHL,my,0.3258,0.2556,0.1398,0.4512,0.9254
2018-09-21,Ashdod_IL,CHL,my,0.2862,0.2073,0.1141,0.3295,0.9254
2018-09-23,Ashdod_IL,CHL,my,0.1577,0.289,0.173,0.2954,0.995
2018-09-24,Ashdod_IL,CHL,my,0.2018,0.2318,0.1678,0.4115,0.9104
2018-09-25,Ashdod_IL,CHL,my,0.1436,0.1533,0.1135,0.1787,0.9254
2018-09-26,Ashdod_IL,CHL,my,0.1002,0.1273,0.07795,0.1613,0.9254
2018-09-27,Ashdod_IL,CHL,my,0.2073,0.1712,0.1349,0.629,0.995
2018-09-28,Ashdod_IL,CHL,my,0.3756,0.3213,0.1535,0.4029,0.9254
2018-10-02,Ashdod_IL,CHL,my,,0.1465,0.0905,0.1926,0.796
2018-10-04,Ashdod_IL,CHL,my,0.06917,0.06171,0.0522,0.06917,0.8607
2018-10-05,Ashdod_IL,CHL,my,0.07946,0.08096,0.07015,0.1541,0.9055
2018-10-08,Ashdod_IL,CHL,my,0.1447,,,,0.4179
2018-10-09,Ashdod_IL,CHL,my,0.4885,0.4268,0.2052,0.4885,0.9254
2018-10-10,Ashdod_IL,CHL,my,0.404,0.3581,0.1728,0.4814,0.9104
2018-10-11,Ashdod_IL,CHL,my,0.705,0.5614,0.294,0.7668,0.9254
2018-10-12,Ashdod_IL,CHL,my,0.8391,0.8142,0.395,0.9328,0.995
2018-10-13,Ashdod_IL,CHL,my,0.8099,0.695,0.3485,0.8129,0.9254
2018-10-14,Ashdod_IL,CHL,my,0.4456,0.3753,0.1586,0.4732,0.9254
2018-10-16,Ashdod_IL,CHL,my,0.1852,0.156,0.1367,0.7836,0.995
2018-10-17,Ashdod_IL,CHL,my,0.09588,,,,0.4826
2018-10-27,Ashdod_IL,CHL,my,1.203,1.279,0.6744,1.438,0.995
2018-10-28,Ashdod_IL,CHL,my,1.288,1.342,0.7207,1.419,0.995
2018-10-29,Ashdod_IL,CHL,my,0.8982,0.8483,0.6193,0.9619,0.9254
2018-10-30,Ashdod_IL,CHL,my,0.3373,0.3171,0.1397,0.3606,0.9254
2018-10-31,Ashdod_IL,CHL,my,0.1809,0.3231,0.244,0.5195,1
2018-11-01,Ashdod_IL,CHL,my,0.2699,0.2699,0.1544,0.3917,0.9254
2018-11-02,Ashdod_IL,CHL,my,0.2231,0.1954,0.1042,0.2876,0.9254
2018-11-03,Ashdod_IL,CHL,my,0.115,0.1411,0.09239,0.1739,0.995
2018-11-04,Ashdod_IL,CHL,my,0.1078,0.1052,0.08762,0.1328,0.9254
2018-11-07,Ashdod_IL,CHL,my,,0.1497,0.0994,0.2162,0.5075
2018-11-08,Ashdod_IL,CHL,my,0.2156,0.1613,0.1033,0.3014,0.9254
2018-11-10,Ashdod_IL,CHL,my,0.3424,0.1769,0.1166,0.3424,0.8607
2018-11-12,Ashdod_IL,CHL,my,0.2282,0.1818,0.1102,0.3419,0.995
2018-11-13,Ashdod_IL,CHL,my,0.3396,,,,0.3333
2018-11-17,Ashdod_IL,CHL,my,0.5198,0.3604,0.2293,0.6254,0.9254
2018-11-18,Ashdod_IL,CHL,my,0.521,0.521,0.3001,0.5545,0.995
2018-11-19,Ashdod_IL,CHL,my,,0.1987,0.1259,0.2604,0.7214
2018-11-20,Ashdod_IL,CHL,my,0.2105,0.2105,0.1335,0.2205,0.8905
2018-11-24,Ashdod_IL,CHL,my,,0.1034,0.07867,0.1476,0.796
2018-11-25,Ashdod_IL,CHL,my,0.109,0.109,0.08443,0.2868,0.9055
2018-11-26,Ashdod_IL,CHL,my,0.2377,0.2106,0.1184,0.2415,0.9254
2018-11-27,Ashdod_IL,CHL,my,0.08856,0.08856,0.07954,0.1314,0.9254
2018-11-28,Ashdod_IL,CHL,my,0.4051,0.5217,0.3471,0.6101,0.6418
2018-11-30,Ashdod_IL,CHL,my,0.1615,0.1615,0.1231,0.2022,0.9104
2018-12-01,Ashdod_IL,CHL,my,0.3555,,,,0.4826
2018-12-03,Ashdod_IL,CHL,my,0.2135,0.2135,0.1519,0.2537,0.7214
2018-12-04,Ashdod_IL,CHL,my,,0.1018,0.07628,0.1126,0.6269
2018-12-05,Ashdod_IL,CHL,my,0.6187,0.5559,0.3228,0.6328,0.9254
2018-12-10,Ashdod_IL,CHL,my,0.34,0.3009,0.1774,0.3442,0.9254
2018-12-11,Ashdod_IL,CHL,my,0.3978,0.3049,0.1991,0.4045,0.995
2018-12-12,Ashdod_IL,CHL,my,0.2193,0.207,0.1449,0.2858,0.9254
2018-12-13,Ashdod_IL,CHL,my,0.4165,0.4165,0.2281,0.634,0.9254
2018-12-14,Ashdod_IL,CHL,my,0.2455,0.2397,0.1561,0.2969,0.995
2018-12-15,Ashdod_IL,CHL,my,0.2894,0.2894,0.1984,0.3467,0.995
2018-12-19,Ashdod_IL,CHL,my,0.1886,0.1504,0.1129,0.2088,0.791
2018-12-21,Ashdod_IL,CHL,my,0.1377,0.1581,0.1378,0.3642,0.6219
2018-12-24,Ashdod_IL,CHL,my,0.2297,0.1373,0.1083,0.2409,0.8209
2018-12-25,Ashdod_IL,CHL,my,0.1497,0.1565,0.129,0.1751,0.8756
2018-12-26,Ashdod_IL,CHL,my,0.1815,0.1582,0.1204,0.1815,0.801
2018-12-30,Ashdod_IL,CHL,my,0.2754,,,,0.408
2018-01-06,Ashkelon_IL,CHL,my,0.8037,,,,0.2836
2018-01-07,Ashkelon_IL,CHL,my,0.9506,0.9506,0.52,1.134,1
2018-01-08,Ashkelon_IL,CHL,my,1.027,1.009,0.5327,1.19,0.9104
2018-01-09,Ashkelon_IL,CHL,my,0.796,0.8253,0.6482,1.029,0.5224
2018-01-11,Ashkelon_IL,CHL,my,0.3321,0.3321,0.2238,0.7569,1
2018-01-13,Ashkelon_IL,CHL,my,0.2201,0.2201,0.1798,0.3819,0.9502
2018-01-15,Ashkelon_IL,CHL,my,0.4287,0.4287,0.2479,0.5561,0.8259
2018-01-16,Ashkelon_IL,CHL,my,0.1396,0.1963,0.1503,0.353,0.8607
2018-01-18,Ashkelon_IL,CHL,my,0.2995,0.2308,0.1821,0.2995,0.7711
2018-01-29,Ashkelon_IL,CHL,my,0.7199,,,,0.3134
2018-01-30,Ashkelon_IL,CHL,my,0.6988,0.637,0.3978,0.6988,0.9502
2018-01-31,Ashkelon_IL,CHL,my,0.4467,0.5346,0.3747,0.6208,0.9502
2018-02-01,Ashkelon_IL,CHL,my,0.3043,0.3043,0.2389,0.5955,0.9502
2018-02-02,Ashkelon_IL,CHL,my,0.3078,0.2488,0.2208,0.378,0.9104
2018-02-04,Ashkelon_IL,CHL,my,0.2213,0.2127,0.1428,0.2455,0.9104
2018-02-14,Ashkelon_IL,CHL,my,0.3903,0.4373,0.2668,1.103,0.9502
2018-02-21,Ashkelon_IL,CHL,my,0.7119,0.7119,0.3517,0.9357,0.5075
2018-02-22,Ashkelon_IL,CHL,my,0.7875,0.5752,0.3417,1.187,0.9104
2018-02-24,Ashkelon_IL,CHL,my,0.2201,0.2201,0.1586,0.5772,0.8209
2018-02-26,Ashkelon_IL,CHL,my,,0.1343,0.1219,0.1416,0.5224
2018-02-27,Ashkelon_IL,CHL,my,0.308,0.308,0.1779,0.5807,0.9502
2018-02-28,Ashkelon_IL,CHL,my,0.1055,0.1049,0.1008,0.2702,0.8806
2018-03-02,Ashkelon_IL,CHL,my,0.196,0.196,0.1465,0.4292,0.9502
2018-03-03,Ashkelon_IL,CHL,my,0.1595,0.1978,0.1438,0.2123,0.8806
2018-03-07,Ashkelon_IL,CHL,my,0.05372,0.077,0.07833,0.3274,1
2018-03-10,Ashkelon_IL,CHL,my,0.2051,0.2051,0.1247,0.687,0.9502
2018-03-11,Ashkelon_IL,CHL,my,0.2802,0.2348,0.146,0.752,0.9104
2018-03-12,Ashkelon_IL,CHL,my,0.2771,0.2208,0.133,0.573,0.9104
2018-03-13,Ashkelon_IL,CHL,my,0.2398,0.1449,0.0908,0.2398,0.806
2018-03-14,Ashkelon_IL,CHL,my,0.161,0.1444,0.08611,0.188,0.9104
2018-03-17,Ashkelon_IL,CHL,my,0.09568,0.09058,0.07415,0.3443,1
2018-03-18,Ashkelon_IL,CHL,my,,0.1567,0.0969,0.1816,0.5522
2018-03-19,Ashkelon_IL,CHL,my,0.1094,0.09603,0.07477,0.1094,0.8806
2018-03-20,Ashkelon_IL,CHL,my,0.2626,0.2546,0.1538,0.3387,0.9104
2018-03-21,Ashkelon_IL,CHL,my,,0.09227,0.06416,0.1022,0.5672
2018-03-22,Ashkelon_IL,CHL,my,0.1023,0.1023,0.07072,0.1731,0.9502
2018-03-25,Ashkelon_IL,CHL,my,0.1952,0.1952,0.1183,0.6872,0.9502
2018-03-26,Ashkelon_IL,CHL,my,0.8382,0.7421,0.4328,1.518,0.9204
2018-03-31,Ashkelon_IL,CHL,my,1.257,1.224,0.5323,1.345,0.806
2018-04-01,Ashkelon_IL,CHL,my,1.201,1.166,0.6658,1.387,0.9104
2018-04-02,Ashkelon_IL,CHL,my,1,1.024,0.6677,1.357,0.9502
2018-04-04,Ashkelon_IL,CHL,my,0.8086,0.7473,0.3473,0.8086,0.806
2018-04-06,Ashkelon_IL,CHL,my,0.7326,0.7326,0.4595,1.534,0.8806
2018-04-07,Ashkelon_IL,CHL,my,0.4439,0.39,0.2314,0.5432,0.8806
2018-04-09,Ashkelon_IL,CHL,my,,0.1269,0.07384,0.1504,0.7015
2018-04-10,Ashkelon_IL,CHL,my,0.1791,,,,0.3234
2018-04-11,Ashkelon_IL,CHL,my,0.1432,0.1189,0.08621,0.2093,0.8806
2018-04-14,Ashkelon_IL,CHL,my,0.1047,0.1021,0.0765,0.1826,0.9104
2018-04-15,Ashkelon_IL,CHL,my,0.1544,0.1375,0.09372,0.1837,0.8806
2018-04-16,Ashkelon_IL,CHL,my,,0.106,0.0782,0.1349,0.7363
2018-04-19,Ashkelon_IL,CHL,my,,0.1487,0.1054,0.1667,0.597
2018-04-22,Ashkelon_IL,CHL,my,0.1022,0.08729,0.08405,0.3583,0.9104
2018-04-23,Ashkelon_IL,CHL,my,0.1772,0.08957,0.0835,0.3303,0.9104
2018-04-29,Ashkelon_IL,CHL,my,0.2695,0.2695,0.2786,1.202,1
2018-04-30,Ashkelon_IL,CHL,my,0.4653,0.3811,0.2499,0.8414,0.9104
2018-05-09,Ashkelon_IL,CHL,my,0.8621,0.8621,0.4313,1.63,1
2018-05-14,Ashkelon_IL,CHL,my,0.4587,0.4587,0.3523,1.165,1
2018-05-15,Ashkelon_IL,CHL,my,0.4244,0.4244,0.3315,1.111,0.9502
2018-05-18,Ashkelon_IL,CHL,my,0.3604,0.3201,0.2384,0.4367,0.8806
2018-05-24,Ashkelon_IL,CHL,my,,0.1643,0.1161,0.2199,0.597
2018-05-29,Ashkelon_IL,CHL,my,0.2082,0.2082,0.1381,0.2888,0.6468
2018-05-30,Ashkelon_IL,CHL,my,0.08608,0.08975,0.111,0.5082,0.8458
2018-05-31,Ashkelon_IL,CHL,my,0.1003,0.08937,0.06995,0.1003,0.6368
2018-06-01,Ashkelon_IL,CHL,my,0.1122,0.08426,0.07112,0.1122,0.806
2018-06-02,Ashkelon_IL,CHL,my,0.2622,0.239,0.1663,0.3595,0.9104
2018-06-03,Ashkelon_IL,CHL,my,0.7063,0.6267,0.2777,0.8533,0.9502
2018-06-04,Ashkelon_IL,CHL,my,0.3964,0.3719,0.1514,0.4104,0.8806
2018-06-05,Ashkelon_IL,CHL,my,,0.09632,0.0821,0.2238,0.7015
2018-06-06,Ashkelon_IL,CHL,my,,0.08568,0.08213,0.2082,0.7363
2018-06-09,Ashkelon_IL,CHL,my,0.1556,0.1361,0.09016,0.1556,0.806
2018-06-11,Ashkelon_IL,CHL,my,0.1469,0.1469,0.133,0.588,0.9502
2018-06-12,Ashkelon_IL,CHL,my,0.202,0.202,0.1371,0.2332,0.592
2018-06-14,Ashkelon_IL,CHL,my,0.3043,0.1441,0.1082,0.3043,0.8806
2018-06-15,Ashkelon_IL,CHL,my,0.3804,0.3804,0.2429,1.03,0.9502
2018-06-17,Ashkelon_IL,CHL,my,,0.1301,0.08252,0.1819,0.7015
2018-06-18,Ashkelon_IL,CHL,my,0.1632,0.1361,0.09732,0.3038,0.9104
2018-06-19,Ashkelon_IL,CHL,my,0.1216,0.1216,0.1353,0.5188,0.8955
2018-06-20,Ashkelon_IL,CHL,my,0.1478,0.1286,0.1102,0.2439,0.8806
2018-06-21,Ashkelon_IL,CHL,my,0.1272,0.136,0.1311,0.2348,0.9104
2018-06-23,Ashkelon_IL,CHL,my,0.07701,0.1081,0.09908,0.1447,0.9104
2018-06-24,Ashkelon_IL,CHL,my,0.1642,,,,0.398
2018-06-25,Ashkelon_IL,CHL,my,,0.1342,0.09269,0.1788,0.7114
2018-06-26,Ashkelon_IL,CHL,my,0.0807,0.08197,0.07849,0.1468,0.9502
2018-06-27,Ashkelon_IL,CHL,my,0.09313,0.09313,0.09115,0.2323,0.9502
2018-06-28,Ashkelon_IL,CHL,my,0.1734,0.1481,0.1158,0.1734,0.6269
2018-06-29,Ashkelon_IL,CHL,my,0.08072,,,,0.4328
2018-06-30,Ashkelon_IL,CHL,my,0.07499,0.09857,0.07017,0.1697,0.9502
2018-07-01,Ashkelon_IL,CHL,my,0.1448,0.1477,0.09493,0.3848,0.9502
2018-07-02,Ashkelon_IL,CHL,my,0.3267,,,,0.2985
2018-07-03,Ashkelon_IL,CHL,my,,0.09525,0.06959,0.116,0.7015
2018-07-04,Ashkelon_IL,CHL,my,0.08341,0.08341,0.08839,0.1807,0.9502
2018-07-05,Ashkelon_IL,CHL,my,0.1109,0.1087,0.07048,0.1351,0.8806
2018-07-06,Ashkelon_IL,CHL,my,0.199,0.199,0.1109,0.2208,0.8806
2018-07-07,Ashkelon_IL,CHL,my,0.2333,0.2081,0.1154,0.2633,0.8458
2018-07-08,Ashkelon_IL,CHL,my,0.2501,0.2501,0.2257,1.096,1
2018-07-09,Ashkelon_IL,CHL,my,0.1767,0.2139,0.1462,0.4324,0.9104
2018-07-10,Ashkelon_IL,CHL,my,0.2627,0.2342,0.1553,0.3698,0.7662
2018-07-11,Ashkelon_IL,CHL,my,0.3304,0.2616,0.1468,0.3304,0.6816
2018-07-12,Ashkelon_IL,CHL,my,0.23,0.1771,0.1053,0.2331,0.806
2018-07-16,Ashkelon_IL,CHL,my,0.6414,0.6414,0.3751,1.33,0.9502
2018-07-17,Ashkelon_IL,CHL,my,0.599,0.5989,0.2598,0.6815,0.8806
2018-07-19,Ashkelon_IL,CHL,my,0.8208,0.7609,0.4567,1.818,0.9502
2018-07-20,Ashkelon_IL,CHL,my,0.18,0.18,0.2161,1.498,1
2018-07-22,Ashkelon_IL,CHL,my,,0.3554,0.2361,0.6297,0.7363
2018-07-23,Ashkelon_IL,CHL,my,0.5576,0.5666,0.4343,1.25,0.6169
2018-07-27,Ashkelon_IL,CHL,my,0.3043,0.3043,0.2646,0.8343,0.9502
2018-07-28,Ashkelon_IL,CHL,my,,0.315,0.2406,0.383,0.6667
2018-07-29,Ashkelon_IL,CHL,my,0.4118,0.4118,0.2006,0.5814,0.6866
2018-07-30,Ashkelon_IL,CHL,my,0.2995,0.2995,0.1409,0.5241,0.9502
2018-07-31,Ashkelon_IL,CHL,my,0.191,0.191,0.1279,0.6062,0.9502
2018-08-01,Ashkelon_IL,CHL,my,0.1117,0.1063,0.09134,0.3083,0.9104
2018-08-04,Ashkelon_IL,CHL,my,0.4769,0.4449,0.206,1.18,0.9502
2018-08-05,Ashkelon_IL,CHL,my,0.5272,0.4867,0.2897,0.9211,0.9104
2018-08-06,Ashkelon_IL,CHL,my,0.6403,0.5266,0.233,0.6403,0.806
2018-08-07,Ashkelon_IL,CHL,my,,0.1838,0.08761,0.3361,0.6468
2018-08-08,Ashkelon_IL,CHL,my,0.1002,,,,0.2488
2018-08-10,Ashkelon_IL,CHL,my,0.1087,0.1242,0.1006,0.4242,0.9104
2018-08-11,Ashkelon_IL,CHL,my,,0.1047,0.06478,0.159,0.5871
2018-08-12,Ashkelon_IL,CHL,my,0.2534,0.2534,0.09907,0.4272,0.7761
2018-08-13,Ashkelon_IL,CHL,my,0.3662,0.3662,0.1294,0.6523,0.9502
2018-08-15,Ashkelon_IL,CHL,my,0.8825,0.8163,0.2636,0.9104,0.8806
2018-08-16,Ashkelon_IL,CHL,my,0.5143,0.5143,0.3165,1.004,0.9502
2018-08-17,Ashkelon_IL,CHL,my,0.8013,0.8013,0.3938,0.8217,0.7463
2018-08-18,Ashkelon_IL,CHL,my,0.7201,0.7201,0.5128,1.079,0.5572
2018-08-20,Ashkelon_IL,CHL,my,1.646,1.487,0.7927,1.736,0.9502
2018-08-21,Ashkelon_IL,CHL,my,1.021,0.939,0.453,1.153,0.9104
2018-08-22,Ashkelon_IL,CHL,my,1.128,0.7818,0.3878,1.128,0.806
2018-08-24,Ashkelon_IL,CHL,my,0.9109,0.9109,0.5341,1.369,0.9502
2018-08-27,Ashkelon_IL,CHL,my,,0.0961,0.08189,0.409,0.7015
2018-08-28,Ashkelon_IL,CHL,my,0.2455,0.2303,0.1512,0.3051,0.806
2018-08-29,Ashkelon_IL,CHL,my,0.3476,0.3476,0.2392,0.6708,0.9104
2018-08-31,Ashkelon_IL,CHL,my,,0.1243,0.1043,0.1472,0.602
2018-09-02,Ashkelon_IL,CHL,my,0.1953,0.171,0.1044,0.3441,0.8806
2018-09-03,Ashkelon_IL,CHL,my,0.2312,0.2312,0.1173,0.2612,1
2018-09-04,Ashkelon_IL,CHL,my,0.07865,0.06261,0.04835,0.1359,0.9104
2018-09-05,Ashkelon_IL,CHL,my,0.1111,0.08955,0.05622,0.1723,0.8806
2018-09-06,Ashkelon_IL,CHL,my,0.4412,0.2102,0.1404,0.5194,0.8806
2018-09-07,Ashkelon_IL,CHL,my,0.6149,0.6149,0.285,1.608,0.8806
2018-09-08,Ashkelon_IL,CHL,my,1.055,1.055,0.5074,1.214,0.7214
2018-09-09,Ashkelon_IL,CHL,my,,0.4706,0.2417,0.908,0.7164
2018-09-10,Ashkelon_IL,CHL,my,0.9653,0.8047,0.4127,1.3,0.796
2018-09-11,Ashkelon_IL,CHL,my,1.328,1.328,0.7705,1.754,1
2018-09-12,Ashkelon_IL,CHL,my,0.9482,,,,0.4428
2018-09-14,Ashkelon_IL,CHL,my,0.759,,,,0.4826
2018-09-15,Ashkelon_IL,CHL,my,0.7264,1.164,0.4818,1.741,0.8358
2018-09-16,Ashkelon_IL,CHL,my,1.188,0.6741,0.3318,1.188,0.9502
2018-09-17,Ashkelon_IL,CHL,my,0.7023,0.7023,0.3728,1.235,0.9502
2018-09-18,Ashkelon_IL,CHL,my,0.7949,0.7943,0.3647,1.382,0.9104
2018-09-19,Ashkelon_IL,CHL,my,0.7296,0.7296,0.3393,1.165,0.9502
2018-09-20,Ashkelon_IL,CHL,my,0.6157,0.6157,0.2866,1.082,0.9502
2018-09-21,Ashkelon_IL,CHL,my,0.4746,0.4746,0.2414,1.141,1
2018-09-22,Ashkelon_IL,CHL,my,0.4914,,,,0.3881
2018-09-23,Ashkelon_IL,CHL,my,0.3414,0.3414,0.189,0.8056,0.9502
2018-09-24,Ashkelon_IL,CHL,my,0.3783,0.3131,0.1751,0.5974,0.8806
2018-09-25,Ashkelon_IL,CHL,my,0.5221,0.5221,0.315,1.163,1
2018-09-26,Ashkelon_IL,CHL,my,0.7746,0.6654,0.3628,1.07,0.9104
2018-09-27,Ashkelon_IL,CHL,my,0.6368,0.6368,0.4027,1.286,1
2018-09-28,Ashkelon_IL,CHL,my,1.039,0.896,0.3973,1.055,0.9104
2018-10-02,Ashkelon_IL,CHL,my,0.3826,0.1793,0.1103,0.3826,0.806
2018-10-04,Ashkelon_IL,CHL,my,0.1835,0.1188,0.08781,0.1835,0.806
2018-10-05,Ashkelon_IL,CHL,my,0.08931,0.1105,0.1002,0.3362,0.9502
2018-10-08,Ashkelon_IL,CHL,my,0.8934,0.7894,0.3937,0.9533,0.7562
2018-10-09,Ashkelon_IL,CHL,my,0.8517,0.8517,0.3679,0.9501,0.597
2018-10-10,Ashkelon_IL,CHL,my,1.18,1.142,0.7106,1.199,0.8159
2018-10-11,Ashkelon_IL,CHL,my,1.276,1.255,0.6418,1.29,0.9104
2018-10-12,Ashkelon_IL,CHL,my,,0.7742,0.3631,1.087,0.7662
2018-10-13,Ashkelon_IL,CHL,my,1.059,1.059,0.6452,1.162,0.9104
2018-10-14,Ashkelon_IL,CHL,my,0.7828,0.693,0.3954,0.9207,0.9104
2018-10-15,Ashkelon_IL,CHL,my,0.8928,0.8439,0.5767,0.8928,0.5522
2018-10-16,Ashkelon_IL,CHL,my,1.07,1.17,0.8294,1.316,1
2018-10-17,Ashkelon_IL,CHL,my,0.8784,,,,0.209
2018-10-27,Ashkelon_IL,CHL,my,1.529,1.599,0.8441,1.667,0.9502
2018-10-28,Ashkelon_IL,CHL,my,1.408,1.381,0.6447,1.431,0.9502
2018-10-29,Ashkelon_IL,CHL,my,1.107,1.11,0.5302,1.187,0.9104
2018-10-30,Ashkelon_IL,CHL,my,0.5127,0.5127,0.2966,0.5624,1
2018-10-31,Ashkelon_IL,CHL,my,0.744,0.7037,0.3087,0.744,0.9502
2018-11-01,Ashkelon_IL,CHL,my,0.3145,0.3145,0.2467,0.6309,1
2018-11-02,Ashkelon_IL,CHL,my,0.2047,0.221,0.1772,0.5193,1
2018-11-03,Ashkelon_IL,CHL,my,0.3291,0.2252,0.1471,0.3722,0.9502
2018-11-04,Ashkelon_IL,CHL,my,0.1226,0.1583,0.1363,0.3663,1
2018-11-05,Ashkelon_IL,CHL,my,0.09993,0.09396,0.06563,0.09993,0.5522
2018-11-07,Ashkelon_IL,CHL,my,0.534,0.4787,0.2806,0.534,0.6517
2018-11-08,Ashkelon_IL,CHL,my,0.4435,0.4131,0.2098,0.5731,0.9204
2018-11-09,Ashkelon_IL,CHL,my,0.4829,0.4353,0.2514,0.5707,0.7114
2018-11-10,Ashkelon_IL,CHL,my,0.4524,0.3886,0.1962,0.5276,0.806
2018-11-12,Ashkelon_IL,CHL,my,0.2801,0.2686,0.1268,0.2801,0.9502
2018-11-13,Ashkelon_IL,CHL,my,0.4126,0.4126,0.2507,0.4485,0.6766
2018-11-17,Ashkelon_IL,CHL,my,0.6141,0.6141,0.3715,1.146,1
2018-11-18,Ashkelon_IL,CHL,my,0.8073,0.8073,0.3826,0.9343,1
2018-11-20,Ashkelon_IL,CHL,my,0.2815,0.2532,0.1567,0.3027,0.9104
2018-11-24,Ashkelon_IL,CHL,my,0.1186,0.1236,0.09146,0.1706,0.9104
2018-11-25,Ashkelon_IL,CHL,my,0.1437,0.1437,0.09964,0.2801,0.9801
2018-11-26,Ashkelon_IL,CHL,my,0.09696,0.09848,0.09437,0.2932,1
2018-11-27,Ashkelon_IL,CHL,my,0.1612,0.2442,0.2063,0.3838,0.6269
2018-11-28,Ashkelon_IL,CHL,my,,0.1181,0.09231,0.142,0.597
2018-11-30,Ashkelon_IL,CHL,my,0.2192,0.1717,0.09887,0.2192,0.806
2018-12-01,Ashkelon_IL,CHL,my,0.3237,,,,0.3532
2018-12-04,Ashkelon_IL,CHL,my,0.1409,0.1703,0.1354,0.2741,1
2018-12-10,Ashkelon_IL,CHL,my,0.2393,0.2366,0.1699,0.3107,0.9104
2018-12-11,Ashkelon_IL,CHL,my,0.2346,0.2314,0.2044,0.4968,0.9602
2018-12-12,Ashkelon_IL,CHL,my,0.3807,0.322,0.2196,0.427,0.9104
2018-12-14,Ashkelon_IL,CHL,my,0.4074,0.4575,0.3233,0.5977,0.9104
2018-12-15,Ashkelon_IL,CHL,my,0.2685,0.2819,0.2048,0.3264,0.9502
2018-12-18,Ashkelon_IL,CHL,my,0.2928,0.2353,0.1485,0.2928,0.806
2018-12-19,Ashkelon_IL,CHL,my,0.2713,0.2884,0.2229,0.5203,0.8557
2018-12-21,Ashkelon_IL,CHL,my,0.3609,0.3609,0.2725,0.4341,0.6468
2018-12-22,Ashkelon_IL,CHL,my,0.2592,0.2745,0.1884,0.3265,0.9502
2018-12-24,Ashkelon_IL,CHL,my,0.1218,0.1216,0.09804,0.1268,0.8806
2018-12-25,Ashkelon_IL,CHL,my,,0.2265,0.1756,0.2957,0.8458
2018-12-26,Ashkelon_IL,CHL,my,0.1267,0.1267,0.1077,0.1684,0.9104
2018-01-07,Bardawil_off,CHL,my,3.367,2.292,2.145,3.367,1
2018-01-08,Bardawil_off,CHL,my,2.073,2.142,1.875,3.299,1
2018-01-09,Bardawil_off,CHL,my,1.765,1.52,1.279,1.963,1
2018-01-11,Bardawil_off,CHL,my,2.287,2.25,1.763,2.291,1
2018-01-12,Bardawil_off,CHL,my,2.419,2.107,1.606,2.511,1
2018-01-14,Bardawil_off,CHL,my,,1.86,1.46,2.164,0.5604
2018-01-16,Bardawil_off,CHL,my,2.217,2.114,1.682,2.217,1
2018-01-17,Bardawil_off,CHL,my,2.216,2.138,1.739,2.216,1
2018-01-18,Bardawil_off,CHL,my,4.132,4.267,2.819,4.577,1
2018-01-20,Bardawil_off,CHL,my,4.842,,,,0.2527
2018-01-28,Bardawil_off,CHL,my,,6.401,4.423,6.507,0.8736
2018-01-30,Bardawil_off,CHL,my,1.913,1.913,1.735,1.972,0.5659
2018-02-01,Bardawil_off,CHL,my,1.693,1.574,1.201,1.835,1
2018-02-02,Bardawil_off,CHL,my,2.421,2.188,1.566,2.56,1
2018-02-03,Bardawil_off,CHL,my,2.665,2.129,1.597,2.745,1
2018-02-14,Bardawil_off,CHL,my,2.124,2.105,1.735,2.124,0.9396
2018-02-16,Bardawil_off,CHL,my,2.078,1.695,1.539,2.078,1
2018-02-18,Bardawil_off,CHL,my,5.377,5.305,4.584,5.391,0.6868
2018-02-22,Bardawil_off,CHL,my,1.859,1.788,1.244,1.904,1
2018-02-24,Bardawil_off,CHL,my,1.679,1.516,1.149,1.679,1
2018-02-27,Bardawil_off,CHL,my,2.214,2.041,1.558,2.256,1
2018-02-28,Bardawil_off,CHL,my,1.948,1.872,1.323,1.948,1
2018-03-01,Bardawil_off,CHL,my,2.213,2.114,1.586,2.229,1
2018-03-02,Bardawil_off,CHL,my,1.677,1.65,1.257,1.882,1
2018-03-03,Bardawil_off,CHL,my,1.898,1.74,1.107,1.898,1
2018-03-05,Bardawil_off,CHL,my,,1.515,1.107,1.701,0.7473
2018-03-07,Bardawil_off,CHL,my,2.043,1.852,1.117,2.052,1
2018-03-09,Bardawil_off,CHL,my,,1.433,1.285,1.5,0.5
2018-03-10,Bardawil_off,CHL,my,1.764,1.663,1.295,1.845,0.9341
2018-03-11,Bardawil_off,CHL,my,1.77,1.642,1.385,1.857,1
2018-03-12,Bardawil_off,CHL,my,1.426,1.47,1.167,1.594,1
2018-03-13,Bardawil_off,CHL,my,1.315,1.342,1.126,1.562,1
2018-03-14,Bardawil_off,CHL,my,1.444,1.317,1.108,1.524,1
2018-03-16,Bardawil_off,CHL,my,,1.286,0.9278,1.422,0.8736
2018-03-17,Bardawil_off,CHL,my,1.535,1.416,1.15,1.539,1
2018-03-18,Bardawil_off,CHL,my,1.909,1.85,1.318,2.974,0.9396
2018-03-20,Bardawil_off,CHL,my,1.906,1.453,1.09,1.954,1
2018-03-21,Bardawil_off,CHL,my,2.17,1.614,1.174,2.215,1
2018-03-26,Bardawil_off,CHL,my,4.248,3.721,2.363,4.782,1
2018-03-27,Bardawil_off,CHL,my,1.932,1.824,1.506,1.992,1
2018-03-30,Bardawil_off,CHL,my,5.152,5.087,3.699,5.353,1
2018-03-31,Bardawil_off,CHL,my,3.06,2.226,1.967,3.086,1
2018-04-02,Bardawil_off,CHL,my,2.058,2.016,1.655,2.169,1
2018-04-04,Bardawil_off,CHL,my,,1.895,1.295,2.057,0.9396
2018-04-06,Bardawil_off,CHL,my,2.166,2.06,1.604,2.181,0.978
2018-04-07,Bardawil_off,CHL,my,1.888,1.804,1.498,1.953,1
2018-04-09,Bardawil_off,CHL,my,1.639,1.55,1.073,1.69,0.8736
2018-04-10,Bardawil_off,CHL,my,1.452,1.482,1.133,1.626,0.9176
2018-04-14,Bardawil_off,CHL,my,1.909,1.597,1.174,1.909,1
2018-04-15,Bardawil_off,CHL,my,1.448,1.421,0.8946,1.455,1
2018-04-16,Bardawil_off,CHL,my,1.537,1.361,0.9515,1.537,1
2018-04-18,Bardawil_off,CHL,my,,1.349,1.044,1.832,0.8736
2018-04-19,Bardawil_off,CHL,my,1.96,1.379,1.182,1.987,0.9341
2018-04-23,Bardawil_off,CHL,my,2.173,2.098,1.81,2.21,1
2018-04-24,Bardawil_off,CHL,my,2.179,2.134,1.724,2.179,0.9341
2018-04-28,Bardawil_off,CHL,my,1.968,,,,0.4396
2018-04-29,Bardawil_off,CHL,my,2.424,2.009,1.52,2.501,1
2018-05-07,Bardawil_off,CHL,my,2.583,2.278,1.74,2.867,1
2018-05-09,Bardawil_off,CHL,my,2.306,2.075,1.723,3.671,1
2018-05-11,Bardawil_off,CHL,my,2.005,1.909,1.553,2.005,0.9396
2018-05-13,Bardawil_off,CHL,my,2.084,1.876,1.479,2.084,0.8077
2018-05-14,Bardawil_off,CHL,my,2.12,2.045,1.578,2.145,1
2018-05-15,Bardawil_off,CHL,my,2.278,2.085,1.662,2.38,1
2018-05-17,Bardawil_off,CHL,my,1.861,1.652,1.382,1.959,1
2018-05-18,Bardawil_off,CHL,my,2.329,2.155,1.539,2.454,1
2018-05-20,Bardawil_off,CHL,my,1.706,1.486,1.229,1.842,1
2018-05-26,Bardawil_off,CHL,my,1.843,1.52,1.18,2.033,1
2018-05-29,Bardawil_off,CHL,my,1.372,1.337,1.046,1.552,0.9396
2018-05-30,Bardawil_off,CHL,my,1.566,1.378,0.9497,1.566,1
2018-06-01,Bardawil_off,CHL,my,1.951,1.852,1.419,1.951,0.9341
2018-06-02,Bardawil_off,CHL,my,1.946,1.756,1.237,1.981,1
2018-06-03,Bardawil_off,CHL,my,2.034,1.938,1.384,2.143,1
2018-06-04,Bardawil_off,CHL,my,2.081,2.017,1.377,2.103,1
2018-06-05,Bardawil_off,CHL,my,1.986,1.922,1.258,1.988,1
2018-06-06,Bardawil_off,CHL,my,1.979,1.671,1.15,2.034,0.8132
2018-06-07,Bardawil_off,CHL,my,2.135,1.836,1.277,2.169,1
2018-06-08,Bardawil_off,CHL,my,,2.006,1.261,2.225,0.8736
2018-06-09,Bardawil_off,CHL,my,1.744,1.702,1.14,1.758,0.8791
2018-06-10,Bardawil_off,CHL,my,,1.631,1.027,1.751,0.8077
2018-06-11,Bardawil_off,CHL,my,2.152,1.85,1.318,2.252,1
2018-06-12,Bardawil_off,CHL,my,1.879,1.879,1.435,1.982,0.8791
2018-06-14,Bardawil_off,CHL,my,1.998,1.877,1.315,2.034,0.9396
2018-06-15,Bardawil_off,CHL,my,1.779,1.563,1.239,1.903,1
2018-06-17,Bardawil_off,CHL,my,1.967,1.643,1.266,1.967,1
2018-06-18,Bardawil_off,CHL,my,1.484,1.484,0.9412,1.697,1
2018-06-19,Bardawil_off,CHL,my,1.576,1.557,1.027,1.627,1
2018-06-20,Bardawil_off,CHL,my,1.561,1.502,1.019,1.712,1
2018-06-21,Bardawil_off,CHL,my,1.725,1.588,1.155,1.741,0.9341
2018-06-22,Bardawil_off,CHL,my,1.709,1.709,1.263,1.788,1
2018-06-23,Bardawil_off,CHL,my,1.72,1.627,1.219,1.72,1
2018-06-24,Bardawil_off,CHL,my,1.568,1.548,1.066,1.661,1
2018-06-25,Bardawil_off,CHL,my,1.443,1.476,1.101,1.633,0.9396
2018-06-26,Bardawil_off,CHL,my,1.525,1.282,0.8282,1.576,1
2018-06-27,Bardawil_off,CHL,my,1.575,1.348,0.8811,1.644,1
2018-06-29,Bardawil_off,CHL,my,1.358,1.276,0.8254,1.37,1
2018-06-30,Bardawil_off,CHL,my,,1.22,0.9889,1.553,0.8516
2018-07-01,Bardawil_off,CHL,my,1.5,1.5,1.113,1.674,0.9396
2018-07-03,Bardawil_off,CHL,my,1.453,1.506,1.193,1.692,1
2018-07-04,Bardawil_off,CHL,my,1.739,1.473,0.9611,1.742,1
2018-07-05,Bardawil_off,CHL,my,1.858,1.485,1.101,1.858,1
2018-07-06,Bardawil_off,CHL,my,1.833,1.614,1.22,1.889,1
2018-07-07,Bardawil_off,CHL,my,2.022,1.727,1.352,2.126,1
2018-07-08,Bardawil_off,CHL,my,1.773,1.773,1.265,1.855,1
2018-07-09,Bardawil_off,CHL,my,1.807,1.559,1.061,1.807,1
2018-07-10,Bardawil_off,CHL,my,1.659,1.538,1.055,1.659,0.978
2018-07-11,Bardawil_off,CHL,my,1.738,1.738,1.244,1.809,0.5
2018-07-12,Bardawil_off,CHL,my,1.653,1.412,1.068,1.803,1
2018-07-13,Bardawil_off,CHL,my,1.991,1.962,1.359,2.029,0.7527
2018-07-14,Bardawil_off,CHL,my,1.862,1.768,1.485,1.862,1
2018-07-15,Bardawil_off,CHL,my,1.855,1.855,1.636,1.909,0.5659
2018-07-16,Bardawil_off,CHL,my,1.914,1.887,1.395,1.997,0.8901
2018-07-17,Bardawil_off,CHL,my,1.836,1.732,1.419,1.87,1
2018-07-18,Bardawil_off,CHL,my,2.006,1.762,1.38,2.024,0.9341
2018-07-19,Bardawil_off,CHL,my,2.023,1.804,1.518,2.027,1
2018-07-20,Bardawil_off,CHL,my,1.903,1.775,1.419,1.903,0.8736
2018-07-21,Bardawil_off,CHL,my,1.924,1.844,1.489,1.94,1
2018-07-22,Bardawil_off,CHL,my,1.844,1.699,1.461,1.844,1
2018-07-23,Bardawil_off,CHL,my,2.788,1.812,1.628,2.859,1
2018-07-24,Bardawil_off,CHL,my,2.586,,,,0.3736
2018-07-26,Bardawil_off,CHL,my,1.925,1.791,1.506,2.067,1
2018-07-27,Bardawil_off,CHL,my,1.706,1.65,1.408,1.918,1
2018-07-29,Bardawil_off,CHL,my,1.744,1.587,1.325,1.831,0.956
2018-07-30,Bardawil_off,CHL,my,1.802,1.742,1.48,1.961,1
2018-07-31,Bardawil_off,CHL,my,1.632,1.602,1.376,1.752,1
2018-08-01,Bardawil_off,CHL,my,1.494,1.482,1.169,1.561,0.8187
2018-08-03,Bardawil_off,CHL,my,1.767,1.623,1.434,1.803,0.6648
2018-08-04,Bardawil_off,CHL,my,2.046,1.977,1.603,2.113,0.9396
2018-08-05,Bardawil_off,CHL,my,1.82,1.774,1.436,1.877,0.8791
2018-08-06,Bardawil_off,CHL,my,1.665,1.597,1.263,1.774,1
2018-08-07,Bardawil_off,CHL,my,,1.413,1.089,1.512,0.6319
2018-08-10,Bardawil_off,CHL,my,1.768,1.546,1.358,1.824,1
2018-08-11,Bardawil_off,CHL,my,1.7,1.558,1.339,1.857,1
2018-08-12,Bardawil_off,CHL,my,1.842,1.802,1.4,1.885,1
2018-08-13,Bardawil_off,CHL,my,1.911,1.732,1.49,2.044,1
2018-08-15,Bardawil_off,CHL,my,1.972,1.878,1.637,2.065,1
2018-08-16,Bardawil_off,CHL,my,1.79,1.79,1.557,1.865,1
2018-08-18,Bardawil_off,CHL,my,1.803,1.817,1.555,1.902,0.5495
2018-08-19,Bardawil_off,CHL,my,1.639,,,,0.1923
2018-08-20,Bardawil_off,CHL,my,1.74,1.622,1.357,1.78,1
2018-08-21,Bardawil_off,CHL,my,1.71,1.675,1.444,1.769,1
2018-08-22,Bardawil_off,CHL,my,1.593,1.595,1.311,1.844,1
2018-08-23,Bardawil_off,CHL,my,1.669,1.605,1.326,1.855,0.8736
2018-08-24,Bardawil_off,CHL,my,1.696,1.628,1.39,1.92,1
2018-08-25,Bardawil_off,CHL,my,1.797,1.749,1.279,1.846,0.8791
2018-08-27,Bardawil_off,CHL,my,1.966,1.784,1.533,1.966,0.9341
2018-08-28,Bardawil_off,CHL,my,,1.97,1.5,2.185,0.9396
2018-08-29,Bardawil_off,CHL,my,1.876,1.868,1.575,2.025,1
2018-08-30,Bardawil_off,CHL,my,1.906,1.818,1.48,1.906,1
2018-08-31,Bardawil_off,CHL,my,2.036,1.88,1.574,2.036,0.9341
2018-09-02,Bardawil_off,CHL,my,2.001,1.786,1.396,2.029,0.8132
2018-09-03,Bardawil_off,CHL,my,1.741,1.741,1.46,1.895,0.9396
2018-09-04,Bardawil_off,CHL,my,1.698,,,,0.3736
2018-09-05,Bardawil_off,CHL,my,1.723,1.721,1.379,1.831,1
2018-09-06,Bardawil_off,CHL,my,1.952,1.827,1.499,2.085,0.8736
2018-09-07,Bardawil_off,CHL,my,2.235,2.157,1.716,2.235,0.7473
2018-09-08,Bardawil_off,CHL,my,,2.042,1.701,2.158,0.8132
2018-09-09,Bardawil_off,CHL,my,1.879,1.773,1.481,1.914,1
2018-09-11,Bardawil_off,CHL,my,1.922,1.785,1.506,2.007,1
2018-09-12,Bardawil_off,CHL,my,2.154,1.862,1.558,2.154,1
2018-09-14,Bardawil_off,CHL,my,1.689,1.685,1.489,1.733,1
2018-09-15,Bardawil_off,CHL,my,,1.608,1.401,1.734,0.6264
2018-09-17,Bardawil_off,CHL,my,1.645,1.403,1.294,1.752,1
2018-09-18,Bardawil_off,CHL,my,1.673,1.248,1.208,1.673,1
2018-09-19,Bardawil_off,CHL,my,1.723,1.723,1.198,1.878,1
2018-09-20,Bardawil_off,CHL,my,1.806,1.567,1.322,1.806,1
2018-09-21,Bardawil_off,CHL,my,1.863,1.686,1.473,1.919,1
2018-09-22,Bardawil_off,CHL,my,1.666,1.701,1.43,1.996,1
2018-09-23,Bardawil_off,CHL,my,1.702,1.775,1.464,1.932,1
2018-09-24,Bardawil_off,CHL,my,1.533,1.546,1.283,1.696,1
2018-09-25,Bardawil_off,CHL,my,1.562,1.613,1.263,1.657,1
2018-09-26,Bardawil_off,CHL,my,1.594,1.542,1.333,1.732,1
2018-09-27,Bardawil_off,CHL,my,1.72,1.654,1.281,1.72,1
2018-09-28,Bardawil_off,CHL,my,2.027,1.897,1.54,2.205,1
2018-10-02,Bardawil_off,CHL,my,1.794,1.784,1.535,1.99,1
2018-10-04,Bardawil_off,CHL,my,1.608,1.594,1.287,1.612,1
2018-10-05,Bardawil_off,CHL,my,1.564,1.564,1.28,1.651,1
2018-10-08,Bardawil_off,CHL,my,1.931,1.857,1.391,1.957,0.9341
2018-10-10,Bardawil_off,CHL,my,1.983,1.898,1.443,2.062,1
2018-10-11,Bardawil_off,CHL,my,1.952,1.952,1.492,2,0.7527
2018-10-12,Bardawil_off,CHL,my,1.668,1.67,1.247,1.833,0.9396
2018-10-13,Bardawil_off,CHL,my,1.629,1.722,1.403,1.789,0.7912
2018-10-14,Bardawil_off,CHL,my,1.949,1.775,1.306,2.035,1
2018-10-15,Bardawil_off,CHL,my,,1.424,1.092,1.468,0.5604
2018-10-16,Bardawil_off,CHL,my,,1.205,0.7094,1.266,0.5
2018-10-17,Bardawil_off,CHL,my,1.674,1.631,1.08,1.759,0.8132
2018-10-18,Bardawil_off,CHL,my,1.762,1.389,1.023,1.868,1
2018-10-19,Bardawil_off,CHL,my,1.71,1.496,1.058,1.71,0.8187
2018-10-20,Bardawil_off,CHL,my,1.792,0.9661,0.87,2.221,1
2018-10-27,Bardawil_off,CHL,my,2.402,3.32,2.535,3.757,1
2018-10-28,Bardawil_off,CHL,my,3.64,3.902,2.972,4.068,1
2018-10-29,Bardawil_off,CHL,my,4.405,2.938,2.558,4.69,1
2018-10-31,Bardawil_off,CHL,my,3.156,2.663,2.337,3.156,1
2018-11-01,Bardawil_off,CHL,my,4.109,4.096,2.96,4.705,1
2018-11-02,Bardawil_off,CHL,my,2.973,2.287,2.116,3.088,1
2018-11-03,Bardawil_off,CHL,my,1.95,1.831,1.661,1.996,1
2018-11-04,Bardawil_off,CHL,my,1.891,1.734,1.411,1.987,1
2018-11-07,Bardawil_off,CHL,my,,1.491,1.33,1.526,0.5659
2018-11-10,Bardawil_off,CHL,my,1.3,,,,0.4341
2018-11-11,Bardawil_off,CHL,my,1.71,1.612,1.167,1.789,1
2018-11-12,Bardawil_off,CHL,my,1.68,1.634,1.029,1.68,1
2018-11-13,Bardawil_off,CHL,my,1.604,,,,0.1264
2018-11-15,Bardawil_off,CHL,my,1.978,1.801,1.267,1.984,0.978
2018-11-16,Bardawil_off,CHL,my,4.128,3.855,2.425,4.163,1
2018-11-17,Bardawil_off,CHL,my,1.9,1.812,1.484,1.942,1
2018-11-18,Bardawil_off,CHL,my,1.815,1.807,1.424,1.895,1
2018-11-19,Bardawil_off,CHL,my,1.713,1.645,1.396,1.79,1
2018-11-20,Bardawil_off,CHL,my,1.505,1.367,1.013,1.647,1
2018-11-21,Bardawil_off,CHL,my,1.454,1.323,1.118,1.454,0.5659
2018-11-22,Bardawil_off,CHL,my,1.814,1.676,1.154,2.017,1
2018-11-24,Bardawil_off,CHL,my,2.117,2.076,1.828,2.117,0.6264
2018-11-25,Bardawil_off,CHL,my,1.746,1.617,1.192,1.746,1
2018-11-26,Bardawil_off,CHL,my,1.806,1.505,1.219,2.039,0.6868
2018-11-27,Bardawil_off,CHL,my,1.805,1.732,1.331,2.048,0.8077
2018-11-30,Bardawil_off,CHL,my,1.874,1.663,1.135,2.188,1
2018-12-01,Bardawil_off,CHL,my,3.508,3.341,2.305,3.818,1
2018-12-02,Bardawil_off,CHL,my,,1.942,1.541,2.059,0.6868
2018-12-03,Bardawil_off,CHL,my,2.146,1.907,1.605,2.146,1
2018-12-04,Bardawil_off,CHL,my,2.631,2.463,1.977,2.631,1
2018-12-05,Bardawil_off,CHL,my,3.86,2.635,2.295,3.884,0.7637
2018-12-08,Bardawil_off,CHL,my,,6.725,4.243,7.099,0.8077
2018-12-10,Bardawil_off,CHL,my,4.245,4.448,3.244,4.804,1
2018-12-11,Bardawil_off,CHL,my,5.54,4.459,3.987,5.54,0.6923
2018-12-12,Bardawil_off,CHL,my,5.217,5.384,4.314,6.29,1
2018-12-13,Bardawil_off,CHL,my,3.795,3.795,3.078,4.152,1
2018-12-14,Bardawil_off,CHL,my,1.972,2.123,1.742,2.273,1
2018-12-15,Bardawil_off,CHL,my,2.389,2.326,1.349,2.44,1
2018-12-18,Bardawil_off,CHL,my,3.672,3.672,2.601,4.189,1
2018-12-24,Bardawil_off,CHL,my,1.669,1.531,1.104,1.782,1
2018-12-25,Bardawil_off,CHL,my,2.26,2.016,1.458,2.26,1
2018-12-26,Bardawil_off,CHL,my,2.094,1.949,1.568,2.244,1
2018-12-27,Bardawil_off,CHL,my,,1.8,1.37,1.831,0.5
2018-12-31,Bardawil_off,CHL,my,3.772,2.418,1.815,3.772,0.8242
2018-01-01,Damietta_mouth,CHL,my,4.815,,,,0.1264
2018-01-03,Damietta_mouth,CHL,my,2.635,2.603,2.086,3.989,1
2018-01-04,Damietta_mouth,CHL,my,4.16,4.16,2.367,4.398,0.5495
2018-01-06,Damietta_mouth,CHL,my,7.354,5.484,4.147,7.354,0.8132
2018-01-07,Damietta_mouth,CHL,my,2.108,2.108,2.012,2.254,1
2018-01-08,Damietta_mouth,CHL,my,4.305,3.588,2.45,4.707,1
2018-01-09,Damietta_mouth,CHL,my,3.172,1.916,1.803,3.282,1
2018-01-12,Damietta_mouth,CHL,my,2.081,1.897,1.608,2.143,0.9231
2018-01-13,Damietta_mouth,CHL,my,2.075,1.458,1.312,2.498,1
2018-01-15,Damietta_mouth,CHL,my,5.006,,,,0.4286
2018-01-16,Damietta_mouth,CHL,my,2.261,,,,0.3681
2018-01-17,Damietta_mouth,CHL,my,3.095,2.074,1.64,3.233,1
2018-01-18,Damietta_mouth,CHL,my,4.54,4.944,3.278,5.668,1
2018-01-21,Damietta_mouth,CHL,my,4.573,3.569,2.733,4.573,0.989
2018-01-28,Damietta_mouth,CHL,my,3.669,3.541,2.176,3.801,1
2018-01-30,Damietta_mouth,CHL,my,2.223,1.793,1.322,2.305,1
2018-02-01,Damietta_mouth,CHL,my,2.95,,,,0.3681
2018-02-02,Damietta_mouth,CHL,my,4.57,2.757,2.25,4.587,1
2018-02-03,Damietta_mouth,CHL,my,12.15,8.978,3.901,12.15,1
2018-02-13,Damietta_mouth,CHL,my,3.67,,,,0.1209
2018-02-14,Damietta_mouth,CHL,my,2.202,2.251,1.738,2.351,1
2018-02-22,Damietta_mouth,CHL,my,2.338,2.149,1.605,2.338,1
2018-02-24,Damietta_mouth,CHL,my,1.982,1.789,1.366,2.098,1
2018-02-27,Damietta_mouth,CHL,my,2.57,2.342,1.751,2.606,1
2018-02-28,Damietta_mouth,CHL,my,2.525,2.416,1.839,3.492,1
2018-03-03,Damietta_mouth,CHL,my,4.109,2.586,1.76,4.37,1
2018-03-05,Damietta_mouth,CHL,my,3.142,2.075,1.712,3.155,0.6264
2018-03-06,Damietta_mouth,CHL,my,2.506,2.036,1.448,2.845,1
2018-03-07,Damietta_mouth,CHL,my,3.518,2.862,1.996,4.625,1
2018-03-10,Damietta_mouth,CHL,my,2.54,2.201,1.809,2.54,0.5055
2018-03-11,Damietta_mouth,CHL,my,1.684,,,,0.489
2018-03-12,Damietta_mouth,CHL,my,1.622,1.29,1.003,2.003,1
2018-03-13,Damietta_mouth,CHL,my,2.779,2.617,1.35,3.246,1
2018-03-14,Damietta_mouth,CHL,my,1.222,1.17,0.7927,1.311,1
2018-03-16,Damietta_mouth,CHL,my,1.747,1.488,1.245,1.747,0.6758
2018-03-17,Damietta_mouth,CHL,my,1.443,1.816,1.165,2.052,1
2018-03-20,Damietta_mouth,CHL,my,2.1,1.924,1.369,2.15,1
2018-03-21,Damietta_mouth,CHL,my,3.409,2.266,1.544,3.493,1
2018-03-26,Damietta_mouth,CHL,my,5.76,5.598,3.509,5.924,1
2018-03-27,Damietta_mouth,CHL,my,3.869,2.647,2.246,4.221,1
2018-03-31,Damietta_mouth,CHL,my,4.824,3.096,2.578,6.096,1
2018-04-01,Damietta_mouth,CHL,my,4.468,2.381,2.212,4.468,0.9396
2018-04-04,Damietta_mouth,CHL,my,3.996,3.567,2.204,4.232,1
2018-04-06,Damietta_mouth,CHL,my,2.653,2.515,1.804,2.706,1
2018-04-07,Damietta_mouth,CHL,my,2.299,1.939,1.535,2.928,1
2018-04-09,Damietta_mouth,CHL,my,2.03,1.794,1.44,2.345,1
2018-04-14,Damietta_mouth,CHL,my,3.236,2.96,1.672,3.236,1
2018-04-15,Damietta_mouth,CHL,my,1.82,1.533,1.127,1.992,1
2018-04-17,Damietta_mouth,CHL,my,2.122,1.701,1.144,2.518,1
2018-04-18,Damietta_mouth,CHL,my,1.968,1.491,1.067,2.303,1
2018-04-22,Damietta_mouth,CHL,my,2.905,2.11,1.451,3.061,1
2018-04-23,Damietta_mouth,CHL,my,4.739,1.935,1.836,7.42,1
2018-04-24,Damietta_mouth,CHL,my,2.697,1.634,1.238,2.697,0.9396
2018-04-28,Damietta_mouth,CHL,my,1.652,1.511,1.026,1.652,1
2018-04-29,Damietta_mouth,CHL,my,4.345,1.831,1.355,4.345,1
2018-05-07,Damietta_mouth,CHL,my,4.117,4.123,2.689,4.319,0.5055
2018-05-09,Damietta_mouth,CHL,my,1.68,1.599,1.174,2.01,1
2018-05-13,Damietta_mouth,CHL,my,2.05,1.837,1.207,2.122,1
2018-05-14,Damietta_mouth,CHL,my,1.502,1.542,1.204,2.257,1
2018-05-15,Damietta_mouth,CHL,my,1.52,1.665,1.196,2.187,0.7527
2018-05-16,Damietta_mouth,CHL,my,2.176,1.542,1.099,2.262,1
2018-05-17,Damietta_mouth,CHL,my,,1.63,1.017,1.921,0.8791
2018-05-18,Damietta_mouth,CHL,my,1.826,1.494,0.9722,2.018,1
2018-05-19,Damietta_mouth,CHL,my,1.751,1.509,0.817,1.907,1
2018-05-20,Damietta_mouth,CHL,my,1.617,1.44,0.8545,2.61,1
2018-05-21,Damietta_mouth,CHL,my,,0.9038,0.5041,1.311,0.6813
2018-05-26,Damietta_mouth,CHL,my,1.764,1.412,0.7116,2.123,0.9396
2018-05-27,Damietta_mouth,CHL,my,1.735,0.9548,0.5179,1.737,1
2018-05-30,Damietta_mouth,CHL,my,1.794,1.176,0.8182,4.654,1
2018-05-31,Damietta_mouth,CHL,my,,0.8385,0.4202,1.089,0.5714
2018-06-01,Damietta_mouth,CHL,my,1.549,1.23,0.8407,2.32,1
2018-06-02,Damietta_mouth,CHL,my,1.705,1.289,0.8172,1.786,1
2018-06-03,Damietta_mouth,CHL,my,1.757,1.059,0.8481,3.052,1
2018-06-04,Damietta_mouth,CHL,my,1.365,1.042,0.6697,1.964,1
2018-06-05,Damietta_mouth,CHL,my,1.633,1.214,0.7319,1.633,0.9396
2018-06-06,Damietta_mouth,CHL,my,1.52,1.283,0.8063,2.276,1
2018-06-07,Damietta_mouth,CHL,my,1.746,1.346,0.8955,2.269,1
2018-06-08,Damietta_mouth,CHL,my,1.615,1.245,0.7221,1.615,0.9396
2018-06-09,Damietta_mouth,CHL,my,1.578,1.278,0.7883,2.083,0.9396
2018-06-11,Damietta_mouth,CHL,my,1.762,1.427,1.018,3.857,1
2018-06-12,Damietta_mouth,CHL,my,1.604,1.266,0.7988,1.604,1
2018-06-14,Damietta_mouth,CHL,my,1.912,1.299,0.9578,4.195,1
2018-06-15,Damietta_mouth,CHL,my,4.212,1.39,1.208,5.133,1
2018-06-17,Damietta_mouth,CHL,my,1.906,1.61,1.052,2.198,1
2018-06-18,Damietta_mouth,CHL,my,1.827,1.47,0.8525,2.32,1
2018-06-19,Damietta_mouth,CHL,my,2.409,1.969,1.04,2.644,1
2018-06-20,Damietta_mouth,CHL,my,2.748,1.883,1.102,2.921,1
2018-06-22,Damietta_mouth,CHL,my,2.44,1.769,1.07,2.632,1
2018-06-23,Damietta_mouth,CHL,my,1.725,1.313,0.7527,2.019,1
2018-06-24,Damietta_mouth,CHL,my,1.984,1.53,0.8592,2.032,1
2018-06-25,Damietta_mouth,CHL,my,1.796,1.485,0.8269,2.257,1
2018-06-26,Damietta_mouth,CHL,my,1.801,1.648,0.8618,3.08,1
2018-06-28,Damietta_mouth,CHL,my,,0.9929,0.5108,1.126,0.511
2018-06-30,Damietta_mouth,CHL,my,1.792,1.693,0.9325,1.792,0.989
2018-07-01,Damietta_mouth,CHL,my,1.931,1.506,0.8697,2.155,1
2018-07-03,Damietta_mouth,CHL,my,1.404,1.136,0.6527,1.827,1
2018-07-04,Damietta_mouth,CHL,my,1.722,1.001,0.5535,1.8,1
2018-07-05,Damietta_mouth,CHL,my,1.314,1.114,0.6743,1.597,1
2018-07-06,Damietta_mouth,CHL,my,1.626,1.307,0.7562,1.626,1
2018-07-08,Damietta_mouth,CHL,my,1.54,1.234,0.7601,2.016,1
2018-07-09,Damietta_mouth,CHL,my,1.498,1.46,0.8376,1.956,1
2018-07-10,Damietta_mouth,CHL,my,1.81,1.559,0.89,1.901,1
2018-07-11,Damietta_mouth,CHL,my,1.681,1.325,0.7837,1.812,1
2018-07-12,Damietta_mouth,CHL,my,1.649,1.623,0.9378,1.947,0.8132
2018-07-13,Damietta_mouth,CHL,my,1.73,,,,0.4286
2018-07-14,Damietta_mouth,CHL,my,1.953,1.803,1.344,1.953,1
2018-07-15,Damietta_mouth,CHL,my,1.676,1.615,1.186,1.749,0.8681
2018-07-16,Damietta_mouth,CHL,my,1.611,1.497,0.9628,1.611,0.8736
2018-07-17,Damietta_mouth,CHL,my,1.529,1.48,1.164,1.811,1
2018-07-18,Damietta_mouth,CHL,my,,1.427,0.8766,1.617,0.8187
2018-07-19,Damietta_mouth,CHL,my,1.438,1.436,0.9755,1.674,1
2018-07-20,Damietta_mouth,CHL,my,1.704,1.548,1.086,1.704,1
2018-07-21,Damietta_mouth,CHL,my,1.603,1.537,1.012,1.822,1
2018-07-22,Damietta_mouth,CHL,my,1.444,1.427,0.9453,1.749,1
2018-07-23,Damietta_mouth,CHL,my,1.416,1.39,1.053,1.863,1
2018-07-26,Damietta_mouth,CHL,my,1.99,1.503,1.093,2.152,1
2018-07-27,Damietta_mouth,CHL,my,1.572,1.528,0.925,2.398,1
2018-07-28,Damietta_mouth,CHL,my,1.585,1.291,0.8886,1.585,0.9396
2018-07-29,Damietta_mouth,CHL,my,1.509,1.293,0.9324,1.623,1
2018-07-30,Damietta_mouth,CHL,my,1.444,1.292,0.9322,1.581,1
2018-07-31,Damietta_mouth,CHL,my,,0.4809,0.274,0.7045,0.5055
2018-08-01,Damietta_mouth,CHL,my,1.57,1.402,0.7587,1.57,0.7527
2018-08-02,Damietta_mouth,CHL,my,1.281,,,,0.489
2018-08-04,Damietta_mouth,CHL,my,1.667,1.495,1.016,1.769,1
2018-08-05,Damietta_mouth,CHL,my,1.646,1.525,0.9502,1.646,0.9396
2018-08-06,Damietta_mouth,CHL,my,1.852,1.374,0.9292,2.767,1
2018-08-07,Damietta_mouth,CHL,my,1.441,1.287,0.8422,1.749,1
2018-08-08,Damietta_mouth,CHL,my,1.508,1.445,0.9571,1.708,1
2018-08-09,Damietta_mouth,CHL,my,1.407,1.525,1.036,1.913,0.9341
2018-08-10,Damietta_mouth,CHL,my,1.59,1.549,0.9953,2.149,1
2018-08-11,Damietta_mouth,CHL,my,1.744,1.439,0.9837,2.395,1
2018-08-12,Damietta_mouth,CHL,my,,1.654,1.022,1.862,0.9396
2018-08-13,Damietta_mouth,CHL,my,1.448,1.391,0.8224,1.912,1
2018-08-14,Damietta_mouth,CHL,my,1.704,1.486,0.9884,1.854,1
2018-08-15,Damietta_mouth,CHL,my,1.577,1.577,1.021,2.757,1
2018-08-17,Damietta_mouth,CHL,my,1.578,1.462,1.045,1.781,0.9341
2018-08-19,Damietta_mouth,CHL,my,1.636,1.533,0.9974,2.085,1
2018-08-20,Damietta_mouth,CHL,my,1.26,1.45,0.8671,2.067,1
2018-08-21,Damietta_mouth,CHL,my,1.262,1.313,0.8122,1.813,1
2018-08-22,Damietta_mouth,CHL,my,1.59,,,,0.3077
2018-08-23,Damietta_mouth,CHL,my,1.483,1.271,0.7051,1.483,1
2018-08-24,Damietta_mouth,CHL,my,1.648,1.434,0.919,1.887,1
2018-08-27,Damietta_mouth,CHL,my,1.058,1.1,0.58,1.286,0.6923
2018-08-28,Damietta_mouth,CHL,my,,1.193,0.7639,1.5,0.8791
2018-08-29,Damietta_mouth,CHL,my,1.592,1.286,0.774,2.283,1
2018-08-30,Damietta_mouth,CHL,my,1.914,1.201,0.7974,3.501,1
2018-08-31,Damietta_mouth,CHL,my,1.78,1.128,0.7125,2.142,1
2018-09-03,Damietta_mouth,CHL,my,,1.085,0.7212,1.882,0.9396
2018-09-04,Damietta_mouth,CHL,my,1.663,1.651,0.9707,2.224,0.8791
2018-09-05,Damietta_mouth,CHL,my,1.565,1.16,0.7003,1.565,1
2018-09-06,Damietta_mouth,CHL,my,1.436,1.212,0.7526,1.806,1
2018-09-07,Damietta_mouth,CHL,my,1.549,1.466,0.8845,2.027,1
2018-09-08,Damietta_mouth,CHL,my,,1.522,0.8143,1.881,0.5659
2018-09-09,Damietta_mouth,CHL,my,1.598,1.598,0.9815,1.876,0.8791
2018-09-10,Damietta_mouth,CHL,my,1.617,1.42,0.8719,2.005,1
2018-09-11,Damietta_mouth,CHL,my,2.057,1.5,0.9012,3.039,1
2018-09-12,Damietta_mouth,CHL,my,1.893,1.508,0.8082,1.893,1
2018-09-13,Damietta_mouth,CHL,my,1.626,1.499,0.7744,1.771,1
2018-09-14,Damietta_mouth,CHL,my,1.712,1.402,0.8059,1.953,0.989
2018-09-15,Damietta_mouth,CHL,my,1.517,,,,0.3681
2018-09-16,Damietta_mouth,CHL,my,,0.8456,0.4919,1.025,0.6264
2018-09-17,Damietta_mouth,CHL,my,1.592,1.515,0.9249,1.93,1
2018-09-18,Damietta_mouth,CHL,my,2.07,1.236,0.8633,2.252,1
2018-09-19,Damietta_mouth,CHL,my,1.469,1.461,0.8724,2.518,1
2018-09-20,Damietta_mouth,CHL,my,2.502,1.338,0.888,2.502,0.9286
2018-09-22,Damietta_mouth,CHL,my,1.608,1.257,0.7926,1.66,0.9396
2018-09-23,Damietta_mouth,CHL,my,1.701,1.686,0.8815,1.765,1
2018-09-24,Damietta_mouth,CHL,my,2.205,1.785,0.9997,2.494,1
2018-09-25,Damietta_mouth,CHL,my,1.75,1.672,0.9437,2.094,1
2018-09-26,Damietta_mouth,CHL,my,1.505,1.505,0.8887,2.01,1
2018-09-27,Damietta_mouth,CHL,my,1.781,1.778,1.293,1.964,1
2018-09-28,Damietta_mouth,CHL,my,4.18,2.271,1.923,4.299,1
2018-09-30,Damietta_mouth,CHL,my,2.449,2.118,1.428,2.46,1
2018-10-02,Damietta_mouth,CHL,my,2.37,1.823,1.168,2.911,1
2018-10-04,Damietta_mouth,CHL,my,1.597,1.276,0.8605,1.597,1
2018-10-11,Damietta_mouth,CHL,my,1.573,1.573,0.9878,1.936,0.8736
2018-10-12,Damietta_mouth,CHL,my,,1.366,0.8951,1.516,0.6813
2018-10-13,Damietta_mouth,CHL,my,1.704,1.342,0.9713,2.374,1
2018-10-14,Damietta_mouth,CHL,my,1.579,1.446,0.8425,1.892,1
2018-10-15,Damietta_mouth,CHL,my,,1.098,0.6239,1.587,0.9396
2018-10-16,Damietta_mouth,CHL,my,1.877,1.163,0.8382,2.358,1
2018-10-18,Damietta_mouth,CHL,my,2.838,2.231,1.087,3.355,1
2018-10-19,Damietta_mouth,CHL,my,7.265,2.882,1.978,8.301,1
2018-10-26,Damietta_mouth,CHL,my,6.882,,,,0.3132
2018-10-27,Damietta_mouth,CHL,my,5.474,4.099,2.879,5.474,0.9396
2018-10-28,Damietta_mouth,CHL,my,7.803,7.277,3.977,8.566,1
2018-10-29,Damietta_mouth,CHL,my,5.865,5.865,3.699,6.543,1
2018-10-30,Damietta_mouth,CHL,my,4.917,4.311,2.485,5.005,1
2018-10-31,Damietta_mouth,CHL,my,6.5,5.428,2.93,6.5,1
2018-11-01,Damietta_mouth,CHL,my,5.564,4.681,2.83,5.799,1
2018-11-02,Damietta_mouth,CHL,my,4.198,3.568,2.102,4.942,1
2018-11-03,Damietta_mouth,CHL,my,5.434,4.72,2.827,5.434,1
2018-11-06,Damietta_mouth,CHL,my,2.065,1.964,1.547,2.105,0.6758
2018-11-10,Damietta_mouth,CHL,my,1.301,1.167,0.5995,1.549,1
2018-11-11,Damietta_mouth,CHL,my,1.605,1.229,0.8931,1.687,0.7418
2018-11-12,Damietta_mouth,CHL,my,1.786,0.9534,0.8594,1.884,1
2018-11-14,Damietta_mouth,CHL,my,2.179,1.853,0.8288,2.449,1
2018-11-15,Damietta_mouth,CHL,my,1.82,1.788,0.7942,1.873,0.8791
2018-11-17,Damietta_mouth,CHL,my,2.343,2.177,1.179,2.689,1
2018-11-18,Damietta_mouth,CHL,my,2.656,,,,0.4286
2018-11-19,Damietta_mouth,CHL,my,1.487,1.234,0.8348,1.754,1
2018-11-21,Damietta_mouth,CHL,my,,1.077,0.6301,1.296,0.6923
2018-11-23,Damietta_mouth,CHL,my,1.681,,,,0.4286
2018-11-25,Damietta_mouth,CHL,my,3.873,3.705,2.151,4.326,0.7363
2018-11-27,Damietta_mouth,CHL,my,2.359,2.173,1.401,2.659,1
2018-11-29,Damietta_mouth,CHL,my,2.766,2.246,1.3,2.993,1
2018-11-30,Damietta_mouth,CHL,my,5.53,5.448,2.907,5.633,1
2018-12-03,Damietta_mouth,CHL,my,2.794,2.794,1.549,3.205,1
2018-12-04,Damietta_mouth,CHL,my,4.275,2.292,1.834,4.574,1
2018-12-08,Damietta_mouth,CHL,my,9.426,8.895,6.436,9.745,1
2018-12-09,Damietta_mouth,CHL,my,5.528,5.528,3.743,6.032,1
2018-12-10,Damietta_mouth,CHL,my,3.897,3.944,2.434,4.317,1
2018-12-11,Damietta_mouth,CHL,my,5.965,5.671,3.307,6.109,1
2018-12-13,Damietta_mouth,CHL,my,3.636,3.373,2.238,4.238,1
2018-12-14,Damietta_mouth,CHL,my,3.395,2.381,2.126,3.708,1
2018-12-15,Damietta_mouth,CHL,my,4.627,3.816,2.448,4.627,1
2018-12-18,Damietta_mouth,CHL,my,4.412,3.746,2.05,4.412,0.8132
2018-12-21,Damietta_mouth,CHL,my,,3.573,2.444,3.83,0.6209
2018-12-22,Damietta_mouth,CHL,my,3.146,2.23,1.943,3.551,0.7418
2018-12-23,Damietta_mouth,CHL,my,2.007,1.84,1.606,3.504,0.8626
2018-12-25,Damietta_mouth,CHL,my,1.649,1.481,0.7829,1.675,1
2018-12-26,Damietta_mouth,CHL,my,3.907,2.307,2.027,3.947,1
2018-01-02,El_Arish_EG,CHL,my,1.515,,,,0.2338
2018-01-07,El_Arish_EG,CHL,my,1.444,1.444,0.953,1.879,0.9851
2018-01-08,El_Arish_EG,CHL,my,1.653,1.653,1.133,2.335,0.9851
2018-01-11,El_Arish_EG,CHL,my,1.299,1.299,0.7077,1.871,1
2018-01-12,El_Arish_EG,CHL,my,1.596,1.521,0.855,1.873,0.9254
2018-01-13,El_Arish_EG,CHL,my,1.437,1.437,0.8375,1.664,0.9851
2018-01-15,El_Arish_EG,CHL,my,2.36,2.164,1.305,2.36,0.9851
2018-01-16,El_Arish_EG,CHL,my,2.016,2.016,1.382,2.132,0.9851
2018-01-17,El_Arish_EG,CHL,my,1.716,1.716,1.145,1.843,0.9851
2018-01-18,El_Arish_EG,CHL,my,0.983,0.9292,0.8015,1.205,0.9254
2018-01-20,El_Arish_EG,CHL,my,1.954,1.954,1.75,3.748,0.9851
2018-01-28,El_Arish_EG,CHL,my,1.516,1.458,1.098,1.663,0.9254
2018-01-30,El_Arish_EG,CHL,my,1.264,1.264,0.8125,1.673,0.9851
2018-01-31,El_Arish_EG,CHL,my,1.23,1.23,0.7689,1.54,0.9851
2018-02-01,El_Arish_EG,CHL,my,0.7192,0.7192,0.5236,1.776,0.9851
2018-02-02,El_Arish_EG,CHL,my,0.8934,0.8934,0.6479,2.09,0.9851
2018-02-03,El_Arish_EG,CHL,my,0.7937,0.5555,0.4216,1.033,0.9254
2018-02-04,El_Arish_EG,CHL,my,0.7118,0.9166,0.6906,1.566,0.9851
2018-02-13,El_Arish_EG,CHL,my,1.961,1.876,1.319,1.961,0.8706
2018-02-14,El_Arish_EG,CHL,my,1.523,1.571,1.206,1.701,0.592
2018-02-16,El_Arish_EG,CHL,my,1.665,1.628,0.9769,1.718,0.9851
2018-02-19,El_Arish_EG,CHL,my,,1.7,1.226,1.899,0.5871
2018-02-22,El_Arish_EG,CHL,my,1.791,1.791,0.8606,1.907,1
2018-02-23,El_Arish_EG,CHL,my,1.365,,,,0.403
2018-02-24,El_Arish_EG,CHL,my,1.476,1.3,0.6851,1.519,0.9254
2018-02-27,El_Arish_EG,CHL,my,1.474,,,,0.408
2018-02-28,El_Arish_EG,CHL,my,1.411,1.411,0.6792,1.8,0.9851
2018-03-01,El_Arish_EG,CHL,my,1.38,0.8759,0.4959,1.38,0.8109
2018-03-02,El_Arish_EG,CHL,my,1.425,1.17,0.5674,1.499,0.9254
2018-03-03,El_Arish_EG,CHL,my,1.321,1.377,0.7786,1.558,0.9851
2018-03-04,El_Arish_EG,CHL,my,,0.5089,0.3417,0.7717,0.5224
2018-03-07,El_Arish_EG,CHL,my,0.8931,0.8931,0.4946,1.362,0.9851
2018-03-09,El_Arish_EG,CHL,my,1.368,1.368,0.7532,1.573,0.7363
2018-03-10,El_Arish_EG,CHL,my,1.565,1.546,0.9369,1.682,1
2018-03-11,El_Arish_EG,CHL,my,1.466,1.466,0.8124,1.623,0.9851
2018-03-12,El_Arish_EG,CHL,my,1.357,1.357,0.777,1.558,0.9851
2018-03-13,El_Arish_EG,CHL,my,,0.9796,0.4603,1.117,0.7512
2018-03-14,El_Arish_EG,CHL,my,0.872,0.872,0.4321,1.15,0.9851
2018-03-16,El_Arish_EG,CHL,my,1.006,1.006,0.4598,1.309,0.9851
2018-03-17,El_Arish_EG,CHL,my,1.185,1.185,0.5587,1.285,0.9851
2018-03-18,El_Arish_EG,CHL,my,1.44,1.164,0.8405,1.44,0.5771
2018-03-19,El_Arish_EG,CHL,my,0.766,0.7196,0.4551,0.766,0.8657
2018-03-20,El_Arish_EG,CHL,my,,0.597,0.3782,0.7509,0.6368
2018-03-21,El_Arish_EG,CHL,my,0.7011,0.6975,0.3079,0.8873,0.8806
2018-03-22,El_Arish_EG,CHL,my,0.7696,0.7261,0.3867,0.9106,0.9851
2018-03-25,El_Arish_EG,CHL,my,1.5,1.437,0.8489,1.572,0.9254
2018-03-26,El_Arish_EG,CHL,my,1.685,1.578,0.9025,1.865,1
2018-03-30,El_Arish_EG,CHL,my,2.131,,,,0.403
2018-03-31,El_Arish_EG,CHL,my,2.216,2.043,1.429,2.475,0.9254
2018-04-01,El_Arish_EG,CHL,my,,1.493,1.183,2.056,0.6915
2018-04-02,El_Arish_EG,CHL,my,1.451,1.491,1.212,1.635,0.9851
2018-04-06,El_Arish_EG,CHL,my,1.394,1.339,0.8809,1.465,0.8657
2018-04-07,El_Arish_EG,CHL,my,1.354,1.304,0.8723,1.513,0.9254
2018-04-08,El_Arish_EG,CHL,my,,1.049,0.6466,1.296,0.6368
2018-04-09,El_Arish_EG,CHL,my,1.175,1.132,0.7034,1.29,0.9254
2018-04-10,El_Arish_EG,CHL,my,0.9685,0.9685,0.5243,1.083,0.9851
2018-04-11,El_Arish_EG,CHL,my,1.074,,,,0.1144
2018-04-14,El_Arish_EG,CHL,my,1.008,1.031,0.7136,1.121,0.9851
2018-04-15,El_Arish_EG,CHL,my,0.9524,0.9571,0.6135,0.9884,0.9851
2018-04-16,El_Arish_EG,CHL,my,0.8507,0.7118,0.4498,0.8507,0.8109
2018-04-19,El_Arish_EG,CHL,my,1.068,1.009,0.6716,1.143,0.6418
2018-04-22,El_Arish_EG,CHL,my,1.689,1.63,1.03,1.838,0.9254
2018-04-23,El_Arish_EG,CHL,my,1.548,1.548,1.081,1.683,0.9851
2018-04-24,El_Arish_EG,CHL,my,,1.063,0.764,1.49,0.6368
2018-04-26,El_Arish_EG,CHL,my,1.624,,,,0.4627
2018-04-28,El_Arish_EG,CHL,my,1.291,1.221,0.8049,1.505,0.9254
2018-04-29,El_Arish_EG,CHL,my,1.435,1.38,0.8527,1.621,1
2018-04-30,El_Arish_EG,CHL,my,,0.8897,0.6011,1.223,0.6915
2018-05-09,El_Arish_EG,CHL,my,1.917,1.858,1.295,2.078,0.9254
2018-05-11,El_Arish_EG,CHL,my,1.512,1.48,1.029,1.594,0.9254
2018-05-13,El_Arish_EG,CHL,my,1.774,1.774,1.168,1.839,0.9851
2018-05-14,El_Arish_EG,CHL,my,1.717,1.67,1.084,1.717,0.9254
2018-05-16,El_Arish_EG,CHL,my,1.462,,,,0.2338
2018-05-17,El_Arish_EG,CHL,my,1.401,1.478,1.037,1.581,0.9254
2018-05-27,El_Arish_EG,CHL,my,1.191,1.007,0.5702,1.211,0.806
2018-05-30,El_Arish_EG,CHL,my,1.054,1.173,0.782,1.652,0.8259
2018-06-01,El_Arish_EG,CHL,my,1.389,1.339,0.8033,1.546,0.9254
2018-06-02,El_Arish_EG,CHL,my,1.313,1.313,0.8104,1.476,0.9254
2018-06-03,El_Arish_EG,CHL,my,1.425,1.425,1.017,1.782,1
2018-06-04,El_Arish_EG,CHL,my,1.277,1.277,0.9213,1.484,0.9851
2018-06-05,El_Arish_EG,CHL,my,1.312,1.253,0.7625,1.479,0.9254
2018-06-06,El_Arish_EG,CHL,my,1.393,1.44,0.9107,1.447,0.806
2018-06-07,El_Arish_EG,CHL,my,1.291,1.127,0.7171,1.291,0.9851
2018-06-09,El_Arish_EG,CHL,my,1.58,1.438,0.8388,1.648,0.8706
2018-06-10,El_Arish_EG,CHL,my,1.548,1.548,1.068,1.633,0.5174
2018-06-11,El_Arish_EG,CHL,my,1.506,1.538,0.8728,1.941,0.9254
2018-06-12,El_Arish_EG,CHL,my,1.407,1.538,0.9685,1.699,0.9254
2018-06-14,El_Arish_EG,CHL,my,1.437,1.474,0.9949,1.745,0.9254
2018-06-15,El_Arish_EG,CHL,my,1.647,1.647,1.088,2.116,0.9851
2018-06-17,El_Arish_EG,CHL,my,1.47,1.365,0.7936,1.49,0.7512
2018-06-18,El_Arish_EG,CHL,my,1.062,1.062,0.6606,1.551,0.9851
2018-06-19,El_Arish_EG,CHL,my,1.134,1.134,0.5594,1.546,1
2018-06-20,El_Arish_EG,CHL,my,1.145,1.145,0.6142,1.508,0.9851
2018-06-21,El_Arish_EG,CHL,my,1.001,0.9432,0.5366,1.079,0.9254
2018-06-22,El_Arish_EG,CHL,my,1.144,1.104,0.6014,1.301,0.9851
2018-06-23,El_Arish_EG,CHL,my,0.9099,0.8709,0.4303,1.049,0.9254
2018-06-25,El_Arish_EG,CHL,my,1.444,1.428,0.8103,1.488,0.9254
2018-06-26,El_Arish_EG,CHL,my,1.334,1.298,0.6891,1.537,1
2018-06-27,El_Arish_EG,CHL,my,1.255,1.255,0.9038,1.419,1
2018-06-29,El_Arish_EG,CHL,my,1.323,,,,0.4677
2018-06-30,El_Arish_EG,CHL,my,1.359,1.371,0.8468,1.557,1
2018-07-01,El_Arish_EG,CHL,my,1.243,1.243,0.8379,1.574,0.9851
2018-07-03,El_Arish_EG,CHL,my,1.027,1.052,0.6687,1.202,0.8109
2018-07-04,El_Arish_EG,CHL,my,0.859,0.859,0.5449,1.492,1
2018-07-05,El_Arish_EG,CHL,my,1.187,0.866,0.61,1.373,0.9254
2018-07-06,El_Arish_EG,CHL,my,1.351,1.273,0.8628,1.462,0.8706
2018-07-07,El_Arish_EG,CHL,my,1.303,1.242,0.9685,1.358,0.9851
2018-07-08,El_Arish_EG,CHL,my,1.342,1.346,1.016,1.602,0.9453
2018-07-09,El_Arish_EG,CHL,my,1.39,1.287,0.9302,1.558,0.9851
2018-07-11,El_Arish_EG,CHL,my,1.579,1.483,1.185,1.677,0.592
2018-07-12,El_Arish_EG,CHL,my,1.552,1.369,0.9,2.764,1
2018-07-13,El_Arish_EG,CHL,my,1.533,1.533,1.033,1.633,0.7463
2018-07-14,El_Arish_EG,CHL,my,1.621,1.494,0.9393,1.681,0.8657
2018-07-15,El_Arish_EG,CHL,my,1.516,1.562,0.9943,1.661,0.9254
2018-07-16,El_Arish_EG,CHL,my,1.57,,,,0.408
2018-07-17,El_Arish_EG,CHL,my,1.469,1.47,0.9778,1.591,0.9254
2018-07-19,El_Arish_EG,CHL,my,1.516,1.649,0.8894,1.846,0.9851
2018-07-20,El_Arish_EG,CHL,my,1.396,1.429,0.9287,2.654,1
2018-07-21,El_Arish_EG,CHL,my,1.825,1.639,1.035,2.081,0.9254
2018-07-22,El_Arish_EG,CHL,my,1.764,1.623,1.025,1.904,0.8706
2018-07-23,El_Arish_EG,CHL,my,1.47,1.41,0.7885,1.638,0.9851
2018-07-24,El_Arish_EG,CHL,my,2.812,2.234,1.243,2.881,0.7413
2018-07-27,El_Arish_EG,CHL,my,1.568,1.568,1.044,2.278,0.9403
2018-07-28,El_Arish_EG,CHL,my,1.251,1.326,0.7598,1.503,0.9851
2018-07-29,El_Arish_EG,CHL,my,1.621,,,,0.4577
2018-07-30,El_Arish_EG,CHL,my,1.704,1.704,0.9002,2.242,1
2018-07-31,El_Arish_EG,CHL,my,1.622,1.616,0.8503,2.494,1
2018-08-01,El_Arish_EG,CHL,my,1.402,1.28,0.8213,1.547,0.9851
2018-08-04,El_Arish_EG,CHL,my,1.786,1.775,1.276,2.095,1
2018-08-05,El_Arish_EG,CHL,my,1.489,1.489,1.115,1.758,0.9851
2018-08-06,El_Arish_EG,CHL,my,1.555,1.435,0.9644,1.577,0.9254
2018-08-07,El_Arish_EG,CHL,my,1.177,1.141,0.6816,1.309,0.8308
2018-08-09,El_Arish_EG,CHL,my,,1.452,0.947,1.754,0.8109
2018-08-10,El_Arish_EG,CHL,my,1.639,1.515,0.9159,1.65,0.9851
2018-08-11,El_Arish_EG,CHL,my,1.309,1.492,0.8256,1.68,0.6318
2018-08-12,El_Arish_EG,CHL,my,1.244,1.244,0.8591,1.851,1
2018-08-13,El_Arish_EG,CHL,my,1.413,1.519,1.056,1.627,0.9851
2018-08-15,El_Arish_EG,CHL,my,1.781,1.781,1.332,3.112,1
2018-08-16,El_Arish_EG,CHL,my,1.686,1.686,1.308,5.585,1
2018-08-17,El_Arish_EG,CHL,my,1.469,1.532,1.042,1.968,0.9851
2018-08-18,El_Arish_EG,CHL,my,1.574,1.666,1.077,1.946,0.9851
2018-08-19,El_Arish_EG,CHL,my,1.7,1.59,1.133,1.893,0.8806
2018-08-20,El_Arish_EG,CHL,my,1.69,1.615,1.074,1.832,0.9254
2018-08-21,El_Arish_EG,CHL,my,1.582,1.61,1.16,1.813,0.9254
2018-08-22,El_Arish_EG,CHL,my,1.249,1.288,1.101,1.75,0.9254
2018-08-23,El_Arish_EG,CHL,my,,1.258,0.8527,1.353,0.6368
2018-08-24,El_Arish_EG,CHL,my,1.726,1.726,0.9944,1.782,0.9851
2018-08-25,El_Arish_EG,CHL,my,1.69,1.69,1.202,2.072,0.7463
2018-08-26,El_Arish_EG,CHL,my,1.667,1.667,1.105,1.877,0.9851
2018-08-28,El_Arish_EG,CHL,my,1.885,1.842,1.207,2.141,0.8607
2018-08-29,El_Arish_EG,CHL,my,1.894,1.708,1.199,2.112,0.9254
2018-08-31,El_Arish_EG,CHL,my,,1.807,0.9702,2.067,0.5373
2018-09-02,El_Arish_EG,CHL,my,1.649,1.495,1.008,1.779,0.8657
2018-09-03,El_Arish_EG,CHL,my,1.446,1.446,0.9838,1.552,0.9254
2018-09-05,El_Arish_EG,CHL,my,1.383,1.495,0.9194,1.797,0.9254
2018-09-06,El_Arish_EG,CHL,my,1.354,1.376,0.9926,1.729,0.9254
2018-09-07,El_Arish_EG,CHL,my,1.608,1.75,1.391,2.251,0.7662
2018-09-08,El_Arish_EG,CHL,my,2.024,2.055,1.494,2.2,0.5522
2018-09-10,El_Arish_EG,CHL,my,,1.537,1.017,1.674,0.806
2018-09-11,El_Arish_EG,CHL,my,1.52,1.52,1.448,2.71,1
2018-09-12,El_Arish_EG,CHL,my,,1.555,1.332,3.105,0.8159
2018-09-14,El_Arish_EG,CHL,my,1.526,1.696,1.132,2.542,0.9851
2018-09-15,El_Arish_EG,CHL,my,1.783,1.783,1.155,2.771,0.9851
2018-09-16,El_Arish_EG,CHL,my,1.623,1.567,1.041,2.08,0.9254
2018-09-17,El_Arish_EG,CHL,my,1.643,1.601,1.059,1.984,0.9851
2018-09-18,El_Arish_EG,CHL,my,1.503,1.503,1.166,2.381,0.9851
2018-09-19,El_Arish_EG,CHL,my,1.603,1.603,1.09,2.718,0.9851
2018-09-20,El_Arish_EG,CHL,my,1.704,1.704,1.067,1.998,0.9851
2018-09-21,El_Arish_EG,CHL,my,1.731,1.688,1.131,2.357,0.9254
2018-09-22,El_Arish_EG,CHL,my,1.521,1.533,1.076,1.813,0.9851
2018-09-23,El_Arish_EG,CHL,my,1.904,1.904,1.142,2.148,0.9851
2018-09-24,El_Arish_EG,CHL,my,1.715,1.533,0.9843,1.784,0.9254
2018-09-25,El_Arish_EG,CHL,my,1.565,1.542,1.015,1.663,0.9851
2018-09-26,El_Arish_EG,CHL,my,1.362,1.404,0.9398,1.505,0.9254
2018-09-27,El_Arish_EG,CHL,my,1.16,1.16,0.8072,1.42,0.9851
2018-09-28,El_Arish_EG,CHL,my,1.557,1.488,1.011,1.741,0.8657
2018-10-08,El_Arish_EG,CHL,my,1.086,1.123,1.02,1.487,0.9851
2018-10-09,El_Arish_EG,CHL,my,1.781,,,,0.2836
2018-10-10,El_Arish_EG,CHL,my,1.381,1.275,1.053,1.444,0.9254
2018-10-11,El_Arish_EG,CHL,my,1.447,1.447,1.233,1.623,0.7214
2018-10-12,El_Arish_EG,CHL,my,1.383,1.383,0.9629,1.508,0.9254
2018-10-13,El_Arish_EG,CHL,my,0.8353,0.8051,0.6708,1.033,0.9403
2018-10-15,El_Arish_EG,CHL,my,0.7697,0.609,0.4666,0.7697,0.9254
2018-10-16,El_Arish_EG,CHL,my,,1.111,0.5783,1.282,0.6716
2018-10-17,El_Arish_EG,CHL,my,0.7441,0.7441,0.4674,1.028,0.9851
2018-10-18,El_Arish_EG,CHL,my,0.9114,0.9114,0.5516,1.314,0.9303
2018-10-19,El_Arish_EG,CHL,my,0.9758,0.9276,0.612,1.185,0.8657
2018-10-20,El_Arish_EG,CHL,my,1.117,,,,0.2886
2018-10-26,El_Arish_EG,CHL,my,,2.951,2.271,4.442,0.5771
2018-10-27,El_Arish_EG,CHL,my,2.086,2.032,1.458,2.389,1
2018-10-28,El_Arish_EG,CHL,my,2.297,2.297,1.717,2.52,0.9851
2018-10-31,El_Arish_EG,CHL,my,2.095,1.974,1.174,2.19,0.9851
2018-11-01,El_Arish_EG,CHL,my,2.087,2.09,1.537,2.756,0.9851
2018-11-02,El_Arish_EG,CHL,my,1.833,1.833,1.094,2.37,0.9851
2018-11-03,El_Arish_EG,CHL,my,1.335,1.335,0.8528,1.7,1
2018-11-04,El_Arish_EG,CHL,my,1.246,1.246,0.6954,1.436,0.9851
2018-11-05,El_Arish_EG,CHL,my,1.707,,,,0.3483
2018-11-07,El_Arish_EG,CHL,my,1.561,1.561,0.9931,1.723,0.7512
2018-11-08,El_Arish_EG,CHL,my,1.329,1.365,0.8362,1.432,0.7512
2018-11-10,El_Arish_EG,CHL,my,1.442,1.358,0.5624,1.454,0.8507
2018-11-11,El_Arish_EG,CHL,my,0.7929,0.7929,0.5617,1.046,0.6816
2018-11-12,El_Arish_EG,CHL,my,1.308,1.257,0.6729,1.375,1
2018-11-13,El_Arish_EG,CHL,my,0.9813,0.9351,0.6905,0.9813,0.8109
2018-11-14,El_Arish_EG,CHL,my,0.8444,,,,0.408
2018-11-17,El_Arish_EG,CHL,my,2.126,2.011,1.174,2.126,0.9851
2018-11-18,El_Arish_EG,CHL,my,1.644,1.644,1.056,2.191,1
2018-11-19,El_Arish_EG,CHL,my,1.448,1.387,1.064,1.46,0.9851
2018-11-20,El_Arish_EG,CHL,my,1.11,1.161,0.7729,1.283,1
2018-11-24,El_Arish_EG,CHL,my,1.688,1.557,1.278,1.878,0.8657
2018-11-25,El_Arish_EG,CHL,my,1.553,1.418,0.9732,1.595,0.9851
2018-11-26,El_Arish_EG,CHL,my,1.401,1.215,0.8564,1.507,0.9851
2018-11-28,El_Arish_EG,CHL,my,0.9641,0.9641,0.6316,1.056,0.9851
2018-12-01,El_Arish_EG,CHL,my,0.7431,0.8794,0.6544,1.182,1
2018-12-03,El_Arish_EG,CHL,my,0.7347,0.7009,0.5183,0.9005,0.9851
2018-12-04,El_Arish_EG,CHL,my,1.697,1.49,0.9508,1.697,1
2018-12-08,El_Arish_EG,CHL,my,5.923,5.682,3.092,6.596,0.9851
2018-12-09,El_Arish_EG,CHL,my,,2.407,1.174,3.348,0.5672
2018-12-10,El_Arish_EG,CHL,my,1.371,1.134,0.8469,2.179,0.9254
2018-12-11,El_Arish_EG,CHL,my,1.031,1.031,0.7304,1.468,0.9851
2018-12-12,El_Arish_EG,CHL,my,0.9562,1.04,0.7556,1.401,0.9851
2018-12-13,El_Arish_EG,CHL,my,1.595,1.586,0.9331,1.621,0.9851
2018-12-14,El_Arish_EG,CHL,my,1.069,1.122,0.7344,1.423,0.9851
2018-12-15,El_Arish_EG,CHL,my,1.164,1.366,0.8627,1.593,1
2018-12-18,El_Arish_EG,CHL,my,1.372,1.291,0.659,1.387,0.9851
2018-12-19,El_Arish_EG,CHL,my,0.911,0.7458,0.5096,1.124,0.7114
2018-12-20,El_Arish_EG,CHL,my,1.47,,,,0.4627
2018-12-21,El_Arish_EG,CHL,my,1.728,1.698,1.14,1.959,0.9254
2018-12-22,El_Arish_EG,CHL,my,1.327,1.327,1.056,1.543,0.9851
2018-12-23,El_Arish_EG,CHL,my,1.21,1.21,0.8273,1.792,0.9851
2018-12-24,El_Arish_EG,CHL,my,0.5893,0.6544,0.4099,1.018,0.9851
2018-12-25,El_Arish_EG,CHL,my,1.019,1.019,0.6507,1.369,0.9851
2018-12-26,El_Arish_EG,CHL,my,0.3672,0.3672,0.2816,1.092,0.9851
2018-12-27,El_Arish_EG,CHL,my,1.818,1.814,1.351,1.857,0.6468
2018-12-29,El_Arish_EG,CHL,my,1.434,,,,0.4229
2018-12-31,El_Arish_EG,CHL,my,1.548,1.307,0.8435,1.723,0.9254
2018-01-07,Gaza_City,CHL,my,0.9624,1.052,0.8597,1.195,1
2018-01-08,Gaza_City,CHL,my,0.8077,0.8077,0.6601,0.8906,0.9254
2018-01-09,Gaza_City,CHL,my,0.3849,0.3923,0.3423,0.6121,0.8557
2018-01-11,Gaza_City,CHL,my,0.2375,0.2389,0.2287,0.4456,1
2018-01-12,Gaza_City,CHL,my,0.2469,,,,0.1144
2018-01-13,Gaza_City,CHL,my,0.2439,0.212,0.1803,0.2818,0.9104
2018-01-16,Gaza_City,CHL,my,0.1283,,,,0.3632
2018-01-18,Gaza_City,CHL,my,0.1776,0.169,0.149,0.3562,0.9254
2018-01-28,Gaza_City,CHL,my,1.202,,,,0.3483
2018-01-29,Gaza_City,CHL,my,0.3536,0.3797,0.37,0.7255,0.5572
2018-01-30,Gaza_City,CHL,my,0.2412,0.2412,0.2133,0.7454,1
2018-01-31,Gaza_City,CHL,my,0.4599,0.4599,0.2901,0.7017,1
2018-02-01,Gaza_City,CHL,my,0.2749,0.2494,0.2508,1.44,0.9254
2018-02-02,Gaza_City,CHL,my,0.2724,0.2974,0.2363,0.5095,1
2018-02-03,Gaza_City,CHL,my,0.161,,,,0.3632
2018-02-04,Gaza_City,CHL,my,0.1518,0.2263,0.1787,0.3466,0.9104
2018-02-14,Gaza_City,CHL,my,,0.08034,0.07306,0.2345,0.5473
2018-02-16,Gaza_City,CHL,my,,0.2777,0.1873,0.5526,0.7662
2018-02-22,Gaza_City,CHL,my,1.03,1.03,0.5047,1.358,1
2018-02-24,Gaza_City,CHL,my,0.2716,0.2157,0.1691,0.3994,0.7214
2018-02-27,Gaza_City,CHL,my,,0.233,0.1474,0.3234,0.602
2018-02-28,Gaza_City,CHL,my,0.2149,0.2149,0.2105,0.8358,0.9254
2018-03-02,Gaza_City,CHL,my,0.2788,0.2788,0.2254,0.8891,0.9005
2018-03-03,Gaza_City,CHL,my,0.1771,0.1033,0.1087,0.277,0.9104
2018-03-07,Gaza_City,CHL,my,0.2195,0.1905,0.1189,0.3703,0.9254
2018-03-09,Gaza_City,CHL,my,0.2067,0.1214,0.09396,0.2848,0.9104
2018-03-10,Gaza_City,CHL,my,0.6879,0.6425,0.284,1.084,1
2018-03-11,Gaza_City,CHL,my,0.6587,0.5849,0.2961,0.9464,0.9104
2018-03-12,Gaza_City,CHL,my,0.7087,0.6631,0.2939,1.218,0.9254
2018-03-13,Gaza_City,CHL,my,0.9221,0.4827,0.2673,1.099,0.8458
2018-03-14,Gaza_City,CHL,my,0.9828,0.9101,0.3637,1.155,0.9254
2018-03-16,Gaza_City,CHL,my,0.4156,,,,0.2488
2018-03-17,Gaza_City,CHL,my,0.2134,0.1897,0.1277,0.5176,0.9254
2018-03-19,Gaza_City,CHL,my,0.1855,0.1464,0.1056,0.1855,0.9104
2018-03-20,Gaza_City,CHL,my,0.3068,0.2681,0.1748,0.3852,0.9104
2018-03-21,Gaza_City,CHL,my,0.1886,0.1721,0.1115,0.2025,0.8209
2018-03-22,Gaza_City,CHL,my,0.2064,0.1588,0.1254,0.2768,0.7313
2018-03-25,Gaza_City,CHL,my,1.384,1.384,0.5047,1.422,0.9254
2018-03-26,Gaza_City,CHL,my,1.569,1.452,0.6279,1.724,0.9254
2018-03-31,Gaza_City,CHL,my,1.459,1.345,0.647,1.459,0.8209
2018-04-01,Gaza_City,CHL,my,1.201,1.144,0.5871,1.38,0.8308
2018-04-02,Gaza_City,CHL,my,1.188,1.188,0.6344,1.289,1
2018-04-04,Gaza_City,CHL,my,,0.4358,0.2771,0.7422,0.7313
2018-04-06,Gaza_City,CHL,my,0.728,0.728,0.4246,1.157,0.7761
2018-04-07,Gaza_City,CHL,my,0.5734,0.3852,0.238,0.672,0.8458
2018-04-09,Gaza_City,CHL,my,0.1855,0.1397,0.09524,0.2297,0.8458
2018-04-11,Gaza_City,CHL,my,0.2788,0.2016,0.1475,0.4817,0.9104
2018-04-14,Gaza_City,CHL,my,0.1074,0.0968,0.09389,0.4018,0.9254
2018-04-15,Gaza_City,CHL,my,0.1718,0.1451,0.1085,0.2717,0.9254
2018-04-16,Gaza_City,CHL,my,0.1912,0.1392,0.1048,0.1912,0.8209
2018-04-19,Gaza_City,CHL,my,,0.153,0.1089,0.2572,0.5572
2018-04-22,Gaza_City,CHL,my,0.1533,0.1339,0.1106,0.6617,0.9254
2018-04-23,Gaza_City,CHL,my,0.9864,0.9489,0.3919,1.412,0.9254
2018-04-29,Gaza_City,CHL,my,0.4586,0.4586,0.3741,1.488,1
2018-04-30,Gaza_City,CHL,my,,0.3357,0.2283,0.5983,0.7662
2018-05-09,Gaza_City,CHL,my,1.216,1.172,0.5291,1.235,0.9104
2018-05-13,Gaza_City,CHL,my,0.5102,,,,0.398
2018-05-14,Gaza_City,CHL,my,0.8915,0.9562,0.4613,1.088,0.9104
2018-05-15,Gaza_City,CHL,my,0.6116,0.6116,0.4266,1.311,1
2018-05-17,Gaza_City,CHL,my,0.5906,0.4391,0.3431,0.6754,0.8458
2018-05-18,Gaza_City,CHL,my,,0.3453,0.2421,0.4246,0.6766
2018-05-24,Gaza_City,CHL,my,,0.2087,0.133,0.2833,0.7662
2018-05-27,Gaza_City,CHL,my,,0.2166,0.1563,0.3904,0.7662
2018-05-29,Gaza_City,CHL,my,,0.1876,0.1256,0.2358,0.7662
2018-05-30,Gaza_City,CHL,my,0.1004,0.1004,0.1171,0.4817,0.9303
2018-05-31,Gaza_City,CHL,my,,0.08463,0.07653,0.08793,0.7662
2018-06-01,Gaza_City,CHL,my,0.461,0.3674,0.2287,0.5184,0.8458
2018-06-02,Gaza_City,CHL,my,0.3717,0.2552,0.163,0.4964,0.9104
2018-06-03,Gaza_City,CHL,my,0.7711,0.714,0.3022,1.332,0.9204
2018-06-04,Gaza_City,CHL,my,0.2777,0.2305,0.1256,0.3931,0.9104
2018-06-05,Gaza_City,CHL,my,,0.1655,0.09218,0.1794,0.6119
2018-06-06,Gaza_City,CHL,my,0.37,0.2377,0.1406,0.37,0.8209
2018-06-07,Gaza_City,CHL,my,,0.1678,0.1228,0.2128,0.7264
2018-06-09,Gaza_City,CHL,my,0.2156,0.1691,0.1277,0.2501,0.7861
2018-06-11,Gaza_City,CHL,my,0.1484,0.158,0.09973,0.1856,0.9104
2018-06-12,Gaza_City,CHL,my,0.2661,0.2914,0.1441,0.3493,0.8458
2018-06-14,Gaza_City,CHL,my,0.3972,0.2626,0.2048,0.5361,0.9104
2018-06-15,Gaza_City,CHL,my,0.3716,0.2217,0.223,0.6015,0.9254
2018-06-17,Gaza_City,CHL,my,,0.2569,0.1993,0.2938,0.6766
2018-06-18,Gaza_City,CHL,my,0.2827,0.2335,0.1677,0.4642,0.9254
2018-06-19,Gaza_City,CHL,my,0.2913,0.1975,0.2289,1.132,0.9353
2018-06-20,Gaza_City,CHL,my,0.6441,0.3891,0.2618,0.793,0.9104
2018-06-21,Gaza_City,CHL,my,0.6135,0.5309,0.2672,0.887,0.9254
2018-06-22,Gaza_City,CHL,my,,0.1253,0.09339,0.221,0.6667
2018-06-23,Gaza_City,CHL,my,0.301,0.2898,0.1616,0.3329,0.8458
2018-06-25,Gaza_City,CHL,my,0.2216,0.1832,0.1161,0.2281,0.791
2018-06-26,Gaza_City,CHL,my,0.08187,0.1041,0.1085,0.5334,1
2018-06-27,Gaza_City,CHL,my,0.1535,0.1441,0.08716,0.2782,0.9254
2018-06-28,Gaza_City,CHL,my,0.1774,0.1818,0.1211,0.2025,0.6965
2018-06-29,Gaza_City,CHL,my,0.1645,0.1645,0.1038,0.1716,0.9104
2018-06-30,Gaza_City,CHL,my,0.1478,0.1758,0.1056,0.6485,0.9254
2018-07-01,Gaza_City,CHL,my,0.07348,0.06615,0.1415,0.8944,0.9254
2018-07-03,Gaza_City,CHL,my,,0.1831,0.1288,0.2292,0.6368
2018-07-04,Gaza_City,CHL,my,0.1864,0.1477,0.119,0.4047,0.9104
2018-07-05,Gaza_City,CHL,my,0.2146,0.1645,0.09729,0.2146,0.8209
2018-07-06,Gaza_City,CHL,my,0.2662,0.2472,0.1577,0.3454,0.8458
2018-07-07,Gaza_City,CHL,my,0.2879,0.2155,0.1517,0.3414,0.8458
2018-07-08,Gaza_City,CHL,my,0.4038,0.4038,0.2428,0.6701,1
2018-07-09,Gaza_City,CHL,my,0.4813,0.3122,0.2115,0.5637,0.8458
2018-07-11,Gaza_City,CHL,my,0.4412,0.3449,0.1948,0.4412,0.8209
2018-07-12,Gaza_City,CHL,my,,0.1592,0.146,0.1836,0.7662
2018-07-14,Gaza_City,CHL,my,,0.557,0.2449,0.7303,0.6915
2018-07-17,Gaza_City,CHL,my,1.064,1.064,0.4443,1.13,0.9104
2018-07-19,Gaza_City,CHL,my,0.8035,0.8035,0.4051,1.302,1
2018-07-20,Gaza_City,CHL,my,0.8595,0.8395,0.3951,1.029,0.9104
2018-07-22,Gaza_City,CHL,my,0.8654,0.6864,0.3227,0.9008,0.6766
2018-07-23,Gaza_City,CHL,my,0.717,0.6893,0.2872,1.064,1
2018-07-27,Gaza_City,CHL,my,1.167,0.8583,0.4855,1.537,0.9254
2018-07-28,Gaza_City,CHL,my,0.8308,0.7517,0.3336,1.047,0.8706
2018-07-29,Gaza_City,CHL,my,0.3943,,,,0.4826
2018-07-30,Gaza_City,CHL,my,0.6198,0.3167,0.2304,0.8611,0.9254
2018-07-31,Gaza_City,CHL,my,0.3934,0.3934,0.371,2.345,1
2018-08-01,Gaza_City,CHL,my,0.3517,0.3431,0.1785,0.511,0.9104
2018-08-04,Gaza_City,CHL,my,0.8332,0.3983,0.2469,1.187,0.8458
2018-08-05,Gaza_City,CHL,my,1.07,0.9185,0.3834,1.201,0.9104
2018-08-06,Gaza_City,CHL,my,1.069,0.3489,0.2085,1.069,0.8209
2018-08-07,Gaza_City,CHL,my,0.1787,0.08093,0.08555,0.3536,0.9104
2018-08-09,Gaza_City,CHL,my,0.6045,,,,0.2587
2018-08-10,Gaza_City,CHL,my,0.9937,0.7729,0.3024,1.095,0.9104
2018-08-12,Gaza_City,CHL,my,0.411,0.1012,0.1021,0.8453,0.7711
2018-08-13,Gaza_City,CHL,my,1.006,0.7858,0.2904,1.006,0.9254
2018-08-15,Gaza_City,CHL,my,1.267,1.198,0.519,1.35,0.9104
2018-08-16,Gaza_City,CHL,my,1.35,1.35,0.5885,1.403,0.9104
2018-08-17,Gaza_City,CHL,my,1.18,1.112,0.5591,1.18,0.5174
2018-08-18,Gaza_City,CHL,my,1.301,1.172,0.5178,1.301,0.9104
2018-08-19,Gaza_City,CHL,my,1.255,1.27,0.6477,2.408,1
2018-08-20,Gaza_City,CHL,my,1.624,1.565,0.7563,1.808,0.8408
2018-08-21,Gaza_City,CHL,my,1.272,1.167,0.5505,1.343,0.9104
2018-08-22,Gaza_City,CHL,my,1.208,0.7868,0.4296,1.208,0.7562
2018-08-24,Gaza_City,CHL,my,1.117,1.162,0.7829,1.664,0.9254
2018-08-25,Gaza_City,CHL,my,0.3568,,,,0.1144
2018-08-26,Gaza_City,CHL,my,0.3785,,,,0.403
2018-08-28,Gaza_City,CHL,my,0.6065,0.3624,0.2252,0.8748,0.8458
2018-08-29,Gaza_City,CHL,my,0.9782,0.6339,0.3853,1.286,0.9104
2018-09-02,Gaza_City,CHL,my,0.7842,0.3135,0.2121,0.7842,0.8209
2018-09-03,Gaza_City,CHL,my,0.6615,0.4263,0.2513,1.104,0.8458
2018-09-04,Gaza_City,CHL,my,0.48,0.3152,0.2415,1.226,0.9104
2018-09-05,Gaza_City,CHL,my,0.7635,0.4298,0.2161,0.8877,0.8458
2018-09-06,Gaza_City,CHL,my,0.9536,0.6982,0.3336,1.073,0.9104
2018-09-07,Gaza_City,CHL,my,1.295,1.352,0.6797,1.807,0.9403
2018-09-08,Gaza_City,CHL,my,1.532,1.482,0.9162,1.631,0.7214
2018-09-09,Gaza_City,CHL,my,1.463,1.342,0.6693,1.539,0.7463
2018-09-11,Gaza_City,CHL,my,1.142,1.142,0.6041,1.578,1
2018-09-12,Gaza_City,CHL,my,1.04,1.04,0.6337,1.424,0.5672
2018-09-14,Gaza_City,CHL,my,1.19,0.9358,0.5035,1.365,0.7512
2018-09-15,Gaza_City,CHL,my,1.101,1.172,0.544,1.555,0.8209
2018-09-16,Gaza_City,CHL,my,1.49,1.011,0.4618,1.498,0.9254
2018-09-17,Gaza_City,CHL,my,1.299,1.01,0.4913,1.299,0.9104
2018-09-18,Gaza_City,CHL,my,1.153,1.052,0.4652,1.195,0.9104
2018-09-19,Gaza_City,CHL,my,1.204,1.081,0.5438,1.362,0.9254
2018-09-20,Gaza_City,CHL,my,1.163,1.124,0.5128,1.3,0.9254
2018-09-21,Gaza_City,CHL,my,1.305,1.251,0.6272,1.405,0.9254
2018-09-22,Gaza_City,CHL,my,1.171,1.157,0.6458,1.399,0.9005
2018-09-23,Gaza_City,CHL,my,1.334,1.298,0.8068,1.97,0.9254
2018-09-24,Gaza_City,CHL,my,1.383,1.323,0.7738,1.422,0.9104
2018-09-25,Gaza_City,CHL,my,1.305,1.291,0.7485,1.414,0.9104
2018-09-26,Gaza_City,CHL,my,1.183,1.119,0.5508,1.219,0.9254
2018-09-27,Gaza_City,CHL,my,1.14,1.104,0.491,1.214,0.9254
2018-09-28,Gaza_City,CHL,my,1.277,1.207,0.5948,1.277,0.9254
2018-10-04,Gaza_City,CHL,my,0.6184,0.308,0.1841,0.8033,0.8458
2018-10-05,Gaza_City,CHL,my,0.3058,0.1904,0.1515,0.6932,0.9254
2018-10-06,Gaza_City,CHL,my,0.7714,,,,0.4527
2018-10-09,Gaza_City,CHL,my,1.147,1.111,0.5648,1.179,0.796
2018-10-10,Gaza_City,CHL,my,1.041,1.048,0.5167,1.164,0.9104
2018-10-11,Gaza_City,CHL,my,1.128,0.9437,0.5196,1.128,0.9254
2018-10-13,Gaza_City,CHL,my,0.2349,0.5224,0.4096,0.5642,0.9254
2018-10-14,Gaza_City,CHL,my,0.7154,0.7154,0.4358,0.8445,1
2018-10-15,Gaza_City,CHL,my,0.609,,,,0.3632
2018-10-16,Gaza_City,CHL,my,0.8176,0.6487,0.4981,0.9337,1
2018-10-20,Gaza_City,CHL,my,,0.6636,0.406,0.8239,0.6119
2018-10-27,Gaza_City,CHL,my,1.523,1.682,0.9742,1.822,0.9254
2018-10-28,Gaza_City,CHL,my,1.656,1.656,0.993,1.744,1
2018-10-29,Gaza_City,CHL,my,1.043,1.024,0.4801,1.177,0.8458
2018-10-30,Gaza_City,CHL,my,0.8029,0.7516,0.3901,0.8953,0.9104
2018-10-31,Gaza_City,CHL,my,0.7973,0.7973,0.5256,0.9541,1
2018-11-01,Gaza_City,CHL,my,0.8258,0.8258,0.4201,1.187,0.9254
2018-11-02,Gaza_City,CHL,my,0.6357,0.5034,0.2706,0.7142,0.9254
2018-11-03,Gaza_City,CHL,my,0.2526,0.2526,0.1879,0.505,1
2018-11-04,Gaza_City,CHL,my,0.1563,0.1528,0.1242,0.2466,0.9254
2018-11-05,Gaza_City,CHL,my,0.1152,0.1152,0.08302,0.1906,0.9254
2018-11-07,Gaza_City,CHL,my,0.2961,0.2961,0.2384,0.6651,0.7363
2018-11-08,Gaza_City,CHL,my,0.4811,0.4811,0.3059,0.8843,1
2018-11-09,Gaza_City,CHL,my,,0.1085,0.09083,0.1656,0.5224
2018-11-12,Gaza_City,CHL,my,0.8214,0.6858,0.4226,0.8214,1
2018-11-13,Gaza_City,CHL,my,0.3443,0.3255,0.2829,0.3443,0.5572
2018-11-15,Gaza_City,CHL,my,,0.2372,0.1698,0.2708,0.5174
2018-11-17,Gaza_City,CHL,my,0.859,0.8934,0.543,0.9554,0.9254
2018-11-18,Gaza_City,CHL,my,0.7003,0.8758,0.5687,0.9029,1
2018-11-20,Gaza_City,CHL,my,0.1876,0.129,0.09324,0.1876,0.8209
2018-11-24,Gaza_City,CHL,my,0.1388,0.1198,0.08392,0.2558,0.9254
2018-11-25,Gaza_City,CHL,my,0.8163,0.9322,0.5917,1.081,1
2018-11-26,Gaza_City,CHL,my,0.1207,0.138,0.1213,0.157,0.9254
2018-11-28,Gaza_City,CHL,my,0.3304,,,,0.1194
2018-11-30,Gaza_City,CHL,my,0.248,0.2602,0.2354,0.3051,0.607
2018-12-01,Gaza_City,CHL,my,0.5534,,,,0.3383
2018-12-04,Gaza_City,CHL,my,0.2762,0.3407,0.3042,0.5274,0.9254
2018-12-05,Gaza_City,CHL,my,0.4171,0.2881,0.22,0.4171,0.6915
2018-12-10,Gaza_City,CHL,my,0.2409,0.269,0.2293,0.3175,0.9104
2018-12-11,Gaza_City,CHL,my,0.1946,0.1946,0.1878,0.3802,1
2018-12-12,Gaza_City,CHL,my,0.1479,0.1479,0.1365,0.2097,0.9254
2018-12-13,Gaza_City,CHL,my,0.4696,0.4682,0.2359,0.4741,0.6468
2018-12-14,Gaza_City,CHL,my,0.2855,0.2151,0.1583,0.3846,0.9254
2018-12-15,Gaza_City,CHL,my,0.1648,0.1343,0.1293,0.2745,0.9254
2018-12-18,Gaza_City,CHL,my,0.6682,0.6617,0.3746,0.8801,0.9104
2018-12-19,Gaza_City,CHL,my,0.2006,0.224,0.1704,0.3072,0.9104
2018-12-22,Gaza_City,CHL,my,0.8852,0.8338,0.3925,0.9779,0.9254
2018-12-23,Gaza_City,CHL,my,0.2194,0.2194,0.1597,0.2703,0.602
2018-12-25,Gaza_City,CHL,my,0.2254,0.261,0.2153,0.3873,1
2018-12-26,Gaza_City,CHL,my,0.1391,0.11,0.09794,0.1663,0.9104
2018-12-31,Gaza_City,CHL,my,0.6791,0.5538,0.3892,0.8034,0.7363
2018-01-07,Hadera_IL,CHL,my,0.4784,0.4784,0.2404,0.6443,0.9652
2018-01-08,Hadera_IL,CHL,my,0.4885,0.4885,0.2592,0.5861,0.8756
2018-01-11,Hadera_IL,CHL,my,0.09856,0.09856,0.08778,0.2075,1
2018-01-13,Hadera_IL,CHL,my,0.162,0.1498,0.1287,0.2,0.8756
2018-01-16,Hadera_IL,CHL,my,0.1472,0.1535,0.1138,0.1647,0.5323
2018-01-28,Hadera_IL,CHL,my,0.3767,0.3921,0.2709,0.4748,0.6119
2018-01-29,Hadera_IL,CHL,my,0.5565,0.5248,0.3545,0.5565,0.6716
2018-01-30,Hadera_IL,CHL,my,0.2986,0.3433,0.2621,0.4262,0.7363
2018-01-31,Hadera_IL,CHL,my,0.3444,0.3412,0.2934,0.8343,1
2018-02-01,Hadera_IL,CHL,my,0.394,0.2709,0.1952,0.6041,0.9403
2018-02-02,Hadera_IL,CHL,my,0.4801,0.432,0.2825,0.8981,0.9403
2018-02-03,Hadera_IL,CHL,my,,0.2618,0.1948,0.2952,0.6318
2018-02-04,Hadera_IL,CHL,my,0.3961,0.6238,0.5503,0.7046,0.8756
2018-02-14,Hadera_IL,CHL,my,0.08007,0.07237,0.07613,0.2393,0.9154
2018-02-21,Hadera_IL,CHL,my,0.2376,0.2376,0.1567,0.508,0.9403
2018-02-22,Hadera_IL,CHL,my,0.255,0.255,0.1844,0.8031,0.9751
2018-02-24,Hadera_IL,CHL,my,,0.08737,0.09358,0.2725,0.6667
2018-02-26,Hadera_IL,CHL,my,0.1902,0.1342,0.09937,0.1902,0.8159
2018-02-28,Hadera_IL,CHL,my,0.1582,0.1439,0.1275,0.6783,0.8756
2018-03-02,Hadera_IL,CHL,my,0.1143,0.1143,0.1121,0.4502,1
2018-03-03,Hadera_IL,CHL,my,0.1514,0.1229,0.0783,0.1873,0.8756
2018-03-07,Hadera_IL,CHL,my,0.05654,0.04734,0.05441,0.1308,0.9403
2018-03-09,Hadera_IL,CHL,my,0.07215,0.06616,0.05416,0.09011,0.8756
2018-03-10,Hadera_IL,CHL,my,0.07256,0.05655,0.0498,0.1023,0.8159
2018-03-11,Hadera_IL,CHL,my,,0.06064,0.05551,0.07428,0.6965
2018-03-12,Hadera_IL,CHL,my,0.06038,0.0608,0.05563,0.09022,0.9403
2018-03-13,Hadera_IL,CHL,my,0.07079,0.05143,0.04645,0.07079,0.8159
2018-03-14,Hadera_IL,CHL,my,0.05162,0.05441,0.05164,0.09132,0.9403
2018-03-16,Hadera_IL,CHL,my,0.06248,0.05568,0.04822,0.06773,0.8756
2018-03-17,Hadera_IL,CHL,my,0.04297,0.03954,0.0416,0.09211,0.9403
2018-03-20,Hadera_IL,CHL,my,0.1092,0.08906,0.0683,0.124,0.8756
2018-03-25,Hadera_IL,CHL,my,0.05011,0.07269,0.05756,0.1498,0.9403
2018-03-26,Hadera_IL,CHL,my,,0.0983,0.08365,0.4284,0.8408
2018-03-27,Hadera_IL,CHL,my,0.1308,0.08935,0.07509,0.1308,0.7711
2018-03-31,Hadera_IL,CHL,my,0.1959,0.1803,0.09821,0.2273,0.8756
2018-04-01,Hadera_IL,CHL,my,0.1844,0.1817,0.09095,0.2298,0.8756
2018-04-02,Hadera_IL,CHL,my,0.1075,0.1075,0.08614,0.288,0.9652
2018-04-04,Hadera_IL,CHL,my,0.08185,0.08185,0.07199,0.09308,0.8756
2018-04-06,Hadera_IL,CHL,my,0.1711,0.1238,0.1074,0.2062,0.9403
2018-04-07,Hadera_IL,CHL,my,,0.107,0.07748,0.1444,0.7562
2018-04-09,Hadera_IL,CHL,my,,0.05918,0.04407,0.07387,0.7562
2018-04-14,Hadera_IL,CHL,my,0.05288,0.04764,0.03783,0.05288,0.8159
2018-04-15,Hadera_IL,CHL,my,0.06834,0.06558,0.05369,0.07956,0.7114
2018-04-16,Hadera_IL,CHL,my,,0.04948,0.0416,0.05845,0.7562
2018-04-22,Hadera_IL,CHL,my,0.04257,0.03753,0.03884,0.09367,0.8756
2018-04-23,Hadera_IL,CHL,my,0.0318,0.0318,0.03666,0.1697,0.9652
2018-04-29,Hadera_IL,CHL,my,0.1134,0.1053,0.08376,0.1502,0.9403
2018-04-30,Hadera_IL,CHL,my,,0.06154,0.05921,0.07891,0.5075
2018-05-09,Hadera_IL,CHL,my,,0.06872,0.06595,0.09306,0.6368
2018-05-11,Hadera_IL,CHL,my,0.1148,0.09224,0.07678,0.1148,0.7562
2018-05-14,Hadera_IL,CHL,my,0.08635,0.08625,0.06423,0.1257,0.8756
2018-05-15,Hadera_IL,CHL,my,0.1168,0.1168,0.1035,0.4635,1
2018-05-17,Hadera_IL,CHL,my,0.1553,0.149,0.1217,0.1948,0.9403
2018-05-18,Hadera_IL,CHL,my,,0.1132,0.1041,0.1396,0.6965
2018-05-29,Hadera_IL,CHL,my,0.1034,0.09371,0.07413,0.1231,0.8756
2018-05-30,Hadera_IL,CHL,my,,0.06352,0.06805,0.2077,0.7313
2018-06-02,Hadera_IL,CHL,my,0.06299,0.05983,0.04971,0.06594,0.8756
2018-06-03,Hadera_IL,CHL,my,0.06243,0.05389,0.04638,0.1028,0.9055
2018-06-05,Hadera_IL,CHL,my,0.07007,0.07007,0.05737,0.09421,0.7313
2018-06-06,Hadera_IL,CHL,my,0.1484,0.1311,0.1006,0.1694,0.8159
2018-06-10,Hadera_IL,CHL,my,0.1024,0.1024,0.06466,0.1211,0.8756
2018-06-11,Hadera_IL,CHL,my,0.09786,0.1046,0.07365,0.1127,0.8159
2018-06-14,Hadera_IL,CHL,my,0.09507,0.0607,0.05445,0.151,0.9403
2018-06-15,Hadera_IL,CHL,my,0.1136,0.1406,0.1186,0.6707,1
2018-06-17,Hadera_IL,CHL,my,,0.1665,0.1255,0.1848,0.6866
2018-06-18,Hadera_IL,CHL,my,0.1631,0.1651,0.09997,0.1815,0.9403
2018-06-19,Hadera_IL,CHL,my,0.2205,0.2104,0.1095,0.2789,0.9005
2018-06-20,Hadera_IL,CHL,my,0.2278,0.2099,0.1,0.239,0.8756
2018-06-21,Hadera_IL,CHL,my,0.2147,0.2147,0.1204,0.2394,0.8756
2018-06-23,Hadera_IL,CHL,my,0.09835,0.1267,0.107,0.1389,0.8756
2018-06-24,Hadera_IL,CHL,my,0.08537,0.08537,0.07237,0.08997,0.7015
2018-06-25,Hadera_IL,CHL,my,,0.07533,0.06425,0.08329,0.6667
2018-06-26,Hadera_IL,CHL,my,0.07915,0.08211,0.07974,0.1197,0.9751
2018-06-27,Hadera_IL,CHL,my,,0.08073,0.07753,0.1915,0.8806
2018-06-29,Hadera_IL,CHL,my,0.0771,0.06251,0.05218,0.0771,0.8159
2018-06-30,Hadera_IL,CHL,my,0.07915,0.07378,0.06049,0.09292,0.8756
2018-07-01,Hadera_IL,CHL,my,0.06011,0.06011,0.05572,0.3123,0.9652
2018-07-02,Hadera_IL,CHL,my,0.116,0.07813,0.06112,0.116,0.602
2018-07-03,Hadera_IL,CHL,my,0.08944,0.07322,0.0565,0.08944,0.8159
2018-07-04,Hadera_IL,CHL,my,0.07697,0.07961,0.06732,0.1061,0.9403
2018-07-07,Hadera_IL,CHL,my,0.106,0.1009,0.06263,0.1246,0.8756
2018-07-08,Hadera_IL,CHL,my,0.1032,0.1032,0.07543,0.3153,1
2018-07-09,Hadera_IL,CHL,my,0.13,0.13,0.07864,0.2899,0.9652
2018-07-10,Hadera_IL,CHL,my,,0.113,0.06933,0.1399,0.5572
2018-07-15,Hadera_IL,CHL,my,,0.08901,0.06702,0.1355,0.6965
2018-07-16,Hadera_IL,CHL,my,0.1398,0.1438,0.1025,0.2654,0.9403
2018-07-17,Hadera_IL,CHL,my,0.1605,0.1699,0.1098,0.1869,0.8756
2018-07-18,Hadera_IL,CHL,my,,0.08388,0.05979,0.09932,0.5373
2018-07-19,Hadera_IL,CHL,my,,0.1399,0.07908,0.1676,0.7562
2018-07-20,Hadera_IL,CHL,my,0.08332,0.08332,0.05174,0.118,0.5274
2018-07-27,Hadera_IL,CHL,my,0.1407,0.1782,0.1072,0.3637,1
2018-07-28,Hadera_IL,CHL,my,0.1228,0.1228,0.06273,0.1596,0.8159
2018-07-31,Hadera_IL,CHL,my,0.08496,0.08496,0.07287,0.4907,1
2018-08-01,Hadera_IL,CHL,my,0.082,0.07592,0.05431,0.099,0.8756
2018-08-04,Hadera_IL,CHL,my,0.08085,,,,0.4328
2018-08-05,Hadera_IL,CHL,my,0.09085,,,,0.2736
2018-08-06,Hadera_IL,CHL,my,,0.08342,0.06867,0.1028,0.6617
2018-08-07,Hadera_IL,CHL,my,0.1038,,,,0.3035
2018-08-11,Hadera_IL,CHL,my,0.1145,0.1019,0.06187,0.1304,0.7562
2018-08-12,Hadera_IL,CHL,my,,0.05544,0.03666,0.07378,0.6667
2018-08-16,Hadera_IL,CHL,my,0.07314,0.05681,0.04726,0.1239,0.9403
2018-08-17,Hadera_IL,CHL,my,0.0712,0.06733,0.06211,0.08687,0.607
2018-08-19,Hadera_IL,CHL,my,0.07093,0.09185,0.07889,0.2536,0.9652
2018-08-20,Hadera_IL,CHL,my,0.0993,0.1043,0.11,0.3739,0.9303
2018-08-21,Hadera_IL,CHL,my,0.09228,0.09228,0.06238,0.1634,0.8905
2018-08-23,Hadera_IL,CHL,my,,0.09017,0.07102,0.1708,0.8209
2018-08-24,Hadera_IL,CHL,my,0.1976,0.1724,0.09421,0.2429,0.9403
2018-08-27,Hadera_IL,CHL,my,0.1137,0.1137,0.09403,0.4849,1
2018-08-28,Hadera_IL,CHL,my,0.08765,0.08293,0.05382,0.08765,0.5174
2018-08-29,Hadera_IL,CHL,my,0.1214,0.1214,0.07401,0.1324,0.8756
2018-08-31,Hadera_IL,CHL,my,0.1174,0.09058,0.08052,0.1174,0.8159
2018-09-02,Hadera_IL,CHL,my,0.09241,0.0937,0.08891,0.1184,0.8756
2018-09-04,Hadera_IL,CHL,my,,0.1222,0.1107,0.1441,0.6368
2018-09-07,Hadera_IL,CHL,my,0.1284,,,,0.3035
2018-09-08,Hadera_IL,CHL,my,0.2098,0.2135,0.1728,0.2285,0.8756
2018-09-09,Hadera_IL,CHL,my,,0.1637,0.1258,0.4894,0.9403
2018-09-10,Hadera_IL,CHL,my,0.1739,0.1923,0.08148,0.2006,0.7214
2018-09-11,Hadera_IL,CHL,my,0.1986,0.1998,0.1305,0.4284,1
2018-09-12,Hadera_IL,CHL,my,0.1641,0.2395,0.1464,0.4119,0.9652
2018-09-15,Hadera_IL,CHL,my,0.107,0.107,0.09326,0.601,1
2018-09-16,Hadera_IL,CHL,my,0.1209,0.1161,0.07472,0.1417,0.9403
2018-09-17,Hadera_IL,CHL,my,0.1188,0.108,0.08422,0.1211,0.8756
2018-09-18,Hadera_IL,CHL,my,,0.08704,0.07818,0.1023,0.5721
2018-09-19,Hadera_IL,CHL,my,0.1171,0.1333,0.08529,0.1397,0.5721
2018-09-20,Hadera_IL,CHL,my,0.1451,0.1246,0.1052,0.1811,0.9403
2018-09-21,Hadera_IL,CHL,my,0.08166,0.08764,0.07128,0.1118,0.9403
2018-09-23,Hadera_IL,CHL,my,0.04142,0.04071,0.0372,0.1394,0.9403
2018-09-24,Hadera_IL,CHL,my,0.05844,0.05042,0.04424,0.08055,0.8756
2018-09-25,Hadera_IL,CHL,my,0.04456,0.05258,0.04192,0.08212,0.9403
2018-09-26,Hadera_IL,CHL,my,0.04881,0.04881,0.03746,0.1642,0.9652
2018-09-27,Hadera_IL,CHL,my,0.04192,0.05296,0.05567,0.2761,0.9751
2018-09-28,Hadera_IL,CHL,my,0.1485,0.1348,0.08603,0.1485,0.9403
2018-09-30,Hadera_IL,CHL,my,0.13,0.0871,0.08736,0.1838,0.9403
2018-10-02,Hadera_IL,CHL,my,0.07468,0.06069,0.05878,0.07468,0.8159
2018-10-09,Hadera_IL,CHL,my,0.08179,0.08179,0.05733,0.1009,0.9403
2018-10-10,Hadera_IL,CHL,my,0.08962,0.08288,0.05741,0.08962,0.7313
2018-10-11,Hadera_IL,CHL,my,,0.05671,0.04935,0.07922,0.6667
2018-10-12,Hadera_IL,CHL,my,0.0773,0.04609,0.04119,0.0773,0.8159
2018-10-13,Hadera_IL,CHL,my,0.07823,0.08629,0.07479,0.1328,0.9005
2018-10-14,Hadera_IL,CHL,my,0.09155,0.07486,0.0677,0.1077,0.9403
2018-10-16,Hadera_IL,CHL,my,0.08213,0.1297,0.1154,0.2565,1
2018-10-27,Hadera_IL,CHL,my,1.245,1.015,0.4032,1.264,0.9403
2018-10-28,Hadera_IL,CHL,my,0.9368,0.929,0.4919,0.9699,0.9403
2018-10-29,Hadera_IL,CHL,my,0.2941,0.2941,0.1678,0.3067,0.8756
2018-10-30,Hadera_IL,CHL,my,0.1557,0.1448,0.1036,0.1921,0.9403
2018-10-31,Hadera_IL,CHL,my,0.1101,0.1271,0.09469,0.3254,0.9751
2018-11-01,Hadera_IL,CHL,my,0.1498,0.1507,0.1182,0.1722,0.9403
2018-11-02,Hadera_IL,CHL,my,0.09684,0.1,0.0854,0.2031,0.9652
2018-11-03,Hadera_IL,CHL,my,0.081,0.081,0.06767,0.1493,0.9751
2018-11-07,Hadera_IL,CHL,my,0.06245,0.06899,0.06532,0.1313,0.9652
2018-11-08,Hadera_IL,CHL,my,0.116,0.1346,0.09107,0.2844,0.9652
2018-11-12,Hadera_IL,CHL,my,0.07475,0.07475,0.06344,0.2103,0.9751
2018-11-13,Hadera_IL,CHL,my,0.1395,0.1465,0.1014,0.1557,0.8756
2018-11-17,Hadera_IL,CHL,my,0.216,0.2121,0.1565,0.3104,0.9403
2018-11-18,Hadera_IL,CHL,my,0.19,0.1865,0.1384,0.3937,0.9104
2018-11-19,Hadera_IL,CHL,my,0.188,0.1406,0.09729,0.1981,0.9403
2018-11-24,Hadera_IL,CHL,my,0.1667,0.139,0.1312,0.2314,0.9403
2018-11-25,Hadera_IL,CHL,my,0.1144,0.1144,0.08115,0.1208,0.8706
2018-11-26,Hadera_IL,CHL,my,0.1246,,,,0.3682
2018-11-27,Hadera_IL,CHL,my,0.1381,,,,0.4179
2018-11-30,Hadera_IL,CHL,my,0.06463,0.07534,0.07197,0.07764,0.5274
2018-12-03,Hadera_IL,CHL,my,0.2092,0.2082,0.1666,0.2375,0.6716
2018-12-04,Hadera_IL,CHL,my,0.2058,,,,0.0597
2018-12-07,Hadera_IL,CHL,my,0.2488,,,,0.1493
2018-12-14,Hadera_IL,CHL,my,0.193,0.2228,0.1787,0.4417,0.9652
2018-12-15,Hadera_IL,CHL,my,0.3218,0.3218,0.2936,0.6205,1
2018-12-20,Hadera_IL,CHL,my,,0.1336,0.1032,0.1699,0.7214
2018-12-21,Hadera_IL,CHL,my,0.5381,0.468,0.2139,0.6127,0.8756
2018-12-22,Hadera_IL,CHL,my,0.122,0.103,0.09418,0.2837,0.9403
2018-12-23,Hadera_IL,CHL,my,0.06314,0.07003,0.07429,0.2697,0.796
2018-12-25,Hadera_IL,CHL,my,0.1065,0.133,0.09493,0.1351,0.5721
2018-12-31,Hadera_IL,CHL,my,0.254,,,,0.4328
2018-01-07,Open_sea_ref,CHL,my,0.0719,0.0719,0.0719,0.0719,1
2018-01-11,Open_sea_ref,CHL,my,0.0579,0.0579,0.0579,0.0579,1
2018-01-13,Open_sea_ref,CHL,my,0.0649,0.0649,0.0649,0.0649,1
2018-01-15,Open_sea_ref,CHL,my,0.0516,0.0516,0.0516,0.0516,1
2018-01-18,Open_sea_ref,CHL,my,0.074,0.074,0.074,0.074,1
2018-01-21,Open_sea_ref,CHL,my,0.0806,0.0806,0.0806,0.0806,1
2018-01-23,Open_sea_ref,CHL,my,0.0656,0.0656,0.0656,0.0656,1
2018-01-27,Open_sea_ref,CHL,my,0.0617,0.0617,0.0617,0.0617,1
2018-01-30,Open_sea_ref,CHL,my,0.0653,0.0653,0.0653,0.0653,1
2018-01-31,Open_sea_ref,CHL,my,0.0671,0.0671,0.0671,0.0671,1
2018-02-01,Open_sea_ref,CHL,my,0.0734,0.0734,0.0734,0.0734,1
2018-02-02,Open_sea_ref,CHL,my,0.1104,0.1104,0.1104,0.1104,1
2018-02-03,Open_sea_ref,CHL,my,0.118,0.118,0.118,0.118,1
2018-02-04,Open_sea_ref,CHL,my,0.1021,0.1021,0.1021,0.1021,1
2018-02-14,Open_sea_ref,CHL,my,0.0644,0.0644,0.0644,0.0644,1
2018-02-21,Open_sea_ref,CHL,my,0.0704,0.0704,0.0704,0.0704,1
2018-02-22,Open_sea_ref,CHL,my,0.0946,0.0946,0.0946,0.0946,1
2018-02-23,Open_sea_ref,CHL,my,0.0979,0.0979,0.0979,0.0979,1
2018-02-26,Open_sea_ref,CHL,my,0.0771,0.0771,0.0771,0.0771,1
2018-02-27,Open_sea_ref,CHL,my,0.0698,0.0698,0.0698,0.0698,1
2018-02-28,Open_sea_ref,CHL,my,0.0634,0.0634,0.0634,0.0634,1
2018-03-01,Open_sea_ref,CHL,my,0.0695,0.0695,0.0695,0.0695,1
2018-03-02,Open_sea_ref,CHL,my,0.0602,0.0602,0.0602,0.0602,1
2018-03-03,Open_sea_ref,CHL,my,0.0625,0.0625,0.0625,0.0625,1
2018-03-07,Open_sea_ref,CHL,my,0.0518,0.0518,0.0518,0.0518,1
2018-03-10,Open_sea_ref,CHL,my,0.0536,0.0536,0.0536,0.0536,1
2018-03-11,Open_sea_ref,CHL,my,0.0489,0.0489,0.0489,0.0489,1
2018-03-12,Open_sea_ref,CHL,my,0.0493,0.0493,0.0493,0.0493,1
2018-03-13,Open_sea_ref,CHL,my,0.0456,0.0456,0.0456,0.0456,1
2018-03-14,Open_sea_ref,CHL,my,0.05,0.05,0.05,0.05,1
2018-03-16,Open_sea_ref,CHL,my,0.0496,0.0496,0.0496,0.0496,1
2018-03-17,Open_sea_ref,CHL,my,0.0376,0.0376,0.0376,0.0376,1
2018-03-19,Open_sea_ref,CHL,my,0.0502,0.0502,0.0502,0.0502,1
2018-03-21,Open_sea_ref,CHL,my,0.0385,0.0385,0.0385,0.0385,1
2018-03-26,Open_sea_ref,CHL,my,0.042,0.042,0.042,0.042,1
2018-03-27,Open_sea_ref,CHL,my,0.0426,0.0426,0.0426,0.0426,1
2018-03-31,Open_sea_ref,CHL,my,0.0502,0.0502,0.0502,0.0502,1
2018-04-01,Open_sea_ref,CHL,my,0.0483,0.0483,0.0483,0.0483,1
2018-04-02,Open_sea_ref,CHL,my,0.0472,0.0472,0.0472,0.0472,1
2018-04-04,Open_sea_ref,CHL,my,0.0401,0.0401,0.0401,0.0401,1
2018-04-06,Open_sea_ref,CHL,my,0.0406,0.0406,0.0406,0.0406,1
2018-04-07,Open_sea_ref,CHL,my,0.0396,0.0396,0.0396,0.0396,1
2018-04-09,Open_sea_ref,CHL,my,0.0367,0.0367,0.0367,0.0367,1
2018-04-10,Open_sea_ref,CHL,my,0.0425,0.0425,0.0425,0.0425,1
2018-04-14,Open_sea_ref,CHL,my,0.0342,0.0342,0.0342,0.0342,1
2018-04-15,Open_sea_ref,CHL,my,0.0441,0.0441,0.0441,0.0441,1
2018-04-16,Open_sea_ref,CHL,my,0.0317,0.0317,0.0317,0.0317,1
2018-04-17,Open_sea_ref,CHL,my,0.0317,0.0317,0.0317,0.0317,1
2018-04-18,Open_sea_ref,CHL,my,0.0411,0.0411,0.0411,0.0411,1
2018-04-19,Open_sea_ref,CHL,my,0.0378,0.0378,0.0378,0.0378,1
2018-04-22,Open_sea_ref,CHL,my,0.0374,0.0374,0.0374,0.0374,1
2018-04-23,Open_sea_ref,CHL,my,0.0319,0.0319,0.0319,0.0319,1
2018-04-24,Open_sea_ref,CHL,my,0.0279,0.0279,0.0279,0.0279,1
2018-04-28,Open_sea_ref,CHL,my,0.0459,0.0459,0.0459,0.0459,1
2018-04-29,Open_sea_ref,CHL,my,0.0363,0.0363,0.0363,0.0363,1
2018-05-07,Open_sea_ref,CHL,my,0.0383,0.0383,0.0383,0.0383,1
2018-05-09,Open_sea_ref,CHL,my,0.0423,0.0423,0.0423,0.0423,1
2018-05-11,Open_sea_ref,CHL,my,0.0366,0.0366,0.0366,0.0366,1
2018-05-14,Open_sea_ref,CHL,my,0.0307,0.0307,0.0307,0.0307,1
2018-05-15,Open_sea_ref,CHL,my,0.0351,0.0351,0.0351,0.0351,1
2018-05-17,Open_sea_ref,CHL,my,0.032,0.032,0.032,0.032,1
2018-05-18,Open_sea_ref,CHL,my,0.0299,0.0299,0.0299,0.0299,1
2018-05-20,Open_sea_ref,CHL,my,0.0397,0.0397,0.0397,0.0397,1
2018-05-26,Open_sea_ref,CHL,my,0.0304,0.0304,0.0304,0.0304,1
2018-05-27,Open_sea_ref,CHL,my,0.0314,0.0314,0.0314,0.0314,1
2018-05-29,Open_sea_ref,CHL,my,0.03,0.03,0.03,0.03,1
2018-06-02,Open_sea_ref,CHL,my,0.032,0.032,0.032,0.032,1
2018-06-03,Open_sea_ref,CHL,my,0.0286,0.0286,0.0286,0.0286,1
2018-06-05,Open_sea_ref,CHL,my,0.0355,0.0355,0.0355,0.0355,1
2018-06-06,Open_sea_ref,CHL,my,0.0262,0.0262,0.0262,0.0262,1
2018-06-07,Open_sea_ref,CHL,my,0.0306,0.0306,0.0306,0.0306,1
2018-06-09,Open_sea_ref,CHL,my,0.0287,0.0287,0.0287,0.0287,1
2018-06-10,Open_sea_ref,CHL,my,0.0244,0.0244,0.0244,0.0244,1
2018-06-11,Open_sea_ref,CHL,my,0.0254,0.0254,0.0254,0.0254,1
2018-06-14,Open_sea_ref,CHL,my,0.0239,0.0239,0.0239,0.0239,1
2018-06-15,Open_sea_ref,CHL,my,0.0264,0.0264,0.0264,0.0264,1
2018-06-17,Open_sea_ref,CHL,my,0.0224,0.0224,0.0224,0.0224,1
2018-06-19,Open_sea_ref,CHL,my,0.023,0.023,0.023,0.023,1
2018-06-20,Open_sea_ref,CHL,my,0.0262,0.0262,0.0262,0.0262,1
2018-06-22,Open_sea_ref,CHL,my,0.0269,0.0269,0.0269,0.0269,1
2018-06-23,Open_sea_ref,CHL,my,0.0218,0.0218,0.0218,0.0218,1
2018-06-26,Open_sea_ref,CHL,my,0.0247,0.0247,0.0247,0.0247,1
2018-06-27,Open_sea_ref,CHL,my,0.0175,0.0175,0.0175,0.0175,1
2018-06-29,Open_sea_ref,CHL,my,0.0236,0.0236,0.0236,0.0236,1
2018-06-30,Open_sea_ref,CHL,my,0.0234,0.0234,0.0234,0.0234,1
2018-07-01,Open_sea_ref,CHL,my,0.0202,0.0202,0.0202,0.0202,1
2018-07-03,Open_sea_ref,CHL,my,0.0175,0.0175,0.0175,0.0175,1
2018-07-04,Open_sea_ref,CHL,my,0.0288,0.0288,0.0288,0.0288,1
2018-07-07,Open_sea_ref,CHL,my,0.0244,0.0244,0.0244,0.0244,1
2018-07-08,Open_sea_ref,CHL,my,0.0245,0.0245,0.0245,0.0245,1
2018-07-09,Open_sea_ref,CHL,my,0.0237,0.0237,0.0237,0.0237,1
2018-07-16,Open_sea_ref,CHL,my,0.0333,0.0333,0.0333,0.0333,1
2018-07-17,Open_sea_ref,CHL,my,0.0297,0.0297,0.0297,0.0297,1
2018-07-19,Open_sea_ref,CHL,my,0.0214,0.0214,0.0214,0.0214,1
2018-07-20,Open_sea_ref,CHL,my,0.026,0.026,0.026,0.026,1
2018-07-23,Open_sea_ref,CHL,my,0.027,0.027,0.027,0.027,1
2018-07-27,Open_sea_ref,CHL,my,0.0221,0.0221,0.0221,0.0221,1
2018-07-28,Open_sea_ref,CHL,my,0.0311,0.0311,0.0311,0.0311,1
2018-07-31,Open_sea_ref,CHL,my,0.0245,0.0245,0.0245,0.0245,1
2018-08-06,Open_sea_ref,CHL,my,0.0234,0.0234,0.0234,0.0234,1
2018-08-07,Open_sea_ref,CHL,my,0.0285,0.0285,0.0285,0.0285,1
2018-08-10,Open_sea_ref,CHL,my,0.024,0.024,0.024,0.024,1
2018-08-11,Open_sea_ref,CHL,my,0.0228,0.0228,0.0228,0.0228,1
2018-08-12,Open_sea_ref,CHL,my,0.0264,0.0264,0.0264,0.0264,1
2018-08-13,Open_sea_ref,CHL,my,0.0244,0.0244,0.0244,0.0244,1
2018-08-16,Open_sea_ref,CHL,my,0.0236,0.0236,0.0236,0.0236,1
2018-08-17,Open_sea_ref,CHL,my,0.0238,0.0238,0.0238,0.0238,1
2018-08-23,Open_sea_ref,CHL,my,0.0393,0.0393,0.0393,0.0393,1
2018-08-24,Open_sea_ref,CHL,my,0.0374,0.0374,0.0374,0.0374,1
2018-08-25,Open_sea_ref,CHL,my,0.0294,0.0294,0.0294,0.0294,1
2018-08-26,Open_sea_ref,CHL,my,0.025,0.025,0.025,0.025,1
2018-08-27,Open_sea_ref,CHL,my,0.033,0.033,0.033,0.033,1
2018-08-28,Open_sea_ref,CHL,my,0.0276,0.0276,0.0276,0.0276,1
2018-08-29,Open_sea_ref,CHL,my,0.0197,0.0197,0.0197,0.0197,1
2018-08-30,Open_sea_ref,CHL,my,0.0232,0.0232,0.0232,0.0232,1
2018-09-02,Open_sea_ref,CHL,my,0.023,0.023,0.023,0.023,1
2018-09-04,Open_sea_ref,CHL,my,0.0287,0.0287,0.0287,0.0287,1
2018-09-06,Open_sea_ref,CHL,my,0.0243,0.0243,0.0243,0.0243,1
2018-09-08,Open_sea_ref,CHL,my,0.0281,0.0281,0.0281,0.0281,1
2018-09-10,Open_sea_ref,CHL,my,0.0286,0.0286,0.0286,0.0286,1
2018-09-11,Open_sea_ref,CHL,my,0.0268,0.0268,0.0268,0.0268,1
2018-09-12,Open_sea_ref,CHL,my,0.0327,0.0327,0.0327,0.0327,1
2018-09-14,Open_sea_ref,CHL,my,0.0326,0.0326,0.0326,0.0326,1
2018-09-17,Open_sea_ref,CHL,my,0.0279,0.0279,0.0279,0.0279,1
2018-09-18,Open_sea_ref,CHL,my,0.0305,0.0305,0.0305,0.0305,1
2018-09-19,Open_sea_ref,CHL,my,0.0428,0.0428,0.0428,0.0428,1
2018-09-20,Open_sea_ref,CHL,my,0.047,0.047,0.047,0.047,1
2018-09-21,Open_sea_ref,CHL,my,0.0389,0.0389,0.0389,0.0389,1
2018-09-22,Open_sea_ref,CHL,my,0.0276,0.0276,0.0276,0.0276,1
2018-09-23,Open_sea_ref,CHL,my,0.0305,0.0305,0.0305,0.0305,1
2018-09-24,Open_sea_ref,CHL,my,0.0292,0.0292,0.0292,0.0292,1
2018-09-26,Open_sea_ref,CHL,my,0.0342,0.0342,0.0342,0.0342,1
2018-09-27,Open_sea_ref,CHL,my,0.0304,0.0304,0.0304,0.0304,1
2018-09-28,Open_sea_ref,CHL,my,0.0246,0.0246,0.0246,0.0246,1
2018-10-02,Open_sea_ref,CHL,my,0.0294,0.0294,0.0294,0.0294,1
2018-10-03,Open_sea_ref,CHL,my,0.0338,0.0338,0.0338,0.0338,1
2018-10-04,Open_sea_ref,CHL,my,0.0312,0.0312,0.0312,0.0312,1
2018-10-11,Open_sea_ref,CHL,my,0.0309,0.0309,0.0309,0.0309,1
2018-10-12,Open_sea_ref,CHL,my,0.0224,0.0224,0.0224,0.0224,1
2018-10-13,Open_sea_ref,CHL,my,0.0346,0.0346,0.0346,0.0346,1
2018-10-14,Open_sea_ref,CHL,my,0.0267,0.0267,0.0267,0.0267,1
2018-10-15,Open_sea_ref,CHL,my,0.0309,0.0309,0.0309,0.0309,1
2018-10-17,Open_sea_ref,CHL,my,0.0271,0.0271,0.0271,0.0271,1
2018-10-18,Open_sea_ref,CHL,my,0.0352,0.0352,0.0352,0.0352,1
2018-10-26,Open_sea_ref,CHL,my,0.0409,0.0409,0.0409,0.0409,1
2018-10-27,Open_sea_ref,CHL,my,0.0379,0.0379,0.0379,0.0379,1
2018-10-28,Open_sea_ref,CHL,my,0.0502,0.0502,0.0502,0.0502,1
2018-10-29,Open_sea_ref,CHL,my,0.0361,0.0361,0.0361,0.0361,1
2018-10-30,Open_sea_ref,CHL,my,0.0458,0.0458,0.0458,0.0458,1
2018-10-31,Open_sea_ref,CHL,my,0.0756,0.0756,0.0756,0.0756,1
2018-11-01,Open_sea_ref,CHL,my,0.083,0.083,0.083,0.083,1
2018-11-02,Open_sea_ref,CHL,my,0.0537,0.0537,0.0537,0.0537,1
2018-11-03,Open_sea_ref,CHL,my,0.0396,0.0396,0.0396,0.0396,1
2018-11-04,Open_sea_ref,CHL,my,0.0383,0.0383,0.0383,0.0383,1
2018-11-05,Open_sea_ref,CHL,my,0.0364,0.0364,0.0364,0.0364,1
2018-11-06,Open_sea_ref,CHL,my,0.0415,0.0415,0.0415,0.0415,1
2018-11-12,Open_sea_ref,CHL,my,0.0341,0.0341,0.0341,0.0341,1
2018-11-15,Open_sea_ref,CHL,my,0.0408,0.0408,0.0408,0.0408,1
2018-11-17,Open_sea_ref,CHL,my,0.0431,0.0431,0.0431,0.0431,1
2018-11-19,Open_sea_ref,CHL,my,0.0455,0.0455,0.0455,0.0455,1
2018-11-25,Open_sea_ref,CHL,my,0.036,0.036,0.036,0.036,1
2018-11-26,Open_sea_ref,CHL,my,0.0443,0.0443,0.0443,0.0443,1
2018-11-29,Open_sea_ref,CHL,my,0.0415,0.0415,0.0415,0.0415,1
2018-11-30,Open_sea_ref,CHL,my,0.039,0.039,0.039,0.039,1
2018-12-03,Open_sea_ref,CHL,my,0.0441,0.0441,0.0441,0.0441,1
2018-12-04,Open_sea_ref,CHL,my,0.0522,0.0522,0.0522,0.0522,1
2018-12-14,Open_sea_ref,CHL,my,0.0564,0.0564,0.0564,0.0564,1
2018-12-15,Open_sea_ref,CHL,my,0.0603,0.0603,0.0603,0.0603,1
2018-12-20,Open_sea_ref,CHL,my,0.0492,0.0492,0.0492,0.0492,1
2018-12-21,Open_sea_ref,CHL,my,0.0562,0.0562,0.0562,0.0562,1
2018-12-23,Open_sea_ref,CHL,my,0.0631,0.0631,0.0631,0.0631,1
2018-12-24,Open_sea_ref,CHL,my,0.0557,0.0557,0.0557,0.0557,1
2018-12-25,Open_sea_ref,CHL,my,0.0492,0.0492,0.0492,0.0492,1
2018-12-26,Open_sea_ref,CHL,my,0.061,0.061,0.061,0.061,1
2018-12-30,Open_sea_ref,CHL,my,0.0499,0.0499,0.0499,0.0499,1
2018-01-03,Port_Said_EG,CHL,my,5.367,5.311,4.014,7.541,0.9598
2018-01-04,Port_Said_EG,CHL,my,,3.591,2.862,4.499,0.5779
2018-01-06,Port_Said_EG,CHL,my,6.501,6.526,5.473,7.363,0.8794
2018-01-08,Port_Said_EG,CHL,my,4.658,4.038,2.863,4.924,0.8392
2018-01-09,Port_Said_EG,CHL,my,3.745,3.732,2.195,3.89,0.9296
2018-01-11,Port_Said_EG,CHL,my,3.397,3.397,2.351,4.082,1
2018-01-12,Port_Said_EG,CHL,my,6.879,3.791,3.211,11.49,0.9698
2018-01-13,Port_Said_EG,CHL,my,11.65,11.32,5.292,13.56,0.9698
2018-01-14,Port_Said_EG,CHL,my,6.527,,,,0.1658
2018-01-15,Port_Said_EG,CHL,my,5.821,5.49,3.889,6.815,0.9296
2018-01-16,Port_Said_EG,CHL,my,15.91,7.419,4.973,15.91,0.9698
2018-01-18,Port_Said_EG,CHL,my,8.042,7.025,4.725,9.529,0.9698
2018-01-20,Port_Said_EG,CHL,my,7.48,4.464,3.516,7.501,0.9146
2018-01-28,Port_Said_EG,CHL,my,7.363,5.765,3.867,9.361,0.9698
2018-01-29,Port_Said_EG,CHL,my,8.504,6.87,3.334,8.504,0.9296
2018-01-30,Port_Said_EG,CHL,my,20.17,13.92,5.731,20.17,0.9698
2018-01-31,Port_Said_EG,CHL,my,26.56,17.93,6.844,26.56,0.9296
2018-02-01,Port_Said_EG,CHL,my,,19.09,8.493,27.91,0.7889
2018-02-02,Port_Said_EG,CHL,my,9.533,11.11,5.864,12.75,0.9698
2018-02-03,Port_Said_EG,CHL,my,6.949,6.949,4.595,9.285,0.9296
2018-02-14,Port_Said_EG,CHL,my,2.958,2.813,2.319,4.845,0.6784
2018-02-16,Port_Said_EG,CHL,my,5.522,,,,0.3116
2018-02-18,Port_Said_EG,CHL,my,6.834,5.723,3.935,6.834,0.8543
2018-02-22,Port_Said_EG,CHL,my,2.349,2.165,1.91,2.702,0.9296
2018-02-24,Port_Said_EG,CHL,my,7.682,6.511,2.862,8.855,0.9698
2018-02-27,Port_Said_EG,CHL,my,5.137,2.952,2.482,6.073,0.9598
2018-02-28,Port_Said_EG,CHL,my,2.383,2.188,1.767,2.551,0.9296
2018-03-02,Port_Said_EG,CHL,my,2.182,2.182,2.077,5.196,0.9246
2018-03-03,Port_Said_EG,CHL,my,,2.093,1.619,2.75,0.794
2018-03-04,Port_Said_EG,CHL,my,,2.901,2.204,3.027,0.7839
2018-03-06,Port_Said_EG,CHL,my,3.019,3.019,2.365,3.393,0.9296
2018-03-07,Port_Said_EG,CHL,my,6.996,6.996,3.522,7.919,0.9296
2018-03-09,Port_Said_EG,CHL,my,2.909,2.909,2.159,3.068,0.5829
2018-03-10,Port_Said_EG,CHL,my,5.24,4.394,2.668,5.24,0.9497
2018-03-11,Port_Said_EG,CHL,my,3.987,,,,0.3769
2018-03-12,Port_Said_EG,CHL,my,13.71,8.325,5.135,19.12,0.9698
2018-03-13,Port_Said_EG,CHL,my,2.898,2.809,2.12,3.064,0.9899
2018-03-14,Port_Said_EG,CHL,my,2.204,2.098,1.803,2.592,1
2018-03-16,Port_Said_EG,CHL,my,8.255,8.116,3.59,13.51,0.8543
2018-03-17,Port_Said_EG,CHL,my,9.583,8.789,4.322,14.51,0.9698
2018-03-18,Port_Said_EG,CHL,my,4.535,,,,0.392
2018-03-20,Port_Said_EG,CHL,my,5.499,3.681,2.535,5.558,0.9095
2018-03-21,Port_Said_EG,CHL,my,7.076,6.131,3.399,8.587,1
2018-03-26,Port_Said_EG,CHL,my,5.096,4.763,3.548,6.078,0.9698
2018-03-27,Port_Said_EG,CHL,my,4.489,4.638,3.574,4.79,0.608
2018-03-30,Port_Said_EG,CHL,my,6.661,5.389,3.839,7.08,0.9296
2018-03-31,Port_Said_EG,CHL,my,7.06,5.774,4.276,8.788,0.9296
2018-04-02,Port_Said_EG,CHL,my,2.723,2.689,2.376,4.294,1
2018-04-06,Port_Said_EG,CHL,my,,6.187,3.857,8.444,0.8442
2018-04-07,Port_Said_EG,CHL,my,14.49,6.969,5.33,14.49,0.8744
2018-04-09,Port_Said_EG,CHL,my,10.96,7.594,3.485,10.96,0.9296
2018-04-10,Port_Said_EG,CHL,my,4.965,,,,0.4774
2018-04-14,Port_Said_EG,CHL,my,6.006,5.793,3.412,6.499,1
2018-04-15,Port_Said_EG,CHL,my,6.507,6.507,2.784,8.915,0.9296
2018-04-16,Port_Said_EG,CHL,my,7.41,6.389,3.599,7.487,0.8543
2018-04-17,Port_Said_EG,CHL,my,5.11,4.479,2.545,5.857,0.9698
2018-04-22,Port_Said_EG,CHL,my,,2.085,2.019,4.863,0.5226
2018-04-23,Port_Said_EG,CHL,my,15.14,14.95,7.078,17.27,0.9698
2018-04-24,Port_Said_EG,CHL,my,,3.006,2.393,4.67,0.7437
2018-04-28,Port_Said_EG,CHL,my,3.341,2.984,2.102,5.651,0.9296
2018-04-29,Port_Said_EG,CHL,my,7.434,7.099,4.525,12.38,1
2018-05-09,Port_Said_EG,CHL,my,5.349,3.593,2.585,5.349,0.9296
2018-05-11,Port_Said_EG,CHL,my,3.897,3.897,2.474,4.026,0.9598
2018-05-14,Port_Said_EG,CHL,my,5.027,4.008,2.531,5.027,0.9296
2018-05-15,Port_Said_EG,CHL,my,5.877,5.299,3.078,8.238,1
2018-05-17,Port_Said_EG,CHL,my,2.6,2.5,2.086,3.974,0.9698
2018-05-18,Port_Said_EG,CHL,my,13.03,12.37,5.038,15.33,0.9296
2018-05-19,Port_Said_EG,CHL,my,10.26,8.975,4.336,11,0.9598
2018-05-20,Port_Said_EG,CHL,my,7.667,6.064,3.075,8.258,0.9296
2018-05-21,Port_Said_EG,CHL,my,,3.708,2.678,8.442,0.794
2018-05-27,Port_Said_EG,CHL,my,2.324,2.188,1.368,2.569,0.9296
2018-05-30,Port_Said_EG,CHL,my,,1.661,1.092,1.875,0.7839
2018-06-01,Port_Said_EG,CHL,my,2.462,1.867,1.505,2.462,0.8744
2018-06-02,Port_Said_EG,CHL,my,2.194,2.137,1.616,2.242,1
2018-06-03,Port_Said_EG,CHL,my,5.26,2.816,2.399,7.017,1
2018-06-04,Port_Said_EG,CHL,my,2.913,2.617,1.934,5.058,0.9296
2018-06-05,Port_Said_EG,CHL,my,3.233,2.759,1.941,3.233,0.8744
2018-06-06,Port_Said_EG,CHL,my,5.27,3.349,2.448,6.595,0.8191
2018-06-07,Port_Said_EG,CHL,my,2.252,2.252,1.728,3.488,1
2018-06-08,Port_Said_EG,CHL,my,8.447,5.874,3.055,8.925,0.8744
2018-06-09,Port_Said_EG,CHL,my,6.269,5.937,2.762,8.126,0.8593
2018-06-14,Port_Said_EG,CHL,my,5.982,5.694,2.734,7.777,1
2018-06-15,Port_Said_EG,CHL,my,4.605,4.605,2.916,6.197,1
2018-06-17,Port_Said_EG,CHL,my,3.596,3.596,2.671,6.088,0.9296
2018-06-18,Port_Said_EG,CHL,my,3.09,3.09,2.189,3.942,1
2018-06-19,Port_Said_EG,CHL,my,2.944,2.843,2.291,4.076,1
2018-06-20,Port_Said_EG,CHL,my,2.579,2.506,2.174,3,0.9698
2018-06-22,Port_Said_EG,CHL,my,3.396,3.203,2.62,4.457,1
2018-06-23,Port_Said_EG,CHL,my,2.883,2.689,2.114,3.295,0.9296
2018-06-24,Port_Said_EG,CHL,my,6.589,6.173,3.155,7.397,0.8543
2018-06-25,Port_Said_EG,CHL,my,5.851,3.539,2.723,6.205,0.9296
2018-06-26,Port_Said_EG,CHL,my,3.807,3.807,2.875,10.48,1
2018-06-30,Port_Said_EG,CHL,my,2.873,2.546,1.729,3.104,0.8543
2018-07-02,Port_Said_EG,CHL,my,3.373,3.017,2.094,3.373,0.5628
2018-07-03,Port_Said_EG,CHL,my,3.918,3.918,2.741,7.814,0.9698
2018-07-04,Port_Said_EG,CHL,my,2.487,2.313,1.684,3.211,1
2018-07-05,Port_Said_EG,CHL,my,2.424,2.071,1.627,2.522,0.9296
2018-07-06,Port_Said_EG,CHL,my,2.335,2.127,1.583,2.682,0.9698
2018-07-07,Port_Said_EG,CHL,my,,1.765,1.461,2.685,0.6482
2018-07-08,Port_Said_EG,CHL,my,2.282,2.282,1.706,2.703,1
2018-07-09,Port_Said_EG,CHL,my,2.387,2.335,1.807,2.608,0.9698
2018-07-10,Port_Said_EG,CHL,my,,2.66,1.828,3.231,0.7839
2018-07-11,Port_Said_EG,CHL,my,3.242,2.812,1.949,3.242,0.9296
2018-07-12,Port_Said_EG,CHL,my,2.785,2.785,1.836,3.07,0.9296
2018-07-14,Port_Said_EG,CHL,my,3.775,3.753,2.124,4.068,0.9296
2018-07-16,Port_Said_EG,CHL,my,2.801,2.565,1.898,3.999,0.9095
2018-07-17,Port_Said_EG,CHL,my,3.679,2.281,2.044,4.259,0.9698
2018-07-19,Port_Said_EG,CHL,my,,2.049,1.814,4.113,0.7739
2018-07-20,Port_Said_EG,CHL,my,3.837,3.44,2.159,4.022,0.9698
2018-07-21,Port_Said_EG,CHL,my,4.831,3.565,2.483,5.907,0.9698
2018-07-22,Port_Said_EG,CHL,my,5.141,4.87,2.65,5.934,0.9698
2018-07-23,Port_Said_EG,CHL,my,5.366,4.605,2.72,6.608,0.9698
2018-07-26,Port_Said_EG,CHL,my,4.867,3.204,2.461,6.055,0.9397
2018-07-27,Port_Said_EG,CHL,my,6.019,4.825,2.801,7.831,1
2018-07-28,Port_Said_EG,CHL,my,5.569,3.233,2.016,5.569,0.8543
2018-07-29,Port_Said_EG,CHL,my,2.966,2.435,1.762,2.966,0.8141
2018-07-30,Port_Said_EG,CHL,my,6.343,5.806,2.586,6.343,0.9296
2018-07-31,Port_Said_EG,CHL,my,5.169,5.169,4.088,5.604,0.5075
2018-08-01,Port_Said_EG,CHL,my,3.305,2.897,2.08,5.377,0.7839
2018-08-02,Port_Said_EG,CHL,my,2.847,2.825,1.855,4.212,0.9296
2018-08-04,Port_Said_EG,CHL,my,5.121,4.066,2.469,5.121,0.9296
2018-08-05,Port_Said_EG,CHL,my,4.229,4.229,2.358,4.783,0.9296
2018-08-06,Port_Said_EG,CHL,my,5.574,4.954,2.721,5.576,0.9698
2018-08-07,Port_Said_EG,CHL,my,5.102,5.053,2.562,6.375,1
2018-08-08,Port_Said_EG,CHL,my,4.437,4.009,2.301,6.092,1
2018-08-09,Port_Said_EG,CHL,my,4.398,4.393,2.494,4.878,0.6131
2018-08-10,Port_Said_EG,CHL,my,4.951,4.276,2.297,5.293,0.9296
2018-08-11,Port_Said_EG,CHL,my,6.511,6.511,3.375,9.031,1
2018-08-12,Port_Said_EG,CHL,my,5.674,5.002,2.663,6.608,1
2018-08-13,Port_Said_EG,CHL,my,5.3,4.686,2.416,6.122,0.8744
2018-08-14,Port_Said_EG,CHL,my,5.338,3.495,2.198,5.338,0.8543
2018-08-15,Port_Said_EG,CHL,my,6.089,5.899,3.112,9.195,1
2018-08-17,Port_Said_EG,CHL,my,5.407,4.904,2.8,5.56,0.7286
2018-08-18,Port_Said_EG,CHL,my,7.161,5.873,2.848,7.161,0.9698
2018-08-19,Port_Said_EG,CHL,my,4.544,3.184,2.11,4.544,0.7186
2018-08-20,Port_Said_EG,CHL,my,,1.935,1.5,2.217,0.6382
2018-08-21,Port_Said_EG,CHL,my,2.714,2.839,2.124,4.81,0.8794
2018-08-22,Port_Said_EG,CHL,my,4.905,4.757,2.546,4.905,0.6382
2018-08-23,Port_Said_EG,CHL,my,4.893,2.773,2.325,6.773,0.9698
2018-08-24,Port_Said_EG,CHL,my,4.886,3.234,2.251,4.949,0.8744
2018-08-26,Port_Said_EG,CHL,my,5.687,3.189,2.459,6.585,0.9698
2018-08-27,Port_Said_EG,CHL,my,4.052,3.692,2.073,4.646,0.9296
2018-08-28,Port_Said_EG,CHL,my,5.698,4.943,2.66,6.986,0.9296
2018-08-29,Port_Said_EG,CHL,my,6.411,4.748,2.569,6.627,0.9296
2018-08-30,Port_Said_EG,CHL,my,5.51,3.312,2.51,5.963,0.8744
2018-08-31,Port_Said_EG,CHL,my,6.32,6.32,3.206,8.933,1
2018-09-01,Port_Said_EG,CHL,my,,3.05,1.868,5.426,0.7136
2018-09-02,Port_Said_EG,CHL,my,,2.1,1.629,3.33,0.7085
2018-09-03,Port_Said_EG,CHL,my,8.066,8.066,3.911,12.14,1
2018-09-04,Port_Said_EG,CHL,my,5.188,5.188,2.887,7.702,1
2018-09-05,Port_Said_EG,CHL,my,7.462,7.692,3.675,9.643,0.9598
2018-09-06,Port_Said_EG,CHL,my,4.866,4.348,2.202,5.044,0.9296
2018-09-07,Port_Said_EG,CHL,my,5.154,3.866,2.431,6.788,0.9698
2018-09-08,Port_Said_EG,CHL,my,5.371,5.161,2.781,6.801,0.9296
2018-09-09,Port_Said_EG,CHL,my,3.93,3.777,2.332,4.975,0.9296
2018-09-10,Port_Said_EG,CHL,my,4.61,2.588,2.185,4.61,0.7286
2018-09-11,Port_Said_EG,CHL,my,4.085,4.085,2.394,6.713,1
2018-09-12,Port_Said_EG,CHL,my,5.65,4.262,2.454,5.771,0.9296
2018-09-14,Port_Said_EG,CHL,my,6.157,7.219,4.247,7.817,0.5779
2018-09-15,Port_Said_EG,CHL,my,5.725,4.575,2.699,6.361,0.6683
2018-09-16,Port_Said_EG,CHL,my,4.77,5.535,3.336,7.755,0.5126
2018-09-17,Port_Said_EG,CHL,my,6.783,6.532,3.656,10.16,0.9698
2018-09-18,Port_Said_EG,CHL,my,16.84,13.66,6.447,18.25,1
2018-09-19,Port_Said_EG,CHL,my,6.755,6.315,3.263,12.85,1
2018-09-20,Port_Said_EG,CHL,my,5.882,5.459,2.796,7.69,0.9296
2018-09-21,Port_Said_EG,CHL,my,5.937,5.191,2.447,5.962,0.9296
2018-09-22,Port_Said_EG,CHL,my,6.131,5.456,2.954,7.84,0.6985
2018-09-23,Port_Said_EG,CHL,my,7.033,6.833,3.431,12.79,1
2018-09-24,Port_Said_EG,CHL,my,6.583,6.583,3.595,8.201,0.9296
2018-09-25,Port_Said_EG,CHL,my,14.48,10.43,4.97,20.28,0.9296
2018-09-26,Port_Said_EG,CHL,my,8.147,7.165,3.353,9.419,1
2018-09-27,Port_Said_EG,CHL,my,4.889,4.79,2.919,6.288,1
2018-09-28,Port_Said_EG,CHL,my,,5.442,3.001,6.158,0.7136
2018-10-02,Port_Said_EG,CHL,my,4.702,5.926,3.352,7.076,0.9698
2018-10-04,Port_Said_EG,CHL,my,10.5,5.558,3.696,10.57,0.9698
2018-10-07,Port_Said_EG,CHL,my,,2.127,1.763,2.767,0.593
2018-10-08,Port_Said_EG,CHL,my,5.448,5.244,2.593,6.132,0.9698
2018-10-11,Port_Said_EG,CHL,my,5.306,5.306,2.868,6.781,0.9598
2018-10-12,Port_Said_EG,CHL,my,5.069,5.069,3.278,6.99,0.6683
2018-10-13,Port_Said_EG,CHL,my,4.897,3.702,2.222,5.578,0.9698
2018-10-14,Port_Said_EG,CHL,my,5.414,2.963,2.209,5.69,0.9296
2018-10-15,Port_Said_EG,CHL,my,8.201,6.106,2.958,8.201,0.6935
2018-10-16,Port_Said_EG,CHL,my,5.906,5.906,3.396,8.474,0.7688
2018-10-18,Port_Said_EG,CHL,my,11.15,9.397,4.106,11.89,1
2018-10-19,Port_Said_EG,CHL,my,7.379,9.937,4.769,17.9,1
2018-10-20,Port_Said_EG,CHL,my,24.39,24.39,11.71,36.07,1
2018-10-27,Port_Said_EG,CHL,my,5.824,5.541,4.433,8.62,0.6734
2018-10-28,Port_Said_EG,CHL,my,7.315,6.939,5.667,8.193,1
2018-10-29,Port_Said_EG,CHL,my,7.401,6.377,4.657,7.703,0.9296
2018-10-31,Port_Said_EG,CHL,my,5.119,5.119,3.911,5.498,1
2018-11-01,Port_Said_EG,CHL,my,6.538,6.538,4.47,8.165,0.9698
2018-11-02,Port_Said_EG,CHL,my,6.294,5.735,3.905,6.669,0.9296
2018-11-03,Port_Said_EG,CHL,my,5.954,5.048,4.116,6.081,1
2018-11-06,Port_Said_EG,CHL,my,,2.28,1.778,2.569,0.6382
2018-11-07,Port_Said_EG,CHL,my,3.472,3.472,2.197,3.74,0.5779
2018-11-08,Port_Said_EG,CHL,my,2.955,,,,0.4372
2018-11-10,Port_Said_EG,CHL,my,2.219,2.219,1.585,2.754,1
2018-11-11,Port_Said_EG,CHL,my,10.99,9.2,3.777,12.47,0.9598
2018-11-12,Port_Said_EG,CHL,my,4.444,4.444,2.282,7.931,0.9698
2018-11-13,Port_Said_EG,CHL,my,2.297,,,,0.1457
2018-11-14,Port_Said_EG,CHL,my,2.892,2.653,1.837,2.957,0.6583
2018-11-15,Port_Said_EG,CHL,my,3.35,2.939,2.032,5.765,1
2018-11-17,Port_Said_EG,CHL,my,8.724,6.13,3.382,8.724,0.9698
2018-11-19,Port_Said_EG,CHL,my,2.922,2.922,2.313,5.107,1
2018-11-21,Port_Said_EG,CHL,my,9.309,7.549,4.449,11.94,0.8392
2018-11-23,Port_Said_EG,CHL,my,2.642,2.642,1.68,4.327,1
2018-11-26,Port_Said_EG,CHL,my,6.61,6.265,3.624,8.93,0.9296
2018-11-27,Port_Said_EG,CHL,my,2.768,2.686,2.116,3.665,0.9296
2018-11-30,Port_Said_EG,CHL,my,3.685,1.876,1.928,4.725,0.9698
2018-12-01,Port_Said_EG,CHL,my,5.576,5.402,3.544,6.382,1
2018-12-03,Port_Said_EG,CHL,my,5.025,5.025,2.949,5.953,1
2018-12-04,Port_Said_EG,CHL,my,10.5,6.947,4.106,10.5,0.9698
2018-12-08,Port_Said_EG,CHL,my,8.045,8.63,7.304,9.053,1
2018-12-10,Port_Said_EG,CHL,my,6.73,5.71,3.979,7.197,0.9296
2018-12-11,Port_Said_EG,CHL,my,7.73,5.942,4.248,7.73,0.8744
2018-12-12,Port_Said_EG,CHL,my,8.478,4.644,4.344,8.478,0.6734
2018-12-13,Port_Said_EG,CHL,my,6.021,5.418,4.106,6.912,1
2018-12-14,Port_Said_EG,CHL,my,4.131,4.122,2.934,5.561,1
2018-12-15,Port_Said_EG,CHL,my,5.556,5.189,3.351,5.883,1
2018-12-18,Port_Said_EG,CHL,my,6.622,6.622,3.914,9.285,1
2018-12-22,Port_Said_EG,CHL,my,7.406,6.304,4.078,11.82,0.8492
2018-12-23,Port_Said_EG,CHL,my,10.44,11.75,6.341,36.26,0.9698
2018-12-24,Port_Said_EG,CHL,my,9.775,5.47,3.181,9.775,0.8744
2018-12-25,Port_Said_EG,CHL,my,13.14,12.5,5.276,15.87,0.9698
2018-12-26,Port_Said_EG,CHL,my,13.41,14.71,8.174,24.73,1
2018-12-30,Port_Said_EG,CHL,my,7.387,6.899,4.214,7.387,0.9698
2018-12-31,Port_Said_EG,CHL,my,6.058,7.039,5.075,11.74,1
2018-01-03,Rafah_Gaza,CHL,my,0.817,0.7459,0.5947,0.8369,0.59
2018-01-07,Rafah_Gaza,CHL,my,1.096,1.096,0.6737,1.445,1
2018-01-08,Rafah_Gaza,CHL,my,1.256,1.115,0.586,1.327,0.915
2018-01-09,Rafah_Gaza,CHL,my,0.5053,0.3495,0.3202,0.8424,0.915
2018-01-11,Rafah_Gaza,CHL,my,1.026,0.9237,0.4817,1.315,1
2018-01-13,Rafah_Gaza,CHL,my,0.9668,0.6871,0.4084,1.056,0.915
2018-01-16,Rafah_Gaza,CHL,my,1.391,1.324,0.6186,1.446,0.905
2018-01-17,Rafah_Gaza,CHL,my,0.8574,0.7842,0.4177,1.082,0.785
2018-01-18,Rafah_Gaza,CHL,my,1.296,1.285,0.7001,1.388,0.915
2018-01-20,Rafah_Gaza,CHL,my,1.352,1.447,1.215,1.482,0.58
2018-01-24,Rafah_Gaza,CHL,my,,0.5831,0.3847,0.8737,0.795
2018-01-28,Rafah_Gaza,CHL,my,1.462,1.425,0.9229,1.663,0.965
2018-01-30,Rafah_Gaza,CHL,my,0.9727,0.7674,0.4671,1.241,0.915
2018-01-31,Rafah_Gaza,CHL,my,1.235,1.155,0.6828,1.393,0.95
2018-02-01,Rafah_Gaza,CHL,my,0.2532,0.2245,0.2191,0.4773,0.915
2018-02-02,Rafah_Gaza,CHL,my,0.5438,0.4291,0.3113,0.7126,0.915
2018-02-04,Rafah_Gaza,CHL,my,0.2646,0.2434,0.2197,0.6829,0.96
2018-02-16,Rafah_Gaza,CHL,my,1.205,1.147,0.7395,1.205,0.56
2018-02-22,Rafah_Gaza,CHL,my,1.187,1.187,0.6842,1.505,0.95
2018-02-24,Rafah_Gaza,CHL,my,0.9149,0.6864,0.4192,1.459,0.875
2018-02-26,Rafah_Gaza,CHL,my,0.7949,0.7289,0.4333,1.06,0.72
2018-02-28,Rafah_Gaza,CHL,my,0.6077,0.3501,0.2952,0.9705,0.95
2018-03-02,Rafah_Gaza,CHL,my,0.8582,0.9496,0.5212,1.179,0.605
2018-03-03,Rafah_Gaza,CHL,my,0.9382,0.6019,0.4037,1.11,0.915
2018-03-04,Rafah_Gaza,CHL,my,,0.6313,0.3429,0.8501,0.64
2018-03-07,Rafah_Gaza,CHL,my,0.1567,0.1464,0.1121,0.2625,0.915
2018-03-09,Rafah_Gaza,CHL,my,0.7726,0.6994,0.3697,0.8653,0.67
2018-03-10,Rafah_Gaza,CHL,my,1.436,1.21,0.6537,1.436,0.95
2018-03-11,Rafah_Gaza,CHL,my,1.014,0.9157,0.4633,1.152,0.95
2018-03-12,Rafah_Gaza,CHL,my,1.037,0.9543,0.4592,1.172,0.915
2018-03-13,Rafah_Gaza,CHL,my,0.9455,0.8987,0.425,1.069,0.77
2018-03-14,Rafah_Gaza,CHL,my,0.9015,0.9015,0.4615,2.028,0.95
2018-03-16,Rafah_Gaza,CHL,my,0.4815,0.3565,0.1861,0.6564,0.915
2018-03-17,Rafah_Gaza,CHL,my,0.6352,0.4716,0.2377,0.699,0.915
2018-03-18,Rafah_Gaza,CHL,my,1.151,1.066,0.6173,1.174,0.56
2018-03-19,Rafah_Gaza,CHL,my,0.9746,0.2698,0.278,1.521,0.875
2018-03-20,Rafah_Gaza,CHL,my,1.171,0.7694,0.3616,1.171,0.825
2018-03-21,Rafah_Gaza,CHL,my,0.38,0.2275,0.1738,0.4022,0.785
2018-03-22,Rafah_Gaza,CHL,my,0.6401,0.404,0.2528,0.8549,0.915
2018-03-25,Rafah_Gaza,CHL,my,1.445,1.415,0.6913,1.471,0.95
2018-03-26,Rafah_Gaza,CHL,my,1.489,1.426,0.8574,1.57,1
2018-03-31,Rafah_Gaza,CHL,my,1.55,1.423,0.8256,1.55,0.825
2018-04-01,Rafah_Gaza,CHL,my,,1.315,0.7689,1.543,0.83
2018-04-02,Rafah_Gaza,CHL,my,1.253,1.164,0.7324,1.388,0.95
2018-04-06,Rafah_Gaza,CHL,my,1.148,0.879,0.6486,2.719,0.94
2018-04-07,Rafah_Gaza,CHL,my,0.9575,0.7403,0.4442,0.9575,0.825
2018-04-09,Rafah_Gaza,CHL,my,0.5269,0.4162,0.2759,0.5269,0.825
2018-04-10,Rafah_Gaza,CHL,my,0.5734,0.4946,0.3151,0.856,0.95
2018-04-11,Rafah_Gaza,CHL,my,0.9428,,,,0.485
2018-04-14,Rafah_Gaza,CHL,my,0.6576,0.374,0.273,1.04,0.95
2018-04-15,Rafah_Gaza,CHL,my,0.3881,0.2824,0.2094,0.7925,0.915
2018-04-16,Rafah_Gaza,CHL,my,,0.1973,0.1585,0.3006,0.795
2018-04-22,Rafah_Gaza,CHL,my,1.169,0.6052,0.3527,1.178,0.795
2018-04-23,Rafah_Gaza,CHL,my,1.384,1.399,0.7892,1.456,0.915
2018-04-24,Rafah_Gaza,CHL,my,,0.7699,0.3697,0.9665,0.56
2018-04-29,Rafah_Gaza,CHL,my,0.7029,0.7029,0.4154,1.625,1
2018-04-30,Rafah_Gaza,CHL,my,1.105,0.532,0.3567,1.105,0.745
2018-05-09,Rafah_Gaza,CHL,my,1.349,1.331,0.7631,1.378,0.915
2018-05-13,Rafah_Gaza,CHL,my,1.181,1.131,0.6606,1.181,0.915
2018-05-14,Rafah_Gaza,CHL,my,1.352,1.286,0.8074,1.352,0.95
2018-05-15,Rafah_Gaza,CHL,my,1.118,1.017,0.5917,1.118,0.95
2018-05-17,Rafah_Gaza,CHL,my,1.39,1.16,0.5923,1.444,0.64
2018-05-24,Rafah_Gaza,CHL,my,0.7643,0.4661,0.2987,0.7643,0.8
2018-05-26,Rafah_Gaza,CHL,my,0.9499,0.6264,0.3983,0.9499,0.76
2018-05-27,Rafah_Gaza,CHL,my,1.222,0.6874,0.4663,1.222,0.825
2018-05-30,Rafah_Gaza,CHL,my,0.2958,0.2985,0.3468,1.661,1
2018-05-31,Rafah_Gaza,CHL,my,0.772,0.6453,0.3106,1.049,0.565
2018-06-01,Rafah_Gaza,CHL,my,1.132,0.5477,0.3682,1.224,0.81
2018-06-02,Rafah_Gaza,CHL,my,0.9916,0.884,0.3975,1.071,0.915
2018-06-03,Rafah_Gaza,CHL,my,1.091,1.061,0.4712,1.767,0.95
2018-06-04,Rafah_Gaza,CHL,my,1.064,0.9722,0.4339,1.152,0.95
2018-06-05,Rafah_Gaza,CHL,my,0.7973,0.3768,0.2957,1.023,0.915
2018-06-06,Rafah_Gaza,CHL,my,0.865,0.3952,0.3383,1.121,0.79
2018-06-07,Rafah_Gaza,CHL,my,0.7579,0.7579,0.4584,1.4,1
2018-06-09,Rafah_Gaza,CHL,my,0.4618,0.3464,0.2245,0.4816,0.795
2018-06-11,Rafah_Gaza,CHL,my,0.7572,0.4981,0.3264,0.9155,0.95
2018-06-12,Rafah_Gaza,CHL,my,1.007,0.6764,0.3709,1.007,0.875
2018-06-14,Rafah_Gaza,CHL,my,1.152,0.9087,0.5095,1.17,0.875
2018-06-15,Rafah_Gaza,CHL,my,1.241,1.082,0.6917,1.818,0.95
2018-06-17,Rafah_Gaza,CHL,my,,0.3072,0.1946,0.4543,0.65
2018-06-18,Rafah_Gaza,CHL,my,1.012,0.4984,0.3473,1.088,0.915
2018-06-19,Rafah_Gaza,CHL,my,0.7171,0.3987,0.275,1.047,0.95
2018-06-20,Rafah_Gaza,CHL,my,0.7989,0.5379,0.3424,1.254,0.95
2018-06-21,Rafah_Gaza,CHL,my,0.8173,0.2661,0.2238,0.8173,0.875
2018-06-22,Rafah_Gaza,CHL,my,0.5826,0.3055,0.2501,1.203,0.915
2018-06-23,Rafah_Gaza,CHL,my,0.4856,0.324,0.1721,0.4856,0.825
2018-06-25,Rafah_Gaza,CHL,my,,0.4628,0.3221,1.598,0.79
2018-06-26,Rafah_Gaza,CHL,my,0.2743,0.2189,0.1869,0.8017,0.95
2018-06-27,Rafah_Gaza,CHL,my,0.9686,0.6623,0.3512,0.975,0.95
2018-06-29,Rafah_Gaza,CHL,my,0.5314,0.3687,0.1982,0.61,0.785
2018-06-30,Rafah_Gaza,CHL,my,1.019,0.9972,0.4098,1.896,1
2018-07-01,Rafah_Gaza,CHL,my,0.9902,0.9902,0.4693,1.228,0.95
2018-07-04,Rafah_Gaza,CHL,my,0.4173,0.4154,0.2064,0.548,0.95
2018-07-06,Rafah_Gaza,CHL,my,0.8604,0.456,0.3026,0.8604,0.865
2018-07-07,Rafah_Gaza,CHL,my,0.9627,0.8781,0.5092,0.9718,0.915
2018-07-08,Rafah_Gaza,CHL,my,0.7283,0.9362,0.5593,1.012,1
2018-07-09,Rafah_Gaza,CHL,my,0.9007,0.8518,0.4713,0.9711,0.95
2018-07-11,Rafah_Gaza,CHL,my,0.9497,0.7619,0.4567,0.9497,0.875
2018-07-12,Rafah_Gaza,CHL,my,0.8799,0.8799,0.5071,1.241,1
2018-07-13,Rafah_Gaza,CHL,my,1.144,,,,0.495
2018-07-14,Rafah_Gaza,CHL,my,,1.227,0.7247,1.391,0.795
2018-07-15,Rafah_Gaza,CHL,my,,0.6067,0.3195,1.002,0.565
2018-07-16,Rafah_Gaza,CHL,my,1.23,1.207,0.7699,1.482,0.785
2018-07-17,Rafah_Gaza,CHL,my,0.9215,0.9121,0.5184,0.9712,0.875
2018-07-19,Rafah_Gaza,CHL,my,0.8123,0.8469,0.4724,1.021,1
2018-07-20,Rafah_Gaza,CHL,my,1.064,0.2323,0.269,1.064,0.585
2018-07-21,Rafah_Gaza,CHL,my,1.406,1.2,0.558,1.419,0.875
2018-07-22,Rafah_Gaza,CHL,my,1.306,1.279,0.6167,1.482,0.95
2018-07-23,Rafah_Gaza,CHL,my,1.157,1.15,0.5829,1.46,0.95
2018-07-27,Rafah_Gaza,CHL,my,1.368,1.328,0.6525,2.451,0.95
2018-07-28,Rafah_Gaza,CHL,my,1.133,1.142,0.8026,1.259,0.555
2018-07-29,Rafah_Gaza,CHL,my,1.203,0.9516,0.4319,1.203,0.825
2018-07-30,Rafah_Gaza,CHL,my,1.433,1.391,0.7103,1.501,0.915
2018-07-31,Rafah_Gaza,CHL,my,1.509,1.509,0.7546,1.622,0.95
2018-08-01,Rafah_Gaza,CHL,my,1.226,1.268,0.6955,1.437,0.78
2018-08-04,Rafah_Gaza,CHL,my,1.512,1.524,0.99,1.813,1
2018-08-05,Rafah_Gaza,CHL,my,1.423,1.357,0.7862,1.56,0.95
2018-08-06,Rafah_Gaza,CHL,my,,1.048,0.5291,1.366,0.795
2018-08-07,Rafah_Gaza,CHL,my,,0.2956,0.1986,0.8215,0.64
2018-08-09,Rafah_Gaza,CHL,my,1.54,1.461,0.7055,1.615,0.875
2018-08-10,Rafah_Gaza,CHL,my,1.209,1.199,0.6172,1.299,0.915
2018-08-12,Rafah_Gaza,CHL,my,1.123,1.025,0.3867,1.123,0.745
2018-08-13,Rafah_Gaza,CHL,my,1.234,1.218,0.5043,1.359,0.95
2018-08-15,Rafah_Gaza,CHL,my,1.47,1.471,0.6907,1.723,1
2018-08-16,Rafah_Gaza,CHL,my,1.603,1.536,0.6815,1.671,0.95
2018-08-17,Rafah_Gaza,CHL,my,1.619,1.209,0.5475,1.619,0.765
2018-08-18,Rafah_Gaza,CHL,my,1.567,1.21,0.5311,1.567,0.635
2018-08-20,Rafah_Gaza,CHL,my,1.563,1.471,0.7535,1.582,0.915
2018-08-21,Rafah_Gaza,CHL,my,1.32,1.32,0.7606,1.43,0.95
2018-08-22,Rafah_Gaza,CHL,my,1.314,,,,0.235
2018-08-23,Rafah_Gaza,CHL,my,1.038,,,,0.44
2018-08-24,Rafah_Gaza,CHL,my,0.6675,0.6129,0.3582,1.113,0.915
2018-08-27,Rafah_Gaza,CHL,my,1.59,1.532,1.138,1.923,0.51
2018-08-28,Rafah_Gaza,CHL,my,1.526,1.308,0.6567,1.526,0.795
2018-08-29,Rafah_Gaza,CHL,my,1.455,1.455,0.7615,1.637,0.915
2018-09-02,Rafah_Gaza,CHL,my,,1.232,0.6455,1.515,0.795
2018-09-03,Rafah_Gaza,CHL,my,1.571,1.428,0.7493,1.608,0.915
2018-09-04,Rafah_Gaza,CHL,my,1.65,1.502,0.919,2.579,0.86
2018-09-05,Rafah_Gaza,CHL,my,1.597,1.449,0.7876,1.651,0.825
2018-09-06,Rafah_Gaza,CHL,my,1.401,1.435,0.7823,1.567,0.95
2018-09-07,Rafah_Gaza,CHL,my,1.508,,,,0.485
2018-09-08,Rafah_Gaza,CHL,my,1.512,1.485,1.283,1.707,0.65
2018-09-11,Rafah_Gaza,CHL,my,1.543,1.545,0.9412,1.83,1
2018-09-14,Rafah_Gaza,CHL,my,1.423,1.146,0.6633,1.423,0.585
2018-09-15,Rafah_Gaza,CHL,my,1.531,1.372,0.7971,1.634,0.9
2018-09-16,Rafah_Gaza,CHL,my,1.493,1.267,0.7095,1.544,0.95
2018-09-17,Rafah_Gaza,CHL,my,1.082,1.17,0.6621,1.459,0.915
2018-09-18,Rafah_Gaza,CHL,my,1.464,1.228,0.7046,1.533,0.915
2018-09-19,Rafah_Gaza,CHL,my,1.293,1.249,0.7118,1.467,0.95
2018-09-20,Rafah_Gaza,CHL,my,1.394,1.456,0.8056,1.563,0.95
2018-09-21,Rafah_Gaza,CHL,my,1.525,1.469,0.8588,1.76,0.915
2018-09-22,Rafah_Gaza,CHL,my,1.513,1.354,0.8341,1.562,0.915
2018-09-23,Rafah_Gaza,CHL,my,1.612,1.551,0.9838,3.232,0.95
2018-09-24,Rafah_Gaza,CHL,my,1.379,1.379,0.7957,1.531,0.875
2018-09-25,Rafah_Gaza,CHL,my,1.444,1.37,0.8512,1.514,0.95
2018-09-26,Rafah_Gaza,CHL,my,1.147,1.251,0.7246,1.51,0.915
2018-09-27,Rafah_Gaza,CHL,my,1.383,1.413,0.8462,2.527,0.95
2018-09-28,Rafah_Gaza,CHL,my,1.465,1.465,0.8547,1.701,0.915
2018-10-04,Rafah_Gaza,CHL,my,1.37,1.083,0.4958,1.37,0.825
2018-10-05,Rafah_Gaza,CHL,my,,1.114,0.5581,1.507,0.72
2018-10-08,Rafah_Gaza,CHL,my,1.445,1.426,0.7709,1.497,0.915
2018-10-09,Rafah_Gaza,CHL,my,1.22,1.287,0.9889,1.642,0.625
2018-10-10,Rafah_Gaza,CHL,my,1.042,1.128,0.8438,1.212,0.885
2018-10-11,Rafah_Gaza,CHL,my,0.8812,0.9279,0.5981,0.9786,0.915
2018-10-13,Rafah_Gaza,CHL,my,0.4304,0.7669,0.5164,1.033,0.95
2018-10-14,Rafah_Gaza,CHL,my,1.048,0.9794,0.5985,1.199,0.95
2018-10-15,Rafah_Gaza,CHL,my,0.8441,0.8441,0.5776,1.001,0.915
2018-10-16,Rafah_Gaza,CHL,my,0.8805,,,,0.385
2018-10-27,Rafah_Gaza,CHL,my,1.82,1.881,1.443,2.842,1
2018-10-28,Rafah_Gaza,CHL,my,3.111,2.259,1.773,3.111,1
2018-10-29,Rafah_Gaza,CHL,my,,1.235,0.705,1.36,0.565
2018-10-31,Rafah_Gaza,CHL,my,1.262,1.259,0.7635,2.255,1
2018-11-01,Rafah_Gaza,CHL,my,1.559,1.528,0.8695,1.633,0.95
2018-11-02,Rafah_Gaza,CHL,my,1.303,1.125,0.6638,1.303,0.915
2018-11-03,Rafah_Gaza,CHL,my,1.079,1.055,0.5389,1.236,1
2018-11-04,Rafah_Gaza,CHL,my,0.8861,0.8397,0.4128,1.613,0.95
2018-11-07,Rafah_Gaza,CHL,my,1.326,1.259,0.5192,1.389,0.95
2018-11-08,Rafah_Gaza,CHL,my,1.166,1.13,0.6634,1.176,0.95
2018-11-09,Rafah_Gaza,CHL,my,0.9023,0.8179,0.5661,0.9356,0.605
2018-11-10,Rafah_Gaza,CHL,my,,0.4176,0.2368,0.7159,0.65
2018-11-12,Rafah_Gaza,CHL,my,0.2256,0.3183,0.2343,0.357,0.95
2018-11-13,Rafah_Gaza,CHL,my,0.5912,0.6567,0.4318,0.8109,0.765
2018-11-17,Rafah_Gaza,CHL,my,0.9605,0.6343,0.3494,1.097,0.915
2018-11-18,Rafah_Gaza,CHL,my,0.5214,0.5429,0.3939,1.256,1
2018-11-20,Rafah_Gaza,CHL,my,0.3104,0.346,0.244,0.8745,0.965
2018-11-24,Rafah_Gaza,CHL,my,1.121,1.06,0.649,1.176,1
2018-11-25,Rafah_Gaza,CHL,my,0.4449,0.4311,0.223,0.9555,1
2018-11-26,Rafah_Gaza,CHL,my,0.9698,0.853,0.5215,0.9985,0.95
2018-11-28,Rafah_Gaza,CHL,my,0.7034,0.6819,0.3734,0.9221,0.965
2018-12-01,Rafah_Gaza,CHL,my,0.8501,0.8306,0.5038,0.9927,1
2018-12-03,Rafah_Gaza,CHL,my,0.3835,0.3571,0.267,0.6217,0.95
2018-12-04,Rafah_Gaza,CHL,my,0.367,0.2924,0.2422,0.4376,1
2018-12-08,Rafah_Gaza,CHL,my,1.289,1.183,0.7922,1.532,0.915
2018-12-10,Rafah_Gaza,CHL,my,1.127,0.9936,0.5821,1.222,1
2018-12-11,Rafah_Gaza,CHL,my,1.163,1.214,0.5574,1.516,1
2018-12-12,Rafah_Gaza,CHL,my,0.8301,0.6271,0.3837,0.9865,0.915
2018-12-13,Rafah_Gaza,CHL,my,0.6607,,,,0.43
2018-12-14,Rafah_Gaza,CHL,my,0.9444,0.9444,0.5289,1.071,0.965
2018-12-15,Rafah_Gaza,CHL,my,0.6901,0.8487,0.49,1.334,1
2018-12-18,Rafah_Gaza,CHL,my,0.4188,0.4596,0.3291,0.5293,0.915
2018-12-19,Rafah_Gaza,CHL,my,0.2836,0.3656,0.2511,0.4232,0.95
2018-12-22,Rafah_Gaza,CHL,my,0.4133,0.4133,0.3175,1.105,1
2018-12-23,Rafah_Gaza,CHL,my,0.7252,0.5299,0.3462,0.7887,0.95
2018-12-24,Rafah_Gaza,CHL,my,0.516,,,,0.12
2018-12-25,Rafah_Gaza,CHL,my,0.4056,0.4056,0.2905,1.056,1
2018-12-26,Rafah_Gaza,CHL,my,0.22,0.22,0.1609,0.2788,0.915
2018-12-31,Rafah_Gaza,CHL,my,1.257,1.001,0.684,1.569,0.915
2018-01-03,Rosetta_mouth,CHL,my,6.908,6.845,3.538,7.334,1
2018-01-06,Rosetta_mouth,CHL,my,,7.767,6.339,7.839,0.5028
2018-01-07,Rosetta_mouth,CHL,my,3.861,3.831,2.786,3.939,0.9337
2018-01-09,Rosetta_mouth,CHL,my,4.821,4.133,2.736,5.324,1
2018-01-11,Rosetta_mouth,CHL,my,4.92,4.051,2.688,4.92,1
2018-01-12,Rosetta_mouth,CHL,my,3.327,,,,0.1271
2018-01-13,Rosetta_mouth,CHL,my,,1.786,1.438,1.972,0.6851
2018-01-16,Rosetta_mouth,CHL,my,3.708,2.922,2.03,4.233,0.9392
2018-01-17,Rosetta_mouth,CHL,my,,3.828,2.256,4.901,0.8729
2018-01-18,Rosetta_mouth,CHL,my,7.244,5.862,3.296,7.244,0.9337
2018-01-20,Rosetta_mouth,CHL,my,5.2,4.961,3.238,5.21,0.9337
2018-01-21,Rosetta_mouth,CHL,my,,6.12,3.692,7.588,0.6243
2018-01-28,Rosetta_mouth,CHL,my,6.735,5.384,3.81,7.297,0.7459
2018-01-30,Rosetta_mouth,CHL,my,3.713,,,,0.1878
2018-01-31,Rosetta_mouth,CHL,my,1.408,1.612,1.559,1.85,1
2018-02-01,Rosetta_mouth,CHL,my,1.755,1.568,1.196,1.897,1
2018-02-02,Rosetta_mouth,CHL,my,3.105,2.051,1.701,3.105,1
2018-02-03,Rosetta_mouth,CHL,my,6.455,3.508,2.563,6.455,0.7459
2018-02-13,Rosetta_mouth,CHL,my,4.626,3.915,2.792,5.371,0.8122
2018-02-14,Rosetta_mouth,CHL,my,2.237,1.999,1.573,2.544,1
2018-02-18,Rosetta_mouth,CHL,my,,1.905,1.759,2.042,0.558
2018-02-20,Rosetta_mouth,CHL,my,2.448,2.415,1.642,2.448,1
2018-02-22,Rosetta_mouth,CHL,my,2.069,1.921,1.47,2.1,1
2018-02-23,Rosetta_mouth,CHL,my,2.037,1.719,1.397,2.234,1
2018-02-24,Rosetta_mouth,CHL,my,2.157,1.688,1.424,2.157,1
2018-02-27,Rosetta_mouth,CHL,my,3.312,2.067,1.717,3.453,1
2018-02-28,Rosetta_mouth,CHL,my,2.823,2.49,1.9,2.85,1
2018-03-02,Rosetta_mouth,CHL,my,2.213,2.032,1.531,2.292,1
2018-03-06,Rosetta_mouth,CHL,my,3.478,2.525,1.743,3.646,1
2018-03-08,Rosetta_mouth,CHL,my,2.567,2.417,1.666,2.605,1
2018-03-10,Rosetta_mouth,CHL,my,2.007,1.645,1.174,2.273,0.6298
2018-03-11,Rosetta_mouth,CHL,my,1.759,1.533,1.028,1.874,1
2018-03-12,Rosetta_mouth,CHL,my,1.722,1.542,1.071,2.54,1
2018-03-13,Rosetta_mouth,CHL,my,3.738,2.715,2.068,6.636,1
2018-03-14,Rosetta_mouth,CHL,my,2.109,1.659,1.014,2.267,1
2018-03-16,Rosetta_mouth,CHL,my,1.562,1.562,1.35,1.704,0.6851
2018-03-20,Rosetta_mouth,CHL,my,2.467,2.551,1.787,2.697,1
2018-03-21,Rosetta_mouth,CHL,my,2.256,2.019,1.543,2.692,1
2018-03-26,Rosetta_mouth,CHL,my,3.923,3.282,2.198,3.923,0.9337
2018-03-27,Rosetta_mouth,CHL,my,2.65,2.524,2.124,3.231,1
2018-03-31,Rosetta_mouth,CHL,my,3.352,2.039,1.867,3.594,1
2018-04-01,Rosetta_mouth,CHL,my,2.303,2.09,1.684,3.675,1
2018-04-02,Rosetta_mouth,CHL,my,2.834,2.277,1.782,3.158,0.6851
2018-04-04,Rosetta_mouth,CHL,my,4.46,3.492,2.271,4.922,1
2018-04-05,Rosetta_mouth,CHL,my,4.543,4.076,2.478,5.054,1
2018-04-06,Rosetta_mouth,CHL,my,3.908,2.381,1.944,3.977,1
2018-04-08,Rosetta_mouth,CHL,my,2.401,2.297,1.655,2.635,0.6796
2018-04-09,Rosetta_mouth,CHL,my,5.601,2.501,2.236,8.518,1
2018-04-10,Rosetta_mouth,CHL,my,2.504,2.082,1.506,3.04,1
2018-04-14,Rosetta_mouth,CHL,my,3.054,2.752,2.093,3.406,1
2018-04-17,Rosetta_mouth,CHL,my,,1.884,1.333,2.35,0.8729
2018-04-18,Rosetta_mouth,CHL,my,1.876,1.498,1.232,1.999,1
2018-04-21,Rosetta_mouth,CHL,my,2.324,,,,0.0608
2018-04-22,Rosetta_mouth,CHL,my,4.239,1.855,1.328,4.871,1
2018-04-23,Rosetta_mouth,CHL,my,2.25,1.829,1.143,2.304,1
2018-04-24,Rosetta_mouth,CHL,my,2.009,1.7,0.93,2.046,1
2018-04-27,Rosetta_mouth,CHL,my,2.251,1.92,1.249,2.585,0.9392
2018-04-28,Rosetta_mouth,CHL,my,2.883,2.6,1.537,3.018,1
2018-04-29,Rosetta_mouth,CHL,my,2.649,2.086,1.372,2.649,1
2018-05-08,Rosetta_mouth,CHL,my,,3.171,1.795,6.044,0.8785
2018-05-14,Rosetta_mouth,CHL,my,2.001,1.8,1.255,2.001,1
2018-05-15,Rosetta_mouth,CHL,my,1.73,1.677,1.163,1.789,1
2018-05-16,Rosetta_mouth,CHL,my,1.93,1.579,1.1,2.891,1
2018-05-17,Rosetta_mouth,CHL,my,1.548,1.548,1.042,1.733,1
2018-05-18,Rosetta_mouth,CHL,my,1.523,1.412,1.015,1.673,1
2018-05-19,Rosetta_mouth,CHL,my,1.503,1.268,0.948,1.656,1
2018-05-25,Rosetta_mouth,CHL,my,,0.7806,0.4562,0.7894,0.7459
2018-05-26,Rosetta_mouth,CHL,my,1.533,0.6935,0.4848,1.533,1
2018-05-27,Rosetta_mouth,CHL,my,1.407,0.7616,0.5281,1.557,0.9392
2018-05-28,Rosetta_mouth,CHL,my,1.816,,,,0.4972
2018-05-30,Rosetta_mouth,CHL,my,,0.6131,0.3121,0.7362,0.558
2018-05-31,Rosetta_mouth,CHL,my,1.56,1.7,0.9992,1.761,0.8674
2018-06-01,Rosetta_mouth,CHL,my,1.804,1.714,0.9845,1.804,1
2018-06-03,Rosetta_mouth,CHL,my,1.64,1.64,0.9811,3.906,0.8177
2018-06-04,Rosetta_mouth,CHL,my,1.76,1.742,1.047,1.808,1
2018-06-05,Rosetta_mouth,CHL,my,1.741,1.661,1.068,1.875,0.8122
2018-06-06,Rosetta_mouth,CHL,my,,1.692,0.9512,2.276,0.9392
2018-06-07,Rosetta_mouth,CHL,my,1.743,1.646,0.8805,1.912,1
2018-06-08,Rosetta_mouth,CHL,my,1.337,1.212,0.6648,1.745,1
2018-06-12,Rosetta_mouth,CHL,my,1.591,1.512,0.8372,1.709,0.8066
2018-06-13,Rosetta_mouth,CHL,my,1.738,1.497,0.6706,1.738,0.8066
2018-06-14,Rosetta_mouth,CHL,my,2.914,2.374,1.592,3.653,1
2018-06-15,Rosetta_mouth,CHL,my,5.987,5.987,2.883,9.463,1
2018-06-17,Rosetta_mouth,CHL,my,1.528,1.528,0.9542,1.666,0.9945
2018-06-18,Rosetta_mouth,CHL,my,1.684,1.644,0.911,2.448,1
2018-06-19,Rosetta_mouth,CHL,my,1.907,1.907,1.243,2.043,0.5635
2018-06-20,Rosetta_mouth,CHL,my,1.637,1.613,0.852,2.001,1
2018-06-22,Rosetta_mouth,CHL,my,1.694,1.41,0.8687,1.937,1
2018-06-23,Rosetta_mouth,CHL,my,1.769,1.727,0.8795,1.9,0.8785
2018-06-25,Rosetta_mouth,CHL,my,1.614,1.496,0.7298,1.664,0.8177
2018-06-26,Rosetta_mouth,CHL,my,1.597,1.206,0.7136,1.682,1
2018-07-01,Rosetta_mouth,CHL,my,3.072,2.725,1.838,3.545,0.8122
2018-07-03,Rosetta_mouth,CHL,my,1.482,1.657,1.318,1.815,0.7514
2018-07-04,Rosetta_mouth,CHL,my,1.65,1.659,1.101,1.72,1
2018-07-05,Rosetta_mouth,CHL,my,2.049,1.671,1.328,2.049,1
2018-07-06,Rosetta_mouth,CHL,my,2.147,1.881,1.353,2.202,1
2018-07-07,Rosetta_mouth,CHL,my,2.061,1.899,1.477,3.367,1
2018-07-08,Rosetta_mouth,CHL,my,1.98,1.732,1.045,2.488,1
2018-07-09,Rosetta_mouth,CHL,my,1.622,1.568,0.942,1.721,0.7459
2018-07-10,Rosetta_mouth,CHL,my,1.487,0.9776,0.545,1.711,1
2018-07-11,Rosetta_mouth,CHL,my,1.486,1.086,0.5601,1.861,1
2018-07-13,Rosetta_mouth,CHL,my,,1.594,1.019,1.608,0.5635
2018-07-14,Rosetta_mouth,CHL,my,3.503,3.065,1.749,3.737,1
2018-07-18,Rosetta_mouth,CHL,my,1.972,1.766,1.259,1.972,0.8066
2018-07-20,Rosetta_mouth,CHL,my,1.904,1.77,1.32,1.947,1
2018-07-21,Rosetta_mouth,CHL,my,2.555,1.86,1.325,2.839,1
2018-07-23,Rosetta_mouth,CHL,my,2.333,2.081,1.533,2.395,1
2018-07-26,Rosetta_mouth,CHL,my,2.197,,,,0.4972
2018-07-27,Rosetta_mouth,CHL,my,1.849,1.73,1.032,2.261,0.8785
2018-07-30,Rosetta_mouth,CHL,my,3.267,1.883,1.309,3.573,1
2018-07-31,Rosetta_mouth,CHL,my,2.665,1.88,1.1,2.665,1
2018-08-01,Rosetta_mouth,CHL,my,1.746,1.597,0.898,1.921,1
2018-08-04,Rosetta_mouth,CHL,my,1.859,1.733,1.331,2.825,0.8729
2018-08-06,Rosetta_mouth,CHL,my,1.746,1.83,1.42,2.179,0.5028
2018-08-07,Rosetta_mouth,CHL,my,,1.328,0.6869,1.826,0.8729
2018-08-08,Rosetta_mouth,CHL,my,1.978,1.721,1.125,1.978,0.9945
2018-08-09,Rosetta_mouth,CHL,my,1.972,1.708,1.067,2.145,1
2018-08-10,Rosetta_mouth,CHL,my,1.731,1.664,1.103,1.806,0.6961
2018-08-14,Rosetta_mouth,CHL,my,2.195,2.054,1.258,2.343,0.8177
2018-08-15,Rosetta_mouth,CHL,my,3.927,3.237,1.81,3.991,1
2018-08-17,Rosetta_mouth,CHL,my,2.153,2.017,1.324,2.286,1
2018-08-20,Rosetta_mouth,CHL,my,2.217,2.217,1.824,2.399,0.5028
2018-08-25,Rosetta_mouth,CHL,my,1.66,1.58,1.071,1.817,0.8729
2018-08-27,Rosetta_mouth,CHL,my,1.904,1.798,1.119,2,0.8785
2018-08-28,Rosetta_mouth,CHL,my,,1.683,1.149,1.92,0.7514
2018-08-29,Rosetta_mouth,CHL,my,2.499,2.272,1.281,2.649,0.8674
2018-08-30,Rosetta_mouth,CHL,my,2.318,1.723,1.298,3.131,1
2018-08-31,Rosetta_mouth,CHL,my,,1.297,0.81,1.621,0.6243
2018-09-03,Rosetta_mouth,CHL,my,1.847,1.579,1.082,1.847,1
2018-09-04,Rosetta_mouth,CHL,my,,1.82,1.111,2.124,0.8785
2018-09-05,Rosetta_mouth,CHL,my,,1.412,0.9017,1.569,0.8122
2018-09-07,Rosetta_mouth,CHL,my,4.09,3.17,2.357,7.412,1
2018-09-08,Rosetta_mouth,CHL,my,2.425,2.2,1.537,2.506,1
2018-09-11,Rosetta_mouth,CHL,my,2.046,1.83,1.398,2.196,1
2018-09-12,Rosetta_mouth,CHL,my,2.102,1.841,1.349,2.443,1
2018-09-13,Rosetta_mouth,CHL,my,1.836,1.538,1.291,2.061,1
2018-09-14,Rosetta_mouth,CHL,my,2.121,1.666,1.265,2.446,1
2018-09-15,Rosetta_mouth,CHL,my,1.568,1.513,1.074,1.857,1
2018-09-17,Rosetta_mouth,CHL,my,1.776,1.631,1.225,2.023,1
2018-09-18,Rosetta_mouth,CHL,my,1.648,1.544,1.125,1.648,1
2018-09-19,Rosetta_mouth,CHL,my,1.953,1.87,1.31,2.068,1
2018-09-22,Rosetta_mouth,CHL,my,1.789,1.683,1.041,1.789,1
2018-09-26,Rosetta_mouth,CHL,my,,1.322,0.8895,1.49,0.8122
2018-09-27,Rosetta_mouth,CHL,my,4.222,3.853,2.571,4.595,1
2018-09-28,Rosetta_mouth,CHL,my,3.613,2.379,2.104,3.781,1
2018-09-29,Rosetta_mouth,CHL,my,2.057,1.808,1.335,2.15,1
2018-09-30,Rosetta_mouth,CHL,my,2.457,2.268,1.629,2.532,1
2018-10-01,Rosetta_mouth,CHL,my,2.702,2.363,1.626,2.876,1
2018-10-02,Rosetta_mouth,CHL,my,2.114,1.829,1.454,2.359,1
2018-10-03,Rosetta_mouth,CHL,my,,1.288,0.8876,1.449,0.6851
2018-10-04,Rosetta_mouth,CHL,my,2.991,1.963,1.481,3.481,0.9337
2018-10-07,Rosetta_mouth,CHL,my,,1.977,1.615,2.326,0.6243
2018-10-08,Rosetta_mouth,CHL,my,2.381,2.139,1.635,2.5,0.8785
2018-10-09,Rosetta_mouth,CHL,my,1.928,,,,0.2541
2018-10-10,Rosetta_mouth,CHL,my,,1.557,1.085,1.79,0.8122
2018-10-11,Rosetta_mouth,CHL,my,1.883,,,,0.3094
2018-10-13,Rosetta_mouth,CHL,my,2.037,1.745,1.197,2.145,1
2018-10-14,Rosetta_mouth,CHL,my,1.782,1.68,1.175,1.793,1
2018-10-15,Rosetta_mouth,CHL,my,1.545,1.475,0.9692,1.545,0.9945
2018-10-16,Rosetta_mouth,CHL,my,1.709,1.586,1.196,1.713,0.7569
2018-10-19,Rosetta_mouth,CHL,my,1.57,1.567,1.025,1.648,1
2018-10-26,Rosetta_mouth,CHL,my,8.999,8.999,6.593,9.769,0.5635
2018-10-29,Rosetta_mouth,CHL,my,5.312,4.332,2.623,5.701,1
2018-10-30,Rosetta_mouth,CHL,my,5.814,5.069,2.938,5.981,1
2018-10-31,Rosetta_mouth,CHL,my,4.367,3.866,2.629,5.277,1
2018-11-01,Rosetta_mouth,CHL,my,3.587,2.384,1.788,4.256,1
2018-11-02,Rosetta_mouth,CHL,my,3.808,3.154,2.055,4.223,1
2018-11-03,Rosetta_mouth,CHL,my,2.851,2.092,1.636,5.103,1
2018-11-05,Rosetta_mouth,CHL,my,,1.559,1.265,1.684,0.5028
2018-11-06,Rosetta_mouth,CHL,my,2.061,1.761,1.309,2.061,1
2018-11-07,Rosetta_mouth,CHL,my,3.003,2.02,1.573,5.179,1
2018-11-08,Rosetta_mouth,CHL,my,3.393,,,,0.3094
2018-11-10,Rosetta_mouth,CHL,my,2.839,2.794,1.449,3.198,0.9392
2018-11-11,Rosetta_mouth,CHL,my,,1.189,0.6924,1.283,0.5635
2018-11-12,Rosetta_mouth,CHL,my,1.712,1.338,0.9352,1.712,1
2018-11-16,Rosetta_mouth,CHL,my,,3.994,2.22,4.967,0.8729
2018-11-17,Rosetta_mouth,CHL,my,3.965,3.321,2.2,4.218,1
2018-11-19,Rosetta_mouth,CHL,my,1.991,1.885,1.229,2.764,1
2018-11-22,Rosetta_mouth,CHL,my,3.846,1.399,1.293,3.846,1
2018-11-24,Rosetta_mouth,CHL,my,,5.044,3.367,6.597,0.6796
2018-11-25,Rosetta_mouth,CHL,my,3.941,3.73,2.712,4.331,0.6851
2018-11-27,Rosetta_mouth,CHL,my,2.553,2.139,1.54,2.737,1
2018-11-29,Rosetta_mouth,CHL,my,1.813,1.675,1.538,1.813,0.8674
2018-11-30,Rosetta_mouth,CHL,my,7.757,7.757,6.185,8.256,1
2018-12-04,Rosetta_mouth,CHL,my,8.965,,,,0.4972
2018-12-09,Rosetta_mouth,CHL,my,5.327,4.845,3.132,5.582,1
2018-12-11,Rosetta_mouth,CHL,my,,5.505,3.656,5.883,0.558
2018-12-14,Rosetta_mouth,CHL,my,5.035,4.904,2.922,5.414,1
2018-12-15,Rosetta_mouth,CHL,my,5.428,4.869,2.756,5.65,0.8674
2018-12-16,Rosetta_mouth,CHL,my,3.241,2.42,1.968,3.661,1
2018-12-18,Rosetta_mouth,CHL,my,7.573,6.931,4.216,7.846,0.9337
2018-12-21,Rosetta_mouth,CHL,my,3.818,,,,0.4972
2018-12-22,Rosetta_mouth,CHL,my,3.798,2.166,1.759,3.883,1
2018-12-23,Rosetta_mouth,CHL,my,2.2,1.996,1.235,2.318,1
2018-12-24,Rosetta_mouth,CHL,my,2.253,2.205,1.747,2.3,1
2018-12-30,Rosetta_mouth,CHL,my,4.251,4.28,3.169,4.429,0.7514
2018-01-07,Tel_Aviv_IL,CHL,my,0.9385,0.8354,0.5212,1.437,1
2018-01-08,Tel_Aviv_IL,CHL,my,0.7956,0.7435,0.3364,0.9433,0.93
2018-01-11,Tel_Aviv_IL,CHL,my,0.4546,0.4624,0.3089,0.6769,1
2018-01-13,Tel_Aviv_IL,CHL,my,0.2913,0.2453,0.1896,0.3298,0.93
2018-01-14,Tel_Aviv_IL,CHL,my,,0.3857,0.2552,0.4356,0.8
2018-01-17,Tel_Aviv_IL,CHL,my,0.1211,,,,0.26
2018-01-18,Tel_Aviv_IL,CHL,my,0.3075,0.2755,0.1672,0.3459,0.93
2018-01-29,Tel_Aviv_IL,CHL,my,0.536,0.536,0.3439,0.6062,0.725
2018-01-30,Tel_Aviv_IL,CHL,my,0.4494,0.4494,0.2853,0.612,0.85
2018-01-31,Tel_Aviv_IL,CHL,my,0.7097,0.7447,0.4823,0.9236,1
2018-02-01,Tel_Aviv_IL,CHL,my,0.4078,0.4887,0.347,0.6129,0.93
2018-02-02,Tel_Aviv_IL,CHL,my,0.6658,0.5862,0.3593,0.836,0.93
2018-02-04,Tel_Aviv_IL,CHL,my,0.2419,0.289,0.2313,0.3146,0.88
2018-02-14,Tel_Aviv_IL,CHL,my,0.1185,0.1046,0.09247,0.1705,0.655
2018-02-22,Tel_Aviv_IL,CHL,my,0.9573,0.5981,0.3542,1.142,1
2018-02-24,Tel_Aviv_IL,CHL,my,0.4161,0.3585,0.2501,0.6376,0.8
2018-02-26,Tel_Aviv_IL,CHL,my,,0.1082,0.09819,0.1712,0.555
2018-02-27,Tel_Aviv_IL,CHL,my,,0.176,0.1129,0.2199,0.8
2018-02-28,Tel_Aviv_IL,CHL,my,0.2672,0.1839,0.1494,0.4534,0.93
2018-03-02,Tel_Aviv_IL,CHL,my,0.3824,0.2412,0.1601,0.425,0.915
2018-03-03,Tel_Aviv_IL,CHL,my,0.1874,0.1631,0.1063,0.345,0.93
2018-03-07,Tel_Aviv_IL,CHL,my,0.1776,0.1234,0.09398,0.2263,0.93
2018-03-10,Tel_Aviv_IL,CHL,my,0.08562,0.06826,0.07385,0.2335,1
2018-03-11,Tel_Aviv_IL,CHL,my,0.1652,0.0643,0.06919,0.2126,0.88
2018-03-12,Tel_Aviv_IL,CHL,my,0.0999,0.0999,0.07874,0.1942,0.93
2018-03-13,Tel_Aviv_IL,CHL,my,0.1154,0.05343,0.05447,0.1154,0.865
2018-03-14,Tel_Aviv_IL,CHL,my,0.1068,0.08577,0.0749,0.1869,1
2018-03-16,Tel_Aviv_IL,CHL,my,0.1135,,,,0.215
2018-03-17,Tel_Aviv_IL,CHL,my,0.04461,0.04679,0.04269,0.0756,0.93
2018-03-18,Tel_Aviv_IL,CHL,my,0.105,0.08895,0.07462,0.105,0.59
2018-03-19,Tel_Aviv_IL,CHL,my,0.08207,0.07362,0.06157,0.1267,0.93
2018-03-20,Tel_Aviv_IL,CHL,my,0.1766,0.1354,0.09584,0.2142,0.93
2018-03-25,Tel_Aviv_IL,CHL,my,0.06239,0.05713,0.06065,0.2184,1
2018-03-26,Tel_Aviv_IL,CHL,my,0.2171,0.1416,0.09633,0.2171,0.865
2018-03-31,Tel_Aviv_IL,CHL,my,,0.2807,0.1688,0.5883,0.8
2018-04-01,Tel_Aviv_IL,CHL,my,0.7921,0.6369,0.3397,0.8139,0.865
2018-04-02,Tel_Aviv_IL,CHL,my,0.239,0.293,0.2224,0.4906,1
2018-04-04,Tel_Aviv_IL,CHL,my,0.7879,0.7318,0.3445,0.9581,0.88
2018-04-06,Tel_Aviv_IL,CHL,my,0.2752,,,,0.34
2018-04-07,Tel_Aviv_IL,CHL,my,0.1998,0.2002,0.1585,0.2208,0.865
2018-04-14,Tel_Aviv_IL,CHL,my,,0.06556,0.05996,0.07873,0.8
2018-04-15,Tel_Aviv_IL,CHL,my,0.1142,0.08027,0.07462,0.1486,0.88
2018-04-16,Tel_Aviv_IL,CHL,my,,0.08257,0.06536,0.08899,0.735
2018-04-22,Tel_Aviv_IL,CHL,my,0.05905,0.04837,0.05227,0.2048,0.915
2018-04-23,Tel_Aviv_IL,CHL,my,0.1271,0.06307,0.06122,0.1508,0.93
2018-04-29,Tel_Aviv_IL,CHL,my,0.1772,0.164,0.1153,0.3345,1
2018-04-30,Tel_Aviv_IL,CHL,my,,0.06649,0.06035,0.08147,0.54
2018-05-09,Tel_Aviv_IL,CHL,my,0.1266,0.07844,0.0727,0.1861,0.88
2018-05-13,Tel_Aviv_IL,CHL,my,0.134,,,,0.065
2018-05-14,Tel_Aviv_IL,CHL,my,0.2369,0.2008,0.1396,0.2667,0.93
2018-05-15,Tel_Aviv_IL,CHL,my,0.2044,0.1968,0.1328,0.3796,0.855
2018-05-16,Tel_Aviv_IL,CHL,my,,0.1376,0.09608,0.2167,0.605
2018-05-18,Tel_Aviv_IL,CHL,my,,0.1569,0.1512,0.3443,0.865
2018-05-24,Tel_Aviv_IL,CHL,my,,0.08784,0.0696,0.1018,0.545
2018-05-26,Tel_Aviv_IL,CHL,my,0.1751,,,,0.13
2018-05-29,Tel_Aviv_IL,CHL,my,0.1093,0.092,0.07564,0.1093,0.865
2018-05-30,Tel_Aviv_IL,CHL,my,0.05405,0.05702,0.05355,0.05784,0.865
2018-06-01,Tel_Aviv_IL,CHL,my,0.103,0.08289,0.06346,0.103,0.865
2018-06-02,Tel_Aviv_IL,CHL,my,0.08427,0.07869,0.0655,0.09622,0.93
2018-06-03,Tel_Aviv_IL,CHL,my,0.07075,0.06075,0.0719,0.3367,1
2018-06-04,Tel_Aviv_IL,CHL,my,0.1,0.1,0.0876,0.1179,0.88
2018-06-05,Tel_Aviv_IL,CHL,my,0.1699,,,,0.405
2018-06-06,Tel_Aviv_IL,CHL,my,0.21,0.1565,0.09248,0.21,0.865
2018-06-09,Tel_Aviv_IL,CHL,my,0.1772,0.158,0.1013,0.1772,0.78
2018-06-10,Tel_Aviv_IL,CHL,my,0.0953,0.07357,0.06208,0.1266,0.88
2018-06-11,Tel_Aviv_IL,CHL,my,0.07037,0.08682,0.08607,0.364,0.67
2018-06-14,Tel_Aviv_IL,CHL,my,0.3674,0.2145,0.1274,0.4352,0.93
2018-06-15,Tel_Aviv_IL,CHL,my,0.5509,0.3617,0.1843,0.8239,1
2018-06-17,Tel_Aviv_IL,CHL,my,,0.06646,0.0561,0.1413,0.685
2018-06-18,Tel_Aviv_IL,CHL,my,0.2211,0.1214,0.07907,0.2475,0.93
2018-06-19,Tel_Aviv_IL,CHL,my,0.09347,0.09347,0.1071,0.532,0.985
2018-06-20,Tel_Aviv_IL,CHL,my,0.2404,0.2019,0.1087,0.26,0.88
2018-06-21,Tel_Aviv_IL,CHL,my,0.2392,0.2392,0.113,0.3024,0.93
2018-06-22,Tel_Aviv_IL,CHL,my,,0.09139,0.05944,0.1025,0.605
2018-06-23,Tel_Aviv_IL,CHL,my,0.1836,0.1636,0.1205,0.2567,0.93
2018-06-24,Tel_Aviv_IL,CHL,my,,0.13,0.09189,0.1529,0.54
2018-06-25,Tel_Aviv_IL,CHL,my,0.1728,0.1355,0.09086,0.1728,0.865
2018-06-26,Tel_Aviv_IL,CHL,my,0.07627,0.06237,0.05444,0.2401,1
2018-06-27,Tel_Aviv_IL,CHL,my,0.08281,0.06276,0.04607,0.1562,0.93
2018-06-28,Tel_Aviv_IL,CHL,my,0.12,0.09033,0.06533,0.12,0.785
2018-06-29,Tel_Aviv_IL,CHL,my,0.0883,0.07032,0.05352,0.1136,0.865
2018-06-30,Tel_Aviv_IL,CHL,my,0.05664,0.05636,0.04815,0.1599,1
2018-07-01,Tel_Aviv_IL,CHL,my,0.07533,0.07674,0.06998,0.167,1
2018-07-02,Tel_Aviv_IL,CHL,my,0.1858,0.1217,0.08852,0.1858,0.7
2018-07-03,Tel_Aviv_IL,CHL,my,,0.08323,0.04694,0.08817,0.8
2018-07-04,Tel_Aviv_IL,CHL,my,0.08669,0.09656,0.06851,0.1325,0.88
2018-07-07,Tel_Aviv_IL,CHL,my,0.1682,0.1435,0.07731,0.1764,0.88
2018-07-08,Tel_Aviv_IL,CHL,my,0.1362,0.17,0.101,0.2857,1
2018-07-09,Tel_Aviv_IL,CHL,my,0.1993,0.1862,0.09658,0.2301,0.93
2018-07-10,Tel_Aviv_IL,CHL,my,0.173,0.1173,0.1295,0.5927,0.76
2018-07-11,Tel_Aviv_IL,CHL,my,0.1887,,,,0.195
2018-07-12,Tel_Aviv_IL,CHL,my,0.1958,0.1906,0.09381,0.209,0.93
2018-07-15,Tel_Aviv_IL,CHL,my,0.2857,0.2457,0.1404,0.3648,0.93
2018-07-16,Tel_Aviv_IL,CHL,my,0.3228,0.3228,0.2166,0.5991,0.92
2018-07-17,Tel_Aviv_IL,CHL,my,0.196,0.09737,0.08775,0.2453,0.865
2018-07-18,Tel_Aviv_IL,CHL,my,0.1841,0.1793,0.1235,0.1988,0.61
2018-07-19,Tel_Aviv_IL,CHL,my,0.1361,0.07719,0.1153,0.7342,1
2018-07-20,Tel_Aviv_IL,CHL,my,0.251,0.1779,0.1283,0.2709,0.76
2018-07-23,Tel_Aviv_IL,CHL,my,0.06056,0.0781,0.08442,0.3144,0.865
2018-07-27,Tel_Aviv_IL,CHL,my,0.3337,0.2876,0.1305,0.4266,1
2018-07-28,Tel_Aviv_IL,CHL,my,,0.0502,0.04156,0.0525,0.605
2018-07-30,Tel_Aviv_IL,CHL,my,0.0688,,,,0.39
2018-07-31,Tel_Aviv_IL,CHL,my,0.3093,0.2192,0.1302,0.4537,1
2018-08-01,Tel_Aviv_IL,CHL,my,0.1802,0.1138,0.08653,0.245,0.88
2018-08-04,Tel_Aviv_IL,CHL,my,0.1099,0.1161,0.1059,0.2752,0.93
2018-08-05,Tel_Aviv_IL,CHL,my,0.196,0.1497,0.1038,0.2421,0.785
2018-08-06,Tel_Aviv_IL,CHL,my,0.1416,0.1014,0.07823,0.1416,0.865
2018-08-08,Tel_Aviv_IL,CHL,my,0.1769,0.1769,0.1533,0.6028,0.755
2018-08-10,Tel_Aviv_IL,CHL,my,0.1937,0.1845,0.09362,0.2938,0.915
2018-08-11,Tel_Aviv_IL,CHL,my,0.1783,0.1169,0.07721,0.1783,0.83
2018-08-12,Tel_Aviv_IL,CHL,my,0.1209,0.07333,0.05884,0.145,0.75
2018-08-13,Tel_Aviv_IL,CHL,my,0.0979,0.06747,0.05942,0.0979,0.745
2018-08-16,Tel_Aviv_IL,CHL,my,0.2271,0.243,0.1816,0.5889,1
2018-08-17,Tel_Aviv_IL,CHL,my,0.1823,0.1509,0.09391,0.2243,0.75
2018-08-18,Tel_Aviv_IL,CHL,my,0.1708,0.1227,0.08735,0.2209,0.635
2018-08-19,Tel_Aviv_IL,CHL,my,0.1221,0.1228,0.09107,0.403,1
2018-08-20,Tel_Aviv_IL,CHL,my,0.166,0.1252,0.1236,0.3144,1
2018-08-21,Tel_Aviv_IL,CHL,my,0.3177,0.2618,0.1466,0.369,0.93
2018-08-24,Tel_Aviv_IL,CHL,my,0.2602,0.2167,0.1763,0.3631,0.93
2018-08-27,Tel_Aviv_IL,CHL,my,0.1133,0.1146,0.1026,0.2239,0.93
2018-08-28,Tel_Aviv_IL,CHL,my,,0.1031,0.08754,0.1263,0.73
2018-08-29,Tel_Aviv_IL,CHL,my,0.1743,0.1538,0.1152,0.2859,0.93
2018-08-31,Tel_Aviv_IL,CHL,my,0.1102,0.09649,0.08322,0.1318,0.88
2018-09-02,Tel_Aviv_IL,CHL,my,0.2301,0.1791,0.1376,0.3049,0.88
2018-09-04,Tel_Aviv_IL,CHL,my,0.2834,0.2488,0.1261,0.3805,0.93
2018-09-06,Tel_Aviv_IL,CHL,my,,0.08217,0.0681,0.1215,0.545
2018-09-08,Tel_Aviv_IL,CHL,my,0.2082,0.181,0.08268,0.2271,0.805
2018-09-09,Tel_Aviv_IL,CHL,my,0.2451,,,,0.425
2018-09-10,Tel_Aviv_IL,CHL,my,0.348,0.2608,0.1531,0.348,0.865
2018-09-11,Tel_Aviv_IL,CHL,my,0.707,0.8314,0.5112,1.193,1
2018-09-12,Tel_Aviv_IL,CHL,my,0.6644,0.6344,0.2716,0.7466,0.93
2018-09-14,Tel_Aviv_IL,CHL,my,0.3518,0.3111,0.186,0.4348,0.78
2018-09-15,Tel_Aviv_IL,CHL,my,0.2931,0.146,0.1314,0.3821,0.93
2018-09-16,Tel_Aviv_IL,CHL,my,0.254,0.1513,0.1159,0.3692,1
2018-09-17,Tel_Aviv_IL,CHL,my,0.1249,0.0932,0.07134,0.2307,0.93
2018-09-18,Tel_Aviv_IL,CHL,my,0.1757,0.09194,0.08794,0.2562,0.93
2018-09-20,Tel_Aviv_IL,CHL,my,0.1459,0.1216,0.07325,0.2126,0.93
2018-09-21,Tel_Aviv_IL,CHL,my,0.1359,0.111,0.0787,0.1968,0.93
2018-09-23,Tel_Aviv_IL,CHL,my,0.1215,0.08868,0.1085,0.5201,1
2018-09-24,Tel_Aviv_IL,CHL,my,0.08998,0.0707,0.05904,0.1269,0.88
2018-09-25,Tel_Aviv_IL,CHL,my,0.0644,0.0659,0.05019,0.1137,0.93
2018-09-26,Tel_Aviv_IL,CHL,my,0.0924,0.08373,0.05427,0.1538,0.93
2018-09-27,Tel_Aviv_IL,CHL,my,0.146,0.1474,0.128,0.7035,1
2018-09-28,Tel_Aviv_IL,CHL,my,0.09134,0.07378,0.0546,0.1771,0.93
2018-10-02,Tel_Aviv_IL,CHL,my,,0.06146,0.05058,0.09111,0.8
2018-10-04,Tel_Aviv_IL,CHL,my,0.09118,0.06159,0.05722,0.136,0.88
2018-10-05,Tel_Aviv_IL,CHL,my,0.07275,0.07186,0.07789,0.2122,0.66
2018-10-08,Tel_Aviv_IL,CHL,my,0.0862,0.08624,0.0645,0.1196,0.93
2018-10-09,Tel_Aviv_IL,CHL,my,0.1013,0.09855,0.05818,0.117,0.88
2018-10-10,Tel_Aviv_IL,CHL,my,0.1545,0.1533,0.09301,0.1706,0.735
2018-10-11,Tel_Aviv_IL,CHL,my,0.346,0.3252,0.1523,0.4042,0.93
2018-10-12,Tel_Aviv_IL,CHL,my,0.3167,0.2887,0.1829,0.3167,0.93
2018-10-13,Tel_Aviv_IL,CHL,my,0.3497,0.2991,0.23,0.4471,0.93
2018-10-14,Tel_Aviv_IL,CHL,my,,0.1895,0.1252,0.2165,0.735
2018-10-16,Tel_Aviv_IL,CHL,my,0.4394,0.435,0.1677,0.4911,1
2018-10-17,Tel_Aviv_IL,CHL,my,,0.1415,0.08488,0.1972,0.8
2018-10-20,Tel_Aviv_IL,CHL,my,0.1021,0.05404,0.05415,0.1021,0.735
2018-10-27,Tel_Aviv_IL,CHL,my,1.225,1.286,0.562,1.318,0.93
2018-10-28,Tel_Aviv_IL,CHL,my,1.233,1.2,0.6096,1.271,1
2018-10-29,Tel_Aviv_IL,CHL,my,0.7245,0.6294,0.2387,0.841,0.93
2018-10-30,Tel_Aviv_IL,CHL,my,0.2926,0.2693,0.1676,0.367,0.93
2018-10-31,Tel_Aviv_IL,CHL,my,0.381,0.2872,0.1879,0.4811,1
2018-11-01,Tel_Aviv_IL,CHL,my,0.2242,0.1729,0.1293,0.3507,1
2018-11-02,Tel_Aviv_IL,CHL,my,0.2571,0.2318,0.1327,0.2576,0.93
2018-11-03,Tel_Aviv_IL,CHL,my,0.1171,0.1107,0.09558,0.1815,1
2018-11-04,Tel_Aviv_IL,CHL,my,0.1242,0.1242,0.09703,0.1449,0.93
2018-11-06,Tel_Aviv_IL,CHL,my,0.1729,0.1431,0.1055,0.1729,0.865
2018-11-07,Tel_Aviv_IL,CHL,my,0.2285,0.1675,0.09653,0.2285,0.93
2018-11-08,Tel_Aviv_IL,CHL,my,0.1657,0.159,0.09542,0.1884,0.93
2018-11-09,Tel_Aviv_IL,CHL,my,0.2052,0.178,0.1109,0.206,0.865
2018-11-10,Tel_Aviv_IL,CHL,my,0.2125,0.2155,0.1546,0.2284,0.57
2018-11-12,Tel_Aviv_IL,CHL,my,0.09199,0.08182,0.07383,0.1587,1
2018-11-17,Tel_Aviv_IL,CHL,my,0.3815,0.3603,0.248,0.4917,0.93
2018-11-18,Tel_Aviv_IL,CHL,my,0.4467,0.4477,0.3138,0.6293,0.915
2018-11-19,Tel_Aviv_IL,CHL,my,0.394,0.3156,0.1863,0.394,0.88
2018-11-24,Tel_Aviv_IL,CHL,my,,0.1825,0.1142,0.2413,0.735
2018-11-26,Tel_Aviv_IL,CHL,my,0.08713,,,,0.39
2018-11-30,Tel_Aviv_IL,CHL,my,0.1465,0.1071,0.08504,0.1465,0.865
2018-12-05,Tel_Aviv_IL,CHL,my,0.2868,,,,0.33
2018-12-10,Tel_Aviv_IL,CHL,my,0.4427,0.3488,0.2586,0.6752,0.72
2018-12-11,Tel_Aviv_IL,CHL,my,0.3267,0.2364,0.1896,0.7651,1
2018-12-12,Tel_Aviv_IL,CHL,my,0.3976,0.2855,0.1839,0.4252,0.93
2018-12-14,Tel_Aviv_IL,CHL,my,0.5584,0.4813,0.2851,0.7215,0.93
2018-12-15,Tel_Aviv_IL,CHL,my,0.1799,0.1575,0.1493,0.483,1
2018-12-21,Tel_Aviv_IL,CHL,my,0.2288,0.1522,0.1325,0.2859,0.685
2018-12-23,Tel_Aviv_IL,CHL,my,0.2152,0.2302,0.176,0.2821,0.52
2018-12-25,Tel_Aviv_IL,CHL,my,0.1413,0.1215,0.1052,0.3027,0.925
2018-12-30,Tel_Aviv_IL,CHL,my,0.3888,0.3888,0.2657,0.7416,0.83
