date,site,variable,stream,at_station,transect_p80,transect_mean,transect_max,valid_frac
2019-01-01,Ashdod_IL,CHL,my,0.3715,0.3652,0.2138,0.451,0.995
2019-01-04,Ashdod_IL,CHL,my,0.4661,0.2893,0.2041,0.5066,0.9254
2019-01-10,Ashdod_IL,CHL,my,0.5791,0.5791,0.3618,0.8095,0.9254
2019-01-11,Ashdod_IL,CHL,my,0.3845,0.386,0.2945,0.4731,0.995
2019-01-12,Ashdod_IL,CHL,my,0.17,0.1646,0.1485,0.2593,0.995
2019-01-15,Ashdod_IL,CHL,my,0.2433,0.1946,0.172,0.2433,0.9254
2019-01-19,Ashdod_IL,CHL,my,0.4257,0.3297,0.2317,0.6193,0.995
2019-01-21,Ashdod_IL,CHL,my,0.2712,0.2548,0.206,0.3063,0.9254
2019-01-23,Ashdod_IL,CHL,my,0.186,0.186,0.1366,0.2503,0.995
2019-01-25,Ashdod_IL,CHL,my,0.2615,0.2455,0.1497,0.2817,0.9254
2019-01-26,Ashdod_IL,CHL,my,0.07825,0.08804,0.08497,0.08939,0.9104
2019-01-29,Ashdod_IL,CHL,my,0.261,0.2397,0.1686,0.3632,0.9254
2019-01-30,Ashdod_IL,CHL,my,0.2499,0.2499,0.1898,0.4284,0.995
2019-01-31,Ashdod_IL,CHL,my,0.2857,0.2247,0.1834,0.3278,0.9254
2019-02-02,Ashdod_IL,CHL,my,0.1425,0.1444,0.1286,0.1804,0.9254
2019-02-03,Ashdod_IL,CHL,my,0.1262,0.1347,0.124,0.1909,0.995
2019-02-04,Ashdod_IL,CHL,my,0.1425,0.1425,0.1284,0.1717,0.9254
2019-02-05,Ashdod_IL,CHL,my,0.2178,0.1892,0.1519,0.2573,0.9104
2019-02-08,Ashdod_IL,CHL,my,0.1892,0.1623,0.1231,0.2116,0.9254
2019-02-12,Ashdod_IL,CHL,my,0.2715,0.2342,0.142,0.274,0.9254
2019-02-13,Ashdod_IL,CHL,my,0.2471,0.2143,0.1482,0.3185,0.995
2019-02-16,Ashdod_IL,CHL,my,0.5852,,,,0.2189
2019-02-17,Ashdod_IL,CHL,my,0.6303,0.4709,0.3136,0.8517,0.995
2019-02-21,Ashdod_IL,CHL,my,,0.08885,0.08366,0.1034,0.7214
2019-02-22,Ashdod_IL,CHL,my,0.1451,,,,0.4577
2019-02-23,Ashdod_IL,CHL,my,0.1357,0.118,0.09191,0.1731,0.9254
2019-03-06,Ashdod_IL,CHL,my,0.2077,0.2025,0.1382,0.338,0.995
2019-03-07,Ashdod_IL,CHL,my,0.2262,0.1203,0.09889,0.3927,0.7463
2019-03-08,Ashdod_IL,CHL,my,0.1425,0.09603,0.07966,0.2065,0.9254
2019-03-09,Ashdod_IL,CHL,my,0.06456,0.06239,0.06311,0.1334,0.9254
2019-03-10,Ashdod_IL,CHL,my,0.08939,0.06807,0.0599,0.1569,0.9254
2019-03-11,Ashdod_IL,CHL,my,0.05549,0.05644,0.05352,0.07437,0.995
2019-03-13,Ashdod_IL,CHL,my,,0.1037,0.08463,0.122,0.7214
2019-03-15,Ashdod_IL,CHL,my,0.5751,0.5202,0.2717,0.8342,0.995
2019-03-17,Ashdod_IL,CHL,my,0.9565,,,,0.1791
2019-03-18,Ashdod_IL,CHL,my,1.185,1.12,0.5908,1.204,0.995
2019-03-19,Ashdod_IL,CHL,my,1.113,1.057,0.5727,1.219,0.995
2019-03-20,Ashdod_IL,CHL,my,1.224,1.08,0.5333,1.299,0.9254
2019-03-21,Ashdod_IL,CHL,my,,0.3784,0.2264,0.6088,0.6269
2019-03-22,Ashdod_IL,CHL,my,1.221,1.144,0.6155,1.45,0.995
2019-03-26,Ashdod_IL,CHL,my,0.5683,0.4931,0.3147,0.9759,0.995
2019-04-02,Ashdod_IL,CHL,my,1.048,,,,0.4527
2019-04-03,Ashdod_IL,CHL,my,1.175,0.9626,0.4158,1.204,0.9254
2019-04-04,Ashdod_IL,CHL,my,0.8826,0.7128,0.321,1.166,0.9254
2019-04-05,Ashdod_IL,CHL,my,0.9215,0.9215,0.4179,1.376,0.8955
2019-04-10,Ashdod_IL,CHL,my,0.3086,0.2826,0.1561,0.5459,0.995
2019-04-11,Ashdod_IL,CHL,my,0.2619,0.2619,0.1492,0.3425,0.995
2019-04-12,Ashdod_IL,CHL,my,0.4482,0.278,0.2452,0.689,0.9254
2019-04-17,Ashdod_IL,CHL,my,0.1504,0.1082,0.0899,0.1504,0.8607
2019-04-18,Ashdod_IL,CHL,my,0.1004,0.08875,0.06519,0.1172,0.9104
2019-04-19,Ashdod_IL,CHL,my,0.1318,0.1248,0.09886,0.3589,0.995
2019-04-23,Ashdod_IL,CHL,my,1.669,1.624,0.8921,1.682,0.9254
2019-04-26,Ashdod_IL,CHL,my,0.7476,0.6729,0.4027,0.7476,0.9104
2019-04-27,Ashdod_IL,CHL,my,0.4838,0.4495,0.2924,0.5378,0.995
2019-04-28,Ashdod_IL,CHL,my,0.3344,0.2629,0.2458,0.401,0.7015
2019-05-03,Ashdod_IL,CHL,my,,0.1206,0.1058,0.1768,0.796
2019-05-04,Ashdod_IL,CHL,my,0.106,0.09336,0.07647,0.137,0.9254
2019-05-05,Ashdod_IL,CHL,my,0.1702,0.1465,0.1087,0.2473,0.9254
2019-05-07,Ashdod_IL,CHL,my,0.08278,0.06736,0.0574,0.08278,0.8607
2019-05-08,Ashdod_IL,CHL,my,0.1086,,,,0.4627
2019-05-09,Ashdod_IL,CHL,my,,0.05854,0.04795,0.07412,0.7662
2019-05-11,Ashdod_IL,CHL,my,0.1075,0.07885,0.07844,0.2505,0.995
2019-05-12,Ashdod_IL,CHL,my,0.1012,0.1012,0.08528,0.4167,0.995
2019-05-13,Ashdod_IL,CHL,my,0.1176,0.08839,0.07394,0.1908,0.9801
2019-05-14,Ashdod_IL,CHL,my,0.1245,0.0965,0.0696,0.129,0.9104
2019-05-15,Ashdod_IL,CHL,my,0.09907,0.09153,0.06547,0.1147,0.9254
2019-05-16,Ashdod_IL,CHL,my,0.0842,0.08184,0.07481,0.2076,0.995
2019-05-19,Ashdod_IL,CHL,my,0.05331,0.05023,0.0403,0.05707,0.8607
2019-05-20,Ashdod_IL,CHL,my,0.08921,0.08053,0.06699,0.2301,0.995
2019-05-26,Ashdod_IL,CHL,my,0.0854,,,,0.209
2019-05-27,Ashdod_IL,CHL,my,0.1184,0.08378,0.06557,0.1188,0.7463
2019-05-28,Ashdod_IL,CHL,my,0.06866,0.06486,0.05588,0.06866,0.9254
2019-05-30,Ashdod_IL,CHL,my,,0.06776,0.06133,0.07477,0.5174
2019-06-01,Ashdod_IL,CHL,my,,0.0677,0.05821,0.0822,0.5871
2019-06-02,Ashdod_IL,CHL,my,0.1507,0.09268,0.07826,0.2137,0.9104
2019-06-03,Ashdod_IL,CHL,my,0.1024,,,,0.2438
2019-06-07,Ashdod_IL,CHL,my,0.1499,0.1222,0.08336,0.1499,0.8607
2019-06-09,Ashdod_IL,CHL,my,0.1244,0.1204,0.08522,0.1539,0.7761
2019-06-10,Ashdod_IL,CHL,my,0.09025,0.08327,0.0633,0.09848,0.9254
2019-06-11,Ashdod_IL,CHL,my,0.08012,0.07559,0.05827,0.08012,0.8607
2019-06-12,Ashdod_IL,CHL,my,0.07474,0.07474,0.06154,0.1565,0.9652
2019-06-14,Ashdod_IL,CHL,my,,0.06803,0.05651,0.09033,0.5821
2019-06-15,Ashdod_IL,CHL,my,0.09577,0.06705,0.05757,0.09577,0.8607
2019-06-16,Ashdod_IL,CHL,my,0.1309,0.09118,0.07428,0.1743,0.9254
2019-06-17,Ashdod_IL,CHL,my,0.1223,0.08511,0.07225,0.1463,0.9254
2019-06-18,Ashdod_IL,CHL,my,0.1689,0.07971,0.07569,0.187,0.9254
2019-06-19,Ashdod_IL,CHL,my,0.107,0.05609,0.05259,0.1224,0.8607
2019-06-20,Ashdod_IL,CHL,my,0.1269,0.09648,0.07987,0.183,0.995
2019-06-21,Ashdod_IL,CHL,my,0.1022,,,,0.4826
2019-06-22,Ashdod_IL,CHL,my,0.06937,0.06907,0.05449,0.07743,0.995
2019-06-23,Ashdod_IL,CHL,my,0.06471,0.07194,0.06672,0.1455,0.995
2019-06-24,Ashdod_IL,CHL,my,0.1016,0.1016,0.07085,0.1377,0.9254
2019-06-26,Ashdod_IL,CHL,my,0.1062,0.1023,0.06588,0.1203,0.995
2019-06-27,Ashdod_IL,CHL,my,0.1699,0.1477,0.0875,0.2136,0.8557
2019-06-29,Ashdod_IL,CHL,my,0.1231,,,,0.2836
2019-06-30,Ashdod_IL,CHL,my,0.1146,0.1146,0.08877,0.3226,1
2019-07-01,Ashdod_IL,CHL,my,0.2598,0.2598,0.111,0.2727,0.9254
2019-07-02,Ashdod_IL,CHL,my,0.2569,0.2383,0.09781,0.2633,0.9254
2019-07-03,Ashdod_IL,CHL,my,0.08623,0.08876,0.06699,0.09776,0.9254
2019-07-04,Ashdod_IL,CHL,my,0.07874,0.07747,0.07479,0.2333,0.995
2019-07-05,Ashdod_IL,CHL,my,0.1311,0.1226,0.07746,0.1356,0.995
2019-07-09,Ashdod_IL,CHL,my,0.2173,0.2828,0.1957,0.5327,0.9104
2019-07-10,Ashdod_IL,CHL,my,0.6729,0.5488,0.2163,0.6729,0.995
2019-07-11,Ashdod_IL,CHL,my,0.2792,0.09051,0.07858,0.2792,0.8607
2019-07-13,Ashdod_IL,CHL,my,,0.1461,0.09802,0.2877,0.6866
2019-07-14,Ashdod_IL,CHL,my,0.5784,0.4828,0.3147,0.5784,0.8458
2019-07-15,Ashdod_IL,CHL,my,0.1352,,,,0.4826
2019-07-16,Ashdod_IL,CHL,my,0.3439,0.2697,0.17,0.3734,0.7214
2019-07-18,Ashdod_IL,CHL,my,0.2558,0.2091,0.1059,0.3177,0.9254
2019-07-19,Ashdod_IL,CHL,my,0.1378,0.122,0.09742,0.199,0.995
2019-07-20,Ashdod_IL,CHL,my,0.2377,0.2332,0.1875,0.4492,0.995
2019-07-23,Ashdod_IL,CHL,my,0.2724,0.3327,0.1862,0.3709,0.995
2019-07-24,Ashdod_IL,CHL,my,0.242,0.242,0.1081,0.3194,0.995
2019-07-25,Ashdod_IL,CHL,my,0.4339,0.1618,0.1389,0.4932,0.9254
2019-07-26,Ashdod_IL,CHL,my,0.2997,0.4472,0.2279,0.5414,0.9254
2019-07-28,Ashdod_IL,CHL,my,0.1381,0.1015,0.08471,0.2527,0.9254
2019-07-29,Ashdod_IL,CHL,my,0.2153,0.0986,0.09713,0.2577,0.8706
2019-07-30,Ashdod_IL,CHL,my,0.1578,0.09192,0.07771,0.1788,0.791
2019-07-31,Ashdod_IL,CHL,my,0.1633,0.1559,0.1057,0.2352,0.995
2019-08-01,Ashdod_IL,CHL,my,0.1479,0.1418,0.1083,0.4098,0.995
2019-08-02,Ashdod_IL,CHL,my,0.06267,0.06098,0.05533,0.08439,0.995
2019-08-03,Ashdod_IL,CHL,my,0.1117,0.1117,0.08615,0.1864,0.5473
2019-08-04,Ashdod_IL,CHL,my,0.07178,0.07005,0.05654,0.07837,0.9104
2019-08-05,Ashdod_IL,CHL,my,0.1326,0.1326,0.1011,0.3053,0.9104
2019-08-07,Ashdod_IL,CHL,my,,0.05759,0.05589,0.1715,0.6766
2019-08-08,Ashdod_IL,CHL,my,0.1238,0.1238,0.1056,0.3701,0.806
2019-08-09,Ashdod_IL,CHL,my,0.2104,0.1881,0.126,0.5452,0.995
2019-08-10,Ashdod_IL,CHL,my,0.3333,0.5158,0.3112,0.5346,0.6716
2019-08-11,Ashdod_IL,CHL,my,0.2407,0.112,0.1248,0.405,0.9254
2019-08-12,Ashdod_IL,CHL,my,0.1758,0.1758,0.1303,0.4824,0.995
2019-08-13,Ashdod_IL,CHL,my,0.1189,0.1153,0.08815,0.2837,0.995
2019-08-14,Ashdod_IL,CHL,my,,0.1117,0.06412,0.1503,0.6318
2019-08-15,Ashdod_IL,CHL,my,0.08808,0.08069,0.05588,0.1777,0.995
2019-08-16,Ashdod_IL,CHL,my,0.05704,0.03371,0.03068,0.08438,0.9254
2019-08-17,Ashdod_IL,CHL,my,,0.09556,0.0742,0.1024,0.5174
2019-08-18,Ashdod_IL,CHL,my,0.08301,0.08301,0.06888,0.1462,0.6667
2019-08-19,Ashdod_IL,CHL,my,0.1932,0.1565,0.1061,0.2829,0.995
2019-08-20,Ashdod_IL,CHL,my,0.168,0.11,0.07779,0.2734,0.9254
2019-08-21,Ashdod_IL,CHL,my,0.1713,0.2169,0.1567,0.5396,0.995
2019-08-22,Ashdod_IL,CHL,my,0.3122,0.2251,0.1312,0.318,0.7313
2019-08-23,Ashdod_IL,CHL,my,0.4153,0.4153,0.2153,0.7192,0.995
2019-08-24,Ashdod_IL,CHL,my,0.3224,0.3093,0.1282,0.3364,0.995
2019-08-25,Ashdod_IL,CHL,my,0.05126,0.05817,0.04703,0.1333,0.995
2019-08-26,Ashdod_IL,CHL,my,0.04773,0.05345,0.04548,0.06505,0.9104
2019-08-27,Ashdod_IL,CHL,my,0.1133,0.08967,0.09615,0.3799,0.995
2019-08-28,Ashdod_IL,CHL,my,0.1037,0.08087,0.06209,0.1464,0.9204
2019-08-29,Ashdod_IL,CHL,my,0.1192,,,,0.3483
2019-08-30,Ashdod_IL,CHL,my,0.1166,0.1166,0.08513,0.1399,0.9254
2019-08-31,Ashdod_IL,CHL,my,0.1895,0.1254,0.07335,0.1895,0.9801
2019-09-01,Ashdod_IL,CHL,my,0.06492,0.06394,0.04978,0.1681,0.995
2019-09-02,Ashdod_IL,CHL,my,0.1296,0.08309,0.07364,0.1757,0.8607
2019-09-03,Ashdod_IL,CHL,my,0.1218,0.1237,0.09557,0.3467,0.9254
2019-09-04,Ashdod_IL,CHL,my,0.2458,0.09329,0.08678,0.4376,0.9254
2019-09-05,Ashdod_IL,CHL,my,0.2661,0.2661,0.1372,0.3826,0.9104
2019-09-06,Ashdod_IL,CHL,my,0.4019,,,,0.3134
2019-09-07,Ashdod_IL,CHL,my,0.3515,0.3178,0.201,0.7752,0.995
2019-09-09,Ashdod_IL,CHL,my,0.1748,0.1748,0.115,0.445,0.995
2019-09-10,Ashdod_IL,CHL,my,,0.07195,0.06025,0.09864,0.796
2019-09-11,Ashdod_IL,CHL,my,0.1433,0.1433,0.08454,0.2955,0.995
2019-09-12,Ashdod_IL,CHL,my,0.3,0.194,0.1447,0.347,0.9254
2019-09-13,Ashdod_IL,CHL,my,0.1135,0.1135,0.1382,0.6542,0.9403
2019-09-14,Ashdod_IL,CHL,my,0.3702,0.2151,0.1816,0.5304,0.9254
2019-09-15,Ashdod_IL,CHL,my,0.3195,0.2764,0.1948,0.3614,0.7214
2019-09-16,Ashdod_IL,CHL,my,0.3658,,,,0.3383
2019-09-17,Ashdod_IL,CHL,my,1.112,1.009,0.566,1.112,0.995
2019-09-20,Ashdod_IL,CHL,my,0.2881,0.2229,0.1122,0.2881,0.8607
2019-09-21,Ashdod_IL,CHL,my,0.209,0.209,0.1237,0.4853,0.995
2019-09-22,Ashdod_IL,CHL,my,0.1587,0.1142,0.08532,0.2139,0.9254
2019-09-23,Ashdod_IL,CHL,my,0.09404,0.116,0.1049,0.3891,0.995
2019-09-24,Ashdod_IL,CHL,my,0.1158,0.1183,0.1094,0.2691,0.995
2019-09-25,Ashdod_IL,CHL,my,0.1575,0.1677,0.1229,0.4406,0.995
2019-09-26,Ashdod_IL,CHL,my,0.1346,0.134,0.09489,0.3479,0.995
2019-09-27,Ashdod_IL,CHL,my,0.1494,0.1262,0.07993,0.1628,0.9104
2019-09-28,Ashdod_IL,CHL,my,0.08311,0.08814,0.07558,0.141,0.6617
2019-09-29,Ashdod_IL,CHL,my,,0.112,0.07623,0.1968,0.8607
2019-09-30,Ashdod_IL,CHL,my,0.2475,0.2078,0.1168,0.2475,0.995
2019-10-01,Ashdod_IL,CHL,my,0.1083,0.09767,0.07754,0.1943,0.9104
2019-10-02,Ashdod_IL,CHL,my,0.08379,0.1276,0.09381,0.1791,0.995
2019-10-03,Ashdod_IL,CHL,my,0.1213,0.1491,0.1088,0.2097,0.8358
2019-10-04,Ashdod_IL,CHL,my,0.2734,0.2734,0.1797,0.349,0.995
2019-10-05,Ashdod_IL,CHL,my,0.2707,0.2607,0.1352,0.3533,0.995
2019-10-06,Ashdod_IL,CHL,my,0.1785,0.1736,0.1259,0.3243,0.995
2019-10-07,Ashdod_IL,CHL,my,0.1964,0.1565,0.1037,0.2037,0.9254
2019-10-08,Ashdod_IL,CHL,my,0.1958,0.1958,0.138,0.477,0.995
2019-10-09,Ashdod_IL,CHL,my,0.1551,0.1246,0.09907,0.1951,0.995
2019-10-11,Ashdod_IL,CHL,my,0.1383,,,,0.2488
2019-10-13,Ashdod_IL,CHL,my,0.1222,0.1222,0.1092,0.3662,0.995
2019-10-14,Ashdod_IL,CHL,my,0.2621,0.2124,0.09953,0.2621,0.9254
2019-10-15,Ashdod_IL,CHL,my,0.1429,,,,0.408
2019-10-17,Ashdod_IL,CHL,my,0.2171,0.2171,0.1669,0.3562,0.5423
2019-10-19,Ashdod_IL,CHL,my,0.3697,0.3505,0.2394,0.3697,0.7612
2019-10-20,Ashdod_IL,CHL,my,0.3532,0.2854,0.1405,0.3532,0.9254
2019-10-21,Ashdod_IL,CHL,my,0.3625,0.3625,0.1397,0.4703,0.9254
2019-10-24,Ashdod_IL,CHL,my,0.1962,0.09002,0.1045,0.4228,0.9254
2019-10-27,Ashdod_IL,CHL,my,0.1948,0.1948,0.1396,0.3794,0.995
2019-10-28,Ashdod_IL,CHL,my,0.2873,0.2446,0.1573,0.3029,0.7164
2019-10-29,Ashdod_IL,CHL,my,,0.1681,0.1035,0.2383,0.6517
2019-10-30,Ashdod_IL,CHL,my,0.4801,0.471,0.2308,0.5302,0.9254
2019-10-31,Ashdod_IL,CHL,my,0.4776,0.4776,0.2231,0.6674,0.995
2019-11-01,Ashdod_IL,CHL,my,0.395,0.331,0.1863,0.4303,0.995
2019-11-02,Ashdod_IL,CHL,my,0.3566,0.356,0.248,0.3653,0.6169
2019-11-03,Ashdod_IL,CHL,my,,0.6134,0.2433,0.6563,0.6517
2019-11-04,Ashdod_IL,CHL,my,0.7362,0.6211,0.363,0.9245,0.995
2019-11-05,Ashdod_IL,CHL,my,0.349,0.3434,0.2066,0.4993,1
2019-11-08,Ashdod_IL,CHL,my,0.1972,0.1972,0.1343,0.2348,0.9254
2019-11-11,Ashdod_IL,CHL,my,0.2738,0.1665,0.1391,0.2933,0.8159
2019-11-12,Ashdod_IL,CHL,my,0.1933,0.1624,0.1386,0.3586,0.995
2019-11-16,Ashdod_IL,CHL,my,0.2728,0.2216,0.1299,0.2857,0.9254
2019-11-17,Ashdod_IL,CHL,my,0.4344,0.4337,0.3019,0.4634,0.9254
2019-11-18,Ashdod_IL,CHL,my,0.8307,0.6481,0.4231,0.8804,0.8209
2019-11-19,Ashdod_IL,CHL,my,0.2285,0.2363,0.2064,0.514,0.995
2019-11-20,Ashdod_IL,CHL,my,0.2608,0.2479,0.1723,0.3583,0.9254
2019-11-22,Ashdod_IL,CHL,my,0.1765,0.1731,0.1198,0.2149,0.9254
2019-11-23,Ashdod_IL,CHL,my,0.2125,0.1834,0.1353,0.2415,0.995
2019-11-25,Ashdod_IL,CHL,my,0.1016,0.1274,0.108,0.1505,0.9254
2019-11-26,Ashdod_IL,CHL,my,,0.2131,0.1357,0.236,0.6517
2019-11-27,Ashdod_IL,CHL,my,0.1871,0.2315,0.1707,0.2792,0.9254
2019-11-28,Ashdod_IL,CHL,my,0.4865,0.4106,0.2308,0.4973,0.9254
2019-11-29,Ashdod_IL,CHL,my,0.4892,0.4892,0.2637,0.6437,0.9254
2019-11-30,Ashdod_IL,CHL,my,0.6292,0.5006,0.2172,0.7111,0.9254
2019-12-01,Ashdod_IL,CHL,my,0.2027,0.1704,0.1409,0.396,0.995
2019-12-02,Ashdod_IL,CHL,my,0.1779,0.17,0.1019,0.1916,0.9403
2019-12-03,Ashdod_IL,CHL,my,0.112,0.112,0.09556,0.2091,0.8905
2019-12-04,Ashdod_IL,CHL,my,0.307,0.2948,0.1918,0.3096,0.5473
2019-12-05,Ashdod_IL,CHL,my,0.2847,0.3424,0.2103,0.4128,0.995
2019-12-07,Ashdod_IL,CHL,my,0.1349,0.1145,0.1046,0.1529,0.9254
2019-12-10,Ashdod_IL,CHL,my,0.243,0.243,0.1842,0.3439,0.9254
2019-12-14,Ashdod_IL,CHL,my,0.264,0.2279,0.1941,0.3376,0.9204
2019-12-16,Ashdod_IL,CHL,my,0.2535,0.2535,0.1634,0.271,0.9104
2019-12-17,Ashdod_IL,CHL,my,0.2711,0.1889,0.1459,0.4329,0.9254
2019-12-18,Ashdod_IL,CHL,my,0.1197,0.1197,0.1129,0.146,0.995
2019-12-19,Ashdod_IL,CHL,my,0.2156,0.189,0.1663,0.3471,0.9254
2019-12-20,Ashdod_IL,CHL,my,0.4301,0.4301,0.2507,0.4383,0.995
2019-12-21,Ashdod_IL,CHL,my,0.1366,0.1366,0.1065,0.2813,0.9254
2019-12-22,Ashdod_IL,CHL,my,0.116,0.116,0.09303,0.1536,0.9254
2019-12-24,Ashdod_IL,CHL,my,0.2668,0.1817,0.1732,0.6853,0.9254
2019-12-26,Ashdod_IL,CHL,my,,0.2553,0.1946,0.5508,0.5821
2019-12-29,Ashdod_IL,CHL,my,0.3522,0.3522,0.3,0.6523,0.995
2019-12-30,Ashdod_IL,CHL,my,0.3385,0.2957,0.2159,0.4399,0.8905
2019-12-31,Ashdod_IL,CHL,my,0.289,,,,0.4527
2019-01-01,Ashkelon_IL,CHL,my,0.4202,0.4202,0.3617,0.8424,0.9502
2019-01-03,Ashkelon_IL,CHL,my,0.5294,0.5708,0.387,0.8395,0.5224
2019-01-04,Ashkelon_IL,CHL,my,0.3037,0.3037,0.2051,0.432,0.9502
2019-01-08,Ashkelon_IL,CHL,my,0.624,0.624,0.3471,1.05,0.9303
2019-01-10,Ashkelon_IL,CHL,my,0.4668,0.431,0.3315,0.9748,0.9104
2019-01-11,Ashkelon_IL,CHL,my,0.1753,0.1792,0.1499,0.2181,0.8806
2019-01-12,Ashkelon_IL,CHL,my,0.1673,0.1673,0.1387,0.2378,0.9502
2019-01-15,Ashkelon_IL,CHL,my,0.326,0.3075,0.2178,0.463,0.9104
2019-01-17,Ashkelon_IL,CHL,my,,1.209,0.8695,1.445,0.6667
2019-01-19,Ashkelon_IL,CHL,my,0.4236,0.614,0.3831,1.144,1
2019-01-21,Ashkelon_IL,CHL,my,0.2935,0.2935,0.2276,0.4139,0.9502
2019-01-23,Ashkelon_IL,CHL,my,0.2039,0.1702,0.1365,0.2911,0.8806
2019-01-25,Ashkelon_IL,CHL,my,0.2006,0.2006,0.1745,0.5159,0.9502
2019-01-26,Ashkelon_IL,CHL,my,0.1271,0.114,0.112,0.2426,0.9104
2019-01-29,Ashkelon_IL,CHL,my,0.9626,0.9626,0.6975,1.483,1
2019-01-30,Ashkelon_IL,CHL,my,0.7587,0.7587,0.4783,1.056,0.9502
2019-01-31,Ashkelon_IL,CHL,my,0.3392,0.3288,0.2733,0.39,0.8806
2019-02-02,Ashkelon_IL,CHL,my,0.1186,0.1201,0.1177,0.2361,0.9502
2019-02-03,Ashkelon_IL,CHL,my,0.1103,0.1103,0.1152,0.2385,1
2019-02-04,Ashkelon_IL,CHL,my,0.1693,0.1693,0.1244,0.2492,0.9502
2019-02-05,Ashkelon_IL,CHL,my,0.2292,0.1885,0.1438,0.2292,0.806
2019-02-08,Ashkelon_IL,CHL,my,0.1597,0.1778,0.1576,0.5099,1
2019-02-12,Ashkelon_IL,CHL,my,0.1047,0.1079,0.1174,0.4806,1
2019-02-13,Ashkelon_IL,CHL,my,0.137,0.137,0.1174,0.2635,0.9502
2019-02-14,Ashkelon_IL,CHL,my,0.2104,,,,0.2139
2019-02-16,Ashkelon_IL,CHL,my,0.993,0.993,0.551,1.42,0.7264
2019-02-17,Ashkelon_IL,CHL,my,0.6083,0.6083,0.4094,1.716,1
2019-02-21,Ashkelon_IL,CHL,my,0.1437,0.1246,0.1057,0.3045,0.9104
2019-02-22,Ashkelon_IL,CHL,my,0.1267,0.1447,0.1354,0.4,1
2019-02-23,Ashkelon_IL,CHL,my,0.1441,0.1441,0.1065,0.2587,0.9502
2019-03-03,Ashkelon_IL,CHL,my,0.7907,,,,0.2189
2019-03-04,Ashkelon_IL,CHL,my,0.247,,,,0.3284
2019-03-06,Ashkelon_IL,CHL,my,0.127,0.127,0.118,0.3209,0.9502
2019-03-07,Ashkelon_IL,CHL,my,0.1131,0.1131,0.112,0.4995,1
2019-03-08,Ashkelon_IL,CHL,my,0.08254,0.08254,0.1102,0.4638,1
2019-03-09,Ashkelon_IL,CHL,my,0.1413,0.1413,0.09593,0.3055,0.9502
2019-03-10,Ashkelon_IL,CHL,my,0.09751,0.07836,0.0689,0.1872,0.9104
2019-03-11,Ashkelon_IL,CHL,my,0.0486,0.05822,0.06791,0.2884,0.9602
2019-03-13,Ashkelon_IL,CHL,my,,0.1906,0.1349,0.3191,0.7363
2019-03-15,Ashkelon_IL,CHL,my,0.9046,0.9046,0.4094,1.236,0.9502
2019-03-18,Ashkelon_IL,CHL,my,1.184,1.287,0.7124,1.387,0.9502
2019-03-19,Ashkelon_IL,CHL,my,1.312,1.194,0.6509,1.497,0.9502
2019-03-20,Ashkelon_IL,CHL,my,1.347,1.347,0.7595,1.768,0.9502
2019-03-21,Ashkelon_IL,CHL,my,1.231,1.126,0.6032,1.513,0.9104
2019-03-22,Ashkelon_IL,CHL,my,0.6693,0.6693,0.4438,0.84,0.9502
2019-03-26,Ashkelon_IL,CHL,my,1.082,1.083,0.6668,1.475,0.7562
2019-03-27,Ashkelon_IL,CHL,my,1.149,1.149,0.8207,1.351,0.5423
2019-03-28,Ashkelon_IL,CHL,my,1.418,1.307,0.7748,1.44,0.5323
2019-04-02,Ashkelon_IL,CHL,my,1.306,,,,0.4577
2019-04-03,Ashkelon_IL,CHL,my,1.29,1.177,0.4878,1.302,0.8806
2019-04-04,Ashkelon_IL,CHL,my,1.26,1.044,0.5179,1.473,0.9104
2019-04-05,Ashkelon_IL,CHL,my,1.371,1.257,0.6137,1.718,0.8806
2019-04-07,Ashkelon_IL,CHL,my,1.013,,,,0.3532
2019-04-10,Ashkelon_IL,CHL,my,0.3453,0.3453,0.2726,1.146,1
2019-04-11,Ashkelon_IL,CHL,my,0.2153,0.2153,0.1602,0.5777,0.9254
2019-04-12,Ashkelon_IL,CHL,my,0.1707,0.1707,0.1962,0.7558,1
2019-04-17,Ashkelon_IL,CHL,my,0.146,0.1108,0.08054,0.146,0.7015
2019-04-18,Ashkelon_IL,CHL,my,0.1545,0.1545,0.1269,0.4774,0.9502
2019-04-19,Ashkelon_IL,CHL,my,0.4084,0.4084,0.279,1.542,1
2019-04-23,Ashkelon_IL,CHL,my,1.466,1.417,0.8596,1.792,0.9204
2019-04-26,Ashkelon_IL,CHL,my,0.9069,0.8302,0.5434,1.129,0.8806
2019-04-27,Ashkelon_IL,CHL,my,0.5455,0.4973,0.3603,0.7584,0.8806
2019-04-28,Ashkelon_IL,CHL,my,0.6768,0.6583,0.4766,0.8389,0.8806
2019-05-03,Ashkelon_IL,CHL,my,,0.1191,0.1108,0.1266,0.597
2019-05-04,Ashkelon_IL,CHL,my,0.145,0.145,0.1115,0.3753,1
2019-05-05,Ashkelon_IL,CHL,my,0.1774,0.1433,0.1119,0.3128,0.9104
2019-05-07,Ashkelon_IL,CHL,my,0.1395,0.1185,0.09518,0.196,0.8806
2019-05-08,Ashkelon_IL,CHL,my,0.1136,,,,0.398
2019-05-09,Ashkelon_IL,CHL,my,0.08058,0.07148,0.0753,0.2346,0.9104
2019-05-11,Ashkelon_IL,CHL,my,0.2103,0.2103,0.1499,0.6017,1
2019-05-12,Ashkelon_IL,CHL,my,0.2415,0.234,0.1171,0.2981,0.9104
2019-05-13,Ashkelon_IL,CHL,my,0.2005,0.2005,0.1123,0.2829,0.9502
2019-05-14,Ashkelon_IL,CHL,my,0.1418,0.1412,0.08381,0.1534,0.8806
2019-05-15,Ashkelon_IL,CHL,my,0.1081,0.1207,0.07786,0.142,0.9104
2019-05-16,Ashkelon_IL,CHL,my,0.1179,0.1128,0.08201,0.14,0.9104
2019-05-19,Ashkelon_IL,CHL,my,0.06708,0.06708,0.07554,0.3002,1
2019-05-20,Ashkelon_IL,CHL,my,0.1357,0.1214,0.08543,0.216,0.9104
2019-05-26,Ashkelon_IL,CHL,my,0.12,0.12,0.0911,0.3636,0.9502
2019-05-27,Ashkelon_IL,CHL,my,0.1495,0.1038,0.07505,0.1495,0.7761
2019-05-28,Ashkelon_IL,CHL,my,0.08382,0.07639,0.06106,0.104,0.9104
2019-06-01,Ashkelon_IL,CHL,my,0.1617,0.07667,0.07182,0.1617,0.806
2019-06-02,Ashkelon_IL,CHL,my,0.1518,0.1181,0.08592,0.1518,0.806
2019-06-03,Ashkelon_IL,CHL,my,0.2351,0.2351,0.1199,0.2882,0.6617
2019-06-07,Ashkelon_IL,CHL,my,0.1143,0.1115,0.07027,0.1174,0.806
2019-06-09,Ashkelon_IL,CHL,my,0.1273,0.1123,0.08188,0.1497,0.8806
2019-06-10,Ashkelon_IL,CHL,my,0.0855,0.07552,0.06288,0.1021,0.8806
2019-06-11,Ashkelon_IL,CHL,my,0.0829,0.07981,0.06159,0.09813,0.8806
2019-06-12,Ashkelon_IL,CHL,my,0.07791,0.07791,0.06392,0.1145,0.9303
2019-06-13,Ashkelon_IL,CHL,my,0.09308,0.08832,0.07057,0.09308,0.806
2019-06-14,Ashkelon_IL,CHL,my,0.1077,0.0879,0.06605,0.1077,0.6667
2019-06-15,Ashkelon_IL,CHL,my,0.1517,0.151,0.08273,0.2635,0.9502
2019-06-16,Ashkelon_IL,CHL,my,0.1841,0.1841,0.1194,0.3158,0.9502
2019-06-17,Ashkelon_IL,CHL,my,0.1432,0.09441,0.1012,0.3452,0.9104
2019-06-18,Ashkelon_IL,CHL,my,0.1452,0.1452,0.1283,0.482,0.9502
2019-06-19,Ashkelon_IL,CHL,my,0.1713,0.1713,0.1164,0.4329,0.9502
2019-06-20,Ashkelon_IL,CHL,my,0.1478,0.1478,0.1101,0.4369,0.9502
2019-06-21,Ashkelon_IL,CHL,my,0.1544,0.1326,0.1017,0.2379,0.8905
2019-06-22,Ashkelon_IL,CHL,my,0.07177,0.0752,0.07472,0.2362,1
2019-06-23,Ashkelon_IL,CHL,my,0.1468,0.1459,0.08732,0.2627,0.9204
2019-06-24,Ashkelon_IL,CHL,my,0.1059,0.1393,0.1243,0.392,1
2019-06-25,Ashkelon_IL,CHL,my,,0.1759,0.1209,0.2147,0.5224
2019-06-26,Ashkelon_IL,CHL,my,0.1974,0.2042,0.128,0.3197,0.9502
2019-06-27,Ashkelon_IL,CHL,my,,0.1568,0.1209,0.3595,0.8806
2019-06-28,Ashkelon_IL,CHL,my,0.1562,0.1562,0.1214,0.3851,0.8607
2019-06-29,Ashkelon_IL,CHL,my,0.1557,0.1279,0.1022,0.268,0.9104
2019-06-30,Ashkelon_IL,CHL,my,0.3579,0.3359,0.1551,0.4469,0.9502
2019-07-01,Ashkelon_IL,CHL,my,0.3746,0.215,0.1262,0.3746,0.8806
2019-07-02,Ashkelon_IL,CHL,my,0.1087,0.1087,0.1181,0.5332,0.9502
2019-07-03,Ashkelon_IL,CHL,my,0.1461,0.1279,0.09352,0.1908,0.8806
2019-07-04,Ashkelon_IL,CHL,my,0.1247,0.1247,0.1106,0.5353,1
2019-07-05,Ashkelon_IL,CHL,my,0.1396,0.1409,0.1048,0.3458,0.9502
2019-07-07,Ashkelon_IL,CHL,my,0.161,,,,0.4279
2019-07-08,Ashkelon_IL,CHL,my,0.1246,0.1488,0.1198,0.2863,0.9104
2019-07-09,Ashkelon_IL,CHL,my,0.5795,0.655,0.3233,0.7388,0.9502
2019-07-10,Ashkelon_IL,CHL,my,0.4466,0.4466,0.2123,0.921,0.9502
2019-07-11,Ashkelon_IL,CHL,my,0.1936,0.1458,0.1064,0.1936,0.6169
2019-07-12,Ashkelon_IL,CHL,my,0.5675,,,,0.3532
2019-07-13,Ashkelon_IL,CHL,my,0.4768,0.646,0.3928,0.9266,0.8706
2019-07-14,Ashkelon_IL,CHL,my,0.8375,0.7874,0.2823,0.8566,0.9502
2019-07-15,Ashkelon_IL,CHL,my,1.087,1.199,0.6855,1.836,1
2019-07-16,Ashkelon_IL,CHL,my,1.003,0.704,0.3949,1.003,0.806
2019-07-18,Ashkelon_IL,CHL,my,0.5468,0.4744,0.2478,0.7065,0.8806
2019-07-19,Ashkelon_IL,CHL,my,0.4742,0.4742,0.2902,0.9527,1
2019-07-20,Ashkelon_IL,CHL,my,0.1734,0.1734,0.1239,0.6189,0.9502
2019-07-22,Ashkelon_IL,CHL,my,0.431,0.431,0.26,0.4951,0.8806
2019-07-23,Ashkelon_IL,CHL,my,0.3322,0.1651,0.1549,0.6437,0.9104
2019-07-24,Ashkelon_IL,CHL,my,0.2609,0.2609,0.2009,1.031,1
2019-07-25,Ashkelon_IL,CHL,my,0.3373,0.7041,0.3951,1.093,0.9502
2019-07-26,Ashkelon_IL,CHL,my,0.1829,0.1917,0.1536,0.7273,1
2019-07-27,Ashkelon_IL,CHL,my,0.2337,,,,0.4279
2019-07-28,Ashkelon_IL,CHL,my,0.1349,0.1349,0.1231,0.3566,0.9104
2019-07-29,Ashkelon_IL,CHL,my,0.1821,0.2593,0.1518,0.5992,0.9502
2019-07-30,Ashkelon_IL,CHL,my,0.3016,0.2582,0.1621,0.4008,0.8607
2019-07-31,Ashkelon_IL,CHL,my,0.4047,0.4741,0.2868,1.116,0.9602
2019-08-01,Ashkelon_IL,CHL,my,0.1905,0.1905,0.1279,0.418,0.9502
2019-08-02,Ashkelon_IL,CHL,my,0.1724,0.1387,0.09203,0.1724,0.806
2019-08-03,Ashkelon_IL,CHL,my,0.1027,0.1027,0.08712,0.2523,0.9502
2019-08-04,Ashkelon_IL,CHL,my,0.163,0.1495,0.1019,0.2798,0.8806
2019-08-05,Ashkelon_IL,CHL,my,,0.1628,0.09084,0.1929,0.6219
2019-08-07,Ashkelon_IL,CHL,my,0.1108,0.07425,0.0645,0.1108,0.806
2019-08-08,Ashkelon_IL,CHL,my,1.15,1.15,0.4041,1.294,0.9502
2019-08-09,Ashkelon_IL,CHL,my,0.532,0.532,0.3826,1.376,1
2019-08-10,Ashkelon_IL,CHL,my,0.9415,0.6009,0.3131,1.012,0.9104
2019-08-11,Ashkelon_IL,CHL,my,0.2965,0.2965,0.3167,1.597,1
2019-08-12,Ashkelon_IL,CHL,my,0.7059,0.7059,0.2464,0.8822,0.9502
2019-08-13,Ashkelon_IL,CHL,my,0.448,0.448,0.2515,0.6288,0.9502
2019-08-14,Ashkelon_IL,CHL,my,0.3138,,,,0.2886
2019-08-15,Ashkelon_IL,CHL,my,0.09499,0.09007,0.07112,0.1104,0.8806
2019-08-16,Ashkelon_IL,CHL,my,0.07598,0.09708,0.08365,0.1008,0.8806
2019-08-18,Ashkelon_IL,CHL,my,0.09154,0.09154,0.0779,0.148,0.8607
2019-08-19,Ashkelon_IL,CHL,my,0.07456,0.07456,0.07128,0.2849,0.9502
2019-08-20,Ashkelon_IL,CHL,my,0.4667,0.2477,0.2129,0.6725,0.8806
2019-08-21,Ashkelon_IL,CHL,my,0.651,0.651,0.4304,0.9562,0.9502
2019-08-23,Ashkelon_IL,CHL,my,0.4005,0.4005,0.1854,0.5762,0.9502
2019-08-24,Ashkelon_IL,CHL,my,0.08779,0.08779,0.08701,0.3612,0.9502
2019-08-25,Ashkelon_IL,CHL,my,0.06979,0.06979,0.0788,0.2737,1
2019-08-26,Ashkelon_IL,CHL,my,0.5349,0.4118,0.1951,0.6841,0.8806
2019-08-27,Ashkelon_IL,CHL,my,0.2373,0.2373,0.1444,0.4488,0.9502
2019-08-28,Ashkelon_IL,CHL,my,0.1198,0.1198,0.0965,0.3988,0.9502
2019-08-29,Ashkelon_IL,CHL,my,0.1938,0.1878,0.126,0.2293,0.8706
2019-08-30,Ashkelon_IL,CHL,my,0.24,0.3106,0.1528,0.4789,0.6965
2019-08-31,Ashkelon_IL,CHL,my,0.08365,0.07615,0.07363,0.3739,0.9204
2019-09-01,Ashkelon_IL,CHL,my,0.3337,0.3337,0.2448,1.128,1
2019-09-02,Ashkelon_IL,CHL,my,0.4426,0.2519,0.1598,0.4426,0.806
2019-09-03,Ashkelon_IL,CHL,my,0.9841,0.6414,0.2956,1.327,0.9502
2019-09-04,Ashkelon_IL,CHL,my,0.2275,0.2275,0.1723,0.8608,0.9502
2019-09-05,Ashkelon_IL,CHL,my,1.261,1.181,0.389,1.261,0.8607
2019-09-06,Ashkelon_IL,CHL,my,0.935,0.8172,0.4091,1.012,0.8607
2019-09-07,Ashkelon_IL,CHL,my,0.3438,0.3438,0.2032,0.7721,0.9502
2019-09-09,Ashkelon_IL,CHL,my,0.4533,0.4533,0.2278,0.8894,0.9502
2019-09-10,Ashkelon_IL,CHL,my,0.8116,0.4546,0.2519,0.8839,0.8806
2019-09-11,Ashkelon_IL,CHL,my,0.7976,0.7976,0.464,1.304,1
2019-09-12,Ashkelon_IL,CHL,my,0.4952,0.2906,0.2185,0.8688,0.9104
2019-09-13,Ashkelon_IL,CHL,my,0.6464,0.6464,0.3778,1.305,0.9502
2019-09-14,Ashkelon_IL,CHL,my,0.7111,0.7111,0.3349,0.7654,0.607
2019-09-15,Ashkelon_IL,CHL,my,,0.56,0.2919,1.019,0.8109
2019-09-16,Ashkelon_IL,CHL,my,1.041,0.8724,0.4811,1.041,0.5224
2019-09-17,Ashkelon_IL,CHL,my,1.391,1.318,0.5299,2.195,0.9502
2019-09-20,Ashkelon_IL,CHL,my,0.7968,0.491,0.2518,0.7968,0.806
2019-09-21,Ashkelon_IL,CHL,my,0.341,0.341,0.1893,0.5904,0.9502
2019-09-22,Ashkelon_IL,CHL,my,0.3889,0.3321,0.1821,0.4662,0.8806
2019-09-23,Ashkelon_IL,CHL,my,0.5498,0.5942,0.3329,1.097,0.9502
2019-09-24,Ashkelon_IL,CHL,my,0.5348,0.5199,0.2964,1.247,1
2019-09-25,Ashkelon_IL,CHL,my,0.3572,0.3572,0.2176,0.7521,0.9502
2019-09-26,Ashkelon_IL,CHL,my,0.3067,0.3067,0.2068,0.6574,0.9502
2019-09-27,Ashkelon_IL,CHL,my,0.5663,0.5435,0.3114,0.6623,0.8806
2019-09-28,Ashkelon_IL,CHL,my,0.3687,0.5599,0.2628,0.7806,0.6517
2019-09-30,Ashkelon_IL,CHL,my,0.3381,0.3381,0.2313,0.704,1
2019-10-01,Ashkelon_IL,CHL,my,0.5646,0.5646,0.2941,0.6975,0.9502
2019-10-02,Ashkelon_IL,CHL,my,0.4867,0.518,0.333,0.6408,0.9502
2019-10-03,Ashkelon_IL,CHL,my,0.4343,0.2445,0.1816,0.7086,0.9104
2019-10-04,Ashkelon_IL,CHL,my,0.4507,0.3642,0.1409,0.4972,0.9502
2019-10-05,Ashkelon_IL,CHL,my,0.31,0.2644,0.1198,0.31,0.9502
2019-10-06,Ashkelon_IL,CHL,my,0.3797,0.3797,0.2014,0.7914,1
2019-10-07,Ashkelon_IL,CHL,my,0.2036,0.1053,0.1116,0.3597,0.9104
2019-10-08,Ashkelon_IL,CHL,my,0.1794,0.1794,0.1186,0.3708,0.9502
2019-10-09,Ashkelon_IL,CHL,my,0.3123,0.3123,0.1393,0.5029,0.9502
2019-10-11,Ashkelon_IL,CHL,my,0.1641,0.1641,0.1149,0.3329,0.9254
2019-10-12,Ashkelon_IL,CHL,my,0.2467,0.362,0.2235,0.5417,0.5721
2019-10-13,Ashkelon_IL,CHL,my,0.2024,0.2024,0.123,0.361,0.9502
2019-10-14,Ashkelon_IL,CHL,my,0.2129,0.227,0.1721,0.3933,0.9104
2019-10-15,Ashkelon_IL,CHL,my,,0.1264,0.09692,0.2723,0.7015
2019-10-17,Ashkelon_IL,CHL,my,0.4767,,,,0.4279
2019-10-18,Ashkelon_IL,CHL,my,0.6807,,,,0.4577
2019-10-19,Ashkelon_IL,CHL,my,0.7572,0.7572,0.3823,1.177,0.9502
2019-10-20,Ashkelon_IL,CHL,my,0.6661,0.6661,0.3168,1.468,0.9104
2019-10-21,Ashkelon_IL,CHL,my,0.3633,0.3633,0.2385,0.7311,0.9502
2019-10-22,Ashkelon_IL,CHL,my,0.4504,0.4504,0.3042,0.5563,0.6269
2019-10-24,Ashkelon_IL,CHL,my,0.4925,0.4925,0.2604,0.7751,0.9502
2019-10-25,Ashkelon_IL,CHL,my,0.5393,0.4225,0.2075,0.5729,0.9104
2019-10-27,Ashkelon_IL,CHL,my,0.4103,0.3857,0.193,0.5051,0.9502
2019-10-28,Ashkelon_IL,CHL,my,0.4779,0.4673,0.2937,0.4779,0.5622
2019-10-30,Ashkelon_IL,CHL,my,0.8656,0.8434,0.4004,0.9541,0.9104
2019-10-31,Ashkelon_IL,CHL,my,0.9071,0.9071,0.5091,1.165,1
2019-11-01,Ashkelon_IL,CHL,my,0.523,0.523,0.2784,0.632,0.9502
2019-11-02,Ashkelon_IL,CHL,my,0.3592,0.3592,0.2294,0.7644,1
2019-11-03,Ashkelon_IL,CHL,my,0.6294,0.3666,0.1905,0.6294,0.801
2019-11-04,Ashkelon_IL,CHL,my,1.017,0.7189,0.3088,1.017,0.9502
2019-11-05,Ashkelon_IL,CHL,my,0.5581,0.5581,0.35,0.9532,0.9502
2019-11-08,Ashkelon_IL,CHL,my,0.3074,0.3074,0.1953,0.401,0.9104
2019-11-11,Ashkelon_IL,CHL,my,0.3011,0.2847,0.1879,0.8203,0.8856
2019-11-12,Ashkelon_IL,CHL,my,0.5225,0.3086,0.2378,0.9199,0.9104
2019-11-16,Ashkelon_IL,CHL,my,,0.5017,0.2643,0.5566,0.6269
2019-11-17,Ashkelon_IL,CHL,my,,0.6357,0.4124,1.069,0.806
2019-11-18,Ashkelon_IL,CHL,my,0.8397,0.7453,0.4471,1,0.9104
2019-11-19,Ashkelon_IL,CHL,my,0.6804,0.7181,0.4363,0.8905,0.9502
2019-11-20,Ashkelon_IL,CHL,my,0.3872,0.3466,0.2934,0.778,0.9104
2019-11-21,Ashkelon_IL,CHL,my,0.2492,0.2492,0.2018,0.344,0.7711
2019-11-22,Ashkelon_IL,CHL,my,0.2087,0.2089,0.173,0.3347,0.9104
2019-11-23,Ashkelon_IL,CHL,my,0.1781,0.1781,0.162,0.5576,1
2019-11-24,Ashkelon_IL,CHL,my,,0.08787,0.08026,0.09537,0.597
2019-11-25,Ashkelon_IL,CHL,my,0.1131,0.1436,0.1224,0.1588,0.8806
2019-11-26,Ashkelon_IL,CHL,my,0.2879,,,,0.2836
2019-11-27,Ashkelon_IL,CHL,my,0.2887,0.3381,0.2153,0.3827,0.9502
2019-11-28,Ashkelon_IL,CHL,my,0.8399,0.8399,0.4441,0.9551,1
2019-11-29,Ashkelon_IL,CHL,my,0.2829,0.3269,0.2332,0.7725,0.9502
2019-11-30,Ashkelon_IL,CHL,my,0.1619,0.1721,0.1464,0.219,0.8806
2019-12-01,Ashkelon_IL,CHL,my,0.2419,0.2419,0.142,0.334,0.9502
2019-12-03,Ashkelon_IL,CHL,my,0.152,0.1625,0.1485,0.2843,0.9502
2019-12-04,Ashkelon_IL,CHL,my,0.3786,0.3786,0.2739,0.4624,0.7463
2019-12-05,Ashkelon_IL,CHL,my,0.3965,0.3965,0.2474,0.7197,1
2019-12-06,Ashkelon_IL,CHL,my,0.2266,0.2266,0.1762,0.3976,0.7313
2019-12-07,Ashkelon_IL,CHL,my,0.438,0.438,0.2102,0.4494,0.8408
2019-12-10,Ashkelon_IL,CHL,my,0.24,0.24,0.1939,0.3641,0.9104
2019-12-14,Ashkelon_IL,CHL,my,0.5486,0.5454,0.3557,0.6422,0.9204
2019-12-16,Ashkelon_IL,CHL,my,0.4009,0.2355,0.1813,0.4608,0.9303
2019-12-17,Ashkelon_IL,CHL,my,0.1659,0.161,0.1415,0.2499,0.9104
2019-12-18,Ashkelon_IL,CHL,my,0.3194,0.336,0.2799,0.5902,1
2019-12-19,Ashkelon_IL,CHL,my,0.3377,0.2324,0.2029,0.482,0.9104
2019-12-20,Ashkelon_IL,CHL,my,0.5536,0.3931,0.286,0.5536,0.9502
2019-12-21,Ashkelon_IL,CHL,my,0.2162,0.2338,0.1655,0.4536,1
2019-12-22,Ashkelon_IL,CHL,my,0.2546,0.2546,0.1559,0.3008,0.9104
2019-12-23,Ashkelon_IL,CHL,my,0.3476,,,,0.2139
2019-12-24,Ashkelon_IL,CHL,my,0.8911,0.835,0.504,0.9074,0.9502
2019-12-29,Ashkelon_IL,CHL,my,0.3159,0.3159,0.2511,0.7639,1
2019-12-30,Ashkelon_IL,CHL,my,0.2549,0.2549,0.1997,0.3633,0.9502
2019-12-31,Ashkelon_IL,CHL,my,0.3858,0.3656,0.2274,0.5317,0.8557
2019-01-01,Bardawil_off,CHL,my,2.265,2.036,1.783,3.013,1
2019-01-03,Bardawil_off,CHL,my,6.254,6.144,4.673,6.556,0.978
2019-01-04,Bardawil_off,CHL,my,4.205,3.732,2.882,4.205,1
2019-01-05,Bardawil_off,CHL,my,4.084,3.979,2.63,4.468,1
2019-01-07,Bardawil_off,CHL,my,,8.466,5.486,8.983,0.7527
2019-01-08,Bardawil_off,CHL,my,7.635,7.635,5.652,7.752,0.5659
2019-01-09,Bardawil_off,CHL,my,6.582,7.012,4.812,7.184,0.6044
2019-01-10,Bardawil_off,CHL,my,2.162,1.948,1.829,3.088,1
2019-01-11,Bardawil_off,CHL,my,1.498,1.63,1.345,1.688,1
2019-01-12,Bardawil_off,CHL,my,1.446,1.479,1.274,1.582,1
2019-01-15,Bardawil_off,CHL,my,3.454,4.12,3.095,4.457,0.9396
2019-01-18,Bardawil_off,CHL,my,3.462,3.484,2.776,3.801,0.8132
2019-01-19,Bardawil_off,CHL,my,1.684,1.719,1.667,1.735,0.7527
2019-01-21,Bardawil_off,CHL,my,,1.804,1.369,2.125,0.8132
2019-01-25,Bardawil_off,CHL,my,2.127,2.149,1.749,2.211,1
2019-01-26,Bardawil_off,CHL,my,1.885,1.98,1.507,2.157,1
2019-01-28,Bardawil_off,CHL,my,3.793,3.995,3.08,4.428,1
2019-01-29,Bardawil_off,CHL,my,2.33,2.405,2.018,2.862,1
2019-01-31,Bardawil_off,CHL,my,2.575,2.442,1.73,2.815,1
2019-02-01,Bardawil_off,CHL,my,2.768,2.511,1.729,3.026,1
2019-02-02,Bardawil_off,CHL,my,1.774,1.774,1.283,1.959,1
2019-02-03,Bardawil_off,CHL,my,1.756,1.748,1.173,1.958,1
2019-02-04,Bardawil_off,CHL,my,2.21,1.824,1.257,2.489,1
2019-02-08,Bardawil_off,CHL,my,2.062,1.962,1.51,2.077,1
2019-02-09,Bardawil_off,CHL,my,1.929,1.715,1.513,2.02,1
2019-02-11,Bardawil_off,CHL,my,2.116,2.116,1.614,2.34,0.8791
2019-02-12,Bardawil_off,CHL,my,1.871,1.666,1.231,2.053,1
2019-02-13,Bardawil_off,CHL,my,1.469,1.393,0.7729,1.715,1
2019-02-14,Bardawil_off,CHL,my,,1.226,1.025,1.423,0.5055
2019-02-16,Bardawil_off,CHL,my,4.182,3.223,2.16,4.182,1
2019-02-17,Bardawil_off,CHL,my,2.156,1.847,1.566,2.156,0.8077
2019-02-19,Bardawil_off,CHL,my,1.531,1.531,1.061,1.621,0.8736
2019-02-20,Bardawil_off,CHL,my,1.608,1.603,1.199,1.667,0.6868
2019-02-21,Bardawil_off,CHL,my,1.947,1.935,1.473,2.104,1
2019-02-23,Bardawil_off,CHL,my,2.772,2.745,1.339,2.801,1
2019-03-02,Bardawil_off,CHL,my,3.777,5.654,4.116,5.963,1
2019-03-03,Bardawil_off,CHL,my,3.884,3.634,2.83,4.081,1
2019-03-04,Bardawil_off,CHL,my,3.334,3.635,2.695,3.728,1
2019-03-06,Bardawil_off,CHL,my,1.73,1.889,1.501,1.921,1
2019-03-07,Bardawil_off,CHL,my,1.64,1.64,1.394,1.699,0.7473
2019-03-08,Bardawil_off,CHL,my,1.751,1.652,1.48,1.798,1
2019-03-09,Bardawil_off,CHL,my,2.011,1.813,1.408,2.289,1
2019-03-10,Bardawil_off,CHL,my,2.212,1.948,1.524,2.446,1
2019-03-11,Bardawil_off,CHL,my,2.035,1.634,1.269,2.035,1
2019-03-13,Bardawil_off,CHL,my,1.558,1.525,1.209,1.678,1
2019-03-14,Bardawil_off,CHL,my,2.993,2.748,2.005,3.028,1
2019-03-15,Bardawil_off,CHL,my,1.842,1.752,1.606,1.919,1
2019-03-17,Bardawil_off,CHL,my,6.082,5.834,4.566,6.082,1
2019-03-18,Bardawil_off,CHL,my,1.853,1.957,1.785,1.984,1
2019-03-19,Bardawil_off,CHL,my,1.954,1.978,1.873,2.052,1
2019-03-21,Bardawil_off,CHL,my,,1.496,1.018,1.586,0.6209
2019-03-22,Bardawil_off,CHL,my,1.834,1.748,1.27,1.931,1
2019-03-25,Bardawil_off,CHL,my,3.822,3.788,2.899,3.998,1
2019-03-26,Bardawil_off,CHL,my,2.212,2.173,1.816,2.212,1
2019-03-27,Bardawil_off,CHL,my,3.433,3.265,2.445,3.447,1
2019-03-28,Bardawil_off,CHL,my,2.248,2.166,1.769,2.29,1
2019-04-02,Bardawil_off,CHL,my,3.44,2.974,2.278,3.44,1
2019-04-03,Bardawil_off,CHL,my,2.279,1.979,1.736,2.279,1
2019-04-05,Bardawil_off,CHL,my,2.209,,,,0.1264
2019-04-07,Bardawil_off,CHL,my,,1.467,1.248,1.567,0.6868
2019-04-10,Bardawil_off,CHL,my,1.672,1.701,1.365,1.792,1
2019-04-11,Bardawil_off,CHL,my,1.691,1.484,1.197,1.914,1
2019-04-12,Bardawil_off,CHL,my,2.243,1.753,1.402,2.243,1
2019-04-14,Bardawil_off,CHL,my,2.374,1.905,1.519,2.414,0.6648
2019-04-16,Bardawil_off,CHL,my,1.985,1.911,1.526,2.046,1
2019-04-17,Bardawil_off,CHL,my,1.878,,,,0.4945
2019-04-18,Bardawil_off,CHL,my,2.051,1.962,1.71,2.095,0.8791
2019-04-19,Bardawil_off,CHL,my,4.191,3.943,2.626,4.277,1
2019-04-20,Bardawil_off,CHL,my,3.854,3.444,2.28,3.936,1
2019-04-21,Bardawil_off,CHL,my,6.35,5.599,4.177,6.35,0.8132
2019-04-22,Bardawil_off,CHL,my,4.598,4.491,3.35,4.598,0.5714
2019-04-23,Bardawil_off,CHL,my,3.881,3.43,2.456,3.881,1
2019-04-27,Bardawil_off,CHL,my,2.292,2.011,1.729,2.451,1
2019-04-29,Bardawil_off,CHL,my,,1.642,1.264,1.697,0.6099
2019-05-03,Bardawil_off,CHL,my,1.674,1.454,1.281,1.945,1
2019-05-04,Bardawil_off,CHL,my,1.558,1.344,1.109,1.651,1
2019-05-05,Bardawil_off,CHL,my,2.023,1.853,1.385,2.122,1
2019-05-07,Bardawil_off,CHL,my,1.885,1.599,1.415,2.12,1
2019-05-08,Bardawil_off,CHL,my,1.699,1.673,1.285,1.903,0.8736
2019-05-09,Bardawil_off,CHL,my,1.795,1.677,1.37,1.86,1
2019-05-10,Bardawil_off,CHL,my,1.861,1.66,1.318,1.927,1
2019-05-11,Bardawil_off,CHL,my,1.931,1.691,1.384,2.037,1
2019-05-12,Bardawil_off,CHL,my,1.793,1.535,1.395,1.868,1
2019-05-13,Bardawil_off,CHL,my,2.017,1.91,1.611,2.123,1
2019-05-14,Bardawil_off,CHL,my,1.952,1.741,1.46,2.009,1
2019-05-15,Bardawil_off,CHL,my,1.705,1.655,1.347,1.785,1
2019-05-16,Bardawil_off,CHL,my,2.022,1.885,1.37,2.059,1
2019-05-17,Bardawil_off,CHL,my,1.838,1.522,1.196,1.856,1
2019-05-18,Bardawil_off,CHL,my,2.185,1.94,1.364,2.367,1
2019-05-19,Bardawil_off,CHL,my,1.959,1.632,1.134,2.02,0.956
2019-05-20,Bardawil_off,CHL,my,2.005,1.839,1.257,2.115,1
2019-05-21,Bardawil_off,CHL,my,2.124,1.954,1.421,2.211,1
2019-05-22,Bardawil_off,CHL,my,2.027,1.812,1.287,2.174,1
2019-05-26,Bardawil_off,CHL,my,1.812,1.423,0.9842,1.812,0.8736
2019-05-27,Bardawil_off,CHL,my,1.823,1.605,1.012,1.947,1
2019-05-28,Bardawil_off,CHL,my,1.7,1.512,0.8497,1.751,1
2019-05-29,Bardawil_off,CHL,my,1.711,1.474,0.9174,1.844,1
2019-05-30,Bardawil_off,CHL,my,1.302,1.05,0.7522,1.302,0.9341
2019-06-01,Bardawil_off,CHL,my,1.819,1.566,1.16,2.001,1
2019-06-02,Bardawil_off,CHL,my,1.778,1.601,1.155,1.869,1
2019-06-03,Bardawil_off,CHL,my,1.955,1.842,1.254,2.041,1
2019-06-07,Bardawil_off,CHL,my,2.053,1.488,1.034,2.146,1
2019-06-08,Bardawil_off,CHL,my,,1.175,0.638,1.34,0.6209
2019-06-09,Bardawil_off,CHL,my,,1.364,0.8718,1.521,0.8736
2019-06-10,Bardawil_off,CHL,my,1.559,1.326,0.8503,1.559,1
2019-06-11,Bardawil_off,CHL,my,1.337,1.161,0.7022,1.437,1
2019-06-12,Bardawil_off,CHL,my,1.28,1.198,0.77,1.368,1
2019-06-13,Bardawil_off,CHL,my,1.376,1.384,0.9825,1.637,1
2019-06-14,Bardawil_off,CHL,my,1.596,1.548,1.046,1.761,0.9341
2019-06-15,Bardawil_off,CHL,my,2.249,1.978,1.216,2.249,1
2019-06-16,Bardawil_off,CHL,my,1.851,1.483,0.9969,1.954,1
2019-06-17,Bardawil_off,CHL,my,1.941,1.766,1.304,2.01,0.8187
2019-06-18,Bardawil_off,CHL,my,1.968,1.832,1.196,2.139,1
2019-06-19,Bardawil_off,CHL,my,2.098,1.577,1.124,2.098,1
2019-06-20,Bardawil_off,CHL,my,1.423,1.266,0.8296,1.767,1
2019-06-22,Bardawil_off,CHL,my,1.685,1.638,0.9614,1.728,1
2019-06-23,Bardawil_off,CHL,my,1.77,1.732,1.162,1.853,1
2019-06-24,Bardawil_off,CHL,my,1.734,1.682,1.166,1.76,1
2019-06-25,Bardawil_off,CHL,my,1.785,1.685,1.231,1.826,0.978
2019-06-26,Bardawil_off,CHL,my,1.676,1.213,0.8999,1.783,1
2019-06-27,Bardawil_off,CHL,my,1.284,1.228,0.797,1.389,1
2019-06-28,Bardawil_off,CHL,my,1.471,,,,0.3736
2019-06-29,Bardawil_off,CHL,my,1.693,1.461,1.087,1.837,1
2019-06-30,Bardawil_off,CHL,my,1.42,1.409,0.9898,1.497,0.7473
2019-07-01,Bardawil_off,CHL,my,1.754,1.499,0.993,1.754,1
2019-07-02,Bardawil_off,CHL,my,1.739,1.608,1.052,1.776,1
2019-07-03,Bardawil_off,CHL,my,,1.473,1.044,1.646,0.9231
2019-07-04,Bardawil_off,CHL,my,1.745,1.405,0.9107,1.92,1
2019-07-05,Bardawil_off,CHL,my,1.684,1.379,0.936,1.74,1
2019-07-06,Bardawil_off,CHL,my,1.509,1.441,0.9816,1.624,1
2019-07-07,Bardawil_off,CHL,my,1.475,1.474,1.021,1.581,1
2019-07-08,Bardawil_off,CHL,my,1.69,1.623,1.185,1.69,1
2019-07-09,Bardawil_off,CHL,my,1.824,1.733,1.324,1.84,1
2019-07-10,Bardawil_off,CHL,my,1.766,1.659,1.295,1.766,1
2019-07-11,Bardawil_off,CHL,my,2.047,1.84,1.399,2.047,0.9341
2019-07-13,Bardawil_off,CHL,my,3.207,2.088,1.807,3.393,1
2019-07-14,Bardawil_off,CHL,my,2.119,1.999,1.607,2.129,1
2019-07-15,Bardawil_off,CHL,my,2.102,2.024,1.701,2.115,1
2019-07-19,Bardawil_off,CHL,my,1.936,1.879,1.545,1.949,1
2019-07-20,Bardawil_off,CHL,my,2.091,1.998,1.6,2.109,0.9121
2019-07-21,Bardawil_off,CHL,my,2.034,2.022,1.575,2.09,0.8297
2019-07-22,Bardawil_off,CHL,my,2.198,2.071,1.673,2.198,1
2019-07-23,Bardawil_off,CHL,my,2.04,1.903,1.609,2.063,1
2019-07-24,Bardawil_off,CHL,my,2.167,2.153,1.731,2.215,1
2019-07-25,Bardawil_off,CHL,my,1.814,1.814,1.45,1.866,1
2019-07-26,Bardawil_off,CHL,my,1.912,1.849,1.279,1.912,1
2019-07-27,Bardawil_off,CHL,my,1.806,1.599,1.187,1.893,0.8736
2019-07-28,Bardawil_off,CHL,my,1.615,1.496,1.097,1.786,1
2019-07-29,Bardawil_off,CHL,my,2.199,2.064,1.478,2.349,1
2019-07-30,Bardawil_off,CHL,my,2.124,1.929,1.422,2.152,1
2019-07-31,Bardawil_off,CHL,my,2.266,2.063,1.395,2.333,1
2019-08-01,Bardawil_off,CHL,my,2.079,1.845,1.309,2.125,1
2019-08-02,Bardawil_off,CHL,my,2.022,1.807,1.283,2.097,1
2019-08-03,Bardawil_off,CHL,my,1.961,1.735,1.26,1.961,0.9341
2019-08-04,Bardawil_off,CHL,my,1.888,1.768,1.364,1.918,0.9396
2019-08-05,Bardawil_off,CHL,my,,1.472,1.107,1.535,0.6209
2019-08-06,Bardawil_off,CHL,my,,1.712,1.334,1.945,0.7473
2019-08-07,Bardawil_off,CHL,my,2.355,2.313,1.621,2.409,1
2019-08-08,Bardawil_off,CHL,my,2.128,2.069,1.537,2.187,1
2019-08-09,Bardawil_off,CHL,my,2.119,1.943,1.442,2.119,1
2019-08-10,Bardawil_off,CHL,my,2.154,2.019,1.481,2.154,1
2019-08-11,Bardawil_off,CHL,my,2.006,1.996,1.587,2.066,1
2019-08-12,Bardawil_off,CHL,my,2.056,2.01,1.402,2.109,1
2019-08-13,Bardawil_off,CHL,my,1.664,1.638,1.318,1.847,1
2019-08-14,Bardawil_off,CHL,my,1.868,1.867,1.399,1.905,1
2019-08-15,Bardawil_off,CHL,my,1.929,1.596,1.319,2.136,1
2019-08-16,Bardawil_off,CHL,my,1.863,1.559,1.287,2.126,1
2019-08-17,Bardawil_off,CHL,my,1.634,,,,0.3077
2019-08-18,Bardawil_off,CHL,my,1.311,1.337,1.04,1.522,0.9341
2019-08-19,Bardawil_off,CHL,my,1.941,1.922,1.62,2.967,1
2019-08-20,Bardawil_off,CHL,my,1.86,1.824,1.504,1.871,0.9396
2019-08-21,Bardawil_off,CHL,my,2.144,2.147,1.752,2.216,1
2019-08-22,Bardawil_off,CHL,my,2.205,2.038,1.539,2.205,0.6264
2019-08-23,Bardawil_off,CHL,my,1.628,1.659,1.334,1.849,1
2019-08-24,Bardawil_off,CHL,my,1.696,1.555,1.324,2.324,1
2019-08-25,Bardawil_off,CHL,my,1.633,1.606,1.372,1.902,1
2019-08-26,Bardawil_off,CHL,my,1.809,1.52,1.298,1.869,1
2019-08-27,Bardawil_off,CHL,my,2.012,1.549,1.32,2.012,1
2019-08-28,Bardawil_off,CHL,my,1.565,1.517,1.213,1.654,1
2019-08-29,Bardawil_off,CHL,my,1.753,1.748,1.356,1.81,1
2019-08-30,Bardawil_off,CHL,my,2.322,2.102,1.479,2.348,0.978
2019-08-31,Bardawil_off,CHL,my,1.946,1.814,1.377,1.946,1
2019-09-01,Bardawil_off,CHL,my,2.198,2.034,1.481,2.198,1
2019-09-02,Bardawil_off,CHL,my,2.502,2.368,1.685,2.502,1
2019-09-03,Bardawil_off,CHL,my,2.261,2.14,1.646,2.261,1
2019-09-04,Bardawil_off,CHL,my,1.646,1.56,1.262,1.654,0.9341
2019-09-05,Bardawil_off,CHL,my,2.15,1.913,1.468,2.339,1
2019-09-09,Bardawil_off,CHL,my,2.057,2.043,1.582,2.066,0.8132
2019-09-11,Bardawil_off,CHL,my,2.32,2.163,1.666,2.32,1
2019-09-12,Bardawil_off,CHL,my,2.089,1.671,1.448,2.14,0.7527
2019-09-13,Bardawil_off,CHL,my,2.274,2.274,1.602,2.379,1
2019-09-14,Bardawil_off,CHL,my,2.294,2.192,1.584,2.294,1
2019-09-15,Bardawil_off,CHL,my,2.101,,,,0.1923
2019-09-16,Bardawil_off,CHL,my,3.26,3.243,2.405,3.364,0.6264
2019-09-17,Bardawil_off,CHL,my,3.649,2.301,1.893,3.708,1
2019-09-18,Bardawil_off,CHL,my,2.487,1.975,1.595,2.487,0.978
2019-09-19,Bardawil_off,CHL,my,2.101,,,,0.4396
2019-09-20,Bardawil_off,CHL,my,,1.615,1.272,1.868,0.7637
2019-09-21,Bardawil_off,CHL,my,2.209,1.992,1.47,2.26,1
2019-09-23,Bardawil_off,CHL,my,,2.048,1.637,2.163,0.8736
2019-09-24,Bardawil_off,CHL,my,2.334,2.457,2.102,2.626,0.8132
2019-09-25,Bardawil_off,CHL,my,2.308,2.792,2.2,2.875,1
2019-09-26,Bardawil_off,CHL,my,2.403,2.906,2.394,3.033,1
2019-09-27,Bardawil_off,CHL,my,1.853,2.265,1.849,2.47,1
2019-09-28,Bardawil_off,CHL,my,1.872,2.149,1.677,2.4,1
2019-09-30,Bardawil_off,CHL,my,1.654,1.838,1.501,1.95,1
2019-10-01,Bardawil_off,CHL,my,1.709,1.684,1.376,1.788,1
2019-10-02,Bardawil_off,CHL,my,1.59,1.548,1.314,1.81,1
2019-10-03,Bardawil_off,CHL,my,2.145,1.841,1.473,2.158,1
2019-10-04,Bardawil_off,CHL,my,1.748,1.457,1.118,1.809,1
2019-10-05,Bardawil_off,CHL,my,1.563,1.458,1.208,1.59,1
2019-10-06,Bardawil_off,CHL,my,1.501,1.501,1.431,1.581,0.5
2019-10-07,Bardawil_off,CHL,my,1.746,1.249,1.159,2.303,1
2019-10-08,Bardawil_off,CHL,my,1.483,1.48,1.12,1.731,1
2019-10-09,Bardawil_off,CHL,my,1.642,1.429,1.093,1.696,1
2019-10-11,Bardawil_off,CHL,my,1.433,1.327,1.134,1.433,1
2019-10-12,Bardawil_off,CHL,my,1.48,1.417,1.051,1.48,1
2019-10-13,Bardawil_off,CHL,my,1.388,1.218,1.016,1.47,1
2019-10-14,Bardawil_off,CHL,my,1.518,1.42,1.129,1.546,1
2019-10-16,Bardawil_off,CHL,my,1.871,1.792,1.363,1.871,0.5769
2019-10-17,Bardawil_off,CHL,my,1.8,1.554,1.06,1.8,0.7033
2019-10-18,Bardawil_off,CHL,my,1.748,1.415,0.943,1.83,0.9341
2019-10-19,Bardawil_off,CHL,my,2.413,1.722,1.224,2.688,1
2019-10-20,Bardawil_off,CHL,my,2.11,1.635,1.161,2.326,1
2019-10-23,Bardawil_off,CHL,my,,1.534,1.224,1.672,0.8736
2019-10-24,Bardawil_off,CHL,my,1.874,1.874,1.628,2.015,0.5
2019-10-25,Bardawil_off,CHL,my,1.964,,,,0.3791
2019-10-27,Bardawil_off,CHL,my,1.895,1.829,1.29,1.895,0.5495
2019-10-28,Bardawil_off,CHL,my,2.328,2.105,1.921,2.389,0.6868
2019-10-30,Bardawil_off,CHL,my,2.271,2.271,1.639,2.364,0.5659
2019-10-31,Bardawil_off,CHL,my,1.832,1.772,1.312,1.885,0.8077
2019-11-01,Bardawil_off,CHL,my,2.071,1.683,1.37,2.115,1
2019-11-02,Bardawil_off,CHL,my,3.651,3.25,1.813,3.651,1
2019-11-03,Bardawil_off,CHL,my,2.229,1.375,1.191,2.333,1
2019-11-04,Bardawil_off,CHL,my,1.477,1.477,1.097,1.597,1
2019-11-05,Bardawil_off,CHL,my,1.442,1.385,1.19,1.519,1
2019-11-08,Bardawil_off,CHL,my,1.973,1.479,1.294,1.973,0.7473
2019-11-09,Bardawil_off,CHL,my,1.749,1.481,1.222,2.028,1
2019-11-11,Bardawil_off,CHL,my,2.379,2.091,1.233,2.379,0.978
2019-11-12,Bardawil_off,CHL,my,2.149,1.5,1.285,2.619,1
2019-11-13,Bardawil_off,CHL,my,1.936,1.852,1.369,2.003,1
2019-11-14,Bardawil_off,CHL,my,2.252,1.774,1.379,2.483,1
2019-11-15,Bardawil_off,CHL,my,2.437,2.429,1.659,2.551,0.8736
2019-11-16,Bardawil_off,CHL,my,2.657,,,,0.1044
2019-11-17,Bardawil_off,CHL,my,2.624,2.454,1.685,2.885,1
2019-11-19,Bardawil_off,CHL,my,4.301,3.831,3.025,4.301,1
2019-11-20,Bardawil_off,CHL,my,3.541,3.237,2.165,3.541,1
2019-11-21,Bardawil_off,CHL,my,1.911,1.823,1.42,2.081,1
2019-11-22,Bardawil_off,CHL,my,1.674,1.573,1.115,1.794,1
2019-11-23,Bardawil_off,CHL,my,1.503,1.503,1.121,1.543,0.5604
2019-11-24,Bardawil_off,CHL,my,1.177,1.134,0.7476,1.327,0.6154
2019-11-25,Bardawil_off,CHL,my,1.673,1.323,0.922,1.763,1
2019-11-26,Bardawil_off,CHL,my,1.416,1.331,1.036,1.564,1
2019-11-27,Bardawil_off,CHL,my,3.71,2.106,1.807,5.099,1
2019-11-28,Bardawil_off,CHL,my,2.371,2.371,1.697,2.529,1
2019-11-29,Bardawil_off,CHL,my,1.609,1.607,0.9899,1.633,0.9396
2019-11-30,Bardawil_off,CHL,my,1.193,1.225,0.7955,1.4,1
2019-12-01,Bardawil_off,CHL,my,,1.285,0.9853,1.296,0.5604
2019-12-02,Bardawil_off,CHL,my,2.329,2.23,1.723,2.505,1
2019-12-03,Bardawil_off,CHL,my,1.851,1.796,1.426,1.916,1
2019-12-05,Bardawil_off,CHL,my,1.889,1.889,1.152,1.912,1
2019-12-06,Bardawil_off,CHL,my,2.383,2.31,1.583,2.528,0.956
2019-12-07,Bardawil_off,CHL,my,1.737,1.9,1.721,2.039,0.7308
2019-12-08,Bardawil_off,CHL,my,2.179,,,,0.3791
2019-12-12,Bardawil_off,CHL,my,2.79,2.624,1.693,2.79,0.6264
2019-12-16,Bardawil_off,CHL,my,2.262,2.262,2.13,2.595,0.5
2019-12-17,Bardawil_off,CHL,my,,1.418,0.9505,1.638,0.5549
2019-12-18,Bardawil_off,CHL,my,2.127,1.83,1.365,2.343,1
2019-12-19,Bardawil_off,CHL,my,2.327,2.028,1.43,2.5,1
2019-12-20,Bardawil_off,CHL,my,2.491,2.004,1.526,2.888,1
2019-12-21,Bardawil_off,CHL,my,2.344,1.795,1.336,2.637,0.8626
2019-12-22,Bardawil_off,CHL,my,1.844,1.593,1.212,3.16,0.8791
2019-12-23,Bardawil_off,CHL,my,1.731,1.556,1.378,2.048,0.7527
2019-12-24,Bardawil_off,CHL,my,6.224,6.224,4.348,6.907,1
2019-12-28,Bardawil_off,CHL,my,9.845,10.06,7.913,10.52,1
2019-12-29,Bardawil_off,CHL,my,6.989,6.908,5.899,7.332,1
2019-12-30,Bardawil_off,CHL,my,6.149,5.013,3.853,6.288,1
2019-12-31,Bardawil_off,CHL,my,5.004,5.413,4.224,6.112,1
2019-01-01,Damietta_mouth,CHL,my,,1.642,1.424,1.783,0.6923
2019-01-03,Damietta_mouth,CHL,my,4.727,4.496,2.549,4.931,1
2019-01-04,Damietta_mouth,CHL,my,4.183,4.201,2.784,4.964,1
2019-01-05,Damietta_mouth,CHL,my,3.376,3.295,2.492,3.487,0.6758
2019-01-07,Damietta_mouth,CHL,my,5.701,5.701,4.192,6.231,1
2019-01-08,Damietta_mouth,CHL,my,1.953,,,,0.1813
2019-01-10,Damietta_mouth,CHL,my,2.076,2.015,1.668,2.077,1
2019-01-11,Damietta_mouth,CHL,my,1.988,1.983,1.284,2.18,1
2019-01-12,Damietta_mouth,CHL,my,1.915,1.914,1.618,2.071,1
2019-01-13,Damietta_mouth,CHL,my,,3.599,2.253,3.642,0.5055
2019-01-15,Damietta_mouth,CHL,my,7.637,7.584,5.515,7.742,0.9396
2019-01-18,Damietta_mouth,CHL,my,3.261,3.061,2.247,3.899,1
2019-01-19,Damietta_mouth,CHL,my,2.208,,,,0.4341
2019-01-21,Damietta_mouth,CHL,my,2.445,1.96,1.579,2.445,0.8187
2019-01-22,Damietta_mouth,CHL,my,2.303,2.195,1.839,2.303,0.6154
2019-01-23,Damietta_mouth,CHL,my,6.301,2.259,2.481,12.34,1
2019-01-25,Damietta_mouth,CHL,my,2.815,2.589,2.024,4.689,1
2019-01-28,Damietta_mouth,CHL,my,4.64,3.998,2.761,4.64,0.9396
2019-01-29,Damietta_mouth,CHL,my,2.213,1.96,1.76,2.295,1
2019-01-30,Damietta_mouth,CHL,my,2.532,2.251,1.787,2.693,1
2019-01-31,Damietta_mouth,CHL,my,2.646,2.163,1.863,2.878,1
2019-02-02,Damietta_mouth,CHL,my,2.19,1.88,1.321,2.552,1
2019-02-03,Damietta_mouth,CHL,my,2.248,2.139,1.444,2.775,1
2019-02-04,Damietta_mouth,CHL,my,8.034,2.85,2.536,9.776,1
2019-02-08,Damietta_mouth,CHL,my,3.219,2.666,2.023,6.931,1
2019-02-10,Damietta_mouth,CHL,my,,1.844,1.37,1.944,0.8187
2019-02-11,Damietta_mouth,CHL,my,2.744,2.01,1.487,2.878,1
2019-02-12,Damietta_mouth,CHL,my,1.969,1.787,1.26,2.195,1
2019-02-13,Damietta_mouth,CHL,my,7.04,3.358,2.446,7.04,0.8132
2019-02-16,Damietta_mouth,CHL,my,3.575,3.314,2.231,3.676,1
2019-02-17,Damietta_mouth,CHL,my,,2.03,1.726,2.427,0.7527
2019-02-18,Damietta_mouth,CHL,my,,1.505,1.248,1.566,0.6319
2019-02-19,Damietta_mouth,CHL,my,1.672,1.521,1.254,1.75,1
2019-02-20,Damietta_mouth,CHL,my,1.83,1.603,0.9491,2.056,1
2019-02-22,Damietta_mouth,CHL,my,1.742,1.44,0.9608,2.104,0.989
2019-02-23,Damietta_mouth,CHL,my,1.846,1.243,0.7898,2.155,0.8132
2019-03-02,Damietta_mouth,CHL,my,6.238,6.128,4.36,6.446,1
2019-03-03,Damietta_mouth,CHL,my,4.845,4.652,2.941,4.845,1
2019-03-04,Damietta_mouth,CHL,my,3.493,3.478,2.271,3.493,0.6868
2019-03-06,Damietta_mouth,CHL,my,2.098,1.901,1.376,2.112,1
2019-03-07,Damietta_mouth,CHL,my,1.988,1.845,1.564,2.067,0.8791
2019-03-08,Damietta_mouth,CHL,my,2.055,1.783,1.578,2.417,0.9286
2019-03-09,Damietta_mouth,CHL,my,2.866,1.741,1.555,2.877,1
2019-03-10,Damietta_mouth,CHL,my,2.987,2.871,1.939,3.39,0.8626
2019-03-11,Damietta_mouth,CHL,my,1.963,1.703,1.252,2.033,1
2019-03-14,Damietta_mouth,CHL,my,4.917,4.3,2.92,5.131,1
2019-03-15,Damietta_mouth,CHL,my,4.107,4.107,2.717,4.734,1
2019-03-16,Damietta_mouth,CHL,my,5.433,4.803,3.402,5.509,1
2019-03-17,Damietta_mouth,CHL,my,5.512,5.538,3.821,5.842,1
2019-03-18,Damietta_mouth,CHL,my,1.782,1.696,1.553,1.908,1
2019-03-19,Damietta_mouth,CHL,my,1.952,1.797,1.525,2.102,1
2019-03-20,Damietta_mouth,CHL,my,2.382,1.942,1.634,2.633,1
2019-03-21,Damietta_mouth,CHL,my,1.811,1.769,1.432,2.133,1
2019-03-22,Damietta_mouth,CHL,my,1.961,1.596,1.24,2.47,1
2019-03-25,Damietta_mouth,CHL,my,2.381,2.311,1.76,3.362,1
2019-03-27,Damietta_mouth,CHL,my,3.014,2.05,1.669,3.03,1
2019-04-02,Damietta_mouth,CHL,my,3.425,3.34,2.215,3.542,1
2019-04-03,Damietta_mouth,CHL,my,2.459,2.197,1.731,2.459,1
2019-04-05,Damietta_mouth,CHL,my,,2.054,1.481,2.207,0.8187
2019-04-06,Damietta_mouth,CHL,my,2.126,1.973,1.514,2.292,1
2019-04-07,Damietta_mouth,CHL,my,2.675,,,,0.2473
2019-04-09,Damietta_mouth,CHL,my,2.359,2.295,1.358,2.425,0.8736
2019-04-10,Damietta_mouth,CHL,my,4.613,3.639,2.042,4.613,1
2019-04-11,Damietta_mouth,CHL,my,3.316,2.397,1.576,4.008,1
2019-04-12,Damietta_mouth,CHL,my,4.39,2.948,2.055,5.282,1
2019-04-14,Damietta_mouth,CHL,my,4.113,3.586,2.046,4.13,0.9341
2019-04-17,Damietta_mouth,CHL,my,2.651,2.413,1.705,2.76,1
2019-04-18,Damietta_mouth,CHL,my,2.387,2.12,1.649,3.985,1
2019-04-20,Damietta_mouth,CHL,my,3.668,,,,0.2473
2019-04-23,Damietta_mouth,CHL,my,4.151,2.673,2.142,4.151,0.9396
2019-04-27,Damietta_mouth,CHL,my,2.862,2.384,1.55,3.105,1
2019-04-29,Damietta_mouth,CHL,my,2.399,2.097,1.493,2.673,0.9396
2019-05-03,Damietta_mouth,CHL,my,2.291,1.817,1.272,2.305,1
2019-05-04,Damietta_mouth,CHL,my,1.797,1.539,1.142,2.573,1
2019-05-07,Damietta_mouth,CHL,my,2.262,1.931,1.226,2.433,1
2019-05-08,Damietta_mouth,CHL,my,1.922,1.576,0.9372,2.279,1
2019-05-09,Damietta_mouth,CHL,my,2.057,1.723,1.209,2.057,0.9396
2019-05-10,Damietta_mouth,CHL,my,3.729,1.87,1.456,3.729,1
2019-05-11,Damietta_mouth,CHL,my,3.044,3.043,1.964,3.054,1
2019-05-12,Damietta_mouth,CHL,my,2.332,1.993,1.553,2.496,1
2019-05-13,Damietta_mouth,CHL,my,2.359,2.152,1.465,2.65,1
2019-05-14,Damietta_mouth,CHL,my,2.578,2.06,1.537,2.702,1
2019-05-15,Damietta_mouth,CHL,my,2.604,2.059,1.324,2.635,1
2019-05-16,Damietta_mouth,CHL,my,2.36,1.578,1.144,2.627,1
2019-05-17,Damietta_mouth,CHL,my,1.761,1.506,0.9673,2.1,1
2019-05-18,Damietta_mouth,CHL,my,1.807,1.47,0.9945,2.054,1
2019-05-19,Damietta_mouth,CHL,my,1.85,1.625,0.8632,2.557,1
2019-05-20,Damietta_mouth,CHL,my,1.999,1.775,0.9853,2.035,1
2019-05-24,Damietta_mouth,CHL,my,2.114,1.986,1.029,2.774,0.7582
2019-05-25,Damietta_mouth,CHL,my,1.826,1.671,0.8897,2.107,1
2019-05-26,Damietta_mouth,CHL,my,2.507,1.646,0.9561,2.507,0.8681
2019-05-27,Damietta_mouth,CHL,my,2.446,1.747,0.9759,2.739,1
2019-05-28,Damietta_mouth,CHL,my,1.9,1.542,0.8321,2.053,1
2019-05-29,Damietta_mouth,CHL,my,1.686,1.454,0.8264,1.711,0.8626
2019-05-30,Damietta_mouth,CHL,my,1.506,1.348,0.6976,1.622,1
2019-06-01,Damietta_mouth,CHL,my,,1.445,0.8452,1.659,0.6374
2019-06-02,Damietta_mouth,CHL,my,2.417,1.659,0.9917,2.866,1
2019-06-06,Damietta_mouth,CHL,my,1.978,1.226,0.7374,2.126,1
2019-06-07,Damietta_mouth,CHL,my,1.654,1.234,0.5769,1.654,1
2019-06-09,Damietta_mouth,CHL,my,,0.4113,0.2348,0.6607,0.5659
2019-06-11,Damietta_mouth,CHL,my,1.529,0.8282,0.5231,1.548,0.9396
2019-06-12,Damietta_mouth,CHL,my,,1.261,0.5519,1.472,0.8791
2019-06-13,Damietta_mouth,CHL,my,1.47,1.382,0.6141,1.47,0.9396
2019-06-14,Damietta_mouth,CHL,my,1.467,1.467,0.7393,2.442,1
2019-06-15,Damietta_mouth,CHL,my,,1.251,0.5808,1.865,0.8791
2019-06-16,Damietta_mouth,CHL,my,1.679,1.407,0.6977,1.69,1
2019-06-17,Damietta_mouth,CHL,my,,0.8428,0.4895,1.212,0.5659
2019-06-18,Damietta_mouth,CHL,my,1.826,1.513,0.8521,2.31,1
2019-06-19,Damietta_mouth,CHL,my,2.522,1.472,0.9069,3.608,1
2019-06-20,Damietta_mouth,CHL,my,1.349,1.19,0.6734,1.736,1
2019-06-21,Damietta_mouth,CHL,my,1.611,1.388,0.8418,1.871,1
2019-06-22,Damietta_mouth,CHL,my,,0.7037,0.3975,1.056,0.6319
2019-06-23,Damietta_mouth,CHL,my,1.849,1.718,1.051,3.505,1
2019-06-24,Damietta_mouth,CHL,my,1.773,1.691,0.905,2.224,0.8791
2019-06-25,Damietta_mouth,CHL,my,2.633,1.835,1.029,2.863,0.8736
2019-06-26,Damietta_mouth,CHL,my,1.455,1.179,0.6085,1.75,1
2019-06-27,Damietta_mouth,CHL,my,1.704,1.183,0.6353,2.207,1
2019-06-28,Damietta_mouth,CHL,my,1.439,1.383,1.038,1.831,0.6154
2019-06-29,Damietta_mouth,CHL,my,1.471,1.356,0.7507,1.471,1
2019-06-30,Damietta_mouth,CHL,my,1.419,1.267,0.6769,1.584,1
2019-07-01,Damietta_mouth,CHL,my,1.609,1.22,0.8154,2.08,1
2019-07-02,Damietta_mouth,CHL,my,1.985,1.622,0.8666,2.256,1
2019-07-03,Damietta_mouth,CHL,my,1.691,1.538,0.742,1.777,1
2019-07-04,Damietta_mouth,CHL,my,2.668,2.019,1.141,2.708,1
2019-07-05,Damietta_mouth,CHL,my,2.065,1.406,0.9701,2.065,0.6923
2019-07-06,Damietta_mouth,CHL,my,1.408,1.294,0.8305,1.915,1
2019-07-07,Damietta_mouth,CHL,my,1.836,1.563,0.8029,2.616,1
2019-07-08,Damietta_mouth,CHL,my,1.477,1.454,0.7744,1.921,0.9231
2019-07-09,Damietta_mouth,CHL,my,1.757,1.33,0.8779,2.903,1
2019-07-10,Damietta_mouth,CHL,my,1.61,1.409,0.8736,2.254,1
2019-07-11,Damietta_mouth,CHL,my,1.533,1.401,0.9334,2.178,1
2019-07-12,Damietta_mouth,CHL,my,1.532,1.403,0.8988,1.921,1
2019-07-13,Damietta_mouth,CHL,my,2.046,1.96,1.155,2.131,1
2019-07-14,Damietta_mouth,CHL,my,2.012,1.627,1.191,2.786,1
2019-07-15,Damietta_mouth,CHL,my,2.228,1.733,1.191,3.019,1
2019-07-19,Damietta_mouth,CHL,my,1.665,1.587,0.9946,1.723,1
2019-07-20,Damietta_mouth,CHL,my,1.877,1.794,0.9377,1.9,1
2019-07-21,Damietta_mouth,CHL,my,1.594,1.574,1.112,1.766,0.9231
2019-07-22,Damietta_mouth,CHL,my,1.956,1.77,1.109,1.956,1
2019-07-23,Damietta_mouth,CHL,my,1.511,1.464,1.128,2.187,1
2019-07-24,Damietta_mouth,CHL,my,1.51,1.513,1.035,1.994,1
2019-07-25,Damietta_mouth,CHL,my,1.463,1.614,1.113,1.952,1
2019-07-27,Damietta_mouth,CHL,my,1.63,1.528,1.076,1.91,1
2019-07-28,Damietta_mouth,CHL,my,1.694,1.455,1.178,2.691,1
2019-07-29,Damietta_mouth,CHL,my,1.876,1.689,1.315,2.821,1
2019-07-30,Damietta_mouth,CHL,my,1.931,1.592,1.425,3.855,1
2019-07-31,Damietta_mouth,CHL,my,1.758,1.428,1.058,1.758,0.9396
2019-08-01,Damietta_mouth,CHL,my,1.894,1.666,1.07,2.33,1
2019-08-02,Damietta_mouth,CHL,my,1.613,1.415,0.9567,2.162,1
2019-08-04,Damietta_mouth,CHL,my,1.559,1.35,0.977,2.274,0.9396
2019-08-05,Damietta_mouth,CHL,my,1.505,1.618,1.186,1.991,0.8626
2019-08-07,Damietta_mouth,CHL,my,2.03,1.605,1.256,2.321,1
2019-08-08,Damietta_mouth,CHL,my,2.062,1.579,1.216,2.395,1
2019-08-09,Damietta_mouth,CHL,my,1.817,1.594,1.314,3.344,1
2019-08-10,Damietta_mouth,CHL,my,1.789,1.407,1.269,2.206,1
2019-08-11,Damietta_mouth,CHL,my,1.909,1.656,1.129,2.312,1
2019-08-12,Damietta_mouth,CHL,my,1.612,1.612,1.096,2.09,0.8791
2019-08-13,Damietta_mouth,CHL,my,1.742,1.508,1.118,2.424,1
2019-08-14,Damietta_mouth,CHL,my,1.811,1.419,1.224,1.811,0.8022
2019-08-15,Damietta_mouth,CHL,my,3.199,2.526,1.469,3.199,1
2019-08-16,Damietta_mouth,CHL,my,2.021,1.722,1.082,2.077,1
2019-08-17,Damietta_mouth,CHL,my,1.866,1.526,1.052,1.959,1
2019-08-18,Damietta_mouth,CHL,my,1.484,1.458,0.9901,1.871,1
2019-08-19,Damietta_mouth,CHL,my,2.205,,,,0.4286
2019-08-20,Damietta_mouth,CHL,my,2.318,1.748,1.519,2.589,0.9396
2019-08-21,Damietta_mouth,CHL,my,2.081,1.735,1.617,3.301,1
2019-08-22,Damietta_mouth,CHL,my,1.68,1.564,1.183,1.68,0.7527
2019-08-23,Damietta_mouth,CHL,my,1.801,1.57,1.257,2.63,1
2019-08-24,Damietta_mouth,CHL,my,2.88,1.421,1.095,2.88,1
2019-08-25,Damietta_mouth,CHL,my,1.66,1.357,0.8584,2.838,1
2019-08-26,Damietta_mouth,CHL,my,1.644,1.47,0.821,2.068,1
2019-08-27,Damietta_mouth,CHL,my,1.467,1.336,0.8154,2.21,1
2019-08-28,Damietta_mouth,CHL,my,1.449,1.38,0.7647,1.916,1
2019-08-30,Damietta_mouth,CHL,my,1.546,1.507,1.028,1.996,1
2019-08-31,Damietta_mouth,CHL,my,1.997,1.581,1.004,2.094,1
2019-09-01,Damietta_mouth,CHL,my,1.61,1.539,1.004,2.099,1
2019-09-02,Damietta_mouth,CHL,my,2.597,1.459,1.119,2.597,0.9396
2019-09-03,Damietta_mouth,CHL,my,2.054,1.61,1.079,2.145,1
2019-09-05,Damietta_mouth,CHL,my,1.654,1.434,0.918,2.141,1
2019-09-06,Damietta_mouth,CHL,my,1.694,1.488,0.9338,1.886,1
2019-09-07,Damietta_mouth,CHL,my,,1.267,0.8732,1.847,0.7527
2019-09-08,Damietta_mouth,CHL,my,1.717,1.38,0.9756,2.09,1
2019-09-09,Damietta_mouth,CHL,my,1.701,1.553,1.293,2.289,0.7418
2019-09-10,Damietta_mouth,CHL,my,1.887,1.723,1.561,2.801,0.7418
2019-09-11,Damietta_mouth,CHL,my,1.901,,,,0.4945
2019-09-13,Damietta_mouth,CHL,my,1.763,,,,0.3681
2019-09-14,Damietta_mouth,CHL,my,1.964,1.626,1.149,2.27,1
2019-09-15,Damietta_mouth,CHL,my,1.908,1.261,0.9656,2.118,0.6923
2019-09-16,Damietta_mouth,CHL,my,1.423,1.433,1.155,2.131,1
2019-09-17,Damietta_mouth,CHL,my,1.714,1.603,1.196,2.606,1
2019-09-18,Damietta_mouth,CHL,my,1.821,1.657,1.233,2.729,1
2019-09-20,Damietta_mouth,CHL,my,1.753,1.6,0.9919,2.054,1
2019-09-22,Damietta_mouth,CHL,my,2.117,1.617,1.271,2.117,0.9396
2019-09-23,Damietta_mouth,CHL,my,2.665,2.072,1.476,2.889,1
2019-09-24,Damietta_mouth,CHL,my,3.438,2.219,1.727,5.291,1
2019-09-25,Damietta_mouth,CHL,my,5.097,1.886,1.785,5.097,0.9231
2019-09-26,Damietta_mouth,CHL,my,4.138,2.613,1.765,6.284,1
2019-09-27,Damietta_mouth,CHL,my,1.734,1.419,1.012,2.235,1
2019-09-28,Damietta_mouth,CHL,my,1.463,1.463,0.9878,1.58,1
2019-09-29,Damietta_mouth,CHL,my,1.834,1.54,1.131,1.993,1
2019-09-30,Damietta_mouth,CHL,my,2.536,1.623,1.26,3.065,1
2019-10-01,Damietta_mouth,CHL,my,2.651,2.031,1.34,3.316,1
2019-10-02,Damietta_mouth,CHL,my,1.763,1.56,1.012,1.763,0.9396
2019-10-03,Damietta_mouth,CHL,my,3.102,1.709,1.097,3.274,1
2019-10-04,Damietta_mouth,CHL,my,3.096,2.861,1.579,3.096,1
2019-10-05,Damietta_mouth,CHL,my,2.598,1.861,1.237,4.274,1
2019-10-06,Damietta_mouth,CHL,my,2.104,1.58,0.8688,2.293,0.8791
2019-10-07,Damietta_mouth,CHL,my,1.822,1.566,1.168,3.512,1
2019-10-08,Damietta_mouth,CHL,my,1.962,,,,0.2473
2019-10-09,Damietta_mouth,CHL,my,2.182,1.884,1.099,2.576,0.8736
2019-10-10,Damietta_mouth,CHL,my,2.185,1.823,1.304,3.024,0.8022
2019-10-11,Damietta_mouth,CHL,my,3.09,1.872,1.246,3.636,0.9396
2019-10-12,Damietta_mouth,CHL,my,7.593,3.083,2.235,10.3,1
2019-10-13,Damietta_mouth,CHL,my,7.994,1.932,1.883,8.727,1
2019-10-14,Damietta_mouth,CHL,my,3.133,2.445,1.377,3.36,1
2019-10-16,Damietta_mouth,CHL,my,2.944,1.294,1.277,6.623,1
2019-10-18,Damietta_mouth,CHL,my,3.293,1.382,1.025,3.358,1
2019-10-19,Damietta_mouth,CHL,my,5.054,2.732,1.511,5.054,1
2019-10-20,Damietta_mouth,CHL,my,3.379,2.154,1.492,6.11,1
2019-10-21,Damietta_mouth,CHL,my,2.821,,,,0.1209
2019-10-27,Damietta_mouth,CHL,my,2.836,2.54,1.797,4.107,1
2019-10-28,Damietta_mouth,CHL,my,4.273,2.142,1.845,4.942,1
2019-10-29,Damietta_mouth,CHL,my,3.033,1.886,1.299,3.149,1
2019-10-30,Damietta_mouth,CHL,my,2.898,2.587,1.538,3.14,1
2019-10-31,Damietta_mouth,CHL,my,6.847,2.478,2.128,8.276,1
2019-11-01,Damietta_mouth,CHL,my,6.358,3.501,2.091,7.101,1
2019-11-02,Damietta_mouth,CHL,my,17.78,17.41,8.446,20.02,1
2019-11-03,Damietta_mouth,CHL,my,12.1,7.06,5.309,16.95,0.7363
2019-11-04,Damietta_mouth,CHL,my,4.146,2.796,2.648,11.21,1
2019-11-05,Damietta_mouth,CHL,my,3.833,3.654,2.439,7.352,1
2019-11-08,Damietta_mouth,CHL,my,2.126,,,,0.2582
2019-11-09,Damietta_mouth,CHL,my,2.074,1.62,1.036,2.319,1
2019-11-12,Damietta_mouth,CHL,my,2.56,2.454,1.331,3.752,1
2019-11-13,Damietta_mouth,CHL,my,4.582,2.494,1.586,5.485,1
2019-11-14,Damietta_mouth,CHL,my,2.99,2.479,1.4,3.146,1
2019-11-15,Damietta_mouth,CHL,my,4.478,2.822,1.824,4.68,1
2019-11-18,Damietta_mouth,CHL,my,,8.451,4.203,9.807,0.8791
2019-11-19,Damietta_mouth,CHL,my,7.456,6.172,3.408,7.619,1
2019-11-20,Damietta_mouth,CHL,my,6.46,5.711,3.395,11.08,1
2019-11-21,Damietta_mouth,CHL,my,,1.721,1.216,1.905,0.5714
2019-11-22,Damietta_mouth,CHL,my,,1.348,1.022,2.698,0.5659
2019-11-23,Damietta_mouth,CHL,my,3.1,1.737,1.441,3.429,0.989
2019-11-24,Damietta_mouth,CHL,my,3.52,2.218,1.708,4.367,1
2019-11-25,Damietta_mouth,CHL,my,4.408,4.213,2.045,4.746,1
2019-11-26,Damietta_mouth,CHL,my,2.572,2.572,1.411,2.79,1
2019-11-27,Damietta_mouth,CHL,my,,2.671,1.835,5.399,0.7527
2019-11-28,Damietta_mouth,CHL,my,2.576,2.576,1.588,4.385,0.5659
2019-11-29,Damietta_mouth,CHL,my,1.854,1.655,0.927,3.714,1
2019-11-30,Damietta_mouth,CHL,my,1.497,1.494,0.8934,1.793,1
2019-12-01,Damietta_mouth,CHL,my,1.541,,,,0.3187
2019-12-02,Damietta_mouth,CHL,my,2.46,2.16,1.269,2.758,1
2019-12-04,Damietta_mouth,CHL,my,2.721,1.972,1.732,6.72,1
2019-12-05,Damietta_mouth,CHL,my,2.032,1.797,1.548,2.413,0.6264
2019-12-06,Damietta_mouth,CHL,my,,1.937,1.349,2.324,0.8187
2019-12-13,Damietta_mouth,CHL,my,5.524,4.393,2.652,5.524,0.9396
2019-12-14,Damietta_mouth,CHL,my,7.056,6.578,3.856,7.127,1
2019-12-16,Damietta_mouth,CHL,my,5.314,4.906,2.76,5.598,0.8132
2019-12-17,Damietta_mouth,CHL,my,3.846,2.221,1.894,8.245,1
2019-12-18,Damietta_mouth,CHL,my,4.889,1.755,1.561,6.963,1
2019-12-19,Damietta_mouth,CHL,my,2.055,1.707,1.243,5.353,1
2019-12-20,Damietta_mouth,CHL,my,8.053,2.14,2.544,17.35,1
2019-12-21,Damietta_mouth,CHL,my,3.026,3.227,2.757,5.999,0.7418
2019-12-22,Damietta_mouth,CHL,my,,2.202,1.524,2.378,0.6319
2019-12-24,Damietta_mouth,CHL,my,7.861,7.305,5.634,7.968,0.9396
2019-12-29,Damietta_mouth,CHL,my,,6.018,4.499,7.238,0.7527
2019-12-30,Damietta_mouth,CHL,my,6.333,6.746,5.2,7.726,1
2019-12-31,Damietta_mouth,CHL,my,5.498,5.216,4.125,5.498,1
2019-01-01,El_Arish_EG,CHL,my,1.306,1.26,0.7522,1.845,0.9851
2019-01-03,El_Arish_EG,CHL,my,1.728,1.728,0.8158,2.073,0.9851
2019-01-04,El_Arish_EG,CHL,my,1.044,1.044,0.9048,1.478,0.9851
2019-01-05,El_Arish_EG,CHL,my,0.8358,,,,0.2886
2019-01-09,El_Arish_EG,CHL,my,2.085,2.013,1.52,4.987,0.9254
2019-01-10,El_Arish_EG,CHL,my,1.536,1.536,0.961,1.644,0.9851
2019-01-11,El_Arish_EG,CHL,my,1.038,1.231,0.8976,1.322,0.9254
2019-01-12,El_Arish_EG,CHL,my,1.02,1.02,0.8066,1.405,0.9851
2019-01-15,El_Arish_EG,CHL,my,2.11,2.074,1.462,2.176,0.9851
2019-01-18,El_Arish_EG,CHL,my,1.81,1.81,1.029,2.027,0.9851
2019-01-19,El_Arish_EG,CHL,my,1.226,1.227,0.7339,1.437,1
2019-01-21,El_Arish_EG,CHL,my,1.462,1.37,0.7543,1.462,0.8706
2019-01-22,El_Arish_EG,CHL,my,0.9016,0.9016,0.5979,1.691,1
2019-01-25,El_Arish_EG,CHL,my,1.519,1.27,0.8575,1.519,0.9254
2019-01-26,El_Arish_EG,CHL,my,1.174,1.179,0.9017,1.392,0.9254
2019-01-28,El_Arish_EG,CHL,my,1.784,,,,0.4627
2019-01-29,El_Arish_EG,CHL,my,2.502,2.502,1.648,2.729,0.9851
2019-01-30,El_Arish_EG,CHL,my,1.603,1.603,1.052,1.739,0.9851
2019-01-31,El_Arish_EG,CHL,my,1.701,1.595,0.9713,1.853,0.9254
2019-02-01,El_Arish_EG,CHL,my,,0.9032,0.7229,1.129,0.5622
2019-02-02,El_Arish_EG,CHL,my,,0.6559,0.4564,1.464,0.7562
2019-02-03,El_Arish_EG,CHL,my,0.4867,0.4867,0.4307,1.341,0.9851
2019-02-04,El_Arish_EG,CHL,my,0.3627,0.3627,0.376,1.254,0.9851
2019-02-07,El_Arish_EG,CHL,my,1.763,1.663,1.036,1.78,0.9851
2019-02-08,El_Arish_EG,CHL,my,1.308,1.308,0.916,1.58,0.9851
2019-02-09,El_Arish_EG,CHL,my,1.669,1.635,1.148,1.954,0.9851
2019-02-10,El_Arish_EG,CHL,my,1.409,1.51,1.231,1.593,0.6368
2019-02-11,El_Arish_EG,CHL,my,1.635,1.576,1.053,1.699,0.8706
2019-02-12,El_Arish_EG,CHL,my,1.444,1.49,1.04,1.664,0.9851
2019-02-13,El_Arish_EG,CHL,my,1.409,1.406,0.8839,1.451,0.9851
2019-02-16,El_Arish_EG,CHL,my,1.379,1.408,1.079,1.545,0.9851
2019-02-19,El_Arish_EG,CHL,my,1.087,1.087,0.6543,1.288,0.9851
2019-02-21,El_Arish_EG,CHL,my,0.4717,0.4717,0.2599,0.7651,0.9851
2019-02-22,El_Arish_EG,CHL,my,,0.1098,0.1042,0.2711,0.6368
2019-02-23,El_Arish_EG,CHL,my,1.079,1.079,0.5591,1.499,0.9851
2019-02-27,El_Arish_EG,CHL,my,1.793,,,,0.4229
2019-03-02,El_Arish_EG,CHL,my,2.238,2.238,1.77,4.437,0.9851
2019-03-03,El_Arish_EG,CHL,my,1.679,1.679,1.051,2.221,0.9851
2019-03-04,El_Arish_EG,CHL,my,1.351,1.351,0.7475,2.004,0.9851
2019-03-06,El_Arish_EG,CHL,my,1.565,1.533,0.9546,1.891,0.9851
2019-03-07,El_Arish_EG,CHL,my,1.384,1.384,0.9228,1.798,0.9851
2019-03-08,El_Arish_EG,CHL,my,1.725,1.758,1.141,2.859,1
2019-03-09,El_Arish_EG,CHL,my,1.954,1.954,1.255,2.822,0.9851
2019-03-10,El_Arish_EG,CHL,my,1.943,1.943,1.385,3.17,0.9851
2019-03-11,El_Arish_EG,CHL,my,2.577,2.457,1.217,2.807,0.9851
2019-03-13,El_Arish_EG,CHL,my,1.651,1.162,0.7735,2.77,0.8706
2019-03-14,El_Arish_EG,CHL,my,1.964,1.968,1.488,2.362,0.8109
2019-03-17,El_Arish_EG,CHL,my,3.338,3.338,2.356,3.678,0.8109
2019-03-18,El_Arish_EG,CHL,my,3.152,2.248,1.627,3.152,1
2019-03-19,El_Arish_EG,CHL,my,1.745,1.846,1.404,2.182,1
2019-03-22,El_Arish_EG,CHL,my,1.87,1.87,1.57,2.475,0.9851
2019-03-25,El_Arish_EG,CHL,my,3.641,3.413,1.98,3.667,0.9254
2019-03-26,El_Arish_EG,CHL,my,,1.261,0.8011,1.373,0.5622
2019-03-27,El_Arish_EG,CHL,my,2.103,2.103,1.372,3.08,0.9851
2019-03-28,El_Arish_EG,CHL,my,1.999,1.999,1.699,2.3,0.6169
2019-04-02,El_Arish_EG,CHL,my,2.261,2.261,1.604,2.72,0.9851
2019-04-03,El_Arish_EG,CHL,my,,2.107,1.489,2.474,0.7512
2019-04-04,El_Arish_EG,CHL,my,1.776,,,,0.4229
2019-04-05,El_Arish_EG,CHL,my,2.475,1.928,1.596,2.764,0.8657
2019-04-07,El_Arish_EG,CHL,my,,1.901,1.3,2.334,0.6368
2019-04-10,El_Arish_EG,CHL,my,2.537,2.537,1.63,2.96,0.9851
2019-04-11,El_Arish_EG,CHL,my,2.685,2.685,1.586,4.349,1
2019-04-12,El_Arish_EG,CHL,my,2.095,2.095,1.435,4.491,1
2019-04-18,El_Arish_EG,CHL,my,1.722,1.645,1.266,1.723,0.9851
2019-04-19,El_Arish_EG,CHL,my,2.254,2.179,1.527,2.54,0.9254
2019-04-22,El_Arish_EG,CHL,my,3.276,2.326,1.867,3.276,0.8657
2019-04-23,El_Arish_EG,CHL,my,2.62,2.468,1.727,3.013,0.9254
2019-04-26,El_Arish_EG,CHL,my,1.893,1.647,1.17,1.893,0.8109
2019-04-27,El_Arish_EG,CHL,my,1.983,1.649,1.181,2.182,0.8657
2019-04-28,El_Arish_EG,CHL,my,1.46,1.394,1.09,1.561,0.8657
2019-05-04,El_Arish_EG,CHL,my,0.7718,0.7718,0.4228,1.001,0.9851
2019-05-05,El_Arish_EG,CHL,my,0.9162,0.8785,0.5103,1.029,0.9254
2019-05-07,El_Arish_EG,CHL,my,1.08,1.08,0.4707,1.378,1
2019-05-08,El_Arish_EG,CHL,my,1.32,1.175,0.6483,1.708,0.9254
2019-05-09,El_Arish_EG,CHL,my,1.621,1.621,0.8199,1.775,0.9851
2019-05-11,El_Arish_EG,CHL,my,1.659,1.659,0.9523,1.893,0.9851
2019-05-12,El_Arish_EG,CHL,my,1.555,1.509,0.8626,1.669,1
2019-05-13,El_Arish_EG,CHL,my,1.445,1.348,0.7195,1.476,0.9254
2019-05-14,El_Arish_EG,CHL,my,1.342,1.227,0.6406,1.52,0.9254
2019-05-15,El_Arish_EG,CHL,my,1.171,1.171,0.6455,1.512,0.9851
2019-05-16,El_Arish_EG,CHL,my,0.9132,0.9132,0.5241,1.164,0.9851
2019-05-17,El_Arish_EG,CHL,my,1.154,1.072,0.5923,1.344,0.9254
2019-05-19,El_Arish_EG,CHL,my,1.148,1.148,0.5864,1.527,0.9851
2019-05-20,El_Arish_EG,CHL,my,0.9806,0.9806,0.5172,1.246,0.9851
2019-05-21,El_Arish_EG,CHL,my,,0.789,0.4514,1.069,0.7512
2019-05-22,El_Arish_EG,CHL,my,1.126,1.021,0.556,1.234,0.9254
2019-05-26,El_Arish_EG,CHL,my,1.11,1.11,0.6814,1.602,0.9254
2019-05-27,El_Arish_EG,CHL,my,0.9523,0.9041,0.4629,1.288,0.9254
2019-05-28,El_Arish_EG,CHL,my,0.5964,0.5964,0.3364,1.011,0.9851
2019-05-29,El_Arish_EG,CHL,my,,0.4542,0.2965,0.7577,0.7512
2019-06-01,El_Arish_EG,CHL,my,1.282,1.188,0.63,1.449,0.9851
2019-06-02,El_Arish_EG,CHL,my,1.189,1.155,0.6528,1.359,0.9254
2019-06-03,El_Arish_EG,CHL,my,1.255,1.353,0.821,1.564,0.9254
2019-06-07,El_Arish_EG,CHL,my,0.4792,0.4792,0.2836,0.6883,0.9851
2019-06-09,El_Arish_EG,CHL,my,1.174,1.174,0.6039,1.591,0.9851
2019-06-10,El_Arish_EG,CHL,my,1.37,1.021,0.6595,1.487,0.9254
2019-06-11,El_Arish_EG,CHL,my,1.1,1.1,0.7332,1.526,0.9851
2019-06-12,El_Arish_EG,CHL,my,0.6825,0.7645,0.4925,1.25,0.9801
2019-06-13,El_Arish_EG,CHL,my,1.569,1.199,0.6089,1.585,0.9254
2019-06-14,El_Arish_EG,CHL,my,1.365,1.216,0.6993,1.493,0.8657
2019-06-15,El_Arish_EG,CHL,my,1.483,1.412,0.8592,1.556,0.9851
2019-06-16,El_Arish_EG,CHL,my,1.58,1.58,1.278,1.636,0.5771
2019-06-17,El_Arish_EG,CHL,my,1.414,1.491,0.9868,1.584,0.8657
2019-06-18,El_Arish_EG,CHL,my,1.575,1.54,0.916,1.688,1
2019-06-19,El_Arish_EG,CHL,my,1.679,1.478,0.9084,1.843,1
2019-06-20,El_Arish_EG,CHL,my,1.54,1.54,1.031,1.831,0.9851
2019-06-21,El_Arish_EG,CHL,my,1.519,1.505,0.8671,1.534,0.9254
2019-06-22,El_Arish_EG,CHL,my,1.655,1.595,0.7803,1.655,0.9851
2019-06-23,El_Arish_EG,CHL,my,1.764,1.49,0.8249,1.764,0.9851
2019-06-24,El_Arish_EG,CHL,my,1.496,1.487,0.8409,2.922,1
2019-06-25,El_Arish_EG,CHL,my,1.38,1.386,0.9517,1.565,0.9303
2019-06-26,El_Arish_EG,CHL,my,1.53,1.421,0.7764,1.662,1
2019-06-27,El_Arish_EG,CHL,my,1.183,1.162,0.7726,1.401,0.9254
2019-06-28,El_Arish_EG,CHL,my,1.149,1.149,0.7151,1.397,0.9801
2019-06-29,El_Arish_EG,CHL,my,1.175,1.099,0.7263,1.206,0.8657
2019-06-30,El_Arish_EG,CHL,my,1.201,1.202,0.9382,1.456,0.9851
2019-07-01,El_Arish_EG,CHL,my,1.105,1.105,0.8073,1.355,0.9851
2019-07-02,El_Arish_EG,CHL,my,1.332,1.332,0.8904,1.464,1
2019-07-03,El_Arish_EG,CHL,my,1.351,1.351,0.8712,1.626,0.9851
2019-07-04,El_Arish_EG,CHL,my,1.01,1.01,0.684,1.23,0.9851
2019-07-05,El_Arish_EG,CHL,my,1.253,1.253,0.8497,1.611,1
2019-07-06,El_Arish_EG,CHL,my,1.201,1.071,0.7081,1.249,0.9254
2019-07-07,El_Arish_EG,CHL,my,1.122,1.122,0.6891,1.175,0.9254
2019-07-08,El_Arish_EG,CHL,my,0.9955,0.9955,0.7627,1.317,0.9851
2019-07-09,El_Arish_EG,CHL,my,0.8042,0.7971,0.6645,1.3,1
2019-07-10,El_Arish_EG,CHL,my,0.6446,0.5579,0.3754,0.8916,0.9254
2019-07-11,El_Arish_EG,CHL,my,1.316,1.155,0.7551,1.445,0.7512
2019-07-12,El_Arish_EG,CHL,my,,1.177,0.8058,1.219,0.5771
2019-07-13,El_Arish_EG,CHL,my,1.418,1.574,1.488,1.941,0.6965
2019-07-14,El_Arish_EG,CHL,my,1.957,1.957,1.405,1.996,0.9851
2019-07-15,El_Arish_EG,CHL,my,1.276,1.677,1.384,2.017,1
2019-07-19,El_Arish_EG,CHL,my,1.352,1.352,0.9011,1.896,1
2019-07-20,El_Arish_EG,CHL,my,1.364,1.432,1.049,1.494,1
2019-07-21,El_Arish_EG,CHL,my,,1.008,0.7108,1.216,0.5771
2019-07-22,El_Arish_EG,CHL,my,1.643,1.642,1.22,1.763,0.9851
2019-07-23,El_Arish_EG,CHL,my,1.633,1.629,1.165,1.959,1
2019-07-24,El_Arish_EG,CHL,my,1.572,1.572,1.077,2.111,0.9851
2019-07-25,El_Arish_EG,CHL,my,1.423,1.535,0.9977,1.709,0.9851
2019-07-26,El_Arish_EG,CHL,my,1.579,1.579,0.9558,1.716,0.7512
2019-07-27,El_Arish_EG,CHL,my,1.55,1.44,0.9049,1.646,0.9453
2019-07-28,El_Arish_EG,CHL,my,1.176,1.184,0.8708,1.596,0.9851
2019-07-29,El_Arish_EG,CHL,my,1.708,1.708,1.204,1.841,0.9851
2019-07-30,El_Arish_EG,CHL,my,1.455,1.455,1.014,1.537,0.806
2019-07-31,El_Arish_EG,CHL,my,1.294,1.239,0.9836,2.278,1
2019-08-01,El_Arish_EG,CHL,my,1.079,1.079,0.6823,1.802,1
2019-08-02,El_Arish_EG,CHL,my,1.04,1.04,0.6322,1.511,1
2019-08-03,El_Arish_EG,CHL,my,1.214,1.218,0.7867,1.468,0.9851
2019-08-04,El_Arish_EG,CHL,my,1.16,1.065,0.5731,1.374,0.9254
2019-08-05,El_Arish_EG,CHL,my,1.56,1.325,0.7736,1.635,0.8657
2019-08-06,El_Arish_EG,CHL,my,1.432,1.626,1.24,2.312,0.7512
2019-08-07,El_Arish_EG,CHL,my,2.264,1.716,1.139,2.554,0.9254
2019-08-08,El_Arish_EG,CHL,my,1.85,1.85,1.046,2.679,1
2019-08-09,El_Arish_EG,CHL,my,2.202,2.087,1.178,2.498,0.9254
2019-08-10,El_Arish_EG,CHL,my,3.015,3.015,1.755,3.242,0.9851
2019-08-11,El_Arish_EG,CHL,my,2.798,2.525,1.372,3.581,1
2019-08-12,El_Arish_EG,CHL,my,2.653,2.653,1.405,3.212,0.9851
2019-08-13,El_Arish_EG,CHL,my,1.559,1.691,1.123,2.788,1
2019-08-15,El_Arish_EG,CHL,my,1.77,1.602,1.011,2.189,0.9851
2019-08-16,El_Arish_EG,CHL,my,2.438,2.094,0.9878,3.145,0.9254
2019-08-17,El_Arish_EG,CHL,my,1.54,1.427,0.7204,1.614,0.9254
2019-08-18,El_Arish_EG,CHL,my,1.663,1.494,0.6172,1.695,0.9254
2019-08-19,El_Arish_EG,CHL,my,2.085,2.085,1.082,2.242,0.9851
2019-08-20,El_Arish_EG,CHL,my,2.161,2.149,1.091,2.367,0.9851
2019-08-21,El_Arish_EG,CHL,my,2.127,2.127,1.36,2.311,0.9851
2019-08-23,El_Arish_EG,CHL,my,1.962,1.962,1.174,2.321,0.9851
2019-08-24,El_Arish_EG,CHL,my,1.403,1.472,0.8814,2.831,1
2019-08-25,El_Arish_EG,CHL,my,1.336,1.336,0.7681,1.481,0.9851
2019-08-26,El_Arish_EG,CHL,my,1.066,1.066,0.6727,1.494,0.9851
2019-08-27,El_Arish_EG,CHL,my,1.186,1.186,0.6152,1.491,0.9851
2019-08-28,El_Arish_EG,CHL,my,1.193,1.268,0.6912,1.59,0.9403
2019-08-29,El_Arish_EG,CHL,my,1.187,1.09,0.644,1.658,0.9254
2019-08-31,El_Arish_EG,CHL,my,1.432,1.582,0.9412,3.975,1
2019-09-01,El_Arish_EG,CHL,my,1.501,1.438,0.7556,2.355,1
2019-09-02,El_Arish_EG,CHL,my,1.595,1.484,0.7927,1.844,0.9254
2019-09-03,El_Arish_EG,CHL,my,1.336,1.336,0.6898,2.875,1
2019-09-04,El_Arish_EG,CHL,my,1.326,1.326,0.6977,1.641,0.9851
2019-09-05,El_Arish_EG,CHL,my,1.583,1.583,0.9391,1.713,0.9851
2019-09-06,El_Arish_EG,CHL,my,1.512,1.573,0.9552,1.702,0.9851
2019-09-09,El_Arish_EG,CHL,my,1.771,1.745,1.11,1.875,0.9851
2019-09-10,El_Arish_EG,CHL,my,2.256,2.256,1.562,2.328,0.796
2019-09-11,El_Arish_EG,CHL,my,2.33,2.288,1.332,2.441,0.9851
2019-09-12,El_Arish_EG,CHL,my,1.831,1.965,1.206,2.075,0.8308
2019-09-13,El_Arish_EG,CHL,my,1.917,1.917,1.224,2.091,0.9851
2019-09-14,El_Arish_EG,CHL,my,1.849,1.723,1.157,2,0.9254
2019-09-15,El_Arish_EG,CHL,my,1.922,1.922,1.167,2.155,0.9851
2019-09-16,El_Arish_EG,CHL,my,2.273,2.273,1.265,2.437,0.8259
2019-09-17,El_Arish_EG,CHL,my,2.599,2.599,1.613,3.204,1
2019-09-18,El_Arish_EG,CHL,my,2.496,2.073,1.274,2.543,0.8607
2019-09-20,El_Arish_EG,CHL,my,,1.482,0.7869,1.659,0.7512
2019-09-21,El_Arish_EG,CHL,my,2.35,2.35,1.371,2.648,0.9851
2019-09-23,El_Arish_EG,CHL,my,,2.133,1.293,2.77,0.6816
2019-09-24,El_Arish_EG,CHL,my,2.952,2.952,2.058,3.853,1
2019-09-25,El_Arish_EG,CHL,my,2.674,2.674,1.96,3.308,0.9851
2019-09-26,El_Arish_EG,CHL,my,3.199,3.199,2.743,5.589,0.9851
2019-09-27,El_Arish_EG,CHL,my,2.756,2.756,2.104,4.122,1
2019-09-28,El_Arish_EG,CHL,my,2.185,2.185,1.453,3.013,0.9851
2019-09-29,El_Arish_EG,CHL,my,2.332,2.332,1.339,2.946,0.9851
2019-09-30,El_Arish_EG,CHL,my,2.197,2.197,1.276,2.377,0.9851
2019-10-01,El_Arish_EG,CHL,my,2.053,,,,0.4677
2019-10-02,El_Arish_EG,CHL,my,2.221,2.19,1.29,2.336,0.9254
2019-10-03,El_Arish_EG,CHL,my,2.278,2.278,1.518,2.835,0.9851
2019-10-04,El_Arish_EG,CHL,my,2.545,2.545,1.658,3.191,0.9851
2019-10-05,El_Arish_EG,CHL,my,2.099,2.099,1.396,2.415,0.9851
2019-10-06,El_Arish_EG,CHL,my,1.943,1.943,1.333,4.278,0.9851
2019-10-07,El_Arish_EG,CHL,my,2.232,2.114,1.281,2.874,0.9254
2019-10-08,El_Arish_EG,CHL,my,1.866,1.971,1.228,2.698,1
2019-10-09,El_Arish_EG,CHL,my,2.054,2.054,1.228,3.199,0.9851
2019-10-11,El_Arish_EG,CHL,my,1.318,1.366,0.9069,1.618,0.9254
2019-10-12,El_Arish_EG,CHL,my,1.317,1.542,1.117,2.71,0.8856
2019-10-13,El_Arish_EG,CHL,my,1.399,1.461,0.9427,1.727,0.9851
2019-10-14,El_Arish_EG,CHL,my,1.961,1.8,1.051,2.083,0.9851
2019-10-15,El_Arish_EG,CHL,my,1.431,,,,0.2338
2019-10-17,El_Arish_EG,CHL,my,1.665,1.6,1.084,2.158,0.9851
2019-10-18,El_Arish_EG,CHL,my,1.854,1.854,1.296,2.129,0.806
2019-10-19,El_Arish_EG,CHL,my,1.521,1.521,0.8708,3.731,0.9851
2019-10-20,El_Arish_EG,CHL,my,1.119,1.119,0.8551,2.923,0.9851
2019-10-21,El_Arish_EG,CHL,my,1.514,1.514,1.11,2.978,0.9851
2019-10-23,El_Arish_EG,CHL,my,1.446,,,,0.4478
2019-10-24,El_Arish_EG,CHL,my,,1.542,0.9084,1.688,0.5771
2019-10-25,El_Arish_EG,CHL,my,1.543,1.543,1.029,1.712,0.9851
2019-10-27,El_Arish_EG,CHL,my,1.483,1.399,1.183,1.483,0.5771
2019-10-28,El_Arish_EG,CHL,my,1.684,1.684,1.316,2.423,0.9851
2019-10-30,El_Arish_EG,CHL,my,1.332,1.456,1.056,1.827,0.9851
2019-10-31,El_Arish_EG,CHL,my,1.394,1.174,0.8369,1.529,0.9204
2019-11-01,El_Arish_EG,CHL,my,0.6886,0.6886,0.5123,1.089,1
2019-11-02,El_Arish_EG,CHL,my,0.8243,0.8243,0.6274,1.383,0.9851
2019-11-03,El_Arish_EG,CHL,my,1.286,1.274,0.8389,1.467,0.9851
2019-11-04,El_Arish_EG,CHL,my,1.231,1.036,0.6285,1.297,1
2019-11-05,El_Arish_EG,CHL,my,1.314,1.361,0.8722,1.377,0.9851
2019-11-08,El_Arish_EG,CHL,my,1.542,,,,0.3433
2019-11-11,El_Arish_EG,CHL,my,1.482,1.303,0.8577,1.482,0.9851
2019-11-12,El_Arish_EG,CHL,my,1.492,1.439,1.062,1.559,0.9851
2019-11-16,El_Arish_EG,CHL,my,1.639,1.631,1.028,1.719,0.8657
2019-11-17,El_Arish_EG,CHL,my,1.967,1.967,1.393,2.414,0.9851
2019-11-19,El_Arish_EG,CHL,my,1.848,1.848,1.318,2.353,1
2019-11-20,El_Arish_EG,CHL,my,1.876,1.759,1.112,1.876,0.9851
2019-11-22,El_Arish_EG,CHL,my,1.067,1.196,0.8239,1.334,0.9851
2019-11-23,El_Arish_EG,CHL,my,1.358,1.376,1.049,1.4,0.9851
2019-11-24,El_Arish_EG,CHL,my,0.8496,0.8496,0.625,1.079,0.9851
2019-11-25,El_Arish_EG,CHL,my,0.8143,0.7648,0.4811,1.004,0.9254
2019-11-27,El_Arish_EG,CHL,my,1.914,1.856,1.089,1.925,0.9254
2019-11-28,El_Arish_EG,CHL,my,1.228,1.312,0.9782,1.845,1
2019-11-29,El_Arish_EG,CHL,my,0.7069,0.7069,0.4749,1.005,0.9851
2019-11-30,El_Arish_EG,CHL,my,0.912,0.912,0.4226,1.24,0.9851
2019-12-01,El_Arish_EG,CHL,my,0.9152,1.03,0.7231,1.175,0.6866
2019-12-02,El_Arish_EG,CHL,my,1.212,1.212,0.7075,1.781,1
2019-12-04,El_Arish_EG,CHL,my,1.406,1.345,0.9481,1.406,0.9851
2019-12-05,El_Arish_EG,CHL,my,0.6644,0.879,0.5948,1.402,0.9851
2019-12-06,El_Arish_EG,CHL,my,1.101,1.101,0.5353,1.427,0.9254
2019-12-07,El_Arish_EG,CHL,my,1.324,,,,0.4627
2019-12-16,El_Arish_EG,CHL,my,1.004,1.004,0.6629,1.289,0.9851
2019-12-17,El_Arish_EG,CHL,my,0.8146,0.8146,0.5223,1.363,0.9851
2019-12-18,El_Arish_EG,CHL,my,1.383,1.383,0.7876,2.007,1
2019-12-19,El_Arish_EG,CHL,my,1.24,1.253,0.8807,1.594,0.9851
2019-12-20,El_Arish_EG,CHL,my,1.161,1.161,0.7998,1.455,0.9851
2019-12-21,El_Arish_EG,CHL,my,0.5061,0.5061,0.3886,1.46,0.9851
2019-12-22,El_Arish_EG,CHL,my,0.4819,0.4459,0.3012,0.7773,0.9851
2019-12-23,El_Arish_EG,CHL,my,0.4597,0.4597,0.3485,0.9608,0.9851
2019-12-24,El_Arish_EG,CHL,my,0.8939,0.8939,0.6942,1.271,0.9851
2019-12-27,El_Arish_EG,CHL,my,,2.066,1.269,2.151,0.8657
2019-12-28,El_Arish_EG,CHL,my,1.447,1.447,1.027,2.47,0.9851
2019-12-29,El_Arish_EG,CHL,my,1.585,1.585,1.223,2.498,1
2019-12-31,El_Arish_EG,CHL,my,1.415,1.404,0.9882,1.886,0.9851
2019-01-01,Gaza_City,CHL,my,0.2485,0.1777,0.2177,0.9868,0.9254
2019-01-03,Gaza_City,CHL,my,0.5919,0.6102,0.3435,0.7594,0.9104
2019-01-04,Gaza_City,CHL,my,0.8629,0.8303,0.4144,0.9534,0.9254
2019-01-07,Gaza_City,CHL,my,0.9571,1.057,0.7605,1.123,0.801
2019-01-08,Gaza_City,CHL,my,0.7883,0.7883,0.426,0.9734,1
2019-01-10,Gaza_City,CHL,my,0.6808,0.5198,0.3568,0.7467,0.9254
2019-01-11,Gaza_City,CHL,my,0.2189,0.2189,0.1762,0.3202,1
2019-01-12,Gaza_City,CHL,my,0.1711,0.1672,0.143,0.1974,0.9254
2019-01-15,Gaza_City,CHL,my,0.7678,0.7815,0.5181,0.9386,0.9254
2019-01-18,Gaza_City,CHL,my,,0.4809,0.3589,0.8179,0.7562
2019-01-19,Gaza_City,CHL,my,0.6997,0.5801,0.3341,0.8244,0.9254
2019-01-25,Gaza_City,CHL,my,0.4119,0.3256,0.2369,0.5643,0.9254
2019-01-26,Gaza_City,CHL,my,0.5131,0.3606,0.3012,0.6404,0.9104
2019-01-29,Gaza_City,CHL,my,0.9557,0.9557,0.5783,1.01,0.9254
2019-01-30,Gaza_City,CHL,my,0.2252,0.2252,0.227,0.4894,1
2019-01-31,Gaza_City,CHL,my,0.3025,0.3049,0.2575,0.4083,0.9104
2019-02-02,Gaza_City,CHL,my,0.1101,0.1159,0.1116,0.1649,0.9104
2019-02-03,Gaza_City,CHL,my,0.1655,0.1655,0.1371,0.3418,1
2019-02-04,Gaza_City,CHL,my,0.07685,0.08661,0.08524,0.1994,0.9254
2019-02-05,Gaza_City,CHL,my,0.1954,0.1595,0.147,0.2817,0.9104
2019-02-08,Gaza_City,CHL,my,0.1911,0.1911,0.1656,0.5193,1
2019-02-09,Gaza_City,CHL,my,0.4556,0.4127,0.1816,0.4556,0.8209
2019-02-12,Gaza_City,CHL,my,0.7331,0.5918,0.3231,0.8718,1
2019-02-13,Gaza_City,CHL,my,0.7827,0.377,0.2565,0.7866,1
2019-02-16,Gaza_City,CHL,my,1.306,1.301,0.6797,1.549,1
2019-02-21,Gaza_City,CHL,my,0.2601,0.2375,0.1959,0.324,0.9254
2019-02-22,Gaza_City,CHL,my,0.06256,0.06253,0.0604,0.1199,0.9254
2019-02-23,Gaza_City,CHL,my,0.07713,0.06595,0.07142,0.1683,0.9204
2019-02-27,Gaza_City,CHL,my,0.4352,,,,0.194
2019-03-03,Gaza_City,CHL,my,0.9544,0.8793,0.449,1.175,0.806
2019-03-04,Gaza_City,CHL,my,0.3832,0.3011,0.2211,0.8746,0.9254
2019-03-06,Gaza_City,CHL,my,0.1451,0.1451,0.1324,0.3944,1
2019-03-07,Gaza_City,CHL,my,0.2162,0.1936,0.1322,0.5593,0.9254
2019-03-08,Gaza_City,CHL,my,0.237,0.1809,0.1362,0.734,0.9254
2019-03-09,Gaza_City,CHL,my,0.2651,0.1387,0.1625,0.7997,0.9104
2019-03-10,Gaza_City,CHL,my,0.4277,0.3503,0.1862,0.6746,0.9254
2019-03-11,Gaza_City,CHL,my,0.08105,0.08395,0.0777,0.162,0.9104
2019-03-13,Gaza_City,CHL,my,0.5111,0.2453,0.1963,0.9647,0.8458
2019-03-15,Gaza_City,CHL,my,,0.8146,0.4271,1.143,0.6766
2019-03-18,Gaza_City,CHL,my,1.407,1.4,0.807,1.528,1
2019-03-19,Gaza_City,CHL,my,1.389,1.369,0.6773,1.416,0.9254
2019-03-20,Gaza_City,CHL,my,1.252,1.038,0.5031,1.38,0.796
2019-03-21,Gaza_City,CHL,my,1.173,,,,0.194
2019-03-22,Gaza_City,CHL,my,0.8258,0.8113,0.4727,1.057,0.9254
2019-03-26,Gaza_City,CHL,my,1.377,1.377,0.804,1.447,0.6816
2019-03-27,Gaza_City,CHL,my,1.392,1.325,0.68,1.448,0.8458
2019-03-28,Gaza_City,CHL,my,1.508,1.508,0.8935,1.756,0.6617
2019-04-02,Gaza_City,CHL,my,1.523,1.442,0.7459,1.56,1
2019-04-03,Gaza_City,CHL,my,1.545,1.302,0.6989,1.747,0.9104
2019-04-04,Gaza_City,CHL,my,1.403,1.308,0.6027,1.648,0.9254
2019-04-05,Gaza_City,CHL,my,1.774,1.375,0.7002,1.865,0.9104
2019-04-07,Gaza_City,CHL,my,1.32,1.003,0.5698,1.538,0.8458
2019-04-10,Gaza_City,CHL,my,0.5074,0.5074,0.2944,1.056,1
2019-04-11,Gaza_City,CHL,my,0.6827,0.4742,0.3215,1.263,0.9254
2019-04-12,Gaza_City,CHL,my,0.3429,0.301,0.2381,1.022,0.9254
2019-04-18,Gaza_City,CHL,my,0.7425,0.7425,0.3549,1.282,1
2019-04-19,Gaza_City,CHL,my,,0.1005,0.07741,0.16,0.5373
2019-04-20,Gaza_City,CHL,my,1.072,1.002,0.5072,1.17,0.8209
2019-04-21,Gaza_City,CHL,my,1.341,1.341,0.7957,1.498,0.8458
2019-04-22,Gaza_City,CHL,my,1.679,1.581,0.9575,1.959,0.9254
2019-04-23,Gaza_City,CHL,my,1.447,1.428,0.8343,1.656,0.9104
2019-04-26,Gaza_City,CHL,my,1.052,0.9506,0.6432,1.061,0.9104
2019-04-27,Gaza_City,CHL,my,0.9699,0.9317,0.5987,1.042,0.9104
2019-04-28,Gaza_City,CHL,my,1.053,0.948,0.678,1.078,0.8458
2019-05-03,Gaza_City,CHL,my,,0.1976,0.1516,0.232,0.6915
2019-05-04,Gaza_City,CHL,my,0.1738,0.1391,0.114,0.3737,0.9254
2019-05-07,Gaza_City,CHL,my,0.2064,0.1269,0.1026,0.223,0.8458
2019-05-08,Gaza_City,CHL,my,,0.09649,0.07739,0.1581,0.6667
2019-05-09,Gaza_City,CHL,my,0.4419,0.4419,0.2493,1.083,1
2019-05-11,Gaza_City,CHL,my,0.7668,0.7612,0.259,0.9208,1
2019-05-12,Gaza_City,CHL,my,0.8617,0.6001,0.2241,0.8617,0.9254
2019-05-13,Gaza_City,CHL,my,0.5064,0.4971,0.225,0.6681,1
2019-05-14,Gaza_City,CHL,my,0.3423,0.3188,0.1538,0.5881,0.9254
2019-05-15,Gaza_City,CHL,my,0.2188,0.2188,0.1187,0.3894,0.9254
2019-05-16,Gaza_City,CHL,my,0.1772,0.1772,0.1261,0.4532,1
2019-05-19,Gaza_City,CHL,my,0.1084,0.1084,0.09388,0.3591,1
2019-05-20,Gaza_City,CHL,my,0.1296,0.08433,0.08657,0.2817,0.9254
2019-05-22,Gaza_City,CHL,my,,0.1072,0.0778,0.1131,0.6119
2019-05-26,Gaza_City,CHL,my,,0.09335,0.06654,0.1194,0.7313
2019-05-27,Gaza_City,CHL,my,,0.1085,0.08013,0.2031,0.6766
2019-05-28,Gaza_City,CHL,my,0.1816,0.0931,0.07793,0.1913,0.9104
2019-06-01,Gaza_City,CHL,my,,0.1036,0.07819,0.1071,0.6119
2019-06-02,Gaza_City,CHL,my,0.186,0.1387,0.107,0.2407,0.8458
2019-06-03,Gaza_City,CHL,my,0.2285,0.1937,0.1544,0.4667,0.7363
2019-06-07,Gaza_City,CHL,my,0.1495,0.1363,0.1044,0.1612,0.8458
2019-06-09,Gaza_City,CHL,my,0.1352,0.1258,0.1055,0.1863,0.9104
2019-06-10,Gaza_City,CHL,my,0.1273,0.1114,0.0858,0.1367,0.8458
2019-06-11,Gaza_City,CHL,my,0.1208,0.1036,0.08604,0.1432,0.8458
2019-06-12,Gaza_City,CHL,my,0.1189,0.1189,0.1444,0.7248,1
2019-06-13,Gaza_City,CHL,my,0.07393,0.08227,0.06911,0.1045,0.9254
2019-06-14,Gaza_City,CHL,my,0.1669,0.1504,0.09511,0.1669,0.6766
2019-06-15,Gaza_City,CHL,my,0.294,0.2916,0.158,0.5627,0.9254
2019-06-16,Gaza_City,CHL,my,0.31,0.31,0.1585,0.6189,0.9254
2019-06-17,Gaza_City,CHL,my,0.2727,0.128,0.1061,0.3237,0.8458
2019-06-18,Gaza_City,CHL,my,0.2845,0.1909,0.1447,0.5233,0.9104
2019-06-19,Gaza_City,CHL,my,0.3509,0.2487,0.1697,0.6798,0.9104
2019-06-20,Gaza_City,CHL,my,0.322,0.322,0.2106,0.7646,1
2019-06-21,Gaza_City,CHL,my,0.1936,0.1936,0.1344,0.4403,0.9005
2019-06-22,Gaza_City,CHL,my,0.09787,0.09787,0.114,0.4541,1
2019-06-23,Gaza_City,CHL,my,0.1148,0.1352,0.1034,0.3943,0.9254
2019-06-24,Gaza_City,CHL,my,0.1981,0.1916,0.1245,0.3967,0.9254
2019-06-25,Gaza_City,CHL,my,0.3679,0.2023,0.1434,0.3679,0.6965
2019-06-26,Gaza_City,CHL,my,0.1366,0.141,0.1364,0.5242,1
2019-06-27,Gaza_City,CHL,my,,0.1696,0.1505,0.524,0.8358
2019-06-28,Gaza_City,CHL,my,0.2358,0.1791,0.1305,0.3906,0.796
2019-06-29,Gaza_City,CHL,my,0.2074,0.2074,0.1201,0.2635,0.9254
2019-06-30,Gaza_City,CHL,my,0.6188,0.6242,0.326,1.333,1
2019-07-01,Gaza_City,CHL,my,0.3806,0.1642,0.1936,0.8082,0.9104
2019-07-02,Gaza_City,CHL,my,0.3158,0.2557,0.1915,0.9888,0.9254
2019-07-03,Gaza_City,CHL,my,0.2472,0.2036,0.1388,0.3849,0.9104
2019-07-04,Gaza_City,CHL,my,0.2912,0.1887,0.126,0.4801,0.9254
2019-07-05,Gaza_City,CHL,my,0.2979,0.2979,0.1839,0.5855,1
2019-07-06,Gaza_City,CHL,my,0.1668,,,,0.2338
2019-07-08,Gaza_City,CHL,my,0.7962,0.9697,0.4886,1.216,0.9254
2019-07-09,Gaza_City,CHL,my,0.3386,0.3386,0.2105,0.7199,0.6866
2019-07-10,Gaza_City,CHL,my,1.152,1.099,0.401,1.276,0.9254
2019-07-13,Gaza_City,CHL,my,1.077,1.078,0.5141,1.139,1
2019-07-14,Gaza_City,CHL,my,1.217,1.203,0.5889,1.343,0.9254
2019-07-15,Gaza_City,CHL,my,1.399,1.174,0.5757,1.509,0.9104
2019-07-16,Gaza_City,CHL,my,1.091,0.7619,0.3657,1.091,0.8209
2019-07-18,Gaza_City,CHL,my,0.8416,0.6482,0.3808,1.237,0.9104
2019-07-19,Gaza_City,CHL,my,0.145,0.145,0.2199,1.389,1
2019-07-20,Gaza_City,CHL,my,0.3665,0.2708,0.201,0.623,0.9254
2019-07-21,Gaza_City,CHL,my,0.5378,0.4486,0.2878,0.9722,0.8607
2019-07-22,Gaza_City,CHL,my,0.3386,0.1035,0.1017,0.3386,0.8458
2019-07-23,Gaza_City,CHL,my,0.5154,0.2364,0.1885,0.7052,0.9104
2019-07-24,Gaza_City,CHL,my,0.3477,0.6024,0.3715,1.027,0.9254
2019-07-25,Gaza_City,CHL,my,0.3421,0.3421,0.2026,0.7752,1
2019-07-26,Gaza_City,CHL,my,0.2831,0.2831,0.1685,0.5183,0.9254
2019-07-28,Gaza_City,CHL,my,0.3304,0.3082,0.1757,0.6264,0.9104
2019-07-29,Gaza_City,CHL,my,0.6556,0.6556,0.3479,1.029,1
2019-07-30,Gaza_City,CHL,my,,0.2629,0.2028,0.935,0.6667
2019-07-31,Gaza_City,CHL,my,0.8158,0.6517,0.4719,1.671,0.9851
2019-08-01,Gaza_City,CHL,my,0.5886,0.5584,0.3509,1.256,0.9254
2019-08-02,Gaza_City,CHL,my,0.3004,0.3004,0.1973,0.5023,0.5572
2019-08-03,Gaza_City,CHL,my,0.19,0.1716,0.1459,0.3855,0.9254
2019-08-04,Gaza_City,CHL,my,,0.08518,0.07722,0.1447,0.5473
2019-08-05,Gaza_City,CHL,my,0.5214,0.5347,0.3003,0.8398,0.9104
2019-08-07,Gaza_City,CHL,my,0.9374,0.3331,0.2531,1.152,0.8458
2019-08-08,Gaza_City,CHL,my,1.212,1.229,0.6587,1.388,1
2019-08-09,Gaza_City,CHL,my,1.189,0.615,0.3282,1.189,0.8209
2019-08-10,Gaza_City,CHL,my,1.039,0.9339,0.4679,1.266,0.9254
2019-08-11,Gaza_City,CHL,my,1.241,1.17,0.4752,1.732,0.9254
2019-08-12,Gaza_City,CHL,my,1.02,1.008,0.4229,1.475,1
2019-08-13,Gaza_City,CHL,my,0.2646,0.173,0.1569,0.6328,0.9254
2019-08-15,Gaza_City,CHL,my,0.1653,0.1527,0.1488,0.5298,0.9104
2019-08-16,Gaza_City,CHL,my,0.2324,0.1174,0.1222,0.2887,0.9104
2019-08-17,Gaza_City,CHL,my,0.3032,,,,0.4527
2019-08-18,Gaza_City,CHL,my,0.09048,0.08859,0.06981,0.1272,0.5323
2019-08-19,Gaza_City,CHL,my,0.1152,0.1775,0.1827,0.6818,1
2019-08-20,Gaza_City,CHL,my,1.229,0.4386,0.3596,1.298,0.6269
2019-08-21,Gaza_City,CHL,my,1.167,1.091,0.5898,1.249,1
2019-08-23,Gaza_City,CHL,my,0.1902,0.1046,0.1016,0.5285,0.9254
2019-08-24,Gaza_City,CHL,my,0.4106,0.4106,0.1666,0.8197,0.9254
2019-08-25,Gaza_City,CHL,my,0.2121,0.1386,0.1151,0.6522,0.8607
2019-08-26,Gaza_City,CHL,my,0.1904,0.2055,0.1612,0.6898,0.9254
2019-08-27,Gaza_City,CHL,my,0.2092,0.1995,0.1502,0.3224,0.9104
2019-08-28,Gaza_City,CHL,my,0.4044,0.3593,0.1814,0.5195,0.9254
2019-08-29,Gaza_City,CHL,my,0.3114,0.1701,0.1166,0.3636,0.8458
2019-08-30,Gaza_City,CHL,my,0.4379,0.4379,0.2718,0.924,0.607
2019-08-31,Gaza_City,CHL,my,0.9369,0.438,0.3882,1.784,0.9353
2019-09-01,Gaza_City,CHL,my,0.7214,0.5578,0.3505,1.716,0.9254
2019-09-02,Gaza_City,CHL,my,0.9146,0.2472,0.1793,0.9146,0.7811
2019-09-03,Gaza_City,CHL,my,0.879,0.3155,0.3134,1.508,0.9254
2019-09-04,Gaza_City,CHL,my,1.383,1.383,0.6456,1.914,1
2019-09-05,Gaza_City,CHL,my,1.221,0.7067,0.4146,1.467,0.9104
2019-09-06,Gaza_City,CHL,my,1.15,1.037,0.4322,1.228,0.9104
2019-09-07,Gaza_City,CHL,my,0.99,0.7761,0.3115,1.534,0.9254
2019-09-09,Gaza_City,CHL,my,0.9055,0.717,0.3313,1.367,0.9254
2019-09-10,Gaza_City,CHL,my,1.042,0.6346,0.2835,1.042,0.8209
2019-09-11,Gaza_City,CHL,my,1.031,1.031,0.5978,1.629,0.9254
2019-09-12,Gaza_City,CHL,my,1.092,1.092,0.548,1.232,0.9254
2019-09-13,Gaza_City,CHL,my,1.232,1.131,0.441,1.267,0.8408
2019-09-14,Gaza_City,CHL,my,1.16,1.097,0.679,1.298,0.6716
2019-09-15,Gaza_City,CHL,my,1.302,1.282,0.6503,1.476,0.9254
2019-09-16,Gaza_City,CHL,my,1.216,1.164,0.4384,1.319,0.8706
2019-09-17,Gaza_City,CHL,my,1.513,1.536,0.8505,1.924,0.9254
2019-09-20,Gaza_City,CHL,my,,0.4801,0.3206,1.079,0.7662
2019-09-21,Gaza_City,CHL,my,1.13,0.9738,0.4196,1.235,0.9254
2019-09-22,Gaza_City,CHL,my,0.7981,0.6874,0.2925,0.8663,0.7662
2019-09-23,Gaza_City,CHL,my,1.02,0.8992,0.4018,1.03,1
2019-09-24,Gaza_City,CHL,my,1.254,1.184,0.6135,1.281,1
2019-09-25,Gaza_City,CHL,my,1.146,1.124,0.6174,1.455,0.9254
2019-09-26,Gaza_City,CHL,my,0.9589,0.9732,0.4885,1.305,1
2019-09-27,Gaza_City,CHL,my,1.088,0.9679,0.5736,1.296,0.9254
2019-09-28,Gaza_City,CHL,my,1.02,1.092,0.6,1.31,0.7662
2019-09-29,Gaza_City,CHL,my,1.133,,,,0.2338
2019-09-30,Gaza_City,CHL,my,1.138,1.102,0.4459,1.548,1
2019-10-01,Gaza_City,CHL,my,0.761,0.318,0.2465,1.224,0.9154
2019-10-02,Gaza_City,CHL,my,0.205,0.205,0.2421,1.039,1
2019-10-03,Gaza_City,CHL,my,0.5932,0.3534,0.2682,0.7203,0.9104
2019-10-04,Gaza_City,CHL,my,0.6433,0.4459,0.2531,0.7808,0.9254
2019-10-05,Gaza_City,CHL,my,0.4363,0.4557,0.266,0.7719,0.8408
2019-10-06,Gaza_City,CHL,my,0.685,0.685,0.2925,0.9086,1
2019-10-07,Gaza_City,CHL,my,0.4774,0.2045,0.1584,0.838,0.9104
2019-10-08,Gaza_City,CHL,my,0.5209,0.342,0.1838,0.7758,0.9254
2019-10-09,Gaza_City,CHL,my,0.5742,0.5742,0.2397,0.8527,1
2019-10-11,Gaza_City,CHL,my,0.5608,,,,0.4328
2019-10-12,Gaza_City,CHL,my,0.923,0.8812,0.4736,1.143,0.7164
2019-10-13,Gaza_City,CHL,my,0.7569,0.6975,0.3497,0.7927,1
2019-10-14,Gaza_City,CHL,my,0.5938,0.5431,0.2591,0.7197,0.9104
2019-10-17,Gaza_City,CHL,my,0.955,0.9638,0.6989,1.27,0.6468
2019-10-18,Gaza_City,CHL,my,0.9392,0.9392,0.5714,1.055,0.6468
2019-10-19,Gaza_City,CHL,my,0.8578,0.8578,0.3714,1.401,0.9254
2019-10-20,Gaza_City,CHL,my,0.4771,0.6771,0.4515,0.9356,0.7761
2019-10-21,Gaza_City,CHL,my,0.7508,0.7292,0.3841,0.8962,0.9254
2019-10-22,Gaza_City,CHL,my,0.675,0.5696,0.2361,0.675,0.6318
2019-10-24,Gaza_City,CHL,my,0.7441,0.7441,0.3242,0.9232,1
2019-10-25,Gaza_City,CHL,my,0.9087,0.8518,0.4462,0.9628,0.9254
2019-10-27,Gaza_City,CHL,my,0.8642,0.8642,0.5055,0.9199,0.9254
2019-10-28,Gaza_City,CHL,my,0.9087,0.7753,0.414,0.971,0.8458
2019-10-29,Gaza_City,CHL,my,0.8545,0.8545,0.7117,1.109,0.5423
2019-10-30,Gaza_City,CHL,my,0.5332,0.4999,0.2653,0.6006,0.9254
2019-10-31,Gaza_City,CHL,my,0.6447,0.5967,0.3057,0.8719,0.9254
2019-11-01,Gaza_City,CHL,my,0.2507,0.288,0.1669,0.6434,1
2019-11-02,Gaza_City,CHL,my,0.343,0.2646,0.1982,0.3936,0.9104
2019-11-03,Gaza_City,CHL,my,0.4762,0.3776,0.2659,0.5898,0.9104
2019-11-04,Gaza_City,CHL,my,0.5368,0.5316,0.2968,0.8794,0.9254
2019-11-05,Gaza_City,CHL,my,0.9134,0.6937,0.3414,0.9134,1
2019-11-08,Gaza_City,CHL,my,0.6445,0.5002,0.3555,0.7373,0.9104
2019-11-12,Gaza_City,CHL,my,0.626,0.3203,0.2677,0.8301,0.9104
2019-11-13,Gaza_City,CHL,my,,0.1742,0.1403,0.2027,0.5373
2019-11-16,Gaza_City,CHL,my,,0.7736,0.4261,0.8855,0.8706
2019-11-17,Gaza_City,CHL,my,0.9765,1.013,0.5817,1.166,0.8458
2019-11-18,Gaza_City,CHL,my,,0.6779,0.4834,1.261,0.6418
2019-11-19,Gaza_City,CHL,my,0.7354,0.7354,0.4922,0.9349,0.9254
2019-11-20,Gaza_City,CHL,my,0.4363,0.6623,0.3354,0.7931,0.9254
2019-11-21,Gaza_City,CHL,my,0.3987,,,,0.3383
2019-11-22,Gaza_City,CHL,my,0.2069,0.2064,0.123,0.2225,0.8458
2019-11-23,Gaza_City,CHL,my,0.1545,0.1545,0.1187,0.279,0.9254
2019-11-25,Gaza_City,CHL,my,0.3667,0.3667,0.2379,0.5916,0.9104
2019-11-27,Gaza_City,CHL,my,0.5119,0.5119,0.3526,0.7679,0.9254
2019-11-28,Gaza_City,CHL,my,0.959,1.127,0.7796,1.297,0.9254
2019-11-29,Gaza_City,CHL,my,0.1741,0.2358,0.1751,0.2832,0.9254
2019-11-30,Gaza_City,CHL,my,0.3606,0.2627,0.1514,0.3728,0.8458
2019-12-01,Gaza_City,CHL,my,0.2426,0.2426,0.159,0.4615,1
2019-12-02,Gaza_City,CHL,my,0.153,,,,0.3781
2019-12-03,Gaza_City,CHL,my,0.6746,0.5419,0.2544,0.7367,0.9254
2019-12-04,Gaza_City,CHL,my,0.3205,0.3554,0.2501,0.5527,0.8706
2019-12-05,Gaza_City,CHL,my,0.5677,0.4742,0.2232,0.6501,0.9254
2019-12-06,Gaza_City,CHL,my,0.4421,0.4421,0.3326,0.7862,0.6816
2019-12-07,Gaza_City,CHL,my,0.3476,0.3476,0.1857,0.3894,0.6517
2019-12-14,Gaza_City,CHL,my,0.3581,0.2352,0.1795,0.42,0.9104
2019-12-16,Gaza_City,CHL,my,0.177,0.2342,0.1911,0.3268,0.9254
2019-12-17,Gaza_City,CHL,my,0.1673,0.1644,0.1476,0.3253,0.9254
2019-12-18,Gaza_City,CHL,my,0.2808,0.3403,0.2335,0.7097,0.9254
2019-12-19,Gaza_City,CHL,my,0.09429,0.1099,0.09991,0.1346,0.9254
2019-12-20,Gaza_City,CHL,my,0.1098,0.1184,0.1175,0.223,0.9254
2019-12-21,Gaza_City,CHL,my,0.4338,0.4991,0.346,0.6617,1
2019-12-22,Gaza_City,CHL,my,0.4398,0.5075,0.3602,0.5503,1
2019-12-23,Gaza_City,CHL,my,0.3744,0.3647,0.236,0.389,0.9254
2019-12-24,Gaza_City,CHL,my,0.7214,0.6964,0.4288,0.7921,1
2019-12-28,Gaza_City,CHL,my,0.3928,0.3928,0.332,0.9144,1
2019-12-29,Gaza_City,CHL,my,0.4617,0.4468,0.3466,0.5997,0.9254
2019-12-30,Gaza_City,CHL,my,0.4402,0.2874,0.2513,0.5275,0.9104
2019-12-31,Gaza_City,CHL,my,0.3579,0.3164,0.2569,0.6896,0.9254
2019-01-01,Hadera_IL,CHL,my,0.4066,0.407,0.1991,0.6159,0.9652
2019-01-04,Hadera_IL,CHL,my,0.3977,0.2033,0.1649,0.4294,0.9403
2019-01-05,Hadera_IL,CHL,my,0.1927,,,,0.4279
2019-01-10,Hadera_IL,CHL,my,0.413,0.3952,0.312,0.4583,0.9403
2019-01-11,Hadera_IL,CHL,my,0.2342,0.2641,0.2485,0.2823,0.8159
2019-01-12,Hadera_IL,CHL,my,0.3477,0.3477,0.2711,0.4109,0.9751
2019-01-15,Hadera_IL,CHL,my,0.4752,0.4913,0.3278,0.7586,0.9005
2019-01-18,Hadera_IL,CHL,my,0.9228,0.9089,0.686,1.2,1
2019-01-19,Hadera_IL,CHL,my,0.697,0.6228,0.4078,0.932,0.9403
2019-01-21,Hadera_IL,CHL,my,,0.1712,0.1492,0.1976,0.7562
2019-01-23,Hadera_IL,CHL,my,0.524,0.4089,0.3318,0.642,0.9403
2019-01-25,Hadera_IL,CHL,my,0.2043,0.1974,0.1592,0.2452,0.8756
2019-01-26,Hadera_IL,CHL,my,0.1637,0.1538,0.1655,0.3077,0.9403
2019-01-29,Hadera_IL,CHL,my,0.1621,0.1972,0.1482,0.2068,0.9403
2019-01-30,Hadera_IL,CHL,my,0.1067,0.09343,0.08536,0.1167,0.9403
2019-01-31,Hadera_IL,CHL,my,0.1105,0.118,0.1128,0.1391,0.9403
2019-02-01,Hadera_IL,CHL,my,0.1663,,,,0.1194
2019-02-02,Hadera_IL,CHL,my,0.1123,0.1123,0.08675,0.1251,0.7662
2019-02-03,Hadera_IL,CHL,my,0.1208,0.119,0.0987,0.2025,1
2019-02-04,Hadera_IL,CHL,my,0.1322,0.1086,0.0962,0.1322,0.8756
2019-02-05,Hadera_IL,CHL,my,0.2256,0.2049,0.1517,0.2466,0.8756
2019-02-07,Hadera_IL,CHL,my,0.1214,0.1134,0.09325,0.1214,0.6219
2019-02-08,Hadera_IL,CHL,my,0.1762,0.1629,0.1314,0.19,0.9403
2019-02-09,Hadera_IL,CHL,my,0.1141,0.1141,0.1013,0.1401,0.6716
2019-02-12,Hadera_IL,CHL,my,0.1044,0.099,0.08468,0.132,0.8756
2019-02-13,Hadera_IL,CHL,my,0.1255,0.1255,0.1077,0.1585,0.9403
2019-02-17,Hadera_IL,CHL,my,0.2619,0.208,0.1826,0.5583,0.9403
2019-02-19,Hadera_IL,CHL,my,0.1563,,,,0.3333
2019-02-22,Hadera_IL,CHL,my,0.08644,0.08644,0.08504,0.2071,0.9652
2019-02-23,Hadera_IL,CHL,my,0.1343,0.09365,0.08718,0.1362,0.9403
2019-02-24,Hadera_IL,CHL,my,,0.09667,0.09061,0.1485,0.6965
2019-03-04,Hadera_IL,CHL,my,,0.1299,0.1093,0.1344,0.5323
2019-03-06,Hadera_IL,CHL,my,0.5153,0.5153,0.2411,1.025,0.9652
2019-03-08,Hadera_IL,CHL,my,0.1379,0.084,0.1606,0.9755,0.9403
2019-03-09,Hadera_IL,CHL,my,0.2603,0.179,0.176,0.8668,0.9403
2019-03-11,Hadera_IL,CHL,my,0.06086,0.0562,0.05944,0.1156,0.9403
2019-03-18,Hadera_IL,CHL,my,0.3761,0.3761,0.2501,1.065,0.9652
2019-03-19,Hadera_IL,CHL,my,0.4288,0.4288,0.2765,0.989,1
2019-03-20,Hadera_IL,CHL,my,0.5413,0.3458,0.2326,0.8557,0.9403
2019-03-21,Hadera_IL,CHL,my,0.1819,0.0872,0.08119,0.1819,0.6915
2019-03-22,Hadera_IL,CHL,my,0.1436,0.1288,0.08035,0.1564,0.8756
2019-03-26,Hadera_IL,CHL,my,0.07547,0.07547,0.07776,0.4602,0.9751
2019-03-27,Hadera_IL,CHL,my,,0.09269,0.06873,0.09623,0.6716
2019-04-02,Hadera_IL,CHL,my,,0.3004,0.2275,1.166,0.5473
2019-04-03,Hadera_IL,CHL,my,1.439,1.158,0.6945,1.439,0.8756
2019-04-04,Hadera_IL,CHL,my,0.6301,0.5001,0.3201,0.7221,0.9403
2019-04-05,Hadera_IL,CHL,my,1.886,1.667,0.947,2.338,0.9403
2019-04-10,Hadera_IL,CHL,my,0.2769,0.2769,0.161,0.5981,0.9751
2019-04-11,Hadera_IL,CHL,my,0.2632,0.2261,0.1349,0.2981,0.8756
2019-04-12,Hadera_IL,CHL,my,0.3178,0.2097,0.1367,0.3178,0.8159
2019-04-13,Hadera_IL,CHL,my,,0.09331,0.08141,0.102,0.5721
2019-04-16,Hadera_IL,CHL,my,0.1097,0.09263,0.07715,0.2978,0.8756
2019-04-18,Hadera_IL,CHL,my,,0.05101,0.04591,0.05813,0.5124
2019-04-20,Hadera_IL,CHL,my,0.1039,0.08991,0.0649,0.1171,0.8756
2019-04-21,Hadera_IL,CHL,my,0.1287,0.1182,0.08236,0.2021,0.8756
2019-04-23,Hadera_IL,CHL,my,0.5621,0.5621,0.3203,1.644,1
2019-04-27,Hadera_IL,CHL,my,0.1431,,,,0.3284
2019-04-28,Hadera_IL,CHL,my,0.1609,0.1523,0.1387,0.2076,0.8756
2019-05-03,Hadera_IL,CHL,my,0.0696,0.05478,0.04425,0.0696,0.8159
2019-05-04,Hadera_IL,CHL,my,0.0656,0.06024,0.05098,0.1021,0.9403
2019-05-05,Hadera_IL,CHL,my,0.06107,0.0545,0.04833,0.06107,0.8159
2019-05-07,Hadera_IL,CHL,my,0.06527,0.06063,0.05407,0.06527,0.8159
2019-05-08,Hadera_IL,CHL,my,,0.04356,0.04015,0.04469,0.6816
2019-05-09,Hadera_IL,CHL,my,0.05817,0.05817,0.05928,0.1621,0.6318
2019-05-10,Hadera_IL,CHL,my,0.05902,0.04822,0.04791,0.0858,0.9403
2019-05-11,Hadera_IL,CHL,my,0.05183,0.05183,0.05287,0.1674,1
2019-05-12,Hadera_IL,CHL,my,0.06379,0.06379,0.05949,0.1905,1
2019-05-13,Hadera_IL,CHL,my,0.07598,0.0644,0.0485,0.07598,0.8159
2019-05-14,Hadera_IL,CHL,my,0.06501,0.05854,0.04847,0.07887,0.8756
2019-05-15,Hadera_IL,CHL,my,0.05319,0.05107,0.04408,0.05859,0.8756
2019-05-16,Hadera_IL,CHL,my,0.05313,0.05039,0.04793,0.0581,0.8756
2019-05-18,Hadera_IL,CHL,my,,0.06313,0.0551,0.06914,0.7562
2019-05-19,Hadera_IL,CHL,my,0.05533,0.0446,0.03951,0.07492,0.8756
2019-05-20,Hadera_IL,CHL,my,0.06519,0.04711,0.04692,0.06519,0.8159
2019-05-21,Hadera_IL,CHL,my,,0.05417,0.05131,0.05944,0.6318
2019-05-28,Hadera_IL,CHL,my,0.09026,0.09026,0.06407,0.1807,0.9751
2019-05-30,Hadera_IL,CHL,my,,0.062,0.05338,0.06834,0.5721
2019-06-02,Hadera_IL,CHL,my,0.09404,0.0765,0.06282,0.09404,0.8159
2019-06-03,Hadera_IL,CHL,my,,0.05793,0.04678,0.05943,0.5672
2019-06-07,Hadera_IL,CHL,my,,0.0696,0.06373,0.07995,0.7562
2019-06-10,Hadera_IL,CHL,my,0.07334,0.06897,0.05717,0.09056,0.8756
2019-06-11,Hadera_IL,CHL,my,0.06177,0.05689,0.05105,0.06177,0.8159
2019-06-12,Hadera_IL,CHL,my,0.06119,,,,0.1841
2019-06-15,Hadera_IL,CHL,my,0.05387,0.05519,0.05593,0.1722,0.9353
2019-06-16,Hadera_IL,CHL,my,0.0662,0.0607,0.0506,0.07183,0.8756
2019-06-18,Hadera_IL,CHL,my,0.09275,0.0766,0.05836,0.0944,0.8607
2019-06-19,Hadera_IL,CHL,my,0.09051,0.08425,0.05123,0.09051,0.8756
2019-06-22,Hadera_IL,CHL,my,0.07042,0.08229,0.08737,0.3719,0.7313
2019-06-23,Hadera_IL,CHL,my,0.0818,0.08343,0.0614,0.09616,0.9403
2019-06-24,Hadera_IL,CHL,my,0.09966,0.09966,0.06828,0.1745,0.9751
2019-06-26,Hadera_IL,CHL,my,0.0547,0.05366,0.04395,0.06402,0.9403
2019-06-27,Hadera_IL,CHL,my,,0.05966,0.04852,0.084,0.7512
2019-07-01,Hadera_IL,CHL,my,0.1188,0.1146,0.06973,0.1384,0.8756
2019-07-02,Hadera_IL,CHL,my,0.09474,0.09991,0.07536,0.201,0.9652
2019-07-03,Hadera_IL,CHL,my,0.1114,0.09485,0.06744,0.1387,0.8756
2019-07-04,Hadera_IL,CHL,my,0.1106,0.1188,0.08639,0.2019,0.9403
2019-07-08,Hadera_IL,CHL,my,0.06614,0.06614,0.06143,0.1384,0.7363
2019-07-10,Hadera_IL,CHL,my,0.09703,0.09703,0.06693,0.1077,0.8756
2019-07-13,Hadera_IL,CHL,my,0.1972,0.1781,0.1233,0.5213,1
2019-07-14,Hadera_IL,CHL,my,0.2022,0.1856,0.09855,0.2022,0.8159
2019-07-15,Hadera_IL,CHL,my,,0.1022,0.0648,0.1514,0.791
2019-07-16,Hadera_IL,CHL,my,0.1467,0.1733,0.1043,0.1936,0.8159
2019-07-19,Hadera_IL,CHL,my,0.0841,0.0841,0.08537,0.3967,1
2019-07-20,Hadera_IL,CHL,my,0.09694,0.09694,0.08059,0.1271,0.8756
2019-07-22,Hadera_IL,CHL,my,0.1178,0.08829,0.08338,0.1178,0.8159
2019-07-23,Hadera_IL,CHL,my,0.07806,0.08442,0.06948,0.1867,0.9652
2019-07-24,Hadera_IL,CHL,my,0.1313,0.1023,0.07909,0.1313,0.8159
2019-07-25,Hadera_IL,CHL,my,0.1012,0.1012,0.08854,0.1095,0.8756
2019-07-26,Hadera_IL,CHL,my,0.1055,0.1487,0.1037,0.2951,0.9652
2019-07-28,Hadera_IL,CHL,my,,0.1069,0.08954,0.1086,0.5721
2019-07-29,Hadera_IL,CHL,my,0.1279,0.1698,0.09981,0.3911,0.7164
2019-07-30,Hadera_IL,CHL,my,0.1239,0.1053,0.075,0.1416,0.8756
2019-07-31,Hadera_IL,CHL,my,0.1673,0.1615,0.1001,0.1741,0.9403
2019-08-01,Hadera_IL,CHL,my,0.1208,0.1208,0.1079,0.4443,0.9801
2019-08-04,Hadera_IL,CHL,my,0.1311,0.1235,0.1041,0.1311,0.6368
2019-08-06,Hadera_IL,CHL,my,0.08852,0.08852,0.06438,0.109,0.6866
2019-08-07,Hadera_IL,CHL,my,,0.07583,0.0625,0.0784,0.7562
2019-08-11,Hadera_IL,CHL,my,0.159,0.1911,0.1332,0.2723,0.9403
2019-08-12,Hadera_IL,CHL,my,0.2464,0.1778,0.1375,0.2464,0.6517
2019-08-13,Hadera_IL,CHL,my,,0.1375,0.09956,0.2525,0.7264
2019-08-15,Hadera_IL,CHL,my,0.1423,0.1423,0.1143,0.3073,0.9751
2019-08-16,Hadera_IL,CHL,my,0.1554,0.1381,0.109,0.19,0.9403
2019-08-18,Hadera_IL,CHL,my,0.1027,0.09447,0.08429,0.1141,0.7562
2019-08-19,Hadera_IL,CHL,my,0.0868,0.09848,0.1167,0.4026,0.6318
2019-08-20,Hadera_IL,CHL,my,0.1176,0.1181,0.09376,0.2392,0.9403
2019-08-21,Hadera_IL,CHL,my,0.1454,0.1415,0.1146,0.2493,0.9403
2019-08-22,Hadera_IL,CHL,my,0.1348,0.1123,0.09262,0.1956,0.9403
2019-08-23,Hadera_IL,CHL,my,0.1472,0.1472,0.1452,0.3385,1
2019-08-24,Hadera_IL,CHL,my,0.1214,0.1488,0.1372,0.3883,1
2019-08-25,Hadera_IL,CHL,my,0.1003,0.0994,0.07946,0.1147,0.8806
2019-08-26,Hadera_IL,CHL,my,0.1297,0.1286,0.1021,0.147,0.8756
2019-08-27,Hadera_IL,CHL,my,,0.102,0.08849,0.1435,0.7562
2019-08-28,Hadera_IL,CHL,my,0.08678,0.08678,0.07358,0.09276,0.5473
2019-08-30,Hadera_IL,CHL,my,0.07496,0.07496,0.06728,0.09442,0.6318
2019-08-31,Hadera_IL,CHL,my,0.07617,0.06423,0.05808,0.07617,0.8159
2019-09-01,Hadera_IL,CHL,my,0.08792,0.08623,0.06722,0.1504,0.9403
2019-09-02,Hadera_IL,CHL,my,0.07139,,,,0.4876
2019-09-03,Hadera_IL,CHL,my,0.1327,0.1031,0.07339,0.144,0.9403
2019-09-04,Hadera_IL,CHL,my,0.1032,0.1017,0.08414,0.1463,0.9403
2019-09-05,Hadera_IL,CHL,my,0.09969,0.09969,0.08167,0.1221,0.5075
2019-09-09,Hadera_IL,CHL,my,0.1289,0.1576,0.1254,0.4997,0.7164
2019-09-10,Hadera_IL,CHL,my,0.08453,0.08453,0.06873,0.1449,0.9403
2019-09-11,Hadera_IL,CHL,my,0.08442,0.0867,0.0755,0.22,0.9652
2019-09-12,Hadera_IL,CHL,my,0.08775,0.0952,0.07323,0.1257,0.9403
2019-09-14,Hadera_IL,CHL,my,0.1083,0.08892,0.07733,0.1419,0.6667
2019-09-16,Hadera_IL,CHL,my,0.1058,0.1042,0.07676,0.1058,0.5473
2019-09-17,Hadera_IL,CHL,my,0.2087,0.2238,0.14,0.3634,1
2019-09-20,Hadera_IL,CHL,my,0.1221,0.1161,0.1022,0.1676,0.9403
2019-09-21,Hadera_IL,CHL,my,0.1137,0.1137,0.1009,0.2677,0.9751
2019-09-22,Hadera_IL,CHL,my,0.08996,0.08512,0.07512,0.117,0.9403
2019-09-23,Hadera_IL,CHL,my,0.09099,0.08235,0.08607,0.1696,0.9403
2019-09-24,Hadera_IL,CHL,my,0.07527,0.07527,0.0751,0.1894,0.9652
2019-09-25,Hadera_IL,CHL,my,0.1027,0.08228,0.07856,0.1521,0.9403
2019-09-26,Hadera_IL,CHL,my,0.06208,0.06208,0.05939,0.1034,0.9403
2019-09-27,Hadera_IL,CHL,my,0.06356,0.08199,0.07398,0.09075,0.8756
2019-09-28,Hadera_IL,CHL,my,0.05831,0.06378,0.06106,0.06881,0.8756
2019-09-29,Hadera_IL,CHL,my,0.06175,0.06006,0.05844,0.07511,0.9403
2019-09-30,Hadera_IL,CHL,my,0.0553,0.06875,0.06873,0.1481,1
2019-10-01,Hadera_IL,CHL,my,0.07147,0.06596,0.062,0.1093,0.9403
2019-10-02,Hadera_IL,CHL,my,0.07025,0.07025,0.07624,0.2435,1
2019-10-03,Hadera_IL,CHL,my,0.07079,0.07447,0.06696,0.1013,0.9403
2019-10-04,Hadera_IL,CHL,my,0.08387,0.07956,0.06581,0.1774,0.9652
2019-10-05,Hadera_IL,CHL,my,0.07616,0.06957,0.06305,0.07616,0.8159
2019-10-07,Hadera_IL,CHL,my,0.04115,0.05228,0.04846,0.07977,0.9403
2019-10-08,Hadera_IL,CHL,my,0.07939,0.07939,0.062,0.09638,0.5075
2019-10-09,Hadera_IL,CHL,my,0.04263,0.05738,0.06487,0.266,1
2019-10-12,Hadera_IL,CHL,my,0.04817,0.06211,0.05625,0.06513,0.8756
2019-10-13,Hadera_IL,CHL,my,0.0679,0.06586,0.06251,0.0679,0.8159
2019-10-14,Hadera_IL,CHL,my,0.07994,0.07162,0.06511,0.08838,0.8756
2019-10-15,Hadera_IL,CHL,my,,0.06104,0.05267,0.06319,0.7562
2019-10-16,Hadera_IL,CHL,my,,0.06385,0.06009,0.07292,0.6119
2019-10-17,Hadera_IL,CHL,my,0.07324,0.07324,0.06221,0.1043,0.9403
2019-10-18,Hadera_IL,CHL,my,0.09649,0.09649,0.07738,0.1317,0.8209
2019-10-19,Hadera_IL,CHL,my,0.1102,0.1003,0.07551,0.1179,0.607
2019-10-21,Hadera_IL,CHL,my,0.1011,0.113,0.07533,0.1365,0.9403
2019-10-22,Hadera_IL,CHL,my,0.1248,0.1151,0.08484,0.1326,0.8756
2019-10-24,Hadera_IL,CHL,my,0.07426,0.09061,0.08284,0.1198,0.6716
2019-10-25,Hadera_IL,CHL,my,0.1125,0.105,0.07103,0.1353,0.8756
2019-10-27,Hadera_IL,CHL,my,0.0888,0.1061,0.07344,0.1135,0.8756
2019-10-29,Hadera_IL,CHL,my,0.09552,0.08696,0.07038,0.12,0.8756
2019-10-30,Hadera_IL,CHL,my,0.1272,0.1273,0.08302,0.1583,0.9403
2019-10-31,Hadera_IL,CHL,my,0.1331,0.1314,0.08698,0.1456,0.9403
2019-11-01,Hadera_IL,CHL,my,0.1081,0.1081,0.07315,0.1707,0.9005
2019-11-02,Hadera_IL,CHL,my,0.1029,0.1028,0.07872,0.1223,0.9403
2019-11-04,Hadera_IL,CHL,my,0.1675,0.1589,0.09805,0.1758,0.9403
2019-11-05,Hadera_IL,CHL,my,0.1944,0.1926,0.1371,0.2101,0.8756
2019-11-08,Hadera_IL,CHL,my,,0.1079,0.1025,0.1291,0.6318
2019-11-11,Hadera_IL,CHL,my,,0.08501,0.07675,0.1471,0.8159
2019-11-12,Hadera_IL,CHL,my,0.1031,0.08638,0.06918,0.1291,0.9403
2019-11-16,Hadera_IL,CHL,my,0.1478,0.09862,0.08692,0.1478,0.7562
2019-11-17,Hadera_IL,CHL,my,0.2202,0.1973,0.1141,0.2202,0.8756
2019-11-18,Hadera_IL,CHL,my,0.2184,0.2132,0.1474,0.2441,0.9403
2019-11-19,Hadera_IL,CHL,my,0.1334,0.1192,0.09264,0.157,0.9403
2019-11-20,Hadera_IL,CHL,my,0.08656,0.08102,0.0744,0.1194,0.9403
2019-11-22,Hadera_IL,CHL,my,0.1371,0.1225,0.09649,0.1392,0.9403
2019-11-24,Hadera_IL,CHL,my,0.1124,0.1035,0.08541,0.1275,0.9403
2019-11-26,Hadera_IL,CHL,my,0.1741,0.1794,0.1229,0.2006,0.8756
2019-11-27,Hadera_IL,CHL,my,0.1591,0.1519,0.1099,0.165,0.9403
2019-11-28,Hadera_IL,CHL,my,0.1813,0.1904,0.1361,0.2029,0.5473
2019-11-29,Hadera_IL,CHL,my,0.1628,0.1706,0.1267,0.1953,0.9403
2019-11-30,Hadera_IL,CHL,my,0.1753,0.1575,0.09142,0.1753,0.8756
2019-12-01,Hadera_IL,CHL,my,0.1342,0.1454,0.1059,0.1603,0.7164
2019-12-02,Hadera_IL,CHL,my,0.1876,0.2539,0.196,0.3338,1
2019-12-06,Hadera_IL,CHL,my,0.16,0.1523,0.1268,0.1764,0.8159
2019-12-08,Hadera_IL,CHL,my,,0.09393,0.07165,0.103,0.7562
2019-12-14,Hadera_IL,CHL,my,0.3275,0.2606,0.2046,0.3275,0.8159
2019-12-16,Hadera_IL,CHL,my,0.3069,,,,0.4925
2019-12-17,Hadera_IL,CHL,my,0.2539,0.2668,0.1858,0.2774,0.5124
2019-12-18,Hadera_IL,CHL,my,0.2476,0.237,0.1545,0.2718,0.9403
2019-12-19,Hadera_IL,CHL,my,0.124,0.1285,0.1316,0.242,0.9403
2019-12-20,Hadera_IL,CHL,my,0.282,0.2353,0.1627,0.4934,0.9751
2019-12-21,Hadera_IL,CHL,my,0.2014,0.2014,0.1457,0.398,1
2019-12-22,Hadera_IL,CHL,my,0.2093,0.2056,0.1354,0.2349,0.9403
2019-12-24,Hadera_IL,CHL,my,0.1433,0.138,0.1196,0.1825,0.8756
2019-01-05,Open_sea_ref,CHL,my,0.0554,0.0554,0.0554,0.0554,1
2019-01-09,Open_sea_ref,CHL,my,0.0619,0.0619,0.0619,0.0619,1
2019-01-11,Open_sea_ref,CHL,my,0.0656,0.0656,0.0656,0.0656,1
2019-01-12,Open_sea_ref,CHL,my,0.0722,0.0722,0.0722,0.0722,1
2019-01-15,Open_sea_ref,CHL,my,0.0982,0.0982,0.0982,0.0982,1
2019-01-18,Open_sea_ref,CHL,my,0.0637,0.0637,0.0637,0.0637,1
2019-01-19,Open_sea_ref,CHL,my,0.0709,0.0709,0.0709,0.0709,1
2019-01-23,Open_sea_ref,CHL,my,0.1554,0.1554,0.1554,0.1554,1
2019-01-25,Open_sea_ref,CHL,my,0.1304,0.1304,0.1304,0.1304,1
2019-01-26,Open_sea_ref,CHL,my,0.1339,0.1339,0.1339,0.1339,1
2019-01-28,Open_sea_ref,CHL,my,0.0838,0.0838,0.0838,0.0838,1
2019-01-29,Open_sea_ref,CHL,my,0.0909,0.0909,0.0909,0.0909,1
2019-01-30,Open_sea_ref,CHL,my,0.1284,0.1284,0.1284,0.1284,1
2019-01-31,Open_sea_ref,CHL,my,0.0918,0.0918,0.0918,0.0918,1
2019-02-03,Open_sea_ref,CHL,my,0.0862,0.0862,0.0862,0.0862,1
2019-02-04,Open_sea_ref,CHL,my,0.0878,0.0878,0.0878,0.0878,1
2019-02-05,Open_sea_ref,CHL,my,0.1036,0.1036,0.1036,0.1036,1
2019-02-08,Open_sea_ref,CHL,my,0.1013,0.1013,0.1013,0.1013,1
2019-02-09,Open_sea_ref,CHL,my,0.0771,0.0771,0.0771,0.0771,1
2019-02-12,Open_sea_ref,CHL,my,0.0741,0.0741,0.0741,0.0741,1
2019-02-13,Open_sea_ref,CHL,my,0.0808,0.0808,0.0808,0.0808,1
2019-02-18,Open_sea_ref,CHL,my,0.0704,0.0704,0.0704,0.0704,1
2019-02-19,Open_sea_ref,CHL,my,0.066,0.066,0.066,0.066,1
2019-02-22,Open_sea_ref,CHL,my,0.0748,0.0748,0.0748,0.0748,1
2019-02-23,Open_sea_ref,CHL,my,0.0717,0.0717,0.0717,0.0717,1
2019-02-28,Open_sea_ref,CHL,my,0.0796,0.0796,0.0796,0.0796,1
2019-03-01,Open_sea_ref,CHL,my,0.1047,0.1047,0.1047,0.1047,1
2019-03-04,Open_sea_ref,CHL,my,0.0806,0.0806,0.0806,0.0806,1
2019-03-06,Open_sea_ref,CHL,my,0.0699,0.0699,0.0699,0.0699,1
2019-03-08,Open_sea_ref,CHL,my,0.0653,0.0653,0.0653,0.0653,1
2019-03-09,Open_sea_ref,CHL,my,0.0667,0.0667,0.0667,0.0667,1
2019-03-12,Open_sea_ref,CHL,my,0.0725,0.0725,0.0725,0.0725,1
2019-03-13,Open_sea_ref,CHL,my,0.0781,0.0781,0.0781,0.0781,1
2019-03-15,Open_sea_ref,CHL,my,0.077,0.077,0.077,0.077,1
2019-03-18,Open_sea_ref,CHL,my,0.0687,0.0687,0.0687,0.0687,1
2019-03-19,Open_sea_ref,CHL,my,0.0579,0.0579,0.0579,0.0579,1
2019-03-20,Open_sea_ref,CHL,my,0.067,0.067,0.067,0.067,1
2019-03-21,Open_sea_ref,CHL,my,0.0622,0.0622,0.0622,0.0622,1
2019-03-24,Open_sea_ref,CHL,my,0.0584,0.0584,0.0584,0.0584,1
2019-03-25,Open_sea_ref,CHL,my,0.0572,0.0572,0.0572,0.0572,1
2019-03-27,Open_sea_ref,CHL,my,0.0711,0.0711,0.0711,0.0711,1
2019-04-03,Open_sea_ref,CHL,my,0.0567,0.0567,0.0567,0.0567,1
2019-04-05,Open_sea_ref,CHL,my,0.0559,0.0559,0.0559,0.0559,1
2019-04-10,Open_sea_ref,CHL,my,0.0517,0.0517,0.0517,0.0517,1
2019-04-11,Open_sea_ref,CHL,my,0.0457,0.0457,0.0457,0.0457,1
2019-04-12,Open_sea_ref,CHL,my,0.0339,0.0339,0.0339,0.0339,1
2019-04-22,Open_sea_ref,CHL,my,0.0398,0.0398,0.0398,0.0398,1
2019-04-23,Open_sea_ref,CHL,my,0.0452,0.0452,0.0452,0.0452,1
2019-04-27,Open_sea_ref,CHL,my,0.0456,0.0456,0.0456,0.0456,1
2019-05-03,Open_sea_ref,CHL,my,0.0415,0.0415,0.0415,0.0415,1
2019-05-04,Open_sea_ref,CHL,my,0.0336,0.0336,0.0336,0.0336,1
2019-05-05,Open_sea_ref,CHL,my,0.0394,0.0394,0.0394,0.0394,1
2019-05-07,Open_sea_ref,CHL,my,0.0397,0.0397,0.0397,0.0397,1
2019-05-08,Open_sea_ref,CHL,my,0.0363,0.0363,0.0363,0.0363,1
2019-05-09,Open_sea_ref,CHL,my,0.0425,0.0425,0.0425,0.0425,1
2019-05-11,Open_sea_ref,CHL,my,0.0379,0.0379,0.0379,0.0379,1
2019-05-12,Open_sea_ref,CHL,my,0.0377,0.0377,0.0377,0.0377,1
2019-05-13,Open_sea_ref,CHL,my,0.0325,0.0325,0.0325,0.0325,1
2019-05-14,Open_sea_ref,CHL,my,0.0332,0.0332,0.0332,0.0332,1
2019-05-15,Open_sea_ref,CHL,my,0.0357,0.0357,0.0357,0.0357,1
2019-05-16,Open_sea_ref,CHL,my,0.0341,0.0341,0.0341,0.0341,1
2019-05-19,Open_sea_ref,CHL,my,0.0319,0.0319,0.0319,0.0319,1
2019-05-20,Open_sea_ref,CHL,my,0.0338,0.0338,0.0338,0.0338,1
2019-05-21,Open_sea_ref,CHL,my,0.0298,0.0298,0.0298,0.0298,1
2019-05-22,Open_sea_ref,CHL,my,0.0365,0.0365,0.0365,0.0365,1
2019-05-26,Open_sea_ref,CHL,my,0.0371,0.0371,0.0371,0.0371,1
2019-05-27,Open_sea_ref,CHL,my,0.0327,0.0327,0.0327,0.0327,1
2019-05-28,Open_sea_ref,CHL,my,0.0353,0.0353,0.0353,0.0353,1
2019-05-29,Open_sea_ref,CHL,my,0.0297,0.0297,0.0297,0.0297,1
2019-05-30,Open_sea_ref,CHL,my,0.0346,0.0346,0.0346,0.0346,1
2019-06-01,Open_sea_ref,CHL,my,0.0388,0.0388,0.0388,0.0388,1
2019-06-02,Open_sea_ref,CHL,my,0.0306,0.0306,0.0306,0.0306,1
2019-06-06,Open_sea_ref,CHL,my,0.0275,0.0275,0.0275,0.0275,1
2019-06-07,Open_sea_ref,CHL,my,0.0301,0.0301,0.0301,0.0301,1
2019-06-08,Open_sea_ref,CHL,my,0.0458,0.0458,0.0458,0.0458,1
2019-06-10,Open_sea_ref,CHL,my,0.0433,0.0433,0.0433,0.0433,1
2019-06-11,Open_sea_ref,CHL,my,0.0396,0.0396,0.0396,0.0396,1
2019-06-12,Open_sea_ref,CHL,my,0.0284,0.0284,0.0284,0.0284,1
2019-06-14,Open_sea_ref,CHL,my,0.036,0.036,0.036,0.036,1
2019-06-17,Open_sea_ref,CHL,my,0.034,0.034,0.034,0.034,1
2019-06-18,Open_sea_ref,CHL,my,0.0354,0.0354,0.0354,0.0354,1
2019-06-23,Open_sea_ref,CHL,my,0.0347,0.0347,0.0347,0.0347,1
2019-06-24,Open_sea_ref,CHL,my,0.0354,0.0354,0.0354,0.0354,1
2019-06-25,Open_sea_ref,CHL,my,0.0294,0.0294,0.0294,0.0294,1
2019-06-26,Open_sea_ref,CHL,my,0.0263,0.0263,0.0263,0.0263,1
2019-06-28,Open_sea_ref,CHL,my,0.0303,0.0303,0.0303,0.0303,1
2019-06-30,Open_sea_ref,CHL,my,0.0324,0.0324,0.0324,0.0324,1
2019-07-01,Open_sea_ref,CHL,my,0.0256,0.0256,0.0256,0.0256,1
2019-07-02,Open_sea_ref,CHL,my,0.0284,0.0284,0.0284,0.0284,1
2019-07-03,Open_sea_ref,CHL,my,0.0264,0.0264,0.0264,0.0264,1
2019-07-04,Open_sea_ref,CHL,my,0.0237,0.0237,0.0237,0.0237,1
2019-07-05,Open_sea_ref,CHL,my,0.0238,0.0238,0.0238,0.0238,1
2019-07-08,Open_sea_ref,CHL,my,0.0295,0.0295,0.0295,0.0295,1
2019-07-09,Open_sea_ref,CHL,my,0.0243,0.0243,0.0243,0.0243,1
2019-07-10,Open_sea_ref,CHL,my,0.0398,0.0398,0.0398,0.0398,1
2019-07-11,Open_sea_ref,CHL,my,0.0316,0.0316,0.0316,0.0316,1
2019-07-12,Open_sea_ref,CHL,my,0.025,0.025,0.025,0.025,1
2019-07-13,Open_sea_ref,CHL,my,0.0248,0.0248,0.0248,0.0248,1
2019-07-14,Open_sea_ref,CHL,my,0.0279,0.0279,0.0279,0.0279,1
2019-07-15,Open_sea_ref,CHL,my,0.0261,0.0261,0.0261,0.0261,1
2019-07-19,Open_sea_ref,CHL,my,0.0296,0.0296,0.0296,0.0296,1
2019-07-20,Open_sea_ref,CHL,my,0.0212,0.0212,0.0212,0.0212,1
2019-07-21,Open_sea_ref,CHL,my,0.0261,0.0261,0.0261,0.0261,1
2019-07-22,Open_sea_ref,CHL,my,0.0239,0.0239,0.0239,0.0239,1
2019-07-23,Open_sea_ref,CHL,my,0.0246,0.0246,0.0246,0.0246,1
2019-07-24,Open_sea_ref,CHL,my,0.0246,0.0246,0.0246,0.0246,1
2019-07-27,Open_sea_ref,CHL,my,0.0286,0.0286,0.0286,0.0286,1
2019-07-29,Open_sea_ref,CHL,my,0.0215,0.0215,0.0215,0.0215,1
2019-07-30,Open_sea_ref,CHL,my,0.0269,0.0269,0.0269,0.0269,1
2019-07-31,Open_sea_ref,CHL,my,0.0237,0.0237,0.0237,0.0237,1
2019-08-01,Open_sea_ref,CHL,my,0.0225,0.0225,0.0225,0.0225,1
2019-08-03,Open_sea_ref,CHL,my,0.0335,0.0335,0.0335,0.0335,1
2019-08-05,Open_sea_ref,CHL,my,0.03,0.03,0.03,0.03,1
2019-08-08,Open_sea_ref,CHL,my,0.0266,0.0266,0.0266,0.0266,1
2019-08-09,Open_sea_ref,CHL,my,0.0206,0.0206,0.0206,0.0206,1
2019-08-10,Open_sea_ref,CHL,my,0.0313,0.0313,0.0313,0.0313,1
2019-08-11,Open_sea_ref,CHL,my,0.0262,0.0262,0.0262,0.0262,1
2019-08-12,Open_sea_ref,CHL,my,0.0203,0.0203,0.0203,0.0203,1
2019-08-13,Open_sea_ref,CHL,my,0.0229,0.0229,0.0229,0.0229,1
2019-08-15,Open_sea_ref,CHL,my,0.0226,0.0226,0.0226,0.0226,1
2019-08-16,Open_sea_ref,CHL,my,0.0229,0.0229,0.0229,0.0229,1
2019-08-21,Open_sea_ref,CHL,my,0.0246,0.0246,0.0246,0.0246,1
2019-08-23,Open_sea_ref,CHL,my,0.0215,0.0215,0.0215,0.0215,1
2019-08-24,Open_sea_ref,CHL,my,0.0237,0.0237,0.0237,0.0237,1
2019-08-25,Open_sea_ref,CHL,my,0.0203,0.0203,0.0203,0.0203,1
2019-08-26,Open_sea_ref,CHL,my,0.0241,0.0241,0.0241,0.0241,1
2019-08-29,Open_sea_ref,CHL,my,0.0305,0.0305,0.0305,0.0305,1
2019-08-30,Open_sea_ref,CHL,my,0.022,0.022,0.022,0.022,1
2019-08-31,Open_sea_ref,CHL,my,0.0246,0.0246,0.0246,0.0246,1
2019-09-01,Open_sea_ref,CHL,my,0.0255,0.0255,0.0255,0.0255,1
2019-09-02,Open_sea_ref,CHL,my,0.0321,0.0321,0.0321,0.0321,1
2019-09-03,Open_sea_ref,CHL,my,0.0258,0.0258,0.0258,0.0258,1
2019-09-04,Open_sea_ref,CHL,my,0.0313,0.0313,0.0313,0.0313,1
2019-09-05,Open_sea_ref,CHL,my,0.0319,0.0319,0.0319,0.0319,1
2019-09-06,Open_sea_ref,CHL,my,0.0265,0.0265,0.0265,0.0265,1
2019-09-07,Open_sea_ref,CHL,my,0.0284,0.0284,0.0284,0.0284,1
2019-09-09,Open_sea_ref,CHL,my,0.0282,0.0282,0.0282,0.0282,1
2019-09-11,Open_sea_ref,CHL,my,0.0259,0.0259,0.0259,0.0259,1
2019-09-12,Open_sea_ref,CHL,my,0.0292,0.0292,0.0292,0.0292,1
2019-09-16,Open_sea_ref,CHL,my,0.0327,0.0327,0.0327,0.0327,1
2019-09-17,Open_sea_ref,CHL,my,0.0258,0.0258,0.0258,0.0258,1
2019-09-18,Open_sea_ref,CHL,my,0.0209,0.0209,0.0209,0.0209,1
2019-09-19,Open_sea_ref,CHL,my,0.0271,0.0271,0.0271,0.0271,1
2019-09-20,Open_sea_ref,CHL,my,0.0302,0.0302,0.0302,0.0302,1
2019-09-22,Open_sea_ref,CHL,my,0.0309,0.0309,0.0309,0.0309,1
2019-09-24,Open_sea_ref,CHL,my,0.0259,0.0259,0.0259,0.0259,1
2019-09-25,Open_sea_ref,CHL,my,0.0233,0.0233,0.0233,0.0233,1
2019-09-26,Open_sea_ref,CHL,my,0.0235,0.0235,0.0235,0.0235,1
2019-09-27,Open_sea_ref,CHL,my,0.0246,0.0246,0.0246,0.0246,1
2019-09-28,Open_sea_ref,CHL,my,0.0286,0.0286,0.0286,0.0286,1
2019-09-29,Open_sea_ref,CHL,my,0.0212,0.0212,0.0212,0.0212,1
2019-10-01,Open_sea_ref,CHL,my,0.0239,0.0239,0.0239,0.0239,1
2019-10-04,Open_sea_ref,CHL,my,0.0286,0.0286,0.0286,0.0286,1
2019-10-05,Open_sea_ref,CHL,my,0.0306,0.0306,0.0306,0.0306,1
2019-10-07,Open_sea_ref,CHL,my,0.0423,0.0423,0.0423,0.0423,1
2019-10-08,Open_sea_ref,CHL,my,0.031,0.031,0.031,0.031,1
2019-10-09,Open_sea_ref,CHL,my,0.0262,0.0262,0.0262,0.0262,1
2019-10-10,Open_sea_ref,CHL,my,0.02,0.02,0.02,0.02,1
2019-10-11,Open_sea_ref,CHL,my,0.025,0.025,0.025,0.025,1
2019-10-12,Open_sea_ref,CHL,my,0.0263,0.0263,0.0263,0.0263,1
2019-10-13,Open_sea_ref,CHL,my,0.0353,0.0353,0.0353,0.0353,1
2019-10-14,Open_sea_ref,CHL,my,0.0316,0.0316,0.0316,0.0316,1
2019-10-15,Open_sea_ref,CHL,my,0.0329,0.0329,0.0329,0.0329,1
2019-10-17,Open_sea_ref,CHL,my,0.0338,0.0338,0.0338,0.0338,1
2019-10-18,Open_sea_ref,CHL,my,0.0354,0.0354,0.0354,0.0354,1
2019-10-20,Open_sea_ref,CHL,my,0.0307,0.0307,0.0307,0.0307,1
2019-10-22,Open_sea_ref,CHL,my,0.0267,0.0267,0.0267,0.0267,1
2019-10-27,Open_sea_ref,CHL,my,0.0531,0.0531,0.0531,0.0531,1
2019-10-29,Open_sea_ref,CHL,my,0.0417,0.0417,0.0417,0.0417,1
2019-10-30,Open_sea_ref,CHL,my,0.052,0.052,0.052,0.052,1
2019-11-01,Open_sea_ref,CHL,my,0.0448,0.0448,0.0448,0.0448,1
2019-11-02,Open_sea_ref,CHL,my,0.0364,0.0364,0.0364,0.0364,1
2019-11-03,Open_sea_ref,CHL,my,0.044,0.044,0.044,0.044,1
2019-11-04,Open_sea_ref,CHL,my,0.0433,0.0433,0.0433,0.0433,1
2019-11-05,Open_sea_ref,CHL,my,0.0453,0.0453,0.0453,0.0453,1
2019-11-08,Open_sea_ref,CHL,my,0.052,0.052,0.052,0.052,1
2019-11-09,Open_sea_ref,CHL,my,0.0481,0.0481,0.0481,0.0481,1
2019-11-11,Open_sea_ref,CHL,my,0.0491,0.0491,0.0491,0.0491,1
2019-11-12,Open_sea_ref,CHL,my,0.0376,0.0376,0.0376,0.0376,1
2019-11-16,Open_sea_ref,CHL,my,0.0362,0.0362,0.0362,0.0362,1
2019-11-17,Open_sea_ref,CHL,my,0.0485,0.0485,0.0485,0.0485,1
2019-11-18,Open_sea_ref,CHL,my,0.0555,0.0555,0.0555,0.0555,1
2019-11-19,Open_sea_ref,CHL,my,0.0477,0.0477,0.0477,0.0477,1
2019-11-20,Open_sea_ref,CHL,my,0.0392,0.0392,0.0392,0.0392,1
2019-11-21,Open_sea_ref,CHL,my,0.0483,0.0483,0.0483,0.0483,1
2019-11-25,Open_sea_ref,CHL,my,0.0489,0.0489,0.0489,0.0489,1
2019-11-26,Open_sea_ref,CHL,my,0.0498,0.0498,0.0498,0.0498,1
2019-11-27,Open_sea_ref,CHL,my,0.0491,0.0491,0.0491,0.0491,1
2019-11-28,Open_sea_ref,CHL,my,0.0409,0.0409,0.0409,0.0409,1
2019-11-29,Open_sea_ref,CHL,my,0.0431,0.0431,0.0431,0.0431,1
2019-11-30,Open_sea_ref,CHL,my,0.039,0.039,0.039,0.039,1
2019-12-04,Open_sea_ref,CHL,my,0.0394,0.0394,0.0394,0.0394,1
2019-12-07,Open_sea_ref,CHL,my,0.034,0.034,0.034,0.034,1
2019-12-08,Open_sea_ref,CHL,my,0.0399,0.0399,0.0399,0.0399,1
2019-12-09,Open_sea_ref,CHL,my,0.0364,0.0364,0.0364,0.0364,1
2019-12-14,Open_sea_ref,CHL,my,0.0607,0.0607,0.0607,0.0607,1
2019-12-17,Open_sea_ref,CHL,my,0.0563,0.0563,0.0563,0.0563,1
2019-12-18,Open_sea_ref,CHL,my,0.0652,0.0652,0.0652,0.0652,1
2019-12-19,Open_sea_ref,CHL,my,0.06,0.06,0.06,0.06,1
2019-12-20,Open_sea_ref,CHL,my,0.0557,0.0557,0.0557,0.0557,1
2019-12-21,Open_sea_ref,CHL,my,0.0598,0.0598,0.0598,0.0598,1
2019-12-22,Open_sea_ref,CHL,my,0.053,0.053,0.053,0.053,1
2019-12-24,Open_sea_ref,CHL,my,0.0662,0.0662,0.0662,0.0662,1
2019-12-26,Open_sea_ref,CHL,my,0.0786,0.0786,0.0786,0.0786,1
2019-12-28,Open_sea_ref,CHL,my,0.0519,0.0519,0.0519,0.0519,1
2019-12-29,Open_sea_ref,CHL,my,0.0663,0.0663,0.0663,0.0663,1
2019-12-30,Open_sea_ref,CHL,my,0.0793,0.0793,0.0793,0.0793,1
2019-12-31,Open_sea_ref,CHL,my,0.0517,0.0517,0.0517,0.0517,1
2019-01-01,Port_Said_EG,CHL,my,2.683,2.808,2.457,4.357,1
2019-01-03,Port_Said_EG,CHL,my,4.395,4.395,3.657,6.014,1
2019-01-04,Port_Said_EG,CHL,my,4.959,3.78,3.007,6.143,0.9598
2019-01-05,Port_Said_EG,CHL,my,3.947,3.947,2.792,5.301,1
2019-01-07,Port_Said_EG,CHL,my,7.645,7.1,5.751,7.72,0.9799
2019-01-08,Port_Said_EG,CHL,my,6.386,6.702,5.438,7.445,0.9698
2019-01-09,Port_Said_EG,CHL,my,7.405,6.338,4.603,7.537,0.8543
2019-01-10,Port_Said_EG,CHL,my,5.194,5.237,3.021,6.044,1
2019-01-11,Port_Said_EG,CHL,my,2.778,2.599,1.936,2.986,0.9296
2019-01-12,Port_Said_EG,CHL,my,2.741,2.486,1.852,3.28,1
2019-01-14,Port_Said_EG,CHL,my,4.284,4.023,2.731,4.536,0.9296
2019-01-15,Port_Said_EG,CHL,my,5.19,4.612,3.879,5.547,0.9296
2019-01-18,Port_Said_EG,CHL,my,3.96,3.692,2.664,4.228,0.9598
2019-01-19,Port_Said_EG,CHL,my,2.314,1.984,1.774,2.546,0.9296
2019-01-21,Port_Said_EG,CHL,my,11.94,4.476,3.558,11.94,0.8744
2019-01-23,Port_Said_EG,CHL,my,,3.191,2.328,3.825,0.5628
2019-01-25,Port_Said_EG,CHL,my,5.152,3.474,2.926,5.19,0.9296
2019-01-26,Port_Said_EG,CHL,my,,2.86,2.395,3.416,0.7839
2019-01-28,Port_Said_EG,CHL,my,5.435,5.435,3.4,7.157,0.9698
2019-01-29,Port_Said_EG,CHL,my,5.5,5.5,3.762,5.764,0.9698
2019-01-31,Port_Said_EG,CHL,my,3.056,,,,0.3317
2019-02-01,Port_Said_EG,CHL,my,3.149,2.844,2.28,3.149,0.9296
2019-02-02,Port_Said_EG,CHL,my,2.322,2.457,1.877,2.618,0.9698
2019-02-03,Port_Said_EG,CHL,my,2.284,2.443,1.987,2.891,1
2019-02-04,Port_Said_EG,CHL,my,4.01,4.01,2.826,6.003,0.9698
2019-02-08,Port_Said_EG,CHL,my,4.121,4.121,2.786,6.687,0.8844
2019-02-09,Port_Said_EG,CHL,my,4.518,4.057,2.499,4.539,0.9296
2019-02-10,Port_Said_EG,CHL,my,4.542,3.944,2.466,5.156,0.7035
2019-02-11,Port_Said_EG,CHL,my,9.013,8.89,4.967,9.013,0.5879
2019-02-12,Port_Said_EG,CHL,my,,11.38,6.213,25.53,0.5628
2019-02-13,Port_Said_EG,CHL,my,2.55,2.676,2.371,3.069,0.9296
2019-02-16,Port_Said_EG,CHL,my,,1.943,1.71,2.251,0.5779
2019-02-17,Port_Said_EG,CHL,my,4.109,4.109,2.371,4.187,0.8543
2019-02-18,Port_Said_EG,CHL,my,3.075,2.784,1.948,3.265,0.9296
2019-02-19,Port_Said_EG,CHL,my,6.295,5.628,3.289,8.401,1
2019-02-20,Port_Said_EG,CHL,my,10.57,3.33,3.244,11.23,0.8543
2019-02-21,Port_Said_EG,CHL,my,,3.603,4.297,16.06,0.603
2019-02-23,Port_Said_EG,CHL,my,22.43,10.57,6.701,35.59,1
2019-02-27,Port_Said_EG,CHL,my,,3.18,2.106,3.615,0.5327
2019-03-02,Port_Said_EG,CHL,my,7.007,7.091,5.949,7.398,0.9296
2019-03-03,Port_Said_EG,CHL,my,7.099,6.991,4.969,7.131,0.7739
2019-03-04,Port_Said_EG,CHL,my,4.556,4.556,3.743,5.073,1
2019-03-06,Port_Said_EG,CHL,my,6.746,6.746,4.445,15.92,1
2019-03-07,Port_Said_EG,CHL,my,8.125,11.71,5.62,16.83,1
2019-03-08,Port_Said_EG,CHL,my,11.87,11.87,5.465,17.51,0.9698
2019-03-09,Port_Said_EG,CHL,my,5.847,5.797,3.103,6.553,0.9296
2019-03-10,Port_Said_EG,CHL,my,2.991,2.868,2.287,3.458,1
2019-03-11,Port_Said_EG,CHL,my,8.329,3.761,3.133,10.45,0.9296
2019-03-15,Port_Said_EG,CHL,my,6.851,6.557,4.304,8.273,1
2019-03-16,Port_Said_EG,CHL,my,,5.55,3.937,6.54,0.5678
2019-03-17,Port_Said_EG,CHL,my,8.521,7.016,5.259,9.073,0.9698
2019-03-18,Port_Said_EG,CHL,my,25.98,9.886,7.683,39.49,1
2019-03-19,Port_Said_EG,CHL,my,4.277,4.277,2.627,4.688,1
2019-03-20,Port_Said_EG,CHL,my,,2.269,1.862,3.685,0.7839
2019-03-21,Port_Said_EG,CHL,my,7.581,7.129,3.239,8.282,0.8543
2019-03-22,Port_Said_EG,CHL,my,9.754,8.256,4.338,10.57,0.9698
2019-03-24,Port_Said_EG,CHL,my,4.231,3.684,2.415,4.231,0.5578
2019-03-25,Port_Said_EG,CHL,my,6.739,5.429,3.431,6.739,0.8744
2019-03-27,Port_Said_EG,CHL,my,,1.817,1.637,1.909,0.5628
2019-03-28,Port_Said_EG,CHL,my,,2.758,2.378,5.299,0.5075
2019-04-02,Port_Said_EG,CHL,my,4.772,4.099,2.982,4.772,0.9698
2019-04-03,Port_Said_EG,CHL,my,4.014,3.977,2.811,4.767,1
2019-04-05,Port_Said_EG,CHL,my,4.808,4.808,3.103,9.82,0.9296
2019-04-10,Port_Said_EG,CHL,my,7.402,6.975,4.155,11.95,1
2019-04-11,Port_Said_EG,CHL,my,10.62,8.993,4.848,12.59,1
2019-04-12,Port_Said_EG,CHL,my,5.89,5.514,3.157,6.576,0.9698
2019-04-14,Port_Said_EG,CHL,my,,2.765,2.06,2.986,0.6382
2019-04-17,Port_Said_EG,CHL,my,3.879,3.879,2.285,5.121,1
2019-04-18,Port_Said_EG,CHL,my,6.939,5.336,3.36,6.939,0.9698
2019-04-19,Port_Said_EG,CHL,my,7.128,6.236,4.156,7.128,0.8744
2019-04-20,Port_Said_EG,CHL,my,,4.638,3.295,5.83,0.7186
2019-04-22,Port_Said_EG,CHL,my,7.999,6.769,4.189,8.925,0.8543
2019-04-23,Port_Said_EG,CHL,my,7.842,6.991,4.996,11.4,0.9296
2019-04-27,Port_Said_EG,CHL,my,10.51,10.92,6.703,20.24,0.7789
2019-04-29,Port_Said_EG,CHL,my,3.666,3.666,2.701,5.23,1
2019-05-03,Port_Said_EG,CHL,my,3.426,3.199,2.146,4.066,1
2019-05-04,Port_Said_EG,CHL,my,6.44,3.693,2.474,6.44,1
2019-05-07,Port_Said_EG,CHL,my,5.19,3.269,2.219,5.19,1
2019-05-08,Port_Said_EG,CHL,my,5.957,5.203,2.616,7.045,0.9698
2019-05-09,Port_Said_EG,CHL,my,4.512,3.088,2.21,4.806,1
2019-05-10,Port_Said_EG,CHL,my,7.665,6.743,3.676,11.55,0.9296
2019-05-11,Port_Said_EG,CHL,my,2.648,2.648,2.067,3.084,1
2019-05-12,Port_Said_EG,CHL,my,2.398,2.398,1.647,2.61,1
2019-05-13,Port_Said_EG,CHL,my,2.613,2.613,1.849,3.189,1
2019-05-14,Port_Said_EG,CHL,my,2.851,2.817,1.833,2.938,0.9296
2019-05-15,Port_Said_EG,CHL,my,2.911,2.911,2.085,3.947,1
2019-05-16,Port_Said_EG,CHL,my,3.264,3.188,2.144,3.479,0.9698
2019-05-17,Port_Said_EG,CHL,my,2.684,2.67,1.827,2.941,0.9296
2019-05-18,Port_Said_EG,CHL,my,5.385,4.164,2.57,7.106,1
2019-05-19,Port_Said_EG,CHL,my,2.697,2.697,1.721,2.938,1
2019-05-20,Port_Said_EG,CHL,my,2.594,2.579,1.789,3.16,1
2019-05-21,Port_Said_EG,CHL,my,,2.397,1.752,2.847,0.7839
2019-05-22,Port_Said_EG,CHL,my,3.426,3.212,2.262,4.674,0.9296
2019-05-24,Port_Said_EG,CHL,my,3.336,3.101,2.115,3.506,0.9296
2019-05-26,Port_Said_EG,CHL,my,5.539,2.639,2.064,5.539,0.8442
2019-05-27,Port_Said_EG,CHL,my,2.789,2.693,2.052,3.322,0.9698
2019-05-28,Port_Said_EG,CHL,my,2.001,1.986,1.548,2.511,1
2019-05-29,Port_Said_EG,CHL,my,3.2,3.2,1.943,5.432,0.9095
2019-05-30,Port_Said_EG,CHL,my,,1.851,1.504,2.732,0.7839
2019-06-02,Port_Said_EG,CHL,my,5.289,3.579,2.547,6.656,0.9296
2019-06-06,Port_Said_EG,CHL,my,4.749,4.637,2.339,5.509,0.9296
2019-06-07,Port_Said_EG,CHL,my,13.94,11.64,4.753,17.11,0.9698
2019-06-11,Port_Said_EG,CHL,my,2.934,2.93,1.974,3.122,0.9698
2019-06-12,Port_Said_EG,CHL,my,2.778,2.476,1.832,5.28,1
2019-06-13,Port_Said_EG,CHL,my,2.468,1.991,1.438,2.468,0.8543
2019-06-14,Port_Said_EG,CHL,my,2.084,1.888,1.306,2.105,0.8543
2019-06-15,Port_Said_EG,CHL,my,3.294,3.175,1.648,3.566,0.9296
2019-06-16,Port_Said_EG,CHL,my,2.469,2.469,1.666,2.827,1
2019-06-17,Port_Said_EG,CHL,my,2.44,1.827,1.564,2.44,0.7437
2019-06-18,Port_Said_EG,CHL,my,3.547,3.2,2.344,8.964,1
2019-06-19,Port_Said_EG,CHL,my,3.892,4.071,2.579,6.544,1
2019-06-20,Port_Said_EG,CHL,my,9.507,9.767,4.664,20.07,1
2019-06-21,Port_Said_EG,CHL,my,5.826,1.743,1.805,6.096,0.8744
2019-06-22,Port_Said_EG,CHL,my,2.774,2.302,1.707,3.069,0.9698
2019-06-23,Port_Said_EG,CHL,my,2.637,2.637,2.039,4.903,0.9296
2019-06-24,Port_Said_EG,CHL,my,2.474,2.473,1.852,3.182,1
2019-06-25,Port_Said_EG,CHL,my,3.319,2.483,2.132,6.197,0.8593
2019-06-26,Port_Said_EG,CHL,my,3.45,3.141,2.104,3.45,0.9698
2019-06-27,Port_Said_EG,CHL,my,3.269,2.059,1.603,3.269,0.8543
2019-06-28,Port_Said_EG,CHL,my,,1.745,1.388,1.985,0.7085
2019-06-29,Port_Said_EG,CHL,my,2.784,2.115,1.588,2.784,0.8543
2019-06-30,Port_Said_EG,CHL,my,2.47,1.984,1.521,2.47,0.8744
2019-07-01,Port_Said_EG,CHL,my,3.099,2.77,1.712,3.099,0.7739
2019-07-02,Port_Said_EG,CHL,my,3.348,2.84,2.23,7.056,1
2019-07-03,Port_Said_EG,CHL,my,3.249,2.941,1.945,3.249,0.799
2019-07-04,Port_Said_EG,CHL,my,4.223,3.691,2.493,6.307,0.9698
2019-07-05,Port_Said_EG,CHL,my,5.502,3.92,2.914,6.217,0.8392
2019-07-06,Port_Said_EG,CHL,my,3.276,2.705,1.794,3.528,0.9296
2019-07-07,Port_Said_EG,CHL,my,,1.669,1.564,3.364,0.5075
2019-07-08,Port_Said_EG,CHL,my,2.952,2.952,2.111,4.461,0.9296
2019-07-09,Port_Said_EG,CHL,my,5.038,5.038,2.635,6.026,0.9698
2019-07-10,Port_Said_EG,CHL,my,2.837,2.686,1.86,2.98,0.8744
2019-07-11,Port_Said_EG,CHL,my,2.556,2.556,1.792,3.934,1
2019-07-12,Port_Said_EG,CHL,my,,2.29,1.751,2.863,0.6432
2019-07-13,Port_Said_EG,CHL,my,5.509,4.558,2.767,5.509,0.9698
2019-07-14,Port_Said_EG,CHL,my,5.613,4.877,2.661,5.613,0.9296
2019-07-15,Port_Said_EG,CHL,my,5.083,4.879,2.931,6.744,1
2019-07-19,Port_Said_EG,CHL,my,5.35,4.684,2.854,7.868,0.9447
2019-07-20,Port_Said_EG,CHL,my,6.555,5.245,2.846,6.555,0.9698
2019-07-21,Port_Said_EG,CHL,my,,2.567,1.937,3.025,0.7387
2019-07-22,Port_Said_EG,CHL,my,5.865,5.532,2.559,5.865,0.9296
2019-07-23,Port_Said_EG,CHL,my,5.74,5.147,2.831,7.795,1
2019-07-24,Port_Said_EG,CHL,my,6.439,6.439,3.63,15.73,1
2019-07-25,Port_Said_EG,CHL,my,5.755,5.297,2.807,6.823,0.9296
2019-07-26,Port_Said_EG,CHL,my,4.388,2.978,2.395,6.67,0.9296
2019-07-27,Port_Said_EG,CHL,my,5.78,5.122,2.717,7.443,0.9296
2019-07-28,Port_Said_EG,CHL,my,6.574,5.533,2.95,7.284,0.9698
2019-07-29,Port_Said_EG,CHL,my,8.23,5.331,3.382,9.437,0.9598
2019-07-30,Port_Said_EG,CHL,my,7.339,6.719,3.387,9.025,0.9296
2019-07-31,Port_Said_EG,CHL,my,5.302,5.302,3.06,8.37,1
2019-08-01,Port_Said_EG,CHL,my,6.771,6.269,3.324,9.123,1
2019-08-02,Port_Said_EG,CHL,my,5.217,3.077,2.294,6.021,0.9296
2019-08-03,Port_Said_EG,CHL,my,4.599,,,,0.3216
2019-08-04,Port_Said_EG,CHL,my,4.922,2.482,2.025,4.922,0.8543
2019-08-05,Port_Said_EG,CHL,my,4.877,3.132,2.352,6.028,0.9296
2019-08-07,Port_Said_EG,CHL,my,5.742,5.742,3.532,8.413,0.9296
2019-08-08,Port_Said_EG,CHL,my,7.582,8.08,4.888,11.74,0.9698
2019-08-09,Port_Said_EG,CHL,my,7.782,7.522,3.633,8.873,0.9296
2019-08-10,Port_Said_EG,CHL,my,5.53,5.49,2.802,6.311,0.9296
2019-08-11,Port_Said_EG,CHL,my,5.649,4.986,3.224,6.975,1
2019-08-12,Port_Said_EG,CHL,my,15.02,12.13,5.041,15.08,0.9698
2019-08-13,Port_Said_EG,CHL,my,10.81,8.372,3.977,11.3,0.9698
2019-08-14,Port_Said_EG,CHL,my,,2.715,2.183,5.171,0.7437
2019-08-15,Port_Said_EG,CHL,my,7.136,6.151,3.757,8.269,1
2019-08-16,Port_Said_EG,CHL,my,5.103,5.081,3.084,6.274,0.9296
2019-08-17,Port_Said_EG,CHL,my,5.522,5.522,2.758,6.421,0.8543
2019-08-18,Port_Said_EG,CHL,my,5.22,3.213,2.429,5.22,0.9698
2019-08-19,Port_Said_EG,CHL,my,5.01,,,,0.1658
2019-08-20,Port_Said_EG,CHL,my,6.522,6.522,3.495,7.512,0.9246
2019-08-21,Port_Said_EG,CHL,my,8.862,8.422,4.427,10.29,1
2019-08-22,Port_Said_EG,CHL,my,6.095,3.727,2.504,6.413,0.7337
2019-08-23,Port_Said_EG,CHL,my,12.67,12.67,5.999,19.78,1
2019-08-24,Port_Said_EG,CHL,my,10.13,8.365,4.597,10.97,1
2019-08-25,Port_Said_EG,CHL,my,10.18,5.312,3.575,11.76,0.9296
2019-08-26,Port_Said_EG,CHL,my,11.81,9.852,5.477,24.61,1
2019-08-27,Port_Said_EG,CHL,my,14.66,11.06,6.588,16.77,0.9698
2019-08-28,Port_Said_EG,CHL,my,16.6,10.49,5.148,16.6,0.9698
2019-08-30,Port_Said_EG,CHL,my,6.48,6.149,3.063,8.692,0.9698
2019-08-31,Port_Said_EG,CHL,my,5.102,4.81,2.608,6.813,1
2019-09-01,Port_Said_EG,CHL,my,9.455,8.223,4.279,12.37,1
2019-09-02,Port_Said_EG,CHL,my,6.79,6.166,3.039,6.79,0.8543
2019-09-03,Port_Said_EG,CHL,my,5.819,5.654,3.036,7.997,0.9698
2019-09-04,Port_Said_EG,CHL,my,5.468,4.779,2.553,5.784,0.9698
2019-09-05,Port_Said_EG,CHL,my,4.691,4.323,2.471,5.331,1
2019-09-06,Port_Said_EG,CHL,my,3.313,2.94,2.123,4.747,0.9296
2019-09-07,Port_Said_EG,CHL,my,5.688,2.34,1.957,5.688,0.8543
2019-09-08,Port_Said_EG,CHL,my,8.215,5.065,2.974,8.543,0.9296
2019-09-09,Port_Said_EG,CHL,my,7.67,5.228,2.963,7.67,0.8744
2019-09-10,Port_Said_EG,CHL,my,6.923,4.901,2.657,6.923,0.8744
2019-09-11,Port_Said_EG,CHL,my,9.218,7.831,3.823,12.47,0.9296
2019-09-12,Port_Said_EG,CHL,my,6.538,6.538,3.474,9.448,0.8744
2019-09-14,Port_Said_EG,CHL,my,,1.624,1.408,2.27,0.5779
2019-09-16,Port_Said_EG,CHL,my,7.568,7.536,3.753,10.35,1
2019-09-17,Port_Said_EG,CHL,my,9.638,9.638,5.82,18.12,1
2019-09-18,Port_Said_EG,CHL,my,7.828,7.082,4.046,9.739,0.9296
2019-09-20,Port_Said_EG,CHL,my,,9.695,5.116,27.21,0.7387
2019-09-23,Port_Said_EG,CHL,my,7.008,8.487,6.143,13.21,0.6131
2019-09-24,Port_Said_EG,CHL,my,21.68,14.01,7.06,23.93,0.9296
2019-09-25,Port_Said_EG,CHL,my,19.12,22.34,11.99,27.72,0.8995
2019-09-26,Port_Said_EG,CHL,my,9.152,8.955,6.685,13.97,1
2019-09-27,Port_Said_EG,CHL,my,5.436,5.436,3.195,6.164,0.8191
2019-09-28,Port_Said_EG,CHL,my,7.959,7.194,4.837,9.461,0.6332
2019-09-29,Port_Said_EG,CHL,my,7.758,,,,0.4774
2019-09-30,Port_Said_EG,CHL,my,10.59,7.477,4.074,13.63,0.9296
2019-10-01,Port_Said_EG,CHL,my,10.83,4.836,3.023,16.08,0.5628
2019-10-02,Port_Said_EG,CHL,my,8.218,7.487,3.139,8.218,0.9698
2019-10-03,Port_Said_EG,CHL,my,10.22,10.46,6.451,12.65,1
2019-10-04,Port_Said_EG,CHL,my,4.961,6.588,4.005,7.888,1
2019-10-05,Port_Said_EG,CHL,my,5.177,3.771,3.058,6.925,1
2019-10-06,Port_Said_EG,CHL,my,8.412,8.412,4.126,10.16,0.7337
2019-10-07,Port_Said_EG,CHL,my,8.265,7.001,3.634,8.302,0.9296
2019-10-08,Port_Said_EG,CHL,my,,2.662,1.749,3.342,0.5427
2019-10-09,Port_Said_EG,CHL,my,4.759,4.883,3.448,6.823,1
2019-10-10,Port_Said_EG,CHL,my,,2.262,1.675,2.689,0.6281
2019-10-11,Port_Said_EG,CHL,my,10.45,9.213,4.591,18.49,0.8643
2019-10-12,Port_Said_EG,CHL,my,,23.76,8.336,38.83,0.7688
2019-10-13,Port_Said_EG,CHL,my,11.36,11.81,6.456,15.25,1
2019-10-14,Port_Said_EG,CHL,my,,3.276,4.09,13.83,0.6985
2019-10-16,Port_Said_EG,CHL,my,7.727,,,,0.2412
2019-10-17,Port_Said_EG,CHL,my,6.673,6.491,3.054,8.436,0.9296
2019-10-18,Port_Said_EG,CHL,my,5.617,4.805,2.941,10.63,0.9296
2019-10-19,Port_Said_EG,CHL,my,5.243,5.243,3.349,8.666,0.9598
2019-10-20,Port_Said_EG,CHL,my,,5.303,3.223,7.002,0.7638
2019-10-21,Port_Said_EG,CHL,my,5.122,5.071,2.947,5.488,0.7789
2019-10-24,Port_Said_EG,CHL,my,6.772,6.393,3.399,6.772,0.8894
2019-10-28,Port_Said_EG,CHL,my,5.586,5.823,4.484,6.862,0.5678
2019-10-29,Port_Said_EG,CHL,my,7.273,,,,0.4874
2019-10-30,Port_Said_EG,CHL,my,9.844,,,,0.4623
2019-10-31,Port_Said_EG,CHL,my,15.04,14.86,5.562,29.39,0.9296
2019-11-01,Port_Said_EG,CHL,my,8.554,8.554,4.078,9.93,0.9296
2019-11-02,Port_Said_EG,CHL,my,13.93,19.63,12.78,21.43,0.9698
2019-11-03,Port_Said_EG,CHL,my,4.453,5.377,3.984,6.407,1
2019-11-04,Port_Said_EG,CHL,my,3.553,2.964,2.333,3.997,0.9698
2019-11-05,Port_Said_EG,CHL,my,2.827,,,,0.2462
2019-11-08,Port_Said_EG,CHL,my,4.34,3.154,2.522,4.496,0.8744
2019-11-09,Port_Said_EG,CHL,my,5.361,5.299,2.989,9.88,0.9598
2019-11-12,Port_Said_EG,CHL,my,5.007,4.935,2.954,5.763,1
2019-11-13,Port_Said_EG,CHL,my,5.477,5.477,3.05,7.097,1
2019-11-14,Port_Said_EG,CHL,my,4.778,4.287,2.795,5.484,0.9296
2019-11-15,Port_Said_EG,CHL,my,8.754,6.786,3.662,8.754,0.9698
2019-11-18,Port_Said_EG,CHL,my,,7.133,4.891,7.709,0.6382
2019-11-19,Port_Said_EG,CHL,my,5.623,5.864,4.262,7.14,1
2019-11-20,Port_Said_EG,CHL,my,4.819,4.592,3.101,5.341,1
2019-11-21,Port_Said_EG,CHL,my,4.469,4.469,2.961,5.412,0.799
2019-11-22,Port_Said_EG,CHL,my,6.967,5.163,3.142,9.315,0.9296
2019-11-23,Port_Said_EG,CHL,my,9.92,9.92,5.704,23.29,0.9045
2019-11-24,Port_Said_EG,CHL,my,16.89,12.84,6.053,20.77,0.9296
2019-11-25,Port_Said_EG,CHL,my,10.34,8.071,4.523,10.34,0.9698
2019-11-26,Port_Said_EG,CHL,my,4.939,4.256,3.002,6.176,0.794
2019-11-27,Port_Said_EG,CHL,my,8.062,6.449,4.01,8.95,1
2019-11-28,Port_Said_EG,CHL,my,4.684,4.431,2.771,5.943,1
2019-11-29,Port_Said_EG,CHL,my,11.75,9.684,5.398,16.59,1
2019-11-30,Port_Said_EG,CHL,my,4.422,3.32,2.86,18.56,0.9598
2019-12-01,Port_Said_EG,CHL,my,3.838,3.838,2.311,7.627,0.9347
2019-12-02,Port_Said_EG,CHL,my,9.817,8.142,4.35,11,0.799
2019-12-03,Port_Said_EG,CHL,my,11.45,9.049,4.486,13.91,0.9698
2019-12-04,Port_Said_EG,CHL,my,7.323,9.516,5.496,15.21,0.9698
2019-12-05,Port_Said_EG,CHL,my,7.289,7.289,3.86,14.06,0.8945
2019-12-06,Port_Said_EG,CHL,my,,2.591,2.221,5.051,0.7035
2019-12-07,Port_Said_EG,CHL,my,7.311,,,,0.2513
2019-12-10,Port_Said_EG,CHL,my,6.156,,,,0.2513
2019-12-12,Port_Said_EG,CHL,my,5.878,5.014,3.308,6.615,0.9296
2019-12-14,Port_Said_EG,CHL,my,8.201,7.09,4.937,8.697,0.8744
2019-12-16,Port_Said_EG,CHL,my,4.694,3.523,2.581,5.061,0.7236
2019-12-17,Port_Said_EG,CHL,my,4.356,4.342,3.306,6.324,0.8241
2019-12-18,Port_Said_EG,CHL,my,8.485,6.82,4.829,14.89,1
2019-12-19,Port_Said_EG,CHL,my,4.155,4.155,2.773,5.422,0.9698
2019-12-20,Port_Said_EG,CHL,my,3.418,3.369,2.346,5.932,0.9698
2019-12-21,Port_Said_EG,CHL,my,,2.131,2.376,10.03,0.7839
2019-12-22,Port_Said_EG,CHL,my,6.884,6.884,3.566,10.65,1
2019-12-23,Port_Said_EG,CHL,my,,7.108,3.622,14.06,0.7538
2019-12-24,Port_Said_EG,CHL,my,7.964,7.135,4.559,7.964,0.8744
2019-12-28,Port_Said_EG,CHL,my,7.31,7.7,6.056,9.229,1
2019-12-29,Port_Said_EG,CHL,my,7.083,6.986,6.635,8.287,1
2019-12-30,Port_Said_EG,CHL,my,6.3,6.235,5.476,7.45,0.9296
2019-12-31,Port_Said_EG,CHL,my,6.274,6.274,5.761,8.292,1
2019-01-01,Rafah_Gaza,CHL,my,0.9693,0.9224,0.678,1.208,0.95
2019-01-03,Rafah_Gaza,CHL,my,1.292,1.24,0.65,1.378,0.95
2019-01-04,Rafah_Gaza,CHL,my,0.4586,0.5182,0.3691,0.7095,0.95
2019-01-07,Rafah_Gaza,CHL,my,1.311,1.234,0.8752,1.479,0.95
2019-01-08,Rafah_Gaza,CHL,my,1.575,1.532,1.098,1.828,0.9
2019-01-09,Rafah_Gaza,CHL,my,1.468,1.317,0.9071,1.494,0.76
2019-01-10,Rafah_Gaza,CHL,my,0.9532,0.8394,0.4319,0.9532,0.915
2019-01-11,Rafah_Gaza,CHL,my,0.4859,0.4859,0.2856,0.7317,1
2019-01-12,Rafah_Gaza,CHL,my,0.8139,0.6062,0.3937,0.9905,0.95
2019-01-15,Rafah_Gaza,CHL,my,1.146,1.153,1.003,1.321,0.95
2019-01-18,Rafah_Gaza,CHL,my,,0.8814,0.5363,1.173,0.92
2019-01-19,Rafah_Gaza,CHL,my,0.9105,0.8788,0.5705,1.249,0.95
2019-01-21,Rafah_Gaza,CHL,my,0.8446,0.8446,0.626,1.079,0.505
2019-01-23,Rafah_Gaza,CHL,my,0.6825,,,,0.32
2019-01-25,Rafah_Gaza,CHL,my,1.013,0.8629,0.5634,1.099,0.915
2019-01-26,Rafah_Gaza,CHL,my,0.6477,0.788,0.6468,0.8347,0.915
2019-01-29,Rafah_Gaza,CHL,my,0.944,0.9416,0.6638,1.183,0.915
2019-01-30,Rafah_Gaza,CHL,my,0.6718,0.6718,0.4899,1.036,1
2019-01-31,Rafah_Gaza,CHL,my,0.628,0.387,0.2979,1.02,0.915
2019-02-02,Rafah_Gaza,CHL,my,0.1899,0.1736,0.1672,0.2837,0.95
2019-02-03,Rafah_Gaza,CHL,my,0.2475,0.2258,0.1846,0.421,0.95
2019-02-04,Rafah_Gaza,CHL,my,0.2808,0.2376,0.1999,0.4482,0.95
2019-02-07,Rafah_Gaza,CHL,my,0.3981,0.2796,0.2246,0.5016,0.865
2019-02-08,Rafah_Gaza,CHL,my,1.114,1.015,0.5,1.261,0.95
2019-02-12,Rafah_Gaza,CHL,my,1.159,1.147,0.699,1.223,1
2019-02-13,Rafah_Gaza,CHL,my,1.081,1.087,0.6785,1.276,1
2019-02-16,Rafah_Gaza,CHL,my,1.618,1.429,1.221,1.65,0.915
2019-02-17,Rafah_Gaza,CHL,my,1.323,1.242,0.7927,1.443,0.835
2019-02-19,Rafah_Gaza,CHL,my,0.7121,0.609,0.2712,0.866,0.625
2019-02-20,Rafah_Gaza,CHL,my,0.432,0.4468,0.3147,0.5278,0.915
2019-02-21,Rafah_Gaza,CHL,my,0.1886,0.1573,0.1309,0.2762,0.9
2019-02-22,Rafah_Gaza,CHL,my,0.1504,0.1504,0.106,0.1892,0.695
2019-02-23,Rafah_Gaza,CHL,my,0.3588,0.2886,0.1737,0.4693,0.91
2019-02-27,Rafah_Gaza,CHL,my,1.408,1.359,1.039,1.576,0.635
2019-03-02,Rafah_Gaza,CHL,my,,1.039,0.5627,1.244,0.74
2019-03-03,Rafah_Gaza,CHL,my,,1.228,0.7567,1.645,0.865
2019-03-04,Rafah_Gaza,CHL,my,1.076,1.076,0.4026,1.27,1
2019-03-06,Rafah_Gaza,CHL,my,0.7152,0.7152,0.3433,1.219,1
2019-03-07,Rafah_Gaza,CHL,my,0.8516,0.7188,0.3503,0.9257,0.915
2019-03-08,Rafah_Gaza,CHL,my,0.4216,0.4167,0.241,0.9428,0.95
2019-03-09,Rafah_Gaza,CHL,my,0.6853,0.4098,0.3125,1.226,0.915
2019-03-10,Rafah_Gaza,CHL,my,0.5543,0.5543,0.2482,0.9955,1
2019-03-11,Rafah_Gaza,CHL,my,0.4943,0.4943,0.3039,1.186,1
2019-03-13,Rafah_Gaza,CHL,my,0.9998,0.5843,0.364,1.169,0.875
2019-03-18,Rafah_Gaza,CHL,my,1.778,1.77,1.196,2.219,1
2019-03-19,Rafah_Gaza,CHL,my,1.336,1.336,0.8838,1.435,1
2019-03-21,Rafah_Gaza,CHL,my,,1.272,0.7839,1.597,0.82
2019-03-22,Rafah_Gaza,CHL,my,1.261,1.202,0.7913,1.354,0.95
2019-03-26,Rafah_Gaza,CHL,my,1.738,1.665,1.405,2.113,0.575
2019-03-27,Rafah_Gaza,CHL,my,1.856,1.736,1.017,1.996,0.95
2019-04-02,Rafah_Gaza,CHL,my,1.57,1.502,1.005,2.252,0.94
2019-04-03,Rafah_Gaza,CHL,my,1.796,1.48,0.897,2.112,0.875
2019-04-04,Rafah_Gaza,CHL,my,1.587,1.451,1.066,1.654,0.535
2019-04-05,Rafah_Gaza,CHL,my,1.522,1.498,0.8366,1.885,0.915
2019-04-06,Rafah_Gaza,CHL,my,,0.986,0.5893,1.306,0.785
2019-04-07,Rafah_Gaza,CHL,my,,1.465,0.8789,1.854,0.795
2019-04-10,Rafah_Gaza,CHL,my,1.302,1.361,0.8814,1.584,1
2019-04-11,Rafah_Gaza,CHL,my,1.174,1.178,0.742,1.752,1
2019-04-12,Rafah_Gaza,CHL,my,1.357,1.17,0.7967,1.402,0.95
2019-04-17,Rafah_Gaza,CHL,my,,1.091,0.6732,1.179,0.55
2019-04-18,Rafah_Gaza,CHL,my,1.31,1.257,0.6526,1.358,0.95
2019-04-19,Rafah_Gaza,CHL,my,1.34,1.495,0.8469,1.559,0.87
2019-04-20,Rafah_Gaza,CHL,my,1.627,1.46,0.8246,1.627,0.795
2019-04-21,Rafah_Gaza,CHL,my,1.974,1.917,1.304,2.181,0.915
2019-04-22,Rafah_Gaza,CHL,my,,1.688,1.133,1.848,0.715
2019-04-23,Rafah_Gaza,CHL,my,1.873,1.644,1.067,1.873,0.875
2019-04-26,Rafah_Gaza,CHL,my,,1.187,0.9112,1.299,0.795
2019-04-27,Rafah_Gaza,CHL,my,,0.8784,0.5992,0.9537,0.715
2019-04-28,Rafah_Gaza,CHL,my,1.014,1.001,0.8168,1.171,0.875
2019-05-03,Rafah_Gaza,CHL,my,,0.3348,0.2369,0.4426,0.525
2019-05-04,Rafah_Gaza,CHL,my,0.2787,0.2312,0.1678,0.8124,0.95
2019-05-05,Rafah_Gaza,CHL,my,0.4397,0.2912,0.1856,0.4397,0.785
2019-05-07,Rafah_Gaza,CHL,my,0.2469,0.1983,0.1383,0.3077,0.915
2019-05-08,Rafah_Gaza,CHL,my,0.2768,0.2199,0.1415,0.31,0.775
2019-05-09,Rafah_Gaza,CHL,my,0.9627,0.8863,0.3055,1.176,0.95
2019-05-11,Rafah_Gaza,CHL,my,1.168,1.109,0.5493,1.205,1
2019-05-12,Rafah_Gaza,CHL,my,1.013,1.013,0.5146,1.194,1
2019-05-13,Rafah_Gaza,CHL,my,0.9899,0.9896,0.45,1.051,0.95
2019-05-14,Rafah_Gaza,CHL,my,0.6101,0.4549,0.2288,0.7288,0.865
2019-05-15,Rafah_Gaza,CHL,my,0.3085,0.2867,0.1489,0.4255,0.915
2019-05-16,Rafah_Gaza,CHL,my,0.3345,0.2738,0.1623,0.5585,0.95
2019-05-19,Rafah_Gaza,CHL,my,0.2198,0.1669,0.1252,0.5356,0.95
2019-05-20,Rafah_Gaza,CHL,my,0.2388,0.2388,0.1473,0.5109,1
2019-05-22,Rafah_Gaza,CHL,my,,0.1394,0.1094,0.1626,0.56
2019-05-26,Rafah_Gaza,CHL,my,0.382,,,,0.315
2019-05-27,Rafah_Gaza,CHL,my,0.3823,0.2101,0.1515,0.5204,0.875
2019-05-28,Rafah_Gaza,CHL,my,0.185,0.1452,0.1271,0.5069,0.95
2019-05-29,Rafah_Gaza,CHL,my,,0.177,0.1295,0.2396,0.74
2019-06-01,Rafah_Gaza,CHL,my,0.5628,0.5303,0.235,0.7143,0.635
2019-06-02,Rafah_Gaza,CHL,my,0.5002,0.244,0.1736,0.5002,0.825
2019-06-03,Rafah_Gaza,CHL,my,0.6302,0.6302,0.395,0.8061,0.525
2019-06-07,Rafah_Gaza,CHL,my,0.2801,0.2801,0.2423,1.008,1
2019-06-08,Rafah_Gaza,CHL,my,0.3418,0.2909,0.1941,0.6872,0.95
2019-06-09,Rafah_Gaza,CHL,my,0.2603,0.1937,0.1763,0.7949,0.95
2019-06-10,Rafah_Gaza,CHL,my,0.2549,0.1731,0.1377,0.3337,0.875
2019-06-11,Rafah_Gaza,CHL,my,0.3404,0.2674,0.1813,0.6409,0.915
2019-06-12,Rafah_Gaza,CHL,my,0.324,0.324,0.1998,0.8811,1
2019-06-13,Rafah_Gaza,CHL,my,0.1478,0.142,0.1111,0.2744,0.915
2019-06-14,Rafah_Gaza,CHL,my,0.5174,0.367,0.1732,0.5174,0.825
2019-06-15,Rafah_Gaza,CHL,my,0.9974,0.7577,0.3435,0.9974,0.95
2019-06-16,Rafah_Gaza,CHL,my,0.7147,0.659,0.3551,1.064,0.775
2019-06-17,Rafah_Gaza,CHL,my,0.7615,0.2724,0.2275,0.7901,0.915
2019-06-18,Rafah_Gaza,CHL,my,0.9836,0.5235,0.3177,1.104,0.915
2019-06-19,Rafah_Gaza,CHL,my,0.6895,0.6895,0.3765,1.281,1
2019-06-20,Rafah_Gaza,CHL,my,0.506,0.5472,0.3011,1.155,0.95
2019-06-21,Rafah_Gaza,CHL,my,0.4368,0.2788,0.2096,0.5298,0.915
2019-06-22,Rafah_Gaza,CHL,my,0.2245,0.2167,0.1548,0.9585,0.95
2019-06-23,Rafah_Gaza,CHL,my,0.6351,0.6351,0.2412,0.8331,1
2019-06-24,Rafah_Gaza,CHL,my,0.7414,0.3859,0.228,0.7414,0.95
2019-06-25,Rafah_Gaza,CHL,my,0.575,0.3987,0.2495,0.575,0.825
2019-06-26,Rafah_Gaza,CHL,my,0.2111,0.2029,0.1847,0.4512,0.95
2019-06-27,Rafah_Gaza,CHL,my,,0.3534,0.2229,0.3907,0.715
2019-06-28,Rafah_Gaza,CHL,my,,0.378,0.2391,0.5795,0.845
2019-06-30,Rafah_Gaza,CHL,my,0.9286,0.9404,0.4824,1.155,0.95
2019-07-01,Rafah_Gaza,CHL,my,0.9272,0.682,0.3846,0.958,0.875
2019-07-02,Rafah_Gaza,CHL,my,1.041,1.001,0.4038,1.123,1
2019-07-03,Rafah_Gaza,CHL,my,0.4764,0.3553,0.2694,0.5645,0.875
2019-07-04,Rafah_Gaza,CHL,my,0.3977,0.3799,0.2704,0.8181,0.95
2019-07-05,Rafah_Gaza,CHL,my,0.7903,0.7813,0.4728,1.428,1
2019-07-06,Rafah_Gaza,CHL,my,1,0.9742,0.5227,1.099,0.915
2019-07-07,Rafah_Gaza,CHL,my,,0.3216,0.2435,0.813,0.795
2019-07-08,Rafah_Gaza,CHL,my,1.372,1.397,0.7275,1.488,0.95
2019-07-09,Rafah_Gaza,CHL,my,1.072,1.081,0.8623,1.124,0.625
2019-07-10,Rafah_Gaza,CHL,my,1.064,1.017,0.6643,1.23,0.95
2019-07-12,Rafah_Gaza,CHL,my,,0.9467,0.4674,1.183,0.62
2019-07-13,Rafah_Gaza,CHL,my,1.416,1.416,0.7877,1.583,1
2019-07-14,Rafah_Gaza,CHL,my,1.478,1.414,0.7974,1.478,0.86
2019-07-15,Rafah_Gaza,CHL,my,1.452,1.435,0.7028,1.818,1
2019-07-19,Rafah_Gaza,CHL,my,0.9886,0.9809,0.5089,1.064,0.95
2019-07-20,Rafah_Gaza,CHL,my,1.169,0.891,0.365,1.169,0.95
2019-07-21,Rafah_Gaza,CHL,my,1.042,0.6845,0.3855,1.176,0.915
2019-07-22,Rafah_Gaza,CHL,my,1.099,0.5131,0.3198,1.196,0.795
2019-07-23,Rafah_Gaza,CHL,my,1.181,1.087,0.6156,1.352,0.95
2019-07-24,Rafah_Gaza,CHL,my,1.526,1.16,0.5336,1.526,0.95
2019-07-25,Rafah_Gaza,CHL,my,1.43,1.317,0.6046,1.43,0.95
2019-07-26,Rafah_Gaza,CHL,my,1.391,1.332,0.5008,1.391,0.95
2019-07-27,Rafah_Gaza,CHL,my,1.28,1.182,0.5323,1.341,0.785
2019-07-28,Rafah_Gaza,CHL,my,1.308,1.222,0.6943,1.356,0.915
2019-07-29,Rafah_Gaza,CHL,my,1.436,1.425,0.6612,1.536,0.91
2019-07-30,Rafah_Gaza,CHL,my,1.319,1.2,0.5992,1.41,0.915
2019-07-31,Rafah_Gaza,CHL,my,1.386,1.255,0.6162,1.495,0.95
2019-08-01,Rafah_Gaza,CHL,my,1.015,0.994,0.4506,1.031,0.95
2019-08-02,Rafah_Gaza,CHL,my,0.9624,0.9179,0.414,1.55,0.95
2019-08-03,Rafah_Gaza,CHL,my,1.255,0.6533,0.4251,1.256,0.915
2019-08-04,Rafah_Gaza,CHL,my,,0.3038,0.262,0.8358,0.575
2019-08-05,Rafah_Gaza,CHL,my,1.04,,,,0.335
2019-08-06,Rafah_Gaza,CHL,my,1.524,1.333,0.7728,1.524,0.84
2019-08-07,Rafah_Gaza,CHL,my,1.472,1.301,0.5731,1.472,0.825
2019-08-08,Rafah_Gaza,CHL,my,1.504,1.374,0.698,1.559,0.95
2019-08-09,Rafah_Gaza,CHL,my,1.51,1.108,0.504,1.51,0.875
2019-08-10,Rafah_Gaza,CHL,my,1.667,1.358,0.5946,1.74,0.915
2019-08-11,Rafah_Gaza,CHL,my,1.339,1.339,0.6787,1.568,1
2019-08-12,Rafah_Gaza,CHL,my,1.163,1.28,0.6322,1.726,0.95
2019-08-13,Rafah_Gaza,CHL,my,1.462,1.333,0.6625,1.741,1
2019-08-15,Rafah_Gaza,CHL,my,0.9904,0.9842,0.5454,2.529,1
2019-08-16,Rafah_Gaza,CHL,my,0.6562,0.4412,0.2609,0.9069,0.915
2019-08-17,Rafah_Gaza,CHL,my,0.3061,0.3061,0.2543,0.9314,0.75
2019-08-19,Rafah_Gaza,CHL,my,1.693,1.693,0.8929,1.77,0.95
2019-08-20,Rafah_Gaza,CHL,my,,0.5574,0.2776,1.187,0.74
2019-08-21,Rafah_Gaza,CHL,my,1.448,1.402,0.5249,1.629,1
2019-08-23,Rafah_Gaza,CHL,my,1.613,1.382,0.6441,1.613,0.915
2019-08-24,Rafah_Gaza,CHL,my,1.208,1.407,0.6911,1.653,1
2019-08-25,Rafah_Gaza,CHL,my,1.396,1.305,0.6568,2.144,1
2019-08-26,Rafah_Gaza,CHL,my,1.327,1.288,0.6657,1.532,0.915
2019-08-27,Rafah_Gaza,CHL,my,1.173,1.256,0.4895,1.447,0.915
2019-08-28,Rafah_Gaza,CHL,my,1.256,1.121,0.4195,1.656,0.95
2019-08-29,Rafah_Gaza,CHL,my,1.388,1.111,0.5564,1.725,0.915
2019-08-31,Rafah_Gaza,CHL,my,1.596,1.331,0.5729,1.596,0.91
2019-09-01,Rafah_Gaza,CHL,my,1.436,1.352,0.5906,1.553,0.95
2019-09-02,Rafah_Gaza,CHL,my,,1.208,0.6125,1.518,0.795
2019-09-03,Rafah_Gaza,CHL,my,1.286,1.114,0.6512,1.537,0.95
2019-09-04,Rafah_Gaza,CHL,my,1.269,1.253,0.6332,1.419,1
2019-09-05,Rafah_Gaza,CHL,my,1.176,1.125,0.5424,1.204,0.875
2019-09-06,Rafah_Gaza,CHL,my,1.2,1.099,0.5318,1.306,0.915
2019-09-07,Rafah_Gaza,CHL,my,,0.8677,0.4155,1.359,0.585
2019-09-09,Rafah_Gaza,CHL,my,1.092,1.132,0.6104,1.272,1
2019-09-10,Rafah_Gaza,CHL,my,1.399,1.376,0.7771,1.59,0.875
2019-09-11,Rafah_Gaza,CHL,my,1.432,1.355,0.7399,1.432,1
2019-09-12,Rafah_Gaza,CHL,my,1.391,1.249,0.7826,1.433,0.915
2019-09-13,Rafah_Gaza,CHL,my,1.384,1.334,0.7664,1.615,1
2019-09-14,Rafah_Gaza,CHL,my,1.553,1.498,0.8909,1.732,0.815
2019-09-15,Rafah_Gaza,CHL,my,1.619,1.543,0.8946,1.872,0.95
2019-09-16,Rafah_Gaza,CHL,my,1.702,1.449,0.7529,1.702,0.875
2019-09-17,Rafah_Gaza,CHL,my,1.64,1.61,0.9793,2.324,0.95
2019-09-20,Rafah_Gaza,CHL,my,,1.156,0.6017,1.414,0.795
2019-09-21,Rafah_Gaza,CHL,my,1.886,1.537,0.8264,2.003,0.915
2019-09-23,Rafah_Gaza,CHL,my,1.7,1.673,0.8679,2.058,0.99
2019-09-24,Rafah_Gaza,CHL,my,1.453,1.78,1.144,3.371,1
2019-09-25,Rafah_Gaza,CHL,my,1.727,1.812,1.262,1.969,1
2019-09-26,Rafah_Gaza,CHL,my,2.214,2.015,1,2.374,0.915
2019-09-27,Rafah_Gaza,CHL,my,1.716,1.806,1.055,2.05,0.95
2019-09-28,Rafah_Gaza,CHL,my,1.39,1.456,0.7605,1.749,1
2019-09-29,Rafah_Gaza,CHL,my,1.448,,,,0.435
2019-09-30,Rafah_Gaza,CHL,my,1.227,1.353,0.7189,1.841,0.95
2019-10-01,Rafah_Gaza,CHL,my,1.028,1.169,0.7152,1.555,0.95
2019-10-02,Rafah_Gaza,CHL,my,1.055,1.276,0.7013,1.581,0.95
2019-10-03,Rafah_Gaza,CHL,my,1.137,1.421,0.8147,1.505,0.915
2019-10-04,Rafah_Gaza,CHL,my,0.8665,1.381,0.7722,1.561,0.95
2019-10-05,Rafah_Gaza,CHL,my,,0.6903,0.4169,1.483,0.69
2019-10-06,Rafah_Gaza,CHL,my,1.431,1.142,0.6973,1.431,0.95
2019-10-07,Rafah_Gaza,CHL,my,0.9681,1.174,0.7433,1.372,0.915
2019-10-08,Rafah_Gaza,CHL,my,1.181,1.212,0.7616,1.471,1
2019-10-09,Rafah_Gaza,CHL,my,0.8781,1.121,0.6187,1.258,0.95
2019-10-11,Rafah_Gaza,CHL,my,0.9317,,,,0.425
2019-10-12,Rafah_Gaza,CHL,my,0.8958,0.8513,0.5693,1.098,0.95
2019-10-13,Rafah_Gaza,CHL,my,0.8982,0.8923,0.5231,1.583,1
2019-10-14,Rafah_Gaza,CHL,my,1.082,1.046,0.5693,1.141,0.915
2019-10-17,Rafah_Gaza,CHL,my,1.054,0.9608,0.4972,1.169,0.81
2019-10-18,Rafah_Gaza,CHL,my,1.211,,,,0.35
2019-10-19,Rafah_Gaza,CHL,my,1.057,1.195,0.6412,1.578,0.95
2019-10-20,Rafah_Gaza,CHL,my,1.198,0.9893,0.636,1.454,0.95
2019-10-21,Rafah_Gaza,CHL,my,0.9641,0.9641,0.5405,1.127,0.915
2019-10-22,Rafah_Gaza,CHL,my,1.049,1.046,0.5933,1.313,0.855
2019-10-24,Rafah_Gaza,CHL,my,1.295,1.234,0.6595,1.331,0.95
2019-10-25,Rafah_Gaza,CHL,my,,0.8998,0.5065,1.298,0.92
2019-10-28,Rafah_Gaza,CHL,my,1.07,0.9959,0.5606,1.09,0.865
2019-10-29,Rafah_Gaza,CHL,my,1.027,,,,0.3
2019-10-30,Rafah_Gaza,CHL,my,0.9591,0.8699,0.4948,1.035,0.915
2019-10-31,Rafah_Gaza,CHL,my,0.9837,0.9237,0.5678,1.121,0.95
2019-11-01,Rafah_Gaza,CHL,my,0.968,0.9763,0.66,1.104,0.845
2019-11-02,Rafah_Gaza,CHL,my,1.082,1.057,0.754,1.163,0.95
2019-11-03,Rafah_Gaza,CHL,my,0.9512,0.98,0.8537,1.177,0.95
2019-11-04,Rafah_Gaza,CHL,my,1.123,1.256,0.9075,1.287,0.95
2019-11-05,Rafah_Gaza,CHL,my,1.115,1.014,0.6403,1.657,1
2019-11-08,Rafah_Gaza,CHL,my,0.8049,0.8017,0.397,0.8096,0.815
2019-11-12,Rafah_Gaza,CHL,my,1.067,1.067,0.5947,1.334,0.915
2019-11-13,Rafah_Gaza,CHL,my,,0.3521,0.2396,0.4965,0.65
2019-11-16,Rafah_Gaza,CHL,my,,0.7056,0.3812,1.202,0.7
2019-11-17,Rafah_Gaza,CHL,my,1.041,0.9956,0.605,1.116,0.915
2019-11-19,Rafah_Gaza,CHL,my,1.867,1.867,0.9688,2.134,0.915
2019-11-20,Rafah_Gaza,CHL,my,1.865,1.226,0.6009,1.865,0.95
2019-11-22,Rafah_Gaza,CHL,my,0.889,0.5503,0.3227,0.9535,0.8
2019-11-23,Rafah_Gaza,CHL,my,0.8915,0.866,0.4066,1.189,0.915
2019-11-25,Rafah_Gaza,CHL,my,0.409,0.4042,0.2983,0.8304,0.95
2019-11-27,Rafah_Gaza,CHL,my,1.355,1.355,1.044,2.324,0.95
2019-11-28,Rafah_Gaza,CHL,my,0.8906,0.7942,0.6183,0.924,1
2019-11-29,Rafah_Gaza,CHL,my,0.2195,0.2938,0.2359,0.4114,0.965
2019-11-30,Rafah_Gaza,CHL,my,0.2622,0.2622,0.1735,0.3104,0.94
2019-12-01,Rafah_Gaza,CHL,my,0.1666,0.1539,0.1202,0.2103,0.95
2019-12-02,Rafah_Gaza,CHL,my,0.4401,,,,0.47
2019-12-03,Rafah_Gaza,CHL,my,1.065,,,,0.225
2019-12-04,Rafah_Gaza,CHL,my,0.8644,0.5055,0.3482,0.9418,0.95
2019-12-05,Rafah_Gaza,CHL,my,0.2333,0.2333,0.1657,0.3937,0.95
2019-12-06,Rafah_Gaza,CHL,my,0.892,0.835,0.4915,0.9865,0.95
2019-12-07,Rafah_Gaza,CHL,my,,0.4366,0.2424,0.4918,0.675
2019-12-10,Rafah_Gaza,CHL,my,0.5697,,,,0.185
2019-12-14,Rafah_Gaza,CHL,my,0.868,0.7105,0.5269,1.12,0.915
2019-12-16,Rafah_Gaza,CHL,my,0.5772,0.5124,0.3392,0.7271,0.905
2019-12-17,Rafah_Gaza,CHL,my,0.7717,0.4573,0.3799,1.028,0.915
2019-12-18,Rafah_Gaza,CHL,my,0.3565,0.3565,0.2766,0.8759,1
2019-12-19,Rafah_Gaza,CHL,my,1.093,1.048,0.6562,1.23,0.965
2019-12-20,Rafah_Gaza,CHL,my,0.5996,0.5954,0.3859,1.147,0.95
2019-12-21,Rafah_Gaza,CHL,my,0.2642,0.3916,0.3082,0.4526,0.95
2019-12-22,Rafah_Gaza,CHL,my,0.336,0.3252,0.2147,0.5654,1
2019-12-23,Rafah_Gaza,CHL,my,0.4642,0.4989,0.3643,0.8392,0.95
2019-12-24,Rafah_Gaza,CHL,my,0.7956,0.7984,0.4812,0.8597,0.95
2019-12-28,Rafah_Gaza,CHL,my,1.026,0.9991,0.6888,1.267,0.95
2019-12-29,Rafah_Gaza,CHL,my,1.285,1.17,0.798,1.359,1
2019-12-30,Rafah_Gaza,CHL,my,0.7946,0.7531,0.5249,0.9476,0.825
2019-12-31,Rafah_Gaza,CHL,my,0.7551,0.6458,0.4308,0.9179,0.915
2019-01-01,Rosetta_mouth,CHL,my,2.589,2.384,1.899,2.589,0.7459
2019-01-03,Rosetta_mouth,CHL,my,7.017,6.316,3.728,7.345,1
2019-01-04,Rosetta_mouth,CHL,my,6.821,5.114,3.598,7.437,1
2019-01-10,Rosetta_mouth,CHL,my,3.98,3.081,1.913,4.093,1
2019-01-11,Rosetta_mouth,CHL,my,2.294,2,1.604,2.559,1
2019-01-12,Rosetta_mouth,CHL,my,2.462,1.815,1.582,2.64,1
2019-01-14,Rosetta_mouth,CHL,my,6.081,4.901,2.73,6.432,1
2019-01-15,Rosetta_mouth,CHL,my,10.18,6.892,4.265,10.18,1
2019-01-19,Rosetta_mouth,CHL,my,2.232,2.217,1.931,2.313,1
2019-01-21,Rosetta_mouth,CHL,my,2.401,2.276,1.533,2.568,1
2019-01-22,Rosetta_mouth,CHL,my,3.544,3.301,2.068,3.76,1
2019-01-23,Rosetta_mouth,CHL,my,2.886,2.886,2.131,2.931,1
2019-01-25,Rosetta_mouth,CHL,my,5.148,4.806,3.062,5.148,1
2019-01-29,Rosetta_mouth,CHL,my,6.241,4.045,2.384,6.375,1
2019-01-30,Rosetta_mouth,CHL,my,4.552,3.543,2.148,5.045,1
2019-01-31,Rosetta_mouth,CHL,my,7.873,5.454,3.006,9.537,1
2019-02-02,Rosetta_mouth,CHL,my,1.495,1.316,1.25,2.486,1
2019-02-04,Rosetta_mouth,CHL,my,8.129,6.332,3.627,9.514,1
2019-02-08,Rosetta_mouth,CHL,my,4.574,4.49,2.752,4.702,0.6188
2019-02-09,Rosetta_mouth,CHL,my,1.778,1.635,1.137,1.97,1
2019-02-10,Rosetta_mouth,CHL,my,1.484,1.329,0.8145,1.531,1
2019-02-11,Rosetta_mouth,CHL,my,1.839,1.624,1.075,1.914,1
2019-02-16,Rosetta_mouth,CHL,my,4.924,4.211,2.519,5.286,0.8729
2019-02-17,Rosetta_mouth,CHL,my,3.338,,,,0.2486
2019-02-18,Rosetta_mouth,CHL,my,2.025,1.717,1.228,2.114,0.9392
2019-02-19,Rosetta_mouth,CHL,my,1.625,1.481,0.9368,1.744,1
2019-02-20,Rosetta_mouth,CHL,my,4.394,2.065,1.625,8.293,1
2019-02-22,Rosetta_mouth,CHL,my,,1.348,0.6752,1.488,0.6243
2019-02-23,Rosetta_mouth,CHL,my,6.915,2.025,2.227,8.099,1
2019-03-03,Rosetta_mouth,CHL,my,,5.058,2.88,6.365,0.8729
2019-03-04,Rosetta_mouth,CHL,my,4.419,3.605,2.22,4.633,1
2019-03-05,Rosetta_mouth,CHL,my,1.837,1.817,1.533,1.898,0.6243
2019-03-06,Rosetta_mouth,CHL,my,2.668,1.965,1.338,3.192,1
2019-03-07,Rosetta_mouth,CHL,my,1.862,1.545,1.018,2.079,1
2019-03-08,Rosetta_mouth,CHL,my,2.3,1.673,1.151,2.957,1
2019-03-09,Rosetta_mouth,CHL,my,2.911,1.781,1.183,3.825,1
2019-03-10,Rosetta_mouth,CHL,my,4.502,4.359,2.113,7.472,1
2019-03-11,Rosetta_mouth,CHL,my,2.837,2.279,1.224,3.524,1
2019-03-14,Rosetta_mouth,CHL,my,4.392,3.763,2.548,5.213,1
2019-03-15,Rosetta_mouth,CHL,my,5.613,5.403,3.621,6.016,1
2019-03-17,Rosetta_mouth,CHL,my,3.755,3.129,2.188,4.181,1
2019-03-18,Rosetta_mouth,CHL,my,2.464,1.813,1.326,2.606,1
2019-03-19,Rosetta_mouth,CHL,my,1.986,1.724,1.085,2.17,1
2019-03-20,Rosetta_mouth,CHL,my,2.346,2.177,1.846,2.547,0.6851
2019-03-21,Rosetta_mouth,CHL,my,1.544,1.537,1.257,1.697,1
2019-03-22,Rosetta_mouth,CHL,my,1.842,1.635,1.375,2.377,1
2019-03-25,Rosetta_mouth,CHL,my,3.66,2.167,1.793,4.05,1
2019-03-29,Rosetta_mouth,CHL,my,,1.585,1.215,1.637,0.5635
2019-04-03,Rosetta_mouth,CHL,my,2.066,1.945,1.446,2.203,0.8066
2019-04-05,Rosetta_mouth,CHL,my,1.881,1.602,1.149,1.971,1
2019-04-08,Rosetta_mouth,CHL,my,2.92,2.448,1.567,3.102,1
2019-04-09,Rosetta_mouth,CHL,my,2.085,1.978,1.534,2.197,0.7514
2019-04-10,Rosetta_mouth,CHL,my,2.723,2.1,1.432,2.746,1
2019-04-11,Rosetta_mouth,CHL,my,3.282,2.608,1.815,3.282,1
2019-04-12,Rosetta_mouth,CHL,my,3.321,3.048,1.874,3.679,1
2019-04-14,Rosetta_mouth,CHL,my,2.515,2.366,1.635,2.515,0.9337
2019-04-16,Rosetta_mouth,CHL,my,2.586,2.146,1.656,3.692,0.9392
2019-04-17,Rosetta_mouth,CHL,my,,1.766,1.246,2.078,0.8122
2019-04-18,Rosetta_mouth,CHL,my,2.018,1.845,1.339,2.018,0.9337
2019-04-20,Rosetta_mouth,CHL,my,2.174,,,,0.1878
2019-04-21,Rosetta_mouth,CHL,my,,4.165,2.425,4.429,0.558
2019-04-23,Rosetta_mouth,CHL,my,,1.907,1.463,2.328,0.6851
2019-04-26,Rosetta_mouth,CHL,my,2.524,2.12,1.561,2.788,1
2019-04-27,Rosetta_mouth,CHL,my,2.56,1.837,1.518,3.068,1
2019-05-03,Rosetta_mouth,CHL,my,2.181,1.641,1.305,2.277,0.9392
2019-05-04,Rosetta_mouth,CHL,my,1.748,1.512,1.073,2.026,1
2019-05-07,Rosetta_mouth,CHL,my,2.479,2.219,1.241,2.595,1
2019-05-08,Rosetta_mouth,CHL,my,1.795,1.669,0.9037,1.893,1
2019-05-09,Rosetta_mouth,CHL,my,1.86,1.636,0.9668,2.061,1
2019-05-10,Rosetta_mouth,CHL,my,2.413,2.163,1.141,2.413,0.9945
2019-05-11,Rosetta_mouth,CHL,my,2.727,2.623,1.544,2.741,1
2019-05-12,Rosetta_mouth,CHL,my,1.856,1.706,1.174,2.018,1
2019-05-13,Rosetta_mouth,CHL,my,1.769,1.705,1.21,2.028,1
2019-05-14,Rosetta_mouth,CHL,my,1.693,1.623,1.189,1.705,1
2019-05-15,Rosetta_mouth,CHL,my,1.894,1.512,1.154,2.101,1
2019-05-16,Rosetta_mouth,CHL,my,1.638,1.537,1.057,1.929,1
2019-05-17,Rosetta_mouth,CHL,my,1.592,,,,0.2486
2019-05-18,Rosetta_mouth,CHL,my,1.593,1.181,0.7763,1.698,1
2019-05-19,Rosetta_mouth,CHL,my,1.605,1.342,0.8462,1.695,1
2019-05-20,Rosetta_mouth,CHL,my,1.656,1.484,0.8966,1.789,1
2019-05-23,Rosetta_mouth,CHL,my,2.12,,,,0.1878
2019-05-25,Rosetta_mouth,CHL,my,1.838,1.504,0.8602,1.838,0.9337
2019-05-26,Rosetta_mouth,CHL,my,1.269,1.269,0.697,1.811,0.8066
2019-05-27,Rosetta_mouth,CHL,my,1.781,1.525,0.8192,1.781,1
2019-05-28,Rosetta_mouth,CHL,my,1.58,1.492,0.8569,1.805,1
2019-06-06,Rosetta_mouth,CHL,my,1.558,1.349,0.6098,1.777,1
2019-06-07,Rosetta_mouth,CHL,my,1.474,1.001,0.5368,1.651,1
2019-06-08,Rosetta_mouth,CHL,my,1.897,1.548,0.5857,1.897,0.8729
2019-06-11,Rosetta_mouth,CHL,my,2.165,1.525,0.8524,2.252,1
2019-06-12,Rosetta_mouth,CHL,my,0.9772,0.4609,0.4192,1.573,1
2019-06-13,Rosetta_mouth,CHL,my,1.533,1.328,0.6855,1.776,1
2019-06-14,Rosetta_mouth,CHL,my,1.813,1.641,0.9517,1.813,0.9337
2019-06-15,Rosetta_mouth,CHL,my,1.516,1.367,0.7524,1.758,1
2019-06-16,Rosetta_mouth,CHL,my,,1.571,1.091,2.051,0.8177
2019-06-17,Rosetta_mouth,CHL,my,1.692,1.692,1.035,1.774,0.9392
2019-06-18,Rosetta_mouth,CHL,my,2.128,1.739,1.119,2.735,1
2019-06-19,Rosetta_mouth,CHL,my,2.277,1.667,1.001,2.397,1
2019-06-20,Rosetta_mouth,CHL,my,1.491,1.335,0.8216,1.91,1
2019-06-21,Rosetta_mouth,CHL,my,1.69,1.548,0.8446,1.765,1
2019-06-22,Rosetta_mouth,CHL,my,1.663,1.432,0.8107,1.988,1
2019-06-23,Rosetta_mouth,CHL,my,1.931,1.63,1.08,1.931,1
2019-06-24,Rosetta_mouth,CHL,my,1.872,1.659,0.8736,1.872,1
2019-06-25,Rosetta_mouth,CHL,my,1.669,1.369,0.7011,1.669,1
2019-06-26,Rosetta_mouth,CHL,my,1.703,1.111,0.7061,2.195,1
2019-06-27,Rosetta_mouth,CHL,my,1.386,1.198,0.7424,1.509,1
2019-06-28,Rosetta_mouth,CHL,my,1.395,,,,0.3757
2019-06-29,Rosetta_mouth,CHL,my,1.433,1.553,0.9321,2.152,1
2019-07-01,Rosetta_mouth,CHL,my,1.875,1.535,1.153,1.974,1
2019-07-02,Rosetta_mouth,CHL,my,1.748,1.747,0.9063,1.96,0.7514
2019-07-03,Rosetta_mouth,CHL,my,2.21,1.825,1.087,2.21,1
2019-07-04,Rosetta_mouth,CHL,my,2.019,1.438,0.9652,2.259,1
2019-07-05,Rosetta_mouth,CHL,my,1.662,1.438,0.862,1.676,1
2019-07-06,Rosetta_mouth,CHL,my,1.424,1.293,0.7102,1.563,1
2019-07-07,Rosetta_mouth,CHL,my,1.928,1.845,1.278,2.13,1
2019-07-08,Rosetta_mouth,CHL,my,3.473,2.126,1.727,4.282,1
2019-07-09,Rosetta_mouth,CHL,my,2.019,1.783,1.385,2.226,1
2019-07-10,Rosetta_mouth,CHL,my,1.825,1.599,1.247,1.952,0.8177
2019-07-11,Rosetta_mouth,CHL,my,1.686,1.575,1.028,1.896,1
2019-07-13,Rosetta_mouth,CHL,my,3.243,2.154,1.759,3.257,1
2019-07-14,Rosetta_mouth,CHL,my,3.096,2.179,1.875,3.109,1
2019-07-15,Rosetta_mouth,CHL,my,1.818,1.818,1.353,2.077,0.5635
2019-07-18,Rosetta_mouth,CHL,my,,1.456,1.103,1.719,0.6851
2019-07-19,Rosetta_mouth,CHL,my,1.631,1.62,1.225,1.742,0.9337
2019-07-22,Rosetta_mouth,CHL,my,1.965,1.904,1.409,1.965,1
2019-07-23,Rosetta_mouth,CHL,my,1.661,1.636,1.296,1.813,1
2019-07-24,Rosetta_mouth,CHL,my,1.865,1.689,1.275,2.049,1
2019-07-25,Rosetta_mouth,CHL,my,2.463,1.968,1.559,3.081,1
2019-07-28,Rosetta_mouth,CHL,my,1.489,1.499,1.005,1.685,1
2019-07-29,Rosetta_mouth,CHL,my,1.755,1.611,1.035,2.133,1
2019-07-30,Rosetta_mouth,CHL,my,2.262,1.817,1.241,2.846,1
2019-07-31,Rosetta_mouth,CHL,my,2.363,1.473,0.8963,2.363,1
2019-08-01,Rosetta_mouth,CHL,my,1.633,1.536,1.25,1.729,0.6906
2019-08-02,Rosetta_mouth,CHL,my,1.451,1.412,0.9792,1.611,1
2019-08-04,Rosetta_mouth,CHL,my,2.11,1.892,1.285,2.183,1
2019-08-05,Rosetta_mouth,CHL,my,2.007,1.721,1.262,2.161,1
2019-08-09,Rosetta_mouth,CHL,my,2.017,1.703,1.26,2.316,1
2019-08-10,Rosetta_mouth,CHL,my,1.921,1.629,1.063,2.212,1
2019-08-11,Rosetta_mouth,CHL,my,2.445,1.983,1.253,2.473,0.8785
2019-08-12,Rosetta_mouth,CHL,my,1.945,1.416,0.7826,2.017,1
2019-08-13,Rosetta_mouth,CHL,my,1.449,1.449,0.8271,1.666,1
2019-08-14,Rosetta_mouth,CHL,my,1.893,1.557,0.9726,2.037,1
2019-08-15,Rosetta_mouth,CHL,my,1.577,1.506,0.8993,1.763,1
2019-08-16,Rosetta_mouth,CHL,my,1.523,1.255,0.7771,1.879,1
2019-08-18,Rosetta_mouth,CHL,my,1.728,1.521,1.013,1.826,1
2019-08-20,Rosetta_mouth,CHL,my,2.223,1.942,1.491,2.347,1
2019-08-21,Rosetta_mouth,CHL,my,2.478,1.957,1.631,2.589,1
2019-08-22,Rosetta_mouth,CHL,my,2.101,1.748,1.261,2.23,1
2019-08-23,Rosetta_mouth,CHL,my,1.984,1.87,1.487,2.006,1
2019-08-26,Rosetta_mouth,CHL,my,1.701,1.538,0.9293,2.023,0.9392
2019-08-28,Rosetta_mouth,CHL,my,1.706,1.694,0.9629,1.805,0.6298
2019-08-30,Rosetta_mouth,CHL,my,1.847,1.528,0.9537,2.094,1
2019-09-01,Rosetta_mouth,CHL,my,1.875,1.607,1.137,2.221,1
2019-09-02,Rosetta_mouth,CHL,my,1.828,1.712,1.338,1.828,0.8066
2019-09-03,Rosetta_mouth,CHL,my,,1.586,1.073,1.892,0.8177
2019-09-05,Rosetta_mouth,CHL,my,2.331,2.01,1.779,3.79,0.6851
2019-09-06,Rosetta_mouth,CHL,my,1.9,1.624,1.17,2.11,1
2019-09-07,Rosetta_mouth,CHL,my,1.863,1.863,1.602,2.068,0.5028
2019-09-11,Rosetta_mouth,CHL,my,2.06,1.815,1.34,2.095,1
2019-09-12,Rosetta_mouth,CHL,my,2.04,1.89,1.647,2.129,0.6851
2019-09-14,Rosetta_mouth,CHL,my,2.007,,,,0.442
2019-09-16,Rosetta_mouth,CHL,my,2.222,2.093,1.68,3.026,1
2019-09-17,Rosetta_mouth,CHL,my,2.287,1.869,1.589,2.39,1
2019-09-18,Rosetta_mouth,CHL,my,1.871,1.843,1.523,2.174,1
2019-09-19,Rosetta_mouth,CHL,my,,1.563,1.176,2.011,0.8122
2019-09-20,Rosetta_mouth,CHL,my,1.642,1.539,1.119,1.712,1
2019-09-22,Rosetta_mouth,CHL,my,,3.033,1.882,3.741,0.7514
2019-09-23,Rosetta_mouth,CHL,my,2.082,1.976,1.524,2.211,0.8122
2019-09-24,Rosetta_mouth,CHL,my,2.273,2.149,1.681,2.871,1
2019-09-25,Rosetta_mouth,CHL,my,3.868,,,,0.3757
2019-09-26,Rosetta_mouth,CHL,my,2.848,2.211,1.604,3.24,1
2019-09-27,Rosetta_mouth,CHL,my,2.176,1.857,1.442,2.513,1
2019-09-28,Rosetta_mouth,CHL,my,1.798,1.889,1.223,2.098,0.8729
2019-09-29,Rosetta_mouth,CHL,my,1.539,1.38,0.8952,1.684,1
2019-09-30,Rosetta_mouth,CHL,my,2.658,2.38,1.397,2.852,0.8729
2019-10-01,Rosetta_mouth,CHL,my,2.524,1.693,1.148,3.241,1
2019-10-02,Rosetta_mouth,CHL,my,2.961,,,,0.4972
2019-10-03,Rosetta_mouth,CHL,my,3.851,3.074,1.712,3.851,1
2019-10-04,Rosetta_mouth,CHL,my,3.223,2.395,1.601,3.223,1
2019-10-05,Rosetta_mouth,CHL,my,3.055,2.19,1.519,3.125,1
2019-10-06,Rosetta_mouth,CHL,my,2.489,1.693,1.356,3.48,1
2019-10-07,Rosetta_mouth,CHL,my,2.55,2.067,1.346,3.027,1
2019-10-08,Rosetta_mouth,CHL,my,3.963,4.249,2.857,4.495,1
2019-10-09,Rosetta_mouth,CHL,my,2.389,2.173,1.814,2.562,1
2019-10-10,Rosetta_mouth,CHL,my,2.491,2.175,1.458,2.661,1
2019-10-11,Rosetta_mouth,CHL,my,1.556,1.532,1.083,2.294,1
2019-10-12,Rosetta_mouth,CHL,my,4.311,1.39,1.669,9.379,1
2019-10-13,Rosetta_mouth,CHL,my,2.021,1.621,1.09,2.073,1
2019-10-14,Rosetta_mouth,CHL,my,2.325,2.026,1.264,2.716,1
2019-10-16,Rosetta_mouth,CHL,my,3.38,2.201,1.417,4.665,1
2019-10-17,Rosetta_mouth,CHL,my,4.387,2.965,1.59,4.773,1
2019-10-19,Rosetta_mouth,CHL,my,8.854,6.426,3.662,8.854,1
2019-10-21,Rosetta_mouth,CHL,my,1.899,1.766,1.271,2.159,0.8122
2019-10-28,Rosetta_mouth,CHL,my,9.151,4.739,3.348,9.151,0.8674
2019-10-29,Rosetta_mouth,CHL,my,7.986,7.986,3.155,8.323,1
2019-10-30,Rosetta_mouth,CHL,my,9.472,9.12,4.153,13.08,1
2019-10-31,Rosetta_mouth,CHL,my,18.77,11.07,4.927,18.77,0.9337
2019-11-01,Rosetta_mouth,CHL,my,8.55,4.314,2.458,8.55,1
2019-11-02,Rosetta_mouth,CHL,my,10.37,10.37,6.582,11.38,1
2019-11-03,Rosetta_mouth,CHL,my,6.271,3.915,2.382,6.747,1
2019-11-04,Rosetta_mouth,CHL,my,3.493,2.178,1.844,5.97,1
2019-11-05,Rosetta_mouth,CHL,my,2.986,2.697,1.639,3.334,1
2019-11-06,Rosetta_mouth,CHL,my,2.562,1.819,1.382,2.708,1
2019-11-09,Rosetta_mouth,CHL,my,3.431,2.691,1.72,3.828,1
2019-11-11,Rosetta_mouth,CHL,my,2.592,2.192,1.536,3.788,1
2019-11-12,Rosetta_mouth,CHL,my,2.877,1.916,1.343,3.063,1
2019-11-13,Rosetta_mouth,CHL,my,4.489,2.053,1.61,4.747,1
2019-11-14,Rosetta_mouth,CHL,my,3,2.518,1.665,3.061,1
2019-11-15,Rosetta_mouth,CHL,my,4.881,3.733,2.26,4.881,0.8122
2019-11-16,Rosetta_mouth,CHL,my,,1.722,1.41,2.592,0.6851
2019-11-18,Rosetta_mouth,CHL,my,6.956,5.873,3.477,7.151,1
2019-11-19,Rosetta_mouth,CHL,my,4.3,3.403,2.24,4.863,1
2019-11-20,Rosetta_mouth,CHL,my,5.184,4.068,2.43,6.106,1
2019-11-22,Rosetta_mouth,CHL,my,2.498,1.815,1.595,2.564,1
2019-11-23,Rosetta_mouth,CHL,my,2.772,2.326,1.646,2.867,1
2019-11-26,Rosetta_mouth,CHL,my,5.168,4.129,2.635,5.548,1
2019-11-27,Rosetta_mouth,CHL,my,7.422,6.722,4,7.439,1
2019-11-28,Rosetta_mouth,CHL,my,3.548,3.312,2.167,3.999,1
2019-11-30,Rosetta_mouth,CHL,my,2.524,2.059,1.474,2.728,0.9392
2019-12-01,Rosetta_mouth,CHL,my,3.002,2.541,1.764,3.126,0.9337
2019-12-02,Rosetta_mouth,CHL,my,,1.843,1.554,1.973,0.5028
2019-12-04,Rosetta_mouth,CHL,my,2.25,2.05,1.703,2.402,0.7514
2019-12-05,Rosetta_mouth,CHL,my,4.553,2.236,2.108,5.77,0.8122
2019-12-07,Rosetta_mouth,CHL,my,,4.433,2.505,4.863,0.8729
2019-12-09,Rosetta_mouth,CHL,my,,1.563,1.342,1.703,0.5028
2019-12-14,Rosetta_mouth,CHL,my,7.277,6.656,4.173,7.335,1
2019-12-16,Rosetta_mouth,CHL,my,6.889,,,,0.2486
2019-12-17,Rosetta_mouth,CHL,my,4.713,4.47,3.763,7.261,1
2019-12-18,Rosetta_mouth,CHL,my,2.594,2.578,2.077,2.678,1
2019-12-19,Rosetta_mouth,CHL,my,3.187,2.323,2.024,3.529,1
2019-12-20,Rosetta_mouth,CHL,my,2.501,2.385,1.793,2.517,0.8729
2019-12-22,Rosetta_mouth,CHL,my,2.302,2.006,1.586,2.364,1
2019-12-23,Rosetta_mouth,CHL,my,2.169,1.846,1.375,2.392,1
2019-12-29,Rosetta_mouth,CHL,my,4.428,4.347,2.633,4.656,1
2019-12-30,Rosetta_mouth,CHL,my,6.239,,,,0.3094
2019-12-31,Rosetta_mouth,CHL,my,3.076,,,,0.2486
2019-01-01,Tel_Aviv_IL,CHL,my,0.2165,0.1831,0.1653,0.4513,1
2019-01-04,Tel_Aviv_IL,CHL,my,0.4153,0.4153,0.2255,0.5228,0.93
2019-01-10,Tel_Aviv_IL,CHL,my,0.8001,0.5415,0.3225,1.057,0.93
2019-01-11,Tel_Aviv_IL,CHL,my,0.5676,0.5391,0.2596,0.7702,0.93
2019-01-12,Tel_Aviv_IL,CHL,my,0.3746,0.3466,0.2777,0.6402,1
2019-01-15,Tel_Aviv_IL,CHL,my,0.9161,0.8936,0.4642,1.004,0.93
2019-01-18,Tel_Aviv_IL,CHL,my,0.863,0.863,0.5197,1.271,0.725
2019-01-19,Tel_Aviv_IL,CHL,my,0.5831,0.4247,0.2856,1.003,1
2019-01-21,Tel_Aviv_IL,CHL,my,0.4897,0.4034,0.2601,0.4997,0.93
2019-01-23,Tel_Aviv_IL,CHL,my,0.2221,0.2328,0.1743,0.2403,0.93
2019-01-24,Tel_Aviv_IL,CHL,my,0.2313,0.2321,0.2124,0.2772,0.52
2019-01-25,Tel_Aviv_IL,CHL,my,0.3462,0.1407,0.1493,0.3462,0.88
2019-01-26,Tel_Aviv_IL,CHL,my,0.264,0.2385,0.1656,0.389,0.93
2019-01-28,Tel_Aviv_IL,CHL,my,0.2422,,,,0.195
2019-01-29,Tel_Aviv_IL,CHL,my,0.2403,0.2154,0.1396,0.3439,0.93
2019-01-30,Tel_Aviv_IL,CHL,my,0.361,0.3263,0.2234,0.7451,1
2019-01-31,Tel_Aviv_IL,CHL,my,0.2278,0.186,0.1458,0.2816,0.93
2019-02-01,Tel_Aviv_IL,CHL,my,0.212,,,,0.37
2019-02-02,Tel_Aviv_IL,CHL,my,0.3217,0.2723,0.1817,0.3306,0.88
2019-02-03,Tel_Aviv_IL,CHL,my,0.212,0.1687,0.1438,0.3469,1
2019-02-04,Tel_Aviv_IL,CHL,my,0.2009,0.2009,0.1815,0.2802,1
2019-02-05,Tel_Aviv_IL,CHL,my,0.2887,0.2385,0.1807,0.3468,0.88
2019-02-08,Tel_Aviv_IL,CHL,my,0.195,0.1892,0.1401,0.2389,0.93
2019-02-09,Tel_Aviv_IL,CHL,my,0.1325,0.1325,0.1053,0.2111,0.555
2019-02-11,Tel_Aviv_IL,CHL,my,0.1062,0.1022,0.099,0.1685,0.93
2019-02-12,Tel_Aviv_IL,CHL,my,0.1568,0.1441,0.1155,0.1656,0.93
2019-02-13,Tel_Aviv_IL,CHL,my,0.1846,0.1295,0.1121,0.2641,1
2019-02-17,Tel_Aviv_IL,CHL,my,0.3497,0.2912,0.2016,0.4973,0.93
2019-02-20,Tel_Aviv_IL,CHL,my,0.2013,,,,0.375
2019-02-22,Tel_Aviv_IL,CHL,my,0.109,0.109,0.0895,0.2802,0.935
2019-02-23,Tel_Aviv_IL,CHL,my,0.1337,0.108,0.1093,0.3592,1
2019-02-24,Tel_Aviv_IL,CHL,my,,0.1743,0.1482,0.2398,0.735
2019-03-04,Tel_Aviv_IL,CHL,my,0.2641,,,,0.065
2019-03-06,Tel_Aviv_IL,CHL,my,0.1351,0.1079,0.09704,0.2944,1
2019-03-07,Tel_Aviv_IL,CHL,my,0.3349,0.2056,0.162,0.5791,1
2019-03-08,Tel_Aviv_IL,CHL,my,0.06831,0.07357,0.06888,0.2207,0.88
2019-03-09,Tel_Aviv_IL,CHL,my,0.1488,0.09306,0.08525,0.4098,0.93
2019-03-10,Tel_Aviv_IL,CHL,my,0.1612,0.1612,0.1143,0.4745,0.965
2019-03-11,Tel_Aviv_IL,CHL,my,0.07006,0.0888,0.07177,0.1244,0.93
2019-03-12,Tel_Aviv_IL,CHL,my,,0.07097,0.06529,0.07444,0.54
2019-03-15,Tel_Aviv_IL,CHL,my,0.4289,0.319,0.1906,0.6227,0.93
2019-03-18,Tel_Aviv_IL,CHL,my,0.932,0.9438,0.4903,1.273,1
2019-03-19,Tel_Aviv_IL,CHL,my,0.9084,0.8862,0.4984,1.071,1
2019-03-20,Tel_Aviv_IL,CHL,my,1.002,0.8966,0.6732,1.356,0.655
2019-03-22,Tel_Aviv_IL,CHL,my,0.9477,0.5458,0.386,0.9477,0.865
2019-03-26,Tel_Aviv_IL,CHL,my,0.2652,0.111,0.09245,0.2652,0.865
2019-04-03,Tel_Aviv_IL,CHL,my,1.32,1.144,0.543,1.324,1
2019-04-05,Tel_Aviv_IL,CHL,my,1.518,1.378,0.5237,1.522,0.93
2019-04-10,Tel_Aviv_IL,CHL,my,0.2839,0.2635,0.1485,0.5239,1
2019-04-11,Tel_Aviv_IL,CHL,my,,0.1966,0.1116,0.3871,0.7
2019-04-12,Tel_Aviv_IL,CHL,my,0.6636,0.575,0.2896,0.8504,1
2019-04-17,Tel_Aviv_IL,CHL,my,0.1839,0.1131,0.08526,0.1839,0.685
2019-04-19,Tel_Aviv_IL,CHL,my,0.1508,0.1508,0.1142,0.402,0.85
2019-04-21,Tel_Aviv_IL,CHL,my,,0.2819,0.1655,0.4373,0.8
2019-04-22,Tel_Aviv_IL,CHL,my,,0.4023,0.2372,0.7471,0.85
2019-04-23,Tel_Aviv_IL,CHL,my,1.299,1.274,0.8357,1.63,1
2019-04-26,Tel_Aviv_IL,CHL,my,0.2864,0.2418,0.2126,0.3822,0.93
2019-04-27,Tel_Aviv_IL,CHL,my,,0.1673,0.1506,0.2217,0.85
2019-04-28,Tel_Aviv_IL,CHL,my,0.1792,0.1774,0.133,0.2097,0.88
2019-05-03,Tel_Aviv_IL,CHL,my,,0.1166,0.09318,0.1179,0.735
2019-05-04,Tel_Aviv_IL,CHL,my,0.1085,0.1081,0.07681,0.123,0.93
2019-05-05,Tel_Aviv_IL,CHL,my,0.147,0.0894,0.07296,0.147,0.865
2019-05-07,Tel_Aviv_IL,CHL,my,0.08115,0.07065,0.0616,0.08965,0.88
2019-05-08,Tel_Aviv_IL,CHL,my,,0.05791,0.05142,0.06231,0.67
2019-05-09,Tel_Aviv_IL,CHL,my,0.08597,0.08597,0.08069,0.363,0.925
2019-05-11,Tel_Aviv_IL,CHL,my,0.1482,0.1195,0.08293,0.2827,1
2019-05-12,Tel_Aviv_IL,CHL,my,0.1252,0.127,0.09309,0.3801,1
2019-05-13,Tel_Aviv_IL,CHL,my,,0.07645,0.0595,0.1633,0.815
2019-05-14,Tel_Aviv_IL,CHL,my,0.1151,0.07805,0.07282,0.19,0.915
2019-05-15,Tel_Aviv_IL,CHL,my,0.09032,0.0824,0.06612,0.1221,0.93
2019-05-16,Tel_Aviv_IL,CHL,my,0.09371,0.08212,0.08223,0.2621,0.985
2019-05-19,Tel_Aviv_IL,CHL,my,0.08266,0.06379,0.06133,0.1448,1
2019-05-20,Tel_Aviv_IL,CHL,my,0.09007,0.05273,0.05075,0.09007,0.865
2019-05-26,Tel_Aviv_IL,CHL,my,,0.06887,0.05403,0.08112,0.8
2019-05-28,Tel_Aviv_IL,CHL,my,0.09096,0.07878,0.06677,0.172,0.795
2019-05-30,Tel_Aviv_IL,CHL,my,,0.07758,0.06838,0.09045,0.54
2019-06-02,Tel_Aviv_IL,CHL,my,,0.07405,0.06178,0.08595,0.735
2019-06-07,Tel_Aviv_IL,CHL,my,,0.1006,0.07764,0.1095,0.8
2019-06-10,Tel_Aviv_IL,CHL,my,0.08425,0.06944,0.06374,0.08974,0.88
2019-06-11,Tel_Aviv_IL,CHL,my,0.07785,0.07207,0.06328,0.09493,0.88
2019-06-12,Tel_Aviv_IL,CHL,my,0.07986,0.08699,0.08518,0.1447,0.525
2019-06-15,Tel_Aviv_IL,CHL,my,0.05938,0.05656,0.04772,0.07353,0.93
2019-06-16,Tel_Aviv_IL,CHL,my,0.09878,0.08478,0.08317,0.3541,0.95
2019-06-17,Tel_Aviv_IL,CHL,my,0.1041,0.09079,0.06616,0.1084,0.505
2019-06-18,Tel_Aviv_IL,CHL,my,0.1326,0.07714,0.07405,0.1447,0.915
2019-06-19,Tel_Aviv_IL,CHL,my,0.1158,0.07457,0.06295,0.1158,0.865
2019-06-20,Tel_Aviv_IL,CHL,my,0.119,0.1118,0.07373,0.1367,0.895
2019-06-21,Tel_Aviv_IL,CHL,my,0.1204,0.09058,0.06514,0.1204,0.565
2019-06-22,Tel_Aviv_IL,CHL,my,,0.07031,0.0778,0.2084,0.545
2019-06-23,Tel_Aviv_IL,CHL,my,0.06327,0.06585,0.05849,0.09131,0.93
2019-06-24,Tel_Aviv_IL,CHL,my,0.1072,0.1072,0.07934,0.183,0.895
2019-06-25,Tel_Aviv_IL,CHL,my,,0.08511,0.06929,0.1133,0.555
2019-06-26,Tel_Aviv_IL,CHL,my,0.07859,0.07787,0.08569,0.2429,1
2019-06-27,Tel_Aviv_IL,CHL,my,,0.1004,0.07602,0.1902,0.8
2019-06-28,Tel_Aviv_IL,CHL,my,0.1075,0.1075,0.09843,0.376,0.85
2019-06-30,Tel_Aviv_IL,CHL,my,0.1442,0.157,0.1225,0.3276,0.595
2019-07-01,Tel_Aviv_IL,CHL,my,0.1787,0.1224,0.08243,0.1787,0.865
2019-07-02,Tel_Aviv_IL,CHL,my,0.252,0.2391,0.1614,0.4722,1
2019-07-03,Tel_Aviv_IL,CHL,my,0.1565,0.1467,0.07788,0.1805,0.88
2019-07-04,Tel_Aviv_IL,CHL,my,0.1968,0.1475,0.1152,0.5523,1
2019-07-05,Tel_Aviv_IL,CHL,my,0.1349,0.1349,0.1047,0.4406,0.81
2019-07-06,Tel_Aviv_IL,CHL,my,0.1195,,,,0.46
2019-07-08,Tel_Aviv_IL,CHL,my,0.1212,0.1212,0.08498,0.2569,0.855
2019-07-10,Tel_Aviv_IL,CHL,my,0.1632,0.3157,0.1872,0.453,0.93
2019-07-11,Tel_Aviv_IL,CHL,my,,0.1677,0.09331,0.2171,0.59
2019-07-12,Tel_Aviv_IL,CHL,my,0.346,0.3363,0.1546,0.346,0.67
2019-07-13,Tel_Aviv_IL,CHL,my,,0.1128,0.08592,0.1901,0.67
2019-07-14,Tel_Aviv_IL,CHL,my,0.2603,0.1791,0.1199,0.2865,0.88
2019-07-15,Tel_Aviv_IL,CHL,my,0.4415,0.4481,0.3826,0.669,0.675
2019-07-16,Tel_Aviv_IL,CHL,my,0.3129,0.2639,0.1439,0.3432,0.93
2019-07-18,Tel_Aviv_IL,CHL,my,,0.1142,0.08405,0.1453,0.535
2019-07-19,Tel_Aviv_IL,CHL,my,0.2719,0.2497,0.1869,0.6237,1
2019-07-20,Tel_Aviv_IL,CHL,my,0.2549,0.1575,0.08941,0.3575,0.93
2019-07-23,Tel_Aviv_IL,CHL,my,0.09879,0.08193,0.09252,0.2645,1
2019-07-24,Tel_Aviv_IL,CHL,my,0.2239,0.2182,0.1799,0.4375,0.95
2019-07-25,Tel_Aviv_IL,CHL,my,0.2758,0.2749,0.2036,0.5773,1
2019-07-26,Tel_Aviv_IL,CHL,my,0.2552,0.1911,0.1251,0.2563,0.93
2019-07-28,Tel_Aviv_IL,CHL,my,0.2304,0.198,0.1142,0.2679,0.93
2019-07-29,Tel_Aviv_IL,CHL,my,0.1315,0.136,0.1311,0.5542,0.875
2019-07-30,Tel_Aviv_IL,CHL,my,0.1989,0.1179,0.1018,0.1989,0.77
2019-07-31,Tel_Aviv_IL,CHL,my,0.2505,0.2024,0.1011,0.2534,0.93
2019-08-01,Tel_Aviv_IL,CHL,my,0.1353,0.1321,0.1133,0.4769,1
2019-08-03,Tel_Aviv_IL,CHL,my,0.09122,0.06771,0.06503,0.1497,0.915
2019-08-04,Tel_Aviv_IL,CHL,my,0.1171,0.1218,0.1107,0.3216,0.67
2019-08-05,Tel_Aviv_IL,CHL,my,0.105,0.08542,0.07058,0.226,0.995
2019-08-06,Tel_Aviv_IL,CHL,my,0.2695,0.119,0.08678,0.2695,0.88
2019-08-07,Tel_Aviv_IL,CHL,my,,0.2565,0.154,0.3197,0.605
2019-08-08,Tel_Aviv_IL,CHL,my,0.2603,0.2438,0.1333,0.3647,0.88
2019-08-09,Tel_Aviv_IL,CHL,my,0.1591,0.1591,0.1147,0.3,0.79
2019-08-11,Tel_Aviv_IL,CHL,my,0.2368,0.3602,0.1932,0.4189,0.93
2019-08-12,Tel_Aviv_IL,CHL,my,0.179,0.08713,0.08927,0.2327,0.88
2019-08-13,Tel_Aviv_IL,CHL,my,0.3634,0.2518,0.1519,0.4878,1
2019-08-14,Tel_Aviv_IL,CHL,my,,0.0832,0.06218,0.09054,0.57
2019-08-15,Tel_Aviv_IL,CHL,my,0.1887,0.1542,0.1022,0.2836,1
2019-08-16,Tel_Aviv_IL,CHL,my,0.174,0.174,0.08683,0.2603,0.93
2019-08-18,Tel_Aviv_IL,CHL,my,0.08358,0.07288,0.05859,0.08358,0.865
2019-08-19,Tel_Aviv_IL,CHL,my,0.1173,0.08435,0.05884,0.1679,1
2019-08-20,Tel_Aviv_IL,CHL,my,0.2031,0.1918,0.1055,0.2714,0.88
2019-08-21,Tel_Aviv_IL,CHL,my,0.2315,0.2213,0.1252,0.3457,1
2019-08-22,Tel_Aviv_IL,CHL,my,0.1721,0.1581,0.107,0.2261,0.79
2019-08-23,Tel_Aviv_IL,CHL,my,0.2565,0.2507,0.1335,0.2796,0.93
2019-08-24,Tel_Aviv_IL,CHL,my,0.2218,0.2291,0.1493,0.3189,1
2019-08-25,Tel_Aviv_IL,CHL,my,0.14,0.1509,0.08283,0.2187,0.93
2019-08-26,Tel_Aviv_IL,CHL,my,0.165,0.1477,0.07641,0.1943,0.88
2019-08-27,Tel_Aviv_IL,CHL,my,0.1295,0.1017,0.06142,0.1295,0.865
2019-08-28,Tel_Aviv_IL,CHL,my,0.08303,0.06833,0.06348,0.1209,0.8
2019-08-30,Tel_Aviv_IL,CHL,my,0.1392,0.06038,0.0628,0.1392,0.735
2019-08-31,Tel_Aviv_IL,CHL,my,0.1063,0.09442,0.07288,0.2141,0.915
2019-09-01,Tel_Aviv_IL,CHL,my,0.09817,0.109,0.07446,0.1772,0.93
2019-09-03,Tel_Aviv_IL,CHL,my,0.07402,0.07402,0.06225,0.08709,0.865
2019-09-04,Tel_Aviv_IL,CHL,my,0.2078,0.1475,0.1076,0.2212,0.85
2019-09-05,Tel_Aviv_IL,CHL,my,0.3064,0.1886,0.1078,0.3424,0.865
2019-09-07,Tel_Aviv_IL,CHL,my,0.1725,0.1725,0.1329,0.4738,0.91
2019-09-09,Tel_Aviv_IL,CHL,my,0.1739,0.2015,0.1349,0.5891,1
2019-09-10,Tel_Aviv_IL,CHL,my,,0.1076,0.08187,0.2049,0.815
2019-09-11,Tel_Aviv_IL,CHL,my,0.1349,0.1269,0.08526,0.2538,1
2019-09-12,Tel_Aviv_IL,CHL,my,0.1136,0.1066,0.07289,0.1929,0.93
2019-09-13,Tel_Aviv_IL,CHL,my,0.09342,0.05895,0.05225,0.09342,0.79
2019-09-16,Tel_Aviv_IL,CHL,my,0.1746,0.1248,0.1074,0.1746,0.865
2019-09-17,Tel_Aviv_IL,CHL,my,0.4466,0.3813,0.2839,0.9682,1
2019-09-20,Tel_Aviv_IL,CHL,my,0.2204,0.2004,0.1542,0.5578,1
2019-09-21,Tel_Aviv_IL,CHL,my,0.1889,0.1597,0.1166,0.4096,0.95
2019-09-22,Tel_Aviv_IL,CHL,my,0.1791,0.112,0.07902,0.1791,0.865
2019-09-23,Tel_Aviv_IL,CHL,my,0.2013,0.1607,0.1027,0.324,0.93
2019-09-24,Tel_Aviv_IL,CHL,my,0.1261,0.1156,0.07469,0.2152,0.93
2019-09-25,Tel_Aviv_IL,CHL,my,0.1273,0.0936,0.08025,0.3012,0.93
2019-09-26,Tel_Aviv_IL,CHL,my,0.08264,0.1404,0.112,0.3635,1
2019-09-27,Tel_Aviv_IL,CHL,my,0.09962,0.0984,0.0817,0.1033,0.865
2019-09-28,Tel_Aviv_IL,CHL,my,0.09857,0.08679,0.06168,0.1239,0.655
2019-09-29,Tel_Aviv_IL,CHL,my,0.143,0.1135,0.0774,0.1761,0.93
2019-09-30,Tel_Aviv_IL,CHL,my,0.1077,0.1401,0.1201,0.3461,1
2019-10-01,Tel_Aviv_IL,CHL,my,0.1307,0.1227,0.08089,0.1499,0.93
2019-10-02,Tel_Aviv_IL,CHL,my,0.1277,0.1016,0.08526,0.2251,1
2019-10-03,Tel_Aviv_IL,CHL,my,0.1176,0.1012,0.07733,0.1718,0.865
2019-10-04,Tel_Aviv_IL,CHL,my,0.1538,0.1292,0.1019,0.5335,1
2019-10-05,Tel_Aviv_IL,CHL,my,0.1801,0.1596,0.1116,0.4764,0.92
2019-10-06,Tel_Aviv_IL,CHL,my,0.1764,0.1361,0.08827,0.1889,0.735
2019-10-07,Tel_Aviv_IL,CHL,my,0.09291,0.09287,0.0555,0.1267,0.93
2019-10-08,Tel_Aviv_IL,CHL,my,0.1075,0.09786,0.08224,0.1407,0.785
2019-10-09,Tel_Aviv_IL,CHL,my,0.05999,0.05999,0.04999,0.09598,0.93
2019-10-12,Tel_Aviv_IL,CHL,my,0.08151,,,,0.395
2019-10-13,Tel_Aviv_IL,CHL,my,0.1115,0.1073,0.07149,0.112,0.93
2019-10-14,Tel_Aviv_IL,CHL,my,0.1276,0.1165,0.0879,0.1548,0.93
2019-10-15,Tel_Aviv_IL,CHL,my,0.1378,0.1112,0.09177,0.1378,0.855
2019-10-17,Tel_Aviv_IL,CHL,my,0.1708,0.164,0.1045,0.2143,0.93
2019-10-19,Tel_Aviv_IL,CHL,my,0.1861,0.1781,0.1007,0.2348,0.805
2019-10-20,Tel_Aviv_IL,CHL,my,0.1886,0.1839,0.1253,0.2166,0.88
2019-10-21,Tel_Aviv_IL,CHL,my,0.1558,0.1753,0.1135,0.2118,0.925
2019-10-24,Tel_Aviv_IL,CHL,my,0.161,0.1239,0.08962,0.201,0.93
2019-10-25,Tel_Aviv_IL,CHL,my,0.1784,,,,0.42
2019-10-27,Tel_Aviv_IL,CHL,my,0.1668,0.1689,0.1117,0.3009,1
2019-10-30,Tel_Aviv_IL,CHL,my,0.342,0.2906,0.1692,0.3472,0.93
2019-10-31,Tel_Aviv_IL,CHL,my,0.2796,0.2931,0.2012,0.6831,1
2019-11-01,Tel_Aviv_IL,CHL,my,0.1973,0.1974,0.1329,0.4653,1
2019-11-04,Tel_Aviv_IL,CHL,my,0.3193,0.3274,0.1794,0.383,1
2019-11-05,Tel_Aviv_IL,CHL,my,0.2138,0.2083,0.1366,0.2187,0.93
2019-11-08,Tel_Aviv_IL,CHL,my,0.2273,0.1876,0.1436,0.2273,0.865
2019-11-12,Tel_Aviv_IL,CHL,my,0.1183,0.08223,0.08301,0.1621,0.93
2019-11-14,Tel_Aviv_IL,CHL,my,,0.1135,0.09221,0.1293,0.67
2019-11-16,Tel_Aviv_IL,CHL,my,0.1868,0.1828,0.1196,0.2454,1
2019-11-17,Tel_Aviv_IL,CHL,my,0.3306,0.3755,0.2651,0.6566,0.985
2019-11-18,Tel_Aviv_IL,CHL,my,0.371,0.377,0.2413,0.4817,0.93
2019-11-19,Tel_Aviv_IL,CHL,my,0.1638,0.2246,0.1708,0.2609,0.93
2019-11-20,Tel_Aviv_IL,CHL,my,0.1345,0.2132,0.1818,0.3522,1
2019-11-22,Tel_Aviv_IL,CHL,my,0.1464,0.1282,0.1187,0.2905,1
2019-11-23,Tel_Aviv_IL,CHL,my,0.1719,0.1599,0.1175,0.18,0.93
2019-11-25,Tel_Aviv_IL,CHL,my,0.1666,0.124,0.09581,0.2045,0.93
2019-11-26,Tel_Aviv_IL,CHL,my,0.163,0.163,0.1467,0.1838,0.865
2019-11-27,Tel_Aviv_IL,CHL,my,0.17,0.1669,0.1297,0.1827,0.88
2019-11-28,Tel_Aviv_IL,CHL,my,0.2129,0.343,0.2416,0.5492,1
2019-11-29,Tel_Aviv_IL,CHL,my,0.2291,0.2273,0.1629,0.2653,0.93
2019-11-30,Tel_Aviv_IL,CHL,my,0.2472,0.2206,0.1872,0.2615,0.88
2019-12-01,Tel_Aviv_IL,CHL,my,0.2816,0.3192,0.2098,0.3631,0.93
2019-12-02,Tel_Aviv_IL,CHL,my,0.117,0.1185,0.1098,0.2286,1
2019-12-04,Tel_Aviv_IL,CHL,my,0.1779,,,,0.145
2019-12-05,Tel_Aviv_IL,CHL,my,0.2024,0.1604,0.1394,0.2836,0.93
2019-12-09,Tel_Aviv_IL,CHL,my,0.1845,,,,0.245
2019-12-10,Tel_Aviv_IL,CHL,my,0.4788,0.3107,0.2068,0.5352,0.93
2019-12-14,Tel_Aviv_IL,CHL,my,0.4267,0.2536,0.2372,0.5253,0.88
2019-12-16,Tel_Aviv_IL,CHL,my,0.4456,0.468,0.2729,0.5591,0.88
2019-12-17,Tel_Aviv_IL,CHL,my,0.1945,0.2124,0.1528,0.2724,0.91
2019-12-18,Tel_Aviv_IL,CHL,my,0.2494,0.1963,0.1788,0.4591,1
2019-12-19,Tel_Aviv_IL,CHL,my,0.2098,0.2098,0.1589,0.3031,0.93
2019-12-20,Tel_Aviv_IL,CHL,my,0.219,0.341,0.2105,0.3967,1
2019-12-21,Tel_Aviv_IL,CHL,my,0.2661,0.2334,0.175,0.2707,0.93
2019-12-22,Tel_Aviv_IL,CHL,my,0.1216,0.1043,0.0943,0.1674,0.93
2019-12-23,Tel_Aviv_IL,CHL,my,0.1929,,,,0.335
2019-12-24,Tel_Aviv_IL,CHL,my,0.4984,0.2528,0.2147,0.8422,1
2019-12-29,Tel_Aviv_IL,CHL,my,0.6078,0.4989,0.4087,1.157,1
2019-12-31,Tel_Aviv_IL,CHL,my,0.4552,,,,0.145
