date,site,variable,stream,at_station,transect_p80,transect_mean,transect_max,valid_frac
2026-01-03,Ashdod_IL,CHL,my,1.206,0.6673,0.3455,1.381,0.995
2026-01-04,Ashdod_IL,CHL,my,0.5389,0.4145,0.2828,0.6475,0.995
2026-01-05,Ashdod_IL,CHL,my,0.7259,0.6442,0.4014,0.9558,0.995
2026-01-06,Ashdod_IL,CHL,my,,0.3383,0.2592,0.4559,0.791
2026-01-07,Ashdod_IL,CHL,my,0.3122,0.2985,0.1982,0.4322,0.9254
2026-01-11,Ashdod_IL,CHL,my,1.381,1.236,0.6578,1.381,0.995
2026-01-12,Ashdod_IL,CHL,my,0.8287,0.8287,0.4236,0.9489,0.8209
2026-01-15,Ashdod_IL,CHL,my,1.242,1.212,0.7209,1.268,0.995
2026-01-16,Ashdod_IL,CHL,my,1.052,1.052,0.5443,1.353,1
2026-01-17,Ashdod_IL,CHL,my,0.6007,0.5957,0.3649,0.7075,0.9254
2026-01-26,Ashdod_IL,CHL,my,0.2418,0.2213,0.191,0.601,0.995
2026-01-31,Ashdod_IL,CHL,my,0.371,0.371,0.2369,0.4571,0.995
2026-02-01,Ashdod_IL,CHL,my,0.2779,0.214,0.1722,0.3241,0.9254
2026-02-04,Ashdod_IL,CHL,my,0.4916,0.4311,0.2465,0.5299,0.9104
2026-02-05,Ashdod_IL,CHL,my,0.6412,0.6135,0.2879,0.7281,0.995
2026-02-11,Ashdod_IL,CHL,my,0.1525,0.1188,0.0832,0.1577,0.9254
2026-02-12,Ashdod_IL,CHL,my,0.2333,0.2333,0.154,0.3163,0.6915
2026-02-16,Ashdod_IL,CHL,my,,0.1954,0.1417,0.2439,0.6866
2026-02-18,Ashdod_IL,CHL,my,0.3218,0.1696,0.1365,0.3218,0.8607
2026-02-19,Ashdod_IL,CHL,my,0.5712,,,,0.2736
2026-02-20,Ashdod_IL,CHL,my,1.108,1.113,0.5792,1.248,0.995
2026-02-21,Ashdod_IL,CHL,my,0.8782,0.6494,0.3839,0.9767,0.7512
2026-02-24,Ashdod_IL,CHL,my,,0.2518,0.1515,0.7847,0.7363
2026-02-25,Ashdod_IL,CHL,my,0.5314,0.4333,0.2541,0.7482,0.9104
2026-02-26,Ashdod_IL,CHL,my,0.6137,0.3981,0.2696,0.8723,0.8159
2026-02-28,Ashdod_IL,CHL,my,0.946,0.7993,0.3213,0.9818,0.9254
2026-03-01,Ashdod_IL,CHL,my,0.6499,0.4255,0.2427,1.249,0.8657
2026-03-02,Ashdod_IL,CHL,my,0.4584,0.2303,0.1816,0.6697,0.9254
2026-03-03,Ashdod_IL,CHL,my,0.5951,0.1905,0.1912,0.7361,0.8756
2026-03-05,Ashdod_IL,CHL,my,0.3574,0.2955,0.1674,0.4317,0.9254
2026-03-06,Ashdod_IL,CHL,my,0.3556,0.2035,0.1687,0.454,0.7015
2026-03-08,Ashdod_IL,CHL,my,0.2512,0.1636,0.1264,0.3345,0.9254
2026-03-09,Ashdod_IL,CHL,my,0.1711,0.1309,0.1064,0.2182,0.9254
2026-03-10,Ashdod_IL,CHL,my,0.1878,0.1487,0.1203,0.2245,0.9254
2026-03-11,Ashdod_IL,CHL,my,0.2289,0.1918,0.1397,0.2694,0.9104
2026-03-16,Ashdod_IL,CHL,my,0.9516,0.9113,0.4227,1.041,0.9254
2026-03-17,Ashdod_IL,CHL,my,1.053,1.065,0.531,1.279,0.9254
2026-03-20,Ashdod_IL,CHL,my,0.7479,0.671,0.336,0.8044,0.9254
2026-03-22,Ashdod_IL,CHL,my,0.9948,,,,0.4627
2026-03-24,Ashdod_IL,CHL,my,1.27,1.088,0.5474,1.348,0.9254
2026-03-28,Ashdod_IL,CHL,my,1.173,1.006,0.4833,1.373,0.9254
2026-03-31,Ashdod_IL,CHL,my,1.075,0.6783,0.346,1.151,0.9254
2026-04-05,Ashdod_IL,CHL,my,0.5032,0.32,0.1813,0.5152,0.8607
2026-04-06,Ashdod_IL,CHL,my,0.4987,0.2682,0.1819,0.759,0.9254
2026-04-07,Ashdod_IL,CHL,my,,0.06099,0.0519,0.0823,0.6766
2026-04-08,Ashdod_IL,CHL,my,0.2822,,,,0.3184
2026-04-09,Ashdod_IL,CHL,my,0.6009,0.4607,0.2211,0.9904,0.9104
2026-04-10,Ashdod_IL,CHL,my,0.8769,0.8769,0.3466,1.519,0.995
2026-04-11,Ashdod_IL,CHL,my,0.8065,0.3776,0.2195,1.304,0.8557
2026-04-12,Ashdod_IL,CHL,my,0.6081,0.4996,0.2808,1.16,0.995
2026-04-13,Ashdod_IL,CHL,my,,0.09807,0.07998,0.1325,0.5174
2026-04-14,Ashdod_IL,CHL,my,0.3358,0.2424,0.1683,0.655,0.9254
2026-04-16,Ashdod_IL,CHL,my,,0.2769,0.2193,0.3882,0.6965
2026-04-19,Ashdod_IL,CHL,my,0.2652,0.253,0.1685,0.422,0.995
2026-04-20,Ashdod_IL,CHL,my,0.1808,0.1124,0.109,0.2231,0.6716
2026-04-21,Ashdod_IL,CHL,my,0.18,0.1561,0.1131,0.246,0.9254
2026-04-22,Ashdod_IL,CHL,my,0.1732,0.1618,0.1351,0.3372,0.995
2026-04-23,Ashdod_IL,CHL,my,0.2232,0.2232,0.1474,0.2851,0.995
2026-04-25,Ashdod_IL,CHL,my,,0.1862,0.1458,0.2932,0.7264
2026-04-28,Ashdod_IL,CHL,my,0.1898,0.1833,0.1533,0.2219,0.9254
2026-04-29,Ashdod_IL,CHL,my,0.2432,0.2233,0.1574,0.2727,0.9254
2026-04-30,Ashdod_IL,CHL,my,0.1309,0.1347,0.09193,0.1505,0.9254
2026-05-01,Ashdod_IL,CHL,my,0.2145,0.2145,0.1276,0.303,0.995
2026-05-07,Ashdod_IL,CHL,my,1.398,1.416,0.6726,1.496,0.995
2026-05-08,Ashdod_IL,CHL,my,0.9318,0.6458,0.3408,1.106,0.9254
2026-05-10,Ashdod_IL,CHL,my,,0.3603,0.3044,0.3756,0.5821
2026-05-11,Ashdod_IL,CHL,my,0.5522,0.5368,0.4387,0.8931,0.995
2026-05-13,Ashdod_IL,CHL,my,0.1891,0.2006,0.1898,0.2449,0.9254
2026-05-14,Ashdod_IL,CHL,my,0.1755,0.1755,0.139,0.2158,0.5871
2026-05-16,Ashdod_IL,CHL,my,0.1697,0.1697,0.1351,0.3359,0.7512
2026-05-19,Ashdod_IL,CHL,my,0.3212,0.2674,0.1565,0.3212,0.9254
2026-05-22,Ashdod_IL,CHL,my,,0.1971,0.1912,0.7371,0.796
2026-05-23,Ashdod_IL,CHL,my,1.371,1.358,0.6144,1.558,0.995
2026-05-24,Ashdod_IL,CHL,my,0.8541,0.8168,0.4026,1.129,0.995
2026-05-25,Ashdod_IL,CHL,my,0.8094,0.8053,0.5721,1.048,0.995
2026-05-26,Ashdod_IL,CHL,my,0.8481,,,,0.3184
2026-05-27,Ashdod_IL,CHL,my,1.016,0.7793,0.498,1.165,0.9254
2026-05-28,Ashdod_IL,CHL,my,1.089,1.043,0.5241,1.52,0.995
2026-05-29,Ashdod_IL,CHL,my,0.6213,0.5818,0.3011,0.6213,0.9254
2026-05-30,Ashdod_IL,CHL,my,1.023,0.9488,0.3613,1.124,0.995
2026-05-31,Ashdod_IL,CHL,my,0.4074,0.4037,0.2278,0.4372,0.9104
2026-06-01,Ashdod_IL,CHL,my,0.7313,0.5562,0.2099,0.7313,0.995
2026-06-02,Ashdod_IL,CHL,my,0.7385,0.6829,0.3893,1.198,0.9254
2026-06-03,Ashdod_IL,CHL,my,0.5454,0.5454,0.3794,0.7719,0.995
2026-06-04,Ashdod_IL,CHL,my,0.1766,0.1922,0.1645,0.2151,0.9254
2026-06-05,Ashdod_IL,CHL,my,0.1501,0.1501,0.1244,0.1658,0.9254
2026-06-06,Ashdod_IL,CHL,my,0.2031,0.1878,0.1342,0.2031,0.7761
2026-06-07,Ashdod_IL,CHL,my,0.1376,0.1466,0.1371,0.1774,0.995
2026-06-08,Ashdod_IL,CHL,my,0.1096,0.1054,0.09572,0.1174,0.9254
2026-06-09,Ashdod_IL,CHL,my,0.1032,0.1024,0.09076,0.1055,0.9254
2026-06-10,Ashdod_IL,CHL,my,0.1153,0.1054,0.08452,0.1184,0.9254
2026-06-11,Ashdod_IL,CHL,my,0.129,0.1236,0.09986,0.163,0.995
2026-06-12,Ashdod_IL,CHL,my,0.09187,0.0945,0.09017,0.1312,0.995
2026-06-13,Ashdod_IL,CHL,my,0.1082,0.1002,0.08596,0.1121,0.9254
2026-06-15,Ashdod_IL,CHL,my,0.08388,0.09337,0.08455,0.1086,0.995
2026-06-16,Ashdod_IL,CHL,my,0.08948,0.08597,0.0864,0.1842,0.995
2026-06-17,Ashdod_IL,CHL,my,0.1611,0.1311,0.09532,0.1611,0.9254
2026-06-18,Ashdod_IL,CHL,my,0.1402,0.1392,0.09835,0.1454,0.9104
2026-06-19,Ashdod_IL,CHL,my,0.08457,0.08142,0.07239,0.1374,0.9254
2026-06-20,Ashdod_IL,CHL,my,0.208,0.1769,0.09031,0.241,0.995
2026-06-21,Ashdod_IL,CHL,my,0.1233,0.1075,0.07585,0.1506,0.9254
2026-06-22,Ashdod_IL,CHL,my,0.102,0.08026,0.05347,0.102,0.7512
2026-06-23,Ashdod_IL,CHL,my,0.1736,0.1736,0.1011,0.2038,0.9104
2026-06-24,Ashdod_IL,CHL,my,0.1492,0.1465,0.111,0.249,1
2026-06-25,Ashdod_IL,CHL,my,0.1267,0.2076,0.111,0.2536,0.607
2026-06-26,Ashdod_IL,CHL,my,0.2092,0.2977,0.2315,0.3423,0.6169
2026-06-27,Ashdod_IL,CHL,my,0.1555,0.1555,0.103,0.2584,0.6219
2026-06-28,Ashdod_IL,CHL,my,0.1844,0.1833,0.1557,0.2219,0.995
2026-06-29,Ashdod_IL,CHL,my,0.2162,0.2309,0.1513,0.2699,0.9254
2026-06-30,Ashdod_IL,CHL,my,0.223,0.2487,0.1561,0.3383,0.995
2026-07-01,Ashdod_IL,CHL,my,0.2046,0.2037,0.1214,0.3203,1
2026-07-02,Ashdod_IL,CHL,my,0.1656,0.212,0.1744,0.3157,1
2026-07-04,Ashdod_IL,CHL,my,0.3081,0.3038,0.1333,0.3108,0.9254
2026-07-05,Ashdod_IL,CHL,my,0.2652,0.2652,0.1346,0.3316,0.5721
2026-07-06,Ashdod_IL,CHL,my,0.4709,0.3834,0.1608,0.845,0.995
2026-07-08,Ashdod_IL,CHL,my,0.3765,0.3662,0.1894,0.3961,1
2026-07-09,Ashdod_IL,CHL,my,0.6341,0.5338,0.2268,0.6341,1
2026-07-10,Ashdod_IL,CHL,my,0.6562,0.3924,0.235,0.7356,0.9303
2026-07-11,Ashdod_IL,CHL,my,0.3092,0.1921,0.111,0.3928,0.9254
2026-07-12,Ashdod_IL,CHL,my,0.1614,0.1614,0.1043,0.2922,1
2026-07-13,Ashdod_IL,CHL,my,0.1503,0.1503,0.0877,0.2539,0.8756
2026-07-14,Ashdod_IL,CHL,my,0.1793,0.1793,0.07829,0.2562,1
2026-07-16,Ashdod_IL,CHL,my,0.4295,0.4018,0.1811,0.4543,0.995
2026-07-17,Ashdod_IL,CHL,my,0.1644,0.1644,0.1073,0.2797,1
2026-07-18,Ashdod_IL,CHL,my,0.2772,0.2772,0.1147,0.386,0.995
2026-07-19,Ashdod_IL,CHL,my,0.4027,0.3763,0.245,0.4236,0.995
2026-07-20,Ashdod_IL,CHL,my,0.306,0.306,0.1463,0.4057,1
2026-07-21,Ashdod_IL,CHL,my,0.1745,0.1661,0.1005,0.2375,0.9303
2026-07-23,Ashdod_IL,CHL,my,,0.06927,0.04908,0.0963,0.5174
2026-07-24,Ashdod_IL,CHL,my,0.2023,0.1169,0.09613,0.2023,0.9104
2026-07-25,Ashdod_IL,CHL,my,0.3976,,,,0.3035
2026-07-26,Ashdod_IL,CHL,my,0.9007,0.8879,0.3664,1.004,0.9254
2026-07-27,Ashdod_IL,CHL,my,0.401,0.5486,0.3801,0.6282,0.995
2026-07-28,Ashdod_IL,CHL,my,0.1973,0.1973,0.1708,0.3431,0.9303
2026-07-29,Ashdod_IL,CHL,my,0.2766,0.3021,0.1924,0.3416,0.9254
2026-07-30,Ashdod_IL,CHL,my,0.2313,0.1777,0.1115,0.2313,0.8607
2026-07-31,Ashdod_IL,CHL,my,0.2432,0.2402,0.1294,0.2479,0.995
2026-08-01,Ashdod_IL,CHL,my,0.2252,0.2604,0.1548,0.3012,0.995
2026-08-02,Ashdod_IL,CHL,my,0.1767,0.1886,0.1633,0.2967,1
2026-08-03,Ashdod_IL,CHL,my,0.1631,0.1571,0.122,0.2315,0.9254
2026-08-04,Ashdod_IL,CHL,my,0.1688,0.155,0.1316,0.2897,0.995
2026-08-05,Ashdod_IL,CHL,my,0.08345,0.101,0.1053,0.2456,0.995
2026-08-06,Ashdod_IL,CHL,my,0.09959,0.0911,0.09108,0.1218,0.9254
2026-08-07,Ashdod_IL,CHL,my,0.1309,0.1088,0.08049,0.1413,0.9254
2026-08-08,Ashdod_IL,CHL,my,0.09813,,,,0.204
2026-08-09,Ashdod_IL,CHL,my,0.149,0.149,0.1068,0.2991,0.9602
2026-08-10,Ashdod_IL,CHL,my,0.2847,0.2322,0.1331,0.4036,0.995
2026-08-11,Ashdod_IL,CHL,my,0.2166,0.2068,0.1217,0.2497,0.9254
2026-08-12,Ashdod_IL,CHL,my,0.2138,0.2138,0.1331,0.3088,0.995
2026-08-13,Ashdod_IL,CHL,my,0.217,0.217,0.1206,0.4132,0.8557
2026-08-15,Ashdod_IL,CHL,my,0.2102,0.2339,0.1512,0.343,0.995
2026-08-16,Ashdod_IL,CHL,my,0.1205,0.1232,0.1321,0.4974,0.995
2026-08-17,Ashdod_IL,CHL,my,0.4175,,,,0.3085
2026-08-18,Ashdod_IL,CHL,my,0.4824,,,,0.4776
2026-08-19,Ashdod_IL,CHL,my,0.7731,0.6769,0.2885,0.9519,0.995
2026-08-20,Ashdod_IL,CHL,my,0.3964,0.3866,0.2058,0.5563,0.995
2026-08-21,Ashdod_IL,CHL,my,0.2974,0.2895,0.1792,0.6074,0.995
2026-08-22,Ashdod_IL,CHL,my,0.184,,,,0.2587
2026-08-23,Ashdod_IL,CHL,my,0.165,,,,0.2139
2026-08-24,Ashdod_IL,CHL,my,0.2979,0.2979,0.1194,0.3735,1
2026-08-25,Ashdod_IL,CHL,my,0.8237,0.8237,0.4948,1.005,0.8955
2026-08-26,Ashdod_IL,CHL,my,1.288,1.16,0.424,1.288,0.9104
2026-08-27,Ashdod_IL,CHL,my,1.796,2.003,1.31,2.362,0.995
2026-08-31,Ashdod_IL,CHL,my,1.829,1.927,1.071,3.013,0.995
2026-09-01,Ashdod_IL,CHL,my,11.99,9.471,4.314,12.23,1
2026-09-02,Ashdod_IL,CHL,nrt,6.634,3.506,1.718,6.634,0.995
2026-09-03,Ashdod_IL,CHL,nrt,3.528,3.528,2.535,15.4,0.995
2026-09-04,Ashdod_IL,CHL,nrt,2.74,2.329,1.594,2.74,0.6617
2026-09-06,Ashdod_IL,CHL,nrt,11.85,10.33,4.633,13.16,0.8159
2026-09-07,Ashdod_IL,CHL,nrt,3.571,6.245,4.737,9.555,0.7214
2026-09-08,Ashdod_IL,CHL,nrt,10.21,8.811,7.572,10.47,0.995
2026-09-09,Ashdod_IL,CHL,nrt,12.05,12.51,8.74,17.13,0.995
2026-01-03,Ashkelon_IL,CHL,my,1.216,1.214,0.6008,1.785,1
2026-01-04,Ashkelon_IL,CHL,my,0.5848,0.5848,0.3906,0.815,0.9502
2026-01-05,Ashkelon_IL,CHL,my,0.7646,0.7646,0.474,1.004,0.9502
2026-01-06,Ashkelon_IL,CHL,my,0.758,0.758,0.4045,0.8237,0.6368
2026-01-07,Ashkelon_IL,CHL,my,0.3026,0.2758,0.1969,0.5784,0.9104
2026-01-11,Ashkelon_IL,CHL,my,1.056,1.056,0.7064,1.436,0.9502
2026-01-12,Ashkelon_IL,CHL,my,0.4392,0.365,0.2749,0.5777,0.9104
2026-01-14,Ashkelon_IL,CHL,my,,0.9356,0.7372,0.9867,0.6816
2026-01-15,Ashkelon_IL,CHL,my,1.158,1.14,0.6967,1.348,0.7562
2026-01-16,Ashkelon_IL,CHL,my,1.349,1.349,0.9244,1.905,0.9502
2026-01-17,Ashkelon_IL,CHL,my,0.7237,0.7237,0.4719,1.079,0.9502
2026-01-20,Ashkelon_IL,CHL,my,0.5686,,,,0.4577
2026-01-26,Ashkelon_IL,CHL,my,0.2914,0.2914,0.2427,0.966,0.806
2026-01-31,Ashkelon_IL,CHL,my,0.2945,0.2945,0.2379,0.7154,0.9502
2026-02-01,Ashkelon_IL,CHL,my,0.225,0.2176,0.1682,0.2676,0.9104
2026-02-04,Ashkelon_IL,CHL,my,0.9819,0.9497,0.4385,1.046,0.8806
2026-02-05,Ashkelon_IL,CHL,my,0.8103,0.782,0.4493,0.8864,0.9502
2026-02-10,Ashkelon_IL,CHL,my,0.1696,,,,0.408
2026-02-11,Ashkelon_IL,CHL,my,0.1104,0.1148,0.09791,0.2077,0.9502
2026-02-12,Ashkelon_IL,CHL,my,,0.1017,0.09868,0.1836,0.5572
2026-02-18,Ashkelon_IL,CHL,my,0.3303,0.1913,0.1423,0.3303,0.806
2026-02-19,Ashkelon_IL,CHL,my,0.7124,0.5552,0.3294,0.9745,0.9104
2026-02-20,Ashkelon_IL,CHL,my,1.225,1.301,0.8535,2.375,1
2026-02-21,Ashkelon_IL,CHL,my,0.9496,0.9496,0.5094,1.12,0.6468
2026-02-22,Ashkelon_IL,CHL,my,0.8621,,,,0.3333
2026-02-24,Ashkelon_IL,CHL,my,0.7675,0.6489,0.3484,1.037,0.8109
2026-02-25,Ashkelon_IL,CHL,my,0.872,0.6768,0.3504,1.057,0.8806
2026-02-27,Ashkelon_IL,CHL,my,0.9023,0.9023,0.467,1.395,0.9502
2026-02-28,Ashkelon_IL,CHL,my,1.037,0.9873,0.4924,1.339,0.9104
2026-03-01,Ashkelon_IL,CHL,my,1.067,1.067,0.7784,1.88,0.6418
2026-03-02,Ashkelon_IL,CHL,my,0.6667,0.4781,0.2551,0.7997,0.8806
2026-03-03,Ashkelon_IL,CHL,my,1.099,0.8868,0.4086,1.394,0.8806
2026-03-05,Ashkelon_IL,CHL,my,0.4803,0.4803,0.2645,0.7315,0.9502
2026-03-08,Ashkelon_IL,CHL,my,0.2899,0.2615,0.1778,0.4172,0.7662
2026-03-09,Ashkelon_IL,CHL,my,0.238,0.2149,0.1638,0.4157,0.9104
2026-03-10,Ashkelon_IL,CHL,my,0.2279,0.2279,0.1659,0.4692,0.9502
2026-03-11,Ashkelon_IL,CHL,my,0.3541,0.2876,0.194,0.4577,0.9104
2026-03-12,Ashkelon_IL,CHL,my,,0.2683,0.1603,0.2942,0.592
2026-03-16,Ashkelon_IL,CHL,my,1.32,1.225,0.638,1.32,0.9104
2026-03-17,Ashkelon_IL,CHL,my,1.56,1.56,0.7774,2.078,0.9502
2026-03-20,Ashkelon_IL,CHL,my,1.099,1.045,0.4857,1.23,0.8806
2026-03-22,Ashkelon_IL,CHL,my,1.106,1.132,0.6624,1.352,0.9204
2026-03-24,Ashkelon_IL,CHL,my,1.168,0.981,0.5006,1.364,0.8806
2026-03-28,Ashkelon_IL,CHL,my,1.325,1.229,0.6906,1.554,0.9104
2026-03-31,Ashkelon_IL,CHL,my,1.136,1.001,0.4617,1.587,0.9104
2026-04-05,Ashkelon_IL,CHL,my,0.759,0.5153,0.3289,1.294,0.8806
2026-04-06,Ashkelon_IL,CHL,my,0.483,0.4606,0.3202,1.793,0.9104
2026-04-07,Ashkelon_IL,CHL,my,0.2716,0.2286,0.1251,0.4016,0.8706
2026-04-09,Ashkelon_IL,CHL,my,2.157,0.599,0.4002,2.157,0.806
2026-04-10,Ashkelon_IL,CHL,my,1.152,0.7625,0.4777,2.335,0.9104
2026-04-11,Ashkelon_IL,CHL,my,0.9918,0.8245,0.4107,2.024,0.9104
2026-04-12,Ashkelon_IL,CHL,my,0.7114,0.7114,0.3737,1.566,0.9502
2026-04-13,Ashkelon_IL,CHL,my,,0.2216,0.1276,0.2597,0.592
2026-04-14,Ashkelon_IL,CHL,my,0.5205,0.4712,0.2921,0.9043,0.9104
2026-04-16,Ashkelon_IL,CHL,my,,0.2398,0.2027,0.3114,0.592
2026-04-19,Ashkelon_IL,CHL,my,0.3533,0.3533,0.2105,0.5649,0.9502
2026-04-20,Ashkelon_IL,CHL,my,0.2031,0.2028,0.1244,0.2503,0.7413
2026-04-21,Ashkelon_IL,CHL,my,0.1936,0.1771,0.122,0.4084,0.9104
2026-04-22,Ashkelon_IL,CHL,my,0.2298,0.2298,0.1668,0.5142,0.9502
2026-04-23,Ashkelon_IL,CHL,my,0.2931,0.2931,0.2282,0.8186,1
2026-04-25,Ashkelon_IL,CHL,my,0.29,0.2388,0.1763,0.29,0.806
2026-04-28,Ashkelon_IL,CHL,my,0.207,0.2164,0.1826,0.303,0.9104
2026-04-29,Ashkelon_IL,CHL,my,0.2953,0.258,0.1716,0.4044,0.8806
2026-04-30,Ashkelon_IL,CHL,my,0.2102,0.2102,0.1365,0.4906,0.9502
2026-05-01,Ashkelon_IL,CHL,my,0.1347,0.1589,0.1422,0.4124,0.9204
2026-05-02,Ashkelon_IL,CHL,my,0.2741,,,,0.4776
2026-05-03,Ashkelon_IL,CHL,my,,0.3657,0.1798,0.5192,0.5821
2026-05-06,Ashkelon_IL,CHL,my,0.9248,0.6838,0.4152,0.9248,0.7811
2026-05-07,Ashkelon_IL,CHL,my,1.374,1.459,1.04,1.505,0.9104
2026-05-08,Ashkelon_IL,CHL,my,1.18,1.18,0.7039,1.251,0.6517
2026-05-10,Ashkelon_IL,CHL,my,,0.6251,0.4689,0.9456,0.7363
2026-05-11,Ashkelon_IL,CHL,my,0.5114,0.5521,0.4647,0.7903,0.9502
2026-05-13,Ashkelon_IL,CHL,my,0.1967,0.187,0.1889,0.3256,0.9104
2026-05-14,Ashkelon_IL,CHL,my,0.2223,,,,0.4328
2026-05-19,Ashkelon_IL,CHL,my,0.5643,0.5607,0.3193,0.7246,0.9502
2026-05-22,Ashkelon_IL,CHL,my,0.9617,0.7903,0.3844,0.9617,0.806
2026-05-23,Ashkelon_IL,CHL,my,1.476,1.449,0.9822,1.69,0.9502
2026-05-24,Ashkelon_IL,CHL,my,0.9789,0.9789,0.7617,1.366,1
2026-05-25,Ashkelon_IL,CHL,my,1.155,1.125,0.7093,1.192,0.9502
2026-05-26,Ashkelon_IL,CHL,my,,0.874,0.5394,1.676,0.7761
2026-05-27,Ashkelon_IL,CHL,my,1.253,1.017,0.5793,1.635,0.8806
2026-05-28,Ashkelon_IL,CHL,my,1.526,1.283,0.608,1.526,0.806
2026-05-29,Ashkelon_IL,CHL,my,0.9069,0.8465,0.3599,0.9677,0.9502
2026-05-30,Ashkelon_IL,CHL,my,0.2572,0.2947,0.2555,1.039,0.9104
2026-05-31,Ashkelon_IL,CHL,my,2.352,1.523,0.6569,2.497,0.9104
2026-06-01,Ashkelon_IL,CHL,my,0.9408,0.9055,0.4779,1.152,0.9502
2026-06-02,Ashkelon_IL,CHL,my,0.5376,0.1906,0.2275,0.9377,0.8806
2026-06-03,Ashkelon_IL,CHL,my,0.2138,0.2638,0.218,0.7109,0.9104
2026-06-04,Ashkelon_IL,CHL,my,0.274,0.2643,0.1963,0.3426,0.9104
2026-06-05,Ashkelon_IL,CHL,my,0.1999,0.2052,0.2197,0.6334,1
2026-06-06,Ashkelon_IL,CHL,my,0.2205,0.2012,0.1758,0.2205,0.6866
2026-06-07,Ashkelon_IL,CHL,my,0.1195,0.1485,0.138,0.1573,0.9502
2026-06-08,Ashkelon_IL,CHL,my,0.09754,0.1029,0.09756,0.1304,0.9104
2026-06-09,Ashkelon_IL,CHL,my,0.1121,0.1121,0.1054,0.2264,0.9502
2026-06-10,Ashkelon_IL,CHL,my,0.1112,0.1114,0.08992,0.1249,0.8806
2026-06-11,Ashkelon_IL,CHL,my,0.1302,0.1298,0.1004,0.1413,0.9104
2026-06-12,Ashkelon_IL,CHL,my,0.1151,0.1151,0.0905,0.1783,0.9502
2026-06-13,Ashkelon_IL,CHL,my,0.07363,0.08113,0.07046,0.1428,0.9502
2026-06-15,Ashkelon_IL,CHL,my,0.05942,0.05942,0.06215,0.2528,0.9502
2026-06-16,Ashkelon_IL,CHL,my,0.2013,0.2013,0.1189,0.3451,0.9502
2026-06-17,Ashkelon_IL,CHL,my,0.2367,0.1932,0.1298,0.2595,0.9104
2026-06-18,Ashkelon_IL,CHL,my,0.09503,0.08021,0.05898,0.1189,0.8806
2026-06-19,Ashkelon_IL,CHL,my,0.1097,0.09294,0.0723,0.2872,0.9104
2026-06-20,Ashkelon_IL,CHL,my,0.126,0.126,0.1179,0.6239,1
2026-06-21,Ashkelon_IL,CHL,my,0.2069,0.1762,0.1119,0.3164,0.7761
2026-06-22,Ashkelon_IL,CHL,my,0.1809,0.187,0.1137,0.3388,0.9502
2026-06-23,Ashkelon_IL,CHL,my,0.1734,0.157,0.1294,0.2561,0.8806
2026-06-24,Ashkelon_IL,CHL,my,0.3475,0.2829,0.1468,0.3985,0.9502
2026-06-25,Ashkelon_IL,CHL,my,0.1897,0.2902,0.2041,0.4119,0.9104
2026-06-26,Ashkelon_IL,CHL,my,,0.2653,0.1206,0.345,0.6418
2026-06-27,Ashkelon_IL,CHL,my,0.1721,0.1721,0.1672,0.5329,0.7861
2026-06-28,Ashkelon_IL,CHL,my,0.4174,0.5379,0.3538,1.083,0.9502
2026-06-29,Ashkelon_IL,CHL,my,0.4161,0.4153,0.2197,0.5213,0.9104
2026-06-30,Ashkelon_IL,CHL,my,0.3308,0.3308,0.1834,0.608,0.9502
2026-07-01,Ashkelon_IL,CHL,my,0.4392,0.4392,0.3267,0.5952,0.9502
2026-07-02,Ashkelon_IL,CHL,my,0.5503,0.5503,0.3269,0.9062,0.9502
2026-07-04,Ashkelon_IL,CHL,my,0.3912,0.3912,0.265,1.349,1
2026-07-05,Ashkelon_IL,CHL,my,0.5725,0.5353,0.2407,0.6745,0.8905
2026-07-06,Ashkelon_IL,CHL,my,0.324,0.6664,0.474,0.7673,1
2026-07-07,Ashkelon_IL,CHL,my,,0.3559,0.1962,0.3675,0.6816
2026-07-08,Ashkelon_IL,CHL,my,0.5634,0.5634,0.2619,0.8004,0.9502
2026-07-09,Ashkelon_IL,CHL,my,0.8992,0.8992,0.3967,1.216,0.9502
2026-07-10,Ashkelon_IL,CHL,my,0.7323,0.6658,0.2835,1.141,0.9104
2026-07-11,Ashkelon_IL,CHL,my,0.3161,0.3018,0.1728,0.555,0.9104
2026-07-12,Ashkelon_IL,CHL,my,0.2639,0.2359,0.1436,0.542,0.9104
2026-07-13,Ashkelon_IL,CHL,my,0.2798,0.2798,0.1466,0.5013,0.9502
2026-07-14,Ashkelon_IL,CHL,my,0.3548,0.3548,0.1603,0.5001,0.9104
2026-07-15,Ashkelon_IL,CHL,my,0.4809,0.2772,0.1788,0.4809,0.5622
2026-07-16,Ashkelon_IL,CHL,my,0.1744,0.1537,0.1164,0.3024,0.8806
2026-07-17,Ashkelon_IL,CHL,my,0.3138,0.3254,0.2149,0.7818,1
2026-07-18,Ashkelon_IL,CHL,my,0.7268,0.7268,0.3543,1.068,0.8806
2026-07-19,Ashkelon_IL,CHL,my,0.4546,0.4546,0.297,1.202,1
2026-07-20,Ashkelon_IL,CHL,my,0.3028,0.3028,0.2355,0.904,0.9502
2026-07-21,Ashkelon_IL,CHL,my,0.1737,0.1737,0.1065,0.2926,0.9502
2026-07-23,Ashkelon_IL,CHL,my,,0.1162,0.08174,0.1735,0.6667
2026-07-24,Ashkelon_IL,CHL,my,0.5403,0.3347,0.2247,0.8703,0.8806
2026-07-25,Ashkelon_IL,CHL,my,0.5654,0.5654,0.3168,0.9943,0.9502
2026-07-26,Ashkelon_IL,CHL,my,1.139,1.202,0.8738,1.622,0.9104
2026-07-27,Ashkelon_IL,CHL,my,1.231,1.231,0.8531,1.759,0.9502
2026-07-28,Ashkelon_IL,CHL,my,0.4803,0.4803,0.291,0.8203,0.9502
2026-07-29,Ashkelon_IL,CHL,my,0.549,0.549,0.2808,0.7353,0.9502
2026-07-30,Ashkelon_IL,CHL,my,0.4225,0.2755,0.1563,0.4225,0.7811
2026-07-31,Ashkelon_IL,CHL,my,0.4403,0.4403,0.2547,0.8356,1
2026-08-01,Ashkelon_IL,CHL,my,0.1634,0.1634,0.09787,0.3173,0.9502
2026-08-02,Ashkelon_IL,CHL,my,0.2751,0.2751,0.1646,0.5371,0.9502
2026-08-03,Ashkelon_IL,CHL,my,0.2506,0.2368,0.1536,0.326,0.8806
2026-08-04,Ashkelon_IL,CHL,my,0.2804,0.2804,0.1952,0.4836,0.9502
2026-08-05,Ashkelon_IL,CHL,my,0.1382,0.1529,0.1517,0.2939,0.9502
2026-08-06,Ashkelon_IL,CHL,my,0.1161,0.1454,0.1307,0.1892,0.9104
2026-08-07,Ashkelon_IL,CHL,my,0.2131,0.2014,0.1347,0.3711,0.9104
2026-08-09,Ashkelon_IL,CHL,my,0.473,0.473,0.2061,0.5452,0.9502
2026-08-10,Ashkelon_IL,CHL,my,0.7314,0.6586,0.2722,0.7585,1
2026-08-11,Ashkelon_IL,CHL,my,0.4942,0.4668,0.2085,0.7006,0.9502
2026-08-12,Ashkelon_IL,CHL,my,0.2417,0.192,0.1541,0.4559,0.9104
2026-08-13,Ashkelon_IL,CHL,my,0.2777,0.2777,0.1951,1.056,0.9502
2026-08-15,Ashkelon_IL,CHL,my,0.2063,0.2063,0.2317,1.156,1
2026-08-16,Ashkelon_IL,CHL,my,0.93,0.93,0.487,1.215,0.9502
2026-08-17,Ashkelon_IL,CHL,my,0.9739,0.9739,0.5749,1.107,0.5721
2026-08-18,Ashkelon_IL,CHL,my,0.8027,0.7207,0.2978,0.9252,0.8209
2026-08-19,Ashkelon_IL,CHL,my,1.023,0.8756,0.4584,1.071,0.9104
2026-08-20,Ashkelon_IL,CHL,my,0.5374,0.5374,0.3284,0.8869,1
2026-08-23,Ashkelon_IL,CHL,my,0.3211,0.3211,0.1812,0.5588,0.8159
2026-08-24,Ashkelon_IL,CHL,my,1.516,1.537,1.47,2.89,1
2026-08-25,Ashkelon_IL,CHL,my,1.497,1.332,0.6599,1.949,0.9502
2026-08-26,Ashkelon_IL,CHL,my,2.174,2.141,0.9936,2.423,0.9104
2026-08-27,Ashkelon_IL,CHL,my,3.414,3.886,2.467,7.294,0.9104
2026-08-28,Ashkelon_IL,CHL,my,2.918,2.498,1.394,5.002,0.8209
2026-08-29,Ashkelon_IL,CHL,my,2.113,2.193,1.703,4.068,0.6468
2026-08-31,Ashkelon_IL,CHL,my,2.302,2.302,1.187,4.84,1
2026-09-01,Ashkelon_IL,CHL,my,13.38,12.72,4.339,17.99,0.9502
2026-09-02,Ashkelon_IL,CHL,nrt,8.26,8.26,4.09,14.74,1
2026-09-03,Ashkelon_IL,CHL,nrt,11.09,11.09,5.638,18.9,0.9502
2026-09-04,Ashkelon_IL,CHL,nrt,5.047,5.047,2.419,7.21,0.7363
2026-09-06,Ashkelon_IL,CHL,nrt,15.44,8.647,6.357,31.67,0.9204
2026-09-07,Ashkelon_IL,CHL,nrt,4.13,4.13,3.225,17.17,0.8557
2026-09-08,Ashkelon_IL,CHL,nrt,10.57,9.792,3.741,15.29,0.9602
2026-09-09,Ashkelon_IL,CHL,nrt,39.62,38.29,12.98,47.05,0.9502
2026-01-02,Bardawil_off,CHL,my,5.855,,,,0.3132
2026-01-03,Bardawil_off,CHL,my,3.495,3.202,2.075,3.495,1
2026-01-04,Bardawil_off,CHL,my,3.949,4.203,2.644,4.928,1
2026-01-05,Bardawil_off,CHL,my,2.733,2.565,1.635,2.787,1
2026-01-07,Bardawil_off,CHL,my,2.759,2.473,1.718,3.424,1
2026-01-08,Bardawil_off,CHL,my,2.538,,,,0.3736
2026-01-09,Bardawil_off,CHL,my,,6.921,4.256,7.933,0.7692
2026-01-11,Bardawil_off,CHL,my,4.484,4.703,3.692,5.514,1
2026-01-16,Bardawil_off,CHL,my,3.605,3.573,3.244,3.605,0.5604
2026-01-17,Bardawil_off,CHL,my,1.987,1.986,1.775,2.011,1
2026-01-19,Bardawil_off,CHL,my,,1.765,1.447,1.891,0.6264
2026-01-29,Bardawil_off,CHL,my,2.68,2.777,2.616,2.778,0.5659
2026-02-01,Bardawil_off,CHL,my,2.593,2.473,1.916,2.593,1
2026-02-03,Bardawil_off,CHL,my,2.059,3.107,2.184,3.461,1
2026-02-04,Bardawil_off,CHL,my,1.786,2.132,1.786,2.294,1
2026-02-05,Bardawil_off,CHL,my,2.063,2.063,1.621,2.228,1
2026-02-07,Bardawil_off,CHL,my,2.683,2.432,1.648,4.185,1
2026-02-08,Bardawil_off,CHL,my,2.395,,,,0.2912
2026-02-10,Bardawil_off,CHL,my,3.488,2.955,1.713,3.966,1
2026-02-11,Bardawil_off,CHL,my,3.403,3.403,1.919,3.885,0.8791
2026-02-12,Bardawil_off,CHL,my,3.4,2.539,1.826,3.713,1
2026-02-16,Bardawil_off,CHL,my,2.439,2.567,2.127,2.624,1
2026-02-18,Bardawil_off,CHL,my,1.936,1.777,1.464,1.94,1
2026-02-19,Bardawil_off,CHL,my,,3.069,2.134,3.274,0.6209
2026-02-20,Bardawil_off,CHL,my,1.808,2.042,1.858,2.262,1
2026-02-21,Bardawil_off,CHL,my,1.394,1.469,1.397,1.621,1
2026-02-22,Bardawil_off,CHL,my,1.524,1.499,1.327,1.891,1
2026-02-23,Bardawil_off,CHL,my,1.634,1.576,1.359,1.706,0.6264
2026-02-24,Bardawil_off,CHL,my,1.958,1.652,1.586,2.084,0.6923
2026-02-25,Bardawil_off,CHL,my,1.962,1.88,1.641,2.214,1
2026-02-26,Bardawil_off,CHL,my,,1.879,1.549,1.915,0.6703
2026-02-27,Bardawil_off,CHL,my,,3.729,2.597,3.975,0.6209
2026-03-01,Bardawil_off,CHL,my,1.975,1.921,1.564,2.046,0.8132
2026-03-03,Bardawil_off,CHL,my,2.944,2.387,1.808,2.948,1
2026-03-05,Bardawil_off,CHL,my,2.403,2.403,1.769,2.519,1
2026-03-06,Bardawil_off,CHL,my,2.161,2.144,1.487,2.17,1
2026-03-08,Bardawil_off,CHL,my,1.448,1.612,1.356,1.789,1
2026-03-09,Bardawil_off,CHL,my,1.807,1.807,1.509,1.912,1
2026-03-10,Bardawil_off,CHL,my,2.134,1.72,1.481,2.203,1
2026-03-11,Bardawil_off,CHL,my,2.132,1.973,1.69,2.234,1
2026-03-12,Bardawil_off,CHL,my,,1.816,1.448,2.185,0.6264
2026-03-16,Bardawil_off,CHL,my,2.942,2.049,1.949,2.942,1
2026-03-17,Bardawil_off,CHL,my,3.489,3.261,2.239,3.779,1
2026-03-22,Bardawil_off,CHL,my,3.535,3.028,2.171,3.535,1
2026-03-24,Bardawil_off,CHL,my,1.94,1.805,1.615,2.051,1
2026-03-26,Bardawil_off,CHL,my,3.083,1.9,1.739,3.083,0.6868
2026-03-27,Bardawil_off,CHL,my,3.313,2.994,2.01,3.313,1
2026-03-29,Bardawil_off,CHL,my,3.025,2.936,1.957,3.025,1
2026-03-30,Bardawil_off,CHL,my,3.359,2.272,1.97,3.359,1
2026-03-31,Bardawil_off,CHL,my,2.543,2.333,1.903,2.594,1
2026-04-05,Bardawil_off,CHL,my,2.046,1.874,1.582,2.174,1
2026-04-06,Bardawil_off,CHL,my,1.844,1.602,1.495,1.947,1
2026-04-07,Bardawil_off,CHL,my,1.878,1.806,1.56,1.961,0.8791
2026-04-08,Bardawil_off,CHL,my,1.609,1.611,1.533,1.732,0.6868
2026-04-09,Bardawil_off,CHL,my,1.909,1.781,1.432,1.998,0.9396
2026-04-10,Bardawil_off,CHL,my,2.104,1.625,1.417,2.246,1
2026-04-11,Bardawil_off,CHL,my,1.597,1.542,1.313,1.858,1
2026-04-12,Bardawil_off,CHL,my,1.787,1.561,1.231,1.787,1
2026-04-13,Bardawil_off,CHL,my,,1.397,1.074,1.463,0.7418
2026-04-14,Bardawil_off,CHL,my,2.312,1.725,1.32,2.453,1
2026-04-16,Bardawil_off,CHL,my,2.408,2.215,1.665,2.507,1
2026-04-19,Bardawil_off,CHL,my,2.022,1.746,1.38,2.152,1
2026-04-20,Bardawil_off,CHL,my,3.134,2.145,1.697,3.134,0.9396
2026-04-21,Bardawil_off,CHL,my,2.2,2.015,1.62,2.339,1
2026-04-22,Bardawil_off,CHL,my,2.296,2.008,1.643,2.296,1
2026-04-23,Bardawil_off,CHL,my,2.056,1.912,1.619,2.138,1
2026-04-24,Bardawil_off,CHL,my,,1.836,1.479,2.16,0.8077
2026-04-25,Bardawil_off,CHL,my,2.169,1.973,1.651,2.417,1
2026-04-26,Bardawil_off,CHL,my,2.111,1.913,1.56,2.181,1
2026-04-27,Bardawil_off,CHL,my,1.862,1.548,1.295,2.066,1
2026-04-28,Bardawil_off,CHL,my,1.968,1.745,1.368,2.159,1
2026-04-29,Bardawil_off,CHL,my,1.753,1.585,1.262,1.798,1
2026-04-30,Bardawil_off,CHL,my,1.873,1.617,1.213,1.916,1
2026-05-01,Bardawil_off,CHL,my,1.742,1.61,1.187,1.742,1
2026-05-02,Bardawil_off,CHL,my,1.819,1.7,1.269,1.883,0.7527
2026-05-04,Bardawil_off,CHL,my,3.704,2.432,2.041,4.411,1
2026-05-06,Bardawil_off,CHL,my,,2.228,1.811,2.327,0.8736
2026-05-07,Bardawil_off,CHL,my,2.419,2.309,2.174,2.615,1
2026-05-08,Bardawil_off,CHL,my,2.601,2.346,2.091,2.795,1
2026-05-10,Bardawil_off,CHL,my,2.371,2.243,1.835,2.461,1
2026-05-11,Bardawil_off,CHL,my,2.328,2.186,1.792,2.515,1
2026-05-12,Bardawil_off,CHL,my,2.088,1.851,1.44,2.088,0.956
2026-05-13,Bardawil_off,CHL,my,1.876,1.569,1.325,2.001,1
2026-05-16,Bardawil_off,CHL,my,2.615,2.213,1.825,2.791,1
2026-05-20,Bardawil_off,CHL,my,2.173,1.996,1.326,2.254,1
2026-05-22,Bardawil_off,CHL,my,3.712,2.466,2.131,4.055,1
2026-05-23,Bardawil_off,CHL,my,2.601,2.411,1.834,2.859,1
2026-05-24,Bardawil_off,CHL,my,2.279,2.123,1.59,2.301,1
2026-05-25,Bardawil_off,CHL,my,2.081,1.951,1.478,2.153,1
2026-05-26,Bardawil_off,CHL,my,1.759,1.71,1.341,1.808,1
2026-05-27,Bardawil_off,CHL,my,1.693,1.662,1.279,1.693,0.7363
2026-05-28,Bardawil_off,CHL,my,1.764,1.449,1.088,1.764,1
2026-05-29,Bardawil_off,CHL,my,1.955,1.752,1.249,1.975,1
2026-05-30,Bardawil_off,CHL,my,1.925,1.797,1.344,2.041,1
2026-05-31,Bardawil_off,CHL,my,2.37,2.252,1.731,2.469,1
2026-06-01,Bardawil_off,CHL,my,1.859,1.643,1.247,2.038,1
2026-06-02,Bardawil_off,CHL,my,2.229,2.016,1.419,2.338,1
2026-06-03,Bardawil_off,CHL,my,2.003,1.855,1.41,2.098,1
2026-06-04,Bardawil_off,CHL,my,2.169,1.877,1.474,2.169,1
2026-06-05,Bardawil_off,CHL,my,1.512,1.545,1.338,1.711,1
2026-06-06,Bardawil_off,CHL,my,,1.62,1.265,1.805,0.7418
2026-06-07,Bardawil_off,CHL,my,1.32,1.23,1.011,1.495,1
2026-06-08,Bardawil_off,CHL,my,1.525,1.323,0.823,1.658,1
2026-06-09,Bardawil_off,CHL,my,1.69,1.265,0.7806,1.69,1
2026-06-10,Bardawil_off,CHL,my,1.504,1.303,0.9086,1.624,1
2026-06-11,Bardawil_off,CHL,my,1.453,1.299,0.8263,1.58,1
2026-06-12,Bardawil_off,CHL,my,1.72,1.425,0.8063,1.72,1
2026-06-13,Bardawil_off,CHL,my,1.715,1.254,0.7983,2.071,1
2026-06-15,Bardawil_off,CHL,my,1.868,1.761,1.239,1.932,0.9396
2026-06-16,Bardawil_off,CHL,my,1.882,1.724,1.106,2,1
2026-06-17,Bardawil_off,CHL,my,1.796,1.538,1.219,1.84,1
2026-06-18,Bardawil_off,CHL,my,1.632,1.483,0.9874,1.775,1
2026-06-19,Bardawil_off,CHL,my,1.47,1.545,1.108,1.675,0.8791
2026-06-20,Bardawil_off,CHL,my,1.611,1.612,1.134,1.789,1
2026-06-21,Bardawil_off,CHL,my,2.028,1.934,1.187,2.028,1
2026-06-22,Bardawil_off,CHL,my,1.712,1.712,1.117,1.912,1
2026-06-23,Bardawil_off,CHL,my,2.074,2.062,1.157,2.267,1
2026-06-24,Bardawil_off,CHL,my,1.831,1.831,1.288,1.95,1
2026-06-25,Bardawil_off,CHL,my,1.857,1.668,1.157,1.857,1
2026-06-26,Bardawil_off,CHL,my,2.378,2.305,1.431,2.41,1
2026-06-27,Bardawil_off,CHL,my,1.906,1.541,1.2,1.906,0.7088
2026-06-28,Bardawil_off,CHL,my,1.785,1.693,1.053,2.037,1
2026-06-29,Bardawil_off,CHL,my,1.574,1.524,0.9628,1.746,1
2026-06-30,Bardawil_off,CHL,my,1.872,1.545,0.9645,1.878,1
2026-07-01,Bardawil_off,CHL,my,1.823,1.218,0.8485,2.156,1
2026-07-02,Bardawil_off,CHL,my,2.219,1.39,1.023,2.219,1
2026-07-03,Bardawil_off,CHL,my,1.641,1.515,1.048,1.786,1
2026-07-04,Bardawil_off,CHL,my,1.668,1.457,1.078,1.756,1
2026-07-05,Bardawil_off,CHL,my,,1.599,1.151,1.791,0.9396
2026-07-06,Bardawil_off,CHL,my,1.755,1.651,1.212,1.773,1
2026-07-07,Bardawil_off,CHL,my,1.83,1.738,1.186,1.949,0.8736
2026-07-08,Bardawil_off,CHL,my,2.151,1.917,1.326,2.334,0.956
2026-07-09,Bardawil_off,CHL,my,2.127,1.884,1.431,2.297,1
2026-07-10,Bardawil_off,CHL,my,1.945,1.885,1.616,2.206,0.6264
2026-07-11,Bardawil_off,CHL,my,2.163,1.905,1.228,2.163,1
2026-07-12,Bardawil_off,CHL,my,1.779,1.599,1.163,1.804,1
2026-07-14,Bardawil_off,CHL,my,2.035,1.793,1.274,2.035,1
2026-07-15,Bardawil_off,CHL,my,1.745,1.745,1.217,1.823,0.9396
2026-07-16,Bardawil_off,CHL,my,2.13,1.874,1.361,2.134,1
2026-07-17,Bardawil_off,CHL,my,2.281,2.03,1.575,2.281,1
2026-07-18,Bardawil_off,CHL,my,2.193,1.818,1.433,2.193,1
2026-07-19,Bardawil_off,CHL,my,1.999,1.719,1.409,2.052,1
2026-07-20,Bardawil_off,CHL,my,1.821,1.754,1.346,1.888,1
2026-07-21,Bardawil_off,CHL,my,1.579,1.589,1.08,1.67,1
2026-07-22,Bardawil_off,CHL,my,1.382,1.382,0.9835,1.514,1
2026-07-23,Bardawil_off,CHL,my,1.875,1.784,1.353,2.093,1
2026-07-24,Bardawil_off,CHL,my,2.465,2.34,1.66,3.37,1
2026-07-25,Bardawil_off,CHL,my,3.817,2.668,2.318,3.87,1
2026-07-26,Bardawil_off,CHL,my,2.173,2.137,1.761,2.204,1
2026-07-27,Bardawil_off,CHL,my,2.31,2.31,1.883,2.367,1
2026-07-28,Bardawil_off,CHL,my,2.71,2.599,2.016,2.736,1
2026-07-29,Bardawil_off,CHL,my,2.391,2.241,1.553,2.49,1
2026-07-30,Bardawil_off,CHL,my,2.478,2.356,1.511,2.538,1
2026-07-31,Bardawil_off,CHL,my,2.254,2.214,1.506,2.283,1
2026-08-01,Bardawil_off,CHL,my,2.178,1.979,1.417,2.291,1
2026-08-02,Bardawil_off,CHL,my,1.803,1.598,1.137,1.925,1
2026-08-03,Bardawil_off,CHL,my,1.822,1.593,1.148,1.972,1
2026-08-04,Bardawil_off,CHL,my,1.481,1.483,0.9807,1.657,1
2026-08-05,Bardawil_off,CHL,my,1.6,1.489,0.9255,1.725,1
2026-08-06,Bardawil_off,CHL,my,1.508,1.405,1.014,1.555,1
2026-08-07,Bardawil_off,CHL,my,1.762,1.719,1.283,1.783,1
2026-08-09,Bardawil_off,CHL,my,3.384,3.374,2.136,3.645,1
2026-08-10,Bardawil_off,CHL,my,3.717,3.431,1.916,3.717,1
2026-08-11,Bardawil_off,CHL,my,4.811,4.733,2.353,6.544,1
2026-08-12,Bardawil_off,CHL,my,3.849,3.291,1.772,3.849,1
2026-08-16,Bardawil_off,CHL,my,7.493,7.028,3.341,7.872,0.8901
2026-08-17,Bardawil_off,CHL,my,10.05,8.297,4.676,10.05,1
2026-08-18,Bardawil_off,CHL,my,3.535,3.033,2.049,3.815,1
2026-08-19,Bardawil_off,CHL,my,8.025,7.117,3.934,8.387,1
2026-08-20,Bardawil_off,CHL,my,3.213,2.879,1.971,3.365,1
2026-08-22,Bardawil_off,CHL,my,12.86,8.348,4.704,16.08,1
2026-08-23,Bardawil_off,CHL,my,8.463,6.595,3.285,9.762,1
2026-08-24,Bardawil_off,CHL,my,23.62,13.67,7.704,30.59,1
2026-08-25,Bardawil_off,CHL,my,9.318,,,,0.4396
2026-08-26,Bardawil_off,CHL,my,7.114,6.502,3.634,7.731,0.8736
2026-08-27,Bardawil_off,CHL,my,23.71,16.21,8.724,26.43,1
2026-08-28,Bardawil_off,CHL,my,8.339,7.664,4.097,8.755,1
2026-08-29,Bardawil_off,CHL,my,7.017,6.01,2.813,7.377,0.8626
2026-08-30,Bardawil_off,CHL,my,4.222,2.658,2.238,4.222,0.9341
2026-08-31,Bardawil_off,CHL,my,4.335,4.099,2.486,5.584,0.9341
2026-09-01,Bardawil_off,CHL,my,6.199,3.463,2.988,9.637,1
2026-09-02,Bardawil_off,CHL,nrt,3.734,3.287,2.168,4.247,1
2026-09-03,Bardawil_off,CHL,nrt,7.161,4.392,3.103,7.959,1
2026-09-04,Bardawil_off,CHL,nrt,6.737,4.426,2.984,7.662,1
2026-09-05,Bardawil_off,CHL,nrt,6.99,4.598,2.919,7.707,1
2026-09-06,Bardawil_off,CHL,nrt,2.759,2.197,1.978,7.943,1
2026-09-07,Bardawil_off,CHL,nrt,2.691,2.545,1.751,3.316,0.9396
2026-09-08,Bardawil_off,CHL,nrt,3.129,2.555,1.689,3.631,1
2026-09-09,Bardawil_off,CHL,nrt,4.547,4.547,2.527,4.92,1
2026-01-02,Damietta_mouth,CHL,my,3.19,,,,0.1209
2026-01-03,Damietta_mouth,CHL,my,3.574,3.109,2.155,4.407,1
2026-01-05,Damietta_mouth,CHL,my,4.405,2.493,1.879,4.698,1
2026-01-07,Damietta_mouth,CHL,my,4.375,2.917,2.164,5.053,1
2026-01-11,Damietta_mouth,CHL,my,4.489,4.489,3.511,5.465,0.9396
2026-01-12,Damietta_mouth,CHL,my,4.111,,,,0.0604
2026-01-15,Damietta_mouth,CHL,my,3.879,,,,0.4945
2026-01-16,Damietta_mouth,CHL,my,2.295,2.276,1.824,2.383,0.6868
2026-01-17,Damietta_mouth,CHL,my,2.312,2.143,1.82,2.407,0.7418
2026-01-18,Damietta_mouth,CHL,my,2.014,2.014,1.7,2.061,0.5549
2026-01-25,Damietta_mouth,CHL,my,3.063,2.679,1.772,3.206,1
2026-01-26,Damietta_mouth,CHL,my,6.354,4.985,3.529,6.354,1
2026-02-01,Damietta_mouth,CHL,my,,2.877,2.351,4.946,0.8791
2026-02-03,Damietta_mouth,CHL,my,4.918,4.981,2.986,5.273,0.5495
2026-02-04,Damietta_mouth,CHL,my,2.14,2.186,2.044,2.24,0.6154
2026-02-05,Damietta_mouth,CHL,my,2.422,,,,0.1813
2026-02-07,Damietta_mouth,CHL,my,2.569,,,,0.3681
2026-02-10,Damietta_mouth,CHL,my,2.247,2.183,1.809,2.487,1
2026-02-11,Damietta_mouth,CHL,my,1.93,,,,0.3187
2026-02-14,Damietta_mouth,CHL,my,,2.13,1.729,2.421,0.6319
2026-02-17,Damietta_mouth,CHL,my,2.324,2.087,1.756,2.436,1
2026-02-19,Damietta_mouth,CHL,my,4.742,4.634,2.934,4.775,0.6923
2026-02-20,Damietta_mouth,CHL,my,3.316,3.111,2.329,3.375,1
2026-02-21,Damietta_mouth,CHL,my,2.165,2.131,1.839,2.199,1
2026-02-22,Damietta_mouth,CHL,my,2.17,2.073,1.819,2.216,1
2026-02-23,Damietta_mouth,CHL,my,2.279,2.279,1.987,3.045,0.7418
2026-02-24,Damietta_mouth,CHL,my,3.913,3.618,2.459,3.953,1
2026-02-25,Damietta_mouth,CHL,my,2.556,3.458,2.527,3.537,0.8626
2026-03-03,Damietta_mouth,CHL,my,2.656,2.35,1.817,2.804,0.9396
2026-03-06,Damietta_mouth,CHL,my,2.798,2.314,1.806,3.184,0.9396
2026-03-08,Damietta_mouth,CHL,my,2.398,2.289,1.752,2.445,0.6758
2026-03-09,Damietta_mouth,CHL,my,2.249,2.353,1.528,2.43,1
2026-03-10,Damietta_mouth,CHL,my,,1.601,1.383,2.251,0.6319
2026-03-11,Damietta_mouth,CHL,my,3.434,3.035,2.123,4.444,1
2026-03-12,Damietta_mouth,CHL,my,2.727,2.463,1.975,2.883,1
2026-03-16,Damietta_mouth,CHL,my,4.004,3.817,2.501,4.144,1
2026-03-17,Damietta_mouth,CHL,my,3.616,3.379,2.167,3.945,1
2026-03-22,Damietta_mouth,CHL,my,,3.848,2.438,4.782,0.8791
2026-03-23,Damietta_mouth,CHL,my,2.421,2.2,1.748,2.438,0.9341
2026-03-24,Damietta_mouth,CHL,my,,1.738,1.474,2.061,0.6319
2026-03-27,Damietta_mouth,CHL,my,2.375,2.295,1.745,3.371,1
2026-03-29,Damietta_mouth,CHL,my,2.375,2.341,1.681,3.314,1
2026-03-30,Damietta_mouth,CHL,my,2.234,2.088,1.64,2.558,0.989
2026-04-05,Damietta_mouth,CHL,my,,1.435,1.135,1.921,0.6923
2026-04-06,Damietta_mouth,CHL,my,2.137,1.897,1.415,2.428,1
2026-04-07,Damietta_mouth,CHL,my,2.15,1.871,1.458,2.323,1
2026-04-08,Damietta_mouth,CHL,my,2.316,2.05,1.582,2.489,0.9341
2026-04-09,Damietta_mouth,CHL,my,,1.698,1.376,1.873,0.8791
2026-04-10,Damietta_mouth,CHL,my,2.443,1.998,1.503,2.739,1
2026-04-11,Damietta_mouth,CHL,my,1.953,1.86,1.413,2.416,1
2026-04-12,Damietta_mouth,CHL,my,2.661,2.122,1.482,2.661,1
2026-04-13,Damietta_mouth,CHL,my,2.342,1.938,1.448,2.512,1
2026-04-14,Damietta_mouth,CHL,my,2.986,2.406,1.728,2.986,1
2026-04-16,Damietta_mouth,CHL,my,3.091,2.529,1.779,3.091,0.9396
2026-04-19,Damietta_mouth,CHL,my,1.969,1.739,1.222,1.969,0.9396
2026-04-20,Damietta_mouth,CHL,my,2.223,1.951,1.329,2.43,1
2026-04-21,Damietta_mouth,CHL,my,1.813,1.681,1.11,2.332,1
2026-04-22,Damietta_mouth,CHL,my,3.052,1.859,1.231,3.052,1
2026-04-23,Damietta_mouth,CHL,my,2.627,2.586,1.428,2.701,1
2026-04-25,Damietta_mouth,CHL,my,3.025,3.025,2.03,3.275,1
2026-04-26,Damietta_mouth,CHL,my,2.353,2.037,1.463,2.519,1
2026-04-27,Damietta_mouth,CHL,my,1.757,1.729,1.181,1.959,1
2026-04-30,Damietta_mouth,CHL,my,2.694,1.542,1.136,4.244,1
2026-05-01,Damietta_mouth,CHL,my,2.296,1.492,0.9398,3.385,1
2026-05-05,Damietta_mouth,CHL,my,7.675,7.379,4.437,8.734,1
2026-05-06,Damietta_mouth,CHL,my,2.587,2.422,1.981,2.756,0.6758
2026-05-07,Damietta_mouth,CHL,my,3.045,2.42,2.013,3.101,1
2026-05-08,Damietta_mouth,CHL,my,2.488,2.033,1.751,3.053,1
2026-05-09,Damietta_mouth,CHL,my,2.47,1.839,1.41,2.47,0.9396
2026-05-10,Damietta_mouth,CHL,my,2.389,2.02,1.44,2.875,1
2026-05-11,Damietta_mouth,CHL,my,2.304,1.853,1.302,2.661,1
2026-05-12,Damietta_mouth,CHL,my,2.51,1.944,1.186,2.51,0.7473
2026-05-13,Damietta_mouth,CHL,my,1.967,1.612,1.05,2.181,1
2026-05-14,Damietta_mouth,CHL,my,,1.138,0.5536,1.264,0.5714
2026-05-15,Damietta_mouth,CHL,my,2.264,2.132,1.087,2.365,0.6758
2026-05-16,Damietta_mouth,CHL,my,2.455,2.337,1.602,2.727,1
2026-05-18,Damietta_mouth,CHL,my,,1.356,0.7372,1.589,0.6319
2026-05-20,Damietta_mouth,CHL,my,2.417,2.316,1.336,3.349,0.8077
2026-05-21,Damietta_mouth,CHL,my,4.717,4.642,2.904,4.717,0.5549
2026-05-22,Damietta_mouth,CHL,my,2.188,1.885,1.402,2.382,1
2026-05-23,Damietta_mouth,CHL,my,2.632,2.172,1.61,2.706,1
2026-05-24,Damietta_mouth,CHL,my,2.516,1.809,1.313,2.637,1
2026-05-25,Damietta_mouth,CHL,my,1.967,1.705,1.078,2.129,0.7527
2026-05-26,Damietta_mouth,CHL,my,1.967,1.674,1.115,2.753,1
2026-05-27,Damietta_mouth,CHL,my,2.004,1.431,0.9262,2.755,1
2026-05-28,Damietta_mouth,CHL,my,1.176,1.176,0.8415,1.411,1
2026-05-29,Damietta_mouth,CHL,my,1.541,1.541,0.9021,1.776,1
2026-05-30,Damietta_mouth,CHL,my,2.062,1.604,0.895,2.237,1
2026-05-31,Damietta_mouth,CHL,my,2.163,1.653,1.013,3.102,1
2026-06-01,Damietta_mouth,CHL,my,,0.4773,0.2802,0.7534,0.5714
2026-06-02,Damietta_mouth,CHL,my,1.886,1.647,0.9755,2.025,1
2026-06-04,Damietta_mouth,CHL,my,2.034,1.873,1.2,2.096,1
2026-06-05,Damietta_mouth,CHL,my,2.651,2.078,1.398,2.92,1
2026-06-06,Damietta_mouth,CHL,my,1.946,2,1.423,2.423,1
2026-06-07,Damietta_mouth,CHL,my,1.542,1.542,0.9552,1.672,0.8791
2026-06-08,Damietta_mouth,CHL,my,1.622,1.526,0.9569,1.847,1
2026-06-09,Damietta_mouth,CHL,my,1.68,1.354,0.8792,2.029,1
2026-06-10,Damietta_mouth,CHL,my,1.33,1.233,0.705,1.407,0.8022
2026-06-11,Damietta_mouth,CHL,my,1.484,1.325,0.7286,2.61,1
2026-06-12,Damietta_mouth,CHL,my,1.189,0.6889,0.4322,1.962,1
2026-06-13,Damietta_mouth,CHL,my,1.382,0.9686,0.5354,2.792,1
2026-06-14,Damietta_mouth,CHL,my,,0.823,0.397,1.028,0.5549
2026-06-15,Damietta_mouth,CHL,my,1.542,0.9346,0.6824,2.312,1
2026-06-16,Damietta_mouth,CHL,my,2.042,1.614,1.075,2.913,1
2026-06-17,Damietta_mouth,CHL,my,2.059,1.934,1.034,2.253,1
2026-06-18,Damietta_mouth,CHL,my,1.465,0.5695,0.4563,1.817,1
2026-06-19,Damietta_mouth,CHL,my,1.794,1.39,0.768,1.905,1
2026-06-20,Damietta_mouth,CHL,my,1.565,1.085,0.6633,1.946,1
2026-06-21,Damietta_mouth,CHL,my,,0.4043,0.2598,0.79,0.5549
2026-06-22,Damietta_mouth,CHL,my,1.351,1.068,0.5801,1.575,1
2026-06-23,Damietta_mouth,CHL,my,1.736,1.156,0.6368,2.46,1
2026-06-24,Damietta_mouth,CHL,my,1.404,1.134,0.6081,1.6,1
2026-06-25,Damietta_mouth,CHL,my,1.443,1.292,0.7038,1.725,1
2026-06-26,Damietta_mouth,CHL,my,1.76,1.453,0.7354,1.863,1
2026-06-27,Damietta_mouth,CHL,my,2.373,1.351,0.7226,2.373,1
2026-06-28,Damietta_mouth,CHL,my,1.168,1.238,0.5818,1.736,1
2026-06-29,Damietta_mouth,CHL,my,1.263,0.7327,0.5098,2.223,1
2026-06-30,Damietta_mouth,CHL,my,1.378,1.098,0.5319,1.549,1
2026-07-01,Damietta_mouth,CHL,my,1.727,0.9629,0.5181,1.727,1
2026-07-02,Damietta_mouth,CHL,my,1.331,1.331,0.5244,1.425,0.8791
2026-07-03,Damietta_mouth,CHL,my,1.673,0.987,0.5828,1.686,1
2026-07-04,Damietta_mouth,CHL,my,1.768,0.9762,0.5999,1.91,1
2026-07-05,Damietta_mouth,CHL,my,1.489,1.377,0.6758,1.681,1
2026-07-06,Damietta_mouth,CHL,my,2.013,1.82,0.929,2.013,0.6319
2026-07-07,Damietta_mouth,CHL,my,1.536,,,,0.3626
2026-07-08,Damietta_mouth,CHL,my,1.615,1.501,0.9193,2.02,1
2026-07-09,Damietta_mouth,CHL,my,1.88,1.705,0.9547,2.514,1
2026-07-10,Damietta_mouth,CHL,my,1.905,1.232,0.9181,2.308,1
2026-07-11,Damietta_mouth,CHL,my,1.838,1.278,0.9435,2.763,1
2026-07-12,Damietta_mouth,CHL,my,1.596,1.509,0.9183,1.895,0.8626
2026-07-13,Damietta_mouth,CHL,my,1.542,1.353,0.9066,1.548,1
2026-07-14,Damietta_mouth,CHL,my,1.689,1.705,1.062,1.993,0.8736
2026-07-15,Damietta_mouth,CHL,my,1.668,1.489,0.962,2.024,0.9396
2026-07-16,Damietta_mouth,CHL,my,1.618,1.492,1.034,2.107,1
2026-07-17,Damietta_mouth,CHL,my,1.798,1.532,0.9934,2.257,1
2026-07-18,Damietta_mouth,CHL,my,1.871,1.673,0.9548,1.871,0.6923
2026-07-19,Damietta_mouth,CHL,my,1.774,1.297,0.7351,2.6,1
2026-07-20,Damietta_mouth,CHL,my,1.971,1.467,0.7274,1.971,1
2026-07-21,Damietta_mouth,CHL,my,1.275,1.116,0.6382,1.663,1
2026-07-22,Damietta_mouth,CHL,my,,1.229,0.6155,1.409,0.8791
2026-07-23,Damietta_mouth,CHL,my,1.694,1.58,0.9887,1.748,1
2026-07-24,Damietta_mouth,CHL,my,2.965,2.196,1.343,2.965,1
2026-07-25,Damietta_mouth,CHL,my,,1.35,1.104,1.493,0.5055
2026-07-26,Damietta_mouth,CHL,my,1.785,1.573,1.237,2.294,1
2026-07-27,Damietta_mouth,CHL,my,3.366,2.047,1.691,3.366,1
2026-07-28,Damietta_mouth,CHL,my,2.116,1.575,1.176,2.477,1
2026-07-29,Damietta_mouth,CHL,my,1.559,1.47,1.068,2.836,1
2026-07-30,Damietta_mouth,CHL,my,3.111,1.613,1.262,3.181,1
2026-07-31,Damietta_mouth,CHL,my,1.997,1.651,1.061,3.089,1
2026-08-01,Damietta_mouth,CHL,my,3.422,1.814,1.25,3.654,1
2026-08-02,Damietta_mouth,CHL,my,3.007,2.246,1.239,3.038,1
2026-08-03,Damietta_mouth,CHL,my,,1.268,0.7706,1.792,0.7527
2026-08-04,Damietta_mouth,CHL,my,2.131,1.679,1.104,2.393,1
2026-08-05,Damietta_mouth,CHL,my,2.636,1.88,1.144,3.908,1
2026-08-06,Damietta_mouth,CHL,my,2.313,1.636,1.024,3.235,1
2026-08-07,Damietta_mouth,CHL,my,1.733,1.646,0.9447,2.058,1
2026-08-08,Damietta_mouth,CHL,my,1.498,1.449,0.8527,1.74,0.8736
2026-08-09,Damietta_mouth,CHL,my,3.148,1.426,1.124,3.148,1
2026-08-10,Damietta_mouth,CHL,my,3.517,2.806,1.64,7.099,1
2026-08-11,Damietta_mouth,CHL,my,3.819,3.044,1.924,9.141,1
2026-08-12,Damietta_mouth,CHL,my,2.328,1.751,0.9781,2.873,1
2026-08-13,Damietta_mouth,CHL,my,1.64,1.64,0.9633,2.039,0.8626
2026-08-14,Damietta_mouth,CHL,my,1.681,1.576,1.087,1.681,0.6813
2026-08-15,Damietta_mouth,CHL,my,1.628,,,,0.3681
2026-08-16,Damietta_mouth,CHL,my,2.389,2.044,1.324,2.98,1
2026-08-17,Damietta_mouth,CHL,my,2.153,1.787,1.348,4.088,1
2026-08-18,Damietta_mouth,CHL,my,1.8,1.591,1.15,2.24,1
2026-08-19,Damietta_mouth,CHL,my,3.546,2.457,1.701,5.445,1
2026-08-20,Damietta_mouth,CHL,my,3.353,2.299,1.917,8.23,1
2026-08-21,Damietta_mouth,CHL,my,2.751,2.068,1.472,2.923,1
2026-08-22,Damietta_mouth,CHL,my,2.744,1.416,1.142,4.444,1
2026-08-23,Damietta_mouth,CHL,my,2.393,1.315,1.058,5.521,1
2026-08-24,Damietta_mouth,CHL,my,2.115,1.225,1.107,4.401,1
2026-08-25,Damietta_mouth,CHL,my,2.261,1.474,1.154,3.214,1
2026-08-26,Damietta_mouth,CHL,my,2.219,1.694,1.197,2.219,0.6319
2026-08-27,Damietta_mouth,CHL,my,3.035,1.42,1.4,7.196,1
2026-08-28,Damietta_mouth,CHL,my,1.862,1.463,0.9777,3.039,1
2026-08-29,Damietta_mouth,CHL,my,2.706,1.8,1.236,3.063,1
2026-08-30,Damietta_mouth,CHL,my,2.423,,,,0.1209
2026-08-31,Damietta_mouth,CHL,my,2.559,2.025,1.691,2.851,1
2026-09-01,Damietta_mouth,CHL,my,7.897,2.05,2.392,8.823,1
2026-09-02,Damietta_mouth,CHL,nrt,5.53,3.329,1.899,5.53,1
2026-09-03,Damietta_mouth,CHL,nrt,3.092,2.235,1.614,3.88,1
2026-09-04,Damietta_mouth,CHL,nrt,1.996,1.48,1.25,2.971,1
2026-09-05,Damietta_mouth,CHL,nrt,2.247,1.554,1.287,2.898,1
2026-09-06,Damietta_mouth,CHL,nrt,2.031,1.549,1.235,2.302,1
2026-09-07,Damietta_mouth,CHL,nrt,2.597,1.603,1.366,3.29,1
2026-09-08,Damietta_mouth,CHL,nrt,6.744,2.582,2.069,7.062,1
2026-09-09,Damietta_mouth,CHL,nrt,3.081,2.368,1.383,3.081,1
2026-01-03,El_Arish_EG,CHL,my,2.152,2.152,1.458,4.846,0.9851
2026-01-04,El_Arish_EG,CHL,my,1.833,1.641,1.007,1.939,0.9254
2026-01-05,El_Arish_EG,CHL,my,1.758,1.467,1.091,2.197,0.9254
2026-01-07,El_Arish_EG,CHL,my,1.463,1.463,1.141,2.139,0.9851
2026-01-09,El_Arish_EG,CHL,my,2.006,2.006,1.212,2.311,0.9303
2026-01-11,El_Arish_EG,CHL,my,3.283,2.328,1.712,3.283,0.9851
2026-01-12,El_Arish_EG,CHL,my,2.404,2.42,1.795,3.537,0.9254
2026-01-15,El_Arish_EG,CHL,my,1.871,2.179,1.612,2.2,0.5771
2026-01-16,El_Arish_EG,CHL,my,2.166,2.31,1.942,2.627,0.5373
2026-01-17,El_Arish_EG,CHL,my,1.749,,,,0.3483
2026-01-19,El_Arish_EG,CHL,my,1.728,,,,0.2338
2026-01-26,El_Arish_EG,CHL,my,,1.377,1.087,2.429,0.6965
2026-01-29,El_Arish_EG,CHL,my,2.147,1.867,1.409,3.084,0.9254
2026-01-31,El_Arish_EG,CHL,my,,1.018,0.7814,1.321,0.6368
2026-02-01,El_Arish_EG,CHL,my,1.907,1.805,1.211,2.778,0.9254
2026-02-03,El_Arish_EG,CHL,my,2.102,2.102,1.354,2.367,0.9303
2026-02-04,El_Arish_EG,CHL,my,2.717,2.717,1.825,3.106,0.9303
2026-02-05,El_Arish_EG,CHL,my,2.027,1.835,1.196,2.418,0.9254
2026-02-07,El_Arish_EG,CHL,my,1.125,1.125,0.9355,1.82,0.9851
2026-02-10,El_Arish_EG,CHL,my,1.869,0.8263,0.547,1.896,0.8159
2026-02-11,El_Arish_EG,CHL,my,1.838,2.215,1.143,3.028,0.9851
2026-02-12,El_Arish_EG,CHL,my,2.983,2.884,1.499,4.314,0.9254
2026-02-20,El_Arish_EG,CHL,my,2.572,2.499,1.731,2.65,0.9851
2026-02-21,El_Arish_EG,CHL,my,1.628,1.472,1.034,1.931,0.9254
2026-02-22,El_Arish_EG,CHL,my,1.823,1.823,1.24,2.01,0.9851
2026-02-23,El_Arish_EG,CHL,my,1.495,1.495,0.9581,1.629,0.9851
2026-02-24,El_Arish_EG,CHL,my,1.408,1.429,1.01,1.754,0.9851
2026-02-25,El_Arish_EG,CHL,my,1.9,1.9,1.213,2.418,0.9851
2026-02-27,El_Arish_EG,CHL,my,2.644,2.788,1.839,3.679,0.806
2026-02-28,El_Arish_EG,CHL,my,,1.658,1.203,1.85,0.6418
2026-03-02,El_Arish_EG,CHL,my,,1.314,0.9827,1.916,0.5672
2026-03-03,El_Arish_EG,CHL,my,1.978,1.729,1.152,2.195,0.8159
2026-03-04,El_Arish_EG,CHL,my,3.281,,,,0.4677
2026-03-05,El_Arish_EG,CHL,my,1.688,1.641,1.1,1.791,0.9254
2026-03-06,El_Arish_EG,CHL,my,2.195,2.033,1.302,2.659,0.9254
2026-03-07,El_Arish_EG,CHL,my,1.462,,,,0.403
2026-03-08,El_Arish_EG,CHL,my,1.733,1.733,1.168,2.25,0.9851
2026-03-09,El_Arish_EG,CHL,my,1.752,1.752,1.072,2.084,0.9851
2026-03-10,El_Arish_EG,CHL,my,1.514,1.425,0.9368,1.594,0.9254
2026-03-11,El_Arish_EG,CHL,my,1.824,,,,0.3483
2026-03-12,El_Arish_EG,CHL,my,1.887,1.611,1.04,1.95,0.8657
2026-03-15,El_Arish_EG,CHL,my,,1.688,1.201,2.116,0.7512
2026-03-16,El_Arish_EG,CHL,my,3.181,2.985,1.897,3.55,0.9254
2026-03-17,El_Arish_EG,CHL,my,2.396,2.304,1.506,2.767,0.9303
2026-03-22,El_Arish_EG,CHL,my,2.107,2.107,1.514,2.227,0.9254
2026-03-24,El_Arish_EG,CHL,my,2.061,1.891,1.519,2.205,0.9254
2026-03-27,El_Arish_EG,CHL,my,1.95,1.884,1.383,2.124,0.9254
2026-03-28,El_Arish_EG,CHL,my,2.025,1.799,1.415,2.033,0.7463
2026-03-30,El_Arish_EG,CHL,my,2.468,2.269,1.694,2.63,0.9254
2026-03-31,El_Arish_EG,CHL,my,2.426,2.293,1.512,2.429,0.9254
2026-04-05,El_Arish_EG,CHL,my,1.82,1.698,1.099,2.083,0.9254
2026-04-06,El_Arish_EG,CHL,my,2.023,1.906,1.378,3.712,0.9254
2026-04-07,El_Arish_EG,CHL,my,1.478,1.406,0.8587,1.478,0.7711
2026-04-08,El_Arish_EG,CHL,my,1.564,1.678,1.212,1.885,0.8657
2026-04-09,El_Arish_EG,CHL,my,2.217,1.961,1.519,2.826,0.9254
2026-04-10,El_Arish_EG,CHL,my,1.642,1.641,1.32,1.772,0.9851
2026-04-11,El_Arish_EG,CHL,my,1.644,1.547,1.206,1.987,0.9851
2026-04-12,El_Arish_EG,CHL,my,1.728,1.728,1.293,2.517,0.9851
2026-04-13,El_Arish_EG,CHL,my,,1.005,0.6531,1.188,0.5025
2026-04-14,El_Arish_EG,CHL,my,1.321,1.321,0.9872,2.133,0.9851
2026-04-16,El_Arish_EG,CHL,my,1.614,1.3,0.9558,1.82,0.8607
2026-04-19,El_Arish_EG,CHL,my,1.521,1.545,1.03,2.081,0.8856
2026-04-20,El_Arish_EG,CHL,my,1.55,1.465,0.9569,1.557,0.9303
2026-04-21,El_Arish_EG,CHL,my,1.652,1.613,1.041,1.652,0.9254
2026-04-22,El_Arish_EG,CHL,my,1.716,1.716,1.237,2.971,1
2026-04-23,El_Arish_EG,CHL,my,1.424,1.486,1.073,2.138,1
2026-04-25,El_Arish_EG,CHL,my,1.179,1.208,0.9276,1.916,0.9851
2026-04-27,El_Arish_EG,CHL,my,1.518,1.193,0.8336,1.531,0.8657
2026-04-28,El_Arish_EG,CHL,my,1.47,1.379,0.8206,1.662,0.9254
2026-04-29,El_Arish_EG,CHL,my,1.394,1.377,0.8529,1.594,0.9254
2026-04-30,El_Arish_EG,CHL,my,1.719,1.523,1.053,1.825,0.9254
2026-05-01,El_Arish_EG,CHL,my,1.375,1.379,0.9404,1.78,0.9851
2026-05-02,El_Arish_EG,CHL,my,1.411,1.208,0.843,1.656,0.9254
2026-05-03,El_Arish_EG,CHL,my,1.435,1.435,0.8154,1.597,0.9851
2026-05-04,El_Arish_EG,CHL,my,1.935,1.84,1.156,2.78,1
2026-05-06,El_Arish_EG,CHL,my,1.973,1.936,1.315,2.131,0.8159
2026-05-07,El_Arish_EG,CHL,my,2.044,2.131,1.571,2.189,0.9254
2026-05-08,El_Arish_EG,CHL,my,2.279,,,,0.4577
2026-05-09,El_Arish_EG,CHL,my,1.765,1.644,1.145,2.015,0.9254
2026-05-10,El_Arish_EG,CHL,my,,1.269,0.8314,1.625,0.5771
2026-05-11,El_Arish_EG,CHL,my,1.485,1.504,1.202,2.197,0.9851
2026-05-13,El_Arish_EG,CHL,my,1.391,1.296,1.001,1.557,1
2026-05-14,El_Arish_EG,CHL,my,1.392,,,,0.4627
2026-05-16,El_Arish_EG,CHL,my,2.263,2.178,1.286,2.358,0.9254
2026-05-20,El_Arish_EG,CHL,my,1.63,1.41,0.924,1.813,0.8657
2026-05-22,El_Arish_EG,CHL,my,1.996,1.84,1.247,2.077,0.8657
2026-05-23,El_Arish_EG,CHL,my,1.733,1.732,1.413,1.979,0.9254
2026-05-24,El_Arish_EG,CHL,my,1.605,1.445,1.094,1.605,0.9851
2026-05-25,El_Arish_EG,CHL,my,1.773,1.639,1.227,1.812,0.9254
2026-05-27,El_Arish_EG,CHL,my,1.567,1.586,1.162,2.258,0.9851
2026-05-28,El_Arish_EG,CHL,my,1.73,1.694,1.251,1.796,0.9851
2026-05-29,El_Arish_EG,CHL,my,1.699,1.646,1.153,1.857,0.9254
2026-05-30,El_Arish_EG,CHL,my,1.843,1.742,1.364,2.15,0.9851
2026-05-31,El_Arish_EG,CHL,my,2.518,2.403,1.536,2.917,0.9254
2026-06-01,El_Arish_EG,CHL,my,1.725,1.725,1.101,1.968,0.9851
2026-06-02,El_Arish_EG,CHL,my,1.578,1.578,1.065,1.831,0.9851
2026-06-03,El_Arish_EG,CHL,my,1.728,1.728,1.229,1.977,0.9851
2026-06-04,El_Arish_EG,CHL,my,1.639,1.573,1.125,1.803,0.9254
2026-06-05,El_Arish_EG,CHL,my,1.293,1.293,0.915,2.316,0.9851
2026-06-06,El_Arish_EG,CHL,my,1.244,0.8063,0.518,1.244,0.7562
2026-06-07,El_Arish_EG,CHL,my,1.11,1.11,0.5276,1.416,0.9851
2026-06-08,El_Arish_EG,CHL,my,0.9161,0.9161,0.4711,1.67,0.9851
2026-06-09,El_Arish_EG,CHL,my,1.015,0.9756,0.4774,1.4,0.9254
2026-06-10,El_Arish_EG,CHL,my,1.114,1.114,0.5864,1.417,0.9254
2026-06-11,El_Arish_EG,CHL,my,1.21,1.21,0.6958,1.761,0.9851
2026-06-12,El_Arish_EG,CHL,my,0.9821,0.9821,0.5804,2.115,0.9851
2026-06-13,El_Arish_EG,CHL,my,1.392,1.392,0.7588,2.129,0.9851
2026-06-15,El_Arish_EG,CHL,my,1.591,1.511,0.8629,1.657,0.9851
2026-06-16,El_Arish_EG,CHL,my,1.645,1.572,0.9638,1.667,0.9851
2026-06-17,El_Arish_EG,CHL,my,1.371,1.371,0.7981,4.22,1
2026-06-18,El_Arish_EG,CHL,my,0.7417,0.7417,0.4716,1.463,0.9254
2026-06-19,El_Arish_EG,CHL,my,0.6515,0.6515,0.4744,1.531,0.9851
2026-06-20,El_Arish_EG,CHL,my,0.9011,0.9011,0.4714,1.347,0.9851
2026-06-22,El_Arish_EG,CHL,my,1.157,1.119,0.6185,1.92,0.9851
2026-06-23,El_Arish_EG,CHL,my,0.406,0.2965,0.3035,1.179,0.9254
2026-06-24,El_Arish_EG,CHL,my,0.9206,0.9206,0.7125,1.513,0.9851
2026-06-25,El_Arish_EG,CHL,my,1.281,1.281,0.7426,1.741,0.9851
2026-06-26,El_Arish_EG,CHL,my,1.992,1.752,1.065,2.213,0.9851
2026-06-27,El_Arish_EG,CHL,my,,1.502,0.944,1.635,0.6866
2026-06-28,El_Arish_EG,CHL,my,1.789,1.789,1.144,2.324,0.9851
2026-06-29,El_Arish_EG,CHL,my,1.308,1.446,0.9578,1.683,0.9254
2026-06-30,El_Arish_EG,CHL,my,1.38,1.38,0.9169,1.967,0.9851
2026-07-01,El_Arish_EG,CHL,my,2.007,1.277,0.8549,2.114,0.9851
2026-07-02,El_Arish_EG,CHL,my,1.357,1.569,1.115,2.306,1
2026-07-03,El_Arish_EG,CHL,my,2.036,1.963,1.173,2.251,0.9254
2026-07-04,El_Arish_EG,CHL,my,1.282,1.282,0.8765,2.254,0.9851
2026-07-05,El_Arish_EG,CHL,my,1.609,1.485,0.9555,1.676,0.9254
2026-07-06,El_Arish_EG,CHL,my,1.643,1.643,1.196,1.762,0.9851
2026-07-07,El_Arish_EG,CHL,my,,1.335,0.8721,1.587,0.5871
2026-07-08,El_Arish_EG,CHL,my,1.805,1.805,1.244,2.052,0.9851
2026-07-09,El_Arish_EG,CHL,my,1.781,1.781,1.19,2.58,0.9851
2026-07-10,El_Arish_EG,CHL,my,1.809,1.634,1.118,1.983,0.9851
2026-07-11,El_Arish_EG,CHL,my,1.387,1.482,1.001,1.754,0.9851
2026-07-12,El_Arish_EG,CHL,my,1.641,1.641,0.955,2.14,0.6517
2026-07-13,El_Arish_EG,CHL,my,1.446,,,,0.4527
2026-07-14,El_Arish_EG,CHL,my,1.961,1.826,1.033,2.163,1
2026-07-15,El_Arish_EG,CHL,my,1.388,1.242,0.6078,1.388,0.6169
2026-07-16,El_Arish_EG,CHL,my,1.615,1.63,0.9338,1.729,0.9851
2026-07-17,El_Arish_EG,CHL,my,1.562,1.587,0.902,1.778,0.9851
2026-07-18,El_Arish_EG,CHL,my,1.355,1.501,0.9462,1.69,0.9851
2026-07-19,El_Arish_EG,CHL,my,1.19,1.318,0.699,2.038,0.9851
2026-07-20,El_Arish_EG,CHL,my,1.441,1.327,0.7535,3.666,1
2026-07-21,El_Arish_EG,CHL,my,1.264,1.137,0.5681,1.385,0.9851
2026-07-22,El_Arish_EG,CHL,my,1.449,1.307,0.7141,1.449,0.9254
2026-07-23,El_Arish_EG,CHL,my,1.426,1.426,0.7935,1.554,0.9851
2026-07-24,El_Arish_EG,CHL,my,1.66,1.66,0.9256,2.649,0.9851
2026-07-26,El_Arish_EG,CHL,my,2.178,2.089,1.14,2.365,0.9254
2026-07-27,El_Arish_EG,CHL,my,2.613,2.538,1.663,3.045,0.9851
2026-07-28,El_Arish_EG,CHL,my,2.119,1.957,1.218,2.316,0.9851
2026-07-29,El_Arish_EG,CHL,my,2.914,2.914,1.672,3.448,1
2026-07-30,El_Arish_EG,CHL,my,2.568,2.431,1.364,3.012,0.8657
2026-07-31,El_Arish_EG,CHL,my,2.475,2.261,1.281,3.202,0.9851
2026-08-01,El_Arish_EG,CHL,my,3.202,2.327,1.476,4.075,1
2026-08-02,El_Arish_EG,CHL,my,2.043,1.681,1.065,2.452,0.9851
2026-08-03,El_Arish_EG,CHL,my,1.858,1.587,0.8966,2.081,0.8657
2026-08-04,El_Arish_EG,CHL,my,1.535,1.64,1.002,2.291,0.9851
2026-08-05,El_Arish_EG,CHL,my,,1.608,1.025,4.617,0.8209
2026-08-06,El_Arish_EG,CHL,my,2.352,2.352,1.382,3.71,0.9851
2026-08-07,El_Arish_EG,CHL,my,1.598,1.544,0.8228,1.672,0.8159
2026-08-08,El_Arish_EG,CHL,my,1.724,,,,0.2289
2026-08-09,El_Arish_EG,CHL,my,,1.761,1.333,2.415,0.806
2026-08-10,El_Arish_EG,CHL,my,2.685,2.396,1.434,2.782,0.9851
2026-08-11,El_Arish_EG,CHL,my,2.022,2.034,1.321,2.719,0.9254
2026-08-12,El_Arish_EG,CHL,my,1.91,1.91,1.241,2.943,0.9851
2026-08-13,El_Arish_EG,CHL,my,1.489,1.558,1.088,2.042,0.7861
2026-08-15,El_Arish_EG,CHL,my,2.118,2.235,1.389,2.415,0.9851
2026-08-16,El_Arish_EG,CHL,my,2.693,2.823,1.901,3.384,0.9851
2026-08-17,El_Arish_EG,CHL,my,2.639,2.291,1.405,2.639,0.8109
2026-08-18,El_Arish_EG,CHL,my,4.003,3.586,2.201,4.254,0.9254
2026-08-19,El_Arish_EG,CHL,my,9.506,8.986,5.185,14.9,1
2026-08-20,El_Arish_EG,CHL,my,4.49,4.444,2.938,6.688,0.9254
2026-08-22,El_Arish_EG,CHL,my,4.329,3.883,2.511,8.677,0.9254
2026-08-23,El_Arish_EG,CHL,my,4.807,4.807,2.913,10.77,0.9851
2026-08-24,El_Arish_EG,CHL,my,18.85,18.85,8.362,30.09,0.9851
2026-08-25,El_Arish_EG,CHL,my,5.067,5.067,5.14,121.9,1
2026-08-26,El_Arish_EG,CHL,my,7.194,4.409,2.542,8.883,0.9254
2026-08-27,El_Arish_EG,CHL,my,12.18,12.18,5.875,25.91,0.9851
2026-08-28,El_Arish_EG,CHL,my,9.409,9.409,4.532,14.18,0.9851
2026-08-29,El_Arish_EG,CHL,my,4.303,,,,0.2488
2026-08-30,El_Arish_EG,CHL,my,,1.92,1.219,2.688,0.6368
2026-08-31,El_Arish_EG,CHL,my,8.866,8.866,4.822,24.6,0.9851
2026-09-01,El_Arish_EG,CHL,my,13.9,13.9,7.863,25.74,1
2026-09-02,El_Arish_EG,CHL,nrt,14.5,12.16,6.548,33.31,0.9851
2026-09-03,El_Arish_EG,CHL,nrt,15.28,15.28,7.65,33.96,0.9851
2026-09-04,El_Arish_EG,CHL,nrt,9.355,9.355,7.381,44.45,0.9851
2026-09-05,El_Arish_EG,CHL,nrt,6.696,7.809,4.861,17.58,0.8706
2026-09-06,El_Arish_EG,CHL,nrt,3.182,3.182,2.339,12.15,0.9254
2026-09-07,El_Arish_EG,CHL,nrt,4.631,4.631,2.775,9.239,0.9851
2026-09-08,El_Arish_EG,CHL,nrt,3.463,3.463,2.323,7.865,0.9851
2026-09-09,El_Arish_EG,CHL,nrt,8.232,8.232,4.774,17.35,1
2026-01-03,Gaza_City,CHL,my,1.013,0.9366,0.6034,1.336,0.9254
2026-01-04,Gaza_City,CHL,my,0.6992,0.6489,0.3539,0.8161,0.9254
2026-01-05,Gaza_City,CHL,my,0.7845,0.2895,0.2703,0.7845,0.9254
2026-01-06,Gaza_City,CHL,my,0.5334,0.3882,0.3066,0.5334,0.7512
2026-01-07,Gaza_City,CHL,my,0.2951,0.2951,0.2356,0.6253,1
2026-01-11,Gaza_City,CHL,my,1.399,1.344,0.6502,1.612,1
2026-01-12,Gaza_City,CHL,my,0.5129,0.5129,0.3192,0.6141,0.9254
2026-01-15,Gaza_City,CHL,my,0.9117,0.9572,0.6392,1.023,1
2026-01-16,Gaza_City,CHL,my,1.151,1.027,0.8054,1.382,0.9254
2026-01-17,Gaza_City,CHL,my,0.7923,0.7949,0.6354,1.136,0.6219
2026-01-20,Gaza_City,CHL,my,0.8051,0.7637,0.5545,0.8971,0.8458
2026-01-26,Gaza_City,CHL,my,0.8307,0.7281,0.4212,1.317,0.7811
2026-01-29,Gaza_City,CHL,my,,0.1904,0.2098,0.5652,0.5473
2026-01-31,Gaza_City,CHL,my,0.436,0.436,0.314,0.9596,1
2026-02-01,Gaza_City,CHL,my,0.7183,0.5886,0.3125,0.7183,0.9104
2026-02-03,Gaza_City,CHL,my,0.7205,0.5959,0.3161,0.8304,0.9104
2026-02-04,Gaza_City,CHL,my,1.001,0.9233,0.5615,1.252,0.9254
2026-02-05,Gaza_City,CHL,my,0.8605,0.6928,0.3939,0.9166,0.9254
2026-02-06,Gaza_City,CHL,my,,0.1412,0.121,0.1533,0.6119
2026-02-10,Gaza_City,CHL,my,0.1175,0.1083,0.08888,0.1382,0.9254
2026-02-11,Gaza_City,CHL,my,0.1023,0.1023,0.08321,0.2687,0.9254
2026-02-12,Gaza_City,CHL,my,,0.1294,0.1009,0.1517,0.6915
2026-02-18,Gaza_City,CHL,my,,0.3291,0.2021,0.3766,0.6915
2026-02-20,Gaza_City,CHL,my,1.285,1.295,0.7636,1.824,0.9254
2026-02-21,Gaza_City,CHL,my,1.074,0.9503,0.4803,1.166,0.9104
2026-02-22,Gaza_City,CHL,my,0.8379,0.8379,0.5001,1.039,0.7015
2026-02-23,Gaza_City,CHL,my,,0.508,0.3393,1.045,0.8109
2026-02-24,Gaza_City,CHL,my,0.9456,0.606,0.3959,1.482,0.9104
2026-02-25,Gaza_City,CHL,my,1.027,0.9434,0.4437,1.364,0.9254
2026-02-28,Gaza_City,CHL,my,1.15,1.083,0.5816,1.314,0.9254
2026-03-01,Gaza_City,CHL,my,1.182,,,,0.1144
2026-03-02,Gaza_City,CHL,my,1.076,0.6967,0.3999,1.079,0.8209
2026-03-03,Gaza_City,CHL,my,1.434,1.239,0.7971,1.696,0.8458
2026-03-05,Gaza_City,CHL,my,0.9991,0.9034,0.5011,1.049,0.9254
2026-03-07,Gaza_City,CHL,my,0.7467,0.7208,0.409,0.9648,0.7164
2026-03-08,Gaza_City,CHL,my,0.6297,0.6346,0.4384,0.9996,0.7114
2026-03-09,Gaza_City,CHL,my,0.5634,0.5634,0.408,1.633,0.9254
2026-03-10,Gaza_City,CHL,my,0.4732,0.4008,0.23,0.7777,0.9254
2026-03-11,Gaza_City,CHL,my,0.4482,0.3619,0.2275,0.5744,0.9104
2026-03-12,Gaza_City,CHL,my,,0.2255,0.1421,0.2944,0.6915
2026-03-15,Gaza_City,CHL,my,1.046,0.9859,0.4456,1.136,0.9104
2026-03-16,Gaza_City,CHL,my,1.533,1.495,0.7778,1.611,0.9254
2026-03-17,Gaza_City,CHL,my,,1.379,0.5915,1.696,0.806
2026-03-22,Gaza_City,CHL,my,1.545,1.446,0.8108,1.705,0.9254
2026-03-24,Gaza_City,CHL,my,1.218,1.05,0.4993,1.347,0.9104
2026-03-27,Gaza_City,CHL,my,1.411,1.411,0.9394,1.671,0.6915
2026-03-28,Gaza_City,CHL,my,1.393,1.393,0.7084,1.574,0.9254
2026-03-30,Gaza_City,CHL,my,1.473,1.277,0.5675,1.494,0.7463
2026-03-31,Gaza_City,CHL,my,1.286,1.214,0.5557,1.395,0.8209
2026-04-05,Gaza_City,CHL,my,0.8956,0.8956,0.4597,1.158,0.9104
2026-04-06,Gaza_City,CHL,my,2.031,1.003,0.5396,2.356,0.8458
2026-04-07,Gaza_City,CHL,my,0.9138,1.302,0.6,1.658,0.6667
2026-04-08,Gaza_City,CHL,my,1.034,1.034,0.3549,1.499,0.7463
2026-04-09,Gaza_City,CHL,my,1.32,1.32,0.6586,2.896,0.9254
2026-04-10,Gaza_City,CHL,my,1.387,1.28,0.5696,2.454,0.9254
2026-04-11,Gaza_City,CHL,my,1.186,1.186,0.6019,1.605,1
2026-04-12,Gaza_City,CHL,my,1.069,1.069,0.6371,2.028,1
2026-04-14,Gaza_City,CHL,my,0.6777,0.4283,0.2919,0.798,0.9104
2026-04-16,Gaza_City,CHL,my,,0.3452,0.2298,0.406,0.6119
2026-04-20,Gaza_City,CHL,my,0.3038,0.1813,0.16,0.519,0.9104
2026-04-21,Gaza_City,CHL,my,0.6182,0.5757,0.2883,0.9013,0.9254
2026-04-22,Gaza_City,CHL,my,0.6233,0.6233,0.3438,1.106,1
2026-04-23,Gaza_City,CHL,my,0.7397,0.7397,0.4109,1.276,1
2026-04-25,Gaza_City,CHL,my,0.4142,0.3393,0.2388,0.643,0.9353
2026-04-28,Gaza_City,CHL,my,0.3071,0.2455,0.1897,0.6392,0.9254
2026-04-29,Gaza_City,CHL,my,0.462,0.393,0.2557,0.7998,0.9254
2026-04-30,Gaza_City,CHL,my,0.4247,0.2691,0.2075,0.7392,0.8607
2026-05-01,Gaza_City,CHL,my,0.5217,0.5217,0.3248,1.141,0.9254
2026-05-02,Gaza_City,CHL,my,,0.3338,0.1841,0.5587,0.6915
2026-05-03,Gaza_City,CHL,my,0.6865,0.5765,0.3536,0.9698,0.9254
2026-05-05,Gaza_City,CHL,my,,1.032,0.558,1.373,0.8806
2026-05-06,Gaza_City,CHL,my,1.223,0.9946,0.6311,1.306,0.8458
2026-05-07,Gaza_City,CHL,my,1.564,1.518,1.173,1.616,1
2026-05-08,Gaza_City,CHL,my,1.357,1.357,0.9764,1.519,0.7015
2026-05-10,Gaza_City,CHL,my,1.274,1.14,0.833,1.289,0.8458
2026-05-11,Gaza_City,CHL,my,0.9058,0.9058,0.7836,1.171,1
2026-05-13,Gaza_City,CHL,my,0.3233,0.3048,0.256,0.671,0.9254
2026-05-16,Gaza_City,CHL,my,0.3313,0.4422,0.3314,1.362,0.9254
2026-05-19,Gaza_City,CHL,my,0.6904,0.3963,0.2903,0.7647,0.8458
2026-05-20,Gaza_City,CHL,my,0.4225,0.3596,0.2229,0.4225,0.8209
2026-05-22,Gaza_City,CHL,my,1.06,1.011,0.604,1.249,0.9104
2026-05-23,Gaza_City,CHL,my,1.496,1.53,1.089,1.639,0.9254
2026-05-24,Gaza_City,CHL,my,1.074,1.085,0.6733,1.36,1
2026-05-25,Gaza_City,CHL,my,1.285,1.175,0.6735,1.285,0.9254
2026-05-26,Gaza_City,CHL,my,1.362,1.301,0.6338,1.53,0.5423
2026-05-27,Gaza_City,CHL,my,1.248,1.248,0.5717,1.937,1
2026-05-28,Gaza_City,CHL,my,1.051,0.8621,0.4193,1.596,0.9254
2026-05-29,Gaza_City,CHL,my,0.5022,0.5022,0.3299,0.939,1
2026-05-30,Gaza_City,CHL,my,1.313,1.313,0.5627,1.352,0.9254
2026-05-31,Gaza_City,CHL,my,0.7522,0.2504,0.2035,0.9937,0.8458
2026-06-01,Gaza_City,CHL,my,0.9681,0.8697,0.3749,1.125,1
2026-06-02,Gaza_City,CHL,my,0.7883,0.6551,0.3959,0.8717,0.8458
2026-06-03,Gaza_City,CHL,my,1.278,1.106,0.8064,1.363,0.9254
2026-06-04,Gaza_City,CHL,my,0.3259,0.4182,0.3621,0.681,0.9254
2026-06-05,Gaza_City,CHL,my,0.208,0.2224,0.2468,0.7045,1
2026-06-06,Gaza_City,CHL,my,0.2337,0.1995,0.144,0.2337,0.7413
2026-06-07,Gaza_City,CHL,my,0.1422,0.1422,0.153,0.4165,1
2026-06-08,Gaza_City,CHL,my,0.09967,0.09025,0.07663,0.2075,0.9254
2026-06-09,Gaza_City,CHL,my,0.1205,0.1177,0.08255,0.2458,0.9254
2026-06-10,Gaza_City,CHL,my,0.1197,0.1115,0.07288,0.1314,0.8458
2026-06-11,Gaza_City,CHL,my,0.1519,0.1325,0.08748,0.2764,0.9254
2026-06-12,Gaza_City,CHL,my,0.1348,0.09358,0.07003,0.2334,0.9254
2026-06-13,Gaza_City,CHL,my,0.0767,0.06828,0.06197,0.1592,0.9254
2026-06-15,Gaza_City,CHL,my,0.2591,0.1486,0.1235,0.5005,0.9254
2026-06-16,Gaza_City,CHL,my,0.3616,0.2896,0.1544,0.5498,0.9254
2026-06-17,Gaza_City,CHL,my,0.1751,0.149,0.09524,0.4448,0.9254
2026-06-18,Gaza_City,CHL,my,0.1408,0.08464,0.06128,0.1597,0.8458
2026-06-19,Gaza_City,CHL,my,0.1491,0.1472,0.09403,0.3278,0.9254
2026-06-20,Gaza_City,CHL,my,0.1675,0.1334,0.1078,0.636,0.9254
2026-06-21,Gaza_City,CHL,my,0.3516,0.2076,0.1701,0.5378,0.9104
2026-06-22,Gaza_City,CHL,my,0.2417,0.1385,0.1247,0.6314,0.9254
2026-06-23,Gaza_City,CHL,my,0.2057,0.1737,0.1005,0.344,0.9254
2026-06-24,Gaza_City,CHL,my,0.2852,0.2624,0.2189,0.3885,0.9104
2026-06-25,Gaza_City,CHL,my,1.123,0.8206,0.3424,1.127,0.9254
2026-06-26,Gaza_City,CHL,my,0.2101,0.2101,0.1638,0.7749,0.7463
2026-06-27,Gaza_City,CHL,my,0.3347,0.3911,0.2502,0.6492,0.9254
2026-06-28,Gaza_City,CHL,my,0.602,0.8516,0.3904,1.062,1
2026-06-29,Gaza_City,CHL,my,0.5465,0.328,0.2314,0.6256,0.9104
2026-06-30,Gaza_City,CHL,my,0.5444,0.378,0.2437,0.7851,0.9254
2026-07-01,Gaza_City,CHL,my,0.1599,0.1964,0.1777,0.4899,1
2026-07-02,Gaza_City,CHL,my,0.3196,0.3585,0.3065,1.016,1
2026-07-03,Gaza_City,CHL,my,0.6156,0.1943,0.1693,0.6593,0.8209
2026-07-04,Gaza_City,CHL,my,0.9346,0.7232,0.3486,1.05,0.796
2026-07-05,Gaza_City,CHL,my,0.4195,0.4238,0.2729,0.458,0.5672
2026-07-06,Gaza_City,CHL,my,0.8934,1.41,0.7919,1.475,1
2026-07-07,Gaza_City,CHL,my,0.6965,0.3762,0.2537,0.8007,0.8458
2026-07-08,Gaza_City,CHL,my,0.7058,0.7058,0.4482,1.331,1
2026-07-09,Gaza_City,CHL,my,1.109,1.104,0.5745,1.339,0.9104
2026-07-10,Gaza_City,CHL,my,0.99,0.9766,0.4324,1.113,1
2026-07-11,Gaza_City,CHL,my,0.7738,0.6281,0.315,0.8722,0.9104
2026-07-12,Gaza_City,CHL,my,0.4562,0.4562,0.3502,1.528,1
2026-07-13,Gaza_City,CHL,my,0.7005,0.7005,0.3722,1.649,1
2026-07-14,Gaza_City,CHL,my,0.2684,0.2865,0.273,1.063,1
2026-07-15,Gaza_City,CHL,my,,0.1843,0.139,0.4688,0.6617
2026-07-16,Gaza_City,CHL,my,0.5234,0.5508,0.3224,0.955,1
2026-07-17,Gaza_City,CHL,my,0.6901,0.7056,0.3854,1.248,1
2026-07-18,Gaza_City,CHL,my,0.7512,0.62,0.3722,1.06,0.9254
2026-07-19,Gaza_City,CHL,my,1.141,0.7693,0.3467,1.141,0.9254
2026-07-20,Gaza_City,CHL,my,0.5577,0.5577,0.2942,1.292,1
2026-07-21,Gaza_City,CHL,my,0.1537,0.226,0.171,0.5931,1
2026-07-24,Gaza_City,CHL,my,0.9541,0.9541,0.5038,1.234,0.9104
2026-07-25,Gaza_City,CHL,my,1.099,1.012,0.5697,1.18,1
2026-07-26,Gaza_City,CHL,my,1.651,1.597,0.7486,1.651,0.9254
2026-07-27,Gaza_City,CHL,my,1.485,1.51,0.8067,1.778,1
2026-07-28,Gaza_City,CHL,my,0.9874,0.9851,0.5029,1.104,0.7164
2026-07-29,Gaza_City,CHL,my,0.8982,0.8759,0.3466,0.9093,1
2026-07-30,Gaza_City,CHL,my,0.9491,0.3224,0.2099,0.9491,0.8209
2026-07-31,Gaza_City,CHL,my,0.862,0.862,0.4042,1.278,1
2026-08-01,Gaza_City,CHL,my,0.4013,0.4013,0.2019,0.6433,1
2026-08-02,Gaza_City,CHL,my,0.5505,0.5505,0.2874,0.7171,0.9254
2026-08-03,Gaza_City,CHL,my,0.7562,0.6199,0.3576,0.9717,0.9104
2026-08-04,Gaza_City,CHL,my,0.3813,0.3813,0.293,0.7572,1
2026-08-05,Gaza_City,CHL,my,0.2098,0.2414,0.26,0.7012,1
2026-08-06,Gaza_City,CHL,my,0.2295,0.2295,0.2313,0.6122,1
2026-08-07,Gaza_City,CHL,my,0.507,0.2952,0.217,0.6554,0.9104
2026-08-09,Gaza_City,CHL,my,0.5762,0.5762,0.2558,0.8168,1
2026-08-10,Gaza_City,CHL,my,1.244,0.9404,0.3955,1.5,1
2026-08-11,Gaza_City,CHL,my,0.987,0.479,0.2825,1.074,0.9254
2026-08-12,Gaza_City,CHL,my,0.5376,0.5376,0.2525,0.8749,1
2026-08-13,Gaza_City,CHL,my,0.5155,0.5155,0.3007,1.17,1
2026-08-15,Gaza_City,CHL,my,0.9051,0.7745,0.4224,1.018,0.9254
2026-08-16,Gaza_City,CHL,my,1.568,1.477,0.5792,1.628,0.9254
2026-08-17,Gaza_City,CHL,my,1.191,1.191,0.5979,1.388,0.7214
2026-08-18,Gaza_City,CHL,my,1.523,0.9688,0.5808,2.276,0.8557
2026-08-19,Gaza_City,CHL,my,0.808,0.808,0.6775,4.268,1
2026-08-20,Gaza_City,CHL,my,0.8432,0.8432,0.3694,1.101,1
2026-08-22,Gaza_City,CHL,my,,0.406,0.2706,0.5227,0.6219
2026-08-23,Gaza_City,CHL,my,1.007,1.377,0.7355,1.816,0.9254
2026-08-24,Gaza_City,CHL,my,3.52,3.416,1.393,5.349,0.9254
2026-08-25,Gaza_City,CHL,my,2.01,2.045,1.272,3.513,1
2026-08-26,Gaza_City,CHL,my,2.475,2.391,1.169,2.612,0.8458
2026-08-27,Gaza_City,CHL,my,3.569,2.902,1.465,4.741,0.9254
2026-08-28,Gaza_City,CHL,my,2.656,2.276,1.237,3.599,1
2026-08-29,Gaza_City,CHL,my,2.808,2.062,1.131,4.437,0.9254
2026-08-31,Gaza_City,CHL,my,3.021,2.132,1.194,3.021,0.6915
2026-09-01,Gaza_City,CHL,my,10.78,10.78,6.286,29.47,1
2026-09-02,Gaza_City,CHL,nrt,9.323,8.823,4.139,10.5,1
2026-09-03,Gaza_City,CHL,nrt,10.48,3.061,2.795,14.63,0.9104
2026-09-04,Gaza_City,CHL,nrt,6.497,6.475,2.281,9.223,0.9652
2026-09-05,Gaza_City,CHL,nrt,3.458,,,,0.4726
2026-09-06,Gaza_City,CHL,nrt,3.483,1.558,0.8562,7.559,0.8458
2026-09-07,Gaza_City,CHL,nrt,3.853,3.853,2.252,11.87,0.9353
2026-09-08,Gaza_City,CHL,nrt,3.74,3.74,1.843,6.363,1
2026-09-09,Gaza_City,CHL,nrt,26.09,26.2,15.48,54.88,1
2026-01-03,Hadera_IL,CHL,my,0.1676,0.1627,0.1132,0.1899,0.9403
2026-01-04,Hadera_IL,CHL,my,0.2948,0.3132,0.2462,0.3278,0.9403
2026-01-05,Hadera_IL,CHL,my,0.2891,0.2693,0.2239,0.3327,0.9403
2026-01-06,Hadera_IL,CHL,my,0.2528,0.2502,0.1984,0.263,0.8756
2026-01-07,Hadera_IL,CHL,my,0.2261,0.232,0.1692,0.2499,0.9403
2026-01-09,Hadera_IL,CHL,my,0.1892,,,,0.3333
2026-01-11,Hadera_IL,CHL,my,0.8238,0.7657,0.374,0.8315,1
2026-01-15,Hadera_IL,CHL,my,0.6685,0.6777,0.5331,0.8582,0.5224
2026-01-16,Hadera_IL,CHL,my,0.5904,0.6113,0.4402,0.7571,1
2026-01-19,Hadera_IL,CHL,my,,0.12,0.09378,0.1594,0.5423
2026-01-26,Hadera_IL,CHL,my,0.1464,0.142,0.1105,0.2481,0.9403
2026-01-31,Hadera_IL,CHL,my,0.2061,0.1826,0.1514,0.2284,0.9403
2026-02-01,Hadera_IL,CHL,my,,0.1459,0.1369,0.1758,0.5721
2026-02-03,Hadera_IL,CHL,my,0.1717,0.1362,0.1053,0.275,0.9403
2026-02-04,Hadera_IL,CHL,my,0.2868,0.281,0.1489,0.3485,0.8756
2026-02-05,Hadera_IL,CHL,my,0.2211,0.2259,0.1408,0.392,0.9652
2026-02-11,Hadera_IL,CHL,my,0.1284,0.1199,0.0927,0.1374,0.8109
2026-02-18,Hadera_IL,CHL,my,0.3453,0.3453,0.2217,0.463,0.9403
2026-02-19,Hadera_IL,CHL,my,0.7807,0.7971,0.4516,0.8811,0.6219
2026-02-20,Hadera_IL,CHL,my,0.8567,0.8567,0.4837,1.066,0.9751
2026-02-21,Hadera_IL,CHL,my,0.6566,,,,0.3682
2026-02-22,Hadera_IL,CHL,my,0.2548,0.2192,0.1394,0.312,0.8308
2026-02-24,Hadera_IL,CHL,my,0.3085,0.2739,0.1841,0.5379,0.9403
2026-02-25,Hadera_IL,CHL,my,0.2192,,,,0.4478
2026-02-28,Hadera_IL,CHL,my,0.476,0.3764,0.1949,0.5081,0.8756
2026-03-02,Hadera_IL,CHL,my,0.4284,0.3927,0.1885,0.5048,0.8756
2026-03-03,Hadera_IL,CHL,my,0.6554,0.5269,0.3099,0.9431,0.8756
2026-03-04,Hadera_IL,CHL,my,,0.1863,0.1437,0.2885,0.7562
2026-03-05,Hadera_IL,CHL,my,0.3481,0.2905,0.1909,0.4716,0.9403
2026-03-06,Hadera_IL,CHL,my,,0.1421,0.124,0.1914,0.6617
2026-03-08,Hadera_IL,CHL,my,0.3458,,,,0.4279
2026-03-09,Hadera_IL,CHL,my,0.1799,0.1449,0.1021,0.2171,0.8756
2026-03-10,Hadera_IL,CHL,my,0.3187,0.2328,0.1567,0.4261,0.9403
2026-03-11,Hadera_IL,CHL,my,,0.1317,0.1154,0.1771,0.7562
2026-03-17,Hadera_IL,CHL,my,0.1904,0.1787,0.113,0.2379,0.8756
2026-03-24,Hadera_IL,CHL,my,0.7716,0.5024,0.2513,0.9714,0.8756
2026-03-26,Hadera_IL,CHL,my,0.2178,,,,0.2438
2026-03-28,Hadera_IL,CHL,my,0.6555,0.4696,0.306,1.165,0.9403
2026-03-30,Hadera_IL,CHL,my,0.2,,,,0.2438
2026-03-31,Hadera_IL,CHL,my,0.2251,0.1928,0.1552,0.3607,0.9403
2026-04-06,Hadera_IL,CHL,my,0.2356,,,,0.4478
2026-04-07,Hadera_IL,CHL,my,0.1011,0.1133,0.07917,0.1592,0.9403
2026-04-08,Hadera_IL,CHL,my,0.1618,0.1618,0.111,0.3485,0.791
2026-04-10,Hadera_IL,CHL,my,0.3014,0.3239,0.1633,0.832,0.9652
2026-04-11,Hadera_IL,CHL,my,0.3195,0.2727,0.1734,0.6011,0.9403
2026-04-13,Hadera_IL,CHL,my,,0.09793,0.06367,0.1053,0.5721
2026-04-14,Hadera_IL,CHL,my,0.3024,0.3024,0.1478,0.377,0.8756
2026-04-16,Hadera_IL,CHL,my,,0.1904,0.1604,0.2863,0.5075
2026-04-20,Hadera_IL,CHL,my,0.1299,0.1027,0.06905,0.1299,0.8159
2026-04-21,Hadera_IL,CHL,my,0.1079,0.1079,0.08148,0.1985,0.796
2026-04-22,Hadera_IL,CHL,my,0.1661,0.1661,0.09414,0.3607,0.9751
2026-04-23,Hadera_IL,CHL,my,0.1756,0.1756,0.101,0.3149,0.9652
2026-04-24,Hadera_IL,CHL,my,,0.07527,0.06033,0.1165,0.6667
2026-04-26,Hadera_IL,CHL,my,,0.151,0.094,0.2094,0.8159
2026-04-27,Hadera_IL,CHL,my,0.1605,0.1554,0.1019,0.1993,0.8756
2026-04-28,Hadera_IL,CHL,my,0.1372,0.1434,0.09749,0.1986,0.8756
2026-04-29,Hadera_IL,CHL,my,0.1423,0.1236,0.0906,0.2532,0.9403
2026-04-30,Hadera_IL,CHL,my,0.1255,0.1052,0.06983,0.2082,0.9403
2026-05-01,Hadera_IL,CHL,my,0.1485,0.1247,0.07014,0.2466,0.8756
2026-05-02,Hadera_IL,CHL,my,,0.08018,0.05379,0.08198,0.6667
2026-05-03,Hadera_IL,CHL,my,0.1464,,,,0.4876
2026-05-06,Hadera_IL,CHL,my,0.2407,0.2163,0.1376,0.2407,0.791
2026-05-07,Hadera_IL,CHL,my,0.8852,0.8852,0.4596,1.008,0.9751
2026-05-08,Hadera_IL,CHL,my,0.2856,0.2975,0.2365,0.3806,0.9403
2026-05-09,Hadera_IL,CHL,my,0.2109,0.2317,0.2106,0.2839,0.9403
2026-05-10,Hadera_IL,CHL,my,,0.1725,0.1516,0.182,0.5124
2026-05-11,Hadera_IL,CHL,my,0.2348,0.2167,0.1695,0.2495,0.8756
2026-05-12,Hadera_IL,CHL,my,,0.1424,0.1362,0.1691,0.7562
2026-05-13,Hadera_IL,CHL,my,0.1488,0.1416,0.1189,0.1488,0.6716
2026-05-16,Hadera_IL,CHL,my,,0.07775,0.06007,0.08003,0.7562
2026-05-19,Hadera_IL,CHL,my,0.1206,0.112,0.08846,0.1501,0.8756
2026-05-22,Hadera_IL,CHL,my,0.2577,0.2364,0.1231,0.2783,0.8756
2026-05-23,Hadera_IL,CHL,my,0.8345,0.8345,0.3884,1.115,0.9751
2026-05-24,Hadera_IL,CHL,my,0.3514,0.3496,0.1632,0.4814,0.9055
2026-05-25,Hadera_IL,CHL,my,0.168,0.2481,0.2215,0.568,0.9751
2026-05-26,Hadera_IL,CHL,my,0.195,0.1687,0.1505,0.195,0.7214
2026-05-27,Hadera_IL,CHL,my,0.1992,,,,0.4279
2026-05-29,Hadera_IL,CHL,my,0.2518,0.2518,0.1996,0.4338,1
2026-05-30,Hadera_IL,CHL,my,0.4082,0.4082,0.2936,0.6943,0.9751
2026-05-31,Hadera_IL,CHL,my,,0.1101,0.08988,0.1135,0.5721
2026-06-01,Hadera_IL,CHL,my,0.2241,0.2241,0.1263,0.3896,0.9652
2026-06-02,Hadera_IL,CHL,my,0.2752,0.2085,0.1319,0.4305,0.8756
2026-06-03,Hadera_IL,CHL,my,0.2204,0.2018,0.1551,0.319,0.9403
2026-06-04,Hadera_IL,CHL,my,0.2044,0.1845,0.1394,0.2466,0.9403
2026-06-05,Hadera_IL,CHL,my,0.1491,0.1491,0.124,0.2946,1
2026-06-06,Hadera_IL,CHL,my,,0.1317,0.1086,0.1377,0.592
2026-06-07,Hadera_IL,CHL,my,0.1172,0.1277,0.1159,0.1296,0.8756
2026-06-09,Hadera_IL,CHL,my,0.09296,0.08738,0.07494,0.1011,0.8756
2026-06-10,Hadera_IL,CHL,my,0.08574,0.08574,0.0757,0.1003,0.9403
2026-06-11,Hadera_IL,CHL,my,0.08774,0.08355,0.06919,0.0881,0.8159
2026-06-12,Hadera_IL,CHL,my,0.07576,0.07897,0.05897,0.1235,0.806
2026-06-13,Hadera_IL,CHL,my,,0.05066,0.0389,0.05948,0.7562
2026-06-14,Hadera_IL,CHL,my,0.0798,0.07204,0.05658,0.0798,0.8159
2026-06-15,Hadera_IL,CHL,my,0.0686,0.07562,0.06575,0.2229,1
2026-06-16,Hadera_IL,CHL,my,0.114,0.1173,0.09218,0.2583,1
2026-06-17,Hadera_IL,CHL,my,0.1275,0.09455,0.07589,0.1275,0.8159
2026-06-18,Hadera_IL,CHL,my,0.08773,0.08522,0.06507,0.09843,0.8756
2026-06-19,Hadera_IL,CHL,my,0.08936,0.08936,0.07971,0.209,0.9652
2026-06-20,Hadera_IL,CHL,my,0.1168,0.1168,0.08772,0.3554,0.9652
2026-06-21,Hadera_IL,CHL,my,0.1108,0.0927,0.07766,0.2161,0.8806
2026-06-22,Hadera_IL,CHL,my,0.08536,0.07948,0.06049,0.08643,0.6716
2026-06-29,Hadera_IL,CHL,my,0.1417,0.1416,0.0862,0.2471,0.9005
2026-06-30,Hadera_IL,CHL,my,0.1127,0.09057,0.07032,0.1332,0.9403
2026-07-01,Hadera_IL,CHL,my,0.09105,0.09367,0.07041,0.115,0.9403
2026-07-02,Hadera_IL,CHL,my,0.1303,0.1365,0.1039,0.1438,0.9403
2026-07-06,Hadera_IL,CHL,my,0.2634,0.2491,0.1629,0.2974,0.8756
2026-07-08,Hadera_IL,CHL,my,0.1492,0.1851,0.1266,0.5824,0.8756
2026-07-09,Hadera_IL,CHL,my,0.2142,0.2049,0.1278,0.48,1
2026-07-10,Hadera_IL,CHL,my,0.2252,0.2261,0.1483,0.2283,0.8756
2026-07-11,Hadera_IL,CHL,my,0.2817,0.2763,0.1746,0.2878,0.8756
2026-07-12,Hadera_IL,CHL,my,,0.1351,0.08213,0.2029,0.8159
2026-07-13,Hadera_IL,CHL,my,0.2056,0.1448,0.09256,0.2056,0.8159
2026-07-14,Hadera_IL,CHL,my,0.1139,0.0745,0.06075,0.1343,0.9403
2026-07-16,Hadera_IL,CHL,my,0.192,0.1355,0.06792,0.201,0.8756
2026-07-18,Hadera_IL,CHL,my,0.1066,0.1066,0.09682,0.2286,0.806
2026-07-19,Hadera_IL,CHL,my,0.05263,0.05722,0.05029,0.0605,0.8756
2026-07-20,Hadera_IL,CHL,my,0.1399,0.1423,0.1135,0.1594,0.796
2026-07-21,Hadera_IL,CHL,my,0.1789,0.1668,0.1055,0.2638,0.9403
2026-07-25,Hadera_IL,CHL,my,0.1847,0.1782,0.12,0.2675,0.9403
2026-07-26,Hadera_IL,CHL,my,0.2729,0.2891,0.1489,0.3808,0.9403
2026-07-27,Hadera_IL,CHL,my,0.1605,0.1605,0.136,0.3922,1
2026-07-28,Hadera_IL,CHL,my,0.1009,0.1026,0.09526,0.281,1
2026-07-29,Hadera_IL,CHL,my,0.1442,0.1464,0.1269,0.1629,0.9403
2026-07-30,Hadera_IL,CHL,my,0.1354,0.1343,0.09999,0.1468,0.8358
2026-07-31,Hadera_IL,CHL,my,0.1166,0.1063,0.09237,0.1419,0.9403
2026-08-01,Hadera_IL,CHL,my,0.08464,0.1002,0.08789,0.1695,0.9403
2026-08-02,Hadera_IL,CHL,my,0.1303,0.1232,0.1,0.1737,0.9403
2026-08-03,Hadera_IL,CHL,my,0.1136,0.1064,0.08842,0.1841,0.9403
2026-08-04,Hadera_IL,CHL,my,0.09044,0.08532,0.07985,0.1753,0.9403
2026-08-05,Hadera_IL,CHL,my,0.0412,0.06928,0.06506,0.1514,1
2026-08-06,Hadera_IL,CHL,my,0.06072,0.06244,0.05789,0.06337,0.8756
2026-08-08,Hadera_IL,CHL,my,0.07384,0.07384,0.0604,0.103,0.6468
2026-08-09,Hadera_IL,CHL,my,0.06828,0.06828,0.05005,0.1114,0.9652
2026-08-10,Hadera_IL,CHL,my,0.06261,0.06261,0.04252,0.07688,0.9403
2026-08-11,Hadera_IL,CHL,my,0.05583,0.05517,0.03989,0.06968,0.9403
2026-08-12,Hadera_IL,CHL,my,0.07267,0.07267,0.05919,0.09189,0.8756
2026-08-15,Hadera_IL,CHL,my,0.08881,0.06971,0.05672,0.1147,0.9403
2026-08-16,Hadera_IL,CHL,my,0.1832,0.1906,0.1263,0.3001,0.796
2026-08-17,Hadera_IL,CHL,my,0.1445,,,,0.4478
2026-08-19,Hadera_IL,CHL,my,0.1252,0.1252,0.09181,0.2603,0.9652
2026-08-20,Hadera_IL,CHL,my,0.1246,0.1057,0.09253,0.1666,0.9403
2026-08-21,Hadera_IL,CHL,my,0.147,0.1437,0.1248,0.1792,0.8756
2026-08-24,Hadera_IL,CHL,my,0.08544,0.09494,0.07961,0.1038,0.8756
2026-08-25,Hadera_IL,CHL,my,0.1096,,,,0.2189
2026-08-26,Hadera_IL,CHL,my,0.1212,0.1068,0.08817,0.1212,0.7463
2026-08-27,Hadera_IL,CHL,my,0.09864,0.09864,0.09054,0.2284,0.9652
2026-08-31,Hadera_IL,CHL,my,0.4316,0.4316,0.3359,0.8804,0.9652
2026-09-01,Hadera_IL,CHL,my,1.897,1.875,1.405,2.252,1
2026-09-02,Hadera_IL,CHL,nrt,0.5081,1.065,0.8669,1.555,0.9403
2026-09-03,Hadera_IL,CHL,nrt,0.3025,0.65,0.5594,0.8307,0.9403
2026-09-06,Hadera_IL,CHL,nrt,0.2347,0.2347,0.1742,0.2752,0.7512
2026-09-08,Hadera_IL,CHL,nrt,0.1989,0.2429,0.2887,1.11,1
2026-09-09,Hadera_IL,CHL,nrt,0.5592,0.5592,0.527,1.79,1
2026-01-02,Open_sea_ref,CHL,my,0.05615,0.05615,0.05615,0.05615,1
2026-01-04,Open_sea_ref,CHL,my,0.06242,0.06242,0.06242,0.06242,1
2026-01-05,Open_sea_ref,CHL,my,0.06283,0.06283,0.06283,0.06283,1
2026-01-06,Open_sea_ref,CHL,my,0.0882,0.0882,0.0882,0.0882,1
2026-01-07,Open_sea_ref,CHL,my,0.08544,0.08544,0.08544,0.08544,1
2026-01-18,Open_sea_ref,CHL,my,0.06055,0.06055,0.06055,0.06055,1
2026-01-19,Open_sea_ref,CHL,my,0.05467,0.05467,0.05467,0.05467,1
2026-01-20,Open_sea_ref,CHL,my,0.07194,0.07194,0.07194,0.07194,1
2026-01-26,Open_sea_ref,CHL,my,0.1034,0.1034,0.1034,0.1034,1
2026-02-03,Open_sea_ref,CHL,my,0.07842,0.07842,0.07842,0.07842,1
2026-02-04,Open_sea_ref,CHL,my,0.06358,0.06358,0.06358,0.06358,1
2026-02-05,Open_sea_ref,CHL,my,0.0943,0.0943,0.0943,0.0943,1
2026-02-17,Open_sea_ref,CHL,my,0.09915,0.09915,0.09915,0.09915,1
2026-02-19,Open_sea_ref,CHL,my,0.06835,0.06835,0.06835,0.06835,1
2026-02-20,Open_sea_ref,CHL,my,0.06445,0.06445,0.06445,0.06445,1
2026-02-22,Open_sea_ref,CHL,my,0.05379,0.05379,0.05379,0.05379,1
2026-02-27,Open_sea_ref,CHL,my,0.05769,0.05769,0.05769,0.05769,1
2026-03-02,Open_sea_ref,CHL,my,0.06659,0.06659,0.06659,0.06659,1
2026-03-03,Open_sea_ref,CHL,my,0.06574,0.06574,0.06574,0.06574,1
2026-03-04,Open_sea_ref,CHL,my,0.08428,0.08428,0.08428,0.08428,1
2026-03-05,Open_sea_ref,CHL,my,0.05955,0.05955,0.05955,0.05955,1
2026-03-06,Open_sea_ref,CHL,my,0.07704,0.07704,0.07704,0.07704,1
2026-03-07,Open_sea_ref,CHL,my,0.05837,0.05837,0.05837,0.05837,1
2026-03-09,Open_sea_ref,CHL,my,0.07379,0.07379,0.07379,0.07379,1
2026-03-10,Open_sea_ref,CHL,my,0.06667,0.06667,0.06667,0.06667,1
2026-03-11,Open_sea_ref,CHL,my,0.06212,0.06212,0.06212,0.06212,1
2026-03-12,Open_sea_ref,CHL,my,0.04859,0.04859,0.04859,0.04859,1
2026-03-15,Open_sea_ref,CHL,my,0.06267,0.06267,0.06267,0.06267,1
2026-03-16,Open_sea_ref,CHL,my,0.06109,0.06109,0.06109,0.06109,1
2026-03-17,Open_sea_ref,CHL,my,0.05765,0.05765,0.05765,0.05765,1
2026-03-22,Open_sea_ref,CHL,my,0.05433,0.05433,0.05433,0.05433,1
2026-03-24,Open_sea_ref,CHL,my,0.05649,0.05649,0.05649,0.05649,1
2026-03-28,Open_sea_ref,CHL,my,0.05093,0.05093,0.05093,0.05093,1
2026-03-29,Open_sea_ref,CHL,my,0.05342,0.05342,0.05342,0.05342,1
2026-03-31,Open_sea_ref,CHL,my,0.04712,0.04712,0.04712,0.04712,1
2026-04-05,Open_sea_ref,CHL,my,0.0492,0.0492,0.0492,0.0492,1
2026-04-06,Open_sea_ref,CHL,my,0.04923,0.04923,0.04923,0.04923,1
2026-04-11,Open_sea_ref,CHL,my,0.04017,0.04017,0.04017,0.04017,1
2026-04-16,Open_sea_ref,CHL,my,0.04883,0.04883,0.04883,0.04883,1
2026-04-20,Open_sea_ref,CHL,my,0.03943,0.03943,0.03943,0.03943,1
2026-04-21,Open_sea_ref,CHL,my,0.03509,0.03509,0.03509,0.03509,1
2026-04-22,Open_sea_ref,CHL,my,0.03881,0.03881,0.03881,0.03881,1
2026-04-23,Open_sea_ref,CHL,my,0.04308,0.04308,0.04308,0.04308,1
2026-04-25,Open_sea_ref,CHL,my,0.02972,0.02972,0.02972,0.02972,1
2026-04-27,Open_sea_ref,CHL,my,0.03805,0.03805,0.03805,0.03805,1
2026-04-28,Open_sea_ref,CHL,my,0.03842,0.03842,0.03842,0.03842,1
2026-04-29,Open_sea_ref,CHL,my,0.03965,0.03965,0.03965,0.03965,1
2026-04-30,Open_sea_ref,CHL,my,0.02601,0.02601,0.02601,0.02601,1
2026-05-07,Open_sea_ref,CHL,my,0.03305,0.03305,0.03305,0.03305,1
2026-05-08,Open_sea_ref,CHL,my,0.02291,0.02291,0.02291,0.02291,1
2026-05-09,Open_sea_ref,CHL,my,0.04158,0.04158,0.04158,0.04158,1
2026-05-10,Open_sea_ref,CHL,my,0.03465,0.03465,0.03465,0.03465,1
2026-05-11,Open_sea_ref,CHL,my,0.02873,0.02873,0.02873,0.02873,1
2026-05-12,Open_sea_ref,CHL,my,0.02433,0.02433,0.02433,0.02433,1
2026-05-13,Open_sea_ref,CHL,my,0.03154,0.03154,0.03154,0.03154,1
2026-05-16,Open_sea_ref,CHL,my,0.03154,0.03154,0.03154,0.03154,1
2026-05-19,Open_sea_ref,CHL,my,0.03169,0.03169,0.03169,0.03169,1
2026-05-22,Open_sea_ref,CHL,my,0.02964,0.02964,0.02964,0.02964,1
2026-05-23,Open_sea_ref,CHL,my,0.02944,0.02944,0.02944,0.02944,1
2026-05-24,Open_sea_ref,CHL,my,0.02914,0.02914,0.02914,0.02914,1
2026-05-25,Open_sea_ref,CHL,my,0.03412,0.03412,0.03412,0.03412,1
2026-05-27,Open_sea_ref,CHL,my,0.03064,0.03064,0.03064,0.03064,1
2026-05-28,Open_sea_ref,CHL,my,0.03633,0.03633,0.03633,0.03633,1
2026-05-29,Open_sea_ref,CHL,my,0.02666,0.02666,0.02666,0.02666,1
2026-05-31,Open_sea_ref,CHL,my,0.02025,0.02025,0.02025,0.02025,1
2026-06-02,Open_sea_ref,CHL,my,0.0303,0.0303,0.0303,0.0303,1
2026-06-03,Open_sea_ref,CHL,my,0.03566,0.03566,0.03566,0.03566,1
2026-06-04,Open_sea_ref,CHL,my,0.01911,0.01911,0.01911,0.01911,1
2026-06-05,Open_sea_ref,CHL,my,0.02177,0.02177,0.02177,0.02177,1
2026-06-06,Open_sea_ref,CHL,my,0.02614,0.02614,0.02614,0.02614,1
2026-06-07,Open_sea_ref,CHL,my,0.03564,0.03564,0.03564,0.03564,1
2026-06-09,Open_sea_ref,CHL,my,0.02857,0.02857,0.02857,0.02857,1
2026-06-10,Open_sea_ref,CHL,my,0.03074,0.03074,0.03074,0.03074,1
2026-06-11,Open_sea_ref,CHL,my,0.03064,0.03064,0.03064,0.03064,1
2026-06-13,Open_sea_ref,CHL,my,0.0199,0.0199,0.0199,0.0199,1
2026-06-15,Open_sea_ref,CHL,my,0.03215,0.03215,0.03215,0.03215,1
2026-06-16,Open_sea_ref,CHL,my,0.0312,0.0312,0.0312,0.0312,1
2026-06-17,Open_sea_ref,CHL,my,0.03131,0.03131,0.03131,0.03131,1
2026-06-18,Open_sea_ref,CHL,my,0.0178,0.0178,0.0178,0.0178,1
2026-06-19,Open_sea_ref,CHL,my,0.03107,0.03107,0.03107,0.03107,1
2026-06-20,Open_sea_ref,CHL,my,0.03299,0.03299,0.03299,0.03299,1
2026-06-21,Open_sea_ref,CHL,my,0.02428,0.02428,0.02428,0.02428,1
2026-06-22,Open_sea_ref,CHL,my,0.03284,0.03284,0.03284,0.03284,1
2026-06-23,Open_sea_ref,CHL,my,0.04268,0.04268,0.04268,0.04268,1
2026-06-24,Open_sea_ref,CHL,my,0.04312,0.04312,0.04312,0.04312,1
2026-06-25,Open_sea_ref,CHL,my,0.02944,0.02944,0.02944,0.02944,1
2026-06-28,Open_sea_ref,CHL,my,0.0269,0.0269,0.0269,0.0269,1
2026-06-29,Open_sea_ref,CHL,my,0.02719,0.02719,0.02719,0.02719,1
2026-06-30,Open_sea_ref,CHL,my,0.02889,0.02889,0.02889,0.02889,1
2026-07-01,Open_sea_ref,CHL,my,0.01465,0.01465,0.01465,0.01465,1
2026-07-03,Open_sea_ref,CHL,my,0.02727,0.02727,0.02727,0.02727,1
2026-07-06,Open_sea_ref,CHL,my,0.03116,0.03116,0.03116,0.03116,1
2026-07-09,Open_sea_ref,CHL,my,0.02703,0.02703,0.02703,0.02703,1
2026-07-10,Open_sea_ref,CHL,my,0.02807,0.02807,0.02807,0.02807,1
2026-07-11,Open_sea_ref,CHL,my,0.02259,0.02259,0.02259,0.02259,1
2026-07-12,Open_sea_ref,CHL,my,0.0272,0.0272,0.0272,0.0272,1
2026-07-13,Open_sea_ref,CHL,my,0.0242,0.0242,0.0242,0.0242,1
2026-07-14,Open_sea_ref,CHL,my,0.02286,0.02286,0.02286,0.02286,1
2026-07-15,Open_sea_ref,CHL,my,0.01718,0.01718,0.01718,0.01718,1
2026-07-16,Open_sea_ref,CHL,my,0.02263,0.02263,0.02263,0.02263,1
2026-07-17,Open_sea_ref,CHL,my,0.02094,0.02094,0.02094,0.02094,1
2026-07-18,Open_sea_ref,CHL,my,0.02518,0.02518,0.02518,0.02518,1
2026-07-19,Open_sea_ref,CHL,my,0.0222,0.0222,0.0222,0.0222,1
2026-07-20,Open_sea_ref,CHL,my,0.02229,0.02229,0.02229,0.02229,1
2026-07-21,Open_sea_ref,CHL,my,0.02934,0.02934,0.02934,0.02934,1
2026-07-22,Open_sea_ref,CHL,my,0.01946,0.01946,0.01946,0.01946,1
2026-07-23,Open_sea_ref,CHL,my,0.0278,0.0278,0.0278,0.0278,1
2026-07-25,Open_sea_ref,CHL,my,0.02503,0.02503,0.02503,0.02503,1
2026-07-26,Open_sea_ref,CHL,my,0.02555,0.02555,0.02555,0.02555,1
2026-07-27,Open_sea_ref,CHL,my,0.02308,0.02308,0.02308,0.02308,1
2026-07-28,Open_sea_ref,CHL,my,0.01425,0.01425,0.01425,0.01425,1
2026-07-29,Open_sea_ref,CHL,my,0.02651,0.02651,0.02651,0.02651,1
2026-07-30,Open_sea_ref,CHL,my,0.01986,0.01986,0.01986,0.01986,1
2026-07-31,Open_sea_ref,CHL,my,0.02313,0.02313,0.02313,0.02313,1
2026-08-01,Open_sea_ref,CHL,my,0.027,0.027,0.027,0.027,1
2026-08-02,Open_sea_ref,CHL,my,0.02767,0.02767,0.02767,0.02767,1
2026-08-03,Open_sea_ref,CHL,my,0.0193,0.0193,0.0193,0.0193,1
2026-08-04,Open_sea_ref,CHL,my,0.01973,0.01973,0.01973,0.01973,1
2026-08-05,Open_sea_ref,CHL,my,0.03089,0.03089,0.03089,0.03089,1
2026-08-06,Open_sea_ref,CHL,my,0.0288,0.0288,0.0288,0.0288,1
2026-08-07,Open_sea_ref,CHL,my,0.01753,0.01753,0.01753,0.01753,1
2026-08-09,Open_sea_ref,CHL,my,0.02822,0.02822,0.02822,0.02822,1
2026-08-10,Open_sea_ref,CHL,my,0.02211,0.02211,0.02211,0.02211,1
2026-08-11,Open_sea_ref,CHL,my,0.02912,0.02912,0.02912,0.02912,1
2026-08-12,Open_sea_ref,CHL,my,0.02556,0.02556,0.02556,0.02556,1
2026-08-16,Open_sea_ref,CHL,my,0.02188,0.02188,0.02188,0.02188,1
2026-08-17,Open_sea_ref,CHL,my,0.01772,0.01772,0.01772,0.01772,1
2026-08-18,Open_sea_ref,CHL,my,0.0371,0.0371,0.0371,0.0371,1
2026-08-19,Open_sea_ref,CHL,my,0.02517,0.02517,0.02517,0.02517,1
2026-08-20,Open_sea_ref,CHL,my,0.0146,0.0146,0.0146,0.0146,1
2026-08-22,Open_sea_ref,CHL,my,0.02667,0.02667,0.02667,0.02667,1
2026-08-23,Open_sea_ref,CHL,my,0.02855,0.02855,0.02855,0.02855,1
2026-08-24,Open_sea_ref,CHL,my,0.02704,0.02704,0.02704,0.02704,1
2026-08-25,Open_sea_ref,CHL,my,0.03046,0.03046,0.03046,0.03046,1
2026-08-27,Open_sea_ref,CHL,my,0.01917,0.01917,0.01917,0.01917,1
2026-08-28,Open_sea_ref,CHL,my,0.04796,0.04796,0.04796,0.04796,1
2026-08-29,Open_sea_ref,CHL,my,0.03013,0.03013,0.03013,0.03013,1
2026-08-31,Open_sea_ref,CHL,my,0.02776,0.02776,0.02776,0.02776,1
2026-09-01,Open_sea_ref,CHL,my,0.03073,0.03073,0.03073,0.03073,1
2026-09-02,Open_sea_ref,CHL,nrt,0.03014,0.03014,0.03014,0.03014,1
2026-09-03,Open_sea_ref,CHL,nrt,0.0343,0.0343,0.0343,0.0343,1
2026-09-05,Open_sea_ref,CHL,nrt,0.02634,0.02634,0.02634,0.02634,1
2026-09-07,Open_sea_ref,CHL,nrt,0.03009,0.03009,0.03009,0.03009,1
2026-09-08,Open_sea_ref,CHL,nrt,0.02444,0.02444,0.02444,0.02444,1
2026-09-09,Open_sea_ref,CHL,nrt,0.0242,0.0242,0.0242,0.0242,1
2026-01-03,Port_Said_EG,CHL,my,9.061,9.059,5.801,14.65,0.9146
2026-01-05,Port_Said_EG,CHL,my,11.83,4.866,4.413,11.83,0.9146
2026-01-06,Port_Said_EG,CHL,my,12.96,,,,0.2764
2026-01-07,Port_Said_EG,CHL,my,,5.314,3.29,6.414,0.603
2026-01-09,Port_Said_EG,CHL,my,,6.084,3.315,8.077,0.804
2026-01-11,Port_Said_EG,CHL,my,6.943,6.416,4.543,6.943,0.9296
2026-01-15,Port_Said_EG,CHL,my,7.249,5.705,4.829,8.634,0.9698
2026-01-16,Port_Said_EG,CHL,my,11.65,11.65,6.562,16.93,1
2026-01-17,Port_Said_EG,CHL,my,20,9.097,5.787,20,0.8744
2026-01-18,Port_Said_EG,CHL,my,6.15,4.487,2.645,6.15,0.9296
2026-01-25,Port_Said_EG,CHL,my,7.022,6.572,4.256,7.03,0.9296
2026-01-26,Port_Said_EG,CHL,my,4.562,4.562,3.256,5.155,0.9296
2026-01-28,Port_Said_EG,CHL,my,,2.724,2.392,3.81,0.5628
2026-01-29,Port_Said_EG,CHL,my,5.275,5.275,3.67,5.349,0.5879
2026-02-03,Port_Said_EG,CHL,my,5.966,5.235,3.897,5.966,0.9146
2026-02-04,Port_Said_EG,CHL,my,12.01,8.508,5.08,12.01,1
2026-02-05,Port_Said_EG,CHL,my,4.964,4.964,3.897,5.12,0.7839
2026-02-10,Port_Said_EG,CHL,my,6.695,5.52,3.17,6.695,0.9296
2026-02-11,Port_Said_EG,CHL,my,,2.181,1.646,2.614,0.5578
2026-02-16,Port_Said_EG,CHL,my,4.057,3.401,2.726,4.275,0.9296
2026-02-17,Port_Said_EG,CHL,my,5.442,4.183,2.932,5.442,0.598
2026-02-18,Port_Said_EG,CHL,my,2.716,2.667,2.028,4.241,1
2026-02-19,Port_Said_EG,CHL,my,5.465,5.442,4.257,6.01,0.7688
2026-02-20,Port_Said_EG,CHL,my,6.676,4.312,3.575,8.811,1
2026-02-21,Port_Said_EG,CHL,my,9.267,4.787,3.468,9.267,0.799
2026-02-22,Port_Said_EG,CHL,my,16.49,11.3,5.597,16.49,1
2026-02-23,Port_Said_EG,CHL,my,4.958,4.613,2.996,6.18,0.7286
2026-02-24,Port_Said_EG,CHL,my,10.08,7.837,4.489,13.58,0.9698
2026-02-25,Port_Said_EG,CHL,my,14.23,14.23,6.312,23.37,0.8543
2026-02-26,Port_Said_EG,CHL,my,7.922,7.922,5.063,9.08,0.7286
2026-03-01,Port_Said_EG,CHL,my,,9.793,5.106,14.12,0.7186
2026-03-03,Port_Said_EG,CHL,my,,2.618,2.256,4.048,0.5176
2026-03-06,Port_Said_EG,CHL,my,16.91,22.94,15.41,27.11,0.9296
2026-03-07,Port_Said_EG,CHL,my,,3.564,3.258,13.79,0.5829
2026-03-08,Port_Said_EG,CHL,my,11.98,10.76,7.166,11.98,0.8543
2026-03-09,Port_Said_EG,CHL,my,5.788,4.415,3.586,6.928,0.9296
2026-03-10,Port_Said_EG,CHL,my,4.112,3.758,2.519,4.441,0.9698
2026-03-11,Port_Said_EG,CHL,my,4.41,4.41,2.792,4.646,0.8744
2026-03-16,Port_Said_EG,CHL,my,6.883,5.41,3.951,8.655,0.9698
2026-03-17,Port_Said_EG,CHL,my,4.293,3.913,2.92,4.708,0.9698
2026-03-22,Port_Said_EG,CHL,my,,3.878,3.055,5.248,0.6784
2026-03-23,Port_Said_EG,CHL,my,,3.879,2.535,4.745,0.7186
2026-03-24,Port_Said_EG,CHL,my,5.537,3.906,2.639,5.877,0.9296
2026-03-27,Port_Said_EG,CHL,my,,1.879,1.66,2.23,0.5176
2026-03-28,Port_Said_EG,CHL,my,4.175,3.934,2.944,4.784,0.9698
2026-03-29,Port_Said_EG,CHL,my,,2.848,1.981,3.279,0.5678
2026-03-30,Port_Said_EG,CHL,my,,2.403,2.115,2.659,0.6633
2026-04-04,Port_Said_EG,CHL,my,5.581,5.616,3.899,7.391,0.8995
2026-04-06,Port_Said_EG,CHL,my,7.502,6.097,3.921,16.24,1
2026-04-07,Port_Said_EG,CHL,my,12.52,12.38,6.719,15.15,1
2026-04-08,Port_Said_EG,CHL,my,,2.491,2.836,9.094,0.7739
2026-04-09,Port_Said_EG,CHL,my,9.662,2.414,2.946,10.15,0.7889
2026-04-10,Port_Said_EG,CHL,my,3.438,3.049,2.066,5.406,0.9296
2026-04-11,Port_Said_EG,CHL,my,12.31,9.18,4.431,17.42,1
2026-04-12,Port_Said_EG,CHL,my,7.131,7.131,2.949,7.531,0.9296
2026-04-13,Port_Said_EG,CHL,my,6.032,6.032,3.712,9.053,0.9296
2026-04-14,Port_Said_EG,CHL,my,4.893,3.847,2.678,5.321,0.9296
2026-04-16,Port_Said_EG,CHL,my,6.083,6.083,3.385,6.721,1
2026-04-19,Port_Said_EG,CHL,my,6.534,2.606,2.173,6.534,0.7085
2026-04-20,Port_Said_EG,CHL,my,7.669,6.799,3.589,8.301,0.9296
2026-04-21,Port_Said_EG,CHL,my,16.39,10.26,6.574,23.57,0.9698
2026-04-22,Port_Said_EG,CHL,my,17.24,16.09,9.386,31.14,1
2026-04-23,Port_Said_EG,CHL,my,3.01,3.01,2.512,4.556,1
2026-04-25,Port_Said_EG,CHL,my,3.161,3.161,2.373,4.512,1
2026-04-26,Port_Said_EG,CHL,my,5.26,3.255,2.778,5.647,0.9296
2026-04-27,Port_Said_EG,CHL,my,3.989,2.593,2.003,3.989,0.8744
2026-04-30,Port_Said_EG,CHL,my,11.35,10.47,6.902,26.52,1
2026-05-01,Port_Said_EG,CHL,my,12.72,9.851,4.939,16.5,1
2026-05-06,Port_Said_EG,CHL,my,7.642,6.129,3.342,7.692,0.9196
2026-05-07,Port_Said_EG,CHL,my,5.672,5.307,3.512,6.973,1
2026-05-08,Port_Said_EG,CHL,my,4.827,4.925,3.942,11.28,0.9698
2026-05-09,Port_Said_EG,CHL,my,,5.441,4.507,19.36,0.7739
2026-05-10,Port_Said_EG,CHL,my,9.249,9.249,4.401,9.357,0.9296
2026-05-11,Port_Said_EG,CHL,my,7.924,7.104,4.98,8.131,1
2026-05-12,Port_Said_EG,CHL,my,6.043,4.107,3.784,6.104,0.8543
2026-05-13,Port_Said_EG,CHL,my,5.426,5.426,3.188,7.775,1
2026-05-16,Port_Said_EG,CHL,my,7.266,6.149,3.395,7.783,0.9698
2026-05-20,Port_Said_EG,CHL,my,,2.925,2.019,4.787,0.7236
2026-05-22,Port_Said_EG,CHL,my,9.501,6.939,4.354,12.8,1
2026-05-23,Port_Said_EG,CHL,my,7.335,7.335,4.638,9.106,1
2026-05-24,Port_Said_EG,CHL,my,6.412,4.104,2.76,6.444,1
2026-05-25,Port_Said_EG,CHL,my,5.113,4.844,2.852,7.75,0.8744
2026-05-26,Port_Said_EG,CHL,my,8.072,8.072,4.132,16.25,1
2026-05-27,Port_Said_EG,CHL,my,5.512,5.009,2.629,7.409,1
2026-05-28,Port_Said_EG,CHL,my,24.8,14.03,7.087,24.8,1
2026-05-29,Port_Said_EG,CHL,my,3.195,3.045,1.872,3.228,0.9296
2026-05-30,Port_Said_EG,CHL,my,3.012,2.994,2.093,4.452,0.9698
2026-05-31,Port_Said_EG,CHL,my,5.609,2.655,1.988,5.609,0.8543
2026-06-01,Port_Said_EG,CHL,my,3.56,2.747,2.199,5.914,0.794
2026-06-02,Port_Said_EG,CHL,my,3.188,3.188,2.195,3.32,0.9296
2026-06-03,Port_Said_EG,CHL,my,2.83,2.626,2.046,2.83,0.8744
2026-06-04,Port_Said_EG,CHL,my,2.98,2.919,2.246,3.164,1
2026-06-05,Port_Said_EG,CHL,my,3.006,3.086,2.273,3.676,1
2026-06-06,Port_Said_EG,CHL,my,,2.699,2.032,3.391,0.7035
2026-06-07,Port_Said_EG,CHL,my,3.88,2.847,2.246,5.862,0.9698
2026-06-08,Port_Said_EG,CHL,my,3.819,3.178,2.549,8.707,1
2026-06-09,Port_Said_EG,CHL,my,3.853,3.165,2.257,3.853,1
2026-06-10,Port_Said_EG,CHL,my,3.846,3.846,2.661,9.311,0.9296
2026-06-11,Port_Said_EG,CHL,my,7.038,3.571,2.555,7.038,0.9698
2026-06-12,Port_Said_EG,CHL,my,7.949,6.28,3.22,9.438,1
2026-06-13,Port_Said_EG,CHL,my,8.27,8.27,4.286,15.61,1
2026-06-14,Port_Said_EG,CHL,my,7.019,5.712,2.741,7.019,0.9095
2026-06-15,Port_Said_EG,CHL,my,5.221,4.265,2.277,6.463,1
2026-06-16,Port_Said_EG,CHL,my,5.077,5.077,2.795,7.662,0.809
2026-06-17,Port_Said_EG,CHL,my,7.022,5.203,3.11,9.885,1
2026-06-18,Port_Said_EG,CHL,my,9.74,8.887,3.814,11.33,1
2026-06-19,Port_Said_EG,CHL,my,3.319,3.319,2.207,7.015,1
2026-06-20,Port_Said_EG,CHL,my,6.141,3.556,2.532,9.453,0.9698
2026-06-21,Port_Said_EG,CHL,my,,3.101,1.874,3.561,0.7839
2026-06-22,Port_Said_EG,CHL,my,3.828,3.509,2.432,9.485,1
2026-06-23,Port_Said_EG,CHL,my,5.762,3.537,2.039,7.026,1
2026-06-24,Port_Said_EG,CHL,my,5.639,3.396,2.314,6.975,1
2026-06-25,Port_Said_EG,CHL,my,3.026,2.832,1.863,4.911,0.9296
2026-06-26,Port_Said_EG,CHL,my,5.622,5.224,2.4,5.885,0.9447
2026-06-27,Port_Said_EG,CHL,my,4.357,2.847,2.19,4.439,1
2026-06-28,Port_Said_EG,CHL,my,5.877,5.537,3.064,7.943,1
2026-06-29,Port_Said_EG,CHL,my,3.329,2.828,2.026,6.973,0.9296
2026-06-30,Port_Said_EG,CHL,my,4.034,3.098,1.957,7.045,1
2026-07-01,Port_Said_EG,CHL,my,5.87,5.749,2.436,8,1
2026-07-02,Port_Said_EG,CHL,my,2.918,2.69,1.677,4.911,0.8141
2026-07-03,Port_Said_EG,CHL,my,2.934,2.934,1.564,4.896,0.9296
2026-07-04,Port_Said_EG,CHL,my,5.136,3.519,1.902,5.136,1
2026-07-05,Port_Said_EG,CHL,my,4.816,3.106,2.14,6.238,1
2026-07-06,Port_Said_EG,CHL,my,,1.589,1.347,3.003,0.7839
2026-07-07,Port_Said_EG,CHL,my,4.213,1.994,1.741,4.213,0.7789
2026-07-08,Port_Said_EG,CHL,my,4.64,2.578,2.063,4.64,0.8543
2026-07-09,Port_Said_EG,CHL,my,5.511,4.406,2.714,7.91,1
2026-07-10,Port_Said_EG,CHL,my,5.142,4.556,2.509,5.142,1
2026-07-11,Port_Said_EG,CHL,my,7.916,6.143,3.569,9.361,1
2026-07-12,Port_Said_EG,CHL,my,3.194,3.194,2.396,5.986,0.8693
2026-07-13,Port_Said_EG,CHL,my,2.849,2.839,2.039,4.823,0.9648
2026-07-14,Port_Said_EG,CHL,my,3.298,3.226,2.227,4.74,0.9698
2026-07-15,Port_Said_EG,CHL,my,4.762,3.106,2.376,4.762,0.799
2026-07-16,Port_Said_EG,CHL,my,4.113,2.894,2.244,5.435,0.9296
2026-07-17,Port_Said_EG,CHL,my,3.512,3.512,2.65,7.407,1
2026-07-18,Port_Said_EG,CHL,my,3.197,3.006,2.003,3.595,0.8342
2026-07-19,Port_Said_EG,CHL,my,8.205,6.571,3.621,9.55,1
2026-07-20,Port_Said_EG,CHL,my,6.131,5.116,3.108,10.8,1
2026-07-21,Port_Said_EG,CHL,my,9.298,5.028,2.846,9.298,1
2026-07-22,Port_Said_EG,CHL,my,2.795,2.611,1.973,5.78,0.9598
2026-07-23,Port_Said_EG,CHL,my,3.418,3.074,2.252,5.817,0.9698
2026-07-24,Port_Said_EG,CHL,my,6.952,6.952,4.307,19.31,1
2026-07-25,Port_Said_EG,CHL,my,7.978,6.065,3.858,10.55,0.9447
2026-07-26,Port_Said_EG,CHL,my,6.979,4.986,2.945,8.028,0.9296
2026-07-27,Port_Said_EG,CHL,my,4.936,5.435,3.553,9.113,1
2026-07-28,Port_Said_EG,CHL,my,13.7,13.7,7.628,32.77,1
2026-07-29,Port_Said_EG,CHL,my,6.025,6.025,3.165,8.927,1
2026-07-30,Port_Said_EG,CHL,my,10.61,6.024,3.585,10.61,0.9296
2026-07-31,Port_Said_EG,CHL,my,6.871,6.144,3.22,10.62,0.9698
2026-08-01,Port_Said_EG,CHL,my,12.9,12.16,6.138,17.67,1
2026-08-02,Port_Said_EG,CHL,my,3.772,3.772,2.51,8.919,1
2026-08-03,Port_Said_EG,CHL,my,7.55,5.308,2.873,7.55,0.8744
2026-08-04,Port_Said_EG,CHL,my,26.66,25.48,11.78,38.48,1
2026-08-05,Port_Said_EG,CHL,my,23.73,23.73,9.417,35.15,0.9698
2026-08-06,Port_Said_EG,CHL,my,14.97,9.479,5.317,18.78,1
2026-08-07,Port_Said_EG,CHL,my,6.305,6.305,3.079,7.951,0.9698
2026-08-09,Port_Said_EG,CHL,my,15.34,11.05,5.487,16.16,1
2026-08-10,Port_Said_EG,CHL,my,5.619,5.619,4.583,25.99,1
2026-08-11,Port_Said_EG,CHL,my,6.611,6.611,3.917,8.619,1
2026-08-12,Port_Said_EG,CHL,my,6.972,6.972,3.713,8.322,1
2026-08-16,Port_Said_EG,CHL,my,11.24,9.108,3.765,11.24,0.9296
2026-08-17,Port_Said_EG,CHL,my,13.97,13.1,5.428,15.49,0.9598
2026-08-18,Port_Said_EG,CHL,my,,6.345,2.652,7.576,0.6382
2026-08-19,Port_Said_EG,CHL,my,14.09,12.26,5.297,14.99,0.8744
2026-08-20,Port_Said_EG,CHL,my,86.01,56.37,25.78,120.2,1
2026-08-21,Port_Said_EG,CHL,my,24.92,23.32,10.49,44.33,1
2026-08-22,Port_Said_EG,CHL,my,16.35,9.544,4.044,16.35,0.9296
2026-08-23,Port_Said_EG,CHL,my,10.28,7.697,4.062,13.01,1
2026-08-24,Port_Said_EG,CHL,my,14.73,12.01,5.652,21.04,1
2026-08-25,Port_Said_EG,CHL,my,14.59,12.83,5.239,20.28,1
2026-08-26,Port_Said_EG,CHL,my,6.631,3.766,3.073,11.52,0.8894
2026-08-27,Port_Said_EG,CHL,my,12.41,11.03,4.676,17.86,1
2026-08-28,Port_Said_EG,CHL,my,12.07,9.315,4.025,14.25,1
2026-08-29,Port_Said_EG,CHL,my,6.349,6.349,3.106,18.22,1
2026-08-30,Port_Said_EG,CHL,my,8.956,7.028,3.806,8.956,0.9447
2026-08-31,Port_Said_EG,CHL,my,7.954,6.252,3.311,9.694,0.9296
2026-09-01,Port_Said_EG,CHL,my,14.45,9.976,5.738,18.35,0.9698
2026-09-02,Port_Said_EG,CHL,nrt,8.266,8.375,5.174,14.87,1
2026-09-03,Port_Said_EG,CHL,nrt,13.02,14.96,7.254,19.03,0.9698
2026-09-04,Port_Said_EG,CHL,nrt,9.204,9.204,3.943,18.54,0.9246
2026-09-05,Port_Said_EG,CHL,nrt,16.47,13.09,5.502,26,1
2026-09-06,Port_Said_EG,CHL,nrt,9.777,9.777,3.786,12.38,0.9296
2026-09-07,Port_Said_EG,CHL,nrt,7.969,7.601,3.353,13.97,0.9296
2026-09-08,Port_Said_EG,CHL,nrt,8.319,8.319,5.148,23.83,1
2026-09-09,Port_Said_EG,CHL,nrt,11.83,10.41,5.58,14.2,0.9698
2026-01-01,Rafah_Gaza,CHL,my,1.532,,,,0.31
2026-01-03,Rafah_Gaza,CHL,my,1.692,1.51,0.8678,2.733,0.95
2026-01-04,Rafah_Gaza,CHL,my,0.7764,0.8464,0.5322,0.9467,0.915
2026-01-05,Rafah_Gaza,CHL,my,1.053,0.6179,0.5013,1.528,0.95
2026-01-07,Rafah_Gaza,CHL,my,0.8259,0.7083,0.5071,1.367,0.915
2026-01-09,Rafah_Gaza,CHL,my,1.199,1.025,0.6367,1.199,0.825
2026-01-11,Rafah_Gaza,CHL,my,1.296,1.434,0.8219,1.808,1
2026-01-12,Rafah_Gaza,CHL,my,1.07,0.8836,0.4954,1.105,0.875
2026-01-15,Rafah_Gaza,CHL,my,1.504,1.319,0.9769,1.537,0.785
2026-01-16,Rafah_Gaza,CHL,my,1.76,1.76,1.156,1.954,0.95
2026-01-17,Rafah_Gaza,CHL,my,1.202,0.8854,0.5509,1.412,0.95
2026-01-18,Rafah_Gaza,CHL,my,1.089,1.047,0.6988,1.186,0.75
2026-01-20,Rafah_Gaza,CHL,my,1.126,1.258,1.075,1.574,0.635
2026-01-26,Rafah_Gaza,CHL,my,2.107,2.005,1.395,2.201,0.67
2026-01-29,Rafah_Gaza,CHL,my,1.361,1.319,0.7667,1.541,0.915
2026-01-31,Rafah_Gaza,CHL,my,1.144,1.026,0.6504,1.185,0.95
2026-02-01,Rafah_Gaza,CHL,my,0.7047,0.533,0.3987,1.151,0.95
2026-02-04,Rafah_Gaza,CHL,my,1.528,1.236,0.5808,1.528,0.72
2026-02-05,Rafah_Gaza,CHL,my,1.088,1.108,0.4726,1.302,0.95
2026-02-07,Rafah_Gaza,CHL,my,0.9605,0.9605,0.5279,1.452,0.915
2026-02-10,Rafah_Gaza,CHL,my,0.5362,0.3759,0.213,0.6383,0.84
2026-02-11,Rafah_Gaza,CHL,my,0.5549,0.533,0.2453,0.8483,0.95
2026-02-12,Rafah_Gaza,CHL,my,1.444,1.377,0.715,3.034,0.915
2026-02-18,Rafah_Gaza,CHL,my,,1.146,0.5649,1.311,0.54
2026-02-20,Rafah_Gaza,CHL,my,1.784,1.774,1.289,2.361,1
2026-02-21,Rafah_Gaza,CHL,my,1.337,1.337,0.8682,1.471,0.915
2026-02-22,Rafah_Gaza,CHL,my,1.29,1.228,0.8668,1.291,0.99
2026-02-23,Rafah_Gaza,CHL,my,1.227,1.115,0.695,1.813,0.86
2026-02-25,Rafah_Gaza,CHL,my,0.9783,1.19,0.7057,1.515,0.875
2026-02-28,Rafah_Gaza,CHL,my,1.455,1.551,1.008,1.597,0.95
2026-03-02,Rafah_Gaza,CHL,my,1.331,1.173,0.7024,1.34,0.875
2026-03-03,Rafah_Gaza,CHL,my,1.845,1.36,1.182,2.206,0.915
2026-03-04,Rafah_Gaza,CHL,my,,1.289,0.9094,1.395,0.55
2026-03-05,Rafah_Gaza,CHL,my,1.2,1.17,0.8177,1.368,0.915
2026-03-06,Rafah_Gaza,CHL,my,,1.268,0.6326,1.269,0.615
2026-03-08,Rafah_Gaza,CHL,my,1.971,1.526,0.9687,1.971,0.81
2026-03-09,Rafah_Gaza,CHL,my,1.741,1.406,0.8744,1.807,0.95
2026-03-10,Rafah_Gaza,CHL,my,0.9342,1.056,0.7489,2.273,0.95
2026-03-11,Rafah_Gaza,CHL,my,,0.6381,0.49,1.637,0.6
2026-03-12,Rafah_Gaza,CHL,my,,0.825,0.4477,0.9229,0.795
2026-03-15,Rafah_Gaza,CHL,my,1.592,1.541,0.8178,1.631,0.915
2026-03-16,Rafah_Gaza,CHL,my,1.842,1.854,1.25,1.974,0.915
2026-03-17,Rafah_Gaza,CHL,my,2.05,1.864,1.136,2.083,0.875
2026-03-22,Rafah_Gaza,CHL,my,2.055,1.974,1.217,2.146,0.915
2026-03-24,Rafah_Gaza,CHL,my,1.349,1.399,0.9085,1.556,0.915
2026-03-27,Rafah_Gaza,CHL,my,1.838,1.749,1.072,1.865,0.915
2026-03-28,Rafah_Gaza,CHL,my,1.554,1.463,0.952,1.554,0.795
2026-03-30,Rafah_Gaza,CHL,my,1.784,1.669,1.143,1.836,0.835
2026-03-31,Rafah_Gaza,CHL,my,1.633,,,,0.325
2026-04-05,Rafah_Gaza,CHL,my,1.238,1.021,0.6415,1.537,0.915
2026-04-06,Rafah_Gaza,CHL,my,2.193,1.63,0.9646,3.708,0.915
2026-04-07,Rafah_Gaza,CHL,my,1.3,1.073,0.4504,1.407,0.875
2026-04-08,Rafah_Gaza,CHL,my,1.591,1.335,0.8529,2.069,0.645
2026-04-09,Rafah_Gaza,CHL,my,1.726,1.407,0.8492,2.001,0.875
2026-04-10,Rafah_Gaza,CHL,my,1.285,1.289,0.8387,1.543,1
2026-04-11,Rafah_Gaza,CHL,my,1.142,1.16,0.8088,1.929,0.95
2026-04-12,Rafah_Gaza,CHL,my,1.409,1.419,0.9904,1.629,0.95
2026-04-13,Rafah_Gaza,CHL,my,,0.7608,0.4518,0.8788,0.64
2026-04-14,Rafah_Gaza,CHL,my,1.12,1.011,0.6461,1.235,0.875
2026-04-16,Rafah_Gaza,CHL,my,,0.5105,0.376,0.7151,0.565
2026-04-19,Rafah_Gaza,CHL,my,1.149,1.107,0.5873,1.209,1
2026-04-20,Rafah_Gaza,CHL,my,1.19,1.054,0.5519,1.234,0.75
2026-04-21,Rafah_Gaza,CHL,my,1.16,1.077,0.6713,1.177,0.915
2026-04-22,Rafah_Gaza,CHL,my,1.286,1.286,0.7603,1.32,0.95
2026-04-23,Rafah_Gaza,CHL,my,1.167,1.125,0.7353,1.167,0.95
2026-04-24,Rafah_Gaza,CHL,my,,0.7667,0.4762,1.263,0.565
2026-04-25,Rafah_Gaza,CHL,my,1.441,0.6192,0.5157,1.441,0.875
2026-04-28,Rafah_Gaza,CHL,my,1.395,1.024,0.4716,1.395,0.915
2026-04-29,Rafah_Gaza,CHL,my,1.101,0.9318,0.5404,1.2,0.875
2026-04-30,Rafah_Gaza,CHL,my,0.8582,1.071,0.6008,1.23,0.95
2026-05-01,Rafah_Gaza,CHL,my,0.8845,0.8845,0.4932,1.36,0.95
2026-05-02,Rafah_Gaza,CHL,my,0.6817,0.7157,0.4039,0.824,0.915
2026-05-03,Rafah_Gaza,CHL,my,1.044,1.003,0.5404,1.195,0.95
2026-05-04,Rafah_Gaza,CHL,my,1.216,1.15,0.6377,1.339,0.9
2026-05-06,Rafah_Gaza,CHL,my,1.437,1.437,0.838,1.518,0.825
2026-05-07,Rafah_Gaza,CHL,my,1.625,1.712,1.463,1.879,0.915
2026-05-10,Rafah_Gaza,CHL,my,,1.384,1.089,1.538,0.795
2026-05-11,Rafah_Gaza,CHL,my,1.255,1.133,0.9821,1.472,0.95
2026-05-13,Rafah_Gaza,CHL,my,0.7861,0.6592,0.5057,0.9668,0.915
2026-05-16,Rafah_Gaza,CHL,my,1.261,1.087,0.7294,1.339,0.775
2026-05-19,Rafah_Gaza,CHL,my,,0.3843,0.3177,0.4026,0.565
2026-05-20,Rafah_Gaza,CHL,my,0.8646,0.5484,0.3252,0.9736,0.69
2026-05-22,Rafah_Gaza,CHL,my,1.512,1.239,0.7713,1.512,0.875
2026-05-23,Rafah_Gaza,CHL,my,1.687,1.687,1.306,2.307,1
2026-05-24,Rafah_Gaza,CHL,my,1.249,1.249,0.746,1.492,1
2026-05-25,Rafah_Gaza,CHL,my,1.378,1.187,0.7176,1.378,0.95
2026-05-26,Rafah_Gaza,CHL,my,,0.5809,0.4839,1.664,0.52
2026-05-27,Rafah_Gaza,CHL,my,1.337,1.199,0.7759,1.89,0.95
2026-05-28,Rafah_Gaza,CHL,my,1.353,1.356,0.7875,1.552,0.95
2026-05-29,Rafah_Gaza,CHL,my,0.9344,0.9848,0.5898,1.246,0.95
2026-05-30,Rafah_Gaza,CHL,my,1.297,1.084,0.5088,1.474,0.95
2026-05-31,Rafah_Gaza,CHL,my,1.718,1.416,0.9837,1.849,0.875
2026-06-01,Rafah_Gaza,CHL,my,1.313,0.993,0.7505,1.423,0.95
2026-06-02,Rafah_Gaza,CHL,my,1.148,1.064,0.4779,1.157,0.875
2026-06-03,Rafah_Gaza,CHL,my,1.244,1.14,0.701,1.381,0.915
2026-06-04,Rafah_Gaza,CHL,my,1.066,0.7828,0.3972,1.066,0.915
2026-06-05,Rafah_Gaza,CHL,my,0.7528,0.7238,0.3381,1.194,0.95
2026-06-07,Rafah_Gaza,CHL,my,0.2171,0.2171,0.1745,0.662,1
2026-06-08,Rafah_Gaza,CHL,my,0.1257,0.1257,0.1107,0.389,1
2026-06-09,Rafah_Gaza,CHL,my,0.1814,0.1564,0.1282,0.5636,0.95
2026-06-10,Rafah_Gaza,CHL,my,0.2161,0.1863,0.1166,0.2161,0.825
2026-06-11,Rafah_Gaza,CHL,my,0.1618,0.1595,0.1271,0.4152,1
2026-06-12,Rafah_Gaza,CHL,my,0.1251,0.09657,0.09108,0.2731,0.95
2026-06-13,Rafah_Gaza,CHL,my,0.2048,0.2048,0.1633,0.6143,1
2026-06-15,Rafah_Gaza,CHL,my,0.2438,0.2438,0.1468,0.9302,0.95
2026-06-16,Rafah_Gaza,CHL,my,1.022,0.5931,0.3024,1.111,0.95
2026-06-17,Rafah_Gaza,CHL,my,1.075,0.9259,0.3741,1.114,1
2026-06-18,Rafah_Gaza,CHL,my,0.418,0.1906,0.1492,0.4928,0.915
2026-06-19,Rafah_Gaza,CHL,my,0.306,0.185,0.1568,0.5315,0.95
2026-06-20,Rafah_Gaza,CHL,my,0.2741,0.2265,0.1704,0.5049,0.95
2026-06-21,Rafah_Gaza,CHL,my,0.5202,0.3865,0.2322,0.6689,0.88
2026-06-22,Rafah_Gaza,CHL,my,0.3847,0.3329,0.2185,0.6564,0.86
2026-06-23,Rafah_Gaza,CHL,my,0.6634,0.4952,0.4027,0.9804,0.95
2026-06-24,Rafah_Gaza,CHL,my,0.9787,0.9192,0.4457,1.143,1
2026-06-25,Rafah_Gaza,CHL,my,0.1714,0.1991,0.1932,0.54,0.915
2026-06-26,Rafah_Gaza,CHL,my,,0.6374,0.3107,0.9875,0.715
2026-06-27,Rafah_Gaza,CHL,my,0.9027,0.75,0.3579,1.127,0.91
2026-06-28,Rafah_Gaza,CHL,my,0.7791,0.795,0.4967,1.16,1
2026-06-29,Rafah_Gaza,CHL,my,0.8289,0.8197,0.4745,1.039,0.95
2026-06-30,Rafah_Gaza,CHL,my,0.8963,0.8453,0.472,1.628,1
2026-07-01,Rafah_Gaza,CHL,my,0.8475,0.7357,0.4128,0.9582,0.95
2026-07-02,Rafah_Gaza,CHL,my,1.065,0.915,0.3887,1.357,1
2026-07-03,Rafah_Gaza,CHL,my,0.9705,0.8678,0.4477,1.171,0.915
2026-07-04,Rafah_Gaza,CHL,my,0.6375,0.6375,0.4342,1.072,0.88
2026-07-05,Rafah_Gaza,CHL,my,1.416,1.283,0.6726,1.416,0.915
2026-07-06,Rafah_Gaza,CHL,my,1.452,1.293,0.6933,1.564,1
2026-07-07,Rafah_Gaza,CHL,my,,0.7246,0.4156,1.052,0.73
2026-07-08,Rafah_Gaza,CHL,my,1.151,1.067,0.6045,1.256,0.95
2026-07-09,Rafah_Gaza,CHL,my,1.399,1.338,0.7266,1.468,1
2026-07-10,Rafah_Gaza,CHL,my,1.469,1.341,0.7174,1.469,0.95
2026-07-11,Rafah_Gaza,CHL,my,1.221,1.078,0.4951,1.371,0.915
2026-07-12,Rafah_Gaza,CHL,my,1.06,0.8656,0.4476,1.146,0.875
2026-07-14,Rafah_Gaza,CHL,my,0.8708,1.059,0.5543,1.303,1
2026-07-15,Rafah_Gaza,CHL,my,,0.4839,0.2466,0.5634,0.55
2026-07-16,Rafah_Gaza,CHL,my,1.188,0.9785,0.4503,1.27,1
2026-07-17,Rafah_Gaza,CHL,my,1.232,1.215,0.5646,1.323,1
2026-07-18,Rafah_Gaza,CHL,my,0.9838,1.045,0.6201,1.26,1
2026-07-19,Rafah_Gaza,CHL,my,1.034,0.9701,0.5649,1.416,1
2026-07-20,Rafah_Gaza,CHL,my,1.503,1.068,0.5351,1.503,1
2026-07-21,Rafah_Gaza,CHL,my,0.6093,0.574,0.2577,0.9142,0.95
2026-07-22,Rafah_Gaza,CHL,my,0.7123,0.7055,0.3972,0.8421,0.76
2026-07-24,Rafah_Gaza,CHL,my,1.321,1.114,0.5704,1.364,0.875
2026-07-25,Rafah_Gaza,CHL,my,1.303,1.401,0.7588,1.566,0.95
2026-07-26,Rafah_Gaza,CHL,my,1.944,1.804,0.9065,1.944,0.765
2026-07-27,Rafah_Gaza,CHL,my,1.575,1.575,0.7735,2.218,0.95
2026-07-28,Rafah_Gaza,CHL,my,1.175,1.113,0.5991,1.319,0.95
2026-07-29,Rafah_Gaza,CHL,my,1.53,1.599,0.8363,2.007,1
2026-07-30,Rafah_Gaza,CHL,my,1.346,0.7727,0.4165,1.397,0.82
2026-07-31,Rafah_Gaza,CHL,my,1.231,1.151,0.45,1.407,1
2026-08-01,Rafah_Gaza,CHL,my,0.8977,0.7931,0.3448,1.13,1
2026-08-02,Rafah_Gaza,CHL,my,1.018,0.8705,0.4108,1.289,1
2026-08-03,Rafah_Gaza,CHL,my,0.9256,0.7638,0.3342,1.048,0.915
2026-08-04,Rafah_Gaza,CHL,my,0.4121,0.4121,0.2348,0.87,1
2026-08-05,Rafah_Gaza,CHL,my,0.1559,0.1559,0.1741,0.9269,1
2026-08-06,Rafah_Gaza,CHL,my,0.3612,0.1951,0.1557,0.7991,0.915
2026-08-07,Rafah_Gaza,CHL,my,1.016,0.8438,0.442,1.087,0.76
2026-08-09,Rafah_Gaza,CHL,my,1.354,1.319,0.6044,2.186,1
2026-08-10,Rafah_Gaza,CHL,my,1.272,1.272,0.6919,1.552,0.95
2026-08-11,Rafah_Gaza,CHL,my,1.06,1.057,0.6359,1.312,0.915
2026-08-12,Rafah_Gaza,CHL,my,0.9836,0.9572,0.6176,1.252,0.95
2026-08-13,Rafah_Gaza,CHL,my,,0.6727,0.453,1.445,0.685
2026-08-15,Rafah_Gaza,CHL,my,,1.766,0.9243,1.946,0.97
2026-08-16,Rafah_Gaza,CHL,my,1.648,1.327,0.9029,1.701,1
2026-08-17,Rafah_Gaza,CHL,my,1.799,1.529,0.9357,1.982,1
2026-08-18,Rafah_Gaza,CHL,my,1.511,1.631,0.9698,2.108,0.915
2026-08-19,Rafah_Gaza,CHL,my,1.584,1.797,1.441,2.275,1
2026-08-20,Rafah_Gaza,CHL,my,1.383,1.448,1.062,1.777,0.92
2026-08-22,Rafah_Gaza,CHL,my,1.914,1.914,1.359,2.128,0.86
2026-08-23,Rafah_Gaza,CHL,my,2.456,1.966,1.13,2.456,1
2026-08-24,Rafah_Gaza,CHL,my,19.59,13.26,6.652,19.59,1
2026-08-25,Rafah_Gaza,CHL,my,3.02,2.425,1.402,3.423,1
2026-08-26,Rafah_Gaza,CHL,my,3.931,2.848,1.317,3.959,0.875
2026-08-27,Rafah_Gaza,CHL,my,15.93,15.93,6.311,32.01,0.95
2026-08-28,Rafah_Gaza,CHL,my,12.71,8.152,4.097,14.56,1
2026-08-29,Rafah_Gaza,CHL,my,,0.9748,0.5543,1.444,0.56
2026-08-31,Rafah_Gaza,CHL,my,,4.246,2.203,8.799,0.835
2026-09-01,Rafah_Gaza,CHL,my,23.73,21.41,7.909,35.12,1
2026-09-02,Rafah_Gaza,CHL,nrt,16.62,12.53,4.925,21.48,0.95
2026-09-03,Rafah_Gaza,CHL,nrt,9.518,7.998,4.006,25.95,0.95
2026-09-04,Rafah_Gaza,CHL,nrt,7.038,7.324,3.46,14.58,0.775
2026-09-05,Rafah_Gaza,CHL,nrt,5.178,4.143,2.383,11.1,0.93
2026-09-06,Rafah_Gaza,CHL,nrt,16.76,15.67,5.993,24.81,0.915
2026-09-07,Rafah_Gaza,CHL,nrt,13.59,13.12,5.919,33.15,1
2026-09-08,Rafah_Gaza,CHL,nrt,7.595,7.595,4.041,20.6,1
2026-09-09,Rafah_Gaza,CHL,nrt,7.496,5.58,3.563,24.24,0.95
2026-01-04,Rosetta_mouth,CHL,my,6.219,5.103,3.343,6.219,0.8122
2026-01-05,Rosetta_mouth,CHL,my,3.637,2.731,2.109,3.637,1
2026-01-10,Rosetta_mouth,CHL,my,6.934,,,,0.3812
2026-01-11,Rosetta_mouth,CHL,my,4.63,3.942,3.076,5.005,1
2026-01-15,Rosetta_mouth,CHL,my,2.592,2.592,2.071,2.612,0.5635
2026-01-16,Rosetta_mouth,CHL,my,2.249,1.972,1.454,2.464,1
2026-01-17,Rosetta_mouth,CHL,my,2.835,2.771,1.93,2.838,0.8729
2026-01-18,Rosetta_mouth,CHL,my,,1.93,1.274,2.004,0.5028
2026-01-24,Rosetta_mouth,CHL,my,4.389,,,,0.2486
2026-01-25,Rosetta_mouth,CHL,my,2.613,2.433,1.866,2.613,0.9337
2026-01-28,Rosetta_mouth,CHL,my,,5.851,3.65,5.864,0.5635
2026-01-29,Rosetta_mouth,CHL,my,4.906,4.636,2.869,4.906,0.8729
2026-02-03,Rosetta_mouth,CHL,my,5.161,4.239,2.538,5.161,1
2026-02-04,Rosetta_mouth,CHL,my,2.499,2.195,1.618,2.74,1
2026-02-10,Rosetta_mouth,CHL,my,2.741,2.463,1.713,3.24,1
2026-02-11,Rosetta_mouth,CHL,my,3.374,2.687,2.027,6.404,1
2026-02-14,Rosetta_mouth,CHL,my,,4.065,2.575,4.714,0.6851
2026-02-15,Rosetta_mouth,CHL,my,4.15,2.492,2.272,4.348,1
2026-02-17,Rosetta_mouth,CHL,my,2.552,2.237,1.83,2.73,1
2026-02-19,Rosetta_mouth,CHL,my,5.245,5.126,3.884,5.646,1
2026-02-20,Rosetta_mouth,CHL,my,3.829,3.829,2.077,3.953,0.5028
2026-02-21,Rosetta_mouth,CHL,my,2.575,2.347,1.868,2.635,1
2026-02-22,Rosetta_mouth,CHL,my,1.914,1.732,1.42,1.991,1
2026-02-24,Rosetta_mouth,CHL,my,4.664,3.935,2.523,5.223,1
2026-02-25,Rosetta_mouth,CHL,my,4.064,4.064,2.438,4.211,0.5635
2026-02-26,Rosetta_mouth,CHL,my,4.517,4.011,2.734,5.237,0.9392
2026-02-28,Rosetta_mouth,CHL,my,3.684,3.357,2.014,3.684,0.7403
2026-03-03,Rosetta_mouth,CHL,my,2.992,2.77,1.863,3.081,1
2026-03-05,Rosetta_mouth,CHL,my,3.942,3.519,2.544,4.157,0.8729
2026-03-07,Rosetta_mouth,CHL,my,,1.327,0.9056,1.466,0.5635
2026-03-08,Rosetta_mouth,CHL,my,1.929,1.785,1.33,2.025,0.8729
2026-03-09,Rosetta_mouth,CHL,my,2.268,2.039,1.463,2.566,1
2026-03-10,Rosetta_mouth,CHL,my,4.132,4.04,2.794,4.639,0.6298
2026-03-11,Rosetta_mouth,CHL,my,2.417,1.844,1.418,2.538,1
2026-03-12,Rosetta_mouth,CHL,my,2.481,1.989,1.405,2.481,0.9337
2026-03-16,Rosetta_mouth,CHL,my,4.088,2.715,2.208,4.754,1
2026-03-17,Rosetta_mouth,CHL,my,3.147,2.959,2.44,4.206,1
2026-03-23,Rosetta_mouth,CHL,my,2.526,2.416,1.806,3.399,0.8122
2026-03-24,Rosetta_mouth,CHL,my,2.435,2.435,2.087,2.493,0.558
2026-03-26,Rosetta_mouth,CHL,my,2.462,2.702,1.809,3.489,0.8729
2026-03-27,Rosetta_mouth,CHL,my,5.727,4.947,2.597,7.339,1
2026-03-30,Rosetta_mouth,CHL,my,3.527,,,,0.4972
2026-04-05,Rosetta_mouth,CHL,my,4.789,3.141,2.479,4.789,0.9337
2026-04-06,Rosetta_mouth,CHL,my,2.894,2.463,1.874,2.933,1
2026-04-07,Rosetta_mouth,CHL,my,2.744,2.127,1.727,3.082,1
2026-04-08,Rosetta_mouth,CHL,my,2.329,1.879,1.587,2.548,0.9337
2026-04-11,Rosetta_mouth,CHL,my,2.327,2.228,1.37,2.333,1
2026-04-12,Rosetta_mouth,CHL,my,2.601,2.244,1.381,2.62,1
2026-04-13,Rosetta_mouth,CHL,my,3.404,2.732,1.696,3.596,1
2026-04-14,Rosetta_mouth,CHL,my,,2.125,1.708,2.987,0.7514
2026-04-15,Rosetta_mouth,CHL,my,2.046,1.833,1.448,2.18,0.9337
2026-04-19,Rosetta_mouth,CHL,my,,1.177,0.8836,1.547,0.6188
2026-04-22,Rosetta_mouth,CHL,my,3.103,2.367,1.663,3.474,1
2026-04-23,Rosetta_mouth,CHL,my,3.2,3.002,2.277,3.914,1
2026-04-25,Rosetta_mouth,CHL,my,2.178,1.904,1.412,2.553,1
2026-04-26,Rosetta_mouth,CHL,my,2.817,2.249,1.689,2.817,0.9392
2026-04-27,Rosetta_mouth,CHL,my,2.289,2.007,1.495,2.613,1
2026-04-29,Rosetta_mouth,CHL,my,2.772,2.368,1.335,2.772,0.7459
2026-04-30,Rosetta_mouth,CHL,my,7.206,3.922,2.749,8.538,1
2026-05-01,Rosetta_mouth,CHL,my,5.502,2.964,2.39,5.743,1
2026-05-05,Rosetta_mouth,CHL,my,,2.375,2.176,4.605,0.6243
2026-05-06,Rosetta_mouth,CHL,my,2.909,2.441,1.874,2.98,1
2026-05-07,Rosetta_mouth,CHL,my,2.446,2.091,1.642,2.724,1
2026-05-08,Rosetta_mouth,CHL,my,3.615,3.161,2.194,3.615,1
2026-05-10,Rosetta_mouth,CHL,my,5.785,3.405,2.808,6.965,1
2026-05-11,Rosetta_mouth,CHL,my,,2.265,1.411,2.779,0.8674
2026-05-12,Rosetta_mouth,CHL,my,2.509,2.367,1.544,2.529,1
2026-05-13,Rosetta_mouth,CHL,my,2.429,2.106,1.387,2.56,1
2026-05-19,Rosetta_mouth,CHL,my,1.645,,,,0.0608
2026-05-21,Rosetta_mouth,CHL,my,2.379,2.264,1.465,3.372,0.9392
2026-05-22,Rosetta_mouth,CHL,my,2.156,2.156,1.468,3.226,1
2026-05-23,Rosetta_mouth,CHL,my,2.237,1.661,1.238,2.535,1
2026-05-24,Rosetta_mouth,CHL,my,1.843,1.715,0.9135,2.097,1
2026-05-27,Rosetta_mouth,CHL,my,1.881,1.804,0.9122,1.945,1
2026-05-28,Rosetta_mouth,CHL,my,1.88,1.733,0.9215,2.604,1
2026-05-29,Rosetta_mouth,CHL,my,1.899,0.5809,0.4862,1.899,0.5028
2026-05-30,Rosetta_mouth,CHL,my,1.597,1.394,0.5864,1.597,0.558
2026-05-31,Rosetta_mouth,CHL,my,1.684,1.628,0.965,2.065,1
2026-06-02,Rosetta_mouth,CHL,my,1.658,1.588,1.055,1.747,0.9392
2026-06-04,Rosetta_mouth,CHL,my,1.575,1.313,0.7846,1.696,1
2026-06-05,Rosetta_mouth,CHL,my,1.468,1.133,0.7051,1.686,1
2026-06-06,Rosetta_mouth,CHL,my,1.943,1.613,0.8629,1.943,1
2026-06-07,Rosetta_mouth,CHL,my,1.288,0.5969,0.4944,1.789,1
2026-06-08,Rosetta_mouth,CHL,my,1.576,0.556,0.4891,1.632,1
2026-06-09,Rosetta_mouth,CHL,my,1.616,1.318,0.5795,1.616,1
2026-06-10,Rosetta_mouth,CHL,my,1.718,1.028,0.6181,1.796,1
2026-06-11,Rosetta_mouth,CHL,my,1.503,0.8351,0.5268,1.957,1
2026-06-12,Rosetta_mouth,CHL,my,1.92,1.199,0.5952,1.92,1
2026-06-13,Rosetta_mouth,CHL,my,1.468,1.148,0.5269,1.793,1
2026-06-15,Rosetta_mouth,CHL,my,2.176,1.635,0.8402,2.518,1
2026-06-16,Rosetta_mouth,CHL,my,3.609,2.235,1.272,4.485,1
2026-06-17,Rosetta_mouth,CHL,my,2.305,1.93,1.015,2.851,1
2026-06-22,Rosetta_mouth,CHL,my,2.303,1.866,1.004,3.045,1
2026-06-23,Rosetta_mouth,CHL,my,2.02,0.5175,0.6289,3.803,1
2026-06-24,Rosetta_mouth,CHL,my,2.023,1.611,0.9665,2.64,1
2026-06-26,Rosetta_mouth,CHL,my,1.849,1.572,1.281,3.482,1
2026-06-27,Rosetta_mouth,CHL,my,4.149,1.701,1.827,8.541,1
2026-06-28,Rosetta_mouth,CHL,my,7.011,2.851,2.384,7.274,1
2026-06-29,Rosetta_mouth,CHL,my,3.279,2.356,1.455,3.279,1
2026-06-30,Rosetta_mouth,CHL,my,1.884,1.135,0.8144,2.315,1
2026-07-01,Rosetta_mouth,CHL,my,1.346,1.311,0.7691,1.415,1
2026-07-04,Rosetta_mouth,CHL,my,2.255,1.816,1.49,3.039,1
2026-07-05,Rosetta_mouth,CHL,my,2.165,1.753,1.398,2.627,1
2026-07-06,Rosetta_mouth,CHL,my,,1.458,0.9444,1.661,0.8066
2026-07-07,Rosetta_mouth,CHL,my,2.037,1.874,1.425,2.076,1
2026-07-08,Rosetta_mouth,CHL,my,,2.097,1.512,2.298,0.8122
2026-07-09,Rosetta_mouth,CHL,my,2.471,2.174,1.731,5.094,1
2026-07-10,Rosetta_mouth,CHL,my,1.893,1.745,1.244,3.12,0.8729
2026-07-11,Rosetta_mouth,CHL,my,1.763,1.603,1.207,1.763,1
2026-07-12,Rosetta_mouth,CHL,my,1.659,1.659,1.084,1.78,1
2026-07-13,Rosetta_mouth,CHL,my,1.529,1.557,1.196,1.646,1
2026-07-14,Rosetta_mouth,CHL,my,2.141,1.613,1.227,2.141,0.9337
2026-07-16,Rosetta_mouth,CHL,my,2.285,1.973,1.491,2.55,1
2026-07-17,Rosetta_mouth,CHL,my,1.981,1.66,1.248,2.357,1
2026-07-18,Rosetta_mouth,CHL,my,1.642,1.642,1.139,1.883,0.8785
2026-07-19,Rosetta_mouth,CHL,my,1.872,1.485,1.139,4.161,1
2026-07-20,Rosetta_mouth,CHL,my,2.102,1.61,1.016,3.2,1
2026-07-21,Rosetta_mouth,CHL,my,1.715,1.218,0.907,1.864,1
2026-07-22,Rosetta_mouth,CHL,my,1.468,1.311,0.8546,2.016,1
2026-07-23,Rosetta_mouth,CHL,my,1.938,1.526,0.8963,1.938,0.9337
2026-07-24,Rosetta_mouth,CHL,my,4.558,3.866,2.018,5.211,1
2026-07-27,Rosetta_mouth,CHL,my,2.341,2.213,1.614,2.451,1
2026-07-28,Rosetta_mouth,CHL,my,1.625,1.625,1.157,1.716,1
2026-07-29,Rosetta_mouth,CHL,my,1.786,1.582,1.045,1.786,1
2026-07-30,Rosetta_mouth,CHL,my,1.73,1.646,1.392,2.723,1
2026-07-31,Rosetta_mouth,CHL,my,1.822,1.662,1.202,1.932,1
2026-08-01,Rosetta_mouth,CHL,my,2.995,1.77,1.247,3.783,1
2026-08-02,Rosetta_mouth,CHL,my,1.832,1.726,1.144,2.984,1
2026-08-03,Rosetta_mouth,CHL,my,1.741,1.493,0.8809,1.949,1
2026-08-05,Rosetta_mouth,CHL,my,1.973,1.834,1.106,1.973,1
2026-08-06,Rosetta_mouth,CHL,my,2.001,1.823,1.216,3.25,1
2026-08-07,Rosetta_mouth,CHL,my,2.657,2.051,1.444,5.398,1
2026-08-08,Rosetta_mouth,CHL,my,1.36,1.293,0.8227,1.534,1
2026-08-09,Rosetta_mouth,CHL,my,2.561,1.946,2.074,8.054,1
2026-08-10,Rosetta_mouth,CHL,my,2.836,2.323,1.349,3.505,1
2026-08-11,Rosetta_mouth,CHL,my,3.29,3.077,2.073,3.32,1
2026-08-12,Rosetta_mouth,CHL,my,2.618,2.122,1.476,2.73,1
2026-08-13,Rosetta_mouth,CHL,my,1.887,,,,0.3757
2026-08-16,Rosetta_mouth,CHL,my,2.492,2.387,1.824,2.507,1
2026-08-17,Rosetta_mouth,CHL,my,2.269,1.658,1.414,2.48,1
2026-08-18,Rosetta_mouth,CHL,my,1.935,1.6,1.122,2.364,0.9392
2026-08-19,Rosetta_mouth,CHL,my,3.607,2.039,1.946,7.663,1
2026-08-20,Rosetta_mouth,CHL,my,2.22,1.723,1.127,2.22,1
2026-08-21,Rosetta_mouth,CHL,my,1.944,1.44,0.9994,2.296,1
2026-08-22,Rosetta_mouth,CHL,my,1.84,1.328,0.8248,2.608,1
2026-08-23,Rosetta_mouth,CHL,my,1.865,1.218,1.047,6.86,1
2026-08-24,Rosetta_mouth,CHL,my,2.629,1.667,1.033,3.769,1
2026-08-25,Rosetta_mouth,CHL,my,1.597,1.473,0.8738,1.938,1
2026-08-26,Rosetta_mouth,CHL,my,1.806,1.633,0.9955,2.117,1
2026-08-27,Rosetta_mouth,CHL,my,1.827,1.451,0.961,2.478,1
2026-08-28,Rosetta_mouth,CHL,my,2.073,1.78,1.304,2.802,0.8177
2026-08-29,Rosetta_mouth,CHL,my,3.733,3.483,1.813,3.733,0.8619
2026-08-30,Rosetta_mouth,CHL,my,,2.257,1.835,4.214,0.7459
2026-08-31,Rosetta_mouth,CHL,my,2.658,1.805,1.25,3.228,1
2026-09-01,Rosetta_mouth,CHL,my,2.39,1.971,1.395,3.235,1
2026-09-02,Rosetta_mouth,CHL,nrt,2.611,1.689,1.301,2.898,1
2026-09-03,Rosetta_mouth,CHL,nrt,2.086,1.518,1.164,3.302,1
2026-09-04,Rosetta_mouth,CHL,nrt,2.666,1.649,1.406,6.878,1
2026-09-05,Rosetta_mouth,CHL,nrt,2.167,1.875,1.173,2.347,0.9945
2026-09-06,Rosetta_mouth,CHL,nrt,2.189,1.851,1.187,2.204,1
2026-09-07,Rosetta_mouth,CHL,nrt,3.655,2.272,1.544,3.655,1
2026-09-08,Rosetta_mouth,CHL,nrt,2.051,1.756,1.074,2.407,1
2026-09-09,Rosetta_mouth,CHL,nrt,1.883,1.521,1.103,4.133,1
2026-01-03,Tel_Aviv_IL,CHL,my,2.005,1.651,0.7429,2.198,1
2026-01-04,Tel_Aviv_IL,CHL,my,0.6493,0.5855,0.3706,1.136,1
2026-01-05,Tel_Aviv_IL,CHL,my,0.645,0.5748,0.4632,0.9591,1
2026-01-06,Tel_Aviv_IL,CHL,my,0.4744,0.3488,0.2602,0.5617,0.88
2026-01-07,Tel_Aviv_IL,CHL,my,0.3692,0.4413,0.2979,0.5145,0.93
2026-01-11,Tel_Aviv_IL,CHL,my,1.09,1.086,0.7835,1.427,1
2026-01-12,Tel_Aviv_IL,CHL,my,0.4702,,,,0.26
2026-01-15,Tel_Aviv_IL,CHL,my,1.047,1.013,0.5234,1.317,0.93
2026-01-16,Tel_Aviv_IL,CHL,my,0.9148,0.8098,0.3318,1.334,0.93
2026-01-26,Tel_Aviv_IL,CHL,my,0.2075,0.1422,0.1555,0.4668,1
2026-01-31,Tel_Aviv_IL,CHL,my,0.5027,0.3372,0.2341,0.6338,0.88
2026-02-01,Tel_Aviv_IL,CHL,my,0.2949,0.2685,0.1844,0.3712,0.93
2026-02-03,Tel_Aviv_IL,CHL,my,0.2578,0.2439,0.1378,0.2578,0.635
2026-02-05,Tel_Aviv_IL,CHL,my,0.2645,0.2423,0.173,0.3241,0.93
2026-02-18,Tel_Aviv_IL,CHL,my,,0.1563,0.1373,0.2332,0.54
2026-02-20,Tel_Aviv_IL,CHL,my,1.004,1.034,0.6864,1.165,0.93
2026-02-21,Tel_Aviv_IL,CHL,my,0.8322,,,,0.295
2026-02-22,Tel_Aviv_IL,CHL,my,0.7171,0.7171,0.4044,1.353,0.875
2026-02-24,Tel_Aviv_IL,CHL,my,0.4141,0.2843,0.1883,0.5184,1
2026-02-25,Tel_Aviv_IL,CHL,my,0.5958,,,,0.29
2026-02-26,Tel_Aviv_IL,CHL,my,,0.4029,0.243,0.5563,0.5
2026-02-27,Tel_Aviv_IL,CHL,my,0.611,0.5089,0.2846,0.8087,0.9
2026-02-28,Tel_Aviv_IL,CHL,my,0.9554,0.7277,0.3872,1.149,0.815
2026-03-01,Tel_Aviv_IL,CHL,my,1.214,1.033,0.3936,1.214,0.93
2026-03-02,Tel_Aviv_IL,CHL,my,0.6563,0.3975,0.247,0.8554,0.88
2026-03-03,Tel_Aviv_IL,CHL,my,1.067,0.3168,0.2584,1.067,0.865
2026-03-05,Tel_Aviv_IL,CHL,my,0.4474,0.2781,0.1683,0.5176,0.93
2026-03-06,Tel_Aviv_IL,CHL,my,0.388,0.3092,0.1895,0.6731,0.93
2026-03-08,Tel_Aviv_IL,CHL,my,0.321,0.2584,0.1706,0.4597,0.67
2026-03-09,Tel_Aviv_IL,CHL,my,0.2476,0.1326,0.1114,0.2865,0.88
2026-03-10,Tel_Aviv_IL,CHL,my,0.2604,0.2014,0.1406,0.3762,0.93
2026-03-11,Tel_Aviv_IL,CHL,my,0.3585,0.3415,0.2054,0.4041,0.93
2026-03-16,Tel_Aviv_IL,CHL,my,0.4471,,,,0.39
2026-03-17,Tel_Aviv_IL,CHL,my,0.5417,0.5259,0.269,0.711,0.93
2026-03-20,Tel_Aviv_IL,CHL,my,0.3227,0.2777,0.1725,0.5736,0.93
2026-03-24,Tel_Aviv_IL,CHL,my,1.365,1.199,0.5157,1.441,0.93
2026-03-26,Tel_Aviv_IL,CHL,my,,0.2472,0.2019,0.7144,0.72
2026-03-28,Tel_Aviv_IL,CHL,my,0.9218,0.5135,0.3216,0.9775,0.93
2026-03-31,Tel_Aviv_IL,CHL,my,1,0.7583,0.3801,1.149,0.93
2026-04-06,Tel_Aviv_IL,CHL,my,0.4904,,,,0.49
2026-04-07,Tel_Aviv_IL,CHL,my,0.2748,0.2001,0.1418,0.3447,0.69
2026-04-08,Tel_Aviv_IL,CHL,my,0.1626,,,,0.36
2026-04-09,Tel_Aviv_IL,CHL,my,0.367,0.3503,0.1685,0.367,0.61
2026-04-10,Tel_Aviv_IL,CHL,my,0.5635,0.4491,0.2562,0.8422,0.985
2026-04-11,Tel_Aviv_IL,CHL,my,1.423,0.943,0.422,1.771,0.69
2026-04-12,Tel_Aviv_IL,CHL,my,0.5981,0.5563,0.2398,0.831,0.985
2026-04-14,Tel_Aviv_IL,CHL,my,0.4379,0.3772,0.1953,0.566,0.93
2026-04-20,Tel_Aviv_IL,CHL,my,0.1533,0.1296,0.08627,0.1533,0.62
2026-04-21,Tel_Aviv_IL,CHL,my,0.194,0.1314,0.09864,0.2747,0.93
2026-04-22,Tel_Aviv_IL,CHL,my,0.2167,0.1643,0.1131,0.2989,1
2026-04-23,Tel_Aviv_IL,CHL,my,0.2586,0.2001,0.1142,0.3056,0.93
2026-04-27,Tel_Aviv_IL,CHL,my,0.1942,,,,0.145
2026-04-28,Tel_Aviv_IL,CHL,my,0.1911,0.1689,0.1101,0.255,0.93
2026-04-29,Tel_Aviv_IL,CHL,my,0.1872,0.1317,0.1117,0.3415,0.915
2026-04-30,Tel_Aviv_IL,CHL,my,0.1367,0.1125,0.1037,0.1774,0.93
2026-05-01,Tel_Aviv_IL,CHL,my,0.1389,0.1294,0.1374,0.3308,1
2026-05-02,Tel_Aviv_IL,CHL,my,,0.153,0.1019,0.1664,0.8
2026-05-07,Tel_Aviv_IL,CHL,my,1.317,1.265,0.9157,1.462,1
2026-05-08,Tel_Aviv_IL,CHL,my,0.6094,0.5433,0.4588,0.7027,0.93
2026-05-10,Tel_Aviv_IL,CHL,my,,0.2878,0.2722,0.3081,0.59
2026-05-11,Tel_Aviv_IL,CHL,my,0.2904,0.2904,0.2569,0.4731,1
2026-05-13,Tel_Aviv_IL,CHL,my,0.1509,0.1552,0.1483,0.1915,0.915
2026-05-19,Tel_Aviv_IL,CHL,my,0.2288,0.1693,0.128,0.2826,0.93
2026-05-20,Tel_Aviv_IL,CHL,my,0.1826,,,,0.27
2026-05-22,Tel_Aviv_IL,CHL,my,0.215,0.09307,0.08405,0.215,0.75
2026-05-23,Tel_Aviv_IL,CHL,my,0.9127,0.9608,0.7112,1.386,0.93
2026-05-24,Tel_Aviv_IL,CHL,my,0.6167,0.5344,0.2627,0.6598,0.93
2026-05-25,Tel_Aviv_IL,CHL,my,0.8994,0.781,0.4085,1.144,1
2026-05-29,Tel_Aviv_IL,CHL,my,0.3367,0.3492,0.3035,0.5299,1
2026-05-30,Tel_Aviv_IL,CHL,my,0.4741,0.4752,0.3022,0.7417,1
2026-05-31,Tel_Aviv_IL,CHL,my,0.9647,0.9025,0.5299,0.9647,0.655
2026-06-01,Tel_Aviv_IL,CHL,my,0.3595,0.3226,0.1823,0.4068,1
2026-06-02,Tel_Aviv_IL,CHL,my,0.4077,0.244,0.2147,0.4998,0.93
2026-06-03,Tel_Aviv_IL,CHL,my,0.1658,0.1633,0.1427,0.2091,0.93
2026-06-04,Tel_Aviv_IL,CHL,my,0.1582,0.151,0.1229,0.1705,0.93
2026-06-05,Tel_Aviv_IL,CHL,my,0.1372,0.1328,0.11,0.2482,0.95
2026-06-06,Tel_Aviv_IL,CHL,my,,0.1348,0.1104,0.1591,0.67
2026-06-07,Tel_Aviv_IL,CHL,my,0.1288,0.1429,0.1311,0.1556,0.93
2026-06-08,Tel_Aviv_IL,CHL,my,0.1065,0.09865,0.09496,0.1487,0.93
2026-06-09,Tel_Aviv_IL,CHL,my,0.09553,0.09924,0.09103,0.1554,0.93
2026-06-10,Tel_Aviv_IL,CHL,my,,0.1016,0.08296,0.104,0.735
2026-06-11,Tel_Aviv_IL,CHL,my,0.1039,0.102,0.08903,0.1431,0.93
2026-06-12,Tel_Aviv_IL,CHL,my,0.08734,0.07883,0.1111,0.5876,1
2026-06-13,Tel_Aviv_IL,CHL,my,0.08071,0.08071,0.07073,0.09112,0.93
2026-06-14,Tel_Aviv_IL,CHL,my,0.1199,0.104,0.09022,0.1666,0.85
2026-06-15,Tel_Aviv_IL,CHL,my,0.08981,0.08927,0.08627,0.2122,1
2026-06-16,Tel_Aviv_IL,CHL,my,0.1155,0.1034,0.08634,0.2342,1
2026-06-17,Tel_Aviv_IL,CHL,my,0.1434,0.1179,0.07939,0.155,0.93
2026-06-18,Tel_Aviv_IL,CHL,my,0.09584,0.08103,0.07097,0.09584,0.865
2026-06-19,Tel_Aviv_IL,CHL,my,0.1204,0.1192,0.1011,0.2841,1
2026-06-20,Tel_Aviv_IL,CHL,my,0.1141,0.1344,0.1293,0.509,1
2026-06-22,Tel_Aviv_IL,CHL,my,0.1297,0.1185,0.08789,0.1297,0.665
2026-06-23,Tel_Aviv_IL,CHL,my,0.1177,0.09901,0.07601,0.1177,0.865
2026-06-24,Tel_Aviv_IL,CHL,my,0.1484,0.1211,0.08208,0.1484,0.77
2026-06-27,Tel_Aviv_IL,CHL,my,0.2243,,,,0.375
2026-06-28,Tel_Aviv_IL,CHL,my,0.1797,0.1913,0.1172,0.2012,0.93
2026-06-29,Tel_Aviv_IL,CHL,my,0.2191,0.1652,0.1215,0.2468,0.785
2026-06-30,Tel_Aviv_IL,CHL,my,0.133,0.1223,0.1072,0.1713,0.93
2026-07-01,Tel_Aviv_IL,CHL,my,0.1676,0.1646,0.1314,0.2836,1
2026-07-02,Tel_Aviv_IL,CHL,my,0.1648,0.1648,0.1416,0.3089,0.935
2026-07-06,Tel_Aviv_IL,CHL,my,0.317,0.3209,0.1517,0.4969,1
2026-07-08,Tel_Aviv_IL,CHL,my,0.1441,0.1411,0.133,0.4586,1
2026-07-09,Tel_Aviv_IL,CHL,my,0.3188,0.2869,0.2058,0.5034,1
2026-07-10,Tel_Aviv_IL,CHL,my,0.4231,0.3921,0.1972,0.4337,0.93
2026-07-11,Tel_Aviv_IL,CHL,my,0.2818,0.2267,0.1351,0.3437,0.93
2026-07-12,Tel_Aviv_IL,CHL,my,0.2047,0.1996,0.1276,0.372,1
2026-07-13,Tel_Aviv_IL,CHL,my,,0.07764,0.04759,0.09843,0.605
2026-07-14,Tel_Aviv_IL,CHL,my,0.1743,0.06713,0.05363,0.1743,0.88
2026-07-16,Tel_Aviv_IL,CHL,my,0.219,0.2198,0.1452,0.5013,1
2026-07-17,Tel_Aviv_IL,CHL,my,0.225,,,,0.41
2026-07-18,Tel_Aviv_IL,CHL,my,0.2321,0.2061,0.1696,0.4652,1
2026-07-19,Tel_Aviv_IL,CHL,my,0.1771,0.1771,0.07863,0.2029,0.865
2026-07-20,Tel_Aviv_IL,CHL,my,0.1386,0.08373,0.08791,0.2078,0.93
2026-07-21,Tel_Aviv_IL,CHL,my,0.146,0.1335,0.1221,0.1856,0.88
2026-07-23,Tel_Aviv_IL,CHL,my,0.1613,0.151,0.09929,0.188,0.66
2026-07-24,Tel_Aviv_IL,CHL,my,0.1591,0.149,0.09001,0.2286,0.93
2026-07-25,Tel_Aviv_IL,CHL,my,0.2179,0.155,0.08502,0.2179,0.82
2026-07-26,Tel_Aviv_IL,CHL,my,0.3939,0.4072,0.2106,0.5061,0.93
2026-07-27,Tel_Aviv_IL,CHL,my,0.167,0.1577,0.1222,0.4564,1
2026-07-28,Tel_Aviv_IL,CHL,my,0.179,0.1639,0.1104,0.2397,0.93
2026-07-29,Tel_Aviv_IL,CHL,my,0.152,0.1415,0.14,0.4217,0.95
2026-07-30,Tel_Aviv_IL,CHL,my,0.1684,0.1446,0.117,0.1684,0.865
2026-07-31,Tel_Aviv_IL,CHL,my,0.1396,0.1317,0.1047,0.1872,0.93
2026-08-01,Tel_Aviv_IL,CHL,my,0.1473,0.1197,0.1057,0.2309,1
2026-08-02,Tel_Aviv_IL,CHL,my,0.1271,0.09673,0.09397,0.1862,0.93
2026-08-03,Tel_Aviv_IL,CHL,my,0.1537,0.1172,0.09466,0.189,0.88
2026-08-04,Tel_Aviv_IL,CHL,my,0.1523,0.1523,0.1394,0.4219,0.81
2026-08-05,Tel_Aviv_IL,CHL,my,0.1023,0.09212,0.09806,0.2693,1
2026-08-06,Tel_Aviv_IL,CHL,my,0.06409,0.06902,0.07161,0.1463,1
2026-08-07,Tel_Aviv_IL,CHL,my,0.1124,,,,0.145
2026-08-08,Tel_Aviv_IL,CHL,my,0.08989,,,,0.195
2026-08-09,Tel_Aviv_IL,CHL,my,0.1039,0.104,0.1096,0.4808,0.955
2026-08-10,Tel_Aviv_IL,CHL,my,0.1252,0.1252,0.08285,0.1487,0.93
2026-08-11,Tel_Aviv_IL,CHL,my,0.1424,0.101,0.0786,0.1424,0.88
2026-08-12,Tel_Aviv_IL,CHL,my,0.1717,0.1568,0.09539,0.1966,0.93
2026-08-15,Tel_Aviv_IL,CHL,my,0.1437,0.08367,0.08451,0.2708,1
2026-08-16,Tel_Aviv_IL,CHL,my,0.104,0.0944,0.09003,0.2065,0.855
2026-08-17,Tel_Aviv_IL,CHL,my,0.1516,0.1516,0.1142,0.1743,0.515
2026-08-19,Tel_Aviv_IL,CHL,my,0.2956,0.1714,0.1539,0.2956,0.93
2026-08-20,Tel_Aviv_IL,CHL,my,0.2103,0.1745,0.1284,0.2499,0.93
2026-08-21,Tel_Aviv_IL,CHL,my,0.2162,0.1979,0.1735,0.4667,0.76
2026-08-24,Tel_Aviv_IL,CHL,my,0.1233,0.1233,0.1095,0.3443,0.935
2026-08-25,Tel_Aviv_IL,CHL,my,0.1663,0.1559,0.1437,0.4098,1
2026-08-26,Tel_Aviv_IL,CHL,my,0.2163,0.1928,0.1166,0.2174,0.865
2026-08-27,Tel_Aviv_IL,CHL,my,0.9535,1.04,0.7837,1.214,0.93
2026-08-28,Tel_Aviv_IL,CHL,my,0.6151,,,,0.13
2026-08-29,Tel_Aviv_IL,CHL,my,0.7198,,,,0.355
2026-08-30,Tel_Aviv_IL,CHL,my,0.38,0.2952,0.2167,0.38,0.665
2026-08-31,Tel_Aviv_IL,CHL,my,2.261,1.9,1.556,3.746,1
2026-09-01,Tel_Aviv_IL,CHL,my,6.438,6.438,3.867,8.852,1
2026-09-02,Tel_Aviv_IL,CHL,nrt,5.586,4.905,2.627,5.586,0.93
2026-09-03,Tel_Aviv_IL,CHL,nrt,5.123,5.301,3.715,9.998,0.705
2026-09-04,Tel_Aviv_IL,CHL,nrt,4.089,2.705,2.432,6.744,1
2026-09-05,Tel_Aviv_IL,CHL,nrt,0.8379,,,,0.39
2026-09-06,Tel_Aviv_IL,CHL,nrt,,2.842,2.575,3.243,0.565
2026-09-07,Tel_Aviv_IL,CHL,nrt,5.022,5.133,4.633,6.568,0.66
2026-09-08,Tel_Aviv_IL,CHL,nrt,6.162,5.673,4.939,7.524,1
2026-09-09,Tel_Aviv_IL,CHL,nrt,4.334,3.629,3.016,7.172,0.93
