datetime,ZEMAH,MEROM GOLAN PICMAN,TAVOR KADOORIE,JERUSALEM GIVAT RAM,GILGAL,YOTVATA,HAIFA TECHNION,BESOR FARM,BEER SHEVA UNI,ELAT,EN HASHOFET,DOROT,NEGBA,BET DAGAN RAD,ZOVA,EDEN FARM,GAMLA,TEL YOSEF,ASHALIM,YAVNEEL,SHANI,ARAD,HAZEVA,HAIFA UNIVERSITY,SEDOM
2026-01-01 00:00,0.0,0.0,0.0,0.0,0.0,0.0,0.0,0.0,,0.0,0.0,0.0,0.0,,0.0,0.0,0.0,0.0,0.0,,,,,,
2026-01-01 01:00,0.0,0.0,0.0,0.0,0.0,0.0,0.0,0.0,,0.0,0.0,0.0,0.0,,0.0,0.0,0.0,0.0,0.0,,,,,,
2026-01-01 02:00,0.0,0.0,0.0,0.0,0.0,0.0,0.0,0.0,,0.0,0.0,0.0,0.0,,0.0,0.0,0.0,0.0,0.0,,,,,,
2026-01-01 03:00,0.0,0.0,0.0,0.0,0.0,0.0,0.0,0.0,,0.0,0.0,0.0,0.0,,0.0,0.0,0.0,0.0,0.0,,,,,,
2026-01-01 04:00,0.0,0.0,0.0,0.0,0.0,0.0,0.17,0.0,,0.0,0.0,0.0,0.0,,0.0,0.33,0.0,0.0,0.0,,,,,,
2026-01-01 05:00,0.0,0.0,0.0,0.0,0.0,0.0,0.0,0.0,,0.0,0.17,0.0,0.0,,0.0,1.0,0.0,0.0,0.0,,,,,,
2026-01-01 06:00,0.0,0.33,0.17,1.17,1.5,1.5,1.0,1.0,,1.67,0.5,1.5,2.0,,0.5,1.0,0.5,0.17,1.33,,,,,,
2026-01-01 07:00,3.67,9.83,23.67,27.83,27.33,55.0,18.67,54.83,133.0,72.5,34.0,50.0,56.83,,30.83,11.17,6.0,27.33,53.0,,,,,,
2026-01-01 08:00,21.83,32.83,70.17,245.33,68.67,192.5,15.5,212.67,217.33,168.67,105.83,264.0,276.83,18.75,249.33,42.67,23.17,68.5,210.67,,,,,,
2026-01-01 09:00,16.5,17.67,52.33,409.0,109.5,202.17,48.0,429.83,417.33,317.83,71.67,433.83,480.33,136.33,429.67,79.83,21.83,73.17,289.33,,,,,,
2026-01-01 10:00,54.33,31.5,223.17,563.0,46.5,249.83,151.0,559.5,559.83,244.67,136.5,527.67,582.17,274.33,533.33,47.33,60.17,192.17,547.83,,,,,,
2026-01-01 11:00,67.83,38.33,202.67,636.83,100.33,212.17,152.0,600.5,570.17,219.0,153.33,605.5,559.33,292.83,554.67,42.0,88.5,89.33,648.0,,,,,,
2026-01-01 12:00,66.5,27.33,150.17,434.5,284.33,199.17,133.5,429.67,427.5,254.0,108.17,405.0,510.83,443.33,424.0,38.5,56.83,41.33,476.33,,,,,,
2026-01-01 13:00,46.67,93.17,73.67,460.67,445.83,277.5,92.17,430.17,391.83,240.17,70.0,453.0,559.0,399.33,388.17,75.67,41.17,67.67,387.17,,,,,,
2026-01-01 14:00,32.67,51.33,31.33,269.0,156.67,340.5,132.83,310.33,315.67,283.33,41.33,387.67,356.33,115.83,242.5,112.5,42.83,33.33,310.0,,,,,,
2026-01-01 15:00,21.83,27.67,50.17,160.83,130.17,123.17,67.83,173.83,173.5,107.83,50.0,174.5,194.5,69.33,81.5,20.5,30.83,18.83,157.33,,,,,,
2026-01-01 16:00,6.33,3.83,5.0,27.0,23.33,24.33,4.5,32.17,32.0,10.83,15.17,26.33,27.67,3.17,23.67,7.5,12.83,9.5,38.67,,,,,,
2026-01-01 17:00,0.0,0.0,0.0,0.17,0.0,0.0,0.0,0.17,1.5,0.0,0.0,0.0,0.33,0.17,0.0,2.17,0.0,0.5,0.0,,,,,,
2026-01-01 18:00,0.0,0.0,0.0,0.0,0.0,0.0,0.0,0.0,,0.0,0.0,0.0,0.0,0.0,0.0,1.17,0.0,0.17,0.0,,,,,,
2026-01-01 19:00,0.0,0.0,0.0,0.0,0.0,0.0,0.0,0.0,,0.0,0.0,0.0,0.17,0.0,0.0,1.83,,1.5,0.0,,,,,,
2026-01-01 20:00,0.0,0.0,0.0,0.0,0.0,0.0,0.0,0.0,,0.0,0.0,0.0,1.0,0.0,0.0,1.83,0.0,0.5,0.0,,,,,,
2026-01-01 21:00,0.0,0.0,0.0,0.0,0.0,0.0,0.17,0.0,,0.0,0.0,0.0,0.17,0.0,0.0,1.5,0.0,0.0,0.0,,,,,,
2026-01-01 22:00,0.0,0.0,0.0,0.0,0.0,0.0,0.5,0.0,,0.0,0.0,0.0,0.33,0.0,0.0,1.83,0.0,0.33,0.0,,,,,,
2026-01-01 23:00,0.0,0.0,0.0,0.0,0.0,0.0,0.83,0.0,,0.0,0.67,0.0,0.83,0.0,0.0,1.67,0.0,0.17,0.0,,,,,,
2026-01-02 00:00,0.0,0.0,0.0,0.0,0.0,0.0,0.0,0.0,,0.0,0.0,0.0,0.83,0.0,0.0,1.5,0.0,0.0,0.0,,,,,,
2026-01-02 01:00,0.0,0.0,0.0,0.0,0.0,0.0,0.0,0.0,,0.0,0.0,0.0,1.0,0.0,0.0,1.5,0.0,0.0,0.0,,,,,,
2026-01-02 02:00,0.0,0.0,0.17,0.0,0.0,0.0,0.0,0.0,,0.0,0.0,0.0,1.0,0.0,0.0,1.17,0.0,0.0,0.0,,,,,,
2026-01-02 03:00,0.0,0.0,0.0,0.0,0.0,0.0,0.0,0.0,,0.0,0.0,0.0,1.0,0.0,0.0,1.5,0.0,0.0,0.0,,,,,,
2026-01-02 04:00,0.0,0.0,0.0,0.0,0.0,0.0,0.0,0.0,,0.0,0.0,0.0,1.0,0.0,0.0,1.5,0.0,0.0,0.0,,,,,,
2026-01-02 05:00,0.0,0.0,0.0,0.0,0.0,0.0,0.0,0.0,,0.0,0.0,0.0,1.0,0.0,0.0,1.0,0.0,0.0,0.0,,,,,,
2026-01-02 06:00,0.17,0.83,0.67,1.33,0.17,1.17,0.17,0.67,,2.17,0.33,0.17,1.17,0.17,0.0,2.17,0.83,0.67,0.33,,,,,,
2026-01-02 07:00,16.5,83.33,22.17,14.0,8.17,77.5,36.0,7.83,,81.17,29.5,9.33,8.0,17.67,9.17,16.67,41.5,12.33,9.33,,,,,,
2026-01-02 08:00,135.5,273.5,106.5,69.0,35.33,261.0,198.83,30.17,,261.83,137.83,27.33,43.67,67.83,64.83,69.17,216.33,104.5,29.0,,,,,,
2026-01-02 09:00,183.17,368.5,355.33,166.83,119.17,427.17,423.0,100.0,,435.5,378.83,70.0,84.33,128.83,135.0,104.67,386.17,261.0,51.83,,,,,,
2026-01-02 10:00,433.83,319.83,563.67,114.0,146.83,561.17,529.67,208.0,,564.5,545.83,128.67,147.83,121.0,158.5,177.0,538.83,484.5,122.17,,,,,,
2026-01-02 11:00,395.83,221.5,626.83,168.33,295.0,565.5,319.17,274.83,194.0,632.83,642.5,312.67,154.67,209.33,140.5,216.0,609.83,452.5,293.17,,,,,,
2026-01-02 12:00,592.83,272.5,475.17,205.5,297.83,319.83,187.17,406.67,332.75,611.67,561.17,167.5,314.0,229.33,188.17,550.17,404.5,598.33,248.83,,,,,,
2026-01-02 13:00,378.83,343.0,380.17,198.17,292.0,365.83,208.67,271.5,247.5,442.0,483.5,262.5,323.33,255.33,195.83,528.17,291.33,441.5,244.0,,,,,,
2026-01-02 14:00,315.0,291.0,227.5,137.0,234.5,198.0,231.5,412.83,246.5,276.33,403.33,153.5,289.83,252.17,145.83,340.83,88.17,396.0,89.67,,,,,,
2026-01-02 15:00,215.0,184.67,219.17,105.67,182.0,125.5,137.0,249.33,135.0,157.17,227.33,177.67,195.5,164.67,97.83,172.83,96.17,208.5,97.5,,,,,,
2026-01-02 16:00,64.67,19.5,46.83,20.5,32.17,31.17,28.33,43.83,68.83,27.17,29.5,41.67,32.0,48.0,30.0,23.5,15.0,28.17,35.67,,,,,,
2026-01-02 17:00,0.0,0.0,0.0,0.17,0.0,0.17,0.0,0.67,0.83,0.17,0.0,0.0,0.17,0.0,0.0,0.0,0.0,0.0,0.17,,,,,,
2026-01-02 18:00,0.0,0.0,0.0,0.0,0.0,0.0,0.0,,,0.0,0.0,0.0,0.0,0.0,0.0,0.0,0.0,0.0,0.0,,,,,,
2026-01-02 19:00,0.0,0.0,0.0,0.0,0.0,0.0,0.0,,,0.0,0.0,0.0,0.0,0.0,0.0,0.5,0.0,0.0,0.0,,,,,,
2026-01-02 20:00,0.0,0.0,0.0,0.0,0.0,0.0,0.0,,,0.0,0.0,0.0,0.0,0.0,0.0,1.0,0.0,0.0,0.0,,,,,,
2026-01-02 21:00,0.0,0.0,0.0,0.0,0.0,0.0,0.0,,,0.0,0.0,0.0,0.0,0.0,0.0,0.67,0.0,0.0,0.0,,,,,,
2026-01-02 22:00,0.0,0.0,0.0,0.0,0.0,0.0,0.0,,,0.0,0.0,0.0,0.17,0.0,0.0,0.0,0.0,0.0,0.0,,,,,,
2026-01-02 23:00,0.0,0.0,0.0,0.0,0.0,0.0,0.0,,,0.0,0.0,0.0,0.17,0.0,0.0,0.0,0.0,0.0,0.0,,,,,,
2026-01-03 00:00,0.0,0.0,0.0,0.0,0.0,0.0,0.0,,,0.0,0.0,0.0,0.17,0.0,0.0,0.0,0.0,0.0,0.0,,,,,,
2026-01-03 01:00,0.0,0.0,0.0,0.0,0.0,0.0,0.0,,,0.0,0.0,0.0,0.17,0.0,0.0,0.0,0.0,0.0,0.0,,,,,,
2026-01-03 02:00,0.0,0.0,0.0,0.0,0.0,0.0,0.0,,,0.0,0.0,0.0,0.5,0.0,0.0,0.0,0.0,0.0,0.0,,,,,,
2026-01-03 03:00,0.0,0.0,0.0,0.0,0.0,0.0,0.0,,,0.0,0.0,0.0,0.17,0.0,0.0,0.0,0.0,0.0,0.0,,,,,,
2026-01-03 04:00,0.0,0.0,0.0,0.0,0.0,0.0,0.0,,,0.0,0.0,0.0,0.0,0.0,0.0,0.0,0.0,0.0,0.0,,,,,,
2026-01-03 05:00,0.0,0.0,0.0,0.0,0.0,0.0,0.0,,,0.0,0.0,0.0,0.0,0.0,0.0,0.0,0.0,0.0,0.0,,,,,,
2026-01-03 06:00,0.67,2.0,1.0,1.5,1.67,1.67,0.67,,,2.0,1.17,1.0,1.33,1.67,0.5,1.5,1.33,1.0,0.0,,,,,,
2026-01-03 07:00,65.33,132.5,38.0,100.17,48.17,88.67,48.83,,,94.17,85.0,68.0,99.17,67.67,68.83,80.33,87.83,64.33,0.0,,,,,,
2026-01-03 08:00,226.17,274.83,198.83,289.17,250.83,287.17,250.0,,284.4,293.5,253.67,225.17,252.67,261.5,288.33,241.83,269.33,252.17,0.0,,,,,,
2026-01-03 09:00,398.5,444.0,401.0,522.83,409.5,457.83,383.17,,353.67,464.67,433.5,426.17,475.0,426.33,339.5,408.33,431.83,410.0,0.0,,,,,,
2026-01-03 10:00,516.33,564.17,524.33,722.5,527.0,579.17,534.17,,570.33,591.0,540.0,565.67,612.0,548.83,449.67,525.33,525.67,531.17,0.0,,,,,,
2026-01-03 11:00,575.67,623.83,579.17,733.0,587.33,636.17,589.17,,630.33,648.0,600.0,564.17,664.83,605.17,397.0,588.17,599.0,586.17,0.0,,,,,,
2026-01-03 12:00,571.33,609.0,569.67,607.0,578.67,634.5,582.0,,624.0,644.33,589.83,579.5,669.33,601.5,596.83,588.0,580.5,582.17,0.0,,,,,,
2026-01-03 13:00,497.83,519.17,494.33,544.67,487.5,561.83,497.33,,551.33,571.17,517.33,555.67,600.67,530.5,478.83,502.17,506.83,517.67,0.0,,,,,,
2026-01-03 14:00,370.33,363.67,365.83,369.17,365.67,417.33,372.0,,419.5,434.83,387.83,417.17,456.0,399.5,376.17,360.5,377.0,387.17,0.0,,,,,,
2026-01-03 15:00,206.0,206.0,204.33,227.33,206.33,245.67,192.17,,240.5,207.83,217.67,239.0,253.5,225.33,215.33,197.67,206.67,194.0,0.0,,,,,,
2026-01-03 16:00,40.0,32.17,31.0,59.0,35.5,65.33,18.17,,62.5,25.83,51.83,61.0,65.5,47.5,44.5,38.5,41.33,19.17,0.0,,,,,,
2026-01-03 17:00,0.0,0.0,0.0,0.0,0.0,0.33,0.0,,0.33,0.33,0.0,0.0,0.0,0.0,0.0,0.0,0.0,0.0,0.0,,,,,,
2026-01-03 18:00,0.0,0.0,0.0,0.0,0.0,0.0,0.0,,,0.0,0.0,0.0,0.0,0.0,0.0,0.0,0.0,0.0,0.0,,,,,,
2026-01-03 19:00,0.0,0.0,0.0,0.0,0.0,0.0,0.0,,,0.0,0.0,0.0,0.0,0.0,0.0,0.0,0.0,0.0,0.0,,,,,,
2026-01-03 20:00,0.0,0.0,0.0,0.0,0.0,0.0,0.0,,,0.0,0.0,0.0,0.0,0.0,0.0,0.0,0.0,0.0,0.0,,,,,,
2026-01-03 21:00,0.0,0.0,0.0,0.0,0.0,0.0,0.0,,,0.0,0.0,0.0,0.0,0.0,0.0,0.0,0.0,0.0,0.0,,,,,,
2026-01-03 22:00,0.0,0.0,0.0,0.0,0.0,0.0,0.0,,,0.0,0.0,0.0,0.0,0.0,0.0,0.0,,0.0,0.0,,,,,,
2026-01-03 23:00,0.0,0.0,0.0,0.0,0.0,0.0,0.0,,,0.0,0.0,0.0,0.0,0.0,0.0,0.0,,0.0,0.0,,,,,,
2026-01-04 00:00,0.0,0.0,0.0,0.0,0.0,0.0,0.0,0.0,,0.0,0.0,0.0,0.0,0.0,0.0,0.0,0.0,0.0,0.0,,,,,,
2026-01-04 01:00,0.0,0.0,0.0,0.0,0.0,0.0,0.0,0.0,,0.0,0.0,0.0,0.0,0.0,0.0,0.0,0.0,0.0,0.0,,,,,,
2026-01-04 02:00,0.0,0.0,0.0,0.0,0.0,0.0,0.0,0.0,,0.0,0.0,0.0,0.0,0.0,0.0,0.0,0.0,0.0,0.0,,,,,,
2026-01-04 03:00,0.0,0.0,0.0,0.0,0.0,0.0,0.0,0.0,,0.0,0.0,0.0,0.0,0.0,0.0,0.0,0.0,0.0,0.0,,,,,,
2026-01-04 04:00,0.0,0.0,0.0,0.0,0.0,0.0,0.0,0.0,,0.0,0.0,0.0,0.0,0.0,0.0,0.0,0.0,0.0,0.0,,,,,,
2026-01-04 05:00,0.0,0.0,0.0,0.0,0.0,0.0,0.0,0.0,,0.0,0.0,0.0,0.0,0.0,0.0,0.0,0.0,0.0,0.0,,,,,,
2026-01-04 06:00,0.67,1.17,,1.17,1.17,1.33,0.5,1.0,,1.67,0.67,1.0,1.17,1.33,0.5,1.33,1.17,0.67,0.0,,,,,,
2026-01-04 07:00,73.5,90.5,,97.17,75.5,79.67,49.17,68.17,135.33,84.17,79.83,85.83,95.67,69.67,70.17,78.33,93.0,77.67,0.0,,,,,,
2026-01-04 08:00,249.33,283.17,,292.0,234.33,264.5,261.5,259.33,281.0,272.17,263.83,276.33,275.83,272.67,270.17,256.0,278.0,257.5,0.0,,,,,,
2026-01-04 09:00,411.33,457.17,,466.33,406.33,451.33,428.5,439.83,455.5,433.0,427.5,449.83,481.0,437.33,437.17,418.5,445.0,424.67,0.0,,,,,,
2026-01-04 10:00,528.0,576.0,,586.67,528.17,572.33,548.33,565.83,579.83,546.83,545.67,572.5,626.5,558.5,556.67,529.83,561.83,537.5,0.0,,,,,,
2026-01-04 11:00,586.83,630.67,,643.17,592.5,573.67,606.33,633.17,638.5,487.5,602.83,631.83,675.0,614.0,619.5,588.17,614.17,593.5,0.0,,,,,,
2026-01-04 12:00,578.17,622.67,,630.67,580.17,542.83,602.5,513.33,566.67,505.17,597.17,598.33,628.67,597.33,613.33,578.5,607.83,580.33,0.0,,,,,,
2026-01-04 13:00,503.83,536.5,,533.33,473.17,327.5,531.83,363.17,525.17,372.33,521.5,463.0,492.67,478.33,479.0,506.5,536.5,507.0,0.0,,,,,,
2026-01-04 14:00,328.83,403.33,,332.0,315.33,235.5,275.83,317.17,313.33,157.17,334.17,241.0,322.83,318.83,310.17,299.67,383.0,348.33,0.0,,,,,,
2026-01-04 15:00,174.5,117.17,,129.5,149.5,147.5,138.83,126.5,176.83,128.5,164.33,169.5,133.67,144.33,122.83,142.83,162.17,130.67,0.0,,,,,,
2026-01-04 16:00,29.0,29.0,,37.0,24.0,32.17,38.17,33.0,30.67,22.83,43.17,27.0,32.5,31.0,33.0,39.5,29.0,32.83,0.0,,,,,,
2026-01-04 17:00,0.0,0.0,,0.33,0.0,0.5,0.0,0.67,3.0,0.33,0.0,0.0,0.17,0.0,0.0,0.17,0.0,0.0,0.0,,,,,,
2026-01-04 18:00,0.0,0.0,,0.0,0.0,0.0,0.0,0.0,,0.0,0.0,0.0,0.0,0.0,0.0,0.0,0.0,0.0,0.0,,,,,,
2026-01-04 19:00,0.0,0.0,,0.0,0.0,0.0,0.0,0.0,,0.0,0.0,0.0,0.0,0.0,0.0,0.0,0.0,0.0,0.0,,,,,,
2026-01-04 20:00,0.0,0.0,,0.0,0.0,0.0,0.0,0.0,,0.0,0.0,0.0,0.0,0.17,0.0,0.0,0.0,0.0,0.0,,,,,,
2026-01-04 21:00,0.0,0.0,,0.0,0.0,0.0,0.0,0.0,,0.0,0.0,0.0,0.0,0.0,0.0,0.0,0.0,0.0,0.0,,,,,,
2026-01-04 22:00,0.0,0.0,,0.0,0.0,0.0,0.0,0.0,,0.0,0.0,0.0,0.0,0.0,0.0,0.0,0.0,0.0,0.0,,,,,,
2026-01-04 23:00,0.0,0.0,,0.0,0.0,0.0,0.0,0.0,,0.0,0.0,0.0,0.0,0.0,0.0,0.0,0.0,0.0,0.0,,,,,,
2026-01-05 00:00,0.0,0.0,,0.0,0.0,0.0,0.0,0.0,,0.0,0.0,0.0,0.0,0.0,0.0,0.0,0.0,0.0,0.0,,,,,,
2026-01-05 01:00,0.0,0.0,,0.0,0.0,0.0,0.0,0.0,,0.0,0.0,0.0,0.0,0.0,0.0,0.0,0.0,0.0,0.0,,,,,,
2026-01-05 02:00,0.0,0.0,,0.0,0.0,0.0,0.0,0.0,,0.0,0.0,0.0,0.0,0.0,0.0,0.0,0.0,0.0,0.0,,,,,,
2026-01-05 03:00,0.0,0.0,,0.0,0.0,0.0,0.0,0.0,,0.0,0.0,0.0,0.0,0.0,0.0,0.0,0.0,0.0,0.0,,,,,,
2026-01-05 04:00,0.0,0.0,,0.0,0.0,0.0,0.0,0.0,,0.0,0.0,0.0,0.0,0.0,0.0,0.0,0.0,0.0,0.0,,,,,,
2026-01-05 05:00,0.0,0.0,,0.0,0.0,0.0,0.0,0.0,,0.0,0.0,0.0,0.0,0.0,0.0,0.0,0.0,0.0,0.0,,,,,,
2026-01-05 06:00,0.67,1.17,,1.17,1.17,1.5,0.67,1.0,,1.67,0.67,1.0,1.0,1.0,0.5,1.5,1.83,0.67,0.0,,,,,,
2026-01-05 07:00,69.33,61.33,,82.33,63.0,76.5,50.67,62.33,133.5,82.67,70.0,72.33,77.33,63.33,63.5,71.33,72.5,70.0,0.0,,,,,,
2026-01-05 08:00,235.83,222.0,,270.0,215.33,260.33,238.5,238.67,259.67,267.17,241.83,247.0,250.33,245.5,253.0,238.83,266.5,242.17,0.0,,,,,,
2026-01-05 09:00,393.67,436.33,,437.5,385.83,427.67,402.33,414.33,429.5,423.67,404.0,416.67,444.17,405.0,416.83,395.67,423.67,406.33,0.0,,,,,,
2026-01-05 10:00,509.5,553.5,,556.17,480.67,551.0,522.0,541.17,552.17,543.17,519.33,537.67,587.67,524.5,535.67,512.33,537.5,520.17,554.17,,,,,,
2026-01-05 11:00,564.33,611.5,,615.17,549.0,600.67,577.83,604.0,612.17,600.17,581.83,600.17,642.5,586.5,590.33,568.17,595.17,572.83,622.67,,,,,,
2026-01-05 12:00,556.17,599.5,,608.0,547.0,599.83,574.17,601.0,609.5,594.0,579.5,597.5,640.17,585.33,588.17,565.33,581.83,566.0,622.33,,,,,,
2026-01-05 13:00,488.17,521.83,,536.5,480.0,526.0,512.33,529.83,538.67,525.17,509.0,522.17,572.67,511.33,521.83,496.83,507.83,496.83,552.5,,,,,,
2026-01-05 14:00,362.17,383.5,,404.83,351.17,392.83,380.33,404.67,408.83,394.0,385.0,387.83,423.5,378.33,393.5,369.83,378.17,368.0,420.83,,,,,,
2026-01-05 15:00,199.33,205.17,,230.17,177.17,224.33,199.17,229.83,234.33,196.0,217.0,222.83,235.17,213.0,223.17,201.0,204.83,190.5,234.83,,,,,,
2026-01-05 16:00,41.0,35.33,,54.17,34.17,59.67,22.0,59.83,57.17,36.67,51.67,53.0,57.17,45.0,46.67,42.17,42.67,22.0,59.5,,,,,,
2026-01-05 17:00,0.0,0.0,,0.0,0.0,0.33,0.0,0.17,0.4,0.17,0.0,0.0,0.0,0.0,0.0,0.0,0.0,0.0,0.0,,,,,,
2026-01-05 18:00,0.0,0.0,,0.0,0.0,0.0,0.0,0.0,,0.0,0.0,0.0,0.0,0.0,0.0,0.0,0.0,0.0,0.0,,,,,,
2026-01-05 19:00,0.0,0.0,,0.0,0.0,0.0,0.0,0.0,,0.0,0.0,0.0,0.0,0.0,0.0,0.0,0.0,0.0,0.0,,,,,,
2026-01-05 20:00,0.0,0.0,,0.0,0.0,0.0,0.0,0.0,,0.0,0.0,0.0,0.0,0.0,0.0,0.0,0.0,0.0,0.0,,,,,,
2026-01-05 21:00,0.0,0.0,,0.0,0.0,0.0,0.0,0.0,,0.0,0.0,0.0,0.0,0.0,0.0,0.0,0.0,0.0,0.0,,,,,,
2026-01-05 22:00,0.0,0.0,,0.0,0.0,0.0,0.0,0.0,,0.0,0.0,0.0,0.0,0.0,0.0,0.0,0.0,0.0,0.0,,,,,,
2026-01-05 23:00,0.0,0.0,,0.0,0.0,0.0,0.0,0.0,,0.0,0.0,0.0,0.0,0.0,0.0,0.0,0.0,0.0,0.0,,,,,,
2026-01-06 00:00,0.0,0.0,,0.0,0.0,0.0,0.0,0.0,,0.0,0.0,0.0,0.0,0.0,0.0,0.0,0.0,0.0,0.0,,,,,,
2026-01-06 01:00,0.0,0.0,,0.0,0.0,0.0,0.0,0.0,,0.0,0.0,0.0,0.0,0.0,0.0,0.0,0.0,0.0,0.0,,,,,,
2026-01-06 02:00,0.0,0.0,,0.0,0.0,0.0,0.0,0.0,,0.0,0.0,0.0,0.0,0.0,0.0,0.0,0.0,0.0,0.0,,,,,,
2026-01-06 03:00,0.0,0.0,,0.0,0.0,0.0,0.0,0.0,,0.0,0.0,0.0,0.0,0.0,0.0,0.0,0.0,0.0,0.0,,,,,,
2026-01-06 04:00,0.0,0.0,,0.0,0.0,0.0,0.0,0.0,,0.0,0.0,0.0,0.0,0.0,0.0,0.0,0.0,0.0,0.0,,,,,,
2026-01-06 05:00,0.0,0.0,,0.0,0.0,0.0,0.0,0.0,,0.0,0.0,0.0,0.0,0.0,0.0,0.0,0.0,0.0,0.0,,,,,,
2026-01-06 06:00,0.67,0.5,,2.33,1.33,1.33,0.5,1.83,,1.83,1.0,1.5,1.5,2.0,2.17,1.0,1.33,0.5,2.17,,,,,,
2026-01-06 07:00,69.5,80.17,,63.33,55.83,72.0,43.67,55.33,,76.17,53.5,58.17,61.5,55.83,52.5,66.67,72.33,56.17,58.5,,,,,,
2026-01-06 08:00,184.17,233.33,,196.17,197.5,249.83,196.0,232.33,231.83,254.0,164.83,224.67,226.67,184.33,184.67,179.17,209.0,183.67,245.0,,,,,,
2026-01-06 09:00,354.67,307.0,,418.0,370.67,423.67,328.83,409.0,418.83,429.33,414.0,412.83,435.0,374.5,390.83,312.33,484.0,348.17,415.5,,,,,,
2026-01-06 10:00,359.0,494.5,,534.67,495.83,547.67,502.0,536.17,546.67,556.17,526.67,535.17,576.0,492.17,500.33,525.83,412.5,557.83,551.67,,,,,,
2026-01-06 11:00,556.67,516.33,,584.0,553.83,609.5,561.67,599.33,608.83,613.0,566.17,597.0,642.0,556.17,550.17,553.33,564.33,557.17,621.17,,,,,,
2026-01-06 12:00,545.67,588.0,,573.17,544.33,609.0,556.33,589.0,599.0,608.0,560.67,590.83,641.67,555.5,551.67,545.0,565.17,549.0,619.17,,,,,,
2026-01-06 13:00,476.0,506.67,,498.5,463.17,531.0,480.67,514.0,513.5,535.5,498.0,495.67,519.17,471.83,479.67,476.0,490.17,478.5,538.17,,,,,,
2026-01-06 14:00,335.67,372.5,,335.33,302.5,394.67,350.17,410.5,390.17,405.5,328.33,396.67,374.17,304.83,332.67,338.5,353.67,337.5,426.5,,,,,,
2026-01-06 15:00,175.0,185.5,,192.0,158.67,237.67,139.5,224.17,228.33,187.0,129.5,237.17,251.67,178.33,186.67,146.0,148.5,136.67,230.5,,,,,,
2026-01-06 16:00,26.17,28.17,,54.67,47.0,64.0,29.83,74.5,64.0,37.5,37.67,51.33,48.0,57.0,52.67,31.83,38.33,27.67,68.0,,,,,,
2026-01-06 17:00,0.0,0.0,,0.0,0.0,0.17,0.0,0.67,0.5,0.17,0.0,0.0,0.17,0.0,0.0,0.0,0.0,0.0,0.0,,,,,,
2026-01-06 18:00,0.0,0.0,,0.0,0.0,0.0,0.0,0.0,,0.0,0.0,0.0,0.0,0.0,0.0,0.0,0.0,0.0,0.0,,,,,,
2026-01-06 19:00,0.0,0.0,,0.0,0.0,0.0,0.0,0.0,,0.0,0.0,0.0,0.0,0.0,0.0,0.0,0.0,0.0,0.0,,,,,,
2026-01-06 20:00,0.0,0.0,,0.0,0.0,0.0,0.0,0.0,,0.0,0.0,0.0,0.0,0.0,0.0,0.0,0.0,0.0,0.0,,,,,,
2026-01-06 21:00,0.0,0.0,,0.0,0.0,0.0,0.0,0.0,,0.0,0.0,0.0,0.0,0.0,0.0,0.0,0.0,0.0,0.0,,,,,,
2026-01-06 22:00,0.0,0.0,,0.0,0.0,0.0,0.0,0.0,,0.0,0.0,0.0,0.0,0.0,0.0,0.0,0.0,0.0,0.0,,,,,,
2026-01-06 23:00,0.0,0.0,,0.0,0.0,0.0,0.0,0.0,,0.0,0.0,0.0,0.0,0.0,0.0,0.0,0.0,0.0,0.0,,,,,,
2026-01-07 00:00,0.0,0.0,,0.0,0.0,0.0,0.0,0.0,,0.0,0.0,0.0,0.0,0.0,0.0,0.0,0.0,0.0,0.0,,,,,,
2026-01-07 01:00,0.0,0.0,,0.0,0.0,0.0,0.0,0.0,,0.0,0.0,0.0,0.0,0.0,0.0,0.0,0.0,0.0,0.0,,,,,,
2026-01-07 02:00,0.0,0.0,,0.0,0.0,0.0,0.0,0.0,,0.0,0.0,0.0,0.0,0.0,0.0,0.0,0.0,0.0,0.0,,,,,,
2026-01-07 03:00,0.0,0.0,,0.0,0.0,0.0,0.0,0.0,,0.0,0.0,0.0,0.0,0.0,0.0,0.0,0.0,0.0,0.0,,,,,,
2026-01-07 04:00,0.0,0.0,,0.0,0.0,0.0,0.0,0.0,,0.0,0.0,0.0,0.0,0.0,0.0,0.0,0.0,0.0,0.0,,,,,,
2026-01-07 05:00,0.0,0.0,,0.0,0.0,0.0,0.0,0.0,,0.0,0.0,0.0,0.0,0.0,0.0,0.0,0.0,0.0,0.0,,,,,,
2026-01-07 06:00,1.0,0.83,,1.83,1.17,2.5,0.83,1.5,,2.83,0.83,2.0,1.83,1.83,0.83,1.83,1.5,1.0,2.5,,,,,,
2026-01-07 07:00,67.67,85.17,,91.0,67.33,80.17,52.17,75.67,136.33,79.33,70.5,69.83,74.0,66.67,64.33,67.17,82.83,65.83,73.5,,,,,,
2026-01-07 08:00,231.5,261.67,,282.17,221.33,233.33,243.0,243.0,243.5,252.33,246.67,221.0,222.33,258.0,261.5,218.33,254.83,227.67,242.83,,,,,,
2026-01-07 09:00,391.0,437.17,,449.5,386.5,437.67,408.5,424.0,447.5,448.17,401.5,422.83,448.33,407.17,421.0,389.5,417.5,398.67,402.33,,,,,,
2026-01-07 10:00,508.5,544.33,,560.67,471.0,531.0,510.83,516.83,517.83,543.17,523.17,499.67,594.67,488.17,540.33,495.5,536.83,492.5,522.5,,,,,,
2026-01-07 11:00,561.5,604.67,,596.5,529.33,589.83,551.0,569.83,591.17,373.33,586.0,560.0,555.5,525.0,551.33,574.33,569.83,572.33,531.5,,,,,,
2026-01-07 12:00,540.17,581.5,,594.0,560.67,582.67,566.67,599.33,590.33,612.67,574.0,606.67,657.67,565.83,575.17,560.33,564.33,536.33,565.0,,,,,,
2026-01-07 13:00,477.5,505.67,,521.67,483.17,557.17,488.67,544.0,529.0,340.5,500.0,545.5,563.33,493.0,501.17,481.33,503.25,485.33,461.83,,,,,,
2026-01-07 14:00,347.0,368.17,,393.17,347.33,312.33,358.83,413.17,401.33,302.5,370.33,415.17,430.17,370.33,366.67,359.0,354.5,351.33,421.17,,,,,,
2026-01-07 15:00,185.33,194.33,,225.5,183.83,266.5,190.0,240.83,231.5,195.17,204.83,236.0,241.67,201.67,208.0,190.67,193.0,179.0,249.17,,,,,,
2026-01-07 16:00,37.33,40.67,,53.33,35.5,60.33,30.83,65.0,62.83,42.5,40.17,57.67,62.17,42.83,42.17,38.83,41.33,24.0,66.33,,,,,,
2026-01-07 17:00,0.0,0.0,,0.0,0.0,1.0,0.0,0.5,0.33,0.33,0.0,0.17,0.17,0.0,0.0,0.0,0.0,0.0,0.0,,,,,,
2026-01-07 18:00,0.0,0.0,,0.0,0.0,0.0,0.0,0.0,,0.0,0.0,0.0,0.0,0.0,0.0,0.0,0.0,0.0,0.0,,,,,,
2026-01-07 19:00,0.0,0.0,,0.0,0.0,0.0,0.0,0.0,,0.0,0.0,0.0,0.0,0.0,0.0,0.0,0.0,0.0,0.0,,,,,,
2026-01-07 20:00,0.0,0.0,,0.0,0.0,0.0,0.0,0.0,,0.0,0.0,0.0,0.0,0.0,0.0,0.0,0.0,0.0,0.0,,,,,,
2026-01-07 21:00,0.0,0.0,,0.0,0.0,0.0,0.0,0.0,,0.0,0.0,0.0,0.0,0.0,0.0,0.0,0.0,0.0,0.0,,,,,,
2026-01-07 22:00,0.0,0.0,,0.0,0.0,0.0,0.0,0.0,,0.0,0.0,0.0,0.0,0.0,0.0,0.0,0.0,0.0,0.0,,,,,,
2026-01-07 23:00,0.0,0.0,,0.0,0.0,0.0,0.0,0.0,,0.0,0.0,0.0,0.0,0.0,0.0,0.0,0.0,0.0,0.0,,,,,,
2026-01-08 00:00,0.0,0.0,,0.0,0.0,0.0,0.0,0.0,,0.0,0.0,0.0,0.0,0.0,0.0,0.0,0.0,0.0,0.0,,,,,,
2026-01-08 01:00,0.0,0.0,,0.0,0.0,0.0,0.0,0.0,,0.0,0.0,0.0,0.0,0.0,0.0,0.0,0.0,0.0,0.0,,,,,,
2026-01-08 02:00,0.0,0.0,,0.0,0.0,0.0,0.0,0.0,,0.0,0.0,0.0,0.0,0.0,0.0,0.0,0.0,0.0,0.0,,,,,,
2026-01-08 03:00,0.0,0.0,,0.0,0.0,0.0,0.0,0.0,,0.0,0.0,0.0,0.0,0.0,0.0,0.0,0.0,0.0,0.0,,,,,,
2026-01-08 04:00,0.0,0.0,,0.0,0.0,0.0,0.0,0.0,,0.0,0.0,0.0,0.0,0.0,0.0,0.0,0.0,0.0,0.0,,,,,,
2026-01-08 05:00,0.0,0.0,,0.0,0.0,0.0,0.0,0.0,,0.0,0.0,0.0,0.0,0.0,0.0,0.0,0.0,0.0,0.0,,,,,,
2026-01-08 06:00,1.0,1.0,,1.5,1.5,2.83,0.83,1.17,,2.83,1.17,1.83,1.33,1.5,0.33,2.33,0.0,1.67,2.0,,,,,,
2026-01-08 07:00,62.17,77.5,,75.83,63.83,82.83,47.33,62.5,135.5,82.17,60.33,69.67,78.83,67.17,55.33,68.17,,61.83,60.33,,,,,,
2026-01-08 08:00,215.33,249.83,,261.0,201.67,266.0,224.33,235.0,251.5,276.0,231.83,211.0,255.33,231.5,240.83,212.33,,211.67,252.83,,,,,,
2026-01-08 09:00,349.17,400.67,,415.33,371.67,439.17,342.0,415.33,423.0,454.5,391.17,417.5,445.5,410.5,402.5,365.5,,382.83,424.83,,,,,,
2026-01-08 10:00,485.33,553.67,,543.5,497.83,562.0,505.17,549.83,550.5,576.5,504.5,543.67,587.33,526.5,522.17,485.83,,495.0,565.17,,,,,,
2026-01-08 11:00,546.0,459.0,,594.83,553.67,625.0,501.5,616.33,624.5,629.67,512.83,616.17,659.67,535.83,571.83,540.83,,519.5,640.33,,,,,,
2026-01-08 12:00,442.67,445.83,,588.83,538.5,629.5,536.17,604.17,586.33,624.83,511.83,603.0,655.17,569.67,566.83,546.33,,459.5,629.83,,,,,,
2026-01-08 13:00,462.83,504.83,,513.67,470.33,548.0,485.0,540.33,542.67,558.17,484.83,533.5,555.5,514.5,503.33,465.17,,475.17,565.67,,,,,,
2026-01-08 14:00,322.5,373.17,,379.33,337.67,396.0,346.33,406.33,412.67,408.67,351.33,394.83,437.17,377.17,373.0,344.17,,336.83,412.83,,,,,,
2026-01-08 15:00,176.5,187.0,,186.67,182.0,238.67,180.17,201.33,220.5,204.83,198.17,226.67,205.67,181.0,183.33,173.5,,174.5,197.33,,,,,,
2026-01-08 16:00,35.67,36.67,,38.67,27.67,72.33,31.83,51.83,47.33,39.33,43.17,51.33,55.17,34.67,37.33,41.33,,33.5,57.0,,,,,,
2026-01-08 17:00,0.0,0.0,,0.0,0.0,0.0,0.0,0.17,0.2,0.17,0.0,0.0,0.0,0.0,0.0,0.0,0.0,0.0,0.0,,,,,,
2026-01-08 18:00,0.0,0.0,,0.0,0.0,0.0,0.0,0.0,,0.0,0.0,0.0,0.0,0.0,0.0,0.0,0.0,0.0,0.0,,,,,,
2026-01-08 19:00,0.0,0.0,,0.0,0.0,0.0,0.0,0.0,,0.0,0.0,0.0,0.0,0.0,0.0,0.0,0.0,0.0,0.0,,,,,,
2026-01-08 20:00,0.0,0.83,,0.0,0.0,0.0,0.0,0.0,,0.0,0.0,0.0,0.17,0.0,0.0,0.17,0.0,0.0,0.0,,,,,,
2026-01-08 21:00,0.0,0.17,,0.0,0.0,0.0,0.0,0.0,,0.0,0.0,0.0,0.17,0.0,0.0,0.5,0.0,0.0,0.0,,,,,,
2026-01-08 22:00,0.0,0.0,,0.0,0.0,0.0,0.0,0.0,,0.0,0.0,0.0,0.0,0.0,0.0,1.0,0.0,0.0,0.0,,,,,,
2026-01-08 23:00,0.0,0.0,,0.0,0.0,0.0,0.0,0.0,,0.0,0.0,0.0,0.33,0.0,0.0,0.83,0.0,0.0,0.0,,,,,,
2026-01-09 00:00,0.0,0.0,,0.0,0.0,0.0,0.0,0.0,,0.0,0.0,0.0,0.17,0.0,0.0,0.5,0.0,0.0,0.0,,,,,,
2026-01-09 01:00,0.0,0.0,,0.0,0.0,0.0,0.0,0.0,,0.0,0.0,0.0,0.0,0.0,0.0,0.83,0.0,0.0,0.0,,,,,,
2026-01-09 02:00,0.0,0.0,,0.0,0.0,0.0,0.0,0.0,,0.0,0.0,0.0,0.0,0.0,0.0,0.5,0.0,0.0,0.0,,,,,,
2026-01-09 03:00,0.0,0.0,,0.0,0.0,0.0,0.0,0.0,,0.0,0.0,0.0,0.0,0.0,0.0,0.83,0.0,0.0,0.0,,,,,,
2026-01-09 04:00,0.0,0.0,,0.0,0.0,0.0,0.0,0.0,,0.0,0.0,0.0,0.0,0.0,0.0,0.67,0.0,0.33,0.0,,,,,,
2026-01-09 05:00,0.0,0.0,,0.0,0.0,0.0,0.0,0.0,,0.0,0.0,0.0,1.0,0.0,0.0,1.0,0.0,0.17,0.0,,,,,,
2026-01-09 06:00,0.0,0.0,,0.67,0.17,0.67,0.0,0.83,,0.5,0.0,0.17,1.5,0.0,0.0,1.33,,0.33,0.17,,,,,,
2026-01-09 07:00,5.83,2.83,,4.5,6.0,60.5,3.83,9.0,,52.33,5.0,10.17,10.83,5.67,1.0,13.5,,7.83,10.5,,,,,,
2026-01-09 08:00,27.33,21.5,,32.67,33.33,55.67,72.0,22.0,,70.33,22.17,17.33,10.5,31.5,23.33,52.33,,42.67,54.33,,,,,,
2026-01-09 09:00,88.0,138.33,,61.17,50.5,54.33,285.0,93.83,,59.33,305.67,48.67,135.17,250.83,39.33,116.67,,271.67,79.67,,,,,,
2026-01-09 10:00,542.67,437.0,,312.67,267.0,60.0,230.0,466.17,160.0,77.83,357.17,345.83,464.83,332.83,288.83,410.33,,531.33,129.0,,,,,,
2026-01-09 11:00,570.5,113.33,,278.5,339.5,49.33,164.83,606.17,332.0,76.17,405.33,452.0,543.33,458.83,294.0,592.67,,571.5,528.5,,,,,,
2026-01-09 12:00,406.5,225.17,,175.83,299.5,148.5,183.33,574.67,471.5,283.67,188.83,431.67,292.5,170.17,172.0,492.5,,343.17,481.33,,,,,,
2026-01-09 13:00,147.0,31.83,,89.83,254.33,253.0,93.5,255.0,389.83,599.83,43.5,248.0,225.33,87.83,102.67,266.0,,151.67,479.83,,,,,,
2026-01-09 14:00,56.17,53.5,,70.17,102.83,382.17,72.5,296.33,266.5,365.83,38.17,210.67,98.67,49.0,81.0,161.0,,51.33,118.67,,,,,,
2026-01-09 15:00,102.0,25.0,,16.0,143.83,185.67,85.17,125.67,70.0,244.33,75.67,51.33,71.83,92.33,18.17,98.33,,71.0,77.67,,,,,,
2026-01-09 16:00,41.83,12.67,,10.17,35.17,37.5,31.17,60.33,35.5,49.83,33.0,28.83,39.33,49.0,12.67,56.0,,26.83,32.67,,,,,,
2026-01-09 17:00,0.17,0.5,,0.83,1.33,0.83,0.33,1.0,4.5,0.67,0.5,0.67,1.33,0.17,0.17,0.67,0.0,0.33,2.0,,,,,,
2026-01-09 18:00,0.0,0.0,,0.0,0.0,0.0,0.0,0.0,,0.0,0.0,0.0,0.0,0.0,0.0,0.33,0.0,0.0,0.0,,,,,,
2026-01-09 19:00,0.0,0.0,,0.0,0.0,0.0,0.0,0.0,,0.0,0.0,0.0,0.0,0.0,0.0,0.0,0.0,0.17,0.0,,,,,,
2026-01-09 20:00,0.0,0.0,,0.0,0.0,0.0,0.0,0.0,,0.0,0.0,0.0,0.0,0.0,0.0,0.0,0.0,0.0,0.0,,,,,,
2026-01-09 21:00,0.0,0.0,,0.0,0.0,0.0,0.0,0.0,,0.0,0.0,0.0,0.0,0.0,0.0,0.0,0.0,0.0,0.0,,,,,,
2026-01-09 22:00,0.0,0.0,,0.0,0.0,0.0,0.0,0.0,,0.0,0.0,0.0,0.0,0.0,0.0,0.0,0.0,0.0,0.0,,,,,,
2026-01-09 23:00,0.0,0.0,,0.0,0.0,0.0,0.0,0.0,,0.0,0.0,0.0,0.0,0.0,0.0,0.0,0.0,0.0,0.0,,,,,,
2026-01-10 00:00,0.0,0.0,,0.0,0.17,0.0,0.0,0.0,,0.0,0.0,0.0,0.0,0.0,0.0,0.0,0.0,0.0,0.0,,,,,,
2026-01-10 01:00,0.0,0.0,,0.0,0.0,0.0,0.0,0.0,,0.0,0.0,0.0,0.0,0.0,0.0,0.0,0.0,0.0,0.0,,,,,,
2026-01-10 02:00,0.0,0.0,,0.0,0.0,0.0,0.0,0.0,,0.0,0.0,0.0,0.0,0.0,0.0,0.33,0.0,0.0,0.0,,,,,,
2026-01-10 03:00,0.0,0.0,,0.0,0.0,0.0,0.0,0.0,,0.0,0.0,0.0,0.0,0.0,0.0,0.0,0.0,0.0,0.0,,,,,,
2026-01-10 04:00,0.0,0.0,,0.0,0.0,0.0,0.0,0.0,,0.0,0.0,0.0,0.0,0.0,0.0,0.0,0.0,0.0,0.0,,,,,,
2026-01-10 05:00,0.0,0.0,,0.0,0.0,0.0,0.0,0.0,,0.0,0.0,0.0,0.17,0.0,0.0,0.0,0.0,0.0,0.0,,,,,,
2026-01-10 06:00,0.5,0.33,,1.33,1.0,1.0,0.5,0.83,,1.5,0.67,0.83,0.83,0.67,0.5,0.83,0.0,0.67,1.17,,,,,,
2026-01-10 07:00,28.33,33.17,,87.33,42.83,47.0,66.83,52.5,,88.33,66.0,57.83,49.0,45.83,30.83,60.83,,68.0,32.83,,,,,,
2026-01-10 08:00,140.67,83.83,,184.33,172.33,311.33,246.83,198.67,235.33,285.83,246.83,151.0,154.83,206.17,165.33,245.33,,255.67,233.33,,,,,,
2026-01-10 09:00,380.33,263.83,,372.0,376.0,435.33,307.0,436.33,319.33,456.5,346.83,434.0,437.17,183.67,237.5,411.17,,348.67,441.67,,,,,,
2026-01-10 10:00,185.67,314.17,,187.33,543.83,575.17,388.17,562.33,337.17,571.33,381.83,570.67,522.33,306.17,108.0,257.17,,252.5,541.17,,,,,,
2026-01-10 11:00,467.0,205.33,,137.33,637.83,645.83,505.0,658.17,393.83,631.17,422.33,600.0,646.83,452.67,178.67,374.17,,284.17,449.5,,,,,,
2026-01-10 12:00,638.5,246.83,,346.5,315.33,656.5,475.0,406.0,332.67,628.17,442.67,429.0,472.0,574.67,378.67,266.33,,351.5,572.33,,,,,,
2026-01-10 13:00,365.33,327.67,,265.17,235.67,582.83,373.83,342.0,415.83,580.17,362.0,432.67,461.17,318.5,198.33,176.5,,267.0,497.83,,,,,,
2026-01-10 14:00,384.0,81.83,,175.17,253.33,494.67,286.67,273.5,368.0,444.0,241.5,271.83,125.67,211.33,86.67,395.5,,134.33,368.67,,,,,,
2026-01-10 15:00,163.83,59.83,,157.33,131.5,289.0,164.0,235.0,252.33,243.33,176.17,197.5,98.17,56.5,178.0,252.67,,129.17,185.0,,,,,,
2026-01-10 16:00,18.0,17.17,,54.0,33.33,85.83,19.83,56.83,62.33,24.5,28.17,70.67,45.83,21.17,36.33,40.83,,18.17,74.17,,,,,,
2026-01-10 17:00,0.0,0.17,,0.33,0.0,0.83,0.0,0.5,0.6,0.5,0.0,0.33,0.5,0.17,0.0,0.83,0.0,0.33,0.17,,,,,,
2026-01-10 18:00,0.0,0.0,,0.0,0.0,0.0,0.0,0.0,,0.0,0.0,0.0,0.0,0.0,0.0,0.67,0.0,0.0,0.0,,,,,,
2026-01-10 19:00,0.0,0.0,,0.0,0.0,0.0,0.17,0.0,,0.0,0.0,0.0,0.0,0.0,0.0,0.67,0.0,0.0,0.0,,,,,,
2026-01-10 20:00,0.0,0.0,,0.0,0.0,0.0,0.0,0.0,,0.0,0.0,0.0,0.0,0.0,0.0,0.0,0.0,0.0,0.0,,,,,,
2026-01-10 21:00,0.0,0.0,,0.0,0.0,0.0,0.0,0.0,,0.0,0.0,0.0,0.0,0.0,0.0,0.0,0.0,0.0,0.0,,,,,,
2026-01-10 22:00,0.0,0.0,,0.0,0.0,0.0,0.0,0.0,,0.0,0.0,0.0,0.0,0.0,0.0,0.0,0.0,0.0,0.0,,,,,,
2026-01-10 23:00,0.0,0.0,,0.0,0.0,0.0,0.0,0.0,,0.0,0.0,0.0,0.0,0.0,0.0,0.0,0.0,0.0,0.0,,,,,,
2026-01-11 00:00,0.0,0.0,,0.0,0.0,0.0,0.0,0.0,,0.0,0.0,0.0,0.0,0.0,0.0,0.0,0.0,0.0,0.0,,,,,,
2026-01-11 01:00,0.0,0.0,,0.0,0.0,0.0,0.0,0.0,,0.0,0.0,0.0,0.0,0.0,0.0,0.0,0.0,0.0,0.0,,,,,,
2026-01-11 02:00,0.0,0.33,,0.0,0.0,0.0,0.0,0.0,,0.0,0.0,0.0,0.0,0.0,0.0,0.0,0.0,0.0,0.0,,,,,,
2026-01-11 03:00,0.0,0.0,,0.0,0.0,0.0,0.0,0.0,,0.0,0.0,0.0,0.0,0.0,0.0,0.0,0.0,0.0,0.0,,,,,,
2026-01-11 04:00,0.0,0.0,,0.0,0.0,0.0,0.0,0.0,,0.0,0.0,0.0,0.0,0.0,0.0,0.0,0.0,0.0,0.0,,,,,,
2026-01-11 05:00,0.0,0.0,,0.0,0.0,0.0,0.0,0.0,,0.0,0.0,0.0,0.0,0.0,0.0,0.0,0.0,0.0,0.0,,,,,,
2026-01-11 06:00,0.5,1.17,,1.17,1.17,1.17,0.5,0.67,,1.67,0.67,1.0,1.0,1.17,0.33,1.33,0.0,1.0,1.0,,,,,,
2026-01-11 07:00,62.67,77.0,,93.33,77.0,83.0,58.67,64.83,136.0,94.0,76.33,82.5,90.33,67.5,60.33,71.67,,72.0,65.17,,,,,,
2026-01-11 08:00,235.83,223.5,,288.67,245.67,282.33,251.83,256.5,281.5,302.17,256.5,274.83,273.17,260.67,265.17,249.0,,248.67,278.83,,,,,,
2026-01-11 09:00,404.5,416.83,,460.5,410.17,436.83,418.83,443.0,455.0,473.33,425.83,448.33,454.17,431.5,432.83,429.17,,415.5,456.33,,,,,,
2026-01-11 10:00,528.67,562.83,,582.67,541.83,452.83,543.5,576.33,584.0,593.67,547.67,574.33,581.0,551.0,555.0,492.0,,536.0,589.33,,,,,,
2026-01-11 11:00,587.17,627.67,,647.0,609.5,665.17,604.67,644.83,649.17,547.83,604.33,640.17,616.17,612.67,610.0,414.67,,593.5,659.67,,,,,,
2026-01-11 12:00,586.0,628.67,,634.5,606.33,664.33,598.83,643.5,645.67,653.33,595.83,640.83,678.33,614.5,602.17,544.67,,587.33,650.67,,,,,,
2026-01-11 13:00,510.0,554.83,,556.5,535.33,594.0,523.83,575.67,577.0,588.5,530.17,574.0,615.33,548.67,537.67,558.67,,520.0,592.0,,,,,,
2026-01-11 14:00,387.0,423.33,,434.33,400.17,461.67,401.0,448.5,445.5,453.0,404.33,445.17,467.0,412.5,419.5,412.5,,396.17,434.83,,,,,,
2026-01-11 15:00,223.67,237.17,,264.17,225.0,282.5,232.5,280.33,272.83,251.5,237.33,267.0,305.5,239.17,250.5,226.17,,220.5,287.83,,,,,,
2026-01-11 16:00,51.5,49.17,,75.33,49.17,83.33,26.83,85.67,85.67,23.0,64.67,80.33,89.5,62.17,57.67,52.83,,23.83,90.33,,,,,,
2026-01-11 17:00,0.0,0.0,,0.17,0.0,0.0,0.17,0.5,0.5,0.17,0.17,0.17,0.5,0.0,0.0,0.17,0.0,0.17,0.33,,,,,,
2026-01-11 18:00,0.0,0.0,,0.0,0.0,0.0,0.0,0.0,,0.0,0.0,0.0,0.0,0.0,0.0,0.0,0.0,0.0,0.0,,,,,,
2026-01-11 19:00,0.0,0.0,,0.0,0.0,0.0,0.0,0.0,,0.0,0.0,0.0,0.0,0.0,0.0,0.0,0.0,0.0,0.0,,,,,,
2026-01-11 20:00,0.0,0.0,,0.0,0.0,0.0,0.0,0.0,,0.0,0.0,0.0,0.0,0.0,0.0,0.0,0.0,0.0,0.0,,,,,,
2026-01-11 21:00,0.0,0.17,,0.0,0.0,0.0,0.0,0.0,,0.0,0.0,0.0,0.0,0.0,0.0,0.0,0.0,0.0,0.0,,,,,,
2026-01-11 22:00,0.0,0.0,,0.0,0.0,0.0,0.0,0.0,,0.0,0.0,0.0,0.0,0.0,0.0,0.0,0.0,0.0,0.0,,,,,,
2026-01-11 23:00,0.0,0.0,,0.0,0.0,0.0,0.0,0.0,,0.0,0.0,0.0,0.0,0.0,0.0,0.0,0.0,0.0,0.0,,,,,,
2026-01-12 00:00,0.0,0.0,,0.0,0.0,0.0,0.0,0.0,,0.0,0.0,0.0,0.0,0.0,0.0,0.0,0.0,0.0,0.0,,,,,,
2026-01-12 01:00,0.0,0.0,,0.0,0.0,0.0,0.0,0.0,,0.0,0.0,0.0,0.0,0.0,0.0,0.0,0.0,0.0,0.0,,,,,,
2026-01-12 02:00,0.0,0.0,,0.0,0.0,0.0,0.0,0.0,,0.0,0.0,0.0,0.0,0.0,0.0,0.0,0.0,0.0,0.0,,,,,,
2026-01-12 03:00,,0.0,,0.0,0.0,0.0,0.0,0.0,,0.0,0.0,0.0,0.0,0.0,0.0,0.0,0.0,0.0,0.0,,,,,,
2026-01-12 04:00,,0.0,,0.0,0.0,0.0,0.0,0.0,,0.0,0.0,0.0,0.0,0.0,0.0,0.0,0.0,0.0,0.0,,,,,,
2026-01-12 05:00,,0.0,,0.0,0.0,0.0,0.0,0.0,,0.0,0.0,0.0,0.0,0.0,0.0,0.0,0.0,0.0,0.0,,,,,,
2026-01-12 06:00,,0.67,,1.17,1.17,1.83,0.5,0.67,,3.0,0.5,0.83,1.0,1.5,0.5,1.67,0.0,1.0,0.83,,,,,,
2026-01-12 07:00,,44.17,,87.83,65.5,84.0,73.33,66.0,141.5,100.33,68.0,79.67,90.5,67.33,61.5,68.83,52.5,61.33,73.33,,,,,,
2026-01-12 08:00,,99.0,,287.0,229.83,264.0,241.5,255.0,273.33,290.17,263.17,270.83,291.0,247.5,258.0,254.17,104.67,241.67,271.33,,,,,,
2026-01-12 09:00,,213.83,,462.83,390.17,433.0,434.5,441.5,450.17,447.5,391.5,449.0,478.17,432.33,429.83,442.67,434.67,411.5,450.83,,,,,,
2026-01-12 10:00,,183.33,,584.17,532.17,577.0,316.5,573.33,580.67,561.0,511.67,578.33,571.5,549.5,553.83,500.83,586.33,529.5,572.67,,,,,,
2026-01-12 11:00,,128.33,,622.33,605.83,562.0,334.33,642.33,646.33,600.17,463.83,646.33,565.5,612.67,613.17,386.0,585.83,600.33,528.0,,,,,,
2026-01-12 12:00,,218.83,,659.17,613.83,548.83,333.33,604.67,629.5,512.67,299.33,536.17,584.33,463.17,591.0,302.17,498.5,430.0,0.0,,,,,,
2026-01-12 13:00,,78.17,,505.33,512.17,583.83,277.33,506.67,560.67,531.5,433.83,470.33,520.83,454.17,423.67,274.83,258.5,231.0,0.0,,,,,,
2026-01-12 14:00,,145.5,,392.33,313.33,454.0,68.67,388.33,386.0,437.33,311.0,401.83,372.0,285.33,327.83,250.83,344.33,201.33,0.0,,,,,,
2026-01-12 15:00,,88.33,,245.67,176.67,284.0,106.83,219.5,180.83,237.0,150.5,205.5,225.5,164.0,222.33,104.83,,163.17,0.0,,,,,,
2026-01-12 16:00,,18.33,,53.17,46.0,93.0,26.67,55.83,58.17,28.0,36.67,49.17,58.17,52.33,47.5,49.33,,58.83,0.0,,,,,,
2026-01-12 17:00,,0.0,,0.5,0.17,1.17,0.17,1.0,1.75,0.67,0.17,0.5,1.0,0.5,0.0,0.17,0.0,0.17,0.0,,,,,,
2026-01-12 18:00,,0.0,,0.0,0.0,0.0,0.0,0.0,,0.0,0.0,0.0,0.0,0.0,0.0,0.67,0.0,0.0,0.0,,,,,,
2026-01-12 19:00,,0.0,,0.0,0.0,0.0,0.0,0.0,,0.0,0.0,0.0,0.0,0.0,0.0,1.0,0.0,0.0,0.0,,,,,,
2026-01-12 20:00,,0.0,,0.0,0.0,0.0,0.0,0.0,,0.0,0.0,0.0,0.0,0.0,0.0,0.33,0.0,0.17,0.0,,,,,,
2026-01-12 21:00,,0.0,,0.0,0.0,0.0,0.0,0.0,,0.0,0.0,0.0,0.33,0.0,0.0,0.17,0.0,0.0,0.0,,,,,,
2026-01-12 22:00,,0.0,,0.0,0.0,0.0,0.0,0.0,,0.0,0.0,0.0,0.33,0.0,0.0,0.17,0.0,0.0,0.0,,,,,,
2026-01-12 23:00,,0.0,,0.0,0.0,0.0,0.0,0.0,,0.0,0.0,0.33,0.5,0.0,0.0,0.67,0.0,0.0,0.0,,,,,,
2026-01-13 00:00,,0.0,,0.0,0.17,0.0,0.0,0.0,,0.0,0.0,0.0,0.5,0.0,0.0,0.67,0.0,1.33,0.0,,,,,,
2026-01-13 01:00,,0.5,,0.0,1.33,0.0,0.0,0.0,,0.0,0.0,0.0,1.33,0.0,0.0,0.83,0.0,0.5,0.0,,,,,,
2026-01-13 02:00,,0.17,,0.0,0.33,0.0,0.0,0.0,,0.0,0.5,0.0,0.0,0.0,0.0,0.83,0.0,0.33,0.0,,,,,,
2026-01-13 03:00,,0.17,,0.0,0.0,0.0,0.0,0.0,,0.0,0.0,0.0,1.67,0.0,0.0,1.0,0.0,0.5,0.0,,,,,,
2026-01-13 04:00,,0.0,,0.0,0.0,0.0,0.0,0.0,,0.0,0.33,0.0,1.33,0.0,0.0,1.0,0.0,0.0,0.0,,,,,,
2026-01-13 05:00,,0.0,,0.0,0.0,0.0,0.0,0.0,,0.0,0.0,0.0,1.67,0.0,0.0,0.83,0.0,1.5,0.0,,,,,,
2026-01-13 06:00,,0.5,,0.83,0.17,0.83,0.33,1.17,,1.17,0.0,1.17,1.67,1.5,0.5,1.33,0.0,0.33,0.0,,,,,,
2026-01-13 07:00,,8.83,,3.33,40.0,79.5,25.5,43.67,,74.5,17.17,62.0,14.17,19.0,3.5,14.83,,13.17,0.0,,,,,,
2026-01-13 08:00,,43.67,,12.5,71.17,265.0,111.67,199.67,190.33,279.33,106.83,175.33,19.17,74.67,11.83,82.67,,130.83,0.0,,,,,,
2026-01-13 09:00,,46.17,,29.5,148.17,166.0,124.33,389.0,379.5,504.5,197.33,147.67,47.67,96.0,28.67,342.17,,281.5,0.0,,,,,,
2026-01-13 10:00,,79.0,,33.17,328.17,312.83,180.33,443.83,255.5,635.17,215.0,175.0,193.33,292.5,31.0,213.67,33.33,305.17,0.0,,,,,,
2026-01-13 11:00,,125.17,,68.5,414.83,223.33,265.17,544.67,323.0,566.67,406.67,126.33,198.5,403.67,92.67,475.33,131.5,372.33,0.0,,,,,,
2026-01-13 12:00,,83.67,,157.5,478.5,209.67,171.5,608.33,483.0,600.0,386.83,231.67,314.67,250.0,113.33,528.17,278.33,527.67,0.0,,,,,,
2026-01-13 13:00,,41.33,,104.33,558.0,195.17,368.67,116.5,113.67,405.5,322.33,242.17,238.0,378.17,81.17,449.5,64.67,277.33,0.0,,,,,,
2026-01-13 14:00,,100.0,,270.83,430.17,224.33,144.0,190.83,90.5,213.83,177.0,227.83,335.17,343.67,270.33,397.83,300.33,232.0,0.0,,,,,,
2026-01-13 15:00,,30.0,,142.5,246.0,140.0,157.5,81.83,46.17,145.83,132.17,66.5,108.0,111.83,113.17,151.83,139.5,117.33,0.0,,,,,,
2026-01-13 16:00,,10.0,,17.83,18.0,25.83,9.33,67.17,58.0,34.83,10.83,22.67,51.17,15.5,14.83,15.17,71.67,12.67,0.0,,,,,,
2026-01-13 17:00,,0.83,,0.83,0.67,0.67,0.17,1.5,,1.17,0.17,0.33,1.5,0.67,0.0,1.5,0.0,0.17,0.0,,,,,,
2026-01-13 18:00,,0.0,,0.0,0.0,0.0,0.0,0.0,,0.0,0.33,0.0,0.17,0.0,0.0,1.17,0.0,0.33,0.0,,,,,,
2026-01-13 19:00,,0.0,,0.0,0.0,0.0,0.0,0.0,,0.0,0.0,0.0,0.17,0.0,0.0,1.17,0.0,0.0,0.0,,,,,,
2026-01-13 20:00,,0.0,,0.0,0.17,0.0,0.0,0.0,,0.0,0.0,0.0,0.5,0.0,0.0,0.0,0.0,0.0,0.0,,,,,,
2026-01-13 21:00,,0.0,,0.0,0.0,0.0,0.0,0.0,,0.0,0.0,0.0,0.0,0.0,0.0,0.0,0.0,0.0,0.0,,,,,,
2026-01-13 22:00,,0.0,,0.0,0.0,0.0,0.0,0.0,,0.0,0.0,0.0,0.0,0.0,0.0,0.5,0.0,0.0,0.0,,,,,,
2026-01-13 23:00,0.0,0.0,,0.0,0.0,0.0,0.0,0.0,,0.0,0.0,0.0,0.0,0.0,0.0,0.33,0.0,0.17,0.0,,,,,,
2026-01-14 00:00,0.0,0.0,,0.0,0.0,0.0,0.0,0.0,,0.0,0.0,0.0,0.0,0.0,0.0,0.5,0.0,0.0,0.0,,,,,,
2026-01-14 01:00,0.0,0.0,,0.0,0.0,0.0,0.33,0.0,,0.0,0.0,0.0,0.83,0.0,0.0,0.0,0.0,0.0,0.0,,,,,,
2026-01-14 02:00,0.0,0.0,,0.0,0.0,0.0,0.0,0.0,,0.0,0.0,0.0,0.67,0.0,0.0,0.5,0.0,0.0,0.0,,,,,,
2026-01-14 03:00,0.0,0.0,,0.0,0.0,0.0,0.0,0.0,,0.0,0.0,0.0,0.0,0.0,0.0,0.33,0.0,0.0,0.0,,,,,,
2026-01-14 04:00,0.0,0.0,,0.0,0.0,0.0,0.0,0.0,,0.0,0.0,0.0,0.0,0.0,0.0,0.5,0.0,0.0,0.0,,,,,,
2026-01-14 05:00,0.0,0.0,,0.0,0.0,0.0,0.0,0.0,,0.0,0.0,0.0,0.0,0.0,0.0,0.67,0.0,0.0,0.0,,,,,,
2026-01-14 06:00,0.33,1.0,,0.83,0.5,0.83,0.5,0.67,,1.17,0.67,0.33,1.17,0.0,0.0,1.33,1.0,0.5,0.0,,,,,,
2026-01-14 07:00,66.5,86.0,,23.0,28.5,55.5,63.33,14.0,,75.0,43.0,49.67,24.67,21.17,26.33,59.17,57.17,52.83,0.0,,,,,,
2026-01-14 08:00,262.67,288.5,,55.0,87.17,162.5,193.0,35.67,284.0,204.5,118.67,90.33,73.83,60.5,40.17,146.33,224.0,183.33,50.83,,,,,,
2026-01-14 09:00,366.0,464.5,,60.67,156.5,346.67,209.67,388.0,233.0,303.33,420.83,93.17,61.33,187.0,62.67,340.33,433.5,412.83,109.5,,,,,,
2026-01-14 10:00,383.17,481.83,,65.0,340.0,359.67,151.17,473.83,176.8,332.0,585.0,193.0,81.17,379.17,54.83,516.33,498.33,511.33,467.67,,,,,,
2026-01-14 11:00,353.83,482.17,,107.33,368.67,475.17,94.67,318.0,363.0,281.67,648.83,546.17,253.67,267.67,111.33,514.17,641.5,549.83,683.83,,,,,,
2026-01-14 12:00,162.33,291.0,,105.0,580.83,707.0,232.33,146.0,556.0,479.67,607.5,644.0,219.0,198.17,115.5,604.83,608.0,406.17,303.0,,,,,,
2026-01-14 13:00,142.67,334.5,,109.83,429.83,521.0,213.0,138.83,306.0,354.0,301.67,489.5,597.5,191.5,91.17,614.67,,481.33,102.0,,,,,,
2026-01-14 14:00,121.67,217.0,,56.33,263.83,362.0,155.5,145.17,235.33,175.33,365.67,426.33,499.0,134.0,62.0,296.17,,300.0,67.67,,,,,,
2026-01-14 15:00,92.33,178.67,,42.17,62.0,132.17,136.0,131.83,70.67,139.17,134.17,213.17,319.33,20.83,49.17,217.67,,153.33,62.5,,,,,,
2026-01-14 16:00,17.67,29.67,,6.5,20.17,42.0,47.67,45.83,47.0,41.33,41.67,44.0,74.5,9.67,7.33,75.0,,46.17,42.67,,,,,,
2026-01-14 17:00,0.0,0.33,,0.5,0.17,1.17,0.17,0.0,,0.67,1.0,0.83,1.17,1.33,0.0,0.5,0.0,0.5,0.83,,,,,,
2026-01-14 18:00,0.0,0.0,,0.0,0.0,0.0,0.0,0.0,,0.0,0.0,0.0,0.0,0.0,0.0,0.33,0.0,0.0,0.0,,,,,,
2026-01-14 19:00,0.0,0.0,,0.0,0.0,0.0,0.0,0.0,,0.0,0.0,0.0,0.0,0.0,0.0,0.17,0.0,0.0,0.0,,,,,,
2026-01-14 20:00,0.0,0.0,,0.0,0.0,0.0,0.0,0.0,,0.0,0.0,0.0,0.0,0.0,0.0,0.67,0.0,0.0,0.0,,,,,,
2026-01-14 21:00,0.0,0.0,,0.0,0.0,0.0,0.0,0.0,,0.0,0.0,0.0,0.17,0.0,0.0,0.0,0.0,0.0,0.0,,,,,,
2026-01-14 22:00,0.0,0.0,,0.0,0.0,0.0,0.0,0.0,,0.0,0.0,0.0,0.0,0.0,0.0,0.0,0.0,0.0,0.0,,,,,,
2026-01-14 23:00,0.0,0.0,,0.0,0.0,0.0,0.0,0.0,,0.0,0.0,0.0,0.17,0.0,0.0,0.0,0.0,0.0,0.0,,,,,,
2026-01-15 00:00,0.0,0.0,,0.0,0.0,0.0,0.0,0.0,,0.0,0.0,0.0,0.5,0.0,0.0,0.0,0.0,0.0,0.0,,,,,,
2026-01-15 01:00,0.0,0.0,,0.0,0.0,0.0,0.0,0.0,,0.0,0.0,0.0,0.33,0.0,0.0,0.0,0.0,0.0,0.0,,,,,,
2026-01-15 02:00,0.0,0.0,,0.0,0.0,0.0,0.0,0.0,,0.0,0.0,0.0,0.5,0.0,0.0,0.0,0.0,0.0,0.0,,,,,,
2026-01-15 03:00,0.0,0.0,,0.0,0.0,0.0,0.0,0.0,,0.0,0.0,0.0,0.0,0.0,0.0,0.0,0.0,0.0,0.0,,,,,,
2026-01-15 04:00,0.0,0.0,,0.0,0.0,0.0,0.0,0.0,,0.0,0.0,0.0,0.17,0.0,0.0,0.0,0.0,0.0,0.0,,,,,,
2026-01-15 05:00,0.0,0.0,,0.0,0.0,0.0,0.0,0.0,,0.0,0.0,0.0,0.0,0.0,0.0,0.0,0.0,0.0,0.0,,,,,,
2026-01-15 06:00,0.17,1.33,,1.33,1.17,1.0,0.5,1.0,,1.83,0.67,0.83,0.83,2.0,0.67,1.67,0.83,0.67,1.33,,,,,,
2026-01-15 07:00,64.83,97.0,,95.5,81.0,83.33,24.67,62.67,,95.5,79.5,67.83,50.33,40.5,67.67,100.33,91.0,42.33,78.67,,,,,,
2026-01-15 08:00,263.5,285.0,,178.5,261.17,284.0,246.33,252.33,275.17,303.83,275.67,278.0,237.33,243.67,161.17,314.17,289.67,134.0,281.33,,,,,,
2026-01-15 09:00,428.17,461.5,,239.83,411.83,461.0,427.17,443.67,452.17,476.33,432.67,455.33,456.83,385.33,253.83,444.0,443.33,375.17,460.67,,,,,,
2026-01-15 10:00,552.33,588.33,,307.67,552.83,590.67,510.17,572.67,581.33,598.83,556.0,581.5,624.17,467.5,263.67,543.83,470.0,555.17,592.33,,,,,,
2026-01-15 11:00,601.33,656.67,,504.83,614.0,662.17,603.5,512.33,650.83,673.0,547.67,657.33,746.17,621.0,402.0,560.67,575.17,615.5,670.5,,,,,,
2026-01-15 12:00,619.67,522.67,,467.67,521.67,675.83,511.33,138.67,547.5,667.67,540.0,620.83,692.33,459.5,460.17,589.5,636.0,606.67,671.83,,,,,,
2026-01-15 13:00,567.5,449.5,,562.0,544.67,612.83,400.67,294.0,498.0,603.0,479.33,299.17,399.33,280.0,407.67,472.5,,478.33,603.67,,,,,,
2026-01-15 14:00,413.67,437.33,,420.67,433.0,486.67,262.5,218.83,121.67,470.33,407.67,147.67,466.0,350.67,404.0,216.33,,413.17,503.33,,,,,,
2026-01-15 15:00,264.17,255.67,,185.83,195.5,312.67,258.0,362.33,181.5,265.17,276.33,253.5,203.83,273.83,263.67,220.33,,235.17,357.17,,,,,,
2026-01-15 16:00,66.67,61.0,,67.83,42.33,106.33,37.33,116.33,105.0,24.67,79.17,73.67,56.33,72.0,37.67,65.83,,30.5,100.0,,,,,,
2026-01-15 17:00,0.17,0.33,,0.5,0.33,0.83,0.17,2.0,2.8,1.0,0.33,0.5,0.67,0.67,0.5,0.5,0.0,0.33,1.67,,,,,,
2026-01-15 18:00,0.0,0.0,,0.0,0.0,0.0,0.0,0.0,,0.0,0.0,0.0,0.0,0.0,0.0,0.0,0.0,0.0,0.0,,,,,,
2026-01-15 19:00,0.0,0.0,,0.0,0.0,0.0,0.0,0.0,,0.0,0.0,0.0,0.0,0.0,0.0,0.0,0.0,0.0,0.0,,,,,,
2026-01-15 20:00,0.0,0.0,,0.0,0.0,0.0,0.0,0.0,,0.0,0.0,0.0,0.0,0.0,0.0,0.0,0.0,0.0,0.0,,,,,,
2026-01-15 21:00,0.0,0.0,,0.0,0.0,0.0,0.0,0.0,,0.0,0.0,0.0,0.0,0.0,0.0,0.0,0.0,0.0,0.0,,,,,,
2026-01-15 22:00,0.0,0.0,,0.0,0.0,0.0,0.0,0.0,,0.0,0.0,0.0,0.0,0.0,0.0,0.0,0.0,0.0,0.0,,,,,,
2026-01-15 23:00,0.0,0.0,,0.0,0.0,0.0,0.0,0.0,,0.0,0.0,0.0,0.0,0.0,0.0,0.0,0.0,0.0,0.0,,,,,,
2026-01-16 00:00,0.0,0.0,,0.0,0.0,0.0,0.0,0.0,,0.0,0.0,0.0,0.0,0.0,0.0,0.0,0.0,0.0,0.0,,,,,,
2026-01-16 01:00,0.0,0.0,,0.0,0.0,0.0,0.0,0.0,,0.0,0.0,0.0,0.0,0.0,0.0,0.0,0.0,0.0,0.0,,,,,,
2026-01-16 02:00,0.0,0.0,,0.0,0.0,0.0,0.0,0.0,,0.0,0.0,0.0,0.0,0.0,0.0,0.0,0.0,0.0,0.0,,,,,,
2026-01-16 03:00,0.0,0.0,,0.0,0.0,0.0,0.0,0.0,,0.0,0.0,0.0,0.0,0.0,0.0,0.33,0.0,0.0,0.0,,,,,,
2026-01-16 04:00,0.0,0.0,,0.0,0.0,0.0,0.0,0.0,,0.0,0.0,0.0,0.0,0.0,0.0,0.17,0.0,0.0,0.0,,,,,,
2026-01-16 05:00,0.0,0.0,,0.0,0.0,0.0,0.0,0.0,,0.0,0.0,0.0,0.0,0.0,0.0,0.0,0.0,0.0,0.0,,,,,,
2026-01-16 06:00,0.67,1.67,,1.5,1.17,1.17,0.83,1.0,,1.5,1.17,1.17,1.17,1.0,0.33,1.33,1.17,1.0,1.5,,,,,,
2026-01-16 07:00,77.5,156.83,,81.33,81.33,89.5,69.83,50.83,136.67,96.33,51.17,89.83,92.33,79.67,64.83,76.5,84.83,79.0,81.5,,,,,,
2026-01-16 08:00,252.83,283.83,,292.0,257.33,293.83,176.33,264.0,285.67,313.0,129.17,279.0,262.67,269.17,272.17,254.17,272.33,248.33,284.83,,,,,,
2026-01-16 09:00,423.83,455.17,,464.5,408.0,468.17,429.83,449.17,460.17,484.0,434.83,454.67,463.17,440.83,438.83,436.17,438.67,427.5,467.5,,,,,,
2026-01-16 10:00,530.83,575.5,,596.5,548.33,596.0,552.83,577.17,591.33,604.67,556.5,583.33,618.67,562.83,523.67,533.0,560.83,549.17,603.0,,,,,,
2026-01-16 11:00,596.83,634.5,,599.17,613.17,664.5,619.67,647.5,659.0,676.67,623.67,647.67,641.5,601.33,610.0,549.33,614.33,614.0,675.17,,,,,,
2026-01-16 12:00,600.33,447.5,,494.5,610.17,673.83,617.17,651.5,657.83,673.33,619.33,658.5,518.83,475.83,532.33,595.0,601.0,611.0,677.83,,,,,,
2026-01-16 13:00,536.17,580.33,,561.5,537.83,608.5,547.33,577.83,562.0,608.83,555.17,591.67,417.5,594.33,547.83,556.17,532.67,548.17,610.83,,,,,,
2026-01-16 14:00,400.0,439.33,,330.0,411.5,482.5,420.0,449.5,271.83,477.17,427.83,450.0,506.5,441.33,283.83,426.33,405.0,420.83,480.83,,,,,,
2026-01-16 15:00,226.67,253.5,,225.67,243.0,309.83,220.67,274.33,187.17,266.83,244.33,277.17,304.67,265.83,85.33,255.33,239.33,253.33,300.5,,,,,,
2026-01-16 16:00,60.33,96.5,,58.83,54.67,91.33,30.83,86.0,44.17,29.17,60.17,82.5,95.5,53.67,42.67,68.67,67.5,34.17,94.17,,,,,,
2026-01-16 17:00,0.17,0.17,,0.5,0.0,1.33,0.33,0.67,2.67,1.0,0.33,0.33,0.5,0.17,0.0,0.17,0.17,0.17,0.5,,,,,,
2026-01-16 18:00,0.0,0.0,,0.0,0.0,0.0,0.0,0.0,,0.0,0.0,0.0,0.0,0.0,0.0,0.0,0.0,0.0,0.0,,,,,,
2026-01-16 19:00,0.0,0.33,,0.0,0.0,0.0,0.0,0.0,,0.0,0.0,0.0,0.0,0.0,0.0,0.0,0.0,0.0,0.0,,,,,,
2026-01-16 20:00,0.0,0.33,,0.0,0.0,0.0,0.0,0.0,,0.0,0.0,0.0,0.0,0.0,0.0,0.0,0.0,0.0,0.0,,,,,,
2026-01-16 21:00,0.0,0.0,,0.0,0.0,0.0,0.0,0.0,,0.0,0.0,0.0,0.0,0.0,0.0,0.0,0.0,0.0,0.0,,,,,,
2026-01-16 22:00,0.0,0.0,,0.0,0.0,0.0,0.0,0.0,,0.0,0.0,0.0,0.0,0.0,0.0,0.0,0.0,0.0,0.0,,,,,,
2026-01-16 23:00,0.0,0.0,,0.0,0.0,0.0,0.0,0.0,,0.0,0.0,0.0,0.0,0.0,0.0,0.0,0.0,0.0,0.0,,,,,,
2026-01-17 00:00,0.0,0.0,,0.0,0.0,0.0,0.0,0.0,,0.0,0.0,0.0,0.0,0.0,0.0,0.0,0.0,0.0,0.0,,,,,,
2026-01-17 01:00,0.0,0.0,,0.0,0.0,0.0,0.0,0.0,,0.0,0.0,0.0,0.0,0.0,0.0,0.0,0.0,0.0,0.0,,,,,,
2026-01-17 02:00,0.0,0.0,,0.0,0.0,0.0,0.0,0.0,,0.0,0.0,0.0,0.0,0.0,0.0,0.0,0.0,0.0,0.0,,,,,,
2026-01-17 03:00,0.0,0.0,,0.0,0.0,0.0,0.0,0.0,,0.0,0.0,0.0,0.0,0.0,0.0,0.0,0.0,0.0,0.0,,,,,,
2026-01-17 04:00,0.0,0.0,,0.0,0.0,0.0,0.0,0.0,,0.0,0.0,0.0,0.0,0.0,0.0,0.0,0.0,0.0,0.0,,,,,,
2026-01-17 05:00,0.0,0.0,,0.0,0.0,0.0,0.0,0.0,,0.0,0.0,0.0,0.0,0.0,0.0,0.0,0.0,0.0,0.0,,,,,,
2026-01-17 06:00,0.83,1.67,,1.5,1.33,1.0,0.83,1.33,,1.5,1.17,1.33,1.17,1.5,0.67,1.33,1.33,1.0,1.17,,,,,,
2026-01-17 07:00,70.5,90.67,,93.83,69.83,83.83,43.33,48.33,150.0,91.5,70.5,88.0,89.67,77.5,63.5,72.5,99.83,71.67,6.67,,,,,,
2026-01-17 08:00,245.17,210.83,,277.83,233.83,282.67,184.17,257.0,278.33,304.5,198.33,271.33,289.33,218.5,257.83,243.17,249.83,232.67,0.0,,,,,,
2026-01-17 09:00,422.17,393.5,,437.17,383.0,452.5,411.5,408.5,449.17,475.83,424.33,450.83,458.17,476.5,409.0,413.17,439.17,396.0,0.0,,,,,,
2026-01-17 10:00,518.33,506.33,,561.17,518.33,582.0,536.0,573.67,575.5,599.0,543.17,579.17,616.83,471.33,540.83,512.67,551.0,521.83,0.0,,,,,,
2026-01-17 11:00,586.0,636.5,,441.33,579.17,654.0,556.33,576.17,644.83,670.83,609.67,645.67,664.33,515.67,607.5,540.0,608.67,585.33,0.0,,,,,,
2026-01-17 12:00,584.67,469.67,,338.33,597.67,665.67,625.5,606.5,646.17,666.83,578.5,643.17,624.0,550.83,438.33,584.5,602.67,589.0,0.0,,,,,,
2026-01-17 13:00,516.83,362.17,,524.83,588.0,610.5,569.0,439.67,576.5,603.83,341.5,531.5,611.67,395.83,473.5,510.83,474.83,525.0,0.0,,,,,,
2026-01-17 14:00,387.5,254.33,,469.5,392.17,491.67,411.0,364.67,441.67,473.5,343.0,376.33,501.17,296.17,165.67,377.5,338.83,381.83,0.0,,,,,,
2026-01-17 15:00,187.67,107.67,,133.0,186.33,315.5,178.67,239.83,269.17,266.17,213.67,198.83,311.67,132.17,112.0,157.17,155.17,212.83,0.0,,,,,,
2026-01-17 16:00,44.33,43.67,,53.67,49.33,110.0,27.5,97.5,89.5,25.67,65.5,82.33,103.5,54.17,22.67,39.33,49.67,37.67,0.0,,,,,,
2026-01-17 17:00,0.17,0.33,,0.5,0.17,1.17,0.5,1.33,1.67,1.17,0.83,1.5,1.17,0.5,0.67,0.67,0.17,0.5,0.0,,,,,,
2026-01-17 18:00,0.0,0.0,,0.0,0.0,0.0,0.0,0.0,,0.0,0.0,0.0,0.0,0.0,0.0,0.0,0.0,0.0,0.0,,,,,,
2026-01-17 19:00,0.0,0.0,,0.0,0.0,0.0,0.0,0.0,,0.0,0.0,0.0,0.0,0.0,0.0,0.0,0.0,0.0,0.0,,,,,,
2026-01-17 20:00,0.0,0.0,,0.0,0.0,0.0,0.0,0.0,,0.0,0.0,0.0,0.0,0.0,0.0,0.0,0.0,0.0,0.0,,,,,,
2026-01-17 21:00,0.0,0.0,,0.0,0.0,0.0,0.0,0.0,,0.0,0.0,0.0,0.0,0.0,0.0,0.0,0.0,0.0,0.0,,,,,,
2026-01-17 22:00,0.0,0.0,,0.0,0.0,0.0,0.0,0.0,,0.0,0.0,0.0,0.0,0.0,0.0,0.0,0.0,0.0,0.0,,,,,,
2026-01-17 23:00,0.0,0.0,,0.0,0.0,0.0,0.0,0.0,,0.0,0.0,0.0,0.0,0.0,0.0,0.0,0.0,0.0,0.0,,,,,,
2026-01-18 00:00,0.0,0.0,,0.0,0.0,0.0,0.0,0.0,,0.0,0.0,0.0,0.0,0.0,0.0,0.0,0.0,0.0,0.0,,,,,,
2026-01-18 01:00,0.0,0.0,,0.0,0.0,0.0,0.0,0.0,,0.0,0.0,0.0,0.0,0.0,0.0,0.0,0.0,0.0,0.0,,,,,,
2026-01-18 02:00,0.0,0.0,,0.0,0.0,0.0,0.0,0.0,,0.0,0.0,0.0,0.0,0.0,0.0,0.0,0.0,0.0,0.0,,,,,,
2026-01-18 03:00,0.0,0.0,,0.0,0.0,0.0,0.0,0.0,,0.0,0.0,0.0,0.0,0.0,0.0,0.0,0.0,0.0,0.0,,,,,,
2026-01-18 04:00,0.0,0.0,,0.0,0.0,0.0,0.0,0.0,,0.0,0.0,0.0,0.0,,0.0,0.17,0.0,0.0,0.0,,,,,,
2026-01-18 05:00,0.0,0.0,,0.0,0.0,0.0,0.0,0.0,,0.0,0.0,0.0,0.0,0.0,0.0,0.67,0.0,0.0,0.0,,,,,,
2026-01-18 06:00,0.0,0.67,,1.33,1.17,1.5,0.5,1.17,,1.83,1.0,1.0,1.33,1.0,0.67,2.0,0.17,0.33,0.0,,,,,,
2026-01-18 07:00,4.0,11.0,,79.33,72.17,94.5,21.83,48.33,,91.17,25.17,65.5,56.5,74.5,39.17,23.33,15.67,6.5,0.0,,,,,,
2026-01-18 08:00,47.67,65.67,,54.0,241.83,192.67,74.5,261.5,310.0,301.5,51.5,261.33,275.0,203.33,55.83,13.5,72.17,43.67,0.0,,,,,,
2026-01-18 09:00,92.0,183.33,,96.33,395.67,458.67,21.17,452.67,411.5,475.17,230.5,465.83,461.0,233.33,123.67,44.0,53.67,90.67,0.0,,,,,,
2026-01-18 10:00,86.83,126.33,,148.17,222.5,585.67,14.17,327.33,444.67,596.17,311.0,221.67,272.33,297.0,119.0,190.0,50.0,323.67,0.0,,,,,,
2026-01-18 11:00,67.17,195.17,,54.5,211.67,582.17,33.67,298.17,234.33,681.67,54.17,248.33,35.0,453.17,50.83,260.83,56.33,305.33,0.0,,,,,,
2026-01-18 12:00,74.0,120.83,,100.67,208.0,448.17,214.17,262.67,279.67,638.17,30.5,140.33,101.83,405.33,99.0,117.5,54.17,62.83,0.0,,,,,,
2026-01-18 13:00,156.5,186.67,,164.33,174.17,363.5,495.17,376.0,141.83,417.33,167.33,213.83,469.17,123.5,177.5,69.83,130.83,102.17,0.0,,,,,,
2026-01-18 14:00,205.67,125.33,,118.5,175.67,498.67,236.5,429.33,435.0,281.5,314.5,287.5,343.17,76.67,111.33,103.0,101.17,176.83,0.0,,,,,,
2026-01-18 15:00,184.0,75.5,,51.67,29.83,177.33,249.0,288.5,220.67,298.83,180.0,265.5,144.0,52.33,31.67,137.17,127.83,141.5,0.0,,,,,,
2026-01-18 16:00,57.67,15.33,,13.83,11.33,98.67,28.0,82.67,63.17,61.33,70.5,98.67,57.83,35.5,8.5,58.17,22.0,53.33,0.0,,,,,,
2026-01-18 17:00,0.83,0.17,,0.83,0.67,2.17,0.17,1.83,3.0,2.17,1.17,1.33,1.67,1.17,0.0,1.33,0.33,1.0,0.0,,,,,,
2026-01-18 18:00,0.0,0.0,,0.0,0.0,0.0,0.0,0.0,,0.0,0.0,0.0,0.5,0.0,0.0,0.0,0.0,0.0,0.0,,,,,,
2026-01-18 19:00,0.0,0.0,,0.0,0.0,0.0,0.0,0.0,,0.0,0.0,0.0,0.0,0.0,0.0,1.0,0.0,0.0,0.0,,,,,,
2026-01-18 20:00,0.0,0.0,,0.0,0.0,0.0,0.0,0.0,,0.0,0.0,0.0,0.0,0.0,0.0,1.0,0.0,0.0,0.0,,,,,,
2026-01-18 21:00,0.0,0.0,,0.0,0.0,0.0,0.0,0.0,,0.0,0.0,0.0,0.0,0.0,0.0,1.0,0.0,0.0,0.0,,,,,,
2026-01-18 22:00,0.0,0.0,,0.0,0.0,0.0,0.0,0.0,,0.0,0.0,0.0,0.17,0.0,0.0,0.5,0.0,0.0,0.0,,,,,,
2026-01-18 23:00,0.0,0.0,,0.0,0.0,0.0,0.0,0.0,,0.0,0.0,0.0,1.0,0.0,0.0,0.0,0.0,0.0,0.0,,,,,,
2026-01-19 00:00,0.0,0.0,,0.0,0.0,0.0,0.0,0.0,,0.0,0.5,0.0,0.33,0.0,0.0,0.17,0.0,0.0,0.0,,,,,,
2026-01-19 01:00,0.0,0.0,,0.0,0.0,0.0,0.0,0.0,,0.0,0.0,0.0,1.0,0.0,0.0,1.0,0.0,0.0,0.0,,,,,,
2026-01-19 02:00,0.0,0.0,,0.0,0.0,0.0,0.0,0.0,,0.0,0.0,0.0,0.33,0.0,0.0,1.67,0.0,0.0,0.0,,,,,,
2026-01-19 03:00,0.0,0.0,,0.0,0.0,0.0,0.0,0.0,,0.0,0.0,0.0,0.0,0.0,0.0,1.67,0.0,1.0,0.0,,,,,,
2026-01-19 04:00,0.0,0.0,,0.0,0.0,0.0,0.0,0.0,,0.0,0.0,0.0,0.0,0.0,0.0,1.0,0.0,0.5,0.0,,,,,,
2026-01-19 05:00,0.0,0.0,,0.0,0.0,0.0,0.0,0.0,,0.0,0.0,0.0,0.33,0.0,0.0,0.33,0.0,0.33,0.0,,,,,,
2026-01-19 06:00,0.83,1.0,,1.5,1.17,1.0,1.33,1.33,,3.0,0.83,1.0,1.5,0.83,0.5,1.5,2.33,1.0,0.83,,,,,,
2026-01-19 07:00,74.0,89.83,,80.67,79.83,22.83,75.67,34.67,,105.17,49.83,62.67,85.0,80.33,65.17,77.17,82.33,85.17,24.0,,,,,,
2026-01-19 08:00,247.5,286.5,,274.33,261.17,190.83,235.33,63.0,,326.83,264.83,235.17,245.17,273.83,262.5,261.17,265.0,260.0,67.5,,,,,,
2026-01-19 09:00,422.33,464.67,,470.33,414.33,289.0,319.83,76.17,,520.0,281.83,393.67,493.5,439.0,432.17,418.67,481.5,467.83,60.83,,,,,,
2026-01-19 10:00,534.0,596.17,,609.5,553.33,603.67,436.83,142.0,212.0,579.5,514.67,417.67,627.67,416.67,513.67,511.67,504.33,523.0,206.33,,,,,,
2026-01-19 11:00,499.83,670.17,,596.67,614.17,682.17,522.5,407.67,176.67,682.33,539.67,572.0,537.17,323.17,450.33,545.17,578.83,523.83,309.0,,,,,,
2026-01-19 12:00,617.5,658.33,,470.0,428.67,733.5,619.83,470.17,325.83,687.33,454.5,259.0,451.0,352.0,376.33,526.5,629.83,579.67,465.33,,,,,,
2026-01-19 13:00,583.83,595.33,,421.0,421.0,411.5,575.5,486.17,301.0,562.5,544.67,289.17,213.33,473.17,462.33,580.5,579.17,521.17,570.17,,,,,,
2026-01-19 14:00,428.83,462.0,,200.83,228.0,300.0,458.0,159.33,172.5,451.17,402.5,344.67,353.83,245.83,249.0,418.67,443.67,440.17,353.83,,,,,,
2026-01-19 15:00,270.5,272.83,,240.17,123.17,171.67,275.33,190.0,114.67,247.0,270.17,157.83,259.17,177.0,268.33,272.33,272.5,269.5,264.17,,,,,,
2026-01-19 16:00,68.67,73.67,,61.17,52.17,119.17,56.0,86.17,55.67,32.0,87.33,59.5,87.67,49.0,55.83,79.67,78.0,47.5,73.83,,,,,,
2026-01-19 17:00,0.67,0.5,,1.83,0.83,4.5,1.33,2.5,,1.67,1.0,1.83,2.17,1.5,0.83,1.5,0.5,1.17,3.5,,,,,,
2026-01-19 18:00,0.0,0.0,,0.0,0.0,0.0,0.0,0.0,,0.0,0.0,0.0,0.0,0.0,0.0,0.0,0.0,0.0,0.0,,,,,,
2026-01-19 19:00,0.0,0.0,,0.0,0.0,0.0,0.0,0.0,,0.0,0.0,0.0,0.0,0.0,0.0,0.0,0.0,0.0,0.0,,,,,,
2026-01-19 20:00,0.0,0.0,,0.0,0.0,0.0,0.0,0.0,,0.0,0.0,0.0,0.0,0.0,0.0,0.0,0.0,0.0,0.0,,,,,,
2026-01-19 21:00,0.0,0.0,,0.0,0.0,0.0,0.0,0.0,,0.0,0.0,0.0,0.0,0.0,0.0,0.0,0.0,0.0,0.0,,,,,,
2026-01-19 22:00,0.0,0.0,,0.0,0.0,0.0,0.0,0.0,,0.0,0.0,0.0,0.0,0.0,0.0,0.0,0.0,0.0,0.0,,,,,,
2026-01-19 23:00,0.0,0.0,,0.0,0.0,0.0,0.0,0.0,,0.0,0.0,0.0,0.0,0.0,0.0,0.0,0.0,0.0,0.0,,,,,,
2026-01-20 00:00,0.0,0.0,,0.0,0.0,0.0,0.0,0.0,,0.0,0.0,0.0,0.0,0.0,0.0,0.0,0.0,0.0,0.0,,,,,,
2026-01-20 01:00,0.0,0.0,,0.0,0.0,0.0,0.0,0.0,,0.0,0.0,0.0,0.17,0.0,0.0,0.0,0.0,0.0,0.0,,,,,,
2026-01-20 02:00,0.0,0.0,,0.0,0.0,0.0,0.0,0.0,,0.0,0.0,0.0,0.83,0.0,0.0,0.0,0.0,0.0,0.0,,,,,,
2026-01-20 03:00,0.0,0.0,,0.0,0.0,0.0,0.0,0.0,,0.0,0.0,0.0,0.0,0.0,0.0,0.0,0.0,0.0,0.0,,,,,,
2026-01-20 04:00,0.0,0.0,,0.0,0.0,0.0,0.0,0.0,,0.0,0.0,0.0,0.0,0.0,0.0,0.0,0.0,0.0,0.0,,,,,,
2026-01-20 05:00,0.0,0.0,,0.0,0.0,0.0,0.0,0.0,,0.0,0.0,0.0,0.0,0.0,0.0,0.0,0.0,0.0,0.0,,,,,,
2026-01-20 06:00,1.33,1.5,,1.67,1.33,1.5,1.17,1.33,,2.17,1.67,1.33,1.5,2.17,0.67,1.67,1.83,1.5,1.5,,,,,,
2026-01-20 07:00,78.0,92.5,,103.83,83.83,84.83,60.33,46.17,170.0,90.67,90.17,92.5,65.33,59.83,81.67,80.0,93.67,79.67,82.67,,,,,,
2026-01-20 08:00,266.83,289.67,,294.17,274.5,281.67,145.67,266.17,280.33,292.67,234.5,240.67,180.0,259.5,223.5,265.17,281.67,243.83,278.17,,,,,,
2026-01-20 09:00,403.83,458.5,,463.0,421.0,455.17,231.17,367.67,444.33,459.0,417.83,361.67,467.17,444.33,435.33,443.67,460.5,413.5,459.5,,,,,,
2026-01-20 10:00,559.17,603.0,,620.5,563.0,581.17,535.0,538.5,574.17,574.33,518.0,550.83,568.33,467.5,569.5,537.17,581.17,549.83,597.33,,,,,,
2026-01-20 11:00,641.17,672.5,,485.83,547.5,655.0,633.33,648.5,607.5,644.17,567.17,656.0,728.83,575.83,565.5,559.5,558.17,620.0,665.83,,,,,,
2026-01-20 12:00,616.33,652.0,,412.33,405.67,662.67,557.0,657.67,400.67,644.33,411.5,592.0,708.0,495.5,601.17,598.83,611.5,585.0,669.83,,,,,,
2026-01-20 13:00,544.0,563.5,,478.5,312.67,600.17,487.67,602.67,260.33,580.0,452.0,599.17,676.0,484.0,505.83,353.0,472.17,594.17,603.5,,,,,,
2026-01-20 14:00,443.5,419.67,,317.67,325.67,470.67,416.17,428.83,351.17,447.67,326.17,447.17,477.0,268.67,244.33,344.17,440.83,452.5,467.0,,,,,,
2026-01-20 15:00,205.83,233.5,,242.83,112.33,292.5,272.17,276.0,291.17,252.17,270.83,271.33,306.0,163.5,247.83,270.83,261.33,269.33,250.5,,,,,,
2026-01-20 16:00,74.67,74.17,,90.0,46.17,99.33,66.33,90.5,91.17,51.0,86.17,87.5,99.5,47.83,64.33,78.83,74.0,52.83,72.0,,,,,,
2026-01-20 17:00,0.33,0.5,,1.33,0.67,2.67,0.5,2.67,3.2,2.0,1.0,1.67,2.17,1.0,0.83,1.17,0.33,0.83,2.5,,,,,,
2026-01-20 18:00,0.0,0.0,,0.0,0.0,0.0,0.0,0.0,,0.0,0.0,0.0,0.0,0.0,0.0,0.0,0.0,0.0,0.0,,,,,,
2026-01-20 19:00,0.0,0.0,,0.0,0.0,0.0,0.0,0.0,,0.0,0.0,0.0,0.0,0.0,0.0,0.0,0.0,0.0,0.0,,,,,,
2026-01-20 20:00,0.0,0.0,,0.0,0.0,0.0,0.0,0.0,,0.0,0.0,0.0,0.0,0.0,0.0,0.0,0.0,0.0,0.0,,,,,,
2026-01-20 21:00,0.0,0.0,,0.0,0.0,0.0,0.0,0.0,,0.0,0.0,0.0,0.0,0.0,0.0,0.0,0.0,0.0,0.0,,,,,,
2026-01-20 22:00,0.0,0.0,,0.0,0.0,0.0,0.0,0.0,,0.0,0.0,0.0,0.0,0.0,0.0,0.0,0.0,0.0,0.0,,,,,,
2026-01-20 23:00,0.0,0.0,,0.0,0.0,0.0,0.0,0.0,,0.0,0.0,0.0,0.0,0.0,0.0,0.0,0.0,0.0,0.0,,,,,,
2026-01-21 00:00,0.0,0.0,,0.0,0.0,0.0,0.0,0.0,,0.0,0.0,0.0,0.0,0.0,0.0,0.0,0.0,0.0,0.0,,,,,,
2026-01-21 01:00,0.0,0.0,,0.0,0.0,0.0,0.0,0.0,,0.0,0.0,0.0,0.0,0.0,0.0,0.0,0.0,0.0,0.0,,,,,,
2026-01-21 02:00,0.0,0.0,,0.0,0.0,0.0,0.0,0.0,,0.0,0.0,0.0,0.17,0.0,0.0,0.0,0.0,0.0,0.0,,,,,,
2026-01-21 03:00,0.0,0.0,,0.0,0.0,0.0,0.0,0.0,,0.0,0.0,0.0,0.0,0.0,0.0,0.0,0.0,0.0,0.0,,,,,,
2026-01-21 04:00,0.0,0.0,,0.0,0.0,0.0,0.0,0.0,,0.0,0.0,0.0,0.67,0.0,0.0,0.0,0.0,0.0,0.0,,,,,,
2026-01-21 05:00,0.0,0.0,,0.0,0.0,0.0,0.0,0.0,,0.0,0.0,0.0,1.0,0.0,0.0,0.0,0.0,0.0,0.0,,,,,,
2026-01-21 06:00,0.83,1.33,,1.5,1.33,1.5,0.67,1.33,,1.83,1.17,1.0,2.17,1.0,0.83,1.17,2.17,1.0,1.33,,,,,,
2026-01-21 07:00,83.67,85.5,,40.67,61.5,73.83,84.67,33.5,,78.0,87.67,43.67,49.5,66.0,39.17,76.17,94.33,78.83,61.0,,,,,,
2026-01-21 08:00,178.17,261.0,,176.67,235.17,251.5,124.83,75.33,,260.5,147.17,60.83,80.83,139.83,156.5,201.17,206.33,174.33,109.5,,,,,,
2026-01-21 09:00,235.5,262.67,,323.67,258.0,373.83,331.17,216.33,343.67,425.67,394.67,289.0,268.0,317.0,326.83,340.5,208.17,338.0,247.33,,,,,,
2026-01-21 10:00,457.0,471.5,,545.67,490.5,523.17,428.5,378.5,480.0,505.17,427.5,511.0,471.5,428.5,515.0,481.17,509.5,479.0,334.67,,,,,,
2026-01-21 11:00,443.67,563.33,,458.67,505.17,538.67,466.17,328.67,498.83,591.83,491.67,528.17,623.67,511.83,476.33,451.67,541.67,467.17,393.17,,,,,,
2026-01-21 12:00,452.83,489.0,,620.17,549.5,576.5,447.83,491.67,498.83,581.33,461.0,486.17,556.67,558.17,606.33,493.67,459.33,458.5,502.0,,,,,,
2026-01-21 13:00,431.33,439.17,,411.0,506.33,383.67,482.67,322.0,446.17,509.67,490.33,346.33,354.5,373.83,459.0,507.0,443.67,504.17,384.5,,,,,,
2026-01-21 14:00,373.33,311.0,,302.17,364.83,230.33,353.67,224.33,263.33,312.17,366.83,266.67,297.0,322.0,292.33,383.17,330.17,356.0,166.0,,,,,,
2026-01-21 15:00,224.5,152.83,,181.5,182.83,158.0,221.67,67.0,105.0,179.67,205.83,93.0,106.67,134.83,166.0,222.33,212.5,221.5,79.5,,,,,,
2026-01-21 16:00,68.0,57.83,,30.5,33.67,68.17,56.33,45.5,30.17,47.67,51.5,31.17,28.0,25.67,29.17,45.5,70.83,48.0,27.83,,,,,,
2026-01-21 17:00,0.17,0.83,,0.5,0.17,0.5,0.67,1.0,,0.67,0.67,0.83,1.0,0.5,0.0,0.5,0.5,0.33,1.17,,,,,,
2026-01-21 18:00,0.0,0.0,,0.0,0.0,0.0,0.0,0.0,,0.0,0.0,0.0,0.33,0.0,0.0,0.33,0.0,0.0,0.0,,,,,,
2026-01-21 19:00,0.0,0.0,,0.0,0.0,0.0,0.0,0.0,,0.0,0.0,0.0,0.0,0.0,0.0,0.67,0.0,0.0,0.0,,,,,,
2026-01-21 20:00,0.0,0.0,,0.0,0.0,0.0,0.0,0.0,,0.0,0.0,0.0,0.0,0.0,0.0,0.83,0.0,0.0,0.0,,,,,,
2026-01-21 21:00,0.0,0.0,,0.0,0.0,0.0,0.0,0.0,,0.0,0.0,0.0,0.0,0.0,0.0,0.83,0.0,0.0,0.0,,,,,,
2026-01-21 22:00,0.0,0.0,,0.0,0.0,0.0,0.0,0.0,,0.0,0.0,0.0,0.17,0.0,0.0,1.0,0.0,0.0,0.0,,,,,,
2026-01-21 23:00,0.0,0.0,,0.0,0.0,0.0,0.0,0.0,,0.0,0.0,0.0,0.0,0.0,0.0,1.0,0.0,0.0,0.0,,,,,,
2026-01-22 00:00,0.0,0.0,,0.0,0.0,0.0,0.0,0.0,,0.0,0.0,0.0,0.0,0.0,0.0,0.33,0.0,0.0,0.0,,,,,,
2026-01-22 01:00,0.0,0.0,,0.0,0.0,0.0,0.0,0.0,,0.0,0.0,0.0,0.0,0.0,0.0,0.0,0.0,0.0,0.0,,,,,,
2026-01-22 02:00,0.0,0.0,,0.0,0.0,0.0,0.0,0.0,,0.0,0.0,0.0,0.17,0.0,0.0,0.33,0.0,0.0,0.0,,,,,,
2026-01-22 03:00,0.0,0.0,,0.0,0.0,0.0,0.0,0.0,,0.0,0.0,0.0,0.0,0.0,0.0,0.83,0.0,0.0,0.0,,,,,,
2026-01-22 04:00,0.0,0.0,,0.0,0.0,0.0,0.0,0.0,,0.0,0.0,0.0,0.0,0.0,0.0,0.83,0.0,0.0,0.0,,,,,,
2026-01-22 05:00,0.0,0.0,,0.0,0.0,0.0,0.0,0.0,,0.0,0.0,0.0,0.17,0.0,0.0,0.83,0.0,0.0,0.0,,,,,,
2026-01-22 06:00,0.0,0.0,,0.83,0.0,0.67,0.0,0.33,,1.67,0.17,0.17,1.33,0.17,0.0,0.83,0.0,0.17,0.0,,,,,,
2026-01-22 07:00,8.67,6.67,,18.5,10.33,41.17,8.17,21.0,,59.33,11.5,20.17,22.0,10.33,16.17,10.67,9.67,10.5,0.0,,,,,,
2026-01-22 08:00,29.17,29.5,,53.33,40.5,64.83,40.17,39.67,,89.0,36.0,30.67,49.17,49.33,46.17,32.33,41.67,36.5,0.0,,,,,,
2026-01-22 09:00,50.67,74.17,,85.17,95.67,130.17,68.33,105.17,,171.83,43.67,58.67,95.17,78.33,78.0,51.67,72.33,71.0,0.0,,,,,,
2026-01-22 10:00,95.17,99.17,,126.83,85.33,187.5,92.33,209.17,180.67,365.5,61.0,156.83,130.67,167.17,129.83,76.0,97.67,81.33,0.0,,,,,,
2026-01-22 11:00,116.67,162.83,,212.67,157.5,138.67,95.67,264.83,344.6,527.67,77.5,230.67,179.17,228.0,211.83,138.5,177.33,120.67,0.0,,,,,,
2026-01-22 12:00,70.5,133.0,,92.0,146.0,113.83,76.67,182.67,259.83,352.17,86.17,148.0,229.83,106.83,97.5,115.33,98.33,103.0,0.0,,,,,,
2026-01-22 13:00,94.67,173.67,,83.67,113.0,194.67,106.17,112.83,128.5,233.17,95.17,97.5,136.67,119.33,79.0,98.0,112.5,81.17,0.0,,,,,,
2026-01-22 14:00,75.83,139.33,,88.0,107.83,148.67,96.5,112.33,99.5,181.0,77.33,105.83,134.67,94.67,73.33,70.17,118.83,67.67,0.0,,,,,,
2026-01-22 15:00,36.67,66.5,,55.0,58.17,72.17,51.5,61.33,,97.17,39.33,49.83,57.0,43.83,47.67,44.67,64.17,35.67,0.0,,,,,,
2026-01-22 16:00,11.67,10.33,,11.5,13.67,38.17,9.67,31.5,,35.83,16.0,29.33,30.5,15.33,11.33,17.17,11.67,15.5,0.0,,,,,,
2026-01-22 17:00,0.0,0.0,,0.5,0.17,1.17,0.17,1.0,,1.17,0.17,0.67,1.5,0.17,0.0,1.17,0.17,0.17,0.0,,,,,,
2026-01-22 18:00,0.0,0.0,,0.0,0.0,0.0,0.0,0.0,,0.0,0.0,0.0,0.0,0.0,0.0,1.0,0.0,0.0,0.0,,,,,,
2026-01-22 19:00,0.0,0.0,,0.0,0.0,0.0,0.0,0.0,,0.0,0.0,0.0,0.0,0.0,0.0,1.0,0.0,0.0,0.0,,,,,,
2026-01-22 20:00,0.0,0.0,,0.0,0.0,0.0,0.0,0.0,,0.0,0.0,0.0,0.0,0.0,0.0,1.0,0.0,0.0,0.0,,,,,,
2026-01-22 21:00,0.0,0.0,,0.0,0.0,0.0,0.0,0.0,,0.0,0.0,0.0,0.0,0.0,0.0,1.0,0.0,0.0,0.0,,,,,,
2026-01-22 22:00,0.0,0.0,,0.0,0.0,0.0,0.0,0.0,,0.0,0.0,0.0,0.0,0.0,0.0,1.0,0.0,0.0,0.0,,,,,,
2026-01-22 23:00,0.0,0.0,,0.0,0.0,0.0,0.0,0.0,,0.0,0.0,0.0,0.33,0.0,0.0,1.0,0.0,0.0,0.0,,,,,,
2026-01-23 00:00,0.0,0.0,,0.0,0.0,0.0,0.0,0.0,,0.0,0.0,0.0,0.0,0.0,0.0,0.33,0.0,0.0,0.0,,,,,,
2026-01-23 01:00,0.0,0.0,,0.0,0.0,0.0,0.0,0.0,,0.0,0.0,0.0,0.0,0.17,0.0,0.17,0.0,0.0,0.0,,,,,,
2026-01-23 02:00,0.0,0.0,,0.0,0.0,0.0,0.0,0.0,,0.0,0.0,0.0,0.33,0.0,0.0,0.5,0.0,0.0,0.0,,,,,,
2026-01-23 03:00,0.0,0.0,,0.0,0.0,0.0,0.0,0.0,,0.0,0.0,0.0,0.0,0.0,0.0,0.33,0.0,0.0,0.0,,,,,,
2026-01-23 04:00,0.0,0.0,,0.0,0.0,0.0,0.0,0.0,,0.0,0.0,0.0,0.0,0.33,0.0,0.17,0.0,0.0,0.0,,,,,,
2026-01-23 05:00,0.0,0.17,,0.0,0.0,0.0,0.0,0.0,,0.0,0.0,0.0,0.0,0.33,0.0,0.0,0.0,0.0,0.0,,,,,,
2026-01-23 06:00,1.0,1.0,,0.83,0.67,0.67,0.67,0.83,,1.0,0.83,0.67,1.17,0.5,0.5,1.33,1.5,0.83,0.83,,,,,,
2026-01-23 07:00,48.17,74.67,,44.0,59.0,49.17,47.83,50.17,,53.17,61.33,48.17,27.83,46.83,32.5,54.83,69.17,43.5,50.5,,,,,,
2026-01-23 08:00,179.0,247.5,,130.17,218.17,153.83,228.67,181.83,,189.0,219.83,169.5,219.0,191.0,83.0,208.83,231.17,211.67,221.33,,,,,,
2026-01-23 09:00,375.83,418.33,,181.83,375.5,356.33,392.83,332.5,,328.83,380.5,292.5,439.67,332.67,170.33,386.67,409.0,382.17,405.5,,,,,,
2026-01-23 10:00,488.83,547.67,,413.17,518.5,504.83,255.67,526.17,364.0,475.67,434.17,359.17,438.5,274.33,293.0,489.33,534.0,507.83,538.17,,,,,,
2026-01-23 11:00,497.33,615.33,,535.67,508.0,590.0,351.33,613.33,483.33,525.0,338.17,295.67,382.5,370.0,322.17,420.5,584.33,584.17,452.67,,,,,,
2026-01-23 12:00,425.67,615.17,,443.0,458.5,594.83,317.67,602.5,379.17,557.67,326.83,563.5,543.17,545.17,317.5,334.67,586.17,445.17,392.0,,,,,,
2026-01-23 13:00,501.5,483.33,,168.33,312.33,543.83,276.17,502.17,422.0,535.33,409.33,457.0,476.5,478.83,109.17,279.0,525.83,451.5,357.83,,,,,,
2026-01-23 14:00,394.5,414.17,,361.33,302.5,429.0,275.67,416.67,351.5,401.0,363.5,401.83,460.33,420.5,190.0,294.83,400.5,374.5,414.33,,,,,,
2026-01-23 15:00,240.33,252.83,,191.83,218.0,264.67,139.67,260.5,223.67,238.5,238.5,243.0,274.33,256.83,92.83,261.67,239.0,218.33,269.0,,,,,,
2026-01-23 16:00,59.0,48.5,,49.83,63.83,83.67,66.83,89.0,84.33,52.17,77.83,82.83,91.0,78.83,59.33,74.5,73.67,65.0,88.0,,,,,,
2026-01-23 17:00,1.0,0.83,,1.83,1.33,3.33,2.5,3.67,3.5,3.83,1.5,2.33,2.83,1.5,1.33,1.33,1.0,1.0,3.17,,,,,,
2026-01-23 18:00,0.0,0.0,,0.0,0.0,0.0,0.0,0.0,,0.0,0.0,0.0,0.0,0.0,0.0,0.0,0.0,0.0,0.0,,,,,,
2026-01-23 19:00,0.0,0.0,,0.0,0.0,0.0,0.0,0.0,,0.0,0.0,0.0,0.0,0.0,0.0,0.0,0.0,0.0,0.0,,,,,,
2026-01-23 20:00,0.0,0.0,,0.0,0.0,0.0,0.0,0.0,,0.0,0.0,0.0,0.0,0.0,0.0,0.0,0.0,0.0,0.0,,,,,,
2026-01-23 21:00,0.0,0.0,,0.0,0.0,0.0,0.0,0.0,,0.0,0.0,0.0,0.0,0.0,0.0,0.0,0.0,0.0,0.0,,,,,,
2026-01-23 22:00,0.0,0.0,,0.0,0.0,0.0,0.0,0.0,,0.0,0.0,0.0,0.0,0.0,0.0,0.0,0.0,0.0,0.0,,,,,,
2026-01-23 23:00,0.0,0.0,,0.0,0.0,0.0,0.0,0.0,,0.0,0.0,0.0,0.0,0.0,0.0,0.0,0.0,0.0,0.0,,,,,,
2026-01-24 00:00,0.0,0.0,,0.0,0.0,0.0,0.0,0.0,,0.0,0.0,0.0,0.0,0.0,0.0,0.0,0.0,0.0,0.0,,,,,,
2026-01-24 01:00,0.0,0.0,,0.0,0.0,0.0,0.0,0.0,,0.0,0.0,0.0,0.0,0.0,0.0,0.0,0.0,0.0,0.0,,,,,,
2026-01-24 02:00,0.0,0.0,,0.0,0.0,0.0,0.0,0.0,,0.0,0.0,0.0,0.0,0.0,0.0,0.0,0.0,0.0,0.0,,,,,,
2026-01-24 03:00,0.0,0.0,,0.0,0.0,0.0,0.0,0.0,,0.0,0.0,0.0,0.0,0.0,0.0,0.0,0.0,0.0,0.0,,,,,,
2026-01-24 04:00,0.0,0.0,,0.0,0.0,0.0,0.0,0.0,,0.0,0.0,0.0,0.0,0.0,0.0,0.0,0.0,0.0,0.0,,,,,,
2026-01-24 05:00,0.0,0.0,,0.0,0.0,0.0,0.0,0.0,,0.0,0.0,0.0,0.0,0.0,0.0,0.0,0.0,0.0,0.0,,,,,,
2026-01-24 06:00,2.33,2.17,,1.0,2.0,1.5,1.17,1.33,,2.33,1.17,1.33,1.83,1.83,0.67,2.5,2.83,1.67,1.17,,,,,,
2026-01-24 07:00,38.5,46.67,,73.67,75.67,70.0,33.5,57.83,,76.0,35.33,61.17,57.33,43.83,57.17,43.0,45.83,36.33,69.5,,,,,,
2026-01-24 08:00,117.5,135.67,,230.67,204.83,249.67,85.0,220.0,236.33,258.83,107.17,231.5,254.33,221.67,194.17,132.17,127.33,114.83,240.0,,,,,,
2026-01-24 09:00,271.17,252.67,,435.0,371.17,425.5,121.5,404.83,420.0,439.83,327.83,428.67,457.67,409.83,408.17,334.67,282.67,363.17,422.0,,,,,,
2026-01-24 10:00,525.83,214.5,,572.83,498.0,557.0,388.67,543.67,556.0,557.33,281.33,561.0,596.17,535.0,542.0,485.83,347.83,446.67,557.5,,,,,,
2026-01-24 11:00,460.83,233.5,,545.33,501.33,635.33,335.33,613.33,627.83,629.67,221.83,624.67,666.17,549.5,547.17,340.33,525.33,224.83,639.83,,,,,,
2026-01-24 12:00,481.83,212.83,,442.83,411.33,641.83,257.5,618.83,636.0,643.5,209.0,611.0,670.0,595.83,373.0,172.17,237.83,194.17,648.33,,,,,,
2026-01-24 13:00,360.5,94.0,,339.17,398.17,584.83,532.0,559.17,578.67,573.0,527.5,538.0,595.0,429.83,299.83,125.83,218.33,250.5,589.5,,,,,,
2026-01-24 14:00,242.5,336.0,,267.67,105.67,473.67,240.17,447.67,430.17,458.0,310.0,433.0,459.33,248.67,257.0,226.83,314.0,264.17,463.17,,,,,,
2026-01-24 15:00,120.17,167.83,,235.0,198.17,302.67,89.0,282.5,272.5,265.33,119.83,270.33,270.83,112.33,222.83,132.33,83.67,137.33,284.17,,,,,,
2026-01-24 16:00,67.5,71.0,,65.17,76.83,102.33,50.17,101.5,94.33,61.17,15.83,89.17,118.5,56.0,60.33,27.67,57.17,18.5,94.5,,,,,,
2026-01-24 17:00,1.17,0.83,,2.17,1.67,4.33,3.0,3.83,3.83,3.5,2.0,2.67,4.33,1.5,1.83,1.33,0.5,0.83,3.5,,,,,,
2026-01-24 18:00,0.0,0.0,,0.0,0.0,0.0,0.0,0.0,,0.0,0.0,0.0,0.0,0.0,0.0,0.0,0.0,0.0,0.0,,,,,,
2026-01-24 19:00,0.0,0.0,,0.0,0.0,0.0,0.0,0.0,,0.0,0.0,0.0,0.0,0.0,0.0,0.0,0.0,0.0,0.0,,,,,,
2026-01-24 20:00,0.0,0.0,,0.0,0.0,0.0,0.0,0.0,,0.0,0.0,0.0,0.0,0.0,0.0,0.0,0.0,0.0,0.0,,,,,,
2026-01-24 21:00,0.0,0.0,,0.0,0.0,0.0,0.0,0.0,,0.0,0.0,0.0,0.0,0.0,0.0,0.0,0.0,0.0,0.0,,,,,,
2026-01-24 22:00,0.0,0.0,,0.0,0.0,0.0,0.0,0.0,,0.0,0.0,0.0,0.0,0.0,0.0,0.0,0.0,0.0,0.0,,,,,,
2026-01-24 23:00,0.0,0.0,,0.0,0.0,0.0,0.0,0.0,,0.0,0.0,0.0,0.0,0.0,0.0,0.0,0.0,0.0,0.0,,,,,,
2026-01-25 00:00,0.0,0.0,,0.0,0.0,0.0,0.0,0.0,,0.0,0.0,0.0,0.0,0.0,0.0,0.0,0.0,0.0,0.0,,,,,,
2026-01-25 01:00,0.0,0.0,,0.0,0.0,0.0,0.0,0.0,,0.0,0.0,0.0,0.0,0.0,0.0,0.0,0.0,0.0,0.0,,,,,,
2026-01-25 02:00,0.0,0.0,,0.0,0.0,0.0,0.0,0.0,,0.0,0.0,0.0,0.0,0.0,0.0,0.0,0.0,0.0,0.0,,,,,,
2026-01-25 03:00,0.0,0.0,,0.0,0.0,0.0,0.0,0.0,,0.0,0.0,0.0,0.0,0.0,0.0,0.0,0.0,0.0,0.0,,,,,,
2026-01-25 04:00,0.0,0.0,,0.0,0.0,0.0,0.0,0.0,,0.0,0.0,0.0,0.0,0.0,0.0,0.0,0.0,0.0,0.0,,,,,,
2026-01-25 05:00,0.0,0.0,,0.0,0.0,0.0,0.0,0.0,,0.0,0.0,0.0,0.0,0.0,0.0,0.0,0.0,0.0,0.0,,,,,,
2026-01-25 06:00,1.0,1.5,,1.83,2.0,1.67,1.67,1.33,,2.33,1.67,1.83,1.83,2.33,1.17,1.83,2.17,1.33,1.67,,,,,,
2026-01-25 07:00,69.0,95.5,,90.83,70.67,82.17,69.83,55.0,153.0,90.33,82.0,78.0,82.0,79.33,72.67,75.67,84.67,73.33,81.33,,,,,,
2026-01-25 08:00,216.0,270.67,,281.0,228.83,274.33,237.17,249.83,267.17,296.17,251.67,258.67,280.0,254.0,261.67,239.83,259.0,233.5,271.83,,,,,,
2026-01-25 09:00,381.67,448.83,,458.0,401.0,456.33,393.33,435.83,451.17,484.5,397.5,446.83,476.0,431.67,438.5,380.67,426.67,401.5,464.33,,,,,,
2026-01-25 10:00,515.33,574.0,,583.83,527.83,615.33,523.83,579.67,593.83,611.67,540.5,583.17,619.67,565.0,559.33,511.0,562.0,535.0,606.17,,,,,,
2026-01-25 11:00,562.17,638.33,,656.33,574.33,704.67,603.5,658.83,663.5,683.33,602.67,635.5,697.33,632.0,628.0,541.5,622.17,566.67,685.17,,,,,,
2026-01-25 12:00,588.83,639.5,,670.17,594.67,696.67,619.0,663.33,676.17,683.17,613.67,656.17,706.17,615.33,642.83,600.0,592.67,600.5,695.17,,,,,,
2026-01-25 13:00,515.83,573.33,,603.33,542.83,628.33,554.33,587.83,621.83,610.5,558.17,599.5,642.5,552.67,581.83,547.5,548.0,534.5,635.5,,,,,,
2026-01-25 14:00,410.17,448.83,,477.17,421.5,495.67,420.83,468.33,495.5,477.17,434.67,475.33,488.83,435.0,465.33,425.0,425.67,415.17,502.33,,,,,,
2026-01-25 15:00,241.0,277.67,,295.67,249.0,306.83,249.17,302.0,309.5,276.83,259.67,292.5,301.0,261.83,281.17,248.5,268.0,251.67,315.17,,,,,,
2026-01-25 16:00,74.17,81.67,,94.17,71.83,108.67,66.67,109.67,108.67,52.17,83.83,100.5,111.0,82.5,77.67,78.33,80.5,67.5,116.83,,,,,,
2026-01-25 17:00,1.17,1.0,,2.0,1.33,3.67,1.5,4.33,3.83,1.83,2.0,3.17,4.0,2.0,1.67,1.5,0.83,1.67,3.17,,,,,,
2026-01-25 18:00,0.0,0.0,,0.0,0.0,0.0,0.0,0.0,,0.0,0.0,0.0,0.0,0.0,0.0,0.0,0.0,0.0,0.0,,,,,,
2026-01-25 19:00,0.0,0.0,,0.0,0.0,0.0,0.0,0.0,,0.0,0.0,0.0,0.0,0.0,0.0,0.0,0.0,0.0,0.0,,,,,,
2026-01-25 20:00,0.0,0.0,,0.0,0.0,0.0,0.0,0.0,,0.0,0.0,0.0,0.0,0.0,0.0,0.0,0.0,0.0,0.0,,,,,,
2026-01-25 21:00,0.0,0.0,,0.0,0.0,0.0,0.0,0.0,,0.0,0.0,0.0,0.0,0.0,0.0,0.0,0.0,0.0,0.0,,,,,,
2026-01-25 22:00,0.0,0.0,,0.0,0.0,0.0,0.0,0.0,,0.0,0.0,0.0,0.0,0.0,0.0,0.0,0.0,0.0,0.0,,,,,,
2026-01-25 23:00,0.0,0.0,,0.0,0.0,0.0,0.0,0.0,,0.0,0.0,0.0,0.0,0.0,0.0,0.0,0.0,0.0,0.0,,,,,,
2026-01-26 00:00,0.0,0.0,,0.0,0.0,0.0,0.0,0.0,,0.0,0.0,0.0,0.0,0.0,0.0,0.0,0.0,0.0,0.0,,,,,,
2026-01-26 01:00,0.0,0.0,,0.0,0.0,0.0,0.0,0.0,,0.0,0.0,0.0,0.0,0.0,0.0,0.0,0.0,0.0,0.0,,,,,,
2026-01-26 02:00,0.0,0.0,,0.0,0.0,0.0,0.0,0.0,,0.0,0.0,0.0,0.0,0.0,0.0,0.0,0.0,0.0,0.0,,,,,,
2026-01-26 03:00,0.0,0.0,,0.0,0.0,0.0,0.0,0.0,,0.0,0.0,0.0,0.0,0.0,0.0,0.0,0.0,0.0,0.0,,,,,,
2026-01-26 04:00,0.0,0.0,,0.0,0.0,0.0,0.0,0.0,,0.0,0.0,0.0,0.0,0.0,0.0,0.0,0.0,0.0,0.0,,,,,,
2026-01-26 05:00,0.0,0.0,,0.0,0.0,0.0,0.0,0.0,,0.0,0.0,0.0,0.0,0.0,0.0,0.0,0.0,0.0,0.0,,,,,,
2026-01-26 06:00,1.33,1.67,,1.83,2.33,1.0,1.17,1.5,,2.5,1.67,1.67,1.83,2.33,1.17,2.33,2.0,1.5,2.5,,,,,,
2026-01-26 07:00,76.67,90.0,,96.67,73.83,92.17,72.5,60.83,150.5,95.33,82.5,73.17,86.67,82.17,78.5,81.67,87.17,74.83,112.5,,,,,,
2026-01-26 08:00,251.83,294.5,,270.5,265.33,296.67,270.83,239.5,280.0,289.0,277.83,225.5,250.0,281.67,255.33,262.33,265.0,265.5,288.5,,,,,,
2026-01-26 09:00,420.5,474.17,,474.33,434.0,479.33,445.0,418.67,442.83,491.33,452.83,446.83,498.67,461.33,452.33,446.0,430.33,441.5,454.33,,,,,,
2026-01-26 10:00,551.5,604.17,,618.67,567.83,643.17,580.0,593.5,567.17,608.0,584.83,607.33,663.0,585.67,593.67,536.5,591.83,562.5,627.17,,,,,,
2026-01-26 11:00,621.17,667.5,,678.83,628.83,676.83,650.0,667.33,650.17,697.33,648.33,674.67,736.67,662.33,648.0,574.67,645.83,632.17,679.83,,,,,,
2026-01-26 12:00,606.5,668.33,,672.0,639.67,592.0,651.67,642.83,648.5,678.5,649.5,589.83,653.83,542.0,660.17,628.67,641.83,630.67,508.5,,,,,,
2026-01-26 13:00,528.5,587.5,,427.67,535.67,469.33,573.67,532.17,508.33,490.67,589.0,583.33,587.33,617.83,463.67,515.67,558.0,544.67,521.5,,,,,,
2026-01-26 14:00,378.67,474.33,,496.83,362.0,234.83,344.5,349.67,251.67,236.5,261.83,385.33,399.83,285.33,419.67,336.83,447.0,375.67,391.0,,,,,,
2026-01-26 15:00,197.33,251.17,,221.17,202.67,280.0,230.5,256.17,275.0,185.83,315.17,290.67,309.0,209.17,232.17,137.83,181.83,123.17,316.17,,,,,,
2026-01-26 16:00,56.33,67.17,,76.67,76.83,101.5,95.17,122.0,148.33,70.83,116.0,123.67,156.33,108.17,66.5,77.67,73.0,86.67,134.0,,,,,,
2026-01-26 17:00,2.0,2.33,,2.33,2.17,6.5,4.17,4.33,5.83,3.5,3.67,3.33,4.83,1.5,1.67,4.17,2.83,4.0,5.0,,,,,,
2026-01-26 18:00,0.0,0.0,,0.0,0.0,0.0,0.0,0.0,,0.0,0.0,0.0,0.0,0.0,0.0,0.0,0.0,0.0,0.0,,,,,,
2026-01-26 19:00,0.0,0.0,,0.0,0.0,0.0,0.0,0.0,,0.0,0.0,0.0,0.0,0.0,0.0,0.0,0.0,0.0,0.0,,,,,,
2026-01-26 20:00,0.0,0.0,,0.0,0.0,0.0,0.0,0.0,,0.0,0.0,0.0,0.0,0.0,0.0,0.0,0.0,0.0,0.0,,,,,,
2026-01-26 21:00,0.0,0.0,,0.0,0.0,0.0,0.0,0.0,,0.0,0.0,0.0,0.0,0.0,0.0,0.0,0.0,0.0,0.0,,,,,,
2026-01-26 22:00,0.0,0.0,,0.0,0.0,0.0,0.0,0.0,,0.0,0.0,0.0,0.0,0.0,0.0,0.0,0.0,0.0,0.0,,,,,,
2026-01-26 23:00,0.0,0.0,,0.0,0.0,0.0,0.0,0.0,,0.0,0.0,0.0,0.0,0.0,0.0,0.0,0.0,0.0,0.0,,,,,,
2026-01-27 00:00,0.0,0.0,,0.0,0.0,0.0,0.0,0.0,,0.0,0.0,0.0,0.0,0.0,0.0,0.0,0.0,0.0,0.0,,,,,,
2026-01-27 01:00,0.0,0.0,,0.0,0.0,0.0,0.0,0.0,,0.0,0.0,0.0,0.0,0.0,0.0,0.0,0.0,0.0,0.0,,,,,,
2026-01-27 02:00,0.0,0.0,,0.0,0.0,0.0,0.0,0.0,,0.0,0.0,0.0,0.0,0.0,0.0,0.0,0.0,0.0,0.0,,,,,,
2026-01-27 03:00,0.0,0.0,,0.0,0.0,0.0,0.0,0.0,,0.0,0.0,0.0,0.0,0.0,0.0,0.0,0.0,0.0,0.0,,,,,,
2026-01-27 04:00,0.0,0.0,,0.0,0.0,0.0,0.0,0.0,,0.0,0.0,0.0,0.0,0.0,0.0,0.0,0.0,0.0,0.0,,,,,,
2026-01-27 05:00,0.0,0.0,,0.0,0.0,0.0,0.0,0.0,,0.0,0.0,0.0,0.0,0.0,0.0,0.0,0.0,0.0,0.0,,,,,,
2026-01-27 06:00,1.33,2.0,,1.83,1.5,2.5,0.83,1.17,,2.33,1.0,1.33,1.67,1.5,1.5,1.67,1.83,1.33,0.0,,,,,,
2026-01-27 07:00,65.0,85.17,,79.33,66.5,98.5,49.0,57.0,,92.33,49.5,71.5,73.83,63.0,61.0,66.33,72.67,47.67,0.0,,,,,,
2026-01-27 08:00,195.83,226.0,,250.0,196.5,297.5,207.67,239.17,,299.0,206.17,238.67,253.33,222.0,164.5,202.33,222.17,116.67,0.0,,,,,,
2026-01-27 09:00,322.5,382.17,,361.67,359.5,464.0,298.83,424.0,342.4,478.83,334.83,438.67,454.0,368.17,402.67,392.17,372.83,288.5,0.0,,,,,,
2026-01-27 10:00,369.0,548.17,,491.33,459.5,602.5,383.67,571.67,587.0,607.5,466.17,580.67,606.17,354.0,535.0,518.0,518.17,462.17,0.0,,,,,,
2026-01-27 11:00,472.0,452.83,,448.17,468.5,688.33,307.5,647.17,651.17,677.17,519.5,604.67,561.33,425.83,644.5,528.0,416.67,429.83,0.0,,,,,,
2026-01-27 12:00,545.67,418.83,,643.33,555.83,682.17,417.83,655.67,663.67,674.5,502.5,652.33,475.17,552.5,627.17,450.17,581.17,395.67,0.0,,,,,,
2026-01-27 13:00,469.83,392.5,,529.17,497.17,618.33,499.17,585.33,611.33,601.0,413.33,590.5,582.0,510.83,476.83,525.0,383.17,357.33,0.0,,,,,,
2026-01-27 14:00,320.5,324.17,,401.67,369.5,482.33,239.0,462.5,480.5,475.5,389.33,441.83,475.5,437.33,430.67,364.5,386.83,193.17,0.0,,,,,,
2026-01-27 15:00,155.5,192.33,,225.33,207.0,284.0,124.83,293.17,297.67,280.83,165.67,287.33,263.83,230.33,279.5,116.5,170.67,160.5,0.0,,,,,,
2026-01-27 16:00,43.83,51.5,,86.0,53.83,95.83,36.33,105.83,105.5,58.5,51.33,104.5,97.5,61.0,68.5,44.67,50.33,57.83,0.0,,,,,,
2026-01-27 17:00,1.17,0.67,,2.5,2.0,3.0,0.67,3.67,4.33,3.33,1.33,2.83,4.17,2.17,2.17,2.0,0.83,1.17,4.33,,,,,,
2026-01-27 18:00,0.0,0.0,,0.0,0.0,0.0,0.0,0.0,0.0,0.0,0.0,0.0,0.0,0.0,0.0,0.83,0.0,0.0,0.0,,,,,,
2026-01-27 19:00,0.0,0.0,,0.0,0.0,0.0,0.0,0.0,,0.0,0.0,0.0,0.0,0.0,0.0,0.17,0.0,0.0,0.0,,,,,,
2026-01-27 20:00,0.0,0.0,,0.0,0.0,0.0,0.0,0.0,,0.0,0.0,0.0,0.0,0.0,0.0,0.0,0.0,0.0,0.0,,,,,,
2026-01-27 21:00,0.0,0.0,,0.0,0.0,0.0,0.0,0.0,,0.0,0.0,0.0,0.0,0.0,0.0,0.0,0.0,0.0,0.0,,,,,,
2026-01-27 22:00,0.0,0.0,,0.0,0.0,0.0,0.0,0.0,,0.0,0.0,0.0,0.0,0.0,0.0,0.0,0.0,0.0,0.0,,,,,,
2026-01-27 23:00,0.0,0.0,,0.0,0.0,0.0,0.0,0.0,,0.0,0.0,0.0,0.0,0.0,0.0,0.17,0.0,0.0,0.0,,,,,,
2026-01-28 00:00,0.0,0.0,,0.0,0.0,0.0,0.0,0.0,,0.0,0.0,0.0,0.0,0.0,0.0,0.0,0.0,0.0,0.0,,,,,,
2026-01-28 01:00,0.0,0.0,,0.0,0.0,0.0,0.0,0.0,,0.0,0.0,0.0,0.0,0.0,0.0,0.0,0.0,0.0,0.0,,,,,,
2026-01-28 02:00,0.0,0.0,,0.0,0.0,0.0,0.0,0.0,,0.0,0.0,0.0,0.0,0.0,0.0,0.67,0.0,0.0,0.0,,,,,,
2026-01-28 03:00,0.0,0.0,,0.0,0.0,0.0,0.0,0.0,,0.0,0.0,0.0,0.0,0.0,0.0,0.33,0.0,0.0,0.0,,,,,,
2026-01-28 04:00,0.0,0.0,,0.0,0.0,0.0,0.0,0.0,,0.0,0.0,0.0,0.0,0.0,0.0,1.0,0.0,0.0,0.0,,,,,,
2026-01-28 05:00,0.0,0.0,,0.0,0.0,0.0,0.0,0.0,,0.0,0.0,0.0,0.0,0.0,0.0,0.0,0.0,0.0,0.0,,,,,,
2026-01-28 06:00,0.83,2.83,,1.5,1.0,1.33,0.5,1.17,,1.33,1.0,1.17,1.33,1.67,0.83,3.83,2.17,3.5,1.17,,,,,,
2026-01-28 07:00,41.83,45.33,,59.17,46.67,44.5,30.0,56.67,,58.67,42.33,62.67,66.33,58.0,52.67,70.17,63.67,37.67,58.0,,,,,,
2026-01-28 08:00,143.17,136.17,,229.5,175.83,191.5,142.17,201.83,237.0,198.17,168.0,223.17,237.0,219.67,203.67,143.83,134.5,177.0,223.17,,,,,,
2026-01-28 09:00,225.5,124.83,,388.0,341.33,363.0,154.17,373.83,378.0,379.0,145.83,376.33,405.67,384.33,295.67,262.33,161.5,189.33,406.83,,,,,,
2026-01-28 10:00,153.67,247.0,,409.83,516.0,525.17,21.67,526.33,507.0,497.0,57.33,521.83,441.83,405.5,293.67,182.5,162.5,185.17,559.5,,,,,,
2026-01-28 11:00,56.0,66.17,,464.83,367.0,511.67,36.5,566.17,530.5,565.0,16.17,520.0,443.17,433.67,365.33,174.83,62.67,107.33,625.83,,,,,,
2026-01-28 12:00,19.33,107.83,,257.5,208.83,569.5,12.83,471.5,390.67,589.0,8.67,495.67,432.5,355.0,284.5,96.83,25.17,38.0,547.17,,,,,,
2026-01-28 13:00,11.5,123.0,,200.5,127.33,493.0,88.67,445.17,311.0,532.17,20.5,533.83,357.5,211.33,210.5,19.83,19.67,11.17,476.5,,,,,,
2026-01-28 14:00,33.0,123.0,,133.5,110.67,437.0,114.5,494.0,317.83,408.0,23.67,372.5,296.17,133.67,145.5,7.0,69.5,8.67,319.0,,,,,,
2026-01-28 15:00,33.0,26.5,,74.83,39.5,297.5,122.83,270.5,351.0,270.83,47.0,350.33,163.67,131.5,55.83,7.33,56.0,11.0,196.67,,,,,,
2026-01-28 16:00,46.0,16.83,,28.0,31.83,109.0,63.17,69.17,101.5,81.83,57.83,112.83,75.17,29.33,21.0,14.33,,29.5,63.83,,,,,,
2026-01-28 17:00,3.17,0.33,,2.33,6.0,4.33,6.17,5.83,7.4,5.67,5.17,5.33,3.17,1.17,4.5,5.5,0.0,2.67,5.83,,,,,,
2026-01-28 18:00,0.0,0.0,,0.0,0.0,0.0,0.0,0.0,,0.0,0.0,0.17,0.0,0.0,0.0,0.0,0.0,0.0,0.0,,,,,,
2026-01-28 19:00,0.0,0.0,,0.0,0.0,0.0,0.0,0.0,,0.0,0.0,0.17,0.33,0.0,0.0,0.5,0.0,0.0,0.0,,,,,,
2026-01-28 20:00,0.0,0.0,,0.0,0.0,0.0,0.0,0.0,,0.0,0.0,0.0,0.33,0.0,0.0,1.0,0.0,0.0,0.0,,,,,,
2026-01-28 21:00,0.0,0.0,,0.0,0.0,0.0,0.17,0.0,,0.0,0.0,0.0,0.17,0.0,0.0,0.33,0.0,0.0,0.0,,,,,,
2026-01-28 22:00,0.0,0.0,,0.0,0.0,0.0,0.33,0.0,,0.0,0.0,0.0,0.5,0.0,0.0,0.67,0.0,0.0,0.0,,,,,,
2026-01-28 23:00,0.0,0.0,,0.0,0.0,0.0,0.0,0.0,,0.0,0.0,0.0,0.17,0.0,0.0,1.0,0.0,0.0,0.0,,,,,,
2026-01-29 00:00,0.0,0.0,,0.0,0.0,0.0,0.0,0.0,,0.0,0.0,0.0,0.67,0.0,0.0,1.0,0.0,0.0,0.0,,,,,,
2026-01-29 01:00,0.0,0.0,,0.0,0.0,0.0,0.33,0.0,,0.0,0.17,0.0,0.83,0.0,0.0,1.17,0.0,0.17,0.0,,,,,,
2026-01-29 02:00,0.0,0.0,,0.0,0.0,0.0,0.0,0.0,,0.0,0.0,0.0,0.0,0.0,0.0,1.17,0.0,0.0,0.0,,,,,,
2026-01-29 03:00,0.0,0.0,,0.0,0.0,0.0,0.0,0.0,,0.0,0.0,0.0,0.0,0.0,0.0,1.0,0.0,0.0,0.0,,,,,,
2026-01-29 04:00,0.0,0.0,,0.0,0.0,0.0,0.0,0.0,,0.0,0.0,0.0,0.0,0.0,0.0,0.83,0.0,0.0,0.0,,,,,,
2026-01-29 05:00,0.0,0.0,,0.0,0.0,0.0,0.0,0.0,,0.0,0.0,0.0,0.0,0.0,0.0,0.67,0.0,0.0,0.0,,,,,,
2026-01-29 06:00,1.33,2.5,,0.67,1.17,2.5,1.33,1.67,,2.83,1.33,2.33,1.83,3.17,0.83,2.83,2.17,1.67,2.33,,,,,,
2026-01-29 07:00,55.0,35.33,,15.0,37.5,89.0,31.83,45.33,142.67,87.0,80.5,85.0,102.33,90.83,19.83,102.83,24.33,51.67,93.83,,,,,,
2026-01-29 08:00,189.17,43.67,,158.0,255.0,296.17,137.83,260.0,303.67,299.33,120.17,281.33,299.67,113.5,183.17,144.67,79.0,193.5,319.17,,,,,,
2026-01-29 09:00,377.33,68.17,,332.5,457.17,468.67,312.17,439.67,442.0,488.5,263.17,437.83,520.67,125.0,242.67,117.67,95.33,179.33,448.33,,,,,,
2026-01-29 10:00,338.17,211.17,,495.17,197.5,627.17,379.17,300.67,405.0,612.0,428.17,453.0,518.83,449.17,374.0,144.33,189.17,378.83,260.17,,,,,,
2026-01-29 11:00,567.67,246.83,,430.83,292.0,660.33,196.67,566.0,495.33,559.5,281.33,549.5,489.67,362.17,396.67,241.17,329.17,404.83,628.83,,,,,,
2026-01-29 12:00,258.17,135.0,,575.33,358.0,709.5,130.0,675.33,623.67,688.33,98.33,656.83,690.0,581.83,560.33,138.0,96.0,95.0,610.83,,,,,,
2026-01-29 13:00,57.5,81.0,,560.17,559.33,571.83,401.0,615.67,619.17,668.33,36.5,596.0,613.0,476.17,509.0,100.0,118.83,62.83,657.0,,,,,,
2026-01-29 14:00,24.67,58.17,,319.17,377.33,523.67,172.33,476.0,530.83,530.67,45.0,401.5,387.5,389.5,319.5,113.33,38.17,50.0,526.83,,,,,,
2026-01-29 15:00,29.67,42.17,,300.17,274.33,304.83,153.33,311.0,290.83,251.33,115.83,295.67,232.83,267.17,308.33,102.17,17.33,68.5,293.67,,,,,,
2026-01-29 16:00,22.67,27.5,,41.33,67.5,109.33,20.67,141.17,107.17,49.33,38.0,107.33,120.5,93.67,72.5,45.67,8.67,28.33,123.67,,,,,,
2026-01-29 17:00,0.67,0.67,,3.0,2.0,2.67,1.67,7.17,5.5,6.0,2.0,3.17,4.5,1.67,2.5,1.67,0.0,0.67,4.17,,,,,,
2026-01-29 18:00,0.0,0.0,,0.0,0.0,0.0,0.0,0.0,0.0,0.0,0.0,0.0,0.0,0.0,0.0,0.0,0.67,0.0,0.0,,,,,,
2026-01-29 19:00,0.0,0.0,,0.0,0.0,0.0,0.0,0.0,,0.0,0.0,0.0,0.0,0.0,0.0,0.17,0.0,0.0,0.0,,,,,,
2026-01-29 20:00,0.0,0.0,,0.0,0.0,0.0,0.0,0.0,,0.0,0.0,0.0,0.0,0.0,0.0,0.17,0.0,0.0,0.0,,,,,,
2026-01-29 21:00,0.0,0.0,,0.0,0.0,0.0,0.0,0.0,,0.0,0.0,0.0,0.0,0.0,0.0,0.17,0.0,0.0,0.0,,,,,,
2026-01-29 22:00,0.0,0.0,,0.0,0.0,0.0,0.0,0.0,,0.0,0.0,0.0,0.0,0.0,0.0,0.17,0.0,0.0,0.0,,,,,,
2026-01-29 23:00,0.0,0.0,,0.0,0.0,0.0,0.0,0.0,,0.0,0.0,0.0,0.0,0.0,0.0,0.83,0.0,0.0,0.0,,,,,,
2026-01-30 00:00,0.0,0.0,,0.0,0.0,0.0,0.0,0.0,,0.0,0.0,0.0,0.0,0.0,0.0,0.17,0.0,0.0,0.0,,,,,,
2026-01-30 01:00,0.0,0.0,,0.0,0.0,0.0,0.0,0.0,,0.0,0.0,0.0,0.0,0.0,0.0,0.83,0.0,0.0,0.0,,,,,,
2026-01-30 02:00,0.0,0.0,,0.0,0.0,0.0,0.0,0.0,,0.0,0.0,0.0,0.0,0.0,0.0,1.0,0.0,0.0,0.0,,,,,,
2026-01-30 03:00,0.0,0.0,,0.0,0.0,0.0,0.0,0.0,,0.0,0.0,0.0,0.0,0.17,0.0,0.67,0.0,0.0,0.0,,,,,,
2026-01-30 04:00,0.0,0.0,,0.0,0.0,0.0,0.0,0.0,,0.0,0.0,0.0,0.0,1.17,0.0,1.0,0.0,0.0,0.0,,,,,,
2026-01-30 05:00,0.0,0.33,,0.0,0.0,0.0,0.0,0.0,,0.0,0.0,0.0,0.0,0.0,0.0,1.0,0.0,0.0,0.0,,,,,,
2026-01-30 06:00,0.67,2.83,,1.83,1.83,6.17,0.67,2.0,,5.0,0.17,2.5,3.17,2.0,1.33,1.83,2.0,0.83,3.0,,,,,,
2026-01-30 07:00,34.17,38.0,,60.0,55.17,109.5,35.0,55.0,133.5,102.67,34.5,69.67,60.17,59.67,47.83,38.67,51.33,33.0,77.83,,,,,,
2026-01-30 08:00,150.83,103.83,,254.0,259.5,296.83,212.0,263.5,234.83,321.17,180.83,253.0,306.67,220.67,276.83,160.67,159.33,153.17,268.33,,,,,,
2026-01-30 09:00,348.83,251.17,,486.33,399.83,451.0,402.17,434.17,441.33,502.17,404.17,446.67,467.33,423.83,461.17,433.67,310.5,286.33,423.83,,,,,,
2026-01-30 10:00,504.0,572.5,,567.33,528.0,663.17,455.0,444.0,498.5,599.67,439.5,516.83,553.5,529.33,537.5,415.0,388.67,390.67,585.83,,,,,,
2026-01-30 11:00,527.17,458.33,,555.5,531.5,621.0,523.33,597.67,567.83,678.83,527.83,596.33,566.83,508.83,530.5,456.17,471.5,503.83,687.83,,,,,,
2026-01-30 12:00,472.0,505.67,,648.83,419.67,728.33,497.5,596.0,595.67,679.5,536.33,669.33,594.83,530.5,629.17,453.0,378.67,385.33,646.0,,,,,,
2026-01-30 13:00,414.5,521.5,,571.17,525.5,648.0,459.0,552.33,591.0,605.33,444.17,560.33,582.0,543.0,545.17,505.67,432.0,477.17,632.67,,,,,,
2026-01-30 14:00,371.17,315.17,,429.83,411.5,480.67,331.67,386.33,439.33,494.67,330.83,389.33,416.67,376.83,407.5,360.17,388.5,343.83,439.33,,,,,,
2026-01-30 15:00,175.0,178.5,,232.33,223.17,299.5,171.67,240.0,247.67,299.17,205.17,232.67,242.17,210.67,224.0,208.5,227.67,201.83,266.67,,,,,,
2026-01-30 16:00,59.33,71.67,,76.17,73.17,116.17,78.83,95.17,85.83,67.67,102.0,80.0,89.0,76.5,73.67,96.0,67.83,86.5,94.33,,,,,,
2026-01-30 17:00,2.5,2.33,,3.67,2.67,6.33,3.17,7.33,6.2,5.5,4.67,5.0,5.5,3.0,3.17,3.83,1.5,3.17,6.67,,,,,,
2026-01-30 18:00,0.0,0.0,,0.0,0.0,0.0,0.0,0.0,,0.0,0.0,0.0,0.0,0.0,0.0,0.0,0.0,0.0,0.0,,,,,,
2026-01-30 19:00,0.0,0.0,,0.0,0.0,0.0,0.0,0.0,,0.0,0.0,0.0,0.0,0.0,0.0,0.0,0.0,0.0,0.0,,,,,,
2026-01-30 20:00,0.0,0.0,,0.0,0.0,0.0,0.0,0.0,,0.0,0.0,0.0,0.0,0.0,0.0,0.0,0.0,0.0,0.0,,,,,,
2026-01-30 21:00,0.0,0.0,,0.0,0.0,0.0,0.0,0.0,,0.0,0.0,0.0,0.0,0.0,0.0,0.33,0.0,0.0,0.0,,,,,,
2026-01-30 22:00,0.0,0.0,,0.0,0.0,0.0,0.0,0.0,,0.0,0.0,0.0,0.0,0.0,0.0,0.67,0.0,0.0,0.0,,,,,,
2026-01-30 23:00,0.0,0.0,,0.0,0.0,0.0,0.0,0.0,,0.0,0.0,0.0,0.0,0.0,0.0,0.0,0.0,0.0,0.0,,,,,,
2026-01-31 00:00,0.0,0.0,,0.0,0.0,0.0,0.0,0.0,,0.0,0.0,0.0,0.0,0.0,0.0,0.67,0.0,0.0,0.0,,,,,,
2026-01-31 01:00,0.0,0.0,,0.0,0.0,0.0,0.0,0.0,,0.0,0.0,0.0,0.0,0.0,0.0,0.33,0.0,0.0,0.0,,,,,,
2026-01-31 02:00,0.0,0.0,,0.0,0.0,0.0,0.0,0.0,,0.0,0.0,0.0,0.0,0.0,0.0,0.0,0.0,0.0,0.0,,,,,,
2026-01-31 03:00,0.0,0.0,,0.0,0.0,0.0,0.0,0.0,,0.0,0.0,0.0,0.0,0.0,0.0,0.0,0.0,0.0,0.0,,,,,,
2026-01-31 04:00,0.0,0.0,,0.0,0.0,0.0,0.0,0.0,,0.0,0.0,0.0,0.0,0.0,0.0,0.0,0.0,0.0,0.0,,,,,,
2026-01-31 05:00,0.0,0.0,,0.0,0.0,0.0,0.0,0.0,,0.0,0.0,0.0,0.0,0.0,0.0,0.0,0.0,0.0,0.0,,,,,,
2026-01-31 06:00,1.33,1.0,,2.5,2.17,3.0,1.5,1.83,,3.33,2.0,2.33,2.33,2.5,1.67,2.33,0.17,2.0,2.33,,,,,,
2026-01-31 07:00,34.5,30.33,,109.83,75.0,91.17,75.83,46.33,155.5,86.17,82.83,93.67,98.83,93.5,84.83,77.5,14.0,73.67,96.0,,,,,,
2026-01-31 08:00,133.5,43.0,,308.83,249.17,284.17,264.0,284.17,290.17,286.67,270.33,292.83,308.83,282.33,285.33,256.67,37.83,240.83,296.33,,,,,,
2026-01-31 09:00,415.5,156.67,,482.67,413.83,448.33,442.17,463.83,470.0,467.17,450.83,479.0,510.17,459.17,463.83,436.33,249.33,433.33,485.17,,,,,,
2026-01-31 10:00,544.17,518.17,,615.33,540.33,596.0,568.0,603.17,608.17,599.17,579.33,616.83,663.83,592.67,591.17,528.0,542.67,557.5,624.33,,,,,,
2026-01-31 11:00,614.17,680.83,,687.33,612.83,692.0,639.33,676.0,687.0,673.33,645.17,689.0,733.0,663.17,659.17,574.83,601.0,626.5,700.5,,,,,,
2026-01-31 12:00,617.17,678.83,,690.83,617.5,701.0,638.67,667.67,687.17,675.5,650.0,682.17,714.0,672.5,661.17,630.83,634.17,637.33,694.5,,,,,,
2026-01-31 13:00,510.0,605.33,,623.17,561.33,625.17,528.0,528.17,521.83,614.17,615.17,501.67,659.17,592.83,588.33,598.83,519.83,607.33,629.17,,,,,,
2026-01-31 14:00,481.5,475.83,,362.67,418.67,494.0,442.83,412.17,362.17,468.17,471.0,418.5,477.33,474.0,324.67,466.67,456.5,451.17,484.0,,,,,,
2026-01-31 15:00,268.33,309.83,,230.5,251.33,334.33,239.5,254.67,287.83,262.17,289.0,274.83,295.0,272.67,296.67,271.0,265.17,270.33,290.0,,,,,,
2026-01-31 16:00,73.83,75.17,,88.83,78.83,60.17,63.5,86.33,82.33,82.0,70.17,91.0,103.33,93.33,83.67,80.17,69.5,79.67,87.17,,,,,,
2026-01-31 17:00,2.33,1.83,,2.67,2.0,7.0,2.0,5.17,3.4,3.83,2.83,3.33,3.33,1.67,2.33,3.17,1.0,2.5,6.33,,,,,,
2026-01-31 18:00,0.0,0.0,,0.0,0.0,0.0,0.0,0.0,,0.0,0.0,0.0,0.0,0.0,0.0,0.5,0.0,0.0,0.0,,,,,,
2026-01-31 19:00,0.0,0.0,,0.0,0.0,0.0,0.0,0.0,,0.0,0.0,0.0,0.0,0.0,0.0,0.17,0.0,0.0,0.0,,,,,,
2026-01-31 20:00,0.0,0.0,,0.0,0.0,0.0,0.0,0.0,,0.0,0.0,0.0,0.0,0.0,0.0,0.0,0.0,0.0,0.0,,,,,,
2026-01-31 21:00,0.0,0.0,,0.0,0.0,0.0,0.0,0.0,,0.0,0.0,0.0,0.0,0.0,0.0,0.17,0.0,0.0,0.0,,,,,,
2026-01-31 22:00,0.0,0.0,,0.0,0.0,0.0,0.0,0.0,,0.0,0.0,0.0,0.0,0.0,0.0,0.0,0.0,0.0,0.0,,,,,,
2026-01-31 23:00,0.0,0.0,,0.0,0.0,0.0,0.0,0.0,,0.0,0.0,0.0,0.0,0.0,0.0,0.0,0.0,0.0,0.0,,,,,,
2026-02-01 00:00,0.0,0.0,0.0,0.0,0.0,0.0,0.0,0.0,,0.0,0.0,0.0,0.0,0.0,0.0,0.0,0.0,0.0,0.0,,,,,,
2026-02-01 01:00,0.0,0.0,0.0,0.0,0.0,0.0,0.0,0.0,,0.0,0.0,0.0,0.0,0.0,0.0,0.0,0.0,0.0,0.0,,,,,,
2026-02-01 02:00,0.0,0.0,0.0,0.0,0.0,0.0,0.0,0.0,,0.0,0.0,0.0,0.0,0.0,0.0,0.0,0.0,0.0,0.0,,,,,,
2026-02-01 03:00,0.0,0.0,0.0,0.0,0.0,0.0,0.0,0.0,,0.0,0.0,0.0,0.0,0.0,0.0,0.0,0.0,0.0,0.0,,,,,,
2026-02-01 04:00,0.0,0.0,0.0,0.0,0.0,0.0,0.0,0.0,,0.0,0.0,0.0,0.0,0.0,0.0,0.0,0.0,0.0,0.0,,,,,,
2026-02-01 05:00,0.0,0.0,0.0,0.0,0.0,0.0,0.0,0.0,,0.0,0.0,0.0,0.0,0.0,0.0,0.0,0.0,0.0,0.0,,,,,,
2026-02-01 06:00,2.33,2.83,2.17,2.5,2.33,3.83,1.5,2.17,,3.67,2.0,2.5,2.67,2.83,1.83,3.0,3.17,2.17,2.17,,,,,,
2026-02-01 07:00,76.83,94.5,56.83,103.0,77.67,102.33,74.5,55.33,156.5,92.33,78.67,92.17,94.5,83.67,83.0,76.83,87.33,76.0,97.17,,,,,,
2026-02-01 08:00,238.33,282.0,231.0,297.83,246.83,303.0,238.83,280.0,291.0,301.5,245.17,289.17,302.83,265.17,279.17,248.33,264.67,237.17,300.0,,,,,,
2026-02-01 09:00,407.33,463.17,398.5,475.33,420.5,471.17,408.0,469.33,475.67,479.83,416.17,478.0,509.67,449.5,456.0,421.33,438.83,408.5,499.17,,,,,,
2026-02-01 10:00,532.0,592.0,534.5,612.33,552.67,624.67,553.67,617.33,622.17,609.33,555.5,621.83,666.33,584.5,582.0,525.5,559.33,544.5,645.17,,,,,,
2026-02-01 11:00,605.67,667.33,615.17,687.33,625.5,715.5,628.83,694.33,701.83,683.83,633.33,698.83,740.0,664.0,653.33,577.0,620.33,621.17,717.83,,,,,,
2026-02-01 12:00,612.0,661.33,626.67,689.17,639.5,718.67,631.67,699.17,702.5,664.33,647.67,705.83,740.67,675.83,657.5,631.17,615.0,627.0,715.0,,,,,,
2026-02-01 13:00,556.17,579.17,565.83,616.33,579.0,637.67,566.67,624.83,633.17,628.83,582.83,628.5,679.33,612.33,607.0,591.83,562.0,580.5,644.83,,,,,,
2026-02-01 14:00,444.33,410.5,463.33,475.83,440.17,508.83,445.67,429.83,490.33,431.0,455.0,474.5,512.67,487.83,471.0,469.83,438.5,462.17,509.0,,,,,,
2026-02-01 15:00,234.17,300.17,263.0,219.0,202.67,173.0,257.33,221.0,231.5,105.83,260.33,228.83,290.5,185.0,172.5,281.5,287.0,242.67,246.0,,,,,,
2026-02-01 16:00,66.0,87.17,55.67,61.83,60.33,64.0,53.83,47.33,47.5,78.17,52.67,52.17,83.0,92.0,66.17,67.5,77.33,64.33,45.5,,,,,,
2026-02-01 17:00,1.17,0.83,1.17,1.67,2.0,6.67,1.17,7.33,3.67,4.5,1.67,0.17,1.67,2.5,1.33,1.67,1.0,1.33,2.17,,,,,,
2026-02-01 18:00,0.0,0.0,0.0,0.0,0.0,0.0,0.0,0.0,,0.0,0.0,0.0,0.0,0.0,0.0,0.0,0.0,0.0,0.0,,,,,,
2026-02-01 19:00,0.0,0.0,0.0,0.0,0.0,0.0,0.0,0.0,,0.0,0.0,0.0,0.0,0.0,0.0,0.33,0.0,0.0,0.0,,,,,,
2026-02-01 20:00,0.0,0.0,0.0,0.0,0.0,0.0,0.0,0.0,,0.0,0.0,0.0,0.0,0.0,0.0,0.5,0.0,0.0,0.0,,,,,,
2026-02-01 21:00,0.0,0.0,0.0,0.0,0.0,0.0,0.0,0.0,,0.0,0.0,0.0,0.0,0.0,0.0,1.0,0.0,0.0,0.0,,,,,,
2026-02-01 22:00,0.0,0.0,0.0,0.0,0.0,0.0,0.0,0.0,,0.0,0.0,0.0,0.0,0.0,0.0,0.83,0.0,0.0,0.0,,,,,,
2026-02-01 23:00,0.0,0.17,0.0,0.0,0.0,0.0,0.0,0.0,,0.0,0.0,0.0,0.0,0.0,0.0,0.67,0.0,0.0,0.0,,,,,,
2026-02-02 00:00,0.0,0.0,0.0,0.0,0.0,0.0,0.0,0.0,,0.0,0.0,0.0,0.0,0.0,0.0,0.5,0.0,0.0,0.0,,,,,,
2026-02-02 01:00,0.0,0.0,0.0,0.0,0.0,0.0,0.0,0.0,,0.0,0.0,0.0,0.0,0.0,0.0,0.17,0.0,0.0,0.0,,,,,,
2026-02-02 02:00,0.0,0.0,0.0,0.0,0.0,0.0,0.0,0.0,,0.0,0.0,0.0,0.0,0.0,0.0,1.0,0.0,0.0,0.0,,,,,,
2026-02-02 03:00,0.0,0.0,0.0,0.0,0.0,0.0,0.0,0.0,,0.0,0.0,0.0,0.0,0.0,0.0,0.67,0.0,0.0,0.0,,,,,,
2026-02-02 04:00,0.0,0.5,0.0,0.0,0.0,0.0,0.0,0.0,,0.0,0.0,0.0,0.0,0.0,0.0,0.33,0.0,0.0,0.0,,,,,,
2026-02-02 05:00,0.0,0.0,0.0,0.0,0.0,0.0,0.0,0.0,,0.0,0.0,0.0,0.0,0.0,0.0,0.0,0.0,0.0,0.0,,,,,,
2026-02-02 06:00,2.0,2.17,1.83,2.83,3.33,3.17,1.83,2.0,,3.33,2.17,2.83,3.0,2.5,2.0,3.17,2.83,2.5,3.0,,,,,,
2026-02-02 07:00,83.67,118.67,52.67,113.5,83.0,108.33,86.83,49.33,148.33,95.5,91.83,103.83,107.33,98.0,82.83,90.17,100.17,91.33,104.33,,,,,,
2026-02-02 08:00,255.83,298.67,259.83,315.5,266.0,320.67,274.0,287.33,303.67,312.5,280.33,303.0,321.17,293.5,293.67,268.0,289.83,272.67,310.83,,,,,,
2026-02-02 09:00,425.67,479.5,437.0,493.83,437.67,483.17,454.0,462.83,480.33,488.83,458.33,481.83,512.83,468.67,468.67,449.67,464.5,451.33,499.5,,,,,,
2026-02-02 10:00,557.33,614.33,571.5,626.17,566.67,635.83,576.33,592.67,621.0,615.67,585.67,607.33,654.17,592.5,598.33,545.17,592.17,580.0,646.83,,,,,,
2026-02-02 11:00,618.5,684.83,642.83,694.67,639.5,735.0,637.33,622.5,685.0,681.33,648.33,663.5,702.67,638.67,663.0,588.33,660.33,647.17,713.17,,,,,,
2026-02-02 12:00,617.5,690.33,639.83,680.33,643.33,733.0,599.17,613.0,655.0,683.67,622.33,629.33,655.83,607.0,655.83,632.67,651.33,653.0,700.17,,,,,,
2026-02-02 13:00,578.17,557.5,512.67,588.17,551.0,661.0,474.83,547.33,593.33,628.33,524.0,559.0,590.5,530.17,573.5,573.5,576.17,539.5,579.67,,,,,,
2026-02-02 14:00,450.33,449.5,365.33,447.0,411.17,523.33,327.67,417.33,441.33,509.33,364.67,420.33,435.17,405.5,436.5,419.0,412.17,374.33,433.17,,,,,,
2026-02-02 15:00,222.67,251.5,199.33,262.33,235.17,337.33,148.5,243.0,266.67,324.83,218.0,252.83,284.67,252.67,260.67,235.67,248.5,213.83,269.17,,,,,,
2026-02-02 16:00,71.83,81.83,71.17,92.0,76.33,127.17,61.17,95.17,91.17,62.33,75.83,92.67,117.0,93.5,84.33,84.83,74.83,78.0,96.17,,,,,,
2026-02-02 17:00,3.5,4.0,3.67,4.83,3.83,9.0,4.17,10.0,6.67,6.67,4.83,7.67,8.83,5.0,4.33,4.83,3.83,6.0,6.67,,,,,,
2026-02-02 18:00,0.0,0.0,0.0,0.0,0.0,0.0,0.0,0.0,,0.0,0.0,0.0,0.0,0.0,0.0,0.0,0.0,0.0,0.0,,,,,,
2026-02-02 19:00,0.0,0.0,0.0,0.0,0.0,0.0,0.0,0.0,,0.0,0.0,0.0,0.0,0.0,0.0,0.0,0.0,0.0,0.0,,,,,,
2026-02-02 20:00,0.0,0.0,0.0,0.0,0.0,0.0,0.0,0.0,,0.0,0.0,0.0,0.0,0.0,0.0,0.0,0.0,0.0,0.0,,,,,,
2026-02-02 21:00,0.0,0.0,0.0,0.0,0.0,0.0,0.0,0.0,,0.0,0.0,0.0,0.0,0.0,0.0,0.0,0.0,0.0,0.0,,,,,,
2026-02-02 22:00,0.0,0.0,0.0,0.0,0.0,0.0,0.0,0.0,,0.0,0.0,0.0,0.0,0.0,0.0,0.0,0.0,0.0,0.0,,,,,,
2026-02-02 23:00,0.0,0.0,0.0,0.0,0.0,0.0,0.0,0.0,,0.0,0.0,0.0,0.0,0.0,0.0,0.0,0.0,0.0,0.0,,,,,,
2026-02-03 00:00,0.0,0.0,0.0,0.0,0.0,0.0,0.0,0.0,,0.0,0.0,0.0,0.0,0.0,0.0,0.17,0.0,0.0,0.0,,,,,,
2026-02-03 01:00,0.0,0.0,0.0,0.0,0.0,0.0,0.0,0.0,,0.0,0.0,0.0,0.0,0.0,0.0,0.0,0.0,0.0,0.0,,,,,,
2026-02-03 02:00,0.0,0.0,0.0,0.0,0.0,0.0,0.0,0.0,,0.0,0.0,0.0,0.0,0.0,0.0,0.5,0.0,0.0,0.0,,,,,,
2026-02-03 03:00,0.0,0.0,0.0,0.0,0.0,0.0,0.17,0.0,,0.0,0.0,0.0,0.0,0.0,0.0,0.5,0.0,0.0,0.0,,,,,,
2026-02-03 04:00,0.0,0.0,0.0,0.0,0.0,0.0,0.0,0.0,,0.0,0.0,0.0,0.0,0.0,0.0,0.83,0.0,0.17,0.0,,,,,,
2026-02-03 05:00,0.0,0.0,0.0,0.0,0.0,0.0,0.0,0.0,,0.0,0.0,0.0,0.0,0.0,0.0,0.33,0.0,0.17,0.0,,,,,,
2026-02-03 06:00,0.17,2.0,0.5,2.0,0.17,3.33,0.33,2.5,,3.33,0.17,3.5,9.17,0.33,1.83,1.0,0.17,0.17,2.83,,,,,,
2026-02-03 07:00,4.83,38.67,11.67,8.83,9.67,68.67,25.83,49.67,149.67,80.67,13.0,106.67,45.67,67.67,8.0,20.5,11.5,13.83,105.83,,,,,,
2026-02-03 08:00,197.83,73.0,182.83,91.5,40.5,272.67,227.5,297.83,248.83,270.33,147.17,307.5,10.5,108.83,90.5,110.5,44.17,148.83,314.33,,,,,,
2026-02-03 09:00,241.17,126.0,193.33,215.83,70.5,454.83,183.0,482.0,489.0,461.83,338.33,77.5,113.17,236.33,98.83,153.83,159.0,238.5,489.17,,,,,,
2026-02-03 10:00,142.5,124.83,285.83,258.67,358.5,625.5,377.17,612.0,614.67,612.83,276.5,97.83,333.0,403.17,214.0,381.5,258.67,317.33,627.67,,,,,,
2026-02-03 11:00,461.5,324.0,338.83,454.33,478.83,627.83,221.83,417.33,258.33,665.83,394.83,161.67,299.67,398.33,340.0,435.33,200.67,360.5,680.17,,,,,,
2026-02-03 12:00,343.83,215.0,511.17,376.5,315.67,697.83,476.5,577.17,236.0,658.0,503.67,377.67,572.0,652.83,386.67,330.67,470.33,136.17,679.0,,,,,,
2026-02-03 13:00,493.17,246.83,497.0,385.83,239.17,561.5,318.67,517.67,256.8,629.0,461.33,341.5,648.33,499.5,412.17,360.17,208.67,517.5,650.33,,,,,,
2026-02-03 14:00,282.0,219.0,425.33,148.67,274.33,450.33,188.17,331.67,173.5,517.17,311.67,342.83,561.5,500.0,115.0,517.17,234.67,419.17,559.83,,,,,,
2026-02-03 15:00,328.0,141.5,256.0,99.17,260.17,175.67,203.83,115.33,200.83,335.67,276.17,355.67,341.67,197.17,134.83,300.83,204.5,245.83,397.0,,,,,,
2026-02-03 16:00,54.67,35.33,78.17,97.0,56.5,111.83,98.83,75.5,99.33,56.67,74.17,139.33,151.67,122.67,114.0,101.83,122.83,97.0,74.0,,,,,,
2026-02-03 17:00,3.0,2.0,4.83,11.17,3.33,6.0,5.67,7.17,12.5,5.83,4.67,6.33,9.83,7.5,11.17,4.0,5.5,4.17,8.5,,,,,,
2026-02-03 18:00,0.0,0.0,0.0,0.0,0.0,0.0,0.0,0.0,,0.0,0.0,0.0,0.0,0.0,0.0,0.0,0.0,0.0,0.0,,,,,,
2026-02-03 19:00,0.0,0.0,0.0,0.0,0.0,0.0,0.0,0.0,,0.0,0.0,0.0,0.0,0.0,0.0,0.0,0.0,0.0,0.0,,,,,,
2026-02-03 20:00,0.0,0.0,0.0,0.0,0.0,0.0,0.0,0.0,,0.0,0.0,0.0,0.0,0.0,0.0,0.0,0.0,0.0,0.0,,,,,,
2026-02-03 21:00,0.0,0.0,0.0,0.0,0.0,0.0,0.0,0.0,,0.0,0.0,0.0,0.0,0.0,0.0,0.0,0.0,0.0,0.0,,,,,,
2026-02-03 22:00,0.0,0.0,0.0,0.0,0.0,0.0,0.0,0.0,,0.0,0.0,0.0,0.17,0.0,0.0,0.0,0.0,0.0,0.0,,,,,,
2026-02-03 23:00,0.0,0.0,0.0,0.0,0.0,0.0,0.0,0.0,,0.0,0.0,0.0,0.0,0.0,0.0,0.0,0.0,0.0,0.0,,,,,,
2026-02-04 00:00,0.0,0.0,0.0,0.0,0.0,0.0,0.0,0.0,,0.0,0.0,0.0,0.0,0.0,0.0,0.0,0.0,0.0,0.0,,,,,,
2026-02-04 01:00,0.0,0.0,0.0,0.0,0.0,0.0,0.0,0.0,,0.0,0.0,0.0,0.0,0.0,0.0,0.0,0.0,0.0,0.0,,,,,,
2026-02-04 02:00,0.0,0.0,0.0,0.0,0.0,0.0,0.0,0.0,,0.0,0.0,0.0,0.0,0.0,0.0,0.0,0.0,0.0,0.0,,,,,,
2026-02-04 03:00,0.0,0.0,0.0,0.0,0.0,0.0,0.0,0.0,,0.0,0.0,0.0,0.0,0.0,0.0,0.33,0.0,0.0,0.0,,,,,,
2026-02-04 04:00,0.0,0.0,0.0,0.0,0.0,0.0,0.0,0.0,,0.0,0.0,0.0,0.0,0.0,0.0,0.67,0.0,0.0,0.0,,,,,,
2026-02-04 05:00,0.0,0.0,0.0,0.0,0.0,0.0,0.0,0.0,,0.0,0.0,0.0,0.0,0.0,0.0,0.33,0.0,0.0,0.0,,,,,,
2026-02-04 06:00,4.0,4.17,3.0,2.0,4.5,3.83,2.33,2.67,,2.83,2.83,2.83,3.17,2.83,2.67,3.17,6.83,2.83,1.67,,,,,,
2026-02-04 07:00,110.83,131.5,62.17,66.0,116.83,126.83,76.67,51.83,,104.5,96.17,113.0,112.67,110.67,57.67,98.0,124.5,130.67,47.5,,,,,,
2026-02-04 08:00,303.33,340.17,267.17,331.0,306.0,349.83,303.17,198.83,247.83,352.0,300.17,322.5,344.33,321.17,314.67,312.5,285.33,319.5,91.5,,,,,,
2026-02-04 09:00,480.5,526.0,484.67,490.17,490.5,515.0,482.17,527.17,431.0,529.0,478.0,388.17,547.67,424.5,355.0,499.83,500.67,487.17,489.5,,,,,,
2026-02-04 10:00,575.5,661.33,469.67,568.5,671.0,667.33,592.0,548.5,370.5,655.0,617.67,592.17,711.33,494.0,568.33,545.83,634.0,572.5,512.67,,,,,,
2026-02-04 11:00,555.17,727.33,469.83,652.5,689.0,762.17,680.83,633.0,671.5,720.5,608.5,691.5,736.0,429.33,443.5,542.0,625.33,679.17,690.33,,,,,,
2026-02-04 12:00,385.0,722.67,507.67,610.33,705.33,766.67,595.17,564.83,589.0,721.0,667.83,722.83,717.17,722.5,338.83,761.0,612.83,672.0,796.33,,,,,,
2026-02-04 13:00,559.83,679.67,503.67,584.83,557.5,702.5,396.5,557.33,663.67,669.5,583.5,635.17,732.67,591.83,413.5,498.67,569.17,352.67,611.5,,,,,,
2026-02-04 14:00,511.5,530.83,441.83,306.33,336.83,572.5,393.5,411.33,517.17,555.67,540.67,546.67,578.83,507.17,493.5,512.0,501.17,465.33,444.33,,,,,,
2026-02-04 15:00,328.67,336.5,302.5,265.0,151.67,369.5,291.17,363.5,359.67,379.67,339.5,357.33,381.67,362.5,351.83,336.67,314.67,235.67,368.83,,,,,,
2026-02-04 16:00,131.5,118.67,74.67,142.5,82.5,158.83,112.33,158.83,150.83,40.17,137.5,149.83,160.5,139.67,90.0,134.83,129.0,110.5,161.33,,,,,,
2026-02-04 17:00,4.17,3.33,3.33,7.5,4.5,6.83,3.67,13.0,11.67,4.67,9.33,11.0,13.5,5.83,4.17,5.17,4.83,4.17,11.83,,,,,,
2026-02-04 18:00,0.0,0.0,0.0,0.0,0.0,0.0,0.0,0.0,0.0,0.0,0.0,0.0,0.0,0.0,0.0,0.0,0.0,0.0,0.0,,,,,,
2026-02-04 19:00,0.0,0.0,0.0,0.0,0.0,0.0,0.0,0.0,,0.0,0.0,0.0,0.0,0.0,0.0,0.0,0.0,0.0,0.0,,,,,,
2026-02-04 20:00,0.0,0.0,0.0,0.0,0.0,0.0,0.0,0.0,,0.0,0.0,0.0,0.0,0.0,0.0,0.0,0.0,0.0,0.0,,,,,,
2026-02-04 21:00,0.0,0.0,0.0,0.0,0.0,0.0,0.0,0.0,,0.0,0.0,0.0,0.0,0.0,0.0,0.0,0.0,0.0,0.0,,,,,,
2026-02-04 22:00,0.0,0.0,0.0,0.0,0.0,0.0,0.0,0.0,,0.0,0.0,0.0,0.0,0.0,0.0,0.0,0.0,0.0,0.0,,,,,,
2026-02-04 23:00,0.0,0.0,0.0,0.0,0.0,0.0,0.0,0.0,,0.0,0.0,0.0,0.0,0.0,0.0,0.0,0.0,0.0,0.0,,,,,,
2026-02-05 00:00,0.0,0.0,0.0,0.0,0.0,0.0,0.0,0.0,,0.0,0.0,0.0,0.0,0.0,0.0,0.0,0.0,0.0,0.0,,,,,,
2026-02-05 01:00,0.0,0.0,0.0,0.0,0.0,0.0,0.0,0.0,,0.0,0.0,0.0,0.0,0.0,0.0,0.0,0.0,0.0,0.0,,,,,,
2026-02-05 02:00,0.0,0.0,0.0,0.0,0.0,0.0,0.0,0.0,,0.0,0.0,0.0,0.0,0.0,0.0,0.0,0.0,0.0,0.0,,,,,,
2026-02-05 03:00,0.0,0.0,0.0,0.0,0.0,0.0,0.0,0.0,,0.0,0.0,0.0,0.0,0.0,0.0,0.0,0.0,0.0,0.0,,,,,,
2026-02-05 04:00,0.0,0.0,0.0,0.0,0.0,0.0,0.0,0.0,,0.0,0.0,0.0,0.0,0.0,0.0,0.0,0.0,0.0,0.0,,,,,,
2026-02-05 05:00,0.0,0.0,0.0,0.0,0.0,0.0,0.0,0.0,,0.0,0.0,0.0,0.0,0.0,0.0,0.0,0.0,0.0,0.0,,,,,,
2026-02-05 06:00,1.33,2.0,1.33,1.5,2.33,2.83,2.5,1.67,,2.5,2.0,1.83,2.0,2.83,0.83,2.17,2.33,1.67,1.33,,,,,,
2026-02-05 07:00,95.0,113.0,73.67,125.17,95.33,86.67,115.0,39.0,177.67,72.83,114.0,112.0,123.67,116.33,100.17,99.33,115.5,101.5,112.5,,,,,,
2026-02-05 08:00,310.33,305.17,295.67,345.5,315.67,345.5,287.5,312.17,335.5,351.0,290.33,336.17,343.0,321.5,330.5,264.0,301.67,273.83,332.5,,,,,,
2026-02-05 09:00,483.67,525.0,474.0,524.0,479.67,514.33,488.33,493.67,523.67,525.33,497.0,510.33,551.17,497.5,508.33,490.83,511.5,483.0,528.17,,,,,,
2026-02-05 10:00,611.0,641.5,606.33,658.83,608.0,667.0,622.67,646.0,663.0,647.5,630.67,651.17,695.33,634.83,637.17,570.67,645.33,612.0,672.17,,,,,,
2026-02-05 11:00,680.67,723.17,683.0,732.83,687.0,758.17,695.17,727.67,738.33,714.0,707.5,732.0,776.67,706.33,704.67,617.33,712.17,687.67,752.83,,,,,,
2026-02-05 12:00,685.17,727.17,694.0,736.17,693.67,763.0,704.67,741.5,745.67,714.83,715.0,735.0,782.0,711.17,708.0,679.67,709.6,690.33,764.83,,,,,,
2026-02-05 13:00,616.0,655.0,608.17,647.33,623.17,699.33,593.5,686.5,693.83,662.17,626.0,676.17,727.5,651.5,624.17,639.17,644.33,616.33,684.5,,,,,,
2026-02-05 14:00,460.33,518.0,478.33,550.17,510.17,566.67,515.83,557.17,563.17,544.67,443.5,495.67,569.67,471.0,529.33,463.17,471.17,420.67,567.0,,,,,,
2026-02-05 15:00,272.5,294.67,281.33,355.0,301.33,362.33,319.0,365.33,368.67,375.67,316.5,335.0,377.67,303.17,338.83,279.0,330.0,264.17,376.67,,,,,,
2026-02-05 16:00,99.0,98.5,93.33,132.33,124.5,150.17,107.0,160.83,150.83,50.67,151.5,136.5,141.5,108.83,88.0,162.5,128.4,137.0,160.33,,,,,,
2026-02-05 17:00,6.33,2.67,6.0,3.0,1.33,5.17,3.67,6.67,6.83,4.83,5.17,10.0,8.67,3.67,2.5,7.83,0.0,7.0,3.5,,,,,,
2026-02-05 18:00,0.0,0.0,0.0,0.0,0.0,0.0,0.0,0.0,0.0,0.0,0.0,0.0,0.0,0.0,0.0,0.0,0.0,0.0,0.0,,,,,,
2026-02-05 19:00,0.0,0.0,0.0,0.0,0.0,0.0,0.0,0.0,,0.0,0.0,0.0,0.0,0.0,0.0,0.0,0.0,0.0,0.0,,,,,,
2026-02-05 20:00,0.0,0.0,0.0,0.0,0.0,0.0,0.0,0.0,,0.0,0.0,0.0,0.0,0.0,0.0,0.0,0.0,0.0,0.0,,,,,,
2026-02-05 21:00,0.0,0.0,0.0,0.0,0.0,0.0,0.0,0.0,,0.0,0.0,0.0,0.0,0.0,0.0,0.0,0.0,0.0,0.0,,,,,,
2026-02-05 22:00,0.0,0.0,0.0,0.0,0.0,0.0,0.0,0.0,,0.0,0.0,0.0,0.0,0.0,0.0,0.33,0.0,0.0,0.0,,,,,,
2026-02-05 23:00,0.0,0.0,0.0,0.0,0.0,0.0,0.0,0.0,,0.0,0.0,0.0,0.0,0.0,0.0,0.0,0.0,0.0,0.0,,,,,,
2026-02-06 00:00,0.0,0.0,0.0,0.0,0.0,0.0,0.0,0.0,,0.0,0.0,0.0,0.0,0.0,0.0,0.17,0.0,0.0,0.0,,,,,,
2026-02-06 01:00,0.0,0.0,0.0,0.0,0.0,0.0,0.0,0.0,,0.0,0.0,0.0,0.0,0.0,0.0,0.0,0.0,0.0,0.0,,,,,,
2026-02-06 02:00,0.0,0.0,0.0,0.0,0.0,0.0,0.0,0.0,,0.0,0.0,0.0,0.0,0.0,0.0,0.33,0.0,0.0,0.0,,,,,,
2026-02-06 03:00,0.0,0.0,0.0,0.0,0.0,0.0,0.0,0.0,,0.0,0.0,0.0,0.0,0.0,0.0,0.0,0.0,0.0,0.0,,,,,,
2026-02-06 04:00,0.0,0.0,0.0,0.0,0.0,0.0,0.0,0.0,,0.0,0.0,0.0,0.0,0.0,0.0,0.67,0.0,0.0,0.0,,,,,,
2026-02-06 05:00,0.0,0.0,0.0,0.0,0.0,0.0,0.0,0.0,,0.0,0.0,0.0,0.0,0.0,0.0,1.0,0.0,0.0,0.0,,,,,,
2026-02-06 06:00,0.5,1.17,1.0,1.33,1.67,3.17,0.67,1.0,,3.67,1.17,1.33,1.5,1.0,0.83,1.33,1.0,1.0,0.83,,,,,,
2026-02-06 07:00,34.83,42.0,39.0,35.5,37.5,63.67,25.33,29.33,,81.83,28.83,32.17,37.67,36.17,38.17,30.0,36.17,35.33,26.67,,,,,,
2026-02-06 08:00,84.5,95.0,86.0,89.17,109.33,191.17,102.5,144.0,,102.0,108.17,128.5,140.5,133.67,89.0,82.17,96.67,86.17,104.83,,,,,,
2026-02-06 09:00,215.17,199.83,234.0,207.5,162.17,235.67,243.5,284.0,274.0,194.67,241.33,287.5,284.5,242.67,204.67,201.5,207.83,230.0,329.5,,,,,,
2026-02-06 10:00,402.17,335.67,399.17,491.5,390.67,513.67,410.17,543.83,516.5,447.67,423.0,568.83,631.0,513.67,528.17,423.83,369.0,368.67,553.17,,,,,,
2026-02-06 11:00,495.67,449.33,511.67,586.33,617.17,718.0,282.83,566.33,643.33,587.83,382.83,591.0,646.33,412.5,553.67,550.33,529.0,602.33,684.67,,,,,,
2026-02-06 12:00,487.17,417.5,321.0,554.33,461.17,642.67,324.33,664.67,563.0,564.17,315.83,478.67,562.0,405.0,433.5,487.17,518.33,404.17,731.83,,,,,,
2026-02-06 13:00,308.33,247.33,340.67,425.0,387.0,499.17,353.17,572.67,572.83,523.33,577.17,482.83,556.17,512.0,386.67,398.33,324.67,388.67,551.17,,,,,,
2026-02-06 14:00,462.0,191.33,371.33,460.83,351.83,303.67,303.67,381.83,396.33,401.17,393.17,383.33,410.0,392.0,451.5,405.33,315.17,352.17,370.67,,,,,,
2026-02-06 15:00,167.0,154.33,163.33,262.33,225.17,177.17,204.67,162.5,220.0,337.0,216.33,173.5,212.17,181.17,214.5,246.33,194.33,262.17,177.17,,,,,,
2026-02-06 16:00,84.5,47.67,71.67,100.0,108.33,62.67,67.5,84.33,67.17,79.0,78.33,89.67,90.0,66.83,82.33,91.5,70.67,94.0,101.33,,,,,,
2026-02-06 17:00,4.33,2.0,3.83,4.67,6.67,5.0,2.5,7.5,7.8,6.67,4.0,6.0,8.83,4.0,4.67,6.17,4.17,5.17,6.0,,,,,,
2026-02-06 18:00,0.0,0.0,0.0,0.0,0.0,0.0,0.0,0.0,,0.0,0.0,0.0,0.0,0.0,0.0,0.33,0.0,0.0,0.0,,,,,,
2026-02-06 19:00,0.0,0.0,0.0,0.0,0.0,0.0,0.0,0.0,,0.0,0.0,0.0,0.0,0.0,0.0,0.33,0.0,0.0,0.0,,,,,,
2026-02-06 20:00,0.0,0.0,0.0,0.0,0.0,0.0,0.0,0.0,,0.0,0.0,0.0,0.0,0.0,0.0,0.33,0.0,0.0,0.0,,,,,,
2026-02-06 21:00,0.0,0.0,0.0,0.0,0.0,0.0,0.0,0.0,,0.0,0.0,0.0,0.0,0.0,0.0,0.33,0.0,0.0,0.0,,,,,,
2026-02-06 22:00,0.0,0.0,0.0,0.0,0.0,0.0,0.0,0.0,,0.0,0.0,0.0,0.0,0.0,0.0,0.17,0.0,0.0,0.0,,,,,,
2026-02-06 23:00,0.0,0.0,0.0,0.0,0.0,0.0,0.0,0.0,,0.0,0.0,0.0,0.0,0.0,0.0,0.0,0.0,0.0,0.0,,,,,,
2026-02-07 00:00,0.0,0.0,0.0,0.0,0.0,0.0,0.0,0.0,,0.0,0.0,0.0,0.0,0.0,0.0,0.0,0.0,0.0,0.0,,,,,,
2026-02-07 01:00,0.0,0.0,0.0,0.0,0.0,0.0,0.0,0.0,,0.0,0.0,0.0,0.0,0.0,0.0,0.0,0.0,0.0,0.0,,,,,,
2026-02-07 02:00,0.0,0.0,0.0,0.0,0.0,0.0,0.0,0.0,,0.0,0.0,0.0,0.0,0.0,0.0,0.0,0.0,0.0,0.0,,,,,,
2026-02-07 03:00,0.0,0.0,0.0,0.0,0.0,0.0,0.0,0.0,,0.0,0.0,0.0,0.0,0.17,0.0,0.83,0.0,0.0,0.0,,,,,,
2026-02-07 04:00,0.0,0.0,0.0,0.0,0.0,0.0,0.0,0.0,,0.0,0.0,0.0,0.0,0.0,0.0,0.33,0.0,0.0,0.0,,,,,,
2026-02-07 05:00,0.0,0.0,0.0,0.0,0.0,0.0,0.0,0.0,,0.0,0.0,0.0,0.17,0.0,0.0,0.17,0.0,0.0,0.0,,,,,,
2026-02-07 06:00,4.0,6.67,3.0,3.83,6.0,5.33,3.0,2.83,,5.0,3.0,3.17,4.0,4.5,2.83,6.33,5.67,4.67,3.83,,,,,,
2026-02-07 07:00,97.5,121.17,72.0,106.33,90.67,106.33,104.67,54.0,175.0,95.17,99.5,106.5,109.5,93.0,95.67,84.83,133.0,83.67,109.83,,,,,,
2026-02-07 08:00,284.0,325.33,287.5,318.5,278.17,297.0,292.0,287.0,306.83,304.83,298.33,303.5,326.33,303.83,296.17,291.5,307.33,294.5,318.67,,,,,,
2026-02-07 09:00,453.0,495.0,449.67,504.5,450.17,468.0,458.17,475.17,491.5,468.33,469.33,488.67,491.0,488.0,482.5,467.67,472.17,457.5,508.83,,,,,,
2026-02-07 10:00,567.67,629.33,586.0,645.17,606.0,633.17,593.33,626.5,629.17,594.5,601.0,629.33,640.83,546.83,606.83,547.83,603.0,585.0,655.67,,,,,,
2026-02-07 11:00,631.17,686.5,651.0,652.33,629.17,727.83,651.17,700.17,658.67,663.67,664.5,659.83,678.0,655.17,609.33,598.5,662.33,654.33,745.83,,,,,,
2026-02-07 12:00,603.17,649.83,649.67,705.0,421.83,717.5,521.33,706.5,712.33,675.0,581.17,660.0,738.33,662.0,688.67,559.83,645.17,545.33,672.17,,,,,,
2026-02-07 13:00,479.67,569.67,441.33,647.83,569.17,549.83,540.83,608.33,595.5,480.0,594.0,659.67,591.33,571.5,605.17,516.0,587.5,494.83,625.33,,,,,,
2026-02-07 14:00,434.67,414.0,429.0,435.0,504.0,484.83,447.17,462.83,483.17,507.17,475.17,460.0,454.83,342.67,386.0,461.0,346.33,441.83,456.5,,,,,,
2026-02-07 15:00,287.83,156.33,256.67,267.5,324.83,344.83,261.83,302.17,325.83,291.17,241.5,348.67,364.33,245.17,269.67,309.33,294.33,286.0,351.5,,,,,,
2026-02-07 16:00,78.67,73.83,67.5,116.83,108.33,150.67,97.17,149.67,115.5,80.33,102.5,115.67,155.83,107.33,104.0,99.0,93.33,94.5,106.83,,,,,,
2026-02-07 17:00,3.67,5.67,4.5,9.5,8.83,17.5,6.5,19.33,16.67,10.17,8.0,21.0,21.83,11.17,9.5,7.0,5.67,6.17,16.67,,,,,,
2026-02-07 18:00,0.0,0.0,0.0,0.0,0.0,0.0,0.0,0.0,0.0,0.0,0.0,0.0,0.0,0.0,0.0,0.0,0.0,0.0,0.0,,,,,,
2026-02-07 19:00,0.0,0.0,0.0,0.0,0.0,0.0,0.0,0.0,,0.0,0.0,0.0,0.0,0.0,0.0,0.0,0.0,0.0,0.0,,,,,,
2026-02-07 20:00,0.0,0.0,0.0,0.0,0.0,0.0,0.0,0.0,,0.0,0.0,0.0,0.0,0.0,0.0,0.0,0.0,0.0,0.0,,,,,,
2026-02-07 21:00,0.0,0.0,0.0,0.0,0.0,0.0,0.0,0.0,,0.0,0.0,0.0,0.0,0.0,0.0,0.0,0.0,0.0,0.0,,,,,,
2026-02-07 22:00,0.0,0.0,0.0,0.0,0.0,0.0,0.0,0.0,,0.0,0.0,0.0,0.0,0.0,0.0,0.0,0.0,0.0,0.0,,,,,,
2026-02-07 23:00,0.0,0.0,0.0,0.0,0.0,0.0,0.0,0.0,,0.0,0.0,0.0,0.0,0.0,0.0,0.0,0.0,0.0,0.0,,,,,,
2026-02-08 00:00,0.0,0.0,0.0,0.0,0.0,0.0,0.0,0.0,,0.0,0.0,0.0,0.0,0.0,0.0,0.0,0.0,0.0,0.0,,,,,,
2026-02-08 01:00,0.0,0.0,0.0,0.0,0.0,0.0,0.0,0.0,,0.17,0.0,0.0,0.0,0.0,0.0,0.0,0.0,0.0,0.0,,,,,,
2026-02-08 02:00,0.0,0.0,0.0,0.0,0.0,0.0,0.0,0.0,,0.0,0.0,0.0,0.0,0.0,0.0,0.0,0.0,0.0,0.0,,,,,,
2026-02-08 03:00,0.0,0.0,0.0,0.0,0.0,0.0,0.0,0.0,,0.0,0.0,0.0,0.0,0.0,0.0,0.0,0.0,0.0,0.0,,,,,,
2026-02-08 04:00,0.0,0.0,0.0,0.0,0.0,0.0,0.0,0.0,,0.0,0.0,0.0,0.0,0.0,0.0,0.0,0.0,0.0,0.0,,,,,,
2026-02-08 05:00,0.0,0.0,0.0,0.0,0.0,0.0,0.0,0.0,,0.0,0.0,0.0,0.0,0.0,0.0,0.0,0.0,0.0,0.0,,,,,,
2026-02-08 06:00,3.33,5.0,3.5,4.83,4.5,5.17,3.33,3.33,,4.33,4.0,4.17,4.33,5.0,3.5,5.33,2.33,4.33,3.83,,,,,,
2026-02-08 07:00,90.83,128.5,78.0,118.67,93.5,109.83,103.33,67.67,168.0,94.83,105.0,101.33,104.83,100.5,100.0,104.83,56.83,103.67,107.5,,,,,,
2026-02-08 08:00,277.67,339.17,281.33,309.33,280.5,314.67,290.33,280.67,289.67,307.0,293.17,292.67,302.33,278.33,287.17,288.67,193.5,292.5,318.5,,,,,,
2026-02-08 09:00,449.67,513.67,440.83,473.33,440.67,487.5,460.17,474.83,487.67,497.0,458.5,487.5,519.67,456.83,451.33,455.83,437.0,451.33,509.67,,,,,,
2026-02-08 10:00,567.67,652.5,567.5,622.67,561.83,643.67,593.33,625.5,626.33,619.83,579.5,637.17,666.33,588.5,602.0,541.83,615.17,562.17,653.17,,,,,,
2026-02-08 11:00,628.67,701.33,635.5,680.83,618.33,741.83,646.5,665.83,682.5,688.67,621.83,695.0,739.0,648.33,651.67,581.67,631.33,603.0,741.83,,,,,,
2026-02-08 12:00,548.5,512.33,532.67,638.33,599.5,756.5,572.0,681.0,684.17,692.0,568.33,676.33,708.0,574.5,631.17,610.67,629.83,593.33,713.83,,,,,,
2026-02-08 13:00,489.83,500.0,500.33,543.83,430.67,676.17,488.67,609.5,652.33,636.5,586.0,511.17,513.0,526.5,543.5,592.0,494.33,574.5,646.67,,,,,,
2026-02-08 14:00,331.67,274.83,274.67,466.83,404.5,524.67,305.0,462.0,487.17,513.17,347.0,395.0,450.83,386.33,453.33,416.17,278.67,368.67,505.33,,,,,,
2026-02-08 15:00,222.0,208.5,166.0,305.5,254.83,333.5,308.0,306.83,292.83,287.17,251.0,329.5,356.83,344.5,303.5,258.33,265.17,283.0,334.67,,,,,,
2026-02-08 16:00,45.83,64.83,66.83,108.17,128.83,149.17,100.83,139.33,138.0,85.0,116.0,138.67,125.0,124.67,91.83,100.0,108.33,103.0,132.33,,,,,,
2026-02-08 17:00,4.17,7.17,3.5,4.33,3.0,9.83,6.5,5.83,4.33,6.33,6.0,5.67,7.33,4.0,3.83,6.33,4.17,6.0,5.33,,,,,,
2026-02-08 18:00,0.0,0.0,0.0,0.0,0.0,0.0,0.0,0.0,0.0,0.0,0.0,0.0,0.0,0.0,0.0,0.17,0.0,0.0,0.0,,,,,,
2026-02-08 19:00,0.0,0.0,0.0,0.0,0.0,0.0,0.0,0.0,,0.0,0.0,0.0,0.0,0.0,0.0,0.0,0.0,0.0,0.0,,,,,,
2026-02-08 20:00,0.0,0.0,0.0,0.0,0.0,0.0,0.0,0.0,,0.0,0.0,0.0,0.0,0.0,0.0,0.0,0.0,0.0,0.0,,,,,,
2026-02-08 21:00,0.0,0.0,0.0,0.0,0.0,0.0,0.0,0.0,,0.0,0.0,0.0,0.0,0.33,0.0,0.17,0.0,0.0,0.0,,,,,,
2026-02-08 22:00,0.0,0.0,0.0,0.0,0.0,0.0,0.0,0.0,,0.0,0.0,0.0,0.0,0.0,0.0,0.67,0.0,0.0,0.0,,,,,,
2026-02-08 23:00,0.0,0.0,0.0,0.0,0.0,0.0,0.0,0.0,,0.0,0.0,0.0,0.0,0.0,0.0,0.5,0.0,0.0,0.0,,,,,,
2026-02-09 00:00,0.0,0.0,0.0,0.0,0.0,0.0,0.0,0.0,,0.0,0.0,0.0,0.0,0.0,0.0,0.0,0.0,0.0,0.0,,,,,,
2026-02-09 01:00,0.0,0.0,0.0,0.0,0.0,0.0,0.0,0.0,,0.0,0.0,0.0,0.0,0.0,0.0,0.17,0.0,0.0,0.0,,,,,,
2026-02-09 02:00,0.0,0.0,0.0,0.0,0.0,0.0,0.0,0.0,,0.0,0.0,0.0,0.0,0.0,0.0,0.17,0.0,0.0,0.0,,,,,,
2026-02-09 03:00,0.0,0.0,0.0,0.0,0.0,0.0,0.0,0.0,,0.0,0.0,0.0,0.0,0.0,0.0,0.67,0.0,0.0,0.0,,,,,,
2026-02-09 04:00,0.0,0.0,0.0,0.0,0.0,0.0,0.0,0.0,,0.0,0.0,0.0,0.0,0.0,0.0,0.0,0.0,0.0,0.0,,,,,,
2026-02-09 05:00,0.0,0.0,0.0,0.0,0.0,0.0,0.0,0.0,,0.0,0.0,0.0,0.0,0.0,0.0,0.0,0.0,0.0,0.0,,,,,,
2026-02-09 06:00,5.5,10.17,5.67,2.5,4.17,4.83,5.17,2.83,,5.67,4.83,2.83,3.17,5.5,2.33,4.67,8.33,4.5,3.17,,,,,,
2026-02-09 07:00,102.5,112.33,101.67,28.17,35.0,127.83,121.17,50.5,,121.5,89.5,56.17,66.33,98.83,39.33,101.0,160.17,95.83,70.5,,,,,,
2026-02-09 08:00,303.5,259.5,303.83,135.33,165.5,309.17,270.5,167.83,211.5,350.83,253.67,166.17,167.33,157.83,164.83,282.67,334.67,252.83,166.33,,,,,,
2026-02-09 09:00,315.5,357.0,314.0,222.33,324.67,469.67,293.17,316.5,221.5,404.67,345.5,287.0,270.5,310.83,301.33,295.5,359.0,306.0,288.5,,,,,,
2026-02-09 10:00,341.83,437.17,332.17,308.5,371.17,487.67,307.17,566.67,486.83,462.83,367.67,441.67,402.33,334.83,365.0,379.17,399.17,376.33,394.83,,,,,,
2026-02-09 11:00,432.5,533.0,413.0,530.67,456.33,802.0,353.83,514.33,502.17,617.0,393.0,359.5,454.83,453.83,555.83,421.83,429.83,378.33,533.0,,,,,,
2026-02-09 12:00,407.33,531.33,413.33,415.5,368.0,528.83,409.33,399.83,386.5,615.33,383.33,274.17,321.83,360.5,386.83,327.67,485.83,326.67,641.33,,,,,,
2026-02-09 13:00,356.33,424.83,343.33,340.83,313.83,567.33,340.83,378.83,327.17,567.33,355.33,394.83,328.17,387.17,344.5,342.33,395.5,333.83,652.5,,,,,,
2026-02-09 14:00,315.0,343.0,345.0,288.67,252.5,475.5,400.17,437.33,425.33,468.0,344.83,365.17,391.33,349.67,281.17,305.5,411.33,252.67,334.17,,,,,,
2026-02-09 15:00,221.5,204.67,222.5,213.33,161.83,382.17,219.33,233.5,244.17,312.33,236.67,234.5,257.67,192.0,217.67,172.0,241.17,160.33,174.0,,,,,,
2026-02-09 16:00,64.67,66.83,64.33,70.33,83.5,117.83,64.5,80.0,78.5,81.5,65.33,90.33,84.17,87.5,67.5,63.83,68.0,57.33,76.17,,,,,,
2026-02-09 17:00,3.5,4.17,3.83,5.17,5.33,9.5,4.0,9.33,7.0,7.0,4.5,8.5,8.33,4.33,4.17,4.83,3.33,4.0,5.67,,,,,,
2026-02-09 18:00,0.0,0.0,0.0,0.0,0.0,0.0,0.0,0.0,,0.0,0.0,0.0,0.0,0.0,0.0,0.0,0.0,0.0,0.0,,,,,,
2026-02-09 19:00,0.0,0.0,0.0,0.0,0.0,0.0,0.0,0.0,,0.0,0.0,0.0,0.0,0.0,0.0,0.0,0.0,0.0,0.0,,,,,,
2026-02-09 20:00,0.0,0.0,0.0,0.0,0.0,0.0,0.0,0.0,,0.0,0.0,0.0,0.0,0.17,0.0,0.0,0.0,0.0,0.0,,,,,,
2026-02-09 21:00,0.0,0.0,0.0,0.0,0.0,0.0,0.0,0.0,,0.0,0.0,0.0,0.0,0.0,0.0,0.0,0.0,0.0,0.0,,,,,,
2026-02-09 22:00,0.0,0.0,0.0,0.0,0.0,0.0,0.0,0.0,,0.0,0.0,0.0,0.0,0.0,0.0,0.17,0.0,0.0,0.0,,,,,,
2026-02-09 23:00,0.0,0.0,0.0,0.0,0.0,0.0,0.0,0.0,,0.0,0.0,0.0,0.83,0.0,0.0,0.67,0.0,0.0,0.0,,,,,,
2026-02-10 00:00,0.0,0.0,0.0,0.0,0.0,0.0,0.0,0.0,,0.0,0.0,0.0,0.5,0.0,0.0,0.0,0.0,0.0,0.0,,,,,,
2026-02-10 01:00,0.0,0.0,0.0,0.0,0.0,0.0,0.0,0.0,,0.0,0.0,0.0,0.33,0.0,0.0,0.17,0.0,0.0,0.0,,,,,,
2026-02-10 02:00,0.0,0.0,0.0,0.0,0.0,0.0,0.0,0.0,,0.0,0.0,0.0,0.0,0.0,0.0,0.33,0.0,0.0,0.0,,,,,,
2026-02-10 03:00,0.0,0.0,0.0,0.0,0.0,0.0,0.0,0.0,,0.0,0.0,0.0,0.5,0.0,0.0,0.17,0.0,0.0,0.0,,,,,,
2026-02-10 04:00,0.0,0.0,0.0,0.0,0.0,0.0,0.0,0.0,,0.0,0.0,0.0,0.0,0.0,0.0,0.17,0.0,0.0,0.0,,,,,,
2026-02-10 05:00,0.0,0.0,0.0,0.0,0.0,0.0,0.0,0.0,,0.0,0.0,0.0,0.5,0.0,0.0,0.0,0.0,0.0,0.0,,,,,,
2026-02-10 06:00,6.0,6.67,4.17,4.17,6.67,3.5,2.83,1.67,,3.83,3.17,2.83,4.0,3.17,2.67,8.83,8.0,5.5,1.83,,,,,,
2026-02-10 07:00,59.33,125.5,58.67,95.83,90.0,66.83,81.0,29.5,,89.17,91.5,44.67,71.5,66.17,66.17,122.83,69.0,111.83,59.17,,,,,,
2026-02-10 08:00,293.33,344.67,168.0,298.0,291.0,164.33,274.83,92.83,315.5,222.5,250.17,121.33,179.83,192.17,114.33,321.83,124.0,242.33,210.0,,,,,,
2026-02-10 09:00,441.33,540.5,250.17,403.33,490.17,279.67,299.33,275.33,429.83,420.33,308.83,471.5,486.33,243.33,342.67,526.5,465.83,310.5,413.67,,,,,,
2026-02-10 10:00,331.67,543.5,392.5,641.83,621.67,416.67,374.67,539.0,627.5,450.33,530.5,615.33,583.5,588.5,600.5,664.67,570.17,547.0,677.0,,,,,,
2026-02-10 11:00,509.83,446.83,643.0,723.33,609.5,675.83,454.33,713.5,736.67,485.17,477.83,721.67,738.67,722.83,702.17,662.67,520.83,437.83,742.33,,,,,,
2026-02-10 12:00,564.17,299.17,615.0,657.0,697.83,650.33,400.0,730.83,725.5,654.5,401.33,675.0,737.33,604.5,697.0,389.67,700.67,558.5,751.33,,,,,,
2026-02-10 13:00,598.0,173.0,360.83,501.83,643.5,673.5,268.83,680.67,704.17,484.17,460.67,686.83,744.67,518.17,604.0,662.67,570.83,539.17,695.0,,,,,,
2026-02-10 14:00,383.83,401.5,459.83,534.0,521.83,545.5,293.17,561.0,478.33,521.5,381.33,563.0,604.0,406.5,536.0,591.5,322.0,450.0,564.33,,,,,,
2026-02-10 15:00,363.67,159.67,292.67,363.33,341.0,356.17,195.17,380.83,370.33,353.33,232.33,382.0,389.67,315.67,358.5,375.5,,329.33,376.5,,,,,,
2026-02-10 16:00,101.17,92.5,52.17,154.0,124.0,143.17,84.17,172.0,163.0,80.67,109.83,164.0,164.5,147.83,105.0,165.33,103.4,109.0,166.33,,,,,,
2026-02-10 17:00,8.5,7.5,6.33,11.33,5.17,11.67,7.17,17.0,15.5,10.33,10.5,14.33,16.67,11.0,6.0,10.5,9.0,8.5,15.33,,,,,,
2026-02-10 18:00,0.0,0.0,0.0,0.0,0.0,0.0,0.0,0.0,0.0,0.0,0.0,0.0,0.0,0.0,0.0,0.0,0.0,0.0,0.0,,,,,,
2026-02-10 19:00,0.0,0.0,0.0,0.0,0.0,0.0,0.0,0.0,,0.0,0.0,0.0,0.0,0.0,0.0,0.0,0.0,0.0,0.0,,,,,,
2026-02-10 20:00,0.0,0.0,0.0,0.0,0.0,0.0,0.0,0.0,,0.0,0.0,0.0,0.0,0.0,0.0,0.0,0.0,0.0,0.0,,,,,,
2026-02-10 21:00,0.0,0.0,0.0,0.0,0.0,0.0,0.0,0.0,,0.0,0.0,0.0,0.0,0.0,0.0,0.0,0.0,0.0,0.0,,,,,,
2026-02-10 22:00,0.0,0.0,0.0,0.0,0.0,0.0,0.0,0.0,,0.0,0.0,0.0,0.0,0.0,0.0,0.0,0.0,0.0,0.0,,,,,,
2026-02-10 23:00,0.0,0.0,0.0,0.0,0.0,0.0,0.0,0.0,,0.0,0.0,0.0,0.0,0.17,0.0,0.0,0.0,0.0,0.0,,,,,,
2026-02-11 00:00,0.0,0.0,0.0,0.0,0.0,0.0,0.0,0.0,,0.0,0.0,0.0,1.0,0.0,0.0,0.0,0.0,0.0,0.0,,,,,,
2026-02-11 01:00,0.0,0.0,0.0,0.0,0.0,0.0,0.0,0.0,,0.0,0.0,0.0,0.0,0.33,0.0,0.33,0.0,0.0,0.0,,,,,,
2026-02-11 02:00,0.0,0.0,0.0,0.0,0.0,0.0,0.0,0.0,,0.0,0.0,0.0,0.17,0.0,0.0,0.0,0.0,0.0,0.0,,,,,,
2026-02-11 03:00,0.0,0.5,0.0,0.0,0.0,0.0,0.0,0.0,,0.0,0.17,0.0,0.17,0.0,0.0,0.83,0.0,0.0,0.0,,,,,,
2026-02-11 04:00,0.0,0.0,0.0,0.0,0.0,0.0,0.0,0.0,,0.0,0.0,0.0,0.0,0.0,0.0,0.0,0.0,0.33,0.0,,,,,,
2026-02-11 05:00,0.0,0.17,0.0,0.0,0.0,0.0,0.0,0.0,,0.0,0.0,0.0,0.0,0.0,0.0,0.5,0.0,0.17,0.0,,,,,,
2026-02-11 06:00,4.67,5.67,4.5,2.0,2.67,4.33,3.33,2.17,,4.5,3.5,1.83,2.17,4.17,1.67,5.5,5.33,3.83,3.5,,,,,,
2026-02-11 07:00,104.5,111.0,81.67,110.67,97.0,75.0,128.83,65.67,,64.0,81.0,97.83,103.83,101.83,103.17,117.33,71.67,63.5,50.17,,,,,,
2026-02-11 08:00,294.33,276.17,291.0,257.5,290.5,210.5,348.5,280.67,269.25,188.5,317.0,270.17,340.5,311.33,215.5,230.0,200.83,305.83,203.0,,,,,,
2026-02-11 09:00,491.67,507.67,485.83,289.33,469.33,312.0,308.83,396.17,355.17,317.5,392.0,394.33,465.83,487.33,322.5,498.67,455.0,499.0,525.0,,,,,,
2026-02-11 10:00,625.83,445.17,551.33,467.33,640.83,459.17,480.5,617.83,560.17,436.5,489.5,587.83,536.67,396.83,713.33,592.0,598.67,571.0,589.17,,,,,,
2026-02-11 11:00,589.17,397.67,447.67,637.67,556.5,599.67,468.5,649.67,683.0,565.17,687.83,627.33,719.33,506.5,635.5,446.5,634.83,402.0,711.33,,,,,,
2026-02-11 12:00,332.17,546.67,505.17,361.0,579.0,666.67,383.67,771.67,765.0,465.17,456.0,690.83,840.67,589.33,761.83,647.0,378.83,692.67,787.67,,,,,,
2026-02-11 13:00,668.33,163.5,567.33,419.0,563.5,678.67,286.67,694.0,628.17,604.17,347.33,694.17,751.0,633.83,438.67,682.33,373.5,627.67,720.17,,,,,,
2026-02-11 14:00,542.5,53.5,298.5,388.33,528.17,546.83,149.67,564.0,549.5,510.83,245.83,563.33,586.17,403.33,435.83,597.17,288.17,438.5,579.33,,,,,,
2026-02-11 15:00,186.83,43.5,137.33,212.5,330.5,368.67,61.33,376.33,380.0,321.67,152.83,383.67,386.0,358.17,378.83,385.17,42.0,288.83,384.5,,,,,,
2026-02-11 16:00,53.0,22.0,19.33,139.0,138.33,162.33,25.33,153.33,165.17,81.0,23.83,162.17,173.17,127.67,103.5,202.17,16.67,133.17,168.5,,,,,,
2026-02-11 17:00,2.17,2.33,1.0,11.0,13.33,14.17,8.5,9.17,14.67,9.83,1.83,10.5,13.5,14.5,9.83,16.33,1.17,6.67,15.33,,,,,,
2026-02-11 18:00,0.0,0.0,0.0,0.0,0.0,0.0,0.0,0.0,0.0,0.0,0.33,0.0,0.0,0.0,0.0,0.0,0.0,0.0,0.0,,,,,,
2026-02-11 19:00,0.0,0.0,0.0,0.0,0.0,0.0,0.0,0.0,,0.0,0.0,0.0,0.0,0.0,0.0,0.0,0.0,0.0,0.0,,,,,,
2026-02-11 20:00,0.0,0.0,0.0,0.0,0.0,0.0,0.0,0.0,,0.0,0.0,0.0,0.0,0.0,0.0,0.0,0.0,0.0,0.0,,,,,,
2026-02-11 21:00,0.0,0.0,0.0,0.0,0.0,0.0,0.0,0.0,,0.0,0.0,0.0,0.0,0.0,0.0,0.0,0.0,0.0,0.0,,,,,,
2026-02-11 22:00,0.0,0.0,0.0,0.0,0.0,0.0,0.0,0.0,,0.0,0.0,0.0,0.0,0.0,0.0,0.0,0.0,0.0,0.0,,,,,,
2026-02-11 23:00,0.0,0.0,0.0,0.0,0.0,0.0,0.0,0.0,,0.0,0.0,0.0,0.0,0.0,0.0,0.0,0.0,0.0,0.0,,,,,,
2026-02-12 00:00,0.0,0.0,0.0,0.0,0.0,0.0,0.0,0.0,,0.0,0.0,0.0,0.0,0.0,0.0,0.0,0.0,0.0,0.0,,,,,,
2026-02-12 01:00,0.0,0.0,0.0,0.0,0.0,0.0,0.0,0.0,,0.0,0.0,0.0,0.0,0.0,0.0,0.0,0.0,0.0,0.0,,,,,,
2026-02-12 02:00,0.0,0.0,0.0,0.0,0.0,0.0,0.0,0.0,,0.0,0.0,0.0,0.0,0.0,0.0,0.0,0.0,0.0,0.0,,,,,,
2026-02-12 03:00,0.0,0.0,0.0,0.0,0.0,0.0,0.0,0.0,,0.0,0.0,0.0,0.0,0.0,0.0,0.0,0.0,0.0,0.0,,,,,,
2026-02-12 04:00,0.0,0.0,0.0,0.0,0.0,0.0,0.0,0.0,,0.0,0.0,0.0,0.0,0.0,0.0,0.0,0.0,0.0,0.0,,,,,,
2026-02-12 05:00,0.0,0.0,0.0,0.0,0.0,0.0,0.0,0.0,,0.0,0.0,0.0,0.0,0.0,0.0,0.0,0.0,0.0,0.0,,,,,,
2026-02-12 06:00,5.17,1.83,3.83,4.5,5.17,6.17,2.67,5.67,,6.0,2.83,6.0,6.17,3.67,3.5,5.67,8.83,3.67,6.0,,,,,,
2026-02-12 07:00,84.5,59.5,82.5,126.17,96.17,138.5,85.0,65.83,177.0,97.33,114.17,123.67,128.33,116.5,110.67,92.67,100.5,91.5,125.67,,,,,,
2026-02-12 08:00,276.83,215.67,181.83,334.33,298.33,347.33,290.67,324.33,334.5,358.83,314.0,327.0,354.33,320.67,320.17,301.67,292.0,279.33,334.17,,,,,,
2026-02-12 09:00,473.17,430.33,447.67,523.83,473.0,519.5,493.0,509.33,517.67,532.5,497.5,520.17,560.5,506.5,505.33,486.0,500.67,485.17,530.67,,,,,,
2026-02-12 10:00,613.33,637.5,588.17,660.33,609.0,678.5,627.0,652.5,657.67,654.17,633.83,659.17,715.17,640.17,636.0,582.83,636.83,617.0,675.5,,,,,,
2026-02-12 11:00,673.0,728.5,633.17,741.33,679.5,779.67,696.83,729.83,733.0,720.17,682.17,737.67,805.83,701.33,707.83,614.0,707.5,690.17,755.17,,,,,,
2026-02-12 12:00,677.67,731.83,661.33,747.33,695.83,779.0,693.0,736.0,742.17,726.17,682.33,750.5,793.83,690.67,714.83,634.0,683.5,692.83,763.5,,,,,,
2026-02-12 13:00,619.83,640.17,555.17,675.67,631.83,716.83,616.33,679.33,685.0,680.67,634.33,667.5,647.0,600.17,590.67,615.0,621.33,634.17,697.33,,,,,,
2026-02-12 14:00,471.0,399.67,336.0,524.5,497.5,587.17,370.17,524.17,542.83,569.67,374.5,517.0,564.0,501.67,516.0,517.67,539.5,459.5,573.33,,,,,,
2026-02-12 15:00,195.33,269.33,190.33,263.67,205.5,386.5,232.83,205.5,303.83,389.0,229.17,197.67,212.5,203.67,254.5,225.17,219.5,205.83,365.67,,,,,,
2026-02-12 16:00,70.67,83.33,62.33,76.17,78.5,152.17,62.0,71.0,75.67,64.5,77.17,71.33,98.67,81.17,76.5,68.17,72.5,60.67,82.5,,,,,,
2026-02-12 17:00,8.33,4.0,7.0,7.0,8.33,22.5,6.67,11.33,9.0,11.83,7.17,6.67,7.33,6.0,5.0,8.17,6.83,6.83,9.5,,,,,,
2026-02-12 18:00,0.0,0.0,0.0,0.0,0.0,0.0,0.0,0.0,,0.0,0.0,0.0,0.0,0.0,0.0,0.0,0.0,0.0,0.0,,,,,,
2026-02-12 19:00,0.0,0.0,0.0,0.0,0.0,0.0,0.0,0.0,,0.0,0.0,0.0,0.0,0.0,0.0,0.0,0.0,0.0,0.0,,,,,,
2026-02-12 20:00,0.0,0.0,0.0,0.0,0.0,0.0,0.0,0.0,,0.0,0.0,0.0,0.0,0.0,0.0,0.0,0.0,0.0,0.0,,,,,,
2026-02-12 21:00,0.0,0.17,0.0,0.0,0.0,0.0,0.0,0.0,,0.0,0.0,0.0,0.0,0.0,0.0,0.0,0.0,0.0,0.0,,,,,,
2026-02-12 22:00,0.0,0.0,0.0,0.0,0.0,0.0,0.0,0.0,,0.0,0.0,0.0,0.0,0.0,0.0,0.0,0.0,0.0,0.0,,,,,,
2026-02-12 23:00,0.0,0.0,0.0,0.0,0.0,0.0,0.0,0.0,,0.0,0.0,0.0,0.0,0.0,0.0,0.0,0.0,0.0,0.0,,,,,,
2026-02-13 00:00,0.0,0.0,0.0,0.0,0.0,0.0,0.0,0.0,,0.0,0.0,0.0,0.0,0.0,0.0,0.0,0.0,0.0,0.0,,,,,,
2026-02-13 01:00,0.0,0.0,0.0,0.0,0.0,0.0,0.0,0.0,,0.0,0.0,0.0,0.0,0.0,0.0,0.0,0.0,0.0,0.0,,,,,,
2026-02-13 02:00,0.0,0.0,0.0,0.0,0.0,0.0,0.0,0.0,,0.0,0.0,0.0,0.0,0.0,0.0,0.0,0.0,0.0,0.0,,,,,,
2026-02-13 03:00,0.0,0.0,0.0,0.0,0.0,0.0,0.0,0.0,,0.0,0.0,0.0,0.0,0.0,0.0,0.33,0.0,0.0,0.0,,,,,,
2026-02-13 04:00,0.0,0.0,0.0,0.0,0.0,0.0,0.0,0.0,,0.0,0.0,0.0,0.0,0.0,0.0,0.0,0.0,0.0,0.0,,,,,,
2026-02-13 05:00,0.0,0.0,0.0,0.0,0.0,0.0,0.0,0.0,,0.0,0.0,0.0,0.0,0.0,0.0,0.0,0.0,0.0,0.0,,,,,,
2026-02-13 06:00,5.0,7.83,5.17,4.67,5.33,12.0,3.67,4.33,,13.67,4.33,4.33,4.67,3.83,3.67,6.17,6.33,4.83,4.5,,,,,,
2026-02-13 07:00,69.5,80.17,66.0,84.33,75.0,130.5,78.5,75.83,,115.0,84.67,80.83,90.67,80.83,77.83,71.5,85.5,66.83,90.17,,,,,,
2026-02-13 08:00,245.17,326.33,238.83,256.5,232.17,346.0,264.5,257.67,243.5,325.33,232.67,303.5,302.33,217.67,245.17,298.83,285.83,264.17,258.33,,,,,,
2026-02-13 09:00,392.67,477.5,372.17,464.17,389.83,527.67,392.33,387.0,412.33,545.17,374.0,400.33,507.83,461.17,477.5,391.33,386.83,395.5,433.5,,,,,,
2026-02-13 10:00,443.83,498.0,457.17,530.33,578.5,693.17,628.17,553.17,633.67,660.5,542.5,546.0,629.83,535.83,546.17,382.33,486.0,434.5,595.67,,,,,,
2026-02-13 11:00,634.0,590.33,610.17,714.83,671.67,737.67,703.5,712.67,722.67,737.33,680.0,694.83,767.67,666.17,689.5,597.5,620.0,674.67,677.5,,,,,,
2026-02-13 12:00,666.33,712.67,711.17,666.33,652.83,747.0,686.17,595.83,642.0,724.17,710.33,614.17,717.5,634.17,641.5,658.67,702.83,701.67,696.5,,,,,,
2026-02-13 13:00,630.83,654.67,614.83,636.33,627.83,632.33,439.83,494.33,550.83,684.83,553.67,593.5,627.17,614.0,612.5,675.67,620.67,650.83,538.83,,,,,,
2026-02-13 14:00,435.0,440.67,420.67,475.67,486.17,532.67,157.83,289.83,338.5,527.0,337.17,325.67,384.5,376.0,458.17,476.83,496.33,428.0,398.0,,,,,,
2026-02-13 15:00,170.83,126.83,146.33,182.33,212.5,314.67,67.5,170.33,187.33,322.67,89.5,180.17,168.5,127.33,172.67,188.83,122.17,161.17,228.83,,,,,,
2026-02-13 16:00,39.83,31.0,33.17,56.5,47.67,115.67,16.5,68.5,85.33,103.83,33.67,73.0,69.83,50.0,50.0,48.0,41.0,45.0,111.17,,,,,,
2026-02-13 17:00,5.0,3.17,3.83,5.33,4.17,15.5,0.67,10.5,12.5,16.5,2.17,7.17,7.67,2.83,4.5,5.67,4.83,5.5,11.0,,,,,,
2026-02-13 18:00,0.0,0.0,0.0,0.0,0.0,0.0,0.0,0.0,,0.0,0.0,0.0,0.0,0.0,0.0,1.0,0.0,0.0,0.0,,,,,,
2026-02-13 19:00,0.0,0.67,0.0,0.0,0.0,0.0,0.0,0.0,,0.0,0.0,0.0,0.33,0.0,0.0,0.5,0.0,0.0,0.0,,,,,,
2026-02-13 20:00,0.0,0.0,0.0,0.0,0.0,0.0,0.0,0.0,,0.0,0.0,0.0,0.5,0.0,0.0,0.5,0.0,0.0,0.0,,,,,,
2026-02-13 21:00,0.0,0.17,0.0,0.0,0.0,0.0,0.0,0.0,,0.0,0.0,0.0,0.17,0.0,0.0,0.0,0.0,0.0,0.0,,,,,,
2026-02-13 22:00,0.0,0.33,0.0,0.0,0.0,0.0,0.0,0.0,,0.0,0.0,0.0,0.0,0.0,0.0,0.0,0.0,0.0,0.0,,,,,,
2026-02-13 23:00,0.0,0.0,0.0,0.0,0.0,0.0,0.0,0.0,,0.0,0.0,0.0,0.0,0.0,0.0,0.0,0.0,0.0,0.0,,,,,,
2026-02-14 00:00,0.0,0.0,0.0,0.0,0.0,0.0,0.0,0.0,,0.0,0.0,0.0,0.0,0.0,0.0,0.0,0.0,0.0,0.0,,,,,,
2026-02-14 01:00,0.0,0.0,0.0,0.0,0.0,0.0,0.0,0.0,,0.0,0.0,0.0,0.0,0.0,0.0,0.0,0.0,0.0,0.0,,,,,,
2026-02-14 02:00,0.0,0.0,0.0,0.0,0.0,0.0,0.0,0.0,,0.0,0.0,0.0,0.0,0.0,0.0,0.33,0.0,0.0,0.0,,,,,,
2026-02-14 03:00,0.0,0.0,0.0,0.0,0.0,0.0,0.0,0.0,,0.0,0.0,0.0,0.0,0.0,0.0,1.17,0.0,0.33,0.0,,,,,,
2026-02-14 04:00,0.0,0.17,0.0,0.0,0.0,0.0,0.0,0.0,,0.0,0.0,0.0,0.0,0.0,0.0,0.0,0.0,0.0,0.0,,,,,,
2026-02-14 05:00,0.0,0.0,0.0,0.0,0.0,0.0,0.0,0.0,,0.0,0.0,0.0,0.0,0.0,0.0,0.0,0.0,0.0,0.0,,,,,,
2026-02-14 06:00,1.17,4.67,1.83,5.17,4.33,3.33,1.67,3.33,,5.33,2.0,3.33,3.5,3.0,3.33,2.67,0.83,1.67,5.83,,,,,,
2026-02-14 07:00,34.67,25.0,50.0,71.0,52.33,71.33,33.17,74.17,,77.83,43.33,57.83,65.5,57.33,61.0,33.17,42.83,42.5,92.5,,,,,,
2026-02-14 08:00,74.0,38.83,94.33,192.67,145.17,240.67,62.67,212.33,252.0,232.33,146.67,189.5,172.17,142.67,174.5,73.5,64.83,94.83,280.83,,,,,,
2026-02-14 09:00,40.17,302.67,80.17,333.17,239.17,439.0,235.83,362.17,410.83,410.67,136.33,362.33,368.33,212.67,292.67,91.67,198.83,127.83,491.67,,,,,,
2026-02-14 10:00,141.67,656.83,314.83,493.0,316.17,626.67,473.0,493.5,533.83,554.0,352.33,482.17,467.5,329.67,459.83,74.83,348.17,183.33,668.0,,,,,,
2026-02-14 11:00,473.83,596.67,501.33,589.67,401.0,723.67,511.33,563.5,603.33,630.83,266.83,515.67,473.17,358.67,544.67,199.33,560.0,311.17,721.67,,,,,,
2026-02-14 12:00,420.5,558.33,344.67,582.67,262.33,749.83,410.83,612.5,614.67,674.17,124.5,513.33,495.83,397.33,537.67,202.67,327.83,207.83,752.67,,,,,,
2026-02-14 13:00,171.17,437.5,241.0,496.83,354.0,698.33,286.67,563.67,553.67,628.83,78.33,491.0,441.67,362.17,454.33,136.17,289.17,189.67,662.83,,,,,,
2026-02-14 14:00,86.17,249.17,137.83,388.33,283.5,565.17,188.33,441.83,428.83,515.5,110.67,386.67,366.67,318.83,375.5,116.83,134.83,173.83,524.83,,,,,,
2026-02-14 15:00,93.67,236.67,110.33,240.0,183.33,379.5,167.5,294.67,285.17,326.0,87.5,256.17,241.33,213.83,239.5,92.33,114.67,75.0,352.0,,,,,,
2026-02-14 16:00,93.83,74.67,60.0,96.0,72.5,167.0,50.5,124.83,127.0,105.0,30.67,110.83,121.33,91.67,94.33,78.0,76.33,65.67,134.83,,,,,,
2026-02-14 17:00,7.5,5.83,4.5,9.83,7.17,16.5,7.17,14.83,13.17,12.33,9.5,12.0,15.0,9.83,9.17,8.67,8.67,5.0,14.5,,,,,,
2026-02-14 18:00,0.0,0.0,0.0,0.0,0.0,0.0,0.0,0.0,,0.0,0.0,0.0,0.0,0.0,0.0,0.17,0.0,0.0,0.0,,,,,,
2026-02-14 19:00,0.0,0.0,0.0,0.0,0.0,0.0,0.0,0.0,,0.0,0.0,0.0,0.0,0.0,0.0,0.0,0.0,0.0,0.0,,,,,,
2026-02-14 20:00,0.0,0.0,0.0,0.0,0.0,0.0,0.0,0.0,,0.0,0.0,0.0,0.0,0.0,0.0,0.0,0.0,0.0,0.0,,,,,,
2026-02-14 21:00,0.0,0.0,0.0,0.0,0.0,0.0,0.0,0.0,,0.0,0.0,0.0,0.0,0.0,0.0,0.0,0.0,0.0,0.0,,,,,,
2026-02-14 22:00,0.0,0.0,0.0,0.0,0.0,0.0,0.0,0.0,,0.0,0.0,0.0,0.0,0.0,0.0,0.17,0.0,0.0,0.0,,,,,,
2026-02-14 23:00,0.0,0.0,0.0,0.0,0.0,0.0,0.0,0.0,,0.0,0.0,0.0,0.0,0.0,0.0,0.33,0.0,0.0,0.0,,,,,,
2026-02-15 00:00,0.0,0.0,0.0,0.0,0.0,0.0,0.0,0.0,,0.0,0.0,0.0,0.0,0.0,0.0,0.5,0.0,0.0,0.0,,,,,,
2026-02-15 01:00,0.0,0.0,0.0,0.0,0.0,0.0,0.0,0.0,,0.0,0.0,0.0,0.0,0.0,0.0,0.0,0.0,0.0,0.0,,,,,,
2026-02-15 02:00,0.0,0.0,0.0,0.0,0.0,0.0,0.0,0.0,,0.0,0.0,0.0,0.0,0.0,0.0,0.0,0.0,0.0,0.0,,,,,,
2026-02-15 03:00,0.0,0.0,0.0,0.0,0.0,0.0,0.0,0.0,,0.0,0.0,0.0,0.0,0.0,0.0,0.0,0.0,0.0,0.0,,,,,,
2026-02-15 04:00,0.0,0.0,0.0,0.0,0.0,0.0,0.0,0.0,,0.0,0.0,0.0,0.0,0.0,0.0,0.0,0.0,0.0,0.0,,,,,,
2026-02-15 05:00,0.0,0.0,0.0,0.0,0.0,0.0,0.0,0.0,,0.0,0.0,0.0,0.0,0.0,0.0,0.0,0.0,0.0,0.0,,,,,,
2026-02-15 06:00,7.17,9.67,5.83,9.5,7.17,7.5,7.17,6.5,,8.0,7.83,7.17,8.17,8.5,5.33,9.17,9.83,7.67,8.83,,,,,,
2026-02-15 07:00,116.67,148.67,90.67,165.83,97.67,117.17,127.0,91.0,194.33,112.83,129.33,127.33,142.83,127.67,141.33,121.17,134.5,123.33,135.5,,,,,,
2026-02-15 08:00,297.0,380.33,304.17,364.17,264.0,313.33,320.83,317.33,354.0,326.33,333.0,342.17,369.67,337.0,356.33,306.17,336.0,330.0,348.33,,,,,,
2026-02-15 09:00,472.5,553.33,456.67,549.17,440.83,504.67,502.5,516.17,545.5,524.67,519.33,535.17,576.0,525.67,534.33,477.67,533.5,501.0,552.5,,,,,,
2026-02-15 10:00,605.17,708.17,595.0,691.67,585.67,669.5,640.17,666.0,686.17,656.17,674.33,680.83,736.5,670.0,661.0,552.17,667.83,630.17,707.17,,,,,,
2026-02-15 11:00,672.5,774.67,670.67,776.5,667.67,782.0,709.5,746.67,765.17,732.33,749.0,754.17,837.33,750.33,734.5,587.67,735.5,700.83,796.67,,,,,,
2026-02-15 12:00,671.33,761.83,671.33,793.5,679.83,783.0,727.33,763.33,777.33,730.17,761.0,746.83,834.67,744.83,746.67,676.5,754.5,693.83,794.5,,,,,,
2026-02-15 13:00,600.5,701.0,605.67,735.0,614.0,712.67,671.5,697.67,719.33,670.83,688.33,688.33,759.67,656.17,691.33,597.0,680.67,591.67,729.0,,,,,,
2026-02-15 14:00,479.17,553.67,474.5,588.33,493.5,577.33,539.5,581.33,596.0,547.0,552.0,545.17,573.17,528.67,567.33,469.17,520.5,465.0,608.33,,,,,,
2026-02-15 15:00,284.83,383.33,284.67,381.33,309.17,384.0,364.33,397.83,414.83,357.0,370.5,359.83,373.5,352.0,390.5,299.83,352.67,294.17,432.67,,,,,,
2026-02-15 16:00,106.0,167.33,80.83,168.33,120.0,170.67,159.67,186.67,198.0,105.67,162.17,164.17,167.67,148.5,131.33,120.5,147.0,116.5,197.5,,,,,,
2026-02-15 17:00,9.17,12.83,9.0,15.83,10.67,17.0,13.33,19.5,23.17,12.67,16.17,18.67,19.83,13.33,9.33,11.83,9.83,9.67,21.33,,,,,,
2026-02-15 18:00,0.0,0.0,0.0,0.0,0.0,0.0,0.0,0.0,0.0,0.0,0.0,0.0,0.0,0.0,0.0,0.0,0.0,0.0,0.0,,,,,,
2026-02-15 19:00,0.0,0.0,0.0,0.0,0.0,0.0,0.0,0.0,,0.0,0.0,0.0,0.0,0.0,0.0,0.0,0.0,0.0,0.0,,,,,,
2026-02-15 20:00,0.0,0.0,0.0,0.0,0.0,0.0,0.0,0.0,,0.0,0.0,0.0,0.0,0.0,0.0,0.0,0.0,0.0,0.0,,,,,,
2026-02-15 21:00,0.0,0.0,0.0,0.0,0.0,0.0,0.0,0.0,,0.0,0.0,0.0,0.0,0.0,0.0,0.0,0.0,0.0,0.0,,,,,,
2026-02-15 22:00,0.0,0.0,0.0,0.0,0.0,0.0,0.0,0.0,,0.0,0.0,0.0,0.0,0.0,0.0,0.0,0.0,0.0,0.0,,,,,,
2026-02-15 23:00,0.0,0.0,0.0,0.0,0.0,0.0,0.0,0.0,,0.0,0.0,0.0,0.0,0.0,0.0,0.0,0.0,0.0,0.0,,,,,,
2026-02-16 00:00,0.0,0.0,0.0,0.0,0.0,0.0,0.0,0.0,,0.0,0.0,0.0,0.0,0.0,0.0,0.0,0.0,0.0,0.0,,,,,,
2026-02-16 01:00,0.0,0.0,0.0,0.0,0.0,0.0,0.0,0.0,,0.0,0.0,0.0,0.0,0.0,0.0,0.0,0.0,0.0,0.0,,,,,,
2026-02-16 02:00,0.0,0.0,0.0,0.0,0.0,0.0,0.0,0.0,,0.0,0.0,0.0,0.17,0.0,0.0,0.0,0.0,0.0,0.0,,,,,,
2026-02-16 03:00,0.0,0.0,0.0,0.0,0.0,0.0,0.0,0.0,,0.0,0.0,0.0,0.0,0.0,0.0,0.0,0.0,0.0,0.0,,,,,,
2026-02-16 04:00,0.0,0.0,0.0,0.0,0.0,0.0,0.0,0.0,,0.0,0.0,0.0,0.0,0.0,0.0,0.0,0.0,0.0,0.0,,,,,,
2026-02-16 05:00,0.0,0.0,0.0,0.0,0.0,0.0,0.0,0.0,,0.0,0.0,0.0,0.0,0.0,0.0,0.0,0.0,0.0,0.0,,,,,,
2026-02-16 06:00,7.33,12.33,5.33,9.17,8.0,8.83,9.0,7.67,,9.0,7.83,7.33,8.17,9.67,6.67,9.5,11.83,6.67,8.17,,,,,,
2026-02-16 07:00,110.0,134.83,94.5,149.33,106.0,142.67,152.83,73.33,206.0,116.17,143.33,151.0,154.5,136.83,132.67,117.17,116.67,117.83,139.0,,,,,,
2026-02-16 08:00,298.33,359.0,292.0,366.0,295.5,361.33,329.33,361.33,361.83,354.83,331.0,375.17,400.83,359.83,353.5,301.67,322.17,311.33,360.33,,,,,,
2026-02-16 09:00,471.83,527.83,448.67,566.0,474.83,543.0,482.5,553.67,551.67,540.67,509.17,569.17,597.83,550.0,543.0,464.5,514.0,483.17,564.17,,,,,,
2026-02-16 10:00,590.0,675.83,573.0,703.83,610.0,691.5,612.67,694.5,695.17,666.33,660.33,698.67,748.83,678.5,662.67,551.83,644.17,607.67,720.67,,,,,,
2026-02-16 11:00,658.5,741.67,635.17,774.83,676.0,780.33,700.33,764.5,773.33,733.83,745.0,764.0,834.0,750.0,718.83,596.17,698.33,695.83,802.83,,,,,,
2026-02-16 12:00,671.67,727.67,651.0,774.17,680.0,777.17,715.5,759.17,774.5,718.17,744.17,747.83,819.0,745.0,714.33,686.5,731.5,694.67,806.83,,,,,,
2026-02-16 13:00,604.67,678.83,622.83,696.33,613.83,708.83,643.17,728.0,648.67,652.5,687.83,705.33,758.0,675.67,645.33,619.83,666.83,605.67,718.83,,,,,,
2026-02-16 14:00,443.33,528.5,504.33,462.17,485.83,573.67,479.67,590.17,482.83,536.33,503.33,496.67,509.83,552.5,519.33,463.83,491.5,493.33,573.5,,,,,,
2026-02-16 15:00,287.5,253.33,322.83,366.83,323.0,365.67,250.67,337.33,233.67,366.17,260.67,384.17,420.33,322.83,348.33,315.0,297.33,281.0,380.0,,,,,,
2026-02-16 16:00,82.83,129.83,76.33,116.0,131.17,149.17,126.67,166.0,137.5,112.67,147.67,155.0,191.5,133.67,96.0,106.33,145.67,80.17,164.17,,,,,,
2026-02-16 17:00,12.0,11.33,14.5,13.0,8.33,23.17,22.0,18.83,17.67,22.17,23.0,15.33,17.83,12.0,11.33,16.67,12.17,15.5,17.5,,,,,,
2026-02-16 18:00,0.0,0.0,0.0,0.0,0.0,0.0,0.0,0.0,0.0,0.0,0.0,0.0,0.0,0.0,0.0,0.0,0.0,0.0,0.0,,,,,,
2026-02-16 19:00,0.0,0.0,0.0,0.0,0.0,0.0,0.0,0.0,,0.0,0.0,0.0,0.0,0.0,0.0,0.0,0.0,0.0,0.0,,,,,,
2026-02-16 20:00,0.0,0.0,0.0,0.0,0.0,0.0,0.0,0.0,,0.0,0.0,0.0,0.0,0.0,0.0,0.0,0.0,0.0,0.0,,,,,,
2026-02-16 21:00,0.0,0.0,0.0,0.0,0.0,0.0,0.0,0.0,,0.0,0.0,0.0,0.17,0.0,0.0,0.0,0.0,0.0,0.0,,,,,,
2026-02-16 22:00,0.0,0.0,0.0,0.0,0.0,0.0,0.0,0.0,,0.0,0.0,0.0,0.0,0.0,0.0,0.0,0.0,0.0,0.0,,,,,,
2026-02-16 23:00,0.0,0.17,0.0,0.0,0.0,0.0,0.0,0.0,,0.0,0.0,0.0,0.0,0.0,0.0,0.17,0.0,0.0,0.0,,,,,,
2026-02-17 00:00,0.0,0.33,0.0,0.0,0.0,0.0,0.0,0.0,,0.0,0.0,0.0,0.0,0.0,0.0,0.0,0.0,0.0,0.0,,,,,,
2026-02-17 01:00,0.0,0.0,0.0,0.0,0.0,0.0,0.0,0.0,,0.0,0.0,0.0,0.17,0.0,0.0,0.0,0.0,0.0,0.0,,,,,,
2026-02-17 02:00,0.0,0.0,0.0,0.0,0.0,0.0,0.0,0.0,,0.0,0.0,0.0,0.0,0.0,0.0,0.0,0.0,0.0,0.0,,,,,,
2026-02-17 03:00,0.0,0.0,0.0,0.0,0.0,0.0,0.0,0.0,,0.0,0.0,0.0,0.67,0.0,0.0,0.17,0.0,0.0,0.0,,,,,,
2026-02-17 04:00,0.0,0.0,0.0,0.0,0.0,0.0,0.0,0.0,,0.0,0.0,0.0,0.83,0.0,0.0,0.17,0.0,0.0,0.0,,,,,,
2026-02-17 05:00,0.0,0.5,0.0,0.0,0.0,0.0,0.0,0.0,,0.0,0.0,0.0,0.0,0.0,0.0,0.83,0.0,0.0,0.0,,,,,,
2026-02-17 06:00,1.5,4.0,4.17,7.83,5.0,6.5,2.83,4.5,,11.0,4.0,6.0,6.17,7.67,4.5,4.67,2.17,4.83,10.83,,,,,,
2026-02-17 07:00,30.5,60.33,65.0,94.5,48.5,145.83,40.17,40.5,147.0,131.83,53.33,58.33,78.67,76.0,74.33,53.33,38.0,70.33,115.83,,,,,,
2026-02-17 08:00,253.0,116.5,154.83,149.5,156.0,341.67,129.0,147.67,,323.5,157.17,135.67,190.83,187.5,123.83,242.0,74.67,241.67,154.67,,,,,,
2026-02-17 09:00,387.33,290.83,232.0,285.33,189.0,533.33,234.17,251.0,214.25,488.33,230.5,230.33,274.83,285.5,291.0,384.0,295.33,358.33,199.33,,,,,,
2026-02-17 10:00,320.5,392.67,285.0,315.17,283.83,576.17,211.5,330.5,425.5,492.0,233.17,418.67,280.17,189.83,389.5,292.0,315.83,304.67,477.0,,,,,,
2026-02-17 11:00,236.67,392.5,170.0,368.0,293.17,471.83,324.0,362.83,434.33,544.33,219.0,298.33,238.17,195.67,412.5,250.5,251.83,247.0,635.5,,,,,,
2026-02-17 12:00,233.0,158.0,167.83,296.5,289.17,263.5,302.17,589.83,299.33,260.33,285.5,406.67,462.5,151.33,263.33,223.17,182.0,271.5,338.0,,,,,,
2026-02-17 13:00,194.5,215.0,306.0,121.5,173.83,126.5,446.17,615.17,388.33,132.5,500.5,613.17,564.33,367.0,186.0,112.83,109.33,300.17,393.67,,,,,,
2026-02-17 14:00,373.67,139.33,342.17,221.5,132.33,277.67,314.17,519.5,501.67,229.33,361.67,462.33,379.0,350.5,339.33,284.17,303.0,391.67,483.83,,,,,,
2026-02-17 15:00,292.5,115.17,240.0,312.17,204.83,217.83,248.67,374.67,348.5,287.33,256.5,349.33,369.0,301.33,270.0,226.83,252.33,318.5,364.5,,,,,,
2026-02-17 16:00,124.5,71.17,85.83,127.5,146.5,143.17,97.17,172.17,164.67,117.5,85.5,163.83,168.17,151.17,105.17,126.5,129.33,130.5,170.5,,,,,,
2026-02-17 17:00,14.17,8.5,9.0,12.67,14.67,14.17,10.33,19.17,23.0,13.0,16.5,19.0,20.0,16.67,12.5,14.67,14.0,14.0,24.5,,,,,,
2026-02-17 18:00,0.0,0.0,0.0,0.0,0.0,0.0,0.0,0.0,0.0,0.0,0.0,0.0,0.0,0.0,0.0,0.0,0.0,0.0,0.0,,,,,,
2026-02-17 19:00,0.0,0.0,0.0,0.0,0.0,0.0,0.0,0.0,,0.0,0.0,0.0,0.0,0.0,0.0,0.0,0.0,0.0,0.0,,,,,,
2026-02-17 20:00,0.0,0.0,0.0,0.0,0.0,0.0,0.0,0.0,,0.0,0.0,0.0,0.0,0.0,0.0,0.0,0.0,0.0,0.0,,,,,,
2026-02-17 21:00,0.0,0.0,0.0,0.0,0.0,0.0,0.0,0.0,,0.0,0.0,0.0,0.0,0.0,0.0,0.0,0.0,0.0,0.0,,,,,,
2026-02-17 22:00,0.0,0.0,0.0,0.0,0.0,0.0,0.0,0.0,,0.0,0.0,0.0,0.0,0.0,0.0,0.0,0.0,0.0,0.0,,,,,,
2026-02-17 23:00,0.0,0.0,0.0,0.0,0.0,0.0,0.0,0.0,,0.0,0.0,0.0,0.0,0.0,0.0,0.0,0.0,0.0,0.0,,,,,,
2026-02-18 00:00,0.0,0.0,0.0,0.0,0.0,0.0,0.0,0.0,,0.0,0.0,0.0,0.0,0.0,0.0,0.0,0.0,0.0,0.0,,,,,,
2026-02-18 01:00,0.0,0.0,0.0,0.0,0.0,0.0,0.0,0.0,,0.0,0.0,0.0,0.0,0.0,0.0,0.0,0.0,0.0,0.0,,,,,,
2026-02-18 02:00,0.0,0.0,0.0,0.0,0.0,0.0,0.0,0.0,,0.0,0.0,0.0,0.0,0.0,0.0,0.0,0.0,0.0,0.0,,,,,,
2026-02-18 03:00,0.0,0.0,0.0,0.0,0.0,0.0,0.0,0.0,,0.0,0.0,0.0,0.0,0.0,0.0,0.0,0.0,0.0,0.0,,,,,,
2026-02-18 04:00,0.0,0.0,0.0,0.0,0.0,0.0,0.0,0.0,,0.0,0.0,0.0,0.0,0.0,0.0,0.0,0.0,0.0,0.0,,,,,,
2026-02-18 05:00,0.0,0.0,0.0,0.0,0.0,0.0,0.0,0.0,,0.0,0.0,0.0,0.0,0.0,0.0,0.0,0.0,0.0,0.0,,,,,,
2026-02-18 06:00,9.17,13.0,7.0,11.33,9.67,10.33,7.67,8.17,,9.5,9.17,10.83,11.0,11.17,7.17,11.17,13.33,9.33,10.5,,,,,,
2026-02-18 07:00,119.33,149.33,90.83,168.83,120.0,151.17,155.33,60.83,213.33,116.0,161.83,156.0,161.83,151.5,142.33,129.17,145.67,137.0,153.17,,,,,,
2026-02-18 08:00,325.33,369.33,260.0,378.33,333.17,375.5,349.67,360.17,378.5,369.0,337.67,371.83,394.33,359.33,356.67,325.0,331.5,344.33,379.83,,,,,,
2026-02-18 09:00,505.67,526.67,398.5,570.5,507.5,566.67,511.0,557.33,573.83,557.17,532.17,563.67,578.33,544.5,525.83,501.67,381.33,531.0,578.0,,,,,,
2026-02-18 10:00,628.33,701.0,634.67,706.5,629.83,713.0,627.33,691.83,704.33,685.5,662.17,690.0,725.67,668.67,653.0,558.33,654.83,627.5,728.17,,,,,,
2026-02-18 11:00,703.67,733.83,702.83,773.67,704.83,797.33,699.17,761.67,765.5,761.17,732.33,748.17,823.5,747.83,715.0,593.0,720.67,705.17,799.67,,,,,,
2026-02-18 12:00,672.33,729.83,706.33,767.67,706.17,801.5,669.5,756.33,767.5,738.33,744.33,735.5,838.17,755.0,713.5,636.83,644.83,697.5,806.83,,,,,,
2026-02-18 13:00,695.67,551.83,573.17,692.5,667.83,739.33,666.5,676.17,687.33,686.0,671.17,663.83,751.17,695.17,651.17,655.17,562.17,611.0,736.33,,,,,,
2026-02-18 14:00,673.5,280.17,527.5,547.83,530.0,607.17,494.17,533.83,527.0,582.83,572.33,517.83,571.5,571.83,531.33,604.0,429.0,477.33,562.67,,,,,,
2026-02-18 15:00,434.17,206.83,323.5,357.33,374.33,412.33,200.17,371.17,345.0,404.33,349.83,345.5,388.17,385.67,377.17,454.5,258.5,351.67,333.67,,,,,,
2026-02-18 16:00,157.67,76.5,75.17,151.33,144.67,191.5,80.33,172.5,161.33,94.5,111.83,155.67,164.33,162.5,130.17,152.83,159.83,143.67,153.0,,,,,,
2026-02-18 17:00,12.83,7.5,8.67,11.17,12.67,23.33,4.33,21.83,20.67,11.83,12.17,20.5,24.0,18.0,13.33,15.33,11.67,11.67,21.5,,,,,,
2026-02-18 18:00,0.0,0.0,0.0,0.0,0.0,0.0,0.0,0.0,0.0,0.0,0.17,0.0,0.0,0.0,0.0,0.0,0.0,0.0,0.0,,,,,,
2026-02-18 19:00,0.0,0.33,0.0,0.0,0.0,0.0,0.0,0.0,,0.0,0.0,0.0,0.0,0.0,0.0,0.17,0.0,0.0,0.0,,,,,,
2026-02-18 20:00,0.0,0.0,0.33,0.0,0.0,0.0,0.0,0.0,,0.0,0.0,0.0,0.0,0.0,0.0,0.17,0.0,0.0,0.0,,,,,,
2026-02-18 21:00,0.0,0.0,0.0,0.0,0.0,0.0,0.0,0.0,,0.0,0.0,0.0,0.0,0.0,0.0,0.17,0.0,0.0,0.0,,,,,,
2026-02-18 22:00,0.0,0.0,0.0,0.0,0.0,0.0,0.0,0.0,,0.0,0.0,0.0,0.0,0.0,0.0,0.0,0.0,0.0,0.0,,,,,,
2026-02-18 23:00,0.0,0.0,0.0,0.0,0.0,0.0,0.0,0.0,,0.0,0.0,0.0,0.0,0.0,0.0,0.5,0.0,0.0,0.0,,,,,,
2026-02-19 00:00,0.0,0.0,0.0,0.0,0.0,0.0,0.0,0.0,,0.0,0.0,0.0,0.0,0.0,0.0,0.0,0.0,0.0,0.0,,,,,,
2026-02-19 01:00,0.0,0.0,0.0,0.0,0.0,0.0,0.0,0.0,,0.0,0.0,0.0,0.0,0.0,0.0,0.67,0.0,0.0,0.0,,,,,,
2026-02-19 02:00,0.0,0.0,0.0,0.0,0.0,0.0,0.0,0.0,,0.0,0.33,0.0,0.67,0.0,0.0,0.67,0.0,0.0,0.0,,,,,,
2026-02-19 03:00,0.0,0.0,0.0,0.0,0.0,0.0,0.0,0.0,,0.0,0.0,0.0,0.17,0.0,0.0,0.67,0.0,0.0,0.0,,,,,,
2026-02-19 04:00,0.0,0.0,0.0,0.0,0.0,0.0,0.0,0.0,,0.0,0.0,0.0,0.0,0.0,0.0,0.33,0.0,0.33,0.0,,,,,,
2026-02-19 05:00,0.0,0.0,0.17,0.0,0.0,0.0,0.0,0.0,,0.0,0.0,0.0,0.5,0.0,0.0,0.5,0.0,0.17,0.0,,,,,,
2026-02-19 06:00,7.67,10.33,8.67,11.5,7.33,7.0,6.67,15.5,,9.5,8.0,8.33,9.5,10.5,12.33,9.0,5.83,8.83,9.33,,,,,,
2026-02-19 07:00,70.83,106.17,64.33,102.33,48.5,145.5,89.67,54.0,228.67,120.0,79.33,136.0,175.17,69.17,92.67,99.17,88.5,77.0,160.67,,,,,,
2026-02-19 08:00,313.67,158.17,291.33,159.0,98.67,390.5,268.83,83.0,166.0,385.5,212.33,116.33,153.67,137.5,131.33,164.0,154.67,162.67,325.5,,,,,,
2026-02-19 09:00,505.83,344.67,288.83,322.5,288.5,579.33,257.67,141.83,307.0,575.0,439.83,181.17,283.67,374.67,346.5,200.83,252.5,263.83,361.0,,,,,,
2026-02-19 10:00,342.0,363.0,231.17,326.17,649.0,813.0,628.67,245.0,328.67,704.0,654.17,332.67,334.5,167.83,246.0,460.0,435.67,532.17,474.5,,,,,,
2026-02-19 11:00,322.67,506.0,574.17,377.33,697.33,841.5,692.5,134.0,426.0,777.17,657.83,258.83,376.0,405.17,320.17,402.83,750.67,356.67,487.67,,,,,,
2026-02-19 12:00,469.33,570.17,451.17,171.33,451.5,828.67,619.17,240.67,557.83,754.83,683.83,321.5,516.5,510.67,173.67,469.0,731.83,711.17,602.83,,,,,,
2026-02-19 13:00,366.67,594.83,593.5,224.33,179.17,762.5,555.0,444.33,380.33,705.67,733.83,541.17,358.67,679.0,222.0,437.67,593.0,475.0,593.83,,,,,,
2026-02-19 14:00,581.0,437.0,526.17,156.33,165.33,630.33,637.67,465.17,404.83,603.17,603.0,360.0,603.83,288.5,135.5,257.67,256.0,241.33,315.0,,,,,,
2026-02-19 15:00,398.5,375.83,294.33,76.5,166.5,437.33,444.5,439.0,228.17,417.67,421.5,243.17,443.5,384.83,83.0,157.0,220.17,226.33,204.0,,,,,,
2026-02-19 16:00,182.17,171.67,60.0,44.33,68.5,211.5,173.5,214.17,56.17,94.17,199.33,203.83,145.0,207.17,33.5,119.33,112.17,131.0,87.67,,,,,,
2026-02-19 17:00,16.5,11.67,9.5,5.33,8.5,26.0,10.5,28.0,11.25,11.83,24.5,25.5,29.33,20.67,4.5,15.0,20.17,15.83,16.0,,,,,,
2026-02-19 18:00,0.0,0.0,0.0,0.0,0.0,0.0,0.0,0.0,,0.0,0.0,0.0,0.0,0.0,0.0,0.0,0.0,0.0,0.0,,,,,,
2026-02-19 19:00,0.0,0.0,0.0,0.0,0.0,0.0,0.0,0.0,,0.0,0.0,0.0,0.0,0.0,0.0,0.0,0.0,0.0,0.0,,,,,,
2026-02-19 20:00,0.0,0.0,0.0,0.0,0.0,0.0,0.0,0.0,,0.0,0.0,0.0,0.0,0.0,0.0,0.0,0.0,0.0,0.0,,,,,,
2026-02-19 21:00,0.0,0.0,0.0,0.0,0.0,0.0,0.0,0.0,,0.0,0.0,0.0,0.0,0.0,0.0,0.0,0.0,0.0,0.0,,,,,,
2026-02-19 22:00,0.0,0.0,0.0,0.0,0.0,0.0,0.0,0.0,,0.0,0.0,0.0,0.0,0.0,0.0,0.0,0.0,0.0,0.0,,,,,,
2026-02-19 23:00,0.0,0.0,0.0,0.0,0.0,0.0,0.0,0.0,,0.0,0.0,0.0,0.0,0.0,0.0,0.0,0.0,0.0,0.0,,,,,,
2026-02-20 00:00,0.0,0.0,0.0,0.0,0.0,0.0,0.0,0.0,,0.0,0.0,0.0,0.0,0.0,0.0,0.0,0.0,0.0,0.0,,,,,,
2026-02-20 01:00,0.0,0.33,0.0,0.0,0.0,0.0,0.0,0.0,,0.0,0.0,0.0,0.0,0.0,0.0,0.0,0.0,0.0,0.0,,,,,,
2026-02-20 02:00,0.0,0.0,0.0,0.0,0.0,0.0,0.0,0.0,,0.0,0.0,0.0,0.0,0.0,0.0,0.0,0.0,0.0,0.0,,,,,,
2026-02-20 03:00,0.0,0.0,0.0,0.0,0.0,0.0,0.0,0.0,,0.0,0.0,0.0,0.0,0.0,0.0,0.0,0.0,0.0,0.0,,,,,,
2026-02-20 04:00,0.0,0.0,0.0,0.0,0.0,0.0,0.0,0.0,,0.0,0.0,0.0,0.0,0.0,0.0,0.0,0.0,0.0,0.0,,,,,,
2026-02-20 05:00,0.0,0.0,0.0,0.0,0.0,0.0,0.0,0.0,,0.0,0.0,0.0,0.0,0.0,0.0,0.0,0.0,0.0,0.0,,,,,,
2026-02-20 06:00,14.17,18.5,8.17,14.0,9.83,10.17,12.0,10.0,,10.0,13.67,14.5,14.17,13.33,7.67,15.83,17.67,13.17,13.83,,,,,,
2026-02-20 07:00,151.0,162.0,91.83,175.83,134.17,180.83,157.83,68.0,226.0,121.33,159.33,164.0,169.0,160.67,148.67,151.67,177.33,153.5,167.17,,,,,,
2026-02-20 08:00,352.67,400.5,356.5,388.33,365.67,397.0,359.0,373.83,388.17,399.5,366.33,376.17,406.67,372.5,367.5,348.67,389.5,353.67,389.0,,,,,,
2026-02-20 09:00,542.33,584.5,534.5,586.83,546.0,584.0,526.0,571.5,582.5,583.17,546.67,567.83,591.67,559.17,554.67,525.17,571.0,527.17,585.17,,,,,,
2026-02-20 10:00,677.17,725.83,675.5,728.5,676.0,710.33,658.17,713.83,724.33,693.0,690.83,709.67,746.83,692.17,693.0,606.17,694.33,657.83,730.17,,,,,,
2026-02-20 11:00,744.83,794.33,749.0,800.83,,775.33,735.17,787.0,803.5,758.33,765.83,769.33,848.17,763.5,766.17,665.17,766.33,741.17,809.67,,,,,,
2026-02-20 12:00,748.17,795.33,759.33,803.33,,778.33,755.83,790.33,810.17,739.83,769.83,764.83,855.67,761.33,769.17,746.67,768.83,761.17,822.0,,,,,,
2026-02-20 13:00,682.17,725.33,691.83,732.67,,726.33,698.83,727.67,745.17,680.5,708.33,707.67,778.17,699.17,702.83,671.33,703.67,695.0,755.67,,,,,,
2026-02-20 14:00,555.5,593.17,559.33,598.33,,602.17,570.17,601.67,607.17,572.33,578.17,579.67,584.67,580.83,579.0,555.17,564.83,561.0,618.67,,,,,,
2026-02-20 15:00,377.17,402.5,374.5,407.17,,416.5,390.5,413.67,415.0,396.33,397.0,394.0,408.5,401.17,402.17,382.5,383.67,383.33,422.33,,,,,,
2026-02-20 16:00,168.5,180.83,51.83,189.33,,199.0,172.83,202.17,200.0,108.0,187.0,187.67,184.17,184.67,145.5,182.83,177.5,175.33,196.33,,,,,,
2026-02-20 17:00,16.33,11.83,11.17,13.33,,26.33,11.83,27.67,28.0,13.67,24.17,25.17,27.67,18.83,10.0,19.0,18.0,16.0,24.33,,,,,,
2026-02-20 18:00,0.0,0.0,0.0,0.0,,0.0,0.0,0.0,0.0,0.0,0.0,0.0,0.0,0.0,0.0,0.0,0.0,0.0,0.0,,,,,,
2026-02-20 19:00,0.0,0.0,0.0,0.0,,0.0,0.0,0.0,,0.0,0.0,0.0,0.0,0.0,0.0,0.0,0.0,0.0,0.0,,,,,,
2026-02-20 20:00,0.0,0.0,0.0,0.0,,0.0,0.0,0.0,,0.0,0.0,0.0,0.0,0.0,0.0,0.0,0.0,0.0,0.0,,,,,,
2026-02-20 21:00,0.0,0.0,0.0,0.0,,0.0,0.0,0.0,,0.0,0.0,0.0,0.0,0.0,0.0,0.0,0.0,0.0,0.0,,,,,,
2026-02-20 22:00,0.0,0.0,0.0,0.0,,0.0,0.0,0.0,,0.0,0.0,0.0,0.0,0.0,0.0,0.0,0.0,0.0,0.0,,,,,,
2026-02-20 23:00,0.0,0.0,0.0,0.0,,0.0,0.0,0.0,,0.0,0.0,0.0,0.0,0.0,0.0,0.0,0.0,0.0,0.0,,,,,,
2026-02-21 00:00,0.0,0.0,0.0,0.0,,0.0,0.0,0.0,,0.0,0.0,0.0,0.5,0.0,0.0,0.0,0.0,0.0,0.0,,,,,,
2026-02-21 01:00,0.0,0.0,0.0,0.0,,0.0,0.0,0.0,,0.0,0.0,0.0,0.83,0.0,0.0,0.0,0.0,0.0,0.0,,,,,,
2026-02-21 02:00,0.0,0.0,0.0,0.0,,0.0,0.0,0.0,,0.0,0.0,0.0,0.0,2.0,0.0,0.0,0.0,0.0,0.0,,,,,,
2026-02-21 03:00,0.0,0.0,0.0,0.0,,0.0,0.0,0.0,,0.0,0.0,0.0,0.5,1.5,0.0,0.0,0.0,0.0,0.0,,,,,,
2026-02-21 04:00,0.0,0.0,0.0,0.0,,0.0,0.0,0.0,,0.0,0.0,0.0,1.33,0.33,0.0,0.0,0.0,0.0,0.0,,,,,,
2026-02-21 05:00,0.0,0.0,0.0,0.0,,0.0,0.0,0.0,,0.0,0.0,0.0,1.17,0.5,0.0,0.0,0.0,0.0,0.0,,,,,,
2026-02-21 06:00,14.5,17.17,7.17,15.5,,10.83,13.5,7.67,,9.83,14.17,6.33,9.33,9.83,7.0,17.17,18.0,14.0,7.5,,,,,,
2026-02-21 07:00,166.17,162.67,92.67,186.67,,177.0,160.83,79.67,,121.33,163.17,63.83,85.67,141.67,153.33,157.67,174.0,162.17,63.67,,,,,,
2026-02-21 08:00,374.33,393.83,354.17,400.67,,401.17,363.33,182.17,229.0,408.33,373.33,242.67,377.83,368.67,376.0,360.83,396.67,360.83,151.5,,,,,,
2026-02-21 09:00,561.5,578.5,531.17,599.33,,593.67,534.83,338.5,292.5,594.83,554.67,570.33,543.83,556.0,565.17,536.5,580.17,536.67,226.67,,,,,,
2026-02-21 10:00,690.33,724.5,673.5,736.17,,737.33,669.83,499.83,659.0,708.5,698.83,639.5,589.0,695.83,694.83,618.17,706.17,664.83,627.17,,,,,,
2026-02-21 11:00,751.5,800.17,749.33,803.67,,815.33,743.17,789.0,809.17,771.5,768.0,798.0,793.17,756.0,754.83,675.17,779.0,751.17,829.17,,,,,,
2026-02-21 12:00,749.83,801.0,750.67,798.0,,821.0,755.33,799.5,812.33,746.83,767.5,757.17,901.83,757.33,753.5,748.67,779.67,766.17,843.67,,,,,,
2026-02-21 13:00,686.17,733.33,683.17,722.33,,751.0,598.17,734.67,747.5,695.17,694.83,691.33,648.5,698.0,681.0,675.0,714.17,696.67,765.0,,,,,,
2026-02-21 14:00,558.0,601.67,551.0,580.83,,621.83,123.0,515.83,613.33,595.67,278.83,558.17,382.17,476.33,555.67,556.83,573.5,555.33,619.67,,,,,,
2026-02-21 15:00,374.67,409.0,358.83,405.5,,424.5,77.0,361.67,385.33,423.83,118.83,388.33,359.33,288.5,298.33,377.67,386.83,375.17,439.17,,,,,,
2026-02-21 16:00,167.5,181.17,61.67,87.67,,205.17,48.5,198.83,165.67,110.17,60.5,220.17,172.5,80.0,53.17,163.17,175.0,106.33,209.0,,,,,,
2026-02-21 17:00,15.17,11.83,13.67,8.5,,22.33,13.33,27.5,14.33,10.83,10.5,29.0,32.67,17.83,5.5,14.33,17.33,14.67,35.83,,,,,,
2026-02-21 18:00,0.0,0.0,0.0,0.0,,0.0,0.0,0.0,,0.0,0.0,0.0,0.0,0.0,0.0,0.0,0.0,0.0,0.0,,,,,,
2026-02-21 19:00,0.0,0.0,0.0,0.0,,0.0,0.0,0.0,,0.0,0.0,0.0,0.0,0.0,0.0,0.0,0.0,0.0,0.0,,,,,,
2026-02-21 20:00,0.0,0.0,0.0,0.0,,0.0,0.0,0.0,,0.0,0.0,0.0,0.0,0.0,0.0,0.0,0.0,0.0,0.0,,,,,,
2026-02-21 21:00,0.0,0.0,0.0,0.0,,0.0,0.0,0.0,,0.0,0.0,0.0,0.0,0.0,0.0,0.0,0.0,0.0,0.0,,,,,,
2026-02-21 22:00,0.0,0.0,0.0,0.0,,0.0,0.0,0.0,,0.0,0.0,0.0,0.0,0.0,0.0,0.0,0.0,0.0,0.0,,,,,,
2026-02-21 23:00,0.0,0.0,0.0,0.0,,0.0,0.0,0.0,,0.0,0.0,0.0,0.0,0.0,0.0,0.0,0.0,0.0,0.0,,,,,,
2026-02-22 00:00,0.0,0.0,0.0,0.0,,0.0,0.0,0.0,,0.0,0.0,0.0,0.0,0.0,0.0,0.0,0.0,0.0,0.0,,,,,,
2026-02-22 01:00,0.0,0.0,0.0,0.0,,0.0,0.0,0.0,,0.0,0.0,0.0,0.0,0.0,0.0,0.0,0.0,0.0,0.0,,,,,,
2026-02-22 02:00,0.0,0.0,0.0,0.0,,0.0,0.0,0.0,,0.0,0.0,0.0,0.0,0.0,0.0,0.0,0.0,0.0,0.0,,,,,,
2026-02-22 03:00,0.0,0.0,0.0,0.0,,0.0,0.0,0.0,,0.0,0.0,0.0,0.0,0.0,0.0,0.83,0.0,0.0,0.0,,,,,,
2026-02-22 04:00,0.0,0.0,0.0,0.0,,0.0,0.0,0.0,,0.0,0.0,0.0,0.0,0.0,0.0,0.33,0.0,0.0,0.0,,,,,,
2026-02-22 05:00,0.0,0.0,0.0,0.0,,0.0,0.0,0.0,,0.0,0.0,0.0,0.0,0.0,0.0,0.17,0.0,0.0,0.0,,,,,,
2026-02-22 06:00,8.83,6.33,10.17,18.0,,8.83,11.5,12.5,,9.33,13.17,12.33,12.5,15.67,9.67,5.17,10.0,7.17,15.33,,,,,,
2026-02-22 07:00,101.67,30.83,73.83,185.83,,80.67,178.5,91.17,186.0,122.67,161.17,147.83,154.5,161.0,145.17,65.5,59.5,146.83,174.67,,,,,,
2026-02-22 08:00,205.33,92.83,255.17,297.67,,318.83,368.0,368.17,283.5,416.67,384.0,255.0,394.0,371.0,327.33,172.5,192.5,228.5,395.5,,,,,,
2026-02-22 09:00,538.83,334.67,560.67,593.33,,599.5,541.67,490.5,282.25,605.83,524.0,474.17,458.83,490.5,410.0,256.5,483.33,500.0,591.5,,,,,,
2026-02-22 10:00,692.83,443.17,661.83,664.17,,745.17,693.67,399.0,697.33,718.5,594.83,685.67,598.33,568.5,544.33,462.67,492.33,652.5,738.83,,,,,,
2026-02-22 11:00,814.17,571.33,610.67,724.17,,834.0,677.83,402.0,730.83,793.33,610.0,697.33,600.33,580.83,627.67,566.83,709.5,532.17,815.83,,,,,,
2026-02-22 12:00,862.17,633.0,603.17,644.83,,834.83,616.67,721.17,701.67,768.83,495.5,720.5,781.2,760.67,498.33,426.17,755.17,530.67,817.33,,,,,,
2026-02-22 13:00,431.83,328.17,610.17,695.83,,762.33,539.83,721.83,614.17,714.17,643.5,658.0,803.67,714.0,342.5,576.83,718.17,732.0,753.33,,,,,,
2026-02-22 14:00,328.83,528.33,586.67,557.5,,635.0,356.5,559.33,648.83,609.83,508.0,549.0,599.67,593.67,577.67,427.67,486.5,526.83,628.5,,,,,,
2026-02-22 15:00,278.83,247.33,239.0,218.33,,434.5,263.17,421.5,281.67,435.5,433.83,400.17,430.33,407.0,165.33,406.83,433.17,396.5,437.5,,,,,,
2026-02-22 16:00,185.83,158.0,58.5,73.0,,209.5,151.33,207.83,193.0,114.0,193.5,192.83,200.33,201.5,94.67,196.17,199.83,189.67,198.0,,,,,,
2026-02-22 17:00,19.67,13.33,10.33,11.0,,25.67,10.83,30.33,29.83,11.33,20.17,29.5,32.33,22.83,10.5,20.67,23.83,21.5,30.83,,,,,,
2026-02-22 18:00,0.0,0.0,0.0,0.0,,0.0,0.0,0.0,1.5,0.0,0.0,0.0,0.0,0.0,0.0,0.0,0.0,0.0,0.0,,,,,,
2026-02-22 19:00,0.0,0.0,0.0,0.0,,0.0,0.0,0.0,,0.0,0.0,0.0,0.0,0.0,0.0,0.0,0.0,0.0,0.0,,,,,,
2026-02-22 20:00,0.0,0.0,0.0,0.0,,0.0,0.0,0.0,,0.0,0.0,0.0,0.0,0.0,0.0,0.0,0.0,0.0,0.0,,,,,,
2026-02-22 21:00,0.0,0.0,0.0,0.0,,0.0,0.0,0.0,,0.0,0.0,0.0,0.0,0.0,0.0,0.0,0.0,0.0,0.0,,,,,,
2026-02-22 22:00,0.0,0.0,0.0,0.0,,0.0,0.0,0.0,,0.0,0.0,0.0,0.0,0.0,0.0,0.0,0.0,0.0,0.0,,,,,,
2026-02-22 23:00,0.0,0.0,0.0,0.0,,0.0,0.0,0.0,,0.0,0.0,0.0,0.0,0.0,0.0,0.0,0.0,0.0,0.0,,,,,,
2026-02-23 00:00,0.0,0.0,0.0,0.0,,0.0,0.0,0.0,,0.0,0.0,0.0,0.0,0.0,0.0,0.0,0.0,0.0,0.0,,,,,,
2026-02-23 01:00,0.0,0.0,0.0,0.0,,0.0,0.0,0.0,,0.0,0.0,0.0,0.0,0.0,0.0,1.0,0.0,0.0,0.0,,,,,,
2026-02-23 02:00,0.0,0.0,0.0,0.0,,0.0,0.0,0.0,,0.0,0.0,0.0,0.0,0.0,0.0,0.33,0.0,0.0,0.0,,,,,,
2026-02-23 03:00,0.0,0.0,0.0,0.0,,0.0,0.0,0.0,,0.0,0.0,0.0,0.0,0.0,0.0,0.0,0.0,0.0,0.0,,,,,,
2026-02-23 04:00,0.0,0.0,0.0,0.0,,0.0,0.0,0.0,,0.0,0.0,0.0,0.0,0.0,0.0,0.0,0.0,0.0,0.0,,,,,,
2026-02-23 05:00,0.0,0.0,0.0,0.0,,0.0,0.0,0.0,,0.0,0.0,0.0,0.0,0.0,0.0,0.17,0.0,0.0,0.0,,,,,,
2026-02-23 06:00,26.33,27.5,11.33,20.0,,14.17,7.0,10.83,,12.5,10.67,21.17,29.0,25.17,8.67,22.83,22.83,15.17,19.67,,,,,,
2026-02-23 07:00,69.67,164.5,46.33,185.83,,173.33,139.67,79.83,217.75,124.17,70.5,159.83,136.17,199.67,149.33,104.33,71.0,78.5,168.33,,,,,,
2026-02-23 08:00,168.83,251.5,288.83,407.67,,401.33,168.5,395.17,395.17,404.0,115.33,392.0,384.17,268.33,380.5,175.5,150.17,148.83,391.33,,,,,,
2026-02-23 09:00,497.0,262.83,483.0,601.0,,596.67,138.5,584.5,590.67,592.17,122.83,608.67,399.5,479.83,579.67,351.83,214.83,208.5,602.67,,,,,,
2026-02-23 10:00,336.0,462.67,171.33,478.0,,741.5,131.17,636.17,749.5,708.17,69.67,649.17,479.0,588.17,615.67,139.83,238.83,88.83,756.33,,,,,,
2026-02-23 11:00,195.67,478.67,148.83,432.0,,820.0,216.83,405.17,592.83,777.0,111.33,242.5,360.5,331.33,426.17,79.17,307.33,65.17,752.17,,,,,,
2026-02-23 12:00,116.33,174.17,83.5,198.67,,818.17,211.83,574.83,503.6,750.33,184.83,722.0,416.83,393.33,225.67,76.67,230.0,117.67,663.33,,,,,,
2026-02-23 13:00,59.83,125.67,152.0,233.83,,712.5,179.17,471.33,679.5,679.17,234.17,517.17,806.2,263.0,142.17,91.33,73.33,159.83,356.0,,,,,,
2026-02-23 14:00,95.17,137.83,154.67,553.33,,643.17,278.33,586.67,368.33,531.0,313.17,368.83,633.83,297.67,331.0,117.5,187.17,283.5,525.0,,,,,,
2026-02-23 15:00,90.33,130.67,104.17,372.83,,453.17,165.83,415.67,269.17,443.0,140.67,421.17,475.5,177.5,187.33,59.17,132.83,66.0,509.0,,,,,,
2026-02-23 16:00,37.67,85.0,55.67,183.33,,134.17,34.33,152.0,162.5,110.0,55.0,192.0,204.5,112.67,130.17,45.17,48.67,31.83,199.67,,,,,,
2026-02-23 17:00,3.83,11.0,4.67,10.0,,17.33,6.0,16.67,19.33,11.33,12.0,19.33,18.67,27.17,11.33,9.0,1.67,11.5,10.5,,,,,,
2026-02-23 18:00,0.0,0.0,0.0,0.0,,0.0,0.0,0.0,,0.0,0.0,0.0,0.0,0.0,0.0,0.5,0.0,0.0,0.0,,,,,,
2026-02-23 19:00,0.0,0.0,0.0,0.0,,0.0,0.0,0.0,,0.0,0.0,0.0,0.0,0.0,0.0,0.17,0.0,0.0,0.0,,,,,,
2026-02-23 20:00,0.0,0.0,0.0,0.0,,0.0,0.0,0.0,,0.0,0.0,0.0,0.0,0.0,0.0,0.0,0.0,0.0,0.0,,,,,,
2026-02-23 21:00,0.0,0.0,0.0,0.0,,0.0,0.0,0.0,,0.0,0.0,0.0,0.67,0.0,0.0,0.17,0.0,0.0,0.0,,,,,,
2026-02-23 22:00,0.0,0.0,0.0,0.0,,0.0,0.0,0.0,,0.0,0.0,0.0,0.33,0.0,0.0,0.17,0.0,0.0,0.0,,,,,,
2026-02-23 23:00,0.0,0.0,0.0,0.0,,0.0,0.0,0.0,,0.0,0.0,0.0,0.83,0.0,0.0,0.33,0.0,0.0,0.0,,,,,,
2026-02-24 00:00,0.0,0.0,0.0,0.0,,0.0,0.0,0.0,,0.0,0.0,0.0,1.0,0.0,0.0,0.33,0.0,0.0,0.0,,,,,,
2026-02-24 01:00,0.0,0.0,0.0,0.0,,0.0,0.0,0.0,,0.0,0.0,0.0,0.83,0.0,0.0,0.17,0.0,0.17,0.0,,,,,,
2026-02-24 02:00,0.0,0.0,0.0,0.0,,0.0,0.0,0.0,,0.0,0.0,0.0,0.83,0.0,0.0,0.0,0.0,0.0,0.0,,,,,,
2026-02-24 03:00,0.0,0.0,0.0,0.0,,0.0,0.0,0.0,,0.0,0.0,0.0,0.33,0.0,0.0,0.0,0.0,0.0,0.0,,,,,,
2026-02-24 04:00,0.0,0.0,0.0,0.0,,0.0,0.0,0.0,,0.0,0.0,0.0,0.5,0.0,0.0,0.0,0.0,0.0,0.0,,,,,,
2026-02-24 05:00,0.0,0.0,0.0,0.0,,0.0,0.0,0.0,,0.0,0.0,0.0,1.0,0.0,0.0,0.17,0.0,0.0,0.0,,,,,,
2026-02-24 06:00,18.17,49.5,26.33,28.33,,5.5,5.0,34.17,,9.83,5.17,9.5,3.67,12.67,16.83,26.83,17.67,31.67,7.0,,,,,,
2026-02-24 07:00,53.33,131.83,52.67,52.33,,47.83,59.83,55.17,,111.17,52.33,95.5,148.33,179.83,90.67,155.5,101.67,103.83,119.0,,,,,,
2026-02-24 08:00,158.5,268.33,212.83,358.0,,122.5,174.5,155.17,281.5,311.33,223.0,379.5,437.83,402.5,402.83,243.17,255.5,391.83,250.17,,,,,,
2026-02-24 09:00,547.0,582.67,531.0,638.0,,278.67,580.5,486.5,292.17,594.33,321.17,456.33,381.83,476.17,532.5,579.5,440.67,520.33,559.33,,,,,,
2026-02-24 10:00,726.83,375.0,677.83,709.17,,385.83,531.33,566.17,380.83,535.0,490.33,344.67,697.17,649.83,472.17,660.17,452.83,695.67,349.5,,,,,,
2026-02-24 11:00,749.67,430.0,798.33,503.0,,592.0,725.83,584.0,141.83,524.67,669.83,467.67,580.17,813.5,667.83,642.17,572.33,648.67,643.83,,,,,,
2026-02-24 12:00,897.67,690.0,917.33,747.17,,732.83,777.33,422.5,386.17,497.33,761.17,654.33,806.5,790.17,525.0,495.0,752.5,800.33,168.83,,,,,,
2026-02-24 13:00,822.0,559.17,564.67,714.8,,583.33,724.17,296.83,456.4,582.5,647.67,647.17,616.17,682.0,539.0,626.67,652.67,758.17,216.67,,,,,,
2026-02-24 14:00,552.67,440.83,248.5,555.17,,524.5,473.17,419.17,153.67,441.67,494.67,467.33,643.17,191.5,399.83,615.17,564.5,473.83,386.67,,,,,,
2026-02-24 15:00,265.17,401.17,294.67,104.0,,364.0,424.67,354.33,280.0,285.17,336.83,412.17,396.33,374.17,52.33,381.5,413.67,330.17,238.5,,,,,,
2026-02-24 16:00,192.0,209.17,62.5,73.83,,121.17,201.0,276.83,247.5,116.67,225.17,218.67,164.17,156.5,80.17,74.5,226.33,138.67,192.5,,,,,,
2026-02-24 17:00,28.5,11.33,11.17,5.33,,34.5,14.83,50.17,17.5,14.33,42.0,22.83,44.83,8.17,15.83,16.33,28.0,24.67,33.0,,,,,,
2026-02-24 18:00,0.0,0.0,0.0,0.0,,0.0,0.0,0.0,0.0,0.0,0.0,0.0,0.0,0.0,0.0,0.0,0.0,0.0,0.0,,,,,,
2026-02-24 19:00,0.0,0.0,0.0,0.0,,0.0,0.0,0.0,,0.0,0.0,0.0,0.0,0.0,0.0,0.0,0.0,0.0,0.0,,,,,,
2026-02-24 20:00,0.0,0.0,0.0,0.0,,0.0,0.0,0.0,,0.0,0.0,0.0,0.0,0.0,0.0,0.0,0.0,0.0,0.0,,,,,,
2026-02-24 21:00,0.0,0.0,0.0,0.0,,0.0,0.0,0.0,,0.0,0.0,0.0,0.0,0.0,0.0,0.0,0.0,0.0,0.0,,,,,,
2026-02-24 22:00,0.0,0.0,0.0,0.0,,0.0,0.0,0.0,,0.0,0.0,0.0,0.0,0.0,0.0,0.0,0.0,0.0,0.0,,,,,,
2026-02-24 23:00,0.0,0.0,0.0,0.0,,0.0,0.0,0.0,,0.0,0.0,0.0,0.0,0.0,0.0,0.0,0.0,0.0,0.0,,,,,,
2026-02-25 00:00,0.0,0.0,0.0,0.0,,0.0,0.0,0.0,,0.0,0.0,0.0,0.0,0.0,0.0,0.0,0.0,0.0,0.0,,,,,,
2026-02-25 01:00,0.0,0.0,0.0,0.0,,0.0,0.0,0.0,,0.0,0.0,0.0,0.0,0.0,0.0,0.0,0.0,0.0,0.0,,,,,,
2026-02-25 02:00,0.0,0.0,0.0,0.0,,0.0,0.0,0.0,,0.0,0.0,0.0,0.0,0.0,0.0,0.0,0.0,0.0,0.0,,,,,,
2026-02-25 03:00,0.0,0.0,0.0,0.0,,0.0,0.0,0.0,,0.0,0.0,0.0,0.0,0.0,0.0,0.0,0.0,0.0,0.0,,,,,,
2026-02-25 04:00,0.0,0.0,0.0,0.0,,0.0,0.0,0.0,,0.0,0.0,0.0,0.0,0.0,0.0,0.0,0.0,0.0,0.0,,,,,,
2026-02-25 05:00,0.0,0.0,0.0,0.0,,0.0,0.0,0.0,,0.0,0.0,0.0,0.0,0.0,0.0,0.0,0.0,0.0,0.0,,,,,,
2026-02-25 06:00,13.67,7.0,12.5,21.83,,15.17,24.67,18.67,,11.67,15.0,13.0,25.0,13.67,14.33,17.83,6.67,15.5,23.5,,,,,,
2026-02-25 07:00,95.33,32.0,111.17,211.83,,191.33,114.5,97.0,235.5,129.5,132.33,131.83,101.83,133.0,164.17,82.5,48.17,145.67,195.67,,,,,,
2026-02-25 08:00,282.0,246.0,376.17,345.0,,424.0,391.17,375.83,415.33,433.33,329.33,372.5,303.33,173.83,321.67,306.17,215.17,361.83,420.5,,,,,,
2026-02-25 09:00,615.67,438.0,555.5,521.83,,620.33,583.17,604.83,611.33,618.67,551.17,611.83,591.83,539.33,379.0,540.0,357.0,430.17,619.0,,,,,,
2026-02-25 10:00,710.0,665.5,442.67,731.5,,760.33,506.67,703.5,671.67,729.83,796.67,743.33,724.33,723.83,463.67,561.83,387.67,411.67,766.33,,,,,,
2026-02-25 11:00,784.83,574.5,525.83,735.33,,839.33,524.0,758.33,605.0,799.67,406.67,748.83,654.25,535.4,704.33,398.0,480.33,709.83,844.67,,,,,,
2026-02-25 12:00,598.33,338.17,512.17,410.33,,841.83,405.17,814.33,795.0,772.0,412.0,616.0,587.33,815.5,744.8,673.83,463.83,597.33,854.17,,,,,,
2026-02-25 13:00,389.83,410.83,332.5,682.83,,772.33,368.17,607.17,783.33,716.33,400.33,702.67,790.67,737.17,734.83,490.67,406.5,497.17,790.67,,,,,,
2026-02-25 14:00,325.5,317.33,385.5,486.67,,644.17,218.67,631.33,636.67,619.83,427.5,605.67,587.17,605.83,578.17,358.5,134.33,395.5,659.17,,,,,,
2026-02-25 15:00,350.17,134.0,361.0,318.83,358.5,440.17,226.5,446.67,449.17,439.17,433.0,414.33,445.83,423.5,424.0,411.33,157.5,377.17,464.83,,,,,,
2026-02-25 16:00,198.67,39.67,41.33,163.67,158.17,219.83,115.0,225.83,223.5,120.67,208.5,204.83,202.83,206.0,154.33,249.5,130.33,188.67,235.67,,,,,,
2026-02-25 17:00,25.83,11.83,10.67,18.33,11.67,28.17,15.17,36.0,35.83,11.0,31.0,30.5,35.5,27.0,10.0,27.67,29.5,22.17,38.17,,,,,,
2026-02-25 18:00,0.0,0.0,0.0,0.0,0.0,0.0,0.0,0.0,0.0,0.0,0.0,0.0,0.0,0.0,0.0,0.0,0.0,0.0,0.0,,,,,,
2026-02-25 19:00,0.0,0.0,0.0,0.0,0.0,0.0,0.0,0.0,,0.0,0.0,0.0,0.0,0.0,0.0,0.0,0.0,0.0,0.0,,,,,,
2026-02-25 20:00,0.0,0.0,0.0,0.0,0.0,0.0,0.0,0.0,,0.0,0.0,0.0,0.0,0.0,0.0,0.0,0.0,0.0,0.0,,,,,,
2026-02-25 21:00,0.0,0.0,0.0,0.0,0.0,0.0,0.0,0.0,,0.0,0.0,0.0,0.0,0.0,0.0,0.0,0.0,0.0,0.0,,,,,,
2026-02-25 22:00,0.0,0.0,0.0,0.0,0.0,0.0,0.0,0.0,,0.0,0.0,0.0,0.0,0.0,0.0,0.0,0.0,0.0,0.0,,,,,,
2026-02-25 23:00,0.0,0.0,0.0,0.0,0.0,0.0,0.0,0.0,,0.0,0.0,0.0,0.0,0.0,0.0,0.0,0.0,0.0,0.0,,,,,,
2026-02-26 00:00,0.0,0.0,0.0,0.0,0.0,0.0,0.0,0.0,,0.0,0.0,0.0,0.0,0.0,0.0,0.0,0.0,0.0,0.0,,,,,,
2026-02-26 01:00,0.0,0.0,0.0,0.0,0.0,0.0,0.0,0.0,,0.0,0.0,0.0,0.0,0.0,0.0,0.0,0.0,0.0,0.0,,,,,,
2026-02-26 02:00,0.0,0.0,0.0,0.0,0.0,0.0,0.0,0.0,,0.0,0.0,0.0,0.0,0.0,0.0,0.5,0.0,0.0,0.0,,,,,,
2026-02-26 03:00,0.0,0.0,0.0,0.0,0.0,0.0,0.0,0.0,,0.0,0.0,0.0,0.0,0.0,0.0,1.0,0.0,0.0,0.0,,,,,,
2026-02-26 04:00,0.0,0.0,0.0,0.0,0.0,0.0,0.0,0.0,,0.0,0.0,0.0,0.0,0.0,0.0,1.0,0.0,0.0,0.0,,,,,,
2026-02-26 05:00,0.0,0.0,0.0,0.0,0.0,0.0,0.0,0.0,,0.0,0.0,0.0,0.0,0.0,0.0,0.67,0.0,0.0,0.0,,,,,,
2026-02-26 06:00,1.17,16.17,4.33,5.0,11.33,16.17,9.67,13.33,,12.67,2.17,17.5,23.17,6.33,5.67,1.83,9.33,4.5,22.67,,,,,,
2026-02-26 07:00,39.67,57.67,40.33,24.67,47.5,188.5,63.0,96.0,249.25,133.0,71.83,111.17,132.83,50.0,21.83,70.83,29.0,112.17,198.5,,,,,,
2026-02-26 08:00,108.5,83.67,145.0,27.0,68.33,406.5,139.33,161.67,218.67,428.33,165.5,168.17,84.0,167.0,26.5,207.83,69.5,220.0,365.5,,,,,,
2026-02-26 09:00,305.67,211.33,318.33,73.0,195.5,599.83,595.33,521.5,274.0,600.0,520.33,240.33,251.67,132.5,79.33,165.17,171.17,280.83,588.5,,,,,,
2026-02-26 10:00,232.5,752.5,675.0,51.17,170.0,734.33,733.17,284.33,710.33,704.17,710.83,208.5,108.33,446.17,80.67,230.83,626.83,431.5,735.33,,,,,,
2026-02-26 11:00,518.67,635.0,761.5,136.17,219.33,811.0,468.67,402.5,247.0,773.67,667.83,178.17,472.17,733.0,147.0,439.0,834.83,752.17,418.17,,,,,,
2026-02-26 12:00,720.0,495.5,478.17,330.67,403.17,812.0,487.17,183.0,372.83,748.83,483.5,589.67,837.4,829.33,349.83,823.83,687.67,554.17,493.5,,,,,,
2026-02-26 13:00,644.0,373.17,494.67,494.33,806.83,770.5,564.0,424.67,356.33,703.33,615.17,626.33,556.0,760.5,581.83,550.5,511.67,416.33,468.33,,,,,,
2026-02-26 14:00,547.33,186.0,564.5,315.5,429.0,653.5,336.33,568.5,529.17,614.33,530.83,446.17,480.0,453.0,379.5,282.83,383.83,376.83,581.5,,,,,,
2026-02-26 15:00,323.5,101.33,218.0,206.5,171.17,337.33,203.17,327.83,471.67,408.5,401.83,207.83,280.17,385.67,252.17,206.67,113.5,369.0,453.83,,,,,,
2026-02-26 16:00,127.5,40.67,70.5,131.83,96.83,214.33,50.67,208.5,147.0,131.5,144.0,143.33,186.5,190.83,107.17,133.17,25.17,185.83,154.5,,,,,,
2026-02-26 17:00,4.67,6.5,9.83,16.67,20.67,27.5,19.0,38.67,35.17,23.0,15.33,27.83,40.33,23.0,24.33,29.5,14.0,18.33,24.83,,,,,,
2026-02-26 18:00,0.0,0.0,0.0,0.0,0.0,0.0,0.0,0.0,0.5,0.0,0.0,0.0,0.0,0.0,0.0,0.0,0.0,0.0,0.0,,,,,,
2026-02-26 19:00,0.0,0.0,0.0,0.0,0.0,0.0,0.0,0.0,,0.0,0.33,0.0,0.0,0.0,0.0,0.0,0.0,0.33,0.0,,,,,,
2026-02-26 20:00,0.0,0.0,0.0,0.0,0.0,0.0,0.0,0.0,,0.0,0.0,0.0,0.0,0.0,0.0,0.83,0.0,0.67,0.0,,,,,,
2026-02-26 21:00,0.0,0.0,0.0,0.0,0.0,0.0,0.0,0.0,,0.0,0.0,0.0,0.0,0.0,0.0,1.0,0.0,0.0,0.0,,,,,,
2026-02-26 22:00,0.0,0.0,0.0,0.0,0.0,0.0,0.0,0.0,,0.0,0.0,0.0,0.0,0.0,0.0,0.0,0.0,0.0,0.0,,,,,,
2026-02-26 23:00,0.0,0.0,0.0,0.0,0.0,0.0,0.0,0.0,,0.0,0.0,0.0,0.0,0.0,0.0,0.0,0.0,0.0,0.0,,,,,,
2026-02-27 00:00,0.0,0.0,0.0,0.0,0.0,0.0,0.0,0.0,,0.0,0.0,0.0,0.0,0.0,0.0,0.0,0.0,0.0,0.0,,,,,,
2026-02-27 01:00,0.0,0.0,0.0,0.0,0.0,0.0,0.0,0.0,,0.0,0.0,0.0,0.0,0.0,0.0,0.0,0.0,0.0,0.0,,,,,,
2026-02-27 02:00,0.0,0.0,0.0,0.0,0.0,0.0,0.0,0.0,,0.0,0.0,0.0,0.0,0.0,0.0,0.67,0.17,0.0,0.0,,,,,,
2026-02-27 03:00,0.0,0.0,0.0,0.0,0.0,0.0,0.0,0.0,,0.0,0.0,0.0,0.5,0.0,0.0,0.67,0.0,0.67,0.0,,,,,,
2026-02-27 04:00,0.0,0.0,0.0,0.0,0.0,0.0,0.0,0.0,,0.0,0.0,0.0,1.0,0.0,0.0,0.67,0.0,0.0,0.0,,,,,,
2026-02-27 05:00,0.0,0.0,0.0,0.0,0.0,0.0,0.0,0.0,,0.0,0.0,0.0,1.0,0.0,0.0,0.67,0.0,0.0,0.0,,,,,,
2026-02-27 06:00,22.0,36.83,9.67,13.17,13.33,17.83,25.67,4.67,,10.67,20.0,6.83,13.5,22.17,8.83,10.67,30.0,11.67,8.5,,,,,,
2026-02-27 07:00,201.0,173.17,118.0,104.33,195.67,138.67,194.5,60.17,,85.17,205.67,177.0,198.0,151.17,84.0,145.33,201.33,161.67,55.83,,,,,,
2026-02-27 08:00,418.5,253.0,412.67,256.67,379.33,471.83,375.5,497.83,310.0,437.0,400.83,399.17,382.0,403.17,245.5,411.83,432.83,410.33,155.67,,,,,,
2026-02-27 09:00,623.83,418.5,512.5,525.17,521.17,199.0,538.33,286.0,350.67,412.5,565.33,369.67,611.67,528.0,590.67,636.17,622.5,601.5,528.5,,,,,,
2026-02-27 10:00,570.0,776.33,667.17,442.4,542.5,172.67,568.67,683.5,169.0,191.33,699.17,533.33,666.8,588.0,485.83,539.83,667.83,693.83,322.83,,,,,,
2026-02-27 11:00,709.75,725.67,553.5,652.0,723.17,177.83,677.67,793.17,478.5,350.5,735.5,829.83,812.0,719.33,688.67,534.67,848.33,709.0,592.83,,,,,,
2026-02-27 12:00,881.67,509.0,761.5,641.6,745.5,367.17,653.17,767.67,763.0,177.0,592.33,719.0,917.5,649.5,785.83,604.17,856.83,580.83,737.5,,,,,,
2026-02-27 13:00,737.67,413.17,738.83,621.5,779.0,468.83,617.67,492.5,712.83,404.83,494.0,664.83,845.33,782.33,600.33,557.0,375.67,538.33,563.0,,,,,,
2026-02-27 14:00,612.0,400.67,592.17,493.0,616.5,390.17,648.17,437.67,581.0,457.0,579.5,541.67,664.83,554.67,440.17,248.67,548.83,385.0,558.67,,,,,,
2026-02-27 15:00,371.17,380.0,255.33,255.33,324.17,180.17,453.0,378.17,341.0,299.67,428.17,347.0,476.33,366.0,349.83,401.67,427.83,405.17,450.67,,,,,,
2026-02-27 16:00,197.33,117.67,45.17,89.83,69.5,87.83,222.17,251.83,244.17,91.83,228.5,215.5,188.0,168.17,75.5,199.33,225.83,213.17,213.33,,,,,,
2026-02-27 17:00,27.0,34.17,12.0,18.67,11.17,20.17,26.67,48.33,36.83,22.0,42.67,28.5,35.83,23.0,30.5,23.67,24.67,32.67,42.0,,,,,,
2026-02-27 18:00,0.0,0.0,0.0,0.0,0.0,0.0,0.0,0.0,0.0,0.0,0.0,0.0,0.0,0.0,0.0,0.0,0.0,0.0,0.0,,,,,,
2026-02-27 19:00,0.0,0.0,0.0,0.0,0.0,0.0,0.0,0.0,,0.0,0.0,0.0,0.0,0.0,0.0,0.0,0.0,0.0,0.0,,,,,,
2026-02-27 20:00,0.0,0.0,0.0,0.0,0.0,0.0,0.0,0.0,,0.0,0.0,0.0,0.0,0.0,0.0,0.0,0.0,0.0,0.0,,,,,,
2026-02-27 21:00,0.0,0.0,0.0,0.0,0.0,0.0,0.0,0.0,,0.0,0.0,0.0,0.0,0.0,0.0,0.0,0.0,0.0,0.0,,,,,,
2026-02-27 22:00,0.0,0.0,0.0,0.0,0.0,0.0,0.0,0.0,,0.0,0.0,0.0,0.0,0.0,0.0,0.33,0.0,0.0,0.0,,,,,,
2026-02-27 23:00,0.0,0.0,0.0,0.0,0.0,0.0,0.0,0.0,,0.0,0.0,0.0,0.0,0.0,0.0,0.0,0.0,0.0,0.0,,,,,,
2026-02-28 00:00,0.0,0.0,0.0,0.0,0.0,0.0,0.0,0.0,,0.0,0.0,0.0,0.0,0.0,0.0,0.0,0.0,0.0,0.0,,,,,,
2026-02-28 01:00,0.0,0.0,0.0,0.0,0.0,0.0,0.0,0.0,,0.0,0.0,0.0,0.0,0.0,0.0,0.0,0.0,0.0,0.0,,,,,,
2026-02-28 02:00,0.0,0.0,0.0,0.0,0.0,0.0,0.0,0.0,,0.0,0.0,0.0,0.0,0.0,0.0,0.0,0.0,0.0,0.0,,,,,,
2026-02-28 03:00,0.0,0.0,0.0,0.0,0.0,0.0,0.0,0.0,,0.0,0.0,0.0,0.0,0.0,0.0,0.0,0.0,0.0,0.0,,,,,,
2026-02-28 04:00,0.0,0.0,0.0,0.0,0.0,0.0,0.0,0.0,,0.0,0.0,0.0,0.17,0.0,0.0,0.0,0.0,0.0,0.0,,,,,,
2026-02-28 05:00,0.0,0.0,0.0,0.0,0.0,0.0,0.0,0.0,,0.0,0.0,0.0,1.0,0.0,0.0,0.0,0.0,0.0,0.0,,,,,,
2026-02-28 06:00,28.5,49.5,11.0,29.33,29.17,21.0,28.17,14.17,,12.0,35.5,11.83,10.33,13.5,15.0,29.0,0.5,28.0,30.5,,,,,,
2026-02-28 07:00,201.5,224.83,118.0,139.17,222.83,214.17,201.33,100.67,272.5,142.67,220.0,77.5,84.83,103.83,117.5,213.33,,208.0,219.5,,,,,,
2026-02-28 08:00,413.17,445.17,419.17,424.17,446.17,450.0,419.67,219.5,350.0,460.5,418.33,274.17,320.83,192.17,448.33,431.67,460.2,418.0,448.83,,,,,,
2026-02-28 09:00,604.0,638.83,596.5,490.0,640.67,648.5,614.17,470.17,632.17,645.67,603.5,533.17,672.33,355.67,652.33,630.33,631.83,597.5,643.33,,,,,,
2026-02-28 10:00,748.17,783.83,735.67,532.0,715.0,793.33,537.83,752.67,784.0,750.5,753.17,753.83,760.83,461.0,234.5,708.17,759.5,737.33,807.83,,,,,,
2026-02-28 11:00,820.67,706.5,842.83,477.33,734.17,869.33,439.5,466.33,891.33,822.67,654.5,456.0,549.83,555.33,240.5,765.17,825.0,819.0,896.8,,,,,,
2026-02-28 12:00,826.0,196.33,853.33,417.5,568.17,871.17,275.33,634.33,754.67,794.0,331.5,393.83,278.17,550.0,263.5,736.5,585.5,790.67,818.5,,,,,,
2026-02-28 13:00,753.83,178.0,541.5,341.17,750.5,796.33,128.33,534.17,331.5,730.33,93.17,396.83,548.5,749.67,180.83,609.0,754.0,401.5,857.83,,,,,,
2026-02-28 14:00,610.5,535.83,257.67,231.5,528.0,668.67,467.17,691.5,316.83,634.17,121.5,541.17,252.83,645.17,163.5,365.67,628.83,553.83,427.83,,,,,,
2026-02-28 15:00,395.33,287.83,348.83,161.17,287.17,471.17,440.5,476.0,449.0,465.0,408.33,162.17,402.17,473.83,93.67,242.67,332.83,252.67,392.83,,,,,,
2026-02-28 16:00,59.33,57.17,112.0,92.83,128.83,241.5,124.5,240.67,272.33,147.33,260.67,203.67,214.17,229.5,50.67,203.17,111.33,214.67,316.5,,,,,,
2026-02-28 17:00,26.83,12.67,15.17,13.33,13.33,42.67,17.5,43.83,39.5,12.17,40.67,35.67,40.83,33.0,11.33,28.67,16.0,18.17,34.0,,,,,,
2026-02-28 18:00,0.0,0.0,0.0,0.0,0.0,0.0,0.0,0.0,0.0,0.0,0.0,0.0,0.0,0.0,0.0,0.0,0.0,0.0,0.0,,,,,,
2026-02-28 19:00,0.0,0.0,0.0,0.0,0.0,0.0,0.0,0.0,,0.0,0.0,0.0,0.0,0.0,0.0,0.0,0.0,0.0,0.0,,,,,,
2026-02-28 20:00,0.0,0.0,0.0,0.0,0.0,0.0,0.0,0.0,,0.0,0.0,0.0,0.0,0.0,0.0,0.0,0.0,0.0,0.0,,,,,,
2026-02-28 21:00,0.0,0.0,0.0,0.0,0.0,0.0,0.0,0.0,,0.0,0.0,0.0,0.0,0.0,0.0,0.0,0.0,0.0,0.0,,,,,,
2026-02-28 22:00,0.0,0.0,0.0,0.0,0.0,0.0,0.0,0.0,,0.0,0.0,0.0,0.0,0.0,0.0,0.0,0.0,0.0,0.0,,,,,,
2026-02-28 23:00,0.0,0.0,0.0,0.0,0.0,0.0,0.0,0.0,,0.0,0.0,0.0,0.0,0.0,0.0,0.0,0.0,0.0,0.0,,,,,,
2026-03-01 00:00,0.0,0.0,0.0,0.0,0.0,0.0,0.0,0.0,,0.0,0.0,0.0,0.0,0.0,0.0,0.0,0.0,0.0,0.0,,,,,,
2026-03-01 01:00,0.0,0.0,0.0,0.0,0.0,0.0,0.0,0.0,,0.0,0.0,0.0,0.0,0.0,0.0,0.0,0.0,0.0,0.0,,,,,,
2026-03-01 02:00,0.0,0.0,0.0,0.0,0.0,0.0,0.0,0.0,,0.0,0.0,0.0,0.0,0.0,0.0,0.0,0.0,0.0,0.0,,,,,,
2026-03-01 03:00,0.0,0.0,0.0,0.0,0.0,0.0,0.0,0.0,,0.0,0.0,0.0,0.0,0.0,0.0,0.0,0.0,0.0,0.0,,,,,,
2026-03-01 04:00,0.0,0.0,0.0,0.0,0.0,0.0,0.0,0.0,,0.0,0.0,0.0,0.0,0.0,0.0,0.0,0.0,0.0,0.0,,,,,,
2026-03-01 05:00,0.0,0.0,0.0,0.0,0.0,0.0,0.0,0.0,,0.0,0.0,0.0,0.0,0.0,0.0,0.0,0.0,0.0,0.0,,,,,,
2026-03-01 06:00,30.17,33.33,16.67,32.67,13.67,22.67,18.17,14.17,,13.33,26.67,25.83,44.33,35.67,10.5,29.67,34.67,29.33,29.17,,,,,,
2026-03-01 07:00,219.17,174.0,90.0,222.33,172.83,211.67,94.83,116.33,255.75,143.33,205.67,214.83,235.33,172.17,205.0,203.67,217.33,221.33,214.5,,,,,,
2026-03-01 08:00,424.5,446.0,339.33,442.83,423.83,446.67,359.5,477.33,442.83,450.17,378.67,440.17,491.0,372.67,431.67,421.0,433.67,393.33,444.17,,,,,,
2026-03-01 09:00,581.67,638.5,572.33,637.17,607.83,642.83,461.5,618.0,636.0,643.33,627.17,628.67,705.17,618.67,594.0,589.17,620.33,580.0,641.0,,,,,,
2026-03-01 10:00,726.0,778.0,717.0,315.0,743.5,784.67,660.33,768.33,766.17,750.83,650.5,768.67,837.17,756.5,340.33,706.5,745.5,719.83,788.33,,,,,,
2026-03-01 11:00,809.0,848.17,792.83,464.67,816.17,860.33,799.0,785.83,818.67,803.67,819.67,755.33,905.67,674.33,571.8,757.67,815.83,796.33,808.67,,,,,,
2026-03-01 12:00,818.67,766.83,805.17,410.33,829.5,861.5,571.0,742.67,634.67,824.33,731.83,751.17,753.0,837.17,261.83,839.17,818.67,814.33,881.33,,,,,,
2026-03-01 13:00,754.33,535.17,598.67,390.33,765.33,785.83,738.33,770.67,669.4,750.0,504.2,522.0,813.0,759.83,256.67,758.5,753.17,783.17,810.0,,,,,,
2026-03-01 14:00,548.67,344.17,304.33,340.17,621.33,657.5,515.17,604.67,646.33,619.17,54.67,645.67,677.83,624.83,218.17,568.83,672.0,634.17,682.0,,,,,,
2026-03-01 15:00,288.67,147.83,109.33,287.17,399.0,460.83,356.17,451.33,489.5,455.5,128.5,435.17,468.33,441.83,252.5,450.5,188.2,401.67,485.17,,,,,,
2026-03-01 16:00,106.5,70.83,72.33,88.17,85.5,233.83,221.5,240.17,179.67,146.33,197.5,220.17,206.67,222.67,104.5,213.17,128.0,155.0,229.5,,,,,,
2026-03-01 17:00,25.33,25.33,26.5,10.67,15.33,40.17,27.5,44.33,39.67,14.33,41.17,38.0,40.0,34.17,16.67,31.33,10.67,20.17,38.83,,,,,,
2026-03-01 18:00,0.0,0.0,0.0,0.0,0.0,0.0,0.0,0.0,0.0,0.0,0.0,0.0,0.0,0.0,0.0,0.0,0.0,0.0,0.0,,,,,,
2026-03-01 19:00,0.0,0.0,0.0,0.0,0.0,0.0,0.0,0.0,,0.0,0.0,0.0,0.0,0.0,0.0,0.0,0.0,0.0,0.0,,,,,,
2026-03-01 20:00,0.0,0.0,0.0,0.0,0.0,0.0,0.0,0.0,,0.0,0.0,0.0,0.0,0.0,0.0,0.0,0.0,0.0,0.0,,,,,,
2026-03-01 21:00,0.0,0.0,0.0,0.0,0.0,0.0,0.0,0.0,,0.0,0.0,0.0,0.0,0.0,0.0,0.0,0.0,0.0,0.0,,,,,,
2026-03-01 22:00,0.0,0.0,0.0,0.0,0.0,0.0,0.0,0.0,,0.0,0.0,0.0,0.0,0.0,0.0,0.0,0.0,0.0,0.0,,,,,,
2026-03-01 23:00,0.0,0.0,0.0,0.0,0.0,0.0,0.0,0.0,,0.0,0.0,0.0,0.0,0.0,0.0,0.0,0.0,0.0,0.0,,,,,,
2026-03-02 00:00,0.0,0.0,0.0,0.0,0.0,0.0,0.0,0.0,,0.0,0.0,0.0,0.0,0.0,0.0,0.0,0.0,0.0,0.0,,,,,,
2026-03-02 01:00,0.0,0.0,0.0,0.0,0.0,0.0,0.0,0.0,,0.0,0.0,0.0,0.0,0.0,0.0,0.0,0.0,0.0,0.0,,,,,,
2026-03-02 02:00,0.0,0.0,0.0,0.0,0.0,0.0,0.0,0.0,,0.0,0.0,0.0,0.0,0.0,0.0,0.0,0.0,0.0,0.0,,,,,,
2026-03-02 03:00,0.0,0.0,0.0,0.0,0.0,0.0,0.0,0.0,,0.0,0.0,0.0,0.0,0.0,0.0,0.0,0.0,0.0,0.0,,,,,,
2026-03-02 04:00,0.0,0.0,0.0,0.0,0.0,0.0,0.0,0.0,,0.0,0.0,0.0,0.0,0.0,0.0,0.0,0.0,0.0,0.0,,,,,,
2026-03-02 05:00,0.0,0.0,0.0,0.0,0.0,0.0,0.0,0.0,,0.0,0.0,0.0,0.0,0.0,0.0,0.0,0.0,0.0,0.0,,,,,,
2026-03-02 06:00,29.0,31.67,12.67,30.5,16.33,23.17,24.0,16.5,,15.17,26.17,25.17,30.33,24.5,13.0,29.83,33.0,27.67,29.5,,,,,,
2026-03-02 07:00,198.33,168.33,120.0,211.67,169.17,199.5,190.17,106.17,249.5,158.5,192.33,205.5,215.0,196.5,199.5,200.83,212.83,195.5,207.67,,,,,,
2026-03-02 08:00,408.0,426.17,395.5,432.5,404.83,428.5,403.0,395.67,431.0,434.83,408.17,424.5,451.0,411.17,420.5,417.5,426.17,403.5,435.33,,,,,,
2026-03-02 09:00,593.5,621.0,580.33,630.5,593.0,622.67,594.5,611.0,616.0,625.5,597.5,614.5,657.17,602.0,608.83,606.83,610.17,587.0,632.17,,,,,,
2026-03-02 10:00,731.67,761.83,723.5,769.5,732.33,766.33,732.67,755.33,748.33,734.5,738.0,754.33,805.83,739.0,743.17,702.5,736.5,723.67,771.0,,,,,,
2026-03-02 11:00,807.67,860.83,800.0,838.83,804.5,846.0,806.5,823.33,824.5,788.83,811.83,809.67,893.67,808.67,809.67,758.33,807.83,803.5,852.5,,,,,,
2026-03-02 12:00,814.5,444.5,806.67,839.0,799.83,847.83,810.17,823.0,827.67,809.83,668.17,798.0,751.17,808.5,805.83,816.5,841.17,809.83,857.83,,,,,,
2026-03-02 13:00,751.67,423.33,746.67,770.0,731.5,773.83,746.67,764.0,762.67,732.5,726.17,745.5,822.5,748.17,738.17,737.83,714.33,740.5,782.0,,,,,,
2026-03-02 14:00,602.67,437.5,539.33,628.33,591.0,645.33,608.33,640.33,634.5,599.17,327.67,611.17,668.0,616.67,572.33,592.17,225.5,605.0,645.17,,,,,,
2026-03-02 15:00,285.83,278.5,314.83,429.17,405.67,451.5,416.5,456.67,437.0,438.5,430.17,425.0,448.83,431.83,173.33,427.67,377.33,419.5,447.67,,,,,,
2026-03-02 16:00,145.0,204.17,57.33,179.67,177.67,223.5,202.5,233.83,222.83,150.33,214.33,215.67,208.33,218.17,207.0,213.83,203.17,199.0,226.0,,,,,,
2026-03-02 17:00,27.67,26.83,16.17,14.33,15.17,39.17,25.33,43.33,41.83,18.0,35.83,35.5,38.17,33.17,25.67,29.17,21.33,28.83,42.5,,,,,,
2026-03-02 18:00,0.0,0.0,0.0,0.0,0.0,0.0,0.0,0.0,0.0,0.0,0.0,0.0,0.0,0.0,0.0,0.0,0.0,0.0,0.0,,,,,,
2026-03-02 19:00,0.0,0.0,0.0,0.0,0.0,0.0,0.0,0.0,,0.0,0.0,0.0,0.0,0.0,0.0,0.0,0.0,0.0,0.0,,,,,,
2026-03-02 20:00,0.0,0.0,0.0,0.0,0.0,0.0,0.0,0.0,,0.0,0.0,0.0,0.0,0.0,0.0,0.0,0.0,0.0,0.0,,,,,,
2026-03-02 21:00,0.0,0.0,0.0,0.0,0.0,0.0,0.0,0.0,,0.0,0.0,0.0,0.0,0.0,0.0,0.0,0.0,0.0,0.0,,,,,,
2026-03-02 22:00,0.0,0.0,0.0,0.0,0.0,0.0,0.0,0.0,,0.0,0.0,0.0,0.0,0.0,0.0,0.0,0.0,0.0,0.0,,,,,,
2026-03-02 23:00,0.0,0.0,0.0,0.0,0.0,0.0,0.0,0.0,,0.0,0.0,0.0,0.0,0.0,0.0,0.0,0.0,0.0,0.0,,,,,,
2026-03-03 00:00,0.0,0.0,0.0,0.0,0.0,0.0,0.0,0.0,,0.0,0.0,0.0,0.0,0.0,0.0,0.0,0.0,0.0,0.0,,,,,,
2026-03-03 01:00,0.0,0.0,0.0,0.0,0.0,0.0,0.0,0.0,,0.0,0.0,0.0,0.0,0.0,0.0,0.0,0.0,0.0,0.0,,,,,,
2026-03-03 02:00,0.0,0.0,0.0,0.0,0.0,0.0,0.0,0.0,,0.0,0.0,0.0,0.0,0.0,0.0,0.0,0.0,0.0,0.0,,,,,,
2026-03-03 03:00,0.0,0.0,0.0,0.0,0.0,0.0,0.0,0.0,,0.0,0.0,0.0,0.0,0.0,0.0,0.0,0.0,0.0,0.0,,,,,,
2026-03-03 04:00,0.0,0.0,0.0,0.0,0.0,0.0,0.0,0.0,,0.0,0.0,0.0,0.0,0.0,0.0,0.0,0.0,0.0,0.0,,,,,,
2026-03-03 05:00,0.0,0.0,0.0,0.0,0.0,0.0,0.0,0.0,,0.0,0.0,0.0,0.0,0.0,0.0,0.0,0.0,0.0,0.0,,,,,,
2026-03-03 06:00,32.83,38.83,13.67,33.17,16.17,25.0,28.17,17.33,,17.5,30.33,26.17,30.5,29.17,13.33,33.33,37.67,30.33,29.5,,,,,,
2026-03-03 07:00,214.17,190.33,133.0,222.67,176.33,203.0,206.0,111.67,248.75,151.83,204.67,203.5,215.17,202.5,210.5,213.17,224.67,204.33,206.17,,,,,,
2026-03-03 08:00,427.33,439.5,419.0,446.17,422.5,425.5,427.17,403.83,433.67,427.83,422.83,424.17,457.67,423.0,436.0,433.67,439.33,420.33,429.67,,,,,,
2026-03-03 09:00,616.67,644.17,602.83,642.5,611.67,624.17,615.33,604.0,626.0,620.67,612.67,616.83,668.67,611.67,620.83,626.0,624.17,604.67,629.17,,,,,,
2026-03-03 10:00,756.0,783.5,742.83,778.67,751.0,775.33,753.0,746.83,760.17,730.33,755.17,763.5,820.0,751.0,749.5,724.33,755.17,738.83,776.33,,,,,,
2026-03-03 11:00,825.0,852.83,818.33,848.33,822.33,857.67,822.67,835.33,835.33,785.0,825.67,826.33,911.17,818.5,815.67,781.67,822.0,817.83,853.83,,,,,,
2026-03-03 12:00,826.83,850.33,823.83,848.0,824.17,867.5,821.0,844.0,840.17,809.5,826.33,825.0,923.83,820.83,814.67,836.17,823.5,821.5,856.67,,,,,,
2026-03-03 13:00,759.67,736.17,754.83,778.83,756.17,796.67,749.33,776.5,769.83,732.83,757.67,763.33,844.17,754.33,640.33,755.5,755.0,750.5,784.83,,,,,,
2026-03-03 14:00,600.5,638.5,613.33,545.0,621.83,658.17,615.0,646.0,636.17,606.83,626.5,630.17,686.5,617.33,618.5,608.5,620.67,611.67,642.67,,,,,,
2026-03-03 15:00,281.17,444.0,346.5,437.17,428.67,459.67,430.33,455.33,448.0,444.17,440.67,435.17,469.67,428.83,419.17,441.83,427.17,427.17,454.17,,,,,,
2026-03-03 16:00,148.0,187.33,61.17,174.5,174.83,229.67,209.5,230.83,223.17,154.33,216.83,215.0,210.0,210.5,201.67,214.33,207.0,209.0,227.67,,,,,,
2026-03-03 17:00,27.5,27.17,19.83,17.33,16.83,36.83,28.17,43.33,38.5,16.0,36.33,35.67,38.83,32.5,26.33,29.33,21.17,29.67,39.33,,,,,,
2026-03-03 18:00,0.0,0.0,0.0,0.0,0.0,0.0,0.0,0.0,0.0,0.0,0.0,0.0,0.0,0.0,0.0,0.0,0.0,0.0,0.0,,,,,,
2026-03-03 19:00,0.0,0.0,0.0,0.0,0.0,0.0,0.0,0.0,,0.0,0.0,0.0,0.0,0.0,0.0,0.0,0.0,0.0,0.0,,,,,,
2026-03-03 20:00,0.0,0.0,0.0,0.0,0.0,0.0,0.0,0.0,,0.0,0.0,0.0,0.0,0.0,0.0,0.0,0.0,0.0,0.0,,,,,,
2026-03-03 21:00,0.0,0.0,0.0,0.0,0.0,0.0,0.0,0.0,,0.0,0.0,0.0,0.0,0.0,0.0,0.0,0.0,0.0,0.0,,,,,,
2026-03-03 22:00,0.0,0.0,0.0,0.0,0.0,0.0,0.0,0.0,,0.0,0.0,0.0,0.0,0.0,0.0,0.0,0.0,0.0,0.0,,,,,,
2026-03-03 23:00,0.0,0.0,0.0,0.0,0.0,0.0,0.0,0.0,,0.0,0.0,0.0,0.0,0.0,0.0,0.0,0.0,0.0,0.0,,,,,,
2026-03-04 00:00,0.0,0.33,0.0,0.0,0.0,0.0,0.0,0.0,,0.0,0.0,0.0,0.0,0.0,0.0,0.0,0.0,0.0,0.0,,,,,,
2026-03-04 01:00,0.0,0.0,0.0,0.0,0.0,0.0,0.0,0.0,,0.0,0.0,0.0,0.0,0.0,0.0,0.0,0.0,0.0,0.0,,,,,,
2026-03-04 02:00,0.0,0.0,0.0,0.0,0.0,0.0,0.0,0.0,,0.0,0.0,0.0,0.0,0.0,0.0,0.0,0.0,0.0,0.0,,,,,,
2026-03-04 03:00,0.0,0.17,0.0,0.0,0.0,0.0,0.0,0.0,,0.0,0.0,0.0,0.0,0.0,0.0,0.0,0.0,0.0,0.0,,,,,,
2026-03-04 04:00,0.0,0.0,0.0,0.0,0.0,0.0,0.0,0.0,,0.0,0.0,0.0,0.0,0.0,0.0,0.0,0.0,0.0,0.0,,,,,,
2026-03-04 05:00,0.0,0.0,0.0,0.0,0.0,0.0,0.0,0.0,,0.0,0.0,0.0,0.0,0.0,0.0,0.0,0.0,0.0,0.0,,,,,,
2026-03-04 06:00,15.0,27.83,14.0,35.5,24.0,28.0,21.33,21.17,,18.17,15.5,21.5,34.33,19.5,24.5,34.83,29.17,24.33,36.33,,,,,,
2026-03-04 07:00,92.0,88.0,113.0,215.67,88.0,209.33,166.0,127.5,245.33,159.83,113.0,207.83,222.67,115.5,152.33,155.83,130.5,131.67,209.67,,,,,,
2026-03-04 08:00,130.33,388.0,203.83,453.33,343.17,436.17,334.83,385.67,432.0,439.5,312.33,435.83,467.0,375.0,247.83,238.0,181.0,189.67,428.67,,,,,,
2026-03-04 09:00,528.83,360.5,476.17,533.17,552.83,630.17,566.83,550.0,627.0,628.5,523.17,603.5,547.83,328.0,391.83,470.33,278.0,536.5,574.33,,,,,,
2026-03-04 10:00,686.33,740.5,645.33,523.83,684.67,776.17,635.83,501.5,763.33,734.17,529.5,558.33,565.33,372.67,541.67,453.33,691.33,673.0,643.33,,,,,,
2026-03-04 11:00,577.33,763.33,491.0,522.0,745.5,854.83,748.0,769.67,875.33,785.0,535.17,604.5,838.17,477.67,321.5,709.33,443.17,554.0,816.5,,,,,,
2026-03-04 12:00,558.5,488.67,532.17,653.33,680.5,865.17,690.33,653.33,702.75,803.17,736.5,681.5,703.33,402.67,451.5,455.33,668.67,662.5,846.83,,,,,,
2026-03-04 13:00,534.67,226.33,607.17,656.17,251.33,787.5,624.83,654.17,813.17,722.17,664.0,623.5,765.17,696.17,484.33,499.33,406.83,739.83,790.83,,,,,,
2026-03-04 14:00,577.83,482.33,574.83,399.67,447.67,651.67,496.33,657.33,467.83,592.5,427.5,605.33,456.5,620.33,530.0,577.0,234.5,545.33,671.33,,,,,,
2026-03-04 15:00,291.5,302.67,310.33,283.67,454.5,447.0,373.5,413.67,203.0,409.0,331.83,478.0,348.17,443.0,160.0,353.33,,355.33,467.33,,,,,,
2026-03-04 16:00,158.17,45.17,62.17,105.17,187.5,216.17,132.83,238.5,145.17,164.67,162.83,209.5,216.17,224.33,112.33,202.17,68.6,197.5,188.5,,,,,,
2026-03-04 17:00,37.17,2.0,14.67,19.33,22.67,31.33,11.33,40.17,37.0,21.17,18.33,35.83,34.5,30.83,19.67,30.67,21.0,31.67,38.5,,,,,,
2026-03-04 18:00,0.0,0.0,0.0,0.0,0.0,0.0,0.0,0.0,0.0,0.0,0.0,0.0,0.0,0.0,0.0,0.0,0.0,0.0,0.0,,,,,,
2026-03-04 19:00,0.0,0.0,0.0,0.0,0.0,0.0,0.0,0.0,,0.0,0.0,0.0,0.0,0.0,0.0,0.0,0.0,0.0,0.0,,,,,,
2026-03-04 20:00,0.0,0.0,0.0,0.0,0.0,0.0,0.0,0.0,,0.0,0.0,0.0,0.0,0.0,0.0,0.0,0.0,0.0,0.0,,,,,,
2026-03-04 21:00,0.0,0.0,0.0,0.0,0.0,0.0,0.0,0.0,,0.0,0.0,0.0,0.0,0.0,0.0,0.5,0.0,0.17,0.0,,,,,,
2026-03-04 22:00,0.0,0.0,0.0,0.0,0.0,0.0,0.0,0.0,,0.0,0.0,0.0,0.0,0.0,0.0,0.17,0.0,0.0,0.0,,,,,,
2026-03-04 23:00,0.0,0.0,0.0,0.0,0.0,0.0,0.0,0.0,,0.0,0.0,0.0,0.0,0.0,0.0,0.0,0.0,0.0,0.0,,,,,,
2026-03-05 00:00,0.0,0.0,0.0,0.0,0.0,0.0,0.0,0.0,,0.0,0.0,0.0,0.0,0.0,0.0,0.0,0.0,0.0,0.0,,,,,,
2026-03-05 01:00,0.0,0.0,0.0,0.0,0.0,0.0,0.0,0.0,,0.0,0.0,0.0,0.0,0.0,0.0,0.0,0.0,0.0,0.0,,,,,,
2026-03-05 02:00,0.0,0.0,0.0,0.0,0.0,0.0,0.0,0.0,,0.0,0.0,0.0,0.17,0.0,0.0,0.0,0.0,0.0,0.0,,,,,,
2026-03-05 03:00,0.0,0.0,0.0,0.0,0.0,0.0,0.0,0.0,,0.0,0.0,0.0,0.0,0.0,0.0,0.0,0.0,0.0,0.0,,,,,,
2026-03-05 04:00,0.0,0.0,0.0,0.0,0.0,0.0,0.0,0.0,,0.0,0.0,0.0,0.0,0.0,0.0,0.0,0.0,0.0,0.0,,,,,,
2026-03-05 05:00,0.0,0.0,0.0,0.0,0.0,0.0,0.0,0.0,,0.0,0.0,0.0,0.0,0.0,0.0,0.0,0.0,0.0,0.0,,,,,,
2026-03-05 06:00,39.33,46.5,14.5,41.17,20.17,29.5,36.0,22.67,,21.67,37.67,32.33,24.83,36.33,17.33,39.33,48.33,38.0,20.67,,,,,,
2026-03-05 07:00,229.17,222.33,142.83,229.83,195.5,205.33,218.67,127.33,263.75,170.83,221.0,224.83,201.0,205.5,217.5,223.5,246.5,223.83,200.0,,,,,,
2026-03-05 08:00,445.67,458.17,443.83,457.0,422.67,444.83,441.5,432.17,447.17,451.67,440.67,438.17,469.67,433.17,439.83,447.0,454.17,438.5,448.0,,,,,,
2026-03-05 09:00,636.33,665.17,626.5,616.0,619.83,644.17,635.0,637.17,636.17,645.83,633.5,619.5,680.5,616.5,621.0,646.17,637.17,622.17,517.17,,,,,,
2026-03-05 10:00,766.83,808.33,758.67,370.17,761.17,797.67,778.33,721.5,590.0,749.0,774.33,845.67,885.67,756.33,589.5,753.0,769.67,755.5,757.83,,,,,,
2026-03-05 11:00,834.5,879.0,846.5,594.4,798.5,877.83,856.17,533.0,708.5,802.17,849.17,883.83,936.83,563.67,851.5,809.17,838.83,829.17,798.5,,,,,,
2026-03-05 12:00,852.67,868.33,847.0,642.0,818.67,885.83,859.83,483.33,706.8,822.33,852.17,709.67,669.17,851.0,819.5,859.33,835.17,838.5,721.83,,,,,,
2026-03-05 13:00,789.83,789.5,772.33,453.67,748.0,813.33,787.17,427.67,644.5,734.83,781.83,646.17,717.5,773.67,752.0,782.5,771.83,764.33,784.83,,,,,,
2026-03-05 14:00,615.5,672.33,623.0,641.5,615.0,687.17,649.67,583.33,658.0,612.5,652.5,631.33,669.83,638.17,623.17,628.67,640.33,632.83,635.5,,,,,,
2026-03-05 15:00,295.17,457.67,331.5,452.67,430.5,529.0,460.67,448.0,453.67,446.0,463.33,441.33,466.67,452.67,438.5,462.67,517.0,453.5,476.83,,,,,,
2026-03-05 16:00,155.83,205.17,64.0,176.33,188.83,257.5,236.33,234.0,230.67,175.5,241.33,221.17,225.83,233.33,221.67,233.5,212.4,226.5,239.5,,,,,,
2026-03-05 17:00,34.0,36.0,22.17,18.5,19.67,42.33,35.83,47.33,43.17,24.83,45.0,43.67,44.0,38.67,33.67,36.67,27.17,38.17,44.5,,,,,,
2026-03-05 18:00,0.0,0.0,0.0,0.0,0.0,0.0,0.0,0.0,0.0,0.0,0.0,0.0,0.0,0.0,0.0,0.0,0.0,0.0,0.0,,,,,,
2026-03-05 19:00,0.0,0.0,0.0,0.0,0.0,0.0,0.0,0.0,,0.0,0.0,0.0,0.0,0.0,0.0,0.0,0.0,0.0,0.0,,,,,,
2026-03-05 20:00,0.0,0.0,0.0,0.0,0.0,0.0,0.0,0.0,,0.0,0.0,0.0,0.0,0.0,0.0,0.0,0.0,0.0,0.0,,,,,,
2026-03-05 21:00,0.0,0.0,0.0,0.0,0.0,0.0,0.0,0.0,,0.0,0.0,0.0,0.0,0.0,0.0,0.0,0.0,0.0,0.0,,,,,,
2026-03-05 22:00,0.0,0.0,0.0,0.0,0.0,0.0,0.0,0.0,,0.0,0.0,0.0,0.0,0.0,0.0,0.0,0.0,0.0,0.0,,,,,,
2026-03-05 23:00,0.0,0.0,0.0,0.0,0.0,0.0,0.0,0.0,,0.0,0.0,0.0,0.0,0.0,0.0,0.0,0.0,0.0,0.0,,,,,,
2026-03-06 00:00,0.0,0.0,0.0,0.0,0.0,0.0,0.0,0.0,,0.0,0.0,0.0,0.0,0.0,0.0,0.0,0.0,0.0,0.0,,,,,,
2026-03-06 01:00,0.0,0.0,0.0,0.0,0.0,0.0,0.0,0.0,,0.0,0.0,0.0,0.0,0.0,0.0,0.0,0.0,0.0,0.0,,,,,,
2026-03-06 02:00,0.0,0.0,0.0,0.0,0.0,0.0,0.0,0.0,,0.0,0.0,0.0,0.0,0.0,0.0,0.0,0.0,0.0,0.0,,,,,,
2026-03-06 03:00,0.0,0.0,0.0,0.0,0.0,0.0,0.0,0.0,,0.0,0.0,0.0,0.0,0.0,0.0,0.0,0.0,0.0,0.0,,,,,,
2026-03-06 04:00,0.0,0.0,0.0,0.0,0.0,0.0,0.0,0.0,,0.0,0.0,0.0,0.0,0.0,0.0,0.0,0.0,0.0,0.0,,,,,,
2026-03-06 05:00,0.0,0.0,0.0,0.0,0.0,0.0,0.0,0.0,,0.0,0.0,0.0,0.0,0.0,0.0,0.0,0.0,0.0,0.0,,,,,,
2026-03-06 06:00,37.83,45.0,18.83,41.5,21.67,32.83,33.83,25.83,,20.17,35.0,37.67,41.33,35.83,17.67,40.17,47.0,36.33,37.17,,,,,,
2026-03-06 07:00,216.17,218.67,145.5,240.0,204.17,220.17,214.67,133.67,270.75,174.67,216.17,230.67,239.67,221.0,226.67,224.67,242.17,215.83,230.17,,,,,,
2026-03-06 08:00,428.33,454.0,425.17,466.17,425.0,452.0,429.33,435.67,455.33,461.0,437.67,453.0,486.33,439.67,449.5,442.83,455.67,429.33,458.17,,,,,,
2026-03-06 09:00,622.83,653.17,611.5,658.17,619.33,652.0,610.17,635.5,644.83,651.5,541.83,645.0,694.17,623.0,628.83,595.17,633.33,581.0,657.67,,,,,,
2026-03-06 10:00,749.0,799.67,736.17,781.83,753.17,800.5,764.33,779.83,793.17,753.33,764.0,782.17,837.33,761.5,755.0,709.17,772.83,712.5,808.67,,,,,,
2026-03-06 11:00,834.67,856.0,820.67,846.67,827.5,875.5,827.83,837.5,861.17,805.0,833.83,836.5,928.67,835.5,817.0,807.83,820.5,821.5,830.83,,,,,,
2026-03-06 12:00,827.0,805.5,811.67,840.83,821.33,879.83,814.83,841.17,850.17,825.83,834.5,809.0,909.17,832.33,810.33,846.17,821.33,830.17,752.5,,,,,,
2026-03-06 13:00,727.33,742.5,717.67,778.5,745.5,812.67,740.17,784.5,803.5,738.33,742.67,761.67,738.17,751.67,747.0,763.67,763.83,750.67,823.17,,,,,,
2026-03-06 14:00,596.83,622.67,604.33,560.83,576.33,677.33,592.0,683.17,645.33,612.5,614.0,574.5,627.83,612.67,553.5,596.67,606.17,604.33,684.83,,,,,,
2026-03-06 15:00,309.0,414.0,316.33,329.5,378.5,484.17,417.83,503.17,492.0,456.67,407.5,421.0,374.33,378.0,324.67,392.83,394.83,355.0,479.17,,,,,,
2026-03-06 16:00,162.67,199.67,86.17,153.67,164.0,243.83,229.17,256.67,257.67,182.0,230.33,260.17,239.17,219.5,196.5,198.0,208.83,203.5,258.67,,,,,,
2026-03-06 17:00,36.5,36.0,22.17,30.17,42.17,46.33,36.5,49.5,45.5,18.5,44.83,37.0,38.33,50.17,39.17,39.5,29.0,36.5,48.5,,,,,,
2026-03-06 18:00,0.0,0.0,0.0,0.0,0.0,0.0,0.0,0.0,0.0,0.0,0.0,0.0,0.0,0.0,0.0,0.0,0.0,0.0,0.0,,,,,,
2026-03-06 19:00,0.0,0.0,0.0,0.0,0.0,0.0,0.0,0.0,,0.0,0.0,0.0,0.0,0.0,0.0,0.0,0.0,0.0,0.0,,,,,,
2026-03-06 20:00,0.0,0.0,0.0,0.0,0.0,0.0,0.0,0.0,,0.0,0.0,0.0,0.0,0.0,0.0,0.0,0.0,0.0,0.0,,,,,,
2026-03-06 21:00,0.0,0.0,0.0,0.0,0.0,0.0,0.0,0.0,,0.0,0.0,0.0,0.0,0.0,0.0,0.0,0.0,0.0,0.0,,,,,,
2026-03-06 22:00,0.0,0.0,0.0,0.0,0.0,0.0,0.0,0.0,,0.0,0.0,0.0,0.0,0.0,0.0,0.0,0.0,0.0,0.0,,,,,,
2026-03-06 23:00,0.0,0.0,0.0,0.0,0.0,0.0,0.0,0.0,,0.0,0.0,0.0,0.0,0.0,0.0,0.0,0.0,0.0,0.0,,,,,,
2026-03-07 00:00,0.0,0.0,0.0,0.0,0.0,0.0,0.0,0.0,,0.0,0.0,0.0,0.0,0.0,0.0,0.0,0.0,0.0,0.0,,,,,,
2026-03-07 01:00,0.0,0.0,0.0,0.0,0.0,0.0,0.0,0.0,,0.0,0.0,0.0,0.0,0.0,0.0,0.0,0.0,0.0,0.0,,,,,,
2026-03-07 02:00,0.0,0.0,0.0,0.0,0.0,0.0,0.0,0.0,,0.0,0.0,0.0,0.33,0.0,0.0,0.0,0.0,0.0,0.0,,,,,,
2026-03-07 03:00,0.0,0.0,0.0,0.0,0.0,0.0,0.0,0.0,,0.0,0.0,0.0,0.0,0.0,0.0,0.67,0.0,0.0,0.0,,,,,,
2026-03-07 04:00,0.0,0.0,0.0,0.0,0.0,0.0,0.0,0.0,,0.0,0.0,0.0,0.33,0.0,0.0,1.0,0.0,0.0,0.0,,,,,,
2026-03-07 05:00,0.0,0.0,0.17,0.0,0.0,0.0,0.0,0.0,,0.0,0.0,0.0,0.0,0.0,0.0,0.5,0.0,0.17,0.0,,,,,,
2026-03-07 06:00,8.0,48.67,11.33,44.0,18.33,32.83,46.17,27.5,,23.83,27.17,36.83,40.83,38.17,20.33,11.83,31.33,8.33,38.0,,,,,,
2026-03-07 07:00,51.17,170.67,66.17,244.67,171.83,211.83,106.17,141.67,267.0,176.67,219.17,227.5,242.83,235.17,223.33,83.5,140.33,112.5,225.17,,,,,,
2026-03-07 08:00,68.0,309.0,122.67,460.17,270.0,448.17,120.33,439.83,453.17,449.0,194.17,451.67,495.0,411.33,402.83,334.5,169.17,188.17,455.5,,,,,,
2026-03-07 09:00,183.0,558.5,180.17,658.17,259.67,654.0,564.17,623.67,648.83,644.83,298.67,639.83,705.83,552.67,508.17,135.5,316.0,129.67,673.17,,,,,,
2026-03-07 10:00,520.67,819.67,505.67,789.83,649.5,805.5,601.83,706.67,769.0,755.67,773.17,767.67,683.67,690.5,535.83,202.0,598.17,336.83,783.17,,,,,,
2026-03-07 11:00,370.5,303.33,422.5,561.5,814.0,876.17,418.33,658.17,694.5,807.0,597.17,650.33,946.5,514.17,397.33,727.33,239.5,744.17,854.17,,,,,,
2026-03-07 12:00,557.0,322.17,719.67,325.5,303.83,878.83,644.83,840.17,869.83,826.5,293.33,603.67,915.67,398.0,278.5,337.67,464.17,148.67,583.17,,,,,,
2026-03-07 13:00,765.5,241.67,803.83,158.17,429.17,812.33,473.33,684.33,590.8,737.83,469.0,579.0,687.17,370.0,166.0,128.17,763.67,159.17,489.5,,,,,,
2026-03-07 14:00,492.67,499.0,634.0,243.0,145.67,679.5,451.5,559.5,463.0,617.5,448.5,467.83,627.83,432.33,195.83,378.83,376.17,453.0,373.33,,,,,,
2026-03-07 15:00,265.83,404.17,330.83,306.17,256.5,480.67,444.0,345.67,496.83,460.0,390.0,466.0,511.83,377.17,304.83,461.0,330.0,365.33,460.5,,,,,,
2026-03-07 16:00,147.17,196.83,76.67,54.33,118.5,238.67,168.17,242.0,210.5,186.5,222.33,242.0,225.17,195.83,168.83,223.0,218.83,226.83,117.0,,,,,,
2026-03-07 17:00,30.17,37.17,20.67,35.0,17.67,46.33,39.17,73.67,27.4,18.83,30.67,34.33,15.33,28.5,59.33,35.17,28.17,34.0,22.33,,,,,,
2026-03-07 18:00,0.0,0.0,0.0,0.0,0.0,0.0,0.0,0.0,,0.0,0.0,0.0,0.0,0.0,0.0,0.0,0.0,0.0,0.0,,,,,,
2026-03-07 19:00,0.0,0.0,0.0,0.0,0.0,0.0,0.0,0.0,,0.0,0.0,0.0,0.5,0.0,0.0,0.0,0.0,0.0,0.0,,,,,,
2026-03-07 20:00,0.0,0.0,0.0,0.0,0.0,0.0,0.0,0.0,,0.0,0.0,0.0,0.17,0.0,0.0,0.0,0.0,0.0,0.0,,,,,,
2026-03-07 21:00,0.0,0.0,0.0,0.0,0.0,0.0,0.0,0.0,,0.0,0.0,0.0,0.0,0.0,0.0,0.17,0.0,0.0,0.0,,,,,,
2026-03-07 22:00,0.0,0.0,0.0,0.0,0.0,0.0,0.0,0.0,,0.0,0.0,0.0,0.0,0.0,0.0,0.0,0.0,0.0,0.0,,,,,,
2026-03-07 23:00,0.0,0.0,0.0,0.0,0.0,0.0,0.0,0.0,,0.0,0.0,0.0,0.0,0.0,0.0,0.0,0.0,0.0,0.0,,,,,,
2026-03-08 00:00,0.0,0.0,0.0,0.0,0.0,0.0,0.0,0.0,,0.0,0.0,0.0,0.0,0.0,0.0,0.0,0.0,0.0,0.0,,,,,,
2026-03-08 01:00,0.0,0.0,0.0,0.0,0.0,0.0,0.0,0.0,,0.0,0.0,0.0,0.33,0.0,0.0,0.0,0.0,0.0,0.0,,,,,,
2026-03-08 02:00,0.0,0.0,0.0,0.0,0.0,0.0,0.0,0.0,,0.0,0.0,0.0,0.0,0.0,0.0,0.0,0.0,0.0,0.0,,,,,,
2026-03-08 03:00,0.0,0.0,0.0,0.0,0.0,0.0,0.0,0.17,,0.0,0.0,0.0,0.0,0.0,0.0,0.0,0.0,0.0,0.0,,,,,,
2026-03-08 04:00,0.0,0.0,0.0,0.0,0.0,0.0,0.0,0.0,,0.0,0.0,0.0,0.0,0.0,0.0,0.0,0.0,0.0,0.0,,,,,,
2026-03-08 05:00,0.0,0.0,0.0,0.0,0.0,0.0,0.0,0.0,,0.0,0.0,0.0,0.0,0.0,0.0,0.0,0.0,0.0,0.0,,,,,,
2026-03-08 06:00,45.0,58.67,15.5,51.0,23.33,43.83,52.0,30.0,,26.33,47.33,42.67,48.67,32.83,16.0,52.5,59.33,49.5,31.67,,,,,,
2026-03-08 07:00,237.83,244.0,159.83,268.0,239.67,233.67,256.83,163.0,288.75,190.0,243.33,245.83,266.5,130.0,248.17,254.33,276.17,250.83,241.83,,,,,,
2026-03-08 08:00,469.5,489.5,465.17,499.17,464.33,453.67,464.5,454.17,476.33,461.5,466.17,475.5,525.33,489.0,499.0,471.17,498.83,466.0,477.0,,,,,,
2026-03-08 09:00,661.5,704.0,662.5,681.67,665.83,665.0,629.0,654.17,677.33,659.0,654.17,578.67,717.83,590.0,665.0,664.83,679.33,649.33,678.67,,,,,,
2026-03-08 10:00,789.5,842.5,810.0,831.33,786.17,757.5,770.33,803.17,796.67,763.67,565.17,659.17,744.83,777.0,781.17,673.0,,701.5,824.67,,,,,,
2026-03-08 11:00,865.33,906.17,852.33,896.67,853.83,829.0,850.0,890.83,793.83,709.67,865.0,666.33,797.5,867.67,878.5,807.0,893.0,846.67,913.67,,,,,,
2026-03-08 12:00,867.5,899.17,873.67,886.0,839.33,829.5,880.33,880.33,874.17,861.83,857.33,721.33,817.83,893.0,807.67,878.83,877.33,871.83,913.0,,,,,,
2026-03-08 13:00,788.67,825.83,807.0,808.17,812.33,789.17,809.83,775.67,857.83,745.67,780.67,805.67,901.0,807.33,782.33,810.67,810.33,803.67,836.17,,,,,,
2026-03-08 14:00,656.0,684.33,669.83,681.17,653.0,685.5,677.0,701.67,697.0,621.0,662.17,668.67,717.67,629.5,657.17,662.5,671.0,669.67,718.83,,,,,,
2026-03-08 15:00,439.33,491.67,321.0,485.0,465.17,491.83,474.0,494.67,496.83,467.5,480.33,481.83,518.5,479.17,473.67,496.17,471.5,480.83,502.67,,,,,,
2026-03-08 16:00,190.5,214.17,73.83,167.33,235.0,259.83,260.33,272.0,267.33,203.67,264.0,252.17,242.0,248.83,254.33,265.0,249.33,254.5,276.17,,,,,,
2026-03-08 17:00,39.67,43.5,19.0,15.17,17.0,54.17,35.0,59.0,57.83,16.67,51.67,47.83,39.5,52.0,31.83,43.33,29.33,45.83,57.5,,,,,,
2026-03-08 18:00,0.0,0.0,0.0,0.0,0.0,0.0,0.0,0.0,0.0,0.0,0.0,0.0,0.0,0.0,0.0,0.0,0.0,0.0,0.0,,,,,,
2026-03-08 19:00,0.0,0.0,0.0,0.0,0.0,0.0,0.0,0.0,,0.0,0.0,0.0,0.0,0.0,0.0,0.0,0.0,0.0,0.0,,,,,,
2026-03-08 20:00,0.0,0.0,0.0,0.0,0.0,0.0,0.0,0.0,,0.0,0.0,0.0,0.0,0.0,0.0,0.0,0.0,0.0,0.0,,,,,,
2026-03-08 21:00,0.0,0.0,0.0,0.0,0.0,0.0,0.0,0.0,,0.0,0.0,0.0,0.0,0.0,0.0,0.0,0.0,0.0,0.0,,,,,,
2026-03-08 22:00,0.0,0.0,0.0,0.0,0.0,0.0,0.0,0.0,,0.0,0.0,0.0,0.0,0.0,0.0,0.0,0.0,0.0,0.0,,,,,,
2026-03-08 23:00,0.0,0.0,0.0,0.0,0.0,0.0,0.0,0.0,,0.0,0.0,0.0,0.0,0.0,0.0,0.0,0.0,0.0,0.0,,,,,,
2026-03-09 00:00,0.0,0.0,0.0,0.0,0.0,0.0,0.0,0.0,,0.0,0.0,0.0,0.0,0.0,0.0,0.0,0.0,0.0,0.0,,,,,,
2026-03-09 01:00,0.0,0.0,0.0,0.0,0.0,0.0,0.0,0.0,,0.0,0.0,0.0,0.0,0.0,0.0,0.0,0.0,0.0,0.0,,,,,,
2026-03-09 02:00,0.0,0.0,0.0,0.0,0.0,0.0,0.0,0.0,,0.0,0.0,0.0,0.17,0.0,0.0,0.0,0.0,0.0,0.0,,,,,,
2026-03-09 03:00,0.0,0.0,0.0,0.0,0.0,0.0,0.0,0.0,,0.0,0.0,0.0,0.67,0.0,0.0,0.0,0.0,0.0,0.0,,,,,,
2026-03-09 04:00,0.0,0.0,0.0,0.0,0.0,0.0,0.0,0.0,,0.0,0.0,0.0,0.0,0.0,0.0,0.0,0.0,0.0,0.0,,,,,,
2026-03-09 05:00,0.0,0.0,0.0,0.0,0.0,0.0,0.0,0.0,,0.0,0.0,0.0,0.0,0.0,0.0,0.0,0.0,0.0,0.0,,,,,,
2026-03-09 06:00,44.33,80.67,16.17,55.5,28.17,41.83,48.5,35.0,,18.83,51.67,48.33,52.67,46.5,15.33,50.83,57.83,51.67,50.0,,,,,,
2026-03-09 07:00,216.5,262.83,167.5,273.17,252.67,253.33,250.83,192.0,278.8,205.17,251.83,254.17,273.0,244.33,250.33,251.83,269.0,254.17,256.5,,,,,,
2026-03-09 08:00,462.67,467.33,469.0,495.0,477.33,487.0,471.0,466.5,483.0,493.0,472.33,476.17,532.17,468.67,468.5,479.0,487.17,472.0,489.67,,,,,,
2026-03-09 09:00,662.0,686.17,650.83,635.5,659.83,691.0,664.67,658.67,672.5,680.17,659.5,666.83,831.67,657.67,609.83,671.67,667.17,657.83,687.0,,,,,,
2026-03-09 10:00,802.0,817.67,785.17,547.33,791.67,839.67,797.67,767.67,825.17,780.17,791.17,736.67,749.33,742.0,529.5,775.83,806.5,783.83,831.33,,,,,,
2026-03-09 11:00,875.67,879.67,813.5,527.17,861.33,909.33,870.0,691.0,793.6,839.33,763.0,775.67,517.0,662.83,636.67,836.33,872.67,849.83,917.5,,,,,,
2026-03-09 12:00,863.0,881.17,708.67,504.33,855.5,911.5,879.17,659.17,508.5,861.33,602.17,687.0,490.17,832.5,517.0,873.0,866.83,850.33,895.33,,,,,,
2026-03-09 13:00,787.17,789.5,797.83,784.83,784.83,845.33,810.17,796.17,649.25,764.33,808.67,801.5,540.33,804.17,453.67,764.0,792.33,770.33,805.5,,,,,,
2026-03-09 14:00,641.17,659.33,652.5,457.5,635.67,711.33,672.5,695.67,438.17,643.5,666.0,672.0,729.17,672.83,298.0,661.17,653.33,660.67,724.67,,,,,,
2026-03-09 15:00,241.67,473.0,319.33,401.5,374.67,511.83,440.5,497.83,295.33,492.5,444.0,485.83,521.0,479.67,259.5,488.0,471.17,470.5,481.5,,,,,,
2026-03-09 16:00,194.0,207.0,83.33,159.5,253.0,269.67,208.0,271.67,264.67,234.17,240.83,259.83,255.83,255.67,90.67,258.17,200.17,246.33,210.67,,,,,,
2026-03-09 17:00,39.17,40.67,19.83,18.33,22.33,57.17,22.83,59.0,57.17,16.33,53.33,53.0,53.67,46.0,22.33,44.83,29.5,46.17,60.67,,,,,,
2026-03-09 18:00,0.0,0.0,0.0,0.0,0.0,0.0,0.0,0.0,0.5,0.0,0.0,0.0,0.0,0.0,0.0,0.0,0.0,0.0,0.0,,,,,,
2026-03-09 19:00,0.0,0.0,0.0,0.0,0.0,0.0,0.0,0.0,,0.0,0.0,0.0,0.0,0.0,0.0,0.0,0.0,0.0,0.0,,,,,,
2026-03-09 20:00,0.0,0.0,0.0,0.0,0.0,0.0,0.0,0.0,,0.0,0.0,0.0,0.0,0.0,0.0,0.0,0.0,0.0,0.0,,,,,,
2026-03-09 21:00,0.0,0.0,0.0,0.0,0.0,0.0,0.0,0.0,,0.0,0.0,0.0,0.0,0.0,0.0,0.0,0.0,0.0,0.0,,,,,,
2026-03-09 22:00,0.0,0.0,0.0,0.0,0.0,0.0,0.0,0.0,,0.0,0.0,0.0,0.0,0.0,0.0,0.0,0.0,0.0,0.0,,,,,,
2026-03-09 23:00,0.0,0.0,0.0,0.0,0.0,0.0,0.0,0.0,,0.0,0.0,0.0,0.0,0.0,0.0,0.0,0.0,0.0,0.0,,,,,,
2026-03-10 00:00,0.0,0.0,0.0,0.0,0.0,0.0,0.0,0.0,,0.0,0.0,0.0,0.0,0.0,0.0,0.0,0.0,0.0,0.0,,,,,,
2026-03-10 01:00,0.0,0.0,0.0,0.0,0.0,0.0,0.0,0.17,,0.0,0.0,0.0,0.0,0.0,0.0,0.0,0.0,0.0,0.0,,,,,,
2026-03-10 02:00,0.0,0.0,0.0,0.0,0.0,0.0,0.0,0.0,,0.0,0.0,0.0,0.0,0.0,0.0,0.0,0.0,0.0,0.0,,,,,,
2026-03-10 03:00,0.0,0.0,0.0,0.0,0.0,0.0,0.0,0.0,,0.0,0.0,0.0,0.0,0.0,0.0,0.0,0.0,0.0,0.0,,,,,,
2026-03-10 04:00,0.0,0.0,0.0,0.0,0.0,0.0,0.0,0.0,,0.0,0.0,0.0,0.0,0.0,0.0,0.0,0.0,0.0,0.0,,,,,,
2026-03-10 05:00,0.0,0.0,0.0,0.0,0.0,0.0,0.0,0.0,,0.0,0.0,0.0,0.0,0.0,0.0,0.0,0.0,0.0,0.0,,,,,,
2026-03-10 06:00,46.83,59.5,18.5,56.17,33.5,44.17,47.33,40.0,,20.33,50.5,50.33,24.5,46.0,17.83,54.0,60.17,52.17,50.67,,,,,,
2026-03-10 07:00,238.17,252.33,160.67,273.17,246.33,249.83,246.83,215.67,276.8,214.0,251.0,258.83,61.5,252.33,256.67,255.17,269.5,251.0,255.83,,,,,,
2026-03-10 08:00,470.17,463.17,465.33,501.5,465.17,483.67,472.17,468.17,480.67,492.83,475.17,481.5,418.17,472.33,480.33,475.67,492.5,466.0,488.5,,,,,,
2026-03-10 09:00,661.33,690.33,648.33,693.83,650.33,688.33,666.83,670.5,678.0,678.0,664.5,668.83,726.67,662.83,670.33,669.83,676.17,657.0,689.67,,,,,,
2026-03-10 10:00,803.5,823.33,791.5,831.0,787.0,833.67,805.67,812.0,818.67,777.5,801.67,811.0,861.83,790.17,805.5,781.33,810.33,787.17,833.33,,,,,,
2026-03-10 11:00,871.5,897.67,868.83,901.17,855.33,897.33,876.0,886.83,895.67,834.67,868.67,861.0,957.17,851.5,874.0,846.17,878.33,860.67,908.5,,,,,,
2026-03-10 12:00,868.33,892.83,873.5,897.0,848.17,900.33,867.33,887.5,899.17,854.67,871.67,858.33,936.33,850.33,872.83,876.83,876.17,864.83,911.17,,,,,,
2026-03-10 13:00,797.5,824.5,801.33,827.33,771.0,833.17,795.83,816.33,822.0,754.67,803.0,782.17,887.17,791.83,805.33,797.17,804.0,794.5,843.0,,,,,,
2026-03-10 14:00,658.67,686.33,662.33,683.5,631.5,698.83,662.67,676.5,685.5,632.0,661.83,656.67,731.0,661.17,670.17,647.5,657.33,659.0,712.0,,,,,,
2026-03-10 15:00,439.83,492.0,310.0,483.83,444.17,501.0,475.67,491.0,486.67,483.17,469.5,475.67,519.5,461.17,482.17,482.33,463.83,472.0,503.5,,,,,,
2026-03-10 16:00,191.67,211.33,87.67,148.17,217.17,264.0,248.33,267.0,263.17,232.0,254.5,253.0,256.17,242.0,258.17,253.83,243.33,247.5,264.0,,,,,,
2026-03-10 17:00,39.67,43.17,18.0,16.17,21.17,56.0,43.0,60.0,57.5,17.83,53.83,51.17,53.0,43.33,35.0,45.67,27.67,44.5,54.5,,,,,,
2026-03-10 18:00,0.0,0.0,0.0,0.0,0.0,0.0,0.0,0.0,0.0,0.0,0.0,0.0,0.0,0.0,0.0,0.0,0.0,0.0,0.0,,,,,,
2026-03-10 19:00,0.0,0.0,0.0,0.0,0.0,0.0,0.0,0.0,,0.0,0.0,0.0,0.0,0.0,0.0,0.0,0.0,0.0,0.0,,,,,,
2026-03-10 20:00,0.0,0.0,0.0,0.0,0.0,0.0,0.0,0.0,,0.0,0.0,0.0,0.0,0.0,0.0,0.0,0.0,0.0,0.0,,,,,,
2026-03-10 21:00,0.0,0.0,0.0,0.0,0.0,0.0,0.0,0.0,,0.0,0.0,0.0,0.0,0.0,0.0,0.0,0.0,0.0,0.0,,,,,,
2026-03-10 22:00,0.0,0.0,0.0,0.0,0.0,0.0,0.0,0.0,,0.0,0.0,0.0,0.0,0.0,0.0,0.0,0.0,0.0,0.0,,,,,,
2026-03-10 23:00,0.0,0.0,0.0,0.0,0.0,0.0,0.0,0.0,,0.0,0.0,0.0,0.0,0.0,0.0,0.0,0.0,0.0,0.0,,,,,,
2026-03-11 00:00,0.0,0.0,0.0,0.0,0.0,0.0,0.0,0.0,,0.0,0.0,0.0,0.0,0.0,0.0,0.0,0.0,0.0,0.0,,,,,,
2026-03-11 01:00,0.0,0.0,0.0,0.0,0.0,0.0,0.0,0.0,,0.0,0.0,0.0,0.0,0.0,0.0,0.0,0.0,0.0,0.0,,,,,,
2026-03-11 02:00,0.0,0.0,0.0,0.0,0.0,0.0,0.0,0.0,,0.0,0.0,0.0,0.0,0.0,0.0,0.0,0.0,0.0,0.0,,,,,,
2026-03-11 03:00,0.0,0.0,0.0,0.0,0.0,0.0,0.0,0.0,,0.0,0.0,0.0,0.0,0.0,0.0,0.0,0.0,0.0,0.0,,,,,,
2026-03-11 04:00,0.0,0.0,0.0,0.0,0.0,0.0,0.0,0.0,,0.0,0.0,0.0,0.0,0.0,0.0,0.0,0.0,0.0,0.0,,,,,,
2026-03-11 05:00,0.0,0.0,0.0,0.0,0.0,0.0,0.0,0.0,,0.0,0.0,0.0,0.0,0.0,0.0,0.17,0.0,0.0,0.0,,,,,,
2026-03-11 06:00,44.67,55.83,21.33,51.0,39.33,53.33,47.17,44.17,,32.17,48.33,45.33,50.17,48.33,25.17,52.0,57.83,48.33,52.0,,,,,,
2026-03-11 07:00,230.17,252.33,164.67,262.67,233.5,244.5,243.17,231.33,293.0,212.17,244.83,244.67,261.17,246.0,252.0,249.17,260.5,243.5,262.33,,,,,,
2026-03-11 08:00,457.5,440.5,456.17,493.5,451.83,424.0,466.67,470.5,476.0,415.67,469.33,461.33,499.33,463.5,469.67,466.5,479.83,461.0,491.67,,,,,,
2026-03-11 09:00,648.67,677.33,640.67,684.33,633.17,681.33,657.5,664.33,671.5,665.33,657.17,650.5,702.17,649.17,659.0,657.0,663.33,645.0,684.67,,,,,,
2026-03-11 10:00,776.67,817.83,774.17,811.67,762.5,834.17,793.17,800.67,809.0,775.5,790.5,786.5,839.17,780.17,798.33,765.0,795.0,772.0,823.83,,,,,,
2026-03-11 11:00,840.0,886.17,841.33,872.67,831.5,880.83,860.67,878.0,880.17,673.17,858.5,839.0,926.5,843.67,854.17,818.33,857.0,832.17,893.67,,,,,,
2026-03-11 12:00,838.67,881.17,838.5,868.67,827.0,759.33,852.83,878.83,876.17,609.67,850.33,836.5,896.17,841.67,840.33,844.67,854.17,830.67,895.83,,,,,,
2026-03-11 13:00,772.67,809.5,773.67,794.0,757.17,792.0,776.67,738.17,791.33,779.67,777.17,744.17,805.67,769.5,768.33,764.5,785.0,761.17,769.83,,,,,,
2026-03-11 14:00,637.17,672.0,638.67,636.67,618.5,709.33,644.0,582.83,649.17,585.67,642.17,590.83,713.5,603.17,613.67,619.0,645.5,622.67,706.17,,,,,,
2026-03-11 15:00,419.0,477.5,313.17,420.17,425.67,493.67,456.0,405.33,414.17,474.33,454.0,399.0,387.0,447.17,375.5,445.83,452.0,450.67,369.33,,,,,,
2026-03-11 16:00,178.67,195.83,115.33,148.67,182.5,260.0,239.67,243.33,261.17,236.67,184.67,188.17,207.0,181.83,157.67,239.0,225.67,237.67,200.67,,,,,,
2026-03-11 17:00,33.83,43.83,35.0,29.83,25.5,72.67,39.33,57.33,57.33,45.83,57.17,58.0,65.17,47.17,25.17,48.5,36.5,45.67,48.0,,,,,,
2026-03-11 18:00,0.0,0.0,0.0,0.0,0.0,0.0,0.0,0.0,1.0,0.0,0.0,0.0,0.0,0.0,0.0,0.0,0.0,0.0,0.0,,,,,,
2026-03-11 19:00,0.0,0.0,0.0,0.0,0.0,0.0,0.0,0.0,,0.0,0.0,0.0,0.0,0.0,0.0,0.0,0.0,0.0,0.0,,,,,,
2026-03-11 20:00,0.0,0.0,0.0,0.0,0.0,0.0,0.0,0.0,,0.0,0.0,0.0,0.0,0.0,0.0,0.0,0.0,0.0,0.0,,,,,,
2026-03-11 21:00,0.0,0.0,0.0,0.0,0.0,0.0,0.0,0.0,,0.0,0.0,0.0,0.0,0.0,0.0,0.0,0.0,0.0,0.0,,,,,,
2026-03-11 22:00,0.0,0.0,0.0,0.0,0.0,0.0,0.0,0.0,,0.0,0.0,0.0,0.0,0.0,0.0,0.0,0.0,0.0,0.0,,,,,,
2026-03-11 23:00,0.0,0.0,0.0,0.0,0.0,0.0,0.0,0.0,,0.0,0.0,0.0,0.0,0.0,0.0,0.0,0.0,0.0,0.0,,,,,,
2026-03-12 00:00,0.0,0.0,0.0,0.0,0.0,0.0,0.0,0.0,,0.0,0.0,0.0,0.0,0.0,0.0,0.0,0.0,0.0,0.0,,,,,,
2026-03-12 01:00,0.0,0.0,0.0,0.0,0.0,0.0,0.0,0.0,,0.0,0.0,0.0,0.0,0.0,0.0,0.0,0.0,0.0,0.0,,,,,,
2026-03-12 02:00,0.0,0.0,0.0,0.0,0.0,0.0,0.0,0.0,,0.0,0.0,0.0,0.0,0.0,0.0,0.0,0.0,0.0,0.0,,,,,,
2026-03-12 03:00,0.0,0.0,0.0,0.0,0.0,0.0,0.0,0.33,,0.0,0.0,0.0,0.0,0.0,0.0,0.0,0.0,0.0,0.0,,,,,,
2026-03-12 04:00,0.0,0.0,0.0,0.0,0.0,0.0,0.0,0.0,,0.0,0.0,0.0,0.0,0.0,0.0,0.0,0.0,0.0,0.0,,,,,,
2026-03-12 05:00,0.0,0.0,0.0,0.0,0.0,0.0,0.0,0.0,,0.0,0.0,0.0,0.0,0.0,0.0,0.0,0.0,0.0,0.0,,,,,,
2026-03-12 06:00,30.83,31.5,29.0,65.67,43.5,40.33,34.0,43.17,,30.17,37.0,43.5,32.5,47.17,45.33,34.33,35.17,37.83,49.5,,,,,,
2026-03-12 07:00,174.0,209.5,139.83,154.33,199.5,238.0,214.5,211.17,270.0,226.33,203.67,225.67,238.5,199.83,143.0,119.83,200.5,198.5,242.67,,,,,,
2026-03-12 08:00,443.17,402.5,445.83,467.5,331.0,466.67,427.17,440.0,461.17,484.33,394.83,425.83,486.17,437.83,463.0,354.67,418.5,435.17,471.17,,,,,,
2026-03-12 09:00,616.0,618.0,607.17,649.5,596.83,662.17,620.0,635.5,648.0,675.17,620.83,629.83,650.33,621.0,615.33,627.0,601.83,612.83,670.67,,,,,,
2026-03-12 10:00,751.67,753.0,744.5,767.17,739.17,806.67,755.0,781.17,786.5,818.17,758.0,699.0,848.67,742.67,747.5,743.33,743.67,741.83,817.83,,,,,,
2026-03-12 11:00,824.83,827.83,819.83,839.83,794.0,891.0,821.17,853.17,859.67,895.0,812.83,771.33,891.67,824.67,820.5,799.83,817.33,807.5,896.67,,,,,,
2026-03-12 12:00,814.17,832.33,813.33,816.67,786.17,880.5,821.33,793.5,861.67,887.17,808.33,799.83,940.33,830.33,814.67,823.33,816.5,813.33,896.83,,,,,,
2026-03-12 13:00,746.17,766.33,731.17,719.0,712.67,834.0,751.5,798.67,780.67,819.33,740.17,754.5,858.83,765.83,692.5,737.17,753.17,735.83,826.33,,,,,,
2026-03-12 14:00,599.67,617.83,604.17,647.83,587.33,677.83,622.0,665.17,647.83,671.5,615.5,640.0,715.67,631.83,601.17,569.83,623.67,582.17,683.83,,,,,,
2026-03-12 15:00,393.33,444.83,303.83,345.83,405.0,483.5,439.83,478.17,468.67,476.83,443.5,468.0,498.17,446.17,429.17,300.33,432.5,398.67,486.5,,,,,,
2026-03-12 16:00,177.17,184.67,114.5,131.83,118.5,254.67,224.83,257.67,248.5,216.33,232.83,251.83,247.67,230.5,233.5,200.33,222.83,202.33,254.67,,,,,,
2026-03-12 17:00,34.33,40.67,27.0,21.17,29.0,35.5,40.5,58.0,54.33,24.17,46.5,51.33,50.0,42.83,30.83,36.33,30.83,41.17,54.0,,,,,,
2026-03-12 18:00,0.0,0.0,0.0,0.0,0.0,0.0,0.0,0.0,0.0,0.0,0.0,0.0,0.0,0.0,0.0,0.0,0.0,0.0,0.0,,,,,,
2026-03-12 19:00,0.0,0.0,0.0,0.0,0.0,0.0,0.0,0.0,,0.0,0.0,0.0,0.0,0.0,0.0,0.0,0.0,0.0,0.0,,,,,,
2026-03-12 20:00,0.0,0.0,0.0,0.0,0.0,0.0,0.0,0.0,,0.0,0.0,0.0,0.0,0.0,0.0,0.0,0.0,0.0,0.0,,,,,,
2026-03-12 21:00,0.0,0.0,0.0,0.0,0.0,0.0,0.0,0.0,,0.0,0.0,0.0,0.0,0.0,0.0,0.0,0.0,0.0,0.0,,,,,,
2026-03-12 22:00,0.0,0.0,0.0,0.0,0.0,0.0,0.0,0.0,,0.0,0.0,0.0,0.0,0.0,0.0,0.0,0.0,0.0,0.0,,,,,,
2026-03-12 23:00,0.0,0.0,0.0,0.0,0.0,0.0,0.0,0.0,,0.0,0.0,0.0,0.0,0.0,0.0,0.0,0.0,0.0,0.0,,,,,,
2026-03-13 00:00,0.0,0.0,0.0,0.0,0.0,0.0,0.0,0.0,,0.0,0.0,0.0,0.0,0.0,0.0,0.0,0.0,0.0,0.0,,,,,,
2026-03-13 01:00,0.0,0.0,0.0,0.0,0.0,0.0,0.0,0.0,,0.0,0.0,0.0,0.0,0.0,0.0,0.0,0.0,0.0,0.0,,,,,,
2026-03-13 02:00,0.0,0.0,0.0,0.0,0.0,0.0,0.0,0.0,,0.0,0.0,0.0,0.0,0.0,0.0,0.0,0.0,0.0,0.0,,,,,,
2026-03-13 03:00,0.0,0.0,0.0,0.0,0.0,0.0,0.0,0.0,,0.0,0.0,0.0,0.0,0.0,0.0,0.0,0.0,0.0,0.0,,,,,,
2026-03-13 04:00,0.0,0.0,0.0,0.0,0.0,0.0,0.0,0.0,,0.0,0.0,0.0,0.0,0.0,0.0,0.0,0.0,0.0,0.0,,,,,,
2026-03-13 05:00,0.17,0.0,0.17,0.0,0.0,0.0,0.0,0.0,,0.0,0.17,0.0,0.17,0.17,0.0,0.33,0.0,0.33,0.0,,,,,,
2026-03-13 06:00,53.0,67.0,38.17,64.67,42.67,45.0,53.67,46.5,,37.33,74.17,50.83,57.33,52.67,33.83,56.17,70.0,49.33,43.17,,,,,,
2026-03-13 07:00,224.17,276.33,186.5,275.5,235.0,223.0,264.17,154.17,219.25,208.5,259.33,228.0,262.5,243.33,249.33,245.5,246.33,238.0,207.5,,,,,,
2026-03-13 08:00,446.17,451.17,440.67,443.83,453.17,418.17,510.5,417.83,416.17,419.33,376.17,395.33,354.0,413.83,416.0,458.83,485.0,464.5,457.17,,,,,,
2026-03-13 09:00,638.17,692.17,634.17,498.83,445.67,516.83,646.5,620.17,632.17,579.67,536.5,616.33,664.83,451.0,461.67,652.67,668.33,634.83,643.83,,,,,,
2026-03-13 10:00,642.33,827.17,584.5,772.33,669.83,691.83,563.5,761.67,770.33,672.17,441.67,726.33,780.17,742.5,741.17,438.0,788.67,414.67,784.0,,,,,,
2026-03-13 11:00,534.67,886.67,490.83,820.83,819.0,828.83,314.0,823.0,842.67,812.17,469.83,821.5,835.5,814.17,799.67,657.83,782.83,533.0,859.83,,,,,,
2026-03-13 12:00,463.5,662.83,498.83,818.5,809.67,844.17,711.33,700.5,714.5,828.5,736.0,758.5,823.67,563.67,798.67,805.5,561.0,732.5,631.83,,,,,,
2026-03-13 13:00,688.0,539.17,679.83,547.67,665.0,648.83,639.17,447.67,442.33,664.0,697.17,548.33,443.83,472.5,539.67,738.67,663.83,683.83,535.17,,,,,,
2026-03-13 14:00,335.83,436.67,428.67,311.67,456.33,399.5,534.5,290.83,322.33,318.83,414.33,279.67,197.0,262.0,242.83,459.67,586.67,463.67,530.83,,,,,,
2026-03-13 15:00,245.17,267.67,249.17,101.5,130.67,183.83,315.0,111.67,152.0,159.33,204.17,157.5,192.17,93.5,81.0,231.33,244.17,203.0,129.33,,,,,,
2026-03-13 16:00,64.17,68.0,64.67,79.83,73.17,154.83,82.67,42.33,52.17,138.17,62.5,50.5,69.17,75.17,64.83,98.0,99.67,72.33,55.67,,,,,,
2026-03-13 17:00,6.83,11.83,12.33,20.33,29.67,28.33,17.67,25.5,29.0,27.83,11.17,23.83,28.0,14.5,19.33,19.17,9.83,13.67,13.5,,,,,,
2026-03-13 18:00,0.0,0.0,0.0,0.0,0.0,0.0,0.0,0.17,,0.0,0.0,0.0,0.17,0.0,0.0,0.33,0.0,0.0,0.0,,,,,,
2026-03-13 19:00,0.0,0.0,0.0,0.0,0.0,0.0,0.0,0.0,,0.0,0.0,0.0,0.5,0.0,0.0,0.0,0.0,0.0,0.0,,,,,,
2026-03-13 20:00,0.0,0.0,0.0,0.0,0.0,0.0,0.0,0.0,,0.0,0.0,0.0,0.0,0.0,0.0,0.0,0.0,0.0,0.0,,,,,,
2026-03-13 21:00,0.0,0.0,0.0,0.0,0.0,0.0,0.0,0.0,,0.0,0.0,0.0,0.0,0.0,0.0,0.5,0.0,0.0,0.0,,,,,,
2026-03-13 22:00,0.0,0.0,0.17,0.0,0.0,0.0,0.0,0.0,,0.0,0.0,0.0,1.0,0.0,0.0,0.33,0.0,0.5,0.0,,,,,,
2026-03-13 23:00,0.0,0.17,0.0,0.0,0.0,0.0,0.0,0.17,,0.0,0.0,0.0,0.33,0.17,0.0,0.0,0.0,0.0,0.0,,,,,,
2026-03-14 00:00,0.0,0.0,0.0,0.0,0.0,0.0,0.0,0.17,,0.0,0.0,0.0,0.33,0.33,0.0,0.67,0.0,0.0,0.0,,,,,,
2026-03-14 01:00,0.0,0.0,0.0,0.0,0.0,0.0,0.0,0.0,,0.0,0.0,0.0,0.33,0.0,0.0,0.33,0.0,0.0,0.0,,,,,,
2026-03-14 02:00,0.0,0.0,0.0,0.0,0.0,0.0,0.0,0.0,,0.0,0.0,0.0,0.67,0.67,0.0,0.17,0.0,0.0,0.0,,,,,,
2026-03-14 03:00,0.0,0.0,0.0,0.0,0.0,0.0,0.0,0.0,,0.0,0.0,0.0,0.0,0.0,0.0,0.33,0.0,0.0,0.0,,,,,,
2026-03-14 04:00,0.0,0.0,0.17,0.0,0.0,0.0,0.0,0.0,,0.0,0.0,0.0,0.0,0.0,0.0,0.67,0.0,0.0,0.0,,,,,,
2026-03-14 05:00,0.0,0.0,0.17,0.0,0.0,0.0,0.0,0.0,,0.0,0.0,0.0,0.0,0.0,0.0,0.5,0.17,0.0,0.0,,,,,,
2026-03-14 06:00,8.17,35.67,17.0,11.83,25.17,8.67,21.17,11.33,,22.33,23.83,15.5,18.5,23.5,10.5,15.83,25.33,17.5,18.83,,,,,,
2026-03-14 07:00,63.5,96.67,69.67,48.83,48.83,95.67,83.5,74.17,,65.5,57.0,79.83,84.0,82.33,42.83,76.0,94.67,50.17,76.67,,,,,,
2026-03-14 08:00,71.67,93.33,80.5,119.0,119.17,44.83,102.5,115.0,162.0,39.5,106.67,188.0,242.33,182.0,130.67,73.83,64.67,62.83,168.17,,,,,,
2026-03-14 09:00,173.33,109.67,150.67,233.0,203.83,122.33,320.33,122.17,186.2,192.0,188.5,209.0,252.17,203.67,226.5,244.83,183.17,166.33,127.67,,,,,,
2026-03-14 10:00,180.17,214.5,197.17,207.5,233.0,201.5,346.67,177.0,175.0,192.0,292.0,163.67,177.17,327.33,232.5,221.17,278.33,180.67,214.0,,,,,,
2026-03-14 11:00,318.33,228.33,286.0,199.33,250.67,335.0,399.5,208.67,214.6,408.83,282.0,213.67,320.0,305.17,192.83,372.5,423.17,244.5,169.0,,,,,,
2026-03-14 12:00,175.17,378.17,215.17,262.83,330.33,277.17,228.67,157.67,155.0,472.33,90.17,216.33,268.17,165.0,262.67,281.17,286.17,241.33,48.5,,,,,,
2026-03-14 13:00,97.0,148.83,142.83,93.0,183.33,271.17,160.67,87.83,,322.17,99.17,137.5,242.5,320.33,113.83,393.5,100.0,425.67,121.33,,,,,,
2026-03-14 14:00,269.83,159.0,262.5,42.67,43.67,198.83,186.5,78.33,,183.33,224.17,112.83,135.67,168.67,49.0,281.5,227.0,279.17,128.17,,,,,,
2026-03-14 15:00,58.5,176.33,84.17,48.5,46.83,88.0,100.33,106.5,,112.67,117.83,82.83,106.67,114.0,36.67,118.67,105.33,129.33,83.67,,,,,,
2026-03-14 16:00,41.67,89.33,56.0,43.33,42.33,119.33,49.17,49.0,,96.67,91.17,38.17,48.83,58.83,55.0,79.33,35.83,66.33,65.17,,,,,,
2026-03-14 17:00,9.0,19.17,18.17,13.5,10.5,22.0,19.67,16.67,,24.5,21.83,12.5,15.17,22.0,16.67,21.33,10.83,22.67,9.5,,,,,,
2026-03-14 18:00,0.0,0.0,0.0,0.0,0.0,0.0,0.0,0.0,,0.0,0.0,0.0,0.17,0.0,0.0,0.33,0.0,0.17,0.0,,,,,,
2026-03-14 19:00,0.0,0.0,0.0,0.0,0.0,0.0,0.0,0.0,,0.0,0.0,0.0,0.0,0.0,0.0,0.17,0.0,0.0,0.0,,,,,,
2026-03-14 20:00,0.0,0.0,0.0,0.0,0.0,0.0,0.0,0.0,,0.0,0.0,0.0,0.17,0.0,0.0,0.0,0.0,0.0,0.0,,,,,,
2026-03-14 21:00,0.0,0.0,0.0,0.0,0.17,0.0,0.0,0.0,,0.0,0.0,0.0,0.67,0.0,0.0,0.5,0.0,0.0,0.0,,,,,,
2026-03-14 22:00,0.0,0.0,0.0,0.0,0.0,0.0,0.0,0.0,,0.0,0.0,0.0,0.0,0.0,0.0,1.0,0.0,0.17,0.0,,,,,,
2026-03-14 23:00,0.0,0.0,0.0,0.0,0.0,0.0,0.0,0.0,,0.0,0.0,0.0,0.0,0.0,0.0,0.5,0.0,1.0,0.0,,,,,,
2026-03-15 00:00,0.33,0.0,0.5,0.0,0.33,0.0,0.0,0.0,,0.0,0.0,0.0,0.0,0.0,0.0,1.5,0.0,2.33,0.0,,,,,,
2026-03-15 01:00,0.0,0.0,1.33,0.0,3.0,0.0,0.0,0.0,,0.0,0.0,0.0,0.0,0.0,0.0,1.17,0.33,1.0,0.0,,,,,,
2026-03-15 02:00,0.0,0.0,0.17,0.0,0.5,0.0,0.0,0.0,,0.0,0.0,0.0,0.0,0.0,0.0,1.0,0.83,0.0,0.0,,,,,,
2026-03-15 03:00,0.0,0.0,0.0,0.0,0.0,0.0,0.0,0.0,,0.0,0.0,0.0,0.67,0.0,0.0,0.83,1.0,0.0,0.0,,,,,,
2026-03-15 04:00,0.0,0.0,0.0,0.0,0.0,0.0,0.0,0.0,,0.0,0.0,0.0,0.5,0.0,0.0,0.5,0.33,0.0,0.0,,,,,,
2026-03-15 05:00,0.17,0.17,0.0,0.0,0.0,0.0,0.17,0.0,,0.0,0.17,0.0,0.5,0.0,0.0,0.17,0.17,0.17,0.0,,,,,,
2026-03-15 06:00,4.0,17.83,13.5,12.67,19.17,21.83,19.67,52.0,,30.0,30.67,52.33,61.33,52.5,6.5,15.17,6.0,23.0,60.67,,,,,,
2026-03-15 07:00,58.67,39.5,75.33,95.17,239.67,105.5,160.5,266.67,329.0,193.17,264.67,267.33,298.0,194.0,36.17,107.17,37.5,185.0,269.67,,,,,,
2026-03-15 08:00,208.33,124.5,127.17,175.17,443.67,449.17,358.67,503.67,414.5,446.17,275.33,343.67,228.17,195.5,93.67,140.33,290.5,247.17,501.83,,,,,,
2026-03-15 09:00,64.17,109.5,112.5,307.17,326.83,405.17,233.5,521.5,509.67,653.67,133.83,595.67,668.33,570.67,216.0,39.83,103.17,179.33,581.67,,,,,,
2026-03-15 10:00,81.17,89.33,152.67,570.0,294.67,501.33,319.0,392.0,482.5,735.67,350.0,720.0,559.5,626.0,330.5,45.33,83.33,308.33,674.0,,,,,,
2026-03-15 11:00,151.67,66.33,222.83,499.33,220.33,644.83,292.33,699.33,472.0,700.83,358.67,889.17,772.67,662.33,432.17,197.67,161.17,741.83,826.0,,,,,,
2026-03-15 12:00,321.5,137.5,334.5,431.33,357.0,781.0,455.17,857.5,652.17,956.83,380.17,763.5,862.33,637.17,721.17,319.83,225.17,447.83,628.17,,,,,,
2026-03-15 13:00,602.0,136.17,473.33,660.67,367.17,659.83,310.67,809.17,452.4,883.83,406.0,766.5,845.17,569.33,501.33,389.83,191.83,629.83,826.67,,,,,,
2026-03-15 14:00,505.0,121.17,286.33,683.0,494.5,759.17,193.33,664.83,458.33,698.83,261.5,659.33,637.5,579.33,420.17,367.5,217.5,678.33,703.33,,,,,,
2026-03-15 15:00,237.17,139.33,100.67,444.17,404.33,481.17,221.0,432.33,471.33,419.17,129.17,472.83,459.17,468.5,359.83,133.0,113.5,274.17,385.17,,,,,,
2026-03-15 16:00,42.17,60.33,53.0,,221.5,237.0,134.5,253.0,255.83,214.17,86.67,236.67,255.17,221.17,212.33,252.33,86.83,245.0,246.33,,,,,,
2026-03-15 17:00,32.33,13.67,37.33,,45.17,47.17,24.0,58.67,52.0,34.17,27.5,51.33,53.0,23.0,34.83,49.33,18.33,63.17,53.33,,,,,,
2026-03-15 18:00,0.0,0.0,0.0,0.0,0.0,0.0,0.0,0.17,,0.0,0.17,0.0,0.0,0.0,0.0,1.0,0.0,0.0,0.0,,,,,,
2026-03-15 19:00,0.0,0.0,0.0,0.0,0.0,0.0,0.0,0.0,,0.0,0.0,0.0,0.0,0.0,0.0,0.5,0.0,0.0,0.0,,,,,,
2026-03-15 20:00,0.0,0.0,0.0,0.0,0.0,0.0,0.0,0.0,,0.0,0.0,0.0,0.0,0.0,0.0,0.0,0.0,0.0,0.0,,,,,,
2026-03-15 21:00,0.0,0.0,0.0,0.0,0.0,0.0,0.0,0.0,,0.0,0.0,0.0,0.0,0.0,0.0,0.0,0.0,0.0,0.0,,,,,,
2026-03-15 22:00,0.0,0.0,0.0,0.0,0.0,0.0,0.0,0.0,,0.0,0.0,0.0,0.33,0.67,0.0,0.0,0.0,0.0,0.0,,,,,,
2026-03-15 23:00,0.0,0.0,0.0,0.0,0.0,0.0,0.0,0.0,,0.0,0.0,0.0,0.0,0.0,0.0,0.5,0.0,0.0,0.0,,,,,,
2026-03-16 00:00,0.0,0.0,0.0,0.0,0.0,0.0,0.0,0.0,,0.0,0.0,0.0,0.0,0.0,0.0,0.33,0.0,0.0,0.0,,,,,,
2026-03-16 01:00,0.0,0.0,0.0,0.0,0.0,0.0,0.0,0.0,,0.0,0.0,0.0,0.0,0.0,0.0,0.0,0.0,0.0,0.0,,,,,,
2026-03-16 02:00,0.0,0.0,0.0,0.0,0.0,0.0,0.0,0.0,,0.0,0.0,0.0,0.0,0.0,0.0,0.0,0.0,0.0,0.0,,,,,,
2026-03-16 03:00,0.0,0.0,0.0,0.0,0.0,0.0,0.0,0.0,,0.0,0.0,0.0,0.0,0.0,0.0,0.0,0.0,0.0,0.0,,,,,,
2026-03-16 04:00,0.0,0.0,0.0,0.0,0.0,0.0,0.0,0.0,,0.0,0.0,0.0,0.0,0.0,0.0,0.0,0.0,0.0,0.0,,,,,,
2026-03-16 05:00,0.0,0.17,0.17,0.0,0.17,0.0,0.0,0.17,,0.0,0.17,0.0,0.33,0.17,0.0,0.83,0.0,0.17,0.0,,,,,,
2026-03-16 06:00,31.33,30.5,26.33,63.0,47.17,60.5,78.17,59.83,,33.33,76.83,47.17,67.0,20.33,23.83,44.83,22.83,45.83,62.0,,,,,,
2026-03-16 07:00,259.83,134.5,209.33,117.5,55.0,276.67,189.5,257.17,311.0,263.17,136.0,229.17,297.0,79.5,135.83,155.33,198.0,242.33,284.5,,,,,,
2026-03-16 08:00,272.17,321.33,205.0,340.0,236.17,508.67,316.0,485.5,502.5,519.67,228.33,492.17,419.5,389.33,187.5,48.83,415.17,89.83,518.33,,,,,,
2026-03-16 09:00,187.17,517.0,514.67,342.0,314.5,699.17,618.0,685.67,690.67,713.17,507.67,710.83,657.83,481.33,404.33,241.83,339.17,355.67,717.17,,,,,,
2026-03-16 10:00,627.33,297.83,690.17,360.17,382.33,834.17,608.83,816.5,778.67,856.67,390.5,688.33,682.0,460.33,423.83,149.33,466.0,295.17,862.67,,,,,,
2026-03-16 11:00,791.0,508.33,647.33,692.33,254.67,906.0,741.5,883.83,889.67,932.0,753.33,831.83,929.67,756.0,451.83,215.33,834.5,391.5,938.33,,,,,,
2026-03-16 12:00,843.33,653.83,787.17,733.33,619.0,911.83,827.67,909.5,958.33,921.33,659.17,883.67,950.83,563.17,419.0,451.67,898.67,481.0,936.5,,,,,,
2026-03-16 13:00,649.17,490.83,646.83,685.0,682.83,855.83,648.33,848.17,788.0,859.67,453.83,796.0,799.5,552.33,556.67,533.17,820.83,441.17,864.17,,,,,,
2026-03-16 14:00,583.2,330.5,470.17,520.5,454.67,719.17,304.33,699.5,694.17,722.83,266.83,670.5,735.17,521.17,450.33,637.5,680.67,283.5,722.0,,,,,,
2026-03-16 15:00,429.5,227.33,254.33,349.83,204.67,526.33,317.67,507.0,505.5,528.0,406.67,488.17,518.0,435.67,448.67,579.33,473.67,198.33,522.67,,,,,,
2026-03-16 16:00,261.83,157.5,130.67,,177.0,297.67,220.83,293.0,280.0,240.17,202.5,266.33,273.67,235.17,71.33,222.0,273.0,169.33,287.67,,,,,,
2026-03-16 17:00,53.17,17.33,25.5,,45.5,70.83,51.67,73.83,68.17,20.5,47.67,61.67,61.83,58.67,23.33,45.83,34.83,54.17,68.83,,,,,,
2026-03-16 18:00,0.0,0.0,0.0,0.0,0.0,0.0,0.0,0.17,,0.0,0.0,0.0,0.0,0.0,0.0,0.17,0.0,0.0,0.0,,,,,,
2026-03-16 19:00,0.0,0.0,0.0,0.0,0.0,0.0,0.0,0.0,,0.0,0.0,0.0,0.0,0.0,0.0,0.0,0.0,0.0,0.0,,,,,,
2026-03-16 20:00,0.0,0.0,0.0,0.0,0.0,0.0,0.0,0.0,,0.0,0.0,0.0,0.0,0.0,0.0,0.0,0.0,0.0,0.0,,,,,,
2026-03-16 21:00,0.0,0.0,0.0,0.0,0.0,0.0,0.0,0.0,,0.0,0.0,0.0,0.0,0.0,0.0,0.0,0.0,0.0,0.0,,,,,,
2026-03-16 22:00,0.0,0.0,0.0,0.0,0.0,0.0,0.0,0.0,,0.0,0.0,0.0,0.0,0.0,0.0,0.0,0.0,0.0,0.0,,,,,,
2026-03-16 23:00,0.0,0.0,0.0,0.0,0.0,0.0,0.0,0.0,,0.0,0.0,0.0,0.0,0.0,0.0,0.0,0.0,0.0,0.0,,,,,,
2026-03-17 00:00,0.0,0.0,0.0,0.0,0.0,0.0,0.0,0.0,,0.0,0.0,0.0,0.0,0.0,0.0,0.0,0.0,0.0,0.0,,,,,,
2026-03-17 01:00,0.0,0.0,0.0,0.0,0.0,0.0,0.0,0.0,,0.0,0.0,0.0,0.0,0.0,0.0,0.0,0.0,0.0,0.0,,,,,,
2026-03-17 02:00,0.0,0.0,0.0,0.0,0.0,0.0,0.0,0.0,,0.0,0.0,0.0,0.0,0.0,0.0,0.0,0.0,0.0,0.0,,,,,,
2026-03-17 03:00,0.0,0.0,0.0,0.0,0.0,0.0,0.0,0.0,,0.0,0.0,0.0,0.0,0.0,0.0,0.0,0.0,0.0,0.0,,,,,,
2026-03-17 04:00,0.0,0.0,0.0,0.0,0.0,0.0,0.0,0.0,,0.0,0.0,0.0,0.0,0.0,0.0,0.0,0.0,0.0,0.0,,,,,,
2026-03-17 05:00,0.17,0.5,0.33,0.0,0.17,0.0,0.17,0.17,,0.17,0.17,0.0,0.33,0.33,0.0,0.5,0.5,0.33,0.0,,,,,,
2026-03-17 06:00,55.0,135.5,27.0,79.33,41.33,67.5,70.33,65.67,,32.0,71.17,68.17,83.17,67.33,61.0,71.0,84.67,67.0,72.5,,,,,,
2026-03-17 07:00,208.5,314.67,200.5,306.67,265.67,290.0,281.83,279.67,317.0,280.33,283.67,282.5,321.5,293.67,291.0,272.17,305.0,279.67,293.33,,,,,,
2026-03-17 08:00,453.5,481.33,496.83,529.5,484.33,512.67,511.67,507.0,518.33,534.0,507.5,517.5,564.5,518.0,509.67,492.5,526.5,494.0,525.67,,,,,,
2026-03-17 09:00,671.5,723.83,682.17,721.83,652.67,700.67,696.0,695.67,706.0,725.33,691.0,722.5,747.17,707.17,688.0,681.83,714.17,675.83,726.17,,,,,,
2026-03-17 10:00,777.0,851.5,818.17,856.83,779.0,840.17,825.0,826.5,844.0,863.0,830.67,864.33,879.33,835.0,812.67,798.0,834.83,799.67,865.83,,,,,,
2026-03-17 11:00,869.83,927.67,882.83,921.17,843.5,913.5,899.67,894.5,926.17,935.83,902.5,926.67,945.17,899.0,875.67,854.67,898.0,867.83,942.5,,,,,,
2026-03-17 12:00,867.5,909.67,866.67,922.5,841.0,915.33,900.0,886.33,925.33,927.5,891.83,906.0,948.67,889.33,871.5,865.83,888.83,860.83,941.67,,,,,,
2026-03-17 13:00,801.33,835.17,789.83,841.67,778.67,855.83,818.17,829.17,852.67,870.17,813.33,810.67,884.17,820.83,787.17,787.67,808.5,786.0,865.0,,,,,,
2026-03-17 14:00,619.83,695.5,653.33,692.5,657.5,719.17,681.33,696.17,710.67,739.67,675.5,683.67,751.0,685.83,646.83,649.5,663.67,656.0,728.33,,,,,,
2026-03-17 15:00,390.83,499.67,294.0,486.17,475.67,518.83,491.17,510.67,512.33,537.0,486.17,509.83,549.17,494.17,468.0,481.5,468.5,469.17,533.33,,,,,,
2026-03-17 16:00,224.17,229.33,179.83,,240.67,289.83,266.5,295.17,283.83,241.33,267.83,275.67,288.17,270.83,256.0,260.17,254.0,249.17,293.33,,,,,,
2026-03-17 17:00,48.67,51.33,24.5,,27.33,71.33,52.67,80.5,71.0,21.83,63.0,65.5,69.83,56.83,26.17,55.67,36.67,53.5,72.0,,,,,,
2026-03-17 18:00,0.0,0.0,0.0,0.0,0.0,0.0,0.0,0.17,1.0,0.0,0.0,0.0,0.0,0.0,0.0,0.0,0.0,0.0,0.0,,,,,,
2026-03-17 19:00,0.0,0.0,0.0,0.0,0.0,0.0,0.0,0.0,,0.0,0.0,0.0,0.0,0.0,0.0,0.0,0.0,0.0,0.0,,,,,,
2026-03-17 20:00,0.0,0.0,0.0,0.0,0.0,0.0,0.0,0.0,,0.0,0.0,0.0,0.0,0.0,0.0,0.0,0.0,0.0,0.0,,,,,,
2026-03-17 21:00,0.0,0.0,0.0,0.0,0.0,0.0,0.0,0.0,,0.0,0.0,0.0,0.0,0.0,0.0,0.0,0.0,0.0,0.0,,,,,,
2026-03-17 22:00,0.0,0.0,0.0,0.0,0.0,0.0,0.0,0.0,,0.0,0.0,0.0,0.0,0.0,0.0,0.0,0.0,0.0,0.0,,,,,,
2026-03-17 23:00,0.0,0.0,0.0,0.0,0.0,0.0,0.0,0.0,,0.0,0.0,0.0,0.0,0.0,0.0,0.0,0.0,0.0,0.0,,,,,,
2026-03-18 00:00,0.0,0.0,0.0,0.0,0.0,0.0,0.0,0.0,,0.0,0.0,0.0,0.0,0.0,0.0,0.0,0.0,0.0,0.0,,,,,,
2026-03-18 01:00,0.0,0.0,0.0,0.0,0.0,0.0,0.0,0.0,,0.0,0.0,0.0,0.0,0.0,0.0,0.0,0.0,0.0,0.0,,,,,,
2026-03-18 02:00,0.0,0.0,0.0,0.0,0.0,0.0,0.0,0.0,,0.0,0.0,0.0,0.0,0.0,0.0,0.0,0.0,0.0,0.0,,,,,,
2026-03-18 03:00,0.0,0.0,0.0,0.0,0.0,0.0,0.0,0.0,,0.0,0.0,0.0,0.0,0.0,0.0,0.0,0.0,0.0,0.0,,,,,,
2026-03-18 04:00,0.0,0.0,0.0,0.0,0.0,0.0,0.0,0.0,,0.0,0.0,0.0,0.0,0.0,0.0,0.0,0.0,0.0,0.0,,,,,,
2026-03-18 05:00,0.5,0.67,0.5,0.0,0.33,0.17,0.17,0.17,,0.67,0.33,0.17,0.33,0.33,0.0,0.5,0.67,0.17,0.0,,,,,,
2026-03-18 06:00,56.5,83.67,37.67,68.33,49.33,77.17,63.5,72.33,,41.33,65.33,61.5,67.67,62.17,59.33,71.83,86.67,65.33,71.67,,,,,,
2026-03-18 07:00,218.67,281.17,201.0,279.5,251.17,256.17,263.0,252.33,281.8,227.0,262.0,257.67,283.33,267.17,260.17,270.83,281.67,263.33,267.67,,,,,,
2026-03-18 08:00,456.0,464.83,469.5,501.5,462.67,382.83,486.67,456.5,485.5,490.0,484.5,480.5,516.33,481.33,479.17,478.0,505.5,469.0,498.17,,,,,,
2026-03-18 09:00,654.83,699.5,618.33,650.0,635.0,577.67,666.33,509.83,670.6,391.33,644.83,581.17,691.67,665.17,616.5,667.0,684.17,659.83,675.83,,,,,,
2026-03-18 10:00,730.17,821.0,782.5,556.67,729.0,274.33,771.17,669.83,688.17,98.83,678.33,706.0,808.5,792.33,637.33,773.83,803.0,757.5,646.83,,,,,,
2026-03-18 11:00,859.67,889.5,790.17,757.67,726.33,212.0,732.17,324.5,382.0,238.0,752.67,396.8,468.83,666.17,676.33,807.83,869.8,761.67,318.17,,,,,,
2026-03-18 12:00,669.8,847.33,548.33,195.83,425.0,179.0,674.67,601.5,437.0,459.83,556.8,490.17,564.33,510.83,217.5,664.17,691.17,614.83,415.33,,,,,,
2026-03-18 13:00,274.67,337.0,289.33,454.5,388.5,187.83,531.0,195.17,93.67,206.67,456.33,122.83,279.83,492.17,465.0,215.83,287.5,323.17,248.83,,,,,,
2026-03-18 14:00,273.33,338.33,269.0,78.17,116.83,96.0,265.0,392.83,339.67,73.17,283.5,346.33,229.17,195.83,80.33,293.83,432.67,262.67,510.5,,,,,,
2026-03-18 15:00,63.83,152.0,118.33,195.0,177.33,53.5,116.83,420.0,262.67,110.67,153.0,355.67,360.17,170.5,212.33,100.5,160.17,98.5,332.83,,,,,,
2026-03-18 16:00,107.0,69.17,98.17,,123.0,30.0,72.0,118.67,63.0,29.67,99.33,118.17,192.0,180.33,205.67,111.33,83.0,141.0,48.5,,,,,,
2026-03-18 17:00,36.0,24.83,31.5,,21.5,16.5,17.0,2.83,13.5,9.0,19.5,6.67,7.83,18.17,8.33,30.67,30.83,22.17,1.33,,,,,,
2026-03-18 18:00,0.0,0.0,0.0,0.0,0.0,0.0,0.0,0.33,,0.17,0.0,0.0,0.0,0.0,0.0,0.33,0.0,0.0,0.0,,,,,,
2026-03-18 19:00,0.0,0.0,0.0,0.0,0.0,0.0,0.0,0.17,,0.33,0.0,0.0,0.33,0.0,1.67,0.5,0.0,0.33,0.0,,,,,,
2026-03-18 20:00,0.0,0.0,0.0,0.0,0.0,0.17,0.0,0.0,,0.17,0.0,0.0,0.0,0.0,1.17,0.17,0.0,0.0,0.0,,,,,,
2026-03-18 21:00,0.0,0.17,0.67,0.0,0.0,0.0,0.5,0.0,,0.17,0.0,0.0,0.0,0.17,0.0,0.33,0.0,0.0,0.0,,,,,,
2026-03-18 22:00,0.0,0.0,0.0,0.0,0.0,0.33,0.0,0.0,,0.0,0.0,0.0,0.0,0.0,0.0,0.5,0.0,0.0,0.0,,,,,,
2026-03-18 23:00,0.0,0.0,0.0,0.0,0.0,0.0,0.0,0.0,,0.0,0.0,0.0,0.0,0.0,0.0,0.5,0.0,0.0,0.0,,,,,,
2026-03-19 00:00,0.0,0.0,0.0,0.0,0.0,0.0,0.0,0.0,,0.0,0.0,0.0,0.0,0.0,0.0,0.17,0.0,0.0,0.0,,,,,,
2026-03-19 01:00,0.0,0.0,0.0,0.0,0.0,0.0,0.0,0.0,,0.0,0.0,0.0,0.0,0.0,0.0,0.0,0.0,0.0,0.0,,,,,,
2026-03-19 02:00,0.0,0.0,0.0,0.0,0.0,0.0,0.0,0.0,,0.0,0.0,0.0,0.0,0.0,0.0,0.33,0.0,0.0,0.0,,,,,,
2026-03-19 03:00,0.0,0.0,0.0,0.0,0.0,0.0,0.0,0.0,,0.0,0.0,0.0,0.0,0.0,0.0,1.0,0.0,0.0,0.0,,,,,,
2026-03-19 04:00,0.0,0.0,0.0,0.0,0.0,0.0,0.0,0.0,,0.0,0.0,0.0,0.0,0.0,0.0,0.83,0.0,0.17,0.0,,,,,,
2026-03-19 05:00,0.0,0.0,0.17,0.0,0.17,0.17,0.17,0.17,,0.17,0.17,0.17,0.5,0.0,0.0,2.17,0.0,1.17,0.0,,,,,,
2026-03-19 06:00,13.83,2.33,21.83,35.5,33.83,62.83,51.83,55.33,,51.0,39.33,49.17,44.33,57.83,47.33,33.0,6.17,26.5,59.33,,,,,,
2026-03-19 07:00,132.5,11.33,178.67,150.33,164.17,253.5,172.83,243.0,279.0,231.17,232.33,250.33,261.0,203.83,238.17,209.33,111.83,221.33,268.17,,,,,,
2026-03-19 08:00,374.67,123.33,432.33,459.0,472.5,477.0,242.83,458.0,484.0,452.5,479.33,487.5,528.83,460.67,471.17,482.83,357.67,465.33,491.83,,,,,,
2026-03-19 09:00,625.17,396.5,654.83,689.67,643.0,656.67,622.67,635.5,671.83,624.83,620.33,663.33,710.33,661.17,660.17,656.67,675.67,647.83,679.0,,,,,,
2026-03-19 10:00,757.33,688.83,713.33,807.83,779.17,723.67,746.0,753.33,791.5,726.83,776.17,779.0,807.67,783.0,786.0,813.67,733.67,651.33,806.5,,,,,,
2026-03-19 11:00,883.17,823.0,755.0,686.5,777.17,702.5,417.33,595.33,677.33,332.0,814.0,799.33,907.0,831.33,823.5,603.0,781.83,839.67,893.17,,,,,,
2026-03-19 12:00,694.0,726.5,767.0,639.33,752.5,462.33,268.5,737.0,641.5,376.5,595.5,814.33,930.17,825.83,757.33,848.17,456.83,836.33,619.5,,,,,,
2026-03-19 13:00,696.83,259.33,680.67,662.67,654.67,369.0,296.5,233.67,546.67,450.17,356.0,735.0,843.0,751.17,815.33,656.17,617.5,764.83,517.17,,,,,,
2026-03-19 14:00,610.17,387.67,537.67,327.5,628.33,617.33,205.5,344.83,172.0,380.67,341.5,540.0,580.33,615.33,328.33,653.0,581.83,557.83,221.17,,,,,,
2026-03-19 15:00,437.83,351.5,263.17,160.33,459.83,384.5,225.0,393.0,346.83,396.33,419.17,340.0,400.83,385.0,253.67,491.5,425.17,453.5,388.67,,,,,,
2026-03-19 16:00,229.83,152.5,108.17,,182.67,82.33,68.33,138.0,130.5,244.33,98.83,136.67,179.0,231.17,94.67,166.33,220.33,121.33,84.5,,,,,,
2026-03-19 17:00,30.17,26.67,15.83,,34.17,24.5,29.67,30.33,30.5,43.67,26.5,38.0,37.33,27.83,21.33,27.67,17.5,15.83,19.17,,,,,,
2026-03-19 18:00,0.0,0.0,0.17,0.0,0.0,0.0,0.0,0.83,,0.0,0.17,0.5,1.0,0.0,0.0,0.17,0.0,0.67,0.0,,,,,,
2026-03-19 19:00,0.0,0.17,0.0,0.0,0.33,0.0,0.0,0.0,,0.0,0.0,0.0,0.17,0.0,0.0,0.33,0.0,0.17,0.0,,,,,,
2026-03-19 20:00,0.0,0.83,0.0,0.0,1.0,0.0,0.0,0.0,,0.0,0.0,0.0,0.0,0.0,0.0,0.33,0.0,0.0,0.0,,,,,,
2026-03-19 21:00,0.0,0.33,0.0,0.0,0.0,0.0,0.5,0.33,,0.0,0.0,0.0,0.17,0.0,0.0,0.33,0.0,0.0,0.0,,,,,,
2026-03-19 22:00,0.0,0.0,0.0,0.0,0.0,0.0,0.17,0.0,,0.0,0.0,0.0,0.0,0.0,0.0,0.17,0.0,0.17,0.0,,,,,,
2026-03-19 23:00,0.0,0.0,0.0,0.0,0.0,0.0,0.0,0.0,,0.0,0.0,0.0,0.0,0.0,0.0,1.33,0.0,0.0,0.0,,,,,,
2026-03-20 00:00,0.0,0.0,0.0,0.0,0.0,0.0,0.0,0.0,,0.0,0.0,0.0,0.0,0.0,0.0,1.0,0.0,0.5,0.0,,,,,,
2026-03-20 01:00,0.0,0.0,0.0,0.0,0.0,0.0,0.0,0.0,,0.0,0.0,0.0,0.0,0.0,0.0,0.67,0.0,0.17,0.0,,,,,,
2026-03-20 02:00,0.0,0.33,0.0,0.0,0.0,0.0,0.0,0.0,,0.0,0.0,0.0,0.0,0.0,0.0,1.67,0.0,0.17,0.0,,,,,,
2026-03-20 03:00,0.0,0.0,0.0,0.0,0.0,0.0,0.0,0.0,,0.0,0.0,0.0,0.0,0.0,0.0,0.83,0.0,0.5,0.0,,,,,,
2026-03-20 04:00,0.0,0.0,0.0,0.0,0.0,0.0,0.0,0.0,,0.0,0.0,0.0,0.0,0.0,0.0,1.0,0.0,0.17,0.0,,,,,,
2026-03-20 05:00,0.17,0.5,0.67,0.0,0.5,0.33,0.5,0.5,,0.33,0.17,0.33,0.5,0.0,0.17,2.33,0.67,0.33,0.0,,,,,,
2026-03-20 06:00,52.67,7.67,24.5,50.83,31.83,54.17,14.5,64.0,,43.83,13.0,42.17,54.5,62.5,58.33,21.5,13.83,17.5,73.33,,,,,,
2026-03-20 07:00,46.0,124.5,35.5,231.67,140.0,277.5,49.17,269.0,296.0,265.83,9.83,196.0,241.33,229.17,165.33,50.33,46.33,24.33,293.5,,,,,,
2026-03-20 08:00,49.17,183.0,37.67,444.33,121.17,484.83,120.83,488.5,518.33,495.5,70.33,502.5,525.67,451.17,380.17,43.17,80.67,21.67,531.17,,,,,,
2026-03-20 09:00,40.33,117.17,45.67,466.0,307.5,544.83,346.5,683.0,713.0,689.0,254.5,697.5,704.5,640.0,635.0,40.67,121.17,48.33,726.17,,,,,,
2026-03-20 10:00,78.83,105.17,240.33,407.5,776.17,349.67,416.33,823.83,824.83,478.67,316.17,790.5,887.5,811.0,539.33,64.33,85.0,121.5,863.83,,,,,,
2026-03-20 11:00,155.83,81.5,289.17,694.5,928.83,318.33,380.33,953.83,734.83,516.17,263.0,913.17,980.33,767.4,548.33,118.5,236.0,157.33,902.67,,,,,,
2026-03-20 12:00,239.67,94.5,516.67,672.83,896.83,743.6,282.5,656.17,578.0,820.33,497.2,905.67,985.17,899.33,711.0,479.17,310.33,683.5,856.67,,,,,,
2026-03-20 13:00,710.0,95.33,661.5,696.5,628.33,706.17,385.33,538.33,617.83,788.5,650.67,811.67,893.83,815.17,743.83,776.5,427.83,722.83,786.17,,,,,,
2026-03-20 14:00,689.67,240.5,665.5,630.17,672.83,662.5,489.33,430.83,382.17,688.5,698.5,633.83,740.5,673.17,587.0,688.83,516.33,661.83,635.5,,,,,,
2026-03-20 15:00,476.67,288.83,375.83,352.0,466.67,428.67,476.83,316.0,256.17,499.83,487.0,431.17,493.33,467.33,414.5,565.0,498.0,483.33,429.17,,,,,,
2026-03-20 16:00,263.17,157.17,196.17,,174.83,126.83,225.0,170.83,214.67,230.67,245.67,201.0,247.5,247.83,104.33,322.0,240.17,256.67,280.5,,,,,,
2026-03-20 17:00,54.83,54.33,34.67,,42.33,37.0,54.0,31.33,50.5,35.33,57.33,53.67,58.17,43.83,32.0,63.67,49.67,50.83,48.5,,,,,,
2026-03-20 18:00,0.0,0.0,0.0,0.0,0.0,0.17,0.0,0.0,1.0,0.0,0.0,0.0,0.17,0.0,0.17,0.0,0.0,0.0,0.0,,,,,,
2026-03-20 19:00,0.0,0.0,0.0,0.0,0.17,0.0,0.0,0.0,,0.0,0.0,0.0,0.0,0.0,0.17,0.17,0.0,0.0,0.0,,,,,,
2026-03-20 20:00,0.0,0.0,0.0,0.0,1.0,0.0,0.0,0.0,,0.0,0.0,0.17,0.33,0.0,2.17,0.5,0.0,1.17,0.0,,,,,,
2026-03-20 21:00,0.0,0.17,0.0,0.0,0.0,0.0,0.0,0.0,,0.0,0.0,0.0,0.33,0.0,0.0,1.17,0.5,1.33,0.0,,,,,,
2026-03-20 22:00,0.0,0.0,0.17,0.0,0.0,0.0,0.0,0.0,,0.0,0.0,0.0,0.83,0.0,0.0,1.67,0.83,0.83,0.0,,,,,,
2026-03-20 23:00,0.0,0.0,0.0,0.0,0.0,0.0,0.0,0.0,,0.0,0.0,0.0,0.0,0.0,0.0,1.5,0.0,1.33,0.0,,,,,,
2026-03-21 00:00,0.0,0.0,0.0,0.0,0.0,0.0,0.0,0.0,,0.0,0.0,0.0,0.0,0.0,0.0,2.0,0.17,1.33,0.0,,,,,,
2026-03-21 01:00,0.0,0.0,0.0,0.0,0.0,0.0,0.0,0.0,,0.0,0.0,0.0,0.67,0.0,0.0,1.5,0.67,0.67,0.0,,,,,,
2026-03-21 02:00,0.0,0.17,0.0,0.0,0.0,0.0,0.0,0.0,,0.0,0.0,0.0,0.17,0.0,0.0,1.0,0.0,0.5,0.0,,,,,,
2026-03-21 03:00,0.0,0.0,0.17,0.0,0.0,0.0,0.0,0.0,,0.0,0.0,0.0,0.0,0.0,0.0,1.0,0.0,1.0,0.0,,,,,,
2026-03-21 04:00,0.0,0.0,0.0,0.0,0.0,0.0,0.0,0.0,,0.0,0.0,0.0,0.0,0.0,0.0,0.83,0.0,0.0,0.0,,,,,,
2026-03-21 05:00,0.5,2.0,0.83,0.0,0.5,0.17,1.0,0.33,,0.17,0.5,0.33,0.67,0.0,0.83,1.17,0.83,0.33,0.0,,,,,,
2026-03-21 06:00,63.0,84.0,67.33,65.83,37.5,30.83,74.0,57.17,,38.33,88.17,52.5,69.83,67.0,83.83,62.0,91.17,64.5,61.5,,,,,,
2026-03-21 07:00,291.83,95.33,226.0,235.17,156.17,157.0,87.17,258.17,278.2,209.83,222.5,226.0,217.5,254.0,274.83,297.5,262.5,322.33,254.0,,,,,,
2026-03-21 08:00,477.17,207.83,248.33,473.67,351.17,375.33,123.83,422.33,491.17,402.83,320.33,346.0,454.67,382.83,438.0,530.0,401.0,587.0,461.17,,,,,,
2026-03-21 09:00,557.67,199.0,334.0,577.5,637.0,608.17,42.17,705.33,586.67,578.17,280.33,390.5,397.83,469.67,372.67,696.67,523.0,407.33,693.17,,,,,,
2026-03-21 10:00,345.33,208.67,512.5,786.67,455.33,668.17,136.33,499.67,690.0,503.5,530.6,336.67,465.83,565.67,738.5,805.17,434.67,831.5,684.0,,,,,,
2026-03-21 11:00,649.0,28.83,867.33,601.17,449.0,533.0,82.0,380.83,732.0,740.83,726.67,274.33,407.5,447.83,520.17,454.83,384.17,837.67,412.0,,,,,,
2026-03-21 12:00,928.0,35.0,697.0,681.67,356.5,268.67,333.67,227.67,432.33,346.83,704.17,279.0,447.33,619.33,552.33,647.0,477.17,637.0,244.67,,,,,,
2026-03-21 13:00,497.0,114.17,553.33,486.33,356.67,168.17,403.33,159.67,163.0,235.0,605.5,105.0,182.5,524.5,421.67,393.33,666.17,633.33,220.0,,,,,,
2026-03-21 14:00,536.0,93.5,406.67,173.17,173.5,153.67,197.5,131.33,167.17,115.0,309.33,102.33,79.83,167.33,121.0,312.5,587.0,363.67,175.67,,,,,,
2026-03-21 15:00,195.0,118.17,215.83,140.0,63.83,89.0,95.17,62.0,51.83,39.5,228.0,69.5,107.33,69.0,105.33,96.5,195.83,144.17,111.33,,,,,,
2026-03-21 16:00,18.5,36.33,20.33,,58.17,18.5,29.17,30.83,77.83,14.67,21.17,21.0,32.17,38.33,56.5,9.17,31.0,9.67,92.5,,,,,,
2026-03-21 17:00,1.5,8.0,4.17,,11.5,0.67,3.67,3.67,,1.83,13.83,3.5,4.83,12.33,11.0,3.83,3.33,7.67,13.5,,,,,,
2026-03-21 18:00,0.0,0.0,0.0,0.0,0.0,0.0,0.0,0.0,,0.0,0.0,0.0,1.17,0.0,0.0,1.17,0.0,0.0,0.0,,,,,,
2026-03-21 19:00,0.0,0.0,0.0,0.0,0.0,0.0,0.0,0.17,,0.0,0.0,0.0,1.0,0.0,0.0,1.0,0.0,0.0,0.0,,,,,,
2026-03-21 20:00,0.0,0.0,0.0,0.0,0.0,0.0,0.33,0.33,,0.0,0.0,0.0,1.0,0.0,0.0,1.0,0.0,0.17,0.0,,,,,,
2026-03-21 21:00,0.0,0.0,0.0,0.0,0.0,0.0,0.67,0.0,,0.0,0.0,0.0,0.5,0.0,0.0,1.0,0.0,0.0,0.0,,,,,,
2026-03-21 22:00,0.0,0.0,0.0,0.0,0.0,0.0,0.0,0.0,,0.0,0.0,0.0,0.0,0.0,0.0,1.0,0.0,0.0,0.0,,,,,,
2026-03-21 23:00,0.0,0.0,0.0,0.0,0.33,0.0,0.0,0.0,,0.0,0.0,0.0,0.0,0.0,0.0,1.67,0.0,0.0,0.0,,,,,,
2026-03-22 00:00,0.0,0.0,0.0,0.0,0.0,0.0,0.0,0.0,,0.0,0.0,0.0,0.33,0.0,0.0,1.0,0.0,0.0,0.0,,,,,,
2026-03-22 01:00,0.0,0.0,0.0,0.0,0.0,0.0,0.0,0.0,,0.0,0.0,0.0,0.67,0.0,0.0,1.0,0.0,0.0,0.0,,,,,,
2026-03-22 02:00,0.0,0.0,0.0,0.0,0.0,0.0,0.0,0.0,,0.0,0.0,0.0,1.0,0.0,0.0,1.0,0.0,0.0,0.0,,,,,,
2026-03-22 03:00,0.0,0.17,0.0,0.0,0.0,0.0,0.0,0.0,,0.0,0.0,0.0,1.0,0.0,0.0,0.5,0.17,0.0,0.0,,,,,,
2026-03-22 04:00,0.33,0.0,0.0,0.0,0.0,0.0,0.0,0.0,,0.0,0.0,0.0,1.0,0.0,0.0,0.5,0.17,0.0,0.0,,,,,,
2026-03-22 05:00,1.17,1.0,1.67,0.0,1.33,0.0,0.5,0.67,,0.17,0.67,0.67,1.83,0.0,0.5,3.67,0.83,2.17,0.0,,,,,,
2026-03-22 06:00,46.33,65.5,33.5,90.67,98.17,18.17,88.33,80.67,,10.17,39.5,84.17,92.67,9.83,98.17,122.67,46.5,74.17,84.0,,,,,,
2026-03-22 07:00,170.33,213.0,262.83,249.67,182.83,91.67,128.67,301.17,322.2,107.83,274.5,304.17,336.17,234.5,116.83,138.0,62.33,166.0,306.5,,,,,,
2026-03-22 08:00,418.0,208.0,290.0,482.5,332.33,259.67,228.83,515.5,522.83,507.17,524.0,529.17,573.0,302.83,328.33,512.17,299.17,534.17,539.0,,,,,,
2026-03-22 09:00,626.67,229.33,491.83,480.0,630.33,686.5,395.5,708.83,668.0,720.83,698.5,733.5,778.67,280.0,368.33,636.67,319.83,494.67,743.17,,,,,,
2026-03-22 10:00,711.83,327.67,285.83,690.0,231.5,824.67,610.0,837.17,794.5,865.67,406.0,873.83,912.33,715.5,665.83,611.67,572.83,664.17,854.17,,,,,,
2026-03-22 11:00,478.4,535.33,371.83,929.33,947.67,954.0,507.67,927.67,965.33,908.0,540.83,959.33,815.5,814.33,790.6,458.2,579.5,584.33,947.67,,,,,,
2026-03-22 12:00,720.2,263.0,640.8,793.17,928.33,907.17,672.67,939.0,871.5,866.0,870.17,736.67,1005.17,910.33,571.0,576.17,306.33,909.83,896.83,,,,,,
2026-03-22 13:00,291.83,315.33,530.33,384.83,717.33,663.67,516.83,691.0,790.83,811.67,802.17,865.17,928.83,809.67,695.17,307.17,696.5,473.0,911.17,,,,,,
2026-03-22 14:00,191.67,271.17,472.33,660.17,500.67,386.0,368.83,724.5,461.33,719.5,309.33,705.83,781.5,655.17,429.5,391.83,449.33,276.67,686.17,,,,,,
2026-03-22 15:00,181.0,40.17,297.0,490.83,523.17,295.67,224.0,524.83,429.67,537.67,137.17,527.0,574.5,507.33,180.0,393.5,391.33,267.33,582.83,,,,,,
2026-03-22 16:00,40.83,31.5,104.5,,275.67,158.33,182.67,289.5,285.67,161.67,224.67,298.33,326.5,287.5,135.0,337.33,87.5,209.83,319.0,,,,,,
2026-03-22 17:00,28.83,9.83,43.5,,38.17,66.33,28.5,64.5,67.5,29.0,27.33,68.17,76.67,43.33,40.83,57.5,12.83,46.0,69.0,,,,,,
2026-03-22 18:00,0.0,0.17,0.0,0.0,0.0,0.17,0.33,0.0,1.0,0.0,0.17,0.0,0.17,0.0,0.0,0.33,0.0,0.17,0.0,,,,,,
2026-03-22 19:00,0.0,0.0,0.0,0.0,0.0,0.0,0.0,0.0,,0.0,0.0,0.0,0.0,0.0,0.0,0.0,0.0,0.0,0.0,,,,,,
2026-03-22 20:00,0.0,0.0,0.0,0.0,0.0,0.0,0.0,0.0,,0.0,0.0,0.0,0.0,0.0,0.0,0.0,0.0,0.0,0.0,,,,,,
2026-03-22 21:00,0.0,0.0,0.0,0.0,0.0,0.0,0.0,0.0,,0.0,0.0,0.0,0.0,0.0,0.0,0.0,0.0,0.0,0.0,,,,,,
2026-03-22 22:00,0.0,0.0,0.0,0.0,0.0,0.0,0.0,0.0,,0.0,0.0,0.0,0.0,0.0,0.0,0.0,0.0,0.0,0.0,,,,,,
2026-03-22 23:00,0.0,0.0,0.0,0.0,0.0,0.0,0.0,0.0,,0.0,0.0,0.0,0.0,0.0,0.0,0.0,0.0,0.0,0.0,,,,,,
2026-03-23 00:00,0.0,0.0,0.0,0.0,0.0,0.0,0.0,0.0,,0.0,0.0,0.0,0.0,0.0,0.0,0.0,0.0,0.0,0.0,,,,,,
2026-03-23 01:00,0.0,0.0,0.0,0.0,0.0,0.0,0.0,0.0,,0.0,0.0,0.0,0.0,0.0,0.0,0.0,0.0,0.0,0.0,,,,,,
2026-03-23 02:00,0.0,0.0,0.0,0.0,0.0,0.0,0.0,0.0,,0.0,0.0,0.0,0.0,0.0,0.0,0.5,0.0,0.0,0.0,,,,,,
2026-03-23 03:00,0.0,0.0,0.0,0.0,0.0,0.0,0.0,0.0,,0.0,0.0,0.0,0.0,0.0,0.0,1.0,0.0,0.0,0.0,,,,,,
2026-03-23 04:00,0.0,0.0,0.0,0.0,0.0,0.0,0.0,0.0,,0.0,0.0,0.0,0.0,0.0,0.0,0.33,0.0,0.0,0.0,,,,,,
2026-03-23 05:00,0.5,1.0,0.67,0.83,0.5,0.5,0.33,0.83,,0.83,0.5,0.33,0.67,0.5,0.17,1.33,1.5,0.67,0.67,,,,,,
2026-03-23 06:00,32.67,54.17,48.67,62.17,57.83,72.83,45.33,80.83,,52.33,60.33,76.5,89.0,45.33,57.17,37.17,50.0,40.83,84.0,,,,,,
2026-03-23 07:00,156.67,149.83,135.0,311.17,214.17,233.5,227.33,267.67,308.2,231.5,214.83,281.83,307.0,244.33,285.67,165.83,177.0,172.17,283.0,,,,,,
2026-03-23 08:00,457.33,463.33,488.5,505.83,504.5,362.83,543.67,458.17,494.83,317.5,521.33,518.0,544.17,502.83,499.17,444.5,379.5,464.5,485.0,,,,,,
2026-03-23 09:00,679.0,657.67,672.0,503.83,601.17,616.17,750.0,708.33,681.17,479.83,636.5,579.17,597.5,631.33,548.17,589.5,726.83,646.67,704.33,,,,,,
2026-03-23 10:00,767.83,590.67,533.5,488.67,550.5,690.5,673.33,802.83,750.33,767.5,801.33,654.67,570.5,534.67,435.67,752.33,796.0,616.0,862.5,,,,,,
2026-03-23 11:00,824.0,541.17,463.0,506.0,560.67,767.67,665.67,475.17,651.83,858.67,817.33,434.5,523.5,584.4,475.67,780.33,523.83,456.67,605.33,,,,,,
2026-03-23 12:00,893.33,781.5,393.17,473.0,509.33,662.0,835.5,411.33,376.33,637.5,819.5,450.83,760.0,825.75,350.67,620.33,420.0,432.17,381.5,,,,,,
2026-03-23 13:00,465.83,769.5,591.0,666.5,781.5,465.33,855.5,543.33,424.67,511.67,566.83,670.33,791.83,703.33,509.0,679.0,306.6,406.33,380.67,,,,,,
2026-03-23 14:00,392.5,709.0,260.0,565.0,518.5,297.83,617.5,466.33,512.5,274.83,575.0,635.0,649.33,702.67,376.33,603.33,563.17,542.83,604.67,,,,,,
2026-03-23 15:00,274.5,359.67,242.5,225.67,242.67,544.5,298.17,422.0,369.67,528.17,483.5,426.83,466.67,441.5,296.0,207.0,369.5,438.83,279.0,,,,,,
2026-03-23 16:00,227.17,127.5,302.33,,120.0,184.33,219.17,287.67,228.0,235.5,265.83,285.67,358.83,232.67,249.17,214.83,94.5,282.83,272.0,,,,,,
2026-03-23 17:00,36.17,27.5,51.5,,54.0,43.83,39.33,69.5,73.5,26.83,75.0,69.5,80.5,65.33,36.67,71.5,27.17,86.83,65.17,,,,,,
2026-03-23 18:00,0.17,0.17,0.17,0.0,0.17,0.0,0.17,0.0,1.5,0.0,0.33,0.17,0.5,0.0,0.0,0.67,0.0,0.33,0.0,,,,,,
2026-03-23 19:00,0.0,0.0,0.0,0.0,0.0,0.0,0.0,0.0,,0.0,0.0,0.0,0.0,0.0,0.0,0.0,0.0,0.0,0.0,,,,,,
2026-03-23 20:00,0.0,0.0,0.0,0.0,0.0,0.0,0.0,0.0,,0.0,0.0,0.0,0.0,0.0,0.0,0.0,0.0,0.0,0.0,,,,,,
2026-03-23 21:00,0.0,0.0,0.0,0.0,0.0,0.0,0.0,0.0,,0.0,0.0,0.0,0.0,0.0,0.0,0.0,0.0,0.0,0.0,,,,,,
2026-03-23 22:00,0.0,0.0,0.0,0.0,0.0,0.0,0.0,0.0,,0.0,0.0,0.0,0.0,0.0,0.0,0.0,0.0,0.0,0.0,,,,,,
2026-03-23 23:00,0.0,0.0,0.0,0.0,0.0,0.0,0.0,0.0,,0.0,0.0,0.0,0.0,0.0,0.0,0.0,0.0,0.0,0.0,,,,,,
2026-03-24 00:00,0.0,0.0,0.0,0.0,0.0,0.0,0.0,0.0,,0.0,0.0,0.0,0.0,0.0,0.0,0.0,0.0,0.0,0.0,,,,,,
2026-03-24 01:00,0.0,0.0,0.0,0.0,0.0,0.0,0.0,0.0,,0.0,0.0,0.0,0.0,0.0,0.0,0.0,0.0,0.0,0.0,,,,,,
2026-03-24 02:00,0.0,0.0,0.0,0.0,0.0,0.0,0.0,0.0,,0.0,0.0,0.0,0.0,0.0,0.0,0.0,0.0,0.0,0.0,,,,,,
2026-03-24 03:00,0.0,0.0,0.0,0.0,0.0,0.0,0.0,0.0,,0.0,0.0,0.0,0.0,0.0,0.0,0.0,0.0,0.0,0.0,,,,,,
2026-03-24 04:00,0.0,0.0,0.0,0.0,0.0,0.0,0.0,0.0,,0.0,0.0,0.0,0.0,0.0,0.0,0.0,0.0,0.0,0.0,,,,,,
2026-03-24 05:00,1.17,2.17,1.17,1.17,1.33,0.33,1.17,1.0,,0.67,1.33,0.83,1.5,1.67,0.83,2.0,2.33,1.33,0.83,,,,,,
2026-03-24 06:00,76.67,134.5,32.83,86.17,53.67,34.17,91.0,62.83,,35.83,94.17,91.33,66.83,94.0,46.17,91.5,104.83,87.67,56.33,,,,,,
2026-03-24 07:00,304.5,335.0,249.0,266.67,298.67,174.0,312.33,188.67,216.5,139.67,306.0,291.17,184.83,312.0,185.5,310.17,326.67,314.0,278.0,,,,,,
2026-03-24 08:00,512.67,516.33,511.83,360.17,465.33,506.17,524.83,382.17,487.67,459.5,503.17,498.83,288.83,532.0,552.83,529.83,543.83,530.33,528.0,,,,,,
2026-03-24 09:00,686.83,540.83,724.0,522.33,706.5,708.5,248.67,568.67,675.17,708.83,334.5,368.33,489.17,625.33,635.0,729.0,727.67,722.0,732.67,,,,,,
2026-03-24 10:00,831.17,474.33,374.83,734.83,835.83,835.83,786.5,472.17,765.67,859.33,470.2,531.33,765.25,758.83,671.67,834.67,862.17,835.5,876.5,,,,,,
2026-03-24 11:00,894.33,405.0,852.67,308.0,902.67,915.67,452.0,574.17,382.17,909.5,744.0,877.17,563.25,640.8,357.67,873.0,934.5,973.0,790.33,,,,,,
2026-03-24 12:00,911.5,387.17,456.67,107.5,531.33,950.17,936.33,511.33,282.0,872.5,307.33,439.33,406.67,875.0,244.83,784.0,923.17,769.0,775.67,,,,,,
2026-03-24 13:00,444.0,580.83,548.33,186.67,199.83,678.83,755.5,545.33,478.17,789.17,575.83,341.67,788.5,834.33,276.67,292.0,842.5,376.33,752.67,,,,,,
2026-03-24 14:00,505.83,752.17,247.67,148.67,103.67,522.33,744.0,592.67,551.5,692.0,487.0,517.83,726.67,703.5,114.33,307.5,493.83,359.5,645.0,,,,,,
2026-03-24 15:00,89.0,418.17,495.67,224.33,109.83,232.0,495.17,525.83,451.67,334.83,442.83,533.67,566.83,487.83,170.0,114.17,193.0,267.67,531.0,,,,,,
2026-03-24 16:00,303.83,95.5,279.67,,46.5,257.83,301.83,294.67,282.83,109.0,285.67,302.67,339.33,287.83,96.67,165.0,126.33,301.83,293.5,,,,,,
2026-03-24 17:00,65.83,15.0,36.0,,27.67,66.17,64.0,76.17,76.17,29.33,90.83,82.17,91.0,72.33,37.33,73.33,27.33,93.0,76.67,,,,,,
2026-03-24 18:00,0.0,0.0,0.17,0.0,0.33,0.33,0.0,0.0,1.5,0.0,0.17,0.17,0.33,0.0,0.17,0.33,0.0,0.33,0.0,,,,,,
2026-03-24 19:00,0.0,0.0,0.0,0.0,0.0,0.0,0.0,0.0,,0.0,0.0,0.0,0.0,0.0,0.0,0.0,0.0,0.0,0.0,,,,,,
2026-03-24 20:00,0.0,0.0,0.0,0.0,0.0,0.0,0.0,0.0,,0.0,0.0,0.0,0.0,0.0,0.0,0.0,0.0,0.0,0.0,,,,,,
2026-03-24 21:00,0.0,0.0,0.0,0.0,0.0,0.0,0.0,0.0,,0.0,0.0,0.0,0.0,0.0,0.0,0.0,0.0,0.0,0.0,,,,,,
2026-03-24 22:00,0.0,0.0,0.0,0.0,0.0,0.0,0.0,0.0,,0.0,0.0,0.0,0.33,0.0,0.0,0.0,0.0,0.0,0.0,,,,,,
2026-03-24 23:00,0.0,0.0,0.0,0.0,0.0,0.0,0.0,0.0,,0.0,0.0,0.0,0.0,0.0,0.0,0.0,0.0,0.0,0.0,,,,,,
2026-03-25 00:00,0.0,0.0,0.0,0.0,0.0,0.0,0.0,0.0,,0.0,0.0,0.0,0.0,0.0,0.0,0.0,0.0,0.0,0.0,,,,,,
2026-03-25 01:00,0.0,0.0,0.0,0.0,0.0,0.0,0.0,0.0,,0.0,0.0,0.0,0.0,0.0,0.0,0.0,0.0,0.0,0.0,,,,,,
2026-03-25 02:00,0.0,0.0,0.0,0.0,0.0,0.0,0.0,0.0,,0.0,0.0,0.0,0.0,0.0,0.0,0.0,0.0,0.0,0.0,,,,,,
2026-03-25 03:00,0.0,0.17,0.0,0.0,0.0,0.0,0.0,0.0,,0.0,0.0,0.0,0.0,0.0,0.0,0.0,0.0,0.0,0.0,,,,,,
2026-03-25 04:00,0.0,0.0,0.0,0.0,0.0,0.0,0.33,0.0,,0.0,0.0,0.0,0.0,0.0,0.0,0.0,0.0,0.0,0.0,,,,,,
2026-03-25 05:00,6.17,3.0,4.17,1.5,2.17,1.33,1.5,1.33,,1.17,0.5,1.5,1.67,0.33,1.5,9.67,6.0,2.33,1.0,,,,,,
2026-03-25 06:00,52.33,77.83,70.83,107.33,59.83,77.5,59.83,96.33,,42.33,37.83,99.17,101.67,21.5,102.67,54.67,64.17,26.33,87.67,,,,,,
2026-03-25 07:00,147.0,103.5,131.5,311.83,301.33,297.83,97.67,304.17,332.17,296.67,72.17,325.5,350.17,14.0,250.83,135.67,121.33,127.83,318.83,,,,,,
2026-03-25 08:00,238.17,199.67,246.33,558.0,339.33,518.5,282.5,524.33,552.67,519.5,461.17,551.83,612.33,30.17,503.33,311.0,250.67,266.0,549.67,,,,,,
2026-03-25 09:00,644.5,566.33,308.33,272.17,582.17,711.83,485.67,727.67,720.83,688.33,586.5,701.17,867.67,224.83,171.67,382.33,417.33,368.17,739.83,,,,,,
2026-03-25 10:00,569.5,500.67,790.17,534.0,819.17,736.17,520.67,831.17,896.33,744.17,602.0,787.0,563.17,414.8,284.75,665.0,754.67,527.0,894.67,,,,,,
2026-03-25 11:00,810.83,759.83,614.33,788.83,925.17,622.17,496.83,636.0,951.33,642.17,909.8,857.2,592.75,726.0,643.67,654.33,761.0,813.0,1002.0,,,,,,
2026-03-25 12:00,630.67,739.83,654.67,738.6,852.83,582.6,876.67,785.0,913.2,416.67,877.33,757.17,845.8,595.0,759.4,748.5,706.5,543.0,814.0,,,,,,
2026-03-25 13:00,223.33,631.17,644.17,469.2,740.0,643.0,824.17,286.17,539.17,563.17,623.5,495.5,781.6,793.33,656.17,618.0,570.0,594.33,379.33,,,,,,
2026-03-25 14:00,577.33,229.17,697.67,163.17,382.83,275.83,514.5,57.83,221.5,207.83,558.67,220.5,307.17,440.17,354.33,490.83,588.5,626.5,84.33,,,,,,
2026-03-25 15:00,259.17,376.83,348.5,118.0,215.17,46.83,386.0,26.5,54.0,118.33,265.83,39.83,103.5,164.33,61.5,338.0,399.33,382.17,74.0,,,,,,
2026-03-25 16:00,89.83,145.83,117.33,,64.83,37.33,134.67,91.5,44.5,20.83,129.0,19.67,9.5,45.33,14.33,96.67,165.5,113.17,127.0,,,,,,
2026-03-25 17:00,23.0,41.5,19.67,,2.0,2.67,24.33,84.33,143.67,5.0,18.67,53.5,24.0,0.5,2.33,21.83,29.17,17.83,46.33,,,,,,
2026-03-25 18:00,0.0,0.0,0.0,0.0,0.0,0.0,0.0,0.0,,1.0,0.0,0.5,1.17,0.0,0.0,0.5,0.0,0.0,0.0,,,,,,
2026-03-25 19:00,0.0,0.0,0.0,0.0,0.0,0.0,0.0,0.0,,1.5,0.0,0.0,0.17,0.0,0.0,1.33,0.0,0.0,0.0,,,,,,
2026-03-25 20:00,0.0,0.0,0.0,0.0,0.0,0.0,0.0,0.0,,1.5,0.0,0.0,1.0,0.0,0.0,1.0,0.0,0.0,0.0,,,,,,
2026-03-25 21:00,0.0,0.0,0.0,0.0,0.0,0.0,0.0,0.0,,0.67,0.0,0.0,0.5,0.0,0.0,1.67,0.0,0.5,0.0,,,,,,
2026-03-25 22:00,0.0,0.0,0.0,0.0,0.0,0.0,0.0,0.0,,0.0,0.0,0.0,0.17,0.0,0.0,1.67,0.0,0.17,0.0,,,,,,
2026-03-25 23:00,0.0,0.0,0.0,0.0,0.0,0.0,0.0,0.0,,0.33,0.0,0.0,0.0,0.0,0.0,0.83,0.0,0.0,0.0,,,,,,
2026-03-26 00:00,0.0,0.0,0.0,0.0,0.0,0.0,0.0,0.0,,2.83,0.33,0.0,0.33,0.0,0.0,1.0,0.0,0.0,0.0,,,,,,
2026-03-26 01:00,0.0,0.0,0.0,0.0,0.0,0.0,0.0,0.0,,0.83,0.67,0.0,0.5,0.0,0.0,1.0,0.0,0.0,0.0,,,,,,
2026-03-26 02:00,0.0,0.0,0.0,0.0,0.0,0.0,0.0,0.0,,0.0,0.17,0.0,0.33,0.0,0.0,1.0,0.0,0.0,0.0,,,,,,
2026-03-26 03:00,0.0,0.0,0.0,0.0,0.0,0.0,0.0,0.0,,0.0,0.0,0.0,0.17,0.0,0.0,0.83,0.0,0.0,0.0,,,,,,
2026-03-26 04:00,0.0,0.0,0.0,0.0,0.0,0.0,0.0,0.0,,0.0,0.0,0.0,1.0,0.0,0.0,1.0,0.0,0.0,0.0,,,,,,
2026-03-26 05:00,1.67,1.17,3.0,1.0,2.0,0.0,2.67,0.33,,0.17,2.67,0.83,1.67,1.0,0.83,3.33,5.5,3.17,0.33,,,,,,
2026-03-26 06:00,66.33,80.0,48.83,24.0,17.33,24.0,123.0,7.83,,19.5,119.33,10.17,28.67,27.33,26.0,69.0,93.0,60.83,9.67,,,,,,
2026-03-26 07:00,124.67,147.0,224.67,45.0,156.17,45.0,334.5,20.5,,85.67,168.33,49.83,136.67,137.5,39.67,102.83,233.5,155.17,63.17,,,,,,
2026-03-26 08:00,493.33,492.83,269.83,171.83,312.0,249.17,286.33,123.83,,146.83,375.33,92.67,136.17,232.33,92.67,126.17,528.33,367.0,62.33,,,,,,
2026-03-26 09:00,763.67,603.33,367.17,111.33,178.33,201.83,267.17,143.67,,396.33,605.67,203.33,265.17,402.83,108.33,565.17,663.83,651.17,203.67,,,,,,
2026-03-26 10:00,776.8,379.5,479.67,153.0,388.0,327.33,684.67,184.17,,572.0,465.67,441.17,456.0,662.83,109.67,549.33,777.17,546.33,173.67,,,,,,
2026-03-26 11:00,241.4,288.67,476.0,389.83,210.67,264.5,587.5,596.83,270.67,344.33,176.67,394.5,569.0,594.67,383.83,710.8,815.0,812.0,252.67,,,,,,
2026-03-26 12:00,744.0,241.0,384.5,236.0,494.0,158.0,771.67,621.5,215.75,487.17,584.0,635.33,576.0,509.67,175.67,350.33,577.67,307.5,408.5,,,,,,
2026-03-26 13:00,64.17,234.0,330.0,150.0,665.0,,485.17,394.17,366.33,192.17,370.83,465.33,605.33,766.2,111.17,216.67,546.67,309.83,394.67,,,,,,
2026-03-26 14:00,282.83,153.83,250.17,234.67,290.17,,359.67,400.67,407.33,326.83,498.83,416.67,433.33,650.67,424.5,86.17,254.5,102.67,661.5,,,,,,
2026-03-26 15:00,273.5,168.17,202.33,272.5,152.83,,255.17,181.5,238.33,244.83,227.17,426.0,321.83,472.33,150.17,158.0,119.33,130.5,241.0,,,,,,
2026-03-26 16:00,31.83,132.17,118.67,,51.0,26.0,210.0,204.5,92.67,80.0,188.17,265.33,225.5,179.33,153.67,90.17,92.0,112.5,109.83,,,,,,
2026-03-26 17:00,12.17,15.17,26.0,,44.0,18.0,88.0,27.83,100.25,44.33,102.67,93.67,100.5,98.33,83.0,51.17,19.83,66.5,21.17,,,,,,
2026-03-26 18:00,0.17,0.67,0.67,0.0,0.67,0.0,0.5,0.83,,0.83,1.0,0.67,0.83,0.17,0.5,1.5,0.67,0.83,0.67,,,,,,
2026-03-26 19:00,0.0,0.0,0.0,0.0,0.0,0.0,0.0,0.0,,0.0,0.0,0.0,0.33,0.0,0.0,0.17,0.0,0.0,0.0,,,,,,
2026-03-26 20:00,0.0,0.0,0.0,0.0,0.0,0.0,0.0,0.0,,0.0,0.0,0.0,0.0,0.0,0.0,0.17,0.0,0.0,0.0,,,,,,
2026-03-26 21:00,0.0,0.0,0.0,0.0,0.0,0.0,0.0,0.0,,0.0,0.0,0.0,0.0,0.0,0.0,0.17,0.0,0.0,0.0,,,,,,
2026-03-26 22:00,0.0,0.0,0.0,0.0,0.0,0.0,0.0,0.0,,0.0,0.0,0.0,0.33,0.0,0.0,0.0,0.0,0.0,0.0,,,,,,
2026-03-26 23:00,0.0,0.0,0.0,0.0,0.0,0.0,0.0,0.0,,0.0,0.0,0.0,0.67,0.0,0.0,0.0,0.0,0.0,0.0,,,,,,
2026-03-27 00:00,0.0,0.0,0.0,0.0,0.0,0.0,0.17,0.0,,0.0,0.0,0.0,0.17,0.0,0.0,0.5,0.0,0.0,0.0,,,,,,
2026-03-27 01:00,0.0,0.0,0.0,0.0,0.0,0.0,0.0,0.0,,0.0,0.0,0.0,0.67,0.0,0.0,1.0,0.0,0.0,0.0,,,,,,
2026-03-27 02:00,0.0,0.0,0.0,0.0,0.0,0.0,0.0,0.0,,0.0,0.0,0.0,0.17,0.0,0.0,0.67,0.0,0.0,0.0,,,,,,
2026-03-27 03:00,0.0,0.0,0.0,0.0,0.0,0.0,0.0,0.0,,0.17,0.0,0.0,0.5,0.0,0.0,1.0,0.0,0.0,0.0,,,,,,
2026-03-27 04:00,0.0,0.0,0.0,0.0,0.0,0.0,0.0,0.0,,0.17,0.0,0.0,0.33,0.0,0.0,0.83,0.0,0.33,0.0,,,,,,
2026-03-27 05:00,1.67,0.83,1.83,1.5,2.17,1.0,2.83,0.83,,1.17,3.0,0.67,1.67,0.5,0.0,3.0,1.17,1.83,1.5,,,,,,
2026-03-27 06:00,76.67,44.33,45.5,26.17,48.5,29.67,56.0,51.83,,52.0,92.33,56.17,52.5,29.83,27.5,113.33,61.0,104.5,96.83,,,,,,
2026-03-27 07:00,143.83,252.17,101.5,158.5,95.67,77.83,190.17,259.83,420.25,294.0,223.5,45.17,237.0,161.17,76.17,160.33,162.83,141.83,330.67,,,,,,
2026-03-27 08:00,190.17,451.17,418.5,311.0,84.83,278.5,468.5,536.0,353.67,436.67,330.5,128.5,156.33,344.17,170.33,402.67,355.67,356.5,530.33,,,,,,
2026-03-27 09:00,689.17,347.5,541.67,222.83,611.83,562.17,503.5,628.83,539.5,766.5,403.0,417.5,296.33,633.67,287.5,295.83,437.5,533.83,679.33,,,,,,
2026-03-27 10:00,675.8,509.5,745.83,304.17,619.0,732.5,755.67,391.33,639.17,700.33,540.67,625.0,674.83,554.17,129.33,407.5,355.5,554.67,736.17,,,,,,
2026-03-27 11:00,534.5,557.33,884.83,434.83,569.17,895.83,750.33,763.5,779.0,1008.17,756.2,697.83,723.0,433.67,158.83,364.67,744.0,696.5,976.5,,,,,,
2026-03-27 12:00,724.5,447.17,855.83,717.67,224.67,903.5,764.5,715.5,688.67,969.67,511.83,900.0,707.67,659.4,351.5,763.5,1015.17,881.0,991.33,,,,,,
2026-03-27 13:00,494.5,766.0,633.83,703.83,256.33,874.67,634.67,861.0,721.17,883.17,392.33,825.67,537.0,293.17,562.5,192.5,534.17,395.67,857.5,,,,,,
2026-03-27 14:00,337.17,253.83,379.83,696.17,335.83,778.0,333.67,749.5,593.17,712.5,384.17,725.67,468.0,514.5,519.33,469.33,664.17,504.5,699.0,,,,,,
2026-03-27 15:00,457.5,322.67,330.0,601.0,491.0,465.83,397.5,543.5,543.67,327.17,404.83,491.67,431.17,458.17,381.83,531.83,213.83,498.17,539.67,,,,,,
2026-03-27 16:00,292.83,148.5,290.0,,122.17,179.0,109.33,287.0,301.33,164.0,136.33,271.83,258.17,221.67,86.17,324.17,240.33,291.67,310.17,,,,,,
2026-03-27 17:00,51.83,44.67,26.17,,38.0,52.17,20.67,64.0,66.67,52.5,31.83,53.33,67.0,72.33,41.5,53.67,61.83,47.5,68.33,,,,,,
2026-03-27 18:00,0.0,0.5,0.0,0.0,0.17,0.0,0.33,0.83,2.0,0.0,0.5,0.33,0.5,0.17,0.0,0.33,0.0,0.5,0.5,,,,,,
2026-03-27 19:00,0.0,0.0,0.0,0.0,0.0,0.0,0.0,0.0,,0.0,0.0,0.0,0.0,0.0,0.0,0.0,0.0,0.0,0.0,,,,,,
2026-03-27 20:00,0.0,0.0,0.0,0.0,0.0,0.0,0.0,0.0,,0.0,0.0,0.0,0.0,0.0,0.0,0.33,0.0,0.0,0.0,,,,,,
2026-03-27 21:00,0.0,0.0,0.0,0.0,0.0,0.0,0.0,0.0,,0.0,0.0,0.0,0.0,0.0,0.0,0.0,0.0,0.0,0.0,,,,,,
2026-03-27 22:00,0.0,0.0,0.0,0.0,0.0,0.0,0.0,0.0,,0.0,0.0,0.0,0.0,0.0,0.0,0.0,0.0,0.0,0.0,,,,,,
2026-03-27 23:00,0.0,0.0,0.0,0.0,0.0,0.0,0.0,0.0,,0.0,0.0,0.0,0.0,0.0,0.0,0.0,0.0,0.0,0.0,,,,,,
2026-03-28 00:00,0.0,0.0,0.0,0.0,0.0,0.0,0.0,0.0,,0.0,0.0,0.0,0.0,0.0,0.0,0.0,0.0,0.0,0.0,,,,,,
2026-03-28 01:00,0.0,0.0,0.0,0.0,0.0,0.0,0.0,0.0,,0.0,0.0,0.0,0.0,0.0,0.0,0.0,0.0,0.0,0.0,,,,,,
2026-03-28 02:00,0.0,0.0,0.0,0.0,0.0,0.0,0.0,0.0,,0.0,0.0,0.0,0.0,0.0,0.0,0.0,0.0,0.0,0.0,,,,,,
2026-03-28 03:00,0.0,0.0,0.0,0.0,0.0,0.0,0.0,0.0,,0.0,0.0,0.0,0.0,0.0,0.0,0.0,0.0,0.0,0.0,,,,,,
2026-03-28 04:00,0.0,0.0,0.0,0.0,0.0,0.0,0.0,0.0,,0.0,0.0,0.0,0.0,0.0,0.0,0.0,0.0,0.0,0.0,,,,,,
2026-03-28 05:00,2.33,2.67,2.5,4.0,3.17,2.33,3.0,1.83,,2.5,3.5,3.0,3.5,3.17,3.0,4.5,2.0,3.33,2.0,,,,,,
2026-03-28 06:00,101.0,62.0,64.5,123.17,79.33,108.33,109.0,107.5,,68.67,105.67,104.5,119.17,77.83,109.67,123.83,71.17,118.83,111.83,,,,,,
2026-03-28 07:00,242.67,252.33,221.83,338.33,320.0,334.67,274.17,319.0,346.67,329.83,274.67,341.0,356.0,328.0,327.5,266.0,295.67,266.0,339.5,,,,,,
2026-03-28 08:00,361.0,447.5,413.83,577.0,542.67,556.17,430.5,551.33,569.33,554.33,478.17,566.67,614.33,557.33,562.67,502.17,383.5,480.33,572.0,,,,,,
2026-03-28 09:00,589.17,695.0,641.33,769.33,724.17,744.83,701.33,754.0,759.0,754.0,714.83,755.0,815.67,739.83,735.5,704.0,679.83,675.17,765.67,,,,,,
2026-03-28 10:00,835.5,778.0,838.83,888.33,848.5,880.33,858.33,887.5,891.5,899.17,852.83,888.67,946.5,869.17,853.67,859.67,811.5,842.17,906.0,,,,,,
2026-03-28 11:00,882.67,945.33,868.33,954.0,921.17,954.17,918.83,955.67,958.83,976.83,925.83,950.0,958.83,930.0,915.0,904.33,937.0,901.67,973.0,,,,,,
2026-03-28 12:00,883.33,929.5,857.17,945.33,911.33,952.83,921.0,957.83,949.5,969.5,922.67,934.5,995.33,928.83,905.5,894.33,920.67,882.5,960.67,,,,,,
2026-03-28 13:00,770.5,811.83,816.83,842.33,834.67,878.17,855.67,875.33,845.67,896.17,856.17,842.0,883.33,847.33,810.5,829.67,829.17,817.83,876.33,,,,,,
2026-03-28 14:00,562.5,443.33,701.5,693.0,681.33,730.83,709.5,678.33,742.33,744.33,696.5,708.0,720.67,667.83,661.83,683.67,673.5,686.17,723.67,,,,,,
2026-03-28 15:00,349.5,287.5,378.0,486.5,390.17,545.67,382.83,532.5,481.17,537.83,396.67,470.67,468.5,369.83,403.33,392.67,449.33,406.83,553.0,,,,,,
2026-03-28 16:00,171.33,196.17,183.5,,208.5,271.0,188.5,240.0,303.33,292.83,201.67,298.83,326.5,247.5,241.5,194.5,191.67,189.5,273.0,,,,,,
2026-03-28 17:00,43.0,49.0,44.0,,63.33,60.83,46.0,65.0,60.33,59.33,49.67,57.83,69.67,75.17,36.5,47.5,38.33,45.5,59.33,,,,,,
2026-03-28 18:00,0.0,0.17,0.17,0.0,0.0,0.17,0.17,0.5,0.5,0.17,0.33,0.17,0.33,0.0,0.0,0.17,0.0,0.17,0.33,,,,,,
2026-03-28 19:00,0.0,0.0,0.0,0.0,0.0,0.0,0.0,0.0,,0.0,0.0,0.0,0.0,0.0,0.0,0.0,0.0,0.0,0.0,,,,,,
2026-03-28 20:00,0.0,0.0,0.0,0.0,0.0,0.0,0.0,0.0,,0.0,0.0,0.0,0.0,0.0,0.0,0.0,0.0,0.0,0.0,,,,,,
2026-03-28 21:00,0.0,0.0,0.0,0.0,0.0,0.0,0.0,0.0,,0.0,0.0,0.0,0.0,0.0,0.0,0.0,0.0,0.0,0.0,,,,,,
2026-03-28 22:00,0.0,0.0,0.0,0.0,0.0,0.0,0.0,0.0,,0.0,0.0,0.0,0.33,0.0,0.0,0.0,0.0,0.0,0.0,,,,,,
2026-03-28 23:00,0.0,0.0,0.0,0.0,0.0,0.0,0.0,0.0,,0.0,0.0,0.0,0.17,0.0,0.0,0.17,0.0,0.0,0.0,,,,,,
2026-03-29 00:00,0.0,0.0,0.0,0.0,0.0,0.0,0.0,0.0,,0.0,0.0,0.0,0.0,0.0,0.0,0.67,0.0,0.0,0.0,,,,,,
2026-03-29 01:00,0.0,0.17,0.0,0.0,0.0,0.0,0.0,0.0,,0.0,0.0,0.0,0.5,0.0,0.0,1.0,0.0,0.0,0.0,,,,,,
2026-03-29 02:00,0.0,0.5,0.0,0.0,0.0,0.0,0.0,0.0,,0.0,0.0,0.0,0.0,0.0,0.0,1.0,0.0,0.0,0.0,,,,,,
2026-03-29 03:00,0.0,0.0,0.0,0.0,0.0,0.0,0.0,0.0,,0.0,0.0,0.0,0.0,0.0,0.0,0.83,0.0,0.0,0.0,,,,,,
2026-03-29 04:00,0.0,0.0,0.0,0.0,0.0,0.0,0.0,0.0,,0.0,0.0,0.0,0.17,0.0,0.17,0.83,0.0,0.0,0.0,,,,,,
2026-03-29 05:00,0.17,0.17,0.33,0.67,1.17,0.83,0.33,0.17,,0.67,0.33,0.17,0.5,0.5,0.0,1.5,0.33,0.83,0.17,,,,,,
2026-03-29 06:00,26.17,19.17,23.17,10.17,19.5,14.33,10.0,14.0,,35.83,14.0,12.0,10.67,7.67,5.0,14.0,30.5,14.5,19.67,,,,,,
2026-03-29 07:00,90.17,76.83,108.67,106.33,28.0,67.67,44.33,64.67,,149.17,64.0,55.67,89.33,48.17,59.5,71.17,110.5,114.83,45.0,,,,,,
2026-03-29 08:00,315.17,183.33,275.0,252.17,186.83,200.5,73.17,85.5,,333.67,105.33,88.67,119.33,105.67,266.83,267.0,197.83,355.5,71.0,,,,,,
2026-03-29 09:00,86.83,116.67,91.5,426.33,94.17,631.83,91.67,115.33,130.0,651.67,107.67,171.67,171.67,168.83,172.0,110.67,80.0,110.33,102.67,,,,,,
2026-03-29 10:00,117.17,100.17,198.0,164.33,85.5,410.33,133.67,160.67,204.25,668.83,100.17,79.5,138.5,216.67,66.5,164.83,145.33,178.83,134.83,,,,,,
2026-03-29 11:00,111.83,112.5,142.83,260.0,184.0,433.5,148.83,131.83,225.83,613.83,144.17,121.5,144.0,191.67,159.17,88.0,125.33,91.0,289.67,,,,,,
2026-03-29 12:00,98.5,95.83,314.67,133.5,76.0,465.33,300.33,72.0,141.0,561.83,181.5,90.83,155.33,307.17,93.83,142.83,65.0,199.33,245.17,,,,,,
2026-03-29 13:00,116.0,106.17,467.0,161.67,115.0,428.5,266.67,164.0,149.0,401.0,410.5,174.0,264.5,255.83,161.67,246.33,74.5,307.5,426.5,,,,,,
2026-03-29 14:00,105.5,162.5,458.83,137.5,258.67,333.33,465.5,392.17,303.5,217.67,422.5,231.17,487.0,375.0,90.67,277.33,159.33,193.5,111.67,,,,,,
2026-03-29 15:00,132.0,184.0,280.83,77.5,205.83,46.0,435.5,236.83,249.67,306.67,368.0,440.83,509.33,492.0,94.17,553.0,165.83,194.33,122.5,,,,,,
2026-03-29 16:00,114.83,109.0,185.67,,94.33,22.5,205.33,235.0,111.0,83.5,277.5,248.67,270.33,241.33,182.17,211.67,94.0,254.0,61.83,,,,,,
2026-03-29 17:00,45.33,23.67,36.33,,44.67,18.17,65.17,76.0,89.33,23.5,97.0,47.17,79.5,82.83,51.83,59.33,38.67,87.5,22.0,,,,,,
2026-03-29 18:00,0.17,0.67,0.33,0.0,0.5,0.5,0.5,1.0,,0.33,0.67,0.83,1.0,0.33,0.33,0.5,0.33,0.67,0.83,,,,,,
2026-03-29 19:00,0.0,0.0,0.0,0.0,0.0,0.0,0.0,0.0,,0.0,0.0,0.0,0.0,0.0,0.0,0.0,0.0,0.0,0.0,,,,,,
2026-03-29 20:00,0.0,0.0,0.0,0.0,0.0,0.0,0.0,0.0,,0.0,0.0,0.0,0.0,0.0,0.0,0.0,0.0,0.0,0.0,,,,,,
2026-03-29 21:00,0.0,0.0,0.0,0.0,0.0,0.0,0.0,0.0,,0.0,0.0,0.0,0.0,0.0,0.0,0.0,0.0,0.0,0.0,,,,,,
2026-03-29 22:00,0.0,0.0,0.0,0.0,0.0,0.0,0.0,0.0,,0.0,0.0,0.0,0.0,0.0,0.0,0.0,0.0,0.0,0.0,,,,,,
2026-03-29 23:00,0.0,0.0,0.0,0.0,0.0,0.0,0.0,0.0,,0.0,0.0,0.0,0.0,0.0,0.0,0.0,0.0,0.0,0.0,,,,,,
2026-03-30 00:00,0.0,0.0,0.0,0.0,0.0,0.0,0.0,0.0,,0.0,0.0,0.0,0.0,0.0,0.0,0.0,0.0,0.0,0.0,,,,,,
2026-03-30 01:00,0.0,0.0,0.0,0.0,0.0,0.0,0.0,0.0,,0.0,0.0,0.0,0.0,0.0,0.0,0.0,0.0,0.0,0.0,,,,,,
2026-03-30 02:00,0.0,0.0,0.0,0.0,0.0,0.0,0.0,0.0,,0.0,0.0,0.0,0.0,0.0,0.0,0.0,0.0,0.0,0.0,,,,,,
2026-03-30 03:00,0.0,0.0,0.0,0.0,0.0,0.0,0.0,0.0,,0.0,0.0,0.0,0.0,0.0,0.0,0.0,0.0,0.0,0.0,,,,,,
2026-03-30 04:00,0.0,0.0,0.0,0.0,0.0,0.0,0.0,0.0,,0.0,0.0,0.0,0.0,0.0,0.0,1.0,0.0,0.0,0.0,,,,,,
2026-03-30 05:00,0.5,1.5,2.67,1.33,3.5,1.67,2.33,2.17,,1.17,2.83,3.0,3.5,2.33,2.0,2.83,0.5,2.83,1.83,,,,,,
2026-03-30 06:00,74.5,64.17,56.0,120.17,54.17,79.83,69.0,96.67,,53.5,85.33,96.5,122.5,95.83,42.17,34.5,28.5,52.17,118.67,,,,,,
2026-03-30 07:00,269.67,180.83,261.5,183.0,300.0,263.67,254.83,331.83,335.5,250.83,287.33,302.17,366.17,93.0,137.83,300.17,168.0,228.5,355.5,,,,,,
2026-03-30 08:00,558.83,376.0,423.83,305.33,315.67,470.5,432.33,559.67,509.33,334.83,534.33,576.5,595.67,258.33,318.17,585.5,422.5,570.0,590.0,,,,,,
2026-03-30 09:00,664.33,331.33,330.0,224.17,192.67,741.17,513.5,770.5,596.0,699.83,531.17,686.0,442.67,791.17,291.5,569.83,470.67,699.33,786.33,,,,,,
2026-03-30 10:00,255.83,446.0,565.67,268.67,481.17,873.17,727.83,918.0,701.0,731.17,772.33,454.17,703.17,794.67,296.0,267.0,757.67,586.67,915.83,,,,,,
2026-03-30 11:00,721.6,523.5,748.4,710.0,605.33,829.67,819.83,936.17,922.0,688.5,915.0,706.83,635.67,817.67,431.33,472.5,984.5,935.83,1001.33,,,,,,
2026-03-30 12:00,419.0,811.0,470.5,563.5,454.5,796.33,905.17,939.33,793.6,906.67,644.33,954.67,782.17,850.5,298.0,922.5,745.83,852.17,993.33,,,,,,
2026-03-30 13:00,533.17,538.5,604.0,697.5,307.83,880.2,732.83,891.67,627.17,888.0,568.83,808.5,811.17,629.75,417.17,749.17,470.0,718.5,914.0,,,,,,
2026-03-30 14:00,488.83,644.67,608.33,437.83,648.33,760.5,517.5,747.33,585.0,747.83,390.33,725.33,715.0,660.67,268.67,653.17,436.67,684.83,769.5,,,,,,
2026-03-30 15:00,457.67,359.17,300.0,272.5,528.67,548.83,276.0,553.0,509.0,537.67,262.0,530.83,507.5,494.33,327.83,482.0,405.5,441.0,571.33,,,,,,
2026-03-30 16:00,219.67,137.0,148.83,,273.0,324.0,186.83,322.83,319.33,309.0,175.0,322.83,345.17,256.0,202.33,301.17,126.33,156.0,330.83,,,,,,
2026-03-30 17:00,42.67,23.0,41.67,,46.83,88.0,33.83,95.33,92.5,63.17,56.83,92.67,84.5,47.67,56.17,67.83,55.5,40.83,97.5,,,,,,
2026-03-30 18:00,0.33,0.5,0.33,0.0,0.17,17.67,0.83,1.0,2.33,0.17,1.5,0.83,1.67,0.83,0.0,0.83,0.33,0.5,1.0,,,,,,
2026-03-30 19:00,0.0,0.0,0.0,0.0,0.0,0.0,0.0,0.0,,0.0,0.0,0.0,0.0,0.0,0.0,0.0,0.0,0.0,0.0,,,,,,
2026-03-30 20:00,0.0,0.0,0.0,0.0,0.0,0.0,0.0,0.0,,0.0,0.0,0.0,0.0,0.0,0.0,0.0,0.0,0.0,0.0,,,,,,
2026-03-30 21:00,0.0,0.0,0.0,0.0,0.0,0.0,0.0,0.0,,0.0,0.0,0.0,0.0,0.0,0.0,0.0,0.0,0.0,0.0,,,,,,
2026-03-30 22:00,0.0,0.0,0.0,0.0,0.0,0.0,0.0,0.0,,0.0,0.0,0.0,0.0,0.0,0.0,0.0,0.0,0.0,0.0,,,,,,
2026-03-30 23:00,0.0,0.0,0.0,0.0,0.0,0.0,0.0,0.0,,0.0,0.0,0.0,0.0,0.0,0.0,0.0,0.0,0.0,0.0,,,,,,
2026-03-31 00:00,0.0,0.0,0.0,0.0,0.0,0.0,0.0,0.0,,0.0,0.0,0.0,0.0,0.0,0.0,0.0,0.0,0.0,0.0,,,,,,
2026-03-31 01:00,0.0,0.0,0.0,0.0,0.0,0.0,0.0,0.0,,0.0,0.0,0.0,0.0,0.0,0.0,0.0,0.0,0.0,0.0,,,,,,
2026-03-31 02:00,0.0,0.0,0.0,0.0,0.0,0.0,0.0,0.0,,0.0,0.0,0.0,0.0,0.0,0.0,0.67,0.0,0.0,0.0,,,,,,
2026-03-31 03:00,0.0,0.0,0.0,0.0,0.0,0.0,0.0,0.0,,0.0,0.0,0.0,0.0,0.0,0.0,0.5,0.0,0.0,0.0,,,,,,
2026-03-31 04:00,0.0,0.0,0.0,0.0,0.0,0.0,0.0,0.0,,0.0,0.0,0.0,0.0,0.0,0.0,0.0,0.0,0.0,0.0,,,,,,
2026-03-31 05:00,3.33,5.5,3.0,6.17,6.67,3.33,1.33,2.83,,3.33,3.83,4.17,3.5,2.67,2.83,5.0,3.33,3.0,2.83,,,,,,
2026-03-31 06:00,60.83,82.67,63.33,82.0,88.5,120.67,77.0,116.17,183.0,84.83,113.17,122.67,66.67,79.83,68.17,125.0,70.5,108.5,126.0,,,,,,
2026-03-31 07:00,184.5,393.33,163.33,234.17,160.5,354.33,275.5,347.33,393.2,334.33,359.5,354.5,238.5,209.67,277.0,302.83,219.33,316.17,365.5,,,,,,
2026-03-31 08:00,477.0,597.5,444.0,444.0,412.33,573.83,286.33,577.33,583.17,563.17,513.0,606.83,565.33,495.67,495.0,486.67,363.17,573.0,599.67,,,,,,
2026-03-31 09:00,666.33,715.17,601.33,601.83,440.67,756.83,545.33,799.17,648.83,769.83,718.5,558.67,682.33,506.5,482.33,685.5,711.33,507.0,790.83,,,,,,
2026-03-31 10:00,316.5,867.33,539.83,609.4,565.17,882.83,428.0,920.67,884.5,911.0,979.0,828.0,430.17,366.0,468.67,603.67,988.17,906.0,921.83,,,,,,
2026-03-31 11:00,877.0,943.67,458.17,714.6,845.33,966.83,846.0,965.67,977.17,956.33,795.0,1057.5,734.2,660.6,707.33,827.5,995.17,635.67,991.0,,,,,,
2026-03-31 12:00,498.0,782.0,621.83,1024.8,917.17,965.83,986.67,920.0,941.67,747.0,1000.83,746.83,771.0,,897.0,659.5,981.5,377.83,967.83,,,,,,
2026-03-31 13:00,650.6,535.5,568.0,904.83,817.67,873.17,887.83,869.33,851.33,866.5,881.67,852.5,894.33,879.17,912.8,719.17,894.67,482.0,871.17,,,,,,
2026-03-31 14:00,724.0,454.5,239.17,632.33,647.33,725.17,741.17,701.5,714.5,706.5,710.5,699.83,769.17,718.83,654.33,565.5,712.67,657.33,771.83,,,,,,
2026-03-31 15:00,299.33,388.33,471.83,562.0,511.67,548.0,558.67,385.67,477.5,505.17,543.0,451.33,539.67,530.5,555.33,175.17,535.0,299.83,511.83,,,,,,
2026-03-31 16:00,242.33,108.83,328.67,,247.33,280.67,307.5,275.67,247.0,287.83,312.33,271.0,308.5,300.17,286.33,143.5,288.5,311.83,325.17,,,,,,
2026-03-31 17:00,64.33,32.83,57.33,,60.0,56.5,77.33,88.5,77.0,64.67,93.33,84.17,95.0,79.83,44.0,72.5,66.33,85.0,76.33,,,,,,
2026-03-31 18:00,0.5,0.33,0.5,0.0,0.17,0.0,0.5,1.0,1.33,0.0,0.83,0.83,1.0,0.67,0.17,1.0,0.0,0.83,0.33,,,,,,
2026-03-31 19:00,0.0,0.0,0.0,0.0,0.0,0.0,0.0,0.0,,0.0,0.0,0.0,0.0,0.0,0.0,0.0,0.0,0.0,0.0,,,,,,
2026-03-31 20:00,0.0,0.0,0.0,0.0,0.0,0.0,0.0,0.0,,0.0,0.0,0.0,0.0,0.0,0.0,0.0,0.0,0.0,0.0,,,,,,
2026-03-31 21:00,0.0,0.0,0.0,0.0,0.0,0.0,0.0,0.0,,0.0,0.0,0.0,0.0,0.0,0.0,0.0,0.0,0.0,0.0,,,,,,
2026-03-31 22:00,0.0,0.0,0.0,0.0,0.0,0.0,0.0,0.0,,0.0,0.0,0.0,0.0,0.0,0.0,0.0,0.0,0.0,0.0,,,,,,
2026-03-31 23:00,0.0,0.0,0.0,0.0,0.0,0.0,0.0,0.0,,0.0,0.0,0.0,0.0,0.0,0.0,0.0,0.0,0.0,0.0,,,,,,
2026-04-01 00:00,0.0,0.0,0.0,0.0,0.0,0.0,0.0,0.0,,0.0,0.0,0.0,0.0,0.0,0.0,0.0,0.0,0.0,0.0,,,,,,
2026-04-01 01:00,0.0,0.0,0.0,0.0,0.0,0.0,0.0,0.0,,0.0,0.0,0.0,0.0,0.0,0.0,0.0,0.0,0.0,0.0,,,,,,
2026-04-01 02:00,0.0,0.0,0.0,0.0,0.0,0.0,0.0,0.0,,0.0,0.0,0.0,0.5,0.0,0.0,0.0,0.0,0.0,0.0,,,,,,
2026-04-01 03:00,0.0,0.17,0.0,0.0,0.0,0.0,0.0,0.0,,0.0,0.0,0.0,0.83,0.0,0.0,0.0,0.0,0.0,0.0,,,,,,
2026-04-01 04:00,0.0,0.0,0.0,0.0,0.0,0.0,0.0,0.0,,0.0,0.0,0.33,0.5,0.0,0.0,0.0,0.0,0.0,0.0,,,,,,
2026-04-01 05:00,5.0,11.83,4.33,0.33,1.67,2.67,3.0,2.17,,3.0,2.67,0.67,1.83,2.17,0.0,4.33,12.17,3.0,1.0,,,,,,
2026-04-01 06:00,40.5,131.67,40.83,31.17,58.0,62.0,34.67,60.33,,76.83,30.17,53.83,32.0,39.33,26.33,34.83,93.33,32.17,58.0,,,,,,
2026-04-01 07:00,98.67,211.5,111.33,79.5,61.33,225.33,92.33,61.67,,194.83,66.17,98.67,135.17,89.0,74.33,42.17,141.5,57.17,109.67,,,,,,
2026-04-01 08:00,68.0,318.17,53.0,191.67,141.33,421.5,58.67,114.5,175.0,377.33,97.5,147.17,194.0,121.33,160.33,41.17,180.0,41.67,216.67,,,,,,
2026-04-01 09:00,118.0,122.83,170.0,187.33,106.0,365.0,188.17,414.0,364.83,608.5,208.33,248.33,277.67,183.83,188.0,174.67,86.5,155.5,273.83,,,,,,
2026-04-01 10:00,133.0,108.83,201.67,254.5,196.67,614.83,421.33,373.33,452.33,659.5,324.83,465.17,477.0,333.67,289.33,139.33,90.83,173.33,430.0,,,,,,
2026-04-01 11:00,280.0,182.67,296.67,401.0,335.5,596.0,487.5,476.0,520.0,585.5,492.67,490.5,521.5,429.17,446.67,284.0,307.5,316.0,570.0,,,,,,
2026-04-01 12:00,286.67,448.33,282.17,335.67,288.17,525.17,411.17,298.5,351.5,620.0,410.67,376.33,464.33,471.33,392.33,309.83,335.5,337.33,489.0,,,,,,
2026-04-01 13:00,258.17,256.83,265.17,193.83,291.83,271.6,277.5,140.83,138.33,417.83,324.67,233.33,307.67,225.33,178.33,276.5,294.0,281.83,210.33,,,,,,
2026-04-01 14:00,131.5,220.5,127.33,121.83,164.33,155.33,113.5,73.17,88.33,82.67,132.33,93.83,128.17,155.67,134.5,217.5,180.0,160.67,94.33,,,,,,
2026-04-01 15:00,83.17,94.67,93.5,82.0,88.67,67.33,83.17,58.83,66.33,41.67,74.5,51.83,40.17,40.67,29.67,84.33,88.33,82.0,90.33,,,,,,
2026-04-01 16:00,30.83,47.17,31.5,,12.0,19.83,17.83,28.33,40.5,23.17,14.0,35.67,43.5,20.67,22.17,19.67,43.83,23.33,32.0,,,,,,
2026-04-01 17:00,3.83,3.67,2.33,,8.67,8.4,1.17,22.17,,9.0,4.17,14.33,14.5,10.5,11.5,4.5,6.5,3.67,22.83,,,,,,
2026-04-01 18:00,0.0,0.0,0.0,0.0,0.0,0.0,0.0,0.17,,0.0,0.0,0.33,1.33,0.0,0.17,1.33,0.0,0.33,0.5,,,,,,
2026-04-01 19:00,0.0,0.0,0.0,0.0,1.17,0.0,0.0,0.0,,0.0,0.0,0.0,0.0,0.0,0.0,0.83,0.0,0.0,0.0,,,,,,
2026-04-01 20:00,0.0,0.0,0.0,0.0,0.0,0.0,0.0,0.0,,0.0,0.0,0.0,0.5,0.0,0.0,0.67,0.0,0.33,0.0,,,,,,
2026-04-01 21:00,0.0,0.0,0.0,0.0,0.0,0.0,0.0,0.0,,0.0,0.0,0.0,0.33,0.0,0.0,1.0,0.0,0.5,0.0,,,,,,
2026-04-01 22:00,0.0,0.0,0.0,0.0,1.5,0.0,0.0,0.0,,0.0,0.0,0.0,1.0,0.0,0.0,1.0,0.0,0.5,0.0,,,,,,
2026-04-01 23:00,0.0,0.0,0.0,0.0,0.0,0.0,0.0,0.0,,0.0,0.0,0.0,1.0,0.0,0.0,1.0,0.0,0.5,0.0,,,,,,
2026-04-02 00:00,0.17,0.0,0.0,0.0,0.0,0.0,0.0,0.0,,0.0,0.0,0.0,0.33,0.0,0.0,1.17,0.0,0.67,0.0,,,,,,
2026-04-02 01:00,0.0,0.0,0.0,0.0,0.0,0.0,0.0,0.0,,0.0,0.0,0.0,0.0,0.0,0.0,1.83,0.0,1.0,0.0,,,,,,
2026-04-02 02:00,0.0,0.0,0.0,0.0,0.0,0.0,0.0,0.0,,0.0,0.0,0.0,0.33,0.0,0.0,1.17,0.0,1.17,0.0,,,,,,
2026-04-02 03:00,0.0,0.0,0.0,0.0,1.33,0.0,0.0,0.83,,0.0,0.0,0.0,0.5,0.0,0.33,1.5,0.0,0.83,0.0,,,,,,
2026-04-02 04:00,0.0,0.0,0.0,0.0,0.17,0.0,0.0,0.17,,0.0,0.0,0.0,0.0,0.0,0.33,2.0,0.0,0.83,0.0,,,,,,
2026-04-02 05:00,2.17,1.0,2.0,1.5,1.5,0.83,1.33,1.33,,1.67,1.67,0.33,1.17,1.0,0.83,5.0,2.5,2.67,0.5,,,,,,
2026-04-02 06:00,37.83,33.0,46.0,35.67,38.33,21.83,33.67,29.33,,44.83,45.0,42.0,41.67,34.67,32.17,53.0,48.33,51.67,26.5,,,,,,
2026-04-02 07:00,176.5,35.5,146.17,111.5,207.5,58.33,61.83,56.33,,48.83,152.33,105.33,113.67,176.83,94.83,235.67,108.67,180.67,56.83,,,,,,
2026-04-02 08:00,224.33,40.17,159.83,89.0,222.5,139.17,68.17,156.17,292.33,120.17,99.0,231.17,216.17,147.0,83.17,328.83,211.5,321.67,241.67,,,,,,
2026-04-02 09:00,143.5,47.0,107.83,420.67,310.17,268.0,62.5,211.5,269.83,489.0,75.83,316.5,437.5,247.0,340.17,323.33,114.17,228.0,232.5,,,,,,
2026-04-02 10:00,160.67,59.17,97.67,415.33,383.5,308.17,88.17,332.5,385.0,362.5,119.0,290.0,345.17,258.0,377.83,276.83,137.0,74.83,319.83,,,,,,
2026-04-02 11:00,134.0,71.0,87.67,462.17,285.17,178.67,302.33,445.67,526.0,352.5,125.67,262.5,285.67,295.17,294.33,127.17,123.0,103.67,534.0,,,,,,
2026-04-02 12:00,54.83,76.0,148.0,478.67,269.0,247.83,251.67,375.67,529.67,289.0,134.17,253.33,304.5,325.0,229.0,192.17,79.5,99.0,448.0,,,,,,
2026-04-02 13:00,87.0,60.5,186.0,82.83,286.17,364.0,337.5,301.5,331.17,338.33,244.83,178.5,183.83,219.83,72.5,232.33,54.17,193.5,383.83,,,,,,
2026-04-02 14:00,64.33,49.0,123.17,75.17,129.83,366.17,227.67,232.5,126.83,165.5,245.17,120.0,121.5,102.67,41.83,47.33,46.33,167.0,281.67,,,,,,
2026-04-02 15:00,49.67,65.67,130.83,102.0,107.33,260.0,114.83,91.67,146.83,194.83,121.5,114.33,133.0,83.0,45.5,43.0,53.5,119.5,158.67,,,,,,
2026-04-02 16:00,27.33,30.83,63.17,,93.17,70.67,69.33,72.83,95.33,107.0,74.67,80.83,81.67,52.83,57.33,26.0,26.83,59.67,73.17,,,,,,
2026-04-02 17:00,6.83,18.83,20.0,,33.67,42.67,19.5,15.83,27.5,42.17,21.67,10.5,17.67,13.33,19.67,13.0,9.0,9.17,22.5,,,,,,
2026-04-02 18:00,0.0,1.0,0.0,0.0,0.0,0.0,0.33,0.33,,0.17,0.5,0.17,1.17,0.33,0.0,1.17,0.17,0.5,0.83,,,,,,
2026-04-02 19:00,0.0,0.0,0.0,0.0,0.0,0.0,0.0,0.0,,0.0,0.0,0.0,1.0,0.0,0.0,1.33,0.0,1.0,0.0,,,,,,
2026-04-02 20:00,0.0,0.0,0.0,0.0,0.0,0.0,0.0,0.0,,0.0,0.0,0.0,1.0,0.0,0.0,0.67,0.0,0.0,0.0,,,,,,
2026-04-02 21:00,0.0,0.0,0.0,0.0,0.0,0.0,0.0,0.0,,0.0,0.0,0.0,1.0,0.0,0.0,0.67,0.0,0.83,0.0,,,,,,
2026-04-02 22:00,0.0,0.0,0.0,0.0,0.0,0.0,0.0,0.0,,0.0,0.0,0.0,1.0,0.0,0.0,1.67,0.0,1.17,0.0,,,,,,
2026-04-02 23:00,0.33,0.0,0.0,0.0,0.0,0.0,0.0,0.0,,0.0,0.0,0.0,1.0,0.0,0.0,2.0,0.0,1.83,0.0,,,,,,
2026-04-03 00:00,0.5,0.0,0.0,0.0,0.0,0.0,0.0,0.0,,0.0,0.0,0.0,0.83,0.0,0.0,1.33,0.0,1.0,0.0,,,,,,
2026-04-03 01:00,0.0,0.0,0.0,0.0,0.83,0.0,0.0,0.0,,0.0,0.0,0.0,0.33,0.0,0.0,1.0,0.0,0.83,0.0,,,,,,
2026-04-03 02:00,0.0,0.0,0.0,0.0,0.33,0.0,0.0,0.0,,0.0,0.0,0.0,1.17,0.0,0.0,1.0,0.5,1.0,0.0,,,,,,
2026-04-03 03:00,0.0,0.0,0.0,0.0,0.0,0.0,0.0,0.0,,0.0,0.0,0.0,1.0,0.0,0.0,0.67,0.17,0.33,0.0,,,,,,
2026-04-03 04:00,0.0,0.0,0.0,0.0,0.0,0.0,0.0,0.0,,0.0,0.0,0.0,0.83,0.0,0.0,1.0,0.0,0.33,0.0,,,,,,
2026-04-03 05:00,3.17,3.33,2.83,5.0,1.17,0.17,2.33,2.83,,1.0,2.33,2.17,2.5,2.0,2.0,2.5,6.0,2.67,1.33,,,,,,
2026-04-03 06:00,91.17,92.5,72.33,63.83,23.5,11.0,63.0,60.33,,15.83,69.5,53.67,62.83,51.33,60.33,71.67,91.5,54.5,28.5,,,,,,
2026-04-03 07:00,216.5,341.5,178.83,215.33,69.0,52.0,198.33,213.17,205.0,35.33,213.0,201.33,180.17,208.17,189.67,197.67,281.83,180.67,186.5,,,,,,
2026-04-03 08:00,301.0,584.17,339.83,443.17,284.17,136.17,387.17,369.33,395.33,109.33,414.33,342.5,431.67,370.5,386.33,360.67,428.17,349.67,288.67,,,,,,
2026-04-03 09:00,581.0,750.33,530.67,590.0,493.83,234.83,550.17,594.5,588.67,161.0,586.0,565.33,541.5,545.83,572.83,525.67,604.5,500.33,555.67,,,,,,
2026-04-03 10:00,653.67,881.33,660.0,844.0,604.5,258.83,671.17,706.0,667.0,180.17,728.17,748.0,747.5,666.0,752.33,684.5,760.83,635.33,762.17,,,,,,
2026-04-03 11:00,693.17,939.83,717.17,874.67,687.17,412.0,759.67,802.5,762.33,319.0,775.17,808.67,898.0,779.83,839.67,671.0,771.33,670.0,683.83,,,,,,
2026-04-03 12:00,697.5,922.17,721.17,846.83,733.67,783.83,773.83,865.67,793.33,538.17,794.17,864.67,908.67,813.5,826.0,684.0,780.17,684.5,870.5,,,,,,
2026-04-03 13:00,673.5,867.17,708.83,802.67,688.0,678.67,747.33,820.0,827.67,642.5,773.67,811.67,848.33,781.17,771.5,659.83,743.83,704.17,811.0,,,,,,
2026-04-03 14:00,575.5,721.83,573.33,662.33,577.67,601.83,581.67,725.33,723.0,509.33,636.0,676.17,721.67,644.17,653.83,594.83,588.67,573.5,657.33,,,,,,
2026-04-03 15:00,382.33,481.67,392.83,544.0,419.33,354.17,390.17,521.83,530.67,342.67,427.83,503.83,513.0,431.0,470.67,405.67,419.5,385.33,494.67,,,,,,
2026-04-03 16:00,187.17,226.5,198.83,,220.67,200.5,195.67,296.5,287.5,138.0,209.83,282.0,289.0,233.33,262.0,230.33,217.5,201.33,235.17,,,,,,
2026-04-03 17:00,43.0,57.33,49.17,,55.33,45.67,53.83,93.5,95.67,42.33,57.83,73.33,76.17,59.0,61.0,56.5,51.83,52.0,66.33,,,,,,
2026-04-03 18:00,0.5,0.5,0.33,0.0,0.17,0.0,0.67,1.5,2.5,0.17,0.83,0.67,0.83,0.17,0.33,0.5,0.33,0.67,1.5,,,,,,
2026-04-03 19:00,0.0,0.0,0.0,0.0,0.0,0.0,0.0,0.0,,0.0,0.0,0.0,0.0,0.0,0.0,0.0,0.0,0.0,0.0,,,,,,
2026-04-03 20:00,0.0,0.0,0.0,0.0,0.0,0.0,0.0,0.0,,0.0,0.0,0.0,0.0,0.0,0.0,0.0,0.0,0.0,0.0,,,,,,
2026-04-03 21:00,0.0,0.0,0.0,0.0,0.0,0.0,0.0,0.0,,0.0,0.0,0.0,0.0,0.0,0.0,0.0,0.0,0.0,0.0,,,,,,
2026-04-03 22:00,0.0,0.0,0.0,0.0,0.0,0.0,0.0,0.0,,0.0,0.0,0.0,0.0,0.0,0.0,0.0,0.0,0.0,0.0,,,,,,
2026-04-03 23:00,0.0,0.0,0.0,0.0,0.0,0.0,0.0,0.0,,0.0,0.0,0.0,0.0,0.0,0.0,0.0,0.0,0.0,0.0,,,,,,
2026-04-04 00:00,0.0,0.0,0.0,0.0,0.0,0.0,0.0,0.0,,0.0,0.0,0.0,0.0,0.0,0.0,0.0,0.0,0.0,0.0,,,,,,
2026-04-04 01:00,0.0,0.0,0.0,0.0,0.0,0.0,0.0,0.0,,0.0,0.0,0.0,0.0,0.0,0.0,0.0,0.0,0.0,0.0,,,,,,
2026-04-04 02:00,0.0,0.0,0.0,0.0,0.0,0.0,0.0,0.0,,0.0,0.0,0.0,0.0,0.0,0.0,0.0,0.0,0.0,0.0,,,,,,
2026-04-04 03:00,0.0,0.0,0.0,0.0,0.0,0.0,0.0,0.0,,0.0,0.0,0.0,0.0,0.0,0.0,0.0,0.0,0.0,0.0,,,,,,
2026-04-04 04:00,0.0,0.0,0.0,0.0,0.0,0.0,0.0,0.0,,0.0,0.0,0.0,0.0,0.0,0.0,0.0,0.0,0.0,0.0,,,,,,
2026-04-04 05:00,4.17,8.0,5.33,6.17,5.83,6.0,4.83,5.17,,5.5,5.5,5.17,5.33,6.17,5.0,6.67,7.5,5.17,4.33,,,,,,
2026-04-04 06:00,82.5,121.0,84.5,116.0,90.33,90.17,97.67,104.33,,100.0,97.33,107.0,108.5,108.5,107.83,93.5,104.5,89.0,114.5,,,,,,
2026-04-04 07:00,244.0,330.0,251.67,332.67,266.5,280.67,287.33,307.83,328.17,290.17,286.0,313.67,314.0,298.0,315.17,262.67,299.33,260.33,333.5,,,,,,
2026-04-04 08:00,435.33,557.67,451.33,554.17,463.67,471.0,479.67,525.67,553.67,469.17,496.0,534.33,563.0,520.17,524.0,462.0,506.0,459.0,555.0,,,,,,
2026-04-04 09:00,620.67,735.17,623.5,732.67,635.0,717.6,666.83,710.0,736.33,634.0,664.5,719.83,756.67,697.5,698.67,651.67,678.33,634.83,730.0,,,,,,
2026-04-04 10:00,757.17,859.33,748.83,863.33,752.0,809.17,785.17,843.0,861.67,748.0,778.83,849.5,897.67,819.33,811.67,768.33,794.83,752.33,847.67,,,,,,
2026-04-04 11:00,820.17,913.83,815.67,916.83,806.0,950.83,835.17,907.67,926.17,892.33,851.83,911.67,973.5,883.0,852.33,783.17,853.17,807.5,919.33,,,,,,
2026-04-04 12:00,815.0,899.67,802.67,865.17,801.5,954.83,837.17,882.5,913.67,867.17,862.0,877.33,950.33,878.67,853.67,780.67,847.5,742.5,926.17,,,,,,
2026-04-04 13:00,714.0,825.0,768.83,658.17,701.83,846.6,769.17,822.17,836.0,873.33,792.67,795.67,865.5,803.17,803.67,673.67,775.17,619.0,828.33,,,,,,
2026-04-04 14:00,462.67,536.5,564.67,675.83,497.5,729.83,620.0,698.33,690.17,688.17,657.33,666.83,713.83,655.0,654.17,393.0,636.33,613.17,679.17,,,,,,
2026-04-04 15:00,433.33,410.33,413.67,532.0,387.17,521.5,469.33,511.0,497.17,485.0,488.17,499.67,541.17,484.0,465.0,379.67,453.5,451.5,474.67,,,,,,
2026-04-04 16:00,272.67,199.17,241.67,,225.83,300.5,274.83,302.17,272.83,261.67,282.83,298.33,323.33,280.17,247.33,272.83,184.33,256.5,273.83,,,,,,
2026-04-04 17:00,87.33,60.5,64.33,,57.5,69.6,76.5,80.67,89.67,64.33,81.0,84.0,89.83,77.83,63.17,81.0,63.67,69.33,95.83,,,,,,
2026-04-04 18:00,0.67,0.83,0.67,0.0,0.67,0.0,0.67,1.33,3.0,0.5,1.33,1.0,1.83,1.17,0.5,0.83,0.67,0.83,1.17,,,,,,
2026-04-04 19:00,0.0,0.0,0.0,0.0,0.0,0.0,0.0,0.0,,0.0,0.0,0.0,0.0,0.0,0.0,0.0,0.0,0.0,0.0,,,,,,
2026-04-04 20:00,0.0,0.0,0.0,0.0,0.0,0.0,0.0,0.0,,0.0,0.0,0.0,0.0,0.0,0.0,0.0,0.0,0.0,0.0,,,,,,
2026-04-04 21:00,0.0,0.0,0.0,0.0,0.0,0.0,0.0,0.0,,0.0,0.0,0.0,0.0,0.0,0.0,0.0,0.0,0.0,0.0,,,,,,
2026-04-04 22:00,0.0,0.0,0.0,0.0,0.0,0.0,0.0,0.0,,0.0,0.0,0.0,0.0,0.0,0.0,0.0,0.0,0.0,0.0,,,,,,
2026-04-04 23:00,0.0,0.0,0.0,0.0,0.0,0.0,0.0,0.0,,0.0,0.0,0.0,0.0,0.0,0.0,0.0,0.0,0.0,0.0,,,,,,
2026-04-05 00:00,0.0,0.0,0.0,0.0,0.0,0.0,0.0,0.0,,0.0,0.0,0.0,0.0,0.0,0.0,0.0,0.0,0.0,0.0,,,,,,
2026-04-05 01:00,0.0,0.0,0.0,0.0,0.0,0.0,0.0,0.0,,0.0,0.0,0.0,0.0,0.0,0.0,0.0,0.0,0.0,0.0,,,,,,
2026-04-05 02:00,0.0,0.0,0.0,0.0,0.0,0.0,0.0,0.0,,0.0,0.0,0.0,0.0,0.0,0.0,0.0,0.0,0.0,0.0,,,,,,
2026-04-05 03:00,0.0,0.0,0.0,0.0,0.0,0.0,0.0,0.0,,0.0,0.0,0.0,0.0,0.0,0.0,0.0,0.0,0.0,0.0,,,,,,
2026-04-05 04:00,0.0,0.0,0.17,0.0,0.0,0.0,0.0,0.0,,0.0,0.0,0.0,0.0,0.0,0.0,1.0,0.0,0.0,0.0,,,,,,
2026-04-05 05:00,0.67,8.0,3.0,4.83,5.67,5.33,5.33,6.67,,5.0,5.83,7.17,8.67,5.83,7.17,7.17,6.17,5.5,6.67,,,,,,
2026-04-05 06:00,77.67,113.83,77.83,111.33,76.0,127.5,144.83,126.17,241.0,111.33,106.17,128.5,128.17,110.0,95.83,96.67,62.67,103.17,145.17,,,,,,
2026-04-05 07:00,257.0,171.33,270.0,344.67,276.5,356.33,190.0,362.5,363.5,329.33,204.33,346.5,335.67,323.83,218.33,292.17,152.17,249.0,376.33,,,,,,
2026-04-05 08:00,430.0,463.83,387.33,577.33,467.17,594.67,334.83,571.17,592.0,549.5,473.17,579.33,605.0,423.17,404.67,410.33,337.5,296.67,605.33,,,,,,
2026-04-05 09:00,489.83,644.67,606.83,739.33,680.0,798.17,511.5,766.5,786.5,749.17,397.0,770.67,824.0,504.67,714.83,423.67,413.83,323.17,799.83,,,,,,
2026-04-05 10:00,444.4,603.17,439.5,906.0,792.67,927.5,656.83,908.5,913.5,894.5,722.33,884.5,919.67,578.17,900.67,513.83,322.5,495.5,932.0,,,,,,
2026-04-05 11:00,255.6,767.83,850.17,890.83,841.17,996.33,652.83,978.33,972.17,958.17,857.8,946.33,1053.33,774.17,812.17,644.83,666.17,918.0,999.5,,,,,,
2026-04-05 12:00,198.6,374.33,448.33,773.67,605.5,980.83,744.5,968.17,970.0,942.5,900.67,935.67,1030.0,773.5,814.67,707.0,648.17,864.0,993.83,,,,,,
2026-04-05 13:00,526.17,405.33,356.17,643.17,709.33,893.17,681.17,887.33,882.17,890.0,814.83,855.5,935.0,863.67,664.0,786.83,430.5,753.33,914.0,,,,,,
2026-04-05 14:00,322.0,370.17,720.33,617.67,709.0,742.5,495.5,740.0,744.33,748.5,473.83,719.83,788.83,723.5,704.17,639.33,543.17,640.0,770.67,,,,,,
2026-04-05 15:00,511.5,432.83,303.33,,484.67,544.17,252.5,545.0,545.33,540.5,426.83,542.83,586.83,533.67,530.5,524.33,180.0,527.5,567.0,,,,,,
2026-04-05 16:00,282.5,156.0,129.83,,284.83,308.83,187.0,311.17,311.0,295.67,277.17,315.33,340.83,309.5,295.5,305.83,117.17,301.5,325.83,,,,,,
2026-04-05 17:00,64.5,40.0,54.33,,67.0,87.67,59.83,93.17,92.83,66.83,79.83,95.17,102.33,87.33,63.33,78.0,38.67,88.0,97.0,,,,,,
2026-04-05 18:00,1.0,0.67,0.83,0.0,0.5,0.5,1.33,1.83,3.33,0.5,1.5,1.17,1.67,1.0,0.5,1.17,0.33,1.33,1.67,,,,,,
2026-04-05 19:00,0.0,0.0,0.0,0.0,0.0,0.0,0.0,0.0,,0.0,0.0,0.0,0.0,0.0,0.0,0.0,0.0,0.0,0.0,,,,,,
2026-04-05 20:00,0.0,0.0,0.0,0.0,0.0,0.0,0.0,0.0,,0.0,0.0,0.0,0.0,0.0,0.0,0.0,0.0,0.0,0.0,,,,,,
2026-04-05 21:00,0.0,0.0,0.0,0.0,0.0,0.0,0.0,0.0,,0.0,0.0,0.0,0.0,0.0,0.0,0.0,0.0,0.0,0.0,,,,,,
2026-04-05 22:00,0.0,0.0,0.0,0.0,0.0,0.0,0.0,0.0,,0.0,0.0,0.0,0.0,0.0,0.0,0.0,0.0,0.0,0.0,,,,,,
2026-04-05 23:00,0.0,0.0,0.0,0.0,0.0,0.0,0.0,0.0,,0.0,0.0,0.0,0.0,0.0,0.0,0.0,0.0,0.0,0.0,,,,,,
2026-04-06 00:00,0.0,0.0,0.0,0.0,0.0,0.0,0.0,0.0,,0.0,0.0,0.0,0.0,0.0,0.0,0.0,0.0,0.0,0.0,,,,,,
2026-04-06 01:00,0.0,0.0,0.0,0.0,0.0,0.0,0.0,0.0,,0.0,0.0,0.0,0.0,0.0,0.0,0.0,0.0,0.0,0.0,,,,,,
2026-04-06 02:00,0.0,0.0,0.0,0.0,0.0,0.0,0.0,0.0,,0.0,0.0,0.0,0.0,0.0,0.0,0.0,0.0,0.0,0.0,,,,,,
2026-04-06 03:00,0.0,0.0,0.0,0.0,0.0,0.0,0.0,0.0,,0.0,0.0,0.0,0.0,0.0,0.0,0.0,0.0,0.0,0.0,,,,,,
2026-04-06 04:00,0.0,0.0,0.0,0.0,0.0,0.0,0.0,0.0,,0.0,0.0,0.0,0.0,0.0,0.0,0.17,0.0,0.0,0.0,,,,,,
2026-04-06 05:00,8.33,10.17,7.33,6.17,6.5,6.5,7.33,6.83,,5.83,7.83,7.0,7.17,7.33,6.17,9.0,11.0,7.5,6.0,,,,,,
2026-04-06 06:00,119.67,141.67,75.67,127.17,92.5,122.17,119.0,122.17,238.0,109.0,105.17,125.33,124.83,125.83,121.5,126.5,138.83,125.83,132.17,,,,,,
2026-04-06 07:00,327.5,368.5,322.5,347.67,334.33,356.0,305.83,329.17,358.83,337.67,311.0,347.5,337.17,345.5,338.83,353.0,355.67,337.0,363.0,,,,,,
2026-04-06 08:00,537.33,594.83,547.33,583.17,544.5,587.83,447.33,525.83,588.17,551.0,554.83,564.5,598.5,556.0,551.67,551.17,563.17,546.33,594.17,,,,,,
2026-04-06 09:00,723.67,713.0,507.5,770.5,722.67,740.5,465.17,667.83,771.33,745.17,491.0,751.67,770.5,696.5,721.17,732.0,748.33,708.33,782.83,,,,,,
2026-04-06 10:00,803.33,867.0,611.17,900.17,834.83,490.67,630.17,843.33,915.0,844.17,665.0,874.83,934.67,875.0,827.67,702.5,866.83,785.17,853.5,,,,,,
2026-04-06 11:00,407.17,754.17,359.33,894.17,866.17,706.17,644.5,837.17,812.0,935.5,761.33,944.67,1047.83,887.0,724.83,731.33,813.17,645.0,941.33,,,,,,
2026-04-06 12:00,725.4,616.33,574.5,897.8,440.67,966.17,510.5,921.33,750.17,928.67,841.67,931.17,986.83,892.17,699.0,922.0,949.0,747.33,878.17,,,,,,
2026-04-06 13:00,854.0,400.0,536.5,473.83,620.67,888.0,705.67,884.67,726.67,884.0,611.33,850.33,905.5,758.67,440.17,821.33,828.17,779.0,462.0,,,,,,
2026-04-06 14:00,603.0,706.83,407.0,336.83,748.17,740.0,409.33,749.17,705.83,737.17,565.83,717.5,775.5,577.5,351.33,700.67,785.83,693.67,700.0,,,,,,
2026-04-06 15:00,605.17,343.67,223.33,,553.17,534.33,376.67,560.0,556.17,536.67,516.4,555.67,576.5,537.83,324.17,605.17,414.33,430.5,541.83,,,,,,
2026-04-06 16:00,302.5,174.67,250.17,,332.83,305.17,183.5,323.33,331.67,295.67,212.83,336.33,360.67,300.5,291.83,322.33,258.83,299.17,329.0,,,,,,
2026-04-06 17:00,72.0,74.0,47.17,,75.67,91.0,57.33,97.5,100.83,66.5,73.33,107.67,114.67,100.0,63.67,92.83,50.0,96.5,100.17,,,,,,
2026-04-06 18:00,1.17,1.17,0.83,0.0,0.67,1.0,2.67,2.17,5.5,0.67,1.5,1.5,2.0,1.0,0.5,1.5,1.0,1.33,1.83,,,,,,
2026-04-06 19:00,0.0,0.0,0.0,0.0,0.0,0.0,0.0,0.0,,0.0,0.0,0.0,0.0,0.0,0.0,0.0,0.0,0.0,0.0,,,,,,
2026-04-06 20:00,0.0,0.0,0.0,0.0,0.0,0.0,0.0,0.0,,0.0,0.0,0.0,0.0,0.0,0.0,0.0,0.0,0.0,0.0,,,,,,
2026-04-06 21:00,0.0,0.0,0.0,0.0,0.0,0.0,0.0,0.0,,0.0,0.0,0.0,0.0,0.0,0.0,0.0,0.0,0.0,0.0,,,,,,
2026-04-06 22:00,0.0,0.0,0.0,0.0,0.0,0.0,0.0,0.0,,0.0,0.0,0.0,0.0,0.0,0.0,0.0,0.0,0.0,0.0,,,,,,
2026-04-06 23:00,0.0,0.0,0.0,0.0,0.0,0.0,0.0,0.0,,0.0,0.0,0.0,0.0,0.0,0.0,0.0,0.0,0.0,0.0,,,,,,
2026-04-07 00:00,0.0,0.0,0.0,0.0,0.0,0.0,0.0,0.0,,0.0,0.0,0.0,0.0,0.0,0.0,0.0,0.0,0.0,0.0,,,,,,
2026-04-07 01:00,0.0,0.0,0.0,0.0,0.0,0.0,0.0,0.0,,0.0,0.0,0.0,0.0,0.0,0.0,0.0,0.0,0.0,0.0,,,,,,
2026-04-07 02:00,0.0,0.0,0.0,0.0,0.0,0.0,0.0,0.0,,0.0,0.0,0.0,0.0,0.0,0.0,0.0,0.0,0.0,0.0,,,,,,
2026-04-07 03:00,0.0,0.0,0.0,0.0,0.0,0.0,0.0,0.0,,0.0,0.0,0.0,0.0,0.0,0.0,0.0,0.0,0.0,0.0,,,,,,
2026-04-07 04:00,0.0,0.0,0.0,0.0,0.0,0.0,0.0,0.0,,0.0,0.0,0.0,0.33,0.0,0.0,0.0,0.0,0.0,0.0,,,,,,
2026-04-07 05:00,7.83,9.33,6.5,5.83,9.17,8.5,10.0,8.33,,7.33,8.83,9.5,9.17,5.83,5.5,13.0,11.33,9.0,7.0,,,,,,
2026-04-07 06:00,78.83,102.5,75.33,52.33,71.17,97.5,106.67,99.5,,111.33,81.0,60.5,25.17,14.17,46.17,78.17,144.67,76.33,96.33,,,,,,
2026-04-07 07:00,150.17,333.0,204.33,36.0,15.33,275.17,214.0,127.33,277.6,253.17,231.17,93.17,57.33,104.17,24.17,99.83,265.0,138.33,238.33,,,,,,
2026-04-07 08:00,464.5,630.83,442.67,46.67,100.67,536.0,388.67,391.17,324.33,530.67,306.33,111.33,108.67,251.17,40.0,311.33,580.0,394.33,520.5,,,,,,
2026-04-07 09:00,492.17,422.17,478.0,378.8,310.0,503.0,745.17,317.67,434.33,650.17,491.17,72.33,281.0,738.17,447.33,337.17,790.0,253.83,734.67,,,,,,
2026-04-07 10:00,422.0,639.17,135.83,866.83,515.67,906.17,517.33,578.83,652.0,783.83,543.33,811.33,997.17,881.17,875.5,154.83,441.0,373.67,887.17,,,,,,
2026-04-07 11:00,236.17,306.0,241.17,1004.67,799.83,974.67,540.83,757.83,524.17,946.83,939.5,660.5,833.33,962.0,951.0,208.5,108.5,528.33,790.17,,,,,,
2026-04-07 12:00,329.67,195.0,581.67,672.67,398.67,953.67,459.67,950.0,837.67,911.0,615.8,905.83,814.0,549.17,465.83,247.5,84.17,888.17,864.0,,,,,,
2026-04-07 13:00,87.17,572.17,123.0,375.4,449.17,872.0,605.0,816.5,820.17,871.5,573.2,786.17,750.0,689.83,496.0,428.17,469.33,626.83,625.17,,,,,,
2026-04-07 14:00,145.17,405.67,260.33,251.67,475.17,725.17,457.17,575.67,677.0,729.33,676.83,576.17,586.67,627.5,325.83,630.67,337.67,692.83,561.0,,,,,,
2026-04-07 15:00,466.83,271.0,508.0,,504.67,541.5,543.0,495.67,494.17,525.0,561.0,410.33,546.33,511.33,182.33,480.67,394.83,379.17,552.0,,,,,,
2026-04-07 16:00,292.33,118.0,304.33,,309.67,275.67,304.83,316.83,263.0,299.17,339.67,309.17,377.33,320.67,116.67,341.17,281.67,316.0,291.5,,,,,,
2026-04-07 17:00,94.17,59.0,63.0,,63.83,118.17,82.0,101.0,87.17,75.5,99.83,106.67,119.17,90.33,48.33,93.33,99.17,104.17,105.67,,,,,,
2026-04-07 18:00,0.67,1.5,0.83,0.0,1.0,2.0,1.17,1.83,7.0,1.0,2.0,1.83,2.0,1.0,1.17,1.5,0.83,1.33,2.67,,,,,,
2026-04-07 19:00,0.0,0.0,0.0,0.0,0.0,0.0,0.0,0.0,,0.0,0.0,0.0,0.0,0.0,0.0,0.0,0.0,0.0,0.0,,,,,,
2026-04-07 20:00,0.0,0.0,0.0,0.0,0.0,0.0,0.0,0.0,,0.0,0.0,0.0,0.0,0.0,0.0,0.0,0.0,0.0,0.0,,,,,,
2026-04-07 21:00,0.0,0.0,0.0,0.0,0.0,0.0,0.0,0.0,,0.0,0.0,0.0,0.0,0.17,0.0,0.0,0.0,0.0,0.0,,,,,,
2026-04-07 22:00,0.0,0.0,0.0,0.0,0.0,0.0,0.0,0.0,,0.0,0.0,0.0,0.0,0.17,0.0,0.33,0.0,0.0,0.0,,,,,,
2026-04-07 23:00,0.0,0.0,0.0,0.0,0.0,0.0,0.0,0.0,,0.0,0.0,0.0,0.0,0.0,0.0,0.0,0.0,0.0,0.0,,,,,,
2026-04-08 00:00,0.0,0.0,0.0,0.0,0.0,0.0,0.0,0.0,,0.0,0.0,0.0,0.0,0.0,0.0,1.0,0.0,0.0,0.0,,,,,,
2026-04-08 01:00,0.0,0.0,0.0,0.0,0.0,0.0,0.0,0.0,,0.0,0.0,0.0,0.0,0.0,0.0,0.67,0.0,0.0,0.0,,,,,,
2026-04-08 02:00,0.0,0.0,0.0,0.0,0.0,0.0,0.0,0.0,,0.0,0.0,0.0,0.0,0.0,0.0,0.0,0.17,0.0,0.0,,,,,,
2026-04-08 03:00,0.0,0.0,0.0,0.0,0.0,0.0,0.0,0.0,,0.0,0.0,0.0,0.0,0.0,0.0,0.33,0.0,0.0,0.0,,,,,,
2026-04-08 04:00,0.0,0.0,0.0,0.0,0.0,0.0,0.0,0.0,,0.0,0.0,0.0,0.33,0.33,0.0,0.83,0.0,0.0,0.0,,,,,,
2026-04-08 05:00,3.83,21.0,20.67,6.0,9.83,6.17,5.17,9.83,,4.17,5.83,7.67,6.33,7.83,3.33,11.83,2.83,10.17,4.67,,,,,,
2026-04-08 06:00,25.67,141.67,82.67,94.0,102.5,142.83,184.17,140.83,152.0,74.67,139.17,92.67,138.67,155.5,54.33,79.67,31.17,84.67,64.83,,,,,,
2026-04-08 07:00,153.83,328.5,274.33,182.17,261.33,379.83,414.83,323.17,306.75,241.67,396.0,361.67,363.17,384.33,177.67,352.0,66.33,278.0,289.5,,,,,,
2026-04-08 08:00,573.0,347.5,578.5,329.0,578.67,603.83,537.5,470.17,427.0,568.33,552.5,544.67,642.33,479.5,337.17,622.33,139.5,533.33,451.67,,,,,,
2026-04-08 09:00,724.83,781.0,766.83,518.67,734.33,818.17,631.33,234.67,686.17,512.5,569.17,354.17,511.83,363.5,577.83,809.83,432.67,657.33,791.67,,,,,,
2026-04-08 10:00,621.17,939.83,887.5,822.5,898.83,945.0,931.33,473.83,451.33,808.67,840.5,339.0,706.2,542.67,435.83,869.17,789.0,784.67,803.67,,,,,,
2026-04-08 11:00,532.4,879.0,418.83,198.2,328.0,877.83,976.67,734.5,245.0,967.83,915.8,574.17,847.0,866.83,270.5,734.5,996.67,568.67,758.5,,,,,,
2026-04-08 12:00,204.5,685.67,433.33,825.5,441.0,908.0,743.83,837.83,629.67,891.0,728.0,920.33,949.8,728.0,552.83,216.83,703.33,364.83,449.5,,,,,,
2026-04-08 13:00,403.6,464.0,326.0,530.5,502.67,780.0,726.33,772.33,261.5,442.17,803.83,866.67,863.33,748.83,418.33,234.5,497.17,572.17,354.17,,,,,,
2026-04-08 14:00,145.17,158.67,217.0,255.67,248.17,518.33,555.83,775.67,532.33,522.33,668.33,718.67,641.33,611.5,408.67,501.33,310.17,630.5,364.83,,,,,,
2026-04-08 15:00,390.83,481.0,169.5,293.0,428.5,616.17,364.0,560.33,543.83,577.83,501.5,514.17,641.83,409.67,223.67,578.83,362.83,478.67,536.5,,,,,,
2026-04-08 16:00,313.17,134.83,180.83,,336.0,146.67,207.17,303.0,298.83,318.83,295.0,303.17,334.33,260.5,140.5,340.17,145.17,297.33,357.0,,,,,,
2026-04-08 17:00,92.17,35.33,54.33,,77.5,98.0,37.0,111.83,111.5,68.83,42.17,110.17,112.0,97.83,41.33,99.67,52.0,83.67,115.0,,,,,,
2026-04-08 18:00,2.5,1.17,1.17,0.0,0.67,2.33,3.0,2.83,7.5,0.67,1.67,2.33,3.0,1.67,1.17,1.67,1.33,1.83,2.5,,,,,,
2026-04-08 19:00,0.0,0.0,0.0,0.0,0.0,0.0,0.0,0.0,,0.0,0.0,0.0,0.0,0.0,0.0,0.0,0.0,0.0,0.0,,,,,,
2026-04-08 20:00,0.0,0.0,0.0,0.0,0.0,0.0,0.0,0.0,,0.0,0.0,0.0,0.0,0.0,0.0,0.0,0.0,0.0,0.0,,,,,,
2026-04-08 21:00,0.0,0.0,0.0,0.0,0.0,0.0,0.0,0.0,,0.0,0.0,0.0,0.0,0.0,0.0,0.0,0.0,0.0,0.0,,,,,,
2026-04-08 22:00,0.0,0.0,0.0,0.0,0.0,0.0,0.0,0.0,,0.0,0.0,0.0,0.0,0.0,0.0,0.0,0.0,0.0,0.0,,,,,,
2026-04-08 23:00,0.0,0.0,0.0,0.0,0.0,0.0,0.0,0.0,,0.0,0.0,0.0,0.0,0.0,0.0,0.0,0.0,0.0,0.0,,,,,,
2026-04-09 00:00,0.0,0.0,0.0,0.0,0.0,0.0,0.0,0.0,,0.0,0.0,0.0,0.0,0.0,0.0,0.0,0.0,0.0,0.0,,,,,,
2026-04-09 01:00,0.0,0.0,0.0,0.0,0.0,0.0,0.0,0.0,,0.0,0.0,0.0,0.0,0.0,0.0,0.0,0.0,0.0,0.0,,,,,,
2026-04-09 02:00,0.0,0.0,0.0,0.0,0.0,0.0,0.0,0.0,,0.0,0.0,0.0,0.0,0.0,0.0,0.0,0.0,0.0,0.0,,,,,,
2026-04-09 03:00,0.0,0.0,0.0,0.0,0.0,0.0,0.0,0.0,,0.0,0.0,0.0,0.0,0.0,0.0,0.17,0.0,0.0,0.0,,,,,,
2026-04-09 04:00,0.0,0.0,0.0,0.0,0.0,0.0,0.0,0.0,,0.0,0.0,0.0,0.0,0.0,0.0,0.0,0.0,0.0,0.0,,,,,,
2026-04-09 05:00,9.5,11.5,13.67,7.67,7.5,8.33,4.83,9.5,,7.5,8.33,11.17,10.67,6.67,6.5,16.0,3.67,8.17,6.0,,,,,,
2026-04-09 06:00,81.0,107.5,68.33,77.0,100.83,146.17,177.33,149.0,,126.5,151.0,118.33,133.67,144.17,115.17,134.83,43.0,133.83,132.0,,,,,,
2026-04-09 07:00,218.33,334.0,308.17,244.83,388.5,368.17,369.17,387.0,348.83,348.17,364.5,340.5,263.5,393.83,161.33,312.83,85.0,306.0,395.33,,,,,,
2026-04-09 08:00,534.83,620.0,337.0,334.5,649.17,592.17,379.33,608.0,615.5,558.5,452.17,598.83,642.0,596.83,313.0,420.5,322.0,494.0,634.83,,,,,,
2026-04-09 09:00,318.75,697.67,530.33,481.5,884.67,795.4,659.67,801.17,814.67,759.17,408.5,749.5,767.5,581.33,660.17,465.67,549.5,612.33,828.67,,,,,,
2026-04-09 10:00,680.0,719.0,579.5,629.5,942.17,913.17,625.0,933.33,943.0,912.5,628.17,922.5,998.5,679.67,873.0,618.5,587.17,675.17,963.33,,,,,,
2026-04-09 11:00,904.2,770.5,952.83,985.17,959.83,1020.5,572.0,994.5,1005.67,970.33,674.83,985.67,1064.0,951.83,923.67,696.0,832.33,834.83,1021.8,,,,,,
2026-04-09 12:00,583.67,662.0,818.0,965.0,735.5,1012.17,572.33,984.5,996.83,949.5,889.0,983.67,1082.0,956.17,941.67,592.17,761.0,769.83,1016.83,,,,,,
2026-04-09 13:00,702.5,484.17,887.33,908.33,779.83,935.4,447.83,904.67,919.0,923.17,725.67,910.33,994.33,881.83,871.17,783.0,594.83,546.33,936.5,,,,,,
2026-04-09 14:00,740.5,294.5,713.0,768.67,622.0,785.0,461.5,765.83,774.83,772.67,623.67,759.5,845.5,737.33,741.17,662.5,749.67,680.83,791.33,,,,,,
2026-04-09 15:00,477.5,161.17,504.83,608.0,516.67,580.0,312.17,571.33,550.83,557.33,472.67,579.83,625.5,421.0,572.83,489.5,516.17,410.5,591.67,,,,,,
2026-04-09 16:00,228.83,241.0,239.5,,299.83,339.0,166.5,328.33,333.0,336.17,242.0,349.67,359.67,265.83,318.5,312.83,270.83,209.33,342.67,,,,,,
2026-04-09 17:00,86.5,77.33,67.5,,108.17,101.0,44.67,100.17,100.17,64.17,112.33,110.83,120.67,93.67,83.83,108.33,100.17,53.33,94.17,,,,,,
2026-04-09 18:00,1.33,1.67,1.17,0.0,1.83,0.33,1.5,2.67,7.0,0.5,2.17,2.67,3.0,1.83,1.17,3.5,1.17,2.17,2.0,,,,,,
2026-04-09 19:00,0.0,0.0,0.0,0.0,0.0,0.0,0.0,0.0,,0.0,0.0,0.0,0.0,0.0,0.0,0.0,0.0,0.0,0.0,,,,,,
2026-04-09 20:00,0.0,0.0,0.0,0.0,0.0,0.0,0.0,0.0,,0.0,0.0,0.0,0.0,0.0,0.0,0.0,0.0,0.0,0.0,,,,,,
2026-04-09 21:00,0.0,0.0,0.0,0.0,0.0,0.0,0.0,0.0,,0.0,0.0,0.0,0.0,0.0,0.0,0.0,0.0,0.0,0.0,,,,,,
2026-04-09 22:00,0.0,0.0,0.0,0.0,0.0,0.0,0.0,0.0,,0.0,0.0,0.0,0.0,0.0,0.0,0.0,0.0,0.0,0.0,,,,,,
2026-04-09 23:00,0.0,0.0,0.0,0.0,0.0,0.0,0.0,0.0,,0.0,0.0,0.0,0.0,0.0,0.0,0.0,0.0,0.0,0.0,,,,,,
2026-04-10 00:00,0.0,0.0,0.0,0.0,0.0,0.0,0.0,0.0,,0.0,0.0,0.0,0.0,0.0,0.0,0.0,0.0,0.0,0.0,,,,,,
2026-04-10 01:00,0.0,0.0,0.0,0.0,0.0,0.0,0.0,0.0,,0.0,0.0,0.0,0.0,0.0,0.0,0.0,0.0,0.0,0.0,,,,,,
2026-04-10 02:00,0.0,0.0,0.0,0.0,0.0,0.0,0.0,0.0,,0.0,0.0,0.0,0.0,0.0,0.0,0.0,0.0,0.0,0.0,,,,,,
2026-04-10 03:00,0.0,0.0,0.0,0.0,0.0,0.0,0.0,0.0,,0.0,0.0,0.0,0.0,0.0,0.0,0.0,0.0,0.0,0.0,,,,,,
2026-04-10 04:00,0.0,0.0,0.0,0.0,0.0,0.0,0.0,0.0,,0.0,0.0,0.0,0.0,0.0,0.0,0.0,0.0,0.0,0.0,,,,,,
2026-04-10 05:00,8.33,11.83,12.67,5.17,5.17,11.17,7.83,6.17,,12.0,6.83,6.5,9.83,8.17,4.83,15.17,7.0,14.17,5.67,,,,,,
2026-04-10 06:00,84.33,92.17,114.17,178.67,81.33,142.33,111.33,155.33,,130.83,56.0,155.83,165.0,157.33,166.67,84.33,36.5,129.83,130.17,,,,,,
2026-04-10 07:00,122.17,226.33,180.67,416.83,386.17,426.83,250.67,390.5,403.17,305.17,336.83,399.5,388.5,388.5,398.33,304.0,133.5,343.17,375.5,,,,,,
2026-04-10 08:00,552.67,417.17,368.0,652.17,600.17,583.83,322.33,614.83,631.0,526.33,375.17,619.5,658.0,608.0,620.17,594.0,259.0,407.33,636.0,,,,,,
2026-04-10 09:00,629.17,555.17,681.17,819.83,773.33,786.17,495.67,799.83,810.33,759.83,564.0,740.5,851.17,769.5,787.67,765.5,617.33,606.0,820.5,,,,,,
2026-04-10 10:00,602.8,665.17,888.17,924.0,891.67,929.5,769.83,916.0,932.67,912.5,621.83,861.17,993.5,875.0,891.33,943.83,859.67,734.0,948.17,,,,,,
2026-04-10 11:00,851.33,748.5,786.5,923.67,938.0,992.0,664.83,970.0,990.0,971.5,766.67,973.67,1034.17,917.5,928.83,1020.83,898.33,714.83,1012.17,,,,,,
2026-04-10 12:00,776.17,713.67,831.0,851.17,730.0,990.0,684.0,960.0,986.0,945.5,847.5,954.0,1047.33,953.83,905.0,876.33,916.17,678.83,998.5,,,,,,
2026-04-10 13:00,686.83,619.33,844.17,828.67,882.83,915.67,567.67,889.17,872.5,899.0,499.25,886.17,969.0,879.83,675.0,743.67,591.5,861.17,923.33,,,,,,
2026-04-10 14:00,746.67,303.67,708.17,781.0,725.0,763.33,414.33,759.83,681.67,745.83,564.5,750.5,833.5,743.17,673.67,745.67,681.5,699.17,794.33,,,,,,
2026-04-10 15:00,544.33,472.83,459.5,571.0,507.33,571.0,328.67,566.0,565.0,534.17,537.33,575.83,610.5,475.5,562.67,529.0,495.33,516.67,567.5,,,,,,
2026-04-10 16:00,197.17,254.67,256.83,,295.5,337.33,180.67,330.5,338.0,335.67,303.33,344.0,376.0,261.83,254.17,132.67,328.33,306.0,341.17,,,,,,
2026-04-10 17:00,46.83,93.33,52.17,,59.5,106.67,73.5,106.0,108.0,68.83,63.17,117.33,110.17,100.17,62.33,47.83,100.5,91.33,111.0,,,,,,
2026-04-10 18:00,1.5,1.67,2.33,0.0,1.0,1.17,2.67,3.0,8.5,0.67,3.5,2.5,3.17,2.17,1.67,1.67,1.5,2.0,3.17,,,,,,
2026-04-10 19:00,0.0,0.0,0.0,0.0,0.0,0.0,0.0,0.0,,0.0,0.0,0.0,0.0,0.0,0.0,0.0,0.0,0.0,0.0,,,,,,
2026-04-10 20:00,0.0,0.0,0.0,0.0,0.0,0.0,0.0,0.0,,0.0,0.0,0.0,0.0,0.0,0.0,0.0,0.0,0.0,0.0,,,,,,
2026-04-10 21:00,0.0,0.0,0.0,0.0,0.0,0.0,0.0,0.0,,0.0,0.0,0.0,0.0,0.0,0.0,0.0,0.0,0.0,0.0,,,,,,
2026-04-10 22:00,0.0,0.0,0.0,0.0,0.0,0.0,0.0,0.0,,0.0,0.0,0.0,0.0,0.0,0.0,0.0,0.0,0.0,0.0,,,,,,
2026-04-10 23:00,0.0,0.0,0.0,0.0,0.0,0.0,0.0,0.0,,0.0,0.0,0.0,0.0,0.0,0.0,0.0,0.0,0.0,0.0,,,,,,
2026-04-11 00:00,0.0,0.0,0.0,0.0,0.0,0.0,0.0,0.0,,0.0,0.0,0.0,0.0,0.0,0.0,0.0,0.0,0.0,0.0,,,,,,
2026-04-11 01:00,0.0,0.0,0.0,0.0,0.0,0.0,0.0,0.0,,0.0,0.0,0.0,0.0,0.0,0.0,0.0,0.0,0.0,0.0,,,,,,
2026-04-11 02:00,0.0,0.0,0.0,0.0,0.0,0.0,0.0,0.0,,0.0,0.0,0.0,0.17,0.0,0.0,0.0,0.0,0.0,0.0,,,,,,
2026-04-11 03:00,0.0,0.0,0.0,0.0,0.0,0.0,0.0,0.0,,0.0,0.0,0.0,0.17,0.0,0.0,0.0,0.0,0.0,0.0,,,,,,
2026-04-11 04:00,0.0,0.0,0.0,0.0,0.0,0.0,0.0,0.0,,0.0,0.0,0.0,0.0,0.0,0.0,0.0,0.0,0.0,0.0,,,,,,
2026-04-11 05:00,11.17,9.67,11.17,16.5,9.5,9.67,10.33,12.5,,7.83,11.83,14.5,14.33,12.67,12.83,18.5,25.5,11.33,7.67,,,,,,
2026-04-11 06:00,149.17,130.67,90.83,185.0,81.67,161.83,151.0,158.0,286.0,148.0,159.0,157.17,165.83,149.83,176.83,165.33,160.67,156.5,159.33,,,,,,
2026-04-11 07:00,339.5,417.17,373.0,423.17,392.5,397.33,329.5,380.5,401.67,381.0,297.33,388.5,379.67,259.33,399.67,397.33,369.17,382.67,391.83,,,,,,
2026-04-11 08:00,551.67,598.5,606.33,537.5,508.17,620.83,506.83,560.33,577.0,585.83,446.5,568.67,619.0,380.67,501.33,572.5,530.0,476.67,626.67,,,,,,
2026-04-11 09:00,716.67,626.17,826.17,494.5,600.33,808.33,774.0,606.33,592.67,766.33,493.33,708.5,815.83,446.5,335.33,391.83,,357.17,679.0,,,,,,
2026-04-11 10:00,815.4,773.83,776.33,654.67,530.0,928.17,932.83,747.67,541.67,911.83,777.17,649.67,784.67,600.5,424.33,440.33,,502.5,873.0,,,,,,
2026-04-11 11:00,744.67,593.17,882.83,551.17,556.83,991.83,1010.17,956.5,535.83,968.5,901.67,1011.17,871.5,929.67,465.83,604.17,,765.17,925.5,,,,,,
2026-04-11 12:00,296.0,802.67,611.17,735.0,541.83,987.67,961.5,939.0,875.0,950.0,837.83,874.83,1017.67,924.0,737.0,479.67,,725.5,902.17,,,,,,
2026-04-11 13:00,579.67,470.17,814.17,809.83,457.5,921.83,845.0,825.0,681.17,915.5,704.17,893.83,943.17,823.33,700.83,812.17,,602.0,866.33,,,,,,
2026-04-11 14:00,735.0,398.17,765.5,344.5,377.67,778.0,468.5,631.83,807.17,769.5,515.33,793.67,785.83,632.33,497.83,764.67,,616.33,788.67,,,,,,
2026-04-11 15:00,494.5,194.83,441.83,302.0,456.0,571.83,285.83,585.67,533.5,551.5,421.5,529.67,551.83,510.67,325.0,536.67,,483.33,557.5,,,,,,
2026-04-11 16:00,320.33,112.5,206.0,,301.83,334.67,158.33,340.83,350.0,330.67,251.83,362.5,346.5,276.83,200.5,271.17,98.0,309.67,323.67,,,,,,
2026-04-11 17:00,69.83,29.67,44.33,,62.17,106.33,50.67,108.33,113.0,72.5,55.33,91.83,76.83,64.33,54.33,67.33,55.0,57.83,113.17,,,,,,
2026-04-11 18:00,0.83,1.0,0.67,0.0,1.17,1.67,1.17,2.83,5.5,0.83,1.83,1.83,2.17,1.67,1.67,1.67,0.33,1.17,2.17,,,,,,
2026-04-11 19:00,0.0,0.0,0.0,0.0,0.0,0.0,0.0,0.0,,0.0,0.0,0.0,0.0,0.0,0.0,0.0,0.0,0.0,0.0,,,,,,
2026-04-11 20:00,0.0,0.0,0.0,0.0,0.0,0.0,0.0,0.0,,0.0,0.0,0.0,0.0,0.0,0.0,0.17,0.0,0.0,0.0,,,,,,
2026-04-11 21:00,0.0,0.0,0.0,0.0,0.0,0.0,0.0,0.0,,0.0,0.0,0.0,0.0,0.0,0.0,0.33,0.0,0.17,0.0,,,,,,
2026-04-11 22:00,0.0,0.0,0.0,0.0,0.0,0.0,0.0,0.0,,0.0,0.0,0.0,0.0,0.0,0.0,0.33,0.0,0.0,0.0,,,,,,
2026-04-11 23:00,0.0,0.0,0.0,0.0,0.0,0.0,0.0,0.0,,0.0,0.0,0.0,0.0,0.0,0.0,0.0,0.0,0.0,0.0,,,,,,
2026-04-12 00:00,0.0,0.0,0.0,0.0,0.0,0.0,0.0,0.0,,0.0,0.0,0.0,0.0,0.0,0.0,0.0,0.0,0.0,0.0,,,,,,
2026-04-12 01:00,0.0,0.0,0.0,0.0,0.0,0.0,0.0,0.0,,0.0,0.0,0.0,0.0,0.0,0.0,0.0,,0.0,0.0,,,,,,
2026-04-12 02:00,0.0,0.0,0.0,0.0,0.0,0.0,0.0,0.0,,0.0,0.0,0.0,0.0,0.0,0.0,0.0,,0.0,0.0,,,,,,
2026-04-12 03:00,0.0,0.0,0.0,0.0,0.0,0.0,0.0,0.0,,0.0,0.0,0.0,0.0,0.0,0.0,0.0,,0.0,0.0,,,,,,
2026-04-12 04:00,0.0,0.0,0.0,0.0,0.0,0.0,0.0,0.0,,0.0,0.0,0.0,0.0,0.0,0.0,0.0,,0.0,0.0,,,,,,
2026-04-12 05:00,11.33,19.33,9.67,17.67,10.0,11.33,17.33,13.83,,8.5,14.0,15.0,17.33,12.0,9.5,15.33,21.67,10.33,9.33,,,,,,
2026-04-12 06:00,131.83,101.5,85.0,191.33,88.83,168.0,215.67,166.33,299.0,148.33,169.0,170.33,165.17,142.67,159.67,154.33,55.0,157.83,185.5,,,,,,
2026-04-12 07:00,333.17,182.83,363.17,437.0,390.0,393.33,281.33,383.17,414.83,377.33,377.67,404.5,398.17,319.17,246.67,371.33,,382.33,414.0,,,,,,
2026-04-12 08:00,620.5,416.83,481.33,658.67,601.5,621.5,285.17,620.67,635.17,584.33,310.83,579.83,597.17,508.33,478.33,491.17,,441.0,640.33,,,,,,
2026-04-12 09:00,460.0,471.33,303.0,826.0,786.67,810.5,182.17,804.17,818.67,780.17,638.67,802.5,862.67,616.0,649.33,527.5,,234.83,826.67,,,,,,
2026-04-12 10:00,168.0,422.17,405.33,893.83,931.5,943.0,556.83,929.83,939.83,917.33,537.83,918.67,928.0,728.17,842.67,349.33,,325.33,953.5,,,,,,
2026-04-12 11:00,683.5,403.33,818.33,948.33,864.33,988.33,421.17,987.0,996.17,973.5,826.6,877.67,1047.33,968.0,919.0,300.83,,349.0,1012.67,,,,,,
2026-04-12 12:00,556.0,366.33,796.67,1059.17,610.5,979.17,494.83,973.0,986.5,951.17,292.17,942.17,1003.67,955.33,888.5,522.33,,565.33,1005.17,,,,,,
2026-04-12 13:00,900.67,437.33,474.33,768.67,568.67,907.33,602.0,900.83,912.83,909.0,391.33,890.33,976.33,873.5,665.5,697.0,,750.33,941.25,,,,,,
2026-04-12 14:00,749.17,431.33,552.83,515.0,707.67,774.67,555.5,765.0,748.67,757.0,688.33,751.67,817.17,754.0,557.17,765.33,,517.17,777.33,,,,,,
2026-04-12 15:00,566.83,204.5,521.33,,539.67,572.67,301.5,575.67,565.83,544.17,540.5,576.0,610.83,527.0,333.5,559.67,,451.67,580.33,,,,,,
2026-04-12 16:00,319.5,147.83,296.83,,327.17,333.67,251.67,343.0,337.83,337.0,308.17,352.83,377.0,241.17,193.17,346.17,,323.5,354.0,,,,,,
2026-04-12 17:00,92.0,79.33,49.67,,81.17,109.83,62.83,117.0,115.67,82.33,102.17,119.33,124.33,94.0,67.5,104.0,,99.33,122.17,,,,,,
2026-04-12 18:00,0.83,1.17,1.33,0.0,1.0,1.0,1.17,2.33,8.0,0.83,2.0,1.67,1.83,1.33,1.0,1.67,,2.0,3.0,,,,,,
2026-04-12 19:00,0.0,0.0,0.0,0.0,0.0,0.0,0.0,0.0,,0.0,0.0,0.0,0.0,0.0,0.0,0.0,,0.0,0.0,,,,,,
2026-04-12 20:00,0.0,0.0,0.0,0.0,0.0,0.0,0.0,0.0,,0.0,0.0,0.0,0.0,0.0,0.0,0.0,,0.17,0.0,,,,,,
2026-04-12 21:00,0.0,0.0,0.0,0.0,0.0,0.0,0.0,0.0,,0.0,0.0,0.0,0.0,0.0,0.0,0.0,,0.0,0.0,,,,,,
2026-04-12 22:00,0.0,0.0,0.0,0.0,0.0,0.0,0.0,0.0,,0.0,0.0,0.0,0.0,0.0,0.0,0.0,,0.0,0.0,,,,,,
2026-04-12 23:00,0.0,0.0,0.0,0.0,0.0,0.0,0.0,0.0,,0.0,0.0,0.0,0.0,0.0,0.0,0.33,,0.0,0.0,,,,,,
2026-04-13 00:00,0.0,0.0,0.0,0.0,0.0,0.0,0.0,0.0,,0.0,0.0,0.0,0.0,0.0,0.0,0.0,,0.0,0.0,,,,,,
2026-04-13 01:00,0.0,0.0,0.0,0.0,0.0,0.0,0.0,0.0,,0.0,0.0,0.0,0.0,0.0,0.0,0.0,,0.0,0.0,,,,,,
2026-04-13 02:00,0.0,0.0,0.0,0.0,0.0,0.0,0.0,0.0,,0.0,0.0,0.0,0.0,0.0,0.0,0.0,,0.0,0.0,,,,,,
2026-04-13 03:00,0.0,0.0,0.0,0.0,0.0,0.0,0.0,0.0,,0.0,0.0,0.0,0.0,0.0,0.0,0.17,,0.0,0.0,,,,,,
2026-04-13 04:00,0.0,0.0,0.0,0.0,0.0,0.0,0.0,0.0,,0.0,0.0,0.0,0.0,0.0,0.0,0.17,,0.0,0.0,,,,,,
2026-04-13 05:00,7.0,18.5,15.5,10.33,11.67,13.83,12.0,13.67,,10.0,17.67,15.33,15.33,14.83,7.83,14.33,37.0,18.0,14.5,,,,,,
2026-04-13 06:00,117.5,107.0,98.33,143.17,102.5,177.83,166.33,109.83,285.0,158.0,174.5,166.67,171.17,158.0,163.17,148.33,,167.67,176.33,,,,,,
2026-04-13 07:00,382.5,374.5,378.67,424.0,391.67,418.67,293.83,389.67,409.33,390.33,323.83,398.83,397.17,236.0,295.5,417.5,,286.67,411.17,,,,,,
2026-04-13 08:00,584.67,600.67,433.5,642.5,606.5,639.83,383.67,554.17,630.67,599.0,451.17,430.5,678.83,482.0,542.67,526.67,,422.5,634.5,,,,,,
2026-04-13 09:00,561.0,746.17,399.33,799.33,793.83,825.83,744.17,833.83,809.0,791.0,595.0,757.67,574.5,469.83,701.0,634.0,,657.0,821.17,,,,,,
2026-04-13 10:00,722.33,906.83,760.33,730.83,916.17,955.67,847.83,907.17,932.67,945.0,791.83,924.0,968.67,824.67,757.33,896.5,,706.83,956.83,,,,,,
2026-04-13 11:00,917.67,996.5,660.5,889.0,920.0,1016.33,973.67,962.67,993.83,997.67,789.5,994.5,614.0,873.67,896.67,837.33,,934.0,1016.17,,,,,,
2026-04-13 12:00,840.33,988.33,730.67,987.17,808.67,1003.83,972.83,913.17,983.67,971.0,830.17,865.83,1043.5,958.33,831.83,808.33,,894.17,1009.17,,,,,,
2026-04-13 13:00,800.0,915.5,795.17,926.83,581.0,929.5,885.67,858.67,904.5,925.33,881.67,896.17,971.5,882.0,941.5,801.33,,651.33,927.83,,,,,,
2026-04-13 14:00,712.83,763.5,714.83,700.67,676.83,783.5,742.17,754.0,758.17,768.5,741.5,746.0,820.33,743.83,741.83,762.17,,418.0,785.17,,,,,,
2026-04-13 15:00,535.83,551.83,539.5,,490.67,574.83,546.5,564.0,513.33,555.83,551.67,566.17,618.0,554.0,563.5,530.5,,492.83,582.33,,,,,,
2026-04-13 16:00,300.17,316.0,313.0,,191.17,335.17,323.67,336.67,324.33,331.0,331.17,330.5,376.33,331.5,301.83,318.83,,306.83,338.17,,,,,,
2026-04-13 17:00,96.33,95.5,63.5,,80.5,107.5,99.17,114.83,110.5,89.0,113.83,112.5,130.33,106.17,93.83,103.5,,100.17,112.33,,,,,,
2026-04-13 18:00,2.33,2.5,2.17,0.0,2.0,1.67,2.67,4.5,8.33,1.17,3.33,3.83,4.17,3.33,2.0,3.67,,2.83,3.83,,,,,,
2026-04-13 19:00,0.0,0.0,0.0,0.0,0.0,0.0,0.0,0.0,,0.0,0.0,0.0,0.0,0.0,0.0,0.0,,0.0,0.0,,,,,,
2026-04-13 20:00,0.0,0.0,0.0,0.0,0.0,0.0,0.0,0.0,,0.0,0.0,0.0,0.0,0.0,0.0,0.0,,0.0,0.0,,,,,,
2026-04-13 21:00,0.0,0.0,0.0,0.0,0.0,0.0,0.0,0.0,,0.0,0.0,0.0,0.0,0.0,0.0,0.0,,0.0,0.0,,,,,,
2026-04-13 22:00,0.0,0.0,0.0,0.0,0.0,0.0,0.0,0.0,,0.0,0.0,0.0,0.0,0.0,0.0,0.0,,0.0,0.0,,,,,,
2026-04-13 23:00,0.0,0.0,0.0,0.0,0.0,0.0,0.0,0.0,,0.0,0.0,0.0,0.0,0.0,0.0,0.0,,0.0,0.0,,,,,,
2026-04-14 00:00,0.0,0.0,0.0,0.0,0.0,0.0,0.0,0.0,,0.0,0.0,0.0,0.0,0.0,0.0,0.0,,0.0,0.0,,,,,,
2026-04-14 01:00,0.0,0.0,0.0,0.0,0.0,0.0,0.0,0.0,,0.0,0.0,0.0,0.0,0.0,0.0,0.0,,0.0,0.0,,,,,,
2026-04-14 02:00,0.0,0.0,0.0,0.0,0.0,0.0,0.0,0.0,,0.0,0.0,0.0,0.0,0.0,0.0,0.0,,0.0,0.0,,,,,,
2026-04-14 03:00,0.0,0.0,0.0,0.0,0.0,0.0,0.0,0.0,,0.0,0.0,0.0,0.0,0.0,0.0,0.0,,0.0,0.0,,,,,,
2026-04-14 04:00,0.0,0.0,0.0,0.0,0.0,0.0,0.0,0.0,,0.0,0.0,0.0,0.0,0.0,0.0,0.0,,0.0,0.0,,,,,,
2026-04-14 05:00,17.33,25.17,12.5,20.17,13.0,15.0,19.0,15.83,,9.17,17.5,18.17,20.0,18.17,16.67,23.0,,20.33,15.33,,,,,,
2026-04-14 06:00,163.5,191.0,122.67,194.33,103.17,182.0,175.67,169.5,302.0,173.17,185.67,177.33,197.83,181.83,188.83,182.83,,183.33,178.33,,,,,,
2026-04-14 07:00,387.0,425.67,381.5,443.5,400.5,419.67,400.17,397.83,421.0,400.5,403.5,412.5,448.17,414.17,433.83,409.33,,402.17,417.17,,,,,,
2026-04-14 08:00,599.17,649.83,599.17,660.83,616.67,637.0,612.0,621.0,643.5,604.17,617.33,636.17,676.17,637.33,650.17,612.5,,610.17,646.33,,,,,,
2026-04-14 09:00,767.8,823.0,771.6,841.0,794.8,829.6,788.8,818.0,838.0,800.0,803.6,811.83,900.6,813.0,826.4,809.0,,777.0,843.6,,,,,,
2026-04-14 10:00,866.8,935.4,887.6,949.0,900.2,944.8,920.4,938.2,955.8,932.8,916.4,938.83,992.8,916.4,925.8,907.2,,880.6,967.4,,,,,,
2026-04-14 11:00,903.5,1008.75,957.0,993.5,955.25,1004.5,982.0,955.75,1024.0,982.5,972.75,951.0,984.25,931.0,967.25,954.5,,946.25,1029.25,,,,,,
2026-04-14 12:00,887.75,1004.75,857.5,951.75,927.0,987.5,873.75,952.0,930.5,965.0,956.75,959.67,1046.75,953.0,903.75,926.75,,897.5,981.5,,,,,,
2026-04-14 13:00,748.0,760.0,816.5,683.0,734.5,709.0,741.0,792.0,676.5,616.0,771.0,831.33,760.5,632.5,722.5,741.0,,714.5,776.0,,,,,,
2026-04-14 14:00,628.2,501.6,604.2,557.0,563.0,673.2,576.0,794.4,601.4,686.8,608.4,619.0,616.8,496.4,546.6,650.6,,616.2,781.6,,,,,,
2026-04-14 15:00,344.33,513.5,322.17,,334.5,556.5,300.5,564.17,473.17,480.0,271.67,341.33,445.5,529.17,474.0,309.5,,281.83,543.67,,,,,,
2026-04-14 16:00,209.83,278.0,250.17,,281.17,368.67,289.67,324.0,240.67,341.33,329.33,275.33,324.0,329.83,342.67,261.83,,271.5,338.33,,,,,,
2026-04-14 17:00,77.83,77.17,59.17,,92.17,99.5,102.17,107.67,126.17,79.5,105.5,117.0,139.5,113.33,61.83,89.0,,82.33,117.17,,,,,,
2026-04-14 18:00,1.67,1.0,2.33,0.0,1.67,0.67,3.5,1.67,4.33,1.67,3.83,2.17,2.83,3.33,3.0,2.0,,1.67,1.17,,,,,,
2026-04-14 19:00,0.0,0.0,0.0,0.0,0.0,0.0,0.0,0.0,,0.0,0.0,0.0,0.0,0.0,0.0,0.0,,0.0,0.0,,,,,,
2026-04-14 20:00,0.0,0.0,0.0,0.0,0.0,0.0,0.0,0.0,,0.0,0.0,0.0,0.0,0.0,0.0,0.0,,0.0,0.0,,,,,,
2026-04-14 21:00,0.0,0.0,0.0,0.0,0.0,0.0,0.0,0.0,,0.0,0.0,0.0,0.0,0.0,0.0,0.0,,0.0,0.0,,,,,,
2026-04-14 22:00,0.0,0.0,0.0,0.0,0.0,0.0,0.0,0.0,,0.0,0.0,0.0,0.0,0.0,0.0,0.0,,0.0,0.0,,,,,,
2026-04-14 23:00,0.0,0.0,0.0,0.0,0.0,0.0,0.0,0.0,,0.0,0.0,0.0,0.0,0.0,0.0,0.0,,0.0,0.0,,,,,,
2026-04-15 00:00,0.0,0.0,0.0,0.0,0.0,0.0,0.0,0.0,,0.0,0.0,0.0,0.0,0.0,0.0,0.0,,0.0,0.0,,,,,,
2026-04-15 01:00,0.0,0.0,0.0,0.0,0.0,0.0,0.0,0.0,,0.0,0.0,0.0,0.0,0.0,0.0,0.0,,0.0,0.0,,,,,,
2026-04-15 02:00,0.0,0.0,0.0,0.0,0.0,0.0,0.0,0.0,,0.0,0.0,0.0,0.0,0.0,0.0,0.0,,0.0,0.0,,,,,,
2026-04-15 03:00,0.0,0.0,0.0,0.0,0.0,0.0,0.0,0.0,,0.0,0.0,0.0,0.0,0.0,0.0,0.0,,0.0,0.0,,,,,,
2026-04-15 04:00,0.0,0.0,0.0,0.0,0.0,0.0,0.0,0.0,,0.0,0.0,0.0,0.0,0.0,0.0,0.17,,0.0,0.0,,,,,,
2026-04-15 05:00,10.5,17.33,11.83,10.5,12.0,8.0,13.83,7.67,,5.5,14.5,8.5,9.67,9.67,8.33,14.67,32.0,13.83,7.33,,,,,,
2026-04-15 06:00,116.83,97.83,113.5,74.33,96.17,75.0,110.33,58.33,,59.33,101.5,70.33,77.17,80.33,66.83,106.17,,104.17,74.5,,,,,,
2026-04-15 07:00,239.33,224.17,268.5,163.33,183.83,171.33,297.5,155.33,176.0,171.0,291.67,171.83,185.17,170.5,159.17,235.0,,249.33,170.17,,,,,,
2026-04-15 08:00,408.67,533.83,406.5,310.0,344.5,326.17,376.33,302.5,305.67,411.33,366.33,275.0,323.0,325.17,314.0,458.67,,409.5,332.33,,,,,,
2026-04-15 09:00,511.17,579.33,456.83,461.5,519.0,599.17,348.67,478.67,552.67,585.67,418.17,521.0,557.83,414.33,413.67,474.5,,487.5,503.0,,,,,,
2026-04-15 10:00,558.67,549.67,486.17,590.5,556.0,665.83,431.33,815.67,769.17,789.83,614.5,727.33,746.17,609.67,584.5,650.5,,590.67,759.17,,,,,,
2026-04-15 11:00,665.5,576.17,691.67,904.33,795.17,502.33,690.5,925.83,839.83,817.17,874.83,940.67,954.17,843.0,882.67,681.0,574.83,713.83,910.67,,,,,,
2026-04-15 12:00,798.5,626.0,838.67,959.5,926.33,648.17,836.67,826.5,892.83,522.33,893.5,916.83,938.33,777.0,916.17,905.83,635.17,889.0,704.83,,,,,,
2026-04-15 13:00,618.33,691.33,579.83,769.17,787.0,858.17,711.83,870.83,854.83,704.17,621.5,780.17,945.5,673.0,773.83,826.5,769.33,746.17,889.67,,,,,,
2026-04-15 14:00,556.83,509.17,559.5,735.33,412.67,664.17,532.17,590.17,675.17,633.5,629.83,720.5,829.83,554.0,738.83,659.17,552.67,568.5,641.5,,,,,,
2026-04-15 15:00,384.5,467.67,509.17,,389.33,488.83,371.17,381.83,450.0,378.17,380.67,408.0,438.33,556.83,521.33,510.83,375.33,387.33,361.5,,,,,,
2026-04-15 16:00,235.0,308.33,209.17,,264.83,194.17,236.67,285.33,246.17,196.33,173.5,213.67,319.0,280.67,218.0,138.83,293.0,139.83,247.67,,,,,,
2026-04-15 17:00,55.5,57.0,45.17,,73.17,61.83,45.67,75.67,72.67,54.67,43.5,74.17,95.0,98.5,91.17,44.33,80.17,37.5,73.0,,,,,,
2026-04-15 18:00,0.5,1.33,1.17,0.0,1.0,0.67,2.67,2.17,7.5,0.83,2.17,2.0,2.33,1.0,0.33,1.5,1.17,1.33,1.33,,,,,,
2026-04-15 19:00,0.0,0.0,0.0,0.0,0.0,0.0,0.0,0.0,,0.0,0.0,0.0,0.0,0.0,0.0,0.0,0.0,0.0,0.0,,,,,,
2026-04-15 20:00,0.0,0.0,0.0,0.0,0.0,0.0,0.0,0.0,,0.0,0.0,0.0,0.0,0.0,0.0,0.0,0.0,0.0,0.0,,,,,,
2026-04-15 21:00,0.0,0.0,0.0,0.0,0.0,0.0,0.0,0.0,,0.0,0.0,0.0,0.0,0.0,0.0,0.0,0.0,0.0,0.0,,,,,,
2026-04-15 22:00,0.0,0.0,0.0,0.0,0.0,0.0,0.0,0.0,,0.0,0.0,0.0,0.0,0.0,0.0,0.0,0.0,0.0,0.0,,,,,,
2026-04-15 23:00,0.0,0.0,0.0,0.0,0.0,0.0,0.0,0.0,,0.0,0.0,0.0,0.0,0.0,0.0,0.0,0.0,0.0,0.0,,,,,,
2026-04-16 00:00,0.0,0.0,0.0,0.0,0.0,0.0,0.0,0.0,,0.0,0.0,0.0,0.0,0.0,0.0,0.0,0.0,0.0,0.0,,,,,,
2026-04-16 01:00,0.0,0.0,0.0,0.0,0.0,0.0,0.0,0.0,,0.0,0.0,0.0,0.0,0.0,0.0,0.0,0.0,0.0,0.0,,,,,,
2026-04-16 02:00,0.0,0.0,0.0,0.0,0.0,0.0,0.0,0.0,,0.0,0.0,0.0,0.0,0.0,0.0,0.0,0.0,0.0,0.0,,,,,,
2026-04-16 03:00,0.0,0.0,0.0,0.0,0.0,0.0,0.0,0.0,,0.0,0.0,0.0,0.0,0.0,0.0,0.0,0.0,0.0,0.0,,,,,,
2026-04-16 04:00,0.0,0.0,0.0,0.0,0.0,0.0,0.0,0.0,,0.0,0.0,0.0,0.0,0.0,0.0,0.0,0.0,0.0,0.0,,,,,,
2026-04-16 05:00,17.33,23.5,11.0,17.67,18.0,14.67,15.33,15.0,,11.67,13.67,15.5,18.0,15.5,15.5,14.5,19.83,11.33,16.67,,,,,,
2026-04-16 06:00,106.67,170.67,112.33,170.0,105.83,136.5,152.5,160.17,264.0,149.33,162.0,153.83,172.33,165.67,165.67,148.17,154.0,138.67,143.33,,,,,,
2026-04-16 07:00,366.67,408.17,360.33,391.67,365.17,386.83,327.17,362.5,384.17,337.0,383.83,368.67,393.0,376.0,385.83,368.83,315.0,371.5,387.33,,,,,,
2026-04-16 08:00,579.17,630.83,568.67,604.83,583.17,615.83,586.83,579.17,600.33,528.17,597.83,574.33,634.83,576.33,466.5,575.0,425.5,573.5,576.17,,,,,,
2026-04-16 09:00,699.83,793.5,710.83,795.67,662.17,812.33,754.33,763.0,779.17,721.67,766.0,756.17,830.67,737.67,639.0,760.0,748.5,742.0,763.83,,,,,,
2026-04-16 10:00,860.5,905.83,871.33,901.33,617.83,938.5,882.33,889.17,900.5,859.0,878.33,884.17,948.83,742.0,754.0,880.5,891.33,830.5,914.83,,,,,,
2026-04-16 11:00,797.83,959.33,913.17,965.67,730.17,889.0,926.5,952.83,956.5,914.17,935.83,935.0,1004.5,911.5,860.0,924.67,952.33,894.17,979.0,,,,,,
2026-04-16 12:00,799.5,938.5,898.5,930.0,870.0,953.0,916.83,942.0,947.33,905.33,922.17,928.33,991.17,866.33,904.0,903.5,928.83,893.5,967.5,,,,,,
2026-04-16 13:00,748.17,862.17,820.5,866.25,804.67,873.67,836.33,869.67,867.17,864.5,842.83,863.33,918.5,824.83,826.33,794.17,850.83,824.5,884.0,,,,,,
2026-04-16 14:00,671.33,717.67,687.83,,685.5,310.67,690.0,740.0,724.33,721.5,700.83,706.67,764.33,691.83,689.5,689.83,709.0,692.0,740.0,,,,,,
2026-04-16 15:00,502.17,526.33,500.0,,498.67,322.83,505.0,520.5,531.83,505.83,510.67,526.83,562.83,507.5,504.67,504.83,519.33,490.5,544.33,,,,,,
2026-04-16 16:00,277.5,297.83,284.17,,282.5,316.67,292.83,306.33,308.33,242.17,295.83,310.0,334.5,298.33,289.83,295.0,301.0,263.5,319.0,,,,,,
2026-04-16 17:00,80.83,87.83,62.67,,79.33,91.83,91.5,100.5,101.67,77.83,97.0,100.33,110.67,94.5,87.5,94.0,90.83,89.17,104.0,,,,,,
2026-04-16 18:00,2.33,2.67,2.0,0.0,1.5,2.17,2.5,4.17,8.0,2.33,3.17,3.17,3.83,2.83,1.83,3.0,2.33,2.33,3.0,,,,,,
2026-04-16 19:00,0.0,0.0,0.0,0.0,0.0,0.0,0.0,0.0,,0.0,0.0,0.0,0.0,0.0,0.0,0.0,0.0,0.0,0.0,,,,,,
2026-04-16 20:00,0.0,0.0,0.0,0.0,0.0,0.0,0.0,0.0,,0.0,0.0,0.0,0.0,0.0,0.0,0.0,0.0,0.0,0.0,,,,,,
2026-04-16 21:00,0.0,0.0,0.0,0.0,0.0,0.0,0.0,0.0,,0.0,0.0,0.0,0.0,0.0,0.0,0.0,0.0,0.0,0.0,,,,,,
2026-04-16 22:00,0.0,0.0,0.0,0.0,0.0,0.0,0.0,0.0,,0.0,0.0,0.0,0.0,0.0,0.0,0.0,0.0,0.0,0.0,,,,,,
2026-04-16 23:00,0.0,0.0,0.0,0.0,0.0,0.0,0.0,0.0,,0.0,0.0,0.0,0.17,0.67,0.0,0.0,0.0,0.0,0.0,,,,,,
2026-04-17 00:00,0.0,0.0,0.0,0.0,0.0,0.0,0.0,0.0,,0.0,0.0,0.0,0.0,1.0,0.0,0.0,0.0,0.0,0.0,,,,,,
2026-04-17 01:00,0.0,0.0,0.0,0.0,0.0,0.0,0.0,0.0,,0.0,0.0,0.0,0.0,0.0,0.0,0.0,0.0,0.0,0.0,,,,,,
2026-04-17 02:00,0.0,0.0,0.0,0.0,0.0,0.0,0.0,0.0,,0.0,0.0,0.0,0.0,0.0,0.0,0.0,0.0,0.0,0.0,,,,,,
2026-04-17 03:00,0.0,0.0,0.0,0.0,0.0,0.0,0.0,0.0,,0.0,0.0,0.0,0.0,0.0,0.0,0.0,0.0,0.0,0.0,,,,,,
2026-04-17 04:00,0.0,0.0,0.0,0.0,0.0,0.0,0.0,0.0,,0.0,0.0,0.0,0.0,0.0,0.0,0.0,0.0,0.0,0.0,,,,,,
2026-04-17 05:00,21.0,18.17,16.0,17.67,17.33,17.17,18.0,16.0,,14.5,18.5,17.0,20.5,16.83,16.33,21.83,22.67,18.83,18.33,,,,,,
2026-04-17 06:00,151.83,174.5,128.33,159.5,120.0,153.33,148.67,128.17,220.0,141.17,151.67,162.33,181.0,159.0,153.67,157.17,172.17,151.17,132.67,,,,,,
2026-04-17 07:00,353.83,400.0,345.17,380.67,357.5,374.5,368.67,352.5,361.5,345.17,361.0,320.33,368.5,347.67,370.83,363.0,396.33,357.67,328.33,,,,,,
2026-04-17 08:00,582.0,598.83,541.5,546.67,566.17,592.67,502.67,572.83,597.5,546.83,492.17,586.33,638.0,563.83,542.5,537.0,600.33,509.5,604.5,,,,,,
2026-04-17 09:00,711.67,754.83,688.83,749.83,699.83,779.17,635.5,742.33,776.83,726.5,586.67,758.17,830.83,745.0,746.5,690.33,744.33,710.0,789.83,,,,,,
2026-04-17 10:00,827.83,848.0,757.0,899.5,839.67,896.0,673.33,836.17,902.5,867.33,767.5,856.5,929.83,804.67,833.83,823.67,897.83,865.5,915.33,,,,,,
2026-04-17 11:00,759.67,862.67,876.67,941.33,898.0,947.5,919.67,859.0,923.17,917.33,923.33,852.5,857.17,846.33,913.0,818.5,831.33,812.17,961.5,,,,,,
2026-04-17 12:00,822.5,920.83,901.33,788.5,899.0,750.33,892.0,668.0,847.0,889.5,871.0,748.33,732.83,693.67,726.5,913.33,924.67,871.33,886.67,,,,,,
2026-04-17 13:00,736.0,853.0,824.33,679.5,650.83,664.67,743.5,503.17,751.0,840.17,772.0,652.0,668.33,444.83,591.67,783.67,836.17,689.33,733.17,,,,,,
2026-04-17 14:00,587.67,666.5,485.17,,560.33,450.5,560.17,427.5,524.5,667.67,505.33,382.5,487.5,508.0,556.17,455.5,491.17,460.0,542.0,,,,,,
2026-04-17 15:00,410.33,443.17,300.5,,335.83,444.33,361.0,378.0,307.5,425.67,384.0,354.17,370.83,382.67,386.67,280.83,477.83,264.5,318.83,,,,,,
2026-04-17 16:00,94.83,176.0,101.5,,202.83,225.67,44.0,207.33,131.5,225.33,59.33,179.0,215.17,215.67,187.17,130.17,156.17,118.17,199.17,,,,,,
2026-04-17 17:00,17.17,5.0,17.33,,33.33,79.0,38.83,62.67,46.5,74.83,34.5,77.67,56.0,54.0,52.17,35.33,7.67,29.67,50.5,,,,,,
2026-04-17 18:00,2.17,0.33,1.5,0.0,2.17,1.83,3.17,3.17,,2.17,2.67,2.83,3.17,0.83,2.67,2.0,2.33,1.17,2.33,,,,,,
2026-04-17 19:00,0.0,0.33,0.0,0.0,0.0,0.0,0.0,0.0,,0.0,0.0,0.0,0.0,0.0,0.0,0.17,0.17,0.0,0.0,,,,,,
2026-04-17 20:00,0.0,0.0,0.0,0.0,0.0,0.0,0.0,0.0,,0.0,0.0,0.0,0.0,0.0,0.0,0.33,0.0,0.0,0.0,,,,,,
2026-04-17 21:00,0.0,0.0,0.0,0.0,0.0,0.0,0.0,0.0,,0.0,0.0,0.0,0.0,0.0,0.0,0.5,0.0,0.0,0.0,,,,,,
2026-04-17 22:00,0.0,0.0,0.33,0.0,0.0,0.0,0.0,0.0,,0.0,0.0,0.0,0.0,0.0,0.0,0.67,0.0,0.0,0.0,,,,,,
2026-04-17 23:00,0.0,0.0,0.17,0.0,0.0,0.0,0.0,0.0,,0.0,0.0,0.0,0.0,0.0,0.0,1.17,0.0,0.17,0.0,,,,,,
2026-04-18 00:00,0.0,0.0,0.0,0.0,0.0,0.0,0.0,0.0,,0.0,0.0,0.0,0.0,0.0,0.0,1.0,0.0,0.0,0.0,,,,,,
2026-04-18 01:00,0.0,0.0,0.0,0.0,0.0,0.0,0.0,0.0,,0.0,0.0,0.0,0.0,0.0,0.0,0.83,0.0,0.0,0.0,,,,,,
2026-04-18 02:00,0.0,0.0,0.0,0.0,0.0,0.0,0.0,0.0,,0.0,0.0,0.0,0.0,0.0,0.0,0.17,0.0,0.0,0.0,,,,,,
2026-04-18 03:00,0.0,0.0,0.0,0.0,0.0,0.0,0.0,0.0,,0.0,0.0,0.0,0.0,0.5,0.0,0.0,0.0,0.0,0.0,,,,,,
2026-04-18 04:00,0.0,0.0,0.0,0.0,0.0,0.0,0.0,0.0,,0.0,0.0,0.0,0.0,0.0,0.0,0.0,0.0,0.0,0.0,,,,,,
2026-04-18 05:00,13.0,19.33,14.5,13.5,14.33,6.0,12.33,14.5,,3.33,13.83,14.83,16.17,15.5,12.67,15.0,17.17,14.5,14.33,,,,,,
2026-04-18 06:00,97.0,137.67,103.33,133.17,99.5,98.67,132.17,145.5,217.0,47.17,130.5,143.0,152.67,130.83,125.5,110.33,119.33,105.33,128.33,,,,,,
2026-04-18 07:00,250.17,336.5,290.0,329.67,238.5,325.67,348.17,375.5,362.5,160.33,334.67,374.67,410.83,357.83,360.17,278.17,296.5,295.5,366.33,,,,,,
2026-04-18 08:00,458.17,570.33,512.67,627.83,470.33,546.5,541.17,575.67,615.0,277.5,555.33,599.67,646.67,561.83,592.17,509.0,530.17,523.67,638.67,,,,,,
2026-04-18 09:00,661.17,756.33,708.0,809.0,661.17,751.17,708.5,718.33,781.5,454.83,705.83,759.5,820.83,718.67,768.0,686.83,727.0,725.0,808.0,,,,,,
2026-04-18 10:00,657.5,896.5,803.33,894.83,769.83,724.17,821.17,756.17,896.17,671.67,814.33,786.17,876.83,845.17,854.17,718.33,852.83,831.0,918.17,,,,,,
2026-04-18 11:00,763.67,728.83,862.83,910.33,870.0,963.33,868.67,805.17,936.5,837.83,879.33,795.5,879.67,846.17,883.0,847.0,775.33,868.33,958.67,,,,,,
2026-04-18 12:00,804.17,855.0,821.5,853.67,856.33,944.33,841.17,827.67,846.0,839.67,853.33,788.33,872.0,817.67,833.5,855.17,863.17,830.33,857.83,,,,,,
2026-04-18 13:00,741.17,691.5,704.33,629.0,764.17,886.83,692.83,789.17,693.67,835.17,725.33,744.5,832.67,748.83,669.0,726.17,792.83,721.33,736.67,,,,,,
2026-04-18 14:00,582.33,523.0,291.17,,628.67,756.0,263.5,662.33,617.83,684.67,438.0,630.0,710.5,630.83,576.17,574.67,646.0,429.33,574.17,,,,,,
2026-04-18 15:00,474.0,316.83,172.0,,387.67,540.67,158.83,465.0,452.5,485.67,363.67,472.33,520.67,464.5,349.17,435.33,150.83,200.83,399.83,,,,,,
2026-04-18 16:00,275.5,143.5,167.67,,257.17,306.0,94.83,279.83,265.67,273.33,175.33,281.67,318.33,290.33,129.17,171.5,57.83,139.83,276.67,,,,,,
2026-04-18 17:00,65.33,32.17,58.5,,68.67,101.17,39.5,99.83,90.0,81.17,77.0,96.33,105.5,101.83,65.0,58.67,47.5,56.83,90.83,,,,,,
2026-04-18 18:00,3.0,1.0,2.17,0.0,2.67,3.17,2.0,4.83,12.5,2.33,3.5,3.83,4.83,4.0,2.0,5.0,3.0,2.83,3.5,,,,,,
2026-04-18 19:00,0.0,0.0,0.0,0.0,0.0,0.0,0.0,0.0,,0.0,0.0,0.0,0.0,0.0,0.0,0.0,0.0,0.0,0.0,,,,,,
2026-04-18 20:00,0.0,0.0,0.0,0.0,0.0,0.0,0.0,0.0,,0.0,0.0,0.0,0.0,0.0,0.0,0.0,0.0,0.0,0.0,,,,,,
2026-04-18 21:00,0.0,0.0,0.0,0.0,0.0,0.0,0.0,0.0,,0.0,0.0,0.0,0.0,0.0,0.0,0.0,0.0,0.0,0.0,,,,,,
2026-04-18 22:00,0.0,0.0,0.0,0.0,0.0,0.0,0.0,0.0,,0.0,0.0,0.0,0.0,0.0,0.0,0.0,0.0,0.0,0.0,,,,,,
2026-04-18 23:00,0.0,0.0,0.0,0.0,0.0,0.0,0.0,0.0,,0.0,0.0,0.0,0.0,0.0,0.0,0.0,0.0,0.0,0.0,,,,,,
2026-04-19 00:00,0.0,0.0,0.0,0.0,0.0,0.0,0.0,0.0,,0.0,0.0,0.0,0.0,0.0,0.0,0.0,0.0,0.0,0.0,,,,,,
2026-04-19 01:00,0.0,0.0,0.0,0.0,0.0,0.0,0.0,0.0,,0.0,0.0,0.0,0.0,0.0,0.0,0.0,0.0,0.0,0.0,,,,,,
2026-04-19 02:00,0.0,0.0,0.0,0.0,0.0,0.0,0.0,0.0,,0.0,0.0,0.0,0.0,0.0,0.0,0.0,0.0,0.0,0.0,,,,,,
2026-04-19 03:00,0.0,0.0,0.0,0.0,0.0,0.0,0.0,0.0,,0.0,0.0,0.0,0.0,0.17,0.0,0.0,0.0,0.0,0.0,,,,,,
2026-04-19 04:00,0.0,0.0,0.0,0.0,0.0,0.0,0.0,0.0,,0.0,0.0,0.0,0.17,0.17,0.0,0.17,0.0,0.0,0.0,,,,,,
2026-04-19 05:00,12.17,2.5,14.33,18.17,22.5,19.83,19.67,18.0,,15.67,11.83,10.33,15.33,20.33,14.33,19.0,14.5,16.17,19.5,,,,,,
2026-04-19 06:00,69.17,31.83,55.0,149.83,133.17,172.83,147.67,157.0,242.0,160.5,41.83,157.0,166.33,160.17,82.33,130.67,120.33,66.0,173.33,,,,,,
2026-04-19 07:00,121.0,59.67,105.0,400.0,396.83,397.83,246.83,383.17,384.33,368.67,209.0,399.17,325.83,345.83,238.83,123.5,259.83,88.0,398.33,,,,,,
2026-04-19 08:00,110.83,235.67,255.33,630.33,443.83,609.67,401.67,483.17,600.5,568.0,238.0,440.33,517.17,431.83,488.33,136.17,332.33,126.5,631.0,,,,,,
2026-04-19 09:00,185.83,389.17,345.33,775.5,403.83,790.0,400.67,641.83,754.83,740.83,245.67,615.33,660.0,680.83,762.0,232.17,324.5,287.17,823.5,,,,,,
2026-04-19 10:00,264.83,411.83,258.33,775.67,516.17,932.5,460.83,953.17,932.0,884.17,573.33,768.17,818.83,853.5,768.0,279.67,223.67,340.0,952.67,,,,,,
2026-04-19 11:00,255.83,349.33,456.83,619.33,468.83,841.67,460.33,862.67,985.67,934.17,536.5,997.83,1068.33,959.0,715.33,569.33,487.17,552.67,1013.5,,,,,,
2026-04-19 12:00,284.67,249.33,508.67,895.67,508.33,1065.5,432.67,959.5,976.83,911.67,759.0,946.17,1056.67,957.83,480.33,689.33,446.5,573.5,1005.5,,,,,,
2026-04-19 13:00,290.67,311.33,450.0,850.0,691.33,809.17,298.33,896.33,874.0,921.83,521.0,884.5,951.0,869.67,546.67,539.67,534.33,673.5,924.0,,,,,,
2026-04-19 14:00,386.0,369.83,392.5,717.5,743.17,565.0,340.83,753.0,754.83,510.5,557.33,742.83,813.33,724.67,640.83,661.83,421.5,667.67,775.83,,,,,,
2026-04-19 15:00,524.33,135.67,405.0,,530.17,568.5,462.33,554.67,564.5,442.17,538.33,556.17,596.0,533.83,545.17,509.17,330.33,466.5,577.33,,,,,,
2026-04-19 16:00,300.0,81.67,291.0,,313.83,281.17,164.5,328.67,330.67,299.67,314.67,325.17,343.33,290.0,309.17,314.0,182.0,294.33,342.67,,,,,,
2026-04-19 17:00,87.5,46.83,64.83,,96.83,95.5,49.83,111.83,113.0,94.0,44.83,109.67,116.33,93.83,88.83,109.33,61.67,92.0,116.83,,,,,,
2026-04-19 18:00,2.83,1.83,2.83,0.0,3.0,3.33,2.33,5.0,13.5,3.33,2.67,4.17,4.83,4.5,1.67,4.0,1.83,3.33,4.33,,,,,,
2026-04-19 19:00,0.0,0.0,0.0,0.0,0.0,0.0,0.0,0.0,,0.0,0.0,0.0,0.0,0.0,0.0,0.0,0.0,0.0,0.0,,,,,,
2026-04-19 20:00,0.0,0.0,0.0,0.0,0.0,0.0,0.0,0.0,,0.0,0.0,0.0,0.0,0.0,0.0,0.0,0.0,0.0,0.0,,,,,,
2026-04-19 21:00,0.0,0.0,0.0,0.0,0.0,0.0,0.0,0.0,,0.0,0.0,0.0,0.0,0.0,0.0,0.0,0.0,0.0,0.0,,,,,,
2026-04-19 22:00,0.0,0.0,0.0,0.0,0.0,0.0,0.0,0.0,,0.0,0.0,0.0,0.0,0.0,0.0,0.0,0.0,0.0,0.0,,,,,,
2026-04-19 23:00,0.0,0.0,0.0,0.0,0.0,0.0,0.0,0.0,,0.0,0.0,0.0,0.0,0.0,0.0,0.0,0.0,0.0,0.0,,,,,,
2026-04-20 00:00,0.0,0.0,0.0,0.0,0.0,0.0,0.0,0.0,,0.0,0.0,0.0,0.0,0.0,0.0,0.0,0.0,0.0,0.0,,,,,,
2026-04-20 01:00,0.0,0.0,0.0,0.0,0.0,0.0,0.0,0.0,,0.0,0.0,0.0,0.0,0.0,0.0,0.0,0.0,0.0,0.0,,,,,,
2026-04-20 02:00,0.0,0.0,0.0,0.0,0.0,0.0,0.0,0.0,,0.0,0.0,0.0,0.0,0.0,0.0,0.0,0.0,0.0,0.0,,,,,,
2026-04-20 03:00,0.0,0.0,0.0,0.0,0.0,0.0,0.0,0.0,,0.0,0.0,0.0,0.0,0.0,0.0,0.0,0.0,0.0,0.0,,,,,,
2026-04-20 04:00,0.0,0.0,0.0,0.0,0.0,0.0,0.0,0.0,,0.0,0.0,0.0,0.0,0.0,0.0,0.5,0.0,0.0,0.0,,,,,,
2026-04-20 05:00,12.83,36.17,15.5,9.33,11.67,19.0,25.67,23.0,,17.0,25.83,20.5,25.67,15.0,6.33,22.67,18.0,19.5,18.83,,,,,,
2026-04-20 06:00,130.0,193.5,173.67,133.0,113.17,186.33,203.33,162.0,419.0,164.33,190.67,171.33,167.17,180.5,59.67,150.0,94.33,144.33,131.67,,,,,,
2026-04-20 07:00,343.5,285.5,396.83,288.17,396.5,430.83,314.33,309.5,259.6,375.0,328.83,394.5,250.33,298.0,157.17,397.67,293.0,349.17,356.17,,,,,,
2026-04-20 08:00,649.33,519.5,477.67,376.83,616.17,649.0,648.0,472.83,384.33,581.17,538.67,444.83,584.5,609.17,242.33,514.33,417.67,456.5,537.83,,,,,,
2026-04-20 09:00,719.33,696.17,791.17,610.33,632.33,782.67,871.5,624.5,653.0,747.67,620.83,574.67,701.17,728.83,514.83,733.33,785.67,682.17,694.67,,,,,,
2026-04-20 10:00,764.5,631.0,911.67,831.0,522.0,807.67,770.33,780.17,703.5,735.17,697.0,698.33,860.0,873.17,694.17,620.67,904.67,872.0,903.67,,,,,,
2026-04-20 11:00,963.0,711.83,982.83,1013.83,701.0,909.33,825.33,865.17,774.17,698.5,708.83,856.83,1040.75,901.0,748.67,692.17,967.5,795.17,1013.17,,,,,,
2026-04-20 12:00,995.67,618.17,889.83,987.5,730.5,998.67,819.17,884.33,743.33,935.5,753.67,840.67,936.5,844.83,616.33,974.17,952.33,794.0,1036.67,,,,,,
2026-04-20 13:00,908.33,628.33,945.83,944.0,562.83,930.33,694.5,926.33,866.0,919.83,864.33,843.33,922.8,792.83,533.67,900.67,918.67,880.33,964.67,,,,,,
2026-04-20 14:00,577.83,504.17,591.83,798.5,619.0,792.67,559.67,802.67,753.67,772.83,640.5,780.0,800.33,627.33,661.67,762.33,753.5,749.17,810.17,,,,,,
2026-04-20 15:00,236.67,375.83,181.67,,495.67,591.17,213.17,593.33,597.0,564.5,372.33,553.83,579.17,498.33,458.17,565.67,562.5,509.33,502.5,,,,,,
2026-04-20 16:00,203.0,228.33,247.67,,276.5,355.33,165.17,369.5,373.17,356.83,279.33,349.5,301.83,252.0,296.83,348.67,241.67,331.83,377.17,,,,,,
2026-04-20 17:00,101.0,66.33,60.0,,96.83,130.5,49.0,117.5,140.0,100.67,74.83,84.67,92.0,103.5,110.33,109.17,124.33,114.33,137.0,,,,,,
2026-04-20 18:00,2.5,3.67,3.0,0.0,2.33,2.67,5.17,4.83,16.0,2.17,3.0,3.83,4.5,3.17,2.5,4.0,2.83,3.17,6.33,,,,,,
2026-04-20 19:00,0.0,0.0,0.0,0.0,0.0,0.0,0.0,0.0,,0.0,0.0,0.0,0.0,0.0,0.0,0.0,0.0,0.0,0.0,,,,,,
2026-04-20 20:00,0.0,0.0,0.0,0.0,0.0,0.0,0.0,0.0,,0.0,0.0,0.0,0.0,0.0,0.0,0.0,0.0,0.0,0.0,,,,,,
2026-04-20 21:00,0.0,0.0,0.0,0.0,0.0,0.0,0.0,0.0,,0.0,0.0,0.0,0.0,0.0,0.0,0.0,0.0,0.0,0.0,,,,,,
2026-04-20 22:00,0.0,0.0,0.0,0.0,0.0,0.0,0.0,0.0,,0.0,0.0,0.0,0.0,0.0,0.0,0.0,0.0,0.0,0.0,,,,,,
2026-04-20 23:00,0.0,0.0,0.0,0.0,0.0,0.0,0.0,0.0,,0.0,0.0,0.0,0.0,0.0,0.0,0.0,0.0,0.0,0.0,,,,,,
2026-04-21 00:00,0.0,0.0,0.0,0.0,0.0,0.0,0.0,0.0,,0.0,0.0,0.0,0.0,0.0,0.0,0.0,0.0,0.0,0.0,,,,,,
2026-04-21 01:00,0.0,0.0,0.0,0.0,0.0,0.0,0.0,0.0,,0.0,0.0,0.0,0.0,0.0,0.0,0.0,0.0,0.0,0.0,,,,,,
2026-04-21 02:00,0.0,0.0,0.0,0.0,0.0,0.0,0.0,0.0,,0.0,0.0,0.0,0.0,0.0,0.0,0.0,0.0,0.0,0.0,,,,,,
2026-04-21 03:00,0.0,0.0,0.0,0.0,0.0,0.0,0.0,0.0,,0.0,0.0,0.0,0.0,0.17,0.0,0.0,0.0,0.0,0.0,,,,,,
2026-04-21 04:00,0.0,0.0,0.0,0.0,0.0,0.0,0.0,0.0,,0.0,0.0,0.0,0.0,0.0,0.0,0.0,0.0,0.0,0.0,,,,,,
2026-04-21 05:00,19.17,50.33,17.67,11.83,16.67,26.5,41.17,19.17,,18.33,28.33,25.5,32.17,34.17,16.5,32.5,21.67,28.83,18.67,,,,,,
2026-04-21 06:00,180.33,171.0,172.67,116.17,114.83,216.17,225.83,141.0,301.0,210.33,204.5,182.5,199.17,85.33,156.67,199.0,105.0,197.33,209.67,,,,,,
2026-04-21 07:00,427.0,400.17,437.83,272.0,435.0,453.33,411.5,430.5,464.5,426.67,377.17,402.5,380.83,431.17,205.67,445.83,304.67,408.17,448.0,,,,,,
2026-04-21 08:00,681.5,482.0,671.0,553.83,665.83,669.5,657.33,438.67,546.5,627.5,491.33,621.67,516.5,507.83,500.33,547.83,527.83,464.83,625.67,,,,,,
2026-04-21 09:00,721.17,624.67,617.67,685.67,429.33,851.5,845.67,806.67,717.33,804.17,646.67,726.33,835.17,699.0,569.67,555.17,767.83,608.83,882.33,,,,,,
2026-04-21 10:00,616.33,449.5,781.33,975.5,741.67,971.83,991.0,708.33,685.0,945.17,899.33,733.17,1061.8,949.83,629.33,553.83,942.0,719.67,677.83,,,,,,
2026-04-21 11:00,910.83,659.5,709.83,765.33,588.17,1030.17,1038.5,714.83,1058.17,998.33,848.83,1050.67,1099.75,1001.83,916.5,813.5,969.83,711.33,1078.0,,,,,,
2026-04-21 12:00,967.5,652.83,1039.5,1019.0,848.0,1025.67,1006.33,1043.67,1055.33,986.0,1004.67,1000.67,1104.0,997.67,833.17,516.0,969.83,847.67,1019.67,,,,,,
2026-04-21 13:00,898.67,676.5,642.83,922.5,787.33,947.0,859.83,928.5,862.33,952.33,923.5,924.0,1019.5,917.33,947.17,915.17,808.83,906.33,948.5,,,,,,
2026-04-21 14:00,763.0,552.83,569.17,745.17,613.17,809.17,499.33,787.67,745.83,800.5,740.0,779.83,862.83,786.0,720.67,755.67,629.33,730.67,808.83,,,,,,
2026-04-21 15:00,565.17,510.0,538.67,,549.5,613.0,451.17,598.17,579.17,587.67,575.67,601.83,650.5,596.33,557.67,563.33,460.83,556.5,601.5,,,,,,
2026-04-21 16:00,336.33,296.17,325.33,,341.0,370.83,256.0,371.0,356.0,368.33,265.33,367.83,401.83,366.17,355.33,345.67,185.83,320.5,365.33,,,,,,
2026-04-21 17:00,107.33,96.33,57.67,,109.5,134.0,114.17,125.33,133.5,99.17,123.67,135.0,145.17,133.5,132.5,125.5,143.5,119.67,134.5,,,,,,
2026-04-21 18:00,3.0,3.17,2.83,0.0,3.0,2.33,5.67,5.83,19.5,1.67,7.17,6.83,7.83,3.17,3.83,4.33,4.0,5.83,6.33,,,,,,
2026-04-21 19:00,0.0,0.0,0.0,0.0,0.0,0.0,0.0,0.0,,0.0,0.0,0.0,0.0,0.0,0.0,0.0,0.0,0.0,0.0,,,,,,
2026-04-21 20:00,0.0,0.0,0.0,0.0,0.0,0.0,0.0,0.0,,0.0,0.0,0.0,0.0,0.0,0.0,0.0,0.0,0.0,0.0,,,,,,
2026-04-21 21:00,0.0,0.0,0.0,0.0,0.0,0.0,0.0,0.0,,0.0,0.0,0.0,0.0,0.0,0.0,0.0,0.0,0.0,0.0,,,,,,
2026-04-21 22:00,0.0,0.0,0.0,0.0,0.0,0.0,0.0,0.0,,0.0,0.0,0.0,0.0,0.0,0.0,0.0,0.0,0.0,0.0,,,,,,
2026-04-21 23:00,0.0,0.0,0.0,0.0,0.0,0.0,0.0,0.0,,0.0,0.0,0.0,0.0,0.0,0.0,0.0,0.0,0.0,0.0,,,,,,
2026-04-22 00:00,0.0,0.0,0.0,0.0,0.0,0.0,0.0,0.0,,0.0,0.0,0.0,0.0,0.0,0.0,0.0,0.0,0.0,0.0,,,,,,
2026-04-22 01:00,0.0,0.0,0.0,0.0,0.0,0.0,0.0,0.0,,0.0,0.0,0.0,0.0,0.0,0.0,0.0,0.0,0.0,0.0,,,,,,
2026-04-22 02:00,0.0,0.0,0.0,0.0,0.0,0.0,0.0,0.0,,0.0,0.0,0.0,0.0,0.0,0.0,0.0,0.0,0.0,0.0,,,,,,
2026-04-22 03:00,0.0,0.0,0.0,0.0,0.0,0.0,0.0,0.0,,0.0,0.0,0.0,0.0,0.0,0.0,0.0,0.0,0.0,0.0,,,,,,
2026-04-22 04:00,0.0,0.0,0.0,0.0,0.0,0.0,0.0,0.0,,0.0,0.0,0.0,0.0,0.0,0.0,0.0,0.0,0.0,0.0,,,,,,
2026-04-22 05:00,25.33,41.17,15.83,36.5,15.0,28.33,35.83,32.17,,18.83,21.17,33.5,36.33,22.5,31.33,37.67,39.83,36.5,32.83,,,,,,
2026-04-22 06:00,194.33,242.5,148.5,239.17,112.0,219.5,217.0,214.83,348.0,218.17,215.0,218.5,242.0,227.83,233.5,216.5,227.5,211.17,224.0,,,,,,
2026-04-22 07:00,430.0,477.33,413.17,481.33,447.67,455.33,462.33,440.33,466.67,428.67,444.0,448.33,484.33,448.17,459.33,436.33,456.0,430.33,462.0,,,,,,
2026-04-22 08:00,650.5,698.83,651.67,697.0,652.67,662.67,667.33,657.83,681.33,625.5,650.67,666.67,717.67,662.67,664.83,635.17,665.67,634.17,684.0,,,,,,
2026-04-22 09:00,829.83,868.5,820.67,855.67,812.17,834.5,841.83,844.17,854.17,798.33,811.83,846.0,921.33,829.33,826.17,806.17,826.83,798.33,865.5,,,,,,
2026-04-22 10:00,955.0,995.17,944.33,963.83,918.83,950.33,964.83,968.0,972.67,934.33,938.33,965.67,1047.17,946.5,921.67,919.67,941.0,917.67,994.0,,,,,,
2026-04-22 11:00,976.83,1057.5,998.17,1002.83,975.0,1007.33,1018.5,1017.33,1028.83,981.5,985.0,1020.0,1093.67,1006.67,965.0,966.83,993.5,997.33,1055.0,,,,,,
2026-04-22 12:00,965.17,1031.5,978.0,983.33,972.0,1003.17,999.17,1001.0,1014.0,963.17,982.17,1002.83,1098.83,994.17,945.17,979.17,987.17,994.67,1041.67,,,,,,
2026-04-22 13:00,899.0,934.67,871.33,905.33,890.5,927.67,919.5,935.0,942.33,924.17,907.67,927.17,1015.33,913.33,869.0,918.67,915.67,891.67,956.33,,,,,,
2026-04-22 14:00,751.0,785.33,755.17,761.0,749.5,789.0,782.33,799.0,789.5,782.67,778.17,782.83,873.17,776.67,736.67,721.5,759.5,731.17,811.67,,,,,,
2026-04-22 15:00,554.0,583.67,572.5,,550.0,596.67,590.67,609.33,595.5,576.0,584.67,606.33,659.17,587.33,559.33,564.0,558.33,554.33,600.5,,,,,,
2026-04-22 16:00,329.83,360.17,361.17,,334.0,362.83,362.0,381.67,370.0,361.67,362.83,377.17,411.67,365.5,350.33,353.67,231.33,337.33,371.0,,,,,,
2026-04-22 17:00,112.67,131.5,59.0,,103.5,133.67,124.0,132.83,140.83,98.33,135.33,142.17,152.67,135.83,131.17,132.0,125.0,123.0,141.5,,,,,,
2026-04-22 18:00,3.67,2.67,2.5,0.0,3.0,2.5,3.33,5.67,21.5,2.0,8.67,7.67,8.83,3.67,4.0,4.17,4.83,6.17,7.17,,,,,,
2026-04-22 19:00,0.0,0.0,0.0,0.0,0.0,0.0,0.0,0.0,,0.0,0.0,0.0,0.0,0.0,0.0,0.0,0.0,0.0,0.0,,,,,,
2026-04-22 20:00,0.0,0.0,0.0,0.0,0.0,0.0,0.0,0.0,,0.0,0.0,0.0,0.0,0.0,0.0,0.0,0.0,0.0,0.0,,,,,,
2026-04-22 21:00,0.0,0.0,0.0,0.0,0.0,0.0,0.0,0.0,,0.0,0.0,0.0,0.0,0.0,0.0,0.0,0.0,0.0,0.0,,,,,,
2026-04-22 22:00,0.0,0.0,0.0,0.0,0.0,0.0,0.0,0.0,,0.0,0.0,0.0,0.0,0.0,0.0,0.0,0.0,0.0,0.0,,,,,,
2026-04-22 23:00,0.0,0.0,0.0,0.0,0.0,0.0,0.0,0.0,,0.0,0.0,0.0,0.0,0.0,0.0,0.0,0.0,0.0,0.0,,,,,,
2026-04-23 00:00,0.0,0.0,0.0,0.0,0.0,0.0,0.0,0.0,,0.0,0.0,0.0,0.0,0.0,0.0,0.0,0.0,0.0,0.0,,,,,,
2026-04-23 01:00,0.0,0.0,0.0,0.0,0.0,0.0,0.0,0.0,,0.0,0.0,0.0,0.0,0.0,0.0,0.0,0.0,0.0,0.0,,,,,,
2026-04-23 02:00,0.0,0.0,0.0,0.0,0.0,0.0,0.0,0.0,,0.0,0.0,0.0,0.0,0.0,0.0,0.0,0.0,0.0,0.0,,,,,,
2026-04-23 03:00,0.0,0.0,0.0,0.0,0.0,0.0,0.0,0.0,,0.0,0.0,0.0,0.0,0.0,0.0,0.0,0.0,0.0,0.0,,,,,,
2026-04-23 04:00,0.0,0.0,0.0,0.0,0.0,0.0,0.0,0.0,,0.0,0.0,0.0,0.0,0.0,0.0,0.0,0.0,0.0,0.0,,,,,,
2026-04-23 05:00,28.33,54.5,15.67,38.0,14.17,29.83,49.83,36.67,,21.0,19.17,32.67,40.0,22.83,34.83,41.17,48.33,39.17,35.33,,,,,,
2026-04-23 06:00,212.33,255.83,186.33,245.83,127.17,221.67,208.0,206.33,349.0,219.5,225.5,225.33,248.83,229.33,240.5,225.33,251.33,221.67,233.0,,,,,,
2026-04-23 07:00,454.0,490.5,454.33,488.0,466.17,455.67,464.17,452.67,466.5,428.67,457.5,460.83,499.67,461.0,466.67,454.83,480.17,442.67,472.0,,,,,,
2026-04-23 08:00,684.17,705.17,665.83,694.33,669.83,664.67,680.5,667.17,685.5,625.0,663.83,684.5,738.17,671.5,669.33,668.0,690.0,653.0,693.67,,,,,,
2026-04-23 09:00,865.67,870.67,829.17,865.33,835.5,834.33,859.5,851.17,869.17,794.17,824.67,853.17,933.67,842.33,832.17,856.17,855.83,822.83,869.5,,,,,,
2026-04-23 10:00,988.5,1000.33,941.83,977.0,930.33,946.0,967.5,964.5,993.0,927.17,943.67,970.5,1051.67,954.67,937.0,977.5,973.0,945.5,996.0,,,,,,
2026-04-23 11:00,998.0,1075.17,1004.33,1037.83,967.5,1005.67,1027.67,1008.67,1050.67,975.33,1003.5,1026.17,1115.67,1021.67,980.5,1014.0,1032.5,1028.0,1060.33,,,,,,
2026-04-23 12:00,961.17,1052.83,990.67,1015.83,961.83,1002.33,1011.0,1025.0,1028.0,960.67,990.33,1014.5,1118.67,1020.33,963.33,1011.17,1019.17,999.33,1044.5,,,,,,
2026-04-23 13:00,912.17,952.0,914.67,934.5,882.83,927.33,928.83,951.67,939.17,924.0,919.67,941.83,1040.5,937.83,889.33,906.5,934.33,892.33,962.0,,,,,,
2026-04-23 14:00,759.5,792.33,773.0,802.2,752.17,790.33,787.0,814.5,794.67,779.67,791.67,799.5,889.0,792.0,750.67,761.5,784.33,741.0,799.5,,,,,,
2026-04-23 15:00,571.0,588.33,590.33,,563.33,596.33,592.67,622.17,606.83,570.67,602.0,619.83,678.17,604.67,572.67,569.5,584.17,561.83,599.83,,,,,,
2026-04-23 16:00,349.5,365.67,372.17,,340.5,359.5,369.17,391.5,382.17,358.33,380.17,388.83,428.5,378.67,360.17,353.5,361.83,340.67,376.5,,,,,,
2026-04-23 17:00,121.0,130.17,63.17,,106.5,135.17,128.83,140.5,151.5,95.17,145.83,148.33,159.33,144.67,136.83,133.33,137.67,124.5,148.17,,,,,,
2026-04-23 18:00,3.0,3.17,2.33,0.0,2.83,3.17,3.17,5.83,24.0,2.0,9.67,7.83,9.17,3.5,5.0,4.5,4.33,6.33,7.5,,,,,,
2026-04-23 19:00,0.0,0.0,0.0,0.0,0.0,0.0,0.0,0.0,,0.0,0.0,0.0,0.0,0.0,0.0,0.0,0.0,0.0,0.0,,,,,,
2026-04-23 20:00,0.0,0.0,0.0,0.0,0.0,0.0,0.0,0.0,,0.0,0.0,0.0,0.0,0.0,0.0,0.0,0.0,0.0,0.0,,,,,,
2026-04-23 21:00,0.0,0.0,0.0,0.0,0.0,0.0,0.0,0.0,,0.0,0.0,0.0,0.0,0.0,0.0,0.0,0.0,0.0,0.0,,,,,,
2026-04-23 22:00,0.0,0.0,0.0,0.0,0.0,0.0,0.0,0.0,,0.0,0.0,0.0,0.0,0.0,0.0,0.0,0.0,0.0,0.0,,,,,,
2026-04-23 23:00,0.0,0.0,0.0,0.0,0.0,0.0,0.0,0.0,,0.0,0.0,0.0,0.0,0.0,0.0,0.0,0.0,0.0,0.0,,,,,,
2026-04-24 00:00,0.0,0.0,0.0,0.0,0.0,0.0,0.0,0.0,,0.0,0.0,0.0,0.0,0.0,0.0,0.0,0.0,0.0,0.0,,,,,,
2026-04-24 01:00,0.0,0.0,0.0,0.0,0.0,0.0,0.0,0.0,,0.0,0.0,0.0,0.0,0.0,0.0,0.0,0.0,0.0,0.0,,,,,,
2026-04-24 02:00,0.0,0.0,0.0,0.0,0.0,0.0,0.0,0.0,,0.0,0.0,0.0,0.0,0.0,0.0,0.0,0.0,0.0,0.0,,,,,,
2026-04-24 03:00,0.0,0.0,0.0,0.0,0.0,0.0,0.0,0.0,,0.0,0.0,0.0,0.0,0.0,0.0,0.0,0.0,0.0,0.0,,,,,,
2026-04-24 04:00,0.0,0.0,0.0,0.0,0.0,0.0,0.0,0.0,,0.0,0.0,0.0,0.0,0.0,0.0,0.0,0.0,0.0,0.0,,,,,,
2026-04-24 05:00,30.33,55.0,18.83,37.17,16.33,32.0,47.67,37.5,,22.67,23.33,38.0,41.0,24.0,37.33,43.0,52.17,41.5,33.33,,,,,,
2026-04-24 06:00,210.5,257.83,186.5,241.0,133.83,225.33,242.17,224.17,360.0,222.17,222.0,225.33,249.33,220.83,242.83,217.67,250.17,221.67,239.33,,,,,,
2026-04-24 07:00,448.5,485.5,444.5,489.5,463.5,460.33,456.5,445.5,473.0,434.5,446.67,463.83,507.83,458.33,464.83,448.5,476.5,431.17,478.33,,,,,,
2026-04-24 08:00,673.33,698.33,652.83,699.67,664.0,675.0,650.17,659.83,686.0,630.33,647.67,671.17,729.17,641.5,662.67,668.0,685.0,641.5,676.67,,,,,,
2026-04-24 09:00,839.0,860.5,809.33,867.67,825.33,847.83,826.83,868.5,836.5,796.83,790.5,838.0,885.83,784.83,822.83,819.83,845.0,786.67,851.0,,,,,,
2026-04-24 10:00,928.5,985.67,903.5,971.5,906.67,945.0,981.17,959.33,918.33,943.0,857.17,965.33,1047.83,944.17,912.83,937.5,919.17,862.0,944.33,,,,,,
2026-04-24 11:00,955.33,1063.67,977.17,952.5,937.33,1009.5,956.5,912.17,863.5,966.67,946.83,929.17,1034.17,941.0,873.67,984.67,1019.17,974.0,828.5,,,,,,
2026-04-24 12:00,963.0,1042.17,957.17,803.33,785.33,1011.0,944.0,990.83,897.17,953.17,938.17,818.67,884.17,850.17,784.17,921.33,981.5,976.33,1045.0,,,,,,
2026-04-24 13:00,860.33,922.0,852.67,703.67,674.5,927.67,849.17,836.67,896.83,887.33,892.0,883.17,951.5,718.83,741.0,769.0,884.0,798.33,912.83,,,,,,
2026-04-24 14:00,708.0,758.0,731.67,678.8,693.83,797.5,701.67,600.33,693.17,770.33,719.5,565.5,656.5,543.83,631.67,637.83,727.0,596.17,644.67,,,,,,
2026-04-24 15:00,413.83,475.5,483.5,,494.17,424.0,503.83,431.83,387.83,395.0,544.83,486.0,590.67,489.83,410.0,348.83,510.5,444.33,505.83,,,,,,
2026-04-24 16:00,316.33,251.5,301.83,,248.5,304.17,243.5,226.0,165.5,213.0,319.17,264.5,257.83,292.67,327.67,328.0,316.17,322.67,248.67,,,,,,
2026-04-24 17:00,65.33,76.17,52.0,,100.0,82.0,64.33,66.5,87.5,76.33,64.0,79.0,87.0,83.5,71.5,105.83,67.33,79.0,98.0,,,,,,
2026-04-24 18:00,2.33,2.0,2.5,0.0,3.83,3.5,3.5,4.67,11.5,1.5,4.33,4.33,5.67,2.83,3.5,3.83,2.17,3.33,3.83,,,,,,
2026-04-24 19:00,0.0,0.0,0.0,0.0,0.0,0.0,0.0,0.0,,0.0,0.0,0.0,0.0,0.0,0.0,0.0,0.0,0.0,0.0,,,,,,
2026-04-24 20:00,0.0,0.0,0.0,0.0,0.0,0.0,0.0,0.0,,0.0,0.0,0.0,0.0,0.0,0.0,0.0,0.0,0.0,0.0,,,,,,
2026-04-24 21:00,0.0,0.0,0.0,0.0,0.0,0.0,0.0,0.0,,0.0,0.0,0.0,0.0,0.0,0.0,0.0,0.0,0.0,0.0,,,,,,
2026-04-24 22:00,0.0,0.0,0.0,0.0,0.0,0.0,0.0,0.0,,0.0,0.0,0.0,0.0,0.0,0.0,0.0,0.0,0.0,0.0,,,,,,
2026-04-24 23:00,0.0,0.0,0.0,0.0,0.0,0.0,0.0,0.0,,0.0,0.0,0.0,0.0,0.0,0.0,0.0,0.0,0.0,0.0,,,,,,
2026-04-25 00:00,0.0,0.0,0.0,0.0,0.0,0.0,0.0,0.0,,0.0,0.0,0.0,0.0,0.0,0.0,0.0,0.0,0.0,0.0,,,,,,
2026-04-25 01:00,0.0,0.0,0.0,0.0,0.0,0.0,0.0,0.0,,0.0,0.0,0.0,0.0,0.0,0.0,0.0,0.0,0.0,0.0,,,,,,
2026-04-25 02:00,0.0,0.0,0.0,0.0,0.0,0.0,0.0,0.0,,0.0,0.0,0.0,0.0,0.0,0.0,0.0,0.0,0.0,0.0,,,,,,
2026-04-25 03:00,0.0,0.0,0.0,0.0,0.0,0.0,0.0,0.0,,0.0,0.0,0.0,0.0,0.0,0.0,0.0,0.0,0.0,0.0,,,,,,
2026-04-25 04:00,0.0,0.0,0.0,0.0,0.0,0.0,0.0,0.0,,0.0,0.0,0.0,0.33,0.0,0.0,0.0,0.0,0.0,0.0,,,,,,
2026-04-25 05:00,38.5,75.83,30.83,21.83,24.0,35.17,20.0,16.83,,24.67,26.0,21.17,26.33,23.5,24.17,37.0,59.5,41.83,27.83,,,,,,
2026-04-25 06:00,132.5,158.17,74.67,182.0,112.33,242.0,215.67,170.5,279.0,229.67,101.0,159.83,165.67,158.0,180.5,138.5,185.33,107.33,184.33,,,,,,
2026-04-25 07:00,248.67,286.33,308.67,389.83,248.5,379.33,458.5,429.0,382.17,428.83,448.0,441.17,489.67,444.83,363.0,307.17,233.17,308.67,457.5,,,,,,
2026-04-25 08:00,660.67,671.17,647.67,677.33,606.83,647.0,667.67,638.0,666.33,613.5,654.33,642.0,707.17,658.67,646.0,670.83,638.0,641.0,669.83,,,,,,
2026-04-25 09:00,833.67,857.5,814.83,848.5,784.67,829.83,836.83,821.33,832.83,793.33,815.5,822.67,891.33,822.17,806.17,840.5,845.83,795.33,846.5,,,,,,
2026-04-25 10:00,928.17,974.83,933.0,964.17,886.0,944.17,948.0,955.17,942.67,927.33,940.17,943.0,1027.83,944.5,915.17,948.83,949.83,908.17,968.5,,,,,,
2026-04-25 11:00,964.67,1032.5,969.67,1009.0,930.0,1006.5,1008.5,974.67,1015.33,983.17,962.0,959.17,1088.0,952.83,947.17,987.17,993.17,922.17,1022.17,,,,,,
2026-04-25 12:00,935.67,943.67,798.17,870.5,926.17,1001.33,988.33,981.0,1007.67,970.33,975.17,904.0,1037.75,913.67,936.17,957.5,936.0,989.83,1022.33,,,,,,
2026-04-25 13:00,917.5,895.67,467.17,895.83,646.17,926.0,904.0,911.5,923.5,927.33,878.17,899.0,987.0,913.33,861.0,880.33,729.5,915.83,945.33,,,,,,
2026-04-25 14:00,685.67,831.67,591.33,771.2,666.17,787.17,763.5,781.83,779.67,782.0,723.33,767.33,833.5,763.0,724.5,612.67,570.5,685.17,806.0,,,,,,
2026-04-25 15:00,177.67,484.67,608.67,,536.5,589.0,521.0,590.17,583.33,567.17,448.5,592.17,633.83,578.0,546.5,537.17,402.5,546.0,611.0,,,,,,
2026-04-25 16:00,292.67,213.67,350.83,,305.5,354.17,262.67,353.83,365.67,349.33,347.5,359.5,385.5,355.33,348.5,347.0,283.33,297.5,373.67,,,,,,
2026-04-25 17:00,120.0,127.17,91.83,,104.67,130.33,86.83,132.5,133.83,88.17,123.83,135.5,144.33,127.67,128.83,142.5,97.5,123.83,134.83,,,,,,
2026-04-25 18:00,6.33,8.33,4.0,0.0,4.67,4.17,5.5,8.33,15.33,2.83,10.0,7.67,8.5,4.5,3.33,5.0,10.5,5.33,7.17,,,,,,
2026-04-25 19:00,0.0,0.0,0.0,0.0,0.0,0.0,0.0,0.0,,0.0,0.0,0.0,0.0,0.0,0.0,0.0,0.0,0.0,0.0,,,,,,
2026-04-25 20:00,0.0,0.0,0.0,0.0,0.0,0.0,0.0,0.0,,0.0,0.0,0.0,0.0,0.0,0.0,0.0,0.0,0.0,0.0,,,,,,
2026-04-25 21:00,0.0,0.0,0.0,0.0,0.0,0.0,0.0,0.0,,0.0,0.0,0.0,0.0,0.0,0.0,0.0,0.0,0.0,0.0,,,,,,
2026-04-25 22:00,0.0,0.0,0.0,0.0,0.0,0.0,0.0,0.0,,0.0,0.0,0.0,0.0,0.0,0.0,0.0,0.0,0.0,0.0,,,,,,
2026-04-25 23:00,0.0,0.0,0.0,0.0,0.0,0.0,0.0,0.0,,0.0,0.0,0.0,0.0,0.0,0.0,0.0,0.0,0.0,0.0,,,,,,
2026-04-26 00:00,0.0,0.0,0.0,0.0,0.0,0.0,0.0,0.0,,0.0,0.0,0.0,0.0,0.0,0.0,0.0,0.0,0.0,0.0,,,,,,
2026-04-26 01:00,0.0,0.0,0.0,0.0,0.0,0.0,0.0,0.0,,0.0,0.0,0.0,0.0,0.0,0.0,0.0,0.0,0.0,0.0,,,,,,
2026-04-26 02:00,0.0,0.0,0.0,0.0,0.0,0.0,0.0,0.0,,0.0,0.0,0.0,0.0,0.0,0.0,0.0,0.0,0.0,0.0,,,,,,
2026-04-26 03:00,0.0,0.0,0.0,0.0,0.0,0.0,0.0,0.0,,0.0,0.0,0.0,0.0,0.0,0.0,0.0,0.0,0.0,0.0,,,,,,
2026-04-26 04:00,0.0,0.0,0.0,0.0,0.0,0.0,0.0,0.0,,0.0,0.0,0.0,0.0,0.0,0.0,0.0,0.0,0.0,0.0,,,,,,
2026-04-26 05:00,34.0,53.0,22.83,30.0,27.83,34.67,44.83,31.83,,27.67,42.5,32.67,37.67,31.17,33.0,47.0,47.83,45.0,29.0,,,,,,
2026-04-26 06:00,201.5,252.33,187.83,210.67,147.17,218.5,176.33,204.67,312.0,210.33,198.83,209.67,232.33,206.83,207.0,224.67,235.33,230.0,208.67,,,,,,
2026-04-26 07:00,420.33,464.33,365.33,437.5,426.67,446.67,343.67,399.33,427.0,417.83,298.5,420.83,458.67,361.0,423.67,429.67,452.33,369.83,451.17,,,,,,
2026-04-26 08:00,419.0,639.33,470.83,649.5,621.33,654.17,632.67,595.17,639.0,612.83,615.83,624.5,690.67,594.17,622.5,622.67,551.83,539.83,656.33,,,,,,
2026-04-26 09:00,806.83,571.67,770.5,822.33,778.17,820.67,800.83,665.33,820.5,785.67,754.67,733.5,857.67,739.25,775.5,813.0,595.5,765.67,851.67,,,,,,
2026-04-26 10:00,740.5,925.0,516.67,829.33,749.33,934.67,617.0,657.67,859.33,912.67,640.33,612.33,861.0,783.0,726.5,687.33,796.5,577.67,854.67,,,,,,
2026-04-26 11:00,426.67,557.83,647.5,954.5,818.0,999.17,266.5,695.5,801.67,961.5,772.67,483.83,625.5,597.0,836.83,851.17,538.67,758.0,950.17,,,,,,
2026-04-26 12:00,547.33,679.17,571.67,752.83,609.0,1003.5,335.83,779.5,661.67,950.33,468.5,607.83,717.83,612.67,681.0,713.33,481.67,794.17,958.0,,,,,,
2026-04-26 13:00,707.5,788.67,760.33,579.67,725.83,673.5,449.0,872.5,784.17,907.0,609.33,702.83,705.0,632.67,624.0,845.0,791.5,642.5,824.5,,,,,,
2026-04-26 14:00,634.67,750.83,541.33,567.4,578.0,721.17,558.17,730.67,704.33,762.0,432.83,748.5,836.83,571.67,481.67,650.17,689.5,391.5,697.67,,,,,,
2026-04-26 15:00,535.0,555.83,492.83,,284.17,525.67,424.0,573.67,570.0,493.5,379.0,586.67,613.5,340.83,351.0,482.0,500.33,412.67,611.0,,,,,,
2026-04-26 16:00,271.5,328.33,230.67,,118.33,306.67,172.0,338.17,362.67,302.83,152.17,315.83,334.17,203.33,221.83,169.17,329.83,141.67,335.67,,,,,,
2026-04-26 17:00,84.33,116.0,73.17,,100.17,81.67,52.83,130.17,169.0,79.33,46.67,123.5,142.67,87.83,124.5,114.67,110.17,120.17,134.33,,,,,,
2026-04-26 18:00,5.0,4.17,5.0,0.0,9.17,3.33,7.17,10.33,21.33,3.17,7.5,10.17,12.17,9.5,8.5,9.33,4.83,6.67,10.83,,,,,,
2026-04-26 19:00,0.0,0.0,0.0,0.0,0.0,0.0,0.0,0.0,,0.0,0.0,0.0,0.0,0.0,0.0,0.0,0.0,0.0,0.0,,,,,,
2026-04-26 20:00,0.0,0.0,0.0,0.0,0.0,0.0,0.0,0.0,,0.0,0.0,0.0,0.0,0.0,0.0,0.0,0.0,0.0,0.0,,,,,,
2026-04-26 21:00,0.0,0.0,0.0,0.0,0.0,0.0,0.0,0.0,,0.0,0.0,0.0,0.0,0.0,0.0,0.0,0.0,0.0,0.0,,,,,,
2026-04-26 22:00,0.0,0.0,0.0,0.0,0.0,0.0,0.0,0.0,,0.0,0.0,0.0,0.0,0.0,0.0,0.0,0.0,0.0,0.0,,,,,,
2026-04-26 23:00,0.0,0.0,0.0,0.0,0.0,0.0,0.0,0.0,,0.0,0.0,0.0,0.0,0.0,0.0,0.0,0.0,0.0,0.0,,,,,,
2026-04-27 00:00,0.0,0.0,0.0,0.0,0.0,0.0,0.0,0.0,,0.0,0.0,0.0,0.0,0.0,0.0,0.0,0.0,0.0,0.0,,,,,,
2026-04-27 01:00,0.0,0.0,0.0,0.0,0.0,0.0,0.0,0.0,,0.0,0.0,0.0,0.0,0.0,0.0,0.0,0.0,0.0,0.0,,,,,,
2026-04-27 02:00,0.0,0.0,0.0,0.0,0.0,0.0,0.0,0.0,,0.0,0.0,0.0,0.0,0.0,0.0,0.0,0.0,0.0,0.0,,,,,,
2026-04-27 03:00,0.0,0.0,0.0,0.0,0.0,0.0,0.0,0.0,,0.0,0.0,0.0,0.0,0.0,0.0,0.0,0.0,0.0,0.0,,,,,,
2026-04-27 04:00,0.0,0.0,0.0,0.0,0.0,0.0,0.0,0.0,,0.0,0.0,0.0,0.17,0.0,0.0,0.0,0.0,0.0,0.0,,,,,,
2026-04-27 05:00,38.17,53.33,24.5,33.83,26.0,30.5,39.83,17.83,,26.0,29.33,29.0,46.67,31.67,33.5,41.83,49.5,40.33,29.0,,,,,,
2026-04-27 06:00,198.17,248.67,182.67,208.67,147.67,202.67,215.33,164.5,320.5,194.17,212.67,154.83,211.67,203.83,205.0,216.67,240.83,211.83,207.17,,,,,,
2026-04-27 07:00,407.5,468.83,418.5,435.67,426.0,427.0,430.0,375.83,432.83,402.17,426.83,397.67,408.5,419.0,416.17,430.33,460.0,419.33,369.0,,,,,,
2026-04-27 08:00,592.83,692.33,626.83,650.0,622.67,632.5,640.67,516.17,531.5,593.5,623.67,588.83,565.33,617.67,614.33,649.83,666.83,618.83,630.5,,,,,,
2026-04-27 09:00,800.83,851.17,801.33,732.83,777.83,803.17,818.17,282.5,842.5,765.33,788.5,789.33,759.17,785.83,705.67,827.17,825.33,780.17,820.67,,,,,,
2026-04-27 10:00,925.83,964.17,918.83,855.83,878.17,908.83,933.33,698.0,631.4,906.83,918.33,868.5,948.17,906.33,923.67,935.5,925.33,891.17,1040.0,,,,,,
2026-04-27 11:00,891.17,1015.33,966.0,472.83,839.83,941.83,993.33,736.83,792.5,864.0,1000.83,745.83,1015.67,970.83,783.0,953.33,947.33,941.5,648.5,,,,,,
2026-04-27 12:00,801.67,977.67,903.5,654.5,849.17,665.17,976.67,677.0,975.5,473.83,978.5,491.0,1069.83,914.17,686.5,954.67,919.83,965.5,535.33,,,,,,
2026-04-27 13:00,879.5,876.17,832.67,328.33,343.17,860.0,869.33,870.33,790.67,814.67,876.83,869.33,966.5,878.0,643.67,872.5,882.67,783.33,647.0,,,,,,
2026-04-27 14:00,653.33,744.0,572.5,319.2,118.83,639.33,537.0,759.33,569.5,668.5,743.17,741.17,780.67,738.33,598.17,339.17,750.0,741.17,714.33,,,,,,
2026-04-27 15:00,248.33,305.17,303.5,,414.0,359.83,333.5,580.17,463.17,546.83,510.83,554.67,550.17,526.0,548.83,331.67,122.0,591.5,517.33,,,,,,
2026-04-27 16:00,134.33,206.5,249.83,,326.83,305.83,219.17,347.67,321.0,410.0,339.17,339.0,370.33,334.0,335.83,143.0,190.67,328.17,352.5,,,,,,
2026-04-27 17:00,92.33,12.67,74.83,,123.5,149.17,103.83,127.0,130.83,130.5,132.17,127.67,134.33,120.5,115.17,100.67,17.83,83.33,138.0,,,,,,
2026-04-27 18:00,9.83,0.83,7.83,0.0,6.67,10.17,9.33,8.33,22.5,9.0,9.5,7.67,9.0,7.67,5.17,11.17,0.5,9.0,8.5,,,,,,
2026-04-27 19:00,0.0,0.0,0.0,0.0,0.0,0.0,0.0,0.0,,0.0,0.0,0.0,0.0,0.0,0.0,0.0,0.33,0.0,0.0,,,,,,
2026-04-27 20:00,0.0,0.0,0.0,0.0,0.0,0.0,0.0,0.0,,0.0,0.0,0.0,0.0,0.0,0.0,0.0,0.33,0.0,0.0,,,,,,
2026-04-27 21:00,0.0,0.0,0.0,0.0,0.0,0.0,0.0,0.0,,0.0,0.0,0.0,0.0,0.0,0.0,0.0,0.0,0.0,0.0,,,,,,
2026-04-27 22:00,0.0,0.0,0.0,0.0,0.0,0.0,0.0,0.0,,0.0,0.0,0.0,0.0,0.0,0.0,0.0,0.0,0.0,0.0,,,,,,
2026-04-27 23:00,0.0,0.0,0.0,0.0,0.0,0.0,0.0,0.0,,0.0,0.0,0.0,0.0,0.0,0.0,0.0,0.0,0.0,0.0,,,,,,
2026-04-28 00:00,0.0,0.0,0.0,0.0,0.0,0.0,0.0,0.0,,0.0,0.0,0.0,0.0,0.0,0.0,0.0,0.0,0.0,0.0,,,,,,
2026-04-28 01:00,0.0,0.0,0.0,0.0,0.0,0.0,0.0,0.0,,0.0,0.0,0.0,0.17,0.0,0.0,0.0,0.0,0.0,0.0,,,,,,
2026-04-28 02:00,0.0,0.0,0.0,0.0,0.0,0.0,0.0,0.0,,0.0,0.0,0.0,0.17,0.0,0.0,0.0,0.0,0.0,0.0,,,,,,
2026-04-28 03:00,0.0,0.0,0.0,0.0,0.0,0.0,0.0,0.0,,0.0,0.0,0.0,0.0,0.0,0.0,0.0,0.0,0.0,0.0,,,,,,
2026-04-28 04:00,0.0,0.0,0.0,0.0,0.0,0.0,0.0,0.0,,0.0,0.0,0.0,0.0,0.33,0.0,0.83,0.0,0.0,0.0,,,,,,
2026-04-28 05:00,25.67,22.33,23.5,53.5,25.5,33.33,29.5,37.83,,28.5,35.67,23.33,29.5,19.5,20.67,33.17,21.33,37.67,19.67,,,,,,
2026-04-28 06:00,135.17,213.33,122.33,109.83,159.67,215.0,198.5,207.67,,213.17,222.67,209.0,216.0,146.0,104.5,241.67,97.67,208.17,196.83,,,,,,
2026-04-28 07:00,408.67,405.83,409.33,267.67,311.5,441.83,308.83,454.5,381.0,420.67,453.67,343.5,357.33,370.67,297.67,412.0,224.67,410.67,323.67,,,,,,
2026-04-28 08:00,601.33,424.17,642.83,377.33,600.67,643.83,628.33,529.17,619.67,612.83,617.0,669.83,697.67,551.83,460.17,664.33,335.5,626.67,582.67,,,,,,
2026-04-28 09:00,781.83,748.5,642.67,781.5,796.17,811.5,838.17,677.0,843.0,777.67,728.67,775.5,882.17,577.67,693.17,772.5,523.33,784.17,767.0,,,,,,
2026-04-28 10:00,926.67,708.0,768.0,951.67,907.5,919.83,955.5,745.67,934.83,899.5,815.0,949.83,918.0,905.17,926.33,877.17,675.33,856.5,839.0,,,,,,
2026-04-28 11:00,964.67,566.17,957.33,1011.33,948.17,972.67,1008.83,902.83,991.83,952.33,1043.33,926.33,1056.5,981.83,932.33,742.33,874.17,854.5,1028.33,,,,,,
2026-04-28 12:00,918.0,656.0,968.33,961.5,945.83,968.17,995.17,948.17,983.33,945.17,932.5,973.0,983.67,973.0,860.83,691.33,930.83,865.5,1012.67,,,,,,
2026-04-28 13:00,879.67,629.33,894.33,816.67,867.33,896.5,923.5,902.33,919.17,905.5,897.33,906.5,964.17,898.33,735.33,852.0,783.0,895.33,906.0,,,,,,
2026-04-28 14:00,744.0,757.0,753.0,710.6,717.83,764.17,779.17,775.0,655.67,755.0,766.33,769.5,841.17,758.0,486.83,735.17,592.0,734.17,785.17,,,,,,
2026-04-28 15:00,422.83,381.67,565.0,,361.33,580.33,575.0,585.0,568.33,552.83,563.83,589.33,607.67,551.67,484.67,567.67,527.33,546.67,597.0,,,,,,
2026-04-28 16:00,333.5,269.17,350.33,,341.83,349.33,270.67,360.67,354.5,330.5,303.67,362.33,389.5,344.17,344.0,353.67,355.67,321.5,362.33,,,,,,
2026-04-28 17:00,110.33,98.67,84.33,,103.0,127.0,82.33,131.33,136.67,76.17,112.33,136.17,144.0,120.67,120.83,131.5,132.83,108.33,140.83,,,,,,
2026-04-28 18:00,6.0,3.5,5.17,0.0,4.67,5.67,5.33,9.17,23.5,3.67,9.0,8.33,9.17,6.83,5.33,6.67,7.33,7.17,7.83,,,,,,
2026-04-28 19:00,0.0,0.0,0.0,0.0,0.0,0.0,0.0,0.0,,0.0,0.0,0.0,0.0,0.0,0.0,0.0,0.0,0.0,0.0,,,,,,
2026-04-28 20:00,0.0,0.0,0.0,0.0,0.0,0.0,0.0,0.0,,0.0,0.0,0.0,0.0,0.0,0.0,0.0,0.0,0.0,0.0,,,,,,
2026-04-28 21:00,0.0,0.0,0.0,0.0,0.0,0.0,0.0,0.0,,0.0,0.0,0.0,0.0,0.0,0.0,0.0,0.0,0.0,0.0,,,,,,
2026-04-28 22:00,0.0,0.0,0.0,0.0,0.0,0.0,0.0,0.0,,0.0,0.0,0.0,0.0,0.0,0.0,0.0,0.0,0.0,0.0,,,,,,
2026-04-28 23:00,0.0,0.0,0.0,0.0,0.0,0.0,0.0,0.0,,0.0,0.0,0.0,0.0,0.0,0.0,0.0,0.0,0.0,0.0,,,,,,
2026-04-29 00:00,0.0,0.0,0.0,0.0,0.0,0.0,0.0,0.0,,0.0,0.0,0.0,0.0,0.0,0.0,0.0,0.0,0.0,0.0,,,,,,
2026-04-29 01:00,0.0,0.0,0.0,0.0,0.0,0.0,0.0,0.0,,0.0,0.0,0.0,0.0,0.0,0.0,0.0,0.0,0.0,0.0,,,,,,
2026-04-29 02:00,0.0,0.0,0.0,0.0,0.0,0.0,0.0,0.0,,0.0,0.0,0.0,0.0,0.0,0.0,0.0,0.0,0.0,0.0,,,,,,
2026-04-29 03:00,0.0,0.0,0.0,0.0,0.0,0.0,0.0,0.17,,0.0,0.0,0.0,0.0,0.0,0.0,0.0,0.33,0.0,0.0,,,,,,
2026-04-29 04:00,0.0,0.0,0.0,0.0,0.0,0.0,0.0,0.0,,0.0,0.17,0.0,0.17,0.0,0.0,0.17,0.17,0.0,0.0,,,,,,
2026-04-29 05:00,36.33,60.0,22.17,45.17,23.83,34.0,25.83,37.83,,28.83,27.83,41.0,40.5,33.5,42.0,50.67,26.5,46.0,34.17,,,,,,
2026-04-29 06:00,204.83,259.67,193.0,234.83,169.17,212.17,233.5,209.67,345.0,207.0,181.17,220.83,238.5,220.33,234.17,227.5,176.5,226.67,226.5,,,,,,
2026-04-29 07:00,409.0,485.5,434.0,460.67,448.17,436.5,475.83,436.83,455.33,412.83,465.5,421.17,447.33,452.83,453.33,445.17,557.33,433.67,459.0,,,,,,
2026-04-29 08:00,607.67,698.83,650.5,668.17,650.33,641.17,659.0,647.5,669.17,604.67,678.5,660.0,653.67,627.67,646.33,658.5,672.33,632.5,674.67,,,,,,
2026-04-29 09:00,815.0,868.5,773.0,826.67,814.83,805.0,830.33,818.17,841.0,768.0,837.17,826.67,907.83,807.83,803.17,835.67,850.17,791.33,848.83,,,,,,
2026-04-29 10:00,940.67,996.17,919.83,720.33,919.0,914.17,952.83,933.33,957.33,892.17,907.33,941.17,1035.67,918.17,906.83,947.33,962.83,909.5,971.17,,,,,,
2026-04-29 11:00,957.17,1060.0,990.83,642.17,921.67,966.0,1016.67,916.67,1012.67,938.5,999.0,993.0,1074.33,999.0,941.83,982.33,1010.0,981.5,1030.5,,,,,,
2026-04-29 12:00,933.5,1040.17,977.67,505.0,961.33,964.83,1006.67,983.67,998.67,928.67,986.17,959.0,1075.0,984.67,942.0,990.33,986.17,976.67,1018.5,,,,,,
2026-04-29 13:00,898.5,938.17,910.83,625.0,883.17,898.67,924.5,910.33,908.83,889.83,911.0,864.67,997.67,907.17,850.67,757.0,903.33,881.83,936.67,,,,,,
2026-04-29 14:00,769.33,785.83,775.17,585.8,625.33,769.0,783.33,778.67,747.33,754.17,768.5,761.0,842.33,766.5,687.33,772.83,765.5,747.17,813.67,,,,,,
2026-04-29 15:00,573.17,589.5,590.67,,353.0,582.17,587.17,598.17,580.67,549.33,587.67,591.67,631.67,561.0,560.5,579.67,576.83,559.17,599.67,,,,,,
2026-04-29 16:00,345.83,369.83,369.67,,300.67,356.0,364.33,368.33,360.0,330.83,365.5,371.67,400.17,367.0,349.0,362.67,365.67,328.0,364.0,,,,,,
2026-04-29 17:00,119.33,145.83,80.33,,104.5,129.67,136.5,138.5,141.67,77.33,146.33,146.0,153.67,140.17,133.67,142.17,144.17,112.33,140.17,,,,,,
2026-04-29 18:00,5.83,8.83,4.5,0.0,6.17,5.67,6.33,11.0,27.5,3.83,9.33,10.5,10.67,6.67,7.17,6.83,7.83,7.83,10.17,,,,,,
2026-04-29 19:00,0.0,0.0,0.0,0.0,0.0,0.0,0.0,0.0,,0.0,0.0,0.0,0.0,0.0,0.0,0.0,0.0,0.0,0.0,,,,,,
2026-04-29 20:00,0.0,0.0,0.0,0.0,0.0,0.0,0.0,0.0,,0.0,0.0,0.0,0.0,0.0,0.0,0.0,0.0,0.0,0.0,,,,,,
2026-04-29 21:00,0.0,0.0,0.0,0.0,0.0,0.0,0.0,0.0,,0.0,0.0,0.0,0.0,0.0,0.0,0.0,0.0,0.0,0.0,,,,,,
2026-04-29 22:00,0.0,0.0,0.0,0.0,0.0,0.0,0.0,0.0,,0.0,0.0,0.0,0.0,0.0,0.0,0.0,0.0,0.0,0.0,,,,,,
2026-04-29 23:00,0.0,0.0,0.0,0.0,0.0,0.0,0.0,0.0,,0.0,0.0,0.0,0.0,0.0,0.0,0.0,0.0,0.0,0.0,,,,,,
2026-04-30 00:00,0.0,0.0,0.0,0.0,0.0,0.0,0.0,0.0,,0.0,0.0,0.0,0.0,0.0,0.0,0.0,0.0,0.0,0.0,,,,,,
2026-04-30 01:00,0.0,0.0,0.0,0.0,0.0,0.0,0.0,0.0,,0.0,0.0,0.0,0.0,0.0,0.0,0.0,0.0,0.0,0.0,,,,,,
2026-04-30 02:00,0.0,0.0,0.0,0.0,0.0,0.0,0.0,0.0,,0.0,0.0,0.0,0.0,0.0,0.0,0.0,0.0,0.0,0.0,,,,,,
2026-04-30 03:00,0.0,0.0,0.0,0.0,0.0,0.0,0.0,0.0,,0.0,0.0,0.0,0.0,0.0,0.0,0.0,0.0,0.0,0.0,,,,,,
2026-04-30 04:00,0.0,0.17,0.0,0.0,0.0,0.0,0.0,0.0,,0.0,0.0,0.0,0.33,0.0,0.0,0.17,0.0,0.0,0.0,,,,,,
2026-04-30 05:00,37.33,65.17,25.83,49.17,22.83,37.0,26.33,26.83,,30.5,30.67,40.33,28.0,39.83,46.67,49.67,62.5,47.33,15.33,,,,,,
2026-04-30 06:00,210.17,270.5,204.33,245.67,190.33,221.83,159.0,161.33,,218.17,255.5,91.0,122.5,221.17,251.83,227.33,261.0,229.5,109.67,,,,,,
2026-04-30 07:00,427.67,499.0,471.33,471.83,452.67,448.17,460.5,402.83,380.4,423.5,479.17,189.33,383.83,458.67,468.33,454.5,489.67,444.17,266.17,,,,,,
2026-04-30 08:00,619.83,709.33,823.0,674.5,655.17,650.83,675.5,659.83,683.17,615.33,695.5,459.0,653.33,656.0,657.17,677.67,698.33,648.33,703.0,,,,,,
2026-04-30 09:00,826.17,880.17,820.33,846.5,817.33,813.33,852.33,834.67,857.0,775.17,854.33,836.17,918.5,823.17,803.67,845.17,862.0,804.67,859.83,,,,,,
2026-04-30 10:00,953.33,998.67,949.5,958.5,920.67,917.33,968.33,942.83,967.5,896.0,964.0,954.5,1035.17,941.83,897.83,961.33,968.17,917.5,972.83,,,,,,
2026-04-30 11:00,970.83,1059.67,985.67,1003.0,964.67,969.0,1022.83,994.67,1014.83,943.67,1006.33,1009.5,1114.83,1004.5,936.33,998.33,1018.67,984.83,1024.83,,,,,,
2026-04-30 12:00,946.0,1036.5,968.33,970.83,956.17,965.0,1011.83,995.67,1000.0,935.0,997.67,970.83,1092.17,995.17,921.5,987.83,998.83,993.83,1012.83,,,,,,
2026-04-30 13:00,893.5,937.5,891.17,886.0,872.5,899.83,930.5,922.0,909.0,893.17,919.5,876.67,993.5,919.5,846.83,897.17,918.5,900.5,938.17,,,,,,
2026-04-30 14:00,747.17,775.67,762.67,754.2,726.17,770.17,788.5,787.83,767.17,758.0,778.5,771.17,838.17,770.5,717.5,768.33,783.17,746.17,780.67,,,,,,
2026-04-30 15:00,556.17,583.5,579.17,,531.5,582.83,597.17,597.83,586.83,551.0,591.17,597.83,640.83,563.33,542.17,569.0,588.83,552.67,586.5,,,,,,
2026-04-30 16:00,336.67,369.67,354.83,,311.5,349.83,366.67,379.83,368.67,332.0,369.17,377.17,405.33,367.67,332.5,351.5,357.17,322.33,366.67,,,,,,
2026-04-30 17:00,115.33,142.0,82.17,,98.83,132.5,140.0,159.5,146.0,77.5,149.83,150.0,152.0,139.0,134.83,134.17,136.83,109.67,145.67,,,,,,
2026-04-30 18:00,6.83,7.67,6.17,0.0,5.83,5.83,6.17,11.0,29.5,3.83,10.67,11.33,10.0,7.83,8.17,8.83,8.83,9.17,11.17,,,,,,
2026-04-30 19:00,0.0,0.0,0.0,0.0,0.0,0.0,0.0,0.0,,0.0,0.0,0.0,0.0,0.0,0.0,0.0,0.0,0.0,0.0,,,,,,
2026-04-30 20:00,0.0,0.0,0.0,0.0,0.0,0.0,0.0,0.0,,0.0,0.0,0.0,0.0,0.0,0.0,0.0,0.0,0.0,0.0,,,,,,
2026-04-30 21:00,0.0,0.0,0.0,0.0,0.0,0.0,0.0,0.0,,0.0,0.0,0.0,0.0,0.0,0.0,0.0,0.0,0.0,0.0,,,,,,
2026-04-30 22:00,0.0,0.0,0.0,0.0,0.0,0.0,0.0,0.0,,0.0,0.0,0.0,0.0,0.0,0.0,0.0,0.0,0.0,0.0,,,,,,
2026-04-30 23:00,0.0,0.0,0.0,0.0,0.0,0.0,0.0,0.0,,0.0,0.0,0.0,0.0,0.0,0.0,0.0,0.0,0.0,0.0,,,,,,
2026-05-01 00:00,0.0,0.0,0.0,0.0,0.0,0.0,0.0,0.0,,0.0,0.0,0.0,0.0,0.0,0.0,0.0,0.0,0.0,0.0,,,,,,
2026-05-01 01:00,0.0,0.0,0.0,0.0,0.0,0.0,0.0,0.0,,0.0,0.0,0.0,0.0,0.0,0.0,0.0,0.0,0.0,0.0,,,,,,
2026-05-01 02:00,0.0,0.0,0.0,0.0,0.0,0.0,0.0,0.0,,0.0,0.0,0.0,0.0,0.0,0.0,0.0,0.0,0.0,0.0,,,,,,
2026-05-01 03:00,0.0,0.0,0.0,0.0,0.0,0.0,0.0,0.0,,0.0,0.0,0.0,0.0,0.0,0.0,0.0,0.0,0.0,0.0,,,,,,
2026-05-01 04:00,0.0,0.17,0.0,0.0,0.0,0.0,0.0,0.0,,0.0,0.0,0.0,0.0,0.0,0.0,0.0,0.17,0.17,0.0,,,,,,
2026-05-01 05:00,36.0,51.67,27.5,54.0,23.17,42.67,24.0,41.0,,34.17,32.17,48.5,49.33,32.67,51.5,23.67,48.0,48.5,42.0,,,,,,
2026-05-01 06:00,179.67,256.5,159.33,258.33,209.5,244.0,193.33,232.5,366.0,241.83,255.5,246.67,257.17,244.0,260.67,96.5,225.0,338.0,251.83,,,,,,
2026-05-01 07:00,324.0,477.67,284.83,505.5,458.33,478.83,446.83,484.5,478.17,454.0,405.0,474.83,493.17,483.33,482.67,391.0,331.33,466.17,484.83,,,,,,
2026-05-01 08:00,630.33,686.5,592.67,722.83,658.5,688.0,690.0,686.0,701.0,654.17,714.67,684.17,751.17,686.67,685.17,686.83,535.0,665.17,709.17,,,,,,
2026-05-01 09:00,803.33,851.83,833.33,884.67,822.0,855.33,864.83,861.33,876.5,821.33,878.0,860.33,933.83,842.5,836.33,853.67,821.0,812.0,888.67,,,,,,
2026-05-01 10:00,933.0,978.17,952.83,992.17,919.5,962.33,983.67,951.17,990.67,949.83,987.17,965.17,1056.33,966.83,934.67,964.33,956.33,925.17,1003.33,,,,,,
2026-05-01 11:00,960.67,1026.0,1021.67,1041.0,957.67,1013.83,1027.33,1004.67,1037.33,998.5,1026.33,1024.67,1135.67,1025.33,971.5,998.17,1016.83,989.33,1058.17,,,,,,
2026-05-01 12:00,956.5,872.33,1017.83,1019.33,954.0,1009.83,936.83,1006.0,1007.83,976.5,1018.67,991.83,1113.33,1013.83,959.17,1005.33,977.83,997.17,1043.17,,,,,,
2026-05-01 13:00,914.67,906.17,929.67,924.67,876.67,936.67,937.0,943.17,912.0,931.83,935.5,902.0,1017.33,935.0,879.0,922.17,922.5,921.17,960.0,,,,,,
2026-05-01 14:00,787.17,776.33,789.17,803.6,662.33,799.5,785.17,817.17,787.33,793.5,796.33,797.0,869.83,800.33,755.33,797.0,775.33,769.17,794.5,,,,,,
2026-05-01 15:00,589.17,602.17,592.83,,566.83,609.83,604.33,630.67,615.67,587.0,605.17,627.33,671.33,589.5,582.0,594.17,585.83,572.33,610.17,,,,,,
2026-05-01 16:00,360.83,374.33,370.5,,367.67,381.0,374.83,401.67,395.0,361.67,380.17,402.17,432.0,390.67,373.33,373.5,370.17,335.83,396.67,,,,,,
2026-05-01 17:00,128.0,148.83,79.83,,115.5,152.5,136.0,165.33,161.83,78.5,150.17,164.67,173.33,156.0,154.0,152.33,151.0,113.17,162.67,,,,,,
2026-05-01 18:00,7.0,9.0,4.67,0.0,4.33,6.5,5.67,10.5,33.0,3.17,12.5,12.67,13.5,6.5,9.17,7.0,8.67,9.17,11.5,,,,,,
2026-05-01 19:00,0.0,0.0,0.0,0.0,0.0,0.0,0.0,0.0,,0.0,0.0,0.0,0.0,0.0,0.0,0.0,0.0,0.0,0.0,,,,,,
2026-05-01 20:00,0.0,0.0,0.0,0.0,0.0,0.0,0.0,0.0,,0.0,0.0,0.0,0.0,0.0,0.0,0.0,0.0,0.0,0.0,,,,,,
2026-05-01 21:00,0.0,0.0,0.0,0.0,0.0,0.0,0.0,0.0,,0.0,0.0,0.0,0.0,0.0,0.0,0.0,0.0,0.0,0.0,,,,,,
2026-05-01 22:00,0.0,0.0,0.0,0.0,0.0,0.0,0.0,0.0,,0.0,0.0,0.0,0.0,0.0,0.0,0.0,0.0,0.0,0.0,,,,,,
2026-05-01 23:00,0.0,0.0,0.0,0.0,0.0,0.0,0.0,0.0,,0.0,0.0,0.0,0.0,0.0,0.0,0.0,0.0,0.0,0.0,,,,,,
2026-05-02 00:00,0.0,0.0,0.0,0.0,0.0,0.0,0.0,0.0,,0.0,0.0,0.0,0.0,0.0,0.0,0.0,0.0,0.0,0.0,,,,,,
2026-05-02 01:00,0.0,0.0,0.0,0.0,0.0,0.0,0.0,0.0,,0.0,0.0,0.0,0.0,0.0,0.0,0.0,0.0,0.0,0.0,,,,,,
2026-05-02 02:00,0.0,0.0,0.0,0.0,0.0,0.0,0.0,0.0,,0.0,0.0,0.0,0.0,0.0,0.0,0.0,0.0,0.0,0.0,,,,,,
2026-05-02 03:00,0.0,0.0,0.0,0.0,0.0,0.0,0.0,0.0,,0.0,0.0,0.0,0.0,0.0,0.0,0.0,0.0,0.0,0.0,,,,,,
2026-05-02 04:00,0.0,0.17,0.17,0.0,0.0,0.0,0.0,0.0,,0.0,0.0,0.0,0.0,0.0,0.0,0.33,0.17,0.17,0.0,,,,,,
2026-05-02 05:00,47.17,70.33,29.33,54.67,26.0,25.83,58.67,47.83,,33.17,47.67,50.5,55.0,39.5,50.83,57.67,46.5,56.5,42.83,,,,,,
2026-05-02 06:00,229.17,260.17,224.5,252.67,226.33,247.0,227.5,237.0,372.0,241.67,249.0,249.83,264.0,241.5,259.17,249.0,208.17,229.67,251.33,,,,,,
2026-05-02 07:00,413.0,496.33,391.17,493.17,465.83,478.67,297.83,465.83,488.0,443.67,374.5,473.83,499.0,473.83,480.0,410.17,483.67,407.5,487.67,,,,,,
2026-05-02 08:00,506.17,654.17,539.5,691.33,669.67,672.5,680.67,681.67,692.33,625.5,637.5,676.83,749.0,693.83,661.83,621.17,546.83,575.0,705.5,,,,,,
2026-05-02 09:00,836.0,823.83,804.83,823.5,725.17,829.83,782.83,848.33,864.33,789.5,785.0,862.0,950.67,821.83,787.0,833.17,803.83,783.67,880.83,,,,,,
2026-05-02 10:00,879.0,996.17,914.33,712.5,580.67,931.17,961.0,959.17,980.5,907.83,956.5,969.0,1034.67,941.83,803.83,894.67,904.83,931.67,985.5,,,,,,
2026-05-02 11:00,964.17,1042.67,918.5,836.17,868.67,985.17,981.5,947.5,1016.83,956.5,985.83,971.0,1048.5,1010.83,898.33,975.0,983.0,987.83,1036.33,,,,,,
2026-05-02 12:00,811.33,873.67,857.5,591.33,853.33,976.33,808.17,1000.83,919.33,939.33,866.33,923.83,866.67,821.5,950.33,862.5,846.83,811.67,1037.67,,,,,,
2026-05-02 13:00,542.5,710.0,535.83,770.67,602.0,916.5,531.0,939.67,949.17,900.0,666.5,835.0,932.67,763.17,617.33,497.17,689.5,519.67,947.17,,,,,,
2026-05-02 14:00,615.33,544.67,614.83,787.2,704.33,669.83,422.0,648.33,801.83,786.0,514.83,635.83,746.17,595.33,749.5,597.17,590.17,523.17,806.17,,,,,,
2026-05-02 15:00,248.83,238.5,232.17,,519.83,590.0,282.17,350.83,374.5,558.0,344.83,320.83,392.0,376.0,448.5,315.83,277.67,229.83,403.0,,,,,,
2026-05-02 16:00,278.0,163.67,316.0,,280.83,358.5,240.83,213.5,196.67,279.17,235.33,227.5,421.5,384.83,220.17,300.67,198.5,322.67,152.83,,,,,,
2026-05-02 17:00,93.0,82.83,71.83,,163.83,90.83,135.33,107.67,83.33,67.17,99.33,105.17,153.17,134.83,82.33,140.17,55.5,93.5,67.33,,,,,,
2026-05-02 18:00,8.5,3.0,6.5,0.0,13.33,4.17,4.83,15.67,22.0,3.17,8.33,9.17,12.0,9.5,6.5,7.83,5.5,7.17,4.83,,,,,,
2026-05-02 19:00,0.0,0.0,0.0,0.0,0.0,0.0,0.0,0.0,,0.0,0.0,0.0,0.0,0.0,0.0,0.0,0.0,0.0,0.0,,,,,,
2026-05-02 20:00,0.0,0.0,0.0,0.0,0.0,0.0,0.0,0.0,,0.0,0.0,0.0,0.0,0.0,0.0,0.0,0.0,0.0,0.0,,,,,,
2026-05-02 21:00,0.0,0.0,0.0,0.0,0.0,0.0,0.0,0.0,,0.0,0.0,0.0,0.0,0.0,0.0,0.0,0.0,0.0,0.0,,,,,,
2026-05-02 22:00,0.0,0.0,0.0,0.0,0.0,0.0,0.0,0.0,,0.0,0.0,0.0,0.0,0.0,0.0,0.17,0.0,0.0,0.0,,,,,,
2026-05-02 23:00,0.0,0.5,0.0,0.0,0.0,0.0,0.0,0.0,,0.0,0.0,0.0,0.0,0.0,0.0,0.17,0.0,0.0,0.0,,,,,,
2026-05-03 00:00,0.0,0.0,0.0,0.0,0.0,0.0,0.0,0.0,,0.0,0.0,0.0,0.0,0.0,0.0,0.17,0.0,0.0,0.0,,,,,,
2026-05-03 01:00,0.0,0.0,0.0,0.0,0.0,0.0,0.0,0.33,,0.0,0.0,0.0,0.0,0.0,0.0,0.17,0.0,0.0,0.0,,,,,,
2026-05-03 02:00,0.0,0.0,0.0,0.0,0.0,0.0,0.0,0.0,,0.0,0.0,0.0,0.0,0.0,0.0,0.33,0.0,0.0,0.0,,,,,,
2026-05-03 03:00,0.0,0.0,0.0,0.0,0.0,0.0,0.0,0.0,,0.0,0.0,0.0,0.0,0.0,0.0,0.0,0.0,0.0,0.0,,,,,,
2026-05-03 04:00,0.0,0.0,0.0,0.0,0.0,0.0,0.0,0.67,,0.0,0.0,0.0,0.0,0.0,0.0,0.17,0.0,0.0,0.0,,,,,,
2026-05-03 05:00,42.17,56.67,29.5,39.67,31.0,38.17,47.17,34.67,,38.33,39.0,35.5,41.33,36.5,38.17,47.17,52.83,46.0,19.83,,,,,,
2026-05-03 06:00,210.33,248.67,204.17,221.67,199.83,214.83,216.67,193.33,297.0,222.17,227.83,201.83,213.83,195.33,224.0,217.5,240.67,213.0,207.67,,,,,,
2026-05-03 07:00,413.33,469.0,411.0,453.33,425.33,451.67,417.33,431.17,443.0,424.83,437.5,431.33,458.17,417.33,435.17,428.17,460.0,411.33,448.5,,,,,,
2026-05-03 08:00,591.0,666.33,609.67,676.17,626.0,657.83,650.0,652.83,656.5,622.83,649.83,646.17,709.0,638.33,647.0,637.5,651.5,602.0,670.0,,,,,,
2026-05-03 09:00,778.33,824.33,791.17,848.5,794.33,809.17,826.83,828.67,827.33,764.5,819.83,818.67,883.67,788.0,809.5,812.33,818.33,762.33,844.0,,,,,,
2026-05-03 10:00,896.17,953.5,897.17,959.83,902.0,915.83,930.17,943.17,937.83,884.0,902.33,921.5,1000.0,928.0,904.83,855.17,925.0,875.67,965.17,,,,,,
2026-05-03 11:00,934.17,1021.67,1009.0,1001.67,936.5,688.83,829.0,975.17,996.17,561.83,652.0,989.67,1046.67,987.5,907.5,976.33,978.0,955.67,984.0,,,,,,
2026-05-03 12:00,489.83,791.5,974.83,951.0,937.33,350.33,381.83,915.5,921.33,320.0,339.17,906.0,993.67,740.17,811.17,1019.67,987.17,718.67,969.33,,,,,,
2026-05-03 13:00,411.83,558.83,724.67,893.6,885.67,195.17,339.0,876.17,874.5,228.5,490.83,751.5,858.5,715.17,512.0,925.33,871.83,307.33,897.67,,,,,,
2026-05-03 14:00,815.0,700.33,374.5,,630.67,268.83,252.33,712.33,766.67,389.0,460.67,704.0,755.67,462.0,568.17,437.17,482.67,176.0,753.17,,,,,,
2026-05-03 15:00,531.67,416.17,358.0,,199.33,543.67,109.17,330.5,459.67,303.5,242.0,501.17,359.0,333.67,309.33,213.33,586.83,153.67,528.67,,,,,,
2026-05-03 16:00,222.0,151.0,114.83,,113.83,321.33,39.17,138.67,211.0,327.83,75.17,137.33,166.83,122.33,120.0,101.5,263.17,63.0,184.5,,,,,,
2026-05-03 17:00,75.0,15.67,50.0,,61.33,106.5,14.5,62.5,63.6,83.5,30.5,61.67,55.17,40.17,16.5,66.17,72.33,51.17,59.33,,,,,,
2026-05-03 18:00,6.83,2.5,4.0,0.0,4.33,10.67,5.5,6.67,,4.33,2.67,3.67,6.67,5.17,1.0,7.5,7.67,6.0,3.17,,,,,,
2026-05-03 19:00,0.0,0.0,0.0,0.0,0.0,0.0,0.0,0.0,,0.0,0.0,0.0,0.5,0.0,0.0,0.0,0.0,0.0,0.0,,,,,,
2026-05-03 20:00,0.0,0.0,0.0,0.0,0.0,0.0,0.0,0.0,,0.0,0.0,0.0,0.0,0.0,0.0,0.67,0.0,0.0,0.0,,,,,,
2026-05-03 21:00,0.0,0.0,0.0,0.0,0.0,0.0,0.0,0.0,,0.0,0.0,0.0,0.0,0.0,0.0,0.17,0.0,0.0,0.0,,,,,,
2026-05-03 22:00,0.0,0.0,0.0,0.0,0.0,0.0,0.0,0.0,,0.0,0.0,0.0,0.33,0.0,0.0,0.0,0.0,0.0,0.0,,,,,,
2026-05-03 23:00,0.0,0.0,0.0,0.0,0.0,0.0,0.0,0.0,,0.0,0.0,0.0,0.0,0.0,0.0,0.33,0.0,0.0,0.0,,,,,,
2026-05-04 00:00,0.0,0.0,0.0,0.0,0.0,0.0,0.0,0.0,,0.0,0.0,0.0,0.0,0.0,0.0,0.0,0.0,0.0,0.0,,,,,,
2026-05-04 01:00,0.0,0.0,0.0,0.0,0.0,0.0,0.0,0.0,,0.0,0.0,0.0,0.0,0.0,0.0,0.0,0.0,0.0,0.0,,,,,,
2026-05-04 02:00,0.0,0.0,0.0,0.0,0.0,0.0,0.0,0.0,,0.0,0.0,0.0,0.0,0.0,0.0,0.0,0.0,0.0,0.0,,,,,,
2026-05-04 03:00,0.0,0.0,0.0,0.0,0.0,0.0,0.0,0.0,,0.0,0.0,0.0,0.0,0.0,0.0,0.33,0.0,0.0,0.0,,,,,,
2026-05-04 04:00,0.0,0.0,0.0,0.0,0.17,0.0,0.0,0.0,,0.0,0.17,0.0,0.33,0.0,0.0,0.17,0.17,0.17,0.0,,,,,,
2026-05-04 05:00,36.17,46.33,25.0,36.67,24.0,37.83,44.0,48.17,,39.17,48.5,40.5,59.67,45.33,17.0,51.0,16.5,29.67,55.83,,,,,,
2026-05-04 06:00,168.83,130.0,252.17,162.17,179.67,219.0,280.17,247.33,383.0,235.17,275.5,218.67,122.83,145.5,41.17,196.33,194.5,226.0,271.0,,,,,,
2026-05-04 07:00,368.33,440.83,417.5,251.0,351.83,475.0,503.83,486.5,502.0,434.67,412.67,485.83,421.0,343.83,172.0,421.33,264.67,451.83,507.5,,,,,,
2026-05-04 08:00,621.67,494.0,627.0,570.17,589.33,689.0,657.67,701.33,721.0,636.67,544.67,673.67,633.17,485.67,480.17,613.0,635.33,689.17,729.83,,,,,,
2026-05-04 09:00,853.5,248.67,595.0,721.67,788.33,833.17,322.0,876.17,891.33,803.33,520.33,872.0,839.5,699.5,805.33,886.0,671.0,850.33,905.67,,,,,,
2026-05-04 10:00,667.17,144.83,621.0,903.67,868.67,938.17,333.0,988.0,1003.83,929.17,470.5,981.0,1011.5,900.33,781.5,1020.67,185.83,760.5,1023.33,,,,,,
2026-05-04 11:00,506.33,149.67,668.67,1105.5,987.17,1007.67,868.83,1048.67,1053.33,983.67,424.17,971.17,842.25,950.0,940.67,900.83,195.67,583.83,1075.0,,,,,,
2026-05-04 12:00,791.67,310.33,490.5,990.33,990.17,1022.33,592.0,992.0,979.83,972.0,676.83,880.83,808.33,505.17,766.33,773.0,495.33,593.0,1056.5,,,,,,
2026-05-04 13:00,821.5,359.17,467.17,661.0,783.67,956.0,622.0,895.33,893.5,925.17,637.5,751.67,724.17,530.33,635.83,1019.17,497.17,682.5,853.67,,,,,,
2026-05-04 14:00,690.83,428.5,549.17,,774.83,805.67,420.5,715.83,664.0,793.0,457.17,574.17,608.83,584.67,377.0,913.0,501.67,574.5,709.0,,,,,,
2026-05-04 15:00,664.17,153.83,490.67,,585.5,615.33,172.83,597.67,448.67,593.17,413.5,577.5,458.5,575.5,314.33,552.67,348.17,384.0,546.67,,,,,,
2026-05-04 16:00,405.83,62.0,304.17,,368.5,376.67,332.67,393.67,389.17,357.17,289.67,336.17,402.5,375.83,200.0,395.83,114.5,289.17,375.0,,,,,,
2026-05-04 17:00,137.67,87.33,105.0,,110.5,136.67,131.33,158.33,148.5,81.83,155.83,131.67,128.67,102.33,129.83,131.17,79.0,109.83,149.83,,,,,,
2026-05-04 18:00,6.67,8.33,5.67,0.0,4.67,7.67,7.17,8.5,42.0,5.0,10.0,8.67,10.17,12.0,5.17,6.5,8.83,13.5,11.0,,,,,,
2026-05-04 19:00,0.0,0.0,0.0,0.0,0.0,0.0,0.0,0.0,,0.0,0.0,0.0,0.0,0.0,0.0,0.0,0.0,0.0,0.0,,,,,,
2026-05-04 20:00,0.0,0.0,0.0,0.0,0.0,0.0,0.0,0.0,,0.0,0.0,0.0,0.0,0.0,0.0,0.0,0.0,0.0,0.0,,,,,,
2026-05-04 21:00,0.0,0.0,0.0,0.0,0.0,0.0,0.0,0.0,,0.0,0.0,0.0,0.0,0.0,0.0,0.0,0.0,0.0,0.0,,,,,,
2026-05-04 22:00,0.0,0.0,0.0,0.0,0.0,0.0,0.0,0.0,,0.0,0.0,0.0,0.0,0.0,0.0,0.0,0.0,0.0,0.0,,,,,,
2026-05-04 23:00,0.0,0.0,0.0,0.0,0.0,0.0,0.0,0.0,,0.0,0.0,0.0,0.0,0.0,0.0,0.0,0.0,0.0,0.0,,,,,,
2026-05-05 00:00,0.0,0.0,0.0,0.0,0.0,0.0,0.0,0.0,,0.0,0.0,0.0,0.0,0.0,0.0,0.0,0.0,0.0,0.0,,,,,,
2026-05-05 01:00,0.0,0.0,0.0,0.0,0.0,0.0,0.0,0.0,,0.0,0.0,0.0,0.0,0.0,0.0,0.0,0.0,0.0,0.0,,,,,,
2026-05-05 02:00,0.0,0.0,0.0,0.0,0.0,0.0,0.0,0.0,,0.0,0.0,0.0,0.0,0.0,0.0,0.0,0.0,0.0,0.0,,,,,,
2026-05-05 03:00,0.0,0.0,0.0,0.0,0.0,0.0,0.0,0.0,,0.0,0.0,0.0,0.0,0.0,0.0,0.0,0.0,0.0,0.0,,,,,,
2026-05-05 04:00,0.17,0.0,0.17,0.0,0.0,0.0,0.0,0.0,,0.0,0.0,0.0,0.33,0.0,0.0,0.5,0.33,0.17,0.0,,,,,,
2026-05-05 05:00,15.83,15.67,37.67,62.5,33.0,27.67,48.0,39.83,,39.5,43.33,45.83,26.83,31.5,42.0,22.5,40.17,41.67,34.17,,,,,,
2026-05-05 06:00,70.17,133.5,233.83,270.33,101.83,192.83,153.0,168.83,349.0,237.33,81.67,130.67,136.67,153.17,202.5,133.5,192.33,227.0,117.83,,,,,,
2026-05-05 07:00,221.33,102.17,228.0,524.0,389.17,347.67,293.17,248.5,406.5,405.0,400.5,235.17,191.5,378.67,416.0,237.5,201.17,265.33,204.17,,,,,,
2026-05-05 08:00,201.83,161.33,502.0,739.5,685.67,564.83,622.5,456.17,253.0,656.67,466.17,531.83,596.5,351.17,658.83,365.67,176.0,384.17,484.5,,,,,,
2026-05-05 09:00,461.0,551.67,780.33,862.5,319.5,704.67,866.33,470.17,487.17,805.67,821.83,445.5,779.0,749.0,710.17,674.67,466.17,454.67,876.17,,,,,,
2026-05-05 10:00,920.33,298.0,862.17,1008.33,610.5,921.0,565.33,647.33,560.6,923.0,630.33,777.67,780.0,827.5,897.17,488.67,524.83,644.17,759.83,,,,,,
2026-05-05 11:00,949.83,182.5,726.0,1076.17,853.0,1007.0,211.0,709.83,619.67,975.83,602.5,869.83,874.17,992.6,565.5,1089.17,692.33,848.33,933.17,,,,,,
2026-05-05 12:00,915.5,122.83,347.5,1076.33,1024.67,1017.83,246.83,950.33,496.33,970.33,410.17,761.83,956.17,995.33,672.83,1043.17,341.17,817.67,666.67,,,,,,
2026-05-05 13:00,548.5,102.67,312.83,822.0,931.5,955.83,241.67,844.17,680.33,928.67,324.83,588.33,930.33,909.0,559.17,930.0,372.67,252.0,749.67,,,,,,
2026-05-05 14:00,274.0,76.0,188.83,,772.17,814.0,169.83,786.0,420.67,799.67,234.33,747.33,806.0,766.67,373.33,657.33,256.67,288.5,602.0,,,,,,
2026-05-05 15:00,389.67,85.33,203.67,,586.33,620.67,73.67,617.17,540.67,596.83,90.33,610.83,669.5,565.0,461.5,397.83,172.0,94.5,389.5,,,,,,
2026-05-05 16:00,436.0,47.17,154.83,,367.17,385.83,64.5,384.33,379.67,373.67,90.83,381.5,426.0,94.83,339.83,128.5,76.67,105.67,385.67,,,,,,
2026-05-05 17:00,117.33,25.0,61.0,,110.33,150.67,40.83,147.17,151.0,78.83,32.33,133.33,157.17,57.67,96.5,41.17,35.67,53.5,164.5,,,,,,
2026-05-05 18:00,8.5,3.33,5.33,0.0,5.83,8.67,9.33,12.17,46.0,4.5,7.83,9.33,15.33,8.83,3.33,11.83,9.17,5.83,11.5,,,,,,
2026-05-05 19:00,0.0,0.0,0.0,0.0,0.0,0.0,0.0,0.0,,0.0,0.0,0.0,0.0,0.0,0.0,0.0,0.0,0.0,0.0,,,,,,
2026-05-05 20:00,0.0,0.0,0.0,0.0,0.0,0.0,0.0,0.0,,0.0,0.0,0.0,0.0,0.0,0.0,0.0,0.0,0.0,0.0,,,,,,
2026-05-05 21:00,0.0,0.0,0.0,0.0,0.0,0.0,0.0,0.0,,0.0,0.0,0.0,0.5,0.0,0.0,0.0,0.0,0.0,0.0,,,,,,
2026-05-05 22:00,0.0,0.0,0.0,0.0,0.0,0.0,0.0,0.0,,0.0,0.0,0.0,0.0,0.0,0.0,0.5,0.0,0.0,0.0,,,,,,
2026-05-05 23:00,0.0,0.0,0.0,0.0,0.0,0.0,0.0,0.0,,0.0,0.0,0.0,0.0,0.0,0.0,0.0,0.0,0.0,0.0,,,,,,
2026-05-06 00:00,0.0,0.0,0.0,0.0,0.0,0.0,0.0,0.0,,0.0,0.0,0.0,0.17,0.0,0.0,0.0,0.0,0.0,0.0,,,,,,
2026-05-06 01:00,0.0,0.0,0.0,0.0,0.0,0.0,0.0,0.0,,0.0,0.0,0.0,0.33,0.0,0.0,0.0,0.0,0.0,0.0,,,,,,
2026-05-06 02:00,0.0,0.0,0.0,0.0,0.0,0.0,0.0,0.0,,0.0,0.0,0.0,0.0,0.0,0.0,0.0,0.0,0.0,0.0,,,,,,
2026-05-06 03:00,0.0,0.0,0.0,0.0,0.0,0.0,0.0,0.0,,0.0,0.0,0.0,0.33,0.0,0.0,0.0,0.0,0.0,0.0,,,,,,
2026-05-06 04:00,0.17,0.5,0.33,0.0,0.17,0.0,0.17,0.0,,0.0,0.17,0.0,0.5,0.0,0.0,0.5,0.5,0.17,0.0,,,,,,
2026-05-06 05:00,51.33,62.0,26.5,29.0,37.17,50.83,61.33,28.83,,47.33,43.33,6.5,24.67,38.0,8.83,65.83,72.83,63.0,69.83,,,,,,
2026-05-06 06:00,242.33,279.67,254.17,193.5,223.83,254.0,226.83,113.0,197.0,253.33,263.33,45.67,84.33,76.83,117.5,263.33,279.17,259.67,270.83,,,,,,
2026-05-06 07:00,463.33,529.33,479.33,448.33,463.5,485.0,456.83,275.83,291.5,465.67,432.83,124.33,125.83,136.5,335.83,491.0,507.83,484.33,493.5,,,,,,
2026-05-06 08:00,690.67,654.5,588.5,233.17,183.5,703.0,425.83,222.67,627.67,652.0,483.17,502.5,178.5,516.33,235.5,348.17,719.0,498.83,642.33,,,,,,
2026-05-06 09:00,679.33,801.0,766.5,179.0,192.33,859.67,752.67,228.83,654.83,813.0,202.33,719.67,510.83,525.33,192.67,243.17,911.67,396.0,820.17,,,,,,
2026-05-06 10:00,581.83,937.17,326.83,257.0,176.83,948.67,848.83,683.17,626.17,932.83,409.0,322.17,399.5,371.33,168.33,150.33,995.5,228.33,816.5,,,,,,
2026-05-06 11:00,170.5,851.0,542.0,376.83,265.67,1006.33,1012.67,582.67,904.2,985.17,553.17,465.33,474.5,424.17,282.67,191.33,871.0,266.67,691.4,,,,,,
2026-05-06 12:00,422.0,727.83,279.33,519.67,399.17,1014.17,1115.0,569.67,652.4,968.67,630.17,766.5,730.67,454.5,350.33,235.33,1049.5,280.83,1045.0,,,,,,
2026-05-06 13:00,284.33,594.17,236.17,767.4,464.83,949.67,979.67,951.67,582.17,925.5,556.83,919.67,852.83,668.5,452.5,182.83,767.0,310.17,1019.5,,,,,,
2026-05-06 14:00,141.33,221.5,184.33,,332.33,811.33,808.0,771.67,842.33,794.5,747.67,820.5,823.17,771.33,231.83,498.83,821.83,458.17,728.0,,,,,,
2026-05-06 15:00,381.83,234.0,209.67,,197.0,624.5,607.33,623.5,549.5,604.33,600.33,612.17,663.17,581.33,324.0,408.0,494.33,388.83,576.5,,,,,,
2026-05-06 16:00,269.67,130.0,385.67,,269.67,389.67,387.83,394.83,386.17,383.33,381.0,397.17,421.5,379.17,376.0,336.83,381.17,245.17,395.17,,,,,,
2026-05-06 17:00,135.67,44.67,91.17,,140.33,154.17,158.17,155.5,158.83,75.33,163.67,161.5,171.0,156.83,162.83,160.83,153.33,129.5,159.5,,,,,,
2026-05-06 18:00,9.33,6.5,6.67,0.0,6.83,8.5,7.0,12.5,50.0,4.0,17.33,16.5,17.83,7.33,9.67,12.17,11.17,13.0,12.5,,,,,,
2026-05-06 19:00,0.0,0.0,0.0,0.0,0.0,0.0,0.0,0.0,,0.0,0.0,0.0,0.0,0.0,0.0,0.0,0.0,0.0,0.0,,,,,,
2026-05-06 20:00,0.0,0.0,0.0,0.0,0.0,0.0,0.0,0.0,,0.0,0.0,0.0,0.0,0.0,0.0,0.0,0.0,0.0,0.0,,,,,,
2026-05-06 21:00,0.0,0.0,0.0,0.0,0.0,0.0,0.0,0.0,,0.0,0.0,0.0,0.0,0.0,0.0,0.0,0.0,0.0,0.0,,,,,,
2026-05-06 22:00,0.0,0.0,0.0,0.0,0.0,0.0,0.0,0.0,,0.0,0.0,0.0,0.0,0.0,0.0,0.0,0.0,0.0,0.0,,,,,,
2026-05-06 23:00,0.0,0.0,0.0,0.0,0.0,0.0,0.0,0.0,,0.0,0.0,0.0,0.0,0.0,0.0,0.0,0.0,0.0,0.0,,,,,,
2026-05-07 00:00,0.0,0.0,0.0,0.0,0.0,0.0,0.0,0.0,,0.0,0.0,0.0,0.0,0.0,0.0,0.0,0.0,0.0,0.0,,,,,,
2026-05-07 01:00,0.0,0.0,0.0,0.0,0.0,0.0,0.0,0.0,,0.0,0.0,0.0,0.0,0.0,0.0,0.0,0.0,0.0,0.0,,,,,,
2026-05-07 02:00,0.0,0.0,0.0,0.0,0.0,0.0,0.0,0.0,,0.0,0.0,0.0,0.0,0.0,0.0,0.0,0.0,0.0,0.0,,,,,,
2026-05-07 03:00,0.0,0.17,0.0,0.0,0.0,0.0,0.0,0.0,,0.0,0.0,0.0,0.0,0.0,0.0,0.0,0.0,0.0,0.0,,,,,,
2026-05-07 04:00,0.17,0.5,0.33,0.0,0.17,0.0,0.17,0.0,,0.0,0.17,0.0,0.17,0.0,0.0,0.5,0.5,0.33,0.0,,,,,,
2026-05-07 05:00,52.17,79.67,31.0,55.33,24.5,52.5,63.33,58.17,,47.67,42.83,62.5,70.17,48.67,64.33,71.0,75.0,66.33,62.67,,,,,,
2026-05-07 06:00,237.17,292.0,253.17,270.33,256.0,250.33,260.17,248.33,,251.17,270.67,265.0,296.67,287.83,279.17,272.83,275.0,265.67,267.17,,,,,,
2026-05-07 07:00,449.17,523.0,473.67,508.33,485.33,477.17,486.83,489.83,504.5,456.67,502.5,493.67,532.5,491.0,494.0,495.83,499.17,484.33,506.83,,,,,,
2026-05-07 08:00,659.33,731.33,681.5,716.67,685.17,691.83,695.17,712.67,711.5,639.17,699.0,697.83,757.83,698.0,691.67,693.17,701.83,682.83,720.33,,,,,,
2026-05-07 09:00,851.67,892.67,852.33,877.17,841.5,846.17,865.67,841.0,877.17,792.83,866.67,870.83,911.5,863.67,843.33,859.33,866.0,848.67,892.33,,,,,,
2026-05-07 10:00,968.0,1010.33,967.5,989.83,938.0,929.83,978.83,948.83,992.33,904.5,981.67,981.0,1002.5,944.33,939.83,972.83,976.67,971.33,1012.5,,,,,,
2026-05-07 11:00,976.67,1068.67,1018.5,1020.0,981.17,983.83,1033.5,1016.67,1039.83,957.17,1017.33,1024.0,1048.17,1025.83,985.17,1023.0,1030.0,1025.83,1067.67,,,,,,
2026-05-07 12:00,970.17,1045.67,995.83,989.67,985.83,990.83,1026.83,1032.67,1026.83,946.17,1006.83,996.67,1073.5,1009.0,966.17,1014.67,1019.33,1000.5,1051.67,,,,,,
2026-05-07 13:00,926.17,947.5,914.0,917.67,905.17,924.83,923.17,956.83,942.0,903.5,933.33,910.17,1003.0,930.33,894.5,931.33,938.33,916.83,969.0,,,,,,
2026-05-07 14:00,783.0,808.33,779.0,789.0,758.67,787.67,753.83,821.33,803.17,770.17,800.5,786.67,842.67,793.83,758.0,792.33,801.5,777.67,802.33,,,,,,
2026-05-07 15:00,576.83,618.0,596.33,,569.5,600.33,618.0,586.83,609.17,579.5,619.67,603.0,659.5,590.83,582.17,607.67,608.0,595.67,592.67,,,,,,
2026-05-07 16:00,363.0,399.33,380.67,,352.17,372.67,388.17,399.33,383.33,361.0,396.83,390.83,436.67,388.17,379.83,389.5,386.33,381.17,371.0,,,,,,
2026-05-07 17:00,135.5,168.33,95.17,,109.33,148.67,175.17,154.17,162.0,82.5,172.0,159.83,177.83,160.0,162.83,162.5,162.67,160.83,158.67,,,,,,
2026-05-07 18:00,8.83,13.83,7.0,0.0,6.17,9.83,8.5,10.83,53.0,5.67,17.5,16.0,18.67,7.17,12.0,14.17,12.5,15.33,14.0,,,,,,
2026-05-07 19:00,0.0,0.0,0.0,0.0,0.0,0.0,0.0,0.0,,0.0,0.0,0.0,0.0,0.0,0.0,0.0,0.0,0.0,0.0,,,,,,
2026-05-07 20:00,0.0,0.0,0.0,0.0,0.0,0.0,0.0,0.0,,0.0,0.0,0.0,0.0,0.0,0.0,0.0,0.0,0.0,0.0,,,,,,
2026-05-07 21:00,0.0,0.0,0.0,0.0,0.0,0.0,0.0,0.0,,0.0,0.0,0.0,0.0,0.0,0.0,0.0,0.0,0.0,0.0,,,,,,
2026-05-07 22:00,0.0,0.0,0.0,0.0,0.0,0.0,0.0,0.0,,0.0,0.0,0.0,0.0,0.0,0.0,0.0,0.0,0.0,0.0,,,,,,
2026-05-07 23:00,0.0,0.0,0.0,0.0,0.0,0.0,0.0,0.0,,0.0,0.0,0.0,0.0,0.0,0.0,0.0,0.0,0.0,0.0,,,,,,
2026-05-08 00:00,0.0,0.0,0.0,0.0,0.0,0.0,0.0,0.0,,0.0,0.0,0.0,0.0,0.0,0.0,0.0,0.0,0.0,0.0,,,,,,
2026-05-08 01:00,0.0,0.0,0.0,0.0,0.0,0.0,0.0,0.0,,0.0,0.0,0.0,0.0,0.0,0.0,0.0,0.0,0.0,0.0,,,,,,
2026-05-08 02:00,0.0,0.0,0.0,0.0,0.0,0.0,0.0,0.0,,0.0,0.0,0.0,0.0,0.0,0.0,0.0,0.0,0.0,0.0,,,,,,
2026-05-08 03:00,0.0,0.0,0.0,0.0,0.0,0.0,0.0,0.0,,0.0,0.0,0.0,0.0,0.0,0.0,0.0,0.0,0.0,0.0,,,,,,
2026-05-08 04:00,0.33,0.83,0.5,0.0,0.17,0.0,0.17,0.0,,0.0,0.5,0.17,0.33,0.0,0.0,0.83,0.67,0.5,0.0,,,,,,
2026-05-08 05:00,52.33,79.83,34.67,63.0,31.5,47.83,66.17,55.33,,44.67,50.0,32.0,35.83,29.5,61.5,65.17,73.5,62.5,46.83,,,,,,
2026-05-08 06:00,236.83,287.83,253.67,254.67,230.83,236.83,269.67,177.17,373.0,237.83,268.83,197.17,177.17,220.33,262.33,259.83,279.17,255.17,230.5,,,,,,
2026-05-08 07:00,452.67,512.67,473.17,483.0,455.33,464.5,360.33,443.17,482.83,447.17,495.5,495.33,476.67,454.0,468.5,478.33,502.33,481.5,313.33,,,,,,
2026-05-08 08:00,654.67,715.33,682.67,683.17,652.5,671.67,666.83,668.0,686.83,625.17,700.83,707.67,745.83,628.17,663.5,681.67,704.0,681.5,719.0,,,,,,
2026-05-08 09:00,835.17,886.5,841.83,847.5,806.33,832.5,864.67,840.17,852.67,779.33,865.17,843.0,874.5,826.17,813.5,836.5,859.5,836.67,863.33,,,,,,
2026-05-08 10:00,936.5,1001.17,942.33,962.67,895.67,919.83,852.67,954.5,965.17,891.33,959.0,947.33,1024.17,920.33,910.83,944.5,957.0,943.33,986.0,,,,,,
2026-05-08 11:00,948.83,1045.83,989.5,1006.0,938.17,972.83,1005.67,1004.5,1011.83,943.33,996.0,989.17,1040.67,998.5,953.17,1000.67,999.67,987.33,1042.17,,,,,,
2026-05-08 12:00,936.67,1018.0,977.0,984.5,938.33,982.5,970.67,979.83,998.83,934.83,985.0,964.83,1054.83,983.67,943.5,979.67,986.17,970.83,1027.0,,,,,,
2026-05-08 13:00,893.17,928.17,897.33,891.67,864.67,919.33,913.0,932.17,911.0,889.83,908.5,880.83,967.33,903.33,868.33,897.67,893.83,890.17,941.83,,,,,,
2026-05-08 14:00,753.5,784.5,755.17,768.6,727.67,781.67,774.83,798.0,780.83,761.5,775.0,766.33,822.5,766.33,736.17,762.5,764.0,747.33,784.83,,,,,,
2026-05-08 15:00,556.83,592.5,568.0,,542.33,585.5,586.17,602.17,585.5,578.17,593.33,593.0,660.5,566.5,566.67,551.5,582.83,540.5,595.33,,,,,,
2026-05-08 16:00,336.67,374.5,347.17,,338.67,369.5,373.33,364.5,365.83,356.0,363.33,357.5,406.67,362.33,361.33,359.83,351.83,349.0,372.33,,,,,,
2026-05-08 17:00,121.83,150.67,98.5,,99.5,143.0,156.0,131.0,121.5,84.67,157.67,148.67,170.0,131.5,129.17,144.5,139.5,139.67,145.0,,,,,,
2026-05-08 18:00,12.33,8.83,10.83,0.0,7.33,10.33,10.67,10.17,31.0,6.17,13.17,10.67,15.67,9.67,10.17,15.33,10.17,13.67,8.0,,,,,,
2026-05-08 19:00,0.0,0.0,0.0,0.0,0.0,0.0,0.0,0.0,,0.0,0.0,0.0,0.0,0.0,0.0,0.0,0.0,0.0,0.0,,,,,,
2026-05-08 20:00,0.0,0.0,0.0,0.0,0.0,0.0,0.0,0.0,,0.0,0.0,0.0,0.0,0.0,0.0,0.0,0.0,0.0,0.0,,,,,,
2026-05-08 21:00,0.0,0.0,0.0,0.0,0.0,0.0,0.0,0.0,,0.0,0.0,0.0,0.0,0.0,0.0,0.0,0.0,0.0,0.0,,,,,,
2026-05-08 22:00,0.0,0.0,0.0,0.0,0.0,0.0,0.0,0.0,,0.0,0.0,0.0,0.0,0.0,0.0,0.0,0.0,0.0,0.0,,,,,,
2026-05-08 23:00,0.0,0.0,0.0,0.0,0.0,0.0,0.0,0.0,,0.0,0.0,0.0,0.0,0.0,0.0,0.0,0.0,0.0,0.0,,,,,,
2026-05-09 00:00,0.0,0.0,0.0,0.0,0.0,0.0,0.0,0.0,,0.0,0.0,0.0,0.0,0.0,0.0,0.0,0.0,0.0,0.0,,,,,,
2026-05-09 01:00,0.0,0.0,0.0,0.0,0.0,0.0,0.0,0.0,,0.0,0.0,0.0,0.0,0.0,0.0,0.0,0.0,0.0,0.0,,,,,,
2026-05-09 02:00,0.0,0.0,0.0,0.0,0.0,0.0,0.0,0.0,,0.0,0.0,0.0,0.17,0.0,0.0,0.0,0.0,0.0,0.0,,,,,,
2026-05-09 03:00,0.0,0.0,0.0,0.0,0.0,0.0,0.0,0.0,,0.0,0.0,0.0,0.33,0.0,0.0,0.0,0.0,0.0,0.0,,,,,,
2026-05-09 04:00,0.5,0.33,0.33,0.0,0.17,0.0,0.0,0.0,,0.0,0.33,0.17,1.33,0.0,0.0,0.83,0.33,0.5,0.0,,,,,,
2026-05-09 05:00,45.5,63.33,40.0,46.17,36.33,45.0,38.17,36.0,,43.17,44.67,22.83,27.17,29.5,49.33,54.67,50.83,42.0,24.67,,,,,,
2026-05-09 06:00,203.5,240.83,202.67,223.33,207.33,222.17,224.67,179.0,382.0,215.33,221.33,188.83,221.0,152.33,228.67,224.5,230.5,224.0,158.67,,,,,,
2026-05-09 07:00,419.17,438.67,419.33,449.5,421.0,443.17,451.83,415.33,428.17,426.0,442.17,368.0,317.17,419.67,440.5,448.0,456.83,441.17,332.17,,,,,,
2026-05-09 08:00,618.33,653.17,623.17,648.17,617.5,655.17,651.33,632.17,638.0,603.67,652.33,645.5,701.0,614.33,611.5,645.67,654.33,641.17,640.0,,,,,,
2026-05-09 09:00,794.33,816.0,783.0,695.5,741.5,813.83,818.17,809.83,806.5,755.0,804.0,807.17,859.5,727.0,683.67,805.33,810.67,803.67,801.67,,,,,,
2026-05-09 10:00,900.83,920.83,898.33,895.83,765.0,876.83,934.0,914.17,941.0,833.5,923.83,901.17,989.0,782.0,839.5,916.33,916.67,918.33,954.17,,,,,,
2026-05-09 11:00,916.17,999.33,955.17,825.0,806.0,924.0,985.17,1007.5,987.67,825.67,971.83,968.67,977.83,674.67,767.67,971.67,964.0,971.17,1025.0,,,,,,
2026-05-09 12:00,901.67,965.17,935.5,849.83,651.17,941.67,970.0,965.67,963.0,819.33,967.17,978.5,1083.17,568.67,784.0,963.83,944.5,951.33,848.0,,,,,,
2026-05-09 13:00,855.83,818.0,854.0,846.17,633.67,910.33,890.5,894.17,882.33,864.0,902.67,856.0,942.5,883.83,841.83,877.67,867.67,865.67,754.67,,,,,,
2026-05-09 14:00,717.33,757.17,715.33,751.4,696.67,672.33,763.67,699.33,719.17,716.83,767.5,713.83,811.67,760.83,713.0,742.83,725.83,730.33,678.5,,,,,,
2026-05-09 15:00,530.33,573.17,535.83,,514.33,323.17,581.0,483.67,466.17,467.33,581.17,570.33,636.5,566.0,551.0,552.67,563.0,546.17,452.67,,,,,,
2026-05-09 16:00,319.0,352.5,326.17,,322.67,160.67,369.5,298.33,296.67,196.33,365.0,356.83,415.67,368.17,345.67,348.67,350.67,337.0,175.33,,,,,,
2026-05-09 17:00,121.0,142.67,95.0,,112.67,79.33,149.83,158.0,138.0,71.67,154.17,152.83,166.33,160.33,136.17,137.17,141.83,132.83,97.0,,,,,,
2026-05-09 18:00,9.67,12.33,9.17,0.0,13.67,3.5,11.0,14.83,42.33,4.67,15.83,24.0,26.33,13.17,18.17,15.0,12.17,13.17,13.83,,,,,,
2026-05-09 19:00,0.0,0.0,0.0,0.0,0.0,0.0,0.0,0.0,,0.0,0.0,0.0,0.0,0.0,0.0,0.0,0.0,0.0,0.0,,,,,,
2026-05-09 20:00,0.0,0.0,0.0,0.0,0.0,0.0,0.0,0.0,,0.0,0.0,0.0,0.0,0.0,0.0,0.0,0.0,0.0,0.0,,,,,,
2026-05-09 21:00,0.0,0.0,0.0,0.0,0.0,0.0,0.0,0.0,,0.0,0.0,0.0,0.0,0.0,0.0,0.0,0.0,0.0,0.0,,,,,,
2026-05-09 22:00,0.0,0.0,0.0,0.0,0.0,0.0,0.0,0.0,,0.0,0.0,0.0,0.0,0.0,0.0,0.0,0.0,0.0,0.0,,,,,,
2026-05-09 23:00,0.0,0.0,0.0,0.0,0.0,0.0,0.0,0.0,,0.0,0.0,0.0,0.0,0.0,0.0,0.0,0.0,0.0,0.0,,,,,,
2026-05-10 00:00,0.0,0.33,0.0,0.0,0.0,0.0,0.0,0.0,,0.0,0.0,0.0,0.0,0.0,0.0,0.0,0.0,0.0,0.0,,,,,,
2026-05-10 01:00,0.0,0.0,0.0,0.0,0.0,0.0,0.0,0.0,,0.0,0.0,0.0,0.0,0.0,0.0,0.0,0.0,0.0,0.0,,,,,,
2026-05-10 02:00,0.0,0.0,0.0,0.0,0.0,0.0,0.0,0.0,,0.0,0.0,0.0,0.0,0.0,0.0,0.0,0.0,0.0,0.0,,,,,,
2026-05-10 03:00,0.0,0.0,0.0,0.0,0.0,0.0,0.0,0.0,,0.0,0.0,0.0,0.0,0.0,0.0,0.0,0.0,0.0,0.0,,,,,,
2026-05-10 04:00,0.33,0.5,0.33,0.0,0.17,0.0,0.33,0.0,,0.0,0.67,0.17,0.33,0.0,0.0,0.67,0.67,0.5,0.0,,,,,,
2026-05-10 05:00,53.33,80.83,34.67,65.5,28.0,35.33,70.83,55.0,,23.67,58.5,52.67,65.67,59.0,64.33,70.83,72.5,71.17,29.17,,,,,,
2026-05-10 06:00,240.67,275.17,256.17,260.83,244.67,203.5,260.17,229.83,379.0,225.0,231.17,260.17,276.17,252.83,265.5,274.17,272.17,266.83,248.33,,,,,,
2026-05-10 07:00,453.83,476.17,470.17,500.5,474.33,408.67,478.17,481.67,486.0,414.17,474.17,468.33,520.33,466.33,484.33,494.17,489.17,487.5,485.83,,,,,,
2026-05-10 08:00,660.0,696.67,671.83,711.5,672.17,662.67,684.83,667.67,699.5,551.17,684.83,679.67,731.67,667.5,685.0,694.0,694.83,689.0,474.5,,,,,,
2026-05-10 09:00,844.17,871.67,821.5,882.5,828.67,776.5,847.33,848.0,868.5,497.67,846.5,853.0,874.0,830.17,839.33,853.0,864.0,843.5,818.67,,,,,,
2026-05-10 10:00,941.0,973.33,936.5,990.17,915.5,840.0,960.83,949.17,955.67,641.17,948.67,969.67,1055.83,950.17,937.33,964.33,972.67,955.0,1049.33,,,,,,
2026-05-10 11:00,949.0,1044.5,988.67,1025.33,954.67,738.33,1010.17,1009.83,1032.0,826.17,1003.17,1024.5,1020.83,1002.33,978.33,1019.67,1017.33,1009.67,962.17,,,,,,
2026-05-10 12:00,936.0,1016.0,983.25,999.75,952.0,676.25,997.0,949.0,893.0,856.75,991.25,1003.25,1014.5,992.0,950.25,1008.25,993.75,1007.0,1089.5,,,,,,
2026-05-10 13:00,890.33,861.67,896.17,922.0,873.67,789.5,916.67,852.33,822.17,821.5,915.83,934.33,949.83,922.17,887.83,925.17,913.5,917.5,965.83,,,,,,
2026-05-10 14:00,752.5,795.33,756.5,792.67,744.83,780.33,778.17,792.33,742.5,733.67,777.33,812.0,803.17,782.67,772.0,804.83,783.17,767.33,790.83,,,,,,
2026-05-10 15:00,567.5,605.67,580.5,,558.0,577.33,599.0,576.67,616.17,551.67,597.0,620.17,663.0,581.0,594.33,609.33,600.83,581.0,454.5,,,,,,
2026-05-10 16:00,346.17,380.33,362.33,,343.17,279.17,383.5,423.0,375.67,299.83,382.33,388.0,437.5,379.5,382.33,376.67,381.83,359.0,405.67,,,,,,
2026-05-10 17:00,132.0,157.17,101.83,,120.83,96.0,155.33,176.33,179.67,97.0,163.5,169.0,188.83,162.5,161.33,148.5,155.33,142.5,228.17,,,,,,
2026-05-10 18:00,10.17,14.5,10.0,0.0,10.67,5.5,9.0,17.17,38.67,6.0,13.5,16.67,19.17,11.5,12.0,14.67,11.83,14.0,26.0,,,,,,
2026-05-10 19:00,0.0,0.0,0.0,0.0,0.0,0.0,0.0,0.0,,0.0,0.0,0.0,0.0,0.0,0.0,0.0,0.0,0.0,0.0,,,,,,
2026-05-10 20:00,0.0,0.0,0.0,0.0,0.0,0.0,0.0,0.0,,0.0,0.0,0.0,0.0,0.0,0.0,0.0,0.0,0.0,0.0,,,,,,
2026-05-10 21:00,0.0,0.0,0.0,0.0,0.0,0.0,0.0,0.0,,0.0,0.0,0.0,0.0,0.0,0.0,0.0,0.0,0.0,0.0,,,,,,
2026-05-10 22:00,0.0,0.0,0.0,0.0,0.0,0.0,0.0,0.0,,0.0,0.0,0.0,0.0,0.0,0.0,0.0,0.0,0.0,0.0,,,,,,
2026-05-10 23:00,0.0,0.0,0.0,0.0,0.0,0.0,0.0,0.0,,0.0,0.0,0.0,0.0,0.0,0.0,0.0,0.0,0.0,0.0,,,,,,
2026-05-11 00:00,0.0,0.0,0.0,0.0,0.0,0.0,0.0,0.0,,0.0,0.0,0.0,0.5,0.0,0.0,0.0,0.0,0.0,0.0,,,,,,
2026-05-11 01:00,0.0,0.0,0.0,0.0,0.0,0.0,0.0,0.0,,0.0,0.0,0.0,0.83,0.0,0.0,0.0,0.0,0.0,0.0,,,,,,
2026-05-11 02:00,0.0,0.0,0.0,0.0,0.0,0.0,0.0,0.0,,0.0,0.0,0.0,0.33,0.0,0.0,0.0,0.0,0.0,0.0,,,,,,
2026-05-11 03:00,0.0,0.0,0.0,0.0,0.0,0.0,0.0,0.0,,0.0,0.0,0.0,0.83,0.0,0.0,0.0,0.0,0.0,0.0,,,,,,
2026-05-11 04:00,0.5,1.0,0.5,0.0,0.5,0.0,0.33,0.0,,0.0,0.67,0.17,0.33,0.67,0.0,1.17,0.67,0.5,0.0,,,,,,
2026-05-11 05:00,54.67,84.33,38.17,62.83,35.17,50.67,69.5,57.67,,43.67,58.17,56.0,63.17,32.83,65.5,64.0,74.5,60.5,63.67,,,,,,
2026-05-11 06:00,236.33,276.5,243.0,261.17,245.5,244.5,269.5,249.67,382.0,231.33,286.0,247.5,274.33,186.33,268.0,262.0,272.67,261.5,266.83,,,,,,
2026-05-11 07:00,449.33,474.33,458.83,502.5,477.17,471.5,490.67,500.67,492.33,442.83,495.83,480.5,523.0,472.0,486.33,479.67,487.33,482.83,498.67,,,,,,
2026-05-11 08:00,650.17,682.83,659.33,712.83,675.17,682.17,695.0,697.5,695.67,623.67,700.5,690.17,749.0,678.83,682.83,682.17,687.17,685.17,714.33,,,,,,
2026-05-11 09:00,825.83,850.0,829.83,884.33,826.17,834.33,854.5,873.67,863.0,775.83,858.33,867.33,945.67,836.67,843.17,841.83,846.17,845.0,888.5,,,,,,
2026-05-11 10:00,936.0,962.83,947.17,985.17,917.5,918.67,970.67,985.83,977.83,886.33,960.0,989.5,1065.33,948.0,958.0,953.83,957.83,952.83,1007.33,,,,,,
2026-05-11 11:00,945.5,1035.5,1011.17,1028.0,950.17,973.5,1019.67,1021.0,1027.33,940.5,1006.0,1016.67,1034.67,1003.67,996.0,992.67,1001.33,998.0,1066.83,,,,,,
2026-05-11 12:00,935.33,1005.67,997.33,999.5,948.17,983.33,998.67,1008.0,994.0,930.5,1002.0,994.83,1034.0,1001.17,968.83,968.67,988.67,989.17,1052.5,,,,,,
2026-05-11 13:00,900.0,860.0,919.17,908.33,868.0,921.83,916.0,941.33,899.67,883.33,920.0,918.0,971.0,927.67,892.83,900.83,907.83,920.83,964.5,,,,,,
2026-05-11 14:00,775.33,802.83,777.17,777.17,737.0,786.67,782.5,809.33,793.67,762.17,784.5,791.67,826.83,787.0,769.33,788.5,764.83,778.5,811.0,,,,,,
2026-05-11 15:00,581.5,611.67,596.0,,569.83,610.0,598.33,610.33,607.5,585.67,602.67,601.33,669.0,585.33,585.33,608.0,586.0,590.33,616.5,,,,,,
2026-05-11 16:00,364.67,382.67,369.67,,363.83,384.5,378.5,373.17,373.83,358.67,381.0,380.67,427.17,380.83,371.83,387.17,377.67,351.0,393.83,,,,,,
2026-05-11 17:00,136.5,154.0,109.5,,131.83,151.33,155.5,175.5,147.5,66.33,169.83,173.17,184.17,162.5,155.67,152.67,147.33,144.33,157.33,,,,,,
2026-05-11 18:00,12.0,14.33,10.5,0.0,11.33,10.0,9.33,15.83,61.0,5.5,9.67,16.33,18.33,13.0,17.0,15.0,12.67,13.67,16.67,,,,,,
2026-05-11 19:00,0.0,0.0,0.0,0.0,0.0,0.0,0.0,0.0,,0.0,0.0,0.0,0.0,0.0,0.0,0.0,0.0,0.0,0.0,,,,,,
2026-05-11 20:00,0.0,0.0,0.0,0.0,0.0,0.0,0.0,0.0,,0.0,0.0,0.0,0.0,0.0,0.0,0.0,0.0,0.0,0.0,,,,,,
2026-05-11 21:00,0.0,0.0,0.0,0.0,0.0,0.0,0.0,0.0,,0.0,0.0,0.0,0.0,0.0,0.0,0.0,0.0,0.0,0.0,,,,,,
2026-05-11 22:00,0.0,0.0,0.0,0.0,0.0,0.0,0.0,0.0,,0.0,0.0,0.0,0.0,0.0,0.0,0.0,0.0,0.0,0.0,,,,,,
2026-05-11 23:00,0.0,0.0,0.0,0.0,0.0,0.0,0.0,0.0,,0.0,0.0,0.0,0.0,0.0,0.0,0.0,0.0,0.0,0.0,,,,,,
2026-05-12 00:00,0.0,0.0,0.0,0.0,0.0,0.0,0.0,0.0,,0.0,0.0,0.0,0.0,0.0,0.0,0.0,0.0,0.0,0.0,,,,,,
2026-05-12 01:00,0.0,0.0,0.0,0.0,0.0,0.0,0.0,0.0,,0.0,0.0,0.0,0.0,0.0,0.0,0.0,0.0,0.0,0.0,,,,,,
2026-05-12 02:00,0.0,0.0,0.0,0.0,0.0,0.0,0.0,0.0,,0.0,0.0,0.0,0.0,0.0,0.0,0.0,0.0,0.0,0.0,,,,,,
2026-05-12 03:00,0.0,0.0,0.0,0.0,0.0,0.0,0.0,0.0,,0.0,0.0,0.0,0.0,0.0,0.0,0.0,0.0,0.0,0.0,,,,,,
2026-05-12 04:00,0.5,1.0,0.33,0.0,0.5,0.0,0.33,0.0,,0.0,0.33,0.17,0.33,0.33,0.0,0.83,1.0,0.5,0.0,,,,,,
2026-05-12 05:00,46.5,64.83,42.67,49.33,37.0,55.17,60.5,46.0,,50.83,53.83,43.67,64.17,60.0,51.17,62.33,60.5,60.0,47.5,,,,,,
2026-05-12 06:00,204.67,195.33,211.17,224.83,209.33,247.17,222.17,206.0,370.0,238.17,208.33,194.5,223.0,211.67,212.67,204.33,220.33,194.83,221.5,,,,,,
2026-05-12 07:00,428.0,396.83,428.17,372.0,358.0,445.0,372.67,438.83,444.83,443.33,395.33,422.5,455.17,374.5,400.33,431.83,405.83,444.5,413.17,,,,,,
2026-05-12 08:00,577.5,625.83,431.67,493.5,493.5,670.83,470.17,598.67,597.0,624.33,499.17,562.83,619.67,540.83,490.17,505.0,588.17,533.0,654.83,,,,,,
2026-05-12 09:00,583.33,598.33,574.67,631.17,685.17,829.5,685.5,686.5,630.83,778.83,691.0,733.5,733.5,693.0,632.33,646.67,675.17,648.0,746.83,,,,,,
2026-05-12 10:00,731.33,820.33,758.0,836.17,813.33,907.5,865.67,771.0,759.33,879.67,882.67,687.5,839.17,864.0,816.33,831.83,745.67,846.0,723.67,,,,,,
2026-05-12 11:00,864.17,877.5,823.67,922.67,862.33,851.83,898.33,773.67,691.33,861.33,903.5,806.83,911.5,900.17,908.17,887.0,922.5,877.17,840.83,,,,,,
2026-05-12 12:00,888.67,921.67,951.17,917.33,874.67,751.0,956.33,980.5,932.33,900.5,962.67,957.0,982.5,909.83,891.33,955.0,942.67,948.17,890.17,,,,,,
2026-05-12 13:00,827.0,829.0,837.0,881.5,872.33,820.0,881.83,903.67,897.0,837.33,872.0,893.33,925.33,885.33,867.33,846.67,879.83,849.33,916.83,,,,,,
2026-05-12 14:00,746.17,767.5,734.83,739.17,724.67,704.5,743.33,770.5,769.83,568.0,748.5,742.83,805.5,750.83,734.67,761.33,752.5,738.5,778.83,,,,,,
2026-05-12 15:00,543.67,585.67,552.17,,538.5,539.83,567.83,576.67,582.83,482.67,573.17,568.33,633.83,555.83,557.17,570.33,568.17,550.67,596.17,,,,,,
2026-05-12 16:00,331.0,359.0,339.17,,330.33,326.0,360.0,367.5,353.67,278.67,362.83,359.67,399.5,358.67,349.33,355.17,353.67,333.5,374.67,,,,,,
2026-05-12 17:00,128.0,146.5,107.0,,118.83,125.5,149.5,148.83,143.33,89.17,154.0,142.5,161.83,146.0,138.67,137.5,145.0,130.5,150.67,,,,,,
2026-05-12 18:00,11.83,14.17,11.17,0.0,8.83,9.67,13.0,15.17,45.0,8.17,15.5,13.83,16.33,14.0,10.5,14.17,13.33,13.0,12.67,,,,,,
2026-05-12 19:00,0.0,0.0,0.0,0.0,0.0,0.0,0.0,0.0,,0.0,0.0,0.0,0.0,0.0,0.0,0.0,0.0,0.0,0.0,,,,,,
2026-05-12 20:00,0.0,0.0,0.0,0.0,0.0,0.0,0.0,0.0,,0.0,0.0,0.0,0.0,0.0,0.0,0.0,0.0,0.0,0.0,,,,,,
2026-05-12 21:00,0.0,0.0,0.0,0.0,0.0,0.0,0.0,0.0,,0.0,0.0,0.0,0.0,0.0,0.0,0.0,0.0,0.0,0.0,,,,,,
2026-05-12 22:00,0.0,0.0,0.0,0.0,0.0,0.0,0.0,0.0,,0.0,0.0,0.0,0.0,0.0,0.0,0.0,0.0,0.0,0.0,,,,,,
2026-05-12 23:00,0.0,0.0,0.0,0.0,0.0,0.0,0.0,0.0,,0.0,0.0,0.0,0.0,0.0,0.0,0.0,0.0,0.0,0.0,,,,,,
2026-05-13 00:00,0.0,0.0,0.0,0.0,0.0,0.0,0.0,0.0,,0.0,0.0,0.0,0.0,0.0,0.0,0.0,0.0,0.0,0.0,,,,,,
2026-05-13 01:00,0.0,0.0,0.0,0.0,0.0,0.0,0.0,0.0,,0.0,0.0,0.0,0.0,0.0,0.0,0.0,0.0,0.0,0.0,,,,,,
2026-05-13 02:00,0.0,0.0,0.0,0.0,0.0,0.0,0.0,0.0,,0.0,0.0,0.0,0.5,0.0,0.0,0.0,0.0,0.0,0.0,,,,,,
2026-05-13 03:00,0.0,0.0,0.0,0.0,0.0,0.0,0.0,0.0,,0.0,0.0,0.0,0.67,0.0,0.0,0.0,0.0,0.0,0.0,,,,,,
2026-05-13 04:00,0.5,1.0,0.67,0.0,0.33,0.0,0.5,0.0,,0.0,0.5,0.5,0.83,0.33,0.0,1.0,0.83,0.5,0.0,,,,,,
2026-05-13 05:00,36.67,41.33,30.0,69.0,41.33,41.5,50.67,29.83,,39.67,42.67,66.5,76.0,57.83,52.5,38.0,46.83,28.83,57.67,,,,,,
2026-05-13 06:00,165.0,252.83,131.0,289.33,228.83,209.67,258.83,199.67,383.0,192.0,183.5,229.33,270.33,260.83,289.17,199.67,129.5,140.0,228.83,,,,,,
2026-05-13 07:00,357.5,428.17,385.83,504.33,455.83,429.67,507.17,486.5,488.17,398.33,380.0,482.17,508.0,490.0,497.33,480.83,335.33,352.17,481.17,,,,,,
2026-05-13 08:00,566.67,664.0,615.33,711.0,658.67,653.5,721.5,687.17,693.0,586.67,599.33,685.5,733.0,676.17,693.17,664.0,572.17,594.5,707.5,,,,,,
2026-05-13 09:00,786.67,829.5,829.0,872.83,806.17,831.5,857.0,851.67,853.0,746.5,838.67,856.83,929.33,837.17,850.33,826.83,805.17,824.33,880.67,,,,,,
2026-05-13 10:00,920.67,932.17,945.5,975.5,894.17,880.5,978.83,964.0,967.33,882.5,969.33,963.5,1047.33,951.33,949.0,928.17,952.17,933.17,1003.5,,,,,,
2026-05-13 11:00,940.67,1007.0,1000.5,1015.33,921.17,946.67,1014.0,1014.0,1015.67,913.33,983.83,992.83,1033.67,1011.0,987.67,965.5,998.5,985.5,1056.0,,,,,,
2026-05-13 12:00,918.5,986.83,858.83,999.5,923.0,996.0,946.83,1012.0,1004.5,921.83,852.67,992.67,1046.5,997.0,966.33,864.33,996.5,916.83,1044.17,,,,,,
2026-05-13 13:00,892.67,870.33,903.0,910.0,890.5,917.67,935.0,946.67,922.0,799.83,925.67,924.33,1008.33,925.83,894.33,894.0,920.67,913.33,965.5,,,,,,
2026-05-13 14:00,772.17,778.0,778.83,780.33,752.0,819.67,805.67,804.0,794.5,808.17,795.67,734.17,826.33,792.33,770.5,785.67,784.17,781.67,821.5,,,,,,
2026-05-13 15:00,573.0,606.0,569.0,,567.33,610.33,618.17,621.33,513.83,579.33,602.5,589.0,671.17,594.0,597.67,616.33,564.5,588.17,626.17,,,,,,
2026-05-13 16:00,345.83,393.83,340.67,,356.83,372.5,344.83,411.33,396.5,355.0,331.33,372.5,353.83,332.17,375.67,350.33,369.0,324.5,406.17,,,,,,
2026-05-13 17:00,127.17,164.5,108.67,,107.33,114.83,138.33,169.33,168.83,81.33,126.4,177.5,189.67,139.5,128.67,129.33,151.83,121.0,172.0,,,,,,
2026-05-13 18:00,9.0,14.67,9.83,0.0,11.83,11.0,9.67,18.0,,6.17,11.83,13.33,13.5,11.5,9.5,11.83,8.83,11.0,10.5,,,,,,
2026-05-13 19:00,0.0,0.0,0.0,0.0,0.0,0.0,0.0,0.0,,0.0,0.0,0.0,0.0,0.0,0.0,0.0,0.0,0.0,0.0,,,,,,
2026-05-13 20:00,0.0,0.0,0.0,0.0,0.0,0.0,0.0,0.0,,0.0,0.0,0.0,0.0,0.0,0.0,0.0,0.0,0.0,0.0,,,,,,
2026-05-13 21:00,0.0,0.0,0.0,0.0,0.0,0.0,0.0,0.0,,0.0,0.0,0.0,0.0,0.0,0.0,0.0,0.0,0.0,0.0,,,,,,
2026-05-13 22:00,0.0,0.0,0.0,0.0,0.0,0.0,0.0,0.0,,0.0,0.0,0.0,0.0,0.0,0.0,0.0,0.0,0.0,0.0,,,,,,
2026-05-13 23:00,0.0,0.0,0.0,0.0,0.0,0.0,0.0,0.0,,0.0,0.0,0.0,0.0,0.0,0.0,0.0,0.0,0.0,0.0,,,,,,
2026-05-14 00:00,0.0,0.0,0.0,0.0,0.0,0.0,0.0,0.0,,0.0,0.0,0.0,0.0,0.0,0.0,0.0,0.0,0.0,0.0,,,,,,
2026-05-14 01:00,0.0,0.0,0.0,0.0,0.0,0.0,0.0,0.0,,0.0,0.0,0.0,0.0,0.0,0.0,0.0,0.0,0.0,0.0,,,,,,
2026-05-14 02:00,0.0,0.17,0.0,0.0,0.0,0.0,0.0,0.0,,0.0,0.0,0.0,0.0,0.0,0.0,0.0,0.0,0.0,0.0,,,,,,
2026-05-14 03:00,0.0,0.0,0.0,0.0,0.0,0.0,0.0,0.0,,0.0,0.0,0.0,0.0,0.0,0.0,0.0,0.0,0.0,0.0,,,,,,
2026-05-14 04:00,0.67,0.33,0.83,0.0,0.67,0.0,0.5,0.0,,0.17,0.67,0.17,0.5,0.67,0.33,1.0,0.83,0.67,0.0,,,,,,
2026-05-14 05:00,60.67,79.67,46.17,58.83,43.5,65.83,65.67,55.33,,56.17,58.5,59.33,65.5,58.5,61.83,69.5,76.67,65.83,59.0,,,,,,
2026-05-14 06:00,232.83,262.0,237.33,241.67,225.67,243.33,256.33,231.17,358.0,240.33,254.83,240.67,260.83,243.0,249.33,245.17,267.33,246.83,250.5,,,,,,
2026-05-14 07:00,451.33,434.67,449.17,455.33,443.33,472.17,397.67,448.83,468.83,452.0,510.5,456.0,492.83,451.83,461.5,463.67,501.0,460.17,473.83,,,,,,
2026-05-14 08:00,613.33,652.5,568.33,662.83,658.5,672.83,669.0,664.0,643.67,627.17,667.83,662.67,719.0,659.67,661.67,662.83,677.33,659.0,662.0,,,,,,
2026-05-14 09:00,808.83,811.67,799.5,833.0,828.17,822.17,823.5,837.17,827.83,771.17,830.33,836.17,919.5,816.5,818.83,825.0,819.33,804.33,847.0,,,,,,
2026-05-14 10:00,921.33,939.0,938.5,941.33,935.67,899.33,918.67,955.17,946.0,875.0,937.67,952.5,1030.67,936.67,916.0,935.5,959.5,928.0,972.5,,,,,,
2026-05-14 11:00,855.0,1049.5,989.83,952.33,872.33,947.17,971.0,1016.33,1000.17,899.67,991.0,919.83,944.33,974.5,896.83,997.83,1032.17,969.67,1029.5,,,,,,
2026-05-14 12:00,915.17,913.33,838.5,832.5,857.83,951.83,753.67,787.17,986.33,903.0,766.33,756.0,842.0,914.33,722.0,917.67,944.0,904.83,955.67,,,,,,
2026-05-14 13:00,587.17,731.0,519.67,849.0,914.0,891.5,689.5,917.5,783.5,866.67,586.33,866.33,876.67,915.0,883.83,761.83,682.83,539.83,714.83,,,,,,
2026-05-14 14:00,744.5,764.83,747.17,,745.67,759.83,793.17,765.33,726.67,742.83,779.67,690.67,771.67,764.83,711.0,754.83,750.17,773.67,648.5,,,,,,
2026-05-14 15:00,568.83,581.5,573.33,,564.33,584.67,540.5,596.33,605.5,563.17,598.17,583.17,596.17,575.17,482.17,597.67,587.17,577.67,515.5,,,,,,
2026-05-14 16:00,347.33,85.17,360.17,,341.67,329.83,218.0,385.67,404.67,334.67,279.33,381.83,423.17,368.83,370.33,411.17,239.83,210.83,320.83,,,,,,
2026-05-14 17:00,107.33,38.17,65.83,,131.5,151.67,92.67,162.0,153.83,82.33,74.67,157.5,178.17,155.83,151.83,141.17,119.67,112.0,170.0,,,,,,
2026-05-14 18:00,11.0,3.67,10.33,0.0,10.67,8.33,9.33,14.17,51.0,6.67,10.5,12.33,13.33,11.33,12.0,9.5,8.5,6.5,14.5,,,,,,
2026-05-14 19:00,0.0,0.0,0.0,0.0,0.0,0.0,0.0,0.0,,0.0,0.0,0.0,0.0,0.0,0.0,0.0,0.0,0.0,0.0,,,,,,
2026-05-14 20:00,0.0,0.0,0.0,0.0,0.0,0.0,0.0,0.0,,0.0,0.0,0.0,0.0,0.0,0.0,0.0,0.0,0.0,0.0,,,,,,
2026-05-14 21:00,0.0,0.0,0.0,0.0,0.0,0.0,0.0,0.0,,0.0,0.0,0.0,0.0,0.0,0.0,0.0,0.0,0.0,0.0,,,,,,
2026-05-14 22:00,0.0,0.0,0.0,0.0,0.0,0.0,0.0,0.0,,0.0,0.0,0.0,0.0,0.0,0.0,0.0,0.0,0.0,0.0,,,,,,
2026-05-14 23:00,0.0,0.0,0.0,0.0,0.0,0.0,0.0,0.0,,0.0,0.0,0.0,0.0,0.0,0.0,0.0,0.0,0.0,0.0,,,,,,
2026-05-15 00:00,0.0,0.0,0.0,0.0,0.0,0.0,0.0,0.0,,0.0,0.0,0.0,0.0,0.17,0.0,0.0,0.0,0.0,0.0,,,,,,
2026-05-15 01:00,0.0,0.0,0.0,0.0,0.0,0.0,0.0,0.0,,0.0,0.0,0.0,0.0,0.0,0.0,0.0,0.0,0.0,0.0,,,,,,
2026-05-15 02:00,0.0,0.0,0.0,0.0,0.0,0.0,0.0,0.0,,0.0,0.0,0.0,0.0,0.0,0.0,0.0,0.0,0.0,0.0,,,,,,
2026-05-15 03:00,0.0,0.0,0.0,0.0,0.0,0.0,0.0,0.0,,0.0,0.0,0.0,0.0,0.0,0.0,0.0,0.0,0.0,0.0,,,,,,
2026-05-15 04:00,0.5,0.67,0.33,0.0,0.83,0.67,0.33,1.17,,0.17,0.5,1.0,1.17,1.0,1.0,0.83,0.67,0.67,0.0,,,,,,
2026-05-15 05:00,59.5,82.33,46.5,78.83,56.83,45.5,77.33,63.67,,35.83,61.5,56.0,60.83,79.67,77.33,66.67,74.33,63.17,59.17,,,,,,
2026-05-15 06:00,241.17,290.5,266.83,238.0,244.33,175.0,268.67,152.5,286.0,148.33,273.83,203.83,258.67,214.17,242.67,267.0,285.0,271.67,171.67,,,,,,
2026-05-15 07:00,447.83,508.0,407.67,403.5,380.83,355.5,364.67,246.17,252.5,259.5,425.33,301.83,283.17,327.33,388.67,408.67,523.17,412.83,268.0,,,,,,
2026-05-15 08:00,522.67,615.17,489.33,383.67,439.0,415.0,382.5,342.5,368.33,355.83,577.83,335.5,421.83,368.67,381.67,594.17,681.67,560.17,379.17,,,,,,
2026-05-15 09:00,515.83,709.0,458.0,611.83,537.67,376.83,422.0,546.67,562.33,394.17,443.0,481.33,506.17,419.5,565.0,490.33,666.0,488.5,555.33,,,,,,
2026-05-15 10:00,519.33,762.0,591.67,631.0,691.33,634.0,554.0,554.0,616.83,634.5,662.33,596.33,614.67,532.33,605.67,624.67,685.5,699.0,683.0,,,,,,
2026-05-15 11:00,641.83,896.83,642.0,768.5,615.33,851.0,648.83,712.33,702.33,750.83,613.0,805.33,819.0,580.0,732.5,656.33,651.17,606.33,709.67,,,,,,
2026-05-15 12:00,474.17,640.67,502.5,873.67,516.17,722.67,485.0,897.67,839.5,819.5,506.0,924.5,818.33,699.17,830.83,524.5,574.67,509.17,863.0,,,,,,
2026-05-15 13:00,420.5,665.83,430.33,864.6,565.0,726.5,463.33,840.5,845.67,723.83,419.33,839.67,874.33,784.33,809.0,403.83,595.5,416.0,820.0,,,,,,
2026-05-15 14:00,495.5,624.33,514.5,,618.5,616.83,534.83,792.5,773.33,549.17,487.33,711.17,769.0,611.5,693.0,411.33,508.5,487.83,704.33,,,,,,
2026-05-15 15:00,545.83,570.83,568.5,,520.0,567.83,508.5,539.83,618.83,464.33,523.0,626.33,700.33,569.5,594.17,524.33,590.0,537.33,525.83,,,,,,
2026-05-15 16:00,313.33,364.0,329.17,,396.17,353.5,238.33,367.33,372.0,307.5,314.33,401.67,437.33,340.0,401.17,329.5,354.33,296.33,411.17,,,,,,
2026-05-15 17:00,141.17,151.0,113.83,,143.33,129.83,99.33,150.5,152.33,85.0,147.83,152.67,165.0,138.83,162.83,149.17,172.33,127.5,165.0,,,,,,
2026-05-15 18:00,13.83,10.5,13.0,0.0,18.0,11.17,11.83,17.83,,8.5,13.83,15.33,18.83,17.5,18.83,16.67,20.67,17.0,12.83,,,,,,
2026-05-15 19:00,0.0,0.0,0.0,0.0,0.0,0.0,0.0,0.0,,0.0,0.0,0.0,0.0,0.0,0.0,0.0,0.0,0.0,0.0,,,,,,
2026-05-15 20:00,0.0,0.0,0.0,0.0,0.0,0.0,0.0,0.0,,0.0,0.0,0.0,0.0,0.0,0.0,0.0,0.0,0.0,0.0,,,,,,
2026-05-15 21:00,0.0,0.0,0.0,0.0,0.0,0.0,0.0,0.0,,0.0,0.0,0.0,0.0,0.0,0.0,0.0,0.0,0.0,0.0,,,,,,
2026-05-15 22:00,0.0,0.0,0.0,0.0,0.0,0.0,0.0,0.0,,0.0,0.0,0.0,0.0,0.0,0.0,0.33,0.0,0.0,0.0,,,,,,
2026-05-15 23:00,0.0,0.0,0.0,0.0,0.0,0.0,0.0,0.0,,0.0,0.0,0.0,0.0,0.0,0.0,0.17,0.0,0.0,0.0,,,,,,
2026-05-16 00:00,0.0,0.0,0.0,0.0,0.0,0.0,0.0,0.0,,0.0,0.0,0.0,0.0,0.0,0.0,0.0,0.0,0.0,0.0,,,,,,
2026-05-16 01:00,0.0,0.0,0.0,0.0,0.0,0.0,0.0,0.0,,0.0,0.0,0.0,0.0,0.0,0.0,0.0,0.0,0.0,0.0,,,,,,
2026-05-16 02:00,0.0,0.0,0.0,0.0,0.0,0.0,0.0,0.0,,0.0,0.0,0.0,0.17,0.0,0.0,0.0,0.0,0.0,0.0,,,,,,
2026-05-16 03:00,0.0,0.0,0.0,0.0,0.0,0.0,0.0,0.0,,0.0,0.0,0.0,0.17,0.0,0.0,0.0,0.0,0.0,0.0,,,,,,
2026-05-16 04:00,1.17,1.83,1.0,0.0,0.83,0.17,1.0,0.83,,0.0,1.17,0.67,1.0,1.0,0.33,1.67,0.83,1.17,0.0,,,,,,
2026-05-16 05:00,42.83,91.83,40.5,51.5,35.17,37.5,94.33,37.17,,34.67,92.67,38.83,61.5,40.67,24.67,80.17,51.0,82.0,35.83,,,,,,
2026-05-16 06:00,240.0,222.83,268.0,217.5,239.0,220.33,334.83,215.67,192.0,238.33,324.33,131.83,270.5,237.83,161.33,279.67,277.0,279.33,195.33,,,,,,
2026-05-16 07:00,446.5,473.17,392.83,427.5,422.5,496.67,522.83,355.17,407.33,488.5,433.33,306.17,458.5,377.33,291.0,494.33,472.83,457.0,368.83,,,,,,
2026-05-16 08:00,511.17,591.67,493.5,532.17,636.33,710.0,554.33,639.33,608.83,547.33,619.67,671.33,566.0,578.33,535.67,589.5,500.83,569.67,526.17,,,,,,
2026-05-16 09:00,510.17,665.5,531.83,657.67,695.67,880.0,777.5,845.83,793.33,782.0,783.17,735.5,956.0,787.0,691.33,763.83,527.83,725.67,800.83,,,,,,
2026-05-16 10:00,483.0,814.5,574.33,647.33,663.0,919.83,645.5,995.17,1002.0,893.67,922.17,805.17,951.33,886.5,688.83,867.0,893.0,912.67,973.5,,,,,,
2026-05-16 11:00,684.5,700.33,761.67,747.5,1028.67,962.83,632.0,1042.17,943.83,926.5,1038.33,901.83,817.6,871.83,739.67,876.83,1009.83,793.0,1070.33,,,,,,
2026-05-16 12:00,805.67,852.0,642.5,828.17,1013.17,970.67,781.5,1031.67,977.67,922.0,1024.0,969.67,1015.17,922.33,823.83,989.83,992.67,819.0,1041.33,,,,,,
2026-05-16 13:00,740.67,692.17,588.17,904.4,922.0,925.17,692.5,948.17,945.5,898.17,956.5,944.5,1034.17,934.83,827.0,814.17,760.33,779.0,964.83,,,,,,
2026-05-16 14:00,779.33,614.83,500.0,,789.5,782.17,583.17,815.67,806.83,766.17,847.0,786.5,849.33,764.5,723.17,809.0,318.67,704.17,826.33,,,,,,
2026-05-16 15:00,619.83,597.83,369.33,,611.67,604.67,523.33,635.5,622.33,582.17,635.83,611.0,685.67,597.67,555.83,617.83,262.17,534.0,637.5,,,,,,
2026-05-16 16:00,404.33,269.33,213.0,,397.5,391.83,304.83,413.17,397.67,357.0,422.17,405.17,447.17,404.83,378.83,409.33,171.17,300.17,415.5,,,,,,
2026-05-16 17:00,184.83,115.67,100.0,,155.0,161.67,119.5,185.17,173.67,72.67,161.5,177.67,195.17,176.67,184.83,173.0,100.17,122.33,177.33,,,,,,
2026-05-16 18:00,19.0,13.0,10.67,0.0,8.83,13.83,11.83,21.5,,8.17,19.83,21.17,24.67,18.0,18.33,18.0,22.5,15.5,20.67,,,,,,
2026-05-16 19:00,0.0,0.0,0.0,0.0,0.0,0.0,0.0,0.0,,0.0,0.0,0.0,0.0,0.0,0.0,0.0,0.0,0.0,0.0,,,,,,
2026-05-16 20:00,0.0,0.0,0.0,0.0,0.0,0.0,0.0,0.0,,0.0,0.0,0.0,0.0,0.0,0.0,0.0,0.0,0.0,0.0,,,,,,
2026-05-16 21:00,0.0,0.0,0.0,0.0,0.0,0.0,0.0,0.0,,0.0,0.0,0.0,0.0,0.0,0.0,0.0,0.0,0.0,0.0,,,,,,
2026-05-16 22:00,0.0,0.0,0.0,0.0,0.0,0.0,0.0,0.0,,0.0,0.0,0.0,0.0,0.0,0.0,0.0,0.0,0.0,0.0,,,,,,
2026-05-16 23:00,0.0,0.0,0.0,0.0,0.0,0.0,0.0,0.0,,0.0,0.0,0.0,0.0,0.0,0.0,0.0,0.0,0.0,0.0,,,,,,
2026-05-17 00:00,0.0,0.0,0.0,0.0,0.0,0.0,0.0,0.0,,0.0,0.0,0.0,0.0,0.0,0.0,0.0,0.0,0.0,0.0,,,,,,
2026-05-17 01:00,0.0,0.0,0.0,0.0,0.0,0.0,0.0,0.0,,0.0,0.0,0.0,0.0,0.0,0.0,0.0,0.0,0.0,0.0,,,,,,
2026-05-17 02:00,0.0,0.0,0.0,0.0,0.0,0.0,0.0,0.0,,0.0,0.0,0.0,0.0,0.0,0.0,0.0,0.0,0.0,0.0,,,,,,
2026-05-17 03:00,0.0,0.0,0.0,0.0,0.0,0.0,0.0,0.0,,0.0,0.0,0.0,0.0,0.0,0.0,0.0,0.0,0.0,0.0,,,,,,
2026-05-17 04:00,1.33,2.17,1.33,0.0,0.83,0.17,0.83,0.33,,0.17,1.17,0.5,0.5,0.83,1.0,1.67,1.5,1.33,0.0,,,,,,
2026-05-17 05:00,63.0,87.17,55.17,61.67,51.17,56.67,66.5,55.5,,50.67,65.0,58.33,66.83,62.17,62.33,74.83,57.17,70.83,60.0,,,,,,
2026-05-17 06:00,240.33,273.33,239.33,236.0,233.0,233.0,247.33,220.33,349.0,222.17,251.0,237.83,260.83,240.67,241.5,253.0,207.67,245.0,240.0,,,,,,
2026-05-17 07:00,452.33,472.0,453.5,464.17,450.67,448.33,445.67,432.67,455.67,420.83,458.0,447.0,484.33,440.17,457.67,466.0,434.17,456.33,458.0,,,,,,
2026-05-17 08:00,628.33,644.0,624.0,653.0,646.5,647.67,611.33,635.17,647.67,599.17,633.33,637.67,695.33,631.5,636.5,643.5,662.5,623.83,659.67,,,,,,
2026-05-17 09:00,760.67,794.17,751.67,805.0,804.33,798.83,757.67,785.0,806.17,743.5,762.0,797.0,870.33,774.83,783.33,772.5,790.33,740.0,827.33,,,,,,
2026-05-17 10:00,864.0,895.33,874.5,889.0,886.5,876.83,889.17,886.17,900.33,840.67,879.67,888.67,963.17,881.5,854.5,878.83,893.33,848.83,935.83,,,,,,
2026-05-17 11:00,908.5,984.17,936.17,948.67,918.33,917.67,955.5,964.67,948.5,876.83,954.17,951.67,987.0,952.83,911.0,950.33,957.67,922.17,985.67,,,,,,
2026-05-17 12:00,905.83,983.17,941.33,939.5,933.0,913.33,938.5,948.0,949.17,863.33,944.33,933.83,972.17,942.33,902.33,939.5,964.67,917.33,981.17,,,,,,
2026-05-17 13:00,866.17,860.5,870.83,858.83,871.83,846.17,874.17,872.5,878.83,834.67,878.33,856.67,930.67,869.33,838.17,869.83,887.83,838.67,900.83,,,,,,
2026-05-17 14:00,737.0,770.83,731.67,734.4,735.0,720.83,744.33,739.33,745.83,699.0,747.33,721.5,787.33,737.67,711.5,750.5,755.17,695.0,757.33,,,,,,
2026-05-17 15:00,546.0,595.0,549.17,,546.33,532.17,562.33,558.83,560.0,501.83,564.17,539.5,598.33,544.83,542.5,565.17,570.5,515.33,573.33,,,,,,
2026-05-17 16:00,330.5,365.17,332.33,,328.0,310.33,343.5,345.17,341.0,292.5,346.83,332.0,369.17,338.83,334.5,346.83,346.67,301.33,354.17,,,,,,
2026-05-17 17:00,132.33,132.5,117.67,,122.0,120.17,139.33,139.0,134.83,85.67,144.67,132.0,145.67,137.83,131.67,132.67,143.0,113.0,140.17,,,,,,
2026-05-17 18:00,11.0,15.17,11.33,0.0,10.5,9.5,15.0,15.33,43.0,8.0,15.67,11.67,13.5,14.0,11.33,13.33,12.83,10.5,14.0,,,,,,
2026-05-17 19:00,0.0,0.0,0.0,0.0,0.0,0.0,0.0,0.0,,0.0,0.0,0.0,0.0,0.0,0.0,0.0,0.0,0.0,0.0,,,,,,
2026-05-17 20:00,0.0,0.0,0.0,0.0,0.0,0.0,0.0,0.0,,0.0,0.0,0.0,0.0,0.0,0.0,0.0,0.0,0.0,0.0,,,,,,
2026-05-17 21:00,0.0,0.0,0.0,0.0,0.0,0.0,0.0,0.0,,0.0,0.0,0.0,0.0,0.0,0.0,0.67,0.0,0.0,0.0,,,,,,
2026-05-17 22:00,0.0,0.0,0.0,0.0,0.0,0.0,0.0,0.0,,0.0,0.0,0.0,0.0,0.0,0.0,0.67,0.0,0.0,0.0,,,,,,
2026-05-17 23:00,0.0,0.0,0.0,0.0,0.0,0.0,0.0,0.0,,0.0,0.0,0.0,0.17,0.0,0.0,1.0,0.0,0.0,0.0,,,,,,
2026-05-18 00:00,0.0,0.0,0.0,0.0,0.0,0.0,0.0,0.0,,0.0,0.0,0.0,0.0,0.0,0.0,1.25,0.0,0.0,0.0,,,,,,
2026-05-18 01:00,0.0,0.0,0.0,0.0,0.0,0.0,0.0,0.0,,0.0,0.0,0.0,0.0,0.0,0.0,0.0,0.0,0.0,0.0,,,,,,
2026-05-18 02:00,0.0,0.0,0.0,0.0,0.0,0.0,0.0,0.0,,0.0,0.0,0.0,0.0,0.0,0.0,0.5,0.0,0.0,0.0,,,,,,
2026-05-18 03:00,0.0,0.0,0.0,0.0,0.0,0.0,0.0,0.0,,0.0,0.0,0.0,0.0,0.0,0.0,0.0,0.0,0.0,0.0,,,,,,
2026-05-18 04:00,0.83,0.33,0.5,0.5,0.67,0.33,0.17,0.33,,0.5,0.5,0.33,0.67,0.5,0.0,2.0,0.17,0.67,0.33,,,,,,
2026-05-18 05:00,21.0,34.0,21.5,52.67,49.5,48.67,16.5,46.67,,49.33,29.5,50.83,55.83,55.33,52.17,71.0,21.33,32.5,50.83,,,,,,
2026-05-18 06:00,85.83,104.5,87.5,202.5,200.67,190.33,107.83,191.33,297.0,170.67,113.17,197.83,215.67,182.33,206.67,129.5,67.83,90.83,204.5,,,,,,
2026-05-18 07:00,274.83,179.0,293.0,421.33,390.17,381.67,297.17,375.67,401.5,369.83,361.17,396.17,436.0,402.67,411.83,358.5,237.5,355.67,400.83,,,,,,
2026-05-18 08:00,489.17,380.33,481.17,631.33,601.83,586.5,512.5,548.83,580.17,560.17,545.5,592.0,661.5,599.5,610.67,611.67,475.17,599.67,575.0,,,,,,
2026-05-18 09:00,737.17,459.17,734.67,792.67,768.67,765.0,580.0,724.5,714.83,725.83,684.0,749.33,839.33,767.0,762.83,788.83,730.83,764.5,749.0,,,,,,
2026-05-18 10:00,758.33,506.67,719.83,893.5,877.5,864.67,509.17,861.33,848.67,833.17,729.33,853.83,942.0,881.33,854.0,791.5,434.67,774.33,892.83,,,,,,
2026-05-18 11:00,893.0,702.17,934.33,908.33,920.67,908.67,941.83,936.17,919.0,876.33,949.0,915.17,954.0,939.0,860.83,937.67,852.0,922.5,935.5,,,,,,
2026-05-18 12:00,708.67,452.83,933.5,916.83,894.83,919.67,967.5,916.0,898.0,867.0,941.67,890.83,957.67,928.0,879.67,923.33,543.67,926.83,945.33,,,,,,
2026-05-18 13:00,439.17,316.83,889.67,850.0,829.5,852.5,866.0,854.0,850.67,823.33,867.5,848.17,928.67,849.33,820.5,883.5,335.67,871.17,850.17,,,,,,
2026-05-18 14:00,255.5,159.83,565.83,717.0,754.67,674.0,508.67,720.83,725.33,671.33,692.5,698.83,767.67,715.17,693.33,892.5,198.67,669.33,733.33,,,,,,
2026-05-18 15:00,129.67,116.83,240.17,,628.0,198.17,244.5,543.83,541.0,258.5,474.67,522.33,570.5,504.83,523.67,527.83,152.5,444.67,544.83,,,,,,
2026-05-18 16:00,110.67,65.67,184.33,,387.17,140.33,154.0,335.17,330.17,168.17,231.0,335.17,339.17,333.0,299.5,300.5,83.17,254.67,328.5,,,,,,
2026-05-18 17:00,54.17,33.67,65.0,,141.17,77.17,60.33,144.0,136.83,123.17,75.83,136.33,132.17,99.0,88.67,87.0,32.17,73.83,137.83,,,,,,
2026-05-18 18:00,4.0,5.33,8.33,0.0,17.0,10.5,5.17,18.5,,12.83,11.67,18.33,25.33,17.17,9.5,13.5,3.5,11.83,15.33,,,,,,
2026-05-18 19:00,0.0,0.0,0.0,0.0,0.0,0.0,0.0,0.0,,0.0,0.0,0.0,0.0,0.0,0.0,0.5,0.0,0.0,0.0,,,,,,
2026-05-18 20:00,0.0,0.0,0.0,0.0,0.0,0.0,0.0,0.0,,0.0,0.0,0.0,0.0,0.0,0.0,1.0,0.0,0.0,0.0,,,,,,
2026-05-18 21:00,0.0,0.0,0.0,0.0,0.0,0.0,0.0,0.0,,0.0,0.0,0.0,0.0,0.0,0.0,0.67,0.0,0.0,0.0,,,,,,
2026-05-18 22:00,0.0,0.0,0.0,0.0,0.0,0.0,0.0,0.0,,0.0,0.0,0.0,0.0,0.0,0.0,0.67,0.0,0.0,0.0,,,,,,
2026-05-18 23:00,0.0,0.0,0.0,0.0,0.0,0.0,0.0,0.0,,0.0,0.0,0.0,0.0,0.0,0.0,0.17,0.0,0.0,0.0,,,,,,
2026-05-19 00:00,0.0,0.0,0.0,0.0,0.0,0.0,0.0,0.0,,0.0,0.0,0.0,0.0,0.0,0.0,1.0,0.0,0.0,0.0,,,,,,
2026-05-19 01:00,0.0,0.0,0.0,0.0,0.0,0.0,0.0,0.0,,0.0,0.0,0.0,0.0,0.0,0.0,0.0,0.0,0.0,0.0,,,,,,
2026-05-19 02:00,0.0,0.0,0.0,0.0,0.0,0.0,0.0,0.0,,0.0,0.0,0.0,0.0,0.0,0.0,0.0,0.0,0.0,0.0,,,,,,
2026-05-19 03:00,0.0,0.0,0.0,0.0,0.0,0.0,0.0,0.0,,0.0,0.0,0.0,0.0,0.0,0.0,0.0,0.0,0.0,0.0,,,,,,
2026-05-19 04:00,1.5,5.67,1.33,0.67,0.83,0.17,2.17,0.67,,0.17,1.17,0.5,0.67,0.5,0.33,1.17,3.5,0.83,0.33,,,,,,
2026-05-19 05:00,57.5,100.83,45.83,59.5,51.67,55.5,56.5,51.17,,49.83,43.5,45.33,61.33,61.33,54.17,54.5,106.83,43.0,53.17,,,,,,
2026-05-19 06:00,219.83,188.83,207.67,235.67,228.5,230.5,186.5,213.17,329.0,215.83,254.17,220.67,246.0,211.83,240.5,289.5,248.33,233.0,217.33,,,,,,
2026-05-19 07:00,382.17,314.17,360.17,472.33,445.67,445.33,384.67,424.33,445.67,415.83,400.5,423.0,485.0,449.0,465.17,480.0,420.83,466.67,445.67,,,,,,
2026-05-19 08:00,474.33,587.0,519.17,688.17,675.67,650.0,496.33,639.5,660.0,601.33,699.5,639.67,715.67,667.33,668.67,678.33,589.0,662.17,662.33,,,,,,
2026-05-19 09:00,698.83,590.17,740.67,854.17,848.83,795.33,773.17,820.0,833.0,753.17,864.0,809.67,914.5,841.0,829.67,844.33,675.0,832.0,837.83,,,,,,
2026-05-19 10:00,787.83,924.83,825.5,961.67,951.67,876.17,837.67,942.5,947.17,857.33,860.33,932.33,1024.67,951.5,927.83,882.67,950.0,823.5,960.83,,,,,,
2026-05-19 11:00,905.67,1043.0,962.0,1013.5,984.33,918.83,1009.0,999.0,992.33,893.17,973.5,991.67,1024.33,1011.67,979.83,963.67,913.67,961.0,1013.33,,,,,,
2026-05-19 12:00,888.8,1045.8,941.0,982.4,970.0,920.2,950.33,981.17,962.8,868.0,936.0,957.4,1018.8,997.4,956.8,936.4,952.6,930.8,,,,,,,
2026-05-19 13:00,873.67,784.67,895.67,923.5,927.83,839.83,913.17,900.67,907.67,788.17,958.67,898.33,1012.67,927.83,901.5,921.17,835.83,861.17,,,,,,,
2026-05-19 14:00,783.83,443.83,790.5,800.6,790.83,676.83,814.67,772.83,784.5,677.33,814.83,776.17,858.33,804.0,783.0,812.0,733.5,797.0,,,,,,,
2026-05-19 15:00,589.17,608.83,597.5,,607.0,548.83,636.67,590.83,596.5,500.83,632.67,594.0,661.33,608.0,607.17,638.83,557.17,595.5,,,,,,,
2026-05-19 16:00,390.17,355.33,396.0,,395.83,347.83,395.83,379.0,381.5,312.83,386.17,376.67,415.83,399.67,385.83,453.5,342.67,366.67,,,,,,,
2026-05-19 17:00,157.67,146.5,165.5,,153.5,137.17,157.83,164.33,160.67,89.83,164.83,163.17,181.33,171.67,161.83,185.33,138.33,149.67,,,,,,,
2026-05-19 18:00,19.83,21.33,16.5,0.0,14.33,14.33,14.17,21.0,,11.0,19.5,20.17,22.33,18.17,16.5,20.0,19.17,16.17,,,,,,,
2026-05-19 19:00,0.0,0.0,0.0,0.0,0.0,0.0,0.0,0.0,,0.0,0.0,0.0,0.0,0.0,0.0,0.0,0.0,0.0,,,,,,,
2026-05-19 20:00,0.0,0.0,0.0,0.0,0.0,0.0,0.0,0.0,,0.0,0.0,0.0,0.0,0.0,0.0,0.0,0.0,0.0,,,,,,,
2026-05-19 21:00,0.0,0.0,0.0,0.0,0.0,0.0,0.0,0.0,,0.0,0.0,0.0,0.0,0.0,0.0,0.0,0.0,0.0,,,,,,,
2026-05-19 22:00,0.0,0.0,0.0,0.0,0.0,0.0,0.0,0.0,,0.0,0.0,0.0,0.0,0.0,0.0,0.0,0.0,0.0,,,,,,,
2026-05-19 23:00,0.0,0.0,0.0,0.0,0.0,0.0,0.0,0.0,,0.0,0.0,0.0,0.0,0.0,0.0,0.0,0.0,0.0,,,,,,,
2026-05-20 00:00,0.0,0.0,0.0,0.0,0.0,0.0,0.0,0.0,,0.0,0.0,0.0,0.0,0.0,0.0,0.0,0.0,0.0,,,,,,,
2026-05-20 01:00,0.0,0.33,0.0,0.0,0.0,0.0,0.0,0.0,,0.0,0.0,0.0,0.0,0.0,0.0,0.0,0.0,0.0,,,,,,,
2026-05-20 02:00,0.0,0.0,0.0,0.0,0.0,0.0,0.0,0.0,,0.0,0.0,0.0,0.0,0.0,0.0,0.0,0.0,0.0,,,,,,,
2026-05-20 03:00,0.0,0.0,0.0,0.0,0.0,0.0,0.0,0.0,,0.0,0.0,0.0,0.0,0.0,0.0,0.0,0.0,0.0,,,,,,,
2026-05-20 04:00,0.5,1.0,0.67,1.17,1.17,0.17,0.83,0.33,,0.0,0.67,0.5,1.0,0.67,0.83,1.0,0.83,0.67,,,,,,,
2026-05-20 05:00,66.83,92.67,54.67,48.83,49.5,55.5,82.17,59.5,,48.83,66.5,54.67,57.83,62.5,54.67,75.33,82.5,73.33,,,,,,,
2026-05-20 06:00,258.33,288.0,248.33,254.17,247.83,231.33,202.5,239.17,,214.83,247.5,253.67,274.5,256.33,261.5,268.33,287.83,264.17,,,,,,,
2026-05-20 07:00,429.17,383.17,400.83,481.0,461.5,341.67,239.33,449.33,476.83,429.0,275.0,466.33,496.0,380.17,474.0,504.5,389.0,412.5,,,,,,,
2026-05-20 08:00,568.5,472.67,540.33,683.5,675.0,369.5,258.33,661.17,682.17,337.33,387.5,659.5,662.83,476.67,671.17,669.33,557.33,560.0,,,,,,,
2026-05-20 09:00,396.0,505.5,353.83,851.67,834.17,653.33,781.0,846.83,840.67,352.83,545.67,803.83,879.67,709.17,821.0,758.33,500.67,502.17,,,,,,,
2026-05-20 10:00,372.67,753.5,859.5,961.0,960.67,820.5,865.17,955.33,951.0,568.0,792.67,851.0,787.67,727.83,912.5,409.0,629.5,718.5,,,,,,,
2026-05-20 11:00,315.83,789.67,636.67,999.83,373.67,750.17,776.83,924.83,930.83,832.5,682.17,956.83,976.33,844.5,943.5,568.0,829.33,1022.83,,,,,,,
2026-05-20 12:00,636.0,946.17,1014.17,976.0,973.0,867.17,530.17,833.17,959.5,767.67,659.5,927.0,843.0,745.33,952.33,1018.33,848.33,912.5,,,,,,,
2026-05-20 13:00,897.0,898.67,846.5,809.6,942.0,845.67,592.33,520.5,738.67,750.17,700.5,659.0,643.17,661.33,848.5,913.83,752.33,730.0,,,,,,,
2026-05-20 14:00,708.5,354.0,689.83,,781.67,766.33,599.0,688.83,600.67,650.33,688.5,690.17,860.83,723.67,510.5,778.0,762.5,569.67,,,,,,,
2026-05-20 15:00,620.5,533.67,494.67,,571.0,597.0,410.83,616.0,523.0,548.17,428.33,606.33,609.33,445.17,596.33,604.17,498.83,531.5,,,,,,,
2026-05-20 16:00,361.67,398.83,201.83,,339.33,363.0,284.67,416.67,406.17,345.17,311.5,340.5,427.83,327.0,423.5,430.0,341.17,276.17,,,,,,,
2026-05-20 17:00,164.0,132.0,142.0,,133.0,138.0,112.5,191.67,203.0,83.33,160.83,179.33,193.33,152.0,182.17,115.33,172.0,162.67,,,,,,,
2026-05-20 18:00,10.33,14.83,14.33,0.0,10.33,15.5,10.5,23.83,,11.17,15.33,23.17,26.67,15.17,15.67,16.17,17.0,14.33,,,,,,,
2026-05-20 19:00,0.0,0.0,0.0,0.0,0.0,0.0,0.0,0.0,,0.0,0.0,0.0,0.0,0.0,0.0,0.0,0.0,0.0,,,,,,,
2026-05-20 20:00,0.0,0.0,0.0,0.0,0.0,0.0,0.0,0.0,,0.0,0.0,0.0,0.0,0.0,0.0,0.0,0.0,0.0,,,,,,,
2026-05-20 21:00,0.0,0.0,0.0,0.0,0.0,0.0,0.0,0.0,,0.0,0.0,0.0,0.0,0.0,0.0,0.0,0.0,0.0,,,,,,,
2026-05-20 22:00,0.0,0.0,0.0,0.0,0.0,0.0,0.0,0.0,,0.0,0.0,0.0,0.0,0.0,0.0,0.0,0.0,0.0,,,,,,,
2026-05-20 23:00,0.0,0.0,0.0,0.0,0.0,0.0,0.0,0.0,,0.0,0.0,0.0,0.0,0.0,0.0,0.0,0.0,0.0,,,,,,,
2026-05-21 00:00,0.0,0.0,0.0,0.0,0.0,0.0,0.0,0.0,,0.0,0.0,0.0,0.0,0.0,0.0,0.17,0.0,0.0,,,,,,,
2026-05-21 01:00,0.0,0.0,0.0,0.0,0.0,0.0,0.0,0.0,,0.0,0.0,0.0,0.0,0.0,0.0,0.17,0.0,0.0,,,,,,,
2026-05-21 02:00,0.0,0.0,0.0,0.0,0.0,0.0,0.0,0.0,,0.0,0.0,0.0,0.0,0.0,0.0,0.33,0.0,0.0,,,,,,,
2026-05-21 03:00,0.0,0.0,0.0,0.0,0.0,0.0,0.0,0.0,,0.0,0.0,0.0,0.0,0.0,0.0,0.5,0.0,0.0,,,,,,,
2026-05-21 04:00,0.83,1.0,0.67,0.0,0.83,0.33,0.83,0.5,,0.33,0.83,0.5,1.33,0.67,0.83,1.0,1.33,2.0,,,,,,,
2026-05-21 05:00,43.67,26.33,42.5,42.5,32.33,58.67,121.33,21.5,,54.83,64.83,55.67,77.0,60.0,20.33,46.5,42.67,43.67,,,,,,,
2026-05-21 06:00,203.0,95.67,261.17,210.83,237.5,255.17,167.5,244.83,,220.83,243.67,263.67,294.17,117.17,118.67,171.5,86.17,270.33,,,,,,,
2026-05-21 07:00,371.83,62.33,313.5,303.83,425.33,438.83,203.0,481.17,461.2,418.83,195.0,515.17,388.33,280.17,225.5,405.33,294.33,406.33,,,,,,,
2026-05-21 08:00,313.0,99.33,314.5,600.33,314.33,549.33,205.0,562.33,555.0,404.83,322.5,524.83,516.0,270.33,377.0,483.33,223.33,388.0,,,,,,,
2026-05-21 09:00,245.0,208.17,453.17,447.33,483.33,846.67,548.33,518.0,539.0,621.67,208.0,321.0,436.0,591.0,393.33,660.33,414.0,423.5,,,,,,,
2026-05-21 10:00,401.0,394.5,655.67,732.0,453.33,917.33,575.5,668.83,401.5,897.83,547.17,261.17,227.67,561.17,503.67,555.67,553.67,535.17,,,,,,,
2026-05-21 11:00,494.83,561.33,996.0,550.83,301.5,959.33,608.83,936.83,649.17,929.0,493.0,711.67,492.67,820.67,357.5,938.0,331.67,824.67,,,,,,,
2026-05-21 12:00,865.0,491.5,888.83,582.5,341.83,967.83,514.0,970.0,712.0,937.5,479.83,832.67,680.0,397.17,352.0,737.17,622.17,796.17,,,,,,,
2026-05-21 13:00,910.83,255.17,459.33,248.0,296.67,925.5,480.83,929.0,946.33,904.83,309.67,685.67,765.33,557.83,292.5,533.0,417.5,522.67,,,,,,,
2026-05-21 14:00,301.83,400.5,277.0,,276.17,801.5,353.17,798.33,712.0,775.5,359.83,799.5,788.67,507.83,472.33,246.67,390.0,294.67,,,,,,,
2026-05-21 15:00,509.67,450.33,359.5,,356.0,618.33,279.83,623.83,562.67,598.33,509.83,636.17,599.67,454.67,233.83,243.17,329.33,366.17,,,,,,,
2026-05-21 16:00,400.33,216.0,259.33,,333.33,393.67,146.33,407.33,382.33,385.83,240.0,406.0,378.0,359.0,147.33,257.83,109.83,344.83,,,,,,,
2026-05-21 17:00,162.83,91.5,121.17,,57.33,165.83,77.0,180.17,200.8,61.33,108.67,186.0,189.17,108.33,102.33,136.17,63.5,119.0,,,,,,,
2026-05-21 18:00,16.5,11.0,12.67,0.0,10.5,17.0,12.5,22.83,,9.0,12.17,21.0,18.0,18.5,10.5,15.17,24.5,19.83,,,,,,,
2026-05-21 19:00,0.0,0.0,0.0,0.0,0.0,0.0,0.0,0.0,,0.0,0.0,0.0,0.0,0.0,0.0,0.0,0.0,0.0,,,,,,,
2026-05-21 20:00,0.0,0.0,0.0,0.0,0.0,0.0,0.0,0.0,,0.0,0.0,0.0,0.0,0.0,0.0,0.0,0.0,0.0,,,,,,,
2026-05-21 21:00,0.0,0.0,0.0,0.0,0.0,0.0,0.0,0.0,,0.0,0.0,0.0,0.0,0.0,0.0,0.0,0.0,0.0,,,,,,,
2026-05-21 22:00,0.0,0.0,0.0,0.0,0.0,0.0,0.0,0.0,,0.0,0.0,0.0,0.0,0.0,0.0,0.0,0.0,0.0,,,,,,,
2026-05-21 23:00,0.0,0.0,0.0,0.0,0.0,0.0,0.0,0.0,,0.0,0.0,0.0,0.0,0.0,0.0,0.0,0.0,0.0,,,,,,,
2026-05-22 00:00,0.0,0.0,0.0,0.0,0.0,0.0,0.0,0.0,,0.0,0.0,0.0,0.0,0.0,0.0,0.5,0.0,0.33,,,,,,,
2026-05-22 01:00,0.0,0.0,0.0,0.0,0.0,0.0,0.0,0.0,,0.0,0.0,0.0,0.0,0.0,0.0,0.67,0.0,0.17,,,,,,,
2026-05-22 02:00,0.0,0.0,0.0,0.0,0.0,0.0,0.0,0.0,,0.0,0.0,0.0,0.17,0.0,0.0,0.33,0.0,0.0,,,,,,,
2026-05-22 03:00,0.0,0.0,0.0,0.0,0.0,0.0,0.0,0.0,,0.0,0.0,0.0,0.33,0.0,0.0,0.83,0.0,0.0,,,,,,,
2026-05-22 04:00,2.17,2.33,1.33,0.0,0.67,0.5,1.5,0.83,,0.5,1.5,0.67,1.17,0.83,0.5,2.67,1.67,1.83,,,,,,,
2026-05-22 05:00,79.0,55.0,47.17,75.0,40.17,60.5,64.0,49.17,,57.17,70.67,72.83,81.0,75.17,88.67,91.33,20.33,73.17,,,,,,,
2026-05-22 06:00,202.17,184.17,259.83,221.67,266.83,249.67,267.33,138.33,258.0,243.67,260.0,236.67,216.0,155.0,257.67,280.83,121.5,290.17,,,,,,,
2026-05-22 07:00,474.17,386.17,337.67,482.33,489.5,474.67,532.33,369.5,297.17,453.5,507.0,480.17,535.0,281.33,309.33,504.0,395.5,461.83,,,,,,,
2026-05-22 08:00,618.5,643.83,563.0,545.67,693.83,671.17,575.5,563.33,521.67,628.67,572.67,485.83,615.5,624.67,518.67,726.17,669.5,622.0,,,,,,,
2026-05-22 09:00,653.17,925.33,612.17,772.67,849.83,813.17,676.67,762.17,719.5,773.67,695.83,683.17,945.0,740.5,724.0,878.17,810.17,687.67,,,,,,,
2026-05-22 10:00,887.17,995.5,655.33,974.0,946.33,891.33,841.5,807.33,947.33,872.33,542.5,833.17,848.33,973.17,875.33,775.0,868.67,553.0,,,,,,,
2026-05-22 11:00,778.83,1021.67,861.67,950.33,1003.0,939.33,923.83,775.0,934.0,914.5,970.5,786.33,1010.33,1022.5,967.67,824.83,965.17,735.33,,,,,,,
2026-05-22 12:00,632.67,1059.0,1012.67,1054.33,1000.67,948.5,981.33,889.5,955.83,919.33,939.67,843.5,1061.67,1009.0,899.83,533.0,1017.83,798.0,,,,,,,
2026-05-22 13:00,816.17,775.67,920.0,942.6,850.5,902.0,964.67,938.67,938.33,877.83,941.83,929.67,1017.83,934.33,807.67,869.33,937.17,788.83,,,,,,,
2026-05-22 14:00,822.83,567.0,782.0,,703.0,776.33,828.33,811.5,880.83,746.5,810.0,816.0,853.5,804.83,581.67,810.0,787.0,783.0,,,,,,,
2026-05-22 15:00,593.0,613.83,608.33,,191.67,601.33,634.33,633.0,604.33,564.5,627.0,605.17,669.83,609.83,458.17,607.33,618.0,608.5,,,,,,,
2026-05-22 16:00,373.5,250.83,399.17,,355.17,380.67,418.17,425.33,398.17,344.17,418.0,418.5,441.33,412.33,348.33,401.0,401.67,399.5,,,,,,,
2026-05-22 17:00,170.17,182.67,158.83,,155.33,156.83,136.83,202.0,206.8,83.17,194.0,202.0,201.17,194.0,189.83,190.0,128.17,182.33,,,,,,,
2026-05-22 18:00,17.67,26.67,17.67,0.0,15.67,16.5,14.5,29.17,,9.67,30.17,29.17,34.33,22.33,26.17,28.5,24.67,28.0,,,,,,,
2026-05-22 19:00,0.0,0.0,0.0,0.0,0.0,0.0,0.0,0.0,,0.0,0.0,0.0,0.0,0.0,0.0,0.0,0.0,0.0,,,,,,,
2026-05-22 20:00,0.0,0.0,0.0,0.0,0.0,0.0,0.0,0.0,,0.0,0.0,0.0,0.0,0.0,0.0,0.0,0.0,0.0,,,,,,,
2026-05-22 21:00,0.0,0.0,0.0,0.0,0.0,0.0,0.0,0.0,,0.0,0.0,0.0,0.0,0.0,0.0,0.0,0.0,0.0,,,,,,,
2026-05-22 22:00,0.0,0.0,0.0,0.0,0.0,0.0,0.0,0.0,,0.0,0.0,0.0,0.0,0.0,0.0,0.0,0.0,0.0,,,,,,,
2026-05-22 23:00,0.0,0.0,0.0,0.0,0.0,0.0,0.0,0.0,,0.0,0.0,0.0,0.0,0.0,0.0,0.0,0.0,0.0,,,,,,,
2026-05-23 00:00,0.0,0.0,0.0,0.0,0.0,0.0,0.0,0.0,,0.0,0.0,0.0,0.0,0.0,0.0,0.0,0.0,0.0,,,,,,,
2026-05-23 01:00,0.0,0.0,0.0,0.0,0.0,0.0,0.0,0.0,,0.0,0.0,0.0,0.0,0.0,0.0,0.0,0.0,0.0,,,,,,,
2026-05-23 02:00,0.0,0.0,0.0,0.0,0.0,0.0,0.0,0.0,,0.0,0.0,0.0,0.0,0.0,0.0,0.0,0.0,0.0,,,,,,,
2026-05-23 03:00,0.0,0.0,0.0,0.0,0.0,0.0,0.0,0.0,,0.0,0.0,0.0,0.0,0.0,0.0,0.33,0.0,0.0,,,,,,,
2026-05-23 04:00,2.17,3.33,2.33,0.0,1.67,0.5,1.67,1.0,,0.33,1.67,1.0,1.17,1.33,0.83,2.83,3.0,2.33,,,,,,,
2026-05-23 05:00,72.5,111.0,54.17,67.5,44.33,72.83,66.17,74.83,,65.83,81.67,76.17,86.17,62.0,78.17,79.17,99.33,77.83,,,,,,,
2026-05-23 06:00,255.5,301.33,266.83,276.5,264.5,271.83,277.0,271.5,,271.0,154.17,268.83,296.83,279.67,285.33,273.5,297.0,279.17,,,,,,,
2026-05-23 07:00,456.17,510.83,486.83,517.33,488.67,493.67,436.67,474.67,507.83,475.0,402.17,481.17,526.0,493.5,497.17,494.83,510.0,503.33,,,,,,,
2026-05-23 08:00,662.83,708.83,704.0,731.0,684.33,686.83,589.5,694.17,709.33,655.5,712.17,676.0,755.67,688.67,704.5,685.17,711.67,697.67,,,,,,,
2026-05-23 09:00,859.83,867.0,859.33,894.67,850.17,825.0,871.33,859.5,873.33,787.0,853.17,852.83,944.17,857.0,862.5,838.5,873.67,857.0,,,,,,,
2026-05-23 10:00,968.83,873.0,997.0,1001.5,963.5,894.33,995.0,983.33,1021.33,884.83,909.67,969.5,1028.33,968.0,852.33,853.5,989.17,910.67,,,,,,,
2026-05-23 11:00,919.83,886.5,987.33,917.83,1062.83,945.5,1045.5,760.17,1069.83,889.0,1032.83,681.5,1028.83,1016.33,871.0,881.17,1039.83,1049.5,,,,,,,
2026-05-23 12:00,1035.17,785.5,1068.0,856.17,601.17,959.5,1034.33,1015.33,928.5,886.33,1015.33,1021.0,1018.33,1006.83,647.33,980.33,1027.33,1010.5,,,,,,,
2026-05-23 13:00,964.33,755.17,793.17,881.6,847.0,853.5,958.67,952.0,752.0,689.33,940.33,943.33,1043.0,932.33,840.67,931.0,946.5,935.33,,,,,,,
2026-05-23 14:00,787.33,836.17,656.0,,804.0,813.83,820.5,811.17,833.67,722.83,807.0,820.0,899.83,799.33,687.5,808.67,820.83,791.0,,,,,,,
2026-05-23 15:00,628.83,667.17,614.83,,606.17,613.0,633.0,622.5,628.33,582.0,625.33,631.5,695.17,608.67,589.0,617.17,643.17,608.83,,,,,,,
2026-05-23 16:00,396.0,433.0,399.67,,414.0,391.33,402.67,399.67,410.83,371.83,401.0,409.17,456.33,411.33,405.5,396.33,423.33,395.67,,,,,,,
2026-05-23 17:00,164.67,200.0,160.67,,169.67,162.17,150.33,179.5,203.8,80.0,194.83,186.5,204.33,194.0,186.33,177.5,195.5,174.5,,,,,,,
2026-05-23 18:00,16.5,28.83,18.67,0.0,12.67,17.83,17.17,25.5,,8.33,28.0,25.83,31.67,23.0,21.83,25.5,25.67,24.67,,,,,,,
2026-05-23 19:00,0.0,0.0,0.0,0.0,0.0,0.0,0.0,0.0,,0.0,0.0,0.0,0.0,0.0,0.0,0.0,0.0,0.0,,,,,,,
2026-05-23 20:00,0.0,0.0,0.0,0.0,0.0,0.0,0.0,0.0,,0.0,0.0,0.0,0.0,0.0,0.0,0.0,0.0,0.0,,,,,,,
2026-05-23 21:00,0.0,0.0,0.0,0.0,0.0,0.0,0.0,0.0,,0.0,0.0,0.0,0.0,0.0,0.0,0.0,0.0,0.0,,,,,,,
2026-05-23 22:00,0.0,0.17,0.0,0.0,0.0,0.0,0.0,0.0,,0.0,0.0,0.0,0.0,0.0,0.0,0.0,0.0,0.0,,,,,,,
2026-05-23 23:00,0.0,0.0,0.0,0.0,0.0,0.0,0.0,0.0,,0.0,0.0,0.0,0.0,0.0,0.0,0.0,0.0,0.0,,,,,,,
2026-05-24 00:00,0.0,0.0,0.0,0.0,0.0,0.0,0.0,0.0,,0.0,0.0,0.0,0.0,0.0,0.0,0.0,0.0,0.0,,,,,,,
2026-05-24 01:00,0.0,0.0,0.0,0.0,0.0,0.0,0.0,0.0,,0.0,0.0,0.0,0.0,0.0,0.0,0.0,0.0,0.0,,,,,,,
2026-05-24 02:00,0.0,0.0,0.0,0.0,0.0,0.0,0.0,0.0,,0.0,0.0,0.0,0.0,0.0,0.0,0.0,0.0,0.0,,,,,,,
2026-05-24 03:00,0.0,0.0,0.0,0.0,0.0,0.0,0.0,0.0,,0.0,0.0,0.0,0.0,0.0,0.0,0.0,0.0,0.0,,,,,,,
2026-05-24 04:00,1.83,3.0,2.0,0.0,1.5,1.0,1.83,1.0,,0.67,2.0,1.0,1.33,1.67,0.83,2.83,2.5,2.0,,,,,,,
2026-05-24 05:00,77.67,113.17,48.33,71.5,37.17,84.33,91.67,68.0,,79.33,71.33,72.33,83.17,67.17,84.5,92.5,109.83,90.33,,,,,,,
2026-05-24 06:00,274.67,315.83,294.0,279.67,281.67,281.67,288.5,259.67,,269.17,298.67,259.33,301.83,285.83,285.17,289.83,311.33,291.67,,,,,,,
2026-05-24 07:00,474.33,524.33,505.67,526.67,497.5,497.33,540.0,468.83,493.67,474.0,493.83,464.67,462.0,403.0,504.17,504.33,526.5,503.5,,,,,,,
2026-05-24 08:00,666.17,722.33,701.5,726.5,688.33,697.5,672.83,692.5,705.67,659.5,664.83,626.67,741.0,618.33,697.33,688.0,727.33,710.83,,,,,,,
2026-05-24 09:00,810.0,898.67,862.5,879.67,836.33,837.5,903.33,852.0,866.17,796.17,901.67,840.33,920.83,804.83,850.83,860.5,878.5,869.83,,,,,,,
2026-05-24 10:00,965.83,1003.17,952.17,996.0,942.33,906.67,998.83,857.5,977.0,894.33,990.5,950.67,957.0,994.0,943.17,964.83,981.83,973.17,,,,,,,
2026-05-24 11:00,813.83,1062.5,815.0,946.0,995.33,948.0,1050.83,1032.0,967.83,940.0,1036.5,1014.83,1040.67,1025.67,938.67,1023.33,1025.83,1042.83,,,,,,,
2026-05-24 12:00,858.0,1055.33,928.17,829.33,900.83,971.83,1038.83,1026.0,981.0,946.5,1025.0,1017.33,1092.0,1017.0,894.17,991.0,1022.33,1016.67,,,,,,,
2026-05-24 13:00,943.0,907.67,945.67,829.33,947.33,928.67,958.83,952.33,911.83,913.33,950.0,944.33,1059.83,944.67,810.67,931.5,950.83,938.67,,,,,,,
2026-05-24 14:00,816.0,844.33,808.17,866.0,786.83,807.0,818.83,820.67,819.0,782.33,812.17,816.5,892.0,813.67,788.83,811.17,820.0,800.33,,,,,,,
2026-05-24 15:00,645.67,663.5,629.83,,602.33,626.5,634.33,639.5,635.0,601.83,634.83,640.67,707.67,618.67,615.83,627.5,635.5,619.17,,,,,,,
2026-05-24 16:00,414.33,432.83,416.33,,399.33,398.83,419.0,427.0,421.67,383.5,424.83,432.33,473.33,420.17,411.33,406.67,415.0,403.5,,,,,,,
2026-05-24 17:00,172.0,202.0,172.83,,167.17,167.83,184.0,203.67,236.25,82.67,202.0,207.17,216.83,202.17,197.83,187.67,196.67,178.33,,,,,,,
2026-05-24 18:00,16.5,29.67,20.0,0.0,10.17,18.17,16.5,29.83,,7.83,32.0,30.0,36.5,24.0,27.5,27.5,28.5,27.33,,,,,,,
2026-05-24 19:00,0.0,0.0,0.0,0.0,0.0,0.0,0.0,0.0,,0.0,0.0,0.0,0.0,0.0,0.0,0.0,0.0,0.0,,,,,,,
2026-05-24 20:00,0.0,0.0,0.0,0.0,0.0,0.0,0.0,0.0,,0.0,0.0,0.0,0.0,0.0,0.0,0.0,0.0,0.0,,,,,,,
2026-05-24 21:00,0.0,0.0,0.0,0.0,0.0,0.0,0.0,0.0,,0.0,0.0,0.0,0.0,0.0,0.0,0.0,0.0,0.0,,,,,,,
2026-05-24 22:00,0.0,0.0,0.0,0.0,0.0,0.0,0.0,0.0,,0.0,0.0,0.0,0.0,0.0,0.0,0.0,0.0,0.0,,,,,,,
2026-05-24 23:00,0.0,0.0,0.0,0.0,0.0,0.0,0.0,0.0,,0.0,0.0,0.0,0.0,0.0,0.0,0.0,0.0,0.0,,,,,,,
2026-05-25 00:00,0.0,0.0,0.0,0.0,0.0,0.0,0.0,0.0,,0.0,0.0,0.0,0.0,0.0,0.0,0.0,0.0,0.0,,,,,,,
2026-05-25 01:00,0.0,0.0,0.0,0.0,0.0,0.0,0.0,0.0,,0.0,0.0,0.0,0.0,0.0,0.0,0.0,0.0,0.0,,,,,,,
2026-05-25 02:00,0.0,0.0,0.0,0.0,0.0,0.0,0.0,0.0,,0.0,0.0,0.0,0.0,0.0,0.0,0.0,0.0,0.0,,,,,,,
2026-05-25 03:00,0.0,0.0,0.0,0.0,0.0,0.0,0.0,0.0,,0.0,0.0,0.0,0.0,0.0,0.0,0.0,0.0,0.0,,,,,,,
2026-05-25 04:00,2.0,4.67,1.83,1.0,1.5,0.5,2.83,0.83,,0.33,1.83,1.17,2.33,1.67,0.67,3.17,2.33,2.0,,,,,,,
2026-05-25 05:00,78.17,121.17,47.33,76.33,34.33,73.83,81.5,55.83,,69.0,79.83,60.83,70.67,61.0,92.0,93.67,111.17,94.67,,,,,,,
2026-05-25 06:00,277.83,317.33,288.5,286.33,290.5,277.5,229.83,249.67,,273.67,312.0,258.0,310.0,244.17,303.0,304.83,316.0,298.83,,,,,,,
2026-05-25 07:00,483.17,518.67,501.17,529.67,508.33,499.5,374.67,372.17,538.2,479.5,443.33,397.0,508.17,559.5,513.17,517.0,520.83,521.0,,,,,,,
2026-05-25 08:00,688.83,708.33,699.5,731.5,702.17,696.17,596.83,702.83,720.33,656.5,460.0,641.83,826.67,361.5,703.67,690.33,722.5,724.33,,,,,,,
2026-05-25 09:00,862.83,882.17,849.17,882.17,855.5,837.0,817.33,867.33,879.67,796.17,505.83,881.5,977.67,745.0,858.67,843.67,879.0,866.67,,,,,,,
2026-05-25 10:00,950.17,976.83,834.67,904.67,965.33,902.17,972.83,979.0,988.5,888.83,768.17,986.83,1009.17,833.33,949.83,957.67,985.17,972.67,,,,,,,
2026-05-25 11:00,965.83,1046.17,738.5,990.33,989.67,942.33,1006.17,1049.0,1042.0,930.67,852.67,1005.67,1140.83,1009.33,987.67,1016.5,1024.5,1040.0,,,,,,,
2026-05-25 12:00,719.83,1029.33,1016.67,1032.67,973.67,958.0,1037.0,1019.67,1028.83,937.83,1034.0,990.83,1097.5,1000.5,969.67,857.17,1011.5,947.0,,,,,,,
2026-05-25 13:00,638.67,795.17,932.67,912.83,906.5,921.17,827.5,949.0,933.0,904.83,938.17,947.67,933.83,929.83,861.0,904.67,933.83,872.17,,,,,,,
2026-05-25 14:00,804.17,810.83,796.83,942.5,745.17,801.67,794.67,820.67,812.33,785.17,804.33,833.0,891.17,802.83,711.83,787.5,804.67,789.0,,,,,,,
2026-05-25 15:00,620.17,653.33,627.83,,542.67,628.67,674.0,642.17,633.0,608.5,626.17,654.83,640.17,598.83,589.33,597.67,573.83,615.33,,,,,,,
2026-05-25 16:00,414.67,426.83,414.5,,373.17,410.5,411.67,430.33,422.5,393.83,421.0,420.83,437.83,388.83,398.33,382.33,408.17,404.0,,,,,,,
2026-05-25 17:00,178.83,200.5,183.33,,162.17,179.67,138.17,199.67,240.75,82.67,202.5,182.17,211.33,156.67,184.33,185.17,194.0,179.17,,,,,,,
2026-05-25 18:00,18.5,29.67,22.83,,12.33,20.67,23.83,26.0,,7.83,33.17,30.0,32.17,20.83,19.33,30.83,29.5,29.33,,,,,,,
2026-05-25 19:00,0.0,0.0,0.0,0.0,0.0,0.0,0.0,0.0,,0.0,0.0,0.0,0.0,0.0,0.0,0.0,0.0,0.0,,,,,,,
2026-05-25 20:00,0.0,0.0,0.0,0.0,0.0,0.0,0.0,0.0,,0.0,0.0,0.0,0.0,0.0,0.0,0.0,0.0,0.0,,,,,,,
2026-05-25 21:00,0.0,0.0,0.0,0.0,0.0,0.0,0.0,0.0,,0.0,0.0,0.0,0.0,0.0,0.0,0.0,0.0,0.0,,,,,,,
2026-05-25 22:00,0.0,0.0,0.0,0.0,0.0,0.0,0.0,0.0,,0.0,0.0,0.0,0.0,0.0,0.0,0.0,0.0,0.0,,,,,,,
2026-05-25 23:00,0.0,0.0,0.0,0.0,0.0,0.0,0.0,0.0,,0.0,0.0,0.0,0.0,0.0,0.0,0.0,0.0,0.0,,,,,,,
2026-05-26 00:00,0.0,0.0,0.0,0.0,0.0,0.0,0.0,0.0,,0.0,0.0,0.0,0.0,0.0,0.0,0.0,0.0,0.0,,,,,,,
2026-05-26 01:00,0.0,0.0,0.0,0.0,0.0,0.0,0.0,0.0,,0.0,0.0,0.0,0.0,0.33,0.0,0.0,0.0,0.0,,,,,,,
2026-05-26 02:00,0.0,0.0,0.0,0.0,0.0,0.0,0.0,0.0,,0.0,0.0,0.0,0.33,0.0,0.0,0.0,0.0,0.0,,,,,,,
2026-05-26 03:00,0.0,0.0,0.0,0.0,0.0,0.0,0.0,0.0,,0.0,0.0,0.0,0.0,0.0,0.0,0.0,0.0,0.0,,,,,,,
2026-05-26 04:00,2.0,3.5,2.0,1.5,2.83,0.83,1.83,1.0,,0.67,2.0,1.17,2.5,2.0,1.67,2.83,3.0,1.83,,,,,,,
2026-05-26 05:00,77.83,79.33,52.67,77.83,45.0,69.83,151.5,76.67,,68.17,74.33,76.33,88.33,74.67,95.0,41.33,102.5,43.5,,,,,,,
2026-05-26 06:00,272.17,310.83,288.0,290.0,292.33,275.17,399.83,281.5,,263.33,305.0,273.17,316.17,290.0,310.67,251.67,299.5,294.5,,,,,,,
2026-05-26 07:00,477.0,519.17,488.5,536.33,504.17,489.67,403.5,374.33,452.8,416.5,385.0,488.67,559.17,401.83,518.0,509.83,515.5,517.33,,,,,,,
2026-05-26 08:00,678.0,712.0,637.83,736.83,699.83,631.0,722.5,649.5,728.17,590.67,568.0,589.33,652.0,483.5,707.5,689.33,714.17,672.5,,,,,,,
2026-05-26 09:00,845.83,883.33,749.83,884.0,844.67,767.67,882.0,916.67,880.83,742.0,495.5,628.67,713.33,628.5,853.67,835.17,865.0,823.83,,,,,,,
2026-05-26 10:00,941.83,975.0,879.67,993.0,951.0,889.83,987.0,975.67,969.17,845.67,957.17,882.67,856.8,905.67,942.0,950.5,971.83,968.67,,,,,,,
2026-05-26 11:00,963.67,1044.5,961.83,1047.33,983.67,909.17,1034.5,975.83,1032.67,918.33,1012.0,941.17,1050.33,991.67,990.67,1005.0,1016.67,1016.83,,,,,,,
2026-05-26 12:00,964.17,1039.0,1005.5,1014.33,956.0,643.17,1025.17,997.0,1018.67,745.0,1019.67,938.0,1124.5,1006.83,969.5,948.83,1016.33,990.5,,,,,,,
2026-05-26 13:00,913.5,933.0,931.83,936.17,900.0,653.0,946.5,959.17,945.0,544.5,940.5,946.5,1040.0,940.67,898.0,910.0,944.5,926.83,,,,,,,
2026-05-26 14:00,796.17,829.67,804.83,835.0,760.0,596.33,692.0,821.67,805.33,563.0,811.67,800.17,868.83,814.33,772.83,799.17,808.0,796.5,,,,,,,
2026-05-26 15:00,620.33,652.0,619.5,,565.17,451.5,468.67,627.0,625.5,416.67,631.67,639.67,659.83,619.83,601.5,616.17,625.17,618.17,,,,,,,
2026-05-26 16:00,398.67,434.67,406.5,,375.5,415.0,318.17,322.83,413.0,381.5,426.0,432.0,433.33,412.17,399.33,408.33,408.83,406.17,,,,,,,
2026-05-26 17:00,166.17,206.0,185.33,,161.67,184.0,161.83,179.83,229.0,105.17,207.83,194.5,208.33,186.0,188.83,185.0,190.67,180.83,,,,,,,
2026-05-26 18:00,19.0,31.17,23.67,0.0,14.17,21.67,22.33,25.33,,11.0,35.17,29.67,33.67,22.17,26.83,31.5,28.33,29.67,,,,,,,
2026-05-26 19:00,0.0,0.0,0.0,0.0,0.0,0.0,0.0,0.0,,0.0,0.0,0.0,0.0,0.0,0.0,0.0,0.0,0.0,,,,,,,
2026-05-26 20:00,0.0,0.0,0.0,0.0,0.0,0.0,0.0,0.0,,0.0,0.0,0.0,0.0,0.0,0.0,0.0,0.0,0.0,,,,,,,
2026-05-26 21:00,0.0,0.0,0.0,0.0,0.0,0.0,0.0,0.0,,0.0,0.0,0.0,0.0,0.0,0.0,0.0,0.0,0.0,,,,,,,
2026-05-26 22:00,0.0,0.0,0.0,0.0,0.0,0.0,0.0,0.0,,0.0,0.0,0.0,0.0,0.0,0.0,0.0,0.0,0.0,,,,,,,
2026-05-26 23:00,0.0,0.0,0.0,0.0,0.0,0.0,0.0,0.0,,0.0,0.0,0.0,0.0,0.0,0.0,0.0,0.0,0.0,,,,,,,
2026-05-27 00:00,0.0,0.0,0.0,0.0,0.0,0.0,0.0,0.0,,0.0,0.0,0.0,0.0,0.0,0.0,0.0,0.0,0.0,,,,,,,
2026-05-27 01:00,0.0,0.5,0.0,0.0,0.0,0.0,0.0,0.0,,0.0,0.0,0.0,0.0,0.0,0.0,0.0,0.0,0.0,,,,,,,
2026-05-27 02:00,0.0,0.0,0.0,0.0,0.0,0.0,0.0,0.0,,0.0,0.0,0.0,0.17,0.0,0.0,0.0,0.0,0.0,,,,,,,
2026-05-27 03:00,0.0,0.0,0.0,0.0,0.0,0.0,0.0,0.0,,0.0,0.0,0.0,0.0,0.0,0.0,0.0,0.0,0.0,,,,,,,
2026-05-27 04:00,2.33,4.33,2.17,1.5,2.83,0.83,1.5,0.5,,0.67,1.67,0.67,1.5,1.17,1.17,3.17,3.0,2.33,,,,,,,
2026-05-27 05:00,71.5,112.17,57.67,53.5,54.5,67.0,38.0,35.83,,65.17,49.83,32.33,37.33,34.83,62.83,88.5,81.5,85.0,,,,,,,
2026-05-27 06:00,246.0,305.0,256.67,272.83,265.17,259.83,133.5,162.17,,257.0,150.83,145.17,127.67,116.67,282.33,264.5,266.67,283.83,,,,,,,
2026-05-27 07:00,453.67,505.5,465.0,512.33,485.83,480.67,337.33,344.83,535.0,459.0,390.5,292.67,296.67,359.33,495.33,431.5,490.33,472.33,,,,,,,
2026-05-27 08:00,648.33,695.83,666.83,719.67,677.5,675.67,580.67,514.5,701.5,635.67,624.83,530.67,440.83,338.33,690.5,656.67,687.83,679.0,,,,,,,
2026-05-27 09:00,818.5,862.83,813.0,879.33,831.83,817.67,817.0,525.17,862.33,775.33,856.67,836.67,587.0,633.5,844.0,820.83,844.17,841.0,,,,,,,
2026-05-27 10:00,910.83,956.83,939.5,980.17,932.33,885.17,829.5,1029.33,974.33,869.33,935.83,943.67,888.6,801.67,942.83,932.0,952.5,950.5,,,,,,,
2026-05-27 11:00,935.83,1015.0,990.83,1027.17,968.5,924.17,1037.33,986.83,1022.67,920.0,1029.17,919.0,887.0,1022.17,976.17,1000.5,992.0,1005.17,,,,,,,
2026-05-27 12:00,938.67,1010.33,962.0,1008.83,952.5,920.67,1038.83,1033.67,1011.5,902.33,915.5,1041.67,1057.0,949.0,959.33,997.83,981.0,992.33,,,,,,,
2026-05-27 13:00,891.17,911.0,905.17,925.0,889.0,866.33,715.5,938.0,934.67,901.83,882.83,962.0,946.67,814.17,885.33,925.5,913.33,913.17,926.0,,,,,,
2026-05-27 14:00,774.67,809.5,774.67,824.5,743.33,767.0,621.33,793.33,807.83,770.33,613.33,825.0,715.5,722.5,742.5,786.67,782.33,777.67,809.33,,,,,,
2026-05-27 15:00,597.5,631.17,598.17,,547.33,619.83,559.83,640.67,626.67,608.0,613.5,626.0,637.83,594.17,562.83,609.5,601.0,600.5,634.5,,,,,,
2026-05-27 16:00,356.17,417.83,380.17,,383.17,392.83,360.5,419.0,416.33,366.5,372.17,429.0,399.17,324.0,340.67,381.17,389.67,377.67,422.5,,,,,,
2026-05-27 17:00,144.67,183.0,157.0,,163.17,188.5,169.17,158.83,251.0,108.33,186.67,107.5,91.0,84.0,121.17,168.0,165.33,161.67,205.83,,,,,,
2026-05-27 18:00,18.67,33.17,23.5,0.0,11.83,23.67,21.0,18.0,,7.5,25.67,14.17,18.17,16.83,7.33,26.0,27.67,24.67,28.67,,,,,,
2026-05-27 19:00,0.0,0.0,0.0,0.0,0.0,0.0,0.0,0.0,,0.0,0.0,0.0,0.0,0.0,0.0,0.0,0.0,0.0,0.0,,,,,,
2026-05-27 20:00,0.0,0.0,0.0,0.0,0.0,0.0,0.0,0.0,,0.0,0.0,0.0,0.0,0.0,0.0,0.0,0.0,0.0,0.0,,,,,,
2026-05-27 21:00,0.0,0.0,0.0,0.0,0.0,0.0,0.0,0.0,,0.0,0.0,0.0,0.17,0.17,0.0,0.0,0.0,0.0,0.0,,,,,,
2026-05-27 22:00,0.0,0.0,0.0,0.0,0.0,0.0,0.0,0.0,,0.0,0.0,0.0,0.17,0.0,0.0,0.0,0.0,0.0,0.0,,,,,,
2026-05-27 23:00,0.0,0.0,0.0,0.0,0.0,0.0,0.0,0.0,,0.0,0.0,0.0,0.0,0.0,0.0,0.0,0.0,0.0,0.0,,,,,,
2026-05-28 00:00,0.0,0.0,0.0,0.0,0.0,0.0,0.0,0.0,,0.0,0.0,0.0,0.0,0.0,0.0,0.0,0.0,0.0,0.0,,,,,,
2026-05-28 01:00,0.0,0.0,0.0,0.0,0.0,0.0,0.0,0.0,,0.0,0.0,0.0,0.0,0.0,0.0,0.0,0.0,0.0,0.0,,,,,,
2026-05-28 02:00,0.0,0.0,0.0,0.0,0.0,0.0,0.0,0.0,,0.0,0.0,0.0,0.0,0.0,0.0,0.0,0.0,0.0,0.0,,,,,,
2026-05-28 03:00,0.0,0.0,0.0,0.0,0.0,0.0,0.0,0.0,,0.0,0.0,0.0,0.0,0.0,0.0,0.0,0.0,0.0,0.0,,,,,,
2026-05-28 04:00,1.67,3.33,2.0,0.83,1.83,0.33,2.33,1.17,,0.17,2.67,1.5,2.0,1.67,0.83,2.5,2.17,1.83,1.17,,,,,,
2026-05-28 05:00,34.17,64.67,46.5,43.5,54.33,72.5,99.0,91.33,,68.83,119.67,91.67,88.17,68.33,41.67,53.83,72.67,74.83,43.83,,,,,,
2026-05-28 06:00,214.67,244.5,295.5,197.0,281.17,279.83,332.83,337.83,250.0,282.67,326.17,204.67,309.67,213.0,156.83,302.83,262.67,301.17,291.0,,,,,,
2026-05-28 07:00,441.5,528.83,512.67,503.33,498.17,482.83,512.33,489.67,559.2,474.0,511.0,487.17,449.5,386.5,482.17,514.83,467.67,531.17,401.17,,,,,,
2026-05-28 08:00,656.5,724.33,709.0,748.5,689.0,677.0,731.0,685.5,665.5,641.67,711.17,725.67,738.5,613.0,710.17,683.0,639.67,707.5,690.83,,,,,,
2026-05-28 09:00,826.33,898.83,831.33,888.67,848.67,804.33,891.5,881.5,851.33,804.67,804.5,833.5,904.83,858.33,804.33,882.17,901.83,846.5,894.5,,,,,,
2026-05-28 10:00,829.67,1001.0,920.33,988.5,880.67,906.67,1002.83,895.67,970.67,890.67,936.83,956.33,1068.17,972.5,937.0,958.33,978.67,930.0,1001.83,,,,,,
2026-05-28 11:00,599.33,1072.0,774.0,981.67,1002.17,941.67,1071.67,1038.17,1064.5,939.5,1057.17,828.83,1139.5,1020.33,884.5,934.17,1016.33,956.83,1050.17,,,,,,
2026-05-28 12:00,597.33,1040.5,825.5,871.0,893.0,957.33,943.17,1023.5,914.83,945.83,932.83,1031.33,1076.5,1011.5,560.33,995.0,1007.33,989.17,1043.83,,,,,,
2026-05-28 13:00,859.17,895.0,885.33,795.0,829.0,920.5,898.0,855.83,908.5,905.0,977.33,878.83,1000.17,934.67,772.83,933.83,1006.0,902.33,968.33,,,,,,
2026-05-28 14:00,810.17,748.67,812.17,675.6,806.67,811.0,755.83,781.33,780.33,775.33,798.5,794.83,869.67,804.17,675.83,813.83,,773.5,802.33,,,,,,
2026-05-28 15:00,622.17,613.33,605.33,,579.5,552.5,512.33,652.33,642.33,576.67,613.17,651.67,665.83,597.33,502.33,644.33,,614.83,607.33,,,,,,
2026-05-28 16:00,395.17,324.83,360.33,,418.0,403.33,237.5,381.5,436.0,415.83,361.33,391.17,416.17,376.17,378.33,404.5,,396.33,443.5,,,,,,
2026-05-28 17:00,132.83,164.83,183.0,,185.33,187.67,111.5,217.17,231.75,112.67,214.83,191.17,221.17,232.67,165.67,135.67,133.6,162.17,207.5,,,,,,
2026-05-28 18:00,21.17,24.17,28.5,0.0,12.0,23.83,14.0,35.83,,11.0,26.33,34.33,41.83,30.17,28.33,28.67,35.33,21.0,34.67,,,,,,
2026-05-28 19:00,0.0,0.0,0.0,0.0,0.0,0.0,0.0,0.0,,0.0,0.0,0.0,0.0,0.0,0.0,0.0,0.0,0.0,0.0,,,,,,
2026-05-28 20:00,0.0,0.0,0.0,0.0,0.0,0.0,0.0,0.0,,0.0,0.0,0.0,0.0,0.0,0.0,0.0,0.0,0.0,0.0,,,,,,
2026-05-28 21:00,0.0,0.0,0.0,0.0,0.0,0.0,0.0,0.0,,0.0,0.0,0.0,0.0,0.0,0.0,0.0,0.0,0.0,0.0,,,,,,
2026-05-28 22:00,0.0,0.0,0.0,0.0,0.0,0.0,0.0,0.0,,0.0,0.0,0.0,0.0,0.0,0.0,0.0,0.0,0.0,0.0,,,,,,
2026-05-28 23:00,0.0,0.0,0.0,0.0,0.0,0.0,0.0,0.0,,0.0,0.0,0.0,0.0,0.0,0.0,0.0,0.0,0.0,0.0,,,,,,
2026-05-29 00:00,0.0,0.0,0.0,0.0,0.0,0.0,0.0,0.0,,0.0,0.0,0.0,0.0,0.0,0.0,0.0,0.0,0.0,0.0,,,,,,
2026-05-29 01:00,0.0,0.0,0.0,0.0,0.0,0.0,0.0,0.0,,0.0,0.0,0.0,0.0,0.0,0.0,0.0,0.0,0.0,0.0,,,,,,
2026-05-29 02:00,0.0,0.0,0.0,0.0,0.0,0.0,0.0,0.0,,0.0,0.0,0.0,0.0,0.0,0.0,0.0,0.0,0.0,0.0,,,,,,
2026-05-29 03:00,0.0,0.0,0.0,0.0,0.0,0.0,0.0,0.0,,0.0,0.0,0.0,0.0,0.0,0.0,0.0,0.0,0.0,0.0,,,,,,
2026-05-29 04:00,2.0,2.33,2.0,1.5,1.83,0.83,2.17,1.83,,0.5,2.33,1.5,1.67,2.17,1.0,2.83,1.5,2.17,1.33,,,,,,
2026-05-29 05:00,55.83,46.17,59.67,80.17,55.0,78.83,90.5,84.33,,73.33,76.33,88.17,96.33,70.5,98.83,84.5,47.33,92.67,88.17,,,,,,
2026-05-29 06:00,246.17,90.67,283.5,302.17,293.83,281.5,297.83,284.33,,271.33,272.17,292.33,296.17,210.0,304.33,290.0,99.83,285.17,293.33,,,,,,
2026-05-29 07:00,499.83,241.83,499.67,529.67,506.33,500.5,527.67,488.0,541.2,474.17,352.83,514.67,539.33,493.33,520.17,495.67,350.67,477.83,522.5,,,,,,
2026-05-29 08:00,526.17,310.5,694.67,742.67,698.5,693.67,731.67,709.0,720.17,652.83,649.0,720.17,735.83,700.0,715.67,594.17,639.83,699.0,727.17,,,,,,
2026-05-29 09:00,793.67,595.5,797.33,899.83,852.33,834.67,896.83,879.17,885.17,790.5,844.83,866.17,922.5,866.67,869.17,718.83,806.83,771.5,886.33,,,,,,
2026-05-29 10:00,891.0,721.5,649.67,1008.17,968.83,902.33,991.67,992.83,984.67,880.83,784.5,987.5,1074.33,977.17,965.83,925.67,956.0,986.83,1002.33,,,,,,
2026-05-29 11:00,700.33,799.83,837.67,1053.5,866.67,939.0,1037.17,1044.33,1036.17,925.67,1010.67,1051.17,1133.5,1028.33,1008.17,991.17,1048.5,966.17,1055.67,,,,,,
2026-05-29 12:00,842.17,758.83,926.5,1038.5,822.33,955.33,1031.5,1044.0,1030.5,940.5,1008.0,1042.5,1129.83,1020.5,993.0,1029.0,1018.83,1016.33,1043.0,,,,,,
2026-05-29 13:00,946.0,716.83,926.33,953.83,927.67,913.67,948.33,972.33,962.33,903.17,931.5,970.33,1036.5,944.33,922.83,952.5,944.5,938.83,974.67,,,,,,
2026-05-29 14:00,815.83,662.33,802.5,836.8,793.0,792.0,815.5,838.17,834.17,774.5,803.83,835.67,887.67,813.33,797.83,813.17,812.83,807.83,844.17,,,,,,
2026-05-29 15:00,630.83,608.17,620.67,,605.0,615.17,531.0,656.0,647.67,597.0,624.0,655.17,677.17,620.5,625.67,642.67,633.17,625.67,665.17,,,,,,
2026-05-29 16:00,400.0,370.83,402.0,,411.83,405.83,305.5,440.17,429.5,386.33,413.5,435.83,447.5,418.5,421.83,429.83,419.5,403.33,448.0,,,,,,
2026-05-29 17:00,172.5,196.5,191.67,,179.17,178.33,161.17,206.83,253.33,93.83,195.0,211.33,218.17,202.17,204.17,199.83,197.0,178.83,216.33,,,,,,
2026-05-29 18:00,20.0,33.17,25.33,0.0,12.33,24.17,14.17,32.5,,11.5,18.33,31.0,39.67,27.33,30.5,28.83,33.33,26.5,34.33,,,,,,
2026-05-29 19:00,0.0,0.0,0.0,0.0,0.0,0.0,0.0,0.0,,0.0,0.0,0.0,0.0,0.0,0.0,0.0,0.0,0.0,0.0,,,,,,
2026-05-29 20:00,0.0,0.0,0.0,0.0,0.0,0.0,0.0,0.0,,0.0,0.0,0.0,0.0,0.0,0.0,0.0,0.0,0.0,0.0,,,,,,
2026-05-29 21:00,0.0,0.0,0.0,0.0,0.0,0.0,0.0,0.0,,0.0,0.0,0.0,0.0,0.0,0.0,0.0,0.0,0.0,0.0,,,,,,
2026-05-29 22:00,0.0,0.0,0.0,0.0,0.0,0.0,0.0,0.0,,0.0,0.0,0.0,0.0,0.0,0.0,0.0,0.0,0.0,0.0,,,,,,
2026-05-29 23:00,0.0,0.0,0.0,0.0,0.0,0.0,0.0,0.0,,0.0,0.0,0.0,0.0,0.0,0.0,0.0,0.0,0.0,0.0,,,,,,
2026-05-30 00:00,0.0,0.0,0.0,0.0,0.0,0.0,0.0,0.0,,0.0,0.0,0.0,0.0,0.0,0.0,0.33,0.0,0.0,0.0,,,,,,
2026-05-30 01:00,0.0,0.0,0.0,0.0,0.0,0.0,0.0,0.0,,0.0,0.0,0.0,0.0,0.0,0.0,0.17,0.0,0.0,0.0,,,,,,
2026-05-30 02:00,0.0,0.0,0.0,0.0,0.0,0.0,0.0,0.0,,0.0,0.0,0.0,0.0,0.0,0.0,0.0,0.0,0.0,0.0,,,,,,
2026-05-30 03:00,0.0,0.0,0.0,0.0,0.0,0.0,0.0,0.0,,0.0,0.0,0.0,0.0,0.0,0.0,0.5,0.0,0.17,0.0,,,,,,
2026-05-30 04:00,1.83,2.5,2.17,1.67,2.0,0.67,2.5,1.67,,0.5,2.17,1.67,2.17,2.5,1.0,3.0,2.17,1.83,1.5,,,,,,
2026-05-30 05:00,53.0,56.0,53.0,68.83,59.0,86.17,102.5,81.67,,80.5,51.5,83.67,77.17,37.67,35.33,69.83,36.5,40.33,90.17,,,,,,
2026-05-30 06:00,287.17,164.17,201.0,302.67,280.67,294.67,305.67,288.0,,292.83,198.0,282.67,246.67,214.17,268.0,257.67,173.17,203.17,292.17,,,,,,
2026-05-30 07:00,483.83,499.17,512.67,501.0,488.5,516.67,425.0,463.83,527.0,499.17,368.0,476.5,317.0,274.17,507.33,505.33,321.0,479.67,517.67,,,,,,
2026-05-30 08:00,713.67,703.0,609.5,726.0,679.5,710.17,706.0,677.0,706.33,671.5,608.83,620.83,638.0,550.67,699.5,663.17,596.0,676.83,719.33,,,,,,
2026-05-30 09:00,837.5,878.0,831.83,880.5,839.0,848.17,914.67,863.17,867.83,808.17,644.67,790.33,843.83,745.33,854.33,781.67,865.33,838.83,881.17,,,,,,
2026-05-30 10:00,929.0,980.0,965.17,979.33,934.83,908.5,992.5,845.5,975.0,896.17,703.5,858.17,1037.5,962.83,947.0,968.67,982.5,965.83,989.17,,,,,,
2026-05-30 11:00,899.67,1052.17,1013.5,988.33,974.0,944.0,1048.67,1027.67,1028.33,940.5,990.83,933.83,1115.33,1014.5,951.17,959.33,1005.17,992.0,1038.83,,,,,,
2026-05-30 12:00,971.0,987.5,1004.17,1040.83,956.83,959.83,1032.0,1021.5,1015.83,951.5,1005.5,1008.17,1075.5,1008.33,966.17,669.17,993.17,1010.67,1026.83,,,,,,
2026-05-30 13:00,935.67,910.17,951.17,913.67,903.0,921.5,954.0,950.67,932.83,916.0,928.0,948.83,997.5,938.0,894.5,918.83,929.17,886.33,951.17,,,,,,
2026-05-30 14:00,802.5,808.0,756.5,817.4,766.5,803.67,821.83,819.5,810.17,787.33,798.5,822.5,870.83,805.5,781.0,808.0,789.0,794.67,818.67,,,,,,
2026-05-30 15:00,599.83,629.67,613.83,,591.67,632.0,639.33,644.67,640.33,611.83,624.67,643.17,693.17,618.0,612.0,639.67,617.17,614.5,644.83,,,,,,
2026-05-30 16:00,412.83,371.17,408.5,,402.5,413.33,398.83,434.5,428.17,404.17,415.83,434.0,464.33,421.0,415.17,431.83,406.83,403.0,433.0,,,,,,
2026-05-30 17:00,187.33,201.33,200.83,,184.33,183.5,170.33,205.83,258.0,89.67,208.83,210.67,224.33,203.33,203.33,190.17,206.17,172.67,210.67,,,,,,
2026-05-30 18:00,24.33,26.33,32.33,0.0,12.5,24.0,32.67,32.83,,8.33,28.5,32.0,41.5,24.67,30.33,14.67,33.33,20.5,34.33,,,,,,
2026-05-30 19:00,0.0,0.0,0.0,0.0,0.0,0.0,0.0,0.0,,0.0,0.0,0.0,0.0,0.0,0.0,0.0,0.0,0.0,0.0,,,,,,
2026-05-30 20:00,0.0,0.0,0.0,0.0,0.0,0.0,0.0,0.0,,0.0,0.0,0.0,0.0,0.0,0.0,0.0,0.0,0.0,0.0,,,,,,
2026-05-30 21:00,0.0,0.0,0.0,0.0,0.0,0.0,0.0,0.0,,0.0,0.0,0.0,0.0,0.0,0.0,0.0,0.0,0.0,0.0,,,,,,
2026-05-30 22:00,0.0,0.0,0.0,0.0,0.0,0.0,0.0,0.0,,0.0,0.0,0.0,0.0,0.0,0.0,0.0,0.0,0.0,0.0,,,,,,
2026-05-30 23:00,0.0,0.0,0.0,0.0,0.0,0.0,0.0,0.0,,0.0,0.0,0.0,0.0,0.0,0.0,0.0,0.0,0.0,0.0,,,,,,
2026-05-31 00:00,0.0,0.0,0.0,0.0,0.0,0.0,0.0,0.0,,0.0,0.0,0.0,0.0,0.0,0.0,0.0,0.0,0.0,0.0,,,,,,
2026-05-31 01:00,0.0,0.0,0.0,0.0,0.0,0.0,0.0,0.0,,0.0,0.0,0.0,0.0,0.0,0.0,0.0,0.0,0.0,0.0,,,,,,
2026-05-31 02:00,0.0,0.0,0.0,0.0,0.0,0.0,0.0,0.0,,0.0,0.0,0.0,0.0,0.17,0.0,0.0,0.0,0.0,0.0,,,,,,
2026-05-31 03:00,0.0,0.0,0.0,0.0,0.0,0.0,0.0,0.0,,0.0,0.0,0.0,0.0,0.0,0.0,0.0,0.0,0.0,0.0,,,,,,
2026-05-31 04:00,2.83,4.33,2.5,2.17,2.0,0.83,2.83,1.83,,0.67,2.67,1.33,2.17,1.83,1.5,3.5,2.67,2.83,1.5,,,,,,
2026-05-31 05:00,79.33,123.67,57.67,76.0,57.83,83.0,99.5,79.67,,78.67,78.5,80.0,90.33,71.17,93.33,92.5,47.0,90.33,90.33,,,,,,
2026-05-31 06:00,264.0,320.0,277.83,293.83,285.17,288.33,286.83,274.67,,288.33,301.33,280.83,277.33,277.5,293.17,288.83,274.17,282.83,294.0,,,,,,
2026-05-31 07:00,475.67,515.5,489.33,485.33,493.67,506.67,507.0,467.5,532.2,493.83,514.67,465.67,514.33,487.17,498.83,493.17,517.83,490.17,512.0,,,,,,
2026-05-31 08:00,680.83,705.83,682.0,687.17,685.0,700.5,635.5,692.67,703.5,667.67,704.0,684.0,709.33,646.67,671.17,692.67,714.17,672.67,711.67,,,,,,
2026-05-31 09:00,846.33,887.17,842.5,894.17,783.33,839.5,767.67,840.5,866.67,801.0,805.83,829.83,894.67,488.83,768.83,847.17,866.83,856.67,781.0,,,,,,
2026-05-31 10:00,757.33,988.17,697.17,918.0,923.0,901.0,967.5,953.0,965.17,887.5,725.0,960.83,963.17,725.0,929.5,943.83,999.0,857.67,992.33,,,,,,
2026-05-31 11:00,920.17,1079.17,978.17,997.0,940.17,934.33,939.5,1014.33,1016.83,933.83,926.33,978.83,1083.83,1021.33,983.5,1019.33,932.33,1022.83,1039.17,,,,,,
2026-05-31 12:00,887.67,833.67,849.67,1034.0,953.83,950.83,1029.67,1018.67,1006.0,942.33,1003.67,1014.5,1053.0,996.5,880.17,805.17,1004.33,961.33,1028.83,,,,,,
2026-05-31 13:00,809.33,967.5,742.67,846.0,892.83,916.67,935.0,944.67,936.83,851.33,925.0,945.5,944.0,926.5,796.67,719.5,952.67,921.5,962.67,,,,,,
2026-05-31 14:00,773.83,602.83,789.0,837.25,761.0,798.33,765.67,816.5,786.0,775.17,800.83,816.33,882.0,800.17,769.17,793.5,760.17,771.17,686.67,,,,,,
2026-05-31 15:00,632.83,584.83,618.33,,419.67,635.83,635.5,642.83,626.67,558.5,610.33,636.33,682.67,617.83,600.67,616.5,592.83,604.0,631.17,,,,,,
2026-05-31 16:00,469.83,375.0,418.0,,255.67,416.0,419.83,434.83,428.67,400.5,425.83,430.17,451.0,423.0,407.67,375.17,469.83,395.83,424.0,,,,,,
2026-05-31 17:00,219.83,203.67,197.33,,88.83,177.5,188.67,207.17,,99.0,205.0,209.5,235.0,209.67,204.67,214.33,269.5,172.83,207.17,,,,,,
2026-05-31 18:00,21.5,34.17,27.17,,18.5,37.67,24.5,34.83,,18.83,39.17,32.67,45.17,31.33,31.33,33.67,33.0,28.67,35.0,,,,,,
2026-05-31 19:00,0.0,0.0,0.0,0.0,0.0,0.0,0.0,0.0,,0.0,0.0,0.0,0.0,0.0,0.0,0.0,0.0,0.0,0.0,,,,,,
2026-05-31 20:00,0.0,0.0,0.0,0.0,0.0,0.0,0.0,0.0,,0.0,0.0,0.0,0.0,0.0,0.0,0.0,0.0,0.0,0.0,,,,,,
2026-05-31 21:00,0.0,0.0,0.0,0.0,0.0,0.0,0.0,0.0,,0.0,0.0,0.0,0.0,0.0,0.0,0.0,0.0,0.0,0.0,,,,,,
2026-05-31 22:00,0.0,0.0,0.0,0.0,0.0,0.0,0.0,0.0,,0.0,0.0,0.0,0.0,0.0,0.0,0.0,0.0,0.0,0.0,,,,,,
2026-05-31 23:00,0.0,0.0,0.0,0.0,0.0,0.0,0.0,0.0,,0.0,0.0,0.0,0.0,0.0,0.0,0.0,0.0,0.0,0.0,,,,,,
2026-06-01 00:00,0.0,0.0,0.0,0.0,0.0,0.0,0.0,0.0,,0.0,0.0,0.0,0.0,0.0,0.0,0.0,0.0,0.0,0.0,,,,,,
2026-06-01 01:00,0.0,0.0,0.0,0.0,0.0,0.0,0.0,0.0,,0.0,0.0,0.0,0.0,0.0,0.0,0.0,0.0,0.0,0.0,,,,,,
2026-06-01 02:00,0.0,0.0,0.0,0.0,0.0,0.0,0.0,0.0,,0.0,0.0,0.0,0.0,0.0,0.0,0.0,0.0,0.0,0.0,,,,,,
2026-06-01 03:00,0.0,0.0,0.0,0.0,0.0,0.0,0.0,0.0,,0.0,0.0,0.0,0.0,0.0,0.0,0.0,0.0,0.0,0.0,,,,,,
2026-06-01 04:00,2.33,5.33,2.5,2.0,2.0,0.67,2.67,1.5,,0.67,4.5,1.83,2.33,3.17,1.33,3.33,3.0,2.83,0.83,,,,,,
2026-06-01 05:00,83.83,121.33,58.83,79.5,59.0,81.5,79.17,68.17,,76.83,83.5,87.0,75.17,77.17,99.17,101.33,112.67,96.33,77.17,,,,,,
2026-06-01 06:00,280.0,316.33,299.83,305.5,292.83,293.67,222.33,284.83,,287.67,315.33,231.17,249.83,278.67,305.67,304.33,317.83,303.17,285.0,,,,,,
2026-06-01 07:00,485.17,515.17,445.17,501.0,505.67,519.17,375.0,558.33,516.5,496.83,496.5,502.67,537.67,477.17,511.67,520.0,530.0,518.0,523.33,,,,,,
2026-06-01 08:00,695.67,698.83,702.17,718.33,696.0,715.67,729.17,703.33,715.67,673.67,719.83,715.67,756.67,704.33,700.17,712.0,730.67,705.0,725.0,,,,,,
2026-06-01 09:00,853.67,865.67,857.33,874.33,850.67,855.17,761.5,868.17,885.67,811.33,873.33,877.5,972.0,860.17,852.33,868.17,886.33,853.17,887.83,,,,,,
2026-06-01 10:00,937.17,981.33,972.5,976.5,953.33,913.0,970.0,997.67,1026.0,900.0,974.5,984.5,1068.17,970.83,947.0,976.5,991.0,958.33,925.0,,,,,,
2026-06-01 11:00,963.67,1062.33,1018.67,1050.5,978.0,949.5,1036.17,1011.0,1040.33,948.5,1004.83,909.33,1044.0,943.67,1002.33,1023.33,1028.0,1009.5,1051.0,,,,,,
2026-06-01 12:00,965.67,1040.17,993.83,894.67,902.17,960.5,1006.5,1024.67,976.33,951.0,1009.67,1015.83,998.33,1039.67,851.33,1019.33,1023.17,963.67,1050.0,,,,,,
2026-06-01 13:00,890.33,948.67,817.5,938.5,892.33,922.83,830.83,956.33,911.17,912.67,855.33,958.67,973.83,946.17,906.83,910.33,897.67,899.0,972.17,,,,,,
2026-06-01 14:00,666.0,735.0,705.67,,769.5,806.5,762.83,833.17,801.5,786.67,719.5,828.5,869.5,824.0,786.33,736.0,688.33,724.33,836.17,,,,,,
2026-06-01 15:00,541.4,605.2,550.33,,585.8,653.0,583.0,674.2,635.33,630.6,618.4,669.2,739.4,655.4,630.8,647.6,567.5,663.6,658.4,,,,,,
2026-06-01 16:00,429.33,367.0,428.0,,405.17,421.33,344.33,444.33,436.17,411.0,440.17,438.33,483.0,434.67,413.33,433.33,406.5,408.17,433.83,,,,,,
2026-06-01 17:00,195.67,202.5,194.0,,193.67,192.0,155.5,213.5,268.0,91.5,208.5,216.17,241.83,216.17,207.0,203.67,188.5,175.5,214.17,,,,,,
2026-06-01 18:00,20.0,37.0,29.33,0.0,13.67,27.0,22.17,35.17,,13.0,40.5,33.17,44.0,30.33,33.17,33.67,34.5,28.67,30.83,,,,,,
2026-06-01 19:00,0.0,0.0,0.0,0.0,0.0,0.0,0.0,0.0,,0.0,0.0,0.0,0.0,0.0,0.0,0.0,0.0,0.0,0.0,,,,,,
2026-06-01 20:00,0.0,0.0,0.0,0.0,0.0,0.0,0.0,0.0,,0.0,0.0,0.0,0.0,0.0,0.0,0.0,0.0,0.0,0.0,,,,,,
2026-06-01 21:00,0.0,0.0,0.0,0.0,0.0,0.0,0.0,0.0,,0.0,0.0,0.0,0.0,0.0,0.0,0.0,0.0,0.0,0.0,,,,,,
2026-06-01 22:00,0.0,0.0,0.0,0.0,0.0,0.0,0.0,0.0,,0.0,0.0,0.0,0.0,0.0,0.0,0.0,0.0,0.0,0.0,,,,,,
2026-06-01 23:00,0.0,0.0,0.0,0.0,0.0,0.0,0.0,0.0,,0.0,0.0,0.0,0.0,0.0,0.0,0.0,0.0,0.0,0.0,,,,,,
2026-06-02 00:00,0.0,0.0,0.0,0.0,0.0,0.0,0.0,0.0,,0.0,0.0,0.0,0.0,0.0,0.0,0.0,0.0,0.0,0.0,,,,,,
2026-06-02 01:00,0.0,0.0,0.0,0.0,0.0,0.0,0.0,0.0,,0.0,0.0,0.0,0.0,0.0,0.0,0.0,0.0,0.0,0.0,,,,,,
2026-06-02 02:00,0.0,0.0,0.0,0.0,0.0,0.0,0.0,0.0,,0.0,0.0,0.0,0.0,0.0,0.0,1.0,0.0,0.0,0.0,,,,,,
2026-06-02 03:00,0.0,0.0,0.0,0.0,0.0,0.0,0.0,0.0,,0.0,0.0,0.0,0.0,0.0,0.0,0.0,0.0,0.0,0.0,,,,,,
2026-06-02 04:00,2.33,4.5,2.33,2.17,2.33,0.67,3.0,2.17,,0.33,2.67,2.33,2.33,2.5,5.17,3.17,2.17,2.5,1.83,,,,,,
2026-06-02 05:00,66.0,106.83,59.0,79.5,58.83,74.17,72.0,89.5,,64.33,84.5,88.33,95.67,75.5,104.67,69.67,45.5,92.5,73.5,,,,,,
2026-06-02 06:00,258.17,309.33,284.67,308.67,289.33,259.83,275.17,287.17,,275.33,306.67,299.5,281.17,293.17,304.33,275.33,146.5,291.83,295.0,,,,,,
2026-06-02 07:00,467.17,502.83,524.17,512.67,497.83,467.17,471.33,481.0,535.2,452.33,501.0,506.0,532.17,498.33,517.83,517.83,404.67,514.5,518.0,,,,,,
2026-06-02 08:00,666.33,688.67,686.17,737.67,689.17,686.33,655.67,701.17,717.83,633.33,692.17,710.0,772.5,690.67,711.5,732.5,701.33,700.33,718.67,,,,,,
2026-06-02 09:00,818.33,872.67,843.67,894.0,836.33,835.17,882.17,868.0,887.0,789.67,878.5,871.67,932.0,852.83,857.0,873.33,857.33,847.5,857.0,,,,,,
2026-06-02 10:00,908.33,967.67,953.67,1002.0,933.67,900.5,990.17,985.33,993.17,878.17,977.17,979.5,1029.33,962.33,955.67,959.83,962.67,960.33,999.67,,,,,,
2026-06-02 11:00,936.67,1039.33,1015.17,1047.67,970.67,934.33,1039.67,1022.83,1036.0,924.67,1021.17,1034.5,1101.33,1021.67,1000.5,1025.83,1002.0,1019.0,1061.67,,,,,,
2026-06-02 12:00,944.67,1022.17,1014.0,1033.83,955.17,950.67,1027.67,1012.5,1029.33,939.33,1005.67,1035.83,1116.33,1020.83,983.17,1029.83,992.5,1019.33,1051.5,,,,,,
2026-06-02 13:00,913.17,942.67,947.0,952.5,895.67,916.0,956.17,957.33,950.17,906.5,933.17,967.33,1042.5,949.17,910.5,947.33,927.67,949.0,970.67,,,,,,
2026-06-02 14:00,810.83,810.67,827.67,,769.83,805.83,820.33,833.83,825.67,786.83,815.67,835.83,888.17,817.67,789.67,797.67,802.33,812.67,827.0,,,,,,
2026-06-02 15:00,640.33,638.5,640.67,,591.83,633.67,637.0,656.67,653.67,613.5,641.17,654.17,719.33,628.17,624.0,624.83,627.33,636.17,641.17,,,,,,
2026-06-02 16:00,427.67,379.17,423.33,,409.5,423.0,428.33,444.0,443.17,415.17,431.17,428.83,480.67,429.83,422.17,437.67,424.83,408.0,439.17,,,,,,
2026-06-02 17:00,195.0,210.33,205.17,,188.33,192.33,192.0,213.5,273.67,93.33,214.83,214.83,237.67,212.67,211.83,220.33,209.0,177.0,212.67,,,,,,
2026-06-02 18:00,22.5,22.5,29.33,,14.17,25.0,26.17,33.67,,9.0,40.83,33.0,40.17,33.5,35.33,33.67,39.0,28.33,34.83,,,,,,
2026-06-02 19:00,0.0,0.0,0.0,0.0,0.0,0.0,0.0,0.0,,0.0,0.0,0.0,0.0,0.0,0.0,0.0,0.0,0.0,0.0,,,,,,
2026-06-02 20:00,0.0,0.0,0.0,0.0,0.0,0.0,0.0,0.0,,0.0,0.0,0.0,0.0,0.0,0.0,0.0,0.0,0.0,0.0,,,,,,
2026-06-02 21:00,0.0,0.0,0.0,0.0,0.0,0.0,0.0,0.0,,0.0,0.0,0.0,0.0,0.0,0.0,0.0,0.0,0.0,0.0,,,,,,
2026-06-02 22:00,0.0,0.0,0.0,0.0,0.0,0.0,0.0,0.0,,0.0,0.0,0.0,0.0,0.0,0.0,0.0,0.0,0.0,0.0,,,,,,
2026-06-02 23:00,0.0,0.0,0.0,0.0,0.0,0.0,0.0,0.0,,0.0,0.0,0.0,0.0,0.0,0.0,0.0,0.0,0.0,0.0,,,,,,
2026-06-03 00:00,0.0,0.0,0.0,0.0,0.0,0.0,0.0,0.0,,0.0,0.0,0.0,0.0,0.0,0.0,0.0,0.0,0.0,0.0,,,,,,
2026-06-03 01:00,0.0,0.0,0.0,0.0,0.0,0.0,0.0,0.0,,0.0,0.0,0.0,0.0,0.0,0.0,0.0,0.0,0.0,0.0,,,,,,
2026-06-03 02:00,0.0,0.0,0.0,0.0,0.0,0.0,0.0,0.0,,0.0,0.0,0.0,0.0,0.0,0.0,0.0,0.0,0.0,0.0,,,,,,
2026-06-03 03:00,0.0,0.0,0.0,0.0,0.0,0.0,0.0,0.0,,0.0,0.0,0.0,0.0,0.0,0.0,0.0,0.0,0.0,0.0,,,,,,
2026-06-03 04:00,2.83,6.0,2.5,2.67,2.17,1.17,3.83,2.17,,0.67,3.33,2.0,2.5,2.67,1.5,4.0,3.83,3.33,2.0,,,,,,
2026-06-03 05:00,84.67,125.83,59.33,77.5,58.83,77.67,96.5,84.17,,73.0,82.67,89.0,92.0,72.83,95.17,104.83,108.67,99.67,95.33,,,,,,
2026-06-03 06:00,279.17,328.83,292.67,299.33,297.33,275.67,302.0,269.17,,269.67,301.17,288.83,280.17,292.17,296.67,278.83,314.83,301.5,252.5,,,,,,
2026-06-03 07:00,485.83,530.5,511.5,502.0,509.67,494.33,516.33,470.5,509.67,476.17,527.67,505.17,532.67,495.17,511.17,514.17,530.67,516.0,505.17,,,,,,
2026-06-03 08:00,689.17,722.5,694.5,728.67,698.33,682.0,726.33,690.0,701.67,648.83,703.5,701.5,773.5,692.83,704.33,736.33,719.67,708.67,707.0,,,,,,
2026-06-03 09:00,837.83,919.33,864.17,879.83,850.67,820.5,881.83,843.83,858.5,784.5,876.5,860.0,943.83,854.33,849.83,884.0,889.67,868.67,867.17,,,,,,
2026-06-03 10:00,932.83,1008.33,974.5,982.83,950.0,883.5,979.5,955.67,963.5,873.0,987.17,963.5,1047.33,947.67,938.17,967.33,989.0,981.33,978.0,,,,,,
2026-06-03 11:00,959.0,1081.67,1021.67,1035.83,970.83,919.0,980.67,996.0,1014.0,913.5,1023.0,1008.83,1093.0,999.83,982.5,1018.67,1012.67,1030.5,1027.83,,,,,,
2026-06-03 12:00,875.33,1022.67,818.17,1017.17,972.0,930.5,835.83,1006.33,999.33,925.0,674.17,1014.17,1097.0,1008.17,969.83,1006.33,763.67,907.33,1019.33,,,,,,
2026-06-03 13:00,814.83,742.0,959.0,930.0,899.33,895.67,849.0,942.67,926.5,885.5,948.67,945.83,1034.0,934.5,895.67,920.33,768.33,973.33,938.67,,,,,,
2026-06-03 14:00,820.5,706.5,836.83,,771.0,783.0,820.67,813.0,807.67,766.17,806.67,812.33,882.83,798.17,775.17,810.67,857.67,852.17,792.33,,,,,,
2026-06-03 15:00,652.67,656.33,645.17,,593.83,638.17,623.67,634.83,629.83,539.17,643.17,631.67,670.33,614.33,602.5,637.33,660.33,636.0,628.83,,,,,,
2026-06-03 16:00,412.33,403.83,428.17,,375.17,432.5,435.33,348.67,406.33,313.67,432.5,320.83,326.5,315.83,371.33,429.83,426.0,410.83,420.0,,,,,,
2026-06-03 17:00,207.17,226.33,197.17,,96.0,170.33,190.5,143.33,156.5,97.0,199.67,115.83,110.33,166.83,93.5,229.67,218.0,210.17,218.33,,,,,,
2026-06-03 18:00,22.17,28.17,32.83,0.0,27.33,7.5,35.5,18.17,,11.67,37.67,15.67,30.0,38.5,25.83,30.17,35.67,30.5,22.0,,,,,,
2026-06-03 19:00,0.0,0.0,0.0,0.0,0.0,0.0,0.0,0.0,,0.0,0.0,0.0,0.0,0.0,0.0,0.0,0.0,0.0,0.0,,,,,,
2026-06-03 20:00,0.0,0.0,0.0,0.0,0.0,0.0,0.0,0.0,,0.0,0.0,0.0,0.0,0.0,0.0,0.0,0.0,0.0,0.0,,,,,,
2026-06-03 21:00,0.0,0.0,0.0,0.0,0.0,0.0,0.0,0.0,,0.0,0.0,0.0,0.0,0.0,0.0,0.0,0.0,0.0,0.0,,,,,,
2026-06-03 22:00,0.0,0.0,0.0,0.0,0.0,0.0,0.0,0.0,,0.0,0.0,0.0,0.0,0.0,0.0,0.0,0.0,0.0,0.0,,,,,,
2026-06-03 23:00,0.0,0.0,0.0,0.0,0.0,0.0,0.0,0.0,,0.0,0.0,0.0,0.0,0.0,0.0,0.0,0.0,0.0,0.0,,,,,,
2026-06-04 00:00,0.0,0.0,0.0,0.0,0.0,0.0,0.0,0.0,,0.0,0.0,0.0,0.0,0.0,0.0,0.0,0.0,0.0,0.0,,,,,,
2026-06-04 01:00,0.0,0.0,0.0,0.0,0.0,0.0,0.0,0.0,,0.0,0.0,0.0,0.0,0.0,0.0,0.0,0.0,0.0,0.0,,,,,,
2026-06-04 02:00,0.0,0.0,0.0,0.0,0.0,0.0,0.0,0.0,,0.0,0.0,0.0,0.0,0.0,0.0,0.0,0.0,0.0,0.0,,,,,,
2026-06-04 03:00,0.0,0.0,0.0,0.0,0.0,0.0,0.0,0.0,,0.0,0.0,0.0,0.0,0.0,0.0,0.0,0.0,0.0,0.0,,,,,,
2026-06-04 04:00,3.83,6.0,2.67,2.5,2.33,1.17,2.83,1.33,,0.67,2.67,1.5,2.0,2.5,1.5,3.67,3.67,3.17,1.33,,,,,,
2026-06-04 05:00,86.83,124.33,59.17,67.17,60.83,75.17,94.67,64.67,,66.17,81.0,80.17,83.33,76.67,78.67,88.67,113.83,92.33,47.17,,,,,,
2026-06-04 06:00,277.33,326.17,285.67,279.5,280.33,264.5,294.17,273.83,,259.0,296.67,277.5,278.5,277.5,273.0,271.0,318.0,289.83,267.83,,,,,,
2026-06-04 07:00,486.5,530.67,504.33,480.0,489.0,485.5,506.33,470.0,494.17,466.67,511.67,493.33,524.0,484.5,482.0,504.17,528.17,507.5,492.17,,,,,,
2026-06-04 08:00,691.67,718.5,698.5,703.0,676.17,681.5,708.0,683.5,685.83,641.5,711.5,686.0,756.5,679.83,677.33,721.0,724.5,697.67,693.67,,,,,,
2026-06-04 09:00,838.17,900.33,854.83,857.67,833.17,819.67,763.67,833.67,850.0,779.33,864.17,843.5,921.5,836.0,828.0,873.33,876.83,852.0,861.67,,,,,,
2026-06-04 10:00,924.0,998.5,964.5,958.17,929.33,882.5,838.0,954.83,966.0,868.67,959.67,946.67,1044.0,945.83,920.17,964.83,981.0,963.0,976.33,,,,,,
2026-06-04 11:00,955.83,1071.0,1015.33,1007.33,957.17,918.67,884.83,1021.83,1015.17,910.33,1005.33,1010.5,1071.83,991.0,964.67,1019.5,1017.17,1010.17,1028.0,,,,,,
2026-06-04 12:00,949.83,1048.33,1003.83,997.83,946.67,933.17,890.67,1013.83,1001.5,872.67,990.67,1001.83,1078.67,984.17,951.33,1007.17,1003.0,997.0,1014.5,,,,,,
2026-06-04 13:00,913.83,958.83,922.5,920.5,890.33,892.33,833.33,940.33,929.67,838.0,909.67,935.67,1028.5,919.83,884.33,926.5,940.5,920.0,939.5,,,,,,
2026-06-04 14:00,793.33,823.33,794.83,,753.33,775.0,737.83,809.83,801.83,744.5,788.0,808.17,890.33,797.17,768.5,795.17,810.33,792.0,809.17,,,,,,
2026-06-04 15:00,620.33,648.83,621.33,,583.17,603.83,584.33,639.33,627.5,569.83,621.83,631.83,686.83,618.17,603.17,620.83,634.5,609.0,630.67,,,,,,
2026-06-04 16:00,405.5,387.67,412.0,,389.33,395.83,403.83,435.17,423.17,370.33,418.67,426.5,453.67,420.83,406.0,418.17,427.5,392.17,422.17,,,,,,
2026-06-04 17:00,182.67,217.0,192.33,,185.0,178.0,194.0,212.0,283.0,98.83,203.67,206.67,227.33,203.5,196.67,202.5,211.67,170.83,208.67,,,,,,
2026-06-04 18:00,24.17,38.0,28.33,0.0,22.33,24.0,28.67,35.17,,13.5,37.17,34.0,41.83,32.83,28.0,33.33,40.17,27.83,35.83,,,,,,
2026-06-04 19:00,0.0,0.0,0.0,0.0,0.0,0.0,0.0,0.0,,0.0,0.0,0.0,0.0,0.0,0.0,0.0,0.0,0.0,0.0,,,,,,
2026-06-04 20:00,0.0,0.0,0.0,0.0,0.0,0.0,0.0,0.0,,0.0,0.0,0.0,0.0,0.0,0.0,0.0,0.0,0.0,0.0,,,,,,
2026-06-04 21:00,0.0,0.0,0.0,0.0,0.0,0.0,0.0,0.0,,0.0,0.0,0.0,0.0,0.0,0.0,0.0,0.0,0.0,0.0,,,,,,
2026-06-04 22:00,0.0,0.0,0.0,0.0,0.0,0.0,0.0,0.0,,0.0,0.0,0.0,0.0,0.0,0.0,0.0,0.0,0.0,0.0,,,,,,
2026-06-04 23:00,0.0,0.0,0.0,0.0,0.0,0.0,0.0,0.0,,0.0,0.0,0.0,0.0,0.0,0.0,0.0,0.0,0.0,0.0,,,,,,
2026-06-05 00:00,0.0,0.0,0.0,0.0,0.0,0.0,0.0,0.0,,0.0,0.0,0.0,0.0,0.0,0.0,0.0,0.0,0.0,0.0,,,,,,
2026-06-05 01:00,0.0,0.0,0.0,0.0,0.0,0.0,0.0,0.0,,0.0,0.0,0.0,0.0,0.0,0.0,0.0,0.0,0.0,0.0,,,,,,
2026-06-05 02:00,0.0,0.0,0.0,0.0,0.0,0.0,0.0,0.0,,0.0,0.0,0.0,0.0,0.0,0.0,0.0,0.0,0.0,0.0,,,,,,
2026-06-05 03:00,0.0,0.0,0.0,0.0,0.0,0.0,0.0,0.0,,0.0,0.0,0.0,0.0,0.0,0.0,0.0,0.0,0.0,0.0,,,,,,
2026-06-05 04:00,2.67,6.83,2.17,2.33,2.17,1.0,2.0,2.17,,0.67,3.5,2.33,2.67,2.33,1.5,4.67,2.5,3.67,1.33,,,,,,
2026-06-05 05:00,89.17,137.83,59.33,79.0,56.83,72.67,71.5,88.17,,67.5,90.17,90.0,92.0,80.83,97.5,113.5,122.83,107.5,86.83,,,,,,
2026-06-05 06:00,294.67,350.17,307.17,312.83,298.17,266.33,240.5,276.17,,259.67,317.67,292.83,296.67,291.17,303.67,287.17,336.0,311.5,292.0,,,,,,
2026-06-05 07:00,500.83,547.33,528.17,512.0,509.33,490.0,436.5,481.33,532.8,466.0,541.33,511.67,546.0,501.33,517.0,530.17,547.0,531.67,513.33,,,,,,
2026-06-05 08:00,702.5,734.0,729.5,739.17,696.0,689.83,623.5,702.67,714.0,646.5,736.5,713.17,782.5,696.67,710.83,751.33,746.83,720.67,715.0,,,,,,
2026-06-05 09:00,853.67,917.0,885.0,897.33,849.0,855.17,770.0,866.17,881.83,785.33,886.67,871.33,952.33,854.17,861.17,904.0,896.67,872.0,877.5,,,,,,
2026-06-05 10:00,947.17,1013.17,993.0,1000.83,947.83,947.83,860.0,969.33,994.5,867.83,988.5,975.67,1069.67,966.67,958.83,981.17,1004.83,980.67,985.5,,,,,,
2026-06-05 11:00,982.0,1084.67,1042.83,1043.83,983.67,954.33,904.5,1022.33,1042.5,908.33,1040.33,1026.17,1129.33,1024.5,1000.33,1035.67,1039.17,1025.83,1045.33,,,,,,
2026-06-05 12:00,985.0,1059.33,1039.67,1023.17,960.5,933.67,910.83,1030.5,1026.5,917.67,1030.0,1031.33,1131.17,1023.83,978.5,1033.33,1027.0,1013.17,1035.5,,,,,,
2026-06-05 13:00,964.67,972.33,969.0,960.33,921.17,891.67,857.0,963.0,952.33,879.67,952.17,967.0,1067.33,962.67,923.83,960.67,959.67,947.0,959.5,,,,,,
2026-06-05 14:00,847.0,836.67,842.17,,805.33,787.0,767.17,838.83,834.83,757.67,832.33,841.67,931.67,837.33,807.0,822.83,829.83,820.67,808.0,,,,,,
2026-06-05 15:00,667.17,661.67,662.67,,623.67,621.0,613.83,667.0,661.33,591.17,660.17,665.67,724.67,653.5,640.67,652.83,650.83,644.33,645.33,,,,,,
2026-06-05 16:00,444.83,389.83,444.83,,427.17,409.0,428.17,458.17,454.67,391.33,448.17,457.5,482.67,450.17,442.5,449.33,440.17,413.17,445.5,,,,,,
2026-06-05 17:00,206.5,223.83,218.67,,212.67,184.0,210.17,234.83,326.0,100.5,228.0,232.33,251.33,224.67,225.67,221.67,224.67,182.83,228.17,,,,,,
2026-06-05 18:00,22.83,41.5,31.5,,17.67,27.0,29.67,38.33,,13.0,44.5,38.0,49.17,36.67,40.17,37.5,44.33,29.83,43.5,,,,,,
2026-06-05 19:00,0.0,0.0,0.0,0.0,0.0,0.0,0.0,0.0,,0.0,0.0,0.0,0.0,0.0,0.0,0.0,0.0,0.0,0.0,,,,,,
2026-06-05 20:00,0.0,0.0,0.0,0.0,0.0,0.0,0.0,0.0,,0.0,0.0,0.0,0.0,0.0,0.0,0.0,0.0,0.0,0.0,,,,,,
2026-06-05 21:00,0.0,0.0,0.0,0.0,0.0,0.0,0.0,0.0,,0.0,0.0,0.0,0.0,0.0,0.0,0.0,0.0,0.0,0.0,,,,,,
2026-06-05 22:00,0.0,0.0,0.0,0.0,0.0,0.0,0.0,0.0,,0.0,0.0,0.0,0.0,0.0,0.0,0.0,0.0,0.0,0.0,,,,,,
2026-06-05 23:00,0.0,0.0,0.0,0.0,0.0,0.0,0.0,0.0,,0.0,0.0,0.0,0.0,0.0,0.0,0.0,0.0,0.0,0.0,,,,,,
2026-06-06 00:00,0.0,0.0,0.0,0.0,0.0,0.0,0.0,0.0,,0.0,0.0,0.0,0.0,0.0,0.0,0.0,0.0,0.0,0.0,,,,,,
2026-06-06 01:00,0.0,0.0,0.0,0.0,0.0,0.0,0.0,0.0,,0.0,0.0,0.0,0.0,0.0,0.0,0.0,0.0,0.0,0.0,,,,,,
2026-06-06 02:00,0.0,0.0,0.0,0.0,0.0,0.0,0.0,0.0,,0.0,0.0,0.0,0.0,0.0,0.0,0.0,0.0,0.0,0.0,,,,,,
2026-06-06 03:00,0.0,0.0,0.0,0.0,0.0,0.0,0.0,0.0,,0.0,0.0,0.0,0.0,0.0,0.0,0.0,0.0,0.0,0.0,,,,,,
2026-06-06 04:00,3.0,6.67,2.67,2.67,2.33,0.67,2.67,1.83,,0.67,3.17,2.0,2.5,2.33,1.33,4.5,3.0,3.67,1.67,,,,,,
2026-06-06 05:00,86.83,123.67,56.67,75.33,55.5,86.17,69.33,90.5,,86.83,90.83,94.0,94.83,81.67,96.5,108.33,110.83,101.5,95.67,,,,,,
2026-06-06 06:00,275.67,326.0,296.67,300.5,293.83,296.33,231.67,292.33,,297.17,312.83,300.67,298.17,295.0,303.0,279.83,311.83,294.83,303.17,,,,,,
2026-06-06 07:00,478.83,519.67,499.67,498.33,504.33,518.67,421.33,492.17,542.6,500.0,527.5,516.17,549.67,504.17,511.33,517.67,520.33,505.67,525.17,,,,,,
2026-06-06 08:00,680.17,704.67,700.0,723.5,692.83,713.33,595.83,711.67,718.0,674.33,720.83,706.33,778.5,698.0,697.67,734.5,715.5,692.17,723.17,,,,,,
2026-06-06 09:00,838.0,885.5,854.83,881.33,842.83,874.0,748.83,875.33,877.33,807.17,868.5,870.0,950.17,855.0,850.17,884.83,871.33,842.67,881.67,,,,,,
2026-06-06 10:00,925.83,983.5,959.17,990.0,942.67,965.67,850.33,979.5,989.5,891.17,972.0,988.83,1060.33,965.67,949.33,956.17,970.33,948.17,996.5,,,,,,
2026-06-06 11:00,953.83,1054.5,1016.33,1036.0,972.0,970.0,885.33,1028.0,1030.33,932.0,1015.33,1041.17,1104.5,1020.67,989.5,1012.0,999.33,999.83,1043.17,,,,,,
2026-06-06 12:00,957.5,1029.5,1010.67,1014.5,958.83,953.17,881.0,1016.0,1025.83,936.67,992.5,1023.5,1105.67,1014.33,973.67,1013.33,992.0,996.83,1026.0,,,,,,
2026-06-06 13:00,919.0,940.5,927.33,937.0,907.83,911.33,826.67,943.83,954.5,903.0,919.67,944.17,1038.5,944.67,898.33,928.33,929.0,922.33,958.0,,,,,,
2026-06-06 14:00,795.67,800.83,792.83,,778.5,799.83,734.5,818.33,809.0,775.67,803.33,811.67,900.17,805.83,778.67,791.67,805.33,790.17,833.5,,,,,,
2026-06-06 15:00,618.5,626.67,622.17,,593.17,628.5,586.33,647.0,637.5,594.33,635.0,634.67,694.17,626.5,610.67,620.5,626.5,609.33,654.5,,,,,,
2026-06-06 16:00,412.67,370.5,412.5,,396.17,404.83,404.83,416.67,429.0,379.0,428.83,425.0,448.17,426.5,411.0,424.0,418.83,392.5,433.33,,,,,,
2026-06-06 17:00,188.67,202.83,194.33,,177.33,160.33,194.67,194.17,275.5,103.17,212.17,200.83,217.5,198.5,191.5,204.83,205.33,171.83,205.33,,,,,,
2026-06-06 18:00,23.83,34.67,29.0,0.0,17.67,24.17,29.33,33.5,,14.67,39.17,31.67,38.17,31.5,26.5,35.83,34.67,27.67,34.67,,,,,,
2026-06-06 19:00,0.0,0.0,0.0,0.0,0.0,0.0,0.0,0.0,,0.0,0.0,0.0,0.0,0.0,0.0,0.0,0.0,0.0,0.0,,,,,,
2026-06-06 20:00,0.0,0.0,0.0,0.0,0.0,0.0,0.0,0.0,,0.0,0.0,0.0,0.0,0.0,0.0,0.0,0.0,0.0,0.0,,,,,,
2026-06-06 21:00,0.0,0.0,0.0,0.0,0.0,0.0,0.0,0.0,,0.0,0.0,0.0,0.0,0.0,0.0,0.0,0.0,0.0,0.0,,,,,,
2026-06-06 22:00,0.0,0.0,0.0,0.0,0.0,0.0,0.0,0.0,,0.0,0.0,0.0,0.0,0.0,0.0,0.0,0.0,0.0,0.0,,,,,,
2026-06-06 23:00,0.0,0.0,0.0,0.0,0.0,0.0,0.0,0.0,,0.0,0.0,0.0,0.0,0.0,0.0,0.0,0.0,0.0,0.0,,,,,,
2026-06-07 00:00,0.0,0.0,0.0,0.0,0.0,0.0,0.0,0.0,,0.0,0.0,0.0,0.0,0.0,0.0,0.0,0.0,0.0,0.0,,,,,,
2026-06-07 01:00,0.0,0.17,0.0,0.0,0.0,0.0,0.0,0.0,,0.0,0.0,0.0,0.0,0.0,0.0,0.0,0.0,0.0,0.0,,,,,,
2026-06-07 02:00,0.0,0.0,0.0,0.0,0.0,0.0,0.0,0.0,,0.0,0.0,0.0,0.0,0.0,0.0,0.0,0.0,0.0,0.0,,,,,,
2026-06-07 03:00,0.0,0.0,0.0,0.0,0.0,0.0,0.0,0.0,,0.0,0.0,0.0,0.0,0.0,0.0,0.0,0.0,0.0,0.0,,,,,,
2026-06-07 04:00,2.83,8.17,2.5,1.83,2.17,0.83,2.17,1.83,,0.67,3.33,1.83,2.83,2.5,1.17,4.0,2.83,3.67,1.33,,,,,,
2026-06-07 05:00,88.5,126.17,56.17,70.17,55.5,72.33,69.17,92.0,,67.67,90.17,90.0,91.67,81.17,92.67,110.33,114.67,105.17,100.67,,,,,,
2026-06-07 06:00,284.67,330.33,295.83,302.0,287.33,262.17,232.83,285.5,,254.33,313.0,289.0,293.33,288.17,295.33,265.5,318.0,304.5,299.67,,,,,,
2026-06-07 07:00,483.17,524.0,507.0,501.83,504.0,473.83,424.33,481.0,532.0,453.17,523.83,504.17,518.5,471.17,512.5,498.83,526.33,512.33,516.33,,,,,,
2026-06-07 08:00,675.83,706.67,698.0,732.0,693.5,668.33,604.0,689.33,710.17,626.67,720.5,685.67,744.33,617.83,706.67,726.5,726.67,689.67,719.5,,,,,,
2026-06-07 09:00,824.67,884.5,853.5,886.67,840.5,830.67,750.83,849.67,871.67,762.33,869.83,850.67,909.83,852.33,858.33,866.0,872.33,839.17,882.17,,,,,,
2026-06-07 10:00,920.17,973.5,960.17,992.17,938.0,928.67,851.83,957.33,969.5,835.67,971.83,980.5,1078.17,966.67,953.17,946.17,971.83,947.83,989.5,,,,,,
2026-06-07 11:00,947.83,1042.0,1024.5,1037.17,962.5,937.83,,1037.67,1017.0,889.5,1016.33,1046.33,1134.67,1021.83,990.17,1011.33,1008.5,1000.83,1037.67,,,,,,
2026-06-07 12:00,952.33,1018.5,1013.17,1019.83,939.83,919.17,,1032.5,1019.83,910.0,998.5,1042.17,1124.33,1015.5,975.0,1013.5,995.67,999.17,1023.83,,,,,,
2026-06-07 13:00,916.17,935.83,938.0,940.17,891.33,883.67,,965.33,952.33,882.67,922.67,962.17,1050.5,945.33,905.0,936.67,930.0,932.5,954.83,,,,,,
2026-06-07 14:00,799.17,800.67,805.67,807.83,779.17,788.83,,842.33,824.0,765.33,803.83,826.67,908.17,807.0,779.5,801.0,802.17,801.33,825.67,,,,,,
2026-06-07 15:00,621.5,629.83,631.17,717.0,604.0,633.0,,661.67,652.83,599.83,631.17,648.67,705.67,627.33,620.5,625.67,630.67,613.67,655.67,,,,,,
2026-06-07 16:00,414.67,371.33,421.17,,411.67,417.5,,450.0,445.0,407.5,427.0,440.17,469.67,367.5,421.83,425.83,425.17,394.33,449.67,,,,,,
2026-06-07 17:00,193.17,200.33,202.17,,199.17,190.67,,222.83,318.0,96.83,169.5,217.0,192.17,131.17,210.67,209.5,208.5,170.83,224.5,,,,,,
2026-06-07 18:00,24.83,35.33,33.83,0.0,22.83,28.5,,37.17,,11.5,29.33,35.5,28.83,23.17,37.67,37.67,40.5,26.5,40.83,,,,,,
2026-06-07 19:00,0.0,0.0,0.0,0.0,0.0,0.0,,0.0,,0.0,0.0,0.0,0.0,0.0,0.0,0.17,0.0,0.0,0.0,,,,,,
2026-06-07 20:00,0.0,0.0,0.0,0.0,0.0,0.0,,0.0,,0.0,0.0,0.0,0.0,0.0,0.0,0.0,0.0,0.0,0.0,,,,,,
2026-06-07 21:00,0.0,0.0,0.0,0.0,0.0,0.0,,0.0,,0.0,0.0,0.0,0.0,0.0,0.0,0.0,0.0,0.0,0.0,,,,,,
2026-06-07 22:00,0.0,0.0,0.0,0.0,0.0,0.0,,0.0,,0.0,0.0,0.0,0.0,0.0,0.0,0.0,0.0,0.0,0.0,,,,,,
2026-06-07 23:00,0.0,0.0,0.0,0.0,0.0,0.0,,0.0,,0.0,0.0,0.0,0.0,0.0,0.0,0.0,0.0,0.0,0.0,,,,,,
2026-06-08 00:00,0.0,0.0,0.0,0.0,0.0,0.0,,0.0,,0.0,0.0,0.0,0.0,0.0,0.0,0.0,0.0,0.0,0.0,,,,,,
2026-06-08 01:00,0.0,0.0,0.0,0.0,0.0,0.0,,0.0,,0.0,0.0,0.0,0.0,0.0,0.0,1.0,0.0,0.0,0.0,,,,,,
2026-06-08 02:00,0.0,0.0,0.0,0.0,0.0,0.0,,0.0,,0.0,0.0,0.0,0.0,0.0,0.0,0.83,0.0,0.0,0.0,,,,,,
2026-06-08 03:00,0.0,0.0,0.0,0.0,0.0,0.0,,0.0,,0.0,0.0,0.0,0.0,0.0,0.0,0.0,0.0,0.0,0.0,,,,,,
2026-06-08 04:00,2.17,5.0,2.33,2.17,2.5,1.0,,2.0,,0.67,3.83,2.0,2.67,2.5,1.5,2.67,3.17,2.67,1.33,,,,,,
2026-06-08 05:00,43.33,115.5,42.83,74.0,55.67,73.0,,83.0,,73.83,78.33,83.5,89.0,72.83,95.5,54.17,72.83,52.17,91.17,,,,,,
2026-06-08 06:00,136.83,318.0,130.5,298.5,279.33,271.17,,278.33,,270.33,211.83,280.33,283.5,278.33,292.0,154.33,133.0,144.67,294.5,,,,,,
2026-06-08 07:00,311.33,506.67,250.33,496.17,486.83,488.83,,482.5,519.4,474.17,436.67,497.33,522.33,428.67,503.0,406.83,380.33,267.17,512.17,,,,,,
2026-06-08 08:00,605.33,685.33,476.67,722.33,674.0,688.0,,687.5,703.5,648.0,624.5,689.33,729.17,690.67,695.17,704.83,763.17,683.0,712.83,,,,,,
2026-06-08 09:00,810.5,863.0,817.17,866.67,819.67,848.17,,856.5,859.83,785.17,841.0,847.67,905.5,838.67,846.17,860.67,868.0,823.17,876.83,,,,,,
2026-06-08 10:00,900.67,964.17,943.5,969.67,912.5,943.0,,965.67,967.33,866.67,905.0,953.67,1026.0,949.67,941.0,918.17,965.0,923.67,989.67,,,,,,
2026-06-08 11:00,935.17,1028.5,934.0,1023.83,940.33,952.5,,1015.17,1014.33,913.17,952.5,1004.33,1098.83,1006.17,977.0,993.17,1007.83,955.83,1044.83,,,,,,
2026-06-08 12:00,926.33,1010.67,1001.17,1005.33,922.17,934.67,,1010.5,996.0,928.0,990.83,1024.17,1097.5,995.67,935.67,987.67,994.17,955.5,1030.67,,,,,,
2026-06-08 13:00,874.67,937.17,923.5,929.5,873.33,897.83,,941.83,932.83,892.17,923.17,945.5,1038.0,925.67,894.17,924.0,923.5,914.0,950.33,,,,,,
2026-06-08 14:00,783.17,797.17,796.83,809.17,751.5,799.0,,817.0,809.67,771.33,805.17,813.33,890.67,799.83,771.83,789.5,797.0,794.5,821.17,,,,,,
2026-06-08 15:00,594.17,626.83,621.0,715.0,606.83,634.83,,643.17,639.5,606.83,629.33,632.67,686.33,620.0,606.83,625.67,617.17,613.83,640.17,,,,,,
2026-06-08 16:00,396.83,373.17,412.33,,410.5,420.33,,434.67,431.67,405.33,425.83,430.5,456.67,423.33,415.17,433.83,412.0,395.0,434.33,,,,,,
2026-06-08 17:00,187.83,202.17,201.5,,199.83,191.67,,218.0,307.0,96.0,210.0,215.5,232.5,209.33,207.5,213.83,201.5,170.67,215.17,,,,,,
2026-06-08 18:00,25.17,34.83,32.17,0.0,22.67,29.0,,37.5,,10.5,43.0,36.5,46.83,31.67,36.33,38.83,38.17,29.17,40.67,,,,,,
2026-06-08 19:00,0.0,0.0,0.0,0.0,0.0,0.0,,0.0,,0.0,0.0,0.0,0.0,0.0,0.0,0.17,0.0,0.0,0.0,,,,,,
2026-06-08 20:00,0.0,0.0,0.0,0.0,0.0,0.0,,0.0,,0.0,0.0,0.0,0.0,0.0,0.0,0.0,0.0,0.0,0.0,,,,,,
2026-06-08 21:00,0.0,0.0,0.0,0.0,0.0,0.0,,0.0,,0.0,0.0,0.0,0.0,0.0,0.0,0.0,0.0,0.0,0.0,,,,,,
2026-06-08 22:00,0.0,0.0,0.0,0.0,0.0,0.0,,0.0,,0.0,0.0,0.0,0.0,0.0,0.0,0.0,0.0,0.0,0.0,,,,,,
2026-06-08 23:00,0.0,0.0,0.0,0.0,0.0,0.0,,0.0,,0.0,0.0,0.0,0.0,0.0,0.0,0.0,0.0,0.0,0.0,,,,,,
2026-06-09 00:00,0.0,0.0,0.0,0.0,0.0,0.0,,0.0,,0.0,0.0,0.0,0.17,0.0,0.0,0.0,0.0,0.0,0.0,,,,,,
2026-06-09 01:00,0.0,0.0,0.0,0.0,0.0,0.0,,0.17,,0.0,0.0,0.0,0.0,0.33,0.0,0.0,0.0,0.0,0.0,,,,,,
2026-06-09 02:00,0.0,0.0,0.0,0.0,0.0,0.0,,0.0,,0.0,0.0,0.0,0.67,0.0,0.0,0.0,0.0,0.0,0.0,,,,,,
2026-06-09 03:00,0.0,0.0,0.0,0.0,0.0,0.0,,0.0,,0.0,0.0,0.0,0.33,0.0,0.0,0.0,0.0,0.0,0.0,,,,,,
2026-06-09 04:00,3.0,5.83,2.5,2.0,2.5,1.0,,1.33,,0.67,3.67,1.67,2.17,2.17,1.5,3.33,2.5,3.0,1.83,,,,,,
2026-06-09 05:00,73.5,119.83,58.67,74.67,55.0,82.67,,44.33,,87.0,97.5,41.0,63.83,67.33,98.17,91.5,42.0,91.0,94.83,,,,,,
2026-06-09 06:00,255.33,316.5,269.17,298.0,281.17,290.0,,232.83,,291.5,260.33,227.17,276.33,268.17,297.0,262.0,264.67,286.33,298.83,,,,,,
2026-06-09 07:00,448.0,508.67,479.0,497.67,487.17,510.83,,473.67,528.4,496.83,471.17,497.5,534.0,483.5,505.0,484.5,464.5,495.5,516.0,,,,,,
2026-06-09 08:00,651.83,691.0,668.5,721.17,669.83,708.33,,691.17,708.0,670.83,706.17,692.17,762.67,676.0,697.17,685.83,705.17,672.83,717.17,,,,,,
2026-06-09 09:00,803.67,866.5,824.5,872.5,817.17,871.17,,858.5,865.33,803.67,861.67,849.67,937.0,840.33,844.83,853.17,854.67,827.0,876.33,,,,,,
2026-06-09 10:00,895.67,961.5,949.5,973.5,914.83,965.0,,972.67,968.17,884.0,963.83,959.5,1052.0,955.83,935.5,931.17,962.67,932.5,987.67,,,,,,
2026-06-09 11:00,928.0,1030.83,1003.0,1014.33,950.17,970.83,,996.67,1021.67,925.33,1009.5,1015.83,1103.83,1009.0,972.5,993.0,1007.83,981.0,1041.83,,,,,,
2026-06-09 12:00,939.67,1014.83,1001.33,983.67,937.83,946.5,,1015.0,1013.83,927.5,992.5,1030.0,1092.5,1004.0,957.33,988.67,996.5,980.83,1036.33,,,,,,
2026-06-09 13:00,906.83,935.5,934.33,930.67,876.67,912.17,,957.0,916.0,891.0,928.0,958.17,1034.67,938.0,900.17,929.0,926.33,923.5,957.0,,,,,,
2026-06-09 14:00,793.17,801.33,810.83,805.0,755.67,800.5,,836.83,803.17,772.33,812.33,824.0,903.83,815.0,780.83,801.5,799.33,799.0,818.5,,,,,,
2026-06-09 15:00,616.0,629.83,638.17,712.0,597.33,642.67,,660.17,638.0,614.5,640.33,647.33,703.0,633.0,612.83,627.0,627.67,622.67,631.33,,,,,,
2026-06-09 16:00,409.0,376.0,425.5,,414.17,434.33,,454.5,439.67,414.67,432.0,443.33,479.33,433.83,424.67,435.83,427.33,398.5,437.33,,,,,,
2026-06-09 17:00,198.33,210.17,207.0,,206.17,201.17,,231.0,276.0,98.5,217.5,226.5,246.83,216.83,215.83,214.5,216.0,172.0,217.5,,,,,,
2026-06-09 18:00,24.83,38.5,32.17,0.0,24.17,28.17,,38.33,,10.33,44.33,38.5,49.67,37.0,37.5,38.83,42.83,29.5,41.67,,,,,,
2026-06-09 19:00,0.0,0.0,0.0,0.0,0.0,0.0,,0.0,,0.0,0.0,0.0,0.0,0.0,0.0,0.0,0.0,0.0,0.0,,,,,,
2026-06-09 20:00,0.0,0.0,0.0,0.0,0.0,0.0,,0.0,,0.0,0.0,0.0,0.0,0.0,0.0,0.0,0.0,0.0,0.0,,,,,,
2026-06-09 21:00,0.0,0.0,0.0,0.0,0.0,0.0,,0.0,,0.0,0.0,0.0,0.0,0.0,0.0,0.0,0.0,0.0,0.0,,,,,,
2026-06-09 22:00,0.0,0.0,0.0,0.0,0.0,0.0,,0.0,,0.0,0.0,0.0,0.0,0.0,0.0,0.0,0.0,0.0,0.0,,,,,,
2026-06-09 23:00,0.0,0.0,0.0,0.0,0.0,0.0,,0.0,,0.0,0.0,0.0,0.0,0.0,0.0,0.0,0.0,0.0,0.0,,,,,,
2026-06-10 00:00,0.0,0.0,0.0,0.0,0.0,0.0,,0.0,,0.0,0.0,0.0,0.0,0.0,0.0,0.0,0.0,0.0,0.0,,,,,,
2026-06-10 01:00,0.0,0.0,0.0,0.0,0.0,0.0,,0.0,,0.0,0.0,0.0,0.0,0.0,0.0,0.0,0.0,0.0,0.0,,,,,,
2026-06-10 02:00,0.0,0.0,0.0,0.0,0.0,0.0,,0.0,,0.0,0.0,0.0,0.0,0.0,0.0,0.0,0.0,0.0,0.0,,,,,,
2026-06-10 03:00,0.0,0.0,0.0,0.0,0.0,0.0,,0.5,,0.0,0.0,0.0,0.0,0.0,0.0,0.0,0.0,0.0,0.0,,,,,,
2026-06-10 04:00,3.0,5.83,3.0,2.17,2.33,1.0,,2.67,,0.67,2.0,2.5,2.83,2.67,1.33,4.67,3.83,4.17,1.83,,,,,,
2026-06-10 05:00,87.33,121.5,55.67,79.0,53.33,73.17,,57.5,,70.83,74.67,91.33,92.67,84.83,100.17,110.5,115.5,105.5,87.67,,,,,,
2026-06-10 06:00,277.67,316.17,293.0,302.33,298.17,265.33,,159.5,,258.67,262.83,285.67,286.17,285.67,301.33,284.33,316.17,304.0,283.83,,,,,,
2026-06-10 07:00,482.5,510.67,503.0,500.0,506.67,480.83,,468.0,522.0,460.67,531.67,496.33,538.0,491.33,508.83,519.33,528.0,517.17,497.83,,,,,,
2026-06-10 08:00,679.17,696.5,698.67,722.0,690.5,678.83,,683.67,696.17,633.17,721.17,694.5,750.83,682.17,699.83,723.83,720.0,692.67,697.33,,,,,,
2026-06-10 09:00,830.17,881.17,866.67,879.83,833.83,835.33,,836.17,853.67,763.67,865.83,858.33,934.33,839.17,847.83,878.0,870.33,842.33,860.83,,,,,,
2026-06-10 10:00,925.5,977.33,971.83,977.33,927.5,938.0,,950.67,959.0,847.17,971.67,961.5,1032.0,947.0,946.83,948.67,981.17,943.17,973.33,,,,,,
2026-06-10 11:00,952.0,1040.33,1013.83,1028.83,953.67,959.5,,1015.33,1010.5,888.83,1028.5,1010.83,1062.0,1003.67,985.17,1001.5,1031.0,986.83,1025.0,,,,,,
2026-06-10 12:00,928.0,999.0,994.0,1001.0,927.0,912.0,,987.0,978.0,892.0,1002.0,1001.0,1082.0,978.0,940.0,977.0,991.0,955.0,1000.0,,,,,,
2026-06-10 13:00,911.67,931.67,920.83,941.5,887.17,882.5,,949.67,925.67,862.17,945.5,952.0,1029.5,923.67,890.33,927.5,948.5,922.67,950.67,,,,,,
2026-06-10 14:00,807.83,801.67,799.83,812.67,763.5,774.33,,823.83,805.5,744.67,814.17,817.67,897.0,806.83,773.5,807.83,815.0,802.0,817.67,,,,,,
2026-06-10 15:00,634.5,640.83,624.67,696.0,594.5,608.0,,650.83,639.33,580.67,642.33,631.67,703.17,629.33,610.33,643.17,643.5,618.17,639.33,,,,,,
2026-06-10 16:00,429.83,385.0,414.33,,421.33,389.5,,442.83,433.0,369.33,436.0,430.5,476.0,431.0,423.67,444.33,439.0,397.33,439.67,,,,,,
2026-06-10 17:00,204.33,216.17,201.33,,210.17,177.5,,219.83,267.0,103.67,220.5,220.5,240.33,214.33,214.0,219.5,219.5,171.0,217.17,,,,,,
2026-06-10 18:00,26.17,41.83,35.17,0.0,26.17,27.17,,39.0,,14.0,44.67,38.67,47.67,38.0,38.33,40.0,44.17,31.67,42.5,,,,,,
2026-06-10 19:00,0.0,0.0,0.0,0.0,0.0,0.0,,0.0,,0.0,0.0,0.0,0.0,0.0,0.0,0.0,0.0,0.0,0.0,,,,,,
2026-06-10 20:00,0.0,0.0,0.0,0.0,0.0,0.0,,0.0,,0.0,0.0,0.0,0.0,0.0,0.0,0.0,0.0,0.0,0.0,,,,,,
2026-06-10 21:00,0.0,0.0,0.0,0.0,0.0,0.0,,0.0,,0.0,0.0,0.0,0.0,0.0,0.0,0.0,0.0,0.0,0.0,,,,,,
2026-06-10 22:00,0.0,0.0,0.0,0.0,0.0,0.0,,0.0,,0.0,0.0,0.0,0.0,0.0,0.0,0.0,0.0,0.0,0.0,,,,,,
2026-06-10 23:00,0.0,0.0,0.0,0.0,0.0,0.0,,0.0,,0.0,0.0,0.0,0.0,0.0,0.0,0.0,0.0,0.0,0.0,,,,,,
2026-06-11 00:00,0.0,0.0,0.0,0.0,0.0,0.0,,0.0,,0.0,0.0,0.0,0.17,0.0,0.0,0.0,0.0,0.0,0.0,,,,,,
2026-06-11 01:00,0.0,0.0,0.0,0.0,0.0,0.0,,0.0,,0.0,0.0,0.0,0.17,0.0,0.0,0.0,0.0,0.0,0.0,,,,,,
2026-06-11 02:00,0.0,0.0,0.0,0.0,0.0,0.0,,0.0,,0.0,0.0,0.0,0.0,0.0,0.0,0.0,0.0,0.0,0.0,,,,,,
2026-06-11 03:00,0.0,0.0,0.0,0.0,0.0,0.0,,0.0,,0.0,0.0,0.0,0.0,0.0,0.0,0.0,0.0,0.0,0.0,,,,,,
2026-06-11 04:00,2.17,7.67,2.83,2.33,2.5,1.0,,2.0,,0.83,3.83,2.17,2.83,2.67,1.83,3.5,4.67,2.83,1.17,,,,,,
2026-06-11 05:00,40.17,128.67,52.33,76.67,56.67,74.0,,89.5,,71.0,95.83,78.33,75.33,71.17,97.33,92.0,92.67,88.83,83.83,,,,,,
2026-06-11 06:00,165.17,331.67,175.5,295.83,280.0,234.75,,278.33,391.5,261.17,296.83,248.83,271.83,284.33,293.17,260.17,251.0,267.83,288.0,,,,,,
2026-06-11 07:00,429.67,522.33,277.17,490.83,488.33,,,426.17,506.0,465.33,269.83,434.5,529.83,488.5,500.83,494.67,334.67,412.33,513.5,,,,,,
2026-06-11 08:00,619.5,700.67,650.17,717.0,672.83,,,694.83,701.0,642.83,612.17,635.83,649.83,673.0,695.0,668.67,584.33,537.17,712.17,,,,,,
2026-06-11 09:00,822.5,896.67,845.83,872.33,813.5,,,832.67,855.83,776.5,793.33,849.5,909.0,813.17,843.0,822.5,876.33,841.67,877.83,,,,,,
2026-06-11 10:00,898.5,992.67,942.33,969.0,902.17,,,939.5,964.5,859.0,988.83,957.83,1022.83,945.83,935.83,933.17,972.17,918.0,991.5,,,,,,
2026-06-11 11:00,925.67,1060.83,993.67,1013.67,926.67,,,1008.67,1008.33,901.83,1032.0,1013.17,1107.0,1001.17,970.67,999.0,1021.5,979.67,1046.33,,,,,,
2026-06-11 12:00,926.83,1039.0,994.67,1007.5,913.83,,,997.83,1014.83,916.5,1019.17,1021.67,1102.83,988.33,961.17,991.83,998.83,984.17,1041.33,,,,,,
2026-06-11 13:00,904.67,947.5,933.33,962.67,880.17,,,977.67,844.17,872.83,949.67,929.5,981.17,896.83,882.17,911.17,930.0,934.17,960.83,,,,,,
2026-06-11 14:00,809.0,814.17,809.5,,740.0,,,833.17,785.67,758.83,823.67,789.17,874.67,804.67,771.17,804.67,817.67,805.67,829.67,,,,,,
2026-06-11 15:00,654.5,651.5,632.5,,576.5,,,626.67,637.33,590.67,636.17,649.83,699.83,633.33,612.33,625.33,639.5,629.33,646.0,,,,,,
2026-06-11 16:00,444.17,370.17,429.33,,393.17,,,474.0,349.33,400.17,435.33,453.17,459.83,436.83,426.33,436.17,429.83,415.0,396.83,,,,,,
2026-06-11 17:00,219.83,198.67,213.33,,188.0,,,241.17,279.5,101.5,221.67,206.17,201.5,216.33,204.5,239.0,190.33,185.17,262.83,,,,,,
2026-06-11 18:00,31.5,43.5,40.5,,26.17,,,35.83,,12.0,48.83,34.17,48.33,48.17,28.0,53.17,44.83,40.17,42.33,,,,,,
2026-06-11 19:00,0.0,0.0,0.0,0.0,0.0,,,0.0,,0.0,0.0,0.0,0.0,0.0,0.0,0.17,0.0,0.0,0.0,,,,,,
2026-06-11 20:00,0.0,0.0,0.0,0.0,0.0,,,0.0,,0.0,0.0,0.0,0.0,0.0,0.0,0.0,0.0,0.0,0.0,,,,,,
2026-06-11 21:00,0.0,0.0,0.0,0.0,0.0,,,0.0,,0.0,0.0,0.0,0.0,0.0,0.0,0.0,0.0,0.0,0.0,,,,,,
2026-06-11 22:00,0.0,0.0,0.0,0.0,0.0,,,0.0,,0.0,0.0,0.0,0.0,0.0,0.0,0.0,0.0,0.0,0.0,,,,,,
2026-06-11 23:00,0.0,0.0,0.0,0.0,0.0,,,0.0,,0.0,0.0,0.0,0.0,0.0,0.0,0.0,0.0,0.0,0.0,,,,,,
2026-06-12 00:00,0.0,0.0,0.0,0.0,0.0,,,0.0,,0.0,0.0,0.0,0.0,0.0,0.0,0.0,0.0,0.0,0.0,,,,,,
2026-06-12 01:00,0.0,0.0,0.0,0.0,0.0,,,0.0,,0.0,0.0,0.0,0.0,0.0,0.0,0.0,0.0,0.0,0.0,,,,,,
2026-06-12 02:00,0.0,0.0,0.0,0.0,0.0,,,0.0,,0.0,0.0,0.0,0.0,0.0,0.0,0.0,0.0,0.0,0.0,,,,,,
2026-06-12 03:00,0.0,0.0,0.0,0.0,0.0,,,0.0,,0.0,0.0,0.0,0.0,0.0,0.0,0.17,0.0,0.0,0.0,,,,,,
2026-06-12 04:00,2.17,3.67,2.17,1.67,2.5,,,1.83,,0.67,3.0,1.83,2.17,2.0,1.67,3.5,3.83,2.0,1.5,,,,,,
2026-06-12 05:00,27.0,44.83,43.17,75.83,56.0,,,85.0,,76.33,57.67,84.0,90.67,52.83,87.67,50.83,88.5,42.5,84.17,,,,,,
2026-06-12 06:00,139.17,200.83,141.0,279.5,279.83,,,276.5,405.0,276.5,274.17,271.17,281.83,269.33,235.17,176.83,311.33,168.0,288.83,,,,,,
2026-06-12 07:00,324.0,512.5,268.33,489.5,488.67,,,458.5,508.83,483.5,364.33,384.5,491.0,396.67,513.67,550.5,521.83,379.0,503.67,,,,,,
2026-06-12 08:00,567.67,700.5,557.0,716.33,674.17,,,695.67,706.67,656.5,630.67,642.33,726.0,487.33,702.17,683.5,722.83,671.5,705.0,,,,,,
2026-06-12 09:00,818.67,898.83,708.17,875.67,818.5,,,816.33,875.0,791.83,680.33,892.67,796.83,781.67,853.67,817.0,871.33,778.33,874.67,,,,,,
2026-06-12 10:00,902.83,997.5,955.33,975.17,912.17,,,952.17,987.83,867.83,965.67,966.67,1066.33,972.17,948.33,946.0,977.33,933.33,993.0,,,,,,
2026-06-12 11:00,937.33,1064.83,1008.83,1029.83,939.0,,,1004.67,1035.83,909.67,1020.33,1033.5,1118.5,1026.0,994.17,1004.5,1025.17,992.33,1050.83,,,,,,
2026-06-12 12:00,945.83,1046.33,1016.33,1020.33,930.0,,,1021.0,1014.17,923.83,1030.0,1039.5,1126.33,1017.5,973.0,1007.0,1011.67,1001.17,1037.83,,,,,,
2026-06-12 13:00,816.5,937.0,905.33,965.0,881.83,,,967.67,947.33,889.83,957.0,973.17,1057.5,950.83,904.33,956.5,939.67,936.17,962.83,,,,,,
2026-06-12 14:00,803.5,818.17,812.33,,768.17,,,845.5,818.5,776.83,828.67,843.33,895.17,827.5,795.67,810.0,811.5,815.17,826.17,,,,,,
2026-06-12 15:00,648.17,659.67,645.33,,594.67,,,668.83,657.33,614.33,652.83,660.67,703.0,650.5,631.17,644.17,557.17,622.67,655.33,,,,,,
2026-06-12 16:00,440.5,398.33,434.67,,420.33,,,457.67,451.5,414.67,450.17,448.83,476.5,409.0,431.83,453.0,423.0,392.33,451.0,,,,,,
2026-06-12 17:00,211.5,224.83,217.67,,221.83,,,231.17,271.0,99.83,219.83,228.5,214.0,182.17,224.0,227.83,219.83,161.33,230.0,,,,,,
2026-06-12 18:00,25.5,44.67,38.33,,27.83,,,41.17,,10.33,43.33,41.0,47.17,25.83,41.33,43.0,47.0,28.67,47.33,,,,,,
2026-06-12 19:00,0.0,0.0,0.0,0.0,0.0,,,0.0,,0.0,0.0,0.0,0.0,0.0,0.0,0.17,0.0,0.0,0.0,,,,,,
2026-06-12 20:00,0.0,0.0,0.0,0.0,0.0,,,0.0,,0.0,0.0,0.0,0.0,0.0,0.0,0.0,0.0,0.0,0.0,,,,,,
2026-06-12 21:00,0.0,0.0,0.0,0.0,0.0,,,0.0,,0.0,0.0,0.0,0.0,0.0,0.0,0.0,0.0,0.0,0.0,,,,,,
2026-06-12 22:00,0.0,0.0,0.0,0.0,0.0,,,0.0,,0.0,0.0,0.0,0.0,0.0,0.0,0.0,0.0,0.0,0.0,,,,,,
2026-06-12 23:00,0.0,0.0,0.0,0.0,0.0,,,0.0,,0.0,0.0,0.0,0.0,0.0,0.0,0.0,0.0,0.0,0.0,,,,,,
2026-06-13 00:00,0.0,0.0,0.0,0.0,0.0,,,0.0,,0.0,0.0,0.0,0.0,0.0,0.0,0.0,0.0,0.0,0.0,,,,,,
2026-06-13 01:00,0.0,0.0,0.0,0.0,0.0,,,0.0,,0.0,0.0,0.0,0.0,0.33,0.0,0.0,0.0,0.0,0.0,,,,,,
2026-06-13 02:00,0.0,0.0,0.0,0.0,0.0,,,0.0,,0.0,0.0,0.0,0.0,0.0,0.0,0.0,0.0,0.0,0.0,,,,,,
2026-06-13 03:00,0.0,0.0,0.0,0.0,0.0,,,0.0,,0.0,0.0,0.0,0.0,0.0,0.0,0.0,0.0,0.17,0.0,,,,,,
2026-06-13 04:00,3.17,5.67,3.17,1.83,2.17,,,2.0,,0.67,3.17,2.33,2.0,2.17,1.33,3.5,3.17,2.5,1.67,,,,,,
2026-06-13 05:00,76.33,122.67,58.67,83.17,53.17,,,62.17,,83.67,96.17,85.33,57.5,79.5,101.0,89.33,57.17,74.0,77.83,,,,,,
2026-06-13 06:00,234.5,328.17,200.67,296.67,290.67,,,290.33,,284.33,246.33,288.0,283.83,264.83,310.83,277.33,218.17,288.67,226.5,,,,,,
2026-06-13 07:00,457.0,521.83,493.0,504.0,497.33,,,484.83,516.5,494.0,456.33,507.17,497.5,302.67,524.33,518.0,460.0,482.5,516.67,,,,,,
2026-06-13 08:00,611.0,719.0,666.5,729.83,680.17,,,663.33,720.17,670.83,615.33,707.83,777.17,587.67,709.17,699.5,661.67,682.17,727.5,,,,,,
2026-06-13 09:00,726.17,901.17,825.5,887.83,823.5,,,848.33,878.67,806.5,769.83,748.33,938.33,890.33,853.33,849.17,891.33,821.67,893.0,,,,,,
2026-06-13 10:00,903.83,998.67,956.0,982.17,914.33,,,958.17,988.17,891.83,958.17,969.0,1030.5,966.17,949.0,949.5,971.5,924.0,1000.67,,,,,,
2026-06-13 11:00,935.33,1072.33,1008.0,1032.0,948.17,,,1024.83,1036.67,937.67,966.83,1022.67,1116.67,1019.67,981.5,1012.17,1018.33,981.67,1056.5,,,,,,
2026-06-13 12:00,946.83,1056.67,1001.67,1014.0,938.67,,,1029.67,1024.67,954.83,1018.17,1028.17,1126.67,1018.17,965.67,1015.33,1009.0,991.17,1044.67,,,,,,
2026-06-13 13:00,740.0,951.5,900.0,972.67,895.67,,,977.83,948.17,918.33,949.0,976.33,1062.83,954.0,902.17,946.0,939.17,936.33,970.5,,,,,,
2026-06-13 14:00,810.83,811.0,801.67,,755.5,,,850.67,837.67,798.5,829.5,846.67,916.33,831.17,797.83,813.33,828.33,808.0,842.17,,,,,,
2026-06-13 15:00,635.67,649.0,633.0,,614.67,,,663.83,668.67,639.5,625.0,661.0,713.83,648.83,638.67,654.5,645.83,623.17,672.67,,,,,,
2026-06-13 16:00,439.0,390.17,431.67,,428.5,,,455.83,449.17,436.0,445.5,453.17,483.17,449.67,438.17,459.17,434.83,395.0,457.83,,,,,,
2026-06-13 17:00,210.0,216.67,207.5,,223.17,,,231.0,270.0,102.5,199.83,232.83,244.33,227.17,226.67,227.67,221.17,165.33,231.67,,,,,,
2026-06-13 18:00,27.17,42.67,35.0,,27.5,,,40.5,,9.17,35.67,41.5,54.33,40.67,43.83,42.0,47.67,31.0,44.83,,,,,,
2026-06-13 19:00,0.0,0.0,0.0,0.0,0.0,,,0.0,,0.0,0.0,0.0,0.0,0.0,0.0,0.17,0.0,0.0,0.0,,,,,,
2026-06-13 20:00,0.0,0.0,0.0,0.0,0.0,,,0.0,,0.0,0.0,0.0,0.0,0.0,0.0,0.0,0.0,0.0,0.0,,,,,,
2026-06-13 21:00,0.0,0.0,0.0,0.0,0.0,,,0.0,,0.0,0.0,0.0,0.0,0.0,0.0,0.0,0.0,0.0,0.0,,,,,,
2026-06-13 22:00,0.0,0.0,0.0,0.0,0.0,,,0.0,,0.0,0.0,0.0,0.0,0.0,0.0,0.0,0.0,0.0,0.0,,,,,,
2026-06-13 23:00,0.0,0.0,0.0,0.0,0.0,,,0.0,,0.0,0.0,0.0,0.0,0.0,0.0,0.0,0.0,0.0,0.0,,,,,,
2026-06-14 00:00,0.0,0.0,0.0,0.0,0.0,,,0.0,,0.0,0.0,0.0,0.0,0.0,0.0,0.0,0.0,0.0,0.0,,,,,,
2026-06-14 01:00,0.0,0.0,0.0,0.0,0.0,,,0.0,,0.0,0.0,0.0,0.0,0.0,0.0,0.0,0.0,0.0,0.0,,,,,,
2026-06-14 02:00,0.0,0.0,0.0,0.0,0.0,,,0.0,,0.0,0.0,0.0,0.0,0.0,0.0,0.0,0.0,0.0,0.0,,,,,,
2026-06-14 03:00,0.0,0.0,0.0,0.0,0.0,,,0.0,,0.0,0.0,0.0,0.0,0.0,0.0,0.0,0.0,0.0,0.0,,,,,,
2026-06-14 04:00,2.83,6.0,2.83,1.83,2.33,,,2.17,,0.83,3.0,2.0,2.5,2.5,1.17,4.5,3.83,4.17,2.0,,,,,,
2026-06-14 05:00,86.67,117.17,56.5,80.33,51.67,,,88.83,,83.33,90.17,91.5,99.83,87.67,98.17,107.5,107.83,104.33,90.0,,,,,,
2026-06-14 06:00,277.33,302.67,274.33,286.33,293.33,,,288.0,,281.5,302.67,294.83,296.33,289.67,300.33,283.0,276.83,298.0,289.67,,,,,,
2026-06-14 07:00,481.33,515.67,498.0,498.83,500.5,,,482.83,535.2,484.17,499.83,507.33,537.33,500.83,516.83,508.5,530.83,481.17,510.0,,,,,,
2026-06-14 08:00,675.0,644.0,568.0,730.67,685.0,,,695.83,716.17,654.67,518.33,697.5,755.33,702.83,711.83,701.33,706.17,670.17,713.5,,,,,,
2026-06-14 09:00,852.0,754.0,528.17,889.33,831.67,920.0,,838.83,879.67,787.33,683.33,866.5,942.0,861.5,859.17,846.83,848.67,772.67,874.83,,,,,,
2026-06-14 10:00,908.83,778.33,965.5,992.33,923.17,958.83,,948.5,986.0,867.5,873.33,980.83,1065.5,970.83,947.33,882.5,952.17,801.67,985.67,,,,,,
2026-06-14 11:00,924.67,687.83,1074.33,1032.5,926.17,978.67,,1015.83,1027.17,907.33,969.33,1034.83,1123.0,1026.17,986.5,974.17,1038.5,996.5,1044.83,,,,,,
2026-06-14 12:00,932.0,692.0,1026.5,1024.0,898.17,964.33,,1018.33,1022.83,915.5,1014.33,1033.83,944.33,1022.0,977.67,1015.0,1026.67,987.67,1038.83,,,,,,
2026-06-14 13:00,676.83,711.33,892.67,983.67,904.33,926.0,,958.83,958.67,879.33,943.83,970.67,1051.67,950.17,913.83,947.83,946.0,935.0,958.17,,,,,,
2026-06-14 14:00,796.5,817.17,801.0,,791.33,813.0,,837.5,840.67,762.67,809.5,843.33,907.17,822.0,794.83,808.67,816.67,803.0,835.33,,,,,,
2026-06-14 15:00,630.0,640.17,631.5,,615.0,630.5,,665.0,659.5,596.17,632.33,661.83,709.17,634.33,633.33,641.5,640.17,607.0,659.0,,,,,,
2026-06-14 16:00,420.0,377.0,425.0,,421.83,415.83,,452.5,451.33,392.83,372.67,454.67,492.5,332.67,436.33,440.33,426.33,377.33,445.83,,,,,,
2026-06-14 17:00,203.83,214.33,211.33,,211.67,186.5,,228.0,303.0,102.17,221.0,225.83,199.83,169.83,221.0,211.17,218.5,158.67,223.17,,,,,,
2026-06-14 18:00,28.17,43.0,38.0,,26.17,29.0,,34.17,,13.33,43.0,42.5,40.33,27.33,40.5,40.17,48.17,31.5,44.0,,,,,,
2026-06-14 19:00,0.0,0.0,0.0,0.0,0.0,0.0,,0.0,,0.0,0.0,0.0,0.0,0.0,0.0,0.17,0.0,0.0,0.0,,,,,,
2026-06-14 20:00,0.0,0.0,0.0,0.0,0.0,0.0,,0.0,,0.0,0.0,0.0,0.0,0.0,0.0,0.0,0.0,0.0,0.0,,,,,,
2026-06-14 21:00,0.0,0.0,0.0,0.0,0.0,0.0,,0.0,,0.0,0.0,0.0,0.0,0.0,0.0,0.0,0.0,0.0,0.0,,,,,,
2026-06-14 22:00,0.0,0.0,0.0,0.0,0.0,0.0,,0.0,,0.0,0.0,0.0,0.0,0.0,0.0,0.0,0.0,0.0,0.0,,,,,,
2026-06-14 23:00,0.0,0.0,0.0,0.0,0.0,0.0,,0.0,,0.0,0.0,0.0,0.0,0.0,0.0,0.0,0.0,0.0,0.0,,,,,,
2026-06-15 00:00,0.0,0.0,0.0,0.0,0.0,0.0,,0.0,,0.0,0.0,0.0,0.0,0.0,0.0,0.0,0.0,0.0,0.0,,,,,,
2026-06-15 01:00,0.0,0.0,0.0,0.0,0.0,0.0,,0.0,,0.0,0.0,0.0,0.0,0.0,0.0,0.0,0.0,0.0,0.0,,,,,,
2026-06-15 02:00,0.0,0.0,0.0,0.0,0.0,0.0,,0.0,,0.0,0.0,0.0,0.0,0.0,0.0,0.0,0.0,0.0,0.0,,,,,,
2026-06-15 03:00,0.0,0.0,0.0,0.0,0.0,0.0,,0.0,,0.0,0.0,0.0,0.0,0.0,0.0,0.0,0.0,0.0,0.0,,,,,,
2026-06-15 04:00,3.0,5.17,2.5,2.17,2.17,1.17,,2.17,,0.67,4.67,1.67,2.67,3.33,1.33,4.0,2.83,3.67,1.5,,,,,,
2026-06-15 05:00,86.0,117.83,55.0,80.17,51.83,71.83,,91.67,,72.83,90.67,83.33,94.5,73.5,95.67,105.67,107.83,105.17,92.17,,,,,,
2026-06-15 06:00,283.33,326.83,294.83,286.83,290.33,263.67,,298.0,443.0,263.67,303.17,288.67,288.33,286.67,253.0,278.83,312.17,295.33,284.83,,,,,,
2026-06-15 07:00,485.33,518.33,508.17,364.17,497.67,482.17,,335.33,400.83,466.83,520.83,462.83,473.0,454.33,470.0,511.0,539.17,506.83,478.17,,,,,,
2026-06-15 08:00,684.83,715.17,712.83,743.67,676.33,677.33,,696.5,620.83,638.17,713.83,562.17,716.17,511.83,669.33,720.83,724.5,692.0,725.17,,,,,,
2026-06-15 09:00,833.5,904.17,753.17,896.0,822.83,840.67,,723.5,869.67,771.5,658.17,837.17,937.5,781.17,821.67,906.17,871.83,796.33,885.5,,,,,,
2026-06-15 10:00,929.67,1004.17,861.5,987.17,914.5,938.5,,975.17,990.83,854.0,558.83,816.17,869.6,916.67,944.67,935.17,983.83,943.17,998.17,,,,,,
2026-06-15 11:00,924.83,1078.17,621.83,1032.33,925.17,959.17,,1043.67,1036.33,901.0,985.17,963.17,1112.5,1009.5,984.0,989.67,1022.5,813.17,1051.5,,,,,,
2026-06-15 12:00,762.33,1053.67,710.17,1016.33,906.5,953.0,,991.83,1022.33,915.83,806.17,1025.17,1120.17,1015.17,969.83,1012.67,1007.67,920.83,1044.33,,,,,,
2026-06-15 13:00,904.17,951.33,794.83,968.67,889.83,917.17,,928.0,938.17,891.5,731.5,956.67,1047.5,943.5,907.5,939.0,928.83,953.83,968.17,,,,,,
2026-06-15 14:00,797.83,817.17,786.33,,764.5,816.17,,833.5,811.67,785.67,564.33,822.17,758.17,818.0,771.83,798.5,808.17,753.67,835.67,,,,,,
2026-06-15 15:00,629.67,656.5,630.67,,578.33,634.83,,661.5,647.0,608.17,558.83,643.17,758.5,632.33,623.67,630.83,633.33,581.5,655.33,,,,,,
2026-06-15 16:00,420.5,396.0,417.5,,401.33,417.5,,452.67,463.8,405.17,424.17,451.17,450.33,448.0,427.0,431.83,432.17,370.83,446.67,,,,,,
2026-06-15 17:00,199.33,222.17,200.33,,202.83,196.5,,234.17,,105.17,225.0,226.67,240.17,227.67,209.83,206.67,216.67,156.33,228.0,,,,,,
2026-06-15 18:00,29.17,44.67,37.5,,29.83,32.0,,42.83,,11.5,50.17,43.33,54.5,43.83,26.5,43.67,45.83,32.67,46.17,,,,,,
2026-06-15 19:00,0.0,0.0,0.0,0.0,0.0,0.0,,0.0,,0.0,0.0,0.0,0.0,0.0,0.0,0.17,0.0,0.0,0.0,,,,,,
2026-06-15 20:00,0.0,0.0,0.0,0.0,0.0,0.0,,0.0,,0.0,0.0,0.0,0.0,0.0,0.0,0.0,0.0,0.0,0.0,,,,,,
2026-06-15 21:00,0.0,0.0,0.0,0.0,0.0,0.0,,0.0,,0.0,0.0,0.0,0.0,0.0,0.0,0.0,0.0,0.0,0.0,,,,,,
2026-06-15 22:00,0.0,0.0,0.0,0.0,0.0,0.0,,0.0,,0.0,0.0,0.0,0.0,0.0,0.0,0.0,0.0,0.0,0.0,,,,,,
2026-06-15 23:00,0.0,0.0,0.0,0.0,0.0,0.0,,0.0,,0.0,0.0,0.0,0.0,0.0,0.0,0.0,0.0,0.0,0.0,,,,,,
2026-06-16 00:00,0.0,0.0,0.0,0.0,0.0,0.0,,0.0,,0.0,0.0,0.0,0.0,0.0,0.0,0.0,0.0,0.0,0.0,,,,,,
2026-06-16 01:00,0.0,0.0,0.0,0.0,0.0,0.0,,0.0,,0.0,0.0,0.0,0.0,0.17,0.0,0.0,0.0,0.0,0.0,,,,,,
2026-06-16 02:00,0.0,0.0,0.0,0.0,0.0,0.0,,0.0,,0.0,0.0,0.0,0.0,0.67,0.0,0.0,0.0,0.0,0.0,,,,,,
2026-06-16 03:00,0.0,0.0,0.0,0.0,0.0,0.0,,0.0,,0.0,0.0,0.0,0.0,0.17,0.0,0.0,0.0,0.0,0.0,,,,,,
2026-06-16 04:00,2.5,5.67,2.83,2.67,2.33,1.0,,1.67,,0.67,2.83,1.17,1.83,1.83,1.83,3.67,2.67,3.33,1.5,,,,,,
2026-06-16 05:00,56.5,121.5,56.0,84.17,52.0,74.5,,81.67,,75.33,90.0,79.33,39.83,62.33,101.33,94.5,64.0,116.83,63.17,,,,,,
2026-06-16 06:00,262.5,319.83,278.5,286.5,289.0,273.0,,195.17,,270.83,244.83,266.33,253.83,171.0,312.0,271.0,182.83,297.5,211.33,,,,,,
2026-06-16 07:00,471.17,507.5,495.5,504.0,489.0,493.5,,258.17,541.0,473.0,462.17,420.17,558.0,340.0,520.33,540.83,476.0,520.67,507.0,,,,,,
2026-06-16 08:00,657.17,698.0,681.67,719.33,672.5,689.83,,508.83,719.83,643.83,680.33,687.83,707.0,455.33,702.83,606.67,705.5,679.67,721.83,,,,,,
2026-06-16 09:00,797.33,883.33,831.17,869.67,811.0,852.0,,843.17,877.67,777.33,668.5,862.67,915.0,726.17,847.33,854.67,856.67,809.17,884.83,,,,,,
2026-06-16 10:00,901.5,983.17,935.67,968.5,909.33,949.0,,971.0,985.83,856.83,934.5,975.5,1015.0,784.83,945.33,939.67,972.5,908.33,996.5,,,,,,
2026-06-16 11:00,941.0,1000.17,1001.33,1023.5,930.0,970.33,,1014.67,1032.0,900.5,1034.0,1026.5,1118.17,1004.33,980.33,999.33,1024.67,969.0,1050.67,,,,,,
2026-06-16 12:00,926.83,1039.5,998.67,1008.83,895.5,961.67,,1020.67,989.83,915.17,1003.5,1021.67,1119.17,1011.0,964.0,996.67,1013.17,981.83,1040.0,,,,,,
2026-06-16 13:00,873.83,943.17,938.5,971.33,877.0,925.33,,957.5,930.33,894.67,944.5,958.17,1044.33,944.5,894.17,928.33,926.33,940.33,974.0,,,,,,
2026-06-16 14:00,789.5,800.17,818.67,,753.67,824.0,,835.5,820.83,796.17,817.67,834.67,908.0,821.0,774.33,806.33,800.5,824.83,824.5,,,,,,
2026-06-16 15:00,627.5,650.0,642.33,,578.17,653.67,,664.33,653.33,626.0,650.67,655.67,722.0,647.67,619.83,647.33,634.17,629.0,642.0,,,,,,
2026-06-16 16:00,423.5,396.5,428.0,,395.5,441.5,,459.0,463.2,427.67,441.33,448.0,482.5,448.33,428.0,454.5,436.83,387.17,442.0,,,,,,
2026-06-16 17:00,206.17,223.33,209.67,,204.5,210.5,,236.83,273.0,110.33,232.33,228.83,245.33,231.83,222.83,224.17,220.17,160.17,227.17,,,,,,
2026-06-16 18:00,29.0,46.83,38.0,,31.0,33.83,,43.33,,11.0,52.83,44.5,59.67,42.67,44.17,45.0,45.17,33.5,45.83,,,,,,
2026-06-16 19:00,0.0,0.0,0.0,0.0,0.0,0.0,,0.17,,0.0,0.0,0.0,0.17,0.0,0.0,0.17,0.0,0.0,0.0,,,,,,
2026-06-16 20:00,0.0,0.0,0.0,0.0,0.0,0.0,,0.0,,0.0,0.0,0.0,0.0,0.0,0.0,0.0,0.0,0.0,0.0,,,,,,
2026-06-16 21:00,0.0,0.0,0.0,0.0,0.0,0.0,,0.0,,0.0,0.0,0.0,0.0,0.0,0.0,0.0,0.0,0.0,0.0,,,,,,
2026-06-16 22:00,0.0,0.0,0.0,0.0,0.0,0.0,,0.0,,0.0,0.0,0.0,0.0,0.0,0.0,0.0,0.0,0.0,0.0,,,,,,
2026-06-16 23:00,0.0,0.0,0.0,0.0,0.0,0.0,,0.0,,0.0,0.0,0.0,0.0,0.0,0.0,0.0,0.0,0.0,0.0,,,,,,
2026-06-17 00:00,0.0,0.0,0.0,0.0,0.0,0.0,,0.0,,0.0,0.0,0.0,0.0,0.0,0.0,0.0,0.0,0.0,0.0,,,,,,
2026-06-17 01:00,0.0,0.0,0.0,0.0,0.0,0.0,,0.0,,0.0,0.0,0.0,0.0,0.0,0.0,0.0,0.0,0.0,0.0,,,,,,
2026-06-17 02:00,0.0,0.0,0.0,0.0,0.0,0.0,,0.0,,0.0,0.0,0.0,0.0,0.0,0.0,0.0,0.0,0.0,0.0,,,,,,
2026-06-17 03:00,0.0,0.0,0.0,0.0,0.0,0.0,,0.0,,0.0,0.0,0.0,0.0,0.0,0.0,0.0,0.0,0.0,0.0,,,,,,
2026-06-17 04:00,3.0,5.67,3.0,2.0,2.33,0.83,,1.67,,0.67,3.67,1.67,2.33,2.0,1.33,3.67,2.33,3.33,1.33,,,,,,
2026-06-17 05:00,70.83,113.33,56.17,81.33,50.67,72.33,,62.67,,74.0,86.67,51.33,90.0,73.67,94.33,93.67,49.83,95.33,64.83,,,,,,
2026-06-17 06:00,265.0,331.33,277.33,280.0,284.67,265.0,,206.17,,266.33,299.17,245.0,301.33,257.5,295.5,262.67,230.17,281.83,192.67,,,,,,
2026-06-17 07:00,465.0,519.83,483.33,493.33,484.33,485.5,,422.83,528.4,470.5,496.33,502.33,555.33,337.67,506.33,478.17,464.17,481.83,460.17,,,,,,
2026-06-17 08:00,656.0,710.67,674.83,718.33,665.5,680.17,,707.5,701.83,639.5,705.17,702.67,735.17,681.83,698.67,700.67,708.5,660.5,706.83,,,,,,
2026-06-17 09:00,804.17,902.0,827.67,866.83,802.0,845.17,,838.67,859.0,772.0,862.5,861.0,940.5,829.33,841.17,857.5,862.0,800.83,867.17,,,,,,
2026-06-17 10:00,902.83,984.5,933.0,969.17,898.67,942.83,,966.0,965.33,851.67,956.33,959.5,1054.17,960.5,933.33,936.33,975.17,905.83,976.5,,,,,,
2026-06-17 11:00,934.33,1041.33,984.67,1011.67,912.33,958.33,,1023.0,1012.67,898.17,1029.33,1004.33,1113.17,1014.5,963.5,997.33,1029.33,969.5,1030.67,,,,,,
2026-06-17 12:00,920.67,1037.17,987.0,997.17,888.17,947.67,,1014.83,999.17,913.5,1016.17,1003.67,984.67,1009.33,940.5,990.67,1018.0,984.5,1016.17,,,,,,
2026-06-17 13:00,867.83,938.17,933.33,954.0,871.17,915.0,,953.17,934.0,893.67,944.0,925.83,1032.17,938.0,869.5,931.67,949.83,931.5,943.5,,,,,,
2026-06-17 14:00,775.83,801.83,816.67,,744.83,817.83,,834.67,815.0,789.5,820.67,820.83,873.67,810.67,761.5,793.17,813.83,807.33,812.0,,,,,,
2026-06-17 15:00,624.5,646.5,646.83,,570.0,655.83,,662.83,645.5,618.67,646.33,647.17,706.5,637.83,611.67,625.67,630.67,609.0,645.33,,,,,,
2026-06-17 16:00,429.83,398.0,433.5,,394.83,433.0,,455.0,459.2,419.67,441.33,442.0,458.33,413.67,417.33,432.5,427.0,372.83,448.83,,,,,,
2026-06-17 17:00,207.5,227.0,215.67,,206.0,202.0,,232.0,,106.67,229.0,223.5,228.33,221.5,218.17,211.17,215.67,155.83,231.83,,,,,,
2026-06-17 18:00,28.83,46.67,39.83,,33.0,32.17,,44.0,,11.83,50.83,43.33,42.17,36.67,44.83,42.67,47.0,33.83,48.0,,,,,,
2026-06-17 19:00,0.0,0.0,0.0,0.0,0.0,0.0,,0.17,,0.0,0.0,0.0,0.17,0.0,0.0,0.17,0.0,0.0,0.0,,,,,,
2026-06-17 20:00,0.0,0.0,0.0,0.0,0.0,0.0,,0.0,,0.0,0.0,0.0,0.0,0.0,0.0,0.0,0.0,0.0,0.0,,,,,,
2026-06-17 21:00,0.0,0.0,0.0,0.0,0.0,0.0,,0.0,,0.0,0.0,0.0,0.0,0.0,0.0,0.0,0.0,0.0,0.0,,,,,,
2026-06-17 22:00,0.0,0.0,0.0,0.0,0.0,0.0,,0.0,,0.0,0.0,0.0,0.0,0.0,0.0,0.0,0.0,0.0,0.0,,,,,,
2026-06-17 23:00,0.0,0.0,0.0,0.0,0.0,0.0,,0.0,,0.0,0.0,0.0,0.0,0.0,0.0,0.0,0.0,0.0,0.0,,,,,,
2026-06-18 00:00,0.0,0.0,0.0,0.0,0.0,0.0,,0.0,,0.0,0.0,0.0,0.0,0.0,0.0,0.0,0.0,0.0,0.0,,,,,,
2026-06-18 01:00,0.0,0.0,0.0,0.0,0.0,0.0,,0.0,,0.0,0.0,0.0,0.0,0.0,0.0,0.0,0.0,0.0,0.0,,,,,,
2026-06-18 02:00,0.0,0.0,0.0,0.0,0.0,0.0,,0.0,,0.0,0.0,0.0,0.0,0.0,0.0,0.0,0.0,0.0,0.0,,,,,,
2026-06-18 03:00,0.0,0.0,0.0,0.0,0.0,0.0,,0.0,,0.0,0.0,0.0,0.0,0.0,0.0,0.0,0.0,0.0,0.0,,,,,,
2026-06-18 04:00,2.17,5.67,2.67,2.17,2.17,0.83,,2.0,,0.67,4.33,1.67,2.33,2.5,1.33,3.5,3.33,3.17,1.67,,,,,,
2026-06-18 05:00,55.0,78.33,54.67,85.0,48.33,74.17,,81.0,,78.33,107.83,57.5,92.17,73.17,36.17,100.83,55.33,100.0,84.17,,,,,,
2026-06-18 06:00,276.33,326.83,281.5,284.67,290.67,273.5,,283.5,427.0,272.33,292.33,211.83,299.17,277.83,200.33,278.17,153.83,290.0,256.0,,,,,,
2026-06-18 07:00,465.83,516.17,477.67,500.17,494.33,497.33,,415.83,513.67,475.83,445.5,398.17,533.17,425.0,519.83,505.33,456.67,490.33,504.83,,,,,,
2026-06-18 08:00,613.5,710.67,687.83,730.83,676.0,695.33,,696.5,710.83,641.67,706.83,715.0,775.0,701.67,707.67,702.0,711.0,667.67,717.33,,,,,,
2026-06-18 09:00,796.33,898.67,839.33,890.33,816.83,860.67,,856.5,872.83,803.83,875.17,867.17,926.67,851.33,857.17,853.83,862.67,804.0,880.67,,,,,,
2026-06-18 10:00,896.83,1000.0,957.0,995.0,913.33,956.83,,970.83,978.0,941.67,985.5,971.0,1022.33,970.0,949.17,933.0,972.67,911.0,996.83,,,,,,
2026-06-18 11:00,950.33,1065.5,1020.0,1032.83,924.33,971.33,,1036.0,1025.17,944.17,1034.33,1019.33,1125.5,1024.0,982.17,1004.83,1022.0,976.33,1051.67,,,,,,
2026-06-18 12:00,948.0,1057.0,1007.67,1011.83,896.5,960.83,,1024.17,1007.67,939.67,1027.5,1016.0,1121.17,1019.17,951.17,1009.0,1008.0,993.17,1037.83,,,,,,
2026-06-18 13:00,900.83,962.67,953.17,965.5,890.0,928.33,,965.67,930.0,897.0,950.67,944.0,1058.83,949.33,888.5,953.83,942.17,943.83,959.67,,,,,,
2026-06-18 14:00,798.33,828.5,827.67,,768.83,826.33,,847.0,823.33,795.33,820.33,841.17,898.17,828.5,780.67,815.5,818.67,818.67,832.83,,,,,,
2026-06-18 15:00,632.0,671.17,651.33,,600.0,652.5,,671.0,659.33,622.17,649.5,661.67,722.67,646.67,630.0,649.33,650.33,620.33,655.67,,,,,,
2026-06-18 16:00,423.83,407.17,437.5,,417.83,436.0,,465.17,466.6,424.33,445.0,449.17,500.83,449.17,440.5,451.0,443.33,379.5,451.67,,,,,,
2026-06-18 17:00,210.83,234.33,218.5,,212.33,207.83,,239.33,,107.5,231.0,234.33,248.17,230.67,228.83,216.83,228.5,158.33,236.33,,,,,,
2026-06-18 18:00,30.0,51.0,39.33,,32.83,35.83,,44.0,,10.83,52.83,45.33,59.5,42.5,47.0,43.0,50.33,33.17,50.33,,,,,,
2026-06-18 19:00,0.0,0.0,0.0,0.0,0.0,0.0,,0.0,,0.0,0.0,0.0,0.17,0.0,0.0,0.17,0.0,0.0,0.0,,,,,,
2026-06-18 20:00,0.0,0.0,0.0,0.0,0.0,0.0,,0.0,,0.0,0.0,0.0,0.0,0.0,0.0,0.0,0.0,0.0,0.0,,,,,,
2026-06-18 21:00,0.0,0.0,0.0,0.0,0.0,0.0,,0.0,,0.0,0.0,0.0,0.0,0.0,0.0,0.0,0.0,0.0,0.0,,,,,,
2026-06-18 22:00,0.0,0.0,0.0,0.0,0.0,0.0,,0.0,,0.0,0.0,0.0,0.0,0.0,0.0,0.0,0.0,0.0,0.0,,,,,,
2026-06-18 23:00,0.0,0.0,0.0,0.0,0.0,0.0,,0.0,,0.0,0.0,0.0,0.0,0.0,0.0,0.0,0.0,0.0,0.0,,,,,,
2026-06-19 00:00,0.0,0.0,0.0,0.0,0.0,0.0,,0.0,,0.0,0.0,0.0,0.0,0.0,0.0,0.0,0.0,0.0,0.0,,,,,,
2026-06-19 01:00,0.0,0.0,0.0,0.0,0.0,0.0,,0.0,,0.0,0.0,0.0,0.0,0.0,0.0,0.0,0.0,0.0,0.0,,,,,,
2026-06-19 02:00,0.0,0.0,0.0,0.0,0.0,0.0,,0.0,,0.0,0.0,0.0,0.0,0.0,0.0,0.0,0.0,0.0,0.0,,,,,,
2026-06-19 03:00,0.0,0.0,0.0,0.0,0.0,0.0,,0.0,,0.0,0.0,0.0,0.0,0.0,0.0,0.0,0.0,0.0,0.0,,,,,,
2026-06-19 04:00,2.83,3.33,2.5,2.17,2.17,0.67,,1.83,,0.67,3.0,1.83,2.67,2.5,1.17,4.17,3.5,3.0,1.33,,,,,,
2026-06-19 05:00,48.33,113.17,51.17,83.0,48.67,73.5,,85.5,,72.83,93.67,83.0,96.17,65.83,97.17,106.67,107.0,104.67,87.83,,,,,,
2026-06-19 06:00,284.33,328.5,296.5,281.67,291.5,268.83,,274.0,,263.33,314.33,280.67,297.33,285.83,300.67,285.83,294.5,298.0,293.67,,,,,,
2026-06-19 07:00,490.33,534.83,505.67,499.33,498.0,492.0,,474.17,553.75,467.67,492.17,518.0,490.83,378.33,515.5,517.5,527.33,506.33,514.0,,,,,,
2026-06-19 08:00,678.83,726.0,709.33,727.5,679.17,687.83,,694.33,710.5,635.5,711.5,693.33,643.5,660.5,702.17,714.17,729.33,673.83,714.83,,,,,,
2026-06-19 09:00,805.17,913.67,851.67,884.67,821.17,854.67,,855.83,882.83,798.67,842.5,865.33,950.17,833.83,851.0,865.33,880.33,814.33,881.17,,,,,,
2026-06-19 10:00,905.33,1009.83,956.67,989.33,909.83,952.0,,970.5,993.17,934.5,977.83,955.5,990.5,962.83,945.17,948.33,983.83,908.67,990.33,,,,,,
2026-06-19 11:00,947.83,1075.33,1006.17,1035.33,924.83,965.83,,1005.5,1045.0,938.5,1031.5,995.17,1085.0,1023.67,981.33,1005.67,1027.33,970.83,1048.0,,,,,,
2026-06-19 12:00,935.0,1061.33,991.67,1023.33,904.83,957.5,,1007.5,1038.33,939.17,1023.0,999.67,1099.17,1017.5,965.83,1003.5,1017.83,982.0,1035.67,,,,,,
2026-06-19 13:00,888.0,956.33,935.33,982.5,894.83,924.5,,954.5,942.67,895.67,952.5,937.83,1041.33,952.0,886.67,935.33,946.17,940.33,965.17,,,,,,
2026-06-19 14:00,803.0,814.83,823.0,,774.5,820.83,,843.5,811.17,793.5,828.0,841.33,905.67,833.17,778.17,799.17,816.83,816.67,834.17,,,,,,
2026-06-19 15:00,643.67,661.67,654.17,,600.5,646.5,,667.83,637.83,620.83,655.67,669.67,734.17,657.33,627.33,641.0,648.33,620.0,654.17,,,,,,
2026-06-19 16:00,435.83,401.5,440.5,,421.67,438.83,,462.67,467.8,419.67,452.83,454.83,511.33,458.0,443.83,450.67,443.5,384.0,460.0,,,,,,
2026-06-19 17:00,216.5,232.0,218.5,,225.83,211.67,,241.67,,108.5,236.83,234.67,262.83,236.17,236.17,221.17,225.5,159.33,237.5,,,,,,
2026-06-19 18:00,28.67,49.0,40.17,,32.83,35.17,,44.0,,11.33,55.5,46.33,59.83,43.5,49.5,44.83,49.17,34.5,51.33,,,,,,
2026-06-19 19:00,0.0,0.0,0.0,0.0,0.0,0.0,,0.0,,0.0,0.0,0.0,0.0,0.0,0.0,0.17,0.0,0.0,0.0,,,,,,
2026-06-19 20:00,0.0,0.0,0.0,0.0,0.0,0.0,,0.0,,0.0,0.0,0.0,0.0,0.0,0.0,0.0,0.0,0.0,0.0,,,,,,
2026-06-19 21:00,0.0,0.0,0.0,0.0,0.0,0.0,,0.0,,0.0,0.0,0.0,0.0,0.0,0.0,0.0,0.0,0.0,0.0,,,,,,
2026-06-19 22:00,0.0,0.0,0.0,0.0,0.0,0.0,,0.0,,0.0,0.0,0.0,0.0,0.0,0.0,0.0,0.0,0.0,0.0,,,,,,
2026-06-19 23:00,0.0,0.0,0.0,0.0,0.0,0.0,,0.0,,0.0,0.0,0.0,0.0,0.0,0.0,0.0,0.0,0.0,0.0,,,,,,
2026-06-20 00:00,0.0,0.0,0.0,0.0,0.0,0.0,,0.0,,0.0,0.0,0.0,0.0,0.0,0.0,0.0,0.0,0.0,0.0,,,,,,
2026-06-20 01:00,0.0,0.0,0.0,0.0,0.0,0.0,,0.0,,0.0,0.0,0.0,0.0,0.0,0.0,0.0,0.0,0.0,0.0,,,,,,
2026-06-20 02:00,0.0,0.0,0.0,0.0,0.0,0.0,,0.0,,0.0,0.0,0.0,0.0,0.0,0.0,0.0,0.0,0.0,0.0,,,,,,
2026-06-20 03:00,0.0,0.0,0.0,0.0,0.0,0.0,,0.0,,0.0,0.0,0.0,0.17,0.0,0.0,0.0,0.0,0.0,0.0,,,,,,
2026-06-20 04:00,2.83,6.67,2.5,1.83,2.0,0.67,,1.67,,0.67,2.67,2.0,2.67,2.83,1.33,4.67,3.33,5.0,1.33,,,,,,
2026-06-20 05:00,86.5,127.33,49.33,83.17,46.0,76.67,,78.17,,77.33,74.0,87.67,92.5,83.0,97.17,108.83,114.5,107.83,85.83,,,,,,
2026-06-20 06:00,280.5,330.67,284.0,273.83,286.0,278.33,,236.83,,275.83,322.83,283.0,296.5,293.83,296.33,279.33,318.5,294.83,285.0,,,,,,
2026-06-20 07:00,479.67,522.17,491.0,490.33,489.5,501.33,,463.0,545.0,481.83,378.33,499.0,546.17,411.5,508.0,504.0,527.83,490.5,501.67,,,,,,
2026-06-20 08:00,667.83,721.17,690.33,713.83,669.5,696.0,,680.67,703.33,645.5,707.33,703.67,773.67,649.33,680.33,705.33,719.33,663.33,702.0,,,,,,
2026-06-20 09:00,803.0,907.83,840.17,874.33,807.33,857.33,,846.5,865.5,807.33,866.33,859.33,938.5,850.67,827.67,861.5,870.0,800.0,868.17,,,,,,
2026-06-20 10:00,898.83,995.67,951.0,983.5,902.67,954.33,,952.0,978.83,944.17,978.33,956.5,1051.5,962.17,940.67,944.67,982.33,898.17,982.17,,,,,,
2026-06-20 11:00,940.67,1068.33,1013.83,1032.83,922.83,969.33,,1009.67,1029.67,943.17,1028.33,1007.17,1111.67,1016.5,979.33,1004.67,1029.67,963.33,1038.0,,,,,,
2026-06-20 12:00,934.83,1062.5,1014.0,1013.83,893.5,957.17,,1014.67,1017.33,940.17,1019.17,1005.5,1113.17,1016.33,961.67,1000.0,1019.33,986.17,1023.5,,,,,,
2026-06-20 13:00,897.83,965.5,951.0,971.5,877.67,926.33,,953.5,942.17,892.0,948.67,935.17,1043.17,950.17,883.5,939.33,945.33,946.17,951.67,,,,,,
2026-06-20 14:00,796.17,840.17,832.17,,758.33,826.67,,833.67,817.33,788.17,822.17,832.0,896.33,824.17,767.5,810.33,819.5,819.17,807.17,,,,,,
2026-06-20 15:00,634.83,675.17,658.33,,581.5,651.0,,660.5,643.83,613.5,650.0,655.67,717.67,646.0,612.0,654.33,650.33,619.17,641.17,,,,,,
2026-06-20 16:00,430.17,412.0,444.67,,405.83,435.0,,455.67,455.2,415.67,444.17,441.0,498.83,450.83,422.67,466.67,450.17,373.5,440.0,,,,,,
2026-06-20 17:00,212.0,240.33,222.83,,201.33,206.0,,232.67,,116.17,231.17,225.33,256.83,236.17,217.5,227.33,233.0,153.17,230.17,,,,,,
2026-06-20 18:00,30.33,51.17,41.67,,31.17,34.5,,44.67,,13.5,54.83,45.5,57.83,45.83,44.33,46.67,52.33,35.17,50.5,,,,,,
2026-06-20 19:00,0.0,0.0,0.0,0.0,0.0,0.0,,0.17,,0.0,0.0,0.0,0.17,0.0,0.0,0.17,0.0,0.0,0.0,,,,,,
2026-06-20 20:00,0.0,0.0,0.0,0.0,0.0,0.0,,0.0,,0.0,0.0,0.0,0.0,0.0,0.0,0.0,0.0,0.0,0.0,,,,,,
2026-06-20 21:00,0.0,0.0,0.0,0.0,0.0,0.0,,0.0,,0.0,0.0,0.0,0.0,0.0,0.0,0.0,0.0,0.0,0.0,,,,,,
2026-06-20 22:00,0.0,0.0,0.0,0.0,0.0,0.0,,0.0,,0.0,0.0,0.0,0.0,0.0,0.0,0.0,0.0,0.0,0.0,,,,,,
2026-06-20 23:00,0.0,0.0,0.0,0.0,0.0,0.0,,0.0,,0.0,0.0,0.0,0.0,0.0,0.0,0.0,0.0,0.0,0.0,,,,,,
2026-06-21 00:00,0.0,0.0,0.0,0.0,0.0,0.0,,0.0,,0.0,0.0,0.0,0.0,0.0,0.0,0.0,0.0,0.0,0.0,,,,,,
2026-06-21 01:00,0.0,0.0,0.0,0.0,0.0,0.0,,0.0,,0.0,0.0,0.0,0.0,0.0,0.0,0.0,0.0,0.0,0.0,,,,,,
2026-06-21 02:00,0.0,0.0,0.0,0.0,0.0,0.0,,0.0,,0.0,0.0,0.0,0.0,0.0,0.0,0.0,0.0,0.0,0.0,,,,,,
2026-06-21 03:00,0.0,0.0,0.0,0.0,0.0,0.0,,0.0,,0.0,0.0,0.0,0.0,0.0,0.0,0.0,0.0,0.0,0.0,,,,,,
2026-06-21 04:00,2.67,5.0,2.33,2.5,2.33,1.0,,1.5,,0.67,2.17,1.67,2.0,2.17,1.5,3.33,3.33,2.67,1.33,,,,,,
2026-06-21 05:00,81.83,118.0,50.5,83.33,48.0,70.17,,76.17,,72.0,77.5,77.33,84.83,69.83,84.33,86.67,104.0,94.17,77.33,,,,,,
2026-06-21 06:00,271.0,320.83,278.83,273.67,277.33,264.0,,260.0,,260.17,304.0,223.5,251.5,209.5,279.33,271.33,308.17,284.33,285.0,,,,,,
2026-06-21 07:00,469.17,511.83,490.5,487.33,475.67,486.5,,369.67,517.6,475.83,521.33,256.0,251.17,251.67,505.83,498.83,516.33,479.33,369.67,,,,,,
2026-06-21 08:00,650.67,702.67,689.5,709.33,654.5,681.33,,733.33,692.67,659.0,709.5,560.17,469.17,685.33,688.0,705.17,705.83,653.17,735.17,,,,,,
2026-06-21 09:00,786.83,840.5,839.17,864.17,795.17,846.17,,852.83,859.17,808.67,870.67,841.0,863.5,846.33,836.17,861.83,859.33,791.5,867.83,,,,,,
2026-06-21 10:00,887.33,1015.75,933.83,963.33,891.0,946.0,,968.83,972.0,938.0,925.33,952.83,1037.67,960.33,935.0,925.0,971.33,901.33,980.33,,,,,,
2026-06-21 11:00,930.67,1054.5,997.5,1025.83,912.5,960.17,,1028.17,1026.33,947.17,1032.83,1001.83,1101.5,1015.33,974.0,964.5,1020.17,971.0,1018.5,,,,,,
2026-06-21 12:00,922.17,1038.0,999.5,1013.83,893.5,952.17,,1023.17,1009.33,948.83,1019.67,1001.33,1103.5,1012.67,951.83,932.83,1002.17,986.5,1013.17,,,,,,
2026-06-21 13:00,881.67,967.67,940.33,933.0,878.83,921.0,,958.83,938.67,889.67,947.0,930.33,1039.67,947.67,877.67,769.67,933.83,935.17,942.5,,,,,,
2026-06-21 14:00,788.33,842.0,822.67,,758.33,819.83,,835.33,816.5,795.17,816.33,830.5,896.67,821.0,762.17,672.0,806.33,810.5,818.83,,,,,,
2026-06-21 15:00,624.0,670.33,646.83,,585.0,643.0,,661.5,645.0,620.5,649.0,655.5,706.67,645.83,610.5,643.0,636.17,607.67,651.83,,,,,,
2026-06-21 16:00,418.67,463.0,428.83,,404.17,426.83,,457.5,458.8,418.5,447.17,440.0,494.0,446.33,423.17,457.33,432.5,366.0,441.5,,,,,,
2026-06-21 17:00,205.0,249.17,214.67,,204.67,200.67,,230.33,,117.5,230.67,224.33,257.33,230.17,219.5,225.0,220.17,152.5,230.83,,,,,,
2026-06-21 18:00,31.17,58.33,43.5,,34.17,33.5,,40.0,,15.33,53.83,45.83,54.5,45.33,44.83,46.0,49.0,34.0,48.83,,,,,,
2026-06-21 19:00,0.0,0.0,0.0,0.0,0.0,0.0,,0.17,,0.0,0.17,0.0,0.17,0.0,0.0,0.17,0.0,0.0,0.0,,,,,,
2026-06-21 20:00,0.0,0.0,0.0,0.0,0.0,0.0,,0.0,,0.0,0.0,0.0,0.0,0.0,0.0,0.0,0.0,0.0,0.0,,,,,,
2026-06-21 21:00,0.0,0.0,0.0,0.0,0.0,0.0,,0.0,,0.0,0.0,0.0,0.0,0.0,0.0,0.0,0.0,0.0,0.0,,,,,,
2026-06-21 22:00,0.0,0.0,0.0,0.0,0.0,0.0,,0.0,,0.0,0.0,0.0,0.0,0.0,0.0,0.0,0.0,0.0,0.0,,,,,,
2026-06-21 23:00,0.0,0.0,0.0,0.0,0.0,0.0,,0.0,,0.0,0.0,0.0,0.0,0.0,0.0,0.0,0.0,0.0,0.0,,,,,,
2026-06-22 00:00,0.0,0.0,0.0,0.0,0.0,0.0,,0.0,,0.0,0.0,0.0,0.0,0.0,0.0,0.0,0.0,0.0,0.0,,,,,,
2026-06-22 01:00,0.0,0.0,0.0,0.0,0.0,0.0,,0.0,,0.0,0.0,0.0,0.0,0.0,0.0,0.0,0.0,0.0,0.0,,,,,,
2026-06-22 02:00,0.0,0.0,0.0,0.0,0.0,0.0,,0.0,,0.0,0.0,0.0,0.0,0.0,0.0,0.0,0.0,0.0,0.0,,,,,,
2026-06-22 03:00,0.0,0.0,0.0,0.0,0.0,0.0,,0.0,,0.0,0.0,0.0,0.0,0.0,0.0,0.0,0.0,0.0,0.0,,,,,,
2026-06-22 04:00,2.67,4.17,2.5,2.17,2.17,0.67,,1.5,,0.67,2.83,1.33,1.67,1.83,1.17,3.33,3.0,3.0,2.0,,,,,,
2026-06-22 05:00,76.83,118.83,51.67,49.83,48.67,67.33,,80.5,,69.83,80.67,61.5,83.83,56.33,52.0,92.67,89.33,97.17,75.0,,,,,,
2026-06-22 06:00,265.83,329.5,239.5,217.67,274.67,259.17,,284.83,,255.33,293.0,241.0,275.67,197.33,222.17,270.83,284.83,283.33,206.33,,,,,,
2026-06-22 07:00,474.0,533.33,386.67,488.5,478.67,483.0,,485.17,620.8,469.33,448.83,350.17,341.5,378.67,477.5,454.5,481.5,457.0,341.5,,,,,,
2026-06-22 08:00,606.83,714.5,599.17,713.5,658.0,677.67,,585.67,695.83,664.17,636.33,591.17,745.33,257.33,621.83,627.5,699.67,611.83,519.0,,,,,,
2026-06-22 09:00,771.17,887.83,766.0,876.17,795.17,840.67,,768.67,865.83,824.67,851.83,877.67,693.0,800.33,850.17,475.67,850.33,825.33,852.0,,,,,,
2026-06-22 10:00,884.83,999.0,938.0,989.17,891.17,937.17,,974.83,975.83,928.83,850.67,971.33,1015.2,959.33,946.33,925.67,960.33,899.83,982.33,,,,,,
2026-06-22 11:00,926.5,1050.83,1002.83,1038.17,912.67,952.33,,997.17,1018.83,967.83,1023.5,1053.0,948.6,977.0,980.17,964.0,1011.17,908.0,1035.5,,,,,,
2026-06-22 12:00,929.0,1040.5,1002.0,1020.83,894.0,946.83,,998.83,1002.0,974.5,899.17,1020.33,1099.4,989.83,950.17,941.33,1000.17,969.0,1030.33,,,,,,
2026-06-22 13:00,894.0,967.67,935.67,948.33,878.17,918.83,,961.5,941.67,894.33,961.33,947.0,1053.17,963.83,841.33,780.67,933.0,929.0,959.83,,,,,,
2026-06-22 14:00,789.17,845.5,814.83,,758.0,821.83,,837.67,821.5,793.83,820.33,842.5,905.5,810.33,742.83,674.5,810.33,807.17,835.83,,,,,,
2026-06-22 15:00,622.33,682.83,635.67,,590.5,650.5,,670.5,645.33,624.5,650.67,667.5,705.67,638.33,606.33,633.5,641.67,607.0,664.33,,,,,,
2026-06-22 16:00,419.33,476.0,425.83,,411.0,436.17,,466.0,465.2,421.0,429.5,452.5,504.67,448.17,419.0,448.83,437.5,369.33,454.17,,,,,,
2026-06-22 17:00,207.5,227.33,211.0,,207.17,206.5,,240.17,,114.17,237.0,227.67,259.0,198.5,229.5,221.83,201.83,151.17,233.33,,,,,,
2026-06-22 18:00,30.17,36.67,42.33,,34.17,36.0,,43.83,,12.83,50.67,45.67,54.5,34.33,45.67,45.83,49.67,33.83,53.0,,,,,,
2026-06-22 19:00,0.0,0.0,0.0,0.0,0.0,0.0,,0.17,,0.0,0.17,0.0,0.17,0.0,0.0,0.17,0.0,0.0,0.0,,,,,,
2026-06-22 20:00,0.0,0.0,0.0,0.0,0.0,0.0,,0.0,,0.0,0.0,0.0,0.0,0.0,0.0,0.0,0.0,0.0,0.0,,,,,,
2026-06-22 21:00,0.0,0.0,0.0,0.0,0.0,0.0,,0.0,,0.0,0.0,0.0,0.0,0.0,0.0,0.0,0.0,0.0,0.0,,,,,,
2026-06-22 22:00,0.0,0.0,0.0,0.0,0.0,0.0,,0.0,,0.0,0.0,0.0,0.0,0.0,0.0,0.0,0.0,0.0,0.0,,,,,,
2026-06-22 23:00,0.0,0.0,0.0,0.0,0.0,0.0,,0.0,,0.0,0.0,0.0,0.0,0.0,0.0,0.0,0.0,0.0,0.0,,,,,,
2026-06-23 00:00,0.0,0.0,0.0,0.0,0.0,0.0,,0.0,,0.0,0.0,0.0,0.0,0.0,0.0,0.0,0.0,0.0,0.0,,,,,,
2026-06-23 01:00,0.0,0.0,0.0,0.0,0.0,0.0,,0.0,,0.0,0.0,0.0,0.0,0.0,0.0,0.0,0.0,0.0,0.0,,,,,,
2026-06-23 02:00,0.0,0.0,0.0,0.0,0.0,0.0,,0.0,,0.0,0.0,0.0,0.0,0.0,0.0,0.0,0.0,0.0,0.0,,,,,,
2026-06-23 03:00,0.0,0.0,0.0,0.0,0.0,0.0,,0.0,,0.0,0.0,0.0,0.0,0.0,0.0,0.0,0.0,0.0,0.0,,,,,,
2026-06-23 04:00,2.33,5.17,2.0,1.67,2.0,0.67,,1.67,,0.67,2.83,1.5,2.0,2.17,1.17,3.67,3.33,2.33,0.83,,,,,,
2026-06-23 05:00,78.17,80.0,48.17,49.83,44.67,73.83,,98.0,,74.33,92.5,74.67,89.67,75.0,53.17,114.67,105.5,97.33,80.67,,,,,,
2026-06-23 06:00,253.5,191.83,280.83,282.0,285.33,275.5,,298.33,427.0,268.33,309.5,280.83,300.17,273.33,188.67,296.67,316.67,294.17,297.5,,,,,,
2026-06-23 07:00,413.0,540.33,499.67,506.17,490.0,500.67,,483.0,531.83,500.0,521.83,505.33,472.0,428.83,488.5,477.33,368.67,494.5,514.0,,,,,,
2026-06-23 08:00,592.17,731.5,612.17,727.0,668.5,693.67,,664.5,702.17,700.67,699.67,577.0,752.0,638.83,702.0,722.83,617.17,659.83,718.83,,,,,,
2026-06-23 09:00,538.67,916.17,620.33,884.17,809.0,859.33,,853.83,866.0,869.33,844.33,855.5,936.17,847.0,849.83,853.83,875.67,781.67,885.67,,,,,,
2026-06-23 10:00,692.17,1034.83,803.17,994.33,902.5,961.67,,954.83,977.83,968.17,906.67,947.67,1057.0,948.5,948.83,921.17,960.0,895.33,998.17,,,,,,
2026-06-23 11:00,728.2,1066.4,896.67,1040.6,921.8,975.8,,1033.2,1028.0,998.0,990.4,1007.2,1116.2,1007.8,987.6,976.8,1016.8,958.4,1052.6,,,,,,
2026-06-23 12:00,947.2,1045.2,973.5,1030.8,900.0,971.8,,1026.8,855.0,1034.4,1013.8,1003.8,1094.8,1007.4,966.4,934.6,958.8,968.2,1039.4,,,,,,
2026-06-23 13:00,894.0,941.17,927.5,964.5,877.5,945.33,,959.83,947.0,970.0,934.83,941.5,1040.67,938.83,898.0,786.17,938.67,930.0,968.83,,,,,,
2026-06-23 14:00,792.0,815.83,807.5,,766.67,847.5,,836.5,823.67,845.33,791.17,838.67,903.17,816.83,786.17,681.17,817.17,809.0,840.17,,,,,,
2026-06-23 15:00,637.17,672.67,635.17,,601.5,673.67,,665.83,654.5,648.33,648.17,663.33,715.33,640.17,631.33,645.5,650.0,605.83,663.83,,,,,,
2026-06-23 16:00,432.17,455.5,427.33,,431.67,453.83,,464.67,472.4,441.0,446.17,452.17,488.0,445.83,440.67,460.83,440.17,360.17,461.17,,,,,,
2026-06-23 17:00,215.17,231.67,212.0,,227.33,218.5,,242.33,,114.17,215.67,230.17,258.67,230.83,229.67,218.33,227.5,147.5,239.83,,,,,,
2026-06-23 18:00,29.83,53.5,39.83,,32.67,37.67,,44.83,,10.33,49.5,46.17,59.0,44.17,46.83,41.67,51.0,33.0,52.83,,,,,,
2026-06-23 19:00,0.0,0.0,0.0,0.0,0.0,0.0,,0.0,,0.0,0.17,0.0,0.0,0.0,0.0,0.17,0.0,0.0,0.0,,,,,,
2026-06-23 20:00,0.0,0.0,0.0,0.0,0.0,0.0,,0.0,,0.0,0.0,0.0,0.0,0.0,0.0,0.0,0.0,0.0,0.0,,,,,,
2026-06-23 21:00,0.0,0.0,0.0,0.0,0.0,0.0,,0.0,,0.0,0.0,0.0,0.0,0.0,0.0,0.0,0.0,0.0,0.0,,,,,,
2026-06-23 22:00,0.0,0.0,0.0,0.0,0.0,0.0,,0.0,,0.0,0.0,0.0,0.0,0.0,0.0,0.0,0.0,0.0,0.0,,,,,,
2026-06-23 23:00,0.0,0.0,0.0,0.0,0.0,0.0,,0.0,,0.0,0.0,0.0,0.0,0.0,0.0,0.0,0.0,0.0,0.0,,,,,,
2026-06-24 00:00,0.0,0.0,0.0,0.0,0.0,0.0,,0.0,,0.0,0.0,0.0,0.0,0.0,0.0,0.0,0.0,0.0,0.0,,,,,,
2026-06-24 01:00,0.0,0.0,0.0,0.0,0.0,0.0,,0.0,,0.0,0.0,0.0,0.0,0.0,0.0,0.0,0.0,0.0,0.0,,,,,,
2026-06-24 02:00,0.0,0.0,0.0,0.0,0.0,0.0,,0.0,,0.0,0.0,0.0,0.0,0.0,0.0,0.0,0.0,0.0,0.0,,,,,,
2026-06-24 03:00,0.0,0.0,0.0,0.0,0.0,0.0,,0.0,,0.0,0.0,0.0,0.0,0.0,0.0,0.0,0.0,0.0,0.0,,,,,,
2026-06-24 04:00,1.83,3.17,2.5,1.67,2.0,0.67,,1.5,,0.5,2.5,1.5,2.17,2.17,0.83,3.5,1.67,2.0,1.5,,,,,,
2026-06-24 05:00,47.33,109.5,48.83,87.33,45.0,76.67,,81.0,,75.0,98.33,84.0,85.17,74.33,94.67,73.33,47.83,55.67,90.17,,,,,,
2026-06-24 06:00,174.83,330.5,224.5,273.5,280.0,281.83,,280.67,,268.83,318.17,276.5,291.33,189.67,294.67,265.17,113.67,250.67,297.33,,,,,,
2026-06-24 07:00,427.5,534.83,452.0,492.33,481.33,510.67,,451.0,546.5,498.17,527.0,492.83,490.67,345.33,511.5,486.5,249.33,410.67,515.33,,,,,,
2026-06-24 08:00,547.67,719.0,669.17,715.17,659.67,707.83,,605.33,703.67,702.33,700.17,666.5,739.5,671.17,695.17,695.0,363.33,669.17,715.67,,,,,,
2026-06-24 09:00,784.33,893.83,828.5,879.5,797.67,876.83,,853.5,863.0,872.0,819.0,783.67,808.33,840.67,843.67,847.0,841.83,775.5,883.67,,,,,,
2026-06-24 10:00,883.67,1001.5,937.67,985.0,895.67,974.67,,866.17,973.83,975.67,966.67,915.5,1048.17,942.0,935.83,923.67,952.33,876.5,997.33,,,,,,
2026-06-24 11:00,940.33,1055.33,988.0,1023.33,920.83,989.83,,1022.83,1024.83,1026.5,1022.5,1001.67,1108.17,1002.83,979.5,974.0,1000.17,943.33,1051.17,,,,,,
2026-06-24 12:00,913.5,1045.17,985.5,938.83,901.5,976.67,,1021.5,985.83,1057.17,1007.83,996.83,1089.67,995.83,938.33,980.67,960.0,977.67,1046.83,,,,,,
2026-06-24 13:00,905.17,980.83,922.33,943.67,889.67,942.83,,962.0,941.5,971.83,944.67,933.0,1029.0,932.0,895.17,873.83,914.5,929.17,973.5,,,,,,
2026-06-24 14:00,803.5,852.83,815.67,,770.67,840.17,,834.83,824.83,836.33,815.83,831.17,895.67,810.0,775.83,716.17,824.33,807.0,839.17,,,,,,
2026-06-24 15:00,642.83,683.5,652.83,,609.67,664.33,,662.83,645.17,638.17,647.0,658.5,713.83,639.83,628.67,639.0,652.17,604.83,661.67,,,,,,
2026-06-24 16:00,436.17,466.33,444.83,,435.67,446.83,,458.83,470.6,435.67,444.5,445.83,483.17,445.67,441.83,453.33,453.0,366.33,462.0,,,,,,
2026-06-24 17:00,218.67,243.83,222.17,,231.67,213.67,,234.33,,111.83,225.33,224.0,254.17,220.17,233.17,215.33,233.67,151.0,240.17,,,,,,
2026-06-24 18:00,32.17,57.5,42.5,,33.17,36.17,,45.5,,11.0,35.33,43.17,43.5,35.33,47.83,42.33,53.0,34.83,52.0,,,,,,
2026-06-24 19:00,0.0,0.0,0.0,0.0,0.0,0.0,,0.17,,0.0,0.17,0.0,0.17,0.0,0.0,0.17,0.0,0.0,0.0,,,,,,
2026-06-24 20:00,0.0,0.0,0.0,0.0,0.0,0.0,,0.0,,0.0,0.0,0.0,0.0,0.0,0.0,0.0,0.0,0.0,0.0,,,,,,
2026-06-24 21:00,0.0,0.0,0.0,0.0,0.0,0.0,,0.0,,0.0,0.0,0.0,0.0,0.0,0.0,0.0,0.0,0.0,0.0,,,,,,
2026-06-24 22:00,0.0,0.0,0.0,0.0,0.0,0.0,,0.0,,0.0,0.0,0.0,0.0,0.0,0.0,0.0,0.0,0.0,0.0,,,,,,
2026-06-24 23:00,0.0,0.0,0.0,0.0,0.0,0.0,,0.0,,0.0,0.0,0.0,0.0,0.0,0.0,0.0,0.0,0.0,0.0,,,,,,
2026-06-25 00:00,0.0,0.0,0.0,0.0,0.0,0.0,,0.0,,0.0,0.0,0.0,0.0,0.0,0.0,0.0,0.0,0.0,0.0,,,,,,
2026-06-25 01:00,0.0,0.0,0.0,0.0,0.0,0.0,,0.0,,0.0,0.0,0.0,0.0,0.0,0.0,0.0,0.0,0.0,0.0,,,,,,
2026-06-25 02:00,0.0,0.0,0.0,0.0,0.0,0.0,,0.0,,0.0,0.0,0.0,0.0,0.0,0.0,0.0,0.0,0.0,0.0,,,,,,
2026-06-25 03:00,0.0,0.0,0.0,0.0,0.0,0.0,,0.0,,0.0,0.0,0.0,0.0,0.0,0.0,0.67,0.0,0.0,0.0,,,,,,
2026-06-25 04:00,1.67,3.83,1.83,1.67,1.67,0.67,,1.5,,0.5,2.5,1.33,1.83,1.67,1.33,3.0,2.0,2.0,1.17,,,,,,
2026-06-25 05:00,35.17,57.67,47.17,44.5,44.33,72.83,,62.5,,71.67,63.33,78.33,81.17,74.17,82.5,84.17,24.67,59.33,31.17,,,,,,
2026-06-25 06:00,179.67,283.83,231.67,278.5,284.5,274.33,,225.83,521.0,262.83,244.0,249.33,267.67,270.0,284.83,183.67,114.17,235.5,263.83,,,,,,
2026-06-25 07:00,417.5,529.33,424.0,505.67,485.17,502.5,,417.33,460.67,488.83,418.33,437.0,504.17,459.17,488.17,434.33,416.5,384.83,455.0,,,,,,
2026-06-25 08:00,613.33,716.33,646.5,724.83,658.33,715.83,,662.67,673.33,694.33,664.17,641.83,604.33,612.17,616.67,703.5,619.67,618.17,673.5,,,,,,
2026-06-25 09:00,750.5,896.5,825.83,884.17,790.0,889.33,,834.33,874.67,862.83,855.83,799.33,944.0,842.33,852.0,848.83,869.17,795.33,879.67,,,,,,
2026-06-25 10:00,882.83,1005.67,935.5,985.83,888.0,984.67,,943.83,980.5,963.17,974.0,953.33,1077.5,960.33,953.0,913.67,962.5,880.33,995.67,,,,,,
2026-06-25 11:00,937.83,1056.5,998.0,1034.33,914.33,985.67,,1029.83,1034.0,1009.83,1022.83,1007.17,1110.83,1019.67,985.5,954.67,1011.67,956.0,1054.0,,,,,,
2026-06-25 12:00,944.0,1048.83,997.0,1017.33,891.5,981.0,,1032.83,1012.33,1039.83,1013.33,1008.83,1082.5,1019.17,960.0,991.17,999.83,981.17,1043.83,,,,,,
2026-06-25 13:00,901.17,981.5,927.83,945.5,889.67,950.0,,968.17,955.33,962.83,957.33,947.67,997.83,943.5,895.0,879.5,933.83,934.33,974.33,,,,,,
2026-06-25 14:00,785.33,854.5,802.17,,764.83,842.33,,847.0,831.17,831.17,789.67,845.5,799.5,821.67,782.67,718.33,805.5,800.17,842.17,,,,,,
2026-06-25 15:00,631.33,679.67,633.33,,602.33,668.5,,672.17,657.5,635.17,644.17,664.5,667.33,640.83,630.17,639.83,637.0,602.33,670.67,,,,,,
2026-06-25 16:00,430.67,458.67,437.67,,426.0,444.67,,465.5,467.4,435.83,448.0,448.83,495.0,449.5,441.33,453.33,441.17,360.83,467.83,,,,,,
2026-06-25 17:00,217.83,240.5,219.83,,229.83,213.5,,238.67,,111.5,229.67,227.5,260.83,228.17,230.17,212.67,225.17,147.83,241.0,,,,,,
2026-06-25 18:00,32.17,55.33,41.5,,32.17,37.17,,45.33,,11.67,52.83,45.33,55.0,35.17,48.0,42.0,51.33,35.17,52.5,,,,,,
2026-06-25 19:00,0.0,0.0,0.0,0.0,0.0,0.0,,0.17,,0.0,0.17,0.0,0.17,0.0,0.0,0.17,0.0,0.0,0.0,,,,,,
2026-06-25 20:00,0.0,0.0,0.0,0.0,0.0,0.0,,0.0,,0.0,0.0,0.0,0.0,0.0,0.0,0.0,0.0,0.0,0.0,,,,,,
2026-06-25 21:00,0.0,0.0,0.0,0.0,0.0,0.0,,0.0,,0.0,0.0,0.0,0.0,0.0,0.0,0.0,0.0,0.0,0.0,,,,,,
2026-06-25 22:00,0.0,0.0,0.0,0.0,0.0,0.0,,0.0,,0.0,0.0,0.0,0.0,0.0,0.0,0.0,0.0,0.0,0.0,,,,,,
2026-06-25 23:00,0.0,0.0,0.0,0.0,0.0,0.0,,0.0,,0.0,0.0,0.0,0.0,0.0,0.0,0.0,0.0,0.0,0.0,,,,,,
2026-06-26 00:00,0.0,0.0,0.0,0.0,0.0,0.0,,0.0,,0.0,0.0,0.0,0.0,0.0,0.0,0.0,0.0,0.0,0.0,,,,,,
2026-06-26 01:00,0.0,0.0,0.0,0.0,0.0,0.0,,0.0,,0.0,0.0,0.0,0.0,0.0,0.0,0.0,0.0,0.0,0.0,,,,,,
2026-06-26 02:00,0.0,0.0,0.0,0.0,0.0,0.0,,0.0,,0.0,0.0,0.0,0.0,0.0,0.0,0.0,0.0,0.0,0.0,,,,,,
2026-06-26 03:00,0.0,0.0,0.0,0.0,0.0,0.0,,0.0,,0.0,0.0,0.0,0.0,0.0,0.0,0.0,0.0,0.0,0.0,,,,,,
2026-06-26 04:00,1.83,3.33,2.0,2.33,2.0,0.5,,1.33,,0.33,2.5,1.17,1.83,1.67,1.17,3.17,3.0,2.5,1.17,,,,,,
2026-06-26 05:00,73.83,48.33,46.83,74.5,44.33,71.33,,59.33,,66.67,81.83,66.67,67.33,52.0,76.17,99.67,75.83,83.5,82.33,,,,,,
2026-06-26 06:00,269.67,303.0,260.83,274.0,283.33,270.83,,236.5,,263.5,281.33,246.17,244.67,179.5,315.17,268.83,192.5,253.67,314.5,,,,,,
2026-06-26 07:00,364.17,522.0,407.0,501.17,484.17,495.0,,376.67,470.0,491.17,406.0,371.67,401.33,477.0,514.33,491.83,356.0,421.5,474.0,,,,,,
2026-06-26 08:00,438.83,702.67,690.0,719.5,657.33,705.17,,581.0,599.17,704.5,586.17,503.33,652.33,523.33,700.83,696.83,525.5,564.33,645.0,,,,,,
2026-06-26 09:00,647.33,882.0,825.5,874.0,790.67,877.5,,652.83,844.0,881.33,773.67,767.17,906.5,773.0,849.67,849.0,812.33,756.5,878.5,,,,,,
2026-06-26 10:00,836.5,992.5,930.33,980.67,885.5,972.33,,935.5,979.5,990.33,899.83,947.5,1047.33,944.83,941.5,920.0,963.83,873.5,984.33,,,,,,
2026-06-26 11:00,932.5,1046.83,1000.33,1031.83,910.0,974.5,,1020.0,1033.17,1027.33,954.0,1005.5,1109.17,1004.5,983.17,964.5,1012.0,941.83,1039.0,,,,,,
2026-06-26 12:00,937.17,1042.5,1010.5,1015.17,897.33,964.33,,1029.17,1020.17,1037.67,1003.0,988.83,1062.67,998.33,956.83,974.67,997.33,966.67,1034.33,,,,,,
2026-06-26 13:00,895.5,969.17,943.83,934.33,895.0,933.83,,967.83,947.5,977.5,938.33,934.67,985.83,940.83,876.33,863.17,930.0,919.67,965.17,,,,,,
2026-06-26 14:00,782.83,848.0,809.0,,776.17,833.67,,843.5,830.5,843.17,806.0,833.17,790.0,816.83,775.83,705.17,809.0,792.17,837.17,,,,,,
2026-06-26 15:00,624.67,677.83,623.67,,598.83,667.67,,671.5,668.33,661.33,628.17,656.0,660.67,634.83,624.5,620.83,638.83,589.33,670.33,,,,,,
2026-06-26 16:00,425.5,459.83,418.83,,420.5,450.5,,458.5,473.8,444.17,433.33,439.83,476.67,438.67,433.67,431.5,440.33,347.0,465.17,,,,,,
2026-06-26 17:00,217.17,235.33,208.17,,217.0,215.17,,235.0,,115.17,207.0,220.67,247.67,214.83,226.17,204.0,224.0,141.83,234.17,,,,,,
2026-06-26 18:00,32.0,56.0,40.33,,32.33,36.67,,46.17,,11.17,29.67,44.67,53.33,37.17,48.17,39.83,49.17,33.5,49.67,,,,,,
2026-06-26 19:00,0.0,0.0,0.0,0.0,0.0,0.0,,0.17,,0.0,0.17,0.0,0.17,0.0,0.0,0.17,0.0,0.0,0.0,,,,,,
2026-06-26 20:00,0.0,0.0,0.0,0.0,0.0,0.0,,0.0,,0.0,0.0,0.0,0.0,0.0,0.0,0.0,0.0,0.0,0.0,,,,,,
2026-06-26 21:00,0.0,0.0,0.0,0.0,0.0,0.0,,0.0,,0.0,0.0,0.0,0.0,0.0,0.0,0.0,0.0,0.0,0.0,,,,,,
2026-06-26 22:00,0.0,0.0,0.0,0.0,0.0,0.0,,0.0,,0.0,0.0,0.0,0.17,0.0,0.0,0.0,0.0,0.0,0.0,,,,,,
2026-06-26 23:00,0.0,0.0,0.0,0.0,0.0,0.0,,0.0,,0.0,0.0,0.0,0.17,0.0,0.0,0.0,0.0,0.0,0.0,,,,,,
2026-06-27 00:00,0.0,0.0,0.0,0.0,0.0,0.0,,0.0,,0.0,0.0,0.0,0.33,0.0,0.0,0.0,0.0,0.0,0.0,,,,,,
2026-06-27 01:00,0.0,0.0,0.0,0.0,0.0,0.0,,0.0,,0.0,0.0,0.0,0.33,0.0,0.0,0.0,0.0,0.0,0.0,,,,,,
2026-06-27 02:00,0.0,0.0,0.0,0.0,0.0,0.0,,0.0,,0.0,0.0,0.0,0.5,0.0,0.0,0.5,0.0,0.0,0.0,,,,,,
2026-06-27 03:00,0.0,0.0,0.0,0.0,0.0,0.0,,0.0,,0.0,0.0,0.0,0.33,0.0,0.0,0.0,0.0,0.0,0.0,,,,,,
2026-06-27 04:00,1.83,3.0,1.83,1.83,1.83,0.5,,1.5,,0.67,2.5,0.83,1.67,1.5,1.0,2.67,2.33,2.17,0.83,,,,,,
2026-06-27 05:00,31.67,38.17,48.33,54.83,45.67,70.83,,54.17,,68.83,85.0,36.83,48.5,60.83,42.67,84.17,64.5,78.17,45.0,,,,,,
2026-06-27 06:00,115.5,149.33,262.0,246.83,267.17,268.83,,142.5,,261.17,276.17,138.0,170.83,258.83,182.33,254.0,176.0,266.0,212.0,,,,,,
2026-06-27 07:00,361.83,499.17,427.5,477.0,468.83,493.33,,369.5,507.5,484.5,316.83,302.0,392.5,376.0,477.83,466.17,326.83,405.5,481.5,,,,,,
2026-06-27 08:00,545.0,700.83,630.83,700.17,646.67,701.17,,577.67,692.5,703.83,576.5,671.17,712.0,725.0,683.5,685.0,532.67,627.5,695.83,,,,,,
2026-06-27 09:00,725.5,884.17,811.83,861.33,782.33,868.5,,834.0,855.83,878.67,830.17,844.0,923.0,823.33,838.83,833.67,816.83,775.33,859.83,,,,,,
2026-06-27 10:00,871.0,991.33,922.33,972.67,875.33,967.17,,945.33,968.5,986.0,952.0,917.83,1041.33,948.5,936.17,908.67,954.33,867.33,973.0,,,,,,
2026-06-27 11:00,924.17,1044.5,985.5,1023.67,904.0,971.67,,1007.33,1020.5,1022.67,1004.5,979.0,1100.17,1005.67,975.0,966.17,999.33,928.17,1031.17,,,,,,
2026-06-27 12:00,910.0,1033.83,960.5,1013.67,887.0,969.83,,1012.67,1009.67,1036.0,1003.0,988.83,1057.0,1001.67,955.0,978.83,990.5,959.17,1023.83,,,,,,
2026-06-27 13:00,889.5,961.33,922.17,939.33,882.5,947.5,,946.17,940.0,975.5,935.17,930.67,979.33,937.17,879.33,884.83,920.5,913.67,951.83,,,,,,
2026-06-27 14:00,784.83,840.0,802.17,,761.67,847.5,,827.83,826.33,846.33,802.17,827.17,791.17,814.5,771.0,734.67,797.0,790.5,828.67,,,,,,
2026-06-27 15:00,628.17,670.33,621.83,,598.0,666.33,,655.17,657.17,655.83,626.33,649.0,660.0,638.67,621.83,618.33,630.5,578.67,657.0,,,,,,
2026-06-27 16:00,420.0,452.83,420.0,,421.17,443.17,,447.83,473.8,436.17,428.67,434.5,483.67,442.17,432.33,426.83,435.33,335.83,455.17,,,,,,
2026-06-27 17:00,209.17,225.67,209.33,,222.67,209.5,,231.67,,119.17,218.17,210.0,248.17,214.5,226.67,200.67,219.83,135.33,226.5,,,,,,
2026-06-27 18:00,30.83,53.0,44.5,,31.5,35.5,,43.67,,12.83,37.0,37.0,54.5,28.83,47.83,40.83,47.17,32.33,48.83,,,,,,
2026-06-27 19:00,0.0,0.0,0.0,0.0,0.0,0.0,,0.17,,0.0,0.17,0.0,0.17,0.0,0.0,0.17,0.0,0.0,0.0,,,,,,
2026-06-27 20:00,0.0,0.0,0.0,0.0,0.0,0.0,,0.0,,0.0,0.0,0.0,0.0,0.0,0.0,0.0,0.0,0.0,0.0,,,,,,
2026-06-27 21:00,0.0,0.0,0.0,0.0,0.0,0.0,,0.0,,0.0,0.0,0.0,0.0,0.0,0.0,0.0,0.0,0.0,0.0,,,,,,
2026-06-27 22:00,0.0,0.0,0.0,0.0,0.0,0.0,,0.0,,0.0,0.0,0.0,0.0,0.0,0.0,0.0,0.0,0.0,0.0,,,,,,
2026-06-27 23:00,0.0,0.0,0.0,0.0,0.0,0.0,,0.0,,0.0,0.0,0.0,0.0,0.0,0.0,0.0,0.0,0.0,0.0,,,,,,
2026-06-28 00:00,0.0,0.0,0.0,0.0,0.0,0.0,,0.0,,0.0,0.0,0.0,0.0,0.0,0.0,0.17,0.0,0.0,0.0,,,,,,
2026-06-28 01:00,0.0,0.0,0.0,0.0,0.0,0.0,,0.0,,0.0,0.0,0.0,0.0,0.0,0.0,0.67,0.0,0.0,0.0,,,,,,
2026-06-28 02:00,0.0,0.0,0.0,0.0,0.0,0.0,,0.0,,0.0,0.0,0.0,0.0,0.0,0.0,1.17,0.0,0.0,0.0,,,,,,
2026-06-28 03:00,0.0,0.0,0.0,0.0,0.0,0.0,,0.0,,0.0,0.0,0.0,0.0,0.0,0.0,1.0,0.0,0.0,0.0,,,,,,
2026-06-28 04:00,1.5,3.67,1.5,1.83,1.67,0.67,,1.5,,0.5,2.17,1.0,1.5,1.67,0.67,2.33,2.17,1.67,0.83,,,,,,
2026-06-28 05:00,39.83,106.5,29.83,72.83,44.0,67.83,,69.67,,64.5,81.0,43.5,65.67,67.0,58.17,53.83,49.17,84.0,45.5,,,,,,
2026-06-28 06:00,135.5,310.17,120.67,264.83,269.5,259.67,,246.5,,252.0,286.33,235.33,234.67,259.83,267.17,246.67,142.17,275.83,149.67,,,,,,
2026-06-28 07:00,435.67,514.5,380.83,473.5,465.67,481.67,,413.83,433.67,473.83,467.33,393.0,399.33,458.67,494.0,473.83,451.33,463.83,501.83,,,,,,
2026-06-28 08:00,632.83,688.67,656.67,692.0,642.0,689.67,,670.0,680.0,689.17,686.83,670.5,625.83,655.67,676.5,684.0,683.83,641.83,689.83,,,,,,
2026-06-28 09:00,765.17,857.33,815.17,854.17,780.17,856.5,,828.83,843.67,866.33,796.33,820.83,908.83,827.67,828.17,827.33,835.5,787.5,854.83,,,,,,
2026-06-28 10:00,867.83,975.33,918.17,972.0,866.17,952.5,,947.17,953.33,974.67,903.83,923.67,1018.67,938.33,932.83,909.5,950.5,888.83,971.83,,,,,,
2026-06-28 11:00,917.17,1015.83,984.67,1031.0,889.33,959.0,,1002.5,1016.83,1013.67,993.67,978.33,1044.83,996.5,975.17,970.17,1002.67,955.67,1027.5,,,,,,
2026-06-28 12:00,925.17,1011.33,997.83,1019.67,874.67,961.67,,998.5,1010.5,1024.0,1002.5,991.83,1021.83,995.17,904.0,897.17,991.0,969.67,1019.5,,,,,,
2026-06-28 13:00,885.5,941.17,954.67,846.83,877.83,940.67,,941.67,928.5,961.67,932.83,930.67,968.83,930.33,857.67,889.0,919.5,922.17,955.17,,,,,,
2026-06-28 14:00,780.33,808.17,827.33,796.5,672.0,838.67,,826.83,819.67,831.17,805.33,819.67,815.5,809.33,772.0,750.17,799.83,787.0,813.33,,,,,,
2026-06-28 15:00,611.83,639.5,614.83,,564.33,658.17,,657.67,655.0,647.17,636.17,644.17,581.33,638.0,618.33,630.17,634.33,584.67,657.5,,,,,,
2026-06-28 16:00,407.0,440.17,427.17,,422.17,438.5,,453.67,471.0,430.67,438.5,435.17,481.83,437.17,432.0,434.17,436.83,344.83,456.17,,,,,,
2026-06-28 17:00,203.83,220.0,219.67,,230.83,211.0,,235.0,311.0,117.67,227.0,218.0,254.67,226.33,224.5,207.5,222.0,138.83,225.67,,,,,,
2026-06-28 18:00,32.5,45.67,42.33,,31.83,35.5,,47.83,,13.17,52.5,44.33,56.0,41.67,45.5,42.33,46.0,33.5,48.67,,,,,,
2026-06-28 19:00,0.0,0.0,0.0,0.0,0.0,0.0,,0.17,,0.0,0.0,0.0,0.17,0.0,0.0,0.17,0.0,0.0,0.0,,,,,,
2026-06-28 20:00,0.0,0.0,0.0,0.0,0.0,0.0,,0.0,,0.0,0.0,0.0,0.0,0.0,0.0,0.0,0.0,0.0,0.0,,,,,,
2026-06-28 21:00,0.0,0.0,0.0,0.0,0.0,0.0,,0.0,,0.0,0.0,0.0,0.0,0.0,0.0,0.0,0.0,0.0,0.0,,,,,,
2026-06-28 22:00,0.0,0.0,0.0,0.0,0.0,0.0,,0.0,,0.0,0.0,0.0,0.0,0.0,0.0,0.0,0.0,0.0,0.0,,,,,,
2026-06-28 23:00,0.0,0.0,0.0,0.0,0.0,0.0,,0.0,,0.0,0.0,0.0,0.0,0.0,0.0,0.0,0.0,0.0,0.0,,,,,,
2026-06-29 00:00,0.0,0.0,0.0,0.0,0.0,0.0,,0.0,,0.0,0.0,0.0,0.0,0.0,0.0,0.0,0.0,0.0,0.0,,,,,,
2026-06-29 01:00,0.0,0.0,0.0,0.0,0.0,0.0,,0.0,,0.0,0.0,0.0,0.0,0.17,0.0,0.0,0.0,0.0,0.0,,,,,,
2026-06-29 02:00,0.0,0.0,0.0,0.0,0.0,0.0,,0.0,,0.0,0.0,0.0,0.0,0.0,0.0,0.0,0.0,0.0,0.0,,,,,,
2026-06-29 03:00,0.0,0.0,0.0,0.0,0.0,0.0,,0.17,,0.0,0.0,0.0,0.0,0.0,0.0,0.0,0.0,0.0,0.0,,,,,,
2026-06-29 04:00,2.0,3.0,2.17,1.17,1.67,0.5,,1.33,,0.33,2.0,0.83,1.83,1.5,0.83,2.33,2.5,1.67,0.83,,,,,,
2026-06-29 05:00,68.67,101.17,48.67,81.33,43.83,65.5,,70.17,,62.83,76.5,45.17,75.0,35.33,89.83,61.83,45.5,61.0,43.0,,,,,,
2026-06-29 06:00,243.0,301.17,214.5,271.5,267.0,256.17,,281.17,,254.33,260.33,277.17,149.67,253.83,290.83,179.83,206.67,180.17,259.67,,,,,,
2026-06-29 07:00,441.83,506.17,399.17,487.83,467.5,478.17,,455.33,516.0,474.0,494.83,495.67,526.0,473.67,503.0,463.33,465.83,381.5,494.5,,,,,,
2026-06-29 08:00,629.0,684.33,656.17,718.17,643.83,687.0,,680.5,693.0,690.0,687.17,684.67,714.17,632.67,693.5,688.0,676.83,635.83,698.0,,,,,,
2026-06-29 09:00,770.5,857.0,803.0,876.83,774.5,856.5,,841.0,861.0,865.83,834.83,842.83,930.67,821.83,842.83,839.0,834.67,780.33,861.83,,,,,,
2026-06-29 10:00,870.17,960.17,917.17,981.33,867.17,955.83,,946.17,975.83,982.33,947.83,942.17,1041.33,938.67,941.83,922.0,948.67,885.33,979.5,,,,,,
2026-06-29 11:00,922.17,1016.67,991.67,1031.33,891.0,961.83,,1003.33,1024.5,1025.33,1003.0,997.67,1087.17,1004.5,978.83,990.17,1005.83,960.67,1041.17,,,,,,
2026-06-29 12:00,927.33,1013.17,1005.0,1016.5,878.5,961.17,,1021.67,1010.0,1022.83,1001.67,1005.5,1082.5,1001.33,950.67,1010.67,995.5,990.17,1031.83,,,,,,
2026-06-29 13:00,941.67,950.83,952.83,942.83,873.5,936.83,,963.83,949.17,959.67,942.33,942.33,1030.17,937.67,892.33,897.17,917.83,929.83,939.67,,,,,,
2026-06-29 14:00,833.17,827.17,826.0,820.5,787.83,829.0,,844.0,834.83,834.5,813.17,833.5,871.67,828.67,781.0,748.5,801.0,776.67,820.17,,,,,,
2026-06-29 15:00,660.67,658.5,630.0,,620.0,650.83,,670.67,664.33,641.33,644.83,660.0,711.83,653.5,631.67,640.83,638.33,584.5,660.5,,,,,,
2026-06-29 16:00,459.33,446.67,424.17,,434.33,433.67,,462.17,452.83,421.33,444.0,446.0,500.17,453.33,447.5,441.0,438.0,345.17,458.83,,,,,,
2026-06-29 17:00,239.33,224.17,214.83,,226.33,209.17,,245.17,,117.67,229.0,228.0,266.17,239.5,237.17,207.67,222.33,137.83,243.33,,,,,,
2026-06-29 18:00,45.83,48.83,42.33,,32.17,36.17,,48.83,,13.83,53.67,46.5,59.83,46.83,49.67,42.17,47.0,34.0,53.0,,,,,,
2026-06-29 19:00,0.0,0.0,0.0,0.0,0.0,0.0,,0.17,,0.0,0.17,0.0,0.17,0.0,0.0,0.17,0.0,0.0,0.0,,,,,,
2026-06-29 20:00,0.0,0.0,0.0,0.0,0.0,0.0,,0.0,,0.0,0.0,0.0,0.0,0.0,0.0,0.0,0.0,0.0,0.0,,,,,,
2026-06-29 21:00,0.0,0.0,0.0,0.0,0.0,0.0,,0.0,,0.0,0.0,0.0,0.0,0.0,0.0,0.0,0.0,0.0,0.0,,,,,,
2026-06-29 22:00,0.0,0.0,0.0,0.0,0.0,0.0,,0.0,,0.0,0.0,0.0,0.0,0.0,0.0,0.0,0.0,0.0,0.0,,,,,,
2026-06-29 23:00,0.0,0.0,0.0,0.0,0.0,0.0,,0.0,,0.0,0.0,0.0,0.0,0.0,0.0,0.0,0.0,0.0,0.0,,,,,,
2026-06-30 00:00,0.0,0.0,0.0,0.0,0.0,0.0,,0.0,,0.0,0.0,0.0,0.0,0.0,0.0,0.0,0.0,0.0,0.0,,,,,,
2026-06-30 01:00,0.0,0.0,0.0,0.0,0.0,0.0,,0.0,,0.0,0.0,0.0,0.0,0.0,0.0,0.0,0.0,0.0,0.5,,,,,,
2026-06-30 02:00,0.0,0.0,0.0,0.0,0.0,0.0,,0.0,,0.0,0.0,0.0,0.0,0.0,0.0,0.0,0.0,0.0,0.33,,,,,,
2026-06-30 03:00,0.0,0.0,0.0,0.0,0.0,0.0,,0.0,,0.0,0.0,0.0,0.0,0.0,0.0,0.0,0.0,0.0,0.0,,,,,,
2026-06-30 04:00,2.33,2.83,1.83,1.0,1.33,0.67,,1.17,,0.33,3.67,1.17,2.33,1.67,0.67,2.67,2.5,2.0,0.5,,,,,,
2026-06-30 05:00,87.83,104.5,40.0,79.17,40.0,65.17,,87.5,,62.5,93.83,61.17,80.0,71.5,91.0,91.33,83.83,89.17,44.5,,,,,,
2026-06-30 06:00,293.0,306.5,266.0,274.83,280.17,254.0,,245.33,,256.17,288.83,268.17,268.67,273.33,293.33,263.83,286.5,281.5,263.0,,,,,,
2026-06-30 07:00,510.5,518.33,480.67,495.0,478.17,477.33,,464.83,517.6,473.83,499.67,484.5,487.5,489.83,506.0,478.33,504.67,477.83,503.83,,,,,,
2026-06-30 08:00,713.83,701.33,679.0,724.33,650.17,689.67,,688.5,698.5,693.5,695.33,692.17,694.0,679.33,695.5,697.5,697.67,646.83,705.5,,,,,,
2026-06-30 09:00,874.17,874.67,832.0,884.67,786.33,855.67,,849.0,859.17,869.5,864.0,845.5,881.0,838.67,850.5,842.17,852.83,793.5,867.33,,,,,,
2026-06-30 10:00,990.5,979.83,943.83,993.83,879.83,953.83,,960.83,975.67,981.67,972.33,941.83,1029.83,952.0,944.67,920.67,960.67,891.17,980.67,,,,,,
2026-06-30 11:00,1055.33,1033.33,1015.67,1042.0,905.83,958.33,,1020.67,1022.67,1025.5,1025.67,1005.33,1091.67,1012.83,981.33,983.67,1012.5,958.0,1037.33,,,,,,
2026-06-30 12:00,1052.17,1028.67,1030.67,1019.0,888.67,955.17,,1030.33,999.67,1024.67,1021.5,1015.67,1116.33,1005.67,959.33,1007.5,997.5,987.33,1032.83,,,,,,
2026-06-30 13:00,975.83,970.5,967.5,943.67,893.83,937.83,,966.17,945.17,961.83,953.5,951.83,1011.17,944.5,896.33,908.33,929.83,930.17,950.0,,,,,,
2026-06-30 14:00,847.5,849.0,825.83,825.17,773.83,831.67,,840.67,831.83,836.17,823.33,843.67,899.0,829.83,786.0,758.0,812.17,777.0,821.0,,,,,,
2026-06-30 15:00,673.33,678.17,654.17,,615.33,653.33,,665.17,662.17,641.67,650.67,665.0,730.67,652.0,635.83,643.83,652.67,590.83,659.33,,,,,,
2026-06-30 16:00,468.33,465.83,431.83,,435.33,436.83,,468.0,472.4,425.17,451.0,452.83,499.0,451.67,447.17,444.5,453.17,350.83,458.33,,,,,,
2026-06-30 17:00,246.83,234.83,222.83,,230.5,212.0,,249.33,314.0,123.5,234.5,229.83,248.5,238.5,237.33,211.5,233.17,139.0,240.17,,,,,,
2026-06-30 18:00,48.67,54.33,44.33,,32.0,37.33,,49.67,,14.17,56.0,48.0,65.33,46.0,50.17,44.0,49.67,34.83,54.0,,,,,,
2026-06-30 19:00,0.0,0.0,0.0,0.0,0.0,0.0,,0.17,,0.0,0.17,0.0,0.17,0.0,0.0,0.17,0.0,0.0,0.0,,,,,,
2026-06-30 20:00,0.0,0.0,0.0,0.0,0.0,0.0,,0.0,,0.0,0.0,0.0,0.0,0.0,0.0,0.0,0.0,0.0,0.0,,,,,,
2026-06-30 21:00,0.0,0.0,0.0,0.0,0.0,0.0,,0.0,,0.0,0.0,0.0,0.0,0.0,0.0,0.0,0.0,0.0,0.0,,,,,,
2026-06-30 22:00,0.0,0.0,0.0,0.0,0.0,0.0,,0.0,,0.0,0.0,0.0,0.0,0.0,0.0,0.0,0.0,0.0,0.0,,,,,,
2026-06-30 23:00,0.0,0.0,0.0,0.0,0.0,0.0,,0.0,,0.0,0.0,0.0,0.0,0.0,0.0,0.0,0.0,0.0,0.0,,,,,,
2026-07-01 00:00,0.0,0.0,0.0,0.0,0.0,0.0,,0.0,,0.0,0.0,0.0,0.0,0.0,0.0,0.0,0.0,0.0,0.0,,,,,,
2026-07-01 01:00,0.0,0.0,0.0,0.0,0.0,0.0,,0.0,,0.0,0.0,0.0,0.0,0.0,0.0,0.0,0.0,0.0,0.0,,,,,,
2026-07-01 02:00,0.0,0.0,0.0,0.0,0.0,0.0,,0.0,,0.0,0.0,0.0,0.0,0.0,0.0,0.0,0.0,0.0,0.0,,,,,,
2026-07-01 03:00,0.0,0.0,0.0,0.0,0.0,0.0,,0.0,,0.0,0.0,0.0,0.0,0.0,0.0,0.0,0.0,0.0,0.0,,,,,,
2026-07-01 04:00,2.33,2.83,1.67,0.83,1.17,0.5,,1.33,,0.33,2.33,0.67,1.17,1.5,0.67,2.67,2.17,2.0,0.83,,,,,,
2026-07-01 05:00,88.0,110.0,39.83,78.0,38.33,64.67,,73.0,,61.67,82.17,68.67,70.67,50.0,67.0,92.33,58.5,88.67,48.67,,,,,,
2026-07-01 06:00,296.5,321.17,275.0,274.33,280.33,254.83,,249.17,,255.67,308.33,277.5,249.33,269.0,268.17,263.17,280.17,279.17,254.33,,,,,,
2026-07-01 07:00,524.33,535.0,468.33,494.33,471.17,478.5,,425.5,491.2,470.83,492.67,446.5,410.83,414.17,503.33,480.33,494.5,475.5,476.83,,,,,,
2026-07-01 08:00,725.5,711.0,655.5,724.33,645.83,686.5,,691.5,695.33,687.0,734.5,673.0,659.17,672.0,692.5,696.17,706.17,644.17,702.17,,,,,,
2026-07-01 09:00,880.0,890.33,820.67,878.17,786.5,855.33,,844.33,859.17,861.17,865.5,845.67,760.33,838.5,846.83,840.83,853.0,787.33,868.0,,,,,,
2026-07-01 10:00,978.17,1004.17,925.5,981.5,876.83,953.83,,954.67,973.67,978.67,968.5,938.33,963.83,957.5,938.0,927.83,966.0,888.67,984.33,,,,,,
2026-07-01 11:00,1022.0,1057.67,995.83,1031.67,897.17,957.33,,1019.5,1023.17,1036.5,1024.33,984.33,1042.67,1016.0,978.5,985.33,1021.83,960.67,1042.33,,,,,,
2026-07-01 12:00,1027.0,1056.17,1005.17,1014.33,885.5,958.67,,1025.5,1013.0,1042.0,1026.17,997.17,924.17,1009.83,951.67,1015.5,1011.33,991.17,1030.5,,,,,,
2026-07-01 13:00,966.67,988.33,950.17,,885.17,942.0,,963.17,931.67,973.33,957.83,944.5,904.33,948.83,887.33,921.33,935.67,933.0,961.0,,,,,,
2026-07-01 14:00,857.33,858.67,831.83,,770.0,832.67,,837.83,822.83,842.0,828.83,838.5,864.33,827.0,779.0,760.0,814.67,777.5,835.67,,,,,,
2026-07-01 15:00,682.5,685.33,648.33,,608.5,653.33,,668.83,659.83,644.83,650.17,667.17,688.33,647.83,632.67,640.0,648.67,584.67,666.5,,,,,,
2026-07-01 16:00,478.83,469.33,443.33,,430.67,434.5,,460.67,472.0,427.83,448.5,450.5,422.5,452.83,442.83,446.17,450.67,349.0,463.5,,,,,,
2026-07-01 17:00,253.33,231.17,216.5,,220.17,211.5,,243.33,307.0,122.67,232.67,226.17,227.5,233.17,231.33,209.0,234.5,137.33,243.33,,,,,,
2026-07-01 18:00,49.83,52.17,40.33,,33.33,36.83,,47.83,,13.33,56.33,49.0,45.0,36.0,49.5,44.17,52.5,34.5,52.67,,,,,,
2026-07-01 19:00,0.0,0.0,0.0,0.0,0.0,0.0,,0.33,,0.0,0.0,0.0,0.17,0.0,0.0,0.17,0.0,0.0,0.0,,,,,,
2026-07-01 20:00,0.0,0.0,0.0,0.0,0.0,0.0,,0.0,,0.0,0.0,0.0,0.0,0.0,0.0,0.0,0.0,0.0,0.0,,,,,,
2026-07-01 21:00,0.0,0.0,0.0,0.0,0.0,0.0,,0.0,,0.0,0.0,0.0,0.0,0.0,0.0,0.0,0.0,0.0,0.0,,,,,,
2026-07-01 22:00,0.0,0.0,0.0,0.0,0.0,0.0,,0.0,,0.0,0.0,0.0,0.0,0.0,0.0,0.0,0.0,0.0,0.0,,,,,,
2026-07-01 23:00,0.0,0.0,0.0,0.0,0.0,0.0,,0.0,,0.0,0.0,0.0,0.0,0.0,0.0,0.0,0.0,0.0,0.0,,,,,,
2026-07-02 00:00,0.0,0.0,0.0,0.0,0.0,0.0,,0.0,,0.0,0.0,0.0,0.0,0.0,0.0,0.0,0.0,0.0,0.0,,,,,,
2026-07-02 01:00,0.0,0.0,0.0,0.0,0.0,0.0,,0.0,,0.0,0.0,0.0,0.0,0.0,0.0,0.0,0.0,0.0,0.0,,,,,,
2026-07-02 02:00,0.0,0.0,0.0,0.0,0.0,0.0,,0.0,,0.0,0.0,0.0,0.0,0.0,0.0,0.0,0.0,0.0,0.0,,,,,,
2026-07-02 03:00,0.0,0.0,0.0,0.0,0.0,0.0,,0.0,,0.0,0.0,0.0,0.0,0.0,0.0,0.0,0.0,0.0,0.0,,,,,,
2026-07-02 04:00,2.0,3.17,1.33,1.0,1.33,0.5,,1.0,,0.5,2.0,1.0,1.33,1.33,0.5,2.17,2.33,1.5,0.5,,,,,,
2026-07-02 05:00,43.5,71.17,38.5,48.0,39.67,62.17,,69.5,,61.0,76.0,39.67,49.17,67.5,43.33,84.17,95.33,85.0,69.0,,,,,,
2026-07-02 06:00,182.67,330.0,271.0,267.5,271.0,250.17,,265.83,,254.5,296.67,218.0,228.67,232.5,178.67,261.17,279.33,267.67,254.33,,,,,,
2026-07-02 07:00,573.5,518.0,442.17,490.83,479.67,472.67,,455.17,534.75,470.17,452.17,374.67,303.33,439.17,514.0,479.33,482.17,473.67,493.0,,,,,,
2026-07-02 08:00,736.33,710.5,665.67,717.33,675.33,681.0,,597.67,631.83,684.0,691.17,558.5,711.17,582.67,686.0,698.83,692.67,646.5,694.33,,,,,,
2026-07-02 09:00,899.5,906.0,826.33,873.33,830.0,850.17,,813.67,826.83,863.0,795.67,797.17,755.67,798.0,834.83,846.33,857.0,795.5,857.33,,,,,,
2026-07-02 10:00,1004.17,1009.67,929.0,978.5,941.67,948.33,,907.5,955.0,982.17,972.0,908.17,1011.5,961.67,939.83,933.0,963.33,912.83,972.0,,,,,,
2026-07-02 11:00,1028.67,1060.83,985.0,1034.83,964.83,957.17,,1019.0,1010.33,1036.67,1035.83,950.33,1083.5,1020.17,983.0,997.67,1025.0,977.5,1034.5,,,,,,
2026-07-02 12:00,1033.83,1057.33,1011.67,1020.67,929.17,960.17,,1032.83,1005.33,1040.67,1030.83,1003.5,1000.17,1020.0,962.33,1011.0,1006.83,1001.0,1031.0,,,,,,
2026-07-02 13:00,995.0,949.83,967.0,,891.33,939.17,,973.67,937.5,971.67,958.33,956.5,951.0,955.0,895.67,920.67,937.17,933.67,959.67,,,,,,
2026-07-02 14:00,893.33,793.0,839.0,,779.83,832.0,,846.33,830.17,841.17,827.0,847.0,871.5,836.0,789.33,770.17,818.0,779.67,839.17,,,,,,
2026-07-02 15:00,709.67,675.0,652.5,,619.5,650.33,,677.17,645.33,637.0,654.83,677.67,695.33,660.83,635.83,651.17,652.0,589.0,674.0,,,,,,
2026-07-02 16:00,501.67,470.0,444.5,,440.17,434.0,,474.5,473.0,422.67,455.0,461.67,431.17,462.5,446.17,449.67,452.17,349.33,461.17,,,,,,
2026-07-02 17:00,269.17,236.83,222.17,,231.0,211.0,,251.0,,123.67,196.0,235.17,232.0,245.0,240.5,212.5,230.67,138.17,241.5,,,,,,
2026-07-02 18:00,52.83,56.0,42.33,,28.67,37.67,,50.67,,14.17,40.67,48.5,70.17,47.5,54.17,43.67,53.17,35.67,53.5,,,,,,
2026-07-02 19:00,0.0,0.0,0.0,0.0,0.0,0.0,,0.17,,0.0,0.17,0.0,0.17,0.0,0.0,0.17,0.0,0.0,0.0,,,,,,
2026-07-02 20:00,0.0,0.0,0.0,0.0,0.0,0.0,,0.0,,0.0,0.0,0.0,0.0,0.0,0.0,0.0,0.0,0.0,0.0,,,,,,
2026-07-02 21:00,0.0,0.0,0.0,0.0,0.0,0.0,,0.0,,0.0,0.0,0.0,0.0,0.0,0.0,0.0,0.0,0.0,0.0,,,,,,
2026-07-02 22:00,0.0,0.0,0.0,0.0,0.0,0.0,,0.0,,0.0,0.0,0.0,0.0,0.0,0.0,0.0,0.0,0.0,0.0,,,,,,
2026-07-02 23:00,0.0,0.0,0.0,0.0,0.0,0.0,,0.0,,0.0,0.0,0.0,0.0,0.0,0.0,0.0,0.0,0.0,0.0,,,,,,
2026-07-03 00:00,0.0,0.0,0.0,0.0,0.0,0.0,,0.0,,0.0,0.0,0.0,0.17,0.0,0.0,0.0,0.0,0.0,0.0,,,,,,
2026-07-03 01:00,0.0,0.0,0.0,0.0,0.0,0.0,,0.0,,0.0,0.0,0.0,0.0,0.0,0.0,0.0,0.0,0.17,0.0,,,,,,
2026-07-03 02:00,0.0,0.0,0.0,0.0,0.0,0.0,,0.0,,0.0,0.0,0.0,0.0,0.0,0.0,0.0,0.0,0.0,0.0,,,,,,
2026-07-03 03:00,0.0,0.0,0.0,0.0,0.0,0.0,,0.0,,0.0,0.0,0.0,0.0,0.0,0.0,0.0,0.0,0.0,0.0,,,,,,
2026-07-03 04:00,2.17,3.67,1.67,0.83,1.5,0.33,,1.0,,0.33,1.33,1.0,1.33,1.17,0.5,2.5,2.67,1.33,0.67,,,,,,
2026-07-03 05:00,76.5,76.5,40.33,44.83,48.33,63.67,,72.33,,60.83,65.67,50.0,73.67,52.67,51.33,78.33,58.0,68.17,53.5,,,,,,
2026-07-03 06:00,267.0,243.67,243.5,146.83,260.17,252.67,,253.83,,257.33,243.5,186.83,231.67,256.67,159.83,246.5,190.17,224.17,192.67,,,,,,
2026-07-03 07:00,490.0,482.17,488.33,332.33,462.67,478.17,,432.17,411.2,474.33,355.83,332.5,451.0,435.83,462.83,500.5,269.5,368.33,386.67,,,,,,
2026-07-03 08:00,691.17,688.67,617.0,642.17,669.67,690.33,,597.67,723.0,687.67,542.67,654.5,543.67,510.0,685.17,627.5,551.5,552.83,635.83,,,,,,
2026-07-03 09:00,714.17,848.5,837.0,799.0,832.33,857.0,,764.17,856.67,861.17,726.5,639.83,722.5,805.5,794.67,766.5,818.83,818.83,857.67,,,,,,
2026-07-03 10:00,897.0,969.83,902.5,956.5,942.5,973.83,,951.0,968.0,980.0,868.83,859.17,950.5,922.0,887.0,842.83,965.5,894.33,977.17,,,,,,
2026-07-03 11:00,861.67,1040.67,923.67,1007.17,966.33,1034.67,,1018.33,1005.0,1041.17,1044.33,978.17,1094.33,1039.0,979.67,952.67,1000.33,966.5,1031.17,,,,,,
2026-07-03 12:00,902.33,1035.17,996.83,1020.0,932.5,1032.83,,1026.0,1008.67,1037.33,1020.33,994.67,1037.0,928.67,959.67,988.33,990.17,979.33,1027.33,,,,,,
2026-07-03 13:00,971.33,972.33,940.5,,890.0,968.5,,958.83,948.17,969.17,877.5,932.83,966.0,944.17,888.5,880.33,917.83,913.83,959.0,,,,,,
2026-07-03 14:00,854.83,781.17,804.17,,789.83,836.83,,834.17,829.0,846.5,797.83,823.67,882.0,808.33,772.83,709.5,805.0,759.5,840.33,,,,,,
2026-07-03 15:00,674.67,620.0,626.83,,617.0,650.83,,659.17,647.33,646.0,607.0,655.67,718.17,617.83,623.33,627.0,634.67,574.33,668.33,,,,,,
2026-07-03 16:00,474.33,461.83,418.33,,432.33,437.83,,457.0,470.2,438.33,443.83,442.17,422.17,409.5,440.67,436.17,441.67,336.17,460.0,,,,,,
2026-07-03 17:00,245.17,226.83,206.83,,223.83,214.17,,241.33,311.0,126.83,177.33,221.83,204.83,182.5,219.17,203.67,226.67,135.0,236.83,,,,,,
2026-07-03 18:00,48.67,49.33,42.33,,29.83,35.17,,48.83,,13.17,33.5,45.0,52.67,41.0,45.33,42.5,50.17,34.33,51.33,,,,,,
2026-07-03 19:00,0.0,0.0,0.0,0.0,0.0,0.0,,0.0,,0.0,0.17,0.0,0.17,0.0,0.0,0.17,0.0,0.0,0.0,,,,,,
2026-07-03 20:00,0.0,0.0,0.0,0.0,0.0,0.0,,0.0,,0.0,0.0,0.0,0.0,0.0,0.0,0.0,0.0,0.0,0.0,,,,,,
2026-07-03 21:00,0.0,0.0,0.0,0.0,0.0,0.0,,0.0,,0.0,0.0,0.0,0.0,0.0,0.0,0.0,0.0,0.0,0.0,,,,,,
2026-07-03 22:00,0.0,0.0,0.0,0.0,0.0,0.0,,0.0,,0.0,0.0,0.0,0.0,0.0,0.0,0.0,0.0,0.0,0.0,,,,,,
2026-07-03 23:00,0.0,0.0,0.0,0.0,0.0,0.0,,0.0,,0.0,0.0,0.0,0.0,0.0,0.0,0.0,0.0,0.0,0.0,,,,,,
2026-07-04 00:00,0.0,0.0,0.0,0.0,0.0,0.0,,0.0,,0.0,0.0,0.0,0.0,0.0,0.0,0.0,0.0,0.0,0.0,,,,,,
2026-07-04 01:00,0.0,0.0,0.0,0.0,0.0,0.0,,0.0,,0.0,0.0,0.0,0.0,0.0,0.0,0.0,0.0,0.0,0.0,,,,,,
2026-07-04 02:00,0.0,0.0,0.0,0.0,0.0,0.0,,0.0,,0.0,0.0,0.0,0.0,0.0,0.0,0.0,0.0,0.0,0.0,,,,,,
2026-07-04 03:00,0.0,0.0,0.0,0.0,0.0,0.0,,0.0,,0.0,0.0,0.0,0.0,0.0,0.0,0.0,0.0,0.0,0.0,,,,,,
2026-07-04 04:00,2.33,2.33,1.67,1.0,1.5,0.33,,1.0,,0.17,1.5,1.0,1.17,1.33,0.5,2.17,0.5,1.17,0.83,,,,,,
2026-07-04 05:00,77.67,52.67,48.5,37.5,42.33,59.83,,47.83,,65.67,69.83,65.67,67.83,61.5,42.83,85.17,19.67,68.33,70.0,,,,,,
2026-07-04 06:00,264.0,179.67,234.33,170.17,262.33,266.83,,244.33,,269.17,275.17,252.67,234.83,253.5,216.83,240.83,56.33,192.67,203.67,,,,,,
2026-07-04 07:00,464.83,362.67,452.5,437.83,471.5,494.17,,339.0,280.83,483.67,400.67,407.67,361.0,409.0,319.0,392.0,172.5,428.67,391.5,,,,,,
2026-07-04 08:00,517.5,599.67,679.17,608.67,659.33,700.0,,626.17,560.83,705.33,477.0,518.17,504.0,455.17,458.0,633.67,552.5,586.83,641.67,,,,,,
2026-07-04 09:00,729.0,839.67,764.17,861.0,825.0,865.83,,859.33,821.67,873.33,585.5,822.0,680.33,652.33,766.33,582.5,734.0,713.17,839.5,,,,,,
2026-07-04 10:00,857.67,992.67,898.0,965.0,936.5,978.33,,942.67,942.5,984.17,634.5,893.0,1011.83,897.17,860.33,806.67,919.67,765.0,965.0,,,,,,
2026-07-04 11:00,957.0,1036.33,945.17,1020.17,958.17,1033.0,,1009.0,999.17,1036.83,758.67,983.67,1052.83,996.83,1004.17,990.5,1005.5,944.33,1015.0,,,,,,
2026-07-04 12:00,1040.0,978.67,996.33,900.0,927.83,1029.33,,1008.5,988.0,1030.5,743.0,965.33,1066.33,995.33,897.17,997.67,989.83,963.17,1009.0,,,,,,
2026-07-04 13:00,977.17,954.17,897.0,,896.0,956.67,,949.5,916.67,944.0,761.5,907.83,1041.5,937.67,874.67,876.17,915.83,880.33,950.67,,,,,,
2026-07-04 14:00,851.33,785.0,795.33,,775.67,830.67,,827.5,813.83,835.83,557.67,814.5,882.67,814.33,774.17,708.17,798.33,728.33,813.17,,,,,,
2026-07-04 15:00,692.0,619.0,589.17,,611.0,657.5,,654.83,655.0,642.33,634.83,653.0,693.33,621.83,624.5,625.67,634.67,552.17,655.67,,,,,,
2026-07-04 16:00,460.17,441.5,410.0,,427.33,450.83,,451.0,469.0,429.33,380.83,438.5,452.67,443.33,436.17,429.5,430.17,321.5,456.0,,,,,,
2026-07-04 17:00,235.33,217.33,200.0,,225.0,223.5,,233.5,,125.5,235.33,215.5,223.67,173.83,229.17,197.33,212.83,128.67,232.0,,,,,,
2026-07-04 18:00,46.33,35.33,34.67,,25.83,34.0,,45.67,,12.5,46.0,43.5,51.5,33.67,47.0,41.67,47.0,31.17,48.33,,,,,,
2026-07-04 19:00,0.0,0.0,0.0,0.0,0.0,0.0,,0.17,,0.0,0.17,0.0,0.17,0.0,0.0,0.17,0.0,0.0,0.0,,,,,,
2026-07-04 20:00,0.0,0.0,0.0,0.0,0.0,0.0,,0.0,,0.0,0.0,0.0,0.0,0.0,0.0,0.0,0.0,0.0,0.0,,,,,,
2026-07-04 21:00,0.0,0.0,0.0,0.0,0.0,0.0,,0.0,,0.0,0.0,0.0,0.0,0.0,0.0,0.0,0.0,0.0,0.0,,,,,,
2026-07-04 22:00,0.0,0.0,0.0,0.0,0.0,0.0,,0.0,,0.0,0.0,0.0,0.0,0.0,0.0,0.0,0.0,0.0,0.0,,,,,,
2026-07-04 23:00,0.0,0.0,0.0,0.0,0.0,0.0,,0.0,,0.0,0.0,0.0,0.0,0.0,0.0,0.0,0.0,0.0,0.0,,,,,,
2026-07-05 00:00,0.0,0.0,0.0,0.0,0.0,0.0,,0.0,,0.0,0.0,0.0,0.17,0.0,0.0,0.5,0.0,0.0,0.0,,,,,,
2026-07-05 01:00,0.0,0.0,0.0,0.0,0.0,0.0,,0.0,,0.0,0.0,0.0,0.17,0.0,0.0,0.0,0.0,0.0,0.0,,,,,,
2026-07-05 02:00,0.0,0.0,0.0,0.0,0.0,0.0,,0.0,,0.0,0.0,0.0,0.33,0.0,0.0,0.0,0.0,0.0,0.0,,,,,,
2026-07-05 03:00,0.0,0.0,0.0,0.0,0.0,0.0,,0.0,,0.0,0.0,0.0,0.17,0.0,0.0,0.0,0.0,0.0,0.0,,,,,,
2026-07-05 04:00,1.33,2.17,1.33,0.83,1.5,0.33,,0.83,,0.33,1.5,0.5,1.33,0.67,0.5,2.0,1.5,1.17,0.5,,,,,,
2026-07-05 05:00,44.17,73.0,44.67,39.5,49.5,54.67,,34.33,,54.33,74.33,38.67,46.5,52.17,20.33,44.67,39.17,31.5,56.0,,,,,,
2026-07-05 06:00,180.0,240.5,137.33,152.5,221.33,244.33,,197.17,,241.0,163.0,191.33,156.67,136.83,71.0,175.83,150.83,129.5,171.17,,,,,,
2026-07-05 07:00,430.83,462.83,358.83,189.17,269.67,464.17,,409.83,436.0,458.67,224.17,407.0,302.33,152.5,161.17,432.67,254.17,337.83,354.5,,,,,,
2026-07-05 08:00,619.67,669.0,529.5,401.17,519.67,669.67,,536.33,526.67,669.67,402.0,502.17,387.17,335.67,361.5,545.83,559.33,461.17,457.5,,,,,,
2026-07-05 09:00,851.5,833.5,786.0,576.83,803.0,838.33,,699.67,718.33,842.0,621.33,557.0,568.17,835.33,489.83,683.0,781.0,685.0,737.67,,,,,,
2026-07-05 10:00,856.0,962.83,870.83,726.83,958.17,955.5,,801.83,871.33,960.83,602.33,726.5,865.83,967.17,708.5,718.5,939.83,737.17,921.83,,,,,,
2026-07-05 11:00,733.5,1016.83,1041.17,852.17,961.33,1015.0,,1003.5,793.5,1014.83,655.17,951.0,1007.83,995.5,770.0,609.33,990.67,814.83,1009.0,,,,,,
2026-07-05 12:00,947.67,1016.83,1037.83,931.33,915.0,1012.83,,1004.67,992.67,1004.17,631.67,977.83,1059.33,964.67,882.0,951.33,978.83,910.67,1014.67,,,,,,
2026-07-05 13:00,959.67,894.17,942.5,966.0,884.17,934.83,,945.83,933.83,912.67,526.17,910.5,1043.17,915.67,885.5,871.67,885.0,850.5,947.33,,,,,,
2026-07-05 14:00,822.67,761.33,693.0,,748.83,819.0,,826.83,808.67,804.67,642.5,809.0,893.67,795.5,766.5,699.0,778.17,644.33,816.0,,,,,,
2026-07-05 15:00,647.5,582.83,583.83,,604.17,641.67,,658.17,649.5,615.67,610.5,646.83,685.83,618.33,610.83,610.17,616.17,487.17,657.67,,,,,,
2026-07-05 16:00,436.5,405.17,400.5,,406.5,435.5,,453.5,466.0,414.0,399.5,434.17,463.17,346.33,426.17,422.0,412.83,311.5,456.0,,,,,,
2026-07-05 17:00,210.0,136.5,192.5,,206.67,213.5,,234.83,303.0,126.33,186.0,215.17,199.83,139.17,223.33,192.33,136.17,125.83,228.33,,,,,,
2026-07-05 18:00,41.5,42.67,38.83,,28.67,34.83,,46.0,,13.33,33.33,42.67,41.0,33.0,43.83,39.0,40.0,31.33,46.0,,,,,,
2026-07-05 19:00,0.0,0.0,0.0,0.0,0.0,0.0,,0.17,,0.0,0.17,0.0,0.17,0.0,0.0,0.17,0.0,0.0,0.0,,,,,,
2026-07-05 20:00,0.0,0.0,0.0,0.0,0.0,0.0,,0.0,,0.0,0.0,0.0,0.0,0.0,0.0,0.0,0.0,0.0,0.0,,,,,,
2026-07-05 21:00,0.0,0.0,0.0,0.0,0.0,0.0,,0.0,,0.0,0.0,0.0,0.0,0.0,0.0,0.0,0.0,0.0,0.0,,,,,,
2026-07-05 22:00,0.0,0.0,0.0,0.0,0.0,0.0,,0.17,,0.0,0.0,0.0,0.0,0.0,0.0,0.0,0.0,0.0,0.0,,,,,,
2026-07-05 23:00,0.0,0.0,0.0,0.0,0.0,0.0,,0.0,,0.0,0.0,0.0,0.0,0.0,0.0,0.0,0.0,0.0,0.0,,,,,,
2026-07-06 00:00,0.0,0.0,0.0,0.0,0.0,0.0,,0.0,,0.0,0.0,0.0,0.0,0.0,0.0,0.0,0.0,0.0,0.0,,,,,,
2026-07-06 01:00,0.0,0.0,0.0,0.0,0.0,0.0,,0.0,,0.0,0.0,0.0,0.0,0.0,0.0,0.0,0.0,0.0,0.0,,,,,,
2026-07-06 02:00,0.0,0.0,0.0,0.0,0.0,0.0,,0.0,,0.0,0.0,0.0,0.0,0.0,0.0,0.17,0.0,0.0,0.0,,,,,,
2026-07-06 03:00,0.0,0.0,0.0,0.0,0.0,0.0,,0.0,,0.0,0.0,0.0,0.0,0.0,0.0,0.0,0.0,0.0,0.0,,,,,,
2026-07-06 04:00,1.83,1.67,1.67,1.33,1.33,0.33,,1.0,,0.17,1.5,0.67,1.0,1.0,0.67,2.17,1.5,1.67,0.67,,,,,,
2026-07-06 05:00,65.5,52.33,53.5,64.67,42.17,57.0,,67.67,,58.5,64.67,61.5,62.33,58.17,76.17,78.0,48.0,54.17,71.0,,,,,,
2026-07-06 06:00,245.17,299.83,146.67,249.33,250.0,258.5,,245.67,,256.17,279.5,244.5,235.0,242.5,266.67,245.67,92.67,244.5,261.5,,,,,,
2026-07-06 07:00,529.67,360.17,340.67,449.83,454.67,481.83,,437.67,501.25,473.17,462.0,457.67,461.33,447.33,467.83,462.17,368.67,443.33,474.67,,,,,,
2026-07-06 08:00,635.33,642.0,650.67,672.67,641.17,681.67,,651.83,660.17,686.0,521.17,653.33,707.67,613.83,652.67,583.17,692.5,589.33,669.5,,,,,,
2026-07-06 09:00,605.67,771.5,714.5,828.83,794.0,844.83,,813.33,821.0,853.83,621.67,806.67,885.83,796.67,796.83,810.83,796.67,737.5,836.17,,,,,,
2026-07-06 10:00,889.5,918.83,938.17,942.5,897.83,959.17,,926.33,932.5,967.83,797.5,896.17,996.33,916.83,898.83,748.17,946.33,888.67,953.33,,,,,,
2026-07-06 11:00,914.83,852.17,996.5,999.5,775.83,1016.33,,981.0,985.83,1024.0,840.33,955.0,1053.17,977.17,947.83,861.33,999.5,852.67,1011.0,,,,,,
2026-07-06 12:00,795.67,831.33,1039.5,983.83,487.33,1011.33,,979.67,981.83,1007.67,936.5,967.5,1053.0,965.33,943.5,1026.33,983.0,897.17,996.5,,,,,,
2026-07-06 13:00,809.83,865.67,952.83,779.33,508.33,935.83,,921.33,911.17,911.33,888.83,913.33,1016.33,890.17,862.17,889.83,919.0,804.0,911.83,,,,,,
2026-07-06 14:00,873.17,767.33,762.0,,793.5,808.17,,802.17,792.33,808.83,776.83,805.33,876.0,789.17,764.0,725.5,803.17,723.5,776.0,,,,,,
2026-07-06 15:00,716.33,617.33,618.0,,609.17,639.17,,636.33,628.0,614.5,619.83,635.83,683.5,620.0,602.0,625.17,636.0,551.67,634.17,,,,,,
2026-07-06 16:00,463.33,447.33,415.33,,421.33,420.17,,434.83,448.2,403.67,427.33,438.5,476.67,428.33,416.83,427.0,444.5,316.67,430.17,,,,,,
2026-07-06 17:00,238.83,219.83,208.5,,206.33,174.0,,221.33,,126.33,228.0,225.17,230.67,222.5,213.83,192.33,228.33,124.83,213.33,,,,,,
2026-07-06 18:00,48.0,50.0,39.33,,23.33,30.67,,44.83,,17.83,52.67,46.83,53.17,44.67,43.0,39.0,48.5,32.33,39.5,,,,,,
2026-07-06 19:00,0.0,0.0,0.0,0.0,0.0,0.0,,0.17,,0.0,0.0,0.0,0.17,0.0,0.0,0.17,0.0,0.0,0.0,,,,,,
2026-07-06 20:00,0.0,0.0,0.0,0.0,0.0,0.0,,0.0,,0.0,0.0,0.0,0.0,0.0,0.0,0.0,0.0,0.0,0.0,,,,,,
2026-07-06 21:00,0.0,0.0,0.0,0.0,0.0,0.0,,0.0,,0.0,0.0,0.0,0.0,0.0,0.0,0.0,0.0,0.0,0.0,,,,,,
2026-07-06 22:00,0.0,0.0,0.0,0.0,0.0,0.0,,0.0,,0.0,0.0,0.0,0.0,0.0,0.0,0.0,0.0,0.0,0.0,,,,,,
2026-07-06 23:00,0.0,0.0,0.0,0.0,0.0,0.0,,0.0,,0.0,0.0,0.0,0.0,0.0,0.0,0.0,0.0,0.0,0.0,,,,,,
2026-07-07 00:00,0.0,0.0,0.0,0.0,0.0,0.0,,0.17,,0.0,0.0,0.0,0.0,0.0,0.0,0.0,0.0,0.0,0.0,,,,,,
2026-07-07 01:00,0.0,0.0,0.0,0.0,0.0,0.0,,0.0,,0.0,0.0,0.0,0.17,0.0,0.0,0.0,0.0,0.0,0.0,,,,,,
2026-07-07 02:00,0.0,0.0,0.0,0.0,0.0,0.0,,0.0,,0.0,0.0,0.0,0.0,0.0,0.0,0.0,0.0,0.0,0.0,,,,,,
2026-07-07 03:00,0.0,0.0,0.0,0.0,0.0,0.0,,0.0,,0.0,0.0,0.0,0.0,0.0,0.0,0.0,0.0,0.0,0.0,,,,,,
2026-07-07 04:00,1.0,3.67,1.17,1.0,1.33,0.33,,0.67,,0.17,1.0,0.67,0.83,0.83,0.0,2.0,1.5,1.33,0.67,,,,,,
2026-07-07 05:00,69.17,68.83,34.83,42.5,55.67,49.67,,33.83,,49.17,60.83,56.33,63.17,44.83,49.17,68.67,60.5,56.83,47.33,,,,,,
2026-07-07 06:00,236.33,227.83,207.17,257.5,241.17,224.0,,210.17,,223.83,265.33,248.17,214.67,238.83,204.0,250.5,111.67,220.17,229.83,,,,,,
2026-07-07 07:00,481.67,470.5,285.67,364.67,487.67,442.17,,419.5,365.25,439.83,350.5,407.5,407.0,365.33,292.33,407.67,350.5,376.5,450.67,,,,,,
2026-07-07 08:00,674.17,686.17,579.17,617.67,623.33,647.0,,578.83,523.33,648.33,516.17,509.67,583.0,603.0,513.33,487.0,682.83,610.33,659.0,,,,,,
2026-07-07 09:00,635.67,848.0,778.67,792.83,851.33,807.33,,705.67,796.5,823.5,604.5,727.17,798.33,702.17,702.5,706.17,843.33,721.5,838.33,,,,,,
2026-07-07 10:00,651.0,998.33,805.0,929.67,943.83,918.0,,925.33,933.33,944.0,792.67,864.5,802.33,854.0,778.5,709.33,917.0,782.0,973.67,,,,,,
2026-07-07 11:00,584.17,998.0,915.67,846.0,751.83,987.17,,985.17,993.33,1009.0,973.83,869.33,837.67,789.17,866.5,1008.17,1003.67,949.67,1013.33,,,,,,
2026-07-07 12:00,841.67,1004.33,582.67,848.5,401.5,982.5,,1014.5,1009.33,985.5,899.5,951.83,970.8,867.33,764.0,963.17,998.83,891.0,1016.5,,,,,,
2026-07-07 13:00,749.0,969.67,708.17,844.33,659.67,907.17,,946.0,921.5,795.33,881.0,871.83,928.0,794.33,804.17,890.0,925.83,843.67,904.67,,,,,,
2026-07-07 14:00,723.0,796.5,760.67,,787.33,809.17,,819.83,813.83,714.0,751.17,827.0,731.67,653.5,659.0,729.5,810.33,719.33,837.0,,,,,,
2026-07-07 15:00,674.33,624.33,609.0,,611.83,637.17,,650.83,635.0,648.0,506.5,651.5,603.83,352.83,593.83,630.67,552.83,561.33,661.33,,,,,,
2026-07-07 16:00,471.67,440.83,418.5,,427.17,425.67,,447.67,460.6,410.83,387.5,446.17,339.0,298.33,370.5,431.17,394.17,316.0,454.33,,,,,,
2026-07-07 17:00,256.83,216.0,211.5,,185.0,201.67,,189.17,,129.17,107.83,213.17,199.0,137.0,166.33,204.17,219.83,123.5,229.17,,,,,,
2026-07-07 18:00,54.17,43.83,37.0,,23.33,34.67,,35.67,,17.17,23.17,32.33,40.5,34.5,31.17,36.0,47.0,32.0,48.17,,,,,,
2026-07-07 19:00,0.0,0.0,0.0,0.0,0.0,0.0,,0.17,,0.0,0.17,0.0,0.17,0.0,0.0,0.17,0.0,0.0,0.0,,,,,,
2026-07-07 20:00,0.0,0.0,0.0,0.0,0.0,0.0,,0.0,,0.0,0.0,0.0,0.0,0.0,0.0,0.0,0.0,0.0,0.0,,,,,,
2026-07-07 21:00,0.0,0.0,0.0,0.0,0.0,0.0,,0.0,,0.0,0.0,0.0,0.0,0.0,0.0,0.0,0.0,0.0,0.0,,,,,,
2026-07-07 22:00,0.0,0.0,0.0,0.0,0.0,0.0,,0.0,,0.0,0.0,0.0,0.0,0.0,0.0,0.0,0.0,0.0,0.0,,,,,,
2026-07-07 23:00,0.0,0.0,0.0,0.0,0.0,0.0,,0.0,,0.0,0.0,0.0,0.0,0.0,0.0,0.0,0.0,0.0,0.0,,,,,,
2026-07-08 00:00,0.0,0.0,0.0,0.0,0.0,0.0,,0.0,,0.0,0.0,0.0,0.0,0.0,0.0,0.0,0.0,0.0,0.0,,,,,,
2026-07-08 01:00,0.0,0.0,0.0,0.0,0.0,0.0,,0.0,,0.0,0.0,0.0,0.0,0.0,0.0,0.0,0.0,0.0,0.0,,,,,,
2026-07-08 02:00,0.0,0.0,0.0,0.0,0.0,0.0,,0.0,,0.0,0.0,0.0,0.0,0.0,0.0,0.0,0.0,0.0,0.0,,,,,,
2026-07-08 03:00,0.0,0.0,0.0,0.0,0.0,0.0,,0.0,,0.0,0.0,0.0,0.0,0.0,0.0,0.0,0.0,0.0,0.0,,,,,,
2026-07-08 04:00,1.0,2.17,1.0,1.0,1.0,0.17,,0.5,,0.33,1.0,0.67,1.0,0.67,0.17,1.33,0.67,0.83,0.5,,,,,,
2026-07-08 05:00,45.67,80.5,49.17,50.0,39.83,55.33,,67.67,,56.5,54.33,47.67,67.83,57.83,42.33,33.5,20.0,30.5,59.5,,,,,,
2026-07-08 06:00,162.83,127.83,234.33,176.0,261.67,256.17,,206.67,,251.33,257.0,256.17,227.67,261.83,175.83,181.83,43.33,120.0,204.0,,,,,,
2026-07-08 07:00,414.17,296.67,383.5,408.0,473.33,481.17,,483.83,410.4,473.5,381.67,435.33,398.83,370.0,382.0,373.17,153.17,271.83,388.67,,,,,,
2026-07-08 08:00,545.0,608.17,573.17,705.5,664.83,685.67,,599.67,589.2,693.5,593.33,517.5,685.33,394.5,556.67,566.33,232.83,403.67,648.67,,,,,,
2026-07-08 09:00,655.67,733.83,848.67,863.83,827.0,857.0,,705.67,794.83,868.33,811.5,543.67,716.5,796.5,738.17,624.17,478.5,614.17,867.33,,,,,,
2026-07-08 10:00,778.33,831.83,830.0,981.17,927.0,980.5,,836.0,978.0,988.83,931.5,910.33,983.33,941.33,934.0,803.67,858.67,789.67,980.0,,,,,,
2026-07-08 11:00,940.83,987.0,1026.0,1032.67,951.5,1036.83,,930.83,1012.17,1044.67,975.67,1018.67,1088.67,1016.33,984.0,875.83,988.67,925.83,1041.17,,,,,,
2026-07-08 12:00,1039.17,919.83,1023.83,1050.17,926.0,1031.83,,1024.17,1020.5,1026.0,976.67,1007.17,1081.67,1008.0,1010.17,952.0,993.83,919.5,1039.33,,,,,,
2026-07-08 13:00,974.0,897.5,941.83,1008.33,903.5,962.83,,958.5,899.83,931.5,924.83,953.0,1043.83,949.5,928.0,905.67,925.5,886.83,965.5,,,,,,
2026-07-08 14:00,855.33,741.33,816.0,,783.67,834.83,,838.83,814.0,842.17,802.17,836.5,838.33,825.33,783.33,738.33,806.83,749.33,847.0,,,,,,
2026-07-08 15:00,695.5,579.33,639.67,,620.83,664.5,,661.33,653.67,648.17,638.83,667.5,719.0,600.17,634.33,653.0,641.67,566.0,661.0,,,,,,
2026-07-08 16:00,487.17,404.83,427.67,,438.33,453.83,,452.83,476.8,433.5,422.67,454.5,495.17,376.17,436.33,451.83,445.5,322.83,458.0,,,,,,
2026-07-08 17:00,242.83,222.83,211.5,,228.83,223.83,,241.5,306.0,133.83,224.0,235.5,247.67,204.67,227.67,214.0,222.83,126.33,235.17,,,,,,
2026-07-08 18:00,48.67,49.83,40.17,,20.17,36.67,,48.0,,12.0,45.0,48.67,53.33,47.67,47.33,41.33,49.0,32.83,48.33,,,,,,
2026-07-08 19:00,0.0,0.0,0.0,0.0,0.0,0.0,,0.0,,0.0,0.0,0.0,0.17,0.0,0.0,0.17,0.0,0.0,0.0,,,,,,
2026-07-08 20:00,0.0,0.0,0.0,0.0,0.0,0.0,,0.0,,0.0,0.0,0.0,0.0,0.0,0.0,0.0,0.0,0.0,0.0,,,,,,
2026-07-08 21:00,0.0,0.0,0.0,0.0,0.0,0.0,,0.0,,0.0,0.0,0.0,0.0,0.0,0.0,0.0,0.0,0.0,0.0,,,,,,
2026-07-08 22:00,0.0,0.0,0.0,0.0,0.0,0.0,,0.0,,0.0,0.0,0.0,0.0,0.0,0.0,0.0,0.0,0.0,0.0,,,,,,
2026-07-08 23:00,0.0,0.0,0.0,0.0,0.0,0.0,,0.0,,0.0,0.0,0.0,0.0,0.0,0.0,0.0,0.0,0.0,0.0,,,,,,
2026-07-09 00:00,0.0,0.0,0.0,0.0,0.0,0.0,,0.0,,0.0,0.0,0.0,0.0,0.0,0.0,0.0,0.0,0.0,0.0,,,,,,
2026-07-09 01:00,0.0,0.0,0.0,0.0,0.0,0.0,,0.0,,0.0,0.0,0.0,0.0,0.0,0.0,0.0,0.0,0.0,0.0,,,,,,
2026-07-09 02:00,0.0,0.0,0.0,0.0,0.0,0.0,,0.0,,0.0,0.0,0.0,0.0,0.0,0.0,0.0,0.0,0.0,0.0,,,,,,
2026-07-09 03:00,0.0,0.0,0.0,0.0,0.0,0.0,,0.0,,0.0,0.0,0.0,0.0,0.0,0.0,0.67,0.0,0.0,0.0,,,,,,
2026-07-09 04:00,1.67,2.0,1.17,1.0,1.0,0.33,,0.5,,0.17,1.0,0.5,0.83,0.83,0.5,2.5,1.0,1.0,0.33,,,,,,
2026-07-09 05:00,66.33,68.17,46.5,53.17,38.83,53.83,,42.33,,53.83,61.33,63.17,61.0,49.83,44.83,59.33,53.17,40.0,33.33,,,,,,
2026-07-09 06:00,217.5,312.33,222.83,174.5,259.5,251.33,,247.0,,251.5,275.0,247.83,260.17,243.5,152.5,211.0,111.5,195.5,199.83,,,,,,
2026-07-09 07:00,464.33,506.33,357.0,418.0,464.83,480.67,,364.33,549.8,477.67,401.0,324.83,482.67,321.17,324.17,465.67,206.83,488.67,390.17,,,,,,
2026-07-09 08:00,709.67,684.5,682.83,613.67,661.0,689.83,,570.5,492.83,693.17,515.17,594.0,616.17,385.5,412.83,677.83,576.5,509.5,705.33,,,,,,
2026-07-09 09:00,829.5,795.33,740.17,789.0,821.83,860.83,,731.67,825.5,861.67,704.5,710.67,781.33,735.83,695.83,817.5,870.5,623.0,879.0,,,,,,
2026-07-09 10:00,886.0,931.33,851.17,988.33,923.67,971.67,,694.33,903.5,977.17,873.17,878.0,1044.0,926.33,870.5,931.17,927.67,922.83,994.5,,,,,,
2026-07-09 11:00,940.0,940.5,1013.5,1026.17,947.83,1030.33,,1041.0,992.83,1035.5,967.5,945.83,1106.17,1019.0,899.67,1005.5,1011.17,916.67,1018.0,,,,,,
2026-07-09 12:00,976.0,849.67,991.17,1021.83,920.33,1022.67,,1022.67,972.83,1020.83,781.17,1022.83,1104.67,1009.33,815.5,832.33,999.67,958.5,1024.0,,,,,,
2026-07-09 13:00,968.83,733.83,954.0,1008.67,901.17,960.67,,964.17,901.33,919.33,883.5,955.17,1037.83,938.33,842.5,910.0,923.0,809.67,956.5,,,,,,
2026-07-09 14:00,838.67,729.0,818.83,,770.33,832.17,,842.67,799.0,838.5,810.5,842.17,907.17,824.17,774.83,737.67,794.5,737.33,835.67,,,,,,
2026-07-09 15:00,654.83,516.67,635.0,,344.17,653.67,,671.33,641.33,641.17,641.83,649.0,726.83,650.67,613.5,624.0,535.5,565.83,641.83,,,,,,
2026-07-09 16:00,443.5,327.0,406.0,,423.33,441.5,,467.33,460.8,420.33,439.5,458.5,503.5,452.83,433.5,421.67,245.83,319.67,448.5,,,,,,
2026-07-09 17:00,231.67,129.17,212.5,,212.83,213.5,,246.17,,130.0,210.5,241.17,248.5,235.83,230.5,210.67,131.83,126.17,224.0,,,,,,
2026-07-09 18:00,50.0,38.83,38.17,,22.5,33.17,,48.0,,14.5,47.33,49.83,55.0,46.0,48.33,43.0,47.67,33.0,48.17,,,,,,
2026-07-09 19:00,0.0,0.0,0.0,0.0,0.0,0.0,,0.17,,0.0,0.0,0.0,0.17,0.0,0.0,0.17,0.0,0.0,0.0,,,,,,
2026-07-09 20:00,0.0,0.0,0.0,0.0,0.0,0.0,,0.0,,0.0,0.0,0.0,0.0,0.0,0.0,0.0,0.0,0.0,0.0,,,,,,
2026-07-09 21:00,0.0,0.0,0.0,0.0,0.0,0.0,,0.0,,0.0,0.0,0.0,0.0,0.0,0.0,0.0,0.0,0.0,0.0,,,,,,
2026-07-09 22:00,0.0,0.0,0.0,0.0,0.0,0.0,,0.0,,0.0,0.0,0.0,0.0,0.0,0.0,0.0,0.0,0.0,0.0,,,,,,
2026-07-09 23:00,0.0,0.0,0.0,0.0,0.0,0.0,,0.0,,0.0,0.0,0.0,0.0,0.0,0.0,0.0,0.0,0.0,0.0,,,,,,
2026-07-10 00:00,0.0,0.0,0.0,0.0,0.0,0.0,,0.0,,0.0,0.0,0.0,0.0,0.0,0.0,0.0,0.0,0.0,0.0,,,,,,
2026-07-10 01:00,0.0,0.0,0.0,0.0,0.0,0.0,,0.0,,0.0,0.0,0.0,0.0,0.0,0.0,0.0,0.0,0.0,0.0,,,,,,
2026-07-10 02:00,0.0,0.0,0.0,0.0,0.0,0.0,,0.0,,0.0,0.0,0.0,0.0,0.0,0.0,0.0,0.0,0.0,0.0,,,,,,
2026-07-10 03:00,0.0,0.0,0.0,0.0,0.0,0.0,,0.0,,0.0,0.0,0.0,0.0,0.0,0.0,0.0,0.0,0.0,0.0,,,,,,
2026-07-10 04:00,1.0,1.83,1.0,0.5,1.0,0.17,,0.5,,0.0,1.0,0.5,1.0,0.83,0.67,1.5,1.17,1.0,0.17,,,,,,
2026-07-10 05:00,76.83,102.67,36.33,66.17,33.67,51.67,,62.17,,51.5,58.0,66.83,63.0,65.67,61.83,84.5,71.17,78.83,69.67,,,,,,
2026-07-10 06:00,290.67,309.83,254.5,282.83,273.5,246.83,,257.0,,244.0,291.0,261.5,278.17,234.33,277.0,260.17,169.33,264.33,269.0,,,,,,
2026-07-10 07:00,511.83,523.33,453.83,493.67,479.5,473.0,,461.17,508.6,467.5,507.83,471.17,509.17,446.5,497.5,483.17,501.67,461.0,492.0,,,,,,
2026-07-10 08:00,721.33,716.67,664.17,720.67,676.33,677.67,,639.5,684.5,682.17,705.67,647.5,659.33,617.83,686.0,699.67,705.5,656.17,698.33,,,,,,
2026-07-10 09:00,882.5,831.5,814.67,876.67,839.17,844.17,,801.67,843.17,850.5,870.83,848.67,902.67,675.83,833.5,835.0,866.67,847.67,864.17,,,,,,
2026-07-10 10:00,982.5,980.83,924.5,981.33,939.33,958.83,,952.83,955.17,967.0,940.33,960.83,1035.33,921.83,934.33,918.0,973.17,962.33,983.33,,,,,,
2026-07-10 11:00,1018.33,977.67,1005.0,1039.17,959.33,1016.83,,1003.17,1014.33,1026.17,967.0,996.17,1095.83,1011.5,977.5,1002.33,1017.67,993.83,1037.5,,,,,,
2026-07-10 12:00,1026.17,864.17,994.5,1021.5,931.33,1013.33,,1014.33,1014.67,1010.5,1001.67,1008.67,1098.33,1010.67,960.83,1025.67,998.0,958.0,1038.17,,,,,,
2026-07-10 13:00,951.0,751.33,934.33,973.67,908.83,947.67,,955.67,940.17,912.17,948.83,960.67,1037.0,949.5,896.17,913.17,925.83,882.0,973.33,,,,,,
2026-07-10 14:00,848.5,784.83,820.67,,782.67,816.83,,836.83,819.33,824.0,824.17,842.0,907.83,835.33,782.33,737.67,804.67,753.83,848.67,,,,,,
2026-07-10 15:00,702.5,571.17,651.83,,604.0,646.17,,674.0,648.0,632.67,650.17,670.5,746.83,656.83,623.17,638.67,643.67,578.17,662.17,,,,,,
2026-07-10 16:00,501.0,375.5,441.0,,420.17,438.83,,471.67,467.0,416.67,437.83,470.0,514.17,460.5,433.33,440.33,438.33,327.33,449.83,,,,,,
2026-07-10 17:00,264.83,242.17,220.33,,225.0,212.83,,245.17,,129.33,230.33,240.67,250.5,244.33,230.0,216.67,220.33,124.0,229.5,,,,,,
2026-07-10 18:00,52.17,56.83,41.83,,18.5,33.5,,48.0,,13.5,54.83,48.83,52.5,44.83,48.5,41.5,50.67,33.17,51.83,,,,,,
2026-07-10 19:00,0.0,0.0,0.0,0.0,0.0,0.0,,0.17,,0.0,0.0,0.0,0.0,0.0,0.0,0.17,0.0,0.0,0.0,,,,,,
2026-07-10 20:00,0.0,0.0,0.0,0.0,0.0,0.0,,0.0,,0.0,0.0,0.0,0.0,0.0,0.0,0.0,0.0,0.0,0.0,,,,,,
2026-07-10 21:00,0.0,0.0,0.0,0.0,0.0,0.0,,0.0,,0.0,0.0,0.0,0.0,0.0,0.0,0.0,0.0,0.0,0.0,,,,,,
2026-07-10 22:00,0.0,0.0,0.0,0.0,0.0,0.0,,0.0,,0.0,0.0,0.0,0.0,0.0,0.0,0.0,0.0,0.0,0.0,,,,,,
2026-07-10 23:00,0.0,0.0,0.0,0.0,0.0,0.0,,0.0,,0.0,0.0,0.0,0.0,0.0,0.0,0.0,0.0,0.0,0.0,,,,,,
2026-07-11 00:00,0.0,0.0,0.0,0.0,0.0,0.0,,0.0,,0.0,0.0,0.0,0.0,0.0,0.0,0.0,0.0,0.0,0.0,,,,,,
2026-07-11 01:00,0.0,0.0,0.0,0.0,0.0,0.0,,0.0,,0.0,0.0,0.0,0.0,0.0,0.0,0.0,0.0,0.0,0.0,,,,,,
2026-07-11 02:00,0.0,0.0,0.0,0.0,0.0,0.0,,0.0,,0.0,0.0,0.0,0.0,0.0,0.0,0.0,0.0,0.0,0.0,,,,,,
2026-07-11 03:00,0.0,0.0,0.0,0.0,0.0,0.0,,0.0,,0.0,0.0,0.0,0.0,0.0,0.0,0.5,0.0,0.0,0.0,,,,,,
2026-07-11 04:00,1.33,1.83,1.0,0.67,1.0,0.17,,0.5,,0.17,1.17,0.5,1.33,0.83,0.5,1.33,1.33,1.17,0.33,,,,,,
2026-07-11 05:00,64.0,111.17,37.67,59.83,35.67,52.67,,58.0,,52.17,59.0,65.67,64.5,53.17,71.83,78.33,86.17,71.67,66.17,,,,,,
2026-07-11 06:00,261.17,316.33,242.67,275.33,256.33,247.33,,218.5,,249.17,274.5,258.67,274.33,257.33,283.17,252.5,289.5,257.67,198.17,,,,,,
2026-07-11 07:00,495.33,528.83,450.0,482.5,468.33,474.17,,466.33,497.8,471.5,468.17,440.5,435.33,443.33,505.33,471.33,506.0,454.17,476.83,,,,,,
2026-07-11 08:00,715.0,719.33,646.33,713.5,658.33,681.0,,684.33,677.83,686.0,689.33,681.83,737.17,646.83,694.0,687.67,705.0,644.5,687.17,,,,,,
2026-07-11 09:00,868.17,830.5,803.5,868.67,809.33,849.5,,842.83,841.67,858.0,858.33,845.5,918.67,839.5,847.0,830.0,859.33,837.83,855.67,,,,,,
2026-07-11 10:00,968.83,979.5,927.83,984.17,921.67,963.17,,950.5,948.0,973.67,963.67,955.33,1047.0,957.33,942.83,929.83,967.67,956.83,978.0,,,,,,
2026-07-11 11:00,1015.33,980.33,1016.17,1037.83,948.5,1021.83,,1003.5,1008.67,1028.33,1013.5,1011.83,1112.0,1020.0,979.5,1007.0,1021.33,991.83,1038.5,,,,,,
2026-07-11 12:00,1031.5,874.5,1038.33,1027.67,913.83,1019.83,,1015.5,1013.33,1010.83,997.83,1018.67,1107.67,1016.67,965.17,1023.83,1003.67,965.0,1032.17,,,,,,
2026-07-11 13:00,979.5,767.0,980.33,977.0,890.0,957.67,,962.17,931.67,909.83,941.0,960.0,1033.33,957.83,888.33,919.17,930.0,888.83,961.5,,,,,,
2026-07-11 14:00,856.0,803.83,843.33,,767.17,830.67,,843.67,818.0,830.67,818.33,838.33,903.83,834.33,775.33,746.67,811.83,752.67,819.0,,,,,,
2026-07-11 15:00,680.17,586.67,662.0,,609.67,654.67,,673.67,655.0,640.67,650.83,668.17,741.67,652.5,620.17,653.0,647.33,568.5,639.33,,,,,,
2026-07-11 16:00,469.5,382.83,449.0,,425.0,443.0,,469.83,468.6,421.17,439.83,463.17,509.67,457.0,427.5,447.67,443.5,323.5,436.67,,,,,,
2026-07-11 17:00,238.5,240.83,212.33,,216.17,213.0,,243.67,,132.0,232.67,237.67,255.0,240.67,224.5,209.67,222.17,124.33,220.67,,,,,,
2026-07-11 18:00,46.5,45.5,43.17,,19.17,33.83,,48.5,,14.17,52.5,49.17,54.17,44.83,48.17,40.5,47.67,33.67,47.33,,,,,,
2026-07-11 19:00,0.0,0.0,0.0,0.0,0.0,0.0,,0.17,,0.0,0.0,0.0,0.17,0.0,0.0,0.17,0.0,0.0,0.0,,,,,,
2026-07-11 20:00,0.0,0.0,0.0,0.0,0.0,0.0,,0.0,,0.0,0.0,0.0,0.0,0.0,0.0,0.0,0.0,0.0,0.0,,,,,,
2026-07-11 21:00,0.0,0.0,0.0,0.0,0.0,0.0,,0.0,,0.0,0.0,0.0,0.0,0.0,0.0,0.0,0.0,0.0,0.0,,,,,,
2026-07-11 22:00,0.0,0.0,0.0,0.0,0.0,0.0,,0.0,,0.0,0.0,0.0,0.0,0.0,0.0,0.0,0.0,0.0,0.0,,,,,,
2026-07-11 23:00,0.0,0.0,0.0,0.0,0.0,0.0,,0.0,,0.0,0.0,0.0,0.0,0.0,0.0,0.0,0.0,0.0,0.0,,,,,,
2026-07-12 00:00,0.0,0.0,0.0,0.0,0.0,0.0,,0.0,,0.0,0.0,0.0,0.0,0.0,0.0,0.0,0.0,0.0,0.0,,,,,,
2026-07-12 01:00,0.0,0.0,0.0,0.0,0.0,0.0,,0.0,,0.0,0.0,0.0,0.0,0.0,0.0,0.0,0.0,0.0,0.0,,,,,,
2026-07-12 02:00,0.0,0.0,0.0,0.0,0.0,0.0,,0.0,,0.0,0.0,0.0,0.0,0.0,0.0,0.0,0.0,0.0,0.0,,,,,,
2026-07-12 03:00,0.0,0.0,0.0,0.0,0.0,0.0,,0.0,,0.0,0.0,0.0,0.0,0.0,0.0,0.0,0.0,0.0,0.0,,,,,,
2026-07-12 04:00,1.17,2.0,1.0,0.5,0.67,0.0,,0.5,,0.0,1.0,0.5,0.83,0.67,0.33,1.67,1.0,1.0,0.17,,,,,,
2026-07-12 05:00,47.83,51.17,32.67,56.5,34.67,50.33,,71.67,,49.0,63.5,67.83,56.33,51.0,69.33,73.0,24.5,74.17,42.67,,,,,,
2026-07-12 06:00,215.33,242.83,222.17,267.67,256.83,239.67,,250.67,,237.83,269.17,253.67,195.67,253.83,270.67,247.67,110.33,257.33,236.0,,,,,,
2026-07-12 07:00,465.83,507.0,464.67,468.33,465.0,466.83,,437.17,455.5,457.33,493.33,383.17,479.5,460.0,486.0,460.33,342.5,406.67,486.5,,,,,,
2026-07-12 08:00,704.5,692.83,653.5,695.83,655.83,673.33,,669.83,670.67,671.67,683.17,667.17,726.67,663.0,682.5,681.33,611.17,638.83,684.67,,,,,,
2026-07-12 09:00,853.0,808.17,799.83,864.17,810.0,839.67,,832.0,828.5,845.67,844.67,834.67,907.5,828.0,844.33,815.0,846.17,821.17,858.67,,,,,,
2026-07-12 10:00,953.0,961.33,907.0,976.67,912.5,955.17,,954.5,936.17,962.67,962.83,948.83,1042.67,945.17,938.17,907.33,953.5,931.17,972.0,,,,,,
2026-07-12 11:00,996.33,968.5,994.0,1026.5,939.5,1015.67,,1015.83,998.33,1020.67,1011.5,1013.5,1109.33,1003.5,975.5,990.67,1009.67,976.33,1028.83,,,,,,
2026-07-12 12:00,1011.17,871.0,1015.83,1015.17,908.0,1014.67,,1013.0,990.33,1002.17,988.83,1014.33,1102.5,1001.67,956.17,1021.17,1001.17,957.67,1023.83,,,,,,
2026-07-12 13:00,958.17,764.83,950.67,948.5,883.83,949.67,,953.33,931.5,913.17,925.83,954.67,1030.83,936.67,889.17,922.33,926.17,885.0,951.0,,,,,,
2026-07-12 14:00,840.5,801.0,819.5,,770.5,824.83,,837.5,814.67,832.0,804.17,838.0,895.0,818.83,768.83,750.33,807.83,741.83,827.33,,,,,,
2026-07-12 15:00,665.17,585.5,632.67,,605.67,649.67,,673.33,653.5,642.0,631.83,659.5,720.67,641.0,616.67,640.33,644.67,558.33,655.83,,,,,,
2026-07-12 16:00,457.0,378.67,421.0,,422.17,437.83,,464.33,467.4,427.5,424.67,457.67,499.5,447.5,427.33,431.67,441.5,310.17,457.0,,,,,,
2026-07-12 17:00,235.67,235.83,204.5,,208.0,212.33,,238.67,,132.33,222.83,233.17,253.67,233.33,222.17,199.33,216.67,121.17,236.5,,,,,,
2026-07-12 18:00,46.33,51.83,39.33,,19.83,33.67,,49.83,,13.33,49.17,47.67,51.67,41.83,45.33,37.5,46.67,31.17,50.0,,,,,,
2026-07-12 19:00,0.0,0.0,0.0,0.0,0.0,0.0,,0.17,,0.0,0.0,0.0,0.17,0.0,0.0,0.17,0.0,0.0,0.0,,,,,,
2026-07-12 20:00,0.0,0.0,0.0,0.0,0.0,0.0,,0.0,,0.0,0.0,0.0,0.0,0.0,0.0,0.0,0.0,0.0,0.0,,,,,,
2026-07-12 21:00,0.0,0.0,0.0,0.0,0.0,0.0,,0.0,,0.0,0.0,0.0,0.0,0.0,0.0,0.0,0.0,0.0,0.0,,,,,,
2026-07-12 22:00,0.0,0.0,0.0,0.0,0.0,0.0,,0.0,,0.0,0.0,0.0,0.0,0.0,0.0,0.0,0.0,0.0,0.0,,,,,,
2026-07-12 23:00,0.0,0.0,0.0,0.0,0.0,0.0,,0.0,,0.0,0.0,0.0,0.0,0.0,0.0,0.0,0.0,0.0,0.0,,,,,,
2026-07-13 00:00,0.0,0.0,0.0,0.0,0.0,0.0,,0.0,,0.0,0.0,0.0,0.0,0.0,0.0,0.0,0.0,0.0,0.0,,,,,,
2026-07-13 01:00,0.0,0.0,0.0,0.0,0.0,0.0,,0.0,,0.0,0.0,0.0,0.0,0.0,0.0,0.0,0.0,0.0,0.0,,,,,,
2026-07-13 02:00,0.0,0.0,0.0,0.0,0.0,0.0,,0.0,,0.0,0.0,0.0,0.0,0.0,0.0,0.0,0.0,0.0,0.0,,,,,,
2026-07-13 03:00,0.0,0.0,0.0,0.0,0.0,0.0,,0.0,,0.0,0.0,0.0,0.0,0.0,0.0,0.0,0.0,0.0,0.0,,,,,,
2026-07-13 04:00,1.17,1.67,0.67,0.5,0.5,0.17,,0.5,,0.0,1.0,0.33,0.5,0.67,0.17,1.5,1.33,0.83,0.33,,,,,,
2026-07-13 05:00,41.33,54.0,35.33,53.67,34.17,51.33,,62.67,,48.83,56.67,59.67,36.67,38.0,71.17,72.17,60.83,68.33,53.67,,,,,,
2026-07-13 06:00,266.33,198.83,234.83,268.83,251.33,243.83,,220.0,,242.83,267.0,208.17,257.33,210.5,274.83,244.0,175.67,250.0,265.83,,,,,,
2026-07-13 07:00,408.83,479.33,431.5,470.0,462.5,470.33,,408.17,405.17,464.83,406.0,415.67,434.33,301.67,482.83,453.0,376.5,450.17,482.83,,,,,,
2026-07-13 08:00,655.17,675.0,617.17,698.67,652.83,676.67,,643.0,673.0,681.5,571.33,570.17,719.17,544.17,682.17,669.33,667.0,632.67,692.33,,,,,,
2026-07-13 09:00,842.0,788.83,784.0,858.17,807.33,845.0,,846.67,831.0,853.33,846.0,829.5,905.17,795.0,835.17,812.33,828.83,802.83,860.83,,,,,,
2026-07-13 10:00,933.17,935.0,901.67,967.67,913.17,962.17,,962.17,933.5,970.83,954.17,936.67,1022.0,944.67,931.83,910.33,939.5,915.83,976.67,,,,,,
2026-07-13 11:00,972.5,952.17,984.67,1028.0,947.5,1020.67,,1015.33,995.17,1030.83,1001.0,998.17,1110.33,1003.83,973.33,991.5,995.33,969.0,1036.67,,,,,,
2026-07-13 12:00,999.0,858.83,993.33,1017.0,912.33,1017.83,,1018.33,988.5,1013.0,985.0,1000.0,1105.5,1004.83,949.17,1018.0,983.83,952.5,1032.33,,,,,,
2026-07-13 13:00,953.0,763.5,936.83,939.83,886.67,953.83,,954.83,934.67,919.0,921.83,945.5,1032.33,939.33,887.33,918.17,913.83,879.17,958.17,,,,,,
2026-07-13 14:00,837.33,797.83,810.67,,766.33,831.83,,836.5,817.67,842.5,799.0,831.83,898.33,823.33,772.83,745.5,798.0,741.17,828.83,,,,,,
2026-07-13 15:00,660.83,576.67,633.5,,599.67,660.17,,665.83,648.5,650.83,633.17,660.67,724.67,645.17,618.0,638.0,634.83,556.5,660.5,,,,,,
2026-07-13 16:00,450.5,371.0,426.83,,417.83,448.5,,458.33,460.8,434.83,425.5,460.0,504.0,450.5,425.83,432.17,435.67,310.0,452.83,,,,,,
2026-07-13 17:00,231.33,231.33,206.5,,210.67,214.67,,235.83,,130.67,222.5,232.0,253.0,232.83,222.67,200.83,215.0,120.17,236.83,,,,,,
2026-07-13 18:00,46.17,49.83,40.0,,18.67,32.17,,48.67,,11.83,50.5,45.83,51.0,41.0,46.17,36.5,46.0,32.0,49.5,,,,,,
2026-07-13 19:00,0.0,0.0,0.0,0.0,0.0,0.0,,0.0,,0.0,0.0,0.0,0.0,0.0,0.0,0.0,0.0,0.0,0.0,,,,,,
2026-07-13 20:00,0.0,0.0,0.0,0.0,0.0,0.0,,0.0,,0.0,0.0,0.0,0.0,0.0,0.0,0.0,0.0,0.0,0.0,,,,,,
2026-07-13 21:00,0.0,0.0,0.0,0.0,0.0,0.0,,0.0,,0.0,0.0,0.0,0.0,0.0,0.0,0.0,0.0,0.0,0.0,,,,,,
2026-07-13 22:00,0.0,0.0,0.0,0.0,0.0,0.0,,0.0,,0.0,0.0,0.0,0.0,0.0,0.0,0.0,0.0,0.0,0.0,,,,,,
2026-07-13 23:00,0.0,0.0,0.0,0.0,0.0,0.0,,0.0,,0.0,0.0,0.0,0.0,0.0,0.0,0.0,0.0,0.0,0.0,,,,,,
2026-07-14 00:00,0.0,0.0,0.0,0.0,0.0,0.0,,0.0,,0.0,0.0,0.0,0.0,0.0,0.0,0.0,0.0,0.0,0.0,,,,,,
2026-07-14 01:00,0.0,0.0,0.0,0.0,0.0,0.0,,0.0,,0.0,0.0,0.0,0.0,0.0,0.0,0.0,0.0,0.0,0.0,,,,,,
2026-07-14 02:00,0.0,0.0,0.0,0.0,0.0,0.0,,0.0,,0.0,0.0,0.0,0.0,0.0,0.0,0.17,0.0,0.0,0.0,,,,,,
2026-07-14 03:00,0.0,0.0,0.0,0.0,0.0,0.0,,0.0,,0.0,0.0,0.0,0.0,0.0,0.0,0.0,0.0,0.0,0.0,,,,,,
2026-07-14 04:00,0.83,1.17,0.5,0.5,0.67,0.17,,0.5,,0.0,1.0,0.33,0.5,0.5,0.17,1.33,0.67,0.67,0.17,,,,,,
2026-07-14 05:00,38.17,61.33,32.5,55.5,31.83,50.33,,54.33,,48.17,53.67,70.0,64.67,48.17,58.0,75.5,71.17,65.67,44.17,,,,,,
2026-07-14 06:00,233.33,263.0,220.33,270.17,253.83,242.5,,225.83,430.0,242.0,272.33,254.33,254.5,190.33,249.67,246.17,136.83,251.83,212.17,,,,,,
2026-07-14 07:00,492.0,493.33,425.33,473.17,460.5,469.83,,390.5,461.33,465.33,439.0,441.33,353.17,423.67,496.17,460.17,402.0,450.17,471.17,,,,,,
2026-07-14 08:00,632.83,680.33,656.0,695.17,654.67,673.33,,643.67,667.83,682.33,690.17,712.0,738.5,658.17,684.33,678.67,671.17,633.83,692.0,,,,,,
2026-07-14 09:00,851.33,791.67,799.83,854.83,818.33,843.33,,822.0,835.17,850.67,847.17,839.67,891.83,820.33,834.33,830.0,843.67,815.83,867.17,,,,,,
2026-07-14 10:00,944.5,937.5,909.17,964.67,928.17,955.67,,955.67,945.83,968.0,955.17,968.67,1025.5,940.83,927.17,917.0,953.5,935.17,984.83,,,,,,
2026-07-14 11:00,986.83,953.5,987.0,1003.83,955.17,1031.6,,1009.5,1006.33,1029.0,1010.17,1021.83,1093.67,1004.83,965.17,995.0,1005.83,970.33,1042.83,,,,,,
2026-07-14 12:00,991.0,856.83,976.0,1002.67,916.83,1024.67,,1016.5,1011.0,1007.17,995.67,1008.67,1087.83,1003.33,951.83,1020.67,991.67,948.33,1034.67,,,,,,
2026-07-14 13:00,943.83,771.17,938.67,934.33,892.83,952.17,,956.33,947.17,909.5,933.17,941.0,1014.17,938.83,879.5,915.33,919.33,876.17,968.67,,,,,,
2026-07-14 14:00,840.0,803.33,825.17,,773.0,823.67,,838.0,809.67,831.0,811.33,822.17,877.0,816.83,757.67,754.0,802.17,744.33,847.0,,,,,,
2026-07-14 15:00,660.33,582.17,640.0,,590.0,649.83,,673.0,635.67,637.5,636.0,650.17,703.17,638.5,599.33,643.33,634.67,560.17,660.83,,,,,,
2026-07-14 16:00,456.17,369.0,427.0,,400.83,440.67,,470.67,432.83,425.5,428.0,454.5,493.17,441.83,408.83,431.67,436.5,310.17,454.0,,,,,,
2026-07-14 17:00,232.67,224.17,205.83,,195.33,219.33,,249.17,,131.67,223.0,233.17,242.83,229.33,210.5,202.17,219.0,120.67,234.17,,,,,,
2026-07-14 18:00,46.83,47.5,39.0,,20.83,36.0,,51.0,,11.5,50.83,47.33,52.67,40.67,42.33,37.33,46.5,32.0,48.83,,,,,,
2026-07-14 19:00,0.0,0.0,0.0,0.0,0.0,0.0,,0.0,,0.0,0.0,0.0,0.0,0.0,0.0,0.17,0.0,0.0,0.0,,,,,,
2026-07-14 20:00,0.0,0.0,0.0,0.0,0.0,0.0,,0.0,,0.0,0.0,0.0,0.0,0.0,0.0,0.0,0.0,0.0,0.0,,,,,,
2026-07-14 21:00,0.0,0.0,0.0,0.0,0.0,0.0,,0.0,,0.0,0.0,0.0,0.0,0.0,0.0,0.0,0.0,0.0,0.0,,,,,,
2026-07-14 22:00,0.0,0.0,0.0,0.0,0.0,0.0,,0.0,,0.0,0.0,0.0,0.0,0.0,0.0,0.0,0.0,0.0,0.0,,,,,,
2026-07-14 23:00,0.0,0.0,0.0,0.0,0.0,0.0,,0.0,,0.0,0.0,0.0,0.0,0.0,0.0,0.0,0.0,0.0,0.0,,,,,,
2026-07-15 00:00,0.0,0.0,0.0,0.0,0.0,0.0,,0.0,,0.0,0.0,0.0,0.0,0.0,0.0,0.0,0.0,0.0,0.0,,,,,,
2026-07-15 01:00,0.0,0.0,0.0,0.0,0.0,0.0,,0.0,,0.0,0.0,0.0,0.0,0.0,0.0,0.0,0.0,0.0,0.0,,,,,,
2026-07-15 02:00,0.0,0.0,0.0,0.0,0.0,0.0,,0.0,,0.0,0.0,0.0,0.0,0.67,0.0,0.0,0.0,0.0,0.0,,,,,,
2026-07-15 03:00,0.0,0.0,0.0,0.0,0.0,0.0,,0.0,,0.0,0.0,0.0,0.0,0.0,0.0,0.0,0.0,0.0,0.0,,,,,,
2026-07-15 04:00,1.0,0.83,0.5,0.5,0.5,0.0,,0.33,,0.0,1.0,0.33,0.33,0.33,0.0,0.83,1.17,0.67,0.17,,,,,,
2026-07-15 05:00,73.0,87.83,28.5,55.0,30.0,56.83,,48.67,,46.83,46.83,74.83,57.67,47.83,68.83,75.17,44.33,73.33,62.83,,,,,,
2026-07-15 06:00,272.17,279.33,239.67,267.67,248.67,250.67,,226.17,,243.67,270.33,253.17,259.17,235.67,268.33,250.83,196.0,255.17,238.33,,,,,,
2026-07-15 07:00,485.0,485.33,428.5,469.17,461.67,473.33,,438.33,487.4,467.17,473.0,469.17,453.17,446.67,482.5,463.0,445.33,442.83,436.5,,,,,,
2026-07-15 08:00,693.83,667.33,631.0,694.5,658.5,683.83,,682.33,667.5,684.33,688.33,677.67,712.33,655.17,676.33,672.83,667.0,628.5,683.33,,,,,,
2026-07-15 09:00,849.17,780.5,778.0,856.33,815.5,858.5,,836.17,826.17,855.0,834.5,840.33,901.83,818.17,826.33,827.17,830.5,807.33,857.83,,,,,,
2026-07-15 10:00,944.17,922.33,886.83,958.33,920.0,976.5,,956.5,940.83,975.5,948.83,950.5,1021.83,936.5,924.83,914.0,944.5,926.0,975.17,,,,,,
2026-07-15 11:00,979.33,943.5,970.33,1013.83,945.0,1040.17,,1009.33,1005.17,1034.17,1002.17,993.17,1088.67,996.33,964.83,977.67,998.0,960.5,1035.0,,,,,,
2026-07-15 12:00,991.5,853.5,978.67,1006.17,907.83,1038.0,,1013.5,1004.83,1038.33,986.67,993.33,1085.83,998.0,947.67,993.0,981.67,945.83,1031.0,,,,,,
2026-07-15 13:00,937.33,761.33,922.5,936.67,890.0,967.17,,949.67,944.17,962.67,924.33,936.17,1028.5,938.33,849.0,909.17,911.0,874.17,967.17,,,,,,
2026-07-15 14:00,829.0,788.83,809.0,,765.83,840.83,,827.5,796.17,823.17,810.33,818.67,872.33,816.17,742.83,747.0,798.5,736.67,838.67,,,,,,
2026-07-15 15:00,657.0,575.5,627.5,,591.17,666.17,,656.83,626.0,641.0,633.83,646.5,645.83,634.33,596.5,629.5,634.33,554.83,647.0,,,,,,
2026-07-15 16:00,449.83,367.0,411.83,,402.0,447.83,,454.5,428.17,431.83,420.33,443.67,485.17,441.5,407.67,423.67,430.83,306.83,435.83,,,,,,
2026-07-15 17:00,225.67,222.83,195.17,,201.5,219.67,,238.67,,125.33,219.67,226.5,250.0,224.67,209.67,196.67,211.17,119.5,221.33,,,,,,
2026-07-15 18:00,45.83,45.67,37.83,,20.83,35.33,,49.17,,11.5,47.67,45.0,50.33,39.17,41.17,35.0,41.83,29.33,44.17,,,,,,
2026-07-15 19:00,0.0,0.0,0.0,0.0,0.0,0.0,,0.0,,0.0,0.0,0.0,0.0,0.0,0.0,0.17,0.0,0.0,0.0,,,,,,
2026-07-15 20:00,0.0,0.0,0.0,0.0,0.0,0.0,,0.0,,0.0,0.0,0.0,0.0,0.0,0.0,0.0,0.0,0.0,0.0,,,,,,
2026-07-15 21:00,0.0,0.0,0.0,0.0,0.0,0.0,,0.0,,0.0,0.0,0.0,0.0,0.0,0.0,0.0,0.0,0.0,0.0,,,,,,
2026-07-15 22:00,0.0,0.0,0.0,0.0,0.0,0.0,,0.0,,0.0,0.0,0.0,0.0,0.0,0.0,0.0,0.0,0.0,0.0,,,,,,
2026-07-15 23:00,0.0,0.0,0.0,0.0,0.0,0.0,,0.0,,0.0,0.0,0.0,0.0,0.0,0.0,0.0,0.0,0.0,0.0,,,,,,
2026-07-16 00:00,0.0,0.0,0.0,0.0,0.0,0.0,,0.0,,0.0,0.0,0.0,0.0,0.0,0.0,0.0,0.0,0.0,0.0,,,,,,
2026-07-16 01:00,0.0,0.0,0.0,0.0,0.0,0.0,,0.0,,0.0,0.0,0.0,0.0,0.0,0.0,0.0,0.0,0.0,0.0,,,,,,
2026-07-16 02:00,0.0,0.0,0.0,0.0,0.0,0.0,,0.0,,0.0,0.0,0.0,0.17,0.0,0.0,0.0,0.0,0.0,0.0,,,,,,
2026-07-16 03:00,0.0,0.0,0.0,0.0,0.0,0.0,,0.0,,0.0,0.0,0.0,0.0,0.0,0.0,0.0,0.0,0.0,0.0,,,,,,
2026-07-16 04:00,0.83,1.0,0.5,0.5,0.5,0.0,,0.33,,0.0,1.0,0.33,0.5,0.33,0.33,1.33,0.83,0.5,0.17,,,,,,
2026-07-16 05:00,38.83,84.5,28.17,53.33,30.5,53.17,,40.83,,43.67,55.0,51.0,59.17,47.67,29.67,70.33,71.17,59.33,62.83,,,,,,
2026-07-16 06:00,138.33,275.0,216.83,267.0,233.5,237.5,,167.5,199.0,231.0,263.5,221.83,262.33,240.33,210.67,238.5,270.0,242.0,232.33,,,,,,
2026-07-16 07:00,321.83,489.83,241.0,466.5,452.17,457.33,,384.33,476.2,454.5,492.17,463.0,393.67,372.17,487.17,442.0,460.17,427.5,422.33,,,,,,
2026-07-16 08:00,514.17,673.0,627.0,694.17,646.0,665.67,,590.67,658.67,666.17,680.67,672.5,723.17,592.83,674.33,657.5,638.5,605.67,671.83,,,,,,
2026-07-16 09:00,844.67,784.17,785.83,854.0,806.17,838.17,,827.83,816.17,839.17,840.67,832.67,845.5,809.17,824.83,812.67,846.83,795.33,853.5,,,,,,
2026-07-16 10:00,936.0,929.5,898.17,962.67,910.33,960.0,,948.0,933.83,953.17,954.0,946.33,980.17,938.0,921.0,913.67,939.5,909.33,975.83,,,,,,
2026-07-16 11:00,971.83,943.67,977.0,1017.83,938.0,1023.83,,995.33,1003.0,1014.33,1008.5,1004.33,1095.33,999.5,954.0,978.17,989.17,945.5,1035.0,,,,,,
2026-07-16 12:00,982.33,861.5,983.5,1013.17,908.67,1020.0,,994.33,1009.17,1016.83,1005.67,997.5,1109.33,1004.0,935.0,992.17,985.67,946.5,1036.83,,,,,,
2026-07-16 13:00,951.0,794.0,938.83,935.83,880.67,952.67,,934.5,950.17,935.83,936.33,939.0,1046.0,945.0,860.67,917.0,914.83,883.83,969.67,,,,,,
2026-07-16 14:00,837.5,821.33,815.67,811.17,759.67,817.83,,813.0,797.67,792.5,816.33,819.0,895.33,815.83,749.83,768.0,795.33,745.33,843.83,,,,,,
2026-07-16 15:00,652.33,592.83,637.17,,593.17,638.83,,647.5,632.5,615.83,651.5,642.67,705.83,636.83,603.0,645.67,630.5,554.0,638.0,,,,,,
2026-07-16 16:00,442.5,371.17,427.17,,426.83,425.5,,440.67,428.33,406.5,449.33,436.33,493.83,443.0,419.33,436.33,423.33,303.5,432.67,,,,,,
2026-07-16 17:00,224.33,223.67,204.5,,219.33,202.5,,230.33,,116.17,231.5,216.83,249.67,226.33,217.0,194.5,212.0,118.67,214.5,,,,,,
2026-07-16 18:00,45.67,43.83,36.67,0.0,18.67,31.17,,48.0,,14.33,47.0,43.17,49.5,39.83,43.0,36.0,43.67,30.5,42.33,,,,,,
2026-07-16 19:00,0.0,0.0,0.0,0.0,0.0,0.0,,0.0,,0.0,0.0,0.0,0.0,0.0,0.0,0.17,0.0,0.0,0.0,,,,,,
2026-07-16 20:00,0.0,0.0,0.0,0.0,0.0,0.0,,0.0,,0.0,0.0,0.0,0.0,0.0,0.0,0.0,0.0,0.0,0.0,,,,,,
2026-07-16 21:00,0.0,0.0,0.0,0.0,0.0,0.0,,0.0,,0.0,0.0,0.0,0.0,0.0,0.0,0.0,0.0,0.0,0.0,,,,,,
2026-07-16 22:00,0.0,0.0,0.0,0.0,0.0,0.0,,0.0,,0.0,0.0,0.0,0.0,0.0,0.0,0.0,0.0,0.0,0.0,,,,,,
2026-07-16 23:00,0.0,0.0,0.0,0.0,0.0,0.0,,0.0,,0.0,0.0,0.0,0.0,0.0,0.0,0.0,0.0,0.0,0.0,,,,,,
2026-07-17 00:00,0.0,0.0,0.0,0.0,0.0,0.0,,0.0,,0.0,0.0,0.0,0.0,0.0,0.0,0.0,0.0,0.0,0.0,,,,,,
2026-07-17 01:00,0.0,0.0,0.0,0.0,0.0,0.0,,0.0,,0.0,0.0,0.0,0.0,0.0,0.0,0.0,0.0,0.0,0.0,,,,,,
2026-07-17 02:00,0.0,0.0,0.0,0.0,0.0,0.0,,0.0,,0.0,0.0,0.0,0.0,0.0,0.0,0.17,0.0,0.0,0.0,,,,,,
2026-07-17 03:00,0.0,0.0,0.0,0.0,0.0,0.0,,0.0,,0.0,0.0,0.0,0.0,0.0,0.0,0.0,0.0,0.0,0.0,,,,,,
2026-07-17 04:00,0.67,0.83,0.5,0.33,0.33,0.0,,0.33,,0.0,0.67,0.33,0.33,0.33,0.0,1.17,1.0,0.33,0.17,,,,,,
2026-07-17 05:00,34.17,34.5,30.0,53.33,27.33,48.5,,51.17,,41.17,63.67,53.5,48.67,43.67,68.83,67.67,68.83,61.33,50.33,,,,,,
2026-07-17 06:00,95.83,148.83,204.0,265.17,239.17,223.67,,222.83,,216.33,255.5,238.17,271.33,233.33,268.67,240.67,180.33,240.33,240.33,,,,,,
2026-07-17 07:00,291.67,482.83,437.17,471.5,462.83,442.0,,438.0,484.4,432.67,363.83,469.33,472.33,440.83,483.83,450.0,307.33,345.33,466.67,,,,,,
2026-07-17 08:00,615.17,679.0,534.0,697.5,653.5,649.17,,651.83,662.33,645.83,551.17,670.33,718.5,574.67,674.33,637.67,608.17,553.67,675.67,,,,,,
2026-07-17 09:00,749.33,790.33,772.5,855.0,809.0,819.83,,834.5,816.67,818.5,731.17,827.83,889.67,820.5,825.33,811.17,850.67,785.67,849.33,,,,,,
2026-07-17 10:00,938.17,935.5,898.83,968.5,919.17,944.5,,953.83,932.17,938.0,944.17,937.83,999.67,936.5,918.67,916.67,955.17,905.33,969.33,,,,,,
2026-07-17 11:00,955.67,944.33,972.0,1020.83,946.67,1005.17,,1006.17,997.83,999.5,1001.67,977.67,1111.5,998.67,952.33,982.67,989.67,961.0,1030.33,,,,,,
2026-07-17 12:00,751.33,859.0,971.0,1017.0,908.83,1001.83,,1013.83,1004.5,1001.17,997.5,993.17,1126.17,1000.0,924.5,995.0,979.5,945.5,1022.83,,,,,,
2026-07-17 13:00,922.67,794.17,921.33,942.0,887.17,937.33,,955.17,913.33,929.67,930.17,945.67,1042.5,934.33,801.33,919.17,910.67,873.17,961.0,,,,,,
2026-07-17 14:00,838.5,816.0,802.17,,771.83,810.83,,837.5,792.5,790.0,806.67,832.67,858.67,809.83,753.83,754.33,724.5,732.67,837.17,,,,,,
2026-07-17 15:00,660.83,585.17,623.83,,607.67,629.5,,668.67,635.67,603.33,634.83,659.83,672.0,631.67,601.5,632.67,575.5,535.5,648.0,,,,,,
2026-07-17 16:00,451.17,356.67,416.33,,418.0,416.83,,458.83,444.17,392.5,431.67,451.33,478.5,434.33,416.67,433.33,417.17,293.5,443.83,,,,,,
2026-07-17 17:00,225.83,214.83,192.17,,207.17,198.33,,238.33,,116.33,217.5,222.17,248.33,220.0,212.5,193.33,206.83,115.17,222.5,,,,,,
2026-07-17 18:00,43.0,45.5,33.67,0.0,19.0,33.83,,45.83,,15.17,31.83,43.0,50.5,37.67,41.5,33.5,41.0,28.67,46.0,,,,,,
2026-07-17 19:00,0.0,0.0,0.0,0.0,0.0,0.0,,0.0,,0.0,0.0,0.0,0.0,0.0,0.0,0.0,0.0,0.0,0.0,,,,,,
2026-07-17 20:00,0.0,0.0,0.0,0.0,0.0,0.0,,0.0,,0.0,0.0,0.0,0.0,0.0,0.0,0.0,0.0,0.0,0.0,,,,,,
2026-07-17 21:00,0.0,0.0,0.0,0.0,0.0,0.0,,0.0,,0.0,0.0,0.0,0.0,0.0,0.0,0.0,0.0,0.0,0.0,,,,,,
2026-07-17 22:00,0.0,0.0,0.0,0.0,0.0,0.0,,0.0,,0.0,0.0,0.0,0.0,0.0,0.0,0.0,0.0,0.0,0.0,,,,,,
2026-07-17 23:00,0.0,0.0,0.0,0.0,0.0,0.0,,0.0,,0.0,0.0,0.0,0.0,0.0,0.0,0.0,0.0,0.0,0.0,,,,,,
2026-07-18 00:00,0.0,0.0,0.0,0.0,0.0,0.0,,0.0,,0.0,0.0,0.0,0.0,0.0,0.0,0.0,0.0,0.0,0.0,,,,,,
2026-07-18 01:00,0.0,0.0,0.0,0.0,0.0,0.0,,0.0,,0.0,0.0,0.0,0.0,0.0,0.0,0.0,0.0,0.0,0.0,,,,,,
2026-07-18 02:00,0.0,0.0,0.0,0.0,0.0,0.0,,0.0,,0.0,0.0,0.0,0.0,0.0,0.0,0.0,0.0,0.0,0.0,,,,,,
2026-07-18 03:00,0.0,0.0,0.0,0.0,0.0,0.0,,0.0,,0.0,0.0,0.0,0.0,0.0,0.0,0.0,0.0,0.0,0.0,,,,,,
2026-07-18 04:00,0.67,0.67,0.5,0.17,0.33,0.0,,0.17,,0.0,0.5,0.17,0.33,0.33,0.0,0.83,0.67,0.5,0.17,,,,,,
2026-07-18 05:00,60.83,89.5,31.0,50.5,26.83,50.67,,59.5,,42.0,56.0,58.33,65.17,44.0,65.67,68.83,40.33,65.5,62.33,,,,,,
2026-07-18 06:00,258.33,287.67,228.0,262.5,229.67,236.5,,249.67,,230.33,266.33,252.0,271.33,236.0,267.5,244.83,184.83,242.67,253.33,,,,,,
2026-07-18 07:00,486.67,500.67,438.67,469.0,455.5,457.33,,449.17,497.6,453.67,476.83,473.83,493.17,450.5,481.67,456.17,422.0,428.67,472.33,,,,,,
2026-07-18 08:00,671.5,681.83,640.83,699.17,646.17,665.67,,652.0,671.5,664.5,677.83,679.67,725.0,658.83,676.17,664.33,632.33,614.33,675.67,,,,,,
2026-07-18 09:00,847.33,792.33,786.17,862.83,808.17,837.17,,824.33,831.5,839.33,840.0,842.17,897.33,826.0,830.67,819.0,830.5,791.0,846.83,,,,,,
2026-07-18 10:00,934.17,941.0,900.33,975.0,910.83,959.33,,946.5,946.5,954.5,955.67,946.17,1034.5,947.0,925.67,918.17,942.83,906.17,965.0,,,,,,
2026-07-18 11:00,982.5,951.17,982.33,1027.33,944.0,1015.33,,1009.0,1000.5,1010.5,1009.67,993.67,1108.33,1013.0,952.5,985.5,987.5,964.83,1030.83,,,,,,
2026-07-18 12:00,1001.83,866.0,990.33,1015.0,902.67,1006.33,,999.5,1002.33,1005.83,1005.67,997.5,1117.83,1011.67,936.5,1009.0,980.83,961.83,1024.17,,,,,,
2026-07-18 13:00,952.17,792.83,928.17,947.17,883.17,939.83,,945.83,940.83,931.83,941.5,940.83,1044.83,947.33,873.83,922.67,915.83,881.5,961.33,,,,,,
2026-07-18 14:00,845.83,811.33,793.83,,769.0,811.5,,827.17,807.33,797.33,818.17,821.33,873.67,823.33,751.83,761.67,791.33,741.83,835.0,,,,,,
2026-07-18 15:00,668.83,609.5,631.5,618.83,607.67,633.67,,654.5,627.33,623.67,651.17,648.17,697.33,647.0,599.83,637.17,625.0,552.5,654.0,,,,,,
2026-07-18 16:00,466.17,383.83,422.0,508.0,412.67,419.0,,449.17,427.17,409.5,447.5,443.33,483.33,446.33,411.67,406.67,422.83,301.17,439.5,,,,,,
2026-07-18 17:00,242.5,218.67,192.67,,212.83,196.67,,230.83,289.0,117.17,226.83,218.17,244.17,230.83,209.67,205.5,210.83,116.5,214.5,,,,,,
2026-07-18 18:00,46.67,44.67,31.17,0.0,19.5,30.0,,43.17,,14.33,45.67,42.17,49.5,39.33,40.83,34.17,41.67,29.83,40.0,,,,,,
2026-07-18 19:00,0.0,0.0,0.0,0.0,0.0,0.0,,0.0,,0.0,0.0,0.0,0.0,0.0,0.0,0.0,0.0,0.0,0.0,,,,,,
2026-07-18 20:00,0.0,0.0,0.0,0.0,0.0,0.0,,0.0,,0.0,0.0,0.0,0.0,0.0,0.0,0.0,0.0,0.0,0.0,,,,,,
2026-07-18 21:00,0.0,0.0,0.0,0.0,0.0,0.0,,0.0,,0.0,0.0,0.0,0.0,0.0,0.0,0.0,0.0,0.0,0.0,,,,,,
2026-07-18 22:00,0.0,0.0,0.0,0.0,0.0,0.0,,0.0,,0.0,0.0,0.0,0.0,0.0,0.0,0.0,0.0,0.0,0.0,,,,,,
2026-07-18 23:00,0.0,0.0,0.0,0.0,0.0,0.0,,0.0,,0.0,0.0,0.0,0.0,0.0,0.0,0.0,0.0,0.0,0.0,,,,,,
2026-07-19 00:00,0.0,0.0,0.0,0.0,0.0,0.0,,0.0,,0.0,0.0,0.0,0.0,0.0,0.0,0.0,0.0,0.0,0.0,,,,,,
2026-07-19 01:00,0.0,0.0,0.0,0.0,0.0,0.0,,0.0,,0.0,0.0,0.0,0.0,0.0,0.0,0.0,0.0,0.0,0.0,,,,,,
2026-07-19 02:00,0.0,0.0,0.0,0.0,0.0,0.0,,0.0,,0.0,0.0,0.0,0.0,0.0,0.0,0.0,0.0,0.0,0.0,,,,,,
2026-07-19 03:00,0.0,0.0,0.0,0.0,0.0,0.0,,0.0,,0.0,0.0,0.0,0.0,0.0,0.0,0.0,0.0,0.0,0.0,,,,,,
2026-07-19 04:00,0.5,0.5,0.33,0.17,0.33,0.0,,0.17,,0.0,0.33,0.17,0.33,0.33,0.0,0.83,0.67,0.33,0.0,,,,,,
2026-07-19 05:00,73.0,89.5,24.0,49.5,25.33,45.5,,52.17,,40.67,48.67,57.67,63.67,40.33,64.17,73.67,77.33,73.17,53.0,,,,,,
2026-07-19 06:00,274.5,285.67,240.0,261.83,234.33,223.17,,230.67,,220.67,260.5,249.17,272.17,244.67,267.83,250.5,272.0,261.0,237.33,,,,,,
2026-07-19 07:00,497.17,495.17,456.17,474.83,466.0,442.33,,424.83,496.0,439.83,480.67,465.33,493.33,449.67,478.5,464.67,484.17,446.5,460.0,,,,,,
2026-07-19 08:00,703.0,685.83,647.33,699.67,653.83,650.33,,648.5,648.33,647.33,682.17,666.83,721.67,654.0,671.83,676.33,685.0,620.33,665.0,,,,,,
2026-07-19 09:00,857.83,806.67,793.5,856.33,813.5,819.0,,819.67,802.5,820.33,840.0,835.83,895.5,819.33,819.33,824.67,846.33,793.67,836.83,,,,,,
2026-07-19 10:00,955.0,958.17,906.5,964.33,916.83,938.67,,943.67,919.83,935.5,955.83,944.67,990.67,938.0,933.17,920.5,958.67,911.83,954.83,,,,,,
2026-07-19 11:00,990.33,971.33,979.33,1013.83,946.67,999.83,,1006.5,986.33,996.5,1006.67,993.17,1112.67,1003.0,979.33,980.0,1003.17,967.0,1017.33,,,,,,
2026-07-19 12:00,1006.0,881.17,983.67,1005.0,916.67,996.0,,1002.83,991.5,1003.83,1017.17,1005.0,1121.67,1002.5,966.67,1001.5,992.17,958.17,1019.0,,,,,,
2026-07-19 13:00,947.0,789.83,921.67,932.83,886.67,930.83,,953.33,919.33,944.0,945.17,948.83,1046.67,942.67,907.83,928.17,922.67,890.67,951.5,,,,,,
2026-07-19 14:00,834.33,800.0,818.33,853.0,763.0,811.67,,829.33,793.67,799.33,816.5,831.0,887.17,821.67,800.33,774.5,801.17,747.67,831.83,,,,,,
2026-07-19 15:00,680.5,603.17,630.83,,597.5,632.5,,659.33,631.83,609.5,645.5,660.83,723.5,640.33,639.83,638.83,632.67,551.67,648.67,,,,,,
2026-07-19 16:00,459.67,384.5,423.0,,413.83,411.0,,449.17,432.17,401.83,441.0,454.83,501.5,443.0,438.83,435.83,425.33,298.0,437.17,,,,,,
2026-07-19 17:00,230.5,218.17,191.33,,219.67,189.0,,229.33,,109.33,219.83,219.83,248.33,225.67,228.33,193.33,208.17,114.67,217.17,,,,,,
2026-07-19 18:00,42.5,44.5,28.0,,15.17,26.0,,42.0,,14.0,44.0,43.17,50.17,36.17,43.0,32.83,40.67,29.0,40.33,,,,,,
2026-07-19 19:00,0.0,0.0,0.0,0.0,0.0,0.0,,0.0,,0.0,0.0,0.0,0.0,0.0,0.0,0.0,0.0,0.0,0.0,,,,,,
2026-07-19 20:00,0.0,0.0,0.0,0.0,0.0,0.0,,0.0,,0.0,0.0,0.0,0.0,0.0,0.0,0.0,0.0,0.0,0.0,,,,,,
2026-07-19 21:00,0.0,0.0,0.0,0.0,0.0,0.0,,0.0,,0.0,0.0,0.0,0.0,0.0,0.0,0.0,0.0,0.0,0.0,,,,,,
2026-07-19 22:00,0.0,0.0,0.0,0.0,0.0,0.0,,0.0,,0.0,0.0,0.0,0.0,0.0,0.0,0.0,0.0,0.0,0.0,,,,,,
2026-07-19 23:00,0.0,0.0,0.0,0.0,0.0,0.0,,0.0,,0.0,0.0,0.0,0.0,0.0,0.0,0.0,0.0,0.0,0.0,,,,,,
2026-07-20 00:00,0.0,0.0,0.0,0.0,0.0,0.0,,0.0,,0.0,0.0,0.0,0.0,0.0,0.0,0.0,0.0,0.0,0.0,,,,,,
2026-07-20 01:00,0.0,0.0,0.0,0.0,0.0,0.0,,0.0,,0.0,0.0,0.0,0.0,0.0,0.0,0.0,0.0,0.0,0.0,,,,,,
2026-07-20 02:00,0.0,0.0,0.0,0.0,0.0,0.0,,0.0,,0.0,0.0,,0.0,0.0,0.0,0.0,0.0,0.0,0.0,,,,,,
2026-07-20 03:00,0.0,0.0,0.0,0.0,0.0,0.0,,0.0,,0.0,0.0,,0.17,0.0,0.0,0.0,0.0,0.0,0.0,,,,,,
2026-07-20 04:00,0.67,0.33,0.33,0.17,0.17,0.0,,0.17,,0.0,0.67,,0.83,0.33,0.0,0.67,0.67,0.33,0.0,,,,,,
2026-07-20 05:00,70.0,90.17,25.0,48.0,25.33,46.5,,32.67,,39.17,46.33,,48.67,43.17,60.67,69.17,77.5,62.67,56.67,,,,,,
2026-07-20 06:00,267.17,289.33,232.83,248.17,225.5,221.5,,141.33,,222.83,267.67,,221.33,205.0,257.5,245.33,270.67,250.67,249.83,,,,,,
2026-07-20 07:00,486.67,499.17,444.0,473.5,458.33,442.67,,414.33,498.75,441.83,465.0,,462.83,463.67,477.5,457.67,479.83,439.83,475.5,,,,,,
2026-07-20 08:00,686.33,685.5,640.67,693.33,655.5,654.0,,659.0,661.5,652.0,672.17,,707.5,647.17,673.83,668.33,678.83,615.67,687.83,,,,,,
2026-07-20 09:00,838.17,820.5,782.83,852.0,811.5,825.83,,824.5,820.5,828.0,826.0,,882.0,812.5,827.33,815.33,837.83,782.83,863.5,,,,,,
2026-07-20 10:00,929.33,963.5,889.0,959.17,910.33,946.33,,950.17,933.83,947.33,937.33,,1014.67,934.0,926.5,908.67,949.5,895.0,980.33,,,,,,
2026-07-20 11:00,963.33,969.67,955.0,1009.67,937.17,1009.0,,990.17,991.67,1002.33,1002.5,,1099.0,997.67,979.17,979.5,996.0,950.17,1042.83,,,,,,
2026-07-20 12:00,948.67,890.0,975.5,1014.33,907.83,1003.5,,1011.33,994.17,997.83,998.5,,1103.67,995.33,966.0,994.5,981.0,944.67,1036.83,,,,,,
2026-07-20 13:00,947.33,804.67,928.17,921.0,881.5,940.5,,957.5,911.0,919.67,930.83,,1021.17,930.17,896.5,912.5,899.17,875.0,965.83,,,,,,
2026-07-20 14:00,842.33,801.5,814.83,852.0,595.67,822.17,,834.33,806.83,781.0,807.17,,883.17,808.33,795.0,758.67,778.0,733.83,828.67,,,,,,
2026-07-20 15:00,659.67,596.17,631.17,,590.5,647.17,,659.67,646.17,614.0,640.5,,707.83,625.33,630.83,641.67,619.67,543.83,651.67,,,,,,
2026-07-20 16:00,454.0,372.67,421.33,,413.67,436.83,,452.0,438.5,411.5,434.5,,482.0,432.33,432.67,432.0,415.0,293.33,450.0,,,,,,
2026-07-20 17:00,226.0,205.0,186.5,,209.17,218.5,,231.17,,110.17,214.33,,239.33,220.0,222.67,189.17,207.83,113.83,228.33,,,,,,
2026-07-20 18:00,41.5,43.67,26.5,,17.83,34.0,,42.67,,12.0,42.17,,47.33,37.33,39.0,32.17,41.33,28.0,43.33,,,,,,
2026-07-20 19:00,0.0,0.0,0.0,0.0,0.0,0.0,,0.0,,0.0,0.0,,0.0,0.0,0.0,0.0,0.0,0.0,0.0,,,,,,
2026-07-20 20:00,0.0,0.0,0.0,0.0,0.0,0.0,,0.0,,0.0,0.0,,0.0,0.0,0.0,0.0,0.0,0.0,0.0,,,,,,
2026-07-20 21:00,0.0,0.0,0.0,0.0,0.0,0.0,,0.0,,0.0,0.0,,0.0,0.0,0.0,0.0,0.0,0.0,0.0,,,,,,
2026-07-20 22:00,0.0,0.0,0.0,0.0,0.0,0.0,,0.0,,0.0,0.0,,0.0,0.0,0.0,0.0,0.0,0.0,0.0,,,,,,
2026-07-20 23:00,0.0,0.0,0.0,0.0,0.0,0.0,,0.0,,0.0,0.0,,0.0,0.0,0.0,0.0,0.0,0.0,0.0,,,,,,
2026-07-21 00:00,0.0,0.0,0.0,0.0,0.0,0.0,,0.0,,0.0,0.0,,0.0,0.0,0.0,0.0,0.0,0.0,0.0,,,,,,
2026-07-21 01:00,0.0,0.0,0.0,0.0,0.0,0.0,,0.0,,0.0,0.0,,0.0,0.0,0.0,0.0,0.0,0.0,0.0,,,,,,
2026-07-21 02:00,0.0,0.0,0.0,0.0,0.0,0.0,,0.0,,0.0,0.0,,0.0,0.0,0.0,0.0,0.0,0.0,0.0,,,,,,
2026-07-21 03:00,0.0,0.0,0.0,0.0,0.0,0.0,,0.0,,0.0,0.0,,0.0,0.0,0.0,0.0,0.0,0.0,0.0,,,,,,
2026-07-21 04:00,0.5,0.67,0.33,0.17,0.17,0.0,,0.33,,0.0,0.5,,0.33,0.33,0.0,0.67,0.67,0.33,0.0,,,,,,
2026-07-21 05:00,64.83,78.17,26.5,48.83,25.33,47.0,,37.5,,41.17,62.33,,28.17,40.17,58.67,63.0,44.5,60.5,56.33,,,,,,
2026-07-21 06:00,254.67,270.5,223.17,248.83,222.5,232.67,,131.67,,230.17,272.83,,179.67,185.5,254.5,234.17,219.0,244.0,248.0,,,,,,
2026-07-21 07:00,473.33,483.33,440.33,475.17,450.33,454.67,,332.17,477.0,446.67,438.17,,476.0,450.5,470.67,444.33,464.5,433.33,469.67,,,,,,
2026-07-21 08:00,677.17,676.5,626.67,683.33,641.33,665.5,,662.17,654.0,657.67,582.33,,708.33,641.5,665.0,658.67,667.5,612.5,677.0,,,,,,
2026-07-21 09:00,836.0,814.5,779.67,840.5,795.33,841.5,,827.67,809.83,836.67,829.67,,871.33,799.83,818.0,811.0,832.17,784.83,847.5,,,,,,
2026-07-21 10:00,924.83,962.5,879.33,956.0,899.33,963.5,,943.5,919.67,961.5,936.67,,1008.0,920.83,924.83,909.0,938.83,890.5,964.5,,,,,,
2026-07-21 11:00,931.67,962.67,971.83,1006.0,929.17,1023.17,,1001.5,982.83,1026.83,996.67,,1060.83,981.33,967.67,987.5,987.0,949.67,1025.5,,,,,,
2026-07-21 12:00,875.0,876.67,991.83,996.5,941.17,1020.5,,1007.17,976.33,1030.83,990.67,,1091.5,979.67,959.0,1018.5,983.0,942.67,1024.17,,,,,,
2026-07-21 13:00,948.33,795.17,932.5,932.67,903.17,955.17,,942.0,912.5,940.0,926.33,,1014.67,915.67,901.83,929.5,912.5,871.83,951.67,,,,,,
2026-07-21 14:00,844.33,789.67,802.83,853.33,785.0,824.17,,818.67,794.33,805.17,807.5,,877.0,796.83,795.33,764.83,781.17,729.67,827.83,,,,,,
2026-07-21 15:00,664.17,591.83,623.33,,617.17,643.17,,644.5,632.0,632.33,636.67,,693.83,616.5,631.33,626.17,613.0,539.83,656.17,,,,,,
2026-07-21 16:00,454.5,366.0,416.17,,414.17,431.83,,441.33,426.83,425.67,433.33,,467.0,427.0,430.33,429.83,412.5,290.83,445.17,,,,,,
2026-07-21 17:00,222.33,206.0,178.67,,204.83,208.5,,226.17,,104.67,215.17,,232.17,216.67,217.67,188.83,197.67,113.0,219.67,,,,,,
2026-07-21 18:00,38.0,38.33,23.67,,18.33,31.67,,40.5,,12.0,33.0,,44.33,35.67,37.83,30.0,37.33,27.5,41.17,,,,,,
2026-07-21 19:00,0.0,0.0,0.0,0.0,0.0,0.0,,0.0,,0.0,0.0,,0.0,0.0,0.0,0.0,0.0,0.0,0.0,,,,,,
2026-07-21 20:00,0.0,0.0,0.0,0.0,0.0,0.0,,0.0,,0.0,0.0,,0.0,0.0,0.0,0.0,0.0,0.0,0.0,,,,,,
2026-07-21 21:00,0.0,0.0,0.0,0.0,0.0,0.0,,0.0,,0.0,0.0,,0.0,0.0,0.0,0.0,0.0,0.0,0.0,,,,,,
2026-07-21 22:00,0.0,0.0,0.0,0.0,0.0,0.0,,0.0,,0.0,0.0,,0.0,0.0,0.0,0.0,0.0,0.0,0.0,,,,,,
2026-07-21 23:00,0.0,0.0,0.0,0.0,0.0,0.0,,0.0,,0.0,0.0,,0.0,0.0,0.0,0.0,0.0,0.0,0.0,,,,,,
2026-07-22 00:00,0.0,0.0,0.0,0.0,0.0,0.0,,0.0,,0.0,0.0,,0.0,0.0,0.0,0.0,0.0,0.0,0.0,,,,,,
2026-07-22 01:00,0.0,0.0,0.0,0.0,0.0,0.0,,0.0,,0.0,0.0,,0.0,0.0,0.0,0.0,0.0,0.0,0.0,,,,,,
2026-07-22 02:00,0.0,0.0,0.0,0.0,0.0,0.0,,0.0,,0.0,0.0,,0.0,0.0,0.0,0.0,0.0,0.0,0.0,,,,,,
2026-07-22 03:00,0.0,0.0,0.0,0.0,0.0,0.0,,0.0,,0.0,0.0,,0.0,0.0,0.0,0.0,0.0,0.0,0.0,,,,,,
2026-07-22 04:00,0.17,0.5,0.17,0.17,0.17,0.0,,0.17,,0.0,0.33,,0.17,0.17,0.0,0.67,0.33,0.17,0.0,,,,,,
2026-07-22 05:00,34.5,59.83,41.17,48.33,26.33,49.0,,52.33,,40.83,54.0,,53.83,38.33,55.17,54.67,25.67,52.0,55.83,,,,,,
2026-07-22 06:00,167.5,268.83,170.0,238.5,210.17,236.83,,238.0,,235.0,238.83,,246.17,223.17,245.33,222.67,152.5,231.67,248.0,,,,,,
2026-07-22 07:00,438.5,473.83,397.5,465.5,431.33,463.67,,410.17,471.8,463.17,460.83,,458.83,433.0,463.67,430.33,367.83,422.83,470.5,,,,,,
2026-07-22 08:00,631.0,651.17,605.5,671.83,642.17,673.83,,582.17,642.83,673.33,636.67,,687.17,630.83,652.83,638.17,596.17,599.33,675.83,,,,,,
2026-07-22 09:00,810.5,786.5,758.67,828.17,807.67,845.33,,787.5,794.0,849.17,809.67,,878.83,780.67,803.17,784.67,796.67,754.4,844.67,,,,,,
2026-07-22 10:00,909.5,926.0,864.0,935.0,914.5,965.5,,924.67,901.83,971.5,926.17,,1007.33,901.83,908.0,884.5,919.17,873.0,959.83,,,,,,
2026-07-22 11:00,950.67,940.17,950.33,987.33,960.17,1020.83,,993.67,964.33,1029.17,983.33,976.0,1071.17,968.83,954.0,965.17,961.0,,1014.83,,,,,,
2026-07-22 12:00,964.0,866.83,963.83,968.67,933.5,1012.17,,991.0,963.17,1027.5,980.5,961.17,1068.17,963.0,947.0,975.17,956.83,,1013.67,,,,,,
2026-07-22 13:00,921.5,793.83,906.67,901.17,900.33,950.5,,928.0,906.0,944.0,920.17,901.0,988.83,899.67,887.17,892.0,895.17,,944.5,,,,,,
2026-07-22 14:00,810.33,784.33,780.17,816.0,778.5,824.33,,802.67,784.83,804.33,797.17,790.67,862.67,782.17,766.33,747.33,771.83,660.0,814.67,,,,,,
2026-07-22 15:00,641.5,595.5,609.5,,599.67,645.67,,633.33,621.0,627.33,623.5,618.17,686.17,605.0,606.83,617.0,604.17,530.5,640.17,,,,,,
2026-07-22 16:00,439.17,369.0,407.17,,401.17,429.17,,422.83,409.83,421.33,421.0,415.17,453.0,401.0,409.17,422.0,399.5,286.5,428.5,,,,,,
2026-07-22 17:00,213.17,199.0,171.5,,191.83,202.17,,212.17,,96.0,208.33,195.33,225.0,203.83,204.5,181.5,192.0,112.83,203.17,,,,,,
2026-07-22 18:00,35.67,39.0,21.83,,19.0,29.83,,38.67,,11.83,38.17,35.83,41.17,34.17,34.0,30.33,34.33,26.17,35.33,,,,,,
2026-07-22 19:00,0.0,0.0,0.0,0.0,0.0,0.0,,0.0,,0.0,0.0,0.0,0.0,0.0,0.0,0.0,0.0,0.0,0.0,,,,,,
2026-07-22 20:00,0.0,0.0,0.0,0.0,0.0,0.0,,0.0,,0.0,0.0,0.0,0.0,0.0,0.0,0.0,0.0,0.0,0.0,,,,,,
2026-07-22 21:00,0.0,0.0,0.0,0.0,0.0,0.0,,0.0,,0.0,0.0,0.0,0.0,0.0,0.0,0.0,0.0,0.0,0.0,,,,,,
2026-07-22 22:00,0.0,0.0,0.0,0.0,0.0,0.0,,0.0,,0.0,0.0,0.0,0.0,0.0,0.0,0.0,0.0,0.0,0.0,,,,,,
2026-07-22 23:00,0.0,0.0,0.0,0.0,0.0,0.0,,0.0,,0.0,0.0,0.0,0.0,0.0,0.0,0.0,0.0,0.0,0.0,,,,,,
2026-07-23 00:00,0.0,0.0,0.0,0.0,0.0,0.0,,0.0,,0.0,0.0,0.0,0.0,0.0,0.0,0.0,0.0,0.0,0.0,,,,,,
2026-07-23 01:00,0.0,0.0,0.0,0.0,0.0,0.0,,0.0,,0.0,0.0,0.0,0.0,0.0,0.0,0.0,0.0,0.0,0.0,,,,,,
2026-07-23 02:00,0.0,0.0,0.0,0.0,0.0,0.0,,0.0,,0.0,0.0,0.0,0.0,0.0,0.0,0.17,0.0,0.0,0.0,,,,,,
2026-07-23 03:00,0.0,0.0,0.0,0.0,0.0,0.0,,0.0,,0.0,0.0,0.0,0.0,0.0,0.0,0.0,0.0,0.0,0.0,,,,,,
2026-07-23 04:00,0.33,1.0,0.17,0.33,0.17,0.0,,0.17,,0.0,0.33,0.0,0.67,0.17,0.0,0.67,0.33,0.17,0.0,,,,,,
2026-07-23 05:00,59.83,76.0,32.33,48.67,28.5,46.0,,39.17,,38.83,50.67,30.33,44.0,40.5,51.67,59.67,19.83,52.33,23.67,,,,,,
2026-07-23 06:00,244.83,267.67,214.67,236.83,203.67,224.67,,172.0,,225.33,255.33,174.67,217.17,206.67,248.0,225.83,94.5,225.0,102.17,,,,,,
2026-07-23 07:00,467.5,480.33,425.0,469.67,413.83,446.33,,308.33,365.17,449.83,447.0,342.67,438.33,394.5,465.67,434.67,312.67,417.33,399.5,,,,,,
2026-07-23 08:00,667.0,667.0,616.5,678.67,630.67,652.33,,507.17,626.17,658.0,646.5,629.5,705.67,560.0,662.67,641.67,562.0,602.33,634.17,,,,,,
2026-07-23 09:00,821.83,801.0,759.5,836.83,798.67,822.5,,784.17,785.83,831.5,828.67,796.67,866.0,768.83,815.17,793.83,825.67,771.33,831.17,,,,,,
2026-07-23 10:00,925.83,944.0,873.83,946.0,908.83,940.33,,928.5,900.17,948.17,939.0,911.0,1022.83,919.33,913.67,892.17,925.0,882.5,950.0,,,,,,
2026-07-23 11:00,962.83,959.5,956.67,997.5,951.5,998.5,,996.83,968.17,1008.33,996.33,994.17,1082.5,980.33,962.33,953.0,964.83,932.5,1010.17,,,,,,
2026-07-23 12:00,982.5,889.33,969.33,979.33,933.0,987.5,,1003.67,980.67,1004.0,989.67,985.83,1069.83,982.83,957.17,983.67,964.5,932.33,1008.83,,,,,,
2026-07-23 13:00,928.67,812.0,912.0,925.0,887.83,932.67,,948.0,919.33,919.67,922.17,919.5,990.83,920.0,900.0,916.0,895.67,860.67,944.0,,,,,,
2026-07-23 14:00,807.17,796.67,793.17,843.0,769.67,808.83,,831.5,809.0,790.67,803.17,802.33,870.17,799.17,791.83,752.83,770.83,725.0,826.33,,,,,,
2026-07-23 15:00,643.67,606.67,608.67,,619.83,627.67,,657.17,633.33,624.67,632.33,633.83,696.83,615.5,630.17,625.67,618.5,542.33,661.5,,,,,,
2026-07-23 16:00,443.33,377.33,406.83,,415.17,421.33,,433.33,423.67,416.83,426.5,421.83,466.33,421.0,426.0,422.67,409.17,286.33,447.0,,,,,,
2026-07-23 17:00,209.0,194.83,161.17,,193.5,200.0,,206.83,,90.33,203.0,195.5,220.33,201.83,207.17,175.0,192.17,113.5,213.17,,,,,,
2026-07-23 18:00,31.67,32.67,21.33,,20.0,29.17,,35.83,,11.83,36.17,33.33,37.83,32.5,31.17,28.33,32.33,24.0,34.33,,,,,,
2026-07-23 19:00,0.0,0.0,0.0,0.0,0.0,0.0,,0.0,,0.0,0.0,0.0,0.0,0.0,0.0,0.0,0.0,0.0,0.0,,,,,,
2026-07-23 20:00,0.0,0.0,0.0,0.0,0.0,0.0,,0.0,,0.0,0.0,0.0,0.0,0.0,0.0,0.0,0.0,0.0,0.0,,,,,,
2026-07-23 21:00,0.0,0.0,0.0,0.0,0.0,0.0,,0.17,,0.0,0.0,0.0,0.0,0.0,0.0,0.0,0.0,0.0,0.0,,,,,,
2026-07-23 22:00,0.0,0.0,0.0,0.0,0.0,0.0,,0.0,,0.0,0.0,0.0,0.0,0.0,0.0,0.0,0.0,0.0,0.0,,,,,,
2026-07-23 23:00,0.0,0.0,0.0,0.0,0.0,0.0,,0.0,,0.0,0.0,0.0,0.0,0.0,0.0,0.0,0.0,0.0,0.0,,,,,,
2026-07-24 00:00,0.0,0.0,0.0,0.0,0.0,0.0,,0.0,,0.0,0.0,0.0,0.0,0.0,0.0,0.0,0.17,0.0,0.0,,,,,,
2026-07-24 01:00,0.0,0.0,0.0,0.0,0.0,0.0,,0.0,,0.0,0.0,0.0,0.0,0.0,0.0,0.0,0.0,0.0,0.0,,,,,,
2026-07-24 02:00,0.0,0.0,0.0,0.0,0.0,0.0,,0.0,,0.0,0.0,0.0,0.0,0.0,0.0,0.0,0.0,0.0,0.0,,,,,,
2026-07-24 03:00,0.0,0.0,0.0,0.0,0.0,0.0,,0.0,,0.0,0.0,0.0,0.0,0.0,0.0,0.0,0.0,0.0,0.0,,,,,,
2026-07-24 04:00,0.17,0.5,0.17,0.17,0.17,0.0,,0.17,,0.0,0.33,0.0,0.17,0.0,0.0,0.33,0.17,0.17,0.0,,,,,,
2026-07-24 05:00,35.83,66.83,33.0,42.5,32.33,40.0,,32.33,,36.17,34.67,31.67,38.5,36.83,24.33,53.33,27.33,48.0,28.0,,,,,,
2026-07-24 06:00,109.67,253.83,144.33,212.5,192.17,206.67,,177.67,,204.5,102.33,190.17,217.83,186.33,138.17,218.33,98.0,222.83,97.33,,,,,,
2026-07-24 07:00,350.5,400.67,312.67,450.17,407.83,421.0,,339.0,230.0,418.17,340.33,404.0,394.33,425.33,407.83,429.5,268.67,308.33,299.33,,,,,,
2026-07-24 08:00,598.17,607.83,479.0,632.83,620.17,631.67,,547.83,564.33,629.67,536.5,547.0,699.17,535.17,553.17,666.33,453.83,477.5,507.83,,,,,,
2026-07-24 09:00,665.83,709.17,682.33,837.0,784.17,795.0,,781.33,705.67,792.83,755.0,792.0,900.5,771.67,717.17,712.17,749.5,766.17,799.33,,,,,,
2026-07-24 10:00,698.17,850.17,792.67,942.17,897.0,908.17,,935.67,829.67,911.67,766.5,919.17,1003.67,901.5,761.0,763.0,843.67,771.83,958.0,,,,,,
2026-07-24 11:00,767.83,893.5,939.67,1004.33,949.33,969.0,,1006.5,970.33,964.67,944.67,917.67,1006.0,933.0,924.0,1002.83,907.83,945.5,1009.83,,,,,,
2026-07-24 12:00,920.83,868.5,990.5,1000.0,934.67,968.33,,1003.0,932.67,962.0,965.33,979.0,1095.67,934.17,924.0,995.33,979.83,943.67,1015.0,,,,,,
2026-07-24 13:00,942.33,809.33,929.83,932.67,915.5,910.0,,940.83,902.67,895.33,789.17,924.83,1026.67,876.83,897.5,913.0,916.17,867.67,944.5,,,,,,
2026-07-24 14:00,829.33,791.5,800.83,851.33,789.5,794.17,,827.83,783.83,762.83,723.17,811.33,889.33,813.5,806.33,743.0,796.0,728.33,799.33,,,,,,
2026-07-24 15:00,646.33,599.17,621.5,,620.33,621.83,,653.83,620.67,591.83,646.17,651.67,721.0,635.67,635.33,606.0,624.33,539.17,623.17,,,,,,
2026-07-24 16:00,438.67,373.0,407.5,,425.33,411.83,,440.17,417.5,387.33,400.33,433.33,473.83,423.67,442.0,417.33,416.5,291.17,409.5,,,,,,
2026-07-24 17:00,213.5,197.17,162.0,,199.17,186.33,,220.0,289.0,102.33,186.33,187.33,205.0,193.67,217.0,180.83,199.83,112.0,194.33,,,,,,
2026-07-24 18:00,36.83,35.33,20.5,,17.0,26.17,,39.33,,15.17,32.67,29.5,36.0,41.5,31.83,28.67,35.67,24.83,35.0,,,,,,
2026-07-24 19:00,0.0,0.0,0.0,0.0,0.0,0.0,,0.0,,0.0,0.0,0.0,0.0,0.0,0.0,0.0,0.0,0.0,0.0,,,,,,
2026-07-24 20:00,0.0,0.0,0.0,0.0,0.0,0.0,,0.0,,0.0,0.0,0.0,0.0,0.0,0.0,0.0,0.0,0.0,0.0,,,,,,
2026-07-24 21:00,0.0,0.0,0.0,0.0,0.0,0.0,,0.0,,0.0,0.0,0.0,0.0,0.0,0.0,0.0,0.0,0.0,0.0,,,,,,
2026-07-24 22:00,0.0,0.0,0.0,0.0,0.0,0.0,,0.0,,0.0,0.0,0.0,0.0,0.0,0.0,0.0,0.0,0.0,0.0,,,,,,
2026-07-24 23:00,0.0,0.0,0.0,0.0,0.0,0.0,,0.0,,0.0,0.0,0.0,0.0,0.0,0.0,0.0,0.0,0.0,0.0,,,,,,
2026-07-25 00:00,0.0,0.0,0.0,0.0,0.0,0.0,,0.0,,0.0,0.0,0.0,0.0,0.0,0.0,0.0,0.0,0.0,0.0,,,,,,
2026-07-25 01:00,0.0,0.0,0.0,0.0,0.0,0.0,,0.0,,0.0,0.0,0.0,0.0,0.0,0.0,0.33,0.0,0.0,0.0,,,,,,
2026-07-25 02:00,0.0,0.0,0.0,0.33,0.0,0.0,,0.0,,0.0,0.0,0.0,0.0,0.0,0.0,0.0,0.0,0.0,0.0,,,,,,
2026-07-25 03:00,0.0,0.0,0.0,0.33,0.0,0.0,,0.0,,0.0,0.0,0.0,0.0,0.0,0.0,0.0,0.0,0.0,0.0,,,,,,
2026-07-25 04:00,0.33,0.33,0.17,0.17,0.17,0.0,,0.0,,0.0,0.17,0.0,0.17,0.0,0.0,0.33,0.33,0.17,0.0,,,,,,
2026-07-25 05:00,38.5,44.33,29.83,32.83,35.5,45.0,,42.17,,39.0,40.5,41.5,42.33,38.67,29.83,37.0,40.83,39.33,45.67,,,,,,
2026-07-25 06:00,173.17,137.5,140.33,166.17,206.33,220.5,,218.33,,226.0,224.33,203.83,210.17,215.5,110.5,204.67,158.0,215.5,225.0,,,,,,
2026-07-25 07:00,268.67,455.33,245.5,452.83,423.0,442.0,,411.33,458.8,445.83,429.5,432.67,446.17,415.0,248.17,328.83,259.0,366.83,451.33,,,,,,
2026-07-25 08:00,659.33,447.83,431.33,663.5,634.67,651.0,,602.33,635.67,659.5,605.5,640.67,661.67,545.67,548.83,351.0,366.17,411.17,660.17,,,,,,
2026-07-25 09:00,580.0,687.83,659.5,824.0,797.0,822.83,,789.17,791.17,842.67,773.33,797.83,873.33,636.83,802.67,473.17,624.0,553.67,828.83,,,,,,
2026-07-25 10:00,601.83,765.67,834.5,931.33,902.5,937.67,,911.17,896.17,955.83,963.33,910.17,988.5,904.17,903.83,828.83,936.0,804.5,941.0,,,,,,
2026-07-25 11:00,651.67,747.5,972.0,984.33,948.0,990.83,,958.83,958.0,1002.33,1000.0,956.0,1052.33,974.67,954.17,896.5,977.5,932.33,992.0,,,,,,
2026-07-25 12:00,959.33,796.0,975.17,976.33,920.0,984.0,,969.67,958.0,1003.17,982.0,941.83,1030.17,968.33,939.67,915.5,974.33,933.83,996.5,,,,,,
2026-07-25 13:00,929.17,811.67,907.33,874.5,877.67,921.83,,902.33,905.33,907.17,907.67,897.5,981.5,892.0,849.33,893.83,910.0,856.0,935.17,,,,,,
2026-07-25 14:00,817.0,792.67,782.83,794.0,746.67,790.17,,773.5,762.33,762.0,786.33,764.17,817.0,768.17,742.33,728.33,775.33,711.33,803.67,,,,,,
2026-07-25 15:00,631.5,570.0,594.83,,570.17,597.67,,612.5,591.33,580.5,612.83,596.33,656.67,578.33,576.17,589.5,605.67,515.67,616.83,,,,,,
2026-07-25 16:00,413.5,358.33,382.17,,359.5,384.33,,414.83,394.5,361.67,410.17,394.0,431.17,390.0,389.33,388.0,401.33,276.17,398.0,,,,,,
2026-07-25 17:00,195.33,185.5,151.67,,161.83,168.0,,199.5,230.0,105.67,193.33,183.0,196.5,191.33,183.0,167.33,181.0,109.5,181.5,,,,,,
2026-07-25 18:00,33.0,31.67,20.17,,21.0,22.83,,33.17,,15.33,34.17,31.17,35.83,31.33,26.83,28.67,29.67,22.83,28.67,,,,,,
2026-07-25 19:00,0.0,0.0,0.0,0.0,0.0,0.0,,0.0,,0.0,0.0,0.0,0.0,0.0,0.0,0.0,0.0,0.0,0.0,,,,,,
2026-07-25 20:00,0.0,0.0,0.0,0.0,0.0,0.0,,0.0,,0.0,0.0,0.0,0.0,0.0,0.0,0.0,0.0,0.0,0.0,,,,,,
2026-07-25 21:00,0.0,0.0,0.0,0.0,0.0,0.0,,0.0,,0.0,0.0,0.0,0.0,0.0,0.0,0.0,0.0,0.0,0.0,,,,,,
2026-07-25 22:00,0.0,0.0,0.0,0.0,0.0,0.0,,0.0,,0.0,0.0,0.0,0.0,0.0,0.0,0.0,0.0,0.0,0.0,,,,,,
2026-07-25 23:00,0.0,0.0,0.0,0.0,0.0,0.0,,0.0,,0.0,0.0,0.0,0.0,0.0,0.0,0.0,0.0,0.0,0.0,,,,,,
2026-07-26 00:00,0.0,0.0,0.0,0.0,0.0,0.0,,0.0,,0.0,0.0,0.0,0.0,0.0,0.0,0.0,0.0,0.0,0.0,,,,,,
2026-07-26 01:00,0.0,0.0,0.0,0.0,0.0,0.0,,0.0,,0.0,0.0,0.0,0.0,0.0,0.0,0.0,0.0,0.0,0.0,,,,,,
2026-07-26 02:00,0.0,0.0,0.0,0.0,0.0,0.0,,0.0,,0.0,0.0,0.0,0.0,0.0,0.0,0.0,0.0,0.0,0.0,,,,,,
2026-07-26 03:00,0.0,0.0,0.0,0.0,0.0,0.0,,0.0,,0.0,0.0,0.0,0.0,0.0,0.0,0.0,0.0,0.0,0.0,,,,,,
2026-07-26 04:00,0.17,0.33,0.17,0.17,0.17,0.0,,0.17,,0.0,0.17,0.0,0.17,0.0,0.0,0.83,0.17,0.0,0.0,,,,,,
2026-07-26 05:00,54.33,48.17,26.33,42.0,31.0,34.33,,43.33,,30.5,34.0,40.5,42.5,36.0,42.83,50.67,55.17,42.33,38.33,,,,,,
2026-07-26 06:00,234.83,224.33,206.67,206.17,184.0,188.17,,186.67,,178.17,190.67,205.67,211.5,211.67,181.83,209.5,232.17,218.33,204.17,,,,,,
2026-07-26 07:00,460.0,470.17,372.83,371.17,408.17,407.5,,367.67,438.4,395.33,397.5,406.0,402.67,351.67,425.0,425.83,451.17,449.67,423.83,,,,,,
2026-07-26 08:00,694.67,653.33,429.17,562.17,638.0,615.33,,397.0,584.83,610.5,579.0,476.83,443.5,537.0,530.67,511.33,663.83,587.67,677.83,,,,,,
2026-07-26 09:00,813.0,747.0,683.33,712.5,841.67,784.83,,639.33,669.5,784.5,683.17,599.0,765.67,733.67,670.33,585.83,838.0,834.17,750.5,,,,,,
2026-07-26 10:00,838.83,943.67,810.67,943.67,800.33,905.33,,845.67,855.17,902.17,946.17,826.5,983.33,946.33,771.33,748.0,949.0,842.33,882.5,,,,,,
2026-07-26 11:00,892.67,967.5,975.17,941.5,851.83,962.0,,957.67,943.33,959.17,960.0,867.83,1063.0,1002.5,780.17,1010.5,991.5,891.5,802.17,,,,,,
2026-07-26 12:00,1006.0,900.0,997.0,1000.33,907.17,953.0,,974.83,924.5,959.5,994.83,997.67,,999.17,819.67,1015.83,992.17,942.17,822.0,,,,,,
2026-07-26 13:00,955.83,821.67,929.5,923.17,916.17,896.83,,923.17,850.0,881.5,941.83,960.33,,937.0,835.33,929.83,921.33,883.83,793.8,,,,,,
2026-07-26 14:00,852.83,808.17,810.0,839.67,772.17,782.17,,816.33,781.5,747.33,814.5,811.5,,822.17,702.5,763.17,795.17,734.17,808.67,,,,,,
2026-07-26 15:00,666.33,616.17,632.33,,621.0,605.5,,647.67,620.33,567.83,649.0,502.0,,634.0,477.67,629.17,627.67,539.33,640.67,,,,,,
2026-07-26 16:00,446.83,380.17,422.17,,405.33,388.33,,434.33,415.67,360.83,441.67,407.17,,437.0,394.5,434.5,415.83,285.0,431.33,,,,,,
2026-07-26 17:00,217.17,200.67,163.5,,185.67,176.33,,215.17,,101.0,215.83,204.67,,221.67,213.83,181.33,199.67,111.0,206.33,,,,,,
2026-07-26 18:00,37.67,35.0,15.83,,16.17,26.17,,40.67,,14.67,40.0,38.5,,35.67,34.33,29.17,37.17,26.5,32.33,,,,,,
2026-07-26 19:00,0.0,0.0,0.0,0.0,0.0,0.0,,0.0,,0.0,0.0,0.0,,0.0,0.0,0.0,0.0,0.0,0.0,,,,,,
2026-07-26 20:00,0.0,0.0,0.0,0.0,0.0,0.0,,0.0,,0.0,0.0,0.0,,0.0,0.0,0.0,0.0,0.0,0.0,,,,,,
2026-07-26 21:00,0.0,0.0,0.0,0.0,0.0,0.0,,0.0,,0.0,0.0,0.0,,0.0,0.0,0.0,0.0,0.0,0.0,,,,,,
2026-07-26 22:00,0.0,0.0,0.0,0.0,0.0,0.0,,0.0,,0.0,0.0,0.0,,0.0,0.0,0.0,0.0,0.0,0.0,,,,,,
2026-07-26 23:00,0.0,0.0,0.0,0.0,0.0,0.0,,0.0,,0.0,0.0,0.0,,0.0,0.0,0.0,0.0,0.0,0.0,,,,,,
2026-07-27 00:00,0.0,0.0,0.0,0.0,0.0,0.0,,0.0,,0.0,0.0,0.0,,0.0,0.0,0.0,0.0,0.0,0.0,,,,,,
2026-07-27 01:00,0.0,0.0,0.0,0.0,0.0,0.0,,0.0,,0.0,0.0,0.0,,0.0,0.0,0.0,0.0,0.0,0.0,,,,,,
2026-07-27 02:00,0.0,0.0,0.0,0.0,0.0,0.0,,0.0,,0.0,0.0,0.0,,0.0,0.0,0.0,0.0,0.0,0.0,,,,,,
2026-07-27 03:00,0.0,0.0,0.0,0.0,0.0,0.0,,0.0,,0.0,0.0,0.0,,0.0,0.0,0.0,0.0,0.0,0.0,,,,,,
2026-07-27 04:00,0.17,0.33,0.0,0.17,0.17,0.0,,0.0,,0.0,0.17,0.0,,0.17,0.0,0.5,0.17,0.17,0.0,,,,,,
2026-07-27 05:00,58.5,65.83,24.0,43.5,25.5,37.0,,46.5,,31.33,33.67,46.83,,37.33,27.67,56.17,59.67,54.5,38.0,,,,,,
2026-07-27 06:00,253.67,266.17,213.67,217.83,190.33,207.0,,225.0,,198.5,201.5,229.17,,226.83,116.17,224.5,245.5,229.83,216.0,,,,,,
2026-07-27 07:00,471.83,469.0,422.83,475.67,422.17,429.5,,425.33,403.0,421.5,450.0,447.0,,421.33,452.67,437.17,460.83,412.83,454.67,,,,,,
2026-07-27 08:00,676.0,654.33,618.83,682.33,635.5,639.67,,592.0,606.17,636.33,672.67,634.33,,666.0,667.0,646.5,659.5,591.67,653.33,,,,,,
2026-07-27 09:00,832.33,782.33,767.5,835.33,799.17,810.5,,642.33,786.33,813.0,827.83,827.5,,717.67,814.5,800.0,819.0,754.83,834.0,,,,,,
2026-07-27 10:00,926.83,928.0,778.5,949.83,911.0,927.83,,940.0,906.0,927.17,851.0,922.0,,949.83,921.5,904.5,928.0,865.17,957.83,,,,,,
2026-07-27 11:00,971.5,949.83,782.67,1007.5,955.33,981.5,,985.33,978.17,978.67,932.5,987.83,,998.83,968.67,965.17,977.5,929.83,1017.5,,,,,,
2026-07-27 12:00,773.33,885.0,939.67,1000.0,924.67,972.33,,1006.0,984.0,973.83,997.5,987.5,,995.67,952.83,990.17,978.67,930.33,1012.5,,,,,,
2026-07-27 13:00,928.0,804.33,916.5,926.67,882.83,908.5,,954.0,914.5,900.5,932.17,933.0,,929.17,890.83,913.83,904.0,869.83,929.17,,,,,,
2026-07-27 14:00,810.5,781.67,795.67,834.33,757.33,791.17,,830.17,795.33,760.83,807.0,815.33,,806.5,773.0,758.67,777.0,737.17,792.33,,,,,,
2026-07-27 15:00,630.17,592.17,612.33,,581.67,621.33,,655.17,628.83,585.5,638.17,638.0,,627.83,609.67,624.67,614.17,532.83,634.67,,,,,,
2026-07-27 16:00,428.5,363.5,403.67,,394.0,414.17,,441.67,420.67,386.33,433.0,426.67,,432.5,420.17,421.83,413.33,278.17,432.67,,,,,,
2026-07-27 17:00,208.17,183.67,150.83,,175.83,190.83,,218.17,,103.33,208.0,198.5,,216.0,211.0,171.67,194.83,109.83,208.33,,,,,,
2026-07-27 18:00,36.33,32.83,15.5,,16.5,26.33,,37.0,,13.67,39.0,36.0,,33.83,33.5,29.33,36.5,27.67,33.0,,,,,,
2026-07-27 19:00,0.0,0.0,0.0,0.0,0.0,0.0,,0.0,,0.0,0.0,0.0,,0.0,0.0,0.0,0.0,0.0,0.0,,,,,,
2026-07-27 20:00,0.0,0.0,0.0,0.0,0.0,0.0,,0.0,,0.0,0.0,0.0,,0.0,0.0,0.0,0.0,0.0,0.0,,,,,,
2026-07-27 21:00,0.0,0.0,0.0,0.0,0.0,0.0,,0.0,,0.0,0.0,0.0,,0.0,0.0,0.0,0.0,0.0,0.0,,,,,,
2026-07-27 22:00,0.0,0.0,0.0,0.0,0.0,0.0,,0.0,,0.0,0.0,0.0,,0.0,0.0,0.0,0.0,0.0,0.0,,,,,,
2026-07-27 23:00,0.0,0.0,0.0,0.0,0.0,0.0,,0.0,,0.0,0.0,0.0,,0.0,0.0,0.0,0.0,0.0,0.0,,,,,,
2026-07-28 00:00,0.0,0.0,0.0,0.0,0.0,0.0,,0.0,,0.0,0.0,0.0,,0.0,0.0,0.0,0.0,0.0,0.0,,,,,,
2026-07-28 01:00,0.0,0.0,0.0,0.0,0.0,0.0,,0.0,,0.0,0.0,0.0,,0.0,0.0,0.0,0.0,0.0,0.0,,,,,,
2026-07-28 02:00,0.0,0.0,0.0,0.0,0.0,0.0,,0.0,,0.0,0.0,0.0,,0.0,0.0,0.0,0.0,0.0,0.0,,,,,,
2026-07-28 03:00,0.0,0.0,0.0,0.0,0.0,0.0,,0.0,,0.0,0.0,0.0,,0.0,0.0,0.0,0.0,0.0,0.0,,,,,,
2026-07-28 04:00,0.17,0.17,0.17,0.17,0.0,0.0,,0.0,,0.0,0.0,0.0,,0.0,0.0,0.5,0.17,0.0,0.0,,,,,,
2026-07-28 05:00,60.33,69.17,21.17,48.33,21.5,37.0,,46.83,,31.5,24.5,45.67,,32.5,60.5,53.17,59.67,57.17,27.33,,,,,,
2026-07-28 06:00,263.17,267.33,224.33,231.0,197.0,209.0,,216.67,,207.83,251.0,225.83,,231.5,250.67,228.0,252.67,244.33,219.83,,,,,,
2026-07-28 07:00,483.17,480.33,438.83,475.67,436.17,435.67,,437.5,434.17,431.83,473.0,475.83,,414.83,464.33,446.83,473.0,433.67,460.17,,,,,,
2026-07-28 08:00,683.33,673.33,639.67,692.83,645.17,647.33,,583.33,672.67,646.0,672.83,641.33,,648.83,670.17,660.33,674.5,611.67,673.5,,,,,,
2026-07-28 09:00,840.0,809.67,791.33,856.17,809.0,814.5,,836.83,793.33,823.17,840.67,815.67,,814.5,833.0,818.0,839.17,777.17,842.83,,,,,,
2026-07-28 10:00,939.83,952.17,909.17,960.5,915.5,934.0,,906.0,909.0,938.5,954.17,920.67,,939.17,931.0,930.83,947.67,881.33,961.67,,,,,,
2026-07-28 11:00,983.0,963.5,991.67,1015.83,961.0,991.17,,1011.33,972.0,989.17,1010.17,989.67,,1000.17,977.17,995.67,987.83,936.0,1026.67,,,,,,
2026-07-28 12:00,1000.83,906.33,1000.0,1011.0,936.5,986.17,,1025.67,973.5,991.67,1003.5,995.5,,998.17,966.33,1005.5,991.17,938.17,1026.17,,,,,,
2026-07-28 13:00,946.83,825.67,936.83,940.17,898.83,928.17,,962.33,910.67,919.17,934.67,939.67,,930.33,904.83,913.83,922.0,870.83,950.17,,,,,,
2026-07-28 14:00,831.83,806.67,817.83,859.0,779.17,809.0,,835.33,803.83,787.5,808.17,822.5,,810.83,792.5,756.67,800.0,734.17,825.5,,,,,,
2026-07-28 15:00,652.83,610.5,632.5,,609.33,636.67,,659.83,636.17,621.67,640.17,645.33,,627.0,627.0,617.33,631.0,538.33,654.17,,,,,,
2026-07-28 16:00,439.5,371.17,410.33,,415.17,427.5,,445.0,427.0,416.5,430.33,428.67,,431.83,429.83,419.33,415.17,279.83,445.67,,,,,,
2026-07-28 17:00,214.33,192.83,147.17,,193.5,199.17,,216.5,295.0,101.17,198.5,198.5,,216.67,214.33,173.5,192.33,107.17,221.5,,,,,,
2026-07-28 18:00,34.83,33.17,15.83,,12.33,26.83,,34.67,,9.5,35.17,36.0,,31.0,33.33,26.67,33.83,24.83,37.33,,,,,,
2026-07-28 19:00,0.0,0.0,0.0,0.0,0.0,0.0,,0.0,,0.0,0.0,0.0,,0.0,0.0,0.0,0.0,0.0,0.0,,,,,,
2026-07-28 20:00,0.0,0.0,0.0,0.0,0.0,0.0,,0.0,,0.0,0.0,0.0,,0.0,0.0,0.0,0.0,0.0,0.0,,,,,,
2026-07-28 21:00,0.0,0.0,0.0,0.0,0.0,0.0,,0.0,,0.0,0.0,0.0,,0.0,0.0,0.0,0.0,0.0,0.0,,,,,,
2026-07-28 22:00,0.0,0.0,0.0,0.0,0.0,0.0,,0.0,,0.0,0.0,0.0,,0.0,0.0,0.0,0.0,0.0,0.0,,,,,,
2026-07-28 23:00,0.0,0.0,0.0,0.0,0.0,0.0,,0.0,,0.0,0.0,0.0,,0.0,0.0,0.0,0.0,0.0,0.0,,,,,,
2026-07-29 00:00,0.0,0.0,0.0,0.0,0.0,0.0,,0.0,,0.0,0.0,0.0,,0.0,0.0,0.0,0.0,0.0,0.0,,,,,,
2026-07-29 01:00,0.0,0.0,0.0,0.0,0.0,0.0,,0.0,,0.0,0.0,0.0,,0.0,0.0,0.0,0.0,0.0,0.0,,,,,,
2026-07-29 02:00,0.0,0.0,0.0,0.0,0.0,0.0,,0.0,,0.0,0.0,0.0,,0.0,0.0,0.0,0.0,0.0,0.0,,,,,,
2026-07-29 03:00,0.0,0.0,0.0,0.0,0.0,0.0,,0.0,,0.0,0.0,0.0,,0.0,0.0,0.0,0.0,0.0,0.0,,,,,,
2026-07-29 04:00,0.17,0.17,0.17,0.0,0.0,0.0,,0.0,,0.0,0.0,0.0,,0.0,0.0,0.17,0.17,0.0,0.0,,,,,,
2026-07-29 05:00,27.67,63.67,27.0,44.33,22.5,41.83,,50.0,,33.67,36.33,35.33,,32.33,47.67,53.17,23.0,49.17,47.67,,,,,,
2026-07-29 06:00,165.33,254.83,197.83,226.83,193.5,227.33,,219.0,,229.67,235.83,221.33,,206.83,237.83,220.33,103.83,228.0,236.17,,,,,,
2026-07-29 07:00,465.5,463.17,330.83,466.17,431.33,457.5,,424.5,453.25,460.33,500.83,442.33,,431.17,459.83,433.17,378.0,419.33,456.5,,,,,,
2026-07-29 08:00,674.33,650.33,525.33,676.0,641.83,669.17,,632.83,640.0,677.0,596.5,644.67,,628.33,655.0,642.33,605.0,582.0,668.5,,,,,,
2026-07-29 09:00,814.33,786.5,748.17,832.67,805.33,842.17,,814.0,789.83,856.83,818.83,798.0,,798.0,811.17,798.83,809.67,759.5,843.83,,,,,,
2026-07-29 10:00,912.0,937.33,868.67,944.17,911.67,962.0,,929.33,895.5,974.17,923.5,907.33,,914.33,916.67,911.0,926.17,858.0,964.33,,,,,,
2026-07-29 11:00,952.0,949.67,948.0,1003.0,953.0,1014.33,,988.33,968.17,1027.67,981.67,960.0,,976.17,963.17,981.0,973.67,909.67,1022.33,,,,,,
2026-07-29 12:00,964.0,885.17,943.33,997.67,929.67,1006.67,,999.33,987.67,1025.33,983.83,958.5,,978.83,958.5,983.33,974.67,912.83,1020.83,,,,,,
2026-07-29 13:00,873.5,803.17,898.5,924.17,895.5,947.0,,940.67,912.67,941.33,916.67,909.5,,913.83,883.33,877.83,900.67,847.0,949.83,,,,,,
2026-07-29 14:00,806.0,780.5,785.33,797.0,768.67,828.67,,814.33,784.17,802.5,792.67,798.33,,789.17,769.17,731.67,771.83,713.17,819.67,,,,,,
2026-07-29 15:00,620.5,587.5,611.0,407.5,590.83,656.0,,642.83,617.83,627.5,625.17,626.33,,602.33,609.33,596.5,595.67,521.5,635.0,,,,,,
2026-07-29 16:00,413.5,357.67,396.17,268.17,392.67,438.33,,387.0,411.17,422.33,415.33,409.67,,411.17,407.33,400.5,395.17,272.17,428.83,,,,,,
2026-07-29 17:00,191.0,179.33,142.83,44.67,176.0,203.0,,206.17,282.0,104.67,187.67,184.83,,198.5,192.0,161.33,181.33,105.83,205.0,,,,,,
2026-07-29 18:00,29.67,28.83,16.67,13.33,14.17,24.17,,33.0,,8.33,31.33,31.33,,28.33,26.33,25.17,28.67,22.33,32.0,,,,,,
2026-07-29 19:00,0.0,0.0,0.0,0.0,0.0,0.0,,0.0,,0.0,0.0,0.0,,0.0,0.0,0.0,0.0,0.0,0.0,,,,,,
2026-07-29 20:00,0.0,0.0,0.0,0.0,0.0,0.0,,0.0,,0.0,0.0,0.0,,0.0,0.0,0.0,0.0,0.0,0.0,,,,,,
2026-07-29 21:00,0.0,0.0,0.0,0.0,0.0,0.0,,0.0,,0.0,0.0,0.0,,0.0,0.0,0.0,0.0,0.0,0.0,,,,,,
2026-07-29 22:00,0.0,0.0,0.0,0.0,0.0,0.0,,0.0,,0.0,0.0,0.0,,0.0,0.0,0.0,0.0,0.0,0.0,,,,,,
2026-07-29 23:00,0.0,0.0,0.0,0.0,0.0,0.0,,0.0,,0.0,0.0,0.0,,0.0,0.0,0.0,0.0,0.0,0.0,,,,,,
2026-07-30 00:00,0.0,0.0,0.0,0.0,0.0,0.0,,0.0,,0.0,0.0,0.0,,0.0,0.0,0.0,0.0,0.0,0.0,,,,,,
2026-07-30 01:00,0.0,0.0,0.0,0.0,0.0,0.0,,0.0,,0.0,0.0,0.0,,0.0,0.0,0.0,0.0,0.0,0.0,,,,,,
2026-07-30 02:00,0.0,0.0,0.0,0.0,0.0,0.0,,0.17,,0.0,0.0,0.0,,0.0,0.0,0.0,0.0,0.0,0.0,,,,,,
2026-07-30 03:00,0.0,0.0,0.0,0.0,0.0,0.0,,0.33,,0.0,0.0,0.0,,0.0,0.0,0.0,0.0,0.0,0.0,,,,,,
2026-07-30 04:00,0.17,0.0,0.0,0.0,0.0,0.0,,0.33,,0.0,0.17,0.0,,0.0,0.0,0.17,0.17,0.0,0.0,,,,,,
2026-07-30 05:00,46.17,62.67,22.67,44.0,23.83,38.67,,16.83,,32.0,34.0,24.5,,32.0,45.33,48.33,30.5,46.83,44.17,,,,,,
2026-07-30 06:00,227.83,249.17,196.33,227.5,188.67,217.5,,80.0,,217.0,234.0,155.17,,172.33,235.17,210.5,146.5,220.83,227.83,,,,,,
2026-07-30 07:00,442.17,457.5,409.5,464.83,422.0,443.83,,363.33,461.2,439.33,417.5,413.17,,365.17,455.0,422.33,387.67,406.67,451.17,,,,,,
2026-07-30 08:00,647.17,646.33,609.33,677.17,630.5,649.83,,650.0,631.67,653.33,656.5,643.5,,637.0,651.83,634.17,643.5,589.33,664.0,,,,,,
2026-07-30 09:00,806.17,780.83,771.67,840.5,795.17,821.0,,820.67,783.17,828.17,820.0,798.67,,805.17,814.17,791.0,811.0,754.67,838.17,,,,,,
2026-07-30 10:00,906.17,930.0,886.83,953.0,904.5,937.0,,933.0,891.67,938.17,934.83,908.0,,932.33,921.5,904.0,923.5,864.5,961.0,,,,,,
2026-07-30 11:00,954.17,945.83,971.17,1004.33,943.67,989.17,,985.33,964.83,998.33,999.67,962.17,,992.17,969.5,976.83,974.83,919.17,1018.5,,,,,,
2026-07-30 12:00,975.67,894.0,982.5,994.67,926.33,978.67,,1001.67,981.5,996.5,997.33,976.5,,989.83,955.5,981.33,973.83,918.83,1016.67,,,,,,
2026-07-30 13:00,936.0,814.17,919.33,924.5,886.33,920.33,,942.0,908.67,913.33,931.17,927.5,,925.0,885.0,902.33,906.17,862.83,949.83,,,,,,
2026-07-30 14:00,833.17,788.0,799.83,800.67,762.0,800.33,,827.5,791.33,777.67,802.33,809.83,,803.5,779.83,753.0,775.17,728.0,800.67,,,,,,
2026-07-30 15:00,641.33,600.17,616.67,404.5,594.0,629.0,,656.5,625.0,601.83,626.0,632.33,,613.33,615.5,609.0,599.17,525.83,631.17,,,,,,
2026-07-30 16:00,421.5,368.17,401.83,251.33,397.33,416.33,,442.5,422.33,403.0,418.33,414.0,,419.5,418.33,407.83,392.33,271.5,429.17,,,,,,
2026-07-30 17:00,196.17,188.17,142.67,41.17,176.33,190.67,,213.33,292.0,96.83,197.33,188.0,,204.33,203.33,164.0,180.33,104.83,208.0,,,,,,
2026-07-30 18:00,29.5,30.83,14.83,12.33,14.83,22.5,,29.67,,10.0,31.0,30.83,,27.67,27.67,24.17,27.17,21.67,32.33,,,,,,
2026-07-30 19:00,0.0,0.0,0.0,0.0,0.0,0.0,,0.0,,0.0,0.0,0.0,,0.0,0.0,0.0,0.0,0.0,0.0,,,,,,
2026-07-30 20:00,0.0,0.0,0.0,0.0,0.0,0.0,,0.0,,0.0,0.0,0.0,,0.0,0.0,0.0,0.0,0.0,0.0,,,,,,
2026-07-30 21:00,0.0,0.0,0.0,0.0,0.0,0.0,,0.0,,0.0,0.0,0.0,,0.0,0.0,0.0,0.0,0.0,0.0,,,,,,
2026-07-30 22:00,0.0,0.0,0.0,0.0,0.0,0.0,,0.0,,0.0,0.0,0.0,,0.0,0.0,0.0,0.0,0.0,0.0,,,,,,
2026-07-30 23:00,0.0,0.0,0.0,0.0,0.0,0.0,,0.0,,0.0,0.0,0.0,,0.0,0.0,0.0,0.0,0.0,0.0,,,,,,
2026-07-31 00:00,0.0,0.0,0.0,0.0,0.0,0.0,,0.0,,0.0,0.0,0.0,,0.0,0.0,0.0,0.0,0.0,0.0,,,,,,
2026-07-31 01:00,0.0,0.0,0.0,0.0,0.0,0.0,,0.0,,0.0,0.0,0.0,,0.0,0.0,0.0,0.0,0.0,0.0,,,,,,
2026-07-31 02:00,0.0,0.0,0.0,0.0,0.0,0.0,,0.0,,0.0,0.0,0.0,,0.0,0.0,0.0,0.0,0.0,0.0,,,,,,
2026-07-31 03:00,0.0,0.0,0.0,0.0,0.0,0.0,,0.0,,0.0,0.0,0.0,,0.0,0.0,0.0,0.0,0.0,0.0,,,,,,
2026-07-31 04:00,0.0,0.0,0.0,0.0,0.0,0.0,,0.17,,0.0,0.0,0.0,,0.17,0.0,0.17,0.17,0.0,0.0,,,,,,
2026-07-31 05:00,34.83,63.33,23.5,42.83,22.33,36.33,,39.67,,30.0,35.0,36.33,,45.17,43.17,48.5,50.5,48.0,41.33,,,,,,
2026-07-31 06:00,215.83,258.67,211.0,224.0,186.67,208.33,,211.83,,205.17,248.0,211.0,,181.83,229.5,205.5,213.33,226.0,219.17,,,,,,
2026-07-31 07:00,461.0,468.33,425.0,457.33,419.83,432.83,,413.17,451.0,426.17,462.67,431.33,,426.67,443.17,428.67,452.67,414.0,442.33,,,,,,
2026-07-31 08:00,662.33,655.0,617.83,657.33,630.17,641.83,,627.67,620.0,640.17,639.67,625.17,,623.33,635.67,643.83,652.67,587.5,647.5,,,,,,
2026-07-31 09:00,818.5,789.33,761.83,811.0,792.83,809.0,,803.17,767.0,815.17,805.33,784.5,,785.5,790.33,797.17,817.5,755.0,815.67,,,,,,
2026-07-31 10:00,919.67,938.17,886.83,914.17,893.0,923.0,,920.0,871.5,930.33,910.0,896.67,,901.83,891.17,909.17,931.83,861.0,936.33,,,,,,
2026-07-31 11:00,957.5,956.67,955.0,966.33,937.17,973.5,,966.5,939.5,981.33,909.0,933.5,,960.83,934.5,977.67,983.5,915.83,994.83,,,,,,
2026-07-31 12:00,960.33,903.0,965.33,964.83,911.0,962.83,,964.67,964.17,977.0,968.67,933.83,,961.5,925.5,972.33,981.67,912.17,990.17,,,,,,
2026-07-31 13:00,905.17,822.0,911.5,902.83,867.33,900.83,,907.17,900.0,896.67,907.0,894.83,,900.0,859.83,869.17,899.0,830.33,926.33,,,,,,
2026-07-31 14:00,801.33,787.17,784.33,771.0,743.67,782.67,,795.33,746.17,767.83,779.5,775.5,,780.0,748.0,728.33,760.33,699.33,799.83,,,,,,
2026-07-31 15:00,622.83,585.67,604.83,388.17,565.17,614.0,,632.0,595.83,593.83,607.67,607.33,,594.33,591.0,586.67,586.33,510.83,604.17,,,,,,
2026-07-31 16:00,411.67,349.33,391.17,225.17,375.83,401.5,,426.5,400.33,384.5,405.33,402.0,,402.0,396.83,389.67,377.33,265.83,403.17,,,,,,
2026-07-31 17:00,188.5,173.83,133.83,43.67,158.17,178.17,,202.33,247.5,95.33,190.17,178.33,,193.67,188.33,155.17,174.5,102.67,192.83,,,,,,
2026-07-31 18:00,27.0,27.17,14.5,12.17,13.83,22.5,,24.83,,11.33,29.17,28.0,,25.5,24.67,22.83,25.33,20.5,29.0,,,,,,
2026-07-31 19:00,0.0,0.0,0.0,0.0,0.0,0.0,,0.0,,0.0,0.0,0.0,,0.0,0.0,0.0,0.0,0.0,0.0,,,,,,
2026-07-31 20:00,0.0,0.0,0.0,0.0,0.0,0.0,,0.0,,0.0,0.0,0.0,,0.0,0.0,0.0,0.0,0.0,0.0,,,,,,
2026-07-31 21:00,0.0,0.0,0.0,0.0,0.0,0.0,,0.0,,0.0,0.0,0.0,,0.0,0.0,0.0,0.0,0.0,0.0,,,,,,
2026-07-31 22:00,0.0,0.0,0.0,0.0,0.0,0.0,,0.0,,0.0,0.0,0.0,,0.0,0.0,0.0,0.0,0.0,0.0,,,,,,
2026-07-31 23:00,0.0,0.0,0.0,0.0,0.0,0.0,,0.0,,0.0,0.0,0.0,,0.0,0.0,0.0,0.0,0.0,0.0,,,,,,
2026-08-01 00:00,0.0,,0.0,0.0,0.0,0.0,,0.0,,0.0,0.0,0.0,,0.0,0.0,0.0,0.0,,0.0,,,,,,
2026-08-01 01:00,0.0,,0.0,0.0,0.0,0.0,,0.0,,0.0,0.0,0.0,,0.0,0.0,0.0,0.0,,0.0,,,,,,
2026-08-01 02:00,0.0,,0.0,0.0,0.0,0.0,,0.0,,0.0,0.0,0.0,,0.0,0.0,0.0,0.0,,0.0,,,,,,
2026-08-01 03:00,0.0,,0.0,0.0,0.0,0.0,,0.0,,0.0,0.0,0.0,,0.0,0.0,0.0,0.0,,0.0,,,,,,
2026-08-01 04:00,0.0,,0.0,0.0,0.0,0.0,,0.0,,0.0,0.0,0.0,,0.0,0.0,0.17,0.0,,0.0,,,,,,
2026-08-01 05:00,48.17,,23.33,39.33,23.33,34.17,,37.83,,28.83,32.83,30.83,,31.0,38.33,44.83,48.83,,32.67,,,,,,
2026-08-01 06:00,222.33,,190.33,207.0,181.0,196.5,,200.67,,192.33,209.67,157.0,,201.0,212.33,200.67,223.33,,157.67,,,,,,
2026-08-01 07:00,434.17,,393.0,435.5,408.17,415.67,,418.83,429.2,411.17,411.33,284.5,,407.83,423.83,408.83,430.5,,418.0,,,,,,
2026-08-01 08:00,636.0,,587.5,639.5,617.83,621.5,,620.83,598.67,621.17,631.5,588.67,,610.0,616.67,621.67,629.5,,627.33,,,,,,
2026-08-01 09:00,793.83,,738.83,794.5,780.17,788.83,,789.0,750.17,795.17,795.0,770.67,,774.33,773.83,780.67,791.67,,796.17,,,,,,
2026-08-01 10:00,891.0,,851.67,902.5,888.33,900.17,,909.17,856.67,908.17,895.33,885.0,,896.67,878.0,892.67,906.0,,918.67,,,,,,
2026-08-01 11:00,936.2,,932.6,955.33,932.0,953.0,,947.8,928.33,961.8,948.0,941.8,,964.0,925.2,967.8,955.4,,982.2,,,,,,
2026-08-01 12:00,946.17,,947.33,950.5,902.0,940.17,,957.67,950.0,957.83,958.0,942.5,,960.0,918.5,968.83,935.67,,977.0,,,,,,
2026-08-01 13:00,900.83,,894.5,886.67,859.33,879.5,,907.17,885.0,881.83,896.83,895.33,,894.0,852.83,879.0,884.17,,911.67,,,,,,
2026-08-01 14:00,789.5,,770.83,,731.17,763.17,,790.67,752.83,752.0,770.17,775.0,,771.67,736.33,730.33,749.17,,786.67,,,,,,
2026-08-01 15:00,609.83,,587.5,,558.0,596.33,,620.33,590.67,582.83,594.17,600.83,,584.67,574.5,581.5,573.67,,591.33,,,,,,
2026-08-01 16:00,398.17,,373.83,,361.83,397.33,,413.67,392.67,383.17,390.83,390.67,,391.0,381.17,380.67,368.17,,400.33,,,,,,
2026-08-01 17:00,178.33,,126.67,,148.17,180.33,,192.33,265.0,98.0,181.17,172.0,,183.67,177.0,149.17,169.17,,189.0,,,,,,
2026-08-01 18:00,24.0,,14.67,,14.33,21.17,,24.33,,8.83,26.0,27.0,,24.5,23.0,22.0,24.17,,27.83,,,,,,
2026-08-01 19:00,0.0,,0.0,0.0,0.0,0.0,,0.0,,0.0,0.0,0.0,,0.0,0.0,0.0,0.0,,0.0,,,,,,
2026-08-01 20:00,0.0,,0.0,0.0,0.0,0.0,,0.0,,0.0,0.0,0.0,,0.0,0.0,0.0,0.0,,0.0,,,,,,
2026-08-01 21:00,0.0,,0.0,0.0,0.0,0.0,,0.0,,0.0,0.0,0.0,,0.0,0.0,0.0,0.0,,0.0,,,,,,
2026-08-01 22:00,0.0,,0.0,0.0,0.0,0.0,,0.0,,0.0,0.0,0.0,,0.0,0.0,0.0,0.0,,0.0,,,,,,
2026-08-01 23:00,0.0,,0.0,0.0,0.0,0.0,,0.0,,0.0,0.0,0.0,,0.0,0.0,0.0,0.0,,0.0,,,,,,
2026-08-02 00:00,0.0,,0.0,0.0,0.0,0.0,,0.0,,0.0,0.0,0.0,,0.0,0.0,0.0,0.0,,0.0,,,,,,
2026-08-02 01:00,0.0,,0.0,0.0,0.0,0.0,,0.0,,0.0,0.0,0.0,,0.0,0.0,0.0,0.0,,0.0,,,,,,
2026-08-02 02:00,0.0,,0.0,0.0,0.0,0.0,,0.0,,0.0,0.0,0.0,,0.0,0.0,0.0,0.0,,0.0,,,,,,
2026-08-02 03:00,0.0,,0.0,0.0,0.0,0.0,,0.0,,0.0,0.0,0.0,,0.0,0.0,0.0,0.0,,0.0,,,,,,
2026-08-02 04:00,0.0,,0.0,0.0,0.0,0.0,,0.0,,0.0,0.0,0.0,,0.0,0.0,0.0,0.0,,0.0,,,,,,
2026-08-02 05:00,43.67,,23.5,37.67,23.5,31.33,,36.0,,26.33,25.83,34.83,,30.83,35.83,41.0,45.5,,35.17,,,,,,
2026-08-02 06:00,215.5,,181.17,196.67,173.17,191.83,,195.5,,188.83,207.17,195.0,,195.83,203.67,191.67,215.5,,202.83,,,,,,
2026-08-02 07:00,424.83,,385.17,425.0,390.0,409.83,,411.17,426.4,407.83,423.67,407.17,,396.83,413.17,398.17,421.67,,420.0,,,,,,
2026-08-02 08:00,625.67,,582.5,629.5,595.33,614.83,,613.83,595.83,617.83,624.17,605.0,,590.33,609.17,611.17,620.17,,626.83,,,,,,
2026-08-02 09:00,778.0,,732.17,788.83,755.5,783.33,,773.17,747.5,791.17,787.67,765.83,,762.0,764.67,767.5,785.17,,800.83,,,,,,
2026-08-02 10:00,875.0,,852.5,898.5,865.0,895.17,,899.0,856.0,900.83,891.5,879.17,,884.17,873.83,887.17,898.5,,918.83,,,,,,
2026-08-02 11:00,920.17,,937.17,954.5,909.5,946.5,,965.5,926.83,953.83,944.67,948.17,,952.0,920.67,963.17,948.33,,976.5,,,,,,
2026-08-02 12:00,932.0,,948.17,950.0,889.0,937.67,,978.83,944.67,952.0,960.67,945.5,,949.83,912.33,963.33,950.83,,969.5,,,,,,
2026-08-02 13:00,893.0,,893.67,884.33,848.83,877.67,,915.83,884.0,871.83,897.17,890.5,,886.0,850.17,884.5,886.17,,902.33,,,,,,
2026-08-02 14:00,785.67,,771.0,801.33,728.0,763.67,,791.33,753.0,735.33,770.5,770.33,,765.83,740.0,732.33,758.67,,779.83,,,,,,
2026-08-02 15:00,606.67,,583.5,,562.5,594.0,,620.33,589.17,562.83,593.33,597.83,,581.0,581.17,580.17,575.0,,608.5,,,,,,
2026-08-02 16:00,397.5,,371.5,,363.0,383.17,,413.33,390.67,361.17,390.0,387.5,,386.5,383.0,376.67,373.0,,398.67,,,,,,
2026-08-02 17:00,175.67,,122.83,,149.5,169.33,,192.0,238.5,101.17,176.5,169.0,,181.0,177.0,146.5,168.83,,183.5,,,,,,
2026-08-02 18:00,22.67,,14.33,,13.67,19.83,,24.0,,11.83,24.83,25.33,,23.17,21.0,20.5,22.5,,26.33,,,,,,
2026-08-02 19:00,0.0,,0.0,0.0,0.0,0.0,,0.0,,0.0,0.0,0.0,,0.0,0.0,0.0,0.0,,0.0,,,,,,
2026-08-02 20:00,0.0,,0.0,0.0,0.0,0.0,,0.0,,0.0,0.0,0.0,,0.0,0.0,0.0,0.0,,0.0,,,,,,
2026-08-02 21:00,0.0,,0.0,0.0,0.0,0.0,,0.0,,0.0,0.0,0.0,,0.0,0.0,0.0,0.0,,0.0,,,,,,
2026-08-02 22:00,0.0,,0.0,0.0,0.0,0.0,,0.0,,0.0,0.0,0.0,,0.0,0.0,0.0,0.0,,0.0,,,,,,
2026-08-02 23:00,0.0,,0.0,0.0,0.0,0.0,,0.0,,0.0,0.0,0.0,,0.0,0.0,0.0,0.0,,0.0,,,,,,
2026-08-03 00:00,0.0,,0.0,0.0,0.0,0.0,,0.0,,0.0,0.0,0.0,,0.0,0.0,0.0,0.0,,0.0,,,,,,
2026-08-03 01:00,0.0,,0.0,0.0,0.0,0.0,,0.0,,0.0,0.0,0.0,,0.0,0.0,0.0,0.0,,0.0,,,,,,
2026-08-03 02:00,0.0,,0.0,0.0,0.0,0.0,,0.0,,0.0,0.0,0.0,,0.0,0.0,0.0,0.0,,0.0,,,,,,
2026-08-03 03:00,0.0,,0.0,0.0,0.0,0.0,,0.0,,0.0,0.0,0.0,,0.0,0.0,0.0,0.0,,0.0,,,,,,
2026-08-03 04:00,0.0,,0.0,0.0,0.0,0.0,,0.0,,0.0,0.0,0.0,,0.0,0.0,0.17,0.0,,0.0,,,,,,
2026-08-03 05:00,45.67,,20.83,35.83,22.83,28.67,,33.17,,24.0,22.33,32.83,,30.0,34.17,41.17,47.0,,31.67,,,,,,
2026-08-03 06:00,229.0,,196.83,196.0,173.0,181.83,,184.17,,174.33,209.83,193.17,,197.5,202.67,202.17,226.5,,195.67,,,,,,
2026-08-03 07:00,448.67,,416.0,424.0,396.33,396.17,,401.33,427.2,393.0,441.83,410.5,,407.33,413.17,416.17,436.33,,410.33,,,,,,
2026-08-03 08:00,653.17,,616.0,633.33,606.5,602.83,,609.17,602.17,600.33,639.83,609.17,,602.17,610.5,637.5,637.33,,617.17,,,,,,
2026-08-03 09:00,807.17,,755.5,797.83,775.33,773.67,,776.5,792.83,776.0,812.67,766.33,,767.0,771.0,791.83,805.5,,791.33,,,,,,
2026-08-03 10:00,905.67,,874.33,909.33,884.83,891.83,,876.0,913.83,890.83,912.5,880.83,,892.33,877.33,902.83,920.33,,914.5,,,,,,
2026-08-03 11:00,947.83,,955.5,968.0,928.0,942.17,,949.67,977.67,943.5,964.17,944.17,,961.5,920.33,972.17,964.5,,976.17,,,,,,
2026-08-03 12:00,968.17,,960.33,962.33,905.0,931.83,,970.17,970.67,937.17,979.83,950.0,,965.83,913.5,959.67,953.83,,974.0,,,,,,
2026-08-03 13:00,916.67,,897.17,888.5,865.17,871.33,,912.33,906.67,856.83,909.33,894.0,,898.17,851.0,887.17,881.67,,895.17,,,,,,
2026-08-03 14:00,794.17,,782.83,808.33,752.33,749.83,,791.83,787.5,721.83,783.67,774.5,,774.33,748.33,742.17,753.0,,783.0,,,,,,
2026-08-03 15:00,615.67,,599.17,,581.83,581.5,,620.33,610.17,550.17,602.83,602.17,,586.83,585.17,589.67,577.0,,610.0,,,,,,
2026-08-03 16:00,405.33,,385.83,,380.5,371.33,,409.0,399.33,351.0,394.5,387.17,,387.5,385.17,383.83,367.67,,400.5,,,,,,
2026-08-03 17:00,180.5,,125.5,,150.33,157.83,,184.33,273.0,103.5,178.5,167.33,,181.17,176.17,148.83,162.83,,179.67,,,,,,
2026-08-03 18:00,23.5,,14.0,,12.5,16.83,,22.5,,11.0,26.17,24.17,,22.17,20.83,20.83,22.0,,24.83,,,,,,
2026-08-03 19:00,0.0,,0.0,0.0,0.0,0.0,,0.0,,0.0,0.0,0.0,,0.0,0.0,0.0,0.0,,0.0,,,,,,
2026-08-03 20:00,0.0,,0.0,0.0,0.0,0.0,,0.0,,0.0,0.0,0.0,,0.0,0.0,0.0,0.0,,0.0,,,,,,
2026-08-03 21:00,0.0,,0.0,0.0,0.0,0.0,,0.0,,0.0,0.0,0.0,,0.0,0.0,0.0,0.0,,0.0,,,,,,
2026-08-03 22:00,0.0,,0.0,0.0,0.0,0.0,,0.0,,0.0,0.0,0.0,,0.0,0.0,0.0,0.0,,0.0,,,,,,
2026-08-03 23:00,0.0,,0.0,0.0,0.0,0.0,,0.0,,0.0,0.0,0.0,,0.0,0.0,0.0,0.0,,0.0,,,,,,
2026-08-04 00:00,0.0,,0.0,0.0,0.0,0.0,,0.0,,0.0,0.0,0.0,,0.0,0.0,0.0,0.0,,0.0,,,,,,
2026-08-04 01:00,0.0,,0.0,0.0,0.0,0.0,,0.0,,0.0,0.0,0.0,,0.0,0.0,0.0,0.0,,0.0,,,,,,
2026-08-04 02:00,0.0,,0.0,0.0,0.0,0.0,,0.0,,0.0,0.0,0.0,,0.0,0.0,0.0,0.0,,0.0,,,,,,
2026-08-04 03:00,0.0,,0.0,0.0,0.0,0.0,,0.0,,0.0,0.0,0.0,,0.0,0.0,0.0,0.0,,0.0,,,,,,
2026-08-04 04:00,0.0,,0.0,0.0,0.0,0.0,,0.0,,0.0,0.0,0.0,,0.0,0.0,0.17,0.0,,0.0,,,,,,
2026-08-04 05:00,42.17,,28.33,36.5,24.17,28.83,,26.17,,24.0,27.0,30.33,,29.83,30.67,39.17,45.33,,32.0,,,,,,
2026-08-04 06:00,216.5,,131.0,195.83,172.33,186.0,,147.67,,180.67,197.5,188.0,,181.17,201.33,186.83,215.33,,196.33,,,,,,
2026-08-04 07:00,420.33,,382.83,426.83,388.83,405.83,,384.83,435.4,400.0,371.33,392.17,,410.83,416.5,392.67,424.5,,413.0,,,,,,
2026-08-04 08:00,624.17,,584.0,632.17,592.67,615.67,,613.5,616.17,617.67,613.5,585.67,,598.0,612.83,602.67,624.5,,618.0,,,,,,
2026-08-04 09:00,776.0,,727.5,789.5,754.67,787.0,,774.5,789.5,793.5,793.33,763.83,,762.67,765.17,758.33,788.33,,793.0,,,,,,
2026-08-04 10:00,877.67,,837.0,898.67,862.5,900.83,,895.33,911.5,909.33,894.33,874.0,,884.67,873.0,870.33,898.0,,917.5,,,,,,
2026-08-04 11:00,914.83,,909.17,958.17,904.33,947.83,,945.0,970.5,962.17,946.0,935.17,,947.33,921.5,945.83,944.33,,984.0,,,,,,
2026-08-04 12:00,922.0,,920.17,951.67,887.17,937.83,,971.33,966.5,953.0,955.67,941.33,,951.83,912.0,934.0,941.5,,982.17,,,,,,
2026-08-04 13:00,873.33,,867.17,887.0,843.0,880.0,,914.33,884.17,869.17,888.0,886.17,,891.0,848.83,862.33,873.17,,911.33,,,,,,
2026-08-04 14:00,770.33,,756.67,,719.0,768.33,,791.17,779.33,739.33,765.33,765.17,735.33,766.17,735.33,728.33,744.17,,769.0,,,,,,
2026-08-04 15:00,594.5,,580.67,,546.33,599.67,,619.17,603.0,571.17,593.83,593.33,611.33,578.67,569.83,569.83,568.5,,604.5,,,,,,
2026-08-04 16:00,388.5,,370.17,,361.5,388.83,,410.0,393.33,371.33,386.83,382.33,403.67,382.67,377.33,370.0,363.0,,398.83,,,,,,
2026-08-04 17:00,172.83,,122.5,,140.5,168.67,,188.0,268.0,108.83,171.33,166.83,186.33,178.33,170.0,141.0,158.17,,179.83,,,,,,
2026-08-04 18:00,22.17,,13.0,0.0,12.5,18.0,,21.17,,9.83,24.17,24.33,26.67,21.0,19.0,19.5,20.0,,24.33,,,,,,
2026-08-04 19:00,0.0,,0.0,0.0,0.0,0.0,,0.0,,0.0,0.0,0.0,0.0,0.0,0.0,0.0,0.0,,0.0,,,,,,
2026-08-04 20:00,0.0,,0.0,0.0,0.0,0.0,,0.0,,0.0,0.0,0.0,0.0,0.0,0.0,0.0,0.0,,0.0,,,,,,
2026-08-04 21:00,0.0,,0.0,0.0,0.0,0.0,,0.0,,0.0,0.0,0.0,0.0,0.0,0.0,0.0,0.0,,0.0,,,,,,
2026-08-04 22:00,0.0,,0.0,0.0,0.0,0.0,,0.0,,0.0,0.0,0.0,0.0,0.0,0.0,0.0,0.0,,0.0,,,,,,
2026-08-04 23:00,0.0,,0.0,0.0,0.0,0.0,,0.0,,0.0,0.0,0.0,0.0,0.0,0.0,0.0,0.0,,0.0,,,,,,
2026-08-05 00:00,0.0,,0.0,0.0,0.0,0.0,0.0,0.0,,0.0,0.0,0.0,0.0,0.0,0.0,0.0,0.0,,0.0,,,,,,
2026-08-05 01:00,0.0,,0.0,0.0,0.0,0.0,0.0,0.0,,0.0,0.0,0.0,0.0,0.0,0.0,0.0,0.0,,0.0,,,,,,
2026-08-05 02:00,0.0,,0.0,0.0,0.0,0.0,0.0,0.0,,0.0,0.0,0.0,0.0,0.0,0.0,0.0,0.0,,0.0,,,,,,
2026-08-05 03:00,0.0,,0.0,0.0,0.0,0.0,0.0,0.0,,0.0,0.0,0.0,0.0,0.0,0.0,0.0,0.0,,0.0,,,,,,
2026-08-05 04:00,0.0,,0.0,0.0,0.0,0.0,0.0,0.0,,0.0,0.0,0.0,0.0,0.0,0.0,0.17,0.0,,0.0,,,,,,
2026-08-05 05:00,38.67,,21.67,37.67,21.83,29.17,23.83,35.0,,23.33,26.67,29.0,31.5,29.0,35.5,39.17,41.0,,32.5,,,,,,
2026-08-05 06:00,217.33,,184.5,208.83,174.5,187.67,139.83,192.67,,180.0,205.33,192.83,196.33,198.17,209.5,194.83,204.0,,192.17,,,,,,
2026-08-05 07:00,428.33,,401.5,441.0,401.5,405.67,386.0,417.67,430.67,392.33,430.33,394.67,414.83,403.33,425.17,400.0,426.5,,426.5,,,,,,
2026-08-05 08:00,630.67,,596.67,645.0,604.5,608.67,596.5,617.83,638.17,599.0,609.5,634.33,612.83,613.67,622.17,612.33,631.0,,633.83,,,,,,
2026-08-05 09:00,790.5,,739.0,805.83,766.67,774.17,775.33,795.0,807.83,774.33,804.83,774.67,797.17,769.67,779.83,775.17,796.17,,811.83,,,,,,
2026-08-05 10:00,888.33,,854.33,919.0,871.17,898.0,911.33,902.5,930.5,884.5,909.17,892.17,914.83,894.33,882.33,885.5,906.33,,927.17,,,,,,
2026-08-05 11:00,932.33,,935.33,989.5,918.17,954.33,986.67,961.5,986.17,939.5,962.33,952.33,981.17,950.5,930.17,963.5,958.5,,986.5,,,,,,
2026-08-05 12:00,953.0,,957.67,989.33,894.17,949.67,995.17,970.17,972.67,932.5,976.5,947.0,981.5,951.67,926.17,965.17,960.5,,995.83,,,,,,
2026-08-05 13:00,909.83,,903.17,919.2,847.67,898.0,939.33,914.67,882.17,850.5,908.0,893.83,917.0,893.67,862.67,849.67,887.33,,925.33,,,,,,
2026-08-05 14:00,798.5,,781.0,,722.5,769.33,815.83,799.17,770.17,706.83,778.17,777.33,794.67,773.0,740.5,741.17,754.17,,783.83,,,,,,
2026-08-05 15:00,620.67,,593.0,,550.5,588.5,645.67,631.5,605.33,536.83,593.17,604.67,619.0,586.0,576.83,584.33,573.33,,606.17,,,,,,
2026-08-05 16:00,404.17,,381.17,,355.83,380.83,432.83,423.17,400.83,346.67,386.33,390.5,408.67,392.83,381.5,376.17,358.67,,402.17,,,,,,
2026-08-05 17:00,177.33,,122.67,,134.5,166.5,201.67,192.17,233.0,112.0,174.0,168.83,189.67,181.17,175.0,145.5,156.67,,183.33,,,,,,
2026-08-05 18:00,22.0,,11.67,,11.5,18.17,15.83,19.67,,11.17,24.67,23.83,26.0,19.5,19.83,19.17,19.33,,24.83,,,,,,
2026-08-05 19:00,0.0,,0.0,0.0,0.0,0.0,0.0,0.0,,0.0,0.0,0.0,0.0,0.0,0.0,0.0,0.0,,0.0,,,,,,
2026-08-05 20:00,0.0,,0.0,0.0,0.0,0.0,0.0,0.0,,0.0,0.0,0.0,0.0,0.0,0.0,0.0,0.0,,0.0,,,,,,
2026-08-05 21:00,0.0,,0.0,0.0,0.0,0.0,0.0,0.0,,0.0,0.0,0.0,0.0,0.0,0.0,0.0,0.0,,0.0,,,,,,
2026-08-05 22:00,0.0,,0.0,0.0,0.0,0.0,0.0,0.0,,0.0,0.0,0.0,0.0,0.0,0.0,0.0,0.0,,0.0,,,,,,
2026-08-05 23:00,0.0,,0.0,0.0,0.0,0.0,0.0,0.0,,0.0,0.0,0.0,0.0,0.0,0.0,0.0,0.0,,0.0,,,,,,
2026-08-06 00:00,0.0,,0.0,0.0,0.0,0.0,0.0,0.0,,0.0,0.0,0.0,0.0,0.0,0.0,0.0,0.0,,0.0,,,,,,
2026-08-06 01:00,0.0,,0.0,0.0,0.0,0.0,0.0,0.0,,0.0,0.0,0.0,0.0,0.0,0.0,0.0,0.0,,0.0,,,,,,
2026-08-06 02:00,0.0,,0.0,0.0,0.0,0.0,0.0,0.0,,0.0,0.0,0.0,0.0,0.0,0.0,0.17,0.0,,0.0,,,,,,
2026-08-06 03:00,0.0,,0.0,0.0,0.0,0.0,0.0,0.0,,0.0,0.0,0.0,0.0,0.33,0.0,1.0,0.0,,0.0,,,,,,
2026-08-06 04:00,0.0,,0.0,0.0,0.0,0.0,0.0,0.0,,0.0,0.0,0.0,0.0,0.0,0.0,0.67,0.0,,0.0,,,,,,
2026-08-06 05:00,23.33,,22.67,33.83,19.33,27.33,29.5,20.0,,22.17,25.0,22.0,24.67,21.17,23.17,29.0,21.83,,23.33,,,,,,
2026-08-06 06:00,164.33,,145.33,170.83,176.0,185.83,174.5,125.0,,182.0,219.83,118.67,119.0,179.17,150.5,160.17,147.5,,174.17,,,,,,
2026-08-06 07:00,310.67,,327.0,426.17,405.17,406.5,401.33,341.17,339.83,401.17,425.17,354.67,266.17,314.17,335.83,387.67,373.67,,307.33,,,,,,
2026-08-06 08:00,569.5,,515.17,655.0,609.83,614.5,610.17,448.67,436.83,613.5,620.83,400.5,521.0,404.33,635.17,506.0,662.67,,560.0,,,,,,
2026-08-06 09:00,799.83,,754.83,814.67,773.67,785.5,791.17,726.83,823.33,792.5,817.5,777.0,752.83,809.17,787.0,760.33,818.5,,813.83,,,,,,
2026-08-06 10:00,890.33,,872.67,935.83,881.5,901.33,929.83,881.33,918.33,900.33,917.17,854.17,918.0,873.83,886.83,925.33,928.67,,939.5,,,,,,
2026-08-06 11:00,943.33,,954.67,996.33,918.83,960.0,1004.67,985.33,977.17,949.5,967.83,956.33,982.0,970.17,936.33,990.67,977.67,,1000.17,,,,,,
2026-08-06 12:00,958.5,,913.5,993.33,903.0,951.67,1019.0,994.33,972.83,943.0,986.33,952.5,989.83,977.67,936.67,982.67,980.83,,990.5,,,,,,
2026-08-06 13:00,846.33,,808.17,919.33,859.67,896.17,958.83,932.5,882.67,862.5,913.83,907.0,931.5,913.17,861.33,936.0,922.67,,924.33,,,,,,
2026-08-06 14:00,796.33,,761.33,,730.5,769.67,833.83,807.17,782.33,732.17,785.83,787.17,807.33,790.17,756.67,762.33,778.0,,794.33,,,,,,
2026-08-06 15:00,623.67,,591.33,,563.17,596.67,664.0,637.5,616.33,563.0,607.83,609.83,626.33,596.33,598.67,566.67,598.83,,615.67,,,,,,
2026-08-06 16:00,407.67,,383.5,,377.17,390.33,442.0,425.33,408.83,365.83,396.83,395.5,413.0,402.67,399.17,372.17,390.17,,404.67,,,,,,
2026-08-06 17:00,183.83,,120.17,,147.33,171.33,188.17,194.67,,108.83,172.83,169.17,185.0,184.0,190.83,145.17,169.5,,183.83,,,,,,
2026-08-06 18:00,22.83,,9.33,,10.17,18.0,11.83,17.0,,9.17,23.83,21.17,20.5,17.17,21.83,16.67,21.17,,26.0,,,,,,
2026-08-06 19:00,0.0,,0.0,0.0,0.0,0.0,0.0,0.0,,0.0,0.0,0.0,0.0,0.0,0.0,0.0,0.0,,0.0,,,,,,
2026-08-06 20:00,0.0,,0.0,0.0,0.0,0.0,0.0,0.0,,0.0,0.0,0.0,0.0,0.0,0.0,0.0,0.0,,0.0,,,,,,
2026-08-06 21:00,0.0,,0.0,0.0,0.0,0.0,0.0,0.17,,0.0,0.0,0.0,0.0,0.0,0.0,0.0,0.0,,0.0,,,,,,
2026-08-06 22:00,0.0,,0.0,0.0,0.0,0.0,0.0,0.0,,0.0,0.0,0.0,0.0,0.0,0.0,0.0,0.0,,0.0,,,,,,
2026-08-06 23:00,0.0,,0.0,0.0,0.0,0.0,0.0,0.0,,0.0,0.0,0.0,0.0,0.0,0.0,0.0,0.0,,0.0,,,,,,
2026-08-07 00:00,0.0,,0.0,0.0,0.0,0.0,0.0,0.0,,0.0,0.0,0.0,0.0,0.0,0.0,0.0,0.0,,0.0,,,,,,
2026-08-07 01:00,0.0,,0.0,0.0,0.0,0.0,0.0,0.0,,0.0,0.0,0.0,0.0,0.17,0.0,0.0,0.0,,0.0,,,,,,
2026-08-07 02:00,0.0,,0.0,0.0,0.0,0.0,0.0,0.0,,0.0,0.0,0.0,0.0,0.0,0.0,0.0,0.0,,0.0,,,,,,
2026-08-07 03:00,0.0,,0.0,0.0,0.0,0.0,0.0,0.0,,0.0,0.0,0.0,0.0,0.0,0.0,0.0,0.0,,0.0,,,,,,
2026-08-07 04:00,0.0,,0.0,0.0,0.0,0.0,0.0,0.0,,0.0,0.0,0.0,0.0,0.0,0.0,0.0,0.0,,0.0,,,,,,
2026-08-07 05:00,26.17,,20.67,37.83,20.0,27.5,28.17,29.17,,21.5,24.17,23.67,24.33,26.33,30.67,38.5,36.17,,29.5,,,,,,
2026-08-07 06:00,178.5,,180.67,212.83,171.67,193.67,174.5,205.17,216.0,195.33,194.17,198.5,198.83,197.83,221.33,188.17,139.67,,178.67,,,,,,
2026-08-07 07:00,440.0,,379.67,446.83,401.5,420.83,388.67,417.33,382.6,421.33,411.67,392.5,422.17,388.83,438.83,369.83,316.83,,422.33,,,,,,
2026-08-07 08:00,692.67,,534.33,655.33,609.0,629.67,599.83,565.83,631.17,634.83,610.17,636.83,617.83,671.67,633.17,552.0,512.17,,641.33,,,,,,
2026-08-07 09:00,801.83,,745.83,823.5,770.33,807.17,775.0,815.83,821.83,808.5,684.67,784.83,807.67,737.0,792.17,754.17,797.67,,829.83,,,,,,
2026-08-07 10:00,883.83,,853.83,937.33,877.5,922.17,902.67,903.83,931.17,925.33,877.5,894.33,919.5,903.0,892.0,914.83,900.17,,944.83,,,,,,
2026-08-07 11:00,925.17,,936.67,990.67,926.67,982.5,976.0,1004.67,983.67,976.33,946.5,902.0,979.83,965.17,936.67,977.33,953.33,,1009.83,,,,,,
2026-08-07 12:00,936.33,,943.83,986.67,903.33,986.5,988.17,965.33,910.17,974.17,972.17,951.83,968.33,962.0,934.0,965.0,959.0,,1005.17,,,,,,
2026-08-07 13:00,898.33,,878.0,913.67,864.67,929.83,927.67,923.67,865.17,895.33,883.83,892.67,925.17,903.17,870.83,910.17,886.5,,935.83,,,,,,
2026-08-07 14:00,750.33,,749.17,,746.0,801.67,805.5,801.83,795.0,760.33,680.17,767.0,794.67,746.67,738.17,758.0,749.17,,760.33,,,,,,
2026-08-07 15:00,588.0,,568.83,,568.83,625.67,504.83,626.0,607.0,594.33,548.67,602.17,611.0,577.0,590.33,562.33,576.83,,607.5,,,,,,
2026-08-07 16:00,380.0,,354.33,,364.17,409.17,240.17,414.0,397.17,393.67,391.83,381.83,392.5,383.0,380.67,363.67,346.67,,402.33,,,,,,
2026-08-07 17:00,160.67,,110.0,,137.83,175.83,138.67,184.5,269.0,106.33,159.83,160.83,174.83,164.5,172.5,141.67,155.17,,178.83,,,,,,
2026-08-07 18:00,18.67,,10.33,,10.67,16.17,13.33,16.83,,8.67,13.33,18.83,21.33,14.67,17.5,16.83,18.83,,23.0,,,,,,
2026-08-07 19:00,0.0,,0.0,0.0,0.0,0.0,0.0,0.0,,0.0,0.0,0.0,0.0,0.0,0.0,0.0,0.0,,0.0,,,,,,
2026-08-07 20:00,0.0,,0.0,0.0,0.0,0.0,0.0,0.0,,0.0,0.0,0.0,0.0,0.0,0.0,0.0,0.0,,0.0,,,,,,
2026-08-07 21:00,0.0,,0.0,0.0,0.0,0.0,0.0,0.0,,0.0,0.0,0.0,0.0,0.0,0.0,0.0,0.0,,0.0,,,,,,
2026-08-07 22:00,0.0,,0.0,0.0,0.0,0.0,0.0,0.0,,0.0,0.0,0.0,0.0,0.0,0.0,0.0,0.0,,0.0,,,,,,
2026-08-07 23:00,0.0,,0.0,0.0,0.0,0.0,0.0,0.0,,0.0,0.0,0.0,0.0,0.0,0.0,0.0,0.0,,0.0,,,,,,
2026-08-08 00:00,0.0,,0.0,0.0,0.0,0.0,0.0,0.0,,0.0,0.0,0.0,0.0,0.0,0.0,0.0,0.0,,0.0,,,,,,
2026-08-08 01:00,0.0,,0.0,0.0,0.0,0.0,0.0,0.0,,0.0,0.0,0.0,0.0,0.0,0.0,0.0,0.0,,0.0,,,,,,
2026-08-08 02:00,0.0,,0.0,0.0,0.0,0.0,0.0,0.0,,0.0,0.0,0.0,0.0,0.0,0.0,0.0,0.0,,0.0,,,,,,
2026-08-08 03:00,0.0,,0.0,0.0,0.0,0.0,0.0,0.0,,0.0,0.0,0.0,0.0,0.0,0.0,0.0,0.0,,0.0,,,,,,
2026-08-08 04:00,0.0,,0.0,0.0,0.0,0.0,0.0,0.0,,0.0,0.0,0.0,0.0,0.0,0.0,0.17,0.0,,0.0,,,,,,
2026-08-08 05:00,18.5,,21.83,22.5,20.33,29.0,26.17,23.0,,19.17,25.67,29.17,22.67,23.17,16.67,31.83,24.83,,30.67,,,,,,
2026-08-08 06:00,119.0,,148.33,129.0,166.67,199.17,117.5,152.17,,200.33,185.67,170.0,168.33,159.83,95.17,178.5,175.67,,201.33,,,,,,
2026-08-08 07:00,320.83,,295.83,374.33,389.0,426.67,372.0,411.33,429.17,428.83,422.5,376.83,267.5,295.17,386.17,365.67,285.83,,426.0,,,,,,
2026-08-08 08:00,630.5,,471.17,642.33,596.17,636.0,582.17,626.17,628.67,646.17,591.67,541.17,544.83,421.0,622.67,556.17,581.17,,635.83,,,,,,
2026-08-08 09:00,784.67,,692.17,804.83,759.83,805.33,751.0,800.0,800.83,819.33,803.83,724.0,688.5,658.5,774.0,743.17,805.33,,808.67,,,,,,
2026-08-08 10:00,872.17,,836.83,923.33,869.33,923.33,902.5,876.5,911.0,926.5,834.33,848.83,827.67,841.0,877.33,901.33,879.5,,927.5,,,,,,
2026-08-08 11:00,905.83,,916.17,975.83,914.17,978.17,973.33,973.5,960.33,975.0,872.83,931.17,992.33,858.5,925.5,957.83,948.67,,990.67,,,,,,
2026-08-08 12:00,923.0,,917.83,965.17,893.33,969.17,985.17,973.0,944.67,972.5,955.17,932.17,967.83,950.0,912.17,947.33,939.83,,985.17,,,,,,
2026-08-08 13:00,877.17,,864.33,897.83,854.17,911.83,931.33,904.67,869.67,889.83,848.5,869.17,896.17,883.33,859.5,886.83,868.33,,914.0,,,,,,
2026-08-08 14:00,753.83,,730.33,,733.0,785.0,807.33,779.83,765.17,755.17,713.17,745.33,772.5,666.67,740.5,742.33,737.17,,775.67,,,,,,
2026-08-08 15:00,577.67,,558.17,,556.67,611.5,629.83,607.0,591.83,576.83,533.0,581.83,598.5,500.67,570.67,550.33,555.67,,600.5,,,,,,
2026-08-08 16:00,377.0,,342.83,,356.0,396.83,380.83,392.0,377.83,374.83,381.83,360.33,354.17,271.67,374.5,357.17,350.5,,383.5,,,,,,
2026-08-08 17:00,158.0,,121.33,,137.33,167.33,104.0,162.0,259.0,102.0,123.17,132.83,137.0,88.33,162.83,137.33,149.83,,165.83,,,,,,
2026-08-08 18:00,16.67,,16.33,,9.67,14.33,12.17,16.5,,7.67,14.33,14.83,16.0,12.0,16.33,15.33,17.17,,20.17,,,,,,
2026-08-08 19:00,0.0,,0.0,0.0,0.0,0.0,0.0,0.0,,0.0,0.0,0.0,0.0,0.0,0.0,0.0,0.0,,0.0,,,,,,
2026-08-08 20:00,0.0,,0.0,0.0,0.0,0.0,0.0,0.0,,0.0,0.0,0.0,0.0,0.0,0.0,0.0,0.0,,0.0,,,,,,
2026-08-08 21:00,0.0,,0.0,0.0,0.0,0.0,0.0,0.0,,0.0,0.0,0.0,0.0,0.0,0.0,0.0,0.0,,0.0,,,,,,
2026-08-08 22:00,0.0,,0.0,0.0,0.0,0.0,0.0,0.0,,0.0,0.0,0.0,0.0,0.0,0.0,0.0,0.0,,0.0,,,,,,
2026-08-08 23:00,0.0,,0.0,0.0,0.0,0.0,0.0,0.0,,0.0,0.0,0.0,0.0,0.0,0.0,0.0,0.0,,0.0,,,,,,
2026-08-09 00:00,0.0,,0.0,0.0,0.0,0.0,0.0,0.0,,0.0,0.0,0.0,0.0,0.0,0.0,0.0,0.0,,0.0,,,,,,
2026-08-09 01:00,0.0,,0.0,0.0,0.0,0.0,0.0,0.0,,0.0,0.0,0.0,0.0,0.0,0.0,0.0,0.0,,0.0,,,,,,
2026-08-09 02:00,0.0,,0.0,0.0,0.0,0.0,0.0,0.0,,0.0,0.0,0.0,0.0,0.0,0.0,0.0,0.0,,0.0,,,,,,
2026-08-09 03:00,0.0,,0.0,0.0,0.0,0.0,0.0,0.0,,0.0,0.0,0.0,0.0,0.0,0.0,0.0,0.0,,0.0,,,,,,
2026-08-09 04:00,0.0,,0.0,0.0,0.0,0.0,0.0,0.0,,0.0,0.0,0.0,0.0,0.0,0.0,0.17,0.0,,0.0,,,,,,
2026-08-09 05:00,28.83,,19.0,27.33,20.83,26.33,26.67,18.67,,18.67,24.67,14.33,18.83,26.67,18.17,32.67,28.33,,17.67,,,,,,
2026-08-09 06:00,199.5,,160.5,192.17,161.83,185.67,176.67,129.67,276.0,183.5,207.0,150.17,157.67,162.67,122.83,174.5,172.0,,128.83,,,,,,
2026-08-09 07:00,358.67,,341.83,431.33,386.33,407.67,391.83,325.17,469.67,407.33,464.0,304.83,299.67,357.83,389.83,359.5,332.5,,394.17,,,,,,
2026-08-09 08:00,598.0,,484.67,645.17,594.67,615.33,595.17,648.5,612.0,619.83,622.67,520.83,581.17,507.17,619.33,548.33,568.67,,628.33,,,,,,
2026-08-09 09:00,745.0,,729.5,815.33,757.17,786.17,771.67,794.33,797.83,793.83,792.5,764.33,794.5,776.67,775.83,749.17,770.33,,809.33,,,,,,
2026-08-09 10:00,862.5,,848.67,928.5,862.5,906.5,902.5,911.0,914.83,905.0,881.83,879.5,862.67,897.0,880.5,882.33,885.5,,932.33,,,,,,
2026-08-09 11:00,912.0,,939.0,985.0,907.0,962.33,981.5,970.67,974.67,956.17,948.67,939.5,977.0,960.33,932.17,967.5,949.5,,994.83,,,,,,
2026-08-09 12:00,927.17,,949.17,980.17,891.17,954.0,993.5,973.67,973.83,953.83,964.83,949.83,980.83,961.17,924.33,980.5,950.33,,992.67,,,,,,
2026-08-09 13:00,883.33,,888.33,921.2,843.17,898.67,934.0,921.67,887.67,868.67,897.17,897.0,919.5,897.0,818.67,900.5,872.33,,923.5,,,,,,
2026-08-09 14:00,775.5,,762.33,,735.83,769.0,810.83,799.5,776.33,734.5,775.83,775.33,792.83,773.0,706.67,752.17,751.33,,777.83,,,,,,
2026-08-09 15:00,598.17,,577.83,,569.83,590.5,638.33,624.67,609.83,558.33,597.0,601.83,617.33,583.67,576.67,569.17,576.67,,595.67,,,,,,
2026-08-09 16:00,386.67,,366.17,,360.17,379.83,418.0,411.5,402.5,359.0,381.0,382.83,401.67,386.5,381.0,377.5,362.67,,391.0,,,,,,
2026-08-09 17:00,163.17,,107.0,,135.83,159.0,185.0,181.0,276.0,96.0,160.67,160.17,173.0,174.33,170.17,142.0,157.67,,173.83,,,,,,
2026-08-09 18:00,17.83,,9.5,,9.5,13.67,10.0,17.5,,7.17,20.17,20.83,21.33,14.33,16.83,15.33,17.0,,21.17,,,,,,
2026-08-09 19:00,0.0,,0.0,0.0,0.0,0.0,0.0,0.0,,0.0,0.0,0.0,0.0,0.0,0.0,0.0,0.0,,0.0,,,,,,
2026-08-09 20:00,0.0,,0.0,0.0,0.0,0.0,0.0,0.0,,0.0,0.0,0.0,0.0,0.0,0.0,0.0,0.0,,0.0,,,,,,
2026-08-09 21:00,0.0,,0.0,0.0,0.0,0.0,0.0,0.0,,0.0,0.0,0.0,0.0,0.0,0.0,0.0,0.0,,0.0,,,,,,
2026-08-09 22:00,0.0,,0.0,0.0,0.0,0.0,0.0,0.0,,0.0,0.0,0.0,0.0,0.0,0.0,0.0,0.0,,0.0,,,,,,
2026-08-09 23:00,0.0,,0.0,0.0,0.0,0.0,0.0,0.0,,0.0,0.0,0.0,0.0,0.0,0.0,0.0,0.0,,0.0,,,,,,
2026-08-10 00:00,0.0,,0.0,0.0,0.0,0.0,0.0,0.0,,0.0,0.0,0.0,0.0,0.0,0.0,0.0,0.0,,0.0,,,,,,
2026-08-10 01:00,0.0,,0.0,0.0,0.0,0.0,0.0,0.0,,0.0,0.0,0.0,0.0,0.0,0.0,0.0,0.0,,0.0,,,,,,
2026-08-10 02:00,0.0,,0.0,0.0,0.0,0.0,0.0,0.0,,0.0,0.0,0.0,0.0,0.0,0.0,0.0,0.0,,0.0,,,,,,
2026-08-10 03:00,0.0,,0.0,0.0,0.0,0.0,0.0,0.0,,0.0,0.0,0.0,0.0,0.0,0.0,0.0,0.0,,0.0,,,,,,
2026-08-10 04:00,0.0,,0.0,0.0,0.0,0.0,0.0,0.0,,0.0,0.0,0.0,0.0,0.0,0.0,0.0,0.0,,0.0,,,,,,
2026-08-10 05:00,40.5,,16.17,34.5,17.33,26.67,26.5,20.5,,17.5,18.33,18.33,28.0,23.67,31.0,39.17,42.67,,12.83,,,,,,
2026-08-10 06:00,230.83,,188.0,205.67,161.67,187.33,182.17,144.17,,181.67,216.0,173.83,172.67,207.67,208.67,188.5,224.67,,147.33,,,,,,
2026-08-10 07:00,447.33,,408.83,430.5,407.0,410.33,397.0,350.67,416.0,405.33,442.17,416.5,402.17,412.33,422.0,382.5,435.5,,423.5,,,,,,
2026-08-10 08:00,652.0,,602.33,643.67,613.33,621.0,610.0,495.5,629.5,619.0,642.5,612.5,624.83,606.33,618.83,585.83,636.33,,634.17,,,,,,
2026-08-10 09:00,804.67,,748.5,810.5,774.67,789.0,782.0,781.67,801.0,792.17,800.33,770.5,799.17,770.5,777.83,776.33,804.83,,805.83,,,,,,
2026-08-10 10:00,890.33,,861.5,922.5,875.0,904.0,910.83,916.17,916.0,903.83,896.0,890.33,918.83,892.33,879.83,902.17,909.17,,926.67,,,,,,
2026-08-10 11:00,927.5,,941.83,981.33,915.17,959.5,985.17,959.33,973.83,955.5,943.5,942.83,981.83,957.67,926.17,984.83,963.67,,990.0,,,,,,
2026-08-10 12:00,934.17,,950.67,971.83,896.33,952.83,993.67,975.5,962.5,942.0,963.17,943.83,984.67,950.0,914.83,972.5,954.83,,984.5,,,,,,
2026-08-10 13:00,891.0,,891.5,904.0,851.0,894.17,938.17,919.0,892.17,854.5,893.83,887.17,917.0,898.33,845.33,901.67,878.33,,915.67,,,,,,
2026-08-10 14:00,779.0,,767.33,,719.5,763.0,815.17,799.17,774.83,723.33,773.17,767.17,787.5,779.0,730.5,766.83,747.67,,777.83,,,,,,
2026-08-10 15:00,596.33,,582.67,,557.5,586.0,640.0,618.33,599.33,546.17,597.17,593.83,608.5,581.0,569.5,581.67,573.67,,594.17,,,,,,
2026-08-10 16:00,381.67,,368.0,,358.17,372.67,425.0,405.67,386.5,350.67,385.33,376.0,388.33,389.83,371.67,384.5,357.5,,388.17,,,,,,
2026-08-10 17:00,161.33,,106.0,,135.67,154.17,191.67,173.83,264.0,98.5,171.17,153.33,167.17,174.83,159.67,140.0,155.67,,170.17,,,,,,
2026-08-10 18:00,17.0,,8.67,,8.67,11.67,9.0,17.5,,7.67,20.17,19.67,20.33,14.0,15.0,14.0,17.17,,18.83,,,,,,
2026-08-10 19:00,0.0,,0.0,0.0,0.0,0.0,0.0,0.0,,0.0,0.0,0.0,0.0,0.0,0.0,0.0,0.0,,0.0,,,,,,
2026-08-10 20:00,0.0,,0.0,0.0,0.0,0.0,0.0,0.0,,0.0,0.0,0.0,0.0,0.0,0.0,0.0,0.0,,0.0,,,,,,
2026-08-10 21:00,0.0,,0.0,0.0,0.0,0.0,0.0,0.0,,0.0,0.0,0.0,0.0,0.0,0.0,0.0,0.0,,0.0,,,,,,
2026-08-10 22:00,0.0,,0.0,0.0,0.0,0.0,0.0,0.0,,0.0,0.0,0.0,0.0,0.0,0.0,0.0,0.0,,0.0,,,,,,
2026-08-10 23:00,0.0,,0.0,0.0,0.0,0.0,0.0,0.0,,0.0,0.0,0.0,0.0,0.0,0.0,0.0,0.0,,0.0,,,,,,
2026-08-11 00:00,0.0,,0.0,0.0,0.0,0.0,0.0,0.0,,0.0,0.0,0.0,0.0,0.0,0.0,0.0,0.0,,0.0,,,,,,
2026-08-11 01:00,0.0,,0.0,0.0,0.0,0.0,0.0,0.0,,0.0,0.0,0.0,0.0,0.0,0.0,0.0,0.0,,0.0,,,,,,
2026-08-11 02:00,0.0,,0.0,0.0,0.0,0.0,0.0,0.0,,0.0,0.0,0.0,0.0,0.0,0.0,0.0,0.0,,0.0,,,,,,
2026-08-11 03:00,0.0,,0.0,0.0,0.0,0.0,0.0,0.0,,0.0,0.0,0.0,0.0,0.0,0.0,0.0,0.0,,0.0,,,,,,
2026-08-11 04:00,0.0,,0.0,0.0,0.0,0.0,0.0,0.0,,0.0,0.0,0.0,0.0,0.0,0.0,0.0,0.0,,0.0,,,,,,
2026-08-11 05:00,36.5,,17.5,31.0,18.0,25.67,25.5,27.83,,17.0,18.5,26.5,28.0,22.67,27.67,35.17,38.33,,26.33,,,,,,
2026-08-11 06:00,216.33,,171.83,198.17,147.17,185.33,173.0,184.0,,175.67,197.0,179.67,188.67,190.67,197.33,177.5,208.67,,190.67,,,,,,
2026-08-11 07:00,432.67,,396.0,422.0,392.33,410.5,376.83,425.5,426.4,399.17,423.33,402.17,399.5,398.83,411.0,368.67,417.83,,412.33,,,,,,
2026-08-11 08:00,629.0,,593.5,633.5,599.33,618.67,588.0,606.0,613.17,611.17,629.33,598.83,603.5,593.0,608.67,571.67,618.83,,625.5,,,,,,
2026-08-11 09:00,784.33,,747.33,804.83,761.83,787.33,767.33,777.83,785.33,782.5,792.33,756.17,779.67,756.17,765.33,759.0,782.33,,798.67,,,,,,
2026-08-11 10:00,885.67,,860.5,919.0,867.67,904.17,894.5,891.83,902.33,892.0,891.5,876.17,905.0,885.0,871.33,898.33,897.83,,921.5,,,,,,
2026-08-11 11:00,924.17,,942.0,972.33,909.67,958.83,967.5,952.67,959.0,946.83,942.0,936.0,970.67,948.17,920.67,975.33,959.17,,978.83,,,,,,
2026-08-11 12:00,937.33,,943.33,964.17,888.33,950.33,972.17,966.67,947.67,941.33,959.83,939.33,974.67,944.0,901.0,952.83,954.33,,975.17,,,,,,
2026-08-11 13:00,893.83,,876.83,896.2,841.33,893.5,912.17,906.17,879.83,860.0,890.5,882.0,905.33,886.0,845.17,886.5,871.83,,897.5,,,,,,
2026-08-11 14:00,784.0,,747.33,,727.0,770.5,786.5,781.83,770.0,730.0,762.5,759.67,768.0,765.83,730.83,748.33,736.17,,767.33,,,,,,
2026-08-11 15:00,595.33,,562.33,,565.0,593.0,611.83,610.0,596.83,555.83,579.17,584.33,599.83,569.17,567.33,569.17,550.33,,581.83,,,,,,
2026-08-11 16:00,382.0,,348.83,,358.0,374.33,394.67,392.5,383.17,354.5,368.0,363.83,378.67,374.33,366.5,366.83,344.5,,388.5,,,,,,
2026-08-11 17:00,155.17,,103.0,,135.67,156.0,165.5,162.83,254.0,97.17,155.0,145.33,158.0,162.67,156.0,130.33,144.33,,166.67,,,,,,
2026-08-11 18:00,14.83,,9.33,,8.5,11.33,10.5,16.83,,6.83,16.17,16.0,17.0,12.33,13.0,13.33,14.67,,16.67,,,,,,
2026-08-11 19:00,0.0,,0.0,0.0,0.0,0.0,0.0,0.0,,0.0,0.0,0.0,0.0,0.0,0.0,0.0,0.0,,0.0,,,,,,
2026-08-11 20:00,0.0,,0.0,0.0,0.0,0.0,0.0,0.0,,0.0,0.0,0.0,0.0,0.0,0.0,0.0,0.0,,0.0,,,,,,
2026-08-11 21:00,0.0,,0.0,0.0,0.0,0.0,0.0,0.0,,0.0,0.0,0.0,0.0,0.0,0.0,0.0,0.0,,0.0,,,,,,
2026-08-11 22:00,0.0,,0.0,0.0,0.0,0.0,0.0,0.0,,0.0,0.0,0.0,0.0,0.0,0.0,0.0,0.0,,0.0,,,,,,
2026-08-11 23:00,0.0,,0.0,0.0,0.0,0.0,0.0,0.0,,0.0,0.0,0.0,0.0,0.0,0.0,0.0,0.0,,0.0,,,,,,
2026-08-12 00:00,0.0,,0.0,0.0,0.0,0.0,0.0,0.0,,0.0,0.0,0.0,0.0,0.0,0.0,0.0,0.0,,0.0,,,,,,
2026-08-12 01:00,0.0,,0.0,0.0,0.0,0.0,0.0,0.0,,0.0,0.0,0.0,0.0,0.0,0.0,0.0,0.0,,0.0,,,,,,
2026-08-12 02:00,0.0,,0.0,0.0,0.0,0.0,0.0,0.0,,0.0,0.0,0.0,0.0,0.0,0.0,0.0,0.0,,0.0,,,,,,
2026-08-12 03:00,0.0,,0.0,0.0,0.0,0.0,0.0,0.0,,0.0,0.0,0.0,0.0,0.0,0.0,0.0,0.0,,0.0,,,,,,
2026-08-12 04:00,0.0,,0.0,0.0,0.0,0.0,0.0,0.0,,0.0,0.0,0.0,0.0,0.0,0.0,0.0,0.0,,0.0,,,,,,
2026-08-12 05:00,35.67,,16.83,28.83,19.5,24.67,26.5,25.67,,16.5,22.33,26.17,26.83,22.0,26.5,36.0,38.67,,26.83,,,,,,
2026-08-12 06:00,211.67,,161.83,189.17,132.0,182.17,164.67,178.5,,175.33,176.0,180.0,182.5,175.0,187.83,179.5,210.33,,190.67,,,,,,
2026-08-12 07:00,421.0,,385.0,407.0,378.67,404.33,364.0,400.17,423.2,397.5,402.5,395.83,395.67,392.33,393.83,366.83,418.83,,411.0,,,,,,
2026-08-12 08:00,622.67,,577.33,620.17,589.5,611.83,571.17,605.5,613.5,611.0,607.33,593.0,601.83,591.67,597.17,557.83,618.17,,622.67,,,,,,
2026-08-12 09:00,775.83,,734.0,798.5,753.0,776.33,750.67,781.83,781.83,782.17,782.17,755.67,777.17,752.33,762.83,748.5,782.83,,795.17,,,,,,
2026-08-12 10:00,869.83,,848.33,920.83,862.5,889.5,886.83,904.5,898.67,887.67,889.67,873.5,895.17,869.0,870.5,888.67,890.33,,917.83,,,,,,
2026-08-12 11:00,919.67,,853.5,972.0,908.17,940.67,963.17,952.67,953.17,934.67,936.0,932.17,943.0,934.5,918.5,949.17,948.67,,980.17,,,,,,
2026-08-12 12:00,542.83,,902.33,953.17,886.0,930.5,973.0,945.0,942.33,928.17,953.0,925.33,963.17,939.0,899.0,942.0,954.33,,977.17,,,,,,
2026-08-12 13:00,710.67,,863.5,900.0,811.67,876.67,912.67,893.83,875.5,842.17,884.5,875.33,902.33,878.5,842.83,878.83,886.0,,909.67,,,,,,
2026-08-12 14:00,766.33,,740.33,,720.83,747.0,794.33,774.0,746.67,707.83,752.67,752.17,772.67,751.67,728.0,748.67,752.0,,781.5,,,,,,
2026-08-12 15:00,587.67,,562.5,,552.17,568.17,627.67,600.0,587.67,525.67,580.5,577.33,597.17,566.33,563.67,567.5,571.33,,582.33,,,,,,
2026-08-12 16:00,379.0,,355.5,,346.5,353.17,421.33,388.33,373.67,325.67,376.67,359.67,382.67,379.0,363.17,370.67,356.0,,378.17,,,,,,
2026-08-12 17:00,154.5,,98.83,,132.0,138.83,157.67,159.83,230.5,93.17,161.33,144.33,163.17,164.0,155.5,127.83,150.33,,160.33,,,,,,
2026-08-12 18:00,15.67,,7.67,,7.33,10.17,8.33,16.83,,7.67,16.33,16.17,17.0,12.67,12.67,12.0,14.5,,15.33,,,,,,
2026-08-12 19:00,0.0,,0.0,0.0,0.0,0.0,0.0,0.0,,0.0,0.0,0.0,0.0,0.0,0.0,0.0,0.0,,0.0,,,,,,
2026-08-12 20:00,0.0,,0.0,0.0,0.0,0.0,0.0,0.0,,0.0,0.0,0.0,0.0,0.0,0.0,0.0,0.0,,0.0,,,,,,
2026-08-12 21:00,0.0,,0.0,0.0,0.0,0.0,0.0,0.0,,0.0,0.0,0.0,0.0,0.0,0.0,0.0,0.0,,0.0,,,,,,
2026-08-12 22:00,0.0,,0.0,0.0,0.0,0.0,0.0,0.0,,0.0,0.0,0.0,0.0,0.0,0.0,0.0,0.0,,0.0,,,,,,
2026-08-12 23:00,0.0,,0.0,0.0,0.0,0.0,0.0,0.0,,0.0,0.0,0.0,0.0,0.0,0.0,0.0,0.0,,0.0,,,,,,
2026-08-13 00:00,0.0,,0.0,0.0,0.0,0.0,0.0,0.0,,0.0,0.0,0.0,0.0,0.0,0.0,0.0,0.0,,0.0,,,,,,
2026-08-13 01:00,0.0,,0.0,0.0,0.0,0.0,0.0,0.0,,0.0,0.0,0.0,0.0,0.0,0.0,0.17,0.0,,0.0,,,,,,
2026-08-13 02:00,0.0,,0.0,0.0,0.0,0.0,0.0,0.0,,0.0,0.0,0.0,0.0,0.0,0.0,0.0,0.0,,0.0,,,,,,
2026-08-13 03:00,0.0,,0.0,0.0,0.0,0.0,0.0,0.0,,0.0,0.0,0.0,0.0,0.0,0.0,0.0,0.0,,0.0,,,,,,
2026-08-13 04:00,0.0,,0.0,0.0,0.0,0.0,0.0,0.0,,0.0,0.0,0.0,0.17,0.0,0.0,0.33,0.0,,0.0,,,,,,
2026-08-13 05:00,34.67,,18.0,32.83,16.5,24.33,23.5,18.17,,16.5,28.5,23.5,25.0,21.33,29.17,34.17,22.17,,26.33,,,,,,
2026-08-13 06:00,188.33,,162.0,204.83,116.83,183.33,163.0,158.17,175.0,172.17,195.67,168.17,173.83,158.83,203.33,175.33,87.67,,192.17,,,,,,
2026-08-13 07:00,413.0,,380.33,431.5,415.5,407.0,323.17,384.33,366.83,400.33,400.17,382.0,379.17,394.67,417.67,364.83,323.33,,375.67,,,,,,
2026-08-13 08:00,616.83,,567.83,642.5,618.83,616.83,593.5,589.0,610.17,617.33,498.33,579.33,531.17,595.17,611.0,563.0,582.17,,615.17,,,,,,
2026-08-13 09:00,761.17,,723.0,809.67,785.17,782.0,772.67,764.5,782.33,788.5,782.83,735.67,755.33,762.0,772.83,750.5,769.5,,791.33,,,,,,
2026-08-13 10:00,857.33,,839.0,926.0,894.83,898.17,898.17,881.0,887.17,895.67,884.67,847.5,879.67,880.33,867.67,891.33,876.83,,913.0,,,,,,
2026-08-13 11:00,897.67,,915.83,976.0,947.5,948.0,982.0,946.17,935.17,944.17,935.67,920.0,962.5,948.17,910.0,957.33,934.67,,975.17,,,,,,
2026-08-13 12:00,558.5,,922.0,951.17,921.17,935.5,969.5,951.67,922.67,935.67,953.33,918.0,964.83,936.83,919.0,968.33,941.83,,973.5,,,,,,
2026-08-13 13:00,751.0,,867.5,838.17,677.0,880.17,890.33,892.83,869.67,850.17,882.17,864.83,894.67,839.0,845.33,901.0,868.67,,903.17,,,,,,
2026-08-13 14:00,760.67,,747.0,747.83,734.33,756.67,761.67,763.83,745.67,715.33,751.67,745.17,768.33,755.67,725.0,762.83,739.17,,723.17,,,,,,
2026-08-13 15:00,580.33,,554.67,311.17,570.5,573.5,519.17,591.17,570.83,536.0,557.33,571.33,588.0,473.0,557.5,572.67,538.0,,577.17,,,,,,
2026-08-13 16:00,362.17,,338.67,80.83,365.17,361.5,278.83,367.83,351.83,338.33,354.67,345.83,339.67,295.67,352.0,364.5,330.33,,372.67,,,,,,
2026-08-13 17:00,139.33,,93.5,46.17,122.0,146.0,104.83,149.5,164.5,91.83,132.5,110.0,94.67,114.33,141.0,125.0,134.33,,131.83,,,,,,
2026-08-13 18:00,12.83,,8.5,8.33,8.17,10.17,9.17,15.0,,6.0,11.5,13.33,13.33,11.5,10.33,11.0,12.5,,15.0,,,,,,
2026-08-13 19:00,0.0,,0.0,0.0,0.0,0.0,0.0,0.0,,0.0,0.0,0.0,0.0,0.0,0.0,0.0,0.0,,0.0,,,,,,
2026-08-13 20:00,0.0,,0.0,0.0,0.0,0.0,0.0,0.0,,0.0,0.0,0.0,0.0,0.0,0.0,0.0,0.0,,0.0,,,,,,
2026-08-13 21:00,0.0,,0.0,0.0,0.0,0.0,0.0,0.0,,0.0,0.0,0.0,0.0,0.0,0.0,0.0,0.0,,0.0,,,,,,
2026-08-13 22:00,0.0,,0.0,0.0,0.0,0.0,0.0,0.0,,0.0,0.0,0.0,0.0,0.0,0.0,0.0,0.0,,0.0,,,,,,
2026-08-13 23:00,0.0,,0.0,0.0,0.0,0.0,0.0,0.0,,0.0,0.0,0.0,0.0,0.0,0.0,0.0,0.0,,0.0,,,,,,
2026-08-14 00:00,0.0,,0.0,0.0,0.0,0.0,0.0,0.0,,0.0,0.0,0.0,0.0,0.0,0.0,0.5,0.0,,0.0,,,,,,
2026-08-14 01:00,0.0,,0.0,0.0,0.0,0.0,0.0,0.0,,0.0,0.0,0.0,0.0,0.0,0.0,0.83,0.0,,0.0,,,,,,
2026-08-14 02:00,0.0,,0.0,0.0,0.0,0.0,0.0,0.0,,0.0,0.0,0.0,0.0,0.0,0.0,0.0,0.0,,0.0,,,,,,
2026-08-14 03:00,0.0,,0.0,0.0,0.0,0.0,0.0,0.0,,0.0,0.0,0.0,0.0,0.0,0.0,0.0,0.0,,0.0,,,,,,
2026-08-14 04:00,0.0,,0.0,0.0,0.0,0.0,0.0,0.0,,0.0,0.0,0.0,0.0,0.0,0.0,0.0,0.0,,0.0,,,,,,
2026-08-14 05:00,33.83,,16.33,24.67,20.33,22.33,19.5,20.67,,16.0,25.67,23.17,22.67,28.67,13.0,20.67,16.33,,22.33,,,,,,
2026-08-14 06:00,148.0,,147.17,162.33,116.67,171.67,155.33,159.17,,168.0,122.83,141.67,121.33,186.83,84.17,138.33,83.17,,176.33,,,,,,
2026-08-14 07:00,319.17,,237.33,421.0,375.67,394.83,295.67,365.0,321.0,396.0,331.33,345.67,356.17,345.33,257.17,305.17,153.33,,397.17,,,,,,
2026-08-14 08:00,428.5,,292.5,637.0,583.33,606.33,457.67,597.33,496.17,606.0,405.67,439.5,363.67,498.17,506.67,482.17,391.0,,612.33,,,,,,
2026-08-14 09:00,712.0,,608.83,755.33,755.83,772.17,448.83,753.83,706.17,776.83,643.33,594.33,695.67,629.83,727.17,565.83,467.0,,786.83,,,,,,
2026-08-14 10:00,593.33,,795.67,894.83,864.33,885.83,832.5,886.33,882.83,883.67,745.83,728.83,917.5,876.17,699.33,592.5,799.33,,910.0,,,,,,
2026-08-14 11:00,845.83,,862.33,962.5,913.33,929.67,770.17,946.33,903.67,933.33,852.5,769.5,875.0,794.0,817.33,747.5,899.33,,976.0,,,,,,
2026-08-14 12:00,852.17,,913.17,980.83,882.83,932.67,730.33,949.33,912.17,932.5,898.33,862.17,893.67,739.33,883.5,703.67,900.0,,972.67,,,,,,
2026-08-14 13:00,919.17,,856.0,862.17,770.83,878.33,715.5,892.17,834.83,857.17,774.17,844.83,889.33,770.33,850.83,297.5,860.5,,897.0,,,,,,
2026-08-14 14:00,824.83,,725.67,735.67,462.17,754.0,567.33,770.17,749.67,722.83,576.17,732.5,728.33,485.5,681.83,211.33,714.83,,697.83,,,,,,
2026-08-14 15:00,598.0,,540.33,310.67,341.83,579.17,414.83,591.5,581.0,543.67,499.67,563.5,568.5,343.83,540.17,579.83,420.0,,595.0,,,,,,
2026-08-14 16:00,375.0,,305.17,95.5,295.0,363.0,219.33,374.0,364.83,347.5,273.67,343.5,355.5,256.5,300.33,371.5,143.67,,377.0,,,,,,
2026-08-14 17:00,149.0,,86.17,53.0,114.67,143.83,70.17,146.33,197.0,89.0,150.83,128.0,138.67,84.5,114.67,128.0,84.0,,150.67,,,,,,
2026-08-14 18:00,13.33,,9.67,8.33,8.33,8.83,8.0,12.83,,5.17,15.83,12.17,12.5,8.5,9.17,10.0,9.67,,13.17,,,,,,
2026-08-14 19:00,0.0,,0.0,0.0,0.0,0.0,0.0,0.0,,0.0,0.0,0.0,0.0,0.0,0.0,0.0,0.0,,0.0,,,,,,
2026-08-14 20:00,0.0,,0.0,0.0,0.0,0.0,0.0,0.0,,0.0,0.0,0.0,0.0,0.0,0.0,0.0,0.0,,0.0,,,,,,
2026-08-14 21:00,0.0,,0.0,0.0,0.0,0.0,0.0,0.0,,0.0,0.0,0.0,0.0,0.0,0.0,0.0,0.0,,0.0,,,,,,
2026-08-14 22:00,0.0,,0.0,0.0,0.0,0.0,0.0,0.0,,0.0,0.0,0.0,0.0,0.0,0.0,0.17,0.0,,0.0,,,,,,
2026-08-14 23:00,0.0,,0.0,0.0,0.0,0.0,0.0,0.0,,0.0,0.0,0.0,0.0,0.0,0.0,0.0,0.0,,0.0,,,,,,
2026-08-15 00:00,0.0,,0.0,0.0,0.0,0.0,0.0,0.0,,0.0,0.0,0.0,0.0,0.0,0.0,0.0,0.0,,0.0,,,,,,
2026-08-15 01:00,0.0,,0.0,0.0,0.0,0.0,0.0,0.0,,0.0,0.0,0.0,0.0,0.0,0.0,0.0,0.0,,0.0,,,,,,
2026-08-15 02:00,0.0,,0.0,0.0,0.0,0.0,0.0,0.5,,0.0,0.0,0.0,0.0,0.0,0.0,0.0,0.0,,0.0,,,,,,
2026-08-15 03:00,0.0,,0.0,0.0,0.0,0.0,0.0,0.0,,0.0,0.0,0.0,0.0,0.0,0.0,0.0,0.0,,0.0,,,,,,
2026-08-15 04:00,0.0,,0.0,0.0,0.0,0.0,0.0,0.0,,0.0,0.0,0.0,0.0,0.0,0.0,0.17,0.0,,0.0,,,,,,
2026-08-15 05:00,22.83,,17.17,22.0,17.83,20.33,20.5,19.33,,14.67,17.83,14.33,17.5,19.5,16.17,27.83,16.5,,18.83,,,,,,
2026-08-15 06:00,167.33,,133.83,190.17,108.0,163.17,148.0,170.83,,152.33,138.67,132.33,149.17,118.0,145.5,157.17,125.83,,167.0,,,,,,
2026-08-15 07:00,399.67,,323.17,417.67,377.83,383.17,322.33,378.83,327.33,377.0,274.33,344.83,366.0,304.5,208.83,371.17,403.33,,252.17,,,,,,
2026-08-15 08:00,594.0,,570.0,612.67,585.17,594.5,428.0,490.5,604.83,591.33,507.67,439.67,413.67,479.83,532.0,556.5,591.83,,458.5,,,,,,
2026-08-15 09:00,747.5,,719.17,778.33,752.33,764.0,753.67,794.33,742.17,766.33,785.17,785.17,757.5,547.33,749.67,738.17,773.5,,803.33,,,,,,
2026-08-15 10:00,845.5,,834.5,901.33,859.67,878.67,886.67,908.5,883.5,876.33,867.67,769.0,938.5,806.17,819.5,866.33,877.17,,907.67,,,,,,
2026-08-15 11:00,876.83,,901.5,899.67,908.67,928.83,962.33,703.5,934.33,931.67,926.33,512.0,969.5,938.17,883.67,934.67,944.33,,963.5,,,,,,
2026-08-15 12:00,784.33,,915.0,793.17,899.0,920.5,968.83,622.5,940.67,932.17,948.0,846.33,913.17,940.0,794.83,845.67,933.83,,964.67,,,,,,
2026-08-15 13:00,876.33,,859.0,800.0,770.33,878.83,911.5,893.17,742.17,848.33,870.33,847.17,869.17,874.5,817.83,741.17,846.5,,883.83,,,,,,
2026-08-15 14:00,764.5,,742.17,297.17,187.5,696.33,788.83,751.5,642.83,719.5,745.17,717.33,745.83,751.33,681.67,802.67,723.83,,770.17,,,,,,
2026-08-15 15:00,586.0,,552.33,100.17,48.67,583.83,617.0,567.17,570.67,536.17,568.33,552.33,568.0,559.0,472.33,600.83,542.83,,585.17,,,,,,
2026-08-15 16:00,364.5,,342.5,56.0,40.17,355.17,344.83,359.83,345.33,337.17,368.67,330.83,352.0,347.67,255.5,260.0,288.33,,337.67,,,,,,
2026-08-15 17:00,110.67,,112.17,85.17,25.5,142.5,95.83,151.0,200.0,92.17,151.5,123.5,135.33,128.5,159.17,96.33,129.67,,143.33,,,,,,
2026-08-15 18:00,11.17,,10.17,11.67,6.17,9.5,7.33,12.17,,5.5,15.5,10.0,11.17,10.67,16.67,11.33,11.0,,14.83,,,,,,
2026-08-15 19:00,0.0,,0.0,0.0,0.0,0.0,0.0,0.0,,0.0,0.0,0.0,0.0,0.0,0.0,0.0,0.0,,0.0,,,,,,
2026-08-15 20:00,0.0,,0.0,0.0,0.0,0.0,0.0,0.0,,0.0,0.0,0.0,0.0,0.0,0.0,0.0,0.0,,0.0,,,,,,
2026-08-15 21:00,0.0,,0.0,0.0,0.0,0.0,0.0,0.0,,0.0,0.0,0.0,0.0,0.0,0.0,0.0,0.0,,0.0,,,,,,
2026-08-15 22:00,0.0,,0.0,0.0,0.0,0.0,0.0,0.0,,0.0,0.0,0.0,0.0,0.0,0.0,0.0,0.0,,0.0,,,,,,
2026-08-15 23:00,0.0,,0.0,0.0,0.0,0.0,0.0,0.0,,0.0,0.0,0.0,0.0,0.0,0.0,0.0,0.0,,0.0,,,,,,
2026-08-16 00:00,0.0,,0.0,0.0,0.0,0.0,0.0,0.0,,0.0,0.0,0.0,0.0,0.0,0.0,0.0,0.0,,0.0,,,,,,
2026-08-16 01:00,0.0,,0.0,0.0,0.0,0.0,0.0,0.0,,0.0,0.0,0.0,0.0,0.0,0.0,0.0,0.0,,0.0,,,,,,
2026-08-16 02:00,0.0,,0.0,0.0,0.0,0.0,0.0,0.0,,0.0,0.0,0.0,0.0,0.0,0.0,0.0,0.0,,0.0,,,,,,
2026-08-16 03:00,0.0,,0.0,0.0,0.0,0.0,0.0,0.0,,0.0,0.0,0.0,0.0,0.0,0.0,0.0,0.0,,0.0,,,,,,
2026-08-16 04:00,0.0,,0.0,0.0,0.0,0.0,0.0,0.0,,0.0,0.0,0.0,0.0,0.0,0.0,0.0,0.0,,0.0,,,,,,
2026-08-16 05:00,23.17,,17.33,30.33,16.83,20.83,21.83,22.5,,14.0,19.0,19.0,22.5,17.0,22.67,27.83,13.5,,11.33,,,,,,
2026-08-16 06:00,160.0,,147.0,200.17,102.5,169.83,157.33,179.0,217.0,155.33,184.67,166.5,174.0,163.83,199.33,170.17,182.5,,84.33,,,,,,
2026-08-16 07:00,394.33,,314.17,421.0,387.0,389.83,370.83,378.0,415.33,381.5,408.0,324.83,388.83,365.83,414.5,377.83,411.33,,338.0,,,,,,
2026-08-16 08:00,612.5,,498.17,623.5,595.33,595.17,582.17,572.83,579.83,593.5,626.67,355.67,374.0,511.17,608.33,584.33,611.5,,614.33,,,,,,
2026-08-16 09:00,767.33,,717.5,784.5,763.5,761.0,757.83,793.17,774.33,763.5,765.67,746.83,718.5,758.0,760.5,739.33,779.33,,795.83,,,,,,
2026-08-16 10:00,868.5,,844.33,902.5,880.33,877.0,887.33,906.0,885.83,870.67,824.5,858.0,895.83,877.17,866.0,882.0,895.5,,919.33,,,,,,
2026-08-16 11:00,913.67,,906.17,837.33,940.17,926.5,961.0,983.0,942.83,922.83,916.33,937.5,966.33,934.83,884.33,947.33,955.0,,975.17,,,,,,
2026-08-16 12:00,840.83,,883.0,497.17,919.5,918.17,971.83,964.17,929.17,922.33,914.83,926.5,947.33,898.33,860.83,919.17,958.17,,970.33,,,,,,
2026-08-16 13:00,682.5,,864.67,295.83,834.67,862.17,918.67,887.5,816.33,840.67,873.83,858.67,884.83,872.5,503.5,716.67,873.33,,853.0,,,,,,
2026-08-16 14:00,770.33,,758.83,391.33,299.17,754.33,781.5,765.67,726.67,710.67,743.83,744.0,740.17,749.5,646.67,666.33,523.67,,375.33,,,,,,
2026-08-16 15:00,593.67,,573.0,312.83,255.17,581.83,546.17,596.67,555.33,528.5,574.5,553.0,564.67,550.67,534.67,595.33,553.0,,559.83,,,,,,
2026-08-16 16:00,356.0,,354.83,97.17,368.5,352.17,392.33,382.33,360.83,333.67,351.67,335.67,312.67,346.67,326.33,358.17,336.17,,373.17,,,,,,
2026-08-16 17:00,143.0,,92.17,61.17,134.0,139.0,131.17,143.17,219.5,91.0,124.0,109.83,109.33,119.67,121.33,126.67,136.5,,142.17,,,,,,
2026-08-16 18:00,11.83,,6.5,7.67,7.83,7.83,6.67,11.33,,4.67,10.33,9.5,9.33,10.5,8.0,11.0,11.0,,13.0,,,,,,
2026-08-16 19:00,0.0,,0.0,0.0,0.0,0.0,0.0,0.0,,0.0,0.0,0.0,0.0,0.0,0.0,0.0,0.0,,0.0,,,,,,
2026-08-16 20:00,0.0,,0.0,0.0,0.0,0.0,0.0,0.0,,0.0,0.0,0.0,0.0,0.0,0.0,0.0,0.0,,0.0,,,,,,
2026-08-16 21:00,0.0,,0.0,0.0,0.0,0.0,0.0,0.0,,0.0,0.0,0.0,0.0,0.0,0.0,0.0,0.0,,0.0,,,,,,
2026-08-16 22:00,0.0,,0.0,0.0,0.0,0.0,0.0,0.0,,0.0,0.0,0.0,0.0,0.0,0.0,0.0,0.0,,0.0,,,,,,
2026-08-16 23:00,0.0,,0.0,0.0,0.0,0.0,0.0,0.0,,0.0,0.0,0.0,0.0,0.0,0.0,0.0,0.0,,0.0,,,,,,
2026-08-17 00:00,0.0,,0.0,0.0,0.0,0.0,0.0,0.0,,0.0,0.0,0.0,0.0,0.0,0.0,0.0,0.0,,0.0,,,,,,
2026-08-17 01:00,0.0,,0.0,0.0,0.0,0.0,0.0,0.0,,0.0,0.0,0.0,0.0,0.0,0.0,0.0,0.0,,0.0,,,,,,
2026-08-17 02:00,0.0,,0.0,0.0,0.0,0.0,0.0,0.0,,0.0,0.0,0.0,0.0,0.0,0.0,0.0,0.0,,0.0,,,,,,
2026-08-17 03:00,0.0,,0.0,0.0,0.0,0.0,0.0,0.0,,0.0,0.0,0.0,0.0,0.0,0.0,0.0,0.0,,0.0,,,,,,
2026-08-17 04:00,0.0,,0.0,0.0,0.0,0.0,0.0,0.0,,0.0,0.0,0.0,0.0,0.17,0.0,0.0,0.0,,0.0,,,,,,
2026-08-17 05:00,23.67,,19.17,15.0,16.5,19.67,17.5,23.5,,13.33,17.5,22.17,16.83,16.33,12.33,28.5,34.17,,21.17,,,,,,
2026-08-17 06:00,187.5,,148.67,100.17,101.0,167.83,175.67,177.0,314.0,156.33,182.33,141.17,184.17,180.33,173.5,175.5,203.33,,180.67,,,,,,
2026-08-17 07:00,419.0,,393.83,359.17,393.17,388.17,376.33,330.33,378.83,387.33,437.83,383.83,427.17,400.33,342.67,387.33,420.67,,326.33,,,,,,
2026-08-17 08:00,660.83,,584.33,593.83,599.17,598.33,448.0,468.83,564.5,602.33,550.17,532.67,450.83,527.17,553.17,621.5,637.83,,545.33,,,,,,
2026-08-17 09:00,758.67,,759.67,807.17,748.33,770.17,772.83,617.17,738.17,778.67,654.67,579.33,573.5,700.5,714.17,702.5,791.33,,760.67,,,,,,
2026-08-17 10:00,830.5,,877.5,856.67,890.67,885.33,899.33,889.0,885.83,887.33,830.67,793.5,770.33,886.17,916.0,772.5,901.33,,912.0,,,,,,
2026-08-17 11:00,586.33,,985.5,1059.33,971.0,933.5,869.83,945.0,862.0,940.0,804.83,897.0,937.33,974.0,932.67,468.0,938.83,,980.17,,,,,,
2026-08-17 12:00,842.83,,1024.17,999.67,796.33,921.0,785.83,974.0,875.0,931.17,845.0,816.5,816.33,983.67,726.33,870.33,890.83,,928.0,,,,,,
2026-08-17 13:00,781.67,,863.67,877.0,490.33,867.83,766.33,884.17,927.5,844.83,836.5,866.17,826.0,916.0,803.5,892.17,863.0,,781.0,,,,,,
2026-08-17 14:00,766.0,,762.83,568.83,573.67,752.5,743.5,758.17,773.33,707.17,748.17,764.17,751.5,719.83,600.0,765.0,742.67,,750.0,,,,,,
2026-08-17 15:00,553.5,,555.33,178.17,571.83,580.0,504.83,598.83,585.17,530.5,568.67,559.0,598.17,570.0,443.67,555.5,555.83,,605.17,,,,,,
2026-08-17 16:00,402.5,,345.0,74.5,363.83,360.0,339.33,357.83,369.33,329.0,324.67,344.33,369.17,359.5,344.17,364.67,337.67,,367.67,,,,,,
2026-08-17 17:00,137.17,,89.0,37.33,128.0,136.0,133.83,149.17,218.0,90.0,107.17,128.83,150.67,135.5,146.33,128.0,135.33,,141.5,,,,,,
2026-08-17 18:00,8.83,,7.5,5.83,5.0,7.17,8.83,12.0,,4.67,7.83,12.33,13.67,8.0,7.5,8.83,10.67,,11.67,,,,,,
2026-08-17 19:00,0.0,,0.0,0.0,0.0,0.0,0.0,0.0,,0.0,0.0,0.0,0.0,0.0,0.0,0.0,0.0,,0.0,,,,,,
2026-08-17 20:00,0.0,,0.0,0.0,0.0,0.0,0.0,0.0,,0.0,0.0,0.0,0.0,0.0,0.0,0.0,0.0,,0.0,,,,,,
2026-08-17 21:00,0.0,,0.0,0.0,0.0,0.0,0.0,0.0,,0.0,0.0,0.0,0.0,0.0,0.0,0.0,0.0,,0.0,,,,,,
2026-08-17 22:00,0.0,,0.0,0.0,0.0,0.0,0.0,0.0,,0.0,0.0,0.0,0.0,0.0,0.0,0.0,0.0,,0.0,,,,,,
2026-08-17 23:00,0.0,,0.0,0.0,0.0,0.0,0.0,0.0,,0.0,0.0,0.0,0.0,0.0,0.0,0.0,0.0,,0.0,,,,,,
2026-08-18 00:00,0.0,,0.0,0.0,0.0,0.0,0.0,0.0,,0.0,0.0,0.0,0.0,0.0,0.0,0.0,0.0,,0.0,,,,,,
2026-08-18 01:00,0.0,,0.0,0.0,0.0,0.0,0.0,0.0,,0.0,0.0,0.0,0.0,0.0,0.0,0.0,0.0,,0.0,,,,,,
2026-08-18 02:00,0.0,,0.0,0.0,0.0,0.0,0.0,0.0,,0.0,0.0,0.0,0.0,0.0,0.0,0.0,0.0,,0.0,,,,,,
2026-08-18 03:00,0.0,,0.0,0.0,0.0,0.0,0.0,0.0,,0.0,0.0,0.0,0.0,0.0,0.0,0.0,0.0,,0.0,,,,,,
2026-08-18 04:00,0.0,,0.0,0.0,0.0,0.0,0.0,0.0,,0.0,0.0,0.0,0.0,0.0,0.0,0.0,0.0,,0.0,,,,,,
2026-08-18 05:00,30.0,,15.5,29.67,15.5,20.0,24.67,23.5,,13.0,20.17,24.67,24.67,18.17,23.33,27.17,29.17,,25.33,,,,,,
2026-08-18 06:00,195.17,,132.33,213.5,97.83,171.67,154.0,184.5,,155.5,195.0,188.83,187.5,176.33,201.5,172.67,172.67,,195.5,,,,,,
2026-08-18 07:00,412.17,,378.17,438.17,398.5,392.17,289.5,415.17,419.83,389.83,404.83,407.5,405.67,390.17,424.17,379.0,382.17,,424.5,,,,,,
2026-08-18 08:00,622.33,,463.67,629.67,599.83,598.67,598.17,620.67,631.17,603.0,554.5,623.5,627.33,556.67,617.0,603.17,566.0,,636.17,,,,,,
2026-08-18 09:00,798.0,,578.17,819.33,770.5,760.0,777.83,804.17,793.0,773.17,564.0,741.5,735.67,633.67,759.17,772.17,789.0,,811.83,,,,,,
2026-08-18 10:00,878.17,,861.5,913.67,896.67,870.5,903.17,784.17,905.33,879.5,721.5,828.0,658.67,517.67,899.83,758.67,909.67,,932.67,,,,,,
2026-08-18 11:00,613.5,,727.0,1002.0,938.83,916.67,972.5,903.5,950.17,929.5,966.17,786.5,843.17,914.33,937.17,842.17,965.0,,993.17,,,,,,
2026-08-18 12:00,583.5,,579.0,975.33,932.17,906.5,975.33,987.83,946.0,921.83,972.0,887.17,942.67,952.0,923.0,890.83,948.33,,987.83,,,,,,
2026-08-18 13:00,557.67,,839.83,840.5,856.33,859.83,913.83,906.17,874.33,830.83,887.83,869.5,892.33,904.67,653.33,893.5,871.33,,913.67,,,,,,
2026-08-18 14:00,762.67,,750.5,638.83,723.83,740.83,783.83,778.17,672.33,696.17,713.83,743.0,766.17,750.33,432.83,762.0,690.17,,784.67,,,,,,
2026-08-18 15:00,587.33,,562.0,310.83,504.0,568.17,533.17,603.67,569.33,519.5,440.5,561.67,592.33,559.83,563.33,546.67,257.5,,572.33,,,,,,
2026-08-18 16:00,370.5,,345.17,102.5,243.0,355.0,311.33,388.67,358.67,329.0,200.67,339.33,373.17,366.17,315.83,349.17,170.5,,366.67,,,,,,
2026-08-18 17:00,138.17,,83.5,49.5,119.83,139.5,89.0,154.33,212.5,93.83,82.17,130.17,150.17,148.33,132.67,128.33,127.5,,144.17,,,,,,
2026-08-18 18:00,9.17,,4.5,5.83,6.33,7.5,7.17,9.83,,4.67,6.83,11.83,10.83,10.17,6.67,7.67,10.33,,12.17,,,,,,
2026-08-18 19:00,0.0,,0.0,0.0,0.0,0.0,0.0,0.0,,0.0,0.0,0.0,0.0,0.0,0.0,0.0,0.0,,0.0,,,,,,
2026-08-18 20:00,0.0,,0.0,0.0,0.0,0.0,0.0,0.0,,0.0,0.0,0.0,0.0,0.0,0.0,0.0,0.0,,0.0,,,,,,
2026-08-18 21:00,0.0,,0.0,0.0,0.0,0.0,0.0,0.0,,0.0,0.0,0.0,0.0,0.0,0.0,0.0,0.0,,0.0,,,,,,
2026-08-18 22:00,0.0,,0.0,0.0,0.0,0.0,0.0,0.0,,0.0,0.0,0.0,0.0,0.0,0.0,0.0,0.0,,0.0,,,,,,
2026-08-18 23:00,0.0,,0.0,0.0,0.0,0.0,0.0,0.0,,0.0,0.0,0.0,0.0,0.0,0.0,0.0,0.0,,0.0,,,,,,
2026-08-19 00:00,0.0,,0.0,0.0,0.0,0.0,0.0,0.0,,0.0,0.0,0.0,0.0,0.0,0.0,0.0,0.0,,0.0,,,,,,
2026-08-19 01:00,0.0,,0.0,0.0,0.0,0.0,0.0,0.0,,0.0,0.0,0.0,0.0,0.0,0.0,0.0,0.0,,0.0,,,,,,
2026-08-19 02:00,0.0,,0.0,0.0,0.0,0.0,0.0,0.0,,0.0,0.0,0.0,0.0,0.0,0.0,0.0,0.0,,0.0,,,,,,
2026-08-19 03:00,0.0,,0.0,0.0,0.0,0.0,0.0,0.0,,0.0,0.0,0.0,0.0,0.0,0.0,0.0,0.0,,0.0,,,,,,
2026-08-19 04:00,0.0,,0.0,0.0,0.0,0.0,0.0,0.0,,0.0,0.0,0.0,0.0,0.0,0.0,0.0,0.0,,0.0,,,,,,
2026-08-19 05:00,28.5,,14.5,27.0,15.33,19.0,19.83,18.0,,12.5,14.83,20.17,16.67,19.0,15.17,28.5,32.0,,22.17,,,,,,
2026-08-19 06:00,197.5,,145.33,204.83,94.0,165.83,133.5,160.17,295.0,151.5,194.17,179.0,192.0,144.17,194.5,171.5,203.0,,180.83,,,,,,
2026-08-19 07:00,418.0,,423.33,428.33,396.0,385.33,346.17,398.5,407.5,387.5,290.0,399.0,393.83,389.5,412.67,382.17,415.17,,404.0,,,,,,
2026-08-19 08:00,619.67,,568.83,634.17,603.0,596.5,503.5,542.67,619.67,604.33,577.17,585.17,442.67,429.0,610.83,597.33,615.5,,622.0,,,,,,
2026-08-19 09:00,769.5,,742.17,788.17,767.67,761.17,771.83,786.33,783.0,775.67,755.17,703.0,695.83,799.5,760.5,760.17,788.17,,796.33,,,,,,
2026-08-19 10:00,870.83,,853.0,895.83,884.83,875.5,904.5,827.5,885.5,879.67,896.33,849.83,834.67,885.17,858.5,892.0,898.67,,921.67,,,,,,
2026-08-19 11:00,916.67,,913.33,948.5,939.33,936.0,973.0,918.5,929.33,924.67,961.5,913.17,965.0,951.33,908.33,961.67,961.67,,982.5,,,,,,
2026-08-19 12:00,920.5,,921.67,937.83,926.83,924.67,979.0,954.83,920.5,919.33,951.5,937.33,958.67,946.0,902.33,944.0,950.83,,973.67,,,,,,
2026-08-19 13:00,854.67,,866.0,869.83,842.67,861.67,912.67,894.0,868.0,837.5,878.33,863.83,886.0,878.5,834.33,867.5,865.83,,899.33,,,,,,
2026-08-19 14:00,750.17,,749.0,736.0,712.83,746.67,787.33,768.33,740.17,708.5,744.83,745.83,765.5,746.33,705.17,740.67,720.67,,757.83,,,,,,
2026-08-19 15:00,570.17,,567.5,258.17,527.83,576.5,581.83,595.67,567.17,531.33,569.0,557.67,584.0,550.5,537.17,544.0,540.33,,571.5,,,,,,
2026-08-19 16:00,352.33,,344.5,67.17,318.17,357.5,363.83,377.5,352.67,339.5,345.17,333.33,362.33,359.17,338.17,352.33,327.67,,360.17,,,,,,
2026-08-19 17:00,133.0,,80.5,39.0,109.67,138.83,162.0,145.17,208.0,101.0,119.0,123.5,139.5,140.0,133.67,119.83,126.67,,139.0,,,,,,
2026-08-19 18:00,8.33,,5.17,5.67,5.33,7.17,6.5,8.83,,3.83,11.83,10.0,10.33,7.17,5.5,7.17,8.5,,10.5,,,,,,
2026-08-19 19:00,0.0,,0.0,0.0,0.0,0.0,0.0,0.0,,0.0,0.0,0.0,0.0,0.0,0.0,0.0,0.0,,0.0,,,,,,
2026-08-19 20:00,0.0,,0.0,0.0,0.0,0.0,0.0,0.0,,0.0,0.0,0.0,0.0,0.0,0.0,0.0,0.0,,0.0,,,,,,
2026-08-19 21:00,0.0,,0.0,0.0,0.0,0.0,0.0,0.0,,0.0,0.0,0.0,0.0,0.0,0.0,0.0,0.0,,0.0,,,,,,
2026-08-19 22:00,0.0,,0.0,0.0,0.0,0.0,0.0,0.0,,0.0,0.0,0.0,0.0,0.0,0.0,0.0,0.0,,0.0,,,,,,
2026-08-19 23:00,0.0,,0.0,0.0,0.0,0.0,0.0,0.0,,0.0,0.0,0.0,0.0,0.0,0.0,0.0,0.0,,0.0,,,,,,
2026-08-20 00:00,0.0,,0.0,0.0,0.0,0.0,0.0,0.0,,0.0,0.0,0.0,0.0,0.0,0.0,0.0,0.0,,0.0,,,,,,
2026-08-20 01:00,0.0,,0.0,0.0,0.0,0.0,0.0,0.0,,0.0,0.0,0.0,0.0,0.0,0.0,0.0,0.0,,0.0,,,,,,
2026-08-20 02:00,0.0,,0.0,0.0,0.0,0.0,0.0,0.0,,0.0,0.0,0.0,0.0,0.0,0.0,0.0,0.0,,0.0,,,,,,
2026-08-20 03:00,0.0,,0.0,0.0,0.0,0.0,0.0,0.0,,0.0,0.0,0.0,0.0,0.0,0.0,0.0,0.0,,0.0,,,,,,
2026-08-20 04:00,0.0,,0.0,0.0,0.0,0.0,0.0,0.0,,0.0,0.0,0.0,0.0,0.0,0.0,0.0,0.0,,0.0,,,,,,
2026-08-20 05:00,26.33,,12.5,24.33,13.67,17.83,20.33,22.0,,12.33,17.5,21.5,22.83,17.0,23.17,27.0,29.17,,22.33,,,,,,
2026-08-20 06:00,198.5,,152.33,198.17,81.83,162.83,160.5,168.17,298.0,147.17,199.33,181.33,186.67,181.67,196.83,180.17,196.17,,177.5,,,,,,
2026-08-20 07:00,420.33,,393.5,424.67,395.83,382.33,386.17,396.33,410.67,379.33,421.5,403.0,384.17,367.17,414.67,392.5,413.5,,402.0,,,,,,
2026-08-20 08:00,622.17,,591.17,628.17,595.33,589.0,555.33,587.83,615.83,595.5,624.67,575.0,582.83,516.83,605.67,600.83,621.83,,615.17,,,,,,
2026-08-20 09:00,773.5,,738.0,782.67,759.83,749.83,711.0,770.17,776.83,768.83,784.83,737.67,775.67,757.83,755.83,762.33,782.5,,790.5,,,,,,
2026-08-20 10:00,875.33,,854.33,895.0,879.67,865.0,892.67,885.83,876.83,873.83,883.17,851.83,892.0,880.67,860.33,892.33,893.83,,912.0,,,,,,
2026-08-20 11:00,926.17,,922.83,950.83,934.17,926.0,904.83,950.83,951.83,923.0,936.0,925.33,957.5,939.33,905.67,968.0,955.67,,968.5,,,,,,
2026-08-20 12:00,927.17,,897.83,941.17,914.83,911.17,865.83,954.0,945.17,915.67,944.67,922.83,955.17,935.17,892.83,960.33,957.5,,958.5,,,,,,
2026-08-20 13:00,865.5,,842.67,862.0,838.33,855.17,804.0,885.0,864.5,832.83,865.33,847.67,882.0,865.17,818.67,877.33,882.17,,881.33,,,,,,
2026-08-20 14:00,739.83,,725.17,717.17,704.5,742.83,568.33,751.33,734.17,703.0,725.17,724.5,745.0,730.33,694.67,732.33,738.17,,740.0,,,,,,
2026-08-20 15:00,546.17,,539.17,252.5,513.17,572.0,369.0,567.67,550.0,521.33,550.67,535.17,560.83,521.17,520.67,530.17,544.5,,557.5,,,,,,
2026-08-20 16:00,332.17,,327.67,77.33,300.83,352.0,256.33,303.83,338.67,325.83,325.17,300.17,319.0,299.0,319.17,331.33,321.17,,341.33,,,,,,
2026-08-20 17:00,117.5,,74.67,43.5,103.5,129.0,68.83,100.0,190.5,94.67,107.17,97.17,127.0,77.67,117.0,109.67,116.67,,126.33,,,,,,
2026-08-20 18:00,6.67,,4.33,5.17,4.67,5.83,7.33,10.0,,3.67,9.33,6.67,8.5,7.33,4.83,7.0,6.0,,9.17,,,,,,
2026-08-20 19:00,0.0,,0.0,0.0,0.0,0.0,0.0,0.0,,0.0,0.0,0.0,0.0,0.0,0.0,0.0,0.0,,0.0,,,,,,
2026-08-20 20:00,0.0,,0.0,0.0,0.0,0.0,0.0,0.0,,0.0,0.0,0.0,0.0,0.0,0.0,0.0,0.0,,0.0,,,,,,
2026-08-20 21:00,0.0,,0.0,0.0,0.0,0.0,0.0,0.0,,0.0,0.0,0.0,0.0,0.0,0.0,0.0,0.0,,0.0,,,,,,
2026-08-20 22:00,0.0,,0.0,0.0,0.0,0.0,0.0,0.0,,0.0,0.0,0.0,0.0,0.0,0.0,0.0,0.0,,0.0,,,,,,
2026-08-20 23:00,0.0,,0.0,0.0,0.0,0.0,0.0,0.0,,0.0,0.0,0.0,0.0,0.0,0.0,0.0,0.0,,0.0,,,,,,
2026-08-21 00:00,0.0,,0.0,0.0,0.0,0.0,0.0,0.0,,0.0,0.0,0.0,0.0,0.0,0.0,0.0,0.0,,0.0,,,,,,
2026-08-21 01:00,0.0,,0.0,0.0,0.0,0.0,0.0,0.0,,0.0,0.0,0.0,0.0,0.0,0.0,0.0,0.0,,0.0,,,,,,
2026-08-21 02:00,0.0,,0.0,0.0,0.0,0.0,0.0,0.0,,0.0,0.0,0.0,0.0,0.0,0.0,0.67,0.0,,0.0,,,,,,
2026-08-21 03:00,0.0,,0.0,0.0,0.0,0.0,0.0,0.0,,0.0,0.0,0.0,0.0,0.0,0.0,0.67,0.0,,0.0,,,,,,
2026-08-21 04:00,0.0,,0.0,0.0,0.0,0.0,0.0,0.0,,0.0,0.0,0.0,0.0,0.0,0.0,0.33,0.0,,0.0,,,,,,
2026-08-21 05:00,16.83,,13.33,22.67,14.67,12.67,13.67,12.0,,12.5,13.83,20.33,20.83,17.17,19.17,17.0,8.67,,18.5,,,,,,
2026-08-21 06:00,136.33,,143.33,186.83,86.83,98.67,103.17,128.67,288.0,119.67,155.33,166.83,168.0,169.33,173.33,124.83,73.0,,169.17,,,,,,
2026-08-21 07:00,382.67,,306.83,415.33,374.83,260.83,256.0,364.33,402.67,191.67,297.5,391.17,386.17,386.0,392.0,347.17,314.0,,350.33,,,,,,
2026-08-21 08:00,577.17,,445.83,622.17,577.67,559.83,587.33,634.33,607.17,426.0,536.5,553.17,552.67,551.0,593.17,518.33,579.5,,582.17,,,,,,
2026-08-21 09:00,738.67,,704.33,783.67,749.67,760.0,740.67,766.83,781.17,776.17,764.5,734.17,743.17,762.83,753.33,739.83,751.33,,789.33,,,,,,
2026-08-21 10:00,845.33,,823.67,891.83,864.17,863.67,744.67,881.83,903.17,868.0,868.67,860.0,857.33,872.0,854.5,866.33,868.17,,900.5,,,,,,
2026-08-21 11:00,892.0,,894.17,941.33,917.33,920.67,903.83,950.67,952.33,915.5,921.33,925.33,897.5,944.17,895.5,935.0,934.83,,958.83,,,,,,
2026-08-21 12:00,895.17,,896.33,933.33,905.67,905.0,903.67,953.67,932.33,908.17,929.67,921.83,953.33,928.67,881.17,928.67,940.5,,944.83,,,,,,
2026-08-21 13:00,832.5,,841.5,853.83,828.5,844.83,854.67,838.33,855.5,827.17,855.33,838.67,828.83,865.83,808.33,849.83,863.33,,872.83,,,,,,
2026-08-21 14:00,723.0,,723.83,721.67,687.33,730.17,774.17,731.0,729.17,698.67,720.67,716.0,709.83,709.17,690.83,720.67,710.5,,741.83,,,,,,
2026-08-21 15:00,541.33,,543.17,249.0,501.83,563.0,592.83,456.5,549.0,520.0,544.33,541.17,499.17,477.67,519.33,525.83,518.5,,563.17,,,,,,
2026-08-21 16:00,325.67,,320.5,80.5,295.5,345.83,336.5,329.5,333.5,321.0,314.83,258.67,250.83,151.0,296.5,328.33,307.0,,347.83,,,,,,
2026-08-21 17:00,115.83,,69.5,47.83,97.17,120.67,133.33,86.33,165.0,96.33,102.33,53.33,73.17,63.17,60.83,108.17,107.0,,126.67,,,,,,
2026-08-21 18:00,5.83,,4.17,4.83,4.33,5.17,5.33,6.33,,3.17,8.0,3.0,5.5,4.33,3.33,6.5,4.67,,7.67,,,,,,
2026-08-21 19:00,0.0,,0.0,0.0,0.0,0.0,0.0,0.0,,0.0,0.0,0.0,0.0,0.0,0.0,0.0,0.0,,0.0,,,,,,
2026-08-21 20:00,0.0,,0.0,0.0,0.0,0.0,0.0,0.0,,0.0,0.0,0.0,0.0,0.0,0.0,0.0,0.0,,0.0,,,,,,
2026-08-21 21:00,0.0,,0.0,0.0,0.0,0.0,0.0,0.0,,0.0,0.0,0.0,0.0,0.0,0.0,0.0,0.0,,0.0,,,,,,
2026-08-21 22:00,0.0,,0.0,0.0,0.0,0.0,0.0,0.0,,0.0,0.0,0.0,0.0,0.0,0.0,0.0,0.0,,0.0,,,,,,
2026-08-21 23:00,0.0,,0.0,0.0,0.0,0.0,0.0,0.0,,0.0,0.0,0.0,0.0,0.0,0.0,0.0,0.0,,0.0,,,,,,
2026-08-22 00:00,0.0,,0.0,0.5,0.0,0.0,0.0,0.0,,0.0,0.0,0.0,0.0,0.0,0.0,0.0,0.0,,0.0,,,,,,
2026-08-22 01:00,0.0,,0.0,0.0,0.0,0.0,0.0,0.0,,0.0,0.0,0.0,0.0,0.0,0.0,0.67,0.0,,0.0,,,,,,
2026-08-22 02:00,0.0,,0.0,0.0,0.0,0.0,0.0,0.0,,0.0,0.0,0.0,0.0,0.0,0.0,1.0,0.0,,0.0,,,,,,
2026-08-22 03:00,0.0,,0.0,0.0,0.0,0.0,0.0,0.0,,0.0,0.0,0.0,0.33,0.0,0.0,0.0,0.0,,0.0,,,,,,
2026-08-22 04:00,0.0,,0.0,0.0,0.0,0.0,0.0,0.0,,0.0,0.0,0.0,0.0,0.0,0.0,0.0,0.0,,0.0,,,,,,
2026-08-22 05:00,15.33,,13.83,17.5,15.17,7.83,16.17,17.0,,11.5,16.33,15.83,13.33,13.17,10.83,20.5,12.83,,13.5,,,,,,
2026-08-22 06:00,124.83,,130.67,150.0,97.5,76.83,140.83,156.5,298.0,144.17,166.33,155.67,111.5,153.17,94.0,152.17,107.67,,122.83,,,,,,
2026-08-22 07:00,378.17,,351.17,332.17,346.83,150.33,356.17,377.83,362.17,368.83,395.33,340.0,351.67,377.0,347.67,358.17,331.5,,257.0,,,,,,
2026-08-22 08:00,606.67,,553.83,586.67,558.67,285.67,561.67,601.5,588.67,547.0,600.83,472.83,567.17,545.0,570.83,562.0,482.67,,546.17,,,,,,
2026-08-22 09:00,738.17,,697.83,778.17,732.0,691.67,743.67,722.17,766.5,768.33,758.0,755.33,742.5,629.17,725.83,729.17,740.0,,647.83,,,,,,
2026-08-22 10:00,831.5,,817.0,892.67,849.0,871.33,880.33,855.83,894.0,875.17,866.33,726.0,766.0,822.83,845.17,859.33,857.5,,852.67,,,,,,
2026-08-22 11:00,886.83,,887.33,911.17,911.83,929.5,954.67,954.67,960.83,928.33,914.0,924.0,913.0,932.67,888.33,928.83,920.5,,957.83,,,,,,
2026-08-22 12:00,892.33,,887.5,931.0,899.5,910.17,965.33,953.33,929.83,918.0,921.33,930.33,920.33,919.17,870.67,923.67,919.33,,952.5,,,,,,
2026-08-22 13:00,832.17,,832.17,788.33,821.33,851.17,903.33,879.5,798.17,829.83,856.5,840.0,827.83,847.67,751.83,853.0,838.33,,880.17,,,,,,
2026-08-22 14:00,716.83,,707.83,657.0,694.17,735.83,769.33,750.5,736.0,698.5,710.17,726.33,732.67,718.67,648.0,716.5,701.67,,747.33,,,,,,
2026-08-22 15:00,529.83,,518.67,209.67,364.67,561.33,501.83,559.17,517.83,523.0,540.83,527.5,469.67,529.17,299.67,506.33,517.17,,567.33,,,,,,
2026-08-22 16:00,315.0,,302.0,100.67,303.17,338.67,210.67,297.83,325.0,333.67,277.5,272.83,298.5,242.5,134.67,306.33,301.83,,349.5,,,,,,
2026-08-22 17:00,108.0,,68.17,56.5,102.67,121.83,66.67,115.5,157.0,99.33,77.83,69.83,90.5,75.5,53.83,100.5,104.67,,123.83,,,,,,
2026-08-22 18:00,5.67,,4.5,4.67,4.33,4.67,4.0,6.83,,2.67,4.83,5.83,5.83,6.17,3.33,6.0,5.17,,7.83,,,,,,
2026-08-22 19:00,0.0,,0.0,0.0,0.0,0.0,0.0,0.0,,0.0,0.0,0.0,0.0,0.0,0.0,0.0,0.0,,0.0,,,,,,
2026-08-22 20:00,0.0,,0.0,0.0,0.0,0.0,0.0,0.0,,0.0,0.0,0.0,0.0,0.0,0.0,0.0,0.0,,0.0,,,,,,
2026-08-22 21:00,0.0,,0.0,0.0,0.0,0.0,0.0,0.0,,0.0,0.0,0.0,0.0,0.0,0.0,0.0,0.0,,0.0,,,,,,
2026-08-22 22:00,0.0,,0.0,0.0,0.0,0.0,0.0,0.0,,0.0,0.0,0.0,0.0,0.0,0.0,0.0,0.0,,0.0,,,,,,
2026-08-22 23:00,0.0,,0.0,0.0,0.0,0.0,0.0,0.0,,0.0,0.0,0.0,0.0,0.0,0.0,0.0,0.0,,0.0,,,,,,
2026-08-23 00:00,0.0,,0.0,0.0,0.0,0.0,0.0,0.0,,0.0,0.0,0.0,0.0,0.0,0.0,0.0,0.0,,0.0,,,,,,
2026-08-23 01:00,0.0,,0.0,0.0,0.0,0.0,0.0,0.0,,0.0,0.0,0.0,0.0,0.0,0.0,0.0,0.0,,0.0,,,,,,
2026-08-23 02:00,0.0,,0.0,0.0,0.0,0.0,0.0,0.0,,0.0,0.0,0.0,0.0,0.0,0.0,0.0,0.0,,0.0,,,,,,
2026-08-23 03:00,0.0,,0.0,0.0,0.0,0.0,0.0,0.0,,0.0,0.0,0.0,0.0,0.0,0.0,0.0,0.0,,0.0,,,,,,
2026-08-23 04:00,0.0,,0.0,0.0,0.0,0.0,0.0,0.0,,0.0,0.0,0.0,0.0,0.0,0.0,0.0,0.0,,0.0,,,,,,
2026-08-23 05:00,16.33,,13.83,23.67,13.67,16.83,17.33,21.83,,10.17,16.67,20.17,19.83,16.17,17.33,24.33,16.67,,22.17,,,,,,
2026-08-23 06:00,181.67,,128.67,194.67,79.33,170.5,155.5,194.83,,146.67,179.67,173.0,172.0,168.67,181.17,160.5,83.17,,89.5,,,,,,
2026-08-23 07:00,404.0,,372.5,425.33,380.67,398.83,369.83,402.83,363.2,394.83,390.83,394.17,396.67,348.67,404.0,370.67,270.67,,228.17,,,,,,
2026-08-23 08:00,652.5,,570.83,628.0,589.83,607.67,580.17,602.17,616.17,611.5,555.67,595.17,609.17,505.0,605.67,579.5,588.17,,616.33,,,,,,
2026-08-23 09:00,762.33,,719.83,803.0,759.83,767.83,759.83,768.33,792.0,781.33,769.33,734.67,767.83,615.17,766.5,748.83,769.83,,794.33,,,,,,
2026-08-23 10:00,847.0,,829.5,915.17,874.0,880.0,892.67,893.67,912.67,882.17,876.17,830.0,856.0,833.0,864.67,874.33,873.5,,920.83,,,,,,
2026-08-23 11:00,893.5,,902.5,965.5,929.17,937.0,966.83,957.83,969.83,926.83,934.5,921.83,947.0,941.67,908.5,937.83,930.17,,979.83,,,,,,
2026-08-23 12:00,878.83,,902.67,949.83,917.67,918.83,979.5,958.5,937.83,921.67,941.33,928.67,960.17,932.5,893.0,937.67,928.0,,972.83,,,,,,
2026-08-23 13:00,840.83,,846.17,839.0,834.67,857.5,912.67,886.17,862.83,841.5,870.33,856.5,888.0,862.33,831.17,880.0,851.33,,895.83,,,,,,
2026-08-23 14:00,735.33,,723.83,672.83,697.17,743.83,734.17,755.0,739.5,704.5,731.67,738.67,759.17,739.67,698.83,739.83,713.0,,759.33,,,,,,
2026-08-23 15:00,539.83,,544.17,226.33,492.5,569.33,589.17,582.17,565.67,518.83,549.5,546.5,575.5,519.33,524.17,535.17,525.5,,565.17,,,,,,
2026-08-23 16:00,325.17,,324.83,60.83,310.0,344.83,377.5,364.5,350.5,321.67,314.17,320.67,356.0,339.67,331.83,332.33,311.83,,352.17,,,,,,
2026-08-23 17:00,118.33,,60.0,34.17,103.5,125.17,137.67,126.33,197.0,95.67,96.17,111.17,127.17,123.0,122.83,109.33,111.5,,136.33,,,,,,
2026-08-23 18:00,4.33,,3.17,3.83,3.17,3.83,4.0,7.83,,2.5,7.17,7.5,7.67,4.83,3.33,5.0,4.0,,7.33,,,,,,
2026-08-23 19:00,0.0,,0.0,0.0,0.0,0.0,0.0,0.0,,0.0,0.0,0.0,0.0,0.0,0.0,0.0,0.0,,0.0,,,,,,
2026-08-23 20:00,0.0,,0.0,0.0,0.0,0.0,0.0,0.0,,0.0,0.0,0.0,0.0,0.0,0.0,0.0,0.0,,0.0,,,,,,
2026-08-23 21:00,0.0,,0.0,0.0,0.0,0.0,0.0,0.0,,0.0,0.0,0.0,0.0,0.0,0.0,0.0,0.0,,0.0,,,,,,
2026-08-23 22:00,0.0,,0.0,0.0,0.0,0.0,0.0,0.0,,0.0,0.0,0.0,0.0,0.0,0.0,0.0,0.0,,0.0,,,,,,
2026-08-23 23:00,0.0,,0.0,0.0,0.0,0.0,0.0,0.0,,0.0,0.0,0.0,0.0,0.0,0.0,0.0,0.0,,0.0,,,,,,
2026-08-24 00:00,0.0,,0.0,0.0,0.0,0.0,0.0,0.0,,0.0,0.0,0.0,0.0,0.0,0.0,0.0,0.0,,0.0,,,,,,
2026-08-24 01:00,0.0,,0.0,0.0,0.0,0.0,0.0,0.0,,0.0,0.0,0.0,0.0,0.0,0.0,0.0,0.0,,0.0,,,,,,
2026-08-24 02:00,0.0,,0.0,0.0,0.0,0.0,0.0,0.0,,0.0,0.0,0.0,0.0,0.0,0.0,0.0,0.0,,0.0,,,,,,
2026-08-24 03:00,0.0,,0.0,0.0,0.0,0.0,0.0,0.0,,0.0,0.0,0.0,0.0,0.0,0.0,0.0,0.0,,0.0,,,,,,
2026-08-24 04:00,0.0,,0.0,0.0,0.0,0.0,0.0,0.0,,0.0,0.0,0.0,0.0,0.0,0.0,0.0,0.0,,0.0,,,,,,
2026-08-24 05:00,16.17,,12.0,21.67,12.0,15.17,18.0,19.0,,9.67,15.83,19.33,19.33,15.0,17.83,19.33,22.33,,16.83,,,,,,
2026-08-24 06:00,104.33,,138.83,192.67,75.0,162.0,161.0,112.17,299.0,137.33,189.83,146.33,179.67,160.67,184.33,167.67,154.33,,175.5,,,,,,
2026-08-24 07:00,308.0,,381.17,427.33,393.5,386.33,378.33,329.17,420.83,381.33,423.83,391.0,403.17,385.33,403.5,381.0,414.0,,402.17,,,,,,
2026-08-24 08:00,621.5,,569.83,629.17,597.67,592.33,584.17,589.67,616.0,593.0,627.33,605.5,615.0,600.5,606.0,589.0,611.67,,619.17,,,,,,
2026-08-24 09:00,762.67,,721.67,798.33,769.17,753.5,771.83,788.5,787.83,766.5,791.5,751.67,766.33,770.67,762.17,757.33,774.5,,794.0,,,,,,
2026-08-24 10:00,857.0,,831.67,909.0,888.33,866.67,911.0,915.83,910.83,868.83,889.33,866.67,882.83,886.33,865.17,880.5,885.83,,916.0,,,,,,
2026-08-24 11:00,907.0,,908.33,960.5,935.33,920.83,983.83,974.0,964.83,913.5,941.0,925.5,939.17,949.33,905.83,947.33,939.33,,978.5,,,,,,
2026-08-24 12:00,909.0,,902.67,942.5,921.67,902.17,983.0,957.33,958.83,900.83,952.33,915.5,938.5,952.33,896.33,933.33,936.5,,975.5,,,,,,
2026-08-24 13:00,847.5,,817.5,872.83,844.17,837.33,926.17,889.83,883.0,817.83,874.67,856.17,899.17,882.17,823.5,868.0,858.17,,899.33,,,,,,
2026-08-24 14:00,723.83,,724.33,724.83,708.5,719.83,803.17,766.33,724.17,686.5,727.17,750.17,774.17,750.33,704.5,734.83,714.83,,762.5,,,,,,
2026-08-24 15:00,550.5,,547.33,213.33,512.5,549.17,623.67,596.33,562.0,508.17,557.33,560.83,587.0,544.67,533.33,527.33,532.67,,563.17,,,,,,
2026-08-24 16:00,332.0,,319.33,55.67,301.5,337.17,396.5,372.5,350.5,311.33,323.17,328.0,365.0,348.5,330.0,319.67,309.17,,350.17,,,,,,
2026-08-24 17:00,122.83,,55.5,32.17,103.67,118.5,143.0,131.17,198.5,90.33,109.83,115.0,132.5,127.83,123.17,108.83,112.83,,133.5,,,,,,
2026-08-24 18:00,3.5,,3.0,3.33,3.83,3.67,3.17,8.33,,2.5,7.0,7.83,8.0,3.83,2.83,5.0,3.5,,7.33,,,,,,
2026-08-24 19:00,0.0,,0.0,0.0,0.0,0.0,0.0,0.0,,0.0,0.0,0.0,0.0,0.0,0.0,0.0,0.0,,0.0,,,,,,
2026-08-24 20:00,0.0,,0.0,0.0,0.0,0.0,0.0,0.0,,0.0,0.0,0.0,0.0,0.0,0.0,0.0,0.0,,0.0,,,,,,
2026-08-24 21:00,0.0,,0.0,0.0,0.0,0.0,0.0,0.0,,0.0,0.0,0.0,0.0,0.0,0.0,0.0,0.0,,0.0,,,,,,
2026-08-24 22:00,0.0,,0.0,0.0,0.0,0.0,0.0,0.0,,0.0,0.0,0.0,0.0,0.0,0.0,0.0,0.0,,0.0,,,,,,
2026-08-24 23:00,0.0,,0.0,0.0,0.0,0.0,0.0,0.0,,0.0,0.0,0.0,0.0,0.0,0.0,0.0,0.0,,0.0,,,,,,
2026-08-25 00:00,0.0,,0.0,0.0,0.0,0.0,0.0,0.0,,0.0,0.0,0.0,0.0,0.0,0.0,0.0,0.0,,0.0,,,,,,
2026-08-25 01:00,0.0,,0.0,0.0,0.0,0.0,0.0,0.0,,0.0,0.0,0.0,0.0,0.0,0.0,0.0,0.0,,0.0,,,,,,
2026-08-25 02:00,0.0,,0.0,0.0,0.0,0.0,0.0,0.0,,0.0,0.0,0.0,0.0,0.0,0.0,0.0,0.0,,0.0,,,,,,
2026-08-25 03:00,0.0,,0.0,0.0,0.0,0.0,0.0,0.0,,0.0,0.0,0.0,0.0,0.0,0.0,0.0,0.0,,0.0,,,,,,
2026-08-25 04:00,0.0,,0.0,0.0,0.0,0.0,0.0,0.0,,0.0,0.0,0.0,0.0,0.0,0.0,0.0,0.0,,0.0,,,,,,
2026-08-25 05:00,23.5,,12.83,23.5,10.83,14.67,17.5,10.83,,9.0,14.5,19.17,20.17,14.5,18.33,22.83,26.0,,20.0,,,,,,
2026-08-25 06:00,123.5,,90.17,200.67,71.17,170.17,151.83,99.0,308.0,140.33,174.67,184.5,180.5,173.5,193.83,163.17,178.0,,194.0,,,,,,
2026-08-25 07:00,304.67,,318.33,435.67,405.83,398.83,351.0,293.67,422.5,399.0,372.17,376.33,399.5,389.83,411.5,371.67,405.83,,425.67,,,,,,
2026-08-25 08:00,607.0,,557.17,650.0,606.33,608.17,573.0,521.83,635.17,618.0,616.5,604.17,606.83,604.0,618.0,580.67,609.0,,639.5,,,,,,
2026-08-25 09:00,756.83,,714.17,820.17,775.0,770.5,752.33,794.83,812.0,788.67,781.5,758.67,779.33,776.0,780.5,753.33,772.5,,822.0,,,,,,
2026-08-25 10:00,850.67,,825.83,935.33,898.0,887.0,893.67,925.83,930.17,896.17,881.5,871.33,904.83,892.0,880.17,882.83,882.17,,946.83,,,,,,
2026-08-25 11:00,900.5,,903.17,983.33,954.17,943.0,963.67,979.17,988.83,945.5,938.33,942.33,965.83,950.67,914.0,948.5,936.5,,1004.5,,,,,,
2026-08-25 12:00,902.5,,890.17,959.17,940.5,927.5,963.33,963.67,975.0,937.17,942.17,951.0,964.83,948.83,903.0,940.0,930.17,,992.67,,,,,,
2026-08-25 13:00,852.83,,836.83,904.25,858.17,865.17,893.0,909.67,882.5,843.33,864.17,878.67,902.0,876.83,827.67,876.67,851.0,,914.67,,,,,,
2026-08-25 14:00,735.33,,721.0,740.17,717.17,748.17,762.5,784.67,752.5,710.67,719.5,757.67,772.0,743.5,716.67,741.67,715.17,,767.0,,,,,,
2026-08-25 15:00,543.33,,530.33,197.67,532.5,578.33,584.33,598.33,576.5,528.17,530.33,561.0,564.17,539.67,547.83,535.67,517.83,,570.5,,,,,,
2026-08-25 16:00,324.67,,296.83,46.67,322.33,352.83,355.33,365.17,360.17,332.67,301.83,325.83,348.17,337.83,342.17,320.5,289.5,,356.17,,,,,,
2026-08-25 17:00,103.0,,56.0,28.33,102.5,128.17,63.5,125.0,204.5,100.83,95.0,110.17,124.33,116.83,123.17,98.83,95.67,,135.33,,,,,,
2026-08-25 18:00,3.17,,2.67,2.67,2.33,2.33,3.5,6.5,,1.83,4.83,6.0,6.33,3.5,2.17,4.17,2.33,,6.33,,,,,,
2026-08-25 19:00,0.0,,0.0,0.0,0.0,0.0,0.0,0.0,,0.0,0.0,0.0,0.0,0.0,0.0,0.0,0.0,,0.0,,,,,,
2026-08-25 20:00,0.0,,0.0,0.0,0.0,0.0,0.0,0.0,,0.0,0.0,0.0,0.0,0.0,0.0,0.0,0.0,,0.0,,,,,,
2026-08-25 21:00,0.0,,0.0,0.0,0.0,0.0,0.0,0.0,,0.0,0.0,0.0,0.0,0.0,0.0,0.0,0.0,,0.0,,,,,,
2026-08-25 22:00,0.0,,0.0,0.0,0.0,0.0,0.0,0.0,,0.0,0.0,0.0,0.0,0.0,0.0,0.0,0.0,,0.0,,,,,,
2026-08-25 23:00,0.0,,0.0,0.0,0.0,0.0,0.0,0.0,,0.0,0.0,0.0,0.0,0.0,0.0,0.0,0.0,,0.0,,,,,,
2026-08-26 00:00,0.0,,0.0,0.0,0.0,0.0,0.0,0.0,,0.0,0.0,0.0,0.0,0.0,0.0,0.0,0.0,,0.0,,,,,,
2026-08-26 01:00,0.0,,0.0,0.0,0.0,0.0,0.0,0.0,,0.0,0.0,0.0,0.0,0.0,0.0,0.0,0.0,,0.0,,,,,,
2026-08-26 02:00,0.0,,0.0,0.0,0.0,0.0,0.0,0.0,,0.0,0.0,0.0,0.0,0.0,0.0,0.0,0.0,,0.0,,,,,,
2026-08-26 03:00,0.0,,0.0,0.0,0.0,0.0,0.0,0.0,,0.0,0.0,0.0,0.0,0.0,0.0,0.0,0.0,,0.0,,,,,,
2026-08-26 04:00,0.0,,0.0,0.0,0.0,0.0,0.0,0.0,,0.0,0.0,0.0,0.0,0.0,0.0,0.17,0.0,,0.0,,,,,,
2026-08-26 05:00,15.83,,12.0,21.83,12.33,16.17,15.67,17.33,,8.33,17.0,12.83,16.0,16.33,17.67,20.67,19.67,,19.0,,,,,,
2026-08-26 06:00,130.5,,126.83,186.83,76.67,178.0,145.5,170.5,234.0,143.67,172.67,91.67,140.17,152.0,177.67,157.67,120.33,,178.67,,,,,,
2026-08-26 07:00,385.0,,359.83,408.5,383.17,411.0,357.67,383.33,398.17,408.17,392.0,331.5,371.0,366.17,388.33,364.0,372.33,,403.5,,,,,,
2026-08-26 08:00,587.0,,557.0,613.83,589.83,622.67,567.33,596.17,611.17,625.83,602.17,586.0,585.0,581.0,591.0,574.0,599.67,,622.0,,,,,,
2026-08-26 09:00,751.0,,699.67,777.17,764.33,779.83,743.83,774.5,780.67,794.5,774.67,734.33,761.5,757.0,753.17,752.83,758.67,,798.17,,,,,,
2026-08-26 10:00,840.5,,811.17,874.33,882.33,890.17,878.67,895.17,901.33,892.83,873.5,850.5,881.83,870.0,856.67,866.83,869.17,,923.0,,,,,,
2026-08-26 11:00,885.17,,882.83,945.83,929.83,942.83,947.6,952.17,955.83,938.0,923.83,903.83,952.67,927.5,896.5,929.5,917.0,,978.0,,,,,,
2026-08-26 12:00,888.0,,874.33,943.33,912.83,919.83,,947.83,946.0,924.67,928.67,908.33,943.83,922.33,883.67,916.67,907.33,,971.67,,,,,,
2026-08-26 13:00,845.67,,815.83,887.0,836.83,854.83,,875.33,860.5,836.17,854.33,841.5,870.0,853.33,819.17,865.33,831.83,,896.0,,,,,,
2026-08-26 14:00,729.17,,705.17,,695.5,739.83,,746.17,723.67,702.5,713.33,728.0,741.5,720.5,704.0,731.0,698.33,,750.0,,,,,,
2026-08-26 15:00,546.17,,524.83,,517.33,564.83,,569.17,550.17,520.83,526.67,536.83,539.5,525.0,527.17,535.67,514.83,,552.33,,,,,,
2026-08-26 16:00,322.17,,305.17,,326.33,345.0,,342.0,339.33,321.33,298.17,308.17,327.33,326.33,320.67,323.5,292.33,,343.5,,,,,,
2026-08-26 17:00,104.67,,50.67,,97.67,120.67,,113.83,187.5,95.83,96.0,100.5,111.33,110.5,110.5,98.0,100.83,,126.17,,,,,,
2026-08-26 18:00,2.83,,2.0,,2.17,2.17,,5.33,,1.83,4.5,4.67,5.17,3.33,1.83,3.33,2.33,,4.83,,,,,,
2026-08-26 19:00,0.0,,0.0,0.0,0.0,0.0,,0.0,,0.0,0.0,0.0,0.0,0.0,0.0,0.0,0.0,,0.0,,,,,,
2026-08-26 20:00,0.0,,0.0,0.0,0.0,0.0,,0.0,,0.0,0.0,0.0,0.0,0.0,0.0,0.0,0.0,,0.0,,,,,,
2026-08-26 21:00,0.0,,0.0,0.0,0.0,0.0,,0.0,,0.0,0.0,0.0,0.0,0.0,0.0,0.0,0.0,,0.0,,,,,,
2026-08-26 22:00,0.0,,0.0,0.0,0.0,0.0,,0.0,,0.0,0.0,0.0,0.0,0.0,0.0,0.0,0.0,,0.0,,,,,,
2026-08-26 23:00,0.0,,0.0,0.0,0.0,0.0,,0.0,,0.0,0.0,0.0,0.0,0.0,0.0,0.0,0.0,,0.0,,,,,,
2026-08-27 00:00,,,,,,,,,,,,,,,,,,,,,,,,,
2026-08-27 01:00,,,,,,,,,,,,,,,,,,,,,,,,,
2026-08-27 02:00,,,,,,,,,,,,,,,,,,,,,,,,,
2026-08-27 03:00,,,,,,,,,,,,,,,,,,,,,,,,,
2026-08-27 04:00,,,,,,,,,,,,,,,,,,,,,,,,,
2026-08-27 05:00,,,,,,,,,,,,,,,,,,,,,,,,,
2026-08-27 06:00,,,,,,,,,,,,,,,,,,,,,,,,,
2026-08-27 07:00,,,,,,,,,,,,,,,,,,,,,,,,,
2026-08-27 08:00,,,,,,,,,,,,,,,,,,,,,,,,,
2026-08-27 09:00,,,,,,,,,,,,,,,,,,,,,,,,,
2026-08-27 10:00,,,,,,,,,,,,,,,,,,,,,,,,,
2026-08-27 11:00,,,,,,,,,,,,,,,,,,,,,,,,,
2026-08-27 12:00,,,,,,,,,,,,,,,,,,,,,,,,,
2026-08-27 13:00,,,,,,,,,,,,,,,,,,,,,,,,,
2026-08-27 14:00,,,,,,,,,,,,,,,,,,,,,,,,,
2026-08-27 15:00,,,,,,,,,,,,,,,,,,,,,,,,,
2026-08-27 16:00,,,,,,,,,,,,,,,,,,,,,,,,,
