date,peak_hour,peak_mw,capacity_mw,reserve_mw,reserve_pct,renewables_mw,storage_mw,demand_response,event,explained,temp_station,temp_kind,temp_c,temp_rank,note
2022-01-01,18:28,10272.0,13337.0,3065.0,29.84,13.0,243.0,False,,False,,,,,
2022-01-02,19:34,11077.0,13816.0,2738.0,24.72,18.0,243.0,False,,False,,,,,
2022-01-03,18:43,11220.0,14180.0,2960.0,26.38,13.0,250.0,False,,False,,,,,
2022-01-04,18:53,11488.0,13324.0,1835.0,15.97,111.0,267.0,False,,False,,,,,
2022-01-05,18:54,11394.0,14082.0,2688.0,23.59,115.0,176.0,False,,False,,,,,
2022-01-06,19:07,10643.0,13999.0,3355.0,31.52,120.0,303.0,False,,False,,,,,
2022-01-07,18:03,9403.0,12867.0,3463.0,36.83,11.0,302.0,False,,False,,,,,
2022-01-08,19:29,9622.0,13898.0,4276.0,44.44,116.0,212.0,False,,False,,,,,
2022-01-09,19:05,10885.0,13256.0,2371.0,21.78,25.0,233.0,False,,False,,,,,
2022-01-10,19:08,11256.0,13206.0,1950.0,17.32,122.0,130.0,False,,False,,,,,
2022-01-11,19:26,11297.0,14169.0,2872.0,25.42,120.0,227.0,False,,False,,,,,
2022-01-12,19:08,11187.0,13592.0,2404.0,21.49,13.0,251.0,False,,False,,,,,
2022-01-13,18:58,11221.0,13917.0,2696.0,24.03,18.0,254.0,False,,False,,,,,
2022-01-14,16:43,11260.0,14907.0,3647.0,32.39,442.0,168.0,False,,False,,,,,
2022-01-15,18:32,11970.0,14149.0,2179.0,18.2,15.0,254.0,False,,False,,,,,
2022-01-16,18:23,13370.0,14226.0,856.0,6.4,19.0,277.0,False,tight reserve,True,JERUSALEM CENTRE,min,3.1,0.0376,"tight reserve — Jerusalem Centre 3.1 °C, colder than 96% of winter days"
2022-01-17,19:00,14038.0,15064.0,1146.0,8.16,15.0,250.0,True,"demand response, tight reserve",True,BET DAGAN,min,2.0,0.0029,"demand response, tight reserve — Bet Dagan 2.0 °C, colder than 100% of winter days"
2022-01-18,19:18,13839.0,15241.0,1403.0,10.14,169.0,229.0,False,,False,,,,,
2022-01-19,18:34,14737.0,15378.0,771.0,5.23,103.0,247.0,True,"demand response, tight reserve",True,JERUSALEM CENTRE,min,1.0,0.0087,"demand response, tight reserve — Jerusalem Centre 1.0 °C, colder than 99% of winter days"
2022-01-20,18:39,14012.0,15335.0,1453.0,10.37,90.0,214.0,True,demand response,True,JERUSALEM CENTRE,min,0.4,0.0043,"demand response — Jerusalem Centre 0.4 °C, colder than 100% of winter days"
2022-01-21,18:07,12165.0,15208.0,3043.0,25.01,119.0,238.0,False,,False,,,,,
2022-01-22,19:18,12304.0,14883.0,2579.0,20.96,121.0,257.0,False,,False,,,,,
2022-01-23,18:29,14142.0,15273.0,1331.0,9.41,244.0,118.0,True,"demand response, tight reserve",True,JERUSALEM CENTRE,min,4.7,0.0883,"demand response, tight reserve — Jerusalem Centre 4.7 °C, colder than 91% of winter days"
2022-01-24,18:46,14253.0,15310.0,1177.0,8.26,122.0,231.0,True,"demand response, tight reserve",True,JERUSALEM CENTRE,min,3.1,0.0376,"demand response, tight reserve — Jerusalem Centre 3.1 °C, colder than 96% of winter days"
2022-01-25,19:11,13766.0,15533.0,1767.0,12.84,166.0,285.0,False,,False,,,,,
2022-01-26,18:19,14802.0,15678.0,996.0,6.73,131.0,232.0,True,"demand response, tight reserve",True,JERUSALEM CENTRE,min,-0.2,0.0014,"demand response, tight reserve — Jerusalem Centre -0.2 °C, colder than 100% of winter days"
2022-01-27,18:51,14205.0,15539.0,1454.0,10.24,72.0,214.0,True,demand response,True,JERUSALEM CENTRE,min,-0.6,0.0,"demand response — Jerusalem Centre -0.6 °C, colder than 100% of winter days"
2022-01-28,16:22,13486.0,16074.0,2707.0,20.07,469.0,255.0,True,demand response,True,JERUSALEM CENTRE,min,2.8,0.0304,"demand response — Jerusalem Centre 2.8 °C, colder than 97% of winter days"
2022-01-29,19:20,12811.0,15655.0,2964.0,23.14,113.0,227.0,True,demand response,True,JERUSALEM CENTRE,min,3.1,0.0376,"demand response — Jerusalem Centre 3.1 °C, colder than 96% of winter days"
2022-01-30,19:34,13201.0,15544.0,2343.0,17.75,122.0,279.0,False,,False,,,,,
2022-01-31,19:22,13436.0,16001.0,2565.0,19.09,11.0,245.0,False,,False,,,,,
2022-02-01,19:18,13102.0,15994.0,2893.0,22.08,114.0,250.0,False,,False,,,,,
2022-02-02,19:26,12149.0,14962.0,2813.0,23.15,76.0,210.0,False,,False,,,,,
2022-02-03,19:17,11614.0,14405.0,2791.0,24.03,138.0,171.0,False,,False,,,,,
2022-02-04,17:58,11697.0,14820.0,3123.0,26.7,124.0,243.0,False,,False,,,,,
2022-02-05,19:11,11835.0,14810.0,2975.0,25.14,36.0,271.0,False,,False,,,,,
2022-02-06,19:18,12512.0,14653.0,2141.0,17.11,155.0,206.0,False,,False,,,,,
2022-02-07,19:24,11781.0,14649.0,2867.0,24.34,113.0,0.0,False,,False,,,,,
2022-02-08,19:47,11162.0,14776.0,3614.0,32.38,121.0,89.0,False,,False,,,,,
2022-02-09,19:18,12201.0,15484.0,3283.0,26.91,229.0,137.0,False,,False,,,,,
2022-02-10,18:49,12769.0,15192.0,2423.0,18.98,40.0,272.0,False,,False,,,,,
2022-02-11,18:19,10910.0,14459.0,3549.0,32.53,47.0,221.0,False,,False,,,,,
2022-02-12,20:02,10788.0,13610.0,2822.0,26.16,118.0,264.0,False,,False,,,,,
2022-02-13,19:39,11280.0,13979.0,2700.0,23.94,128.0,247.0,False,,False,,,,,
2022-02-14,19:24,11415.0,14341.0,2926.0,25.63,113.0,242.0,False,,False,,,,,
2022-02-15,19:22,11196.0,14086.0,2890.0,25.81,33.0,225.0,False,,False,,,,,
2022-02-16,19:33,11084.0,14089.0,3006.0,27.12,138.0,212.0,False,,False,,,,,
2022-02-17,18:54,11103.0,14328.0,3224.0,29.04,13.0,221.0,False,,False,,,,,
2022-02-18,18:13,9813.0,14061.0,4247.0,43.28,27.0,254.0,False,,False,,,,,
2022-02-19,19:13,10715.0,14121.0,3406.0,31.79,20.0,250.0,False,,False,,,,,
2022-02-20,19:29,11149.0,14634.0,3485.0,31.26,77.0,245.0,False,,False,,,,,
2022-02-21,19:23,10770.0,14714.0,3944.0,36.62,157.0,235.0,False,,False,,,,,
2022-02-22,19:23,10348.0,14160.0,3812.0,36.84,119.0,170.0,False,,False,,,,,
2022-02-23,19:26,9444.0,13748.0,4304.0,45.57,207.0,0.0,False,,False,,,,,
2022-02-24,18:54,10260.0,13897.0,3637.0,35.45,88.0,237.0,False,,False,,,,,
2022-02-25,14:04,10682.0,15416.0,4734.0,44.32,1624.0,0.0,False,,False,,,,,
2022-02-26,19:27,10547.0,13738.0,3191.0,30.26,43.0,228.0,False,,False,,,,,
2022-02-27,19:41,10717.0,13328.0,2611.0,24.36,114.0,255.0,False,,False,,,,,
2022-02-28,19:37,10563.0,13900.0,3337.0,31.59,131.0,262.0,False,,False,,,,,
2022-03-01,19:33,10287.0,12982.0,2695.0,26.2,49.0,228.0,False,,False,,,,,
2022-03-02,19:03,9676.0,12662.0,2986.0,30.86,67.0,211.0,False,,False,,,,,
2022-03-03,18:46,11164.0,13134.0,1970.0,17.65,81.0,223.0,False,,False,,,,,
2022-03-04,18:29,9653.0,12260.0,2607.0,27.01,43.0,262.0,False,,False,,,,,
2022-03-05,19:19,9719.0,11667.0,1948.0,20.04,45.0,265.0,False,,False,,,,,
2022-03-06,19:26,9892.0,12255.0,2363.0,23.89,57.0,211.0,False,,False,,,,,
2022-03-07,19:36,10021.0,12067.0,2046.0,20.42,45.0,263.0,False,,False,,,,,
2022-03-08,19:23,9859.0,12206.0,2347.0,23.81,12.0,226.0,False,,False,,,,,
2022-03-09,18:48,10442.0,11897.0,1455.0,13.93,13.0,269.0,False,,False,,,,,
2022-03-10,19:16,10938.0,12633.0,1694.0,15.49,25.0,266.0,False,,False,,,,,
2022-03-11,18:15,11329.0,13441.0,2112.0,18.64,52.0,252.0,False,,False,,,,,
2022-03-12,19:23,11814.0,13521.0,1706.0,14.44,13.0,262.0,False,,False,,,,,
2022-03-13,19:25,13334.0,13685.0,501.0,3.76,132.0,240.0,True,"demand response, tight reserve",True,BET DAGAN,min,3.7,0.0188,"demand response, tight reserve — Bet Dagan 3.7 °C, colder than 98% of winter days"
2022-03-14,19:24,13355.0,14238.0,1013.0,7.59,16.0,270.0,True,"demand response, tight reserve",True,JERUSALEM CENTRE,min,2.2,0.0217,"demand response, tight reserve — Jerusalem Centre 2.2 °C, colder than 98% of winter days"
2022-03-15,19:19,13638.0,14168.0,660.0,4.84,38.0,271.0,True,"demand response, tight reserve",True,JERUSALEM CENTRE,min,0.8,0.0072,"demand response, tight reserve — Jerusalem Centre 0.8 °C, colder than 99% of winter days"
2022-03-16,19:28,12845.0,14082.0,1367.0,10.64,19.0,222.0,True,demand response,True,BET DAGAN,min,2.1,0.0043,"demand response — Bet Dagan 2.1 °C, colder than 100% of winter days"
2022-03-17,19:25,11575.0,14166.0,2590.0,22.38,16.0,269.0,False,,False,,,,,
2022-03-18,17:16,11126.0,14009.0,2882.0,25.9,334.0,176.0,False,,False,,,,,
2022-03-19,19:29,11282.0,14048.0,2766.0,24.52,13.0,262.0,False,,False,,,,,
2022-03-20,19:18,13099.0,13611.0,512.0,3.91,14.0,276.0,False,tight reserve,True,JERUSALEM CENTRE,min,2.7,0.026,"tight reserve — Jerusalem Centre 2.7 °C, colder than 97% of winter days"
2022-03-21,19:33,13034.0,13853.0,948.0,7.27,12.0,236.0,True,"demand response, tight reserve",True,JERUSALEM CENTRE,min,3.8,0.055,"demand response, tight reserve — Jerusalem Centre 3.8 °C, colder than 95% of winter days"
2022-03-22,19:49,12404.0,13661.0,1257.0,10.13,14.0,244.0,False,,False,,,,,
2022-03-23,19:39,12819.0,13600.0,911.0,7.11,17.0,289.0,True,"demand response, tight reserve",True,BET DAGAN,min,3.7,0.0188,"demand response, tight reserve — Bet Dagan 3.7 °C, colder than 98% of winter days"
2022-03-24,18:45,13309.0,13855.0,676.0,5.08,15.0,255.0,True,"demand response, tight reserve",True,JERUSALEM CENTRE,min,3.2,0.0463,"demand response, tight reserve — Jerusalem Centre 3.2 °C, colder than 95% of winter days"
2022-03-25,19:12,11199.0,13618.0,2420.0,21.61,43.0,273.0,False,,False,,,,,
2022-03-26,20:38,10771.0,12772.0,2001.0,18.58,201.0,253.0,False,,False,,,,,
2022-03-27,20:10,10978.0,13677.0,2699.0,24.59,204.0,264.0,False,,False,,,,,
2022-03-28,20:22,10419.0,12819.0,2400.0,23.03,170.0,271.0,False,,False,,,,,
2022-03-29,21:22,9224.0,11826.0,2602.0,28.21,182.0,170.0,False,,False,,,,,
2022-03-30,22:22,9240.0,11982.0,2742.0,29.68,168.0,233.0,False,,False,,,,,
2022-03-31,23:22,8748.0,11965.0,3217.0,36.77,146.0,218.0,False,,False,,,,,
2022-04-01,19:23,7736.0,11349.0,3613.0,46.7,14.0,200.0,False,,False,,,,,
2022-04-02,20:35,7800.0,11247.0,3447.0,44.19,38.0,253.0,False,,False,,,,,
2022-04-03,20:17,8372.0,11855.0,3483.0,41.6,106.0,214.0,False,,False,,,,,
2022-04-04,20:18,8327.0,11987.0,3660.0,43.95,150.0,178.0,False,,False,,,,,
2022-04-05,18:30,8524.0,12022.0,3498.0,41.04,464.0,223.0,False,,False,,,,,
2022-04-06,10:53,8559.0,12571.0,4012.0,46.87,2200.0,0.0,False,,False,,,,,
2022-04-07,20:17,8313.0,10692.0,2379.0,28.62,26.0,252.0,False,,False,,,,,
2022-04-08,18:02,8276.0,10821.0,2545.0,30.75,325.0,209.0,False,,False,,,,,
2022-04-09,20:31,7847.0,11366.0,3518.0,44.83,125.0,242.0,False,,False,,,,,
2022-04-10,20:20,8356.0,11068.0,2713.0,32.47,32.0,230.0,False,,False,,,,,
2022-04-11,20:19,8419.0,11548.0,3129.0,37.17,123.0,247.0,False,,False,,,,,
2022-04-12,20:18,8619.0,11383.0,2763.0,32.06,122.0,229.0,False,,False,,,,,
2022-04-13,20:19,8629.0,11081.0,2453.0,28.43,167.0,238.0,False,,False,,,,,
2022-04-14,20:19,8423.0,11592.0,3169.0,37.62,165.0,206.0,False,,False,,,,,
2022-04-15,18:06,7579.0,10972.0,3392.0,44.76,528.0,175.0,False,,False,,,,,
2022-04-16,20:40,7259.0,10179.0,2920.0,40.23,128.0,191.0,False,,False,,,,,
2022-04-17,20:19,7927.0,10303.0,2377.0,29.99,63.0,219.0,False,,False,,,,,
2022-04-18,13:54,8492.0,11567.0,3075.0,36.21,1466.0,0.0,False,,False,,,,,
2022-04-19,20:23,7833.0,11431.0,3598.0,45.93,245.0,281.0,False,,False,,,,,
2022-04-20,20:19,7812.0,11643.0,3831.0,49.04,239.0,229.0,False,,False,,,,,
2022-04-21,18:26,7601.0,10480.0,2879.0,37.88,541.0,205.0,False,,False,,,,,
2022-04-22,20:02,7155.0,10399.0,3244.0,45.34,60.0,261.0,False,,False,,,,,
2022-04-23,20:18,7639.0,10435.0,2796.0,36.6,198.0,170.0,False,,False,,,,,
2022-04-24,20:18,8545.0,10631.0,2086.0,24.41,53.0,285.0,False,,False,,,,,
2022-04-25,15:12,8677.0,12583.0,3906.0,45.02,2059.0,0.0,False,,False,,,,,
2022-04-26,14:32,8708.0,12887.0,4180.0,48.0,2306.0,0.0,False,,False,,,,,
2022-04-27,14:32,8400.0,12282.0,3882.0,46.21,2365.0,0.0,False,,False,,,,,
2022-04-28,20:14,8284.0,11554.0,3270.0,39.47,161.0,257.0,False,,False,,,,,
2022-04-29,18:42,8442.0,11192.0,2749.0,32.56,299.0,220.0,False,,False,,,,,
2022-04-30,21:01,8011.0,10984.0,2974.0,37.12,102.0,250.0,False,,False,,,,,
2022-05-01,20:18,8448.0,11771.0,3323.0,39.33,165.0,257.0,False,,False,,,,,
2022-05-02,19:48,8219.0,11657.0,3438.0,41.83,90.0,235.0,False,,False,,,,,
2022-05-03,13:21,9040.0,12986.0,3946.0,43.65,2346.0,0.0,False,,False,,,,,
2022-05-04,19:42,7784.0,11141.0,3357.0,43.13,134.0,234.0,False,,False,,,,,
2022-05-05,20:17,7762.0,10661.0,2899.0,37.35,197.0,214.0,False,,False,,,,,
2022-05-06,18:38,7688.0,11174.0,3486.0,45.34,537.0,238.0,False,,False,,,,,
2022-05-07,20:59,7894.0,10832.0,2938.0,37.22,162.0,255.0,False,,False,,,,,
2022-05-08,19:58,8343.0,11143.0,2801.0,33.57,169.0,225.0,False,,False,,,,,
2022-05-09,14:19,8600.0,13108.0,4508.0,52.42,2370.0,0.0,False,,False,,,,,
2022-05-10,14:06,8572.0,13191.0,4619.0,53.88,2624.0,0.0,False,,False,,,,,
2022-05-11,14:17,8629.0,13060.0,4431.0,51.35,2436.0,0.0,False,,False,,,,,
2022-05-12,19:57,8387.0,10783.0,2396.0,28.57,213.0,216.0,False,,False,,,,,
2022-05-13,18:38,8101.0,10361.0,2259.0,27.89,250.0,249.0,False,,False,,,,,
2022-05-14,14:11,8800.0,12292.0,3492.0,39.68,2027.0,0.0,False,,False,,,,,
2022-05-15,14:19,9076.0,13924.0,4848.0,53.42,2615.0,0.0,False,,False,,,,,
2022-05-16,20:24,8632.0,11516.0,2884.0,33.41,109.0,173.0,False,,False,,,,,
2022-05-17,14:27,8880.0,12750.0,3870.0,43.58,2612.0,0.0,False,,False,,,,,
2022-05-18,13:03,8764.0,12844.0,4081.0,46.57,2638.0,0.0,False,,False,,,,,
2022-05-19,14:25,8960.0,12289.0,3329.0,37.15,2593.0,0.0,False,,False,,,,,
2022-05-20,18:47,8601.0,11038.0,2438.0,28.35,465.0,255.0,False,,False,,,,,
2022-05-21,14:20,8811.0,12231.0,3420.0,38.82,1774.0,0.0,False,,False,,,,,
2022-05-22,14:26,8876.0,13099.0,4223.0,47.58,2553.0,0.0,False,,False,,,,,
2022-05-23,14:24,8933.0,13461.0,4528.0,50.69,2581.0,0.0,False,,False,,,,,
2022-05-24,14:26,9319.0,12747.0,3428.0,36.79,2583.0,0.0,False,,False,,,,,
2022-05-25,14:32,9491.0,12600.0,3110.0,32.77,2524.0,0.0,False,,False,,,,,
2022-05-26,14:23,9863.0,13042.0,3178.0,32.22,2550.0,0.0,False,,False,,,,,
2022-05-27,14:15,9312.0,13215.0,3904.0,41.92,2480.0,0.0,False,,False,,,,,
2022-05-28,21:02,8961.0,11769.0,2808.0,31.34,151.0,233.0,False,,False,,,,,
2022-05-29,14:13,10867.0,13605.0,2738.0,25.2,2543.0,0.0,False,,False,,,,,
2022-05-30,14:32,10827.0,13768.0,2941.0,27.16,2541.0,0.0,False,,False,,,,,
2022-05-31,14:19,10809.0,13857.0,3048.0,28.2,2539.0,0.0,False,,False,,,,,
2022-06-01,13:47,10246.0,15101.0,4855.0,47.38,2531.0,0.0,False,,False,,,,,
2022-06-02,14:24,10215.0,14165.0,3950.0,38.67,2588.0,0.0,False,,False,,,,,
2022-06-03,14:32,9632.0,15199.0,5567.0,57.8,2588.0,0.0,False,,False,,,,,
2022-06-04,16:32,8729.0,13614.0,4884.0,55.95,1824.0,0.0,False,,False,,,,,
2022-06-05,14:31,8976.0,14362.0,5386.0,60.0,2603.0,0.0,False,,False,,,,,
2022-06-06,15:32,10430.0,14673.0,4243.0,40.68,2345.0,0.0,False,,False,,,,,
2022-06-07,14:09,10742.0,14681.0,3939.0,36.67,2582.0,0.0,False,,False,,,,,
2022-06-08,14:32,11221.0,14524.0,3303.0,29.44,2588.0,0.0,False,,False,,,,,
2022-06-09,14:31,11205.0,14757.0,3552.0,31.7,2597.0,0.0,False,,False,,,,,
2022-06-10,13:56,10726.0,14949.0,4223.0,39.37,2664.0,0.0,False,,False,,,,,
2022-06-11,15:32,10535.0,14405.0,3870.0,36.73,2182.0,0.0,False,,False,,,,,
2022-06-12,14:24,11499.0,15190.0,3690.0,32.09,2633.0,0.0,False,,False,,,,,
2022-06-13,14:44,10773.0,14970.0,4197.0,38.96,2163.0,0.0,False,,False,,,,,
2022-06-14,14:32,10873.0,15360.0,4486.0,41.26,2563.0,0.0,False,,False,,,,,
2022-06-15,14:28,10925.0,14944.0,4019.0,36.79,2610.0,0.0,False,,False,,,,,
2022-06-16,14:32,11589.0,14777.0,3188.0,27.51,2557.0,0.0,False,,False,,,,,
2022-06-17,14:26,10923.0,14799.0,3877.0,35.49,2574.0,0.0,False,,False,,,,,
2022-06-18,13:42,10007.0,15237.0,5230.0,52.26,2631.0,0.0,False,,False,,,,,
2022-06-19,14:32,11218.0,14961.0,3744.0,33.37,2655.0,0.0,False,,False,,,,,
2022-06-20,14:32,10818.0,15468.0,4650.0,42.98,2713.0,0.0,False,,False,,,,,
2022-06-21,14:31,10720.0,14764.0,4043.0,37.71,2701.0,0.0,False,,False,,,,,
2022-06-22,14:32,10881.0,14910.0,4029.0,37.03,2435.0,0.0,False,,False,,,,,
2022-06-23,14:32,11774.0,15702.0,3928.0,33.36,2681.0,0.0,False,,False,,,,,
2022-06-24,14:30,11097.0,15358.0,4261.0,38.4,2699.0,0.0,False,,False,,,,,
2022-06-25,14:02,10254.0,15321.0,5067.0,49.41,2599.0,0.0,False,,False,,,,,
2022-06-26,14:12,11444.0,14644.0,3200.0,27.96,2723.0,0.0,False,,False,,,,,
2022-06-27,14:03,11634.0,14664.0,3030.0,26.04,2605.0,0.0,False,,False,,,,,
2022-06-28,14:46,11737.0,14658.0,2920.0,24.88,2486.0,173.0,False,,False,,,,,
2022-06-29,14:18,11945.0,15445.0,3500.0,29.3,2659.0,0.0,False,,False,,,,,
2022-06-30,14:32,11615.0,15835.0,4220.0,36.33,2662.0,0.0,False,,False,,,,,
2022-07-01,17:23,10908.0,14682.0,3774.0,34.6,1408.0,0.0,False,,False,,,,,
2022-07-02,16:17,10223.0,15288.0,5066.0,49.55,2009.0,0.0,False,,False,,,,,
2022-07-03,14:24,12155.0,15998.0,3843.0,31.62,2638.0,172.0,False,,False,,,,,
2022-07-04,14:24,12496.0,15707.0,3211.0,25.7,2666.0,0.0,False,,False,,,,,
2022-07-05,14:25,12207.0,15424.0,3217.0,26.35,2696.0,89.0,False,,False,,,,,
2022-07-06,14:27,11904.0,16337.0,4433.0,37.24,2717.0,0.0,False,,False,,,,,
2022-07-07,14:42,11848.0,15967.0,4119.0,34.77,2553.0,0.0,False,,False,,,,,
2022-07-08,18:46,11004.0,14069.0,3064.0,27.84,613.0,249.0,False,,False,,,,,
2022-07-09,20:32,10003.0,13839.0,3836.0,38.35,246.0,244.0,False,,False,,,,,
2022-07-10,14:32,11424.0,16235.0,4811.0,42.11,2687.0,0.0,False,,False,,,,,
2022-07-11,14:29,11302.0,15548.0,4246.0,37.57,2712.0,0.0,False,,False,,,,,
2022-07-12,14:28,11618.0,16107.0,4489.0,38.64,2783.0,0.0,False,,False,,,,,
2022-07-13,14:12,12266.0,16303.0,4037.0,32.91,2777.0,0.0,False,,False,,,,,
2022-07-14,14:30,11879.0,16057.0,4178.0,35.17,2773.0,0.0,False,,False,,,,,
2022-07-15,14:22,11230.0,15564.0,4334.0,38.59,2813.0,0.0,False,,False,,,,,
2022-07-16,20:32,10011.0,13056.0,3045.0,30.42,204.0,88.0,False,,False,,,,,
2022-07-17,14:31,12001.0,15446.0,3445.0,28.71,2761.0,0.0,False,,False,,,,,
2022-07-18,14:32,12692.0,16012.0,3320.0,26.16,2742.0,0.0,False,,False,,,,,
2022-07-19,14:31,13331.0,15996.0,2665.0,19.99,2683.0,90.0,False,,False,,,,,
2022-07-20,14:22,13308.0,15476.0,2168.0,16.29,2743.0,134.0,False,,False,,,,,
2022-07-21,15:11,12704.0,15463.0,2759.0,21.72,2521.0,0.0,False,,False,,,,,
2022-07-22,14:32,11933.0,15786.0,3853.0,32.29,2753.0,0.0,False,,False,,,,,
2022-07-23,15:20,11019.0,15671.0,4652.0,42.22,2509.0,0.0,False,,False,,,,,
2022-07-24,14:33,12998.0,16479.0,3481.0,26.78,2789.0,119.0,False,,False,,,,,
2022-07-25,13:57,13052.0,16153.0,3100.0,23.75,2755.0,0.0,False,,False,,,,,
2022-07-26,14:30,12856.0,15461.0,2605.0,20.26,2750.0,0.0,False,,False,,,,,
2022-07-27,14:31,12945.0,15715.0,2771.0,21.41,2708.0,115.0,False,,False,,,,,
2022-07-28,14:32,13524.0,16162.0,2638.0,19.51,2671.0,111.0,False,,False,,,,,
2022-07-29,14:31,12714.0,16101.0,3387.0,26.64,2748.0,87.0,False,,False,,,,,
2022-07-30,14:31,11571.0,15428.0,3858.0,33.34,2716.0,0.0,False,,False,,,,,
2022-07-31,14:19,12862.0,15917.0,3055.0,23.75,2720.0,0.0,False,,False,,,,,
2022-08-01,14:32,12824.0,15221.0,2397.0,18.69,2421.0,123.0,False,,False,,,,,
2022-08-02,15:14,13234.0,15232.0,1998.0,15.1,2438.0,128.0,False,,False,,,,,
2022-08-03,14:26,13411.0,16133.0,2723.0,20.3,2658.0,0.0,False,,False,,,,,
2022-08-04,15:24,13797.0,15740.0,1943.0,14.08,2316.0,0.0,False,,False,,,,,
2022-08-05,13:53,12896.0,16761.0,3866.0,29.98,2700.0,0.0,False,,False,,,,,
2022-08-06,15:52,12120.0,15885.0,3765.0,31.06,2187.0,0.0,False,,False,,,,,
2022-08-07,14:29,13041.0,16977.0,3936.0,30.18,2680.0,0.0,False,,False,,,,,
2022-08-08,14:26,12855.0,16489.0,3633.0,28.26,2743.0,0.0,False,,False,,,,,
2022-08-09,14:28,12728.0,16787.0,4059.0,31.89,2731.0,0.0,False,,False,,,,,
2022-08-10,15:24,12942.0,16444.0,3502.0,27.06,2439.0,110.0,False,,False,,,,,
2022-08-11,14:32,13089.0,16875.0,3786.0,28.93,2763.0,0.0,False,,False,,,,,
2022-08-12,14:30,11877.0,16649.0,4772.0,40.18,2692.0,0.0,False,,False,,,,,
2022-08-13,16:27,10857.0,15479.0,4622.0,42.57,2001.0,86.0,False,,False,,,,,
2022-08-14,15:00,12718.0,16530.0,3812.0,29.97,2745.0,0.0,False,,False,,,,,
2022-08-15,14:00,12430.0,16215.0,3785.0,30.45,2822.0,0.0,False,,False,,,,,
2022-08-16,14:42,12438.0,15908.0,3470.0,27.9,2597.0,124.0,False,,False,,,,,
2022-08-17,14:38,12490.0,16376.0,3886.0,31.11,2577.0,0.0,False,,False,,,,,
2022-08-18,14:44,12298.0,16083.0,3785.0,30.78,2628.0,0.0,False,,False,,,,,
2022-08-19,15:01,11424.0,15418.0,3995.0,34.97,2504.0,0.0,False,,False,,,,,
2022-08-20,17:16,10914.0,13882.0,2968.0,27.19,1260.0,130.0,False,,False,,,,,
2022-08-21,14:18,13015.0,15798.0,2783.0,21.38,2661.0,82.0,False,,False,,,,,
2022-08-22,14:29,12739.0,16020.0,3281.0,25.76,2633.0,0.0,False,,False,,,,,
2022-08-23,14:00,12556.0,15963.0,3406.0,27.13,2792.0,0.0,False,,False,,,,,
2022-08-24,13:59,12227.0,15625.0,3398.0,27.79,2766.0,0.0,False,,False,,,,,
2022-08-25,14:00,13333.0,16292.0,2959.0,22.19,2787.0,0.0,False,,False,,,,,
2022-08-26,14:00,12218.0,15920.0,3702.0,30.3,2718.0,0.0,False,,False,,,,,
2022-08-27,17:14,11401.0,14142.0,2740.0,24.03,1180.0,126.0,False,,False,,,,,
2022-08-28,14:13,14272.0,16252.0,1980.0,13.87,2590.0,87.0,False,,False,,,,,
2022-08-29,14:34,14590.0,16233.0,1643.0,11.26,2619.0,131.0,False,,False,,,,,
2022-08-30,14:44,14588.0,16442.0,1855.0,12.72,2552.0,128.0,False,,False,,,,,
2022-08-31,14:53,14397.0,16498.0,2100.0,14.59,2509.0,130.0,False,,False,,,,,
2022-09-01,14:39,14295.0,16485.0,2190.0,15.32,2507.0,88.0,False,,False,,,,,
2022-09-02,14:52,12812.0,15227.0,2415.0,18.85,2435.0,120.0,False,,False,,,,,
2022-09-03,14:57,11684.0,15317.0,3633.0,31.09,2452.0,0.0,False,,False,,,,,
2022-09-04,15:12,13345.0,15933.0,2589.0,19.4,2370.0,107.0,False,,False,,,,,
2022-09-05,15:26,13079.0,15845.0,2767.0,21.16,2329.0,121.0,False,,False,,,,,
2022-09-06,14:56,12728.0,16071.0,3343.0,26.26,2476.0,0.0,False,,False,,,,,
2022-09-07,15:12,12568.0,15822.0,3254.0,25.89,2443.0,125.0,False,,False,,,,,
2022-09-08,15:14,12979.0,15548.0,2570.0,19.8,2418.0,133.0,False,,False,,,,,
2022-09-09,14:39,11852.0,15658.0,3806.0,32.11,2653.0,122.0,False,,False,,,,,
2022-09-10,15:47,10989.0,15717.0,4728.0,43.02,2176.0,0.0,False,,False,,,,,
2022-09-11,14:59,12429.0,15630.0,3201.0,25.75,2625.0,0.0,False,,False,,,,,
2022-09-12,14:58,12147.0,15751.0,3603.0,29.66,2655.0,146.0,False,,False,,,,,
2022-09-13,15:16,12544.0,14934.0,2390.0,19.05,2454.0,120.0,False,,False,,,,,
2022-09-14,14:39,11930.0,15173.0,3243.0,27.18,2637.0,0.0,False,,False,,,,,
2022-09-15,15:16,11577.0,15332.0,3755.0,32.44,2457.0,126.0,False,,False,,,,,
2022-09-16,14:37,10966.0,15498.0,4532.0,41.33,2626.0,0.0,False,,False,,,,,
2022-09-17,14:57,10564.0,15554.0,4990.0,47.24,2513.0,0.0,False,,False,,,,,
2022-09-18,15:04,12135.0,14937.0,2802.0,23.09,2348.0,0.0,False,,False,,,,,
2022-09-19,14:54,11563.0,14727.0,3163.0,27.35,2111.0,77.0,False,,False,,,,,
2022-09-20,14:56,11613.0,14850.0,3237.0,27.87,2163.0,0.0,False,,False,,,,,
2022-09-21,15:03,10933.0,14589.0,3656.0,33.44,2323.0,0.0,False,,False,,,,,
2022-09-22,14:56,10870.0,15211.0,4341.0,39.94,2570.0,0.0,False,,False,,,,,
2022-09-23,14:52,10437.0,15101.0,4664.0,44.69,2508.0,0.0,False,,False,,,,,
2022-09-24,15:37,9755.0,14470.0,4715.0,48.33,2127.0,0.0,False,,False,,,,,
2022-09-25,15:03,11206.0,14712.0,3506.0,31.29,2361.0,0.0,False,,False,,,,,
2022-09-26,15:46,9686.0,14314.0,4628.0,47.78,2048.0,0.0,False,,False,,,,,
2022-09-27,18:18,9719.0,12921.0,3202.0,32.95,759.0,0.0,False,,False,,,,,
2022-09-28,15:16,10979.0,13888.0,2909.0,26.5,2293.0,0.0,False,,False,,,,,
2022-09-29,14:46,11652.0,14170.0,2518.0,21.61,2442.0,0.0,False,,False,,,,,
2022-09-30,17:16,11253.0,12769.0,1516.0,13.47,794.0,0.0,False,,False,,,,,
2022-10-01,15:16,10849.0,14282.0,3433.0,31.64,2188.0,0.0,False,,False,,,,,
2022-10-02,14:59,12163.0,14451.0,2288.0,18.81,2278.0,0.0,False,,False,,,,,
2022-10-03,15:05,12136.0,13869.0,1733.0,14.28,2112.0,0.0,False,,False,,,,,
2022-10-04,15:00,10813.0,14336.0,3523.0,32.58,2203.0,0.0,False,,False,,,,,
2022-10-05,15:00,9206.0,14099.0,4893.0,53.15,2241.0,0.0,False,,False,,,,,
2022-10-06,14:43,10821.0,14401.0,3580.0,33.08,2362.0,0.0,False,,False,,,,,
2022-10-07,18:29,9201.0,12985.0,3785.0,41.14,307.0,0.0,False,,False,,,,,
2022-10-08,19:59,8582.0,11878.0,3296.0,38.41,205.0,0.0,False,,False,,,,,
2022-10-09,17:16,8831.0,12881.0,4050.0,45.86,772.0,0.0,False,,False,,,,,
2022-10-10,18:30,8373.0,12529.0,4156.0,49.64,416.0,0.0,False,,False,,,,,
2022-10-11,14:58,9313.0,14576.0,5263.0,56.51,2237.0,0.0,False,,False,,,,,
2022-10-12,14:48,9376.0,13216.0,3840.0,40.96,2080.0,0.0,False,,False,,,,,
2022-10-13,18:06,9066.0,12413.0,3347.0,36.92,617.0,0.0,False,,False,,,,,
2022-10-14,17:16,8549.0,11869.0,3320.0,38.83,656.0,0.0,False,,False,,,,,
2022-10-15,19:41,8397.0,11760.0,3363.0,40.05,155.0,0.0,False,,False,,,,,
2022-10-16,17:46,9263.0,11905.0,2642.0,28.52,574.0,0.0,False,,False,,,,,
2022-10-17,19:37,8540.0,11512.0,2972.0,34.8,66.0,0.0,False,,False,,,,,
2022-10-18,15:46,9578.0,12757.0,3179.0,33.19,1595.0,0.0,False,,False,,,,,
2022-10-19,18:45,9343.0,11709.0,2366.0,25.32,185.0,0.0,False,,False,,,,,
2022-10-20,18:33,9284.0,11718.0,2433.0,26.21,174.0,0.0,False,,False,,,,,
2022-10-21,17:46,8645.0,11212.0,2567.0,29.69,353.0,0.0,False,,False,,,,,
2022-10-22,19:30,8394.0,11156.0,2762.0,32.9,51.0,0.0,False,,False,,,,,
2022-10-23,14:17,9162.0,12922.0,3761.0,41.05,1797.0,0.0,False,,False,,,,,
2022-10-24,18:33,9147.0,11520.0,2374.0,25.95,47.0,0.0,False,,False,,,,,
2022-10-25,18:44,9359.0,11239.0,1881.0,20.1,77.0,0.0,False,,False,,,,,
2022-10-26,18:32,9350.0,11332.0,1983.0,21.21,119.0,0.0,False,,False,,,,,
2022-10-27,18:34,9327.0,11941.0,2614.0,28.03,153.0,0.0,False,,False,,,,,
2022-10-28,18:33,8637.0,11656.0,3019.0,34.95,52.0,0.0,False,,False,,,,,
2022-10-29,19:19,8438.0,11612.0,3174.0,37.62,28.0,0.0,False,,False,,,,,
2022-10-30,17:39,9420.0,11393.0,1973.0,20.94,148.0,0.0,False,,False,,,,,
2022-10-31,17:32,9152.0,11853.0,2701.0,29.51,227.0,0.0,False,,False,,,,,
2022-11-01,18:26,8351.0,11636.0,3286.0,39.35,72.0,0.0,False,,False,,,,,
2022-11-02,17:44,8954.0,11988.0,3035.0,33.9,200.0,0.0,False,,False,,,,,
2022-11-03,17:49,8936.0,11853.0,2917.0,32.64,207.0,0.0,False,,False,,,,,
2022-11-04,17:35,8066.0,11805.0,3739.0,46.36,53.0,0.0,False,,False,,,,,
2022-11-05,18:31,8023.0,11504.0,3481.0,43.39,59.0,0.0,False,,False,,,,,
2022-11-06,17:41,9025.0,11336.0,2311.0,25.61,168.0,0.0,False,,False,,,,,
2022-11-07,17:44,8861.0,10486.0,1625.0,18.34,189.0,0.0,False,,False,,,,,
2022-11-08,17:46,9029.0,11090.0,2061.0,22.83,30.0,0.0,False,,False,,,,,
2022-11-09,18:02,9088.0,11280.0,2192.0,24.12,30.0,0.0,False,,False,,,,,
2022-11-10,17:49,8819.0,11348.0,2529.0,28.68,154.0,0.0,False,,False,,,,,
2022-11-11,17:33,7963.0,10710.0,2747.0,34.5,170.0,0.0,False,,False,,,,,
2022-11-12,18:21,7908.0,10654.0,2746.0,34.72,116.0,0.0,False,,False,,,,,
2022-11-13,17:37,8951.0,11853.0,2902.0,32.42,92.0,0.0,False,,False,,,,,
2022-11-14,18:09,8998.0,11425.0,2427.0,26.97,13.0,0.0,False,,False,,,,,
2022-11-15,17:57,9145.0,11330.0,2185.0,23.89,70.0,0.0,False,,False,,,,,
2022-11-16,18:22,9222.0,10690.0,1469.0,15.93,70.0,0.0,False,,False,,,,,
2022-11-17,18:27,9027.0,10868.0,1842.0,20.41,161.0,0.0,False,,False,,,,,
2022-11-18,17:44,8027.0,10623.0,2596.0,32.34,125.0,0.0,False,,False,,,,,
2022-11-19,18:26,8001.0,9933.0,1932.0,24.15,142.0,0.0,False,,False,,,,,
2022-11-20,17:51,8854.0,10897.0,2044.0,23.09,220.0,0.0,False,,False,,,,,
2022-11-21,17:38,8922.0,11482.0,2559.0,28.68,169.0,0.0,False,,False,,,,,
2022-11-22,17:49,9077.0,11301.0,2224.0,24.5,111.0,0.0,False,,False,,,,,
2022-11-23,18:19,9016.0,11561.0,2546.0,28.24,215.0,0.0,False,,False,,,,,
2022-11-24,18:22,9208.0,11824.0,2615.0,28.4,69.0,0.0,False,,False,,,,,
2022-11-25,12:45,8879.0,13262.0,4383.0,49.36,1993.0,0.0,False,,False,,,,,
2022-11-26,18:26,8872.0,11389.0,2517.0,28.37,47.0,0.0,False,,False,,,,,
2022-11-27,18:25,9698.0,11672.0,1974.0,20.35,176.0,0.0,False,,False,,,,,
2022-11-28,18:29,9551.0,11861.0,2311.0,24.2,162.0,0.0,False,,False,,,,,
2022-11-29,18:22,9806.0,12181.0,2375.0,24.22,19.0,0.0,False,,False,,,,,
2022-11-30,18:19,9697.0,12433.0,2736.0,28.21,174.0,0.0,False,,False,,,,,
2022-12-01,18:34,9183.0,12313.0,3129.0,34.07,142.0,0.0,False,,False,,,,,
2022-12-02,17:29,8307.0,11634.0,3327.0,40.05,158.0,0.0,False,,False,,,,,
2022-12-03,19:18,8503.0,11261.0,2759.0,32.45,35.0,0.0,False,,False,,,,,
2022-12-04,18:31,9294.0,11424.0,2131.0,22.93,160.0,0.0,False,,False,,,,,
2022-12-05,18:23,9442.0,12021.0,2579.0,27.31,57.0,0.0,False,,False,,,,,
2022-12-06,18:29,9789.0,12840.0,3051.0,31.17,44.0,0.0,False,,False,,,,,
2022-12-07,18:44,9758.0,12915.0,3157.0,32.35,157.0,0.0,False,,False,,,,,
2022-12-08,18:23,9548.0,12832.0,3284.0,34.39,161.0,0.0,False,,False,,,,,
2022-12-09,17:28,8574.0,12457.0,3883.0,45.29,16.0,0.0,False,,False,,,,,
2022-12-10,18:23,8704.0,12213.0,3509.0,40.31,46.0,0.0,False,,False,,,,,
2022-12-11,18:51,9564.0,12319.0,2755.0,28.81,162.0,0.0,False,,False,,,,,
2022-12-12,18:44,9533.0,11826.0,2293.0,24.05,127.0,0.0,False,,False,,,,,
2022-12-13,18:45,9556.0,12056.0,2500.0,26.16,15.0,0.0,False,,False,,,,,
2022-12-14,18:27,9854.0,12158.0,2304.0,23.38,114.0,0.0,False,,False,,,,,
2022-12-15,18:22,9520.0,11948.0,2428.0,25.5,155.0,0.0,False,,False,,,,,
2022-12-16,17:40,8419.0,11755.0,3336.0,39.62,51.0,0.0,False,,False,,,,,
2022-12-17,19:21,8389.0,11374.0,2985.0,35.58,79.0,0.0,False,,False,,,,,
2022-12-18,18:04,8919.0,11836.0,2917.0,32.71,215.0,0.0,False,,False,,,,,
2022-12-19,18:33,9110.0,12226.0,3117.0,34.22,178.0,0.0,False,,False,,,,,
2022-12-20,18:25,9262.0,11637.0,2375.0,25.64,117.0,0.0,False,,False,,,,,
2022-12-21,17:53,9840.0,12759.0,2919.0,29.66,172.0,0.0,False,,False,,,,,
2022-12-22,18:28,9525.0,12605.0,3080.0,32.34,207.0,0.0,False,,False,,,,,
2022-12-23,17:31,9013.0,12333.0,3320.0,36.84,47.0,0.0,False,,False,,,,,
2022-12-24,18:17,9599.0,12181.0,2582.0,26.9,45.0,0.0,False,,False,,,,,
2022-12-25,17:58,11155.0,12708.0,1553.0,13.92,116.0,0.0,False,,False,,,,,
2022-12-26,18:19,12077.0,13352.0,1476.0,12.22,26.0,0.0,True,demand response,False,JERUSALEM CENTRE,min,5.8,0.1447,"demand response — Jerusalem Centre 5.8 °C, colder than 86% of winter days; not an extreme day"
2022-12-27,18:46,11566.0,12993.0,1557.0,13.46,16.0,0.0,True,demand response,False,JERUSALEM CENTRE,min,6.7,0.2055,"demand response — Jerusalem Centre 6.7 °C, colder than 79% of winter days; not an extreme day"
2022-12-28,19:30,11281.0,12911.0,1629.0,14.44,103.0,0.0,False,,False,,,,,
2022-12-29,18:57,11005.0,13100.0,2096.0,19.05,173.0,0.0,False,,False,,,,,
2022-12-30,17:38,10006.0,12733.0,2727.0,27.25,112.0,0.0,False,,False,,,,,
2022-12-31,18:38,10323.0,12534.0,2212.0,21.43,74.0,,False,,False,,,,,
2023-01-01,18:53,11464.0,13219.0,1755.0,15.31,236.0,0.0,False,,False,,,,,
2023-01-02,19:19,11917.0,13493.0,1576.0,13.22,233.0,0.0,False,,False,,,,,
2023-01-03,18:57,11438.0,13703.0,2265.0,19.8,224.0,0.0,False,,False,,,,,
2023-01-04,18:42,11256.0,13581.0,2325.0,20.66,123.0,0.0,False,,False,,,,,
2023-01-05,18:40,10999.0,13580.0,2581.0,23.47,151.0,0.0,False,,False,,,,,
2023-01-06,16:00,10500.0,13863.0,3364.0,32.04,557.0,0.0,False,,False,,,,,
2023-01-07,18:34,10357.0,13298.0,2941.0,28.4,40.0,0.0,False,,False,,,,,
2023-01-08,19:13,11125.0,13663.0,2538.0,22.81,43.0,0.0,False,,False,,,,,
2023-01-09,18:46,11634.0,13428.0,1794.0,15.42,45.0,0.0,False,,False,,,,,
2023-01-10,19:21,11400.0,13483.0,2082.0,18.26,15.0,0.0,False,,False,,,,,
2023-01-11,19:40,11444.0,13711.0,2267.0,19.81,69.0,0.0,False,,False,,,,,
2023-01-12,18:32,11965.0,13658.0,1693.0,14.15,26.0,0.0,False,,False,,,,,
2023-01-13,17:55,10472.0,13766.0,3294.0,31.46,15.0,0.0,False,,False,,,,,
2023-01-14,18:51,11345.0,13372.0,2027.0,17.87,16.0,0.0,False,,False,,,,,
2023-01-15,19:18,11836.0,13533.0,1697.0,14.34,15.0,0.0,False,,False,,,,,
2023-01-16,19:21,11812.0,13563.0,1751.0,14.82,19.0,0.0,False,,False,,,,,
2023-01-17,19:24,11529.0,13355.0,1827.0,15.85,25.0,0.0,False,,False,,,,,
2023-01-18,19:42,11156.0,13119.0,1963.0,17.6,14.0,0.0,False,,False,,,,,
2023-01-19,19:29,10734.0,12511.0,1776.0,16.55,39.0,0.0,False,,False,,,,,
2023-01-20,18:06,9304.0,12421.0,3117.0,33.5,67.0,0.0,False,,False,,,,,
2023-01-21,19:16,9726.0,12016.0,2291.0,23.56,68.0,0.0,False,,False,,,,,
2023-01-22,19:25,10563.0,12404.0,1841.0,17.43,53.0,0.0,False,,False,,,,,
2023-01-23,19:19,10305.0,13000.0,2695.0,26.15,128.0,0.0,False,,False,,,,,
2023-01-24,19:30,10262.0,13646.0,3384.0,32.98,113.0,0.0,False,,False,,,,,
2023-01-25,18:50,10439.0,13617.0,3179.0,30.45,128.0,0.0,False,,False,,,,,
2023-01-26,19:23,10454.0,13231.0,2777.0,26.56,139.0,0.0,False,,False,,,,,
2023-01-27,18:07,8948.0,12268.0,3321.0,37.11,60.0,0.0,False,,False,,,,,
2023-01-28,19:07,9130.0,12389.0,3259.0,35.7,39.0,0.0,False,,False,,,,,
2023-01-29,18:45,10260.0,13071.0,2810.0,27.39,34.0,0.0,False,,False,,,,,
2023-01-30,19:28,10884.0,13097.0,2213.0,20.33,59.0,0.0,False,,False,,,,,
2023-01-31,18:49,12032.0,14343.0,2311.0,19.21,74.0,0.0,False,,False,,,,,
2023-02-01,18:36,12883.0,13942.0,1059.0,8.22,121.0,0.0,False,tight reserve,True,JERUSALEM CENTRE,min,3.9,0.0608,"tight reserve — Jerusalem Centre 3.9 °C, colder than 94% of winter days"
2023-02-02,18:45,12321.0,14359.0,2038.0,16.54,90.0,0.0,False,,False,,,,,
2023-02-03,16:17,11002.0,14939.0,3936.0,35.78,649.0,0.0,False,,False,,,,,
2023-02-04,18:58,11665.0,14152.0,2487.0,21.32,106.0,0.0,False,,False,,,,,
2023-02-05,18:48,12047.0,14505.0,2458.0,20.4,167.0,0.0,False,,False,,,,,
2023-02-06,18:36,13717.0,14796.0,1079.0,7.87,82.0,0.0,False,tight reserve,True,JERUSALEM CENTRE,min,1.8,0.0174,"tight reserve — Jerusalem Centre 1.8 °C, colder than 98% of winter days"
2023-02-07,18:40,13930.0,14636.0,706.0,5.07,57.0,0.0,False,tight reserve,True,JERUSALEM CENTRE,min,1.4,0.013,"tight reserve — Jerusalem Centre 1.4 °C, colder than 99% of winter days"
2023-02-08,19:26,13984.0,14756.0,901.0,6.44,93.0,0.0,True,"demand response, tight reserve",True,JERUSALEM CENTRE,min,2.0,0.0188,"demand response, tight reserve — Jerusalem Centre 2.0 °C, colder than 98% of winter days"
2023-02-09,19:08,13233.0,14590.0,1357.0,10.25,15.0,0.0,False,,False,,,,,
2023-02-10,18:19,11413.0,14562.0,3150.0,27.6,70.0,0.0,False,,False,,,,,
2023-02-11,19:14,12126.0,14401.0,2275.0,18.76,109.0,0.0,False,,False,,,,,
2023-02-12,19:36,13149.0,14531.0,1382.0,10.51,103.0,0.0,False,,False,,,,,
2023-02-13,19:37,13083.0,14575.0,1492.0,11.4,111.0,0.0,False,,False,,,,,
2023-02-14,19:23,12778.0,14340.0,1562.0,12.22,100.0,0.0,False,,False,,,,,
2023-02-15,19:21,13194.0,14280.0,1086.0,8.23,29.0,0.0,False,tight reserve,True,JERUSALEM CENTRE,min,4.7,0.0883,"tight reserve — Jerusalem Centre 4.7 °C, colder than 91% of winter days"
2023-02-16,19:26,12871.0,14359.0,1487.0,11.55,108.0,0.0,False,,False,,,,,
2023-02-17,18:20,10872.0,14267.0,3395.0,31.23,77.0,0.0,False,,False,,,,,
2023-02-18,19:24,10960.0,13903.0,2943.0,26.85,127.0,0.0,False,,False,,,,,
2023-02-19,19:33,11624.0,14618.0,2994.0,25.76,125.0,0.0,False,,False,,,,,
2023-02-20,19:19,11382.0,14171.0,2789.0,24.5,136.0,0.0,False,,False,,,,,
2023-02-21,19:33,11241.0,13924.0,2683.0,23.87,125.0,0.0,False,,False,,,,,
2023-02-22,19:30,10971.0,13231.0,2260.0,20.6,136.0,0.0,False,,False,,,,,
2023-02-23,18:49,10966.0,13622.0,2656.0,24.22,173.0,0.0,False,,False,,,,,
2023-02-24,18:19,9701.0,13094.0,3393.0,34.98,98.0,0.0,False,,False,,,,,
2023-02-25,19:07,9925.0,12540.0,2614.0,26.34,121.0,0.0,False,,False,,,,,
2023-02-26,19:18,10299.0,12760.0,2462.0,23.91,191.0,0.0,False,,False,,,,,
2023-02-27,19:18,9520.0,12301.0,2781.0,29.21,136.0,0.0,False,,False,,,,,
2023-02-28,18:52,8880.0,12695.0,3816.0,42.97,136.0,0.0,False,,False,,,,,
2023-03-01,18:42,8778.0,11929.0,3151.0,35.9,122.0,0.0,False,,False,,,,,
2023-03-02,18:34,8652.0,12457.0,3804.0,43.97,155.0,0.0,False,,False,,,,,
2023-03-03,18:13,8155.0,11232.0,3078.0,37.74,182.0,0.0,False,,False,,,,,
2023-03-04,19:29,8220.0,10816.0,2597.0,31.59,45.0,0.0,False,,False,,,,,
2023-03-05,18:32,8838.0,11076.0,2238.0,25.32,63.0,0.0,False,,False,,,,,
2023-03-06,18:24,9045.0,11674.0,2629.0,29.07,214.0,0.0,False,,False,,,,,
2023-03-07,19:22,8893.0,11723.0,2830.0,31.82,159.0,0.0,False,,False,,,,,
2023-03-08,18:58,9377.0,12155.0,2778.0,29.63,221.0,0.0,True,demand response,False,JERUSALEM CENTRE,min,8.5,0.4139,"demand response — Jerusalem Centre 8.5 °C, colder than 59% of winter days; not an extreme day"
2023-03-09,18:51,9443.0,11883.0,2440.0,25.84,188.0,0.0,False,,False,,,,,
2023-03-10,18:27,8362.0,11151.0,2789.0,33.35,133.0,0.0,False,,False,,,,,
2023-03-11,19:17,8286.0,10970.0,2684.0,32.39,136.0,0.0,False,,False,,,,,
2023-03-12,19:03,8751.0,11082.0,2330.0,26.63,140.0,0.0,False,,False,,,,,
2023-03-13,18:49,9115.0,10408.0,1293.0,14.19,79.0,0.0,False,,False,,,,,
2023-03-14,18:42,10158.0,10717.0,689.0,6.78,31.0,0.0,True,"demand response, tight reserve",False,JERUSALEM CENTRE,min,6.2,0.1635,"demand response, tight reserve — Jerusalem Centre 6.2 °C, colder than 84% of winter days; not an extreme day"
2023-03-15,18:53,10422.0,11395.0,1114.0,10.69,248.0,0.0,True,demand response,False,JERUSALEM CENTRE,min,7.3,0.2605,"demand response — Jerusalem Centre 7.3 °C, colder than 74% of winter days; not an extreme day"
2023-03-16,19:17,9555.0,11793.0,2368.0,24.78,163.0,0.0,True,demand response,False,JERUSALEM CENTRE,min,7.3,0.2605,"demand response — Jerusalem Centre 7.3 °C, colder than 74% of winter days; not an extreme day"
2023-03-17,18:30,8593.0,11388.0,2925.0,34.04,183.0,0.0,True,demand response,False,BET DAGAN,min,9.4,0.4168,"demand response — Bet Dagan 9.4 °C, colder than 58% of winter days; not an extreme day"
2023-03-18,19:18,9132.0,11438.0,2306.0,25.25,48.0,0.0,False,,False,,,,,
2023-03-19,18:38,11003.0,12760.0,1758.0,15.98,185.0,0.0,False,,False,,,,,
2023-03-20,18:53,10790.0,12664.0,1874.0,17.37,35.0,0.0,False,,False,,,,,
2023-03-21,19:19,10273.0,12886.0,2613.0,25.44,54.0,0.0,False,,False,,,,,
2023-03-22,18:56,10041.0,13313.0,3272.0,32.59,19.0,0.0,False,,False,,,,,
2023-03-23,19:08,9606.0,12343.0,2737.0,28.49,104.0,0.0,False,,False,,,,,
2023-03-24,18:29,8696.0,11562.0,2866.0,32.96,429.0,0.0,False,,False,,,,,
2023-03-25,20:16,8963.0,11611.0,2648.0,29.54,16.0,0.0,False,,False,,,,,
2023-03-26,19:54,9405.0,11798.0,2394.0,25.45,207.0,0.0,False,,False,,,,,
2023-03-27,19:59,9170.0,11075.0,1905.0,20.77,184.0,0.0,False,,False,,,,,
2023-03-28,19:59,8861.0,11823.0,2962.0,33.43,157.0,0.0,False,,False,,,,,
2023-03-29,19:49,9557.0,11629.0,2072.0,21.68,198.0,0.0,False,,False,,,,,
2023-03-30,20:00,10394.0,11866.0,1472.0,14.16,228.0,0.0,False,,False,,,,,
2023-03-31,18:30,9397.0,12086.0,2689.0,28.62,371.0,0.0,False,,False,,,,,
2023-04-01,20:35,9239.0,11892.0,2652.0,28.7,193.0,0.0,False,,False,,,,,
2023-04-02,20:10,9205.0,12180.0,2976.0,32.33,202.0,0.0,False,,False,,,,,
2023-04-03,19:59,8642.0,10164.0,1521.0,17.6,173.0,0.0,False,,False,,,,,
2023-04-04,18:46,8504.0,12058.0,3554.0,41.79,611.0,0.0,False,,False,,,,,
2023-04-05,17:30,8046.0,11151.0,3105.0,38.59,1467.0,0.0,False,,False,,,,,
2023-04-06,20:41,7612.0,10569.0,2958.0,38.86,185.0,0.0,False,,False,,,,,
2023-04-07,18:45,8084.0,10649.0,2565.0,31.73,679.0,0.0,False,,False,,,,,
2023-04-08,20:29,7554.0,10279.0,2725.0,36.07,13.0,0.0,False,,False,,,,,
2023-04-09,18:29,8369.0,10811.0,2442.0,29.18,732.0,0.0,False,,False,,,,,
2023-04-10,18:00,8529.0,11117.0,2588.0,30.34,608.0,0.0,False,,False,,,,,
2023-04-11,17:32,8072.0,11933.0,3862.0,47.84,1259.0,0.0,False,,False,,,,,
2023-04-12,20:30,8902.0,10268.0,1366.0,15.34,93.0,0.0,False,,False,,,,,
2023-04-13,20:03,9484.0,11115.0,1631.0,17.2,92.0,0.0,False,,False,,,,,
2023-04-14,18:47,8247.0,11168.0,2921.0,35.42,463.0,0.0,False,,False,,,,,
2023-04-15,20:42,8027.0,11158.0,3131.0,39.01,153.0,0.0,False,,False,,,,,
2023-04-16,20:05,8484.0,11704.0,3220.0,37.95,157.0,0.0,False,,False,,,,,
2023-04-17,20:23,8311.0,10771.0,2460.0,29.6,163.0,0.0,False,,False,,,,,
2023-04-18,16:56,8694.0,12437.0,3743.0,43.05,2152.0,0.0,False,,False,,,,,
2023-04-19,18:44,9096.0,10761.0,1665.0,18.3,762.0,0.0,False,,False,,,,,
2023-04-20,20:01,8393.0,9908.0,1515.0,18.05,195.0,0.0,False,,False,,,,,
2023-04-21,18:43,7566.0,10164.0,2599.0,34.35,366.0,0.0,False,,False,,,,,
2023-04-22,20:36,7589.0,9602.0,2012.0,26.51,131.0,0.0,False,,False,,,,,
2023-04-23,19:49,8214.0,9609.0,1396.0,17.0,82.0,0.0,False,,False,,,,,
2023-04-24,19:45,8111.0,9962.0,1851.0,22.82,185.0,0.0,False,,False,,,,,
2023-04-25,19:45,7803.0,10087.0,2284.0,29.27,138.0,0.0,False,,False,,,,,
2023-04-26,20:19,7720.0,10000.0,2280.0,29.53,143.0,0.0,False,,False,,,,,
2023-04-27,19:36,8100.0,10255.0,2156.0,26.62,148.0,0.0,False,,False,,,,,
2023-04-28,17:54,7807.0,11549.0,3742.0,47.93,1111.0,0.0,False,,False,,,,,
2023-04-29,20:38,7968.0,10593.0,2625.0,32.94,173.0,0.0,False,,False,,,,,
2023-04-30,19:53,8437.0,10665.0,2228.0,26.41,171.0,0.0,False,,False,,,,,
2023-05-01,15:42,8602.0,15895.0,7293.0,84.78,3033.0,0.0,False,,False,,,,,
2023-05-02,20:08,8316.0,11945.0,3628.0,43.63,147.0,0.0,False,,False,,,,,
2023-05-03,19:51,8482.0,11805.0,3323.0,39.18,105.0,0.0,False,,False,,,,,
2023-05-04,15:31,9144.0,14555.0,5411.0,59.18,3071.0,0.0,False,,False,,,,,
2023-05-05,14:12,9048.0,14506.0,5458.0,60.32,2765.0,0.0,False,,False,,,,,
2023-05-06,20:45,8083.0,11639.0,3556.0,43.99,141.0,0.0,False,,False,,,,,
2023-05-07,20:03,8728.0,11012.0,2284.0,26.17,126.0,0.0,False,,False,,,,,
2023-05-08,19:54,8579.0,11433.0,2854.0,33.27,168.0,0.0,False,,False,,,,,
2023-05-09,20:07,8701.0,11387.0,2685.0,30.86,152.0,0.0,False,,False,,,,,
2023-05-10,16:48,8848.0,13369.0,4522.0,51.11,2208.0,0.0,False,,False,,,,,
2023-05-11,16:34,9461.0,13251.0,3790.0,40.06,2282.0,0.0,False,,False,,,,,
2023-05-12,18:28,8375.0,10880.0,2505.0,29.91,641.0,0.0,False,,False,,,,,
2023-05-13,20:42,8093.0,11270.0,3177.0,39.26,150.0,0.0,False,,False,,,,,
2023-05-14,15:24,8791.0,13600.0,4809.0,54.7,3029.0,0.0,False,,False,,,,,
2023-05-15,15:42,9372.0,14668.0,5295.0,56.5,2902.0,0.0,False,,False,,,,,
2023-05-16,15:36,10241.0,13303.0,3061.0,29.89,2876.0,123.0,False,,False,,,,,
2023-05-17,15:06,10803.0,14675.0,3872.0,35.84,2977.0,0.0,False,,False,,,,,
2023-05-18,14:12,9589.0,14116.0,4527.0,47.21,3130.0,0.0,False,,False,,,,,
2023-05-19,18:41,8179.0,11379.0,3200.0,39.12,684.0,0.0,False,,False,,,,,
2023-05-20,20:43,8080.0,11505.0,3425.0,42.39,31.0,0.0,False,,False,,,,,
2023-05-21,15:28,9087.0,13903.0,4816.0,53.0,2637.0,0.0,False,,False,,,,,
2023-05-22,14:50,9837.0,14133.0,4296.0,43.67,2723.0,0.0,False,,False,,,,,
2023-05-23,15:38,9838.0,14736.0,4898.0,49.79,2851.0,0.0,False,,False,,,,,
2023-05-24,15:18,10327.0,13857.0,3530.0,34.18,2367.0,0.0,False,,False,,,,,
2023-05-25,14:37,9239.0,14648.0,5410.0,58.56,3258.0,0.0,False,,False,,,,,
2023-05-26,20:03,8147.0,11009.0,2862.0,35.13,17.0,0.0,False,,False,,,,,
2023-05-27,18:52,9530.0,11851.0,2321.0,24.35,864.0,0.0,False,,False,,,,,
2023-05-28,15:36,10807.0,13422.0,2745.0,25.4,2620.0,0.0,True,demand response,True,BET DAGAN,max,34.7,0.0913,"demand response — Bet Dagan 34.7 °C, hotter than 91% of summer days"
2023-05-29,15:24,9999.0,13538.0,3539.0,35.39,2865.0,0.0,False,,False,,,,,
2023-05-30,15:04,9860.0,13343.0,3483.0,35.32,3156.0,0.0,False,,False,,,,,
2023-05-31,15:27,9929.0,12910.0,2982.0,30.03,3033.0,0.0,False,,False,,,,,
2023-06-01,16:11,11358.0,13265.0,1907.0,16.79,1935.0,0.0,False,,False,,,,,
2023-06-02,15:56,12557.0,12778.0,221.0,1.76,2082.0,0.0,False,tight reserve,True,BET DAGAN,max,43.8,0.0013,"tight reserve — Bet Dagan 43.8 °C, hotter than 100% of summer days"
2023-06-03,10:30,9979.0,14003.0,4023.0,40.31,2586.0,0.0,False,,False,,,,,
2023-06-04,15:42,10579.0,13958.0,3379.0,31.94,2845.0,0.0,False,,False,,,,,
2023-06-05,15:18,10001.0,13867.0,3866.0,38.66,3194.0,0.0,False,,False,,,,,
2023-06-06,15:34,10202.0,14987.0,4785.0,46.9,3128.0,0.0,False,,False,,,,,
2023-06-07,16:16,10705.0,15446.0,4741.0,44.29,2721.0,0.0,False,,False,,,,,
2023-06-08,14:32,10882.0,14746.0,3864.0,35.51,1768.0,0.0,False,,False,,,,,
2023-06-09,17:50,11388.0,14716.0,3328.0,29.22,947.0,0.0,False,,False,,,,,
2023-06-10,16:23,9881.0,15015.0,5134.0,51.96,2571.0,0.0,False,,False,,,,,
2023-06-11,15:26,10859.0,15488.0,4629.0,42.63,3115.0,0.0,False,,False,,,,,
2023-06-12,15:58,10582.0,15407.0,4825.0,45.6,2896.0,0.0,False,,False,,,,,
2023-06-13,15:05,10380.0,14184.0,3804.0,36.65,1784.0,0.0,False,,False,,,,,
2023-06-14,15:36,10729.0,15789.0,5060.0,47.16,3077.0,0.0,False,,False,,,,,
2023-06-15,15:05,10411.0,15890.0,5479.0,52.63,3310.0,0.0,False,,False,,,,,
2023-06-16,17:32,10209.0,15034.0,4824.0,47.25,1807.0,0.0,False,,False,,,,,
2023-06-17,16:02,10361.0,16328.0,5966.0,57.58,2693.0,0.0,False,,False,,,,,
2023-06-18,15:22,10908.0,16373.0,5466.0,50.11,3175.0,0.0,False,,False,,,,,
2023-06-19,15:48,10369.0,15595.0,5226.0,50.4,3049.0,0.0,False,,False,,,,,
2023-06-20,15:21,10616.0,15218.0,4602.0,43.35,3054.0,0.0,False,,False,,,,,
2023-06-21,15:19,11089.0,14799.0,3710.0,33.46,3160.0,0.0,False,,False,,,,,
2023-06-22,15:34,11109.0,14798.0,3688.0,33.2,3139.0,0.0,False,,False,,,,,
2023-06-23,17:36,10578.0,14363.0,3785.0,35.78,1850.0,0.0,False,,False,,,,,
2023-06-24,17:40,10280.0,13952.0,3672.0,35.72,1784.0,0.0,False,,False,,,,,
2023-06-25,15:40,11933.0,15638.0,3705.0,31.05,3089.0,0.0,False,,False,,,,,
2023-06-26,15:26,11445.0,17009.0,5564.0,48.62,3247.0,0.0,False,,False,,,,,
2023-06-27,16:16,11291.0,16472.0,5181.0,45.89,2806.0,0.0,False,,False,,,,,
2023-06-28,15:27,11084.0,15904.0,4820.0,43.49,3178.0,0.0,False,,False,,,,,
2023-06-29,15:46,11083.0,16173.0,5090.0,45.93,3101.0,0.0,False,,False,,,,,
2023-06-30,17:22,10447.0,15332.0,4885.0,46.76,2146.0,0.0,False,,False,,,,,
2023-07-01,17:10,10218.0,15232.0,5013.0,49.06,2271.0,0.0,False,,False,,,,,
2023-07-02,15:27,11630.0,16596.0,4967.0,42.71,3113.0,0.0,False,,False,,,,,
2023-07-03,15:35,11960.0,16481.0,4521.0,37.8,3102.0,0.0,False,,False,,,,,
2023-07-04,15:35,12260.0,16261.0,4001.0,32.63,3107.0,0.0,False,,False,,,,,
2023-07-05,15:18,12558.0,15975.0,3417.0,27.21,3279.0,0.0,False,,False,,,,,
2023-07-06,15:26,12247.0,16382.0,4135.0,33.76,3227.0,0.0,False,,False,,,,,
2023-07-07,17:00,11238.0,16080.0,4842.0,43.09,2360.0,0.0,False,,False,,,,,
2023-07-08,17:08,11005.0,15331.0,4326.0,39.31,2271.0,0.0,False,,False,,,,,
2023-07-09,15:14,12829.0,16321.0,3492.0,27.22,3085.0,0.0,False,,False,,,,,
2023-07-10,15:16,13093.0,16318.0,3225.0,24.63,3175.0,0.0,False,,False,,,,,
2023-07-11,15:24,13310.0,17185.0,3875.0,29.11,2955.0,0.0,False,,False,,,,,
2023-07-12,15:12,13436.0,17595.0,4158.0,30.95,3141.0,0.0,False,,False,,,,,
2023-07-13,14:16,14089.0,17924.0,3835.0,27.22,3322.0,0.0,False,,False,,,,,
2023-07-14,14:53,12905.0,17466.0,4561.0,35.34,3308.0,0.0,False,,False,,,,,
2023-07-15,16:38,12397.0,17000.0,4602.0,37.12,2528.0,0.0,False,,False,,,,,
2023-07-16,15:26,14381.0,18040.0,3659.0,25.44,3099.0,150.0,False,,False,,,,,
2023-07-17,15:28,14711.0,18005.0,3294.0,22.39,3143.0,0.0,False,,False,,,,,
2023-07-18,15:29,14559.0,17526.0,2967.0,20.38,3127.0,72.0,False,,False,,,,,
2023-07-19,15:09,14315.0,17214.0,2899.0,20.25,3227.0,83.0,False,,False,,,,,
2023-07-20,15:19,14022.0,17398.0,3377.0,24.08,3273.0,149.0,False,,False,,,,,
2023-07-21,16:00,12793.0,17979.0,5185.0,40.53,3028.0,0.0,False,,False,,,,,
2023-07-22,17:12,12369.0,17381.0,5012.0,40.52,2265.0,0.0,False,,False,,,,,
2023-07-23,14:39,14749.0,18728.0,3979.0,26.98,3406.0,153.0,False,,False,,,,,
2023-07-24,14:53,14960.0,18715.0,3754.0,25.09,3420.0,0.0,False,,False,,,,,
2023-07-25,14:52,15336.0,18904.0,3568.0,23.27,3337.0,304.0,False,,False,,,,,
2023-07-26,16:16,15253.0,18111.0,2858.0,18.74,2882.0,155.0,False,,False,,,,,
2023-07-27,15:30,14652.0,18054.0,3402.0,23.22,3166.0,132.0,False,,False,,,,,
2023-07-28,16:10,13550.0,17468.0,3917.0,28.91,2951.0,0.0,False,,False,,,,,
2023-07-29,16:23,12745.0,17213.0,4468.0,35.06,2690.0,0.0,False,,False,,,,,
2023-07-30,15:15,14016.0,17171.0,3155.0,22.51,3273.0,82.0,False,,False,,,,,
2023-07-31,16:27,14093.0,16682.0,2589.0,18.37,2676.0,261.0,False,,False,,,,,
2023-08-01,16:16,14458.0,17263.0,2806.0,19.41,2844.0,219.0,False,,False,,,,,
2023-08-02,14:49,14124.0,17819.0,3695.0,26.16,3408.0,156.0,False,,False,,,,,
2023-08-03,15:40,13820.0,18819.0,4999.0,36.17,3292.0,0.0,False,,False,,,,,
2023-08-04,16:32,12791.0,18095.0,5304.0,41.47,2788.0,0.0,False,,False,,,,,
2023-08-05,16:44,12189.0,17596.0,5407.0,44.36,2664.0,0.0,False,,False,,,,,
2023-08-06,15:43,13828.0,18688.0,4860.0,35.15,3291.0,304.0,False,,False,,,,,
2023-08-07,16:14,14088.0,18048.0,3960.0,28.11,2906.0,0.0,False,,False,,,,,
2023-08-08,15:33,13739.0,18426.0,4686.0,34.11,3216.0,235.0,False,,False,,,,,
2023-08-09,15:44,13813.0,18181.0,4367.0,31.62,3063.0,0.0,False,,False,,,,,
2023-08-10,15:26,13707.0,18345.0,4638.0,33.84,3236.0,147.0,False,,False,,,,,
2023-08-11,17:02,12634.0,17360.0,4726.0,37.41,2155.0,172.0,False,,False,,,,,
2023-08-12,16:57,12459.0,16704.0,4245.0,34.07,1488.0,0.0,False,,False,,,,,
2023-08-13,15:46,15685.0,18064.0,2379.0,15.17,2441.0,175.0,False,,False,,,,,
2023-08-14,14:53,14973.0,17732.0,2760.0,18.43,2040.0,221.0,False,,False,,,,,
2023-08-15,14:43,14773.0,18730.0,3957.0,26.79,3034.0,165.0,False,,False,,,,,
2023-08-16,15:26,14664.0,18594.0,3930.0,26.8,2979.0,307.0,False,,False,,,,,
2023-08-17,15:19,14759.0,18182.0,3423.0,23.19,2994.0,306.0,False,,False,,,,,
2023-08-18,15:47,13636.0,17800.0,4163.0,30.53,2753.0,146.0,False,,False,,,,,
2023-08-19,16:28,12911.0,16863.0,3952.0,30.61,2344.0,0.0,False,,False,,,,,
2023-08-20,13:56,14278.0,18477.0,4199.0,29.41,3401.0,0.0,False,,False,,,,,
2023-08-21,15:57,13645.0,17717.0,4072.0,29.84,2858.0,232.0,False,,False,,,,,
2023-08-22,15:21,13676.0,17775.0,4098.0,29.96,3064.0,81.0,False,,False,,,,,
2023-08-23,15:30,14184.0,17650.0,3466.0,24.44,3032.0,95.0,False,,False,,,,,
2023-08-24,14:47,13768.0,18108.0,4340.0,31.52,3389.0,77.0,False,,False,,,,,
2023-08-25,16:18,12637.0,17338.0,4702.0,37.21,2723.0,155.0,False,,False,,,,,
2023-08-26,19:45,12867.0,15020.0,2153.0,16.73,353.0,152.0,False,,False,,,,,
2023-08-27,15:43,13604.0,17885.0,4281.0,31.47,3082.0,37.0,False,,False,,,,,
2023-08-28,15:13,13405.0,18015.0,4610.0,34.39,3327.0,155.0,False,,False,,,,,
2023-08-29,14:29,13466.0,18017.0,4551.0,33.8,3338.0,0.0,False,,False,,,,,
2023-08-30,15:44,13913.0,17683.0,3770.0,27.1,3023.0,152.0,False,,False,,,,,
2023-08-31,15:44,14055.0,17042.0,2987.0,21.25,2802.0,280.0,False,,False,,,,,
2023-09-01,14:55,13039.0,17075.0,4036.0,30.95,3189.0,0.0,False,,False,,,,,
2023-09-02,16:28,11431.0,16398.0,4967.0,43.45,2617.0,149.0,False,,False,,,,,
2023-09-03,15:34,13578.0,17113.0,3536.0,26.04,2944.0,0.0,False,,False,,,,,
2023-09-04,15:46,13457.0,16804.0,3347.0,24.87,2824.0,274.0,False,,False,,,,,
2023-09-05,16:42,13478.0,16411.0,2933.0,21.76,2167.0,277.0,False,,False,,,,,
2023-09-06,15:34,14138.0,17710.0,3572.0,25.27,3017.0,154.0,False,,False,,,,,
2023-09-07,15:26,13622.0,18376.0,4754.0,34.9,3128.0,0.0,False,,False,,,,,
2023-09-08,15:46,13881.0,17641.0,3760.0,27.09,2737.0,244.0,False,,False,,,,,
2023-09-09,15:24,12515.0,18293.0,5778.0,46.17,3150.0,0.0,False,,False,,,,,
2023-09-10,15:29,13815.0,18034.0,4219.0,30.54,3119.0,171.0,False,,False,,,,,
2023-09-11,15:24,13891.0,17931.0,4040.0,29.08,2982.0,245.0,False,,False,,,,,
2023-09-12,15:36,14508.0,16997.0,2488.0,17.15,2306.0,265.0,False,,False,,,,,
2023-09-13,15:38,12874.0,16807.0,3932.0,30.54,1969.0,131.0,False,,False,,,,,
2023-09-14,15:38,12983.0,17949.0,4966.0,38.25,3109.0,0.0,False,,False,,,,,
2023-09-15,15:13,11675.0,17447.0,5771.0,49.43,3195.0,0.0,False,,False,,,,,
2023-09-16,15:40,10224.0,16373.0,6149.0,60.14,3061.0,0.0,False,,False,,,,,
2023-09-17,15:38,10506.0,17211.0,6705.0,63.82,3167.0,0.0,False,,False,,,,,
2023-09-18,15:48,12679.0,16169.0,3491.0,27.53,2978.0,254.0,False,,False,,,,,
2023-09-19,16:01,12772.0,15637.0,2864.0,22.42,2775.0,215.0,False,,False,,,,,
2023-09-20,15:12,12346.0,16368.0,4022.0,32.58,3177.0,166.0,False,,False,,,,,
2023-09-21,15:23,12585.0,16427.0,3842.0,30.53,2972.0,163.0,False,,False,,,,,
2023-09-22,16:04,11876.0,15701.0,3825.0,32.21,2514.0,266.0,False,,False,,,,,
2023-09-23,16:05,11449.0,15983.0,4534.0,39.6,2533.0,166.0,False,,False,,,,,
2023-09-24,14:43,11847.0,16582.0,4734.0,39.96,3310.0,0.0,False,,False,,,,,
2023-09-25,16:42,10509.0,15737.0,5228.0,49.75,2157.0,225.0,False,,False,,,,,
2023-09-26,15:22,12809.0,16293.0,3483.0,27.19,2995.0,210.0,False,,False,,,,,
2023-09-27,15:12,12546.0,16443.0,3897.0,31.06,3018.0,0.0,False,,False,,,,,
2023-09-28,15:23,12961.0,16325.0,3364.0,25.95,2961.0,86.0,False,,False,,,,,
2023-09-29,15:02,12108.0,16759.0,4651.0,38.41,3178.0,0.0,False,,False,,,,,
2023-09-30,16:06,10263.0,15544.0,5281.0,51.46,2553.0,75.0,False,,False,,,,,
2023-10-01,14:12,11357.0,14918.0,3560.0,31.35,2019.0,0.0,False,,False,,,,,
2023-10-02,12:38,10256.0,14401.0,4145.0,40.42,1854.0,0.0,False,,False,,,,,
2023-10-03,15:08,10205.0,14913.0,4708.0,46.13,2287.0,85.0,False,,False,,,,,
2023-10-04,15:36,10124.0,14855.0,4731.0,46.73,1889.0,88.0,False,,False,,,,,
2023-10-05,14:54,10696.0,15462.0,4766.0,44.56,2290.0,87.0,False,,False,,,,,
2023-10-06,13:29,10208.0,15701.0,5493.0,53.81,3314.0,0.0,False,,False,,,,,
2023-10-07,16:24,8935.0,12926.0,3992.0,44.68,1522.0,89.0,False,,False,,,,,
2023-10-08,14:44,10022.0,14741.0,4719.0,47.09,2764.0,118.0,False,,False,,,,,
2023-10-09,15:02,10065.0,14557.0,4492.0,44.63,1168.0,0.0,False,,False,,,,,
2023-10-10,13:42,10118.0,15738.0,5620.0,55.54,2558.0,0.0,False,,False,,,,,
2023-10-11,14:08,9857.0,15589.0,5732.0,58.15,2477.0,0.0,False,,False,,,,,
2023-10-12,14:43,10013.0,16373.0,6361.0,63.53,2901.0,0.0,False,,False,,,,,
2023-10-13,14:50,9269.0,15191.0,5922.0,63.89,2876.0,0.0,False,,False,,,,,
2023-10-14,14:37,8570.0,15216.0,6646.0,77.55,2681.0,0.0,False,,False,,,,,
2023-10-15,13:06,9488.0,15602.0,6114.0,64.44,2753.0,0.0,False,,False,,,,,
2023-10-16,15:20,9135.0,15860.0,6725.0,73.62,2535.0,0.0,False,,False,,,,,
2023-10-17,13:26,9420.0,16320.0,6900.0,73.25,3148.0,0.0,False,,False,,,,,
2023-10-18,14:36,9312.0,15696.0,6384.0,68.56,2695.0,0.0,False,,False,,,,,
2023-10-19,14:03,9567.0,15828.0,6260.0,65.43,2988.0,0.0,False,,False,,,,,
2023-10-20,12:52,8866.0,15972.0,7105.0,80.14,3221.0,0.0,False,,False,,,,,
2023-10-21,16:12,8456.0,15200.0,6744.0,79.75,1908.0,0.0,False,,False,,,,,
2023-10-22,14:41,10249.0,16195.0,5945.0,58.01,2724.0,0.0,False,,False,,,,,
2023-10-23,14:54,10557.0,15649.0,5093.0,48.24,2670.0,164.0,False,,False,,,,,
2023-10-24,14:54,11025.0,15663.0,4638.0,42.07,2570.0,0.0,False,,False,,,,,
2023-10-25,14:26,10949.0,15493.0,4545.0,41.51,2893.0,0.0,False,,False,,,,,
2023-10-26,14:44,11187.0,15878.0,4691.0,41.93,2738.0,219.0,False,,False,,,,,
2023-10-27,13:04,10356.0,14977.0,4621.0,44.62,2136.0,0.0,False,,False,,,,,
2023-10-28,19:31,9703.0,13216.0,3513.0,36.21,53.0,189.0,False,,False,,,,,
2023-10-29,10:40,10454.0,14895.0,4442.0,42.49,2061.0,0.0,False,,False,,,,,
2023-10-30,14:44,10861.0,15386.0,4525.0,41.66,1969.0,231.0,False,,False,,,,,
2023-10-31,14:22,10960.0,15217.0,4257.0,38.84,2054.0,241.0,False,,False,,,,,
2023-11-01,13:44,11280.0,15856.0,4576.0,40.57,2571.0,0.0,False,,False,,,,,
2023-11-02,13:44,10990.0,15640.0,4650.0,42.31,2446.0,0.0,False,,False,,,,,
2023-11-03,14:31,9605.0,15520.0,5916.0,61.59,2244.0,0.0,False,,False,,,,,
2023-11-04,15:17,8655.0,14237.0,5582.0,64.49,1558.0,0.0,False,,False,,,,,
2023-11-05,14:42,10003.0,14975.0,4972.0,49.71,1991.0,84.0,False,,False,,,,,
2023-11-06,14:28,9900.0,15305.0,5406.0,54.61,2393.0,122.0,False,,False,,,,,
2023-11-07,14:50,9825.0,14906.0,5081.0,51.72,2018.0,259.0,False,,False,,,,,
2023-11-08,14:44,9747.0,14223.0,4476.0,45.92,2028.0,120.0,False,,False,,,,,
2023-11-09,13:44,9656.0,15545.0,5889.0,60.99,2669.0,0.0,False,,False,,,,,
2023-11-10,16:34,9005.0,13928.0,4923.0,54.67,684.0,221.0,False,,False,,,,,
2023-11-11,18:14,8196.0,13379.0,5183.0,63.24,130.0,220.0,False,,False,,,,,
2023-11-12,13:55,9398.0,14913.0,5515.0,58.68,1311.0,0.0,False,,False,,,,,
2023-11-13,14:18,9498.0,15533.0,6035.0,63.54,1920.0,83.0,False,,False,,,,,
2023-11-14,11:20,9455.0,15558.0,6102.0,64.54,2493.0,0.0,False,,False,,,,,
2023-11-15,17:33,8801.0,13592.0,4791.0,54.44,27.0,212.0,False,,False,,,,,
2023-11-16,14:44,9385.0,15294.0,5908.0,62.95,2514.0,179.0,False,,False,,,,,
2023-11-17,12:13,8762.0,14861.0,6099.0,69.61,3016.0,0.0,False,,False,,,,,
2023-11-18,18:18,8155.0,12689.0,4534.0,55.6,82.0,263.0,False,,False,,,,,
2023-11-19,16:38,9363.0,14047.0,4684.0,50.03,599.0,234.0,False,,False,,,,,
2023-11-20,18:20,9346.0,13526.0,4180.0,44.73,293.0,158.0,False,,False,,,,,
2023-11-21,18:39,8943.0,13623.0,4681.0,52.34,170.0,210.0,False,,False,,,,,
2023-11-22,18:18,9231.0,13285.0,4054.0,43.92,296.0,202.0,False,,False,,,,,
2023-11-23,18:18,8927.0,13357.0,4430.0,49.62,288.0,172.0,False,,False,,,,,
2023-11-24,17:20,8246.0,11545.0,3299.0,40.01,70.0,250.0,False,,False,,,,,
2023-11-25,18:28,8505.0,12408.0,3903.0,45.89,45.0,245.0,False,,False,,,,,
2023-11-26,18:18,9100.0,12600.0,3501.0,38.47,293.0,233.0,False,,False,,,,,
2023-11-27,18:19,9820.0,13198.0,3378.0,34.4,302.0,242.0,False,,False,,,,,
2023-11-28,18:18,9785.0,13271.0,3486.0,35.63,13.0,248.0,False,,False,,,,,
2023-11-29,18:30,9524.0,13145.0,3621.0,38.02,185.0,226.0,False,,False,,,,,
2023-11-30,18:23,9277.0,13590.0,4313.0,46.49,168.0,191.0,False,,False,,,,,
2023-12-01,17:24,8249.0,12550.0,4301.0,52.14,41.0,227.0,False,,False,,,,,
2023-12-02,18:24,8303.0,13057.0,4754.0,57.26,152.0,180.0,False,,False,,,,,
2023-12-03,18:36,8827.0,13650.0,4823.0,54.64,322.0,185.0,False,,False,,,,,
2023-12-04,18:01,8738.0,13551.0,4814.0,55.09,216.0,185.0,False,,False,,,,,
2023-12-05,18:19,9219.0,13345.0,4126.0,44.76,124.0,170.0,False,,False,,,,,
2023-12-06,18:08,9262.0,13144.0,3882.0,41.91,131.0,217.0,False,,False,,,,,
2023-12-07,16:52,9021.0,13562.0,4542.0,50.35,115.0,213.0,False,,False,,,,,
2023-12-08,15:40,8150.0,12696.0,4546.0,55.78,653.0,231.0,False,,False,,,,,
2023-12-09,18:22,8517.0,12511.0,3994.0,46.89,29.0,194.0,False,,False,,,,,
2023-12-10,17:44,9166.0,13273.0,4107.0,44.81,357.0,186.0,False,,False,,,,,
2023-12-11,18:10,9010.0,13178.0,4168.0,46.26,132.0,203.0,False,,False,,,,,
2023-12-12,18:11,9441.0,13353.0,3911.0,41.43,188.0,221.0,False,,False,,,,,
2023-12-13,17:40,9725.0,14124.0,4399.0,45.23,41.0,202.0,False,,False,,,,,
2023-12-14,17:45,9221.0,14010.0,4790.0,51.95,122.0,180.0,False,,False,,,,,
2023-12-15,15:52,8456.0,13484.0,5028.0,59.46,886.0,234.0,False,,False,,,,,
2023-12-16,18:25,8559.0,12875.0,4316.0,50.43,175.0,237.0,False,,False,,,,,
2023-12-17,18:28,9476.0,13797.0,4321.0,45.6,191.0,237.0,False,,False,,,,,
2023-12-18,18:40,9490.0,13373.0,3883.0,40.92,224.0,231.0,False,,False,,,,,
2023-12-19,19:23,9734.0,13786.0,4052.0,41.63,361.0,234.0,False,,False,,,,,
2023-12-20,18:52,9923.0,13253.0,3330.0,33.56,429.0,221.0,False,,False,,,,,
2023-12-21,18:30,9990.0,13208.0,3217.0,32.2,79.0,221.0,False,,False,,,,,
2023-12-22,15:30,9508.0,13890.0,4382.0,46.09,1123.0,191.0,False,,False,,,,,
2023-12-23,18:30,9876.0,13204.0,3328.0,33.7,231.0,246.0,False,,False,,,,,
2023-12-24,18:29,10462.0,13726.0,3264.0,31.2,125.0,238.0,False,,False,,,,,
2023-12-25,18:49,9894.0,14122.0,4228.0,42.73,121.0,178.0,False,,False,,,,,
2023-12-26,19:22,9758.0,13754.0,3996.0,40.95,412.0,243.0,False,,False,,,,,
2023-12-27,18:27,9803.0,13648.0,3845.0,39.22,403.0,203.0,False,,False,,,,,
2023-12-28,18:34,9700.0,12916.0,3216.0,33.15,222.0,209.0,False,,False,,,,,
2023-12-29,17:48,8771.0,13073.0,4302.0,49.05,94.0,169.0,False,,False,,,,,
2023-12-30,18:58,9015.0,13071.0,4056.0,44.99,42.0,207.0,False,,False,,,,,
2023-12-31,18:42,9770.0,14408.0,4638.0,47.47,127.0,163.0,False,,False,,,,,
2024-01-01,19:31,9670.0,13268.0,3598.0,37.21,134.0,207.0,False,,False,,,,,
2024-01-02,19:26,10018.0,13478.0,3460.0,34.54,73.0,263.0,False,,False,,,,,
2024-01-03,18:33,10181.0,13395.0,3213.0,31.56,143.0,225.0,False,,False,,,,,
2024-01-04,18:21,9870.0,13756.0,3886.0,39.37,146.0,198.0,False,,False,,,,,
2024-01-05,10:41,9538.0,15791.0,6253.0,65.56,2664.0,0.0,False,,False,,,,,
2024-01-06,18:36,8948.0,12643.0,3696.0,41.31,261.0,227.0,False,,False,,,,,
2024-01-07,18:32,9431.0,12882.0,3452.0,36.6,156.0,201.0,False,,False,,,,,
2024-01-08,19:19,9664.0,13144.0,3480.0,36.01,154.0,205.0,False,,False,,,,,
2024-01-09,19:12,9971.0,13334.0,3363.0,33.73,337.0,0.0,False,,False,,,,,
2024-01-10,19:18,10556.0,14595.0,4039.0,38.26,129.0,245.0,False,,False,,,,,
2024-01-11,18:38,11196.0,14925.0,3729.0,33.31,187.0,216.0,False,,False,,,,,
2024-01-12,14:29,10991.0,16828.0,5837.0,53.11,2359.0,163.0,False,,False,,,,,
2024-01-13,18:53,10219.0,14736.0,4517.0,44.2,223.0,238.0,False,,False,,,,,
2024-01-14,18:53,11485.0,15133.0,3648.0,31.76,186.0,238.0,False,,False,,,,,
2024-01-15,19:16,11603.0,15106.0,3503.0,30.19,162.0,221.0,False,,False,,,,,
2024-01-16,19:26,11284.0,13879.0,2595.0,23.0,127.0,228.0,False,,False,,,,,
2024-01-17,19:22,11467.0,14249.0,2782.0,24.26,43.0,251.0,False,,False,,,,,
2024-01-18,19:16,10795.0,14533.0,3739.0,34.64,155.0,244.0,False,,False,,,,,
2024-01-19,17:58,9400.0,12653.0,3253.0,34.61,51.0,214.0,False,,False,,,,,
2024-01-20,19:23,9589.0,13186.0,3597.0,37.51,93.0,249.0,False,,False,,,,,
2024-01-21,19:24,10200.0,13433.0,3233.0,31.7,158.0,236.0,False,,False,,,,,
2024-01-22,19:16,10180.0,13523.0,3344.0,32.85,160.0,219.0,False,,False,,,,,
2024-01-23,18:28,11092.0,14293.0,3201.0,28.86,239.0,222.0,False,,False,,,,,
2024-01-24,18:23,11395.0,14518.0,3123.0,27.41,141.0,249.0,False,,False,,,,,
2024-01-25,18:39,11229.0,14532.0,3303.0,29.41,58.0,233.0,False,,False,,,,,
2024-01-26,13:50,12000.0,16630.0,4630.0,38.58,2467.0,0.0,False,,False,,,,,
2024-01-27,18:48,11316.0,14586.0,3269.0,28.89,132.0,231.0,False,,False,,,,,
2024-01-28,18:27,12751.0,15104.0,2353.0,18.45,40.0,254.0,False,,False,,,,,
2024-01-29,19:19,12776.0,14802.0,2026.0,15.86,37.0,261.0,False,,False,,,,,
2024-01-30,18:55,13428.0,16179.0,2750.0,20.48,252.0,226.0,False,,False,,,,,
2024-01-31,19:24,13461.0,16046.0,2585.0,19.2,134.0,229.0,False,,False,,,,,
2024-02-01,18:44,13661.0,16126.0,2465.0,18.04,180.0,207.0,False,,False,,,,,
2024-02-02,16:30,12563.0,15497.0,2933.0,23.35,604.0,272.0,False,,False,,,,,
2024-02-03,19:20,12255.0,15377.0,3122.0,25.48,86.0,233.0,False,,False,,,,,
2024-02-04,19:22,13436.0,15273.0,1837.0,13.67,190.0,230.0,False,,False,,,,,
2024-02-05,18:38,13157.0,15486.0,2329.0,17.7,339.0,233.0,False,,False,,,,,
2024-02-06,19:27,11844.0,14890.0,3046.0,25.72,142.0,231.0,False,,False,,,,,
2024-02-07,19:33,11056.0,14464.0,3408.0,30.82,24.0,201.0,False,,False,,,,,
2024-02-08,19:19,10439.0,14274.0,3834.0,36.73,60.0,191.0,False,,False,,,,,
2024-02-09,18:16,9518.0,13120.0,3602.0,37.84,107.0,191.0,False,,False,,,,,
2024-02-10,19:25,9967.0,13358.0,3391.0,34.02,79.0,235.0,False,,False,,,,,
2024-02-11,19:28,10560.0,13859.0,3299.0,31.24,77.0,253.0,False,,False,,,,,
2024-02-12,18:57,10379.0,14294.0,3914.0,37.71,153.0,238.0,False,,False,,,,,
2024-02-13,19:21,9980.0,14035.0,4055.0,40.63,87.0,166.0,False,,False,,,,,
2024-02-14,18:53,10793.0,14290.0,3496.0,32.39,127.0,224.0,False,,False,,,,,
2024-02-15,18:40,10925.0,14346.0,3421.0,31.31,107.0,219.0,False,,False,,,,,
2024-02-16,13:33,11981.0,16617.0,4635.0,38.69,2720.0,0.0,False,,False,,,,,
2024-02-17,19:11,11047.0,13358.0,2311.0,20.92,113.0,245.0,False,,False,,,,,
2024-02-18,18:49,11887.0,13577.0,1690.0,14.22,216.0,229.0,False,,False,,,,,
2024-02-19,19:28,11620.0,13526.0,1906.0,16.4,50.0,219.0,False,,False,,,,,
2024-02-20,19:22,11620.0,13601.0,1981.0,17.05,115.0,237.0,False,,False,,,,,
2024-02-21,19:28,11092.0,13434.0,2342.0,21.11,133.0,247.0,False,,False,,,,,
2024-02-22,19:16,10752.0,13111.0,2359.0,21.94,200.0,230.0,False,,False,,,,,
2024-02-23,16:48,10154.0,13098.0,2944.0,28.99,335.0,105.0,False,,False,,,,,
2024-02-24,19:23,9851.0,12790.0,2938.0,29.82,105.0,221.0,False,,False,,,,,
2024-02-25,19:33,10344.0,13033.0,2689.0,26.0,139.0,233.0,False,,False,,,,,
2024-02-26,19:53,9823.0,12822.0,2999.0,30.53,240.0,210.0,False,,False,,,,,
2024-02-27,19:24,9829.0,12357.0,2528.0,25.72,60.0,228.0,False,,False,,,,,
2024-02-28,19:40,10056.0,12821.0,2765.0,27.5,298.0,266.0,False,,False,,,,,
2024-02-29,19:42,9962.0,13080.0,3118.0,31.3,452.0,252.0,False,,False,,,,,
2024-03-01,18:21,8925.0,11711.0,2786.0,31.22,232.0,227.0,False,,False,,,,,
2024-03-02,19:27,9322.0,11747.0,2425.0,26.01,163.0,226.0,False,,False,,,,,
2024-03-03,18:54,10201.0,12141.0,1939.0,19.01,116.0,247.0,False,,False,,,,,
2024-03-04,19:23,10105.0,12195.0,2090.0,20.68,246.0,221.0,False,,False,,,,,
2024-03-05,19:44,9699.0,12223.0,2524.0,26.02,133.0,235.0,False,,False,,,,,
2024-03-06,15:55,10107.0,15717.0,5611.0,55.52,3680.0,0.0,False,,False,,,,,
2024-03-07,18:57,10025.0,12525.0,2500.0,24.94,115.0,225.0,False,,False,,,,,
2024-03-08,18:21,9029.0,12564.0,3535.0,39.15,220.0,201.0,False,,False,,,,,
2024-03-09,19:34,9464.0,12235.0,2771.0,29.28,205.0,239.0,False,,False,,,,,
2024-03-10,19:34,10074.0,12564.0,2490.0,24.72,323.0,221.0,False,,False,,,,,
2024-03-11,19:37,9814.0,12026.0,2211.0,22.53,171.0,224.0,False,,False,,,,,
2024-03-12,19:32,9105.0,12028.0,2924.0,32.11,208.0,218.0,False,,False,,,,,
2024-03-13,19:24,9208.0,12153.0,2945.0,31.98,233.0,156.0,False,,False,,,,,
2024-03-14,18:46,9360.0,12312.0,2952.0,31.54,220.0,169.0,False,,False,,,,,
2024-03-15,16:40,8997.0,13384.0,4387.0,48.76,1288.0,199.0,False,,False,,,,,
2024-03-16,19:24,9259.0,11778.0,2519.0,27.21,114.0,220.0,False,,False,,,,,
2024-03-17,18:42,9539.0,12531.0,2992.0,31.37,310.0,165.0,False,,False,,,,,
2024-03-18,19:08,9925.0,12360.0,2435.0,24.53,254.0,165.0,False,,False,,,,,
2024-03-19,18:54,10725.0,13220.0,2495.0,23.26,333.0,174.0,False,,False,,,,,
2024-03-20,19:27,9845.0,12214.0,2369.0,24.06,235.0,255.0,False,,False,,,,,
2024-03-21,18:56,9609.0,12770.0,3160.0,32.89,264.0,160.0,False,,False,,,,,
2024-03-22,06:07,9182.0,15796.0,6614.0,72.03,2971.0,0.0,False,,False,,,,,
2024-03-23,19:15,8943.0,12355.0,3412.0,38.15,218.0,217.0,False,,False,,,,,
2024-03-24,19:24,9621.0,12983.0,3362.0,34.94,150.0,210.0,False,,False,,,,,
2024-03-25,19:19,9898.0,12836.0,2939.0,29.69,401.0,218.0,False,,False,,,,,
2024-03-26,19:18,9765.0,12264.0,2498.0,25.58,318.0,231.0,False,,False,,,,,
2024-03-27,18:59,9021.0,11645.0,2624.0,29.09,88.0,212.0,False,,False,,,,,
2024-03-28,19:00,8733.0,11739.0,3006.0,34.42,120.0,191.0,False,,False,,,,,
2024-03-29,18:16,8360.0,12450.0,4090.0,48.92,696.0,208.0,False,,False,,,,,
2024-03-30,20:20,8072.0,10701.0,2629.0,32.57,117.0,230.0,False,,False,,,,,
2024-03-31,16:32,8814.0,14100.0,5286.0,59.97,2531.0,185.0,False,,False,,,,,
2024-04-01,18:24,9262.0,12800.0,3538.0,38.2,994.0,237.0,False,,False,,,,,
2024-04-02,16:31,9648.0,13635.0,3987.0,41.32,2660.0,153.0,False,,False,,,,,
2024-04-03,13:38,9274.0,15240.0,5966.0,64.33,3905.0,0.0,False,,False,,,,,
2024-04-04,15:39,9088.0,14962.0,5874.0,64.63,3500.0,0.0,False,,False,,,,,
2024-04-05,17:36,8289.0,13078.0,4788.0,57.76,1632.0,246.0,False,,False,,,,,
2024-04-06,20:32,8022.0,11353.0,3331.0,41.52,354.0,249.0,False,,False,,,,,
2024-04-07,19:49,8674.0,11506.0,2831.0,32.64,337.0,206.0,False,,False,,,,,
2024-04-08,20:14,8739.0,11312.0,2573.0,29.44,212.0,230.0,False,,False,,,,,
2024-04-09,19:59,8823.0,10735.0,1912.0,21.67,261.0,215.0,False,,False,,,,,
2024-04-10,19:39,8690.0,11253.0,2562.0,29.48,288.0,210.0,False,,False,,,,,
2024-04-11,19:49,8376.0,11137.0,2760.0,32.95,374.0,168.0,False,,False,,,,,
2024-04-12,18:10,7995.0,10615.0,2619.0,32.76,993.0,209.0,False,,False,,,,,
2024-04-13,20:27,8042.0,10090.0,2047.0,25.45,409.0,250.0,False,,False,,,,,
2024-04-14,19:43,8666.0,9772.0,1106.0,12.76,368.0,256.0,False,,False,,,,,
2024-04-15,14:41,8779.0,13865.0,5086.0,57.93,3534.0,0.0,False,,False,,,,,
2024-04-16,15:29,8905.0,14319.0,5414.0,60.8,3352.0,0.0,False,,False,,,,,
2024-04-17,16:24,9708.0,14226.0,4518.0,46.54,2900.0,87.0,False,,False,,,,,
2024-04-18,14:54,9550.0,14894.0,5344.0,55.96,3357.0,0.0,False,,False,,,,,
2024-04-19,18:36,8201.0,11808.0,3607.0,43.98,740.0,221.0,False,,False,,,,,
2024-04-20,20:55,8024.0,11998.0,3974.0,49.53,361.0,221.0,False,,False,,,,,
2024-04-21,15:14,8597.0,15130.0,6532.0,75.98,3829.0,0.0,False,,False,,,,,
2024-04-22,15:13,8190.0,15107.0,6918.0,84.47,3547.0,0.0,False,,False,,,,,
2024-04-23,20:41,8031.0,11757.0,3726.0,46.4,260.0,164.0,False,,False,,,,,
2024-04-24,16:34,10348.0,14265.0,3917.0,37.85,2587.0,90.0,False,,False,,,,,
2024-04-25,14:34,11514.0,14722.0,3208.0,27.86,2999.0,0.0,False,,False,,,,,
2024-04-26,15:15,9159.0,13790.0,4631.0,50.56,2510.0,0.0,False,,False,,,,,
2024-04-27,20:26,8146.0,11736.0,3590.0,44.07,228.0,221.0,False,,False,,,,,
2024-04-28,15:52,8752.0,14049.0,5298.0,60.53,2823.0,0.0,False,,False,,,,,
2024-04-29,16:03,8188.0,14158.0,5970.0,72.91,3114.0,0.0,False,,False,,,,,
2024-04-30,14:48,9722.0,15254.0,5532.0,56.9,3404.0,0.0,False,,False,,,,,
2024-05-01,14:52,9535.0,14634.0,5100.0,53.49,3345.0,0.0,False,,False,,,,,
2024-05-02,18:53,10673.0,13704.0,3031.0,28.4,2685.0,223.0,False,,False,,,,,
2024-05-03,18:18,8548.0,12516.0,3968.0,46.42,1103.0,229.0,False,,False,,,,,
2024-05-04,18:53,8457.0,12796.0,4339.0,51.31,1465.0,228.0,False,,False,,,,,
2024-05-05,14:53,8962.0,15282.0,6320.0,70.52,3902.0,0.0,False,,False,,,,,
2024-05-06,13:21,8973.0,15611.0,6638.0,73.98,3334.0,0.0,False,,False,,,,,
2024-05-07,20:08,8648.0,11968.0,3320.0,38.39,381.0,224.0,False,,False,,,,,
2024-05-08,15:34,8757.0,14601.0,5844.0,66.74,3547.0,0.0,False,,False,,,,,
2024-05-09,16:22,9515.0,14177.0,4662.0,49.0,2969.0,104.0,False,,False,,,,,
2024-05-10,14:42,10760.0,14421.0,3661.0,34.02,2934.0,12.0,True,demand response,True,BET DAGAN,max,39.1,0.0054,"demand response — Bet Dagan 39.1 °C, hotter than 99% of summer days"
2024-05-11,20:32,8471.0,12258.0,3787.0,44.71,326.0,226.0,False,,False,,,,,
2024-05-12,14:48,9395.0,14876.0,5481.0,58.34,3787.0,0.0,False,,False,,,,,
2024-05-13,09:28,8457.0,14127.0,5671.0,67.06,2596.0,0.0,False,,False,,,,,
2024-05-14,20:27,7998.0,12142.0,4143.0,51.8,377.0,228.0,False,,False,,,,,
2024-05-15,15:18,9103.0,15220.0,6117.0,67.2,3799.0,0.0,False,,False,,,,,
2024-05-16,15:19,8982.0,15068.0,6087.0,67.77,3832.0,0.0,False,,False,,,,,
2024-05-17,18:46,8638.0,11822.0,3184.0,36.86,759.0,224.0,False,,False,,,,,
2024-05-18,20:31,8709.0,11963.0,3254.0,37.36,164.0,213.0,False,,False,,,,,
2024-05-19,15:06,10378.0,14456.0,4078.0,39.29,3439.0,122.0,False,,False,,,,,
2024-05-20,13:58,11413.0,15817.0,4404.0,38.59,3722.0,0.0,False,,False,,,,,
2024-05-21,14:42,11011.0,15073.0,4062.0,36.89,3800.0,0.0,False,,False,,,,,
2024-05-22,16:23,11485.0,15100.0,3615.0,31.48,2958.0,113.0,False,,False,,,,,
2024-05-23,15:13,12173.0,15275.0,3102.0,25.48,3314.0,0.0,False,,False,,,,,
2024-05-24,12:49,9525.0,15969.0,6444.0,67.65,4198.0,0.0,False,,False,,,,,
2024-05-25,16:29,8768.0,14967.0,6199.0,70.7,3060.0,0.0,False,,False,,,,,
2024-05-26,14:54,10428.0,16324.0,5896.0,56.54,3527.0,0.0,False,,False,,,,,
2024-05-27,14:39,11660.0,15496.0,3836.0,32.9,2849.0,0.0,False,,False,,,,,
2024-05-28,14:04,10545.0,15294.0,4749.0,45.04,3136.0,0.0,False,,False,,,,,
2024-05-29,15:12,9936.0,15276.0,5341.0,53.75,3803.0,0.0,False,,False,,,,,
2024-05-30,15:10,9971.0,16324.0,6353.0,63.71,3915.0,0.0,False,,False,,,,,
2024-05-31,18:36,8945.0,13579.0,4634.0,51.81,1224.0,226.0,False,,False,,,,,
2024-06-01,17:08,8943.0,14857.0,5913.0,66.12,2535.0,0.0,False,,False,,,,,
2024-06-02,15:26,11680.0,16141.0,4461.0,38.19,3491.0,0.0,False,,False,,,,,
2024-06-03,15:26,12766.0,16509.0,3743.0,29.32,3352.0,0.0,False,,False,,,,,
2024-06-04,15:39,12828.0,15908.0,3081.0,24.02,3344.0,124.0,False,,False,,,,,
2024-06-05,15:38,12789.0,16474.0,3685.0,28.81,3406.0,0.0,False,,False,,,,,
2024-06-06,15:21,13429.0,16516.0,3087.0,22.99,3536.0,196.0,False,,False,,,,,
2024-06-07,17:00,12716.0,15601.0,2885.0,22.69,2660.0,250.0,False,,False,,,,,
2024-06-08,16:40,12131.0,15543.0,3412.0,28.13,2864.0,253.0,False,,False,,,,,
2024-06-09,14:43,12803.0,16381.0,3578.0,27.95,3848.0,0.0,False,,False,,,,,
2024-06-10,15:30,12734.0,16145.0,3411.0,26.79,3661.0,0.0,True,demand response,False,JERUSALEM CENTRE,max,29.4,0.6242,"demand response — Jerusalem Centre 29.4 °C, hotter than 38% of summer days; not an extreme day"
2024-06-11,15:15,12284.0,16362.0,4079.0,33.21,3750.0,87.0,False,,False,,,,,
2024-06-12,16:58,11422.0,15184.0,3762.0,32.94,2632.0,228.0,False,,False,,,,,
2024-06-13,16:38,14305.0,15976.0,1671.0,11.68,2781.0,241.0,False,,False,,,,,
2024-06-14,15:17,13627.0,17037.0,3410.0,25.02,3470.0,165.0,False,,False,,,,,
2024-06-15,17:16,12893.0,15712.0,2819.0,21.86,2324.0,241.0,False,,False,,,,,
2024-06-16,14:34,13200.0,17400.0,4200.0,31.82,3774.0,0.0,False,,False,,,,,
2024-06-17,15:25,12539.0,16791.0,4252.0,33.91,3531.0,102.0,False,,False,,,,,
2024-06-18,16:25,12503.0,16571.0,4068.0,32.54,2969.0,160.0,False,,False,,,,,
2024-06-19,16:42,12966.0,15957.0,2991.0,23.07,2735.0,236.0,False,,False,,,,,
2024-06-20,15:44,13658.0,16673.0,3016.0,22.08,3308.0,88.0,False,,False,,,,,
2024-06-21,15:43,12603.0,17022.0,4419.0,35.06,3465.0,0.0,False,,False,,,,,
2024-06-22,16:56,11522.0,16546.0,5024.0,43.6,2762.0,0.0,False,,False,,,,,
2024-06-23,15:12,13766.0,17433.0,3667.0,26.64,3762.0,212.0,False,,False,,,,,
2024-06-24,15:14,13646.0,17165.0,3520.0,25.8,3789.0,84.0,False,,False,,,,,
2024-06-25,14:44,13612.0,17335.0,3723.0,27.35,3929.0,0.0,False,,False,,,,,
2024-06-26,16:24,13648.0,17499.0,3851.0,28.22,3151.0,82.0,False,,False,,,,,
2024-06-27,16:22,14429.0,17432.0,3003.0,20.81,3119.0,83.0,False,,False,,,,,
2024-06-28,16:26,13115.0,17215.0,4100.0,31.26,3173.0,115.0,False,,False,,,,,
2024-06-29,16:42,12185.0,16281.0,4096.0,33.62,2959.0,112.0,False,,False,,,,,
2024-06-30,15:08,13567.0,17501.0,3933.0,28.99,3780.0,0.0,False,,False,,,,,
2024-07-01,15:12,13779.0,17422.0,3643.0,26.44,3645.0,79.0,False,,False,,,,,
2024-07-02,15:29,13625.0,18313.0,4688.0,34.41,3541.0,82.0,False,,False,,,,,
2024-07-03,15:28,13608.0,17901.0,4293.0,31.55,3753.0,0.0,False,,False,,,,,
2024-07-04,16:23,14035.0,16960.0,2926.0,20.85,3031.0,115.0,False,,False,,,,,
2024-07-05,14:53,12934.0,17681.0,4747.0,36.7,3754.0,0.0,False,,False,,,,,
2024-07-06,16:23,11611.0,16551.0,4939.0,42.54,3310.0,0.0,False,,False,,,,,
2024-07-07,15:21,13750.0,17657.0,3908.0,28.42,3728.0,110.0,False,,False,,,,,
2024-07-08,15:33,14238.0,17908.0,3670.0,25.78,3648.0,113.0,False,,False,,,,,
2024-07-09,15:42,14680.0,18317.0,3637.0,24.78,3438.0,0.0,False,,False,,,,,
2024-07-10,15:28,14961.0,18103.0,3142.0,21.0,3509.0,107.0,False,,False,,,,,
2024-07-11,15:40,15215.0,18203.0,2987.0,19.63,3504.0,115.0,False,,False,,,,,
2024-07-12,16:42,14016.0,17754.0,3737.0,26.66,2968.0,219.0,False,,False,,,,,
2024-07-13,17:12,13068.0,16452.0,3384.0,25.9,2630.0,223.0,False,,False,,,,,
2024-07-14,15:50,14395.0,18061.0,3667.0,25.47,3435.0,165.0,False,,False,,,,,
2024-07-15,15:20,14719.0,17779.0,3060.0,20.79,3554.0,84.0,False,,False,,,,,
2024-07-16,15:59,14750.0,17771.0,3021.0,20.48,3282.0,201.0,False,,False,,,,,
2024-07-17,16:29,14624.0,17609.0,2985.0,20.41,3071.0,273.0,False,,False,,,,,
2024-07-18,15:19,14669.0,18449.0,3779.0,25.76,3787.0,82.0,False,,False,,,,,
2024-07-19,16:42,13629.0,17427.0,3798.0,27.87,3109.0,195.0,False,,False,,,,,
2024-07-20,15:14,13344.0,17798.0,4454.0,33.38,3728.0,0.0,False,,False,,,,,
2024-07-21,14:52,15464.0,18306.0,2843.0,18.38,3808.0,0.0,False,,False,,,,,
2024-07-22,15:19,15228.0,18421.0,3193.0,20.97,3733.0,92.0,False,,False,,,,,
2024-07-23,15:12,14961.0,18909.0,3948.0,26.39,3838.0,246.0,False,,False,,,,,
2024-07-24,15:03,14849.0,18918.0,4069.0,27.4,3834.0,220.0,False,,False,,,,,
2024-07-25,15:39,14905.0,18649.0,3744.0,25.12,3639.0,239.0,False,,False,,,,,
2024-07-26,16:20,13461.0,17487.0,4026.0,29.91,3232.0,0.0,False,,False,,,,,
2024-07-27,16:57,12903.0,16384.0,3481.0,26.98,2702.0,201.0,False,,False,,,,,
2024-07-28,15:23,14918.0,18268.0,3351.0,22.46,3723.0,243.0,False,,False,,,,,
2024-07-29,15:50,14807.0,18416.0,3610.0,24.38,3500.0,166.0,False,,False,,,,,
2024-07-30,15:10,14773.0,19056.0,4283.0,28.99,3772.0,83.0,False,,False,,,,,
2024-07-31,16:22,14561.0,18392.0,3831.0,26.31,3195.0,256.0,False,,False,,,,,
2024-08-01,16:42,14903.0,18279.0,3376.0,22.65,3028.0,166.0,False,,False,,,,,
2024-08-02,17:12,13767.0,17285.0,3518.0,25.55,2585.0,165.0,False,,False,,,,,
2024-08-03,16:30,12711.0,17887.0,5177.0,40.73,3226.0,0.0,False,,False,,,,,
2024-08-04,16:42,14150.0,17275.0,3125.0,22.08,3017.0,164.0,False,,False,,,,,
2024-08-05,16:24,14149.0,17993.0,3843.0,27.16,3360.0,239.0,False,,False,,,,,
2024-08-06,14:22,13868.0,18119.0,4251.0,30.65,3885.0,110.0,False,,False,,,,,
2024-08-07,16:41,14192.0,17552.0,3360.0,23.68,3016.0,211.0,False,,False,,,,,
2024-08-08,15:19,14517.0,18159.0,3642.0,25.09,3671.0,238.0,False,,False,,,,,
2024-08-09,16:39,13266.0,16989.0,3723.0,28.06,3076.0,219.0,False,,False,,,,,
2024-08-10,16:44,12229.0,16944.0,4715.0,38.56,3099.0,206.0,False,,False,,,,,
2024-08-11,15:26,13984.0,17494.0,3510.0,25.1,3742.0,106.0,False,,False,,,,,
2024-08-12,15:53,14575.0,17210.0,2635.0,18.08,3389.0,204.0,False,,False,,,,,
2024-08-13,16:23,14142.0,17080.0,2939.0,20.78,3071.0,190.0,False,,False,,,,,
2024-08-14,15:24,14200.0,17166.0,2966.0,20.89,3479.0,116.0,False,,False,,,,,
2024-08-15,16:40,14337.0,17209.0,2872.0,20.03,3009.0,205.0,False,,False,,,,,
2024-08-16,16:37,13184.0,16778.0,3594.0,27.26,3023.0,167.0,False,,False,,,,,
2024-08-17,16:30,12584.0,17081.0,4497.0,35.74,2775.0,254.0,False,,False,,,,,
2024-08-18,15:40,14676.0,17692.0,3016.0,20.55,3395.0,233.0,False,,False,,,,,
2024-08-19,15:31,14684.0,18658.0,3975.0,27.07,3486.0,206.0,False,,False,,,,,
2024-08-20,15:54,14080.0,18206.0,4126.0,29.3,3299.0,82.0,False,,False,,,,,
2024-08-21,15:41,14080.0,18284.0,4204.0,29.86,3469.0,261.0,False,,False,,,,,
2024-08-22,15:43,14579.0,18457.0,3878.0,26.6,3379.0,98.0,False,,False,,,,,
2024-08-23,16:42,13185.0,17204.0,4019.0,30.48,2730.0,165.0,False,,False,,,,,
2024-08-24,16:43,12313.0,17009.0,4696.0,38.14,2712.0,0.0,False,,False,,,,,
2024-08-25,15:44,14463.0,17541.0,3078.0,21.28,3270.0,164.0,False,,False,,,,,
2024-08-26,14:23,14632.0,18011.0,3379.0,23.09,3622.0,83.0,False,,False,,,,,
2024-08-27,15:05,14950.0,18296.0,3346.0,22.38,3598.0,0.0,False,,False,,,,,
2024-08-28,15:41,13850.0,17960.0,4109.0,29.67,3329.0,0.0,False,,False,,,,,
2024-08-29,15:44,13708.0,17995.0,4287.0,31.27,3479.0,83.0,False,,False,,,,,
2024-08-30,18:36,14009.0,16968.0,2958.0,21.11,2533.0,265.0,False,,False,,,,,
2024-08-31,17:08,11876.0,16039.0,4163.0,35.05,2124.0,123.0,False,,False,,,,,
2024-09-01,19:19,14394.0,17629.0,3235.0,22.47,2999.0,254.0,False,,False,,,,,
2024-09-02,15:39,13775.0,17763.0,3988.0,28.95,3273.0,165.0,False,,False,,,,,
2024-09-03,15:24,13443.0,18019.0,4576.0,34.04,3549.0,225.0,False,,False,,,,,
2024-09-04,15:44,13375.0,17674.0,4299.0,32.14,3250.0,82.0,False,,False,,,,,
2024-09-05,15:14,13278.0,18154.0,4877.0,36.73,3465.0,85.0,False,,False,,,,,
2024-09-06,16:26,12538.0,16226.0,3688.0,29.41,2728.0,84.0,False,,False,,,,,
2024-09-07,16:22,12028.0,16782.0,4754.0,39.52,2906.0,248.0,False,,False,,,,,
2024-09-08,15:18,14200.0,16984.0,2784.0,19.61,3423.0,249.0,False,,False,,,,,
2024-09-09,15:38,13997.0,16896.0,2899.0,20.71,3180.0,262.0,False,,False,,,,,
2024-09-10,15:18,13865.0,16541.0,2676.0,19.3,3378.0,130.0,False,,False,,,,,
2024-09-11,16:11,13512.0,17110.0,3598.0,26.63,3036.0,225.0,False,,False,,,,,
2024-09-12,15:24,14659.0,17980.0,3321.0,22.66,3469.0,239.0,False,,False,,,,,
2024-09-13,14:27,13489.0,18015.0,4525.0,33.55,3879.0,0.0,False,,False,,,,,
2024-09-14,16:38,11450.0,16721.0,5271.0,46.03,2638.0,105.0,False,,False,,,,,
2024-09-15,15:36,13420.0,17386.0,3966.0,29.55,3363.0,88.0,False,,False,,,,,
2024-09-16,15:17,12881.0,16719.0,3838.0,29.8,3110.0,106.0,False,,False,,,,,
2024-09-17,15:29,11971.0,17487.0,5516.0,46.08,3426.0,0.0,False,,False,,,,,
2024-09-18,15:18,11906.0,17552.0,5646.0,47.42,3431.0,0.0,False,,False,,,,,
2024-09-19,15:08,12350.0,16895.0,4544.0,36.79,3696.0,0.0,False,,False,,,,,
2024-09-20,15:19,11843.0,16662.0,4819.0,40.69,3325.0,229.0,False,,False,,,,,
2024-09-21,14:50,10739.0,16428.0,5689.0,52.98,3350.0,0.0,False,,False,,,,,
2024-09-22,14:22,11620.0,16896.0,5276.0,45.4,3486.0,0.0,False,,False,,,,,
2024-09-23,16:02,11465.0,16546.0,5081.0,44.32,2748.0,0.0,False,,False,,,,,
2024-09-24,15:28,11773.0,17192.0,5419.0,46.03,3312.0,0.0,False,,False,,,,,
2024-09-25,15:33,12408.0,16989.0,4581.0,36.92,3254.0,10.0,False,,False,,,,,
2024-09-26,15:12,12537.0,17441.0,4905.0,39.12,3484.0,0.0,False,,False,,,,,
2024-09-27,16:12,11759.0,16493.0,4734.0,40.26,2856.0,191.0,False,,False,,,,,
2024-09-28,16:22,10883.0,16129.0,5246.0,48.2,2594.0,0.0,False,,False,,,,,
2024-09-29,15:38,12123.0,17181.0,5058.0,41.72,3363.0,120.0,False,,False,,,,,
2024-09-30,15:23,11873.0,16508.0,4636.0,39.05,3519.0,257.0,False,,False,,,,,
2024-10-01,14:12,11290.0,16916.0,5626.0,49.83,3256.0,0.0,False,,False,,,,,
2024-10-02,13:55,10770.0,17587.0,6817.0,63.3,3762.0,0.0,False,,False,,,,,
2024-10-03,16:48,9099.0,14064.0,4966.0,54.58,1969.0,119.0,False,,False,,,,,
2024-10-04,16:02,9292.0,15037.0,5745.0,61.83,2802.0,126.0,False,,False,,,,,
2024-10-05,16:10,9617.0,15169.0,5552.0,57.73,2441.0,231.0,False,,False,,,,,
2024-10-06,14:54,11365.0,16303.0,4938.0,43.45,2786.0,0.0,False,,False,,,,,
2024-10-07,14:09,11672.0,16630.0,4958.0,42.48,3273.0,0.0,False,,False,,,,,
2024-10-08,15:30,11586.0,16889.0,5303.0,45.77,3273.0,0.0,False,,False,,,,,
2024-10-09,15:12,11542.0,17382.0,5840.0,50.6,3322.0,86.0,False,,False,,,,,
2024-10-10,13:41,11218.0,17313.0,6095.0,54.33,3743.0,0.0,False,,False,,,,,
2024-10-11,12:08,9812.0,16850.0,7038.0,71.73,3899.0,0.0,False,,False,,,,,
2024-10-12,15:38,8792.0,14925.0,6133.0,69.76,2935.0,0.0,False,,False,,,,,
2024-10-13,15:48,11254.0,15818.0,4564.0,40.55,2769.0,0.0,False,,False,,,,,
2024-10-14,15:16,11238.0,15910.0,4671.0,41.56,2864.0,10.0,False,,False,,,,,
2024-10-15,15:36,11452.0,15827.0,4375.0,38.2,2493.0,204.0,False,,False,,,,,
2024-10-16,13:28,10540.0,17050.0,6511.0,61.77,3635.0,0.0,False,,False,,,,,
2024-10-17,16:18,9223.0,14713.0,5489.0,59.51,2352.0,0.0,False,,False,,,,,
2024-10-18,16:12,9419.0,15165.0,5746.0,61.0,2142.0,209.0,False,,False,,,,,
2024-10-19,19:10,8182.0,13014.0,4831.0,59.04,334.0,220.0,False,,False,,,,,
2024-10-20,16:02,9051.0,14622.0,5571.0,61.55,2454.0,108.0,False,,False,,,,,
2024-10-21,15:32,8932.0,15259.0,6328.0,70.85,2974.0,0.0,False,,False,,,,,
2024-10-22,16:02,8602.0,14677.0,6075.0,70.62,2458.0,0.0,False,,False,,,,,
2024-10-23,16:52,8497.0,13072.0,4575.0,53.84,1251.0,209.0,False,,False,,,,,
2024-10-24,19:32,8036.0,12510.0,4474.0,55.67,220.0,302.0,False,,False,,,,,
2024-10-25,16:41,8445.0,13140.0,4695.0,55.6,1305.0,250.0,False,,False,,,,,
2024-10-26,19:21,8277.0,12563.0,4285.0,51.77,324.0,225.0,False,,False,,,,,
2024-10-27,16:36,9468.0,12826.0,3358.0,35.47,787.0,241.0,False,,False,,,,,
2024-10-28,16:36,9716.0,12700.0,2984.0,30.71,808.0,228.0,False,,False,,,,,
2024-10-29,16:33,9422.0,12367.0,2945.0,31.26,807.0,237.0,False,,False,,,,,
2024-10-30,13:23,9107.0,14924.0,5816.0,63.86,3251.0,0.0,False,,False,,,,,
2024-10-31,14:31,9306.0,14582.0,5276.0,56.69,2516.0,0.0,False,,False,,,,,
2024-11-01,14:00,8892.0,14480.0,5589.0,62.85,2861.0,0.0,False,,False,,,,,
2024-11-02,18:27,8632.0,12425.0,3793.0,43.94,317.0,231.0,False,,False,,,,,
2024-11-03,13:02,9415.0,14840.0,5425.0,57.62,3133.0,0.0,False,,False,,,,,
2024-11-04,17:39,9122.0,12117.0,2995.0,32.83,348.0,251.0,False,,False,,,,,
2024-11-05,17:39,9101.0,12161.0,3060.0,33.62,302.0,232.0,False,,False,,,,,
2024-11-06,14:44,9269.0,14070.0,4801.0,51.8,2179.0,88.0,False,,False,,,,,
2024-11-07,13:45,9456.0,14867.0,5411.0,57.22,2810.0,0.0,False,,False,,,,,
2024-11-08,15:54,8779.0,12772.0,3993.0,45.48,582.0,254.0,False,,False,,,,,
2024-11-09,19:36,8566.0,13152.0,4586.0,53.54,397.0,217.0,False,,False,,,,,
2024-11-10,14:58,9680.0,14209.0,4529.0,46.79,1178.0,14.0,False,,False,,,,,
2024-11-11,12:05,9652.0,15758.0,6106.0,63.26,3146.0,0.0,False,,False,,,,,
2024-11-12,17:41,9244.0,12196.0,2952.0,31.93,347.0,199.0,False,,False,,,,,
2024-11-13,17:38,9228.0,12812.0,3584.0,38.84,414.0,189.0,False,,False,,,,,
2024-11-14,17:39,9145.0,12860.0,3715.0,40.62,339.0,194.0,False,,False,,,,,
2024-11-15,17:17,8518.0,13080.0,4562.0,53.56,203.0,230.0,False,,False,,,,,
2024-11-16,18:29,8564.0,13092.0,4529.0,52.88,281.0,223.0,False,,False,,,,,
2024-11-17,18:30,9022.0,11514.0,2492.0,27.62,315.0,200.0,False,,False,,,,,
2024-11-18,18:16,9496.0,12514.0,3018.0,31.78,359.0,207.0,False,,False,,,,,
2024-11-19,18:36,9703.0,13121.0,3418.0,35.23,283.0,251.0,False,,False,,,,,
2024-11-20,18:18,9560.0,13067.0,3507.0,36.68,338.0,199.0,False,,False,,,,,
2024-11-21,18:39,9410.0,13249.0,3838.0,40.79,313.0,253.0,False,,False,,,,,
2024-11-22,17:17,8564.0,11586.0,3022.0,35.29,166.0,233.0,False,,False,,,,,
2024-11-23,18:38,8620.0,12571.0,3950.0,45.82,175.0,237.0,False,,False,,,,,
2024-11-24,18:27,10023.0,13287.0,3264.0,32.57,499.0,214.0,False,,False,,,,,
2024-11-25,18:42,10667.0,13249.0,2581.0,24.2,298.0,224.0,False,,False,,,,,
2024-11-26,18:40,11231.0,13359.0,2128.0,18.95,494.0,243.0,False,,False,,,,,
2024-11-27,17:41,11589.0,13287.0,1697.0,14.64,301.0,207.0,False,,False,,,,,
2024-11-28,18:20,10834.0,13490.0,2655.0,24.51,313.0,185.0,False,,False,,,,,
2024-11-29,15:37,10095.0,13774.0,3679.0,36.44,903.0,120.0,False,,False,,,,,
2024-11-30,18:35,10147.0,13529.0,3382.0,33.33,183.0,298.0,False,,False,,,,,
2024-12-01,18:39,10958.0,13908.0,2949.0,26.91,359.0,231.0,False,,False,,,,,
2024-12-02,19:14,10943.0,14602.0,3659.0,33.44,362.0,199.0,False,,False,,,,,
2024-12-03,19:34,10935.0,14130.0,3195.0,29.22,215.0,214.0,False,,False,,,,,
2024-12-04,18:43,10781.0,13950.0,3168.0,29.39,210.0,210.0,False,,False,,,,,
2024-12-05,18:40,10386.0,14568.0,4182.0,40.27,374.0,188.0,False,,False,,,,,
2024-12-06,16:05,9327.0,13131.0,3804.0,40.78,712.0,86.0,False,,False,,,,,
2024-12-07,18:29,9565.0,12465.0,2900.0,30.32,332.0,239.0,False,,False,,,,,
2024-12-08,18:53,10244.0,13416.0,3171.0,30.95,454.0,213.0,False,,False,,,,,
2024-12-09,19:20,10207.0,13191.0,2983.0,29.23,341.0,249.0,False,,False,,,,,
2024-12-10,18:54,10232.0,14157.0,3925.0,38.36,428.0,235.0,False,,False,,,,,
2024-12-11,18:37,10261.0,14112.0,3851.0,37.53,329.0,218.0,False,,False,,,,,
2024-12-12,18:08,10202.0,13901.0,3700.0,36.27,350.0,189.0,False,,False,,,,,
2024-12-13,15:38,9255.0,13751.0,4496.0,48.58,1066.0,237.0,False,,False,,,,,
2024-12-14,18:44,9791.0,13411.0,3620.0,36.97,226.0,241.0,False,,False,,,,,
2024-12-15,19:30,10933.0,13775.0,2842.0,25.99,357.0,254.0,False,,False,,,,,
2024-12-16,19:28,11068.0,13985.0,2918.0,26.36,339.0,257.0,False,,False,,,,,
2024-12-17,19:26,10909.0,14094.0,3185.0,29.2,384.0,234.0,False,,False,,,,,
2024-12-18,19:23,10950.0,14051.0,3101.0,28.32,338.0,205.0,False,,False,,,,,
2024-12-19,18:43,10764.0,13892.0,3128.0,29.06,595.0,187.0,False,,False,,,,,
2024-12-20,12:55,10401.0,15369.0,4968.0,47.76,1792.0,0.0,False,,False,,,,,
2024-12-21,18:25,10558.0,13573.0,3015.0,28.56,219.0,217.0,False,,False,,,,,
2024-12-22,19:15,11129.0,13368.0,2239.0,20.12,305.0,164.0,False,,False,,,,,
2024-12-23,19:03,10979.0,13524.0,2545.0,23.18,245.0,244.0,False,,False,,,,,
2024-12-24,19:03,11069.0,13673.0,2603.0,23.52,307.0,219.0,False,,False,,,,,
2024-12-25,18:42,10597.0,13362.0,2765.0,26.09,304.0,225.0,False,,False,,,,,
2024-12-26,17:19,11006.0,13697.0,2691.0,24.45,177.0,215.0,False,,False,,,,,
2024-12-27,11:01,11543.0,16282.0,4740.0,41.06,3348.0,0.0,False,,False,,,,,
2024-12-28,11:53,11022.0,17249.0,6226.0,56.49,3440.0,0.0,False,,False,,,,,
2024-12-29,17:37,11562.0,14047.0,2485.0,21.49,311.0,162.0,False,,False,,,,,
2024-12-30,18:04,12792.0,15151.0,2509.0,19.61,354.0,212.0,True,demand response,False,JERUSALEM CENTRE,min,5.4,0.1172,"demand response — Jerusalem Centre 5.4 °C, colder than 88% of winter days; not an extreme day"
2024-12-31,18:19,12629.0,15067.0,2589.0,20.5,207.0,213.0,True,demand response,True,,,,,demand response — no station reading for this day
2025-01-01,18:42,11771.0,15059.0,3288.0,27.93,238.0,544.0,False,,False,,,,,
2025-01-02,19:14,12088.0,14332.0,2244.0,18.56,348.0,745.0,False,,False,,,,,
2025-01-03,17:56,10881.0,13501.0,2620.0,24.08,221.0,545.0,False,,False,,,,,
2025-01-04,18:43,11429.0,14235.0,2806.0,24.55,320.0,393.0,False,,False,,,,,
2025-01-05,19:19,11565.0,14248.0,2683.0,23.2,625.0,566.0,False,,False,,,,,
2025-01-06,19:23,11321.0,14615.0,3294.0,29.1,472.0,732.0,False,,False,,,,,
2025-01-07,19:37,11568.0,14574.0,3006.0,25.99,439.0,432.0,False,,False,,,,,
2025-01-08,19:27,11435.0,14579.0,3145.0,27.5,305.0,441.0,False,,False,,,,,
2025-01-09,19:12,11053.0,14965.0,3912.0,35.39,598.0,409.0,False,,False,,,,,
2025-01-10,17:42,9871.0,14306.0,4435.0,44.93,263.0,387.0,False,,False,,,,,
2025-01-11,18:41,10508.0,14072.0,3564.0,33.92,250.0,417.0,False,,False,,,,,
2025-01-12,19:21,11118.0,14057.0,2939.0,26.43,323.0,411.0,False,,False,,,,,
2025-01-13,19:39,10831.0,14770.0,3939.0,36.37,358.0,404.0,False,,False,,,,,
2025-01-14,19:12,10679.0,14520.0,3841.0,35.97,365.0,407.0,False,,False,,,,,
2025-01-15,19:42,10740.0,14715.0,3975.0,37.01,268.0,262.0,False,,False,,,,,
2025-01-16,18:42,10405.0,14494.0,4089.0,39.3,260.0,351.0,False,,False,,,,,
2025-01-17,16:11,9664.0,14710.0,5046.0,52.21,857.0,144.0,False,,False,,,,,
2025-01-18,18:43,10154.0,14305.0,4151.0,40.88,444.0,430.0,False,,False,,,,,
2025-01-19,19:15,11191.0,14196.0,3005.0,26.85,388.0,434.0,False,,False,,,,,
2025-01-20,19:17,11135.0,14092.0,2957.0,26.56,373.0,463.0,False,,False,,,,,
2025-01-21,19:41,10913.0,14164.0,3251.0,29.79,452.0,438.0,False,,False,,,,,
2025-01-22,19:17,11406.0,13942.0,2536.0,22.23,282.0,410.0,False,,False,,,,,
2025-01-23,18:29,11370.0,13644.0,2275.0,20.01,261.0,555.0,False,,False,,,,,
2025-01-24,11:32,10368.0,16827.0,6459.0,62.3,2975.0,0.0,False,,False,,,,,
2025-01-25,18:56,10354.0,13416.0,3062.0,29.57,255.0,775.0,False,,False,,,,,
2025-01-26,19:08,11219.0,14319.0,3101.0,27.64,439.0,766.0,False,,False,,,,,
2025-01-27,19:38,11042.0,14232.0,3189.0,28.88,340.0,760.0,False,,False,,,,,
2025-01-28,19:38,11260.0,14944.0,3684.0,32.72,643.0,742.0,False,,False,,,,,
2025-01-29,19:23,10751.0,14614.0,3863.0,35.93,385.0,747.0,False,,False,,,,,
2025-01-30,18:53,10415.0,14294.0,3879.0,37.24,377.0,678.0,False,,False,,,,,
2025-01-31,15:30,10157.0,16064.0,5906.0,58.15,2069.0,333.0,False,,False,,,,,
2025-02-01,19:13,10124.0,14122.0,3998.0,39.49,266.0,748.0,False,,False,,,,,
2025-02-02,19:28,10948.0,14463.0,3515.0,32.11,356.0,753.0,False,,False,,,,,
2025-02-03,19:14,11131.0,14558.0,3428.0,30.8,351.0,538.0,False,,False,,,,,
2025-02-04,19:42,11011.0,14064.0,3054.0,27.74,355.0,540.0,False,,False,,,,,
2025-02-05,18:44,12050.0,14788.0,2738.0,22.72,566.0,604.0,False,,False,,,,,
2025-02-06,18:41,13028.0,15399.0,2371.0,18.2,467.0,790.0,False,,False,,,,,
2025-02-07,16:35,12416.0,13922.0,1506.0,12.13,578.0,290.0,False,,False,,,,,
2025-02-08,19:00,11937.0,13866.0,1930.0,16.17,402.0,429.0,False,,False,,,,,
2025-02-09,18:53,13568.0,14420.0,852.0,6.28,228.0,711.0,False,tight reserve,True,JERUSALEM CENTRE,min,4.8,0.0941,"tight reserve — Jerusalem Centre 4.8 °C, colder than 91% of winter days"
2025-02-10,18:39,13492.0,14994.0,1502.0,11.13,334.0,601.0,False,,False,,,,,
2025-02-11,19:28,13241.0,14969.0,1728.0,13.05,341.0,444.0,False,,False,,,,,
2025-02-12,18:38,13652.0,15412.0,1890.0,13.84,370.0,510.0,True,demand response,False,BET DAGAN,min,6.4,0.1158,"demand response — Bet Dagan 6.4 °C, colder than 88% of winter days; not an extreme day"
2025-02-13,18:44,13046.0,15762.0,2717.0,20.83,641.0,456.0,False,,False,,,,,
2025-02-14,18:10,11235.0,14489.0,3254.0,28.96,232.0,736.0,False,,False,,,,,
2025-02-15,19:23,11028.0,14785.0,3757.0,34.07,520.0,443.0,False,,False,,,,,
2025-02-16,19:23,11852.0,14616.0,2764.0,23.32,379.0,637.0,False,,False,,,,,
2025-02-17,19:42,11379.0,14581.0,3201.0,28.13,318.0,442.0,False,,False,,,,,
2025-02-18,19:44,10972.0,14721.0,3749.0,34.17,335.0,558.0,False,,False,,,,,
2025-02-19,18:48,11413.0,15326.0,3912.0,34.28,351.0,366.0,False,,False,,,,,
2025-02-20,18:43,12004.0,15976.0,3972.0,33.09,471.0,371.0,False,,False,,,,,
2025-02-21,16:45,11803.0,16522.0,4720.0,39.99,971.0,278.0,False,,False,,,,,
2025-02-22,19:21,12472.0,16650.0,4178.0,33.5,346.0,757.0,False,,False,,,,,
2025-02-23,19:27,14673.0,16861.0,2188.0,14.91,278.0,737.0,False,,False,,,,,
2025-02-24,19:24,15077.0,16461.0,1384.0,9.18,276.0,755.0,False,tight reserve,True,JERUSALEM CENTRE,min,0.6,0.0058,"tight reserve — Jerusalem Centre 0.6 °C, colder than 99% of winter days"
2025-02-25,19:39,14557.0,16213.0,1656.0,11.38,347.0,708.0,False,,False,,,,,
2025-02-26,19:33,13749.0,15494.0,1745.0,12.69,382.0,587.0,False,,False,,,,,
2025-02-27,19:37,12520.0,15211.0,2691.0,21.49,356.0,730.0,False,,False,,,,,
2025-02-28,18:25,10882.0,14569.0,3686.0,33.87,513.0,543.0,False,,False,,,,,
2025-03-01,19:32,11303.0,14321.0,3018.0,26.7,361.0,652.0,False,,False,,,,,
2025-03-02,19:38,11465.0,14297.0,2832.0,24.7,381.0,765.0,False,,False,,,,,
2025-03-03,19:18,11261.0,13643.0,2382.0,21.15,253.0,733.0,False,,False,,,,,
2025-03-04,19:35,10840.0,13751.0,2911.0,26.85,349.0,699.0,False,,False,,,,,
2025-03-05,19:14,10780.0,13896.0,3116.0,28.91,530.0,657.0,False,,False,,,,,
2025-03-06,18:43,10651.0,13706.0,3054.0,28.67,550.0,721.0,False,,False,,,,,
2025-03-07,16:53,11250.0,14072.0,2822.0,25.08,777.0,420.0,False,,False,,,,,
2025-03-08,19:28,9953.0,13659.0,3706.0,37.24,440.0,562.0,False,,False,,,,,
2025-03-09,19:39,10326.0,13655.0,3329.0,32.24,367.0,531.0,False,,False,,,,,
2025-03-10,19:28,10203.0,13184.0,2981.0,29.22,363.0,533.0,False,,False,,,,,
2025-03-11,19:22,9787.0,13391.0,3604.0,36.82,364.0,564.0,False,,False,,,,,
2025-03-12,18:59,9189.0,13690.0,4501.0,48.98,348.0,696.0,False,,False,,,,,
2025-03-13,14:34,9279.0,15464.0,6185.0,66.66,3736.0,0.0,False,,False,,,,,
2025-03-14,16:46,8534.0,12574.0,4040.0,47.34,1155.0,564.0,False,,False,,,,,
2025-03-15,19:17,8095.0,11677.0,3582.0,44.25,317.0,706.0,False,,False,,,,,
2025-03-16,13:23,8866.0,14710.0,5844.0,65.91,4093.0,0.0,False,,False,,,,,
2025-03-17,15:31,9385.0,13683.0,4299.0,45.81,2595.0,0.0,False,,False,,,,,
2025-03-18,14:03,9297.0,14854.0,5558.0,59.78,4046.0,0.0,False,,False,,,,,
2025-03-19,19:14,9145.0,12678.0,3533.0,38.63,660.0,665.0,False,,False,,,,,
2025-03-20,16:59,10970.0,15175.0,4206.0,38.34,1531.0,498.0,False,,False,,,,,
2025-03-21,16:58,11213.0,15521.0,4308.0,38.42,1245.0,367.0,False,,False,,,,,
2025-03-22,19:37,10534.0,13367.0,2833.0,26.89,196.0,626.0,False,,False,,,,,
2025-03-23,19:19,10668.0,14245.0,3577.0,33.53,349.0,664.0,False,,False,,,,,
2025-03-24,19:33,10105.0,13824.0,3719.0,36.8,381.0,796.0,False,,False,,,,,
2025-03-25,19:18,9577.0,12751.0,3174.0,33.14,335.0,741.0,False,,False,,,,,
2025-03-26,18:58,9140.0,12635.0,3496.0,38.25,331.0,674.0,False,,False,,,,,
2025-03-27,17:57,10082.0,13785.0,3703.0,36.73,1516.0,652.0,False,,False,,,,,
2025-03-28,15:12,9190.0,15260.0,6070.0,66.05,3985.0,0.0,False,,False,,,,,
2025-03-29,20:22,8653.0,11625.0,2972.0,34.35,321.0,797.0,False,,False,,,,,
2025-03-30,11:09,8744.0,14937.0,6193.0,70.83,3950.0,0.0,False,,False,,,,,
2025-03-31,15:56,8484.0,15357.0,6873.0,81.01,3803.0,0.0,False,,False,,,,,
2025-04-01,14:49,9024.0,14343.0,5319.0,58.94,2062.0,0.0,False,,False,,,,,
2025-04-02,16:40,8828.0,14985.0,6157.0,69.74,3400.0,0.0,False,,False,,,,,
2025-04-03,16:02,8946.0,15284.0,6339.0,70.86,3778.0,0.0,False,,False,,,,,
2025-04-04,18:00,8312.0,12724.0,4412.0,53.08,1337.0,583.0,False,,False,,,,,
2025-04-05,20:35,8360.0,11893.0,3533.0,42.26,365.0,710.0,False,,False,,,,,
2025-04-06,13:48,9119.0,14087.0,4967.0,54.47,3322.0,0.0,False,,False,,,,,
2025-04-07,19:44,8931.0,11786.0,2856.0,31.98,321.0,583.0,False,,False,,,,,
2025-04-08,13:52,9841.0,13567.0,3726.0,37.86,2378.0,0.0,False,,False,,,,,
2025-04-09,19:39,9440.0,12088.0,2648.0,28.05,414.0,321.0,False,,False,,,,,
2025-04-10,19:41,9160.0,12398.0,3239.0,35.36,601.0,787.0,False,,False,,,,,
2025-04-11,15:27,9073.0,14590.0,5517.0,60.81,3653.0,0.0,False,,False,,,,,
2025-04-12,13:07,8167.0,14155.0,5988.0,73.32,3723.0,0.0,False,,False,,,,,
2025-04-13,20:36,8597.0,11413.0,2816.0,32.76,234.0,688.0,False,,False,,,,,
2025-04-14,20:17,9078.0,11881.0,2803.0,30.88,669.0,755.0,False,,False,,,,,
2025-04-15,20:11,8848.0,11862.0,3013.0,34.05,626.0,707.0,False,,False,,,,,
2025-04-16,20:12,8565.0,12291.0,3726.0,43.5,433.0,761.0,False,,False,,,,,
2025-04-17,15:22,8240.0,13592.0,5352.0,64.95,4014.0,0.0,False,,False,,,,,
2025-04-18,15:03,8025.0,13975.0,5950.0,74.14,4139.0,0.0,False,,False,,,,,
2025-04-19,20:33,7899.0,10807.0,2908.0,36.81,507.0,693.0,False,,False,,,,,
2025-04-20,16:44,8969.0,13437.0,4468.0,49.82,3484.0,0.0,False,,False,,,,,
2025-04-21,20:18,8647.0,11163.0,2517.0,29.11,428.0,557.0,False,,False,,,,,
2025-04-22,15:04,9795.0,14026.0,4232.0,43.21,3235.0,0.0,False,,False,,,,,
2025-04-23,12:41,10900.0,13543.0,2643.0,24.25,2689.0,0.0,False,,False,,,,,
2025-04-24,18:34,9945.0,13477.0,3533.0,35.53,1726.0,607.0,False,,False,,,,,
2025-04-25,12:05,8581.0,15287.0,6706.0,78.15,4246.0,0.0,False,,False,,,,,
2025-04-26,20:36,8192.0,11263.0,3072.0,37.5,489.0,734.0,False,,False,,,,,
2025-04-27,15:12,8965.0,14425.0,5460.0,60.9,3631.0,0.0,False,,False,,,,,
2025-04-28,15:45,9137.0,14878.0,5741.0,62.83,3775.0,0.0,False,,False,,,,,
2025-04-29,15:44,8913.0,14980.0,6067.0,68.07,3918.0,0.0,False,,False,,,,,
2025-04-30,18:29,10035.0,13133.0,3098.0,30.87,1644.0,455.0,False,,False,,,,,
2025-05-01,20:15,8132.0,11640.0,3508.0,43.14,414.0,639.0,False,,False,,,,,
2025-05-02,10:58,8577.0,14563.0,5986.0,69.79,3941.0,0.0,False,,False,,,,,
2025-05-03,20:48,8271.0,11608.0,3337.0,40.35,386.0,589.0,False,,False,,,,,
2025-05-04,14:20,9153.0,14460.0,5307.0,57.98,3211.0,0.0,False,,False,,,,,
2025-05-05,13:46,9099.0,14741.0,5643.0,62.02,4039.0,0.0,False,,False,,,,,
2025-05-06,15:35,9119.0,13902.0,4783.0,52.45,3706.0,0.0,False,,False,,,,,
2025-05-07,15:42,9414.0,14312.0,4898.0,52.03,3803.0,0.0,False,,False,,,,,
2025-05-08,14:05,9893.0,15260.0,5366.0,54.24,4406.0,0.0,False,,False,,,,,
2025-05-09,15:03,9828.0,16765.0,6937.0,70.58,4197.0,0.0,False,,False,,,,,
2025-05-10,16:16,9644.0,16024.0,6381.0,66.17,3208.0,0.0,False,,False,,,,,
2025-05-11,15:23,11131.0,17114.0,5983.0,53.75,4250.0,0.0,False,,False,,,,,
2025-05-12,13:51,10889.0,15830.0,4941.0,45.38,4188.0,0.0,False,,False,,,,,
2025-05-13,14:29,10287.0,15129.0,4842.0,47.07,3489.0,0.0,False,,False,,,,,
2025-05-14,11:50,10025.0,16454.0,6430.0,64.14,4375.0,0.0,False,,False,,,,,
2025-05-15,13:57,9697.0,16053.0,6356.0,65.55,4010.0,0.0,False,,False,,,,,
2025-05-16,18:14,9243.0,13615.0,4372.0,47.3,1062.0,448.0,False,,False,,,,,
2025-05-17,16:13,10878.0,15680.0,4802.0,44.14,2899.0,616.0,False,,False,,,,,
2025-05-18,13:58,11827.0,17147.0,5319.0,44.97,4161.0,0.0,False,,False,,,,,
2025-05-19,14:44,10468.0,16599.0,6131.0,58.57,4325.0,0.0,False,,False,,,,,
2025-05-20,15:03,10040.0,16548.0,6509.0,64.83,4256.0,0.0,False,,False,,,,,
2025-05-21,16:24,10042.0,16308.0,6265.0,62.39,3519.0,0.0,False,,False,,,,,
2025-05-22,14:54,10607.0,16546.0,5938.0,55.98,4290.0,0.0,False,,False,,,,,
2025-05-23,15:24,9564.0,16709.0,7145.0,74.71,4387.0,0.0,False,,False,,,,,
2025-05-24,15:47,9358.0,15731.0,6373.0,68.1,3999.0,0.0,False,,False,,,,,
2025-05-25,14:58,11534.0,17018.0,5484.0,47.55,4245.0,0.0,False,,False,,,,,
2025-05-26,13:46,12698.0,16586.0,3888.0,30.62,3964.0,0.0,False,,False,,,,,
2025-05-27,13:50,11165.0,17378.0,6213.0,55.65,4529.0,0.0,False,,False,,,,,
2025-05-28,15:24,10585.0,15931.0,5347.0,50.51,4335.0,0.0,False,,False,,,,,
2025-05-29,15:09,10459.0,17662.0,7203.0,68.87,4388.0,0.0,False,,False,,,,,
2025-05-30,16:10,9703.0,16270.0,6567.0,67.68,3774.0,0.0,False,,False,,,,,
2025-05-31,15:13,9705.0,15336.0,5631.0,58.02,4111.0,0.0,False,,False,,,,,
2025-06-01,14:36,10554.0,16647.0,6093.0,57.73,4537.0,0.0,False,,False,,,,,
2025-06-02,16:20,8978.0,16521.0,7543.0,84.02,3836.0,0.0,False,,False,,,,,
2025-06-03,14:49,10750.0,16505.0,5755.0,53.53,4358.0,0.0,False,,False,,,,,
2025-06-04,15:12,10874.0,17265.0,6390.0,58.76,4269.0,0.0,False,,False,,,,,
2025-06-05,15:19,11457.0,16593.0,5136.0,44.83,4101.0,0.0,False,,False,,,,,
2025-06-06,15:11,10638.0,17565.0,6926.0,65.11,4229.0,0.0,False,,False,,,,,
2025-06-07,15:40,9777.0,16497.0,6720.0,68.73,3930.0,0.0,False,,False,,,,,
2025-06-08,15:19,11364.0,17311.0,5947.0,52.33,4178.0,0.0,False,,False,,,,,
2025-06-09,15:32,11393.0,16663.0,5270.0,46.26,4026.0,0.0,False,,False,,,,,
2025-06-10,14:57,12311.0,16662.0,4351.0,35.34,4063.0,0.0,False,,False,,,,,
2025-06-11,14:40,12485.0,17035.0,4550.0,36.44,4289.0,0.0,False,,False,,,,,
2025-06-12,15:12,12846.0,17731.0,4885.0,38.03,4106.0,0.0,False,,False,,,,,
2025-06-13,14:50,11702.0,17310.0,5608.0,47.92,4070.0,0.0,False,,False,,,,,
2025-06-14,16:10,10985.0,15915.0,4930.0,44.88,3601.0,0.0,False,,False,,,,,
2025-06-15,15:10,11677.0,18097.0,6421.0,54.99,4360.0,0.0,False,,False,,,,,
2025-06-16,14:30,11538.0,18746.0,7208.0,62.47,4337.0,0.0,False,,False,,,,,
2025-06-17,15:40,11873.0,17912.0,6039.0,50.86,3985.0,0.0,False,,False,,,,,
2025-06-18,14:39,12538.0,18429.0,5891.0,46.99,4241.0,0.0,False,,False,,,,,
2025-06-19,14:08,12498.0,19161.0,6663.0,53.31,4454.0,0.0,False,,False,,,,,
2025-06-20,15:13,11570.0,18728.0,7158.0,61.87,4214.0,0.0,False,,False,,,,,
2025-06-21,15:44,11164.0,17556.0,6392.0,57.26,3889.0,0.0,False,,False,,,,,
2025-06-22,14:06,12162.0,19270.0,7108.0,58.44,4455.0,0.0,False,,False,,,,,
2025-06-23,14:32,12594.0,18893.0,6299.0,50.02,4291.0,0.0,False,,False,,,,,
2025-06-24,15:30,12823.0,18457.0,5633.0,43.93,3856.0,0.0,False,,False,,,,,
2025-06-25,14:13,13123.0,19323.0,6200.0,47.25,4370.0,0.0,False,,False,,,,,
2025-06-26,14:38,13233.0,19629.0,6396.0,48.33,4352.0,0.0,False,,False,,,,,
2025-06-27,15:22,12370.0,18357.0,5987.0,48.4,4063.0,0.0,False,,False,,,,,
2025-06-28,14:50,11781.0,19080.0,7298.0,61.95,4293.0,0.0,False,,False,,,,,
2025-06-29,15:52,14140.0,19091.0,4951.0,35.01,3918.0,0.0,False,,False,,,,,
2025-06-30,15:29,14203.0,19149.0,4946.0,34.82,4057.0,0.0,False,,False,,,,,
2025-07-01,15:14,13773.0,18883.0,5110.0,37.1,3903.0,0.0,False,,False,,,,,
2025-07-02,14:13,13681.0,19532.0,5850.0,42.76,4429.0,0.0,False,,False,,,,,
2025-07-03,14:20,13956.0,19694.0,5738.0,41.11,4455.0,0.0,False,,False,,,,,
2025-07-04,15:01,12909.0,19290.0,6381.0,49.43,4388.0,0.0,False,,False,,,,,
2025-07-05,15:39,11771.0,18870.0,7099.0,60.31,4264.0,0.0,False,,False,,,,,
2025-07-06,15:12,14111.0,19485.0,5374.0,38.08,4363.0,0.0,False,,False,,,,,
2025-07-07,14:42,14308.0,19629.0,5320.0,37.18,4537.0,0.0,False,,False,,,,,
2025-07-08,14:52,14275.0,19451.0,5176.0,36.26,4470.0,0.0,False,,False,,,,,
2025-07-09,13:49,13567.0,19514.0,5947.0,43.83,4540.0,0.0,False,,False,,,,,
2025-07-10,14:44,14495.0,19503.0,5008.0,34.55,4403.0,0.0,False,,False,,,,,
2025-07-11,15:51,13788.0,18445.0,4657.0,33.78,4001.0,0.0,False,,False,,,,,
2025-07-12,15:22,12348.0,18166.0,5818.0,47.12,4265.0,0.0,False,,False,,,,,
2025-07-13,15:40,14173.0,18794.0,4621.0,32.6,4118.0,0.0,False,,False,,,,,
2025-07-14,15:03,13814.0,18323.0,4508.0,32.63,4308.0,0.0,False,,False,,,,,
2025-07-15,15:22,13877.0,18155.0,4278.0,30.83,4200.0,0.0,False,,False,,,,,
2025-07-16,13:51,13897.0,19341.0,5445.0,39.18,4519.0,0.0,False,,False,,,,,
2025-07-17,16:19,14134.0,19156.0,5022.0,35.53,3716.0,401.0,False,,False,,,,,
2025-07-18,14:29,13760.0,19682.0,5922.0,43.04,4475.0,0.0,False,,False,,,,,
2025-07-19,15:11,12203.0,19580.0,7376.0,60.44,4444.0,0.0,False,,False,,,,,
2025-07-20,14:16,14367.0,20338.0,5971.0,41.56,4592.0,0.0,False,,False,,,,,
2025-07-21,15:12,14685.0,19694.0,5009.0,34.11,4237.0,0.0,False,,False,,,,,
2025-07-22,16:42,14645.0,18939.0,4294.0,29.32,3351.0,694.0,False,,False,,,,,
2025-07-23,15:21,15032.0,19644.0,4612.0,30.68,4321.0,235.0,False,,False,,,,,
2025-07-24,13:25,14879.0,20480.0,5602.0,37.65,4722.0,0.0,False,,False,,,,,
2025-07-25,13:18,14048.0,20439.0,6390.0,45.49,4728.0,0.0,False,,False,,,,,
2025-07-26,15:24,13799.0,18980.0,5181.0,37.55,4158.0,0.0,False,,False,,,,,
2025-07-27,15:29,15620.0,19005.0,3385.0,21.67,4193.0,397.0,False,,False,,,,,
2025-07-28,13:42,15275.0,20467.0,5192.0,33.99,4546.0,0.0,False,,False,,,,,
2025-07-29,15:42,15044.0,19058.0,4014.0,26.68,4044.0,509.0,False,,False,,,,,
2025-07-30,15:39,14611.0,19463.0,4852.0,33.21,4129.0,330.0,False,,False,,,,,
2025-07-31,15:03,14056.0,19345.0,5288.0,37.62,4483.0,0.0,False,,False,,,,,
2025-08-01,19:07,13030.0,16489.0,3459.0,26.55,1784.0,514.0,False,,False,,,,,
2025-08-02,19:10,12568.0,15800.0,3233.0,25.72,1465.0,488.0,False,,False,,,,,
2025-08-03,15:03,14127.0,18726.0,4598.0,32.55,4302.0,0.0,False,,False,,,,,
2025-08-04,15:13,14280.0,18771.0,4491.0,31.45,4322.0,0.0,False,,False,,,,,
2025-08-05,15:28,13599.0,18448.0,4849.0,35.66,3999.0,212.0,False,,False,,,,,
2025-08-06,15:32,14187.0,18590.0,4402.0,31.03,4204.0,362.0,False,,False,,,,,
2025-08-07,15:22,14308.0,18736.0,4428.0,30.95,4165.0,512.0,False,,False,,,,,
2025-08-08,16:12,14131.0,18253.0,4122.0,29.17,3477.0,676.0,False,,False,,,,,
2025-08-09,15:53,14005.0,18092.0,4086.0,29.18,3577.0,0.0,False,,False,,,,,
2025-08-10,14:06,15782.0,19742.0,3959.0,25.09,4219.0,0.0,False,,False,,,,,
2025-08-11,14:56,15954.0,19422.0,3468.0,21.74,3597.0,381.0,False,,False,,,,,
2025-08-12,15:06,16906.0,19438.0,2532.0,14.98,3673.0,418.0,False,,False,,,,,
2025-08-13,15:26,17270.0,19298.0,2028.0,11.74,3672.0,510.0,True,demand response,True,JERUSALEM CENTRE,max,40.8,0.004,"demand response — Jerusalem Centre 40.8 °C, hotter than 100% of summer days"
2025-08-14,15:05,17049.0,19383.0,2333.0,13.68,4052.0,503.0,True,demand response,True,JERUSALEM CENTRE,max,39.7,0.0067,"demand response — Jerusalem Centre 39.7 °C, hotter than 99% of summer days"
2025-08-15,12:56,15047.0,19840.0,4793.0,31.85,4585.0,0.0,False,,False,,,,,
2025-08-16,14:30,13566.0,18670.0,5104.0,37.62,4537.0,0.0,False,,False,,,,,
2025-08-17,15:39,14388.0,18344.0,3956.0,27.5,4136.0,563.0,False,,False,,,,,
2025-08-18,15:49,13917.0,18470.0,4553.0,32.72,4099.0,409.0,False,,False,,,,,
2025-08-19,15:42,13899.0,18324.0,4425.0,31.84,4062.0,392.0,False,,False,,,,,
2025-08-20,13:05,14022.0,19259.0,5237.0,37.35,4691.0,0.0,False,,False,,,,,
2025-08-21,14:00,14732.0,18373.0,3641.0,24.71,4331.0,0.0,False,,False,,,,,
2025-08-22,16:22,13513.0,17404.0,3892.0,28.8,3421.0,569.0,False,,False,,,,,
2025-08-23,15:52,13341.0,17693.0,4353.0,32.63,3897.0,0.0,False,,False,,,,,
2025-08-24,14:52,14871.0,17993.0,3122.0,20.99,4423.0,0.0,False,,False,,,,,
2025-08-25,13:40,14555.0,18276.0,3721.0,25.57,4528.0,0.0,False,,False,,,,,
2025-08-26,13:42,14155.0,18311.0,4156.0,29.36,4501.0,0.0,False,,False,,,,,
2025-08-27,14:50,14046.0,18226.0,4180.0,29.76,4391.0,317.0,False,,False,,,,,
2025-08-28,15:33,13697.0,17515.0,3818.0,27.87,4068.0,577.0,False,,False,,,,,
2025-08-29,16:16,12353.0,17256.0,4903.0,39.69,3521.0,369.0,False,,False,,,,,
2025-08-30,16:26,11581.0,16544.0,4963.0,42.85,3361.0,425.0,False,,False,,,,,
2025-08-31,15:58,13328.0,16992.0,3664.0,27.49,3890.0,274.0,False,,False,,,,,
2025-09-01,16:19,13577.0,16357.0,2781.0,20.48,3640.0,339.0,False,,False,,,,,
2025-09-02,15:34,13836.0,17264.0,3428.0,24.78,4133.0,309.0,False,,False,,,,,
2025-09-03,15:44,13518.0,16955.0,3437.0,25.43,3949.0,501.0,False,,False,,,,,
2025-09-04,15:42,13817.0,16630.0,2813.0,20.36,3846.0,506.0,False,,False,,,,,
2025-09-05,14:46,13315.0,16975.0,3660.0,27.49,4210.0,0.0,False,,False,,,,,
2025-09-06,16:24,12225.0,16151.0,3926.0,32.11,3267.0,373.0,False,,False,,,,,
2025-09-07,15:19,13267.0,17011.0,3744.0,28.22,4103.0,224.0,False,,False,,,,,
2025-09-08,16:10,13309.0,16620.0,3311.0,24.88,3333.0,291.0,False,,False,,,,,
2025-09-09,15:52,12941.0,16658.0,3717.0,28.72,3454.0,390.0,False,,False,,,,,
2025-09-10,15:35,12693.0,16536.0,3843.0,30.28,3843.0,250.0,False,,False,,,,,
2025-09-11,14:18,13451.0,17380.0,3928.0,29.2,4329.0,0.0,False,,False,,,,,
2025-09-12,16:07,12682.0,16801.0,4120.0,32.49,3421.0,515.0,False,,False,,,,,
2025-09-13,15:18,12086.0,16854.0,4768.0,39.45,4110.0,0.0,False,,False,,,,,
2025-09-14,14:41,13947.0,16950.0,3003.0,21.53,4177.0,0.0,False,,False,,,,,
2025-09-15,15:30,13621.0,16665.0,3044.0,22.35,3627.0,422.0,False,,False,,,,,
2025-09-16,15:13,13292.0,16847.0,3555.0,26.75,3837.0,382.0,False,,False,,,,,
2025-09-17,15:36,12905.0,16993.0,4089.0,31.69,3697.0,230.0,False,,False,,,,,
2025-09-18,15:36,13335.0,17098.0,3762.0,28.21,3791.0,303.0,False,,False,,,,,
2025-09-19,18:23,12891.0,15451.0,2560.0,19.86,2260.0,710.0,False,,False,,,,,
2025-09-20,15:36,10964.0,16447.0,5483.0,50.01,3623.0,0.0,False,,False,,,,,
2025-09-21,15:36,13079.0,16590.0,3511.0,26.84,3462.0,552.0,False,,False,,,,,
2025-09-22,14:24,13515.0,16800.0,3285.0,24.31,4015.0,0.0,False,,False,,,,,
2025-09-23,16:26,11653.0,15757.0,4104.0,35.22,2709.0,409.0,False,,False,,,,,
2025-09-24,14:20,11233.0,17128.0,5895.0,52.48,3861.0,0.0,False,,False,,,,,
2025-09-25,14:37,12059.0,17237.0,5178.0,42.94,3935.0,0.0,False,,False,,,,,
2025-09-26,13:34,11113.0,17533.0,6420.0,57.77,4185.0,0.0,False,,False,,,,,
2025-09-27,16:04,10800.0,15970.0,5169.0,47.86,3137.0,0.0,False,,False,,,,,
2025-09-28,15:44,12607.0,16760.0,4153.0,32.94,3239.0,378.0,False,,False,,,,,
2025-09-29,14:37,12551.0,17515.0,4964.0,39.55,4058.0,0.0,False,,False,,,,,
2025-09-30,14:10,12233.0,16969.0,4736.0,38.71,4274.0,0.0,False,,False,,,,,
2025-10-01,15:10,11057.0,17128.0,6071.0,54.91,4141.0,0.0,False,,False,,,,,
2025-10-02,14:18,9231.0,15762.0,6531.0,70.75,4198.0,0.0,False,,False,,,,,
2025-10-03,16:26,11884.0,14836.0,2952.0,24.84,2474.0,595.0,False,,False,,,,,
2025-10-04,14:06,11205.0,16518.0,5313.0,47.42,4104.0,0.0,False,,False,,,,,
2025-10-05,14:12,12115.0,17132.0,5016.0,41.4,4059.0,0.0,False,,False,,,,,
2025-10-06,13:24,10757.0,16510.0,5753.0,53.48,3828.0,0.0,False,,False,,,,,
2025-10-07,15:16,9685.0,16055.0,6369.0,65.76,3768.0,0.0,False,,False,,,,,
2025-10-08,14:38,11074.0,16353.0,5279.0,47.67,3999.0,0.0,False,,False,,,,,
2025-10-09,15:04,10740.0,15596.0,4856.0,45.21,3284.0,0.0,False,,False,,,,,
2025-10-10,14:12,9526.0,15906.0,6380.0,66.97,3887.0,0.0,False,,False,,,,,
2025-10-11,15:04,8889.0,15380.0,6491.0,73.02,3752.0,0.0,False,,False,,,,,
2025-10-12,14:32,10312.0,16187.0,5874.0,56.96,3567.0,0.0,False,,False,,,,,
2025-10-13,13:58,9728.0,16637.0,6908.0,71.01,4205.0,0.0,False,,False,,,,,
2025-10-14,15:24,8809.0,14953.0,6144.0,69.75,3628.0,0.0,False,,False,,,,,
2025-10-15,15:28,10404.0,15807.0,5403.0,51.93,3484.0,0.0,False,,False,,,,,
2025-10-16,15:38,10314.0,15820.0,5506.0,53.38,3077.0,0.0,False,,False,,,,,
2025-10-17,17:43,10560.0,14175.0,3615.0,34.23,1906.0,584.0,False,,False,,,,,
2025-10-18,15:55,8826.0,14081.0,5255.0,59.54,3173.0,0.0,False,,False,,,,,
2025-10-19,14:33,10197.0,15864.0,5666.0,55.57,3966.0,0.0,False,,False,,,,,
2025-10-20,14:57,10619.0,15240.0,4621.0,43.52,3616.0,0.0,False,,False,,,,,
2025-10-21,15:26,10651.0,14958.0,4307.0,40.44,3258.0,113.0,False,,False,,,,,
2025-10-22,15:23,11061.0,15000.0,3939.0,35.61,3122.0,0.0,False,,False,,,,,
2025-10-23,14:26,11264.0,16000.0,4736.0,42.05,3625.0,0.0,False,,False,,,,,
2025-10-24,15:02,10550.0,16178.0,5628.0,53.35,3539.0,0.0,False,,False,,,,,
2025-10-25,16:06,9465.0,14785.0,5320.0,56.21,2679.0,0.0,False,,False,,,,,
2025-10-26,14:08,11161.0,14636.0,3475.0,31.14,3464.0,0.0,False,,False,,,,,
2025-10-27,13:19,10662.0,14575.0,3913.0,36.7,3852.0,0.0,False,,False,,,,,
2025-10-28,13:51,10747.0,14639.0,3893.0,36.22,3467.0,0.0,False,,False,,,,,
2025-10-29,13:13,10668.0,15138.0,4470.0,41.9,3863.0,0.0,False,,False,,,,,
2025-10-30,13:26,10866.0,14801.0,3935.0,36.21,3619.0,0.0,False,,False,,,,,
2025-10-31,14:12,10011.0,14193.0,4182.0,41.77,3137.0,0.0,False,,False,,,,,
2025-11-01,13:16,9482.0,14179.0,4697.0,49.54,3648.0,0.0,False,,False,,,,,
2025-11-02,14:48,10908.0,13650.0,2742.0,25.14,2261.0,512.0,False,,False,,,,,
2025-11-03,13:26,11174.0,14402.0,3228.0,28.89,2986.0,0.0,False,,False,,,,,
2025-11-04,14:57,11145.0,13035.0,1891.0,16.97,1774.0,629.0,False,,False,,,,,
2025-11-05,14:28,11541.0,14438.0,2897.0,25.1,2427.0,458.0,False,,False,,,,,
2025-11-06,14:23,11269.0,14565.0,3296.0,29.25,2424.0,628.0,False,,False,,,,,
2025-11-07,13:39,10477.0,15524.0,5047.0,48.17,2878.0,0.0,False,,False,,,,,
2025-11-08,12:33,9167.0,16656.0,7489.0,81.7,3635.0,0.0,False,,False,,,,,
2025-11-09,14:34,10853.0,15310.0,4457.0,41.07,2695.0,192.0,False,,False,,,,,
2025-11-10,12:17,10577.0,16370.0,5793.0,54.77,3781.0,0.0,False,,False,,,,,
2025-11-11,13:48,10663.0,14903.0,4240.0,39.76,2325.0,0.0,False,,False,,,,,
2025-11-12,12:51,10247.0,14924.0,4677.0,45.64,3326.0,0.0,False,,False,,,,,
2025-11-13,12:49,10121.0,14830.0,4709.0,46.53,2946.0,0.0,False,,False,,,,,
2025-11-14,11:19,9457.0,14749.0,5292.0,55.96,2054.0,0.0,False,,False,,,,,
2025-11-15,18:18,9108.0,13242.0,4134.0,45.39,330.0,744.0,False,,False,,,,,
2025-11-16,18:11,9509.0,13290.0,3781.0,39.76,443.0,781.0,False,,False,,,,,
2025-11-17,17:43,9401.0,13347.0,3946.0,41.97,602.0,779.0,False,,False,,,,,
2025-11-18,18:27,9378.0,13830.0,4453.0,47.48,701.0,804.0,False,,False,,,,,
2025-11-19,13:18,9564.0,16180.0,6616.0,69.18,3731.0,0.0,False,,False,,,,,
2025-11-20,12:37,9711.0,16274.0,6563.0,67.58,3896.0,0.0,False,,False,,,,,
2025-11-21,14:55,9363.0,14211.0,4848.0,51.78,2070.0,0.0,False,,False,,,,,
2025-11-22,14:35,9108.0,14363.0,5256.0,57.71,2407.0,0.0,False,,False,,,,,
2025-11-23,13:40,10622.0,15786.0,5164.0,48.62,3275.0,0.0,False,,False,,,,,
2025-11-24,13:24,10081.0,16047.0,5966.0,59.18,3098.0,0.0,False,,False,,,,,
2025-11-25,14:02,9559.0,14894.0,5335.0,55.81,1673.0,0.0,False,,False,,,,,
2025-11-26,18:07,9230.0,13468.0,4238.0,45.92,436.0,708.0,False,,False,,,,,
2025-11-27,16:57,9282.0,13088.0,3807.0,41.01,284.0,508.0,False,,False,,,,,
2025-11-28,13:29,8716.0,15444.0,6728.0,77.19,2965.0,0.0,False,,False,,,,,
2025-11-29,18:34,8831.0,13319.0,4488.0,50.82,228.0,691.0,False,,False,,,,,
2025-11-30,14:16,9720.0,15444.0,5724.0,58.89,2424.0,0.0,False,,False,,,,,
2025-12-01,18:18,9423.0,13547.0,4124.0,43.77,462.0,809.0,False,,False,,,,,
2025-12-02,16:58,9585.0,13030.0,3445.0,35.94,195.0,580.0,False,,False,,,,,
2025-12-03,18:40,9515.0,14183.0,4668.0,49.06,530.0,735.0,False,,False,,,,,
2025-12-04,16:56,9471.0,13918.0,4446.0,46.94,318.0,531.0,False,,False,,,,,
2025-12-05,12:23,9174.0,15518.0,6344.0,69.15,3253.0,0.0,False,,False,,,,,
2025-12-06,18:14,9022.0,13419.0,4397.0,48.74,494.0,741.0,False,,False,,,,,
2025-12-07,18:28,9701.0,14301.0,4600.0,47.42,486.0,785.0,False,,False,,,,,
2025-12-08,18:44,10113.0,14390.0,4277.0,42.29,513.0,856.0,False,,False,,,,,
2025-12-09,18:31,10563.0,14200.0,3637.0,34.43,506.0,600.0,False,,False,,,,,
2025-12-10,18:33,11168.0,14530.0,3362.0,30.1,491.0,624.0,False,,False,,,,,
2025-12-11,16:57,11921.0,13413.0,1492.0,12.52,166.0,550.0,False,,False,,,,,
2025-12-12,16:57,10462.0,13651.0,3189.0,30.48,195.0,586.0,False,,False,,,,,
2025-12-13,18:27,10412.0,14472.0,4059.0,38.98,442.0,818.0,False,,False,,,,,
2025-12-14,18:37,10622.0,14467.0,3845.0,36.2,471.0,879.0,False,,False,,,,,
2025-12-15,18:25,11684.0,14586.0,2902.0,24.84,385.0,864.0,False,,False,,,,,
2025-12-16,18:30,11332.0,14763.0,3431.0,30.28,495.0,890.0,False,,False,,,,,
2025-12-17,18:44,11765.0,14878.0,3113.0,26.46,499.0,784.0,False,,False,,,,,
2025-12-18,18:24,11356.0,14653.0,3297.0,29.03,466.0,627.0,False,,False,,,,,
2025-12-19,15:49,10499.0,14221.0,3722.0,35.45,621.0,197.0,False,,False,,,,,
2025-12-20,18:55,10066.0,14578.0,4513.0,44.83,510.0,860.0,False,,False,,,,,
2025-12-21,18:45,10837.0,15156.0,4320.0,39.86,567.0,812.0,False,,False,,,,,
2025-12-22,19:34,11126.0,15237.0,4111.0,36.95,701.0,831.0,False,,False,,,,,
2025-12-23,18:43,11607.0,15070.0,3463.0,29.84,492.0,937.0,False,,False,,,,,
2025-12-24,19:13,11037.0,14749.0,3712.0,33.63,631.0,849.0,False,,False,,,,,
2025-12-25,18:49,10921.0,14213.0,3292.0,30.14,571.0,902.0,False,,False,,,,,
2025-12-26,16:03,10231.0,14373.0,4142.0,40.48,511.0,581.0,False,,False,,,,,
2025-12-27,18:45,11063.0,14982.0,3919.0,35.42,583.0,917.0,False,,False,,,,,
2025-12-28,18:42,12274.0,14747.0,2473.0,20.15,596.0,937.0,False,,False,,,,,
2025-12-29,18:49,12474.0,14980.0,2506.0,20.09,664.0,940.0,False,,False,,,,,
2025-12-30,19:42,12107.0,14770.0,2663.0,22.0,509.0,942.0,False,,False,,,,,
2025-12-31,18:38,11833.0,14879.0,3046.0,25.74,755.0,916.0,False,,False,,,,,
2026-01-01,18:28,12274.0,15348.0,3075.0,25.05,579.0,965.0,False,,False,,,,,
2026-01-02,13:19,11313.0,15533.0,4220.0,37.3,2147.0,0.0,False,,False,,,,,
2026-01-03,19:02,11717.0,14839.0,3122.0,26.65,586.0,895.0,False,,False,,,,,
2026-01-04,19:27,12387.0,14834.0,2447.0,19.75,785.0,961.0,False,,False,,,,,
2026-01-05,19:37,11621.0,15198.0,3577.0,30.78,745.0,907.0,False,,False,,,,,
2026-01-06,19:38,11210.0,14854.0,3643.0,32.5,539.0,956.0,False,,False,,,,,
2026-01-07,19:33,10925.0,14841.0,3917.0,35.85,696.0,919.0,False,,False,,,,,
2026-01-08,18:58,10371.0,13656.0,3285.0,31.67,473.0,968.0,False,,False,,,,,
2026-01-09,16:18,11250.0,14914.0,3663.0,32.56,534.0,512.0,False,,False,,,,,
2026-01-10,18:47,10852.0,14489.0,3638.0,33.52,460.0,873.0,False,,False,,,,,
2026-01-11,19:32,11384.0,15289.0,3905.0,34.3,483.0,1015.0,False,,False,,,,,
2026-01-12,19:23,12293.0,15481.0,3188.0,25.93,785.0,1005.0,False,,False,,,,,
2026-01-13,18:43,13435.0,15761.0,2326.0,17.31,764.0,946.0,False,,False,,,,,
2026-01-14,19:32,12910.0,14909.0,1999.0,15.48,677.0,980.0,False,,False,,,,,
2026-01-15,19:19,12361.0,14973.0,2611.0,21.12,603.0,849.0,False,,False,,,,,
2026-01-16,17:45,11054.0,14767.0,3713.0,33.59,504.0,870.0,False,,False,,,,,
2026-01-17,19:34,11383.0,14917.0,3533.0,31.04,498.0,1009.0,False,,False,,,,,
2026-01-18,19:24,13318.0,14455.0,1137.0,8.54,494.0,1013.0,False,tight reserve,False,JERUSALEM CENTRE,min,8.0,0.3546,"tight reserve — Jerusalem Centre 8.0 °C, colder than 65% of winter days; not an extreme day"
2026-01-19,19:37,13535.0,15888.0,2353.0,17.38,585.0,916.0,False,,False,,,,,
2026-01-20,19:44,13966.0,15843.0,1876.0,13.43,622.0,945.0,False,,False,,,,,
2026-01-21,19:27,14043.0,15708.0,1666.0,11.86,798.0,963.0,False,,False,,,,,
2026-01-22,18:30,12900.0,15611.0,2711.0,21.02,815.0,776.0,False,,False,,,,,
2026-01-23,17:56,10792.0,14802.0,4010.0,37.16,502.0,913.0,False,,False,,,,,
2026-01-24,19:18,11642.0,14667.0,3024.0,25.97,517.0,1011.0,False,,False,,,,,
2026-01-25,19:43,12156.0,14529.0,2374.0,19.53,481.0,989.0,False,,False,,,,,
2026-01-26,19:39,11605.0,14397.0,2793.0,24.07,566.0,1005.0,False,,False,,,,,
2026-01-27,19:24,11751.0,14982.0,3231.0,27.5,612.0,966.0,False,,False,,,,,
2026-01-28,18:48,12728.0,14780.0,2052.0,16.12,518.0,972.0,False,,False,,,,,
2026-01-29,19:14,11815.0,14740.0,2925.0,24.76,586.0,925.0,False,,False,,,,,
2026-01-30,16:28,10394.0,13557.0,3163.0,30.43,725.0,597.0,False,,False,,,,,
2026-01-31,18:57,9885.0,13847.0,3963.0,40.09,509.0,1015.0,False,,False,,,,,
2026-02-01,18:38,9882.0,14693.0,4811.0,48.68,614.0,965.0,False,,False,,,,,
2026-02-02,19:39,10239.0,14821.0,4582.0,44.75,713.0,1006.0,False,,False,,,,,
2026-02-03,18:37,11129.0,14952.0,3823.0,34.35,884.0,1002.0,False,,False,,,,,
2026-02-04,19:40,10862.0,14359.0,3497.0,32.19,577.0,886.0,False,,False,,,,,
2026-02-05,19:17,10469.0,14806.0,4337.0,41.43,778.0,860.0,False,,False,,,,,
2026-02-06,16:53,9487.0,13919.0,4432.0,46.72,191.0,417.0,False,,False,,,,,
2026-02-07,19:20,9496.0,14323.0,4827.0,50.83,782.0,865.0,False,,False,,,,,
2026-02-08,18:23,9721.0,13981.0,4259.0,43.81,641.0,839.0,False,,False,,,,,
2026-02-09,18:23,9950.0,14367.0,4417.0,44.39,536.0,887.0,False,,False,,,,,
2026-02-10,19:12,10019.0,13456.0,3437.0,34.3,723.0,881.0,False,,False,,,,,
2026-02-11,18:42,10491.0,13933.0,3443.0,32.82,687.0,865.0,False,,False,,,,,
2026-02-12,18:44,9773.0,14092.0,4319.0,44.19,638.0,858.0,False,,False,,,,,
2026-02-13,17:39,11192.0,16095.0,4902.0,43.8,2896.0,800.0,False,,False,,,,,
2026-02-14,18:52,9573.0,13771.0,4198.0,43.85,611.0,789.0,False,,False,,,,,
2026-02-15,19:23,9881.0,13967.0,4086.0,41.35,869.0,896.0,False,,False,,,,,
2026-02-16,18:44,9423.0,13952.0,4529.0,48.06,675.0,846.0,False,,False,,,,,
2026-02-17,18:42,10090.0,13858.0,3767.0,37.33,666.0,830.0,False,,False,,,,,
2026-02-18,18:42,10150.0,14322.0,4172.0,41.1,924.0,861.0,False,,False,,,,,
2026-02-19,18:47,10474.0,14127.0,3654.0,34.89,598.0,861.0,False,,False,,,,,
2026-02-20,16:42,9339.0,13813.0,4475.0,47.92,1038.0,494.0,False,,False,,,,,
2026-02-21,19:23,9311.0,14163.0,4852.0,52.11,642.0,837.0,False,,False,,,,,
2026-02-22,19:15,10040.0,14119.0,4080.0,40.64,567.0,851.0,False,,False,,,,,
2026-02-23,19:28,10930.0,14184.0,3254.0,29.77,512.0,763.0,False,,False,,,,,
2026-02-24,19:12,10853.0,14095.0,3242.0,29.87,481.0,737.0,False,,False,,,,,
2026-02-25,19:29,10682.0,14556.0,3874.0,36.27,585.0,658.0,False,,False,,,,,
2026-02-26,18:57,11198.0,14912.0,3713.0,33.16,691.0,657.0,False,,False,,,,,
2026-02-27,16:49,10825.0,14960.0,4135.0,38.2,886.0,338.0,False,,False,,,,,
2026-02-28,19:17,10618.0,11989.0,1371.0,12.91,431.0,625.0,False,,False,,,,,
2026-03-01,18:45,11370.0,14209.0,2839.0,24.97,582.0,625.0,False,,False,,,,,
2026-03-02,19:19,11052.0,14461.0,3409.0,30.85,542.0,631.0,False,,False,,,,,
2026-03-03,19:37,10527.0,14650.0,4123.0,39.17,533.0,635.0,False,,False,,,,,
2026-03-04,18:53,10913.0,14992.0,4078.0,37.37,674.0,622.0,False,,False,,,,,
2026-03-05,19:16,10848.0,14984.0,4137.0,38.14,521.0,658.0,False,,False,,,,,
2026-03-06,16:58,9961.0,14633.0,4672.0,46.9,1019.0,412.0,False,,False,,,,,
2026-03-07,19:21,10471.0,14772.0,4301.0,41.08,470.0,563.0,False,,False,,,,,
2026-03-08,19:30,11366.0,14765.0,3399.0,29.9,731.0,655.0,False,,False,,,,,
2026-03-09,19:53,11429.0,14818.0,3389.0,29.65,554.0,660.0,False,,False,,,,,
2026-03-10,19:27,11205.0,14940.0,3734.0,33.32,800.0,659.0,False,,False,,,,,
2026-03-11,19:23,10687.0,15099.0,4412.0,41.28,754.0,631.0,False,,False,,,,,
2026-03-12,19:34,10219.0,14514.0,4295.0,42.03,537.0,615.0,False,,False,,,,,
2026-03-13,16:56,10023.0,14460.0,4438.0,44.28,321.0,348.0,False,,False,,,,,
2026-03-14,19:08,9483.0,14239.0,4756.0,50.15,359.0,403.0,False,,False,,,,,
2026-03-15,18:58,10494.0,14474.0,3980.0,37.93,610.0,591.0,False,,False,,,,,
2026-03-16,19:28,10338.0,13942.0,3604.0,34.86,588.0,597.0,False,,False,,,,,
2026-03-17,19:11,9936.0,14262.0,4326.0,43.54,626.0,628.0,False,,False,,,,,
2026-03-18,18:55,9761.0,13127.0,3366.0,34.48,605.0,594.0,False,,False,,,,,
2026-03-19,19:19,10002.0,12578.0,2576.0,25.75,536.0,627.0,False,,False,,,,,
2026-03-20,17:23,8971.0,13225.0,4255.0,47.43,565.0,584.0,False,,False,,,,,
2026-03-21,19:32,9824.0,12637.0,2813.0,28.63,266.0,527.0,False,,False,,,,,
2026-03-22,19:36,10373.0,12446.0,2073.0,19.98,496.0,633.0,False,,False,,,,,
2026-03-23,19:28,10506.0,13688.0,3183.0,30.3,396.0,654.0,False,,False,,,,,
2026-03-24,19:28,10530.0,13926.0,3396.0,32.25,507.0,652.0,False,,False,,,,,
2026-03-25,18:55,11275.0,13796.0,2522.0,22.37,386.0,617.0,False,,False,,,,,
2026-03-26,18:54,11175.0,13738.0,2563.0,22.94,527.0,683.0,False,,False,,,,,
2026-03-27,17:48,10101.0,15038.0,4937.0,48.88,1586.0,527.0,False,,False,,,,,
2026-03-28,20:32,9482.0,14031.0,4549.0,47.98,528.0,628.0,False,,False,,,,,
2026-03-29,19:58,10779.0,14041.0,3262.0,30.26,650.0,704.0,False,,False,,,,,
2026-03-30,19:56,10587.0,13383.0,2796.0,26.41,720.0,729.0,False,,False,,,,,
2026-03-31,19:49,10123.0,13993.0,3870.0,38.23,563.0,705.0,False,,False,,,,,
2026-04-01,14:33,10020.0,14542.0,4522.0,45.13,1617.0,0.0,False,,False,,,,,
2026-04-02,20:52,8945.0,12846.0,3901.0,43.61,207.0,472.0,False,,False,,,,,
2026-04-03,17:58,8690.0,13757.0,5066.0,58.3,1365.0,651.0,False,,False,,,,,
2026-04-04,20:27,8732.0,12839.0,4106.0,47.02,480.0,656.0,False,,False,,,,,
2026-04-05,19:57,9288.0,13042.0,3754.0,40.42,585.0,690.0,False,,False,,,,,
2026-04-06,19:58,9378.0,13453.0,4076.0,43.46,506.0,697.0,False,,False,,,,,
2026-04-07,13:01,9551.0,16424.0,6873.0,71.96,3620.0,0.0,False,,False,,,,,
2026-04-08,20:33,9181.0,13540.0,4359.0,47.48,432.0,752.0,False,,False,,,,,
2026-04-09,19:58,9675.0,13771.0,4097.0,42.35,659.0,850.0,False,,False,,,,,
2026-04-10,18:18,9095.0,14065.0,4970.0,54.65,1435.0,755.0,False,,False,,,,,
2026-04-11,20:33,9287.0,12973.0,3685.0,39.68,476.0,752.0,False,,False,,,,,
2026-04-12,20:06,9856.0,12487.0,2632.0,26.7,659.0,739.0,False,,False,,,,,
2026-04-13,20:10,9554.0,12710.0,3156.0,33.03,703.0,823.0,False,,False,,,,,
2026-04-14,19:53,9411.0,12681.0,3270.0,34.75,670.0,835.0,False,,False,,,,,
2026-04-15,19:59,9524.0,12529.0,3005.0,31.55,621.0,810.0,False,,False,,,,,
2026-04-16,14:44,10658.0,16326.0,5669.0,53.19,4426.0,0.0,False,,False,,,,,
2026-04-17,12:32,10294.0,16687.0,6393.0,62.1,4867.0,0.0,False,,False,,,,,
2026-04-18,20:40,8803.0,12846.0,4043.0,45.93,571.0,745.0,False,,False,,,,,
2026-04-19,19:43,9461.0,13772.0,4311.0,45.57,698.0,852.0,False,,False,,,,,
2026-04-20,19:42,9180.0,13276.0,4095.0,44.61,685.0,706.0,False,,False,,,,,
2026-04-21,19:36,8661.0,13595.0,4933.0,56.96,750.0,824.0,False,,False,,,,,
2026-04-22,20:12,8520.0,13462.0,4942.0,58.0,641.0,810.0,False,,False,,,,,
2026-04-23,19:59,9115.0,13142.0,4027.0,44.18,574.0,801.0,False,,False,,,,,
2026-04-24,18:25,8530.0,13352.0,4822.0,56.53,850.0,737.0,False,,False,,,,,
2026-04-25,20:55,8547.0,13063.0,4516.0,52.84,549.0,812.0,False,,False,,,,,
2026-04-26,14:29,9654.0,15142.0,5487.0,56.84,3687.0,0.0,False,,False,,,,,
2026-04-27,19:55,9332.0,13509.0,4177.0,44.76,629.0,828.0,False,,False,,,,,
2026-04-28,20:03,9254.0,13363.0,4109.0,44.4,691.0,803.0,False,,False,,,,,
2026-04-29,15:12,9359.0,15403.0,6045.0,64.59,4670.0,0.0,False,,False,,,,,
2026-04-30,14:04,9363.0,15757.0,6394.0,68.29,4781.0,0.0,False,,False,,,,,
2026-05-01,12:27,8569.0,15320.0,6751.0,78.78,4469.0,0.0,False,,False,,,,,
2026-05-02,20:45,8461.0,13093.0,4632.0,54.75,460.0,744.0,False,,False,,,,,
2026-05-03,14:25,9466.0,15507.0,6041.0,63.82,3670.0,0.0,False,,False,,,,,
2026-05-04,19:44,9347.0,13039.0,3693.0,39.51,750.0,714.0,False,,False,,,,,
2026-05-05,20:07,9557.0,13033.0,3476.0,36.37,536.0,703.0,False,,False,,,,,
2026-05-06,20:06,9502.0,12880.0,3377.0,35.54,565.0,718.0,False,,False,,,,,
2026-05-07,18:24,10591.0,15275.0,4684.0,44.23,3309.0,577.0,False,,False,,,,,
2026-05-08,18:40,8666.0,13572.0,4906.0,56.61,1040.0,641.0,False,,False,,,,,
2026-05-09,20:38,8614.0,13082.0,4468.0,51.87,455.0,666.0,False,,False,,,,,
2026-05-10,15:43,9494.0,14961.0,5467.0,57.58,4166.0,0.0,False,,False,,,,,
2026-05-11,15:13,9625.0,15445.0,5821.0,60.48,4687.0,0.0,False,,False,,,,,
2026-05-12,15:29,10573.0,16123.0,5550.0,52.49,4111.0,0.0,False,,False,,,,,
2026-05-13,15:02,10389.0,16043.0,5654.0,54.42,4713.0,0.0,False,,False,,,,,
2026-05-14,15:28,10868.0,15729.0,4862.0,44.74,4076.0,45.0,False,,False,,,,,
2026-05-15,13:04,9466.0,15942.0,6476.0,68.41,3897.0,0.0,False,,False,,,,,
2026-05-16,20:55,8780.0,13232.0,4452.0,50.71,554.0,758.0,False,,False,,,,,
2026-05-17,19:57,10832.0,14120.0,3288.0,30.35,1141.0,875.0,False,,False,,,,,
2026-05-18,14:57,11591.0,16835.0,5244.0,45.24,3938.0,0.0,False,,False,,,,,
2026-05-19,15:45,10643.0,16863.0,6220.0,58.44,4253.0,0.0,False,,False,,,,,
2026-05-20,14:06,10596.0,16916.0,6320.0,59.65,4188.0,0.0,False,,False,,,,,
2026-05-21,13:11,9766.0,15940.0,6174.0,63.22,3618.0,0.0,False,,False,,,,,
2026-05-22,20:13,8378.0,13724.0,5347.0,63.82,461.0,723.0,False,,False,,,,,
2026-05-23,20:56,8849.0,13778.0,4929.0,55.7,504.0,702.0,False,,False,,,,,
2026-05-24,14:03,9937.0,16453.0,6516.0,65.57,4846.0,0.0,False,,False,,,,,
2026-05-25,18:27,10237.0,15210.0,4973.0,48.58,2525.0,703.0,False,,False,,,,,
2026-05-26,15:13,9884.0,16033.0,6150.0,62.22,4585.0,0.0,False,,False,,,,,
2026-05-27,14:08,9731.0,15575.0,5844.0,60.06,4808.0,0.0,False,,False,,,,,
2026-05-28,13:50,9826.0,15919.0,6093.0,62.01,5091.0,0.0,False,,False,,,,,
2026-05-29,12:56,9078.0,15607.0,6529.0,71.92,5275.0,0.0,False,,False,,,,,
2026-05-30,21:07,8760.0,13108.0,4348.0,49.63,551.0,703.0,False,,False,,,,,
2026-05-31,15:13,10522.0,15989.0,5467.0,51.96,4267.0,0.0,False,,False,,,,,
2026-06-01,18:21,10812.0,15634.0,4822.0,44.6,3053.0,656.0,False,,False,,,,,
2026-06-02,15:07,10741.0,16672.0,5931.0,55.22,4783.0,0.0,False,,False,,,,,
2026-06-03,16:01,11301.0,16751.0,5450.0,48.23,4572.0,81.0,False,,False,,,,,
2026-06-04,14:53,11581.0,17722.0,6141.0,53.03,4828.0,0.0,False,,False,,,,,
2026-06-05,14:28,10495.0,16693.0,6198.0,59.06,5033.0,0.0,False,,False,,,,,
2026-06-06,18:11,9763.0,14300.0,4537.0,46.47,1688.0,706.0,False,,False,,,,,
2026-06-07,14:44,11568.0,17274.0,5706.0,49.33,4906.0,0.0,False,,False,,,,,
2026-06-08,14:09,11734.0,17760.0,6026.0,51.36,4934.0,0.0,False,,False,,,,,
2026-06-09,15:28,12288.0,17619.0,5331.0,43.38,4516.0,0.0,False,,False,,,,,
2026-06-10,15:08,12470.0,18309.0,5839.0,46.82,4817.0,0.0,False,,False,,,,,
2026-06-11,20:04,13778.0,18234.0,4455.0,32.33,3974.0,828.0,False,,False,,,,,
2026-06-12,20:04,15629.0,19968.0,4339.0,27.76,6039.0,690.0,False,,False,,,,,
2026-06-13,15:33,10351.0,16340.0,5989.0,57.86,4667.0,0.0,False,,False,,,,,
2026-06-14,15:29,12207.0,18077.0,5870.0,48.09,4651.0,0.0,False,,False,,,,,
2026-06-15,15:09,12062.0,17879.0,5817.0,48.23,4646.0,0.0,False,,False,,,,,
2026-06-16,15:13,12307.0,17748.0,5440.0,44.2,4665.0,78.0,False,,False,,,,,
2026-06-17,15:09,12810.0,18042.0,5232.0,40.84,4643.0,0.0,False,,False,,,,,
2026-06-18,14:45,12805.0,18812.0,6007.0,46.91,5053.0,0.0,False,,False,,,,,
2026-06-19,15:03,11353.0,17530.0,6177.0,54.41,4941.0,0.0,False,,False,,,,,
2026-06-20,15:09,10831.0,16856.0,6025.0,55.63,4832.0,0.0,False,,False,,,,,
2026-06-21,15:06,12972.0,18400.0,5428.0,41.84,4726.0,0.0,False,,False,,,,,
2026-06-22,15:01,12766.0,18469.0,5704.0,44.68,4630.0,0.0,False,,False,,,,,
2026-06-23,14:27,12644.0,18320.0,5676.0,44.89,5092.0,0.0,False,,False,,,,,
2026-06-24,13:58,13070.0,19021.0,5951.0,45.53,5176.0,0.0,False,,False,,,,,
2026-06-25,16:01,13175.0,18832.0,5658.0,42.94,4388.0,0.0,False,,False,,,,,
2026-06-26,14:49,12055.0,18334.0,6279.0,52.09,5015.0,0.0,False,,False,,,,,
2026-06-27,17:08,11518.0,17275.0,5758.0,49.99,3504.0,101.0,False,,False,,,,,
2026-06-28,15:13,13842.0,18946.0,5104.0,36.87,4613.0,0.0,False,,False,,,,,
2026-06-29,13:57,13777.0,18954.0,5177.0,37.58,5049.0,0.0,False,,False,,,,,
2026-06-30,15:42,13890.0,18745.0,4855.0,34.95,4595.0,125.0,False,,False,,,,,
2026-07-01,15:12,13663.0,18713.0,5050.0,36.96,4866.0,372.0,False,,False,,,,,
2026-07-02,13:37,13605.0,19545.0,5940.0,43.66,5231.0,0.0,False,,False,,,,,
2026-07-03,15:39,13028.0,18666.0,5638.0,43.28,4627.0,0.0,False,,False,,,,,
2026-07-04,16:25,12174.0,18501.0,6327.0,51.97,4025.0,0.0,False,,False,,,,,
2026-07-05,14:26,14429.0,18908.0,4479.0,31.04,4781.0,0.0,False,,False,,,,,
2026-07-06,15:33,14199.0,18986.0,4787.0,33.71,4542.0,402.0,False,,False,,,,,
2026-07-07,14:33,14188.0,19200.0,5012.0,35.33,4677.0,236.0,False,,False,,,,,
2026-07-08,14:33,13360.0,18818.0,5458.0,40.85,5008.0,93.0,False,,False,,,,,
2026-07-09,14:42,13597.0,18916.0,5319.0,39.12,4866.0,99.0,False,,False,,,,,
2026-07-10,14:24,12465.0,18973.0,6508.0,52.21,5068.0,0.0,False,,False,,,,,
2026-07-11,15:22,11978.0,17911.0,5932.0,49.52,4674.0,0.0,False,,False,,,,,
2026-07-12,14:50,13694.0,18689.0,4995.0,36.48,4919.0,150.0,False,,False,,,,,
2026-07-13,14:03,14002.0,18445.0,4443.0,31.73,5069.0,0.0,False,,False,,,,,
2026-07-14,14:13,14340.0,18885.0,4545.0,31.69,5035.0,0.0,False,,False,,,,,
2026-07-15,15:02,14485.0,18755.0,4270.0,29.48,4788.0,0.0,False,,False,,,,,
2026-07-16,13:54,14416.0,19059.0,4644.0,32.21,5097.0,0.0,False,,False,,,,,
2026-07-17,14:25,13428.0,18594.0,5167.0,38.48,5037.0,0.0,False,,False,,,,,
2026-07-18,14:39,12728.0,18283.0,5555.0,43.64,5053.0,0.0,False,,False,,,,,
2026-07-19,14:49,14795.0,18848.0,4053.0,27.39,4872.0,431.0,False,,False,,,,,
2026-07-20,14:45,14906.0,18617.0,3712.0,24.9,4888.0,534.0,False,,False,,,,,
2026-07-21,15:28,15023.0,19208.0,4184.0,27.85,4586.0,261.0,False,,False,,,,,
2026-07-22,15:28,15433.0,18677.0,3244.0,21.02,4467.0,584.0,False,,False,,,,,
2026-07-23,14:43,15717.0,18761.0,3044.0,19.37,4860.0,0.0,False,,False,,,,,
2026-07-24,14:12,14068.0,19647.0,5579.0,39.66,5035.0,0.0,False,,False,,,,,
2026-07-25,16:26,12508.0,18162.0,5654.0,45.2,3660.0,576.0,False,,False,,,,,
2026-07-26,13:21,14011.0,19037.0,5026.0,35.87,4820.0,0.0,False,,False,,,,,
2026-07-27,15:32,14263.0,19201.0,4938.0,34.62,4589.0,536.0,False,,False,,,,,
2026-07-28,15:18,14287.0,18988.0,4701.0,32.9,4829.0,422.0,False,,False,,,,,
2026-07-29,15:03,14882.0,18990.0,4108.0,27.6,4709.0,687.0,False,,False,,,,,
2026-07-30,15:59,15259.0,18805.0,3546.0,23.24,4209.0,635.0,False,,False,,,,,
2026-07-31,14:11,14629.0,19044.0,4416.0,30.19,4895.0,0.0,False,,False,,,,,
