Region,Winter,Year,Month,Rain
כרמל וחיפה,1989-1990,1989,9,0.0
כרמל וחיפה,1989-1990,1989,10,155.0
כרמל וחיפה,1989-1990,1989,11,584.0
כרמל וחיפה,1989-1990,1989,12,125.8
כרמל וחיפה,1989-1990,1990,1,28.9
כרמל וחיפה,1989-1990,1990,2,155.0
כרמל וחיפה,1989-1990,1990,3,36.8
כרמל וחיפה,1989-1990,1990,4,42.1
כרמל וחיפה,1989-1990,1990,5,0.0
כרמל וחיפה,1989-1990,1990,6,0.2
כרמל וחיפה,1989-1990,1990,7,0.0
עמקי הצפון,1989-1990,1990,7,0.0
כרמל וחיפה,1989-1990,1990,8,1.2
עמקי הצפון,1989-1990,1990,8,0.0
ים המלח והערבה,1990-1991,1990,9,0.0
כרמל וחיפה,1990-1991,1990,9,1.0
עמקי הצפון,1990-1991,1990,9,0.0
ים המלח והערבה,1990-1991,1990,10,0.0
כרמל וחיפה,1990-1991,1990,10,13.9
עמקי הצפון,1990-1991,1990,10,0.0
ים המלח והערבה,1990-1991,1990,11,0.0
כרמל וחיפה,1990-1991,1990,11,17.2
עמקי הצפון,1990-1991,1990,11,0.0
ים המלח והערבה,1990-1991,1990,12,0.0
כרמל וחיפה,1990-1991,1990,12,0.2
עמקי הצפון,1990-1991,1990,12,0.0
ים המלח והערבה,1990-1991,1991,1,1.3
כרמל וחיפה,1990-1991,1991,1,181.0
עמקי הצפון,1990-1991,1991,1,0.0
ים המלח והערבה,1990-1991,1991,2,12.0
כרמל וחיפה,1990-1991,1991,2,43.2
עמקי הצפון,1990-1991,1991,2,0.0
גליל וגולן,1990-1991,1991,3,0.0
ים המלח והערבה,1990-1991,1991,3,35.0
כרמל וחיפה,1990-1991,1991,3,103.7
עמקי הצפון,1990-1991,1991,3,0.0
גליל וגולן,1990-1991,1991,4,0.0
ים המלח והערבה,1990-1991,1991,4,5.0
כרמל וחיפה,1990-1991,1991,4,27.7
עמקי הצפון,1990-1991,1991,4,0.0
גליל וגולן,1990-1991,1991,5,0.0
ים המלח והערבה,1990-1991,1991,5,0.0
כרמל וחיפה,1990-1991,1991,5,1.4
עמקי הצפון,1990-1991,1991,5,0.0
גליל וגולן,1990-1991,1991,6,0.0
ים המלח והערבה,1990-1991,1991,6,0.2
כרמל וחיפה,1990-1991,1991,6,0.0
עמקי הצפון,1990-1991,1991,6,0.0
גליל וגולן,1990-1991,1991,7,0.0
ים המלח והערבה,1990-1991,1991,7,0.0
כרמל וחיפה,1990-1991,1991,7,0.0
עמקי הצפון,1990-1991,1991,7,0.0
גליל וגולן,1990-1991,1991,8,0.0
ים המלח והערבה,1990-1991,1991,8,0.0
כרמל וחיפה,1990-1991,1991,8,0.0
עמקי הצפון,1990-1991,1991,8,0.0
גליל וגולן,1991-1992,1991,9,0.0
ים המלח והערבה,1991-1992,1991,9,0.0
כרמל וחיפה,1991-1992,1991,9,0.0
מישור חוף צפוני,1991-1992,1991,9,0.0
נגב,1991-1992,1991,9,0.0
עמקי הצפון,1991-1992,1991,9,0.0
גליל וגולן,1991-1992,1991,10,0.0
ים המלח והערבה,1991-1992,1991,10,0.0
כרמל וחיפה,1991-1992,1991,10,12.6
מישור חוף צפוני,1991-1992,1991,10,0.0
נגב,1991-1992,1991,10,0.0
עמקי הצפון,1991-1992,1991,10,0.0
גליל וגולן,1991-1992,1991,11,0.0
ים המלח והערבה,1991-1992,1991,11,0.0
כרמל וחיפה,1991-1992,1991,11,181.8
מישור חוף צפוני,1991-1992,1991,11,0.0
נגב,1991-1992,1991,11,0.0
עמקי הצפון,1991-1992,1991,11,0.0
גליל וגולן,1991-1992,1991,12,0.0
ים המלח והערבה,1991-1992,1991,12,0.0
כרמל וחיפה,1991-1992,1991,12,231.7
מישור חוף צפוני,1991-1992,1991,12,0.0
נגב,1991-1992,1991,12,0.0
עמקי הצפון,1991-1992,1991,12,0.0
גליל וגולן,1991-1992,1992,1,94.7
ים המלח והערבה,1991-1992,1992,1,1.0
כרמל וחיפה,1991-1992,1992,1,192.4
מישור חוף צפוני,1991-1992,1992,1,0.0
נגב,1991-1992,1992,1,0.0
עמקי הצפון,1991-1992,1992,1,0.0
גליל וגולן,1991-1992,1992,2,146.8
ים המלח והערבה,1991-1992,1992,2,0.0
כרמל וחיפה,1991-1992,1992,2,220.5
מישור חוף צפוני,1991-1992,1992,2,0.0
נגב,1991-1992,1992,2,0.0
עמקי הצפון,1991-1992,1992,2,0.0
גליל וגולן,1991-1992,1992,3,14.5
ים המלח והערבה,1991-1992,1992,3,0.0
כרמל וחיפה,1991-1992,1992,3,7.9
מישור חוף צפוני,1991-1992,1992,3,0.0
נגב,1991-1992,1992,3,0.0
עמקי הצפון,1991-1992,1992,3,0.0
גליל וגולן,1991-1992,1992,4,0.7
ים המלח והערבה,1991-1992,1992,4,0.0
כרמל וחיפה,1991-1992,1992,4,0.0
מישור חוף צפוני,1991-1992,1992,4,0.0
נגב,1991-1992,1992,4,0.0
עמקי הצפון,1991-1992,1992,4,0.0
גליל וגולן,1991-1992,1992,5,2.3
ים המלח והערבה,1991-1992,1992,5,0.0
כרמל וחיפה,1991-1992,1992,5,0.0
מישור חוף צפוני,1991-1992,1992,5,8.0
נגב,1991-1992,1992,5,0.0
עמקי הצפון,1991-1992,1992,5,0.0
גליל וגולן,1991-1992,1992,6,2.5
ים המלח והערבה,1991-1992,1992,6,0.0
כרמל וחיפה,1991-1992,1992,6,9.5
מישור חוף צפוני,1991-1992,1992,6,4.0
נגב,1991-1992,1992,6,0.0
עמקי הצפון,1991-1992,1992,6,0.0
גליל וגולן,1991-1992,1992,7,0.0
ים המלח והערבה,1991-1992,1992,7,0.2
כרמל וחיפה,1991-1992,1992,7,0.0
מישור חוף צפוני,1991-1992,1992,7,0.0
נגב,1991-1992,1992,7,0.0
עמקי הצפון,1991-1992,1992,7,0.0
גליל וגולן,1991-1992,1992,8,0.0
ים המלח והערבה,1991-1992,1992,8,0.0
כרמל וחיפה,1991-1992,1992,8,0.0
מישור חוף צפוני,1991-1992,1992,8,0.0
נגב,1991-1992,1992,8,0.0
עמקי הצפון,1991-1992,1992,8,0.0
גוש דן והשרון,1992-1993,1992,9,0.0
גליל וגולן,1992-1993,1992,9,0.0
ים המלח והערבה,1992-1993,1992,9,0.0
כרמל וחיפה,1992-1993,1992,9,0.0
מישור חוף צפוני,1992-1993,1992,9,0.0
נגב,1992-1993,1992,9,0.0
עמקי הצפון,1992-1993,1992,9,0.0
גוש דן והשרון,1992-1993,1992,10,0.0
גליל וגולן,1992-1993,1992,10,0.2
ים המלח והערבה,1992-1993,1992,10,0.0
כרמל וחיפה,1992-1993,1992,10,0.2
מישור חוף צפוני,1992-1993,1992,10,0.0
נגב,1992-1993,1992,10,0.0
עמקי הצפון,1992-1993,1992,10,0.0
גוש דן והשרון,1992-1993,1992,11,0.0
גליל וגולן,1992-1993,1992,11,1.0
ים המלח והערבה,1992-1993,1992,11,14.0
כרמל וחיפה,1992-1993,1992,11,101.7
מישור חוף צפוני,1992-1993,1992,11,1.0
נגב,1992-1993,1992,11,0.0
עמקי הצפון,1992-1993,1992,11,0.0
גוש דן והשרון,1992-1993,1992,12,0.0
גליל וגולן,1992-1993,1992,12,79.3
ים המלח והערבה,1992-1993,1992,12,42.5
כרמל וחיפה,1992-1993,1992,12,237.4
מישור חוף צפוני,1992-1993,1992,12,141.0
נגב,1992-1993,1992,12,0.0
עמקי הצפון,1992-1993,1992,12,0.0
גוש דן והשרון,1992-1993,1993,1,126.0
גליל וגולן,1992-1993,1993,1,23.9
ים המלח והערבה,1992-1993,1993,1,1.0
כרמל וחיפה,1992-1993,1993,1,67.3
מישור חוף צפוני,1992-1993,1993,1,104.0
נגב,1992-1993,1993,1,0.0
עמקי הצפון,1992-1993,1993,1,0.0
גוש דן והשרון,1992-1993,1993,2,133.6
גליל וגולן,1992-1993,1993,2,16.7
ים המלח והערבה,1992-1993,1993,2,16.5
כרמל וחיפה,1992-1993,1993,2,123.2
מישור חוף צפוני,1992-1993,1993,2,100.0
נגב,1992-1993,1993,2,0.0
עמקי הצפון,1992-1993,1993,2,0.0
גוש דן והשרון,1992-1993,1993,3,27.9
גליל וגולן,1992-1993,1993,3,11.2
ים המלח והערבה,1992-1993,1993,3,6.0
כרמל וחיפה,1992-1993,1993,3,37.6
מישור חוף צפוני,1992-1993,1993,3,46.0
נגב,1992-1993,1993,3,0.0
עמקי הצפון,1992-1993,1993,3,21.7
גוש דן והשרון,1992-1993,1993,4,10.3
גליל וגולן,1992-1993,1993,4,0.0
ים המלח והערבה,1992-1993,1993,4,0.0
כרמל וחיפה,1992-1993,1993,4,1.0
מישור חוף צפוני,1992-1993,1993,4,0.0
נגב,1992-1993,1993,4,0.0
עמקי הצפון,1992-1993,1993,4,0.1
גוש דן והשרון,1992-1993,1993,5,11.1
גליל וגולן,1992-1993,1993,5,9.0
ים המלח והערבה,1992-1993,1993,5,1.5
כרמל וחיפה,1992-1993,1993,5,7.2
מישור חוף צפוני,1992-1993,1993,5,0.0
נגב,1992-1993,1993,5,0.0
עמקי הצפון,1992-1993,1993,5,12.2
גוש דן והשרון,1992-1993,1993,6,0.0
גליל וגולן,1992-1993,1993,6,0.0
ים המלח והערבה,1992-1993,1993,6,0.0
כרמל וחיפה,1992-1993,1993,6,0.0
מישור חוף צפוני,1992-1993,1993,6,0.0
נגב,1992-1993,1993,6,0.0
עמקי הצפון,1992-1993,1993,6,0.0
גוש דן והשרון,1992-1993,1993,7,0.0
גליל וגולן,1992-1993,1993,7,0.4
ים המלח והערבה,1992-1993,1993,7,1.0
כרמל וחיפה,1992-1993,1993,7,0.0
מישור חוף צפוני,1992-1993,1993,7,0.0
נגב,1992-1993,1993,7,0.0
עמקי הצפון,1992-1993,1993,7,0.0
גוש דן והשרון,1992-1993,1993,8,0.0
גליל וגולן,1992-1993,1993,8,0.0
ים המלח והערבה,1992-1993,1993,8,0.5
כרמל וחיפה,1992-1993,1993,8,0.0
מישור חוף צפוני,1992-1993,1993,8,0.0
נגב,1992-1993,1993,8,0.0
עמקי הצפון,1992-1993,1993,8,0.0
גוש דן והשרון,1993-1994,1993,9,17.9
גליל וגולן,1993-1994,1993,9,0.0
יהודה ושומרון,1993-1994,1993,9,0.0
ים המלח והערבה,1993-1994,1993,9,1.1
כרמל וחיפה,1993-1994,1993,9,0.0
מישור חוף צפוני,1993-1994,1993,9,0.0
נגב,1993-1994,1993,9,0.0
עמקי הצפון,1993-1994,1993,9,0.0
גוש דן והשרון,1993-1994,1993,10,6.3
גליל וגולן,1993-1994,1993,10,3.5
יהודה ושומרון,1993-1994,1993,10,0.0
ים המלח והערבה,1993-1994,1993,10,2.5
כרמל וחיפה,1993-1994,1993,10,13.5
מישור חוף צפוני,1993-1994,1993,10,0.0
נגב,1993-1994,1993,10,0.0
עמקי הצפון,1993-1994,1993,10,0.0
גוש דן והשרון,1993-1994,1993,11,28.2
גליל וגולן,1993-1994,1993,11,28.0
יהודה ושומרון,1993-1994,1993,11,82.0
ים המלח והערבה,1993-1994,1993,11,1.6
כרמל וחיפה,1993-1994,1993,11,53.9
מישור חוף צפוני,1993-1994,1993,11,0.0
נגב,1993-1994,1993,11,0.0
עמקי הצפון,1993-1994,1993,11,19.5
גוש דן והשרון,1993-1994,1993,12,9.7
גליל וגולן,1993-1994,1993,12,12.0
יהודה ושומרון,1993-1994,1993,12,1.5
ים המלח והערבה,1993-1994,1993,12,9.4
כרמל וחיפה,1993-1994,1993,12,0.0
מישור חוף צפוני,1993-1994,1993,12,2.0
נגב,1993-1994,1993,12,0.0
עמקי הצפון,1993-1994,1993,12,7.1
גוש דן והשרון,1993-1994,1994,1,112.1
גליל וגולן,1993-1994,1994,1,133.1
יהודה ושומרון,1993-1994,1994,1,0.0
ים המלח והערבה,1993-1994,1994,1,33.2
כרמל וחיפה,1993-1994,1994,1,152.7
מישור חוף צפוני,1993-1994,1994,1,105.0
עמקי הצפון,1993-1994,1994,1,33.3
גוש דן והשרון,1993-1994,1994,2,87.6
גליל וגולן,1993-1994,1994,2,83.4
יהודה ושומרון,1993-1994,1994,2,105.6
ים המלח והערבה,1993-1994,1994,2,16.4
כרמל וחיפה,1993-1994,1994,2,83.8
מישור חוף צפוני,1993-1994,1994,2,91.0
עמקי הצפון,1993-1994,1994,2,0.0
גוש דן והשרון,1993-1994,1994,3,66.1
גליל וגולן,1993-1994,1994,3,55.6
יהודה ושומרון,1993-1994,1994,3,77.1
ים המלח והערבה,1993-1994,1994,3,10.3
כרמל וחיפה,1993-1994,1994,3,71.3
מישור חוף צפוני,1993-1994,1994,3,83.0
עמקי הצפון,1993-1994,1994,3,24.9
גוש דן והשרון,1993-1994,1994,4,20.9
גליל וגולן,1993-1994,1994,4,11.9
יהודה ושומרון,1993-1994,1994,4,0.0
ים המלח והערבה,1993-1994,1994,4,1.1
כרמל וחיפה,1993-1994,1994,4,20.5
מישור חוף צפוני,1993-1994,1994,4,18.0
עמקי הצפון,1993-1994,1994,4,0.0
גוש דן והשרון,1993-1994,1994,5,7.9
גליל וגולן,1993-1994,1994,5,0.0
יהודה ושומרון,1993-1994,1994,5,0.0
ים המלח והערבה,1993-1994,1994,5,1.1
כרמל וחיפה,1993-1994,1994,5,3.2
מישור חוף צפוני,1993-1994,1994,5,0.0
עמקי הצפון,1993-1994,1994,5,0.3
גוש דן והשרון,1993-1994,1994,6,0.0
גליל וגולן,1993-1994,1994,6,0.0
יהודה ושומרון,1993-1994,1994,6,0.0
ים המלח והערבה,1993-1994,1994,6,0.5
כרמל וחיפה,1993-1994,1994,6,0.0
מישור חוף צפוני,1993-1994,1994,6,0.0
עמקי הצפון,1993-1994,1994,6,0.0
גוש דן והשרון,1993-1994,1994,7,0.0
גליל וגולן,1993-1994,1994,7,0.4
יהודה ושומרון,1993-1994,1994,7,0.0
ים המלח והערבה,1993-1994,1994,7,0.0
כרמל וחיפה,1993-1994,1994,7,18.0
מישור חוף צפוני,1993-1994,1994,7,0.0
עמקי הצפון,1993-1994,1994,7,0.0
גוש דן והשרון,1993-1994,1994,8,0.0
גליל וגולן,1993-1994,1994,8,0.0
יהודה ושומרון,1993-1994,1994,8,0.0
ים המלח והערבה,1993-1994,1994,8,0.0
כרמל וחיפה,1993-1994,1994,8,0.0
מישור חוף צפוני,1993-1994,1994,8,0.0
עמקי הצפון,1993-1994,1994,8,0.0
גוש דן והשרון,1994-1995,1994,9,14.5
גליל וגולן,1994-1995,1994,9,1.3
יהודה ושומרון,1994-1995,1994,9,0.0
ים המלח והערבה,1994-1995,1994,9,0.0
כרמל וחיפה,1994-1995,1994,9,0.0
מישור חוף צפוני,1994-1995,1994,9,0.0
עמקי הצפון,1994-1995,1994,9,0.6
גוש דן והשרון,1994-1995,1994,10,17.5
גליל וגולן,1994-1995,1994,10,8.3
יהודה ושומרון,1994-1995,1994,10,5.0
ים המלח והערבה,1994-1995,1994,10,30.5
כרמל וחיפה,1994-1995,1994,10,0.0
מישור חוף צפוני,1994-1995,1994,10,8.0
עמקי הצפון,1994-1995,1994,10,6.9
גוש דן והשרון,1994-1995,1994,11,306.7
גליל וגולן,1994-1995,1994,11,94.4
יהודה ושומרון,1994-1995,1994,11,34.2
ים המלח והערבה,1994-1995,1994,11,114.6
כרמל וחיפה,1994-1995,1994,11,42.1
מישור חוף צפוני,1994-1995,1994,11,300.0
עמקי הצפון,1994-1995,1994,11,169.5
גוש דן והשרון,1994-1995,1994,12,154.2
גליל וגולן,1994-1995,1994,12,77.7
יהודה ושומרון,1994-1995,1994,12,175.8
ים המלח והערבה,1994-1995,1994,12,83.8
כרמל וחיפה,1994-1995,1994,12,92.9
מישור חוף צפוני,1994-1995,1994,12,195.0
עמקי הצפון,1994-1995,1994,12,96.6
גוש דן והשרון,1994-1995,1995,1,43.2
גליל וגולן,1994-1995,1995,1,24.7
יהודה ושומרון,1994-1995,1995,1,18.1
ים המלח והערבה,1994-1995,1995,1,1.5
כרמל וחיפה,1994-1995,1995,1,71.1
מישור חוף צפוני,1994-1995,1995,1,52.0
עמקי הצפון,1994-1995,1995,1,21.9
גוש דן והשרון,1994-1995,1995,2,87.9
גליל וגולן,1994-1995,1995,2,51.3
יהודה ושומרון,1994-1995,1995,2,59.1
ים המלח והערבה,1994-1995,1995,2,36.6
כרמל וחיפה,1994-1995,1995,2,149.5
מישור חוף צפוני,1994-1995,1995,2,49.0
עמקי הצפון,1994-1995,1995,2,77.3
גוש דן והשרון,1994-1995,1995,3,1.4
גליל וגולן,1994-1995,1995,3,26.3
יהודה ושומרון,1994-1995,1995,3,41.7
ים המלח והערבה,1994-1995,1995,3,0.0
כרמל וחיפה,1994-1995,1995,3,17.7
מישור חוף צפוני,1994-1995,1995,3,0.0
עמקי הצפון,1994-1995,1995,3,16.9
גוש דן והשרון,1994-1995,1995,4,15.6
גליל וגולן,1994-1995,1995,4,25.5
יהודה ושומרון,1994-1995,1995,4,28.6
ים המלח והערבה,1994-1995,1995,4,2.5
כרמל וחיפה,1994-1995,1995,4,4.3
מישור חוף צפוני,1994-1995,1995,4,0.0
עמקי הצפון,1994-1995,1995,4,14.7
גוש דן והשרון,1994-1995,1995,5,11.3
גליל וגולן,1994-1995,1995,5,3.8
יהודה ושומרון,1994-1995,1995,5,0.2
ים המלח והערבה,1994-1995,1995,5,0.6
כרמל וחיפה,1994-1995,1995,5,0.4
מישור חוף צפוני,1994-1995,1995,5,0.0
עמקי הצפון,1994-1995,1995,5,1.2
גוש דן והשרון,1994-1995,1995,6,0.0
גליל וגולן,1994-1995,1995,6,0.0
יהודה ושומרון,1994-1995,1995,6,0.0
ים המלח והערבה,1994-1995,1995,6,0.0
כרמל וחיפה,1994-1995,1995,6,0.0
מישור חוף צפוני,1994-1995,1995,6,0.0
עמקי הצפון,1994-1995,1995,6,0.0
גוש דן והשרון,1994-1995,1995,7,0.0
גליל וגולן,1994-1995,1995,7,0.0
יהודה ושומרון,1994-1995,1995,7,0.0
ים המלח והערבה,1994-1995,1995,7,0.0
כרמל וחיפה,1994-1995,1995,7,0.0
מישור חוף צפוני,1994-1995,1995,7,0.0
עמקי הצפון,1994-1995,1995,7,0.0
גוש דן והשרון,1994-1995,1995,8,0.0
גליל וגולן,1994-1995,1995,8,0.0
יהודה ושומרון,1994-1995,1995,8,0.0
ים המלח והערבה,1994-1995,1995,8,0.2
כרמל וחיפה,1994-1995,1995,8,0.0
מישור חוף צפוני,1994-1995,1995,8,0.0
עמקי הצפון,1994-1995,1995,8,0.0
גוש דן והשרון,1995-1996,1995,9,0.0
גליל וגולן,1995-1996,1995,9,0.0
יהודה ושומרון,1995-1996,1995,9,0.0
ים המלח והערבה,1995-1996,1995,9,0.0
כרמל וחיפה,1995-1996,1995,9,0.0
מישור חוף דרומי,1995-1996,1995,9,0.0
מישור חוף צפוני,1995-1996,1995,9,1.0
נגב,1995-1996,1995,9,0.0
עמקי הצפון,1995-1996,1995,9,0.0
גוש דן והשרון,1995-1996,1995,10,0.0
גליל וגולן,1995-1996,1995,10,1.5
יהודה ושומרון,1995-1996,1995,10,1.7
ים המלח והערבה,1995-1996,1995,10,0.0
כרמל וחיפה,1995-1996,1995,10,0.0
מישור חוף דרומי,1995-1996,1995,10,0.0
מישור חוף צפוני,1995-1996,1995,10,0.0
נגב,1995-1996,1995,10,0.0
עמקי הצפון,1995-1996,1995,10,0.1
גוש דן והשרון,1995-1996,1995,11,97.2
גליל וגולן,1995-1996,1995,11,52.2
יהודה ושומרון,1995-1996,1995,11,61.2
ים המלח והערבה,1995-1996,1995,11,7.0
כרמל וחיפה,1995-1996,1995,11,65.8
מישור חוף דרומי,1995-1996,1995,11,0.0
מישור חוף צפוני,1995-1996,1995,11,30.6
נגב,1995-1996,1995,11,0.0
עמקי הצפון,1995-1996,1995,11,19.8
גוש דן והשרון,1995-1996,1995,12,74.3
גליל וגולן,1995-1996,1995,12,18.2
יהודה ושומרון,1995-1996,1995,12,54.4
ים המלח והערבה,1995-1996,1995,12,0.0
כרמל וחיפה,1995-1996,1995,12,0.0
מישור חוף דרומי,1995-1996,1995,12,0.0
מישור חוף צפוני,1995-1996,1995,12,22.4
נגב,1995-1996,1995,12,0.0
עמקי הצפון,1995-1996,1995,12,4.9
גוש דן והשרון,1995-1996,1996,1,0.0
גליל וגולן,1995-1996,1996,1,117.8
יהודה ושומרון,1995-1996,1996,1,84.0
ים המלח והערבה,1995-1996,1996,1,17.7
כרמל וחיפה,1995-1996,1996,1,42.5
מישור חוף דרומי,1995-1996,1996,1,42.7
מישור חוף צפוני,1995-1996,1996,1,84.4
נגב,1995-1996,1996,1,38.3
עמקי הצפון,1995-1996,1996,1,94.5
גוש דן והשרון,1995-1996,1996,2,0.0
גליל וגולן,1995-1996,1996,2,45.4
יהודה ושומרון,1995-1996,1996,2,14.1
ים המלח והערבה,1995-1996,1996,2,6.5
כרמל וחיפה,1995-1996,1996,2,16.1
מישור חוף דרומי,1995-1996,1996,2,19.5
מישור חוף צפוני,1995-1996,1996,2,20.6
נגב,1995-1996,1996,2,11.9
עמקי הצפון,1995-1996,1996,2,16.6
גוש דן והשרון,1995-1996,1996,3,0.0
גליל וגולן,1995-1996,1996,3,151.4
יהודה ושומרון,1995-1996,1996,3,82.4
ים המלח והערבה,1995-1996,1996,3,10.8
כרמל וחיפה,1995-1996,1996,3,28.4
מישור חוף דרומי,1995-1996,1996,3,48.7
מישור חוף צפוני,1995-1996,1996,3,73.1
נגב,1995-1996,1996,3,54.5
עמקי הצפון,1995-1996,1996,3,92.9
גוש דן והשרון,1995-1996,1996,4,0.0
גליל וגולן,1995-1996,1996,4,28.0
יהודה ושומרון,1995-1996,1996,4,19.4
ים המלח והערבה,1995-1996,1996,4,0.0
כרמל וחיפה,1995-1996,1996,4,8.7
מישור חוף דרומי,1995-1996,1996,4,14.9
מישור חוף צפוני,1995-1996,1996,4,16.7
נגב,1995-1996,1996,4,5.3
עמקי הצפון,1995-1996,1996,4,11.2
גוש דן והשרון,1995-1996,1996,5,0.0
גליל וגולן,1995-1996,1996,5,0.0
יהודה ושומרון,1995-1996,1996,5,0.0
ים המלח והערבה,1995-1996,1996,5,0.0
כרמל וחיפה,1995-1996,1996,5,0.0
מישור חוף דרומי,1995-1996,1996,5,0.1
מישור חוף צפוני,1995-1996,1996,5,0.0
נגב,1995-1996,1996,5,0.8
עמקי הצפון,1995-1996,1996,5,0.0
גוש דן והשרון,1995-1996,1996,6,0.0
גליל וגולן,1995-1996,1996,6,0.0
יהודה ושומרון,1995-1996,1996,6,0.0
ים המלח והערבה,1995-1996,1996,6,0.0
כרמל וחיפה,1995-1996,1996,6,0.0
מישור חוף דרומי,1995-1996,1996,6,0.8
מישור חוף צפוני,1995-1996,1996,6,0.0
נגב,1995-1996,1996,6,2.7
עמקי הצפון,1995-1996,1996,6,0.0
גוש דן והשרון,1995-1996,1996,7,0.0
גליל וגולן,1995-1996,1996,7,0.0
יהודה ושומרון,1995-1996,1996,7,0.0
ים המלח והערבה,1995-1996,1996,7,0.1
כרמל וחיפה,1995-1996,1996,7,0.0
מישור חוף דרומי,1995-1996,1996,7,0.4
מישור חוף צפוני,1995-1996,1996,7,0.0
נגב,1995-1996,1996,7,0.4
עמקי הצפון,1995-1996,1996,7,0.0
גוש דן והשרון,1995-1996,1996,8,0.0
גליל וגולן,1995-1996,1996,8,0.0
יהודה ושומרון,1995-1996,1996,8,0.1
ים המלח והערבה,1995-1996,1996,8,0.0
כרמל וחיפה,1995-1996,1996,8,0.0
מישור חוף דרומי,1995-1996,1996,8,0.3
מישור חוף צפוני,1995-1996,1996,8,0.0
נגב,1995-1996,1996,8,0.3
עמקי הצפון,1995-1996,1996,8,0.0
גליל וגולן,1996-1997,1996,9,0.9
יהודה ושומרון,1996-1997,1996,9,3.7
ים המלח והערבה,1996-1997,1996,9,0.0
כרמל וחיפה,1996-1997,1996,9,0.0
מישור חוף דרומי,1996-1997,1996,9,0.1
מישור חוף צפוני,1996-1997,1996,9,0.4
נגב,1996-1997,1996,9,0.0
עמקי הצפון,1996-1997,1996,9,0.4
גליל וגולן,1996-1997,1996,10,42.4
יהודה ושומרון,1996-1997,1996,10,19.1
ים המלח והערבה,1996-1997,1996,10,1.5
כרמל וחיפה,1996-1997,1996,10,37.7
מישור חוף דרומי,1996-1997,1996,10,17.3
מישור חוף צפוני,1996-1997,1996,10,31.0
נגב,1996-1997,1996,10,1.7
עמקי הצפון,1996-1997,1996,10,36.1
גליל וגולן,1996-1997,1996,11,24.0
יהודה ושומרון,1996-1997,1996,11,6.2
ים המלח והערבה,1996-1997,1996,11,1.7
כרמל וחיפה,1996-1997,1996,11,1.5
מישור חוף דרומי,1996-1997,1996,11,3.2
מישור חוף צפוני,1996-1997,1996,11,11.8
נגב,1996-1997,1996,11,1.9
עמקי הצפון,1996-1997,1996,11,10.5
גליל וגולן,1996-1997,1996,12,90.3
יהודה ושומרון,1996-1997,1996,12,23.3
ים המלח והערבה,1996-1997,1996,12,11.4
כרמל וחיפה,1996-1997,1996,12,47.6
מישור חוף דרומי,1996-1997,1996,12,15.3
מישור חוף צפוני,1996-1997,1996,12,64.7
נגב,1996-1997,1996,12,4.5
עמקי הצפון,1996-1997,1996,12,62.1
גליל וגולן,1996-1997,1997,1,77.8
יהודה ושומרון,1996-1997,1997,1,71.0
ים המלח והערבה,1996-1997,1997,1,16.3
כרמל וחיפה,1996-1997,1997,1,36.9
מישור חוף דרומי,1996-1997,1997,1,124.1
מישור חוף צפוני,1996-1997,1997,1,68.1
נגב,1996-1997,1997,1,42.4
עמקי הצפון,1996-1997,1997,1,85.0
גליל וגולן,1996-1997,1997,2,176.8
יהודה ושומרון,1996-1997,1997,2,52.4
ים המלח והערבה,1996-1997,1997,2,5.5
כרמל וחיפה,1996-1997,1997,2,52.9
מישור חוף דרומי,1996-1997,1997,2,70.2
מישור חוף צפוני,1996-1997,1997,2,62.6
נגב,1996-1997,1997,2,53.1
עמקי הצפון,1996-1997,1997,2,162.4
גליל וגולן,1996-1997,1997,3,98.6
יהודה ושומרון,1996-1997,1997,3,76.1
ים המלח והערבה,1996-1997,1997,3,11.6
כרמל וחיפה,1996-1997,1997,3,32.6
מישור חוף דרומי,1996-1997,1997,3,30.3
מישור חוף צפוני,1996-1997,1997,3,60.8
נגב,1996-1997,1997,3,44.6
עמקי הצפון,1996-1997,1997,3,60.8
גליל וגולן,1996-1997,1997,4,25.1
יהודה ושומרון,1996-1997,1997,4,6.0
ים המלח והערבה,1996-1997,1997,4,0.0
כרמל וחיפה,1996-1997,1997,4,3.0
מישור חוף דרומי,1996-1997,1997,4,0.2
מישור חוף צפוני,1996-1997,1997,4,11.1
נגב,1996-1997,1997,4,2.5
עמקי הצפון,1996-1997,1997,4,14.8
גליל וגולן,1996-1997,1997,5,4.2
יהודה ושומרון,1996-1997,1997,5,10.1
ים המלח והערבה,1996-1997,1997,5,0.0
כרמל וחיפה,1996-1997,1997,5,3.1
מישור חוף דרומי,1996-1997,1997,5,0.5
מישור חוף צפוני,1996-1997,1997,5,1.7
נגב,1996-1997,1997,5,10.9
עמקי הצפון,1996-1997,1997,5,3.5
גליל וגולן,1996-1997,1997,6,0.0
יהודה ושומרון,1996-1997,1997,6,0.1
ים המלח והערבה,1996-1997,1997,6,0.0
כרמל וחיפה,1996-1997,1997,6,0.4
מישור חוף דרומי,1996-1997,1997,6,0.0
מישור חוף צפוני,1996-1997,1997,6,0.0
נגב,1996-1997,1997,6,0.0
עמקי הצפון,1996-1997,1997,6,0.0
גליל וגולן,1996-1997,1997,7,0.0
יהודה ושומרון,1996-1997,1997,7,0.0
ים המלח והערבה,1996-1997,1997,7,0.0
כרמל וחיפה,1996-1997,1997,7,0.1
מישור חוף דרומי,1996-1997,1997,7,0.0
מישור חוף צפוני,1996-1997,1997,7,0.0
נגב,1996-1997,1997,7,0.0
עמקי הצפון,1996-1997,1997,7,0.0
גליל וגולן,1996-1997,1997,8,0.0
יהודה ושומרון,1996-1997,1997,8,0.2
ים המלח והערבה,1996-1997,1997,8,0.0
כרמל וחיפה,1996-1997,1997,8,0.0
מישור חוף דרומי,1996-1997,1997,8,0.2
מישור חוף צפוני,1996-1997,1997,8,0.0
נגב,1996-1997,1997,8,0.6
עמקי הצפון,1996-1997,1997,8,0.0
גליל וגולן,1997-1998,1997,9,0.0
יהודה ושומרון,1997-1998,1997,9,0.3
ים המלח והערבה,1997-1998,1997,9,0.0
כרמל וחיפה,1997-1998,1997,9,0.9
מישור חוף דרומי,1997-1998,1997,9,0.0
מישור חוף צפוני,1997-1998,1997,9,4.6
נגב,1997-1998,1997,9,0.4
עמקי הצפון,1997-1998,1997,9,7.6
גליל וגולן,1997-1998,1997,10,1.6
יהודה ושומרון,1997-1998,1997,10,11.0
ים המלח והערבה,1997-1998,1997,10,2.0
כרמל וחיפה,1997-1998,1997,10,0.5
מישור חוף דרומי,1997-1998,1997,10,4.2
מישור חוף צפוני,1997-1998,1997,10,36.6
נגב,1997-1998,1997,10,11.5
עמקי הצפון,1997-1998,1997,10,48.7
גליל וגולן,1997-1998,1997,11,11.5
יהודה ושומרון,1997-1998,1997,11,21.4
ים המלח והערבה,1997-1998,1997,11,6.4
כרמל וחיפה,1997-1998,1997,11,6.3
מישור חוף דרומי,1997-1998,1997,11,2.1
מישור חוף צפוני,1997-1998,1997,11,60.3
נגב,1997-1998,1997,11,1.1
עמקי הצפון,1997-1998,1997,11,139.5
גליל וגולן,1997-1998,1997,12,76.4
יהודה ושומרון,1997-1998,1997,12,82.9
ים המלח והערבה,1997-1998,1997,12,8.2
כרמל וחיפה,1997-1998,1997,12,35.0
מישור חוף דרומי,1997-1998,1997,12,12.5
מישור חוף צפוני,1997-1998,1997,12,71.1
נגב,1997-1998,1997,12,18.6
עמקי הצפון,1997-1998,1997,12,99.6
גליל וגולן,1997-1998,1998,1,156.5
יהודה ושומרון,1997-1998,1998,1,57.5
ים המלח והערבה,1997-1998,1998,1,10.2
כרמל וחיפה,1997-1998,1998,1,58.1
מישור חוף דרומי,1997-1998,1998,1,25.4
מישור חוף צפוני,1997-1998,1998,1,101.5
נגב,1997-1998,1998,1,18.5
עמקי הצפון,1997-1998,1998,1,99.4
גליל וגולן,1997-1998,1998,2,60.6
יהודה ושומרון,1997-1998,1998,2,40.0
ים המלח והערבה,1997-1998,1998,2,7.4
כרמל וחיפה,1997-1998,1998,2,76.1
מישור חוף דרומי,1997-1998,1998,2,36.7
מישור חוף צפוני,1997-1998,1998,2,51.4
נגב,1997-1998,1998,2,17.6
עמקי הצפון,1997-1998,1998,2,56.0
גליל וגולן,1997-1998,1998,3,164.0
יהודה ושומרון,1997-1998,1998,3,85.4
ים המלח והערבה,1997-1998,1998,3,14.6
כרמל וחיפה,1997-1998,1998,3,82.5
מישור חוף דרומי,1997-1998,1998,3,24.9
מישור חוף צפוני,1997-1998,1998,3,75.8
נגב,1997-1998,1998,3,22.3
עמקי הצפון,1997-1998,1998,3,96.0
גליל וגולן,1997-1998,1998,4,26.6
יהודה ושומרון,1997-1998,1998,4,2.7
ים המלח והערבה,1997-1998,1998,4,1.2
כרמל וחיפה,1997-1998,1998,4,11.8
מישור חוף דרומי,1997-1998,1998,4,0.0
מישור חוף צפוני,1997-1998,1998,4,29.7
נגב,1997-1998,1998,4,0.1
עמקי הצפון,1997-1998,1998,4,24.1
גליל וגולן,1997-1998,1998,5,9.4
יהודה ושומרון,1997-1998,1998,5,2.9
ים המלח והערבה,1997-1998,1998,5,1.0
כרמל וחיפה,1997-1998,1998,5,7.9
מישור חוף דרומי,1997-1998,1998,5,0.0
מישור חוף צפוני,1997-1998,1998,5,2.8
נגב,1997-1998,1998,5,1.5
עמקי הצפון,1997-1998,1998,5,6.0
גליל וגולן,1997-1998,1998,6,0.0
יהודה ושומרון,1997-1998,1998,6,0.1
ים המלח והערבה,1997-1998,1998,6,0.0
כרמל וחיפה,1997-1998,1998,6,0.2
מישור חוף דרומי,1997-1998,1998,6,0.1
מישור חוף צפוני,1997-1998,1998,6,0.0
נגב,1997-1998,1998,6,0.0
עמקי הצפון,1997-1998,1998,6,0.0
גליל וגולן,1997-1998,1998,7,0.0
יהודה ושומרון,1997-1998,1998,7,0.1
ים המלח והערבה,1997-1998,1998,7,0.0
כרמל וחיפה,1997-1998,1998,7,0.2
מישור חוף דרומי,1997-1998,1998,7,0.2
מישור חוף צפוני,1997-1998,1998,7,0.0
נגב,1997-1998,1998,7,0.1
עמקי הצפון,1997-1998,1998,7,0.1
גליל וגולן,1997-1998,1998,8,0.1
יהודה ושומרון,1997-1998,1998,8,0.0
ים המלח והערבה,1997-1998,1998,8,0.0
כרמל וחיפה,1997-1998,1998,8,0.2
מישור חוף דרומי,1997-1998,1998,8,0.2
מישור חוף צפוני,1997-1998,1998,8,0.0
נגב,1997-1998,1998,8,0.2
עמקי הצפון,1997-1998,1998,8,0.1
גוש דן והשרון,1998-1999,1998,9,0.0
גליל וגולן,1998-1999,1998,9,0.4
יהודה ושומרון,1998-1999,1998,9,0.2
ים המלח והערבה,1998-1999,1998,9,0.0
כרמל וחיפה,1998-1999,1998,9,0.8
מישור חוף דרומי,1998-1999,1998,9,0.0
מישור חוף צפוני,1998-1999,1998,9,3.8
נגב,1998-1999,1998,9,0.1
עמקי הצפון,1998-1999,1998,9,0.2
גוש דן והשרון,1998-1999,1998,10,0.0
גליל וגולן,1998-1999,1998,10,2.1
יהודה ושומרון,1998-1999,1998,10,0.6
ים המלח והערבה,1998-1999,1998,10,0.0
כרמל וחיפה,1998-1999,1998,10,3.4
מישור חוף דרומי,1998-1999,1998,10,3.8
מישור חוף צפוני,1998-1999,1998,10,1.5
נגב,1998-1999,1998,10,0.7
עמקי הצפון,1998-1999,1998,10,0.9
גוש דן והשרון,1998-1999,1998,11,0.0
גליל וגולן,1998-1999,1998,11,2.3
יהודה ושומרון,1998-1999,1998,11,1.4
ים המלח והערבה,1998-1999,1998,11,0.5
כרמל וחיפה,1998-1999,1998,11,11.8
מישור חוף דרומי,1998-1999,1998,11,0.6
מישור חוף צפוני,1998-1999,1998,11,9.3
נגב,1998-1999,1998,11,0.5
עמקי הצפון,1998-1999,1998,11,0.2
גוש דן והשרון,1998-1999,1998,12,28.7
גליל וגולן,1998-1999,1998,12,62.1
יהודה ושומרון,1998-1999,1998,12,4.0
ים המלח והערבה,1998-1999,1998,12,0.1
כרמל וחיפה,1998-1999,1998,12,64.6
מישור חוף דרומי,1998-1999,1998,12,1.4
מישור חוף צפוני,1998-1999,1998,12,31.9
נגב,1998-1999,1998,12,1.6
עמקי הצפון,1998-1999,1998,12,17.5
גוש דן והשרון,1998-1999,1999,1,142.6
גליל וגולן,1998-1999,1999,1,118.4
יהודה ושומרון,1998-1999,1999,1,23.9
ים המלח והערבה,1998-1999,1999,1,3.0
כרמל וחיפה,1998-1999,1999,1,6.6
מישור חוף דרומי,1998-1999,1999,1,13.7
מישור חוף צפוני,1998-1999,1999,1,57.5
נגב,1998-1999,1999,1,10.9
עמקי הצפון,1998-1999,1999,1,42.2
גוש דן והשרון,1998-1999,1999,2,47.9
גליל וגולן,1998-1999,1999,2,63.0
יהודה ושומרון,1998-1999,1999,2,43.2
ים המלח והערבה,1998-1999,1999,2,8.4
כרמל וחיפה,1998-1999,1999,2,11.8
מישור חוף דרומי,1998-1999,1999,2,8.7
מישור חוף צפוני,1998-1999,1999,2,27.2
נגב,1998-1999,1999,2,24.4
עמקי הצפון,1998-1999,1999,2,20.1
גוש דן והשרון,1998-1999,1999,3,16.1
גליל וגולן,1998-1999,1999,3,58.7
יהודה ושומרון,1998-1999,1999,3,9.7
ים המלח והערבה,1998-1999,1999,3,1.4
כרמל וחיפה,1998-1999,1999,3,20.8
מישור חוף דרומי,1998-1999,1999,3,0.1
מישור חוף צפוני,1998-1999,1999,3,37.3
נגב,1998-1999,1999,3,0.5
עמקי הצפון,1998-1999,1999,3,29.6
גוש דן והשרון,1998-1999,1999,4,13.9
גליל וגולן,1998-1999,1999,4,32.2
יהודה ושומרון,1998-1999,1999,4,28.3
ים המלח והערבה,1998-1999,1999,4,0.3
כרמל וחיפה,1998-1999,1999,4,6.5
מישור חוף דרומי,1998-1999,1999,4,8.2
מישור חוף צפוני,1998-1999,1999,4,15.6
נגב,1998-1999,1999,4,3.6
עמקי הצפון,1998-1999,1999,4,23.6
גוש דן והשרון,1998-1999,1999,5,0.0
גליל וגולן,1998-1999,1999,5,0.0
יהודה ושומרון,1998-1999,1999,5,0.0
ים המלח והערבה,1998-1999,1999,5,0.0
כרמל וחיפה,1998-1999,1999,5,0.1
מישור חוף דרומי,1998-1999,1999,5,0.1
מישור חוף צפוני,1998-1999,1999,5,0.0
נגב,1998-1999,1999,5,0.0
עמקי הצפון,1998-1999,1999,5,0.0
גוש דן והשרון,1998-1999,1999,6,0.0
גליל וגולן,1998-1999,1999,6,0.3
יהודה ושומרון,1998-1999,1999,6,0.0
ים המלח והערבה,1998-1999,1999,6,0.0
כרמל וחיפה,1998-1999,1999,6,0.1
מישור חוף דרומי,1998-1999,1999,6,0.0
מישור חוף צפוני,1998-1999,1999,6,0.0
נגב,1998-1999,1999,6,0.1
עמקי הצפון,1998-1999,1999,6,0.0
גוש דן והשרון,1998-1999,1999,7,0.0
גליל וגולן,1998-1999,1999,7,0.0
יהודה ושומרון,1998-1999,1999,7,0.1
ים המלח והערבה,1998-1999,1999,7,0.0
כרמל וחיפה,1998-1999,1999,7,0.0
מישור חוף דרומי,1998-1999,1999,7,0.0
מישור חוף צפוני,1998-1999,1999,7,0.0
נגב,1998-1999,1999,7,0.0
עמקי הצפון,1998-1999,1999,7,0.0
גוש דן והשרון,1998-1999,1999,8,0.0
גליל וגולן,1998-1999,1999,8,0.0
יהודה ושומרון,1998-1999,1999,8,0.2
ים המלח והערבה,1998-1999,1999,8,0.0
כרמל וחיפה,1998-1999,1999,8,0.1
מישור חוף דרומי,1998-1999,1999,8,0.0
מישור חוף צפוני,1998-1999,1999,8,0.0
נגב,1998-1999,1999,8,0.1
עמקי הצפון,1998-1999,1999,8,0.0
גוש דן והשרון,1999-2000,1999,9,0.0
גליל וגולן,1999-2000,1999,9,0.0
יהודה ושומרון,1999-2000,1999,9,0.3
ים המלח והערבה,1999-2000,1999,9,0.0
כרמל וחיפה,1999-2000,1999,9,0.0
מישור חוף דרומי,1999-2000,1999,9,0.0
מישור חוף צפוני,1999-2000,1999,9,0.2
נגב,1999-2000,1999,9,0.3
עמקי הצפון,1999-2000,1999,9,0.1
גוש דן והשרון,1999-2000,1999,10,0.5
גליל וגולן,1999-2000,1999,10,5.5
יהודה ושומרון,1999-2000,1999,10,4.1
ים המלח והערבה,1999-2000,1999,10,0.2
כרמל וחיפה,1999-2000,1999,10,0.6
מישור חוף דרומי,1999-2000,1999,10,6.8
מישור חוף צפוני,1999-2000,1999,10,7.7
נגב,1999-2000,1999,10,1.6
עמקי הצפון,1999-2000,1999,10,0.9
גוש דן והשרון,1999-2000,1999,11,15.2
גליל וגולן,1999-2000,1999,11,10.8
יהודה ושומרון,1999-2000,1999,11,4.9
ים המלח והערבה,1999-2000,1999,11,0.1
כרמל וחיפה,1999-2000,1999,11,2.6
מישור חוף דרומי,1999-2000,1999,11,0.5
מישור חוף צפוני,1999-2000,1999,11,5.5
נגב,1999-2000,1999,11,0.4
עמקי הצפון,1999-2000,1999,11,3.5
גוש דן והשרון,1999-2000,1999,12,43.1
גליל וגולן,1999-2000,1999,12,55.8
יהודה ושומרון,1999-2000,1999,12,23.4
ים המלח והערבה,1999-2000,1999,12,1.0
כרמל וחיפה,1999-2000,1999,12,44.6
מישור חוף דרומי,1999-2000,1999,12,1.4
מישור חוף צפוני,1999-2000,1999,12,29.5
נגב,1999-2000,1999,12,2.1
עמקי הצפון,1999-2000,1999,12,34.2
גוש דן והשרון,1999-2000,2000,1,356.1
גליל וגולן,1999-2000,2000,1,342.3
יהודה ושומרון,1999-2000,2000,1,141.8
ים המלח והערבה,1999-2000,2000,1,10.7
כרמל וחיפה,1999-2000,2000,1,237.2
מישור חוף דרומי,1999-2000,2000,1,47.8
מישור חוף צפוני,1999-2000,2000,1,192.2
נגב,1999-2000,2000,1,34.5
עמקי הצפון,1999-2000,2000,1,138.2
גוש דן והשרון,1999-2000,2000,2,39.7
גליל וגולן,1999-2000,2000,2,89.6
יהודה ושומרון,1999-2000,2000,2,23.4
ים המלח והערבה,1999-2000,2000,2,2.8
כרמל וחיפה,1999-2000,2000,2,48.4
מישור חוף דרומי,1999-2000,2000,2,21.2
מישור חוף צפוני,1999-2000,2000,2,68.3
נגב,1999-2000,2000,2,1.7
עמקי הצפון,1999-2000,2000,2,48.1
גוש דן והשרון,1999-2000,2000,3,50.4
גליל וגולן,1999-2000,2000,3,71.5
יהודה ושומרון,1999-2000,2000,3,44.6
ים המלח והערבה,1999-2000,2000,3,5.0
כרמל וחיפה,1999-2000,2000,3,43.8
מישור חוף דרומי,1999-2000,2000,3,29.9
מישור חוף צפוני,1999-2000,2000,3,39.6
נגב,1999-2000,2000,3,12.0
עמקי הצפון,1999-2000,2000,3,42.9
גוש דן והשרון,1999-2000,2000,4,0.0
גליל וגולן,1999-2000,2000,4,10.8
יהודה ושומרון,1999-2000,2000,4,4.4
ים המלח והערבה,1999-2000,2000,4,0.0
כרמל וחיפה,1999-2000,2000,4,2.0
מישור חוף דרומי,1999-2000,2000,4,0.0
מישור חוף צפוני,1999-2000,2000,4,1.8
נגב,1999-2000,2000,4,0.0
עמקי הצפון,1999-2000,2000,4,3.6
גוש דן והשרון,1999-2000,2000,5,0.0
גליל וגולן,1999-2000,2000,5,0.1
יהודה ושומרון,1999-2000,2000,5,0.2
ים המלח והערבה,1999-2000,2000,5,0.0
כרמל וחיפה,1999-2000,2000,5,0.0
מישור חוף דרומי,1999-2000,2000,5,0.0
מישור חוף צפוני,1999-2000,2000,5,0.2
נגב,1999-2000,2000,5,0.0
עמקי הצפון,1999-2000,2000,5,0.0
גוש דן והשרון,1999-2000,2000,6,0.0
גליל וגולן,1999-2000,2000,6,0.0
יהודה ושומרון,1999-2000,2000,6,0.4
ים המלח והערבה,1999-2000,2000,6,0.0
כרמל וחיפה,1999-2000,2000,6,0.0
מישור חוף דרומי,1999-2000,2000,6,0.0
מישור חוף צפוני,1999-2000,2000,6,0.0
נגב,1999-2000,2000,6,0.0
עמקי הצפון,1999-2000,2000,6,0.0
גוש דן והשרון,1999-2000,2000,7,0.0
גליל וגולן,1999-2000,2000,7,0.0
יהודה ושומרון,1999-2000,2000,7,0.0
ים המלח והערבה,1999-2000,2000,7,0.0
כרמל וחיפה,1999-2000,2000,7,0.0
מישור חוף דרומי,1999-2000,2000,7,0.0
מישור חוף צפוני,1999-2000,2000,7,0.0
נגב,1999-2000,2000,7,0.0
עמקי הצפון,1999-2000,2000,7,0.0
גוש דן והשרון,1999-2000,2000,8,0.0
גליל וגולן,1999-2000,2000,8,0.0
יהודה ושומרון,1999-2000,2000,8,0.0
ים המלח והערבה,1999-2000,2000,8,0.0
כרמל וחיפה,1999-2000,2000,8,0.0
מישור חוף דרומי,1999-2000,2000,8,0.0
מישור חוף צפוני,1999-2000,2000,8,0.0
נגב,1999-2000,2000,8,0.0
עמקי הצפון,1999-2000,2000,8,0.0
גוש דן והשרון,2000-2001,2000,9,0.0
גליל וגולן,2000-2001,2000,9,1.6
יהודה ושומרון,2000-2001,2000,9,0.0
ים המלח והערבה,2000-2001,2000,9,0.0
כרמל וחיפה,2000-2001,2000,9,4.3
מישור חוף דרומי,2000-2001,2000,9,0.0
מישור חוף צפוני,2000-2001,2000,9,0.6
נגב,2000-2001,2000,9,0.0
עמקי הצפון,2000-2001,2000,9,2.1
גוש דן והשרון,2000-2001,2000,10,108.2
גליל וגולן,2000-2001,2000,10,18.8
יהודה ושומרון,2000-2001,2000,10,15.0
ים המלח והערבה,2000-2001,2000,10,5.2
כרמל וחיפה,2000-2001,2000,10,44.5
מישור חוף דרומי,2000-2001,2000,10,47.9
מישור חוף צפוני,2000-2001,2000,10,54.1
נגב,2000-2001,2000,10,10.0
עמקי הצפון,2000-2001,2000,10,25.1
גוש דן והשרון,2000-2001,2000,11,7.6
גליל וגולן,2000-2001,2000,11,32.6
יהודה ושומרון,2000-2001,2000,11,3.4
ים המלח והערבה,2000-2001,2000,11,0.3
כרמל וחיפה,2000-2001,2000,11,22.9
מישור חוף דרומי,2000-2001,2000,11,2.3
מישור חוף צפוני,2000-2001,2000,11,39.6
נגב,2000-2001,2000,11,0.8
עמקי הצפון,2000-2001,2000,11,4.7
גוש דן והשרון,2000-2001,2000,12,97.4
גליל וגולן,2000-2001,2000,12,115.4
יהודה ושומרון,2000-2001,2000,12,127.3
ים המלח והערבה,2000-2001,2000,12,8.7
כרמל וחיפה,2000-2001,2000,12,124.5
מישור חוף דרומי,2000-2001,2000,12,54.5
מישור חוף צפוני,2000-2001,2000,12,97.0
נגב,2000-2001,2000,12,28.6
עמקי הצפון,2000-2001,2000,12,54.2
גוש דן והשרון,2000-2001,2001,1,45.2
גליל וגולן,2000-2001,2001,1,70.4
יהודה ושומרון,2000-2001,2001,1,94.7
ים המלח והערבה,2000-2001,2001,1,5.1
כרמל וחיפה,2000-2001,2001,1,87.1
מישור חוף דרומי,2000-2001,2001,1,19.7
מישור חוף צפוני,2000-2001,2001,1,39.1
נגב,2000-2001,2001,1,40.6
עמקי הצפון,2000-2001,2001,1,59.0
גוש דן והשרון,2000-2001,2001,2,78.1
גליל וגולן,2000-2001,2001,2,130.8
יהודה ושומרון,2000-2001,2001,2,75.6
ים המלח והערבה,2000-2001,2001,2,4.8
כרמל וחיפה,2000-2001,2001,2,95.9
מישור חוף דרומי,2000-2001,2001,2,42.3
מישור חוף צפוני,2000-2001,2001,2,58.0
נגב,2000-2001,2001,2,20.9
עמקי הצפון,2000-2001,2001,2,71.9
גוש דן והשרון,2000-2001,2001,3,2.7
גליל וגולן,2000-2001,2001,3,15.5
יהודה ושומרון,2000-2001,2001,3,6.2
ים המלח והערבה,2000-2001,2001,3,2.6
כרמל וחיפה,2000-2001,2001,3,8.7
מישור חוף דרומי,2000-2001,2001,3,1.4
מישור חוף צפוני,2000-2001,2001,3,10.5
נגב,2000-2001,2001,3,5.2
עמקי הצפון,2000-2001,2001,3,6.7
גוש דן והשרון,2000-2001,2001,4,3.3
גליל וגולן,2000-2001,2001,4,1.4
יהודה ושומרון,2000-2001,2001,4,8.0
ים המלח והערבה,2000-2001,2001,4,3.9
כרמל וחיפה,2000-2001,2001,4,0.0
מישור חוף דרומי,2000-2001,2001,4,1.5
מישור חוף צפוני,2000-2001,2001,4,1.8
נגב,2000-2001,2001,4,1.9
עמקי הצפון,2000-2001,2001,4,1.0
גוש דן והשרון,2000-2001,2001,5,10.2
גליל וגולן,2000-2001,2001,5,20.9
יהודה ושומרון,2000-2001,2001,5,21.1
ים המלח והערבה,2000-2001,2001,5,2.7
כרמל וחיפה,2000-2001,2001,5,12.1
מישור חוף דרומי,2000-2001,2001,5,0.3
מישור חוף צפוני,2000-2001,2001,5,10.9
נגב,2000-2001,2001,5,10.8
עמקי הצפון,2000-2001,2001,5,16.1
גוש דן והשרון,2000-2001,2001,6,0.0
גליל וגולן,2000-2001,2001,6,0.0
יהודה ושומרון,2000-2001,2001,6,0.0
ים המלח והערבה,2000-2001,2001,6,0.0
כרמל וחיפה,2000-2001,2001,6,0.0
מישור חוף דרומי,2000-2001,2001,6,0.0
מישור חוף צפוני,2000-2001,2001,6,0.0
נגב,2000-2001,2001,6,0.0
עמקי הצפון,2000-2001,2001,6,0.0
גוש דן והשרון,2000-2001,2001,7,0.0
גליל וגולן,2000-2001,2001,7,0.0
יהודה ושומרון,2000-2001,2001,7,0.0
ים המלח והערבה,2000-2001,2001,7,0.0
כרמל וחיפה,2000-2001,2001,7,0.0
מישור חוף דרומי,2000-2001,2001,7,0.0
מישור חוף צפוני,2000-2001,2001,7,0.0
נגב,2000-2001,2001,7,0.0
עמקי הצפון,2000-2001,2001,7,0.0
גוש דן והשרון,2000-2001,2001,8,0.0
גליל וגולן,2000-2001,2001,8,0.0
יהודה ושומרון,2000-2001,2001,8,0.0
ים המלח והערבה,2000-2001,2001,8,0.0
כרמל וחיפה,2000-2001,2001,8,0.0
מישור חוף דרומי,2000-2001,2001,8,0.0
מישור חוף צפוני,2000-2001,2001,8,0.0
נגב,2000-2001,2001,8,0.0
עמקי הצפון,2000-2001,2001,8,0.0
גוש דן והשרון,2001-2002,2001,9,0.0
גליל וגולן,2001-2002,2001,9,0.1
יהודה ושומרון,2001-2002,2001,9,0.0
ים המלח והערבה,2001-2002,2001,9,0.0
כרמל וחיפה,2001-2002,2001,9,0.0
מישור חוף דרומי,2001-2002,2001,9,0.0
מישור חוף צפוני,2001-2002,2001,9,0.0
נגב,2001-2002,2001,9,0.0
עמקי הצפון,2001-2002,2001,9,0.0
גוש דן והשרון,2001-2002,2001,10,34.7
גליל וגולן,2001-2002,2001,10,16.0
יהודה ושומרון,2001-2002,2001,10,16.5
ים המלח והערבה,2001-2002,2001,10,0.5
כרמל וחיפה,2001-2002,2001,10,32.4
מישור חוף דרומי,2001-2002,2001,10,15.1
מישור חוף צפוני,2001-2002,2001,10,21.8
נגב,2001-2002,2001,10,1.2
עמקי הצפון,2001-2002,2001,10,5.6
גוש דן והשרון,2001-2002,2001,11,49.7
גליל וגולן,2001-2002,2001,11,50.1
יהודה ושומרון,2001-2002,2001,11,49.1
ים המלח והערבה,2001-2002,2001,11,2.5
כרמל וחיפה,2001-2002,2001,11,65.2
מישור חוף דרומי,2001-2002,2001,11,27.7
מישור חוף צפוני,2001-2002,2001,11,88.0
נגב,2001-2002,2001,11,9.5
עמקי הצפון,2001-2002,2001,11,38.9
גוש דן והשרון,2001-2002,2001,12,178.1
גליל וגולן,2001-2002,2001,12,159.9
יהודה ושומרון,2001-2002,2001,12,128.1
ים המלח והערבה,2001-2002,2001,12,8.0
כרמל וחיפה,2001-2002,2001,12,244.1
מישור חוף דרומי,2001-2002,2001,12,117.8
מישור חוף צפוני,2001-2002,2001,12,213.2
נגב,2001-2002,2001,12,14.0
עמקי הצפון,2001-2002,2001,12,88.5
גוש דן והשרון,2001-2002,2002,1,195.6
גליל וגולן,2001-2002,2002,1,184.2
יהודה ושומרון,2001-2002,2002,1,190.4
ים המלח והערבה,2001-2002,2002,1,13.0
כרמל וחיפה,2001-2002,2002,1,190.7
מישור חוף דרומי,2001-2002,2002,1,187.3
מישור חוף צפוני,2001-2002,2002,1,158.3
נגב,2001-2002,2002,1,51.7
עמקי הצפון,2001-2002,2002,1,119.4
גוש דן והשרון,2001-2002,2002,2,34.5
גליל וגולן,2001-2002,2002,2,68.0
יהודה ושומרון,2001-2002,2002,2,47.7
ים המלח והערבה,2001-2002,2002,2,5.0
כרמל וחיפה,2001-2002,2002,2,70.2
מישור חוף דרומי,2001-2002,2002,2,39.0
מישור חוף צפוני,2001-2002,2002,2,69.6
נגב,2001-2002,2002,2,17.4
עמקי הצפון,2001-2002,2002,2,44.8
גוש דן והשרון,2001-2002,2002,3,46.0
גליל וגולן,2001-2002,2002,3,135.1
יהודה ושומרון,2001-2002,2002,3,65.3
ים המלח והערבה,2001-2002,2002,3,4.4
כרמל וחיפה,2001-2002,2002,3,87.0
מישור חוף דרומי,2001-2002,2002,3,27.1
מישור חוף צפוני,2001-2002,2002,3,69.4
נגב,2001-2002,2002,3,12.9
עמקי הצפון,2001-2002,2002,3,69.6
גוש דן והשרון,2001-2002,2002,4,25.9
גליל וגולן,2001-2002,2002,4,46.7
יהודה ושומרון,2001-2002,2002,4,31.9
ים המלח והערבה,2001-2002,2002,4,0.9
כרמל וחיפה,2001-2002,2002,4,40.4
מישור חוף דרומי,2001-2002,2002,4,23.5
מישור חוף צפוני,2001-2002,2002,4,47.8
נגב,2001-2002,2002,4,4.4
עמקי הצפון,2001-2002,2002,4,34.3
גוש דן והשרון,2001-2002,2002,5,2.8
גליל וגולן,2001-2002,2002,5,4.4
יהודה ושומרון,2001-2002,2002,5,3.6
ים המלח והערבה,2001-2002,2002,5,0.4
כרמל וחיפה,2001-2002,2002,5,2.6
מישור חוף דרומי,2001-2002,2002,5,1.7
מישור חוף צפוני,2001-2002,2002,5,0.6
נגב,2001-2002,2002,5,0.1
עמקי הצפון,2001-2002,2002,5,2.8
גוש דן והשרון,2001-2002,2002,6,0.0
גליל וגולן,2001-2002,2002,6,0.0
יהודה ושומרון,2001-2002,2002,6,0.0
ים המלח והערבה,2001-2002,2002,6,0.0
כרמל וחיפה,2001-2002,2002,6,0.0
מישור חוף דרומי,2001-2002,2002,6,0.0
מישור חוף צפוני,2001-2002,2002,6,0.0
נגב,2001-2002,2002,6,0.0
עמקי הצפון,2001-2002,2002,6,0.0
גוש דן והשרון,2001-2002,2002,7,0.0
גליל וגולן,2001-2002,2002,7,0.0
יהודה ושומרון,2001-2002,2002,7,0.0
ים המלח והערבה,2001-2002,2002,7,0.0
כרמל וחיפה,2001-2002,2002,7,0.0
מישור חוף דרומי,2001-2002,2002,7,0.0
מישור חוף צפוני,2001-2002,2002,7,0.5
נגב,2001-2002,2002,7,0.0
עמקי הצפון,2001-2002,2002,7,0.0
גוש דן והשרון,2001-2002,2002,8,0.0
גליל וגולן,2001-2002,2002,8,0.0
יהודה ושומרון,2001-2002,2002,8,0.0
ים המלח והערבה,2001-2002,2002,8,0.0
כרמל וחיפה,2001-2002,2002,8,0.0
מישור חוף דרומי,2001-2002,2002,8,0.0
מישור חוף צפוני,2001-2002,2002,8,0.0
נגב,2001-2002,2002,8,0.0
עמקי הצפון,2001-2002,2002,8,0.0
גוש דן והשרון,2002-2003,2002,9,0.1
גליל וגולן,2002-2003,2002,9,0.4
יהודה ושומרון,2002-2003,2002,9,0.0
ים המלח והערבה,2002-2003,2002,9,0.0
כרמל וחיפה,2002-2003,2002,9,0.0
מישור חוף דרומי,2002-2003,2002,9,0.0
מישור חוף צפוני,2002-2003,2002,9,0.0
נגב,2002-2003,2002,9,0.0
עמקי הצפון,2002-2003,2002,9,0.2
גוש דן והשרון,2002-2003,2002,10,2.4
גליל וגולן,2002-2003,2002,10,5.2
יהודה ושומרון,2002-2003,2002,10,13.7
ים המלח והערבה,2002-2003,2002,10,3.1
כרמל וחיפה,2002-2003,2002,10,7.7
מישור חוף דרומי,2002-2003,2002,10,3.2
מישור חוף צפוני,2002-2003,2002,10,9.5
נגב,2002-2003,2002,10,23.1
עמקי הצפון,2002-2003,2002,10,5.8
גוש דן והשרון,2002-2003,2002,11,14.5
גליל וגולן,2002-2003,2002,11,46.7
יהודה ושומרון,2002-2003,2002,11,19.8
ים המלח והערבה,2002-2003,2002,11,6.5
כרמל וחיפה,2002-2003,2002,11,22.4
מישור חוף דרומי,2002-2003,2002,11,6.7
מישור חוף צפוני,2002-2003,2002,11,25.7
נגב,2002-2003,2002,11,5.8
עמקי הצפון,2002-2003,2002,11,28.3
גוש דן והשרון,2002-2003,2002,12,203.0
גליל וגולן,2002-2003,2002,12,186.9
יהודה ושומרון,2002-2003,2002,12,139.6
ים המלח והערבה,2002-2003,2002,12,8.7
כרמל וחיפה,2002-2003,2002,12,218.0
מישור חוף דרומי,2002-2003,2002,12,88.1
מישור חוף צפוני,2002-2003,2002,12,115.6
נגב,2002-2003,2002,12,30.7
עמקי הצפון,2002-2003,2002,12,158.2
גוש דן והשרון,2002-2003,2003,1,138.9
גליל וגולן,2002-2003,2003,1,135.1
יהודה ושומרון,2002-2003,2003,1,71.7
ים המלח והערבה,2002-2003,2003,1,10.2
כרמל וחיפה,2002-2003,2003,1,118.9
מישור חוף דרומי,2002-2003,2003,1,47.8
מישור חוף צפוני,2002-2003,2003,1,74.4
נגב,2002-2003,2003,1,17.0
עמקי הצפון,2002-2003,2003,1,70.6
גוש דן והשרון,2002-2003,2003,2,238.8
גליל וגולן,2002-2003,2003,2,307.0
יהודה ושומרון,2002-2003,2003,2,216.8
ים המלח והערבה,2002-2003,2003,2,20.9
כרמל וחיפה,2002-2003,2003,2,203.3
מישור חוף דרומי,2002-2003,2003,2,182.7
מישור חוף צפוני,2002-2003,2003,2,82.2
נגב,2002-2003,2003,2,8.0
עמקי הצפון,2002-2003,2003,2,216.6
גוש דן והשרון,2002-2003,2003,3,141.5
גליל וגולן,2002-2003,2003,3,175.9
יהודה ושומרון,2002-2003,2003,3,124.9
ים המלח והערבה,2002-2003,2003,3,9.2
כרמל וחיפה,2002-2003,2003,3,183.8
מישור חוף דרומי,2002-2003,2003,3,76.9
מישור חוף צפוני,2002-2003,2003,3,84.7
נגב,2002-2003,2003,3,20.5
עמקי הצפון,2002-2003,2003,3,112.3
גוש דן והשרון,2002-2003,2003,4,6.9
גליל וגולן,2002-2003,2003,4,26.2
יהודה ושומרון,2002-2003,2003,4,15.9
ים המלח והערבה,2002-2003,2003,4,1.8
כרמל וחיפה,2002-2003,2003,4,27.7
מישור חוף דרומי,2002-2003,2003,4,8.7
מישור חוף צפוני,2002-2003,2003,4,8.0
נגב,2002-2003,2003,4,5.5
עמקי הצפון,2002-2003,2003,4,12.6
גוש דן והשרון,2002-2003,2003,5,0.0
גליל וגולן,2002-2003,2003,5,1.3
יהודה ושומרון,2002-2003,2003,5,0.0
ים המלח והערבה,2002-2003,2003,5,0.1
כרמל וחיפה,2002-2003,2003,5,1.2
מישור חוף דרומי,2002-2003,2003,5,0.0
מישור חוף צפוני,2002-2003,2003,5,0.9
נגב,2002-2003,2003,5,0.0
עמקי הצפון,2002-2003,2003,5,0.0
גוש דן והשרון,2002-2003,2003,6,0.0
גליל וגולן,2002-2003,2003,6,0.0
יהודה ושומרון,2002-2003,2003,6,0.0
ים המלח והערבה,2002-2003,2003,6,0.0
כרמל וחיפה,2002-2003,2003,6,0.1
מישור חוף דרומי,2002-2003,2003,6,0.0
מישור חוף צפוני,2002-2003,2003,6,0.1
נגב,2002-2003,2003,6,0.0
עמקי הצפון,2002-2003,2003,6,0.0
גוש דן והשרון,2002-2003,2003,7,0.0
גליל וגולן,2002-2003,2003,7,0.0
יהודה ושומרון,2002-2003,2003,7,0.0
ים המלח והערבה,2002-2003,2003,7,0.1
כרמל וחיפה,2002-2003,2003,7,0.0
מישור חוף דרומי,2002-2003,2003,7,0.0
מישור חוף צפוני,2002-2003,2003,7,0.0
נגב,2002-2003,2003,7,0.1
עמקי הצפון,2002-2003,2003,7,0.0
גוש דן והשרון,2002-2003,2003,8,0.0
גליל וגולן,2002-2003,2003,8,0.0
יהודה ושומרון,2002-2003,2003,8,0.0
ים המלח והערבה,2002-2003,2003,8,0.0
כרמל וחיפה,2002-2003,2003,8,0.0
מישור חוף דרומי,2002-2003,2003,8,0.0
מישור חוף צפוני,2002-2003,2003,8,0.0
נגב,2002-2003,2003,8,0.2
עמקי הצפון,2002-2003,2003,8,0.0
גוש דן והשרון,2003-2004,2003,9,0.0
גליל וגולן,2003-2004,2003,9,0.2
יהודה ושומרון,2003-2004,2003,9,0.0
ים המלח והערבה,2003-2004,2003,9,0.0
כרמל וחיפה,2003-2004,2003,9,0.0
מישור חוף דרומי,2003-2004,2003,9,0.0
מישור חוף צפוני,2003-2004,2003,9,0.0
נגב,2003-2004,2003,9,0.4
עמקי הצפון,2003-2004,2003,9,0.3
גוש דן והשרון,2003-2004,2003,10,0.4
גליל וגולן,2003-2004,2003,10,2.8
יהודה ושומרון,2003-2004,2003,10,3.3
ים המלח והערבה,2003-2004,2003,10,0.0
כרמל וחיפה,2003-2004,2003,10,13.4
מישור חוף דרומי,2003-2004,2003,10,0.4
מישור חוף צפוני,2003-2004,2003,10,1.9
נגב,2003-2004,2003,10,1.5
עמקי הצפון,2003-2004,2003,10,1.2
גוש דן והשרון,2003-2004,2003,11,39.3
גליל וגולן,2003-2004,2003,11,45.2
יהודה ושומרון,2003-2004,2003,11,22.1
ים המלח והערבה,2003-2004,2003,11,0.3
כרמל וחיפה,2003-2004,2003,11,70.4
מישור חוף דרומי,2003-2004,2003,11,56.0
מישור חוף צפוני,2003-2004,2003,11,38.2
נגב,2003-2004,2003,11,0.2
עמקי הצפון,2003-2004,2003,11,18.1
גוש דן והשרון,2003-2004,2003,12,87.2
גליל וגולן,2003-2004,2003,12,151.6
יהודה ושומרון,2003-2004,2003,12,88.5
ים המלח והערבה,2003-2004,2003,12,16.1
כרמל וחיפה,2003-2004,2003,12,185.8
מישור חוף דרומי,2003-2004,2003,12,99.7
מישור חוף צפוני,2003-2004,2003,12,98.2
נגב,2003-2004,2003,12,13.5
עמקי הצפון,2003-2004,2003,12,82.4
גוש דן והשרון,2003-2004,2004,1,134.6
גליל וגולן,2003-2004,2004,1,319.7
יהודה ושומרון,2003-2004,2004,1,125.8
ים המלח והערבה,2003-2004,2004,1,12.0
כרמל וחיפה,2003-2004,2004,1,298.2
מישור חוף דרומי,2003-2004,2004,1,122.1
מישור חוף צפוני,2003-2004,2004,1,155.3
נגב,2003-2004,2004,1,35.5
עמקי הצפון,2003-2004,2004,1,168.9
גוש דן והשרון,2003-2004,2004,2,72.0
גליל וגולן,2003-2004,2004,2,122.6
יהודה ושומרון,2003-2004,2004,2,77.5
ים המלח והערבה,2003-2004,2004,2,6.7
כרמל וחיפה,2003-2004,2004,2,103.6
מישור חוף דרומי,2003-2004,2004,2,58.8
מישור חוף צפוני,2003-2004,2004,2,57.5
נגב,2003-2004,2004,2,17.5
עמקי הצפון,2003-2004,2004,2,73.7
גוש דן והשרון,2003-2004,2004,3,23.8
גליל וגולן,2003-2004,2004,3,12.9
יהודה ושומרון,2003-2004,2004,3,21.8
ים המלח והערבה,2003-2004,2004,3,2.6
כרמל וחיפה,2003-2004,2004,3,19.6
מישור חוף דרומי,2003-2004,2004,3,23.8
מישור חוף צפוני,2003-2004,2004,3,12.9
נגב,2003-2004,2004,3,13.9
עמקי הצפון,2003-2004,2004,3,6.4
גוש דן והשרון,2003-2004,2004,4,0.5
גליל וגולן,2003-2004,2004,4,10.0
יהודה ושומרון,2003-2004,2004,4,2.0
ים המלח והערבה,2003-2004,2004,4,0.1
כרמל וחיפה,2003-2004,2004,4,7.0
מישור חוף דרומי,2003-2004,2004,4,1.6
מישור חוף צפוני,2003-2004,2004,4,2.9
נגב,2003-2004,2004,4,1.0
עמקי הצפון,2003-2004,2004,4,4.0
גוש דן והשרון,2003-2004,2004,5,0.8
גליל וגולן,2003-2004,2004,5,0.9
יהודה ושומרון,2003-2004,2004,5,0.9
ים המלח והערבה,2003-2004,2004,5,0.0
כרמל וחיפה,2003-2004,2004,5,0.2
מישור חוף דרומי,2003-2004,2004,5,1.4
מישור חוף צפוני,2003-2004,2004,5,0.1
נגב,2003-2004,2004,5,0.3
עמקי הצפון,2003-2004,2004,5,0.4
גוש דן והשרון,2003-2004,2004,6,0.0
גליל וגולן,2003-2004,2004,6,0.0
יהודה ושומרון,2003-2004,2004,6,0.0
ים המלח והערבה,2003-2004,2004,6,0.0
כרמל וחיפה,2003-2004,2004,6,0.0
מישור חוף דרומי,2003-2004,2004,6,0.0
מישור חוף צפוני,2003-2004,2004,6,0.0
נגב,2003-2004,2004,6,0.1
עמקי הצפון,2003-2004,2004,6,0.0
גוש דן והשרון,2003-2004,2004,7,0.0
גליל וגולן,2003-2004,2004,7,0.0
יהודה ושומרון,2003-2004,2004,7,0.0
ים המלח והערבה,2003-2004,2004,7,0.0
כרמל וחיפה,2003-2004,2004,7,0.0
מישור חוף דרומי,2003-2004,2004,7,0.0
מישור חוף צפוני,2003-2004,2004,7,0.0
נגב,2003-2004,2004,7,0.1
עמקי הצפון,2003-2004,2004,7,0.0
גוש דן והשרון,2003-2004,2004,8,0.0
גליל וגולן,2003-2004,2004,8,0.0
יהודה ושומרון,2003-2004,2004,8,0.0
ים המלח והערבה,2003-2004,2004,8,0.0
כרמל וחיפה,2003-2004,2004,8,0.0
מישור חוף דרומי,2003-2004,2004,8,0.0
מישור חוף צפוני,2003-2004,2004,8,0.0
נגב,2003-2004,2004,8,0.0
עמקי הצפון,2003-2004,2004,8,0.0
גוש דן והשרון,2004-2005,2004,9,0.0
גליל וגולן,2004-2005,2004,9,0.0
יהודה ושומרון,2004-2005,2004,9,0.0
ים המלח והערבה,2004-2005,2004,9,0.0
כרמל וחיפה,2004-2005,2004,9,0.0
מישור חוף דרומי,2004-2005,2004,9,0.0
מישור חוף צפוני,2004-2005,2004,9,0.0
נגב,2004-2005,2004,9,0.1
עמקי הצפון,2004-2005,2004,9,0.0
גוש דן והשרון,2004-2005,2004,10,0.2
גליל וגולן,2004-2005,2004,10,6.1
יהודה ושומרון,2004-2005,2004,10,6.5
ים המלח והערבה,2004-2005,2004,10,14.8
כרמל וחיפה,2004-2005,2004,10,0.8
מישור חוף דרומי,2004-2005,2004,10,0.6
מישור חוף צפוני,2004-2005,2004,10,3.8
נגב,2004-2005,2004,10,10.1
עמקי הצפון,2004-2005,2004,10,10.5
גוש דן והשרון,2004-2005,2004,11,46.0
גליל וגולן,2004-2005,2004,11,109.6
יהודה ושומרון,2004-2005,2004,11,129.9
ים המלח והערבה,2004-2005,2004,11,5.7
כרמל וחיפה,2004-2005,2004,11,69.2
מישור חוף דרומי,2004-2005,2004,11,79.8
מישור חוף צפוני,2004-2005,2004,11,45.3
נגב,2004-2005,2004,11,30.7
עמקי הצפון,2004-2005,2004,11,75.2
גוש דן והשרון,2004-2005,2004,12,52.2
גליל וגולן,2004-2005,2004,12,28.2
יהודה ושומרון,2004-2005,2004,12,53.4
ים המלח והערבה,2004-2005,2004,12,6.8
כרמל וחיפה,2004-2005,2004,12,56.2
מישור חוף דרומי,2004-2005,2004,12,66.3
מישור חוף צפוני,2004-2005,2004,12,37.8
נגב,2004-2005,2004,12,17.9
עמקי הצפון,2004-2005,2004,12,32.7
גוש דן והשרון,2004-2005,2005,1,71.9
גליל וגולן,2004-2005,2005,1,154.8
יהודה ושומרון,2004-2005,2005,1,146.4
ים המלח והערבה,2004-2005,2005,1,11.5
כרמל וחיפה,2004-2005,2005,1,212.7
מישור חוף דרומי,2004-2005,2005,1,121.6
מישור חוף צפוני,2004-2005,2005,1,94.5
נגב,2004-2005,2005,1,25.5
עמקי הצפון,2004-2005,2005,1,83.1
גוש דן והשרון,2004-2005,2005,2,61.4
גליל וגולן,2004-2005,2005,2,170.8
יהודה ושומרון,2004-2005,2005,2,131.7
ים המלח והערבה,2004-2005,2005,2,4.1
כרמל וחיפה,2004-2005,2005,2,126.4
מישור חוף דרומי,2004-2005,2005,2,96.7
מישור חוף צפוני,2004-2005,2005,2,62.2
נגב,2004-2005,2005,2,15.4
עמקי הצפון,2004-2005,2005,2,105.2
גוש דן והשרון,2004-2005,2005,3,24.4
גליל וגולן,2004-2005,2005,3,17.8
יהודה ושומרון,2004-2005,2005,3,39.5
ים המלח והערבה,2004-2005,2005,3,7.5
כרמל וחיפה,2004-2005,2005,3,14.8
מישור חוף דרומי,2004-2005,2005,3,30.9
מישור חוף צפוני,2004-2005,2005,3,10.4
נגב,2004-2005,2005,3,21.5
עמקי הצפון,2004-2005,2005,3,16.3
גוש דן והשרון,2004-2005,2005,4,3.6
גליל וגולן,2004-2005,2005,4,12.0
יהודה ושומרון,2004-2005,2005,4,8.7
ים המלח והערבה,2004-2005,2005,4,0.3
כרמל וחיפה,2004-2005,2005,4,6.6
מישור חוף דרומי,2004-2005,2005,4,3.1
מישור חוף צפוני,2004-2005,2005,4,2.3
נגב,2004-2005,2005,4,0.5
עמקי הצפון,2004-2005,2005,4,3.3
גוש דן והשרון,2004-2005,2005,5,0.4
גליל וגולן,2004-2005,2005,5,17.8
יהודה ושומרון,2004-2005,2005,5,0.0
ים המלח והערבה,2004-2005,2005,5,0.0
כרמל וחיפה,2004-2005,2005,5,8.3
מישור חוף דרומי,2004-2005,2005,5,0.0
מישור חוף צפוני,2004-2005,2005,5,2.9
נגב,2004-2005,2005,5,0.0
עמקי הצפון,2004-2005,2005,5,8.8
גוש דן והשרון,2004-2005,2005,6,0.0
גליל וגולן,2004-2005,2005,6,0.0
יהודה ושומרון,2004-2005,2005,6,0.0
ים המלח והערבה,2004-2005,2005,6,0.0
כרמל וחיפה,2004-2005,2005,6,0.1
מישור חוף דרומי,2004-2005,2005,6,0.0
מישור חוף צפוני,2004-2005,2005,6,0.2
נגב,2004-2005,2005,6,0.0
עמקי הצפון,2004-2005,2005,6,0.0
גוש דן והשרון,2004-2005,2005,7,0.0
גליל וגולן,2004-2005,2005,7,0.2
יהודה ושומרון,2004-2005,2005,7,0.0
ים המלח והערבה,2004-2005,2005,7,0.0
כרמל וחיפה,2004-2005,2005,7,0.1
מישור חוף דרומי,2004-2005,2005,7,0.0
מישור חוף צפוני,2004-2005,2005,7,0.0
נגב,2004-2005,2005,7,0.0
עמקי הצפון,2004-2005,2005,7,0.0
גוש דן והשרון,2004-2005,2005,8,0.0
גליל וגולן,2004-2005,2005,8,0.0
יהודה ושומרון,2004-2005,2005,8,0.0
ים המלח והערבה,2004-2005,2005,8,0.0
כרמל וחיפה,2004-2005,2005,8,0.1
מישור חוף דרומי,2004-2005,2005,8,0.0
מישור חוף צפוני,2004-2005,2005,8,0.0
נגב,2004-2005,2005,8,0.0
עמקי הצפון,2004-2005,2005,8,0.0
גוש דן והשרון,2005-2006,2005,9,0.0
גליל וגולן,2005-2006,2005,9,0.8
יהודה ושומרון,2005-2006,2005,9,0.0
ים המלח והערבה,2005-2006,2005,9,0.0
כרמל וחיפה,2005-2006,2005,9,7.6
מישור חוף דרומי,2005-2006,2005,9,0.0
מישור חוף צפוני,2005-2006,2005,9,0.8
נגב,2005-2006,2005,9,0.1
עמקי הצפון,2005-2006,2005,9,1.4
גוש דן והשרון,2005-2006,2005,10,10.0
גליל וגולן,2005-2006,2005,10,25.4
יהודה ושומרון,2005-2006,2005,10,10.8
ים המלח והערבה,2005-2006,2005,10,0.3
כרמל וחיפה,2005-2006,2005,10,21.9
מישור חוף דרומי,2005-2006,2005,10,9.0
מישור חוף צפוני,2005-2006,2005,10,14.2
נגב,2005-2006,2005,10,0.1
עמקי הצפון,2005-2006,2005,10,19.8
גוש דן והשרון,2005-2006,2005,11,48.0
גליל וגולן,2005-2006,2005,11,78.0
יהודה ושומרון,2005-2006,2005,11,46.4
ים המלח והערבה,2005-2006,2005,11,0.9
כרמל וחיפה,2005-2006,2005,11,63.8
מישור חוף דרומי,2005-2006,2005,11,62.5
מישור חוף צפוני,2005-2006,2005,11,35.1
נגב,2005-2006,2005,11,6.0
עמקי הצפון,2005-2006,2005,11,53.8
גוש דן והשרון,2005-2006,2005,12,94.1
גליל וגולן,2005-2006,2005,12,135.0
יהודה ושומרון,2005-2006,2005,12,102.0
ים המלח והערבה,2005-2006,2005,12,3.8
כרמל וחיפה,2005-2006,2005,12,167.5
מישור חוף דרומי,2005-2006,2005,12,78.9
מישור חוף צפוני,2005-2006,2005,12,85.3
נגב,2005-2006,2005,12,7.1
עמקי הצפון,2005-2006,2005,12,93.5
גוש דן והשרון,2005-2006,2006,1,167.5
גליל וגולן,2005-2006,2006,1,141.6
יהודה ושומרון,2005-2006,2006,1,98.4
ים המלח והערבה,2005-2006,2006,1,9.2
כרמל וחיפה,2005-2006,2006,1,161.2
מישור חוף דרומי,2005-2006,2006,1,96.8
מישור חוף צפוני,2005-2006,2006,1,122.4
נגב,2005-2006,2006,1,9.8
עמקי הצפון,2005-2006,2006,1,84.9
גוש דן והשרון,2005-2006,2006,2,45.8
גליל וגולן,2005-2006,2006,2,88.4
יהודה ושומרון,2005-2006,2006,2,70.8
ים המלח והערבה,2005-2006,2006,2,5.5
כרמל וחיפה,2005-2006,2006,2,55.5
מישור חוף דרומי,2005-2006,2006,2,39.7
מישור חוף צפוני,2005-2006,2006,2,48.2
נגב,2005-2006,2006,2,30.8
עמקי הצפון,2005-2006,2006,2,63.7
גוש דן והשרון,2005-2006,2006,3,2.9
גליל וגולן,2005-2006,2006,3,19.2
יהודה ושומרון,2005-2006,2006,3,10.5
ים המלח והערבה,2005-2006,2006,3,0.3
כרמל וחיפה,2005-2006,2006,3,12.8
מישור חוף דרומי,2005-2006,2006,3,6.2
מישור חוף צפוני,2005-2006,2006,3,8.8
נגב,2005-2006,2006,3,1.0
עמקי הצפון,2005-2006,2006,3,6.6
גוש דן והשרון,2005-2006,2006,4,64.8
גליל וגולן,2005-2006,2006,4,78.5
יהודה ושומרון,2005-2006,2006,4,92.6
ים המלח והערבה,2005-2006,2006,4,18.2
כרמל וחיפה,2005-2006,2006,4,82.1
מישור חוף דרומי,2005-2006,2006,4,38.4
מישור חוף צפוני,2005-2006,2006,4,66.9
נגב,2005-2006,2006,4,31.4
עמקי הצפון,2005-2006,2006,4,60.8
גוש דן והשרון,2005-2006,2006,5,0.0
גליל וגולן,2005-2006,2006,5,0.2
יהודה ושומרון,2005-2006,2006,5,0.1
ים המלח והערבה,2005-2006,2006,5,0.0
כרמל וחיפה,2005-2006,2006,5,0.3
מישור חוף דרומי,2005-2006,2006,5,0.1
מישור חוף צפוני,2005-2006,2006,5,0.0
נגב,2005-2006,2006,5,0.1
עמקי הצפון,2005-2006,2006,5,0.0
גוש דן והשרון,2005-2006,2006,6,0.0
גליל וגולן,2005-2006,2006,6,0.0
יהודה ושומרון,2005-2006,2006,6,0.0
ים המלח והערבה,2005-2006,2006,6,0.0
כרמל וחיפה,2005-2006,2006,6,0.0
מישור חוף דרומי,2005-2006,2006,6,0.0
מישור חוף צפוני,2005-2006,2006,6,0.0
נגב,2005-2006,2006,6,0.0
עמקי הצפון,2005-2006,2006,6,0.0
גוש דן והשרון,2005-2006,2006,7,0.0
גליל וגולן,2005-2006,2006,7,0.0
יהודה ושומרון,2005-2006,2006,7,0.0
ים המלח והערבה,2005-2006,2006,7,0.0
כרמל וחיפה,2005-2006,2006,7,0.0
מישור חוף דרומי,2005-2006,2006,7,0.0
מישור חוף צפוני,2005-2006,2006,7,0.0
נגב,2005-2006,2006,7,0.0
עמקי הצפון,2005-2006,2006,7,0.0
גוש דן והשרון,2005-2006,2006,8,0.0
גליל וגולן,2005-2006,2006,8,1.9
יהודה ושומרון,2005-2006,2006,8,0.0
ים המלח והערבה,2005-2006,2006,8,0.0
כרמל וחיפה,2005-2006,2006,8,0.2
מישור חוף דרומי,2005-2006,2006,8,0.0
מישור חוף צפוני,2005-2006,2006,8,0.0
נגב,2005-2006,2006,8,0.0
עמקי הצפון,2005-2006,2006,8,0.3
גוש דן והשרון,2006-2007,2006,9,2.1
גליל וגולן,2006-2007,2006,9,0.5
יהודה ושומרון,2006-2007,2006,9,0.1
ים המלח והערבה,2006-2007,2006,9,0.0
כרמל וחיפה,2006-2007,2006,9,0.8
מישור חוף דרומי,2006-2007,2006,9,0.8
מישור חוף צפוני,2006-2007,2006,9,1.0
נגב,2006-2007,2006,9,0.1
עמקי הצפון,2006-2007,2006,9,0.0
גוש דן והשרון,2006-2007,2006,10,52.3
גליל וגולן,2006-2007,2006,10,51.8
יהודה ושומרון,2006-2007,2006,10,37.9
ים המלח והערבה,2006-2007,2006,10,3.5
כרמל וחיפה,2006-2007,2006,10,73.2
מישור חוף דרומי,2006-2007,2006,10,48.7
מישור חוף צפוני,2006-2007,2006,10,72.0
נגב,2006-2007,2006,10,3.6
עמקי הצפון,2006-2007,2006,10,51.8
גוש דן והשרון,2006-2007,2006,11,29.6
גליל וגולן,2006-2007,2006,11,34.5
יהודה ושומרון,2006-2007,2006,11,24.1
ים המלח והערבה,2006-2007,2006,11,2.8
כרמל וחיפה,2006-2007,2006,11,43.3
מישור חוף דרומי,2006-2007,2006,11,30.3
מישור חוף צפוני,2006-2007,2006,11,47.6
נגב,2006-2007,2006,11,7.0
עמקי הצפון,2006-2007,2006,11,18.8
גוש דן והשרון,2006-2007,2006,12,84.7
גליל וגולן,2006-2007,2006,12,30.0
יהודה ושומרון,2006-2007,2006,12,92.0
ים המלח והערבה,2006-2007,2006,12,7.6
כרמל וחיפה,2006-2007,2006,12,64.0
מישור חוף דרומי,2006-2007,2006,12,74.3
מישור חוף צפוני,2006-2007,2006,12,59.1
נגב,2006-2007,2006,12,38.7
עמקי הצפון,2006-2007,2006,12,27.2
גוש דן והשרון,2006-2007,2007,1,89.3
גליל וגולן,2006-2007,2007,1,121.9
יהודה ושומרון,2006-2007,2007,1,106.4
ים המלח והערבה,2006-2007,2007,1,6.0
כרמל וחיפה,2006-2007,2007,1,90.6
מישור חוף דרומי,2006-2007,2007,1,98.7
מישור חוף צפוני,2006-2007,2007,1,114.0
נגב,2006-2007,2007,1,18.2
עמקי הצפון,2006-2007,2007,1,80.2
גוש דן והשרון,2006-2007,2007,2,54.0
גליל וגולן,2006-2007,2007,2,181.8
יהודה ושומרון,2006-2007,2007,2,96.1
ים המלח והערבה,2006-2007,2007,2,8.8
כרמל וחיפה,2006-2007,2007,2,68.1
מישור חוף דרומי,2006-2007,2007,2,45.8
מישור חוף צפוני,2006-2007,2007,2,106.2
נגב,2006-2007,2007,2,22.0
עמקי הצפון,2006-2007,2007,2,109.8
גוש דן והשרון,2006-2007,2007,3,50.0
גליל וגולן,2006-2007,2007,3,54.7
יהודה ושומרון,2006-2007,2007,3,84.2
ים המלח והערבה,2006-2007,2007,3,5.1
כרמל וחיפה,2006-2007,2007,3,49.4
מישור חוף דרומי,2006-2007,2007,3,83.4
מישור חוף צפוני,2006-2007,2007,3,50.0
נגב,2006-2007,2007,3,19.0
עמקי הצפון,2006-2007,2007,3,41.4
גוש דן והשרון,2006-2007,2007,4,1.0
גליל וגולן,2006-2007,2007,4,28.6
יהודה ושומרון,2006-2007,2007,4,7.0
ים המלח והערבה,2006-2007,2007,4,3.7
כרמל וחיפה,2006-2007,2007,4,17.9
מישור חוף דרומי,2006-2007,2007,4,1.2
מישור חוף צפוני,2006-2007,2007,4,15.3
נגב,2006-2007,2007,4,14.8
עמקי הצפון,2006-2007,2007,4,14.4
גוש דן והשרון,2006-2007,2007,5,0.0
גליל וגולן,2006-2007,2007,5,13.0
יהודה ושומרון,2006-2007,2007,5,14.9
ים המלח והערבה,2006-2007,2007,5,1.9
כרמל וחיפה,2006-2007,2007,5,4.2
מישור חוף דרומי,2006-2007,2007,5,2.3
מישור חוף צפוני,2006-2007,2007,5,0.9
נגב,2006-2007,2007,5,2.1
עמקי הצפון,2006-2007,2007,5,5.2
גוש דן והשרון,2006-2007,2007,6,0.1
גליל וגולן,2006-2007,2007,6,0.0
יהודה ושומרון,2006-2007,2007,6,0.2
ים המלח והערבה,2006-2007,2007,6,0.0
כרמל וחיפה,2006-2007,2007,6,0.1
מישור חוף דרומי,2006-2007,2007,6,0.0
מישור חוף צפוני,2006-2007,2007,6,0.0
נגב,2006-2007,2007,6,0.0
עמקי הצפון,2006-2007,2007,6,0.0
גוש דן והשרון,2006-2007,2007,7,0.0
גליל וגולן,2006-2007,2007,7,0.0
יהודה ושומרון,2006-2007,2007,7,0.0
ים המלח והערבה,2006-2007,2007,7,0.0
כרמל וחיפה,2006-2007,2007,7,0.1
מישור חוף דרומי,2006-2007,2007,7,0.0
מישור חוף צפוני,2006-2007,2007,7,0.0
נגב,2006-2007,2007,7,0.0
עמקי הצפון,2006-2007,2007,7,0.0
גוש דן והשרון,2006-2007,2007,8,0.0
גליל וגולן,2006-2007,2007,8,0.0
יהודה ושומרון,2006-2007,2007,8,0.0
ים המלח והערבה,2006-2007,2007,8,0.0
כרמל וחיפה,2006-2007,2007,8,0.0
מישור חוף דרומי,2006-2007,2007,8,0.0
מישור חוף צפוני,2006-2007,2007,8,0.0
נגב,2006-2007,2007,8,0.0
עמקי הצפון,2006-2007,2007,8,0.0
גוש דן והשרון,2007-2008,2007,9,0.1
גליל וגולן,2007-2008,2007,9,0.1
יהודה ושומרון,2007-2008,2007,9,0.1
ים המלח והערבה,2007-2008,2007,9,0.0
כרמל וחיפה,2007-2008,2007,9,0.4
מישור חוף דרומי,2007-2008,2007,9,0.1
מישור חוף צפוני,2007-2008,2007,9,0.4
נגב,2007-2008,2007,9,0.0
עמקי הצפון,2007-2008,2007,9,0.0
גוש דן והשרון,2007-2008,2007,10,0.0
גליל וגולן,2007-2008,2007,10,0.3
יהודה ושומרון,2007-2008,2007,10,1.5
ים המלח והערבה,2007-2008,2007,10,0.4
כרמל וחיפה,2007-2008,2007,10,0.4
מישור חוף דרומי,2007-2008,2007,10,0.5
מישור חוף צפוני,2007-2008,2007,10,0.2
נגב,2007-2008,2007,10,0.8
עמקי הצפון,2007-2008,2007,10,0.2
גוש דן והשרון,2007-2008,2007,11,91.3
גליל וגולן,2007-2008,2007,11,73.7
יהודה ושומרון,2007-2008,2007,11,62.7
ים המלח והערבה,2007-2008,2007,11,4.9
כרמל וחיפה,2007-2008,2007,11,98.8
מישור חוף דרומי,2007-2008,2007,11,67.6
מישור חוף צפוני,2007-2008,2007,11,66.0
נגב,2007-2008,2007,11,3.2
עמקי הצפון,2007-2008,2007,11,61.9
גוש דן והשרון,2007-2008,2007,12,74.4
גליל וגולן,2007-2008,2007,12,89.3
יהודה ושומרון,2007-2008,2007,12,44.6
ים המלח והערבה,2007-2008,2007,12,5.8
כרמל וחיפה,2007-2008,2007,12,126.1
מישור חוף דרומי,2007-2008,2007,12,48.7
מישור חוף צפוני,2007-2008,2007,12,100.5
נגב,2007-2008,2007,12,11.0
עמקי הצפון,2007-2008,2007,12,55.8
גוש דן והשרון,2007-2008,2008,1,118.8
גליל וגולן,2007-2008,2008,1,124.3
יהודה ושומרון,2007-2008,2008,1,129.9
ים המלח והערבה,2007-2008,2008,1,25.9
כרמל וחיפה,2007-2008,2008,1,117.4
מישור חוף דרומי,2007-2008,2008,1,133.2
מישור חוף צפוני,2007-2008,2008,1,106.6
נגב,2007-2008,2008,1,40.6
עמקי הצפון,2007-2008,2008,1,92.3
גוש דן והשרון,2007-2008,2008,2,75.6
גליל וגולן,2007-2008,2008,2,77.9
יהודה ושומרון,2007-2008,2008,2,78.4
ים המלח והערבה,2007-2008,2008,2,13.5
כרמל וחיפה,2007-2008,2008,2,73.0
מישור חוף דרומי,2007-2008,2008,2,72.0
מישור חוף צפוני,2007-2008,2008,2,54.1
נגב,2007-2008,2008,2,20.8
עמקי הצפון,2007-2008,2008,2,49.1
גוש דן והשרון,2007-2008,2008,3,0.9
גליל וגולן,2007-2008,2008,3,24.1
יהודה ושומרון,2007-2008,2008,3,2.1
ים המלח והערבה,2007-2008,2008,3,0.0
כרמל וחיפה,2007-2008,2008,3,14.4
מישור חוף דרומי,2007-2008,2008,3,0.9
מישור חוף צפוני,2007-2008,2008,3,13.0
נגב,2007-2008,2008,3,0.0
עמקי הצפון,2007-2008,2008,3,10.1
גוש דן והשרון,2007-2008,2008,4,0.1
גליל וגולן,2007-2008,2008,4,0.9
יהודה ושומרון,2007-2008,2008,4,0.3
ים המלח והערבה,2007-2008,2008,4,0.1
כרמל וחיפה,2007-2008,2008,4,0.1
מישור חוף דרומי,2007-2008,2008,4,0.5
מישור חוף צפוני,2007-2008,2008,4,0.2
נגב,2007-2008,2008,4,0.1
עמקי הצפון,2007-2008,2008,4,0.2
גוש דן והשרון,2007-2008,2008,5,1.9
גליל וגולן,2007-2008,2008,5,4.5
יהודה ושומרון,2007-2008,2008,5,1.2
ים המלח והערבה,2007-2008,2008,5,0.3
כרמל וחיפה,2007-2008,2008,5,5.2
מישור חוף דרומי,2007-2008,2008,5,0.7
מישור חוף צפוני,2007-2008,2008,5,5.3
נגב,2007-2008,2008,5,0.1
עמקי הצפון,2007-2008,2008,5,5.4
גוש דן והשרון,2007-2008,2008,6,0.0
גליל וגולן,2007-2008,2008,6,0.0
יהודה ושומרון,2007-2008,2008,6,0.1
ים המלח והערבה,2007-2008,2008,6,0.0
כרמל וחיפה,2007-2008,2008,6,0.1
מישור חוף דרומי,2007-2008,2008,6,0.0
מישור חוף צפוני,2007-2008,2008,6,0.0
נגב,2007-2008,2008,6,0.0
עמקי הצפון,2007-2008,2008,6,0.0
גוש דן והשרון,2007-2008,2008,7,0.0
גליל וגולן,2007-2008,2008,7,0.0
יהודה ושומרון,2007-2008,2008,7,0.0
ים המלח והערבה,2007-2008,2008,7,0.0
כרמל וחיפה,2007-2008,2008,7,0.0
מישור חוף דרומי,2007-2008,2008,7,0.0
מישור חוף צפוני,2007-2008,2008,7,0.0
נגב,2007-2008,2008,7,0.0
עמקי הצפון,2007-2008,2008,7,0.0
גוש דן והשרון,2007-2008,2008,8,0.0
גליל וגולן,2007-2008,2008,8,0.0
יהודה ושומרון,2007-2008,2008,8,0.0
ים המלח והערבה,2007-2008,2008,8,0.0
כרמל וחיפה,2007-2008,2008,8,0.0
מישור חוף דרומי,2007-2008,2008,8,0.0
מישור חוף צפוני,2007-2008,2008,8,0.0
נגב,2007-2008,2008,8,0.0
עמקי הצפון,2007-2008,2008,8,0.0
גוש דן והשרון,2008-2009,2008,9,2.4
גליל וגולן,2008-2009,2008,9,3.3
יהודה ושומרון,2008-2009,2008,9,6.0
ים המלח והערבה,2008-2009,2008,9,0.1
כרמל וחיפה,2008-2009,2008,9,2.3
מישור חוף דרומי,2008-2009,2008,9,3.0
מישור חוף צפוני,2008-2009,2008,9,1.9
נגב,2008-2009,2008,9,0.0
עמקי הצפון,2008-2009,2008,9,1.4
גוש דן והשרון,2008-2009,2008,10,64.2
גליל וגולן,2008-2009,2008,10,36.3
יהודה ושומרון,2008-2009,2008,10,30.9
ים המלח והערבה,2008-2009,2008,10,9.0
כרמל וחיפה,2008-2009,2008,10,76.4
מישור חוף דרומי,2008-2009,2008,10,74.0
מישור חוף צפוני,2008-2009,2008,10,56.1
נגב,2008-2009,2008,10,9.1
עמקי הצפון,2008-2009,2008,10,40.2
גוש דן והשרון,2008-2009,2008,11,13.1
גליל וגולן,2008-2009,2008,11,40.7
יהודה ושומרון,2008-2009,2008,11,11.9
ים המלח והערבה,2008-2009,2008,11,1.9
כרמל וחיפה,2008-2009,2008,11,33.4
מישור חוף דרומי,2008-2009,2008,11,6.4
מישור חוף צפוני,2008-2009,2008,11,33.5
נגב,2008-2009,2008,11,1.0
עמקי הצפון,2008-2009,2008,11,14.4
גוש דן והשרון,2008-2009,2008,12,96.2
גליל וגולן,2008-2009,2008,12,101.9
יהודה ושומרון,2008-2009,2008,12,60.2
ים המלח והערבה,2008-2009,2008,12,1.6
כרמל וחיפה,2008-2009,2008,12,95.7
מישור חוף דרומי,2008-2009,2008,12,32.1
מישור חוף צפוני,2008-2009,2008,12,66.1
נגב,2008-2009,2008,12,4.0
עמקי הצפון,2008-2009,2008,12,68.3
גוש דן והשרון,2008-2009,2009,1,8.4
גליל וגולן,2008-2009,2009,1,47.3
יהודה ושומרון,2008-2009,2009,1,12.5
ים המלח והערבה,2008-2009,2009,1,0.9
כרמל וחיפה,2008-2009,2009,1,32.0
מישור חוף דרומי,2008-2009,2009,1,3.8
מישור חוף צפוני,2008-2009,2009,1,42.6
נגב,2008-2009,2009,1,1.0
עמקי הצפון,2008-2009,2009,1,18.8
גוש דן והשרון,2008-2009,2009,2,130.5
גליל וגולן,2008-2009,2009,2,253.3
יהודה ושומרון,2008-2009,2009,2,150.6
ים המלח והערבה,2008-2009,2009,2,13.5
כרמל וחיפה,2008-2009,2009,2,220.2
מישור חוף דרומי,2008-2009,2009,2,96.9
מישור חוף צפוני,2008-2009,2009,2,171.9
נגב,2008-2009,2009,2,13.3
עמקי הצפון,2008-2009,2009,2,170.0
גוש דן והשרון,2008-2009,2009,3,43.2
גליל וגולן,2008-2009,2009,3,103.5
יהודה ושומרון,2008-2009,2009,3,80.7
ים המלח והערבה,2008-2009,2009,3,7.9
כרמל וחיפה,2008-2009,2009,3,65.2
מישור חוף דרומי,2008-2009,2009,3,50.5
מישור חוף צפוני,2008-2009,2009,3,51.5
נגב,2008-2009,2009,3,26.1
עמקי הצפון,2008-2009,2009,3,62.6
גוש דן והשרון,2008-2009,2009,4,0.3
גליל וגולן,2008-2009,2009,4,12.7
יהודה ושומרון,2008-2009,2009,4,4.0
ים המלח והערבה,2008-2009,2009,4,0.1
כרמל וחיפה,2008-2009,2009,4,7.5
מישור חוף דרומי,2008-2009,2009,4,3.7
מישור חוף צפוני,2008-2009,2009,4,3.4
נגב,2008-2009,2009,4,0.4
עמקי הצפון,2008-2009,2009,4,6.9
גוש דן והשרון,2008-2009,2009,5,0.0
גליל וגולן,2008-2009,2009,5,0.2
יהודה ושומרון,2008-2009,2009,5,0.1
ים המלח והערבה,2008-2009,2009,5,0.0
כרמל וחיפה,2008-2009,2009,5,0.2
מישור חוף דרומי,2008-2009,2009,5,0.0
מישור חוף צפוני,2008-2009,2009,5,0.0
נגב,2008-2009,2009,5,0.1
עמקי הצפון,2008-2009,2009,5,0.0
גוש דן והשרון,2008-2009,2009,6,0.0
גליל וגולן,2008-2009,2009,6,0.0
יהודה ושומרון,2008-2009,2009,6,0.2
ים המלח והערבה,2008-2009,2009,6,0.0
כרמל וחיפה,2008-2009,2009,6,0.9
מישור חוף דרומי,2008-2009,2009,6,0.1
מישור חוף צפוני,2008-2009,2009,6,0.1
נגב,2008-2009,2009,6,0.1
עמקי הצפון,2008-2009,2009,6,0.0
גוש דן והשרון,2008-2009,2009,7,0.0
גליל וגולן,2008-2009,2009,7,0.0
יהודה ושומרון,2008-2009,2009,7,0.1
ים המלח והערבה,2008-2009,2009,7,0.0
כרמל וחיפה,2008-2009,2009,7,0.1
מישור חוף דרומי,2008-2009,2009,7,0.0
מישור חוף צפוני,2008-2009,2009,7,0.0
נגב,2008-2009,2009,7,0.0
עמקי הצפון,2008-2009,2009,7,0.0
גוש דן והשרון,2008-2009,2009,8,0.0
גליל וגולן,2008-2009,2009,8,0.0
יהודה ושומרון,2008-2009,2009,8,0.0
ים המלח והערבה,2008-2009,2009,8,0.0
כרמל וחיפה,2008-2009,2009,8,0.0
מישור חוף דרומי,2008-2009,2009,8,0.0
מישור חוף צפוני,2008-2009,2009,8,0.0
נגב,2008-2009,2009,8,0.0
עמקי הצפון,2008-2009,2009,8,0.0
גוש דן והשרון,2009-2010,2009,9,5.7
גליל וגולן,2009-2010,2009,9,26.1
יהודה ושומרון,2009-2010,2009,9,3.5
ים המלח והערבה,2009-2010,2009,9,0.0
כרמל וחיפה,2009-2010,2009,9,4.0
מישור חוף דרומי,2009-2010,2009,9,1.3
מישור חוף צפוני,2009-2010,2009,9,8.3
נגב,2009-2010,2009,9,0.1
עמקי הצפון,2009-2010,2009,9,13.2
גוש דן והשרון,2009-2010,2009,10,69.3
גליל וגולן,2009-2010,2009,10,47.6
יהודה ושומרון,2009-2010,2009,10,23.5
ים המלח והערבה,2009-2010,2009,10,1.9
כרמל וחיפה,2009-2010,2009,10,65.3
מישור חוף דרומי,2009-2010,2009,10,28.0
מישור חוף צפוני,2009-2010,2009,10,80.8
נגב,2009-2010,2009,10,11.5
עמקי הצפון,2009-2010,2009,10,44.6
גוש דן והשרון,2009-2010,2009,11,54.2
גליל וגולן,2009-2010,2009,11,138.2
יהודה ושומרון,2009-2010,2009,11,54.1
ים המלח והערבה,2009-2010,2009,11,3.9
כרמל וחיפה,2009-2010,2009,11,106.3
מישור חוף דרומי,2009-2010,2009,11,64.8
מישור חוף צפוני,2009-2010,2009,11,96.4
נגב,2009-2010,2009,11,7.0
עמקי הצפון,2009-2010,2009,11,86.7
גוש דן והשרון,2009-2010,2009,12,103.8
גליל וגולן,2009-2010,2009,12,196.4
יהודה ושומרון,2009-2010,2009,12,83.1
ים המלח והערבה,2009-2010,2009,12,7.2
כרמל וחיפה,2009-2010,2009,12,160.2
מישור חוף דרומי,2009-2010,2009,12,55.8
מישור חוף צפוני,2009-2010,2009,12,150.8
נגב,2009-2010,2009,12,20.2
עמקי הצפון,2009-2010,2009,12,118.5
גוש דן והשרון,2009-2010,2010,1,53.2
גליל וגולן,2009-2010,2010,1,170.8
יהודה ושומרון,2009-2010,2010,1,85.2
ים המלח והערבה,2009-2010,2010,1,26.4
כרמל וחיפה,2009-2010,2010,1,144.3
מישור חוף דרומי,2009-2010,2010,1,48.7
מישור חוף צפוני,2009-2010,2010,1,113.8
נגב,2009-2010,2010,1,64.9
עמקי הצפון,2009-2010,2010,1,107.3
גוש דן והשרון,2009-2010,2010,2,114.3
גליל וגולן,2009-2010,2010,2,104.4
יהודה ושומרון,2009-2010,2010,2,172.5
ים המלח והערבה,2009-2010,2010,2,21.0
כרמל וחיפה,2009-2010,2010,2,89.6
מישור חוף דרומי,2009-2010,2010,2,91.7
מישור חוף צפוני,2009-2010,2010,2,55.4
נגב,2009-2010,2010,2,38.0
עמקי הצפון,2009-2010,2010,2,79.5
גוש דן והשרון,2009-2010,2010,3,24.6
גליל וגולן,2009-2010,2010,3,6.8
יהודה ושומרון,2009-2010,2010,3,21.8
ים המלח והערבה,2009-2010,2010,3,5.5
כרמל וחיפה,2009-2010,2010,3,12.0
מישור חוף דרומי,2009-2010,2010,3,17.0
מישור חוף צפוני,2009-2010,2010,3,10.6
נגב,2009-2010,2010,3,25.8
עמקי הצפון,2009-2010,2010,3,3.5
גוש דן והשרון,2009-2010,2010,4,0.7
גליל וגולן,2009-2010,2010,4,1.7
יהודה ושומרון,2009-2010,2010,4,2.4
ים המלח והערבה,2009-2010,2010,4,0.1
כרמל וחיפה,2009-2010,2010,4,3.5
מישור חוף דרומי,2009-2010,2010,4,1.5
מישור חוף צפוני,2009-2010,2010,4,0.9
נגב,2009-2010,2010,4,0.1
עמקי הצפון,2009-2010,2010,4,0.8
גוש דן והשרון,2009-2010,2010,5,1.5
גליל וגולן,2009-2010,2010,5,2.0
יהודה ושומרון,2009-2010,2010,5,3.7
ים המלח והערבה,2009-2010,2010,5,0.3
כרמל וחיפה,2009-2010,2010,5,2.2
מישור חוף דרומי,2009-2010,2010,5,1.4
מישור חוף צפוני,2009-2010,2010,5,0.7
נגב,2009-2010,2010,5,1.5
עמקי הצפון,2009-2010,2010,5,0.6
גוש דן והשרון,2009-2010,2010,6,1.5
גליל וגולן,2009-2010,2010,6,0.7
יהודה ושומרון,2009-2010,2010,6,0.6
ים המלח והערבה,2009-2010,2010,6,0.0
כרמל וחיפה,2009-2010,2010,6,0.4
מישור חוף דרומי,2009-2010,2010,6,0.0
מישור חוף צפוני,2009-2010,2010,6,0.5
נגב,2009-2010,2010,6,0.0
עמקי הצפון,2009-2010,2010,6,0.3
גוש דן והשרון,2009-2010,2010,7,0.0
גליל וגולן,2009-2010,2010,7,0.0
יהודה ושומרון,2009-2010,2010,7,0.0
ים המלח והערבה,2009-2010,2010,7,0.0
כרמל וחיפה,2009-2010,2010,7,0.0
מישור חוף דרומי,2009-2010,2010,7,0.0
מישור חוף צפוני,2009-2010,2010,7,0.0
נגב,2009-2010,2010,7,1.5
עמקי הצפון,2009-2010,2010,7,0.0
גוש דן והשרון,2009-2010,2010,8,0.0
גליל וגולן,2009-2010,2010,8,0.0
יהודה ושומרון,2009-2010,2010,8,0.0
ים המלח והערבה,2009-2010,2010,8,0.0
כרמל וחיפה,2009-2010,2010,8,0.0
מישור חוף דרומי,2009-2010,2010,8,0.0
מישור חוף צפוני,2009-2010,2010,8,0.0
נגב,2009-2010,2010,8,0.0
עמקי הצפון,2009-2010,2010,8,0.0
גוש דן והשרון,2010-2011,2010,9,0.0
גליל וגולן,2010-2011,2010,9,0.1
יהודה ושומרון,2010-2011,2010,9,0.3
ים המלח והערבה,2010-2011,2010,9,0.1
כרמל וחיפה,2010-2011,2010,9,0.6
מישור חוף דרומי,2010-2011,2010,9,1.6
מישור חוף צפוני,2010-2011,2010,9,0.2
נגב,2010-2011,2010,9,0.3
עמקי הצפון,2010-2011,2010,9,0.3
גוש דן והשרון,2010-2011,2010,10,3.1
גליל וגולן,2010-2011,2010,10,11.1
יהודה ושומרון,2010-2011,2010,10,5.7
ים המלח והערבה,2010-2011,2010,10,0.5
כרמל וחיפה,2010-2011,2010,10,6.7
מישור חוף דרומי,2010-2011,2010,10,8.6
מישור חוף צפוני,2010-2011,2010,10,7.9
נגב,2010-2011,2010,10,0.8
עמקי הצפון,2010-2011,2010,10,3.0
גוש דן והשרון,2010-2011,2010,11,0.1
גליל וגולן,2010-2011,2010,11,0.1
יהודה ושומרון,2010-2011,2010,11,0.7
ים המלח והערבה,2010-2011,2010,11,0.3
כרמל וחיפה,2010-2011,2010,11,0.1
מישור חוף דרומי,2010-2011,2010,11,0.2
מישור חוף צפוני,2010-2011,2010,11,0.1
נגב,2010-2011,2010,11,1.3
עמקי הצפון,2010-2011,2010,11,0.0
גוש דן והשרון,2010-2011,2010,12,54.1
גליל וגולן,2010-2011,2010,12,167.9
יהודה ושומרון,2010-2011,2010,12,52.8
ים המלח והערבה,2010-2011,2010,12,6.3
כרמל וחיפה,2010-2011,2010,12,136.2
מישור חוף דרומי,2010-2011,2010,12,62.9
מישור חוף צפוני,2010-2011,2010,12,110.5
נגב,2010-2011,2010,12,1.8
עמקי הצפון,2010-2011,2010,12,101.9
גוש דן והשרון,2010-2011,2011,1,106.5
גליל וגולן,2010-2011,2011,1,112.3
יהודה ושומרון,2010-2011,2011,1,76.2
ים המלח והערבה,2010-2011,2011,1,8.1
כרמל וחיפה,2010-2011,2011,1,119.3
מישור חוף דרומי,2010-2011,2011,1,72.3
מישור חוף צפוני,2010-2011,2011,1,115.6
נגב,2010-2011,2011,1,20.5
עמקי הצפון,2010-2011,2011,1,76.2
גוש דן והשרון,2010-2011,2011,2,71.9
גליל וגולן,2010-2011,2011,2,173.0
יהודה ושומרון,2010-2011,2011,2,70.1
ים המלח והערבה,2010-2011,2011,2,10.8
כרמל וחיפה,2010-2011,2011,2,100.7
מישור חוף דרומי,2010-2011,2011,2,47.6
מישור חוף צפוני,2010-2011,2011,2,95.2
נגב,2010-2011,2011,2,35.3
עמקי הצפון,2010-2011,2011,2,105.5
גוש דן והשרון,2010-2011,2011,3,95.9
גליל וגולן,2010-2011,2011,3,122.8
יהודה ושומרון,2010-2011,2011,3,65.3
ים המלח והערבה,2010-2011,2011,3,2.6
כרמל וחיפה,2010-2011,2011,3,93.2
מישור חוף דרומי,2010-2011,2011,3,54.1
מישור חוף צפוני,2010-2011,2011,3,91.6
נגב,2010-2011,2011,3,4.6
עמקי הצפון,2010-2011,2011,3,75.6
גוש דן והשרון,2010-2011,2011,4,46.3
גליל וגולן,2010-2011,2011,4,109.3
יהודה ושומרון,2010-2011,2011,4,33.1
ים המלח והערבה,2010-2011,2011,4,9.7
כרמל וחיפה,2010-2011,2011,4,92.3
מישור חוף דרומי,2010-2011,2011,4,37.8
מישור חוף צפוני,2010-2011,2011,4,97.4
נגב,2010-2011,2011,4,13.6
עמקי הצפון,2010-2011,2011,4,58.6
גוש דן והשרון,2010-2011,2011,5,10.8
גליל וגולן,2010-2011,2011,5,15.6
יהודה ושומרון,2010-2011,2011,5,10.9
ים המלח והערבה,2010-2011,2011,5,1.7
כרמל וחיפה,2010-2011,2011,5,9.6
מישור חוף דרומי,2010-2011,2011,5,8.6
מישור חוף צפוני,2010-2011,2011,5,15.9
נגב,2010-2011,2011,5,2.0
עמקי הצפון,2010-2011,2011,5,11.7
גוש דן והשרון,2010-2011,2011,6,0.0
גליל וגולן,2010-2011,2011,6,1.9
יהודה ושומרון,2010-2011,2011,6,0.0
ים המלח והערבה,2010-2011,2011,6,0.0
כרמל וחיפה,2010-2011,2011,6,0.3
מישור חוף דרומי,2010-2011,2011,6,0.0
מישור חוף צפוני,2010-2011,2011,6,1.4
נגב,2010-2011,2011,6,0.0
עמקי הצפון,2010-2011,2011,6,0.3
גוש דן והשרון,2010-2011,2011,7,0.0
גליל וגולן,2010-2011,2011,7,0.0
יהודה ושומרון,2010-2011,2011,7,0.0
ים המלח והערבה,2010-2011,2011,7,0.0
כרמל וחיפה,2010-2011,2011,7,0.0
מישור חוף דרומי,2010-2011,2011,7,0.0
מישור חוף צפוני,2010-2011,2011,7,0.0
נגב,2010-2011,2011,7,0.0
עמקי הצפון,2010-2011,2011,7,0.0
גוש דן והשרון,2010-2011,2011,8,0.6
גליל וגולן,2010-2011,2011,8,0.0
יהודה ושומרון,2010-2011,2011,8,0.0
ים המלח והערבה,2010-2011,2011,8,0.0
כרמל וחיפה,2010-2011,2011,8,0.0
מישור חוף דרומי,2010-2011,2011,8,0.0
מישור חוף צפוני,2010-2011,2011,8,0.3
נגב,2010-2011,2011,8,0.0
עמקי הצפון,2010-2011,2011,8,0.0
גוש דן והשרון,2011-2012,2011,9,7.5
גליל וגולן,2011-2012,2011,9,17.6
יהודה ושומרון,2011-2012,2011,9,2.0
ים המלח והערבה,2011-2012,2011,9,0.5
כרמל וחיפה,2011-2012,2011,9,20.5
מישור חוף דרומי,2011-2012,2011,9,2.1
מישור חוף צפוני,2011-2012,2011,9,21.4
נגב,2011-2012,2011,9,0.1
עמקי הצפון,2011-2012,2011,9,16.6
גוש דן והשרון,2011-2012,2011,10,8.7
גליל וגולן,2011-2012,2011,10,6.2
יהודה ושומרון,2011-2012,2011,10,1.1
ים המלח והערבה,2011-2012,2011,10,0.2
כרמל וחיפה,2011-2012,2011,10,0.6
מישור חוף דרומי,2011-2012,2011,10,3.5
מישור חוף צפוני,2011-2012,2011,10,8.9
נגב,2011-2012,2011,10,0.3
עמקי הצפון,2011-2012,2011,10,0.6
גוש דן והשרון,2011-2012,2011,11,176.8
גליל וגולן,2011-2012,2011,11,76.3
יהודה ושומרון,2011-2012,2011,11,82.1
ים המלח והערבה,2011-2012,2011,11,5.5
כרמל וחיפה,2011-2012,2011,11,131.4
מישור חוף דרומי,2011-2012,2011,11,95.8
מישור חוף צפוני,2011-2012,2011,11,135.1
נגב,2011-2012,2011,11,15.0
עמקי הצפון,2011-2012,2011,11,78.7
גוש דן והשרון,2011-2012,2011,12,15.7
גליל וגולן,2011-2012,2011,12,45.4
יהודה ושומרון,2011-2012,2011,12,44.3
ים המלח והערבה,2011-2012,2011,12,1.8
כרמל וחיפה,2011-2012,2011,12,25.9
מישור חוף דרומי,2011-2012,2011,12,44.1
מישור חוף צפוני,2011-2012,2011,12,26.6
נגב,2011-2012,2011,12,7.1
עמקי הצפון,2011-2012,2011,12,26.2
גוש דן והשרון,2011-2012,2012,1,184.6
גליל וגולן,2011-2012,2012,1,266.5
יהודה ושומרון,2011-2012,2012,1,128.0
ים המלח והערבה,2011-2012,2012,1,16.4
כרמל וחיפה,2011-2012,2012,1,285.4
מישור חוף דרומי,2011-2012,2012,1,115.6
מישור חוף צפוני,2011-2012,2012,1,258.0
נגב,2011-2012,2012,1,27.9
עמקי הצפון,2011-2012,2012,1,158.1
גוש דן והשרון,2011-2012,2012,2,111.0
גליל וגולן,2011-2012,2012,2,163.9
יהודה ושומרון,2011-2012,2012,2,139.2
ים המלח והערבה,2011-2012,2012,2,10.3
כרמל וחיפה,2011-2012,2012,2,125.1
מישור חוף דרומי,2011-2012,2012,2,115.5
מישור חוף צפוני,2011-2012,2012,2,90.5
נגב,2011-2012,2012,2,35.4
עמקי הצפון,2011-2012,2012,2,99.3
גוש דן והשרון,2011-2012,2012,3,68.9
גליל וגולן,2011-2012,2012,3,113.7
יהודה ושומרון,2011-2012,2012,3,106.0
ים המלח והערבה,2011-2012,2012,3,5.2
כרמל וחיפה,2011-2012,2012,3,59.9
מישור חוף דרומי,2011-2012,2012,3,71.1
מישור חוף צפוני,2011-2012,2012,3,47.6
נגב,2011-2012,2012,3,24.1
עמקי הצפון,2011-2012,2012,3,57.0
גוש דן והשרון,2011-2012,2012,4,0.0
גליל וגולן,2011-2012,2012,4,0.2
יהודה ושומרון,2011-2012,2012,4,0.0
ים המלח והערבה,2011-2012,2012,4,0.0
כרמל וחיפה,2011-2012,2012,4,0.3
מישור חוף דרומי,2011-2012,2012,4,0.1
מישור חוף צפוני,2011-2012,2012,4,0.2
נגב,2011-2012,2012,4,0.0
עמקי הצפון,2011-2012,2012,4,0.1
גוש דן והשרון,2011-2012,2012,5,0.7
גליל וגולן,2011-2012,2012,5,7.5
יהודה ושומרון,2011-2012,2012,5,0.4
ים המלח והערבה,2011-2012,2012,5,0.0
כרמל וחיפה,2011-2012,2012,5,0.2
מישור חוף דרומי,2011-2012,2012,5,0.0
מישור חוף צפוני,2011-2012,2012,5,4.4
נגב,2011-2012,2012,5,0.5
עמקי הצפון,2011-2012,2012,5,3.4
גוש דן והשרון,2011-2012,2012,6,0.0
גליל וגולן,2011-2012,2012,6,0.7
יהודה ושומרון,2011-2012,2012,6,0.0
ים המלח והערבה,2011-2012,2012,6,0.0
כרמל וחיפה,2011-2012,2012,6,0.0
מישור חוף דרומי,2011-2012,2012,6,0.2
מישור חוף צפוני,2011-2012,2012,6,0.1
נגב,2011-2012,2012,6,1.4
עמקי הצפון,2011-2012,2012,6,1.6
גוש דן והשרון,2011-2012,2012,7,0.0
גליל וגולן,2011-2012,2012,7,0.0
יהודה ושומרון,2011-2012,2012,7,0.1
ים המלח והערבה,2011-2012,2012,7,0.0
כרמל וחיפה,2011-2012,2012,7,0.0
מישור חוף דרומי,2011-2012,2012,7,0.1
מישור חוף צפוני,2011-2012,2012,7,0.0
נגב,2011-2012,2012,7,0.0
עמקי הצפון,2011-2012,2012,7,0.0
גוש דן והשרון,2011-2012,2012,8,0.0
גליל וגולן,2011-2012,2012,8,0.2
יהודה ושומרון,2011-2012,2012,8,0.0
ים המלח והערבה,2011-2012,2012,8,0.0
כרמל וחיפה,2011-2012,2012,8,0.0
מישור חוף דרומי,2011-2012,2012,8,0.4
מישור חוף צפוני,2011-2012,2012,8,0.0
נגב,2011-2012,2012,8,0.3
עמקי הצפון,2011-2012,2012,8,0.1
גוש דן והשרון,2012-2013,2012,9,0.0
גליל וגולן,2012-2013,2012,9,0.3
יהודה ושומרון,2012-2013,2012,9,2.0
ים המלח והערבה,2012-2013,2012,9,0.2
כרמל וחיפה,2012-2013,2012,9,0.1
מישור חוף דרומי,2012-2013,2012,9,1.0
מישור חוף צפוני,2012-2013,2012,9,0.2
נגב,2012-2013,2012,9,1.1
עמקי הצפון,2012-2013,2012,9,0.3
גוש דן והשרון,2012-2013,2012,10,5.2
גליל וגולן,2012-2013,2012,10,21.9
יהודה ושומרון,2012-2013,2012,10,5.0
ים המלח והערבה,2012-2013,2012,10,1.2
כרמל וחיפה,2012-2013,2012,10,48.9
מישור חוף דרומי,2012-2013,2012,10,1.9
מישור חוף צפוני,2012-2013,2012,10,38.4
נגב,2012-2013,2012,10,0.3
עמקי הצפון,2012-2013,2012,10,16.0
גוש דן והשרון,2012-2013,2012,11,114.7
גליל וגולן,2012-2013,2012,11,110.9
יהודה ושומרון,2012-2013,2012,11,59.0
ים המלח והערבה,2012-2013,2012,11,11.3
כרמל וחיפה,2012-2013,2012,11,135.2
מישור חוף דרומי,2012-2013,2012,11,74.8
מישור חוף צפוני,2012-2013,2012,11,104.1
נגב,2012-2013,2012,11,24.0
עמקי הצפון,2012-2013,2012,11,76.1
גוש דן והשרון,2012-2013,2012,12,92.8
גליל וגולן,2012-2013,2012,12,215.5
יהודה ושומרון,2012-2013,2012,12,90.4
ים המלח והערבה,2012-2013,2012,12,5.0
כרמל וחיפה,2012-2013,2012,12,153.9
מישור חוף דרומי,2012-2013,2012,12,97.5
מישור חוף צפוני,2012-2013,2012,12,189.8
נגב,2012-2013,2012,12,8.3
עמקי הצפון,2012-2013,2012,12,119.6
גוש דן והשרון,2012-2013,2013,1,238.0
גליל וגולן,2012-2013,2013,1,258.2
יהודה ושומרון,2012-2013,2013,1,240.3
ים המלח והערבה,2012-2013,2013,1,22.7
כרמל וחיפה,2012-2013,2013,1,271.1
מישור חוף דרומי,2012-2013,2013,1,205.5
מישור חוף צפוני,2012-2013,2013,1,207.3
נגב,2012-2013,2013,1,72.4
עמקי הצפון,2012-2013,2013,1,202.8
גוש דן והשרון,2012-2013,2013,2,52.9
גליל וגולן,2012-2013,2013,2,56.4
יהודה ושומרון,2012-2013,2013,2,36.3
ים המלח והערבה,2012-2013,2013,2,8.4
כרמל וחיפה,2012-2013,2013,2,39.3
מישור חוף דרומי,2012-2013,2013,2,22.5
מישור חוף צפוני,2012-2013,2013,2,39.9
נגב,2012-2013,2013,2,15.2
עמקי הצפון,2012-2013,2013,2,29.6
גוש דן והשרון,2012-2013,2013,3,0.5
גליל וגולן,2012-2013,2013,3,13.0
יהודה ושומרון,2012-2013,2013,3,4.1
ים המלח והערבה,2012-2013,2013,3,0.7
כרמל וחיפה,2012-2013,2013,3,11.3
מישור חוף דרומי,2012-2013,2013,3,2.0
מישור חוף צפוני,2012-2013,2013,3,10.4
נגב,2012-2013,2013,3,0.2
עמקי הצפון,2012-2013,2013,3,6.5
גוש דן והשרון,2012-2013,2013,4,33.5
גליל וגולן,2012-2013,2013,4,77.2
יהודה ושומרון,2012-2013,2013,4,25.9
ים המלח והערבה,2012-2013,2013,4,0.8
כרמל וחיפה,2012-2013,2013,4,55.2
מישור חוף דרומי,2012-2013,2013,4,10.0
מישור חוף צפוני,2012-2013,2013,4,50.6
נגב,2012-2013,2013,4,3.1
עמקי הצפון,2012-2013,2013,4,46.2
גוש דן והשרון,2012-2013,2013,5,4.6
גליל וגולן,2012-2013,2013,5,15.1
יהודה ושומרון,2012-2013,2013,5,3.4
ים המלח והערבה,2012-2013,2013,5,0.8
כרמל וחיפה,2012-2013,2013,5,11.4
מישור חוף דרומי,2012-2013,2013,5,4.0
מישור חוף צפוני,2012-2013,2013,5,17.9
נגב,2012-2013,2013,5,5.1
עמקי הצפון,2012-2013,2013,5,8.2
גוש דן והשרון,2012-2013,2013,6,0.0
גליל וגולן,2012-2013,2013,6,0.0
יהודה ושומרון,2012-2013,2013,6,0.0
ים המלח והערבה,2012-2013,2013,6,0.0
כרמל וחיפה,2012-2013,2013,6,0.8
מישור חוף דרומי,2012-2013,2013,6,0.2
מישור חוף צפוני,2012-2013,2013,6,3.5
נגב,2012-2013,2013,6,0.4
עמקי הצפון,2012-2013,2013,6,0.0
גוש דן והשרון,2012-2013,2013,7,0.0
גליל וגולן,2012-2013,2013,7,0.0
יהודה ושומרון,2012-2013,2013,7,0.0
ים המלח והערבה,2012-2013,2013,7,0.6
כרמל וחיפה,2012-2013,2013,7,0.0
מישור חוף דרומי,2012-2013,2013,7,0.5
מישור חוף צפוני,2012-2013,2013,7,0.0
נגב,2012-2013,2013,7,0.0
עמקי הצפון,2012-2013,2013,7,0.5
גוש דן והשרון,2012-2013,2013,8,0.0
גליל וגולן,2012-2013,2013,8,0.1
יהודה ושומרון,2012-2013,2013,8,0.0
ים המלח והערבה,2012-2013,2013,8,0.0
כרמל וחיפה,2012-2013,2013,8,0.0
מישור חוף דרומי,2012-2013,2013,8,0.0
מישור חוף צפוני,2012-2013,2013,8,0.0
נגב,2012-2013,2013,8,0.1
עמקי הצפון,2012-2013,2013,8,2.9
גוש דן והשרון,2013-2014,2013,9,1.4
גליל וגולן,2013-2014,2013,9,1.5
יהודה ושומרון,2013-2014,2013,9,4.2
ים המלח והערבה,2013-2014,2013,9,0.2
כרמל וחיפה,2013-2014,2013,9,3.4
מישור חוף דרומי,2013-2014,2013,9,2.6
מישור חוף צפוני,2013-2014,2013,9,0.3
נגב,2013-2014,2013,9,0.1
עמקי הצפון,2013-2014,2013,9,0.7
גוש דן והשרון,2013-2014,2013,10,8.4
גליל וגולן,2013-2014,2013,10,9.5
יהודה ושומרון,2013-2014,2013,10,4.1
ים המלח והערבה,2013-2014,2013,10,2.4
כרמל וחיפה,2013-2014,2013,10,9.8
מישור חוף דרומי,2013-2014,2013,10,3.0
מישור חוף צפוני,2013-2014,2013,10,10.2
נגב,2013-2014,2013,10,0.5
עמקי הצפון,2013-2014,2013,10,5.3
גוש דן והשרון,2013-2014,2013,11,3.4
גליל וגולן,2013-2014,2013,11,4.1
יהודה ושומרון,2013-2014,2013,11,2.8
ים המלח והערבה,2013-2014,2013,11,0.1
כרמל וחיפה,2013-2014,2013,11,0.7
מישור חוף דרומי,2013-2014,2013,11,9.6
מישור חוף צפוני,2013-2014,2013,11,2.0
נגב,2013-2014,2013,11,4.9
עמקי הצפון,2013-2014,2013,11,3.1
גוש דן והשרון,2013-2014,2013,12,219.0
גליל וגולן,2013-2014,2013,12,160.4
יהודה ושומרון,2013-2014,2013,12,169.8
ים המלח והערבה,2013-2014,2013,12,17.3
כרמל וחיפה,2013-2014,2013,12,226.1
מישור חוף דרומי,2013-2014,2013,12,201.4
מישור חוף צפוני,2013-2014,2013,12,183.5
נגב,2013-2014,2013,12,66.8
עמקי הצפון,2013-2014,2013,12,118.7
גוש דן והשרון,2013-2014,2014,1,10.1
גליל וגולן,2013-2014,2014,1,31.8
יהודה ושומרון,2013-2014,2014,1,2.9
ים המלח והערבה,2013-2014,2014,1,3.1
כרמל וחיפה,2013-2014,2014,1,21.1
מישור חוף דרומי,2013-2014,2014,1,10.9
מישור חוף צפוני,2013-2014,2014,1,20.0
נגב,2013-2014,2014,1,6.9
עמקי הצפון,2013-2014,2014,1,19.9
גוש דן והשרון,2013-2014,2014,2,10.7
גליל וגולן,2013-2014,2014,2,30.6
יהודה ושומרון,2013-2014,2014,2,9.8
ים המלח והערבה,2013-2014,2014,2,7.9
כרמל וחיפה,2013-2014,2014,2,13.6
מישור חוף דרומי,2013-2014,2014,2,9.7
מישור חוף צפוני,2013-2014,2014,2,33.5
נגב,2013-2014,2014,2,4.3
עמקי הצפון,2013-2014,2014,2,11.6
גוש דן והשרון,2013-2014,2014,3,85.9
גליל וגולן,2013-2014,2014,3,97.9
יהודה ושומרון,2013-2014,2014,3,95.5
ים המלח והערבה,2013-2014,2014,3,22.8
כרמל וחיפה,2013-2014,2014,3,55.4
מישור חוף דרומי,2013-2014,2014,3,82.1
מישור חוף צפוני,2013-2014,2014,3,44.5
נגב,2013-2014,2014,3,48.0
עמקי הצפון,2013-2014,2014,3,64.6
גוש דן והשרון,2013-2014,2014,4,4.2
גליל וגולן,2013-2014,2014,4,2.7
יהודה ושומרון,2013-2014,2014,4,0.2
ים המלח והערבה,2013-2014,2014,4,0.1
כרמל וחיפה,2013-2014,2014,4,1.5
מישור חוף דרומי,2013-2014,2014,4,0.0
מישור חוף צפוני,2013-2014,2014,4,1.9
נגב,2013-2014,2014,4,0.0
עמקי הצפון,2013-2014,2014,4,0.8
גוש דן והשרון,2013-2014,2014,5,31.7
גליל וגולן,2013-2014,2014,5,37.4
יהודה ושומרון,2013-2014,2014,5,39.1
ים המלח והערבה,2013-2014,2014,5,27.3
כרמל וחיפה,2013-2014,2014,5,18.6
מישור חוף דרומי,2013-2014,2014,5,25.2
מישור חוף צפוני,2013-2014,2014,5,21.5
נגב,2013-2014,2014,5,24.9
עמקי הצפון,2013-2014,2014,5,34.6
גוש דן והשרון,2013-2014,2014,6,0.3
גליל וגולן,2013-2014,2014,6,0.0
יהודה ושומרון,2013-2014,2014,6,0.0
ים המלח והערבה,2013-2014,2014,6,0.0
כרמל וחיפה,2013-2014,2014,6,0.0
מישור חוף דרומי,2013-2014,2014,6,0.3
מישור חוף צפוני,2013-2014,2014,6,0.0
נגב,2013-2014,2014,6,0.0
עמקי הצפון,2013-2014,2014,6,0.2
גוש דן והשרון,2013-2014,2014,7,0.0
גליל וגולן,2013-2014,2014,7,0.0
יהודה ושומרון,2013-2014,2014,7,0.0
ים המלח והערבה,2013-2014,2014,7,0.0
כרמל וחיפה,2013-2014,2014,7,0.0
מישור חוף דרומי,2013-2014,2014,7,0.0
מישור חוף צפוני,2013-2014,2014,7,0.0
נגב,2013-2014,2014,7,0.0
עמקי הצפון,2013-2014,2014,7,0.0
גוש דן והשרון,2013-2014,2014,8,0.0
גליל וגולן,2013-2014,2014,8,0.0
יהודה ושומרון,2013-2014,2014,8,0.0
ים המלח והערבה,2013-2014,2014,8,0.0
כרמל וחיפה,2013-2014,2014,8,0.0
מישור חוף דרומי,2013-2014,2014,8,0.0
מישור חוף צפוני,2013-2014,2014,8,0.0
נגב,2013-2014,2014,8,0.0
עמקי הצפון,2013-2014,2014,8,0.0
גוש דן והשרון,2014-2015,2014,9,2.5
גליל וגולן,2014-2015,2014,9,3.1
יהודה ושומרון,2014-2015,2014,9,0.2
ים המלח והערבה,2014-2015,2014,9,0.0
כרמל וחיפה,2014-2015,2014,9,1.5
מישור חוף דרומי,2014-2015,2014,9,0.3
מישור חוף צפוני,2014-2015,2014,9,1.3
נגב,2014-2015,2014,9,0.0
עמקי הצפון,2014-2015,2014,9,0.8
גוש דן והשרון,2014-2015,2014,10,61.5
גליל וגולן,2014-2015,2014,10,33.4
יהודה ושומרון,2014-2015,2014,10,27.0
ים המלח והערבה,2014-2015,2014,10,4.8
כרמל וחיפה,2014-2015,2014,10,33.6
מישור חוף דרומי,2014-2015,2014,10,23.4
מישור חוף צפוני,2014-2015,2014,10,36.2
נגב,2014-2015,2014,10,8.6
עמקי הצפון,2014-2015,2014,10,20.8
גוש דן והשרון,2014-2015,2014,11,171.4
גליל וגולן,2014-2015,2014,11,145.6
יהודה ושומרון,2014-2015,2014,11,161.4
ים המלח והערבה,2014-2015,2014,11,14.2
כרמל וחיפה,2014-2015,2014,11,128.4
מישור חוף דרומי,2014-2015,2014,11,175.0
מישור חוף צפוני,2014-2015,2014,11,131.9
נגב,2014-2015,2014,11,25.7
עמקי הצפון,2014-2015,2014,11,107.6
גוש דן והשרון,2014-2015,2014,12,45.5
גליל וגולן,2014-2015,2014,12,37.6
יהודה ושומרון,2014-2015,2014,12,24.1
ים המלח והערבה,2014-2015,2014,12,7.9
כרמל וחיפה,2014-2015,2014,12,41.6
מישור חוף דרומי,2014-2015,2014,12,29.0
מישור חוף צפוני,2014-2015,2014,12,37.9
נגב,2014-2015,2014,12,13.0
עמקי הצפון,2014-2015,2014,12,30.1
גוש דן והשרון,2014-2015,2015,1,173.2
גליל וגולן,2014-2015,2015,1,154.5
יהודה ושומרון,2014-2015,2015,1,141.5
ים המלח והערבה,2014-2015,2015,1,25.2
כרמל וחיפה,2014-2015,2015,1,201.0
מישור חוף דרומי,2014-2015,2015,1,157.5
מישור חוף צפוני,2014-2015,2015,1,185.7
נגב,2014-2015,2015,1,60.7
עמקי הצפון,2014-2015,2015,1,126.1
גוש דן והשרון,2014-2015,2015,2,102.3
גליל וגולן,2014-2015,2015,2,159.9
יהודה ושומרון,2014-2015,2015,2,106.7
ים המלח והערבה,2014-2015,2015,2,21.4
כרמל וחיפה,2014-2015,2015,2,162.3
מישור חוף דרומי,2014-2015,2015,2,79.7
מישור חוף צפוני,2014-2015,2015,2,169.3
נגב,2014-2015,2015,2,59.8
עמקי הצפון,2014-2015,2015,2,121.0
גוש דן והשרון,2014-2015,2015,3,10.8
גליל וגולן,2014-2015,2015,3,28.8
יהודה ושומרון,2014-2015,2015,3,12.2
ים המלח והערבה,2014-2015,2015,3,4.4
כרמל וחיפה,2014-2015,2015,3,24.4
מישור חוף דרומי,2014-2015,2015,3,5.8
מישור חוף צפוני,2014-2015,2015,3,16.4
נגב,2014-2015,2015,3,7.6
עמקי הצפון,2014-2015,2015,3,16.3
גוש דן והשרון,2014-2015,2015,4,55.1
גליל וגולן,2014-2015,2015,4,71.6
יהודה ושומרון,2014-2015,2015,4,52.5
ים המלח והערבה,2014-2015,2015,4,6.6
כרמל וחיפה,2014-2015,2015,4,87.0
מישור חוף דרומי,2014-2015,2015,4,33.7
מישור חוף צפוני,2014-2015,2015,4,62.8
נגב,2014-2015,2015,4,12.7
עמקי הצפון,2014-2015,2015,4,41.3
גוש דן והשרון,2014-2015,2015,5,0.1
גליל וגולן,2014-2015,2015,5,4.1
יהודה ושומרון,2014-2015,2015,5,0.3
ים המלח והערבה,2014-2015,2015,5,0.1
כרמל וחיפה,2014-2015,2015,5,2.1
מישור חוף דרומי,2014-2015,2015,5,0.5
מישור חוף צפוני,2014-2015,2015,5,2.0
נגב,2014-2015,2015,5,0.1
עמקי הצפון,2014-2015,2015,5,3.2
גוש דן והשרון,2014-2015,2015,6,0.0
גליל וגולן,2014-2015,2015,6,0.6
יהודה ושומרון,2014-2015,2015,6,0.0
ים המלח והערבה,2014-2015,2015,6,0.0
כרמל וחיפה,2014-2015,2015,6,0.4
מישור חוף דרומי,2014-2015,2015,6,0.0
מישור חוף צפוני,2014-2015,2015,6,0.1
נגב,2014-2015,2015,6,0.0
עמקי הצפון,2014-2015,2015,6,0.2
גוש דן והשרון,2014-2015,2015,7,0.0
גליל וגולן,2014-2015,2015,7,0.0
יהודה ושומרון,2014-2015,2015,7,0.0
ים המלח והערבה,2014-2015,2015,7,0.0
כרמל וחיפה,2014-2015,2015,7,0.0
מישור חוף דרומי,2014-2015,2015,7,0.0
מישור חוף צפוני,2014-2015,2015,7,0.0
נגב,2014-2015,2015,7,0.0
עמקי הצפון,2014-2015,2015,7,0.0
גוש דן והשרון,2014-2015,2015,8,0.0
גליל וגולן,2014-2015,2015,8,0.0
יהודה ושומרון,2014-2015,2015,8,0.0
ים המלח והערבה,2014-2015,2015,8,0.0
כרמל וחיפה,2014-2015,2015,8,0.0
מישור חוף דרומי,2014-2015,2015,8,0.0
מישור חוף צפוני,2014-2015,2015,8,0.0
נגב,2014-2015,2015,8,0.0
עמקי הצפון,2014-2015,2015,8,0.0
גוש דן והשרון,2015-2016,2015,9,0.0
גליל וגולן,2015-2016,2015,9,2.5
יהודה ושומרון,2015-2016,2015,9,0.6
ים המלח והערבה,2015-2016,2015,9,0.1
כרמל וחיפה,2015-2016,2015,9,0.3
מישור חוף דרומי,2015-2016,2015,9,0.0
מישור חוף צפוני,2015-2016,2015,9,3.0
נגב,2015-2016,2015,9,0.0
עמקי הצפון,2015-2016,2015,9,0.0
גוש דן והשרון,2015-2016,2015,10,78.2
גליל וגולן,2015-2016,2015,10,28.6
יהודה ושומרון,2015-2016,2015,10,35.4
ים המלח והערבה,2015-2016,2015,10,22.0
כרמל וחיפה,2015-2016,2015,10,53.0
מישור חוף דרומי,2015-2016,2015,10,74.9
מישור חוף צפוני,2015-2016,2015,10,70.1
נגב,2015-2016,2015,10,19.8
עמקי הצפון,2015-2016,2015,10,26.0
גוש דן והשרון,2015-2016,2015,11,101.3
גליל וגולן,2015-2016,2015,11,29.2
יהודה ושומרון,2015-2016,2015,11,48.5
ים המלח והערבה,2015-2016,2015,11,3.6
כרמל וחיפה,2015-2016,2015,11,39.2
מישור חוף דרומי,2015-2016,2015,11,58.7
מישור חוף צפוני,2015-2016,2015,11,29.8
נגב,2015-2016,2015,11,19.9
עמקי הצפון,2015-2016,2015,11,27.2
גוש דן והשרון,2015-2016,2015,12,109.8
גליל וגולן,2015-2016,2015,12,33.2
יהודה ושומרון,2015-2016,2015,12,43.5
ים המלח והערבה,2015-2016,2015,12,5.6
כרמל וחיפה,2015-2016,2015,12,47.9
מישור חוף דרומי,2015-2016,2015,12,72.8
מישור חוף צפוני,2015-2016,2015,12,44.1
נגב,2015-2016,2015,12,14.5
עמקי הצפון,2015-2016,2015,12,16.7
גוש דן והשרון,2015-2016,2016,1,111.3
גליל וגולן,2015-2016,2016,1,163.1
יהודה ושומרון,2015-2016,2016,1,148.5
ים המלח והערבה,2015-2016,2016,1,8.3
כרמל וחיפה,2015-2016,2016,1,135.3
מישור חוף דרומי,2015-2016,2016,1,110.4
מישור חוף צפוני,2015-2016,2016,1,99.2
נגב,2015-2016,2016,1,58.3
עמקי הצפון,2015-2016,2016,1,109.8
גוש דן והשרון,2015-2016,2016,2,68.5
גליל וגולן,2015-2016,2016,2,101.7
יהודה ושומרון,2015-2016,2016,2,93.8
ים המלח והערבה,2015-2016,2016,2,4.0
כרמל וחיפה,2015-2016,2016,2,70.1
מישור חוף דרומי,2015-2016,2016,2,80.2
מישור חוף צפוני,2015-2016,2016,2,63.3
נגב,2015-2016,2016,2,36.8
עמקי הצפון,2015-2016,2016,2,58.3
גוש דן והשרון,2015-2016,2016,3,22.8
גליל וגולן,2015-2016,2016,3,49.3
יהודה ושומרון,2015-2016,2016,3,29.1
ים המלח והערבה,2015-2016,2016,3,10.6
כרמל וחיפה,2015-2016,2016,3,32.9
מישור חוף דרומי,2015-2016,2016,3,15.4
מישור חוף צפוני,2015-2016,2016,3,22.6
נגב,2015-2016,2016,3,9.9
עמקי הצפון,2015-2016,2016,3,24.0
גוש דן והשרון,2015-2016,2016,4,9.9
גליל וגולן,2015-2016,2016,4,31.3
יהודה ושומרון,2015-2016,2016,4,18.2
ים המלח והערבה,2015-2016,2016,4,12.7
כרמל וחיפה,2015-2016,2016,4,12.5
מישור חוף דרומי,2015-2016,2016,4,10.8
מישור חוף צפוני,2015-2016,2016,4,17.3
נגב,2015-2016,2016,4,27.4
עמקי הצפון,2015-2016,2016,4,20.3
גוש דן והשרון,2015-2016,2016,5,1.8
גליל וגולן,2015-2016,2016,5,10.6
יהודה ושומרון,2015-2016,2016,5,2.3
ים המלח והערבה,2015-2016,2016,5,0.0
כרמל וחיפה,2015-2016,2016,5,7.1
מישור חוף דרומי,2015-2016,2016,5,0.8
מישור חוף צפוני,2015-2016,2016,5,3.6
נגב,2015-2016,2016,5,0.8
עמקי הצפון,2015-2016,2016,5,3.4
גוש דן והשרון,2015-2016,2016,6,0.0
גליל וגולן,2015-2016,2016,6,0.0
יהודה ושומרון,2015-2016,2016,6,0.0
ים המלח והערבה,2015-2016,2016,6,0.0
כרמל וחיפה,2015-2016,2016,6,0.0
מישור חוף דרומי,2015-2016,2016,6,0.0
מישור חוף צפוני,2015-2016,2016,6,0.0
נגב,2015-2016,2016,6,0.0
עמקי הצפון,2015-2016,2016,6,0.0
גוש דן והשרון,2015-2016,2016,7,0.0
גליל וגולן,2015-2016,2016,7,0.0
יהודה ושומרון,2015-2016,2016,7,0.0
ים המלח והערבה,2015-2016,2016,7,0.0
כרמל וחיפה,2015-2016,2016,7,0.0
מישור חוף דרומי,2015-2016,2016,7,0.0
מישור חוף צפוני,2015-2016,2016,7,0.0
נגב,2015-2016,2016,7,0.0
עמקי הצפון,2015-2016,2016,7,0.0
גוש דן והשרון,2015-2016,2016,8,0.0
גליל וגולן,2015-2016,2016,8,0.0
יהודה ושומרון,2015-2016,2016,8,0.0
ים המלח והערבה,2015-2016,2016,8,0.0
כרמל וחיפה,2015-2016,2016,8,0.0
מישור חוף דרומי,2015-2016,2016,8,0.0
מישור חוף צפוני,2015-2016,2016,8,0.0
נגב,2015-2016,2016,8,0.0
עמקי הצפון,2015-2016,2016,8,0.0
גוש דן והשרון,2016-2017,2016,9,0.0
גליל וגולן,2016-2017,2016,9,1.0
יהודה ושומרון,2016-2017,2016,9,0.0
ים המלח והערבה,2016-2017,2016,9,0.0
כרמל וחיפה,2016-2017,2016,9,1.6
מישור חוף דרומי,2016-2017,2016,9,0.6
מישור חוף צפוני,2016-2017,2016,9,0.2
נגב,2016-2017,2016,9,0.0
עמקי הצפון,2016-2017,2016,9,0.1
גוש דן והשרון,2016-2017,2016,10,0.9
גליל וגולן,2016-2017,2016,10,0.1
יהודה ושומרון,2016-2017,2016,10,1.6
ים המלח והערבה,2016-2017,2016,10,8.2
כרמל וחיפה,2016-2017,2016,10,0.2
מישור חוף דרומי,2016-2017,2016,10,0.3
מישור חוף צפוני,2016-2017,2016,10,0.8
נגב,2016-2017,2016,10,3.7
עמקי הצפון,2016-2017,2016,10,0.0
גוש דן והשרון,2016-2017,2016,11,4.7
גליל וגולן,2016-2017,2016,11,10.0
יהודה ושומרון,2016-2017,2016,11,4.1
ים המלח והערבה,2016-2017,2016,11,0.2
כרמל וחיפה,2016-2017,2016,11,5.4
מישור חוף דרומי,2016-2017,2016,11,3.1
מישור חוף צפוני,2016-2017,2016,11,5.8
נגב,2016-2017,2016,11,0.3
עמקי הצפון,2016-2017,2016,11,7.1
גוש דן והשרון,2016-2017,2016,12,210.6
גליל וגולן,2016-2017,2016,12,259.9
יהודה ושומרון,2016-2017,2016,12,156.4
ים המלח והערבה,2016-2017,2016,12,15.1
כרמל וחיפה,2016-2017,2016,12,307.0
מישור חוף דרומי,2016-2017,2016,12,118.7
מישור חוף צפוני,2016-2017,2016,12,228.5
נגב,2016-2017,2016,12,28.9
עמקי הצפון,2016-2017,2016,12,186.5
גוש דן והשרון,2016-2017,2017,1,45.0
גליל וגולן,2016-2017,2017,1,96.9
יהודה ושומרון,2016-2017,2017,1,61.4
ים המלח והערבה,2016-2017,2017,1,4.3
כרמל וחיפה,2016-2017,2017,1,97.4
מישור חוף דרומי,2016-2017,2017,1,46.2
מישור חוף צפוני,2016-2017,2017,1,95.2
נגב,2016-2017,2017,1,24.3
עמקי הצפון,2016-2017,2017,1,59.6
גוש דן והשרון,2016-2017,2017,2,79.2
גליל וגולן,2016-2017,2017,2,35.7
יהודה ושומרון,2016-2017,2017,2,55.0
ים המלח והערבה,2016-2017,2017,2,5.7
כרמל וחיפה,2016-2017,2017,2,52.5
מישור חוף דרומי,2016-2017,2017,2,63.8
מישור חוף צפוני,2016-2017,2017,2,50.2
נגב,2016-2017,2017,2,27.3
עמקי הצפון,2016-2017,2017,2,24.1
גוש דן והשרון,2016-2017,2017,3,3.9
גליל וגולן,2016-2017,2017,3,40.2
יהודה ושומרון,2016-2017,2017,3,8.3
ים המלח והערבה,2016-2017,2017,3,5.8
כרמל וחיפה,2016-2017,2017,3,41.1
מישור חוף דרומי,2016-2017,2017,3,4.3
מישור חוף צפוני,2016-2017,2017,3,18.0
נגב,2016-2017,2017,3,1.4
עמקי הצפון,2016-2017,2017,3,27.8
גוש דן והשרון,2016-2017,2017,4,7.8
גליל וגולן,2016-2017,2017,4,15.4
יהודה ושומרון,2016-2017,2017,4,5.2
ים המלח והערבה,2016-2017,2017,4,6.8
כרמל וחיפה,2016-2017,2017,4,10.1
מישור חוף דרומי,2016-2017,2017,4,3.3
מישור חוף צפוני,2016-2017,2017,4,11.7
נגב,2016-2017,2017,4,2.5
עמקי הצפון,2016-2017,2017,4,13.9
גוש דן והשרון,2016-2017,2017,5,0.5
גליל וגולן,2016-2017,2017,5,3.1
יהודה ושומרון,2016-2017,2017,5,0.4
ים המלח והערבה,2016-2017,2017,5,0.1
כרמל וחיפה,2016-2017,2017,5,1.6
מישור חוף דרומי,2016-2017,2017,5,0.2
מישור חוף צפוני,2016-2017,2017,5,1.6
נגב,2016-2017,2017,5,0.0
עמקי הצפון,2016-2017,2017,5,1.2
גוש דן והשרון,2016-2017,2017,6,0.0
גליל וגולן,2016-2017,2017,6,0.0
יהודה ושומרון,2016-2017,2017,6,0.0
ים המלח והערבה,2016-2017,2017,6,0.0
כרמל וחיפה,2016-2017,2017,6,0.0
מישור חוף דרומי,2016-2017,2017,6,0.0
מישור חוף צפוני,2016-2017,2017,6,0.0
נגב,2016-2017,2017,6,0.0
עמקי הצפון,2016-2017,2017,6,0.0
גוש דן והשרון,2016-2017,2017,7,0.0
גליל וגולן,2016-2017,2017,7,0.0
יהודה ושומרון,2016-2017,2017,7,0.0
ים המלח והערבה,2016-2017,2017,7,0.0
כרמל וחיפה,2016-2017,2017,7,0.0
מישור חוף דרומי,2016-2017,2017,7,0.0
מישור חוף צפוני,2016-2017,2017,7,0.0
נגב,2016-2017,2017,7,0.0
עמקי הצפון,2016-2017,2017,7,0.0
גוש דן והשרון,2016-2017,2017,8,0.0
גליל וגולן,2016-2017,2017,8,0.0
יהודה ושומרון,2016-2017,2017,8,0.0
ים המלח והערבה,2016-2017,2017,8,0.0
כרמל וחיפה,2016-2017,2017,8,0.0
מישור חוף דרומי,2016-2017,2017,8,0.0
מישור חוף צפוני,2016-2017,2017,8,0.0
נגב,2016-2017,2017,8,0.0
עמקי הצפון,2016-2017,2017,8,0.0
גוש דן והשרון,2017-2018,2017,9,0.2
גליל וגולן,2017-2018,2017,9,0.0
יהודה ושומרון,2017-2018,2017,9,0.0
ים המלח והערבה,2017-2018,2017,9,0.0
כרמל וחיפה,2017-2018,2017,9,0.0
מישור חוף דרומי,2017-2018,2017,9,0.0
מישור חוף צפוני,2017-2018,2017,9,0.1
נגב,2017-2018,2017,9,0.0
עמקי הצפון,2017-2018,2017,9,0.0
גוש דן והשרון,2017-2018,2017,10,8.6
גליל וגולן,2017-2018,2017,10,24.9
יהודה ושומרון,2017-2018,2017,10,10.1
ים המלח והערבה,2017-2018,2017,10,0.2
כרמל וחיפה,2017-2018,2017,10,41.4
מישור חוף דרומי,2017-2018,2017,10,9.5
מישור חוף צפוני,2017-2018,2017,10,44.4
נגב,2017-2018,2017,10,0.8
עמקי הצפון,2017-2018,2017,10,13.4
גוש דן והשרון,2017-2018,2017,11,33.8
גליל וגולן,2017-2018,2017,11,28.7
יהודה ושומרון,2017-2018,2017,11,20.2
ים המלח והערבה,2017-2018,2017,11,1.0
כרמל וחיפה,2017-2018,2017,11,39.9
מישור חוף דרומי,2017-2018,2017,11,27.1
מישור חוף צפוני,2017-2018,2017,11,32.2
נגב,2017-2018,2017,11,4.7
עמקי הצפון,2017-2018,2017,11,16.1
גוש דן והשרון,2017-2018,2017,12,36.7
גליל וגולן,2017-2018,2017,12,44.4
יהודה ושומרון,2017-2018,2017,12,48.5
ים המלח והערבה,2017-2018,2017,12,1.3
כרמל וחיפה,2017-2018,2017,12,40.0
מישור חוף דרומי,2017-2018,2017,12,35.8
מישור חוף צפוני,2017-2018,2017,12,23.8
נגב,2017-2018,2017,12,7.6
עמקי הצפון,2017-2018,2017,12,23.7
גוש דן והשרון,2017-2018,2018,1,214.7
גליל וגולן,2017-2018,2018,1,288.4
יהודה ושומרון,2017-2018,2018,1,167.5
ים המלח והערבה,2017-2018,2018,1,12.1
כרמל וחיפה,2017-2018,2018,1,326.5
מישור חוף דרומי,2017-2018,2018,1,165.1
מישור חוף צפוני,2017-2018,2018,1,280.8
נגב,2017-2018,2018,1,61.5
עמקי הצפון,2017-2018,2018,1,200.3
גוש דן והשרון,2017-2018,2018,2,86.2
גליל וגולן,2017-2018,2018,2,111.3
יהודה ושומרון,2017-2018,2018,2,70.3
ים המלח והערבה,2017-2018,2018,2,18.6
כרמל וחיפה,2017-2018,2018,2,138.0
מישור חוף דרומי,2017-2018,2018,2,59.4
מישור חוף צפוני,2017-2018,2018,2,95.5
נגב,2017-2018,2018,2,29.9
עמקי הצפון,2017-2018,2018,2,92.5
גוש דן והשרון,2017-2018,2018,3,4.1
גליל וגולן,2017-2018,2018,3,17.1
יהודה ושומרון,2017-2018,2018,3,7.9
ים המלח והערבה,2017-2018,2018,3,0.5
כרמל וחיפה,2017-2018,2018,3,4.6
מישור חוף דרומי,2017-2018,2018,3,3.2
מישור חוף צפוני,2017-2018,2018,3,4.8
נגב,2017-2018,2018,3,1.1
עמקי הצפון,2017-2018,2018,3,7.6
גוש דן והשרון,2017-2018,2018,4,19.0
גליל וגולן,2017-2018,2018,4,45.8
יהודה ושומרון,2017-2018,2018,4,44.3
ים המלח והערבה,2017-2018,2018,4,18.8
כרמל וחיפה,2017-2018,2018,4,34.3
מישור חוף דרומי,2017-2018,2018,4,20.3
מישור חוף צפוני,2017-2018,2018,4,37.4
נגב,2017-2018,2018,4,9.9
עמקי הצפון,2017-2018,2018,4,47.5
גוש דן והשרון,2017-2018,2018,5,2.3
גליל וגולן,2017-2018,2018,5,34.5
יהודה ושומרון,2017-2018,2018,5,3.6
ים המלח והערבה,2017-2018,2018,5,2.6
כרמל וחיפה,2017-2018,2018,5,30.4
מישור חוף דרומי,2017-2018,2018,5,1.6
מישור חוף צפוני,2017-2018,2018,5,32.8
נגב,2017-2018,2018,5,1.3
עמקי הצפון,2017-2018,2018,5,14.4
גוש דן והשרון,2017-2018,2018,6,4.0
גליל וגולן,2017-2018,2018,6,7.8
יהודה ושומרון,2017-2018,2018,6,0.5
ים המלח והערבה,2017-2018,2018,6,1.2
כרמל וחיפה,2017-2018,2018,6,2.9
מישור חוף דרומי,2017-2018,2018,6,15.4
מישור חוף צפוני,2017-2018,2018,6,1.8
נגב,2017-2018,2018,6,2.2
עמקי הצפון,2017-2018,2018,6,3.8
גוש דן והשרון,2017-2018,2018,7,0.0
גליל וגולן,2017-2018,2018,7,0.0
יהודה ושומרון,2017-2018,2018,7,0.0
ים המלח והערבה,2017-2018,2018,7,0.0
כרמל וחיפה,2017-2018,2018,7,0.0
מישור חוף דרומי,2017-2018,2018,7,0.0
מישור חוף צפוני,2017-2018,2018,7,0.0
נגב,2017-2018,2018,7,0.0
עמקי הצפון,2017-2018,2018,7,0.0
גוש דן והשרון,2017-2018,2018,8,0.2
גליל וגולן,2017-2018,2018,8,0.0
יהודה ושומרון,2017-2018,2018,8,0.0
ים המלח והערבה,2017-2018,2018,8,0.0
כרמל וחיפה,2017-2018,2018,8,0.0
מישור חוף דרומי,2017-2018,2018,8,0.1
מישור חוף צפוני,2017-2018,2018,8,0.0
נגב,2017-2018,2018,8,0.0
עמקי הצפון,2017-2018,2018,8,0.0
גוש דן והשרון,2018-2019,2018,9,0.1
גליל וגולן,2018-2019,2018,9,0.1
יהודה ושומרון,2018-2019,2018,9,0.4
ים המלח והערבה,2018-2019,2018,9,0.0
כרמל וחיפה,2018-2019,2018,9,1.5
מישור חוף דרומי,2018-2019,2018,9,0.2
מישור חוף צפוני,2018-2019,2018,9,2.2
נגב,2018-2019,2018,9,0.0
עמקי הצפון,2018-2019,2018,9,1.2
גוש דן והשרון,2018-2019,2018,10,12.8
גליל וגולן,2018-2019,2018,10,38.0
יהודה ושומרון,2018-2019,2018,10,26.2
ים המלח והערבה,2018-2019,2018,10,5.8
כרמל וחיפה,2018-2019,2018,10,17.7
מישור חוף דרומי,2018-2019,2018,10,25.9
מישור חוף צפוני,2018-2019,2018,10,25.4
נגב,2018-2019,2018,10,3.3
עמקי הצפון,2018-2019,2018,10,20.1
גוש דן והשרון,2018-2019,2018,11,70.6
גליל וגולן,2018-2019,2018,11,42.4
יהודה ושומרון,2018-2019,2018,11,47.9
ים המלח והערבה,2018-2019,2018,11,12.4
כרמל וחיפה,2018-2019,2018,11,76.0
מישור חוף דרומי,2018-2019,2018,11,69.9
מישור חוף צפוני,2018-2019,2018,11,90.6
נגב,2018-2019,2018,11,30.1
עמקי הצפון,2018-2019,2018,11,38.8
גוש דן והשרון,2018-2019,2018,12,279.4
גליל וגולן,2018-2019,2018,12,213.7
יהודה ושומרון,2018-2019,2018,12,177.2
ים המלח והערבה,2018-2019,2018,12,9.6
כרמל וחיפה,2018-2019,2018,12,220.7
מישור חוף דרומי,2018-2019,2018,12,174.2
מישור חוף צפוני,2018-2019,2018,12,179.6
נגב,2018-2019,2018,12,11.2
עמקי הצפון,2018-2019,2018,12,140.3
גוש דן והשרון,2018-2019,2019,1,81.9
גליל וגולן,2018-2019,2019,1,248.6
יהודה ושומרון,2018-2019,2019,1,82.6
ים המלח והערבה,2018-2019,2019,1,4.3
כרמל וחיפה,2018-2019,2019,1,179.2
מישור חוף דרומי,2018-2019,2019,1,52.2
מישור חוף צפוני,2018-2019,2019,1,164.9
נגב,2018-2019,2019,1,3.2
עמקי הצפון,2018-2019,2019,1,150.3
גוש דן והשרון,2018-2019,2019,2,96.9
גליל וגולן,2018-2019,2019,2,184.2
יהודה ושומרון,2018-2019,2019,2,138.7
ים המלח והערבה,2018-2019,2019,2,19.4
כרמל וחיפה,2018-2019,2019,2,125.8
מישור חוף דרומי,2018-2019,2019,2,93.6
מישור חוף צפוני,2018-2019,2019,2,127.5
נגב,2018-2019,2019,2,27.8
עמקי הצפון,2018-2019,2019,2,122.1
גוש דן והשרון,2018-2019,2019,3,71.7
גליל וגולן,2018-2019,2019,3,135.8
יהודה ושומרון,2018-2019,2019,3,93.7
ים המלח והערבה,2018-2019,2019,3,10.2
כרמל וחיפה,2018-2019,2019,3,104.7
מישור חוף דרומי,2018-2019,2019,3,76.2
מישור חוף צפוני,2018-2019,2019,3,76.6
נגב,2018-2019,2019,3,26.6
עמקי הצפון,2018-2019,2019,3,84.0
גוש דן והשרון,2018-2019,2019,4,21.8
גליל וגולן,2018-2019,2019,4,54.1
יהודה ושומרון,2018-2019,2019,4,15.6
ים המלח והערבה,2018-2019,2019,4,1.4
כרמל וחיפה,2018-2019,2019,4,40.9
מישור חוף דרומי,2018-2019,2019,4,12.3
מישור חוף צפוני,2018-2019,2019,4,37.1
נגב,2018-2019,2019,4,4.4
עמקי הצפון,2018-2019,2019,4,33.4
גוש דן והשרון,2018-2019,2019,5,0.0
גליל וגולן,2018-2019,2019,5,0.1
יהודה ושומרון,2018-2019,2019,5,0.0
ים המלח והערבה,2018-2019,2019,5,0.0
כרמל וחיפה,2018-2019,2019,5,0.2
מישור חוף דרומי,2018-2019,2019,5,0.0
מישור חוף צפוני,2018-2019,2019,5,0.1
נגב,2018-2019,2019,5,0.0
עמקי הצפון,2018-2019,2019,5,0.0
גוש דן והשרון,2018-2019,2019,6,0.0
גליל וגולן,2018-2019,2019,6,0.0
יהודה ושומרון,2018-2019,2019,6,0.0
ים המלח והערבה,2018-2019,2019,6,0.0
כרמל וחיפה,2018-2019,2019,6,0.0
מישור חוף דרומי,2018-2019,2019,6,0.0
מישור חוף צפוני,2018-2019,2019,6,0.0
נגב,2018-2019,2019,6,0.0
עמקי הצפון,2018-2019,2019,6,0.0
גוש דן והשרון,2018-2019,2019,7,0.0
גליל וגולן,2018-2019,2019,7,0.0
יהודה ושומרון,2018-2019,2019,7,0.0
ים המלח והערבה,2018-2019,2019,7,0.0
כרמל וחיפה,2018-2019,2019,7,0.0
מישור חוף דרומי,2018-2019,2019,7,0.0
מישור חוף צפוני,2018-2019,2019,7,0.0
נגב,2018-2019,2019,7,0.0
עמקי הצפון,2018-2019,2019,7,0.0
גוש דן והשרון,2018-2019,2019,8,0.0
גליל וגולן,2018-2019,2019,8,0.0
יהודה ושומרון,2018-2019,2019,8,0.0
ים המלח והערבה,2018-2019,2019,8,0.0
כרמל וחיפה,2018-2019,2019,8,0.0
מישור חוף דרומי,2018-2019,2019,8,0.0
מישור חוף צפוני,2018-2019,2019,8,0.0
נגב,2018-2019,2019,8,0.0
עמקי הצפון,2018-2019,2019,8,0.0
גוש דן והשרון,2019-2020,2019,9,0.0
גליל וגולן,2019-2020,2019,9,0.1
יהודה ושומרון,2019-2020,2019,9,0.0
ים המלח והערבה,2019-2020,2019,9,0.0
כרמל וחיפה,2019-2020,2019,9,3.6
מישור חוף דרומי,2019-2020,2019,9,0.0
מישור חוף צפוני,2019-2020,2019,9,0.6
נגב,2019-2020,2019,9,0.0
עמקי הצפון,2019-2020,2019,9,0.0
גוש דן והשרון,2019-2020,2019,10,19.1
גליל וגולן,2019-2020,2019,10,13.0
יהודה ושומרון,2019-2020,2019,10,13.4
ים המלח והערבה,2019-2020,2019,10,9.8
כרמל וחיפה,2019-2020,2019,10,8.3
מישור חוף דרומי,2019-2020,2019,10,20.2
מישור חוף צפוני,2019-2020,2019,10,17.0
נגב,2019-2020,2019,10,21.0
עמקי הצפון,2019-2020,2019,10,9.6
גוש דן והשרון,2019-2020,2019,11,2.6
גליל וגולן,2019-2020,2019,11,7.5
יהודה ושומרון,2019-2020,2019,11,4.1
ים המלח והערבה,2019-2020,2019,11,0.1
כרמל וחיפה,2019-2020,2019,11,5.0
מישור חוף דרומי,2019-2020,2019,11,3.3
מישור חוף צפוני,2019-2020,2019,11,6.4
נגב,2019-2020,2019,11,1.3
עמקי הצפון,2019-2020,2019,11,9.2
גוש דן והשרון,2019-2020,2019,12,132.7
גליל וגולן,2019-2020,2019,12,245.1
יהודה ושומרון,2019-2020,2019,12,138.1
ים המלח והערבה,2019-2020,2019,12,10.2
כרמל וחיפה,2019-2020,2019,12,241.0
מישור חוף דרומי,2019-2020,2019,12,120.5
מישור חוף צפוני,2019-2020,2019,12,198.4
נגב,2019-2020,2019,12,10.5
עמקי הצפון,2019-2020,2019,12,162.1
גוש דן והשרון,2019-2020,2020,1,319.6
גליל וגולן,2019-2020,2020,1,300.9
יהודה ושומרון,2019-2020,2020,1,204.9
ים המלח והערבה,2019-2020,2020,1,17.6
כרמל וחיפה,2019-2020,2020,1,343.0
מישור חוף דרומי,2019-2020,2020,1,234.3
מישור חוף צפוני,2019-2020,2020,1,276.6
נגב,2019-2020,2020,1,54.9
עמקי הצפון,2019-2020,2020,1,200.5
גוש דן והשרון,2019-2020,2020,2,58.4
גליל וגולן,2019-2020,2020,2,87.5
יהודה ושומרון,2019-2020,2020,2,96.3
ים המלח והערבה,2019-2020,2020,2,24.3
כרמל וחיפה,2019-2020,2020,2,89.1
מישור חוף דרומי,2019-2020,2020,2,57.9
מישור חוף צפוני,2019-2020,2020,2,70.3
נגב,2019-2020,2020,2,36.6
עמקי הצפון,2019-2020,2020,2,55.7
גוש דן והשרון,2019-2020,2020,3,84.8
גליל וגולן,2019-2020,2020,3,97.5
יהודה ושומרון,2019-2020,2020,3,116.8
ים המלח והערבה,2019-2020,2020,3,20.4
כרמל וחיפה,2019-2020,2020,3,103.5
מישור חוף דרומי,2019-2020,2020,3,89.9
מישור חוף צפוני,2019-2020,2020,3,78.9
נגב,2019-2020,2020,3,58.6
עמקי הצפון,2019-2020,2020,3,60.1
גוש דן והשרון,2019-2020,2020,4,13.0
גליל וגולן,2019-2020,2020,4,52.9
יהודה ושומרון,2019-2020,2020,4,20.4
ים המלח והערבה,2019-2020,2020,4,1.2
כרמל וחיפה,2019-2020,2020,4,35.5
מישור חוף דרומי,2019-2020,2020,4,11.3
מישור חוף צפוני,2019-2020,2020,4,24.6
נגב,2019-2020,2020,4,2.8
עמקי הצפון,2019-2020,2020,4,39.2
גוש דן והשרון,2019-2020,2020,5,6.5
גליל וגולן,2019-2020,2020,5,28.9
יהודה ושומרון,2019-2020,2020,5,11.6
ים המלח והערבה,2019-2020,2020,5,1.0
כרמל וחיפה,2019-2020,2020,5,14.5
מישור חוף דרומי,2019-2020,2020,5,4.6
מישור חוף צפוני,2019-2020,2020,5,8.1
נגב,2019-2020,2020,5,3.8
עמקי הצפון,2019-2020,2020,5,17.4
גוש דן והשרון,2019-2020,2020,6,0.0
גליל וגולן,2019-2020,2020,6,0.2
יהודה ושומרון,2019-2020,2020,6,0.0
ים המלח והערבה,2019-2020,2020,6,0.0
כרמל וחיפה,2019-2020,2020,6,0.0
מישור חוף דרומי,2019-2020,2020,6,0.0
מישור חוף צפוני,2019-2020,2020,6,0.0
נגב,2019-2020,2020,6,0.0
עמקי הצפון,2019-2020,2020,6,0.0
גוש דן והשרון,2019-2020,2020,7,0.0
גליל וגולן,2019-2020,2020,7,0.0
יהודה ושומרון,2019-2020,2020,7,0.0
ים המלח והערבה,2019-2020,2020,7,0.0
כרמל וחיפה,2019-2020,2020,7,0.0
מישור חוף דרומי,2019-2020,2020,7,0.0
מישור חוף צפוני,2019-2020,2020,7,0.0
נגב,2019-2020,2020,7,0.0
עמקי הצפון,2019-2020,2020,7,0.0
גוש דן והשרון,2019-2020,2020,8,0.9
גליל וגולן,2019-2020,2020,8,0.5
יהודה ושומרון,2019-2020,2020,8,0.0
ים המלח והערבה,2019-2020,2020,8,0.0
כרמל וחיפה,2019-2020,2020,8,0.2
מישור חוף דרומי,2019-2020,2020,8,0.0
מישור חוף צפוני,2019-2020,2020,8,0.0
נגב,2019-2020,2020,8,0.0
עמקי הצפון,2019-2020,2020,8,0.1
גוש דן והשרון,2020-2021,2020,9,0.0
גליל וגולן,2020-2021,2020,9,0.0
יהודה ושומרון,2020-2021,2020,9,0.2
ים המלח והערבה,2020-2021,2020,9,0.0
כרמל וחיפה,2020-2021,2020,9,0.0
מישור חוף דרומי,2020-2021,2020,9,0.0
מישור חוף צפוני,2020-2021,2020,9,0.0
נגב,2020-2021,2020,9,0.0
עמקי הצפון,2020-2021,2020,9,0.2
גוש דן והשרון,2020-2021,2020,10,0.0
גליל וגולן,2020-2021,2020,10,0.0
יהודה ושומרון,2020-2021,2020,10,0.4
ים המלח והערבה,2020-2021,2020,10,0.0
כרמל וחיפה,2020-2021,2020,10,0.0
מישור חוף דרומי,2020-2021,2020,10,0.0
מישור חוף צפוני,2020-2021,2020,10,0.0
נגב,2020-2021,2020,10,0.0
עמקי הצפון,2020-2021,2020,10,0.0
גוש דן והשרון,2020-2021,2020,11,225.9
גליל וגולן,2020-2021,2020,11,171.0
יהודה ושומרון,2020-2021,2020,11,84.9
ים המלח והערבה,2020-2021,2020,11,7.0
כרמל וחיפה,2020-2021,2020,11,193.4
מישור חוף דרומי,2020-2021,2020,11,120.9
מישור חוף צפוני,2020-2021,2020,11,202.8
נגב,2020-2021,2020,11,8.4
עמקי הצפון,2020-2021,2020,11,105.4
גוש דן והשרון,2020-2021,2020,12,110.8
גליל וגולן,2020-2021,2020,12,101.6
יהודה ושומרון,2020-2021,2020,12,50.3
ים המלח והערבה,2020-2021,2020,12,11.1
כרמל וחיפה,2020-2021,2020,12,135.0
מישור חוף דרומי,2020-2021,2020,12,72.9
מישור חוף צפוני,2020-2021,2020,12,88.7
נגב,2020-2021,2020,12,12.0
עמקי הצפון,2020-2021,2020,12,85.1
גוש דן והשרון,2020-2021,2021,1,90.5
גליל וגולן,2020-2021,2021,1,190.6
יהודה ושומרון,2020-2021,2021,1,128.3
ים המלח והערבה,2020-2021,2021,1,9.4
כרמל וחיפה,2020-2021,2021,1,161.2
מישור חוף דרומי,2020-2021,2021,1,94.2
מישור חוף צפוני,2020-2021,2021,1,141.3
נגב,2020-2021,2021,1,14.2
עמקי הצפון,2020-2021,2021,1,116.2
גוש דן והשרון,2020-2021,2021,2,105.4
גליל וגולן,2020-2021,2021,2,98.8
יהודה ושומרון,2020-2021,2021,2,101.4
ים המלח והערבה,2020-2021,2021,2,16.5
כרמל וחיפה,2020-2021,2021,2,96.9
מישור חוף דרומי,2020-2021,2021,2,82.8
מישור חוף צפוני,2020-2021,2021,2,76.6
נגב,2020-2021,2021,2,22.8
עמקי הצפון,2020-2021,2021,2,90.4
גוש דן והשרון,2020-2021,2021,3,23.8
גליל וגולן,2020-2021,2021,3,45.9
יהודה ושומרון,2020-2021,2021,3,25.2
ים המלח והערבה,2020-2021,2021,3,0.7
כרמל וחיפה,2020-2021,2021,3,37.0
מישור חוף דרומי,2020-2021,2021,3,22.7
מישור חוף צפוני,2020-2021,2021,3,37.6
נגב,2020-2021,2021,3,3.6
עמקי הצפון,2020-2021,2021,3,24.2
גוש דן והשרון,2020-2021,2021,4,6.3
גליל וגולן,2020-2021,2021,4,25.9
יהודה ושומרון,2020-2021,2021,4,3.6
ים המלח והערבה,2020-2021,2021,4,0.0
כרמל וחיפה,2020-2021,2021,4,20.9
מישור חוף דרומי,2020-2021,2021,4,0.4
מישור חוף צפוני,2020-2021,2021,4,18.9
נגב,2020-2021,2021,4,0.0
עמקי הצפון,2020-2021,2021,4,10.3
גוש דן והשרון,2020-2021,2021,5,0.0
גליל וגולן,2020-2021,2021,5,0.0
יהודה ושומרון,2020-2021,2021,5,0.0
ים המלח והערבה,2020-2021,2021,5,0.0
כרמל וחיפה,2020-2021,2021,5,0.0
מישור חוף דרומי,2020-2021,2021,5,0.0
מישור חוף צפוני,2020-2021,2021,5,0.0
נגב,2020-2021,2021,5,0.0
עמקי הצפון,2020-2021,2021,5,0.0
גוש דן והשרון,2020-2021,2021,6,0.0
גליל וגולן,2020-2021,2021,6,0.0
יהודה ושומרון,2020-2021,2021,6,0.0
ים המלח והערבה,2020-2021,2021,6,0.0
כרמל וחיפה,2020-2021,2021,6,0.0
מישור חוף דרומי,2020-2021,2021,6,0.0
מישור חוף צפוני,2020-2021,2021,6,0.0
נגב,2020-2021,2021,6,0.0
עמקי הצפון,2020-2021,2021,6,0.0
גוש דן והשרון,2020-2021,2021,7,0.0
גליל וגולן,2020-2021,2021,7,0.0
יהודה ושומרון,2020-2021,2021,7,0.0
ים המלח והערבה,2020-2021,2021,7,0.0
כרמל וחיפה,2020-2021,2021,7,0.1
מישור חוף דרומי,2020-2021,2021,7,0.0
מישור חוף צפוני,2020-2021,2021,7,0.2
נגב,2020-2021,2021,7,0.0
עמקי הצפון,2020-2021,2021,7,0.1
גוש דן והשרון,2020-2021,2021,8,0.0
גליל וגולן,2020-2021,2021,8,0.0
יהודה ושומרון,2020-2021,2021,8,0.0
ים המלח והערבה,2020-2021,2021,8,0.0
כרמל וחיפה,2020-2021,2021,8,0.0
מישור חוף דרומי,2020-2021,2021,8,0.0
מישור חוף צפוני,2020-2021,2021,8,0.0
נגב,2020-2021,2021,8,0.0
עמקי הצפון,2020-2021,2021,8,0.0
גוש דן והשרון,2021-2022,2021,9,0.7
גליל וגולן,2021-2022,2021,9,0.6
יהודה ושומרון,2021-2022,2021,9,1.9
ים המלח והערבה,2021-2022,2021,9,0.3
כרמל וחיפה,2021-2022,2021,9,1.9
מישור חוף דרומי,2021-2022,2021,9,3.3
מישור חוף צפוני,2021-2022,2021,9,0.5
נגב,2021-2022,2021,9,3.3
עמקי הצפון,2021-2022,2021,9,0.5
גוש דן והשרון,2021-2022,2021,10,2.2
גליל וגולן,2021-2022,2021,10,1.9
יהודה ושומרון,2021-2022,2021,10,0.9
ים המלח והערבה,2021-2022,2021,10,0.1
כרמל וחיפה,2021-2022,2021,10,1.7
מישור חוף דרומי,2021-2022,2021,10,1.5
מישור חוף צפוני,2021-2022,2021,10,1.6
נגב,2021-2022,2021,10,0.2
עמקי הצפון,2021-2022,2021,10,1.8
גוש דן והשרון,2021-2022,2021,11,47.6
גליל וגולן,2021-2022,2021,11,25.8
יהודה ושומרון,2021-2022,2021,11,27.8
ים המלח והערבה,2021-2022,2021,11,3.3
כרמל וחיפה,2021-2022,2021,11,26.6
מישור חוף דרומי,2021-2022,2021,11,30.9
מישור חוף צפוני,2021-2022,2021,11,36.7
נגב,2021-2022,2021,11,3.7
עמקי הצפון,2021-2022,2021,11,24.8
גוש דן והשרון,2021-2022,2021,12,267.5
גליל וגולן,2021-2022,2021,12,172.1
יהודה ושומרון,2021-2022,2021,12,105.0
ים המלח והערבה,2021-2022,2021,12,5.4
כרמל וחיפה,2021-2022,2021,12,224.1
מישור חוף דרומי,2021-2022,2021,12,91.7
מישור חוף צפוני,2021-2022,2021,12,161.5
נגב,2021-2022,2021,12,9.5
עמקי הצפון,2021-2022,2021,12,111.9
גוש דן והשרון,2021-2022,2022,1,231.5
גליל וגולן,2021-2022,2022,1,229.2
יהודה ושומרון,2021-2022,2022,1,209.6
ים המלח והערבה,2021-2022,2022,1,20.0
כרמל וחיפה,2021-2022,2022,1,228.6
מישור חוף דרומי,2021-2022,2022,1,236.4
מישור חוף צפוני,2021-2022,2022,1,207.7
נגב,2021-2022,2022,1,40.0
עמקי הצפון,2021-2022,2022,1,147.8
גוש דן והשרון,2021-2022,2022,2,61.0
גליל וגולן,2021-2022,2022,2,115.2
יהודה ושומרון,2021-2022,2022,2,80.8
ים המלח והערבה,2021-2022,2022,2,8.1
כרמל וחיפה,2021-2022,2022,2,84.7
מישור חוף דרומי,2021-2022,2022,2,60.5
מישור חוף צפוני,2021-2022,2022,2,86.3
נגב,2021-2022,2022,2,24.3
עמקי הצפון,2021-2022,2022,2,68.6
גוש דן והשרון,2021-2022,2022,3,62.8
גליל וגולן,2021-2022,2022,3,123.1
יהודה ושומרון,2021-2022,2022,3,78.4
ים המלח והערבה,2021-2022,2022,3,2.3
כרמל וחיפה,2021-2022,2022,3,110.9
מישור חוף דרומי,2021-2022,2022,3,59.9
מישור חוף צפוני,2021-2022,2022,3,93.2
נגב,2021-2022,2022,3,9.3
עמקי הצפון,2021-2022,2022,3,82.0
גוש דן והשרון,2021-2022,2022,4,0.0
גליל וגולן,2021-2022,2022,4,0.3
יהודה ושומרון,2021-2022,2022,4,0.0
ים המלח והערבה,2021-2022,2022,4,0.0
כרמל וחיפה,2021-2022,2022,4,0.2
מישור חוף דרומי,2021-2022,2022,4,0.0
מישור חוף צפוני,2021-2022,2022,4,0.1
נגב,2021-2022,2022,4,0.0
עמקי הצפון,2021-2022,2022,4,0.0
גוש דן והשרון,2021-2022,2022,5,0.0
גליל וגולן,2021-2022,2022,5,5.7
יהודה ושומרון,2021-2022,2022,5,2.1
ים המלח והערבה,2021-2022,2022,5,0.1
כרמל וחיפה,2021-2022,2022,5,2.6
מישור חוף דרומי,2021-2022,2022,5,0.0
מישור חוף צפוני,2021-2022,2022,5,1.8
נגב,2021-2022,2022,5,0.0
עמקי הצפון,2021-2022,2022,5,3.8
גוש דן והשרון,2021-2022,2022,6,0.0
גליל וגולן,2021-2022,2022,6,0.3
יהודה ושומרון,2021-2022,2022,6,0.0
ים המלח והערבה,2021-2022,2022,6,0.0
כרמל וחיפה,2021-2022,2022,6,0.1
מישור חוף דרומי,2021-2022,2022,6,0.3
מישור חוף צפוני,2021-2022,2022,6,0.2
נגב,2021-2022,2022,6,0.0
עמקי הצפון,2021-2022,2022,6,0.1
גוש דן והשרון,2021-2022,2022,7,0.0
גליל וגולן,2021-2022,2022,7,0.0
יהודה ושומרון,2021-2022,2022,7,0.0
ים המלח והערבה,2021-2022,2022,7,0.0
כרמל וחיפה,2021-2022,2022,7,0.0
מישור חוף דרומי,2021-2022,2022,7,0.0
מישור חוף צפוני,2021-2022,2022,7,0.0
נגב,2021-2022,2022,7,0.0
עמקי הצפון,2021-2022,2022,7,0.0
גוש דן והשרון,2021-2022,2022,8,0.0
גליל וגולן,2021-2022,2022,8,0.1
יהודה ושומרון,2021-2022,2022,8,0.0
ים המלח והערבה,2021-2022,2022,8,0.0
כרמל וחיפה,2021-2022,2022,8,0.0
מישור חוף דרומי,2021-2022,2022,8,0.0
מישור חוף צפוני,2021-2022,2022,8,0.0
נגב,2021-2022,2022,8,0.0
עמקי הצפון,2021-2022,2022,8,0.0
גוש דן והשרון,2022-2023,2022,9,0.0
גליל וגולן,2022-2023,2022,9,0.0
יהודה ושומרון,2022-2023,2022,9,0.0
ים המלח והערבה,2022-2023,2022,9,0.0
כרמל וחיפה,2022-2023,2022,9,0.0
מישור חוף דרומי,2022-2023,2022,9,0.0
מישור חוף צפוני,2022-2023,2022,9,0.0
נגב,2022-2023,2022,9,0.0
עמקי הצפון,2022-2023,2022,9,0.0
גוש דן והשרון,2022-2023,2022,10,4.0
גליל וגולן,2022-2023,2022,10,5.5
יהודה ושומרון,2022-2023,2022,10,8.7
ים המלח והערבה,2022-2023,2022,10,2.7
כרמל וחיפה,2022-2023,2022,10,7.5
מישור חוף דרומי,2022-2023,2022,10,4.7
מישור חוף צפוני,2022-2023,2022,10,4.6
נגב,2022-2023,2022,10,4.8
עמקי הצפון,2022-2023,2022,10,4.3
גוש דן והשרון,2022-2023,2022,11,55.2
גליל וגולן,2022-2023,2022,11,64.1
יהודה ושומרון,2022-2023,2022,11,48.6
ים המלח והערבה,2022-2023,2022,11,9.6
כרמל וחיפה,2022-2023,2022,11,68.0
מישור חוף דרומי,2022-2023,2022,11,70.9
מישור חוף צפוני,2022-2023,2022,11,64.4
נגב,2022-2023,2022,11,10.9
עמקי הצפון,2022-2023,2022,11,54.3
גוש דן והשרון,2022-2023,2022,12,94.1
גליל וגולן,2022-2023,2022,12,39.8
יהודה ושומרון,2022-2023,2022,12,58.1
ים המלח והערבה,2022-2023,2022,12,13.6
כרמל וחיפה,2022-2023,2022,12,68.7
מישור חוף דרומי,2022-2023,2022,12,80.5
מישור חוף צפוני,2022-2023,2022,12,59.0
נגב,2022-2023,2022,12,33.3
עמקי הצפון,2022-2023,2022,12,32.5
גוש דן והשרון,2022-2023,2023,1,62.5
גליל וגולן,2022-2023,2023,1,87.1
יהודה ושומרון,2022-2023,2023,1,43.9
ים המלח והערבה,2022-2023,2023,1,5.1
כרמל וחיפה,2022-2023,2023,1,117.1
מישור חוף דרומי,2022-2023,2023,1,42.9
מישור חוף צפוני,2022-2023,2023,1,117.9
נגב,2022-2023,2023,1,3.0
עמקי הצפון,2022-2023,2023,1,66.1
גוש דן והשרון,2022-2023,2023,2,107.0
גליל וגולן,2022-2023,2023,2,156.6
יהודה ושומרון,2022-2023,2023,2,154.3
ים המלח והערבה,2022-2023,2023,2,11.8
כרמל וחיפה,2022-2023,2023,2,104.3
מישור חוף דרומי,2022-2023,2023,2,107.1
מישור חוף צפוני,2022-2023,2023,2,89.4
נגב,2022-2023,2023,2,20.7
עמקי הצפון,2022-2023,2023,2,111.5
גוש דן והשרון,2022-2023,2023,3,58.6
גליל וגולן,2022-2023,2023,3,92.6
יהודה ושומרון,2022-2023,2023,3,88.7
ים המלח והערבה,2022-2023,2023,3,21.2
כרמל וחיפה,2022-2023,2023,3,56.1
מישור חוף דרומי,2022-2023,2023,3,72.4
מישור חוף צפוני,2022-2023,2023,3,49.8
נגב,2022-2023,2023,3,37.1
עמקי הצפון,2022-2023,2023,3,62.3
גוש דן והשרון,2022-2023,2023,4,51.8
גליל וגולן,2022-2023,2023,4,70.6
יהודה ושומרון,2022-2023,2023,4,59.4
ים המלח והערבה,2022-2023,2023,4,18.3
כרמל וחיפה,2022-2023,2023,4,70.5
מישור חוף דרומי,2022-2023,2023,4,43.9
מישור חוף צפוני,2022-2023,2023,4,33.6
נגב,2022-2023,2023,4,22.2
עמקי הצפון,2022-2023,2023,4,53.6
גוש דן והשרון,2022-2023,2023,5,0.2
גליל וגולן,2022-2023,2023,5,1.2
יהודה ושומרון,2022-2023,2023,5,2.0
ים המלח והערבה,2022-2023,2023,5,5.0
כרמל וחיפה,2022-2023,2023,5,1.9
מישור חוף דרומי,2022-2023,2023,5,0.1
מישור חוף צפוני,2022-2023,2023,5,0.9
נגב,2022-2023,2023,5,4.1
עמקי הצפון,2022-2023,2023,5,1.3
גוש דן והשרון,2022-2023,2023,6,2.2
גליל וגולן,2022-2023,2023,6,1.9
יהודה ושומרון,2022-2023,2023,6,2.6
ים המלח והערבה,2022-2023,2023,6,0.5
כרמל וחיפה,2022-2023,2023,6,1.7
מישור חוף דרומי,2022-2023,2023,6,3.1
מישור חוף צפוני,2022-2023,2023,6,1.2
נגב,2022-2023,2023,6,1.8
עמקי הצפון,2022-2023,2023,6,1.7
גוש דן והשרון,2022-2023,2023,7,0.0
גליל וגולן,2022-2023,2023,7,0.0
יהודה ושומרון,2022-2023,2023,7,0.0
ים המלח והערבה,2022-2023,2023,7,0.0
כרמל וחיפה,2022-2023,2023,7,0.0
מישור חוף דרומי,2022-2023,2023,7,0.0
מישור חוף צפוני,2022-2023,2023,7,0.0
נגב,2022-2023,2023,7,0.0
עמקי הצפון,2022-2023,2023,7,0.0
גוש דן והשרון,2022-2023,2023,8,0.0
גליל וגולן,2022-2023,2023,8,1.2
יהודה ושומרון,2022-2023,2023,8,0.1
ים המלח והערבה,2022-2023,2023,8,0.0
כרמל וחיפה,2022-2023,2023,8,2.5
מישור חוף דרומי,2022-2023,2023,8,0.0
מישור חוף צפוני,2022-2023,2023,8,1.3
נגב,2022-2023,2023,8,0.0
עמקי הצפון,2022-2023,2023,8,0.5
גוש דן והשרון,2023-2024,2023,9,20.8
גליל וגולן,2023-2024,2023,9,0.3
יהודה ושומרון,2023-2024,2023,9,3.4
ים המלח והערבה,2023-2024,2023,9,0.6
כרמל וחיפה,2023-2024,2023,9,0.1
מישור חוף דרומי,2023-2024,2023,9,4.3
מישור חוף צפוני,2023-2024,2023,9,0.7
נגב,2023-2024,2023,9,0.0
עמקי הצפון,2023-2024,2023,9,0.0
גוש דן והשרון,2023-2024,2023,10,43.8
גליל וגולן,2023-2024,2023,10,20.7
יהודה ושומרון,2023-2024,2023,10,6.5
ים המלח והערבה,2023-2024,2023,10,0.1
כרמל וחיפה,2023-2024,2023,10,25.3
מישור חוף דרומי,2023-2024,2023,10,10.5
מישור חוף צפוני,2023-2024,2023,10,15.7
נגב,2023-2024,2023,10,0.6
עמקי הצפון,2023-2024,2023,10,14.2
גוש דן והשרון,2023-2024,2023,11,82.1
גליל וגולן,2023-2024,2023,11,104.4
יהודה ושומרון,2023-2024,2023,11,81.6
ים המלח והערבה,2023-2024,2023,11,6.7
כרמל וחיפה,2023-2024,2023,11,112.4
מישור חוף דרומי,2023-2024,2023,11,42.8
מישור חוף צפוני,2023-2024,2023,11,76.3
נגב,2023-2024,2023,11,14.5
עמקי הצפון,2023-2024,2023,11,69.0
גוש דן והשרון,2023-2024,2023,12,71.9
גליל וגולן,2023-2024,2023,12,170.9
יהודה ושומרון,2023-2024,2023,12,67.1
ים המלח והערבה,2023-2024,2023,12,13.6
כרמל וחיפה,2023-2024,2023,12,176.4
מישור חוף דרומי,2023-2024,2023,12,54.0
מישור חוף צפוני,2023-2024,2023,12,117.4
נגב,2023-2024,2023,12,19.4
עמקי הצפון,2023-2024,2023,12,103.5
גוש דן והשרון,2023-2024,2024,1,252.9
גליל וגולן,2023-2024,2024,1,271.6
יהודה ושומרון,2023-2024,2024,1,178.1
ים המלח והערבה,2023-2024,2024,1,6.6
כרמל וחיפה,2023-2024,2024,1,280.9
מישור חוף דרומי,2023-2024,2024,1,166.4
מישור חוף צפוני,2023-2024,2024,1,223.0
נגב,2023-2024,2024,1,18.0
עמקי הצפון,2023-2024,2024,1,187.9
גוש דן והשרון,2023-2024,2024,2,169.4
גליל וגולן,2023-2024,2024,2,172.2
יהודה ושומרון,2023-2024,2024,2,79.2
ים המלח והערבה,2023-2024,2024,2,7.3
כרמל וחיפה,2023-2024,2024,2,255.8
מישור חוף דרומי,2023-2024,2024,2,50.4
מישור חוף צפוני,2023-2024,2024,2,194.2
נגב,2023-2024,2024,2,8.1
עמקי הצפון,2023-2024,2024,2,121.2
גוש דן והשרון,2023-2024,2024,3,25.0
גליל וגולן,2023-2024,2024,3,60.3
יהודה ושומרון,2023-2024,2024,3,45.8
ים המלח והערבה,2023-2024,2024,3,4.6
כרמל וחיפה,2023-2024,2024,3,38.8
מישור חוף דרומי,2023-2024,2024,3,21.1
מישור חוף צפוני,2023-2024,2024,3,46.1
נגב,2023-2024,2024,3,3.7
עמקי הצפון,2023-2024,2024,3,42.9
גוש דן והשרון,2023-2024,2024,4,16.1
גליל וגולן,2023-2024,2024,4,38.3
יהודה ושומרון,2023-2024,2024,4,9.7
ים המלח והערבה,2023-2024,2024,4,0.7
כרמל וחיפה,2023-2024,2024,4,35.9
מישור חוף דרומי,2023-2024,2024,4,7.8
מישור חוף צפוני,2023-2024,2024,4,34.6
נגב,2023-2024,2024,4,2.9
עמקי הצפון,2023-2024,2024,4,27.4
גוש דן והשרון,2023-2024,2024,5,6.9
גליל וגולן,2023-2024,2024,5,16.3
יהודה ושומרון,2023-2024,2024,5,8.8
ים המלח והערבה,2023-2024,2024,5,0.8
כרמל וחיפה,2023-2024,2024,5,2.9
מישור חוף דרומי,2023-2024,2024,5,3.4
מישור חוף צפוני,2023-2024,2024,5,9.0
נגב,2023-2024,2024,5,0.5
עמקי הצפון,2023-2024,2024,5,6.7
גוש דן והשרון,2023-2024,2024,6,0.0
גליל וגולן,2023-2024,2024,6,0.0
יהודה ושומרון,2023-2024,2024,6,0.0
ים המלח והערבה,2023-2024,2024,6,0.0
כרמל וחיפה,2023-2024,2024,6,0.0
מישור חוף דרומי,2023-2024,2024,6,0.0
מישור חוף צפוני,2023-2024,2024,6,0.0
נגב,2023-2024,2024,6,0.0
עמקי הצפון,2023-2024,2024,6,0.0
גוש דן והשרון,2023-2024,2024,7,0.0
גליל וגולן,2023-2024,2024,7,0.0
יהודה ושומרון,2023-2024,2024,7,0.0
ים המלח והערבה,2023-2024,2024,7,0.0
כרמל וחיפה,2023-2024,2024,7,0.0
מישור חוף דרומי,2023-2024,2024,7,0.0
מישור חוף צפוני,2023-2024,2024,7,0.0
נגב,2023-2024,2024,7,0.0
עמקי הצפון,2023-2024,2024,7,0.0
גוש דן והשרון,2023-2024,2024,8,0.0
גליל וגולן,2023-2024,2024,8,0.0
יהודה ושומרון,2023-2024,2024,8,0.0
ים המלח והערבה,2023-2024,2024,8,0.0
כרמל וחיפה,2023-2024,2024,8,0.0
מישור חוף דרומי,2023-2024,2024,8,0.0
מישור חוף צפוני,2023-2024,2024,8,0.0
נגב,2023-2024,2024,8,0.0
עמקי הצפון,2023-2024,2024,8,0.0
גוש דן והשרון,2024-2025,2024,9,4.8
גליל וגולן,2024-2025,2024,9,2.1
יהודה ושומרון,2024-2025,2024,9,2.7
ים המלח והערבה,2024-2025,2024,9,0.3
כרמל וחיפה,2024-2025,2024,9,6.6
מישור חוף דרומי,2024-2025,2024,9,2.2
מישור חוף צפוני,2024-2025,2024,9,1.4
נגב,2024-2025,2024,9,0.1
עמקי הצפון,2024-2025,2024,9,4.0
גוש דן והשרון,2024-2025,2024,10,0.0
גליל וגולן,2024-2025,2024,10,1.3
יהודה ושומרון,2024-2025,2024,10,0.1
ים המלח והערבה,2024-2025,2024,10,0.0
כרמל וחיפה,2024-2025,2024,10,0.9
מישור חוף דרומי,2024-2025,2024,10,0.0
מישור חוף צפוני,2024-2025,2024,10,0.6
נגב,2024-2025,2024,10,0.0
עמקי הצפון,2024-2025,2024,10,6.0
גוש דן והשרון,2024-2025,2024,11,34.9
גליל וגולן,2024-2025,2024,11,59.1
יהודה ושומרון,2024-2025,2024,11,30.2
ים המלח והערבה,2024-2025,2024,11,2.6
כרמל וחיפה,2024-2025,2024,11,89.2
מישור חוף דרומי,2024-2025,2024,11,28.7
מישור חוף צפוני,2024-2025,2024,11,83.8
נגב,2024-2025,2024,11,7.5
עמקי הצפון,2024-2025,2024,11,86.5
גוש דן והשרון,2024-2025,2024,12,108.2
גליל וגולן,2024-2025,2024,12,140.3
יהודה ושומרון,2024-2025,2024,12,56.4
ים המלח והערבה,2024-2025,2024,12,3.6
כרמל וחיפה,2024-2025,2024,12,223.8
מישור חוף דרומי,2024-2025,2024,12,43.2
מישור חוף צפוני,2024-2025,2024,12,173.5
נגב,2024-2025,2024,12,2.2
עמקי הצפון,2024-2025,2024,12,108.5
גוש דן והשרון,2024-2025,2025,1,24.6
גליל וגולן,2024-2025,2025,1,8.0
יהודה ושומרון,2024-2025,2025,1,14.4
ים המלח והערבה,2024-2025,2025,1,2.5
כרמל וחיפה,2024-2025,2025,1,18.8
מישור חוף דרומי,2024-2025,2025,1,13.2
מישור חוף צפוני,2024-2025,2025,1,21.3
נגב,2024-2025,2025,1,5.8
עמקי הצפון,2024-2025,2025,1,9.8
גוש דן והשרון,2024-2025,2025,2,60.6
גליל וגולן,2024-2025,2025,2,58.0
יהודה ושומרון,2024-2025,2025,2,73.0
ים המלח והערבה,2024-2025,2025,2,6.6
כרמל וחיפה,2024-2025,2025,2,64.9
מישור חוף דרומי,2024-2025,2025,2,49.5
מישור חוף צפוני,2024-2025,2025,2,66.8
נגב,2024-2025,2025,2,21.0
עמקי הצפון,2024-2025,2025,2,42.4
גוש דן והשרון,2024-2025,2025,3,14.9
גליל וגולן,2024-2025,2025,3,35.7
יהודה ושומרון,2024-2025,2025,3,38.3
ים המלח והערבה,2024-2025,2025,3,10.9
כרמל וחיפה,2024-2025,2025,3,31.7
מישור חוף דרומי,2024-2025,2025,3,26.8
מישור חוף צפוני,2024-2025,2025,3,31.5
נגב,2024-2025,2025,3,17.8
עמקי הצפון,2024-2025,2025,3,14.5
גוש דן והשרון,2024-2025,2025,4,6.0
גליל וגולן,2024-2025,2025,4,9.2
יהודה ושומרון,2024-2025,2025,4,9.0
ים המלח והערבה,2024-2025,2025,4,0.4
כרמל וחיפה,2024-2025,2025,4,5.0
מישור חוף דרומי,2024-2025,2025,4,2.0
מישור חוף צפוני,2024-2025,2025,4,4.5
נגב,2024-2025,2025,4,0.8
עמקי הצפון,2024-2025,2025,4,4.5
גוש דן והשרון,2024-2025,2025,5,4.7
גליל וגולן,2024-2025,2025,5,2.4
יהודה ושומרון,2024-2025,2025,5,1.4
ים המלח והערבה,2024-2025,2025,5,6.4
כרמל וחיפה,2024-2025,2025,5,3.6
מישור חוף דרומי,2024-2025,2025,5,4.8
מישור חוף צפוני,2024-2025,2025,5,0.4
נגב,2024-2025,2025,5,3.0
עמקי הצפון,2024-2025,2025,5,0.3
גוש דן והשרון,2024-2025,2025,6,0.0
גליל וגולן,2024-2025,2025,6,0.0
יהודה ושומרון,2024-2025,2025,6,0.0
ים המלח והערבה,2024-2025,2025,6,0.0
כרמל וחיפה,2024-2025,2025,6,0.0
מישור חוף דרומי,2024-2025,2025,6,0.0
מישור חוף צפוני,2024-2025,2025,6,0.0
נגב,2024-2025,2025,6,0.0
עמקי הצפון,2024-2025,2025,6,0.0
גוש דן והשרון,2024-2025,2025,7,0.0
גליל וגולן,2024-2025,2025,7,0.0
יהודה ושומרון,2024-2025,2025,7,0.0
ים המלח והערבה,2024-2025,2025,7,0.0
כרמל וחיפה,2024-2025,2025,7,0.0
מישור חוף דרומי,2024-2025,2025,7,0.0
מישור חוף צפוני,2024-2025,2025,7,0.0
נגב,2024-2025,2025,7,0.0
עמקי הצפון,2024-2025,2025,7,0.0
גוש דן והשרון,2024-2025,2025,8,0.0
גליל וגולן,2024-2025,2025,8,0.0
יהודה ושומרון,2024-2025,2025,8,0.0
ים המלח והערבה,2024-2025,2025,8,0.0
כרמל וחיפה,2024-2025,2025,8,0.0
מישור חוף דרומי,2024-2025,2025,8,0.0
מישור חוף צפוני,2024-2025,2025,8,0.0
נגב,2024-2025,2025,8,0.0
עמקי הצפון,2024-2025,2025,8,0.0
גוש דן והשרון,2025-2026,2025,9,0.0
גליל וגולן,2025-2026,2025,9,6.2
יהודה ושומרון,2025-2026,2025,9,2.5
ים המלח והערבה,2025-2026,2025,9,0.0
כרמל וחיפה,2025-2026,2025,9,6.2
מישור חוף דרומי,2025-2026,2025,9,0.0
מישור חוף צפוני,2025-2026,2025,9,30.1
נגב,2025-2026,2025,9,0.1
עמקי הצפון,2025-2026,2025,9,7.5
גוש דן והשרון,2025-2026,2025,10,4.9
גליל וגולן,2025-2026,2025,10,4.1
יהודה ושומרון,2025-2026,2025,10,1.3
ים המלח והערבה,2025-2026,2025,10,0.0
כרמל וחיפה,2025-2026,2025,10,3.8
מישור חוף דרומי,2025-2026,2025,10,4.0
מישור חוף צפוני,2025-2026,2025,10,6.8
נגב,2025-2026,2025,10,0.0
עמקי הצפון,2025-2026,2025,10,1.8
גוש דן והשרון,2025-2026,2025,11,18.8
גליל וגולן,2025-2026,2025,11,46.2
יהודה ושומרון,2025-2026,2025,11,60.4
ים המלח והערבה,2025-2026,2025,11,5.6
כרמל וחיפה,2025-2026,2025,11,84.8
מישור חוף דרומי,2025-2026,2025,11,50.6
מישור חוף צפוני,2025-2026,2025,11,73.2
נגב,2025-2026,2025,11,22.3
עמקי הצפון,2025-2026,2025,11,41.0
גוש דן והשרון,2025-2026,2025,12,195.6
גליל וגולן,2025-2026,2025,12,125.2
יהודה ושומרון,2025-2026,2025,12,145.0
ים המלח והערבה,2025-2026,2025,12,30.0
כרמל וחיפה,2025-2026,2025,12,207.7
מישור חוף דרומי,2025-2026,2025,12,181.1
מישור חוף צפוני,2025-2026,2025,12,188.1
נגב,2025-2026,2025,12,61.4
עמקי הצפון,2025-2026,2025,12,97.2
גוש דן והשרון,2025-2026,2026,1,91.2
גליל וגולן,2025-2026,2026,1,157.5
יהודה ושומרון,2025-2026,2026,1,150.6
ים המלח והערבה,2025-2026,2026,1,12.2
כרמל וחיפה,2025-2026,2026,1,138.1
מישור חוף דרומי,2025-2026,2026,1,104.9
מישור חוף צפוני,2025-2026,2026,1,126.6
נגב,2025-2026,2026,1,22.1
עמקי הצפון,2025-2026,2026,1,102.7
גוש דן והשרון,2025-2026,2026,2,20.2
גליל וגולן,2025-2026,2026,2,64.1
יהודה ושומרון,2025-2026,2026,2,23.7
ים המלח והערבה,2025-2026,2026,2,2.2
כרמל וחיפה,2025-2026,2026,2,69.6
מישור חוף דרומי,2025-2026,2026,2,28.5
מישור חוף צפוני,2025-2026,2026,2,44.9
נגב,2025-2026,2026,2,9.3
עמקי הצפון,2025-2026,2026,2,36.2
גוש דן והשרון,2025-2026,2026,3,92.3
גליל וגולן,2025-2026,2026,3,120.1
יהודה ושומרון,2025-2026,2026,3,69.0
ים המלח והערבה,2025-2026,2026,3,21.3
כרמל וחיפה,2025-2026,2026,3,76.0
מישור חוף דרומי,2025-2026,2026,3,60.6
מישור חוף צפוני,2025-2026,2026,3,78.6
נגב,2025-2026,2026,3,44.9
עמקי הצפון,2025-2026,2026,3,83.8
גוש דן והשרון,2025-2026,2026,4,9.9
גליל וגולן,2025-2026,2026,4,26.6
יהודה ושומרון,2025-2026,2026,4,16.0
ים המלח והערבה,2025-2026,2026,4,7.1
כרמל וחיפה,2025-2026,2026,4,8.8
מישור חוף דרומי,2025-2026,2026,4,6.9
מישור חוף צפוני,2025-2026,2026,4,14.6
נגב,2025-2026,2026,4,10.4
עמקי הצפון,2025-2026,2026,4,22.3
גוש דן והשרון,2025-2026,2026,5,0.5
גליל וגולן,2025-2026,2026,5,10.9
יהודה ושומרון,2025-2026,2026,5,0.7
ים המלח והערבה,2025-2026,2026,5,0.0
כרמל וחיפה,2025-2026,2026,5,5.1
מישור חוף דרומי,2025-2026,2026,5,0.1
מישור חוף צפוני,2025-2026,2026,5,6.0
נגב,2025-2026,2026,5,0.2
עמקי הצפון,2025-2026,2026,5,2.4
גוש דן והשרון,2025-2026,2026,6,0.0
גליל וגולן,2025-2026,2026,6,0.0
יהודה ושומרון,2025-2026,2026,6,0.1
ים המלח והערבה,2025-2026,2026,6,0.0
כרמל וחיפה,2025-2026,2026,6,0.0
מישור חוף דרומי,2025-2026,2026,6,0.0
מישור חוף צפוני,2025-2026,2026,6,0.0
נגב,2025-2026,2026,6,0.0
עמקי הצפון,2025-2026,2026,6,0.0
גוש דן והשרון,2025-2026,2026,7,0.0
גליל וגולן,2025-2026,2026,7,0.0
יהודה ושומרון,2025-2026,2026,7,0.0
ים המלח והערבה,2025-2026,2026,7,0.0
כרמל וחיפה,2025-2026,2026,7,0.0
מישור חוף דרומי,2025-2026,2026,7,0.0
מישור חוף צפוני,2025-2026,2026,7,0.0
נגב,2025-2026,2026,7,0.0
עמקי הצפון,2025-2026,2026,7,0.0
גוש דן והשרון,2025-2026,2026,8,0.0
גליל וגולן,2025-2026,2026,8,0.0
יהודה ושומרון,2025-2026,2026,8,3.2
ים המלח והערבה,2025-2026,2026,8,1.2
כרמל וחיפה,2025-2026,2026,8,0.0
מישור חוף דרומי,2025-2026,2026,8,0.0
מישור חוף צפוני,2025-2026,2026,8,0.0
נגב,2025-2026,2026,8,0.2
עמקי הצפון,2025-2026,2026,8,0.0
