date,sst
2008-01-01,18.36
2008-01-02,17.78
2008-01-03,18.13
2008-01-04,18.0
2008-01-05,18.13
2008-01-06,18.4
2008-01-07,18.11
2008-01-08,18.73
2008-01-09,18.51
2008-01-10,18.38
2008-01-11,18.43
2008-01-12,18.06
2008-01-13,17.48
2008-01-14,18.05
2008-01-15,17.26
2008-01-16,17.92
2008-01-17,18.53
2008-01-18,17.99
2008-01-19,17.71
2008-01-20,17.28
2008-01-21,17.52
2008-01-22,17.39
2008-01-23,17.18
2008-01-24,17.33
2008-01-25,17.57
2008-01-26,17.23
2008-01-27,17.25
2008-01-28,17.16
2008-01-29,16.64
2008-01-30,16.79
2008-01-31,17.0
2008-02-01,17.01
2008-02-02,17.32
2008-02-03,17.32
2008-02-04,17.12
2008-02-05,16.8
2008-02-06,16.6
2008-02-07,16.73
2008-02-08,16.96
2008-02-09,16.91
2008-02-10,16.94
2008-02-11,17.14
2008-02-12,17.14
2008-02-13,16.92
2008-02-14,17.01
2008-02-15,16.88
2008-02-16,16.33
2008-02-17,16.4
2008-02-18,16.51
2008-02-19,16.43
2008-02-20,16.69
2008-02-21,16.37
2008-02-22,16.37
2008-02-23,16.46
2008-02-24,16.51
2008-02-25,16.79
2008-02-26,16.03
2008-02-27,16.0
2008-02-28,16.43
2008-02-29,16.4
2008-03-01,16.51
2008-03-02,16.33
2008-03-03,16.76
2008-03-04,17.31
2008-03-05,17.66
2008-03-06,17.44
2008-03-07,17.17
2008-03-08,16.87
2008-03-09,16.65
2008-03-10,16.6
2008-03-11,17.02
2008-03-12,17.1
2008-03-13,17.42
2008-03-14,17.56
2008-03-15,17.85
2008-03-16,18.0
2008-03-17,17.95
2008-03-18,18.02
2008-03-19,18.63
2008-03-20,18.52
2008-03-21,19.17
2008-03-22,18.77
2008-03-23,19.31
2008-03-24,20.19
2008-03-25,19.69
2008-03-26,18.53
2008-03-27,18.4
2008-03-28,18.71
2008-03-29,18.31
2008-03-30,18.49
2008-03-31,18.43
2008-04-01,18.28
2008-04-02,18.68
2008-04-03,18.73
2008-04-04,18.66
2008-04-05,18.21
2008-04-06,18.25
2008-04-07,18.76
2008-04-08,18.6
2008-04-09,18.46
2008-04-10,17.87
2008-04-11,18.02
2008-04-12,18.93
2008-04-13,19.25
2008-04-14,19.57
2008-04-15,20.16
2008-04-16,19.67
2008-04-17,19.65
2008-04-18,19.67
2008-04-19,19.84
2008-04-20,19.88
2008-04-21,20.4
2008-04-22,20.9
2008-04-23,21.76
2008-04-24,20.93
2008-04-25,20.44
2008-04-26,20.26
2008-04-27,20.79
2008-04-28,20.41
2008-04-29,20.84
2008-04-30,20.75
2008-05-01,21.06
2008-05-02,21.51
2008-05-03,21.77
2008-05-04,21.48
2008-05-05,21.21
2008-05-06,21.73
2008-05-07,20.8
2008-05-08,21.94
2008-05-09,21.48
2008-05-10,20.62
2008-05-11,21.25
2008-05-12,21.3
2008-05-13,21.96
2008-05-14,20.87
2008-05-15,22.45
2008-05-16,22.04
2008-05-17,22.25
2008-05-18,22.09
2008-05-19,22.33
2008-05-20,21.79
2008-05-21,22.09
2008-05-22,22.31
2008-05-23,22.39
2008-05-24,22.92
2008-05-25,23.19
2008-05-26,23.22
2008-05-27,22.29
2008-05-28,23.67
2008-05-29,23.59
2008-05-30,23.83
2008-05-31,24.27
2008-06-01,24.04
2008-06-02,24.63
2008-06-03,24.99
2008-06-04,24.87
2008-06-05,25.35
2008-06-06,24.99
2008-06-07,25.3
2008-06-08,24.36
2008-06-09,24.61
2008-06-10,25.61
2008-06-11,25.23
2008-06-12,24.85
2008-06-13,25.1
2008-06-14,25.26
2008-06-15,25.35
2008-06-16,25.43
2008-06-17,25.15
2008-06-18,25.71
2008-06-19,26.04
2008-06-20,26.29
2008-06-21,26.29
2008-06-22,26.47
2008-06-23,25.81
2008-06-24,26.78
2008-06-25,27.16
2008-06-26,27.12
2008-06-27,27.49
2008-06-28,27.68
2008-06-29,27.23
2008-06-30,27.45
2008-07-01,26.48
2008-07-02,27.25
2008-07-03,27.41
2008-07-04,26.93
2008-07-05,27.49
2008-07-06,27.47
2008-07-07,27.49
2008-07-08,27.0
2008-07-09,27.28
2008-07-10,27.39
2008-07-11,27.89
2008-07-12,27.99
2008-07-13,27.1
2008-07-14,27.87
2008-07-15,27.68
2008-07-16,27.83
2008-07-17,27.5
2008-07-18,27.65
2008-07-19,27.18
2008-07-20,28.34
2008-07-21,28.16
2008-07-22,27.73
2008-07-23,28.51
2008-07-24,27.6
2008-07-25,27.58
2008-07-26,27.56
2008-07-27,27.89
2008-07-28,28.5
2008-07-29,28.36
2008-07-30,28.38
2008-07-31,27.65
2008-08-01,27.99
2008-08-02,27.96
2008-08-03,27.82
2008-08-04,28.12
2008-08-05,28.1
2008-08-06,28.1
2008-08-07,27.61
2008-08-08,28.6
2008-08-09,28.14
2008-08-10,28.12
2008-08-11,28.54
2008-08-12,28.43
2008-08-13,27.85
2008-08-14,27.18
2008-08-15,28.54
2008-08-16,28.85
2008-08-17,28.66
2008-08-18,28.79
2008-08-19,28.75
2008-08-20,28.64
2008-08-21,28.63
2008-08-22,28.67
2008-08-23,28.88
2008-08-24,28.91
2008-08-25,28.22
2008-08-26,28.76
2008-08-27,28.04
2008-08-28,27.68
2008-08-29,27.61
2008-08-30,28.03
2008-08-31,28.99
2008-09-01,28.68
2008-09-02,28.53
2008-09-03,27.84
2008-09-04,28.52
2008-09-05,28.46
2008-09-06,28.3
2008-09-07,28.58
2008-09-08,28.83
2008-09-09,28.22
2008-09-10,28.11
2008-09-11,28.4
2008-09-12,27.89
2008-09-13,28.91
2008-09-14,28.73
2008-09-15,29.03
2008-09-16,29.0
2008-09-17,28.79
2008-09-18,28.35
2008-09-19,28.22
2008-09-20,28.0
2008-09-21,27.19
2008-09-22,27.59
2008-09-23,27.71
2008-09-24,27.54
2008-09-25,27.0
2008-09-26,27.06
2008-09-27,27.28
2008-09-28,26.66
2008-09-29,26.92
2008-09-30,26.59
2008-10-01,26.25
2008-10-02,26.19
2008-10-03,26.1
2008-10-04,26.21
2008-10-05,26.13
2008-10-06,26.0
2008-10-07,25.92
2008-10-08,26.42
2008-10-09,25.66
2008-10-10,25.78
2008-10-11,26.13
2008-10-12,25.83
2008-10-13,25.35
2008-10-14,24.67
2008-10-15,24.91
2008-10-16,25.29
2008-10-17,25.36
2008-10-18,25.35
2008-10-19,26.29
2008-10-20,25.36
2008-10-21,24.66
2008-10-22,24.75
2008-10-23,24.41
2008-10-24,24.74
2008-10-25,24.72
2008-10-26,24.33
2008-10-27,24.24
2008-10-28,23.99
2008-10-29,23.86
2008-10-30,24.03
2008-10-31,23.73
2008-11-01,24.12
2008-11-02,23.63
2008-11-03,23.49
2008-11-04,23.32
2008-11-05,23.67
2008-11-06,23.46
2008-11-07,23.32
2008-11-08,22.67
2008-11-09,22.71
2008-11-10,22.74
2008-11-11,22.61
2008-11-12,22.64
2008-11-13,22.78
2008-11-14,22.49
2008-11-15,22.39
2008-11-16,22.12
2008-11-17,22.13
2008-11-18,22.12
2008-11-19,22.16
2008-11-20,22.5
2008-11-21,22.29
2008-11-22,22.42
2008-11-23,21.49
2008-11-24,21.22
2008-11-25,21.57
2008-11-26,21.39
2008-11-27,21.6
2008-11-28,21.65
2008-11-29,21.54
2008-11-30,21.18
2008-12-01,21.28
2008-12-02,21.04
2008-12-03,21.03
2008-12-04,21.59
2008-12-05,21.84
2008-12-06,21.63
2008-12-07,21.07
2008-12-08,20.79
2008-12-09,21.3
2008-12-10,20.81
2008-12-11,20.56
2008-12-12,20.6
2008-12-13,20.21
2008-12-14,20.45
2008-12-15,20.68
2008-12-16,20.54
2008-12-17,20.36
2008-12-18,19.92
2008-12-19,20.16
2008-12-20,20.17
2008-12-21,20.15
2008-12-22,19.98
2008-12-23,19.31
2008-12-24,19.58
2008-12-25,19.84
2008-12-26,19.81
2008-12-27,19.8
2008-12-28,19.44
2008-12-29,19.1
2008-12-30,18.6
2008-12-31,18.92
2009-01-01,19.01
2009-01-02,18.98
2009-01-03,18.57
2009-01-04,19.09
2009-01-05,18.9
2009-01-06,18.55
2009-01-07,18.16
2009-01-08,18.47
2009-01-09,18.64
2009-01-10,17.79
2009-01-11,18.05
2009-01-12,18.84
2009-01-13,18.45
2009-01-14,17.68
2009-01-15,17.13
2009-01-16,17.39
2009-01-17,17.59
2009-01-18,17.75
2009-01-19,17.86
2009-01-20,17.99
2009-01-21,17.52
2009-01-22,17.61
2009-01-23,17.9
2009-01-24,17.12
2009-01-25,17.04
2009-01-26,17.44
2009-01-27,18.24
2009-01-28,17.69
2009-01-29,17.55
2009-01-30,17.34
2009-01-31,17.52
2009-02-01,17.74
2009-02-02,17.57
2009-02-03,17.84
2009-02-04,17.52
2009-02-05,17.63
2009-02-06,17.47
2009-02-07,17.51
2009-02-08,17.84
2009-02-09,16.86
2009-02-10,17.67
2009-02-11,17.72
2009-02-12,17.82
2009-02-13,17.21
2009-02-14,17.43
2009-02-15,16.8
2009-02-16,17.31
2009-02-17,17.27
2009-02-18,17.14
2009-02-19,17.05
2009-02-20,16.64
2009-02-21,17.03
2009-02-22,17.04
2009-02-23,16.81
2009-02-24,16.3
2009-02-25,16.55
2009-02-26,16.83
2009-02-27,16.98
2009-02-28,16.91
2009-03-01,16.65
2009-03-02,16.76
2009-03-03,16.68
2009-03-04,16.71
2009-03-05,16.94
2009-03-06,16.96
2009-03-07,16.34
2009-03-08,16.14
2009-03-09,16.4
2009-03-10,16.8
2009-03-11,17.37
2009-03-12,17.31
2009-03-13,17.06
2009-03-14,17.18
2009-03-15,17.16
2009-03-16,16.91
2009-03-17,17.1
2009-03-18,17.18
2009-03-19,17.24
2009-03-20,16.61
2009-03-21,17.07
2009-03-22,17.51
2009-03-23,17.53
2009-03-24,16.99
2009-03-25,16.84
2009-03-26,17.1
2009-03-27,17.12
2009-03-28,17.0
2009-03-29,16.96
2009-03-30,17.16
2009-03-31,17.39
2009-04-01,17.58
2009-04-02,17.98
2009-04-03,18.16
2009-04-04,18.02
2009-04-05,17.88
2009-04-06,17.98
2009-04-07,18.83
2009-04-08,18.42
2009-04-09,18.27
2009-04-10,18.25
2009-04-11,18.45
2009-04-12,19.03
2009-04-13,18.82
2009-04-14,18.28
2009-04-15,19.12
2009-04-16,18.73
2009-04-17,18.08
2009-04-18,18.46
2009-04-19,19.21
2009-04-20,19.43
2009-04-21,18.87
2009-04-22,18.9
2009-04-23,19.0
2009-04-24,19.3
2009-04-25,19.06
2009-04-26,19.35
2009-04-27,19.77
2009-04-28,19.75
2009-04-29,19.77
2009-04-30,19.4
2009-05-01,19.57
2009-05-02,19.56
2009-05-03,19.58
2009-05-04,19.41
2009-05-05,19.44
2009-05-06,19.48
2009-05-07,19.37
2009-05-08,20.18
2009-05-09,20.23
2009-05-10,19.79
2009-05-11,20.53
2009-05-12,20.95
2009-05-13,20.95
2009-05-14,21.02
2009-05-15,21.24
2009-05-16,21.45
2009-05-17,21.66
2009-05-18,21.98
2009-05-19,21.56
2009-05-20,22.15
2009-05-21,21.62
2009-05-22,21.85
2009-05-23,21.78
2009-05-24,21.46
2009-05-25,22.02
2009-05-26,22.69
2009-05-27,22.98
2009-05-28,23.14
2009-05-29,23.54
2009-05-30,23.81
2009-05-31,24.08
2009-06-01,23.52
2009-06-02,23.73
2009-06-03,24.5
2009-06-04,24.67
2009-06-05,25.18
2009-06-06,24.64
2009-06-07,24.98
2009-06-08,24.86
2009-06-09,25.02
2009-06-10,25.65
2009-06-11,24.77
2009-06-12,25.52
2009-06-13,25.16
2009-06-14,25.42
2009-06-15,25.95
2009-06-16,25.18
2009-06-17,25.29
2009-06-18,24.86
2009-06-19,26.28
2009-06-20,25.61
2009-06-21,25.78
2009-06-22,26.43
2009-06-23,26.88
2009-06-24,26.86
2009-06-25,26.42
2009-06-26,27.7
2009-06-27,27.52
2009-06-28,26.77
2009-06-29,26.9
2009-06-30,27.19
2009-07-01,27.79
2009-07-02,27.83
2009-07-03,27.28
2009-07-04,26.57
2009-07-05,27.06
2009-07-06,26.12
2009-07-07,26.0
2009-07-08,26.27
2009-07-09,26.98
2009-07-10,26.57
2009-07-11,27.44
2009-07-12,26.93
2009-07-13,27.89
2009-07-14,27.8
2009-07-15,27.16
2009-07-16,27.32
2009-07-17,26.91
2009-07-18,27.98
2009-07-19,27.46
2009-07-20,27.49
2009-07-21,27.11
2009-07-22,27.11
2009-07-23,27.17
2009-07-24,27.9
2009-07-25,27.04
2009-07-26,27.97
2009-07-27,28.32
2009-07-28,27.98
2009-07-29,28.17
2009-07-30,28.39
2009-07-31,28.37
2009-08-01,28.09
2009-08-02,27.62
2009-08-03,28.37
2009-08-04,28.38
2009-08-05,28.35
2009-08-06,29.12
2009-08-07,28.01
2009-08-08,28.26
2009-08-09,28.48
2009-08-10,28.08
2009-08-11,28.31
2009-08-12,27.52
2009-08-13,27.83
2009-08-14,28.11
2009-08-15,28.09
2009-08-16,28.28
2009-08-17,27.94
2009-08-18,27.93
2009-08-19,27.69
2009-08-20,28.51
2009-08-21,28.62
2009-08-22,28.69
2009-08-23,28.03
2009-08-24,28.2
2009-08-25,28.21
2009-08-26,28.03
2009-08-27,27.74
2009-08-28,27.24
2009-08-29,27.65
2009-08-30,28.07
2009-08-31,28.42
2009-09-01,27.76
2009-09-02,27.42
2009-09-03,27.43
2009-09-04,27.52
2009-09-05,27.76
2009-09-06,27.24
2009-09-07,27.36
2009-09-08,27.58
2009-09-09,27.96
2009-09-10,28.23
2009-09-11,27.83
2009-09-12,27.83
2009-09-13,27.19
2009-09-14,27.44
2009-09-15,27.96
2009-09-16,27.74
2009-09-17,26.95
2009-09-18,27.38
2009-09-19,27.37
2009-09-20,27.2
2009-09-21,27.49
2009-09-22,26.62
2009-09-23,27.03
2009-09-24,26.83
2009-09-25,26.94
2009-09-26,26.81
2009-09-27,26.97
2009-09-28,26.77
2009-09-29,26.39
2009-09-30,26.49
2009-10-01,26.27
2009-10-02,26.58
2009-10-03,26.19
2009-10-04,26.42
2009-10-05,26.64
2009-10-06,26.34
2009-10-07,26.31
2009-10-08,26.2
2009-10-09,26.09
2009-10-10,26.03
2009-10-11,26.34
2009-10-12,26.25
2009-10-13,25.98
2009-10-14,25.99
2009-10-15,26.18
2009-10-16,25.99
2009-10-17,25.99
2009-10-18,25.91
2009-10-19,25.83
2009-10-20,26.3
2009-10-21,25.83
2009-10-22,25.67
2009-10-23,25.33
2009-10-24,25.37
2009-10-25,25.5
2009-10-26,25.65
2009-10-27,25.12
2009-10-28,25.11
2009-10-29,25.05
2009-10-30,25.02
2009-10-31,24.75
2009-11-01,24.37
2009-11-02,24.36
2009-11-03,24.07
2009-11-04,23.79
2009-11-05,23.82
2009-11-06,23.76
2009-11-07,23.19
2009-11-08,23.49
2009-11-09,23.41
2009-11-10,23.12
2009-11-11,23.3
2009-11-12,22.86
2009-11-13,22.62
2009-11-14,22.88
2009-11-15,22.77
2009-11-16,22.5
2009-11-17,22.61
2009-11-18,22.76
2009-11-19,22.55
2009-11-20,22.35
2009-11-21,22.18
2009-11-22,22.14
2009-11-23,22.31
2009-11-24,21.96
2009-11-25,22.03
2009-11-26,21.65
2009-11-27,21.95
2009-11-28,21.99
2009-11-29,21.6
2009-11-30,21.43
2009-12-01,21.27
2009-12-02,21.34
2009-12-03,21.13
2009-12-04,21.44
2009-12-05,21.14
2009-12-06,21.07
2009-12-07,21.19
2009-12-08,20.95
2009-12-09,20.89
2009-12-10,20.71
2009-12-11,20.49
2009-12-12,20.09
2009-12-13,20.59
2009-12-14,20.22
2009-12-15,20.11
2009-12-16,19.98
2009-12-17,20.03
2009-12-18,20.0
2009-12-19,19.88
2009-12-20,19.36
2009-12-21,19.68
2009-12-22,19.3
2009-12-23,19.02
2009-12-24,18.77
2009-12-25,19.17
2009-12-26,18.88
2009-12-27,19.21
2009-12-28,18.63
2009-12-29,18.96
2009-12-30,19.15
2009-12-31,18.63
2010-01-01,19.22
2010-01-02,19.73
2010-01-03,18.91
2010-01-04,19.12
2010-01-05,18.92
2010-01-06,18.94
2010-01-07,18.53
2010-01-08,18.54
2010-01-09,18.81
2010-01-10,18.94
2010-01-11,18.38
2010-01-12,18.13
2010-01-13,18.15
2010-01-14,18.03
2010-01-15,17.76
2010-01-16,17.81
2010-01-17,18.35
2010-01-18,18.39
2010-01-19,18.41
2010-01-20,18.65
2010-01-21,18.46
2010-01-22,18.0
2010-01-23,18.16
2010-01-24,18.22
2010-01-25,17.84
2010-01-26,17.13
2010-01-27,17.05
2010-01-28,17.24
2010-01-29,17.33
2010-01-30,17.84
2010-01-31,16.99
2010-02-01,17.41
2010-02-02,17.93
2010-02-03,17.5
2010-02-04,17.1
2010-02-05,17.42
2010-02-06,17.4
2010-02-07,17.01
2010-02-08,17.41
2010-02-09,17.09
2010-02-10,17.6
2010-02-11,17.43
2010-02-12,17.22
2010-02-13,17.21
2010-02-14,17.32
2010-02-15,17.56
2010-02-16,17.44
2010-02-17,18.09
2010-02-18,17.78
2010-02-19,18.08
2010-02-20,17.81
2010-02-21,18.22
2010-02-22,17.99
2010-02-23,17.55
2010-02-24,17.6
2010-02-25,17.59
2010-02-26,17.48
2010-02-27,17.76
2010-02-28,17.17
2010-03-01,17.57
2010-03-02,17.69
2010-03-03,17.63
2010-03-04,17.81
2010-03-05,17.24
2010-03-06,18.01
2010-03-07,18.06
2010-03-08,17.95
2010-03-09,18.12
2010-03-10,18.79
2010-03-11,18.91
2010-03-12,18.35
2010-03-13,17.48
2010-03-14,18.34
2010-03-15,18.87
2010-03-16,18.33
2010-03-17,18.19
2010-03-18,18.27
2010-03-19,17.65
2010-03-20,18.0
2010-03-21,17.79
2010-03-22,17.69
2010-03-23,18.0
2010-03-24,17.55
2010-03-25,17.7
2010-03-26,17.8
2010-03-27,17.67
2010-03-28,17.8
2010-03-29,18.07
2010-03-30,18.32
2010-03-31,18.48
2010-04-01,18.34
2010-04-02,18.2
2010-04-03,18.59
2010-04-04,17.62
2010-04-05,19.29
2010-04-06,18.8
2010-04-07,18.87
2010-04-08,18.9
2010-04-09,18.87
2010-04-10,18.8
2010-04-11,18.76
2010-04-12,18.77
2010-04-13,18.7
2010-04-14,18.83
2010-04-15,19.19
2010-04-16,19.29
2010-04-17,20.05
2010-04-18,20.04
2010-04-19,20.62
2010-04-20,20.48
2010-04-21,19.78
2010-04-22,19.81
2010-04-23,19.91
2010-04-24,20.47
2010-04-25,20.25
2010-04-26,20.77
2010-04-27,20.45
2010-04-28,20.04
2010-04-29,20.39
2010-04-30,20.3
2010-05-01,20.67
2010-05-02,20.36
2010-05-03,21.51
2010-05-04,21.2
2010-05-05,20.99
2010-05-06,21.29
2010-05-07,21.97
2010-05-08,22.57
2010-05-09,22.28
2010-05-10,21.64
2010-05-11,22.38
2010-05-12,21.99
2010-05-13,22.71
2010-05-14,22.98
2010-05-15,23.09
2010-05-16,22.96
2010-05-17,22.6
2010-05-18,22.17
2010-05-19,21.94
2010-05-20,21.83
2010-05-21,22.88
2010-05-22,22.54
2010-05-23,21.99
2010-05-24,21.96
2010-05-25,21.87
2010-05-26,21.99
2010-05-27,22.05
2010-05-28,22.72
2010-05-29,22.92
2010-05-30,22.67
2010-05-31,23.45
2010-06-01,23.9
2010-06-02,23.88
2010-06-03,23.35
2010-06-04,23.19
2010-06-05,23.4
2010-06-06,24.51
2010-06-07,23.95
2010-06-08,24.13
2010-06-09,24.4
2010-06-10,24.39
2010-06-11,23.37
2010-06-12,24.95
2010-06-13,25.23
2010-06-14,24.84
2010-06-15,25.43
2010-06-16,25.89
2010-06-17,26.13
2010-06-18,25.6
2010-06-19,25.78
2010-06-20,26.15
2010-06-21,26.29
2010-06-22,27.05
2010-06-23,26.1
2010-06-24,25.89
2010-06-25,26.05
2010-06-26,26.2
2010-06-27,25.77
2010-06-28,26.45
2010-06-29,26.43
2010-06-30,25.53
2010-07-01,26.54
2010-07-02,26.35
2010-07-03,25.75
2010-07-04,25.65
2010-07-05,25.2
2010-07-06,26.53
2010-07-07,26.32
2010-07-08,26.76
2010-07-09,27.28
2010-07-10,26.99
2010-07-11,26.58
2010-07-12,25.93
2010-07-13,26.15
2010-07-14,26.9
2010-07-15,27.63
2010-07-16,26.98
2010-07-17,26.4
2010-07-18,27.34
2010-07-19,27.0
2010-07-20,27.42
2010-07-21,27.73
2010-07-22,27.8
2010-07-23,26.82
2010-07-24,27.62
2010-07-25,28.24
2010-07-26,28.75
2010-07-27,28.12
2010-07-28,28.39
2010-07-29,28.08
2010-07-30,27.87
2010-07-31,28.08
2010-08-01,27.96
2010-08-02,27.63
2010-08-03,27.97
2010-08-04,28.33
2010-08-05,28.57
2010-08-06,28.21
2010-08-07,28.43
2010-08-08,28.75
2010-08-09,28.19
2010-08-10,27.76
2010-08-11,28.09
2010-08-12,28.54
2010-08-13,28.61
2010-08-14,29.17
2010-08-15,28.44
2010-08-16,28.37
2010-08-17,28.22
2010-08-18,28.87
2010-08-19,29.5
2010-08-20,29.68
2010-08-21,29.15
2010-08-22,28.6
2010-08-23,28.95
2010-08-24,28.65
2010-08-25,28.55
2010-08-26,28.84
2010-08-27,28.06
2010-08-28,29.15
2010-08-29,29.29
2010-08-30,29.34
2010-08-31,29.14
2010-09-01,28.78
2010-09-02,28.86
2010-09-03,28.74
2010-09-04,28.69
2010-09-05,28.86
2010-09-06,28.7
2010-09-07,28.69
2010-09-08,28.73
2010-09-09,28.17
2010-09-10,27.61
2010-09-11,28.85
2010-09-12,28.36
2010-09-13,28.46
2010-09-14,28.35
2010-09-15,28.2
2010-09-16,27.89
2010-09-17,27.88
2010-09-18,27.63
2010-09-19,27.58
2010-09-20,28.02
2010-09-21,28.05
2010-09-22,27.81
2010-09-23,27.25
2010-09-24,27.8
2010-09-25,27.77
2010-09-26,28.01
2010-09-27,27.73
2010-09-28,27.82
2010-09-29,27.75
2010-09-30,27.84
2010-10-01,27.67
2010-10-02,28.15
2010-10-03,27.72
2010-10-04,26.64
2010-10-05,27.25
2010-10-06,27.14
2010-10-07,26.98
2010-10-08,26.76
2010-10-09,26.2
2010-10-10,26.37
2010-10-11,26.24
2010-10-12,25.92
2010-10-13,26.09
2010-10-14,26.16
2010-10-15,26.36
2010-10-16,25.97
2010-10-17,26.33
2010-10-18,26.16
2010-10-19,26.3
2010-10-20,26.48
2010-10-21,26.22
2010-10-22,25.83
2010-10-23,25.67
2010-10-24,25.6
2010-10-25,25.36
2010-10-26,25.15
2010-10-27,24.69
2010-10-28,25.09
2010-10-29,24.99
2010-10-30,24.85
2010-10-31,24.97
2010-11-01,24.44
2010-11-02,24.32
2010-11-03,24.23
2010-11-04,23.85
2010-11-05,23.49
2010-11-06,23.21
2010-11-07,23.93
2010-11-08,23.73
2010-11-09,23.42
2010-11-10,22.91
2010-11-11,23.2
2010-11-12,23.31
2010-11-13,22.91
2010-11-14,23.03
2010-11-15,23.14
2010-11-16,23.06
2010-11-17,23.34
2010-11-18,23.36
2010-11-19,23.48
2010-11-20,23.17
2010-11-21,23.21
2010-11-22,22.97
2010-11-23,22.82
2010-11-24,22.58
2010-11-25,22.54
2010-11-26,22.73
2010-11-27,23.54
2010-11-28,22.81
2010-11-29,23.21
2010-11-30,22.69
2010-12-01,22.58
2010-12-02,23.03
2010-12-03,22.63
2010-12-04,22.16
2010-12-05,22.43
2010-12-06,22.86
2010-12-07,22.51
2010-12-08,22.07
2010-12-09,22.31
2010-12-10,22.4
2010-12-11,21.72
2010-12-12,21.02
2010-12-13,20.67
2010-12-14,20.52
2010-12-15,20.52
2010-12-16,20.82
2010-12-17,20.85
2010-12-18,20.34
2010-12-19,20.36
2010-12-20,20.27
2010-12-21,20.1
2010-12-22,19.88
2010-12-23,20.35
2010-12-24,20.29
2010-12-25,19.94
2010-12-26,19.06
2010-12-27,19.22
2010-12-28,19.3
2010-12-29,19.09
2010-12-30,19.43
2010-12-31,19.7
2011-01-01,19.68
2011-01-02,19.4
2011-01-03,19.55
2011-01-04,19.57
2011-01-05,19.43
2011-01-06,19.67
2011-01-07,19.28
2011-01-08,19.16
2011-01-09,18.77
2011-01-10,18.85
2011-01-11,19.02
2011-01-12,18.73
2011-01-13,18.8
2011-01-14,19.02
2011-01-15,18.65
2011-01-16,18.43
2011-01-17,18.67
2011-01-18,18.26
2011-01-19,17.87
2011-01-20,17.56
2011-01-21,18.13
2011-01-22,18.43
2011-01-23,18.45
2011-01-24,18.24
2011-01-25,18.13
2011-01-26,18.24
2011-01-27,18.04
2011-01-28,17.86
2011-01-29,18.0
2011-01-30,18.05
2011-01-31,18.01
2011-02-01,18.08
2011-02-02,18.2
2011-02-03,17.71
2011-02-04,17.77
2011-02-05,17.93
2011-02-06,17.97
2011-02-07,17.56
2011-02-08,17.54
2011-02-09,17.53
2011-02-10,17.71
2011-02-11,17.91
2011-02-12,17.49
2011-02-13,17.82
2011-02-14,17.85
2011-02-15,17.71
2011-02-16,16.82
2011-02-17,17.48
2011-02-18,17.7
2011-02-19,17.64
2011-02-20,17.61
2011-02-21,17.67
2011-02-22,17.31
2011-02-23,17.92
2011-02-24,17.34
2011-02-25,16.59
2011-02-26,17.15
2011-02-27,17.41
2011-02-28,17.41
2011-03-01,17.78
2011-03-02,17.74
2011-03-03,17.81
2011-03-04,17.76
2011-03-05,17.9
2011-03-06,17.81
2011-03-07,17.56
2011-03-08,17.81
2011-03-09,17.65
2011-03-10,17.64
2011-03-11,17.03
2011-03-12,16.88
2011-03-13,17.0
2011-03-14,16.89
2011-03-15,16.85
2011-03-16,17.08
2011-03-17,17.27
2011-03-18,17.68
2011-03-19,17.61
2011-03-20,17.6
2011-03-21,17.65
2011-03-22,17.82
2011-03-23,17.67
2011-03-24,17.53
2011-03-25,17.02
2011-03-26,17.38
2011-03-27,17.65
2011-03-28,17.69
2011-03-29,18.16
2011-03-30,18.83
2011-03-31,18.41
2011-04-01,18.28
2011-04-02,18.34
2011-04-03,18.04
2011-04-04,18.35
2011-04-05,17.66
2011-04-06,17.93
2011-04-07,18.12
2011-04-08,18.32
2011-04-09,18.12
2011-04-10,18.39
2011-04-11,18.59
2011-04-12,18.58
2011-04-13,18.08
2011-04-14,18.5
2011-04-15,19.43
2011-04-16,19.44
2011-04-17,19.45
2011-04-18,20.73
2011-04-19,19.46
2011-04-20,19.09
2011-04-21,19.05
2011-04-22,18.96
2011-04-23,18.83
2011-04-24,19.47
2011-04-25,19.63
2011-04-26,20.61
2011-04-27,20.09
2011-04-28,19.68
2011-04-29,20.04
2011-04-30,19.86
2011-05-01,20.38
2011-05-02,20.48
2011-05-03,20.42
2011-05-04,20.33
2011-05-05,19.97
2011-05-06,20.42
2011-05-07,21.0
2011-05-08,20.65
2011-05-09,19.53
2011-05-10,20.4
2011-05-11,20.65
2011-05-12,21.02
2011-05-13,20.83
2011-05-14,20.32
2011-05-15,20.02
2011-05-16,20.7
2011-05-17,20.96
2011-05-18,20.92
2011-05-19,20.93
2011-05-20,21.5
2011-05-21,21.43
2011-05-22,21.63
2011-05-23,22.53
2011-05-24,22.62
2011-05-25,21.9
2011-05-26,22.76
2011-05-27,22.96
2011-05-28,22.18
2011-05-29,22.09
2011-05-30,22.08
2011-05-31,22.74
2011-06-01,22.74
2011-06-02,22.02
2011-06-03,22.81
2011-06-04,23.43
2011-06-05,23.81
2011-06-06,24.02
2011-06-07,24.09
2011-06-08,24.71
2011-06-09,25.15
2011-06-10,24.59
2011-06-11,25.08
2011-06-12,24.33
2011-06-13,23.99
2011-06-14,24.49
2011-06-15,24.97
2011-06-16,25.04
2011-06-17,25.01
2011-06-18,25.2
2011-06-19,24.99
2011-06-20,24.44
2011-06-21,25.02
2011-06-22,25.77
2011-06-23,25.56
2011-06-24,25.14
2011-06-25,25.25
2011-06-26,25.66
2011-06-27,26.33
2011-06-28,25.78
2011-06-29,25.27
2011-06-30,25.14
2011-07-01,24.68
2011-07-02,25.52
2011-07-03,26.33
2011-07-04,26.65
2011-07-05,26.66
2011-07-06,25.75
2011-07-07,25.8
2011-07-08,26.28
2011-07-09,27.26
2011-07-10,26.88
2011-07-11,26.54
2011-07-12,26.75
2011-07-13,26.83
2011-07-14,27.6
2011-07-15,27.44
2011-07-16,27.87
2011-07-17,26.99
2011-07-18,27.27
2011-07-19,27.36
2011-07-20,28.17
2011-07-21,27.14
2011-07-22,26.61
2011-07-23,27.71
2011-07-24,27.38
2011-07-25,28.03
2011-07-26,27.46
2011-07-27,28.33
2011-07-28,29.13
2011-07-29,28.26
2011-07-30,28.15
2011-07-31,28.2
2011-08-01,28.26
2011-08-02,28.6
2011-08-03,28.4
2011-08-04,28.17
2011-08-05,28.04
2011-08-06,28.28
2011-08-07,28.0
2011-08-08,28.37
2011-08-09,28.1
2011-08-10,28.3
2011-08-11,28.44
2011-08-12,28.19
2011-08-13,27.59
2011-08-14,27.89
2011-08-15,28.04
2011-08-16,28.22
2011-08-17,28.2
2011-08-18,27.91
2011-08-19,27.8
2011-08-20,28.21
2011-08-21,28.24
2011-08-22,28.47
2011-08-23,28.2
2011-08-24,28.9
2011-08-25,28.01
2011-08-26,27.95
2011-08-27,28.62
2011-08-28,28.25
2011-08-29,27.8
2011-08-30,28.48
2011-08-31,28.37
2011-09-01,28.29
2011-09-02,27.97
2011-09-03,27.95
2011-09-04,28.07
2011-09-05,28.48
2011-09-06,28.69
2011-09-07,28.34
2011-09-08,27.95
2011-09-09,28.13
2011-09-10,27.84
2011-09-11,28.04
2011-09-12,27.98
2011-09-13,27.88
2011-09-14,27.94
2011-09-15,27.51
2011-09-16,27.98
2011-09-17,28.38
2011-09-18,28.33
2011-09-19,28.04
2011-09-20,27.97
2011-09-21,28.14
2011-09-22,27.93
2011-09-23,28.0
2011-09-24,27.61
2011-09-25,27.65
2011-09-26,27.23
2011-09-27,27.68
2011-09-28,27.33
2011-09-29,27.77
2011-09-30,27.6
2011-10-01,27.51
2011-10-02,26.93
2011-10-03,27.21
2011-10-04,26.98
2011-10-05,26.29
2011-10-06,26.45
2011-10-07,26.93
2011-10-08,26.8
2011-10-09,26.66
2011-10-10,26.91
2011-10-11,26.4
2011-10-12,26.27
2011-10-13,25.95
2011-10-14,25.84
2011-10-15,25.74
2011-10-16,25.7
2011-10-17,25.62
2011-10-18,25.63
2011-10-19,25.34
2011-10-20,25.31
2011-10-21,25.49
2011-10-22,24.97
2011-10-23,24.73
2011-10-24,24.63
2011-10-25,24.16
2011-10-26,24.45
2011-10-27,24.43
2011-10-28,24.06
2011-10-29,24.35
2011-10-30,24.17
2011-10-31,24.12
2011-11-01,23.75
2011-11-02,23.39
2011-11-03,23.39
2011-11-04,23.21
2011-11-05,23.18
2011-11-06,23.29
2011-11-07,23.2
2011-11-08,22.72
2011-11-09,23.17
2011-11-10,22.78
2011-11-11,22.65
2011-11-12,22.36
2011-11-13,22.56
2011-11-14,21.88
2011-11-15,22.17
2011-11-16,22.12
2011-11-17,22.05
2011-11-18,21.83
2011-11-19,21.71
2011-11-20,21.33
2011-11-21,21.16
2011-11-22,21.15
2011-11-23,20.98
2011-11-24,21.04
2011-11-25,20.64
2011-11-26,20.61
2011-11-27,20.68
2011-11-28,20.35
2011-11-29,20.25
2011-11-30,20.16
2011-12-01,19.96
2011-12-02,20.47
2011-12-03,20.17
2011-12-04,20.08
2011-12-05,20.04
2011-12-06,19.69
2011-12-07,19.62
2011-12-08,20.21
2011-12-09,19.96
2011-12-10,19.6
2011-12-11,19.58
2011-12-12,19.61
2011-12-13,19.17
2011-12-14,18.62
2011-12-15,18.83
2011-12-16,18.61
2011-12-17,19.36
2011-12-18,19.06
2011-12-19,19.25
2011-12-20,18.97
2011-12-21,18.9
2011-12-22,19.1
2011-12-23,19.23
2011-12-24,18.79
2011-12-25,18.73
2011-12-26,18.75
2011-12-27,18.49
2011-12-28,18.46
2011-12-29,18.1
2011-12-30,18.23
2011-12-31,18.12
2012-01-01,17.49
2012-01-02,17.9
2012-01-03,18.18
2012-01-04,18.03
2012-01-05,18.15
2012-01-06,17.96
2012-01-07,17.82
2012-01-08,17.6
2012-01-09,18.06
2012-01-10,17.98
2012-01-11,18.07
2012-01-12,17.57
2012-01-13,17.35
2012-01-14,17.18
2012-01-15,17.27
2012-01-16,17.24
2012-01-17,17.39
2012-01-18,17.39
2012-01-19,17.0
2012-01-20,16.86
2012-01-21,16.48
2012-01-22,16.29
2012-01-23,16.32
2012-01-24,16.91
2012-01-25,16.42
2012-01-26,16.74
2012-01-27,16.78
2012-01-28,16.94
2012-01-29,16.65
2012-01-30,16.21
2012-01-31,16.21
2012-02-01,16.31
2012-02-02,16.35
2012-02-03,16.38
2012-02-04,16.36
2012-02-05,16.2
2012-02-06,16.13
2012-02-07,15.66
2012-02-08,15.51
2012-02-09,15.91
2012-02-10,16.31
2012-02-11,16.02
2012-02-12,16.1
2012-02-13,15.86
2012-02-14,16.15
2012-02-15,16.5
2012-02-16,16.45
2012-02-17,16.44
2012-02-18,16.28
2012-02-19,16.41
2012-02-20,16.33
2012-02-21,16.2
2012-02-22,15.97
2012-02-23,15.87
2012-02-24,16.3
2012-02-25,15.9
2012-02-26,16.67
2012-02-27,16.33
2012-02-28,16.34
2012-02-29,16.43
2012-03-01,16.11
2012-03-02,15.97
2012-03-03,15.86
2012-03-04,15.88
2012-03-05,15.72
2012-03-06,16.18
2012-03-07,16.67
2012-03-08,16.04
2012-03-09,16.55
2012-03-10,16.73
2012-03-11,16.71
2012-03-12,16.29
2012-03-13,15.95
2012-03-14,16.43
2012-03-15,16.41
2012-03-16,16.39
2012-03-17,16.24
2012-03-18,16.03
2012-03-19,15.92
2012-03-20,15.9
2012-03-21,15.7
2012-03-22,16.24
2012-03-23,16.5
2012-03-24,16.92
2012-03-25,16.94
2012-03-26,17.09
2012-03-27,16.85
2012-03-28,16.67
2012-03-29,16.86
2012-03-30,16.81
2012-03-31,16.9
2012-04-01,17.38
2012-04-02,17.18
2012-04-03,17.13
2012-04-04,17.84
2012-04-05,17.4
2012-04-06,18.2
2012-04-07,19.02
2012-04-08,18.89
2012-04-09,19.77
2012-04-10,18.92
2012-04-11,18.54
2012-04-12,18.44
2012-04-13,19.36
2012-04-14,19.13
2012-04-15,19.5
2012-04-16,19.0
2012-04-17,19.79
2012-04-18,19.54
2012-04-19,17.19
2012-04-20,18.52
2012-04-21,19.13
2012-04-22,20.71
2012-04-23,19.66
2012-04-24,19.47
2012-04-25,19.88
2012-04-26,20.63
2012-04-27,21.15
2012-04-28,21.36
2012-04-29,21.24
2012-04-30,20.79
2012-05-01,20.25
2012-05-02,20.53
2012-05-03,20.56
2012-05-04,21.14
2012-05-05,21.33
2012-05-06,21.82
2012-05-07,21.32
2012-05-08,22.09
2012-05-09,22.15
2012-05-10,22.5
2012-05-11,22.5
2012-05-12,22.86
2012-05-13,22.38
2012-05-14,22.35
2012-05-15,22.72
2012-05-16,23.36
2012-05-17,23.62
2012-05-18,23.65
2012-05-19,23.32
2012-05-20,22.69
2012-05-21,23.49
2012-05-22,23.06
2012-05-23,22.56
2012-05-24,22.5
2012-05-25,22.28
2012-05-26,22.92
2012-05-27,22.87
2012-05-28,22.87
2012-05-29,23.58
2012-05-30,23.83
2012-05-31,23.83
2012-06-01,24.07
2012-06-02,24.61
2012-06-03,23.7
2012-06-04,23.82
2012-06-05,24.46
2012-06-06,24.63
2012-06-07,24.7
2012-06-08,24.96
2012-06-09,24.95
2012-06-10,25.45
2012-06-11,25.53
2012-06-12,25.82
2012-06-13,26.04
2012-06-14,26.13
2012-06-15,26.39
2012-06-16,25.75
2012-06-17,25.24
2012-06-18,25.47
2012-06-19,26.37
2012-06-20,26.54
2012-06-21,26.01
2012-06-22,26.38
2012-06-23,26.32
2012-06-24,27.13
2012-06-25,27.14
2012-06-26,26.99
2012-06-27,27.27
2012-06-28,27.59
2012-06-29,27.86
2012-06-30,27.28
2012-07-01,27.89
2012-07-02,27.51
2012-07-03,27.08
2012-07-04,27.58
2012-07-05,27.95
2012-07-06,28.07
2012-07-07,27.87
2012-07-08,27.96
2012-07-09,27.83
2012-07-10,27.01
2012-07-11,27.56
2012-07-12,28.43
2012-07-13,28.61
2012-07-14,29.17
2012-07-15,28.99
2012-07-16,29.18
2012-07-17,29.44
2012-07-18,29.46
2012-07-19,28.91
2012-07-20,29.25
2012-07-21,28.93
2012-07-22,28.97
2012-07-23,28.79
2012-07-24,29.31
2012-07-25,28.98
2012-07-26,28.43
2012-07-27,28.84
2012-07-28,28.45
2012-07-29,29.4
2012-07-30,29.52
2012-07-31,30.08
2012-08-01,29.58
2012-08-02,29.03
2012-08-03,29.27
2012-08-04,28.91
2012-08-05,29.23
2012-08-06,28.97
2012-08-07,28.73
2012-08-08,29.53
2012-08-09,29.72
2012-08-10,29.66
2012-08-11,29.77
2012-08-12,30.03
2012-08-13,29.64
2012-08-14,29.94
2012-08-15,29.83
2012-08-16,29.38
2012-08-17,28.84
2012-08-18,29.4
2012-08-19,29.64
2012-08-20,28.5
2012-08-21,29.65
2012-08-22,29.7
2012-08-23,29.37
2012-08-24,29.38
2012-08-25,29.57
2012-08-26,29.77
2012-08-27,29.56
2012-08-28,29.63
2012-08-29,29.5
2012-08-30,28.99
2012-08-31,29.3
2012-09-01,28.9
2012-09-02,28.52
2012-09-03,28.8
2012-09-04,28.56
2012-09-05,28.8
2012-09-06,28.38
2012-09-07,28.23
2012-09-08,28.04
2012-09-09,27.62
2012-09-10,27.23
2012-09-11,28.25
2012-09-12,28.13
2012-09-13,27.81
2012-09-14,27.83
2012-09-15,28.06
2012-09-16,28.08
2012-09-17,28.27
2012-09-18,28.25
2012-09-19,27.95
2012-09-20,28.01
2012-09-21,27.81
2012-09-22,27.85
2012-09-23,27.67
2012-09-24,27.57
2012-09-25,27.46
2012-09-26,26.97
2012-09-27,27.48
2012-09-28,27.15
2012-09-29,27.45
2012-09-30,27.28
2012-10-01,27.26
2012-10-02,27.4
2012-10-03,27.06
2012-10-04,27.17
2012-10-05,27.16
2012-10-06,26.95
2012-10-07,26.83
2012-10-08,26.67
2012-10-09,26.74
2012-10-10,26.65
2012-10-11,26.53
2012-10-12,26.71
2012-10-13,26.27
2012-10-14,26.1
2012-10-15,26.56
2012-10-16,26.38
2012-10-17,26.22
2012-10-18,26.23
2012-10-19,26.02
2012-10-20,26.52
2012-10-21,26.08
2012-10-22,26.23
2012-10-23,25.86
2012-10-24,25.88
2012-10-25,26.17
2012-10-26,25.62
2012-10-27,25.48
2012-10-28,25.27
2012-10-29,25.24
2012-10-30,25.48
2012-10-31,25.07
2012-11-01,24.61
2012-11-02,25.06
2012-11-03,25.29
2012-11-04,25.52
2012-11-05,25.39
2012-11-06,25.23
2012-11-07,25.06
2012-11-08,25.1
2012-11-09,25.07
2012-11-10,24.23
2012-11-11,24.39
2012-11-12,24.09
2012-11-13,23.19
2012-11-14,23.61
2012-11-15,23.12
2012-11-16,23.36
2012-11-17,23.3
2012-11-18,23.17
2012-11-19,22.99
2012-11-20,23.08
2012-11-21,23.44
2012-11-22,22.68
2012-11-23,22.87
2012-11-24,22.65
2012-11-25,22.73
2012-11-26,22.69
2012-11-27,22.33
2012-11-28,22.61
2012-11-29,22.6
2012-11-30,22.38
2012-12-01,22.17
2012-12-02,22.17
2012-12-03,21.53
2012-12-04,21.85
2012-12-05,22.33
2012-12-06,22.12
2012-12-07,22.07
2012-12-08,21.78
2012-12-09,21.74
2012-12-10,21.55
2012-12-11,20.81
2012-12-12,20.55
2012-12-13,20.59
2012-12-14,20.77
2012-12-15,20.63
2012-12-16,20.42
2012-12-17,20.07
2012-12-18,20.15
2012-12-19,20.59
2012-12-20,20.12
2012-12-21,19.76
2012-12-22,19.71
2012-12-23,19.5
2012-12-24,19.34
2012-12-25,19.29
2012-12-26,19.66
2012-12-27,19.65
2012-12-28,19.45
2012-12-29,19.6
2012-12-30,19.68
2012-12-31,19.32
2013-01-01,19.95
2013-01-02,19.2
2013-01-03,19.09
2013-01-04,19.51
2013-01-05,19.29
2013-01-06,19.18
2013-01-07,19.01
2013-01-08,19.05
2013-01-09,18.7
2013-01-10,18.4
2013-01-11,17.32
2013-01-12,18.4
2013-01-13,17.93
2013-01-14,17.75
2013-01-15,18.07
2013-01-16,17.73
2013-01-17,18.18
2013-01-18,18.46
2013-01-19,17.93
2013-01-20,17.45
2013-01-21,18.02
2013-01-22,17.88
2013-01-23,18.45
2013-01-24,18.27
2013-01-25,18.45
2013-01-26,18.03
2013-01-27,17.21
2013-01-28,18.01
2013-01-29,17.7
2013-01-30,17.66
2013-01-31,17.64
2013-02-01,17.89
2013-02-02,17.33
2013-02-03,16.92
2013-02-04,17.77
2013-02-05,17.45
2013-02-06,17.12
2013-02-07,16.9
2013-02-08,17.13
2013-02-09,17.06
2013-02-10,17.02
2013-02-11,17.14
2013-02-12,17.2
2013-02-13,17.46
2013-02-14,17.1
2013-02-15,17.02
2013-02-16,16.92
2013-02-17,17.0
2013-02-18,17.6
2013-02-19,17.26
2013-02-20,17.26
2013-02-21,17.02
2013-02-22,17.18
2013-02-23,16.24
2013-02-24,17.4
2013-02-25,17.13
2013-02-26,17.52
2013-02-27,17.69
2013-02-28,17.5
2013-03-01,17.43
2013-03-02,16.95
2013-03-03,17.24
2013-03-04,17.37
2013-03-05,17.17
2013-03-06,16.92
2013-03-07,17.0
2013-03-08,16.53
2013-03-09,17.13
2013-03-10,17.49
2013-03-11,17.32
2013-03-12,18.83
2013-03-13,18.35
2013-03-14,18.3
2013-03-15,18.06
2013-03-16,18.35
2013-03-17,17.89
2013-03-18,17.63
2013-03-19,17.47
2013-03-20,17.03
2013-03-21,17.65
2013-03-22,17.67
2013-03-23,17.72
2013-03-24,17.5
2013-03-25,17.89
2013-03-26,17.94
2013-03-27,17.71
2013-03-28,17.84
2013-03-29,18.78
2013-03-30,18.39
2013-03-31,18.04
2013-04-01,18.11
2013-04-02,18.34
2013-04-03,17.89
2013-04-04,18.25
2013-04-05,18.44
2013-04-06,18.78
2013-04-07,18.45
2013-04-08,18.3
2013-04-09,18.93
2013-04-10,18.78
2013-04-11,18.89
2013-04-12,18.84
2013-04-13,19.42
2013-04-14,19.23
2013-04-15,20.15
2013-04-16,19.64
2013-04-17,19.18
2013-04-18,18.73
2013-04-19,18.58
2013-04-20,18.85
2013-04-21,19.22
2013-04-22,18.79
2013-04-23,18.75
2013-04-24,18.91
2013-04-25,19.26
2013-04-26,19.77
2013-04-27,20.09
2013-04-28,20.3
2013-04-29,20.14
2013-04-30,20.46
2013-05-01,20.7
2013-05-02,20.81
2013-05-03,20.61
2013-05-04,21.14
2013-05-05,21.78
2013-05-06,22.59
2013-05-07,22.67
2013-05-08,22.61
2013-05-09,22.11
2013-05-10,22.47
2013-05-11,22.13
2013-05-12,21.73
2013-05-13,22.22
2013-05-14,22.56
2013-05-15,22.17
2013-05-16,21.79
2013-05-17,21.8
2013-05-18,22.61
2013-05-19,22.88
2013-05-20,23.08
2013-05-21,23.19
2013-05-22,23.73
2013-05-23,23.47
2013-05-24,23.49
2013-05-25,23.19
2013-05-26,23.42
2013-05-27,24.01
2013-05-28,23.86
2013-05-29,24.64
2013-05-30,25.43
2013-05-31,24.63
2013-06-01,24.66
2013-06-02,24.59
2013-06-03,23.92
2013-06-04,24.01
2013-06-05,23.55
2013-06-06,24.81
2013-06-07,25.26
2013-06-08,25.13
2013-06-09,24.42
2013-06-10,24.79
2013-06-11,24.68
2013-06-12,25.32
2013-06-13,24.73
2013-06-14,24.43
2013-06-15,24.28
2013-06-16,24.41
2013-06-17,24.03
2013-06-18,25.42
2013-06-19,25.67
2013-06-20,26.42
2013-06-21,26.47
2013-06-22,25.79
2013-06-23,25.87
2013-06-24,26.5
2013-06-25,26.82
2013-06-26,26.5
2013-06-27,26.67
2013-06-28,26.45
2013-06-29,26.86
2013-06-30,27.13
2013-07-01,26.52
2013-07-02,25.95
2013-07-03,25.97
2013-07-04,26.2
2013-07-05,26.23
2013-07-06,26.19
2013-07-07,25.98
2013-07-08,26.82
2013-07-09,27.15
2013-07-10,26.79
2013-07-11,26.62
2013-07-12,26.97
2013-07-13,26.99
2013-07-14,26.87
2013-07-15,26.84
2013-07-16,27.51
2013-07-17,27.09
2013-07-18,27.02
2013-07-19,27.43
2013-07-20,26.44
2013-07-21,26.86
2013-07-22,27.06
2013-07-23,27.21
2013-07-24,26.51
2013-07-25,27.17
2013-07-26,27.38
2013-07-27,27.29
2013-07-28,28.02
2013-07-29,28.68
2013-07-30,28.54
2013-07-31,28.11
2013-08-01,27.89
2013-08-02,27.55
2013-08-03,28.39
2013-08-04,28.4
2013-08-05,28.29
2013-08-06,28.39
2013-08-07,28.65
2013-08-08,28.69
2013-08-09,28.6
2013-08-10,28.34
2013-08-11,28.24
2013-08-12,28.39
2013-08-13,28.62
2013-08-14,28.27
2013-08-15,28.14
2013-08-16,28.23
2013-08-17,28.07
2013-08-18,27.88
2013-08-19,27.97
2013-08-20,27.92
2013-08-21,27.97
2013-08-22,28.39
2013-08-23,28.48
2013-08-24,28.64
2013-08-25,28.73
2013-08-26,28.9
2013-08-27,28.69
2013-08-28,28.89
2013-08-29,28.82
2013-08-30,28.58
2013-08-31,28.62
2013-09-01,28.36
2013-09-02,28.13
2013-09-03,27.92
2013-09-04,27.9
2013-09-05,27.6
2013-09-06,27.58
2013-09-07,27.37
2013-09-08,27.47
2013-09-09,27.4
2013-09-10,27.44
2013-09-11,27.66
2013-09-12,27.6
2013-09-13,27.85
2013-09-14,28.0
2013-09-15,27.94
2013-09-16,27.56
2013-09-17,27.25
2013-09-18,27.47
2013-09-19,27.27
2013-09-20,27.42
2013-09-21,27.07
2013-09-22,26.99
2013-09-23,27.13
2013-09-24,26.75
2013-09-25,26.73
2013-09-26,26.78
2013-09-27,26.8
2013-09-28,26.78
2013-09-29,26.8
2013-09-30,26.76
2013-10-01,26.3
2013-10-02,26.59
2013-10-03,26.73
2013-10-04,26.59
2013-10-05,26.53
2013-10-06,25.93
2013-10-07,25.45
2013-10-08,25.28
2013-10-09,24.43
2013-10-10,24.67
2013-10-11,24.65
2013-10-12,24.58
2013-10-13,24.87
2013-10-14,24.76
2013-10-15,25.19
2013-10-16,25.05
2013-10-17,24.63
2013-10-18,24.05
2013-10-19,24.16
2013-10-20,24.19
2013-10-21,23.91
2013-10-22,23.63
2013-10-23,23.59
2013-10-24,23.81
2013-10-25,23.76
2013-10-26,23.55
2013-10-27,23.2
2013-10-28,23.4
2013-10-29,23.38
2013-10-30,22.95
2013-10-31,22.57
2013-11-01,22.73
2013-11-02,23.07
2013-11-03,22.85
2013-11-04,22.85
2013-11-05,22.69
2013-11-06,22.79
2013-11-07,22.87
2013-11-08,22.72
2013-11-09,22.54
2013-11-10,22.28
2013-11-11,22.55
2013-11-12,22.53
2013-11-13,22.57
2013-11-14,22.65
2013-11-15,22.38
2013-11-16,22.39
2013-11-17,22.27
2013-11-18,22.29
2013-11-19,22.25
2013-11-20,22.21
2013-11-21,21.81
2013-11-22,22.05
2013-11-23,22.07
2013-11-24,21.79
2013-11-25,21.71
2013-11-26,21.8
2013-11-27,21.88
2013-11-28,21.8
2013-11-29,21.6
2013-11-30,21.16
2013-12-01,21.32
2013-12-02,21.53
2013-12-03,21.83
2013-12-04,21.68
2013-12-05,21.65
2013-12-06,21.75
2013-12-07,21.46
2013-12-08,21.3
2013-12-09,20.88
2013-12-10,20.58
2013-12-11,20.48
2013-12-12,19.75
2013-12-13,19.38
2013-12-14,19.41
2013-12-15,18.89
2013-12-16,19.5
2013-12-17,19.46
2013-12-18,18.96
2013-12-19,19.12
2013-12-20,19.31
2013-12-21,19.77
2013-12-22,19.5
2013-12-23,19.39
2013-12-24,18.53
2013-12-25,18.19
2013-12-26,18.24
2013-12-27,17.77
2013-12-28,17.45
2013-12-29,17.43
2013-12-30,17.89
2013-12-31,17.94
2014-01-01,18.79
2014-01-02,18.74
2014-01-03,18.67
2014-01-04,18.79
2014-01-05,18.65
2014-01-06,18.4
2014-01-07,18.22
2014-01-08,18.11
2014-01-09,18.05
2014-01-10,17.59
2014-01-11,17.49
2014-01-12,17.96
2014-01-13,18.27
2014-01-14,18.51
2014-01-15,18.34
2014-01-16,18.41
2014-01-17,17.64
2014-01-18,18.24
2014-01-19,18.17
2014-01-20,18.86
2014-01-21,18.38
2014-01-22,18.27
2014-01-23,18.25
2014-01-24,18.28
2014-01-25,18.18
2014-01-26,18.04
2014-01-27,17.82
2014-01-28,17.53
2014-01-29,18.05
2014-01-30,17.99
2014-01-31,18.12
2014-02-01,18.04
2014-02-02,17.45
2014-02-03,17.23
2014-02-04,17.13
2014-02-05,16.99
2014-02-06,17.33
2014-02-07,16.98
2014-02-08,17.1
2014-02-09,17.16
2014-02-10,17.38
2014-02-11,17.4
2014-02-12,18.26
2014-02-13,17.88
2014-02-14,17.61
2014-02-15,17.73
2014-02-16,17.69
2014-02-17,17.85
2014-02-18,18.01
2014-02-19,18.01
2014-02-20,17.88
2014-02-21,17.71
2014-02-22,17.79
2014-02-23,17.48
2014-02-24,17.95
2014-02-25,18.01
2014-02-26,17.86
2014-02-27,17.93
2014-02-28,17.86
2014-03-01,17.67
2014-03-02,17.94
2014-03-03,17.76
2014-03-04,17.72
2014-03-05,17.79
2014-03-06,17.61
2014-03-07,17.86
2014-03-08,17.8
2014-03-09,17.79
2014-03-10,17.84
2014-03-11,17.76
2014-03-12,17.95
2014-03-13,17.81
2014-03-14,17.8
2014-03-15,17.8
2014-03-16,17.68
2014-03-17,17.55
2014-03-18,17.51
2014-03-19,17.52
2014-03-20,18.29
2014-03-21,18.48
2014-03-22,18.67
2014-03-23,18.96
2014-03-24,18.66
2014-03-25,18.81
2014-03-26,19.03
2014-03-27,18.99
2014-03-28,19.4
2014-03-29,19.57
2014-03-30,19.13
2014-03-31,18.84
2014-04-01,18.72
2014-04-02,18.5
2014-04-03,18.85
2014-04-04,18.88
2014-04-05,19.56
2014-04-06,19.57
2014-04-07,20.02
2014-04-08,19.87
2014-04-09,19.91
2014-04-10,19.54
2014-04-11,20.12
2014-04-12,20.61
2014-04-13,20.31
2014-04-14,20.33
2014-04-15,20.41
2014-04-16,20.77
2014-04-17,20.51
2014-04-18,21.02
2014-04-19,20.82
2014-04-20,19.21
2014-04-21,19.88
2014-04-22,20.36
2014-04-23,20.96
2014-04-24,21.84
2014-04-25,21.44
2014-04-26,21.01
2014-04-27,20.89
2014-04-28,21.63
2014-04-29,21.32
2014-04-30,21.65
2014-05-01,21.53
2014-05-02,22.01
2014-05-03,22.26
2014-05-04,22.67
2014-05-05,22.4
2014-05-06,21.21
2014-05-07,20.75
2014-05-08,20.94
2014-05-09,21.37
2014-05-10,21.76
2014-05-11,22.22
2014-05-12,21.81
2014-05-13,21.65
2014-05-14,21.95
2014-05-15,22.32
2014-05-16,22.02
2014-05-17,22.09
2014-05-18,22.62
2014-05-19,22.23
2014-05-20,22.25
2014-05-21,22.75
2014-05-22,22.23
2014-05-23,22.3
2014-05-24,22.69
2014-05-25,23.44
2014-05-26,23.93
2014-05-27,23.92
2014-05-28,23.9
2014-05-29,23.69
2014-05-30,24.24
2014-05-31,24.02
2014-06-01,23.81
2014-06-02,23.52
2014-06-03,23.44
2014-06-04,23.48
2014-06-05,23.37
2014-06-06,23.58
2014-06-07,23.65
2014-06-08,23.55
2014-06-09,24.01
2014-06-10,24.5
2014-06-11,25.26
2014-06-12,25.15
2014-06-13,24.77
2014-06-14,24.73
2014-06-15,25.94
2014-06-16,25.52
2014-06-17,25.72
2014-06-18,25.99
2014-06-19,25.86
2014-06-20,26.28
2014-06-21,26.01
2014-06-22,26.0
2014-06-23,26.68
2014-06-24,25.91
2014-06-25,26.15
2014-06-26,26.35
2014-06-27,26.53
2014-06-28,27.31
2014-06-29,27.19
2014-06-30,26.79
2014-07-01,26.85
2014-07-02,27.04
2014-07-03,27.31
2014-07-04,27.13
2014-07-05,26.73
2014-07-06,26.71
2014-07-07,26.86
2014-07-08,26.61
2014-07-09,26.48
2014-07-10,26.73
2014-07-11,26.47
2014-07-12,26.56
2014-07-13,26.39
2014-07-14,27.12
2014-07-15,27.16
2014-07-16,27.26
2014-07-17,26.88
2014-07-18,27.01
2014-07-19,27.49
2014-07-20,27.18
2014-07-21,27.4
2014-07-22,27.52
2014-07-23,28.0
2014-07-24,28.27
2014-07-25,27.94
2014-07-26,27.69
2014-07-27,27.74
2014-07-28,27.42
2014-07-29,28.06
2014-07-30,28.24
2014-07-31,28.52
2014-08-01,28.04
2014-08-02,27.76
2014-08-03,28.06
2014-08-04,28.17
2014-08-05,28.58
2014-08-06,29.01
2014-08-07,28.62
2014-08-08,28.2
2014-08-09,28.16
2014-08-10,27.79
2014-08-11,28.19
2014-08-12,28.74
2014-08-13,27.84
2014-08-14,28.8
2014-08-15,28.9
2014-08-16,28.71
2014-08-17,28.89
2014-08-18,29.27
2014-08-19,28.51
2014-08-20,28.33
2014-08-21,28.26
2014-08-22,28.87
2014-08-23,29.4
2014-08-24,29.1
2014-08-25,28.87
2014-08-26,29.18
2014-08-27,29.58
2014-08-28,28.7
2014-08-29,29.06
2014-08-30,29.42
2014-08-31,29.0
2014-09-01,28.49
2014-09-02,28.45
2014-09-03,28.88
2014-09-04,28.62
2014-09-05,28.62
2014-09-06,28.44
2014-09-07,28.53
2014-09-08,28.78
2014-09-09,28.57
2014-09-10,28.64
2014-09-11,28.53
2014-09-12,28.48
2014-09-13,28.41
2014-09-14,28.32
2014-09-15,28.48
2014-09-16,28.45
2014-09-17,28.1
2014-09-18,28.02
2014-09-19,28.36
2014-09-20,28.11
2014-09-21,27.55
2014-09-22,27.59
2014-09-23,28.01
2014-09-24,27.77
2014-09-25,27.93
2014-09-26,27.9
2014-09-27,27.46
2014-09-28,27.21
2014-09-29,27.24
2014-09-30,27.03
2014-10-01,26.91
2014-10-02,27.06
2014-10-03,26.85
2014-10-04,26.75
2014-10-05,26.62
2014-10-06,26.03
2014-10-07,26.36
2014-10-08,26.13
2014-10-09,26.16
2014-10-10,26.14
2014-10-11,26.29
2014-10-12,26.3
2014-10-13,26.08
2014-10-14,25.94
2014-10-15,25.88
2014-10-16,25.81
2014-10-17,25.82
2014-10-18,25.47
2014-10-19,25.62
2014-10-20,25.82
2014-10-21,25.57
2014-10-22,25.06
2014-10-23,25.03
2014-10-24,24.77
2014-10-25,25.01
2014-10-26,24.62
2014-10-27,24.76
2014-10-28,24.65
2014-10-29,24.58
2014-10-30,24.53
2014-10-31,24.76
2014-11-01,24.43
2014-11-02,24.18
2014-11-03,24.53
2014-11-04,24.36
2014-11-05,24.2
2014-11-06,23.73
2014-11-07,23.45
2014-11-08,22.9
2014-11-09,22.9
2014-11-10,22.66
2014-11-11,22.54
2014-11-12,22.75
2014-11-13,23.15
2014-11-14,23.09
2014-11-15,23.24
2014-11-16,23.33
2014-11-17,23.18
2014-11-18,23.18
2014-11-19,23.03
2014-11-20,22.64
2014-11-21,22.25
2014-11-22,22.35
2014-11-23,22.49
2014-11-24,22.26
2014-11-25,22.3
2014-11-26,21.95
2014-11-27,21.72
2014-11-28,21.58
2014-11-29,21.66
2014-11-30,21.51
2014-12-01,21.36
2014-12-02,21.41
2014-12-03,21.53
2014-12-04,21.37
2014-12-05,21.18
2014-12-06,21.16
2014-12-07,20.92
2014-12-08,20.96
2014-12-09,20.64
2014-12-10,20.1
2014-12-11,21.02
2014-12-12,20.62
2014-12-13,20.45
2014-12-14,20.9
2014-12-15,20.86
2014-12-16,20.69
2014-12-17,20.77
2014-12-18,20.35
2014-12-19,20.37
2014-12-20,20.33
2014-12-21,20.43
2014-12-22,20.18
2014-12-23,20.17
2014-12-24,20.0
2014-12-25,19.85
2014-12-26,19.43
2014-12-27,19.95
2014-12-28,20.33
2014-12-29,19.51
2014-12-30,19.83
2014-12-31,19.55
2015-01-01,19.54
2015-01-02,19.25
2015-01-03,19.04
2015-01-04,18.77
2015-01-05,18.75
2015-01-06,18.66
2015-01-07,18.7
2015-01-08,18.64
2015-01-09,18.24
2015-01-10,18.11
2015-01-11,17.95
2015-01-12,17.86
2015-01-13,17.7
2015-01-14,17.44
2015-01-15,16.99
2015-01-16,17.52
2015-01-17,17.71
2015-01-18,17.69
2015-01-19,17.62
2015-01-20,17.63
2015-01-21,17.43
2015-01-22,17.57
2015-01-23,17.38
2015-01-24,17.21
2015-01-25,17.13
2015-01-26,17.09
2015-01-27,17.11
2015-01-28,16.91
2015-01-29,17.18
2015-01-30,17.24
2015-01-31,17.39
2015-02-01,17.83
2015-02-02,17.67
2015-02-03,17.53
2015-02-04,17.4
2015-02-05,17.41
2015-02-06,17.1
2015-02-07,17.52
2015-02-08,17.13
2015-02-09,16.94
2015-02-10,16.88
2015-02-11,16.97
2015-02-12,16.72
2015-02-13,16.46
2015-02-14,16.4
2015-02-15,16.3
2015-02-16,16.32
2015-02-17,16.31
2015-02-18,16.42
2015-02-19,16.41
2015-02-20,16.48
2015-02-21,16.56
2015-02-22,16.18
2015-02-23,15.75
2015-02-24,15.73
2015-02-25,15.76
2015-02-26,16.81
2015-02-27,16.7
2015-02-28,16.78
2015-03-01,16.56
2015-03-02,16.73
2015-03-03,16.8
2015-03-04,17.0
2015-03-05,17.22
2015-03-06,17.6
2015-03-07,17.68
2015-03-08,17.83
2015-03-09,17.45
2015-03-10,17.23
2015-03-11,16.6
2015-03-12,16.7
2015-03-13,17.4
2015-03-14,17.75
2015-03-15,17.32
2015-03-16,17.47
2015-03-17,17.41
2015-03-18,17.65
2015-03-19,17.36
2015-03-20,17.32
2015-03-21,17.82
2015-03-22,17.53
2015-03-23,17.22
2015-03-24,17.3
2015-03-25,17.57
2015-03-26,17.56
2015-03-27,17.48
2015-03-28,17.25
2015-03-29,17.33
2015-03-30,18.25
2015-03-31,17.94
2015-04-01,18.02
2015-04-02,18.1
2015-04-03,18.25
2015-04-04,18.67
2015-04-05,18.35
2015-04-06,18.86
2015-04-07,18.87
2015-04-08,18.48
2015-04-09,18.29
2015-04-10,18.32
2015-04-11,18.21
2015-04-12,17.53
2015-04-13,17.6
2015-04-14,17.51
2015-04-15,18.08
2015-04-16,17.83
2015-04-17,18.4
2015-04-18,18.93
2015-04-19,19.66
2015-04-20,19.6
2015-04-21,18.68
2015-04-22,18.54
2015-04-23,18.47
2015-04-24,18.46
2015-04-25,18.76
2015-04-26,18.57
2015-04-27,18.7
2015-04-28,19.35
2015-04-29,19.55
2015-04-30,19.69
2015-05-01,19.62
2015-05-02,19.64
2015-05-03,19.64
2015-05-04,19.81
2015-05-05,20.46
2015-05-06,20.94
2015-05-07,21.4
2015-05-08,21.39
2015-05-09,21.52
2015-05-10,21.01
2015-05-11,21.3
2015-05-12,21.6
2015-05-13,21.31
2015-05-14,21.26
2015-05-15,21.97
2015-05-16,21.75
2015-05-17,22.62
2015-05-18,22.96
2015-05-19,23.07
2015-05-20,23.44
2015-05-21,23.25
2015-05-22,22.84
2015-05-23,22.82
2015-05-24,23.56
2015-05-25,24.01
2015-05-26,24.34
2015-05-27,24.02
2015-05-28,23.34
2015-05-29,23.6
2015-05-30,23.17
2015-05-31,23.4
2015-06-01,23.12
2015-06-02,23.81
2015-06-03,23.59
2015-06-04,24.39
2015-06-05,23.93
2015-06-06,24.4
2015-06-07,24.1
2015-06-08,23.87
2015-06-09,24.35
2015-06-10,24.37
2015-06-11,24.51
2015-06-12,24.05
2015-06-13,25.02
2015-06-14,25.16
2015-06-15,24.96
2015-06-16,25.63
2015-06-17,25.48
2015-06-18,25.63
2015-06-19,24.98
2015-06-20,25.24
2015-06-21,25.43
2015-06-22,26.23
2015-06-23,26.04
2015-06-24,25.77
2015-06-25,25.55
2015-06-26,26.13
2015-06-27,25.61
2015-06-28,25.76
2015-06-29,25.61
2015-06-30,25.6
2015-07-01,25.62
2015-07-02,25.75
2015-07-03,25.4
2015-07-04,25.39
2015-07-05,25.71
2015-07-06,26.0
2015-07-07,25.85
2015-07-08,26.08
2015-07-09,26.5
2015-07-10,26.55
2015-07-11,26.98
2015-07-12,26.5
2015-07-13,26.22
2015-07-14,26.18
2015-07-15,26.75
2015-07-16,27.1
2015-07-17,27.48
2015-07-18,27.49
2015-07-19,27.63
2015-07-20,27.35
2015-07-21,27.23
2015-07-22,27.48
2015-07-23,27.69
2015-07-24,27.54
2015-07-25,28.24
2015-07-26,28.34
2015-07-27,28.88
2015-07-28,27.78
2015-07-29,28.16
2015-07-30,29.16
2015-07-31,28.9
2015-08-01,29.04
2015-08-02,29.6
2015-08-03,29.1
2015-08-04,29.21
2015-08-05,29.22
2015-08-06,30.01
2015-08-07,29.27
2015-08-08,29.53
2015-08-09,30.03
2015-08-10,29.98
2015-08-11,29.99
2015-08-12,30.55
2015-08-13,30.15
2015-08-14,30.53
2015-08-15,30.31
2015-08-16,30.3
2015-08-17,29.89
2015-08-18,29.77
2015-08-19,29.97
2015-08-20,29.85
2015-08-21,29.7
2015-08-22,29.46
2015-08-23,29.33
2015-08-24,29.53
2015-08-25,28.98
2015-08-26,29.01
2015-08-27,28.78
2015-08-28,29.61
2015-08-29,29.4
2015-08-30,29.49
2015-08-31,29.39
2015-09-01,29.29
2015-09-02,29.32
2015-09-03,29.33
2015-09-04,29.33
2015-09-05,28.74
2015-09-06,29.31
2015-09-07,29.5
2015-09-08,29.27
2015-09-09,29.32
2015-09-10,29.36
2015-09-11,29.65
2015-09-12,29.17
2015-09-13,29.4
2015-09-14,30.22
2015-09-15,29.44
2015-09-16,29.84
2015-09-17,29.45
2015-09-18,29.4
2015-09-19,29.36
2015-09-20,28.89
2015-09-21,28.71
2015-09-22,29.21
2015-09-23,28.7
2015-09-24,28.27
2015-09-25,28.36
2015-09-26,28.8
2015-09-27,29.06
2015-09-28,28.14
2015-09-29,28.53
2015-09-30,28.31
2015-10-01,27.75
2015-10-02,28.17
2015-10-03,28.23
2015-10-04,28.13
2015-10-05,27.98
2015-10-06,27.6
2015-10-07,27.26
2015-10-08,27.29
2015-10-09,27.42
2015-10-10,26.69
2015-10-11,26.87
2015-10-12,27.12
2015-10-13,27.0
2015-10-14,26.85
2015-10-15,26.95
2015-10-16,27.11
2015-10-17,26.87
2015-10-18,26.79
2015-10-19,26.62
2015-10-20,26.61
2015-10-21,26.58
2015-10-22,26.63
2015-10-23,26.07
2015-10-24,25.69
2015-10-25,25.65
2015-10-26,25.65
2015-10-27,26.12
2015-10-28,25.77
2015-10-29,25.55
2015-10-30,25.41
2015-10-31,25.27
2015-11-01,25.79
2015-11-02,25.26
2015-11-03,24.68
2015-11-04,24.87
2015-11-05,24.52
2015-11-06,24.13
2015-11-07,23.93
2015-11-08,23.56
2015-11-09,23.21
2015-11-10,23.52
2015-11-11,23.57
2015-11-12,23.45
2015-11-13,23.74
2015-11-14,23.42
2015-11-15,23.18
2015-11-16,22.94
2015-11-17,22.98
2015-11-18,22.62
2015-11-19,22.8
2015-11-20,22.74
2015-11-21,22.81
2015-11-22,22.68
2015-11-23,22.42
2015-11-24,22.23
2015-11-25,22.03
2015-11-26,22.23
2015-11-27,21.78
2015-11-28,21.85
2015-11-29,22.07
2015-11-30,21.96
2015-12-01,22.03
2015-12-02,21.87
2015-12-03,21.83
2015-12-04,21.62
2015-12-05,21.89
2015-12-06,21.71
2015-12-07,20.56
2015-12-08,20.06
2015-12-09,20.74
2015-12-10,20.64
2015-12-11,21.19
2015-12-12,20.89
2015-12-13,20.43
2015-12-14,20.35
2015-12-15,20.18
2015-12-16,20.18
2015-12-17,20.11
2015-12-18,19.88
2015-12-19,20.07
2015-12-20,20.07
2015-12-21,20.31
2015-12-22,20.02
2015-12-23,19.84
2015-12-24,19.6
2015-12-25,19.49
2015-12-26,19.41
2015-12-27,19.83
2015-12-28,19.77
2015-12-29,19.51
2015-12-30,19.55
2015-12-31,19.32
2016-01-01,19.5
2016-01-02,19.49
2016-01-03,18.95
2016-01-04,18.78
2016-01-05,19.15
2016-01-06,19.05
2016-01-07,18.67
2016-01-08,18.46
2016-01-09,18.32
2016-01-10,18.85
2016-01-11,18.42
2016-01-12,18.29
2016-01-13,18.61
2016-01-14,18.32
2016-01-15,18.26
2016-01-16,18.28
2016-01-17,18.34
2016-01-18,18.38
2016-01-19,18.38
2016-01-20,18.31
2016-01-21,17.84
2016-01-22,17.59
2016-01-23,18.05
2016-01-24,17.86
2016-01-25,17.62
2016-01-26,17.19
2016-01-27,17.09
2016-01-28,17.1
2016-01-29,16.68
2016-01-30,16.92
2016-01-31,17.11
2016-02-01,17.17
2016-02-02,17.56
2016-02-03,17.1
2016-02-04,17.69
2016-02-05,16.9
2016-02-06,16.69
2016-02-07,16.96
2016-02-08,17.13
2016-02-09,16.87
2016-02-10,16.86
2016-02-11,16.98
2016-02-12,16.71
2016-02-13,17.05
2016-02-14,17.34
2016-02-15,17.67
2016-02-16,17.3
2016-02-17,17.42
2016-02-18,17.79
2016-02-19,18.18
2016-02-20,17.86
2016-02-21,17.88
2016-02-22,17.71
2016-02-23,17.51
2016-02-24,17.74
2016-02-25,18.24
2016-02-26,17.84
2016-02-27,17.43
2016-02-28,17.53
2016-02-29,17.31
2016-03-01,17.85
2016-03-02,18.27
2016-03-03,17.27
2016-03-04,17.76
2016-03-05,17.48
2016-03-06,17.45
2016-03-07,17.56
2016-03-08,17.77
2016-03-09,17.28
2016-03-10,17.37
2016-03-11,17.59
2016-03-12,17.82
2016-03-13,17.4
2016-03-14,17.05
2016-03-15,17.18
2016-03-16,17.11
2016-03-17,17.11
2016-03-18,17.8
2016-03-19,17.36
2016-03-20,16.99
2016-03-21,17.97
2016-03-22,17.84
2016-03-23,18.31
2016-03-24,18.29
2016-03-25,18.25
2016-03-26,18.0
2016-03-27,17.86
2016-03-28,17.93
2016-03-29,17.94
2016-03-30,17.9
2016-03-31,17.71
2016-04-01,18.31
2016-04-02,18.72
2016-04-03,18.35
2016-04-04,18.59
2016-04-05,18.54
2016-04-06,19.44
2016-04-07,19.54
2016-04-08,19.49
2016-04-09,19.33
2016-04-10,19.16
2016-04-11,19.25
2016-04-12,19.31
2016-04-13,19.04
2016-04-14,18.93
2016-04-15,19.94
2016-04-16,19.94
2016-04-17,20.33
2016-04-18,20.7
2016-04-19,21.76
2016-04-20,21.15
2016-04-21,21.61
2016-04-22,21.79
2016-04-23,22.29
2016-04-24,22.44
2016-04-25,21.9
2016-04-26,21.75
2016-04-27,20.78
2016-04-28,20.66
2016-04-29,21.33
2016-04-30,21.54
2016-05-01,21.63
2016-05-02,21.22
2016-05-03,21.17
2016-05-04,21.2
2016-05-05,21.51
2016-05-06,21.16
2016-05-07,21.09
2016-05-08,21.4
2016-05-09,21.4
2016-05-10,21.45
2016-05-11,21.21
2016-05-12,21.76
2016-05-13,21.68
2016-05-14,23.59
2016-05-15,23.24
2016-05-16,22.96
2016-05-17,22.26
2016-05-18,21.69
2016-05-19,22.34
2016-05-20,22.38
2016-05-21,22.61
2016-05-22,23.02
2016-05-23,22.72
2016-05-24,22.6
2016-05-25,22.88
2016-05-26,22.94
2016-05-27,22.06
2016-05-28,22.49
2016-05-29,22.44
2016-05-30,21.99
2016-05-31,22.65
2016-06-01,23.45
2016-06-02,24.15
2016-06-03,24.35
2016-06-04,24.53
2016-06-05,23.88
2016-06-06,24.92
2016-06-07,25.13
2016-06-08,25.41
2016-06-09,25.39
2016-06-10,25.15
2016-06-11,25.64
2016-06-12,24.88
2016-06-13,24.51
2016-06-14,24.77
2016-06-15,24.43
2016-06-16,24.58
2016-06-17,24.92
2016-06-18,25.31
2016-06-19,26.24
2016-06-20,26.04
2016-06-21,26.43
2016-06-22,26.72
2016-06-23,26.42
2016-06-24,26.53
2016-06-25,26.83
2016-06-26,26.9
2016-06-27,27.52
2016-06-28,27.13
2016-06-29,26.94
2016-06-30,27.21
2016-07-01,27.15
2016-07-02,26.94
2016-07-03,27.01
2016-07-04,27.36
2016-07-05,26.99
2016-07-06,27.54
2016-07-07,26.85
2016-07-08,27.79
2016-07-09,26.73
2016-07-10,28.08
2016-07-11,27.88
2016-07-12,27.69
2016-07-13,28.39
2016-07-14,28.77
2016-07-15,28.65
2016-07-16,28.9
2016-07-17,28.84
2016-07-18,28.53
2016-07-19,27.99
2016-07-20,27.93
2016-07-21,28.35
2016-07-22,28.21
2016-07-23,28.08
2016-07-24,27.9
2016-07-25,27.65
2016-07-26,27.73
2016-07-27,27.76
2016-07-28,27.73
2016-07-29,27.43
2016-07-30,27.92
2016-07-31,28.08
2016-08-01,28.03
2016-08-02,28.5
2016-08-03,28.32
2016-08-04,28.55
2016-08-05,28.42
2016-08-06,29.3
2016-08-07,28.55
2016-08-08,28.74
2016-08-09,28.04
2016-08-10,28.33
2016-08-11,28.26
2016-08-12,28.84
2016-08-13,28.26
2016-08-14,28.4
2016-08-15,27.79
2016-08-16,28.27
2016-08-17,28.82
2016-08-18,28.56
2016-08-19,28.53
2016-08-20,28.89
2016-08-21,28.92
2016-08-22,28.69
2016-08-23,28.45
2016-08-24,28.37
2016-08-25,28.48
2016-08-26,28.88
2016-08-27,29.0
2016-08-28,29.05
2016-08-29,29.02
2016-08-30,29.5
2016-08-31,28.9
2016-09-01,28.47
2016-09-02,27.79
2016-09-03,28.66
2016-09-04,28.3
2016-09-05,28.52
2016-09-06,28.76
2016-09-07,28.76
2016-09-08,28.65
2016-09-09,28.49
2016-09-10,28.39
2016-09-11,28.77
2016-09-12,28.4
2016-09-13,28.63
2016-09-14,28.47
2016-09-15,28.59
2016-09-16,28.62
2016-09-17,28.43
2016-09-18,28.68
2016-09-19,28.0
2016-09-20,28.25
2016-09-21,28.57
2016-09-22,28.51
2016-09-23,28.33
2016-09-24,27.96
2016-09-25,27.73
2016-09-26,27.76
2016-09-27,27.66
2016-09-28,27.36
2016-09-29,26.31
2016-09-30,27.14
2016-10-01,27.11
2016-10-02,26.91
2016-10-03,26.76
2016-10-04,26.92
2016-10-05,26.69
2016-10-06,26.78
2016-10-07,26.89
2016-10-08,26.63
2016-10-09,26.25
2016-10-10,26.21
2016-10-11,26.4
2016-10-12,26.43
2016-10-13,26.37
2016-10-14,26.21
2016-10-15,26.19
2016-10-16,26.1
2016-10-17,26.2
2016-10-18,26.18
2016-10-19,25.94
2016-10-20,26.02
2016-10-21,25.81
2016-10-22,24.9
2016-10-23,25.26
2016-10-24,24.97
2016-10-25,25.23
2016-10-26,25.27
2016-10-27,25.17
2016-10-28,24.95
2016-10-29,24.81
2016-10-30,25.31
2016-10-31,25.03
2016-11-01,25.27
2016-11-02,25.19
2016-11-03,24.29
2016-11-04,24.18
2016-11-05,24.61
2016-11-06,23.76
2016-11-07,23.48
2016-11-08,24.09
2016-11-09,23.9
2016-11-10,23.68
2016-11-11,23.14
2016-11-12,23.74
2016-11-13,23.45
2016-11-14,23.21
2016-11-15,23.35
2016-11-16,23.1
2016-11-17,23.2
2016-11-18,23.65
2016-11-19,22.77
2016-11-20,23.62
2016-11-21,22.65
2016-11-22,22.35
2016-11-23,22.06
2016-11-24,22.44
2016-11-25,22.1
2016-11-26,21.93
2016-11-27,21.92
2016-11-28,21.87
2016-11-29,21.91
2016-11-30,22.01
2016-12-01,21.83
2016-12-02,21.78
2016-12-03,21.73
2016-12-04,21.63
2016-12-05,21.75
2016-12-06,21.2
2016-12-07,21.09
2016-12-08,21.09
2016-12-09,21.18
2016-12-10,21.14
2016-12-11,20.54
2016-12-12,20.39
2016-12-13,20.29
2016-12-14,20.23
2016-12-15,19.94
2016-12-16,20.91
2016-12-17,20.92
2016-12-18,20.35
2016-12-19,19.75
2016-12-20,19.57
2016-12-21,19.49
2016-12-22,19.53
2016-12-23,19.18
2016-12-24,19.39
2016-12-25,19.11
2016-12-26,19.1
2016-12-27,19.04
2016-12-28,18.62
2016-12-29,18.66
2016-12-30,18.29
2016-12-31,18.77
2017-01-01,18.8
2017-01-02,19.05
2017-01-03,18.61
2017-01-04,18.4
2017-01-05,18.59
2017-01-06,18.16
2017-01-07,18.19
2017-01-08,18.24
2017-01-09,17.86
2017-01-10,17.59
2017-01-11,17.51
2017-01-12,17.53
2017-01-13,17.27
2017-01-14,17.56
2017-01-15,17.49
2017-01-16,17.76
2017-01-17,17.69
2017-01-18,17.62
2017-01-19,17.47
2017-01-20,17.96
2017-01-21,17.74
2017-01-22,17.61
2017-01-23,17.76
2017-01-24,17.54
2017-01-25,17.35
2017-01-26,16.98
2017-01-27,16.69
2017-01-28,16.89
2017-01-29,17.09
2017-01-30,17.02
2017-01-31,16.96
2017-02-01,16.77
2017-02-02,16.78
2017-02-03,16.81
2017-02-04,16.62
2017-02-05,16.64
2017-02-06,16.68
2017-02-07,16.88
2017-02-08,16.52
2017-02-09,16.54
2017-02-10,16.4
2017-02-11,16.77
2017-02-12,16.74
2017-02-13,16.94
2017-02-14,16.94
2017-02-15,16.7
2017-02-16,16.58
2017-02-17,16.26
2017-02-18,16.41
2017-02-19,16.62
2017-02-20,16.72
2017-02-21,16.17
2017-02-22,16.1
2017-02-23,16.25
2017-02-24,16.42
2017-02-25,16.28
2017-02-26,16.2
2017-02-27,16.27
2017-02-28,16.29
2017-03-01,16.29
2017-03-02,16.78
2017-03-03,16.89
2017-03-04,17.04
2017-03-05,17.0
2017-03-06,17.37
2017-03-07,17.25
2017-03-08,16.99
2017-03-09,16.97
2017-03-10,16.57
2017-03-11,17.24
2017-03-12,16.68
2017-03-13,17.13
2017-03-14,17.18
2017-03-15,17.0
2017-03-16,17.1
2017-03-17,16.58
2017-03-18,16.6
2017-03-19,17.06
2017-03-20,17.07
2017-03-21,16.97
2017-03-22,16.85
2017-03-23,16.88
2017-03-24,16.83
2017-03-25,17.14
2017-03-26,17.88
2017-03-27,17.43
2017-03-28,17.48
2017-03-29,17.51
2017-03-30,18.0
2017-03-31,18.39
2017-04-01,18.17
2017-04-02,18.2
2017-04-03,18.15
2017-04-04,18.75
2017-04-05,19.08
2017-04-06,19.16
2017-04-07,18.89
2017-04-08,18.71
2017-04-09,18.32
2017-04-10,18.18
2017-04-11,18.04
2017-04-12,18.33
2017-04-13,18.5
2017-04-14,18.62
2017-04-15,18.26
2017-04-16,18.47
2017-04-17,19.37
2017-04-18,19.22
2017-04-19,19.55
2017-04-20,19.85
2017-04-21,19.68
2017-04-22,20.12
2017-04-23,19.81
2017-04-24,19.99
2017-04-25,19.83
2017-04-26,19.86
2017-04-27,20.51
2017-04-28,20.54
2017-04-29,20.87
2017-04-30,20.88
2017-05-01,20.57
2017-05-02,20.56
2017-05-03,20.49
2017-05-04,20.76
2017-05-05,21.0
2017-05-06,20.81
2017-05-07,21.02
2017-05-08,21.22
2017-05-09,21.87
2017-05-10,23.0
2017-05-11,22.25
2017-05-12,22.01
2017-05-13,22.43
2017-05-14,22.24
2017-05-15,22.97
2017-05-16,23.19
2017-05-17,22.49
2017-05-18,22.7
2017-05-19,22.64
2017-05-20,22.67
2017-05-21,22.59
2017-05-22,22.57
2017-05-23,22.27
2017-05-24,22.05
2017-05-25,22.4
2017-05-26,22.79
2017-05-27,22.63
2017-05-28,22.87
2017-05-29,23.22
2017-05-30,23.36
2017-05-31,23.94
2017-06-01,23.77
2017-06-02,24.23
2017-06-03,24.35
2017-06-04,24.15
2017-06-05,24.41
2017-06-06,24.83
2017-06-07,24.43
2017-06-08,24.1
2017-06-09,24.64
2017-06-10,24.93
2017-06-11,25.0
2017-06-12,24.78
2017-06-13,24.9
2017-06-14,24.65
2017-06-15,25.32
2017-06-16,25.52
2017-06-17,25.88
2017-06-18,25.79
2017-06-19,25.91
2017-06-20,26.02
2017-06-21,25.8
2017-06-22,25.89
2017-06-23,25.68
2017-06-24,26.1
2017-06-25,26.3
2017-06-26,26.39
2017-06-27,26.55
2017-06-28,26.74
2017-06-29,26.86
2017-06-30,27.03
2017-07-01,27.01
2017-07-02,27.21
2017-07-03,27.71
2017-07-04,27.74
2017-07-05,27.36
2017-07-06,27.3
2017-07-07,27.73
2017-07-08,26.99
2017-07-09,27.27
2017-07-10,27.71
2017-07-11,27.79
2017-07-12,26.83
2017-07-13,27.04
2017-07-14,27.57
2017-07-15,27.86
2017-07-16,27.65
2017-07-17,27.86
2017-07-18,28.61
2017-07-19,28.09
2017-07-20,28.25
2017-07-21,27.84
2017-07-22,27.88
2017-07-23,27.78
2017-07-24,27.95
2017-07-25,28.39
2017-07-26,28.46
2017-07-27,27.86
2017-07-28,28.48
2017-07-29,28.65
2017-07-30,28.65
2017-07-31,28.27
2017-08-01,28.37
2017-08-02,28.49
2017-08-03,28.75
2017-08-04,28.81
2017-08-05,28.45
2017-08-06,28.9
2017-08-07,29.04
2017-08-08,29.2
2017-08-09,29.15
2017-08-10,28.88
2017-08-11,28.88
2017-08-12,28.92
2017-08-13,28.95
2017-08-14,29.04
2017-08-15,29.05
2017-08-16,28.88
2017-08-17,28.98
2017-08-18,28.63
2017-08-19,29.2
2017-08-20,28.9
2017-08-21,29.13
2017-08-22,29.1
2017-08-23,28.96
2017-08-24,29.06
2017-08-25,28.9
2017-08-26,28.74
2017-08-27,28.6
2017-08-28,28.91
2017-08-29,28.68
2017-08-30,28.89
2017-08-31,28.52
2017-09-01,28.65
2017-09-02,28.59
2017-09-03,28.74
2017-09-04,28.76
2017-09-05,28.19
2017-09-06,28.67
2017-09-07,28.31
2017-09-08,28.07
2017-09-09,28.08
2017-09-10,28.51
2017-09-11,28.29
2017-09-12,28.26
2017-09-13,28.42
2017-09-14,28.15
2017-09-15,28.26
2017-09-16,28.33
2017-09-17,27.72
2017-09-18,27.54
2017-09-19,27.6
2017-09-20,27.86
2017-09-21,27.53
2017-09-22,26.98
2017-09-23,27.76
2017-09-24,27.51
2017-09-25,27.28
2017-09-26,26.79
2017-09-27,26.86
2017-09-28,27.15
2017-09-29,26.96
2017-09-30,26.79
2017-10-01,26.84
2017-10-02,26.2
2017-10-03,26.73
2017-10-04,26.67
2017-10-05,26.37
2017-10-06,26.51
2017-10-07,25.6
2017-10-08,25.71
2017-10-09,25.96
2017-10-10,25.78
2017-10-11,25.72
2017-10-12,25.61
2017-10-13,25.35
2017-10-14,25.38
2017-10-15,25.18
2017-10-16,25.1
2017-10-17,25.21
2017-10-18,25.04
2017-10-19,24.93
2017-10-20,25.13
2017-10-21,24.9
2017-10-22,25.06
2017-10-23,24.93
2017-10-24,24.59
2017-10-25,24.63
2017-10-26,24.43
2017-10-27,24.13
2017-10-28,24.47
2017-10-29,24.2
2017-10-30,24.29
2017-10-31,24.48
2017-11-01,24.36
2017-11-02,24.47
2017-11-03,24.44
2017-11-04,24.18
2017-11-05,23.67
2017-11-06,23.52
2017-11-07,23.14
2017-11-08,23.28
2017-11-09,22.98
2017-11-10,22.84
2017-11-11,22.95
2017-11-12,22.81
2017-11-13,22.39
2017-11-14,22.2
2017-11-15,22.74
2017-11-16,22.7
2017-11-17,22.69
2017-11-18,22.41
2017-11-19,21.88
2017-11-20,22.59
2017-11-21,22.41
2017-11-22,22.32
2017-11-23,22.04
2017-11-24,21.81
2017-11-25,21.85
2017-11-26,21.61
2017-11-27,21.42
2017-11-28,21.59
2017-11-29,21.72
2017-11-30,21.41
2017-12-01,21.31
2017-12-02,20.96
2017-12-03,20.98
2017-12-04,21.14
2017-12-05,21.64
2017-12-06,21.37
2017-12-07,21.2
2017-12-08,20.81
2017-12-09,20.89
2017-12-10,20.53
2017-12-11,20.26
2017-12-12,20.27
2017-12-13,20.04
2017-12-14,20.21
2017-12-15,20.27
2017-12-16,19.97
2017-12-17,20.36
2017-12-18,20.2
2017-12-19,20.2
2017-12-20,19.98
2017-12-21,19.54
2017-12-22,19.52
2017-12-23,19.4
2017-12-24,19.61
2017-12-25,19.55
2017-12-26,19.6
2017-12-27,19.57
2017-12-28,19.55
2017-12-29,19.26
2017-12-30,18.66
2017-12-31,18.98
2018-01-01,19.17
2018-01-02,19.14
2018-01-03,18.77
2018-01-04,18.49
2018-01-05,18.29
2018-01-06,18.78
2018-01-07,18.86
2018-01-08,18.72
2018-01-09,18.68
2018-01-10,18.05
2018-01-11,18.5
2018-01-12,18.25
2018-01-13,18.39
2018-01-14,18.6
2018-01-15,18.59
2018-01-16,18.53
2018-01-17,18.74
2018-01-18,18.47
2018-01-19,18.3
2018-01-20,18.22
2018-01-21,18.17
2018-01-22,17.32
2018-01-23,17.46
2018-01-24,17.31
2018-01-25,17.33
2018-01-26,17.24
2018-01-27,17.44
2018-01-28,17.55
2018-01-29,17.47
2018-01-30,17.33
2018-01-31,17.39
2018-02-01,17.45
2018-02-02,17.36
2018-02-03,17.16
2018-02-04,16.79
2018-02-05,17.01
2018-02-06,17.1
2018-02-07,17.09
2018-02-08,17.21
2018-02-09,17.27
2018-02-10,17.26
2018-02-11,17.32
2018-02-12,17.34
2018-02-13,17.33
2018-02-14,17.38
2018-02-15,17.24
2018-02-16,16.95
2018-02-17,16.67
2018-02-18,17.38
2018-02-19,17.18
2018-02-20,17.16
2018-02-21,16.96
2018-02-22,17.22
2018-02-23,17.47
2018-02-24,17.8
2018-02-25,18.06
2018-02-26,17.83
2018-02-27,17.32
2018-02-28,17.17
2018-03-01,17.29
2018-03-02,17.68
2018-03-03,18.78
2018-03-04,17.89
2018-03-05,18.13
2018-03-06,18.47
2018-03-07,18.56
2018-03-08,18.24
2018-03-09,18.08
2018-03-10,18.61
2018-03-11,18.45
2018-03-12,18.48
2018-03-13,18.99
2018-03-14,18.94
2018-03-15,18.32
2018-03-16,18.32
2018-03-17,19.02
2018-03-18,19.18
2018-03-19,18.37
2018-03-20,18.61
2018-03-21,19.12
2018-03-22,19.55
2018-03-23,19.36
2018-03-24,18.62
2018-03-25,18.84
2018-03-26,19.09
2018-03-27,18.8
2018-03-28,18.72
2018-03-29,19.19
2018-03-30,18.9
2018-03-31,18.53
2018-04-01,18.8
2018-04-02,19.28
2018-04-03,19.08
2018-04-04,19.04
2018-04-05,18.57
2018-04-06,19.25
2018-04-07,19.78
2018-04-08,18.98
2018-04-09,19.49
2018-04-10,19.79
2018-04-11,20.3
2018-04-12,20.06
2018-04-13,20.17
2018-04-14,20.18
2018-04-15,20.26
2018-04-16,21.02
2018-04-17,21.19
2018-04-18,21.18
2018-04-19,20.84
2018-04-20,20.04
2018-04-21,20.17
2018-04-22,21.12
2018-04-23,20.84
2018-04-24,20.39
2018-04-25,21.03
2018-04-26,20.91
2018-04-27,20.86
2018-04-28,21.19
2018-04-29,21.64
2018-04-30,21.85
2018-05-01,21.34
2018-05-02,21.13
2018-05-03,22.5
2018-05-04,22.54
2018-05-05,21.77
2018-05-06,21.65
2018-05-07,21.58
2018-05-08,21.9
2018-05-09,21.11
2018-05-10,21.14
2018-05-11,21.78
2018-05-12,22.0
2018-05-13,21.89
2018-05-14,22.03
2018-05-15,22.14
2018-05-16,21.99
2018-05-17,23.25
2018-05-18,23.53
2018-05-19,23.46
2018-05-20,22.73
2018-05-21,23.24
2018-05-22,23.49
2018-05-23,23.34
2018-05-24,23.09
2018-05-25,22.96
2018-05-26,24.61
2018-05-27,25.06
2018-05-28,24.88
2018-05-29,25.14
2018-05-30,25.11
2018-05-31,24.6
2018-06-01,24.68
2018-06-02,25.03
2018-06-03,24.78
2018-06-04,24.67
2018-06-05,24.51
2018-06-06,25.67
2018-06-07,25.61
2018-06-08,26.02
2018-06-09,26.12
2018-06-10,25.89
2018-06-11,25.28
2018-06-12,25.7
2018-06-13,25.71
2018-06-14,26.7
2018-06-15,26.4
2018-06-16,25.91
2018-06-17,26.31
2018-06-18,26.6
2018-06-19,26.61
2018-06-20,26.98
2018-06-21,27.29
2018-06-22,27.84
2018-06-23,27.58
2018-06-24,27.53
2018-06-25,27.39
2018-06-26,27.7
2018-06-27,27.37
2018-06-28,27.5
2018-06-29,27.38
2018-06-30,27.24
2018-07-01,26.72
2018-07-02,26.83
2018-07-03,27.7
2018-07-04,26.95
2018-07-05,27.67
2018-07-06,27.65
2018-07-07,27.77
2018-07-08,26.98
2018-07-09,26.89
2018-07-10,26.42
2018-07-11,27.07
2018-07-12,27.98
2018-07-13,27.58
2018-07-14,27.17
2018-07-15,27.09
2018-07-16,27.86
2018-07-17,27.59
2018-07-18,28.12
2018-07-19,27.42
2018-07-20,27.75
2018-07-21,27.98
2018-07-22,27.64
2018-07-23,28.35
2018-07-24,28.22
2018-07-25,27.5
2018-07-26,28.26
2018-07-27,28.51
2018-07-28,28.18
2018-07-29,28.29
2018-07-30,28.3
2018-07-31,28.84
2018-08-01,28.6
2018-08-02,27.93
2018-08-03,28.97
2018-08-04,28.17
2018-08-05,28.71
2018-08-06,28.69
2018-08-07,29.21
2018-08-08,29.03
2018-08-09,29.07
2018-08-10,28.71
2018-08-11,28.77
2018-08-12,29.54
2018-08-13,28.88
2018-08-14,28.54
2018-08-15,28.49
2018-08-16,28.94
2018-08-17,29.02
2018-08-18,28.7
2018-08-19,28.99
2018-08-20,28.83
2018-08-21,28.65
2018-08-22,29.26
2018-08-23,28.8
2018-08-24,28.35
2018-08-25,27.87
2018-08-26,28.93
2018-08-27,28.53
2018-08-28,28.87
2018-08-29,28.54
2018-08-30,28.95
2018-08-31,28.99
2018-09-01,28.93
2018-09-02,28.43
2018-09-03,28.84
2018-09-04,28.72
2018-09-05,28.84
2018-09-06,29.16
2018-09-07,28.92
2018-09-08,28.67
2018-09-09,28.81
2018-09-10,28.8
2018-09-11,28.44
2018-09-12,28.34
2018-09-13,28.41
2018-09-14,27.88
2018-09-15,27.93
2018-09-16,28.36
2018-09-17,28.12
2018-09-18,28.16
2018-09-19,28.31
2018-09-20,27.74
2018-09-21,27.99
2018-09-22,27.8
2018-09-23,27.85
2018-09-24,27.91
2018-09-25,27.16
2018-09-26,28.09
2018-09-27,27.86
2018-09-28,27.85
2018-09-29,27.67
2018-09-30,27.96
2018-10-01,27.89
2018-10-02,27.72
2018-10-03,27.77
2018-10-04,28.1
2018-10-05,27.53
2018-10-06,27.35
2018-10-07,27.21
2018-10-08,27.29
2018-10-09,26.84
2018-10-10,26.69
2018-10-11,26.61
2018-10-12,26.7
2018-10-13,26.37
2018-10-14,26.12
2018-10-15,26.47
2018-10-16,26.43
2018-10-17,26.12
2018-10-18,25.8
2018-10-19,25.89
2018-10-20,26.03
2018-10-21,25.62
2018-10-22,25.09
2018-10-23,25.87
2018-10-24,26.23
2018-10-25,25.16
2018-10-26,25.42
2018-10-27,25.31
2018-10-28,25.37
2018-10-29,24.98
2018-10-30,24.24
2018-10-31,24.33
2018-11-01,24.34
2018-11-02,24.41
2018-11-03,24.04
2018-11-04,24.22
2018-11-05,24.31
2018-11-06,24.24
2018-11-07,24.18
2018-11-08,24.23
2018-11-09,23.91
2018-11-10,23.36
2018-11-11,23.57
2018-11-12,23.98
2018-11-13,23.91
2018-11-14,23.7
2018-11-15,23.57
2018-11-16,23.32
2018-11-17,22.81
2018-11-18,22.96
2018-11-19,23.55
2018-11-20,23.34
2018-11-21,23.21
2018-11-22,22.53
2018-11-23,23.15
2018-11-24,22.93
2018-11-25,22.77
2018-11-26,22.8
2018-11-27,22.63
2018-11-28,22.32
2018-11-29,22.67
2018-11-30,22.48
2018-12-01,22.37
2018-12-02,22.21
2018-12-03,22.0
2018-12-04,21.93
2018-12-05,22.38
2018-12-06,22.22
2018-12-07,21.27
2018-12-08,21.25
2018-12-09,21.19
2018-12-10,21.04
2018-12-11,20.92
2018-12-12,20.66
2018-12-13,20.9
2018-12-14,20.77
2018-12-15,20.53
2018-12-16,20.45
2018-12-17,20.46
2018-12-18,20.48
2018-12-19,19.93
2018-12-20,19.84
2018-12-21,19.84
2018-12-22,19.59
2018-12-23,19.53
2018-12-24,19.63
2018-12-25,19.28
2018-12-26,19.13
2018-12-27,19.21
2018-12-28,18.96
2018-12-29,18.6
2018-12-30,18.48
2018-12-31,18.49
2019-01-01,18.55
2019-01-02,18.66
2019-01-03,18.56
2019-01-04,18.54
2019-01-05,18.66
2019-01-06,18.46
2019-01-07,18.1
2019-01-08,17.99
2019-01-09,17.63
2019-01-10,16.95
2019-01-11,16.56
2019-01-12,16.72
2019-01-13,17.97
2019-01-14,17.79
2019-01-15,17.14
2019-01-16,17.56
2019-01-17,17.65
2019-01-18,17.53
2019-01-19,17.23
2019-01-20,17.67
2019-01-21,17.47
2019-01-22,17.03
2019-01-23,16.75
2019-01-24,16.68
2019-01-25,16.36
2019-01-26,16.35
2019-01-27,16.6
2019-01-28,16.99
2019-01-29,17.01
2019-01-30,16.95
2019-01-31,16.35
2019-02-01,16.8
2019-02-02,16.87
2019-02-03,17.01
2019-02-04,16.45
2019-02-05,16.16
2019-02-06,15.82
2019-02-07,15.7
2019-02-08,16.28
2019-02-09,16.64
2019-02-10,16.51
2019-02-11,16.6
2019-02-12,16.74
2019-02-13,16.63
2019-02-14,16.44
2019-02-15,16.21
2019-02-16,16.48
2019-02-17,16.45
2019-02-18,15.92
2019-02-19,16.19
2019-02-20,16.36
2019-02-21,16.13
2019-02-22,15.87
2019-02-23,16.27
2019-02-24,16.48
2019-02-25,16.08
2019-02-26,15.81
2019-02-27,16.17
2019-02-28,16.61
2019-03-01,16.36
2019-03-02,15.9
2019-03-03,16.28
2019-03-04,16.36
2019-03-05,16.27
2019-03-06,16.2
2019-03-07,16.73
2019-03-08,16.68
2019-03-09,16.65
2019-03-10,17.1
2019-03-11,17.24
2019-03-12,17.26
2019-03-13,16.68
2019-03-14,16.67
2019-03-15,16.7
2019-03-16,16.94
2019-03-17,16.47
2019-03-18,16.65
2019-03-19,16.97
2019-03-20,16.91
2019-03-21,16.55
2019-03-22,17.67
2019-03-23,17.41
2019-03-24,16.81
2019-03-25,17.21
2019-03-26,17.18
2019-03-27,17.58
2019-03-28,17.66
2019-03-29,17.57
2019-03-30,17.59
2019-03-31,17.02
2019-04-01,16.81
2019-04-02,16.59
2019-04-03,17.0
2019-04-04,17.34
2019-04-05,17.22
2019-04-06,17.25
2019-04-07,17.81
2019-04-08,18.3
2019-04-09,18.03
2019-04-10,17.88
2019-04-11,18.29
2019-04-12,18.52
2019-04-13,18.3
2019-04-14,18.71
2019-04-15,18.36
2019-04-16,17.53
2019-04-17,18.24
2019-04-18,17.86
2019-04-19,18.18
2019-04-20,17.99
2019-04-21,17.64
2019-04-22,17.59
2019-04-23,17.43
2019-04-24,17.26
2019-04-25,17.93
2019-04-26,18.42
2019-04-27,19.22
2019-04-28,19.27
2019-04-29,18.77
2019-04-30,19.57
2019-05-01,20.02
2019-05-02,19.36
2019-05-03,19.02
2019-05-04,20.1
2019-05-05,20.03
2019-05-06,19.87
2019-05-07,19.28
2019-05-08,19.93
2019-05-09,19.75
2019-05-10,19.81
2019-05-11,20.3
2019-05-12,20.81
2019-05-13,20.22
2019-05-14,20.86
2019-05-15,20.67
2019-05-16,21.59
2019-05-17,21.54
2019-05-18,21.18
2019-05-19,21.7
2019-05-20,22.2
2019-05-21,22.0
2019-05-22,22.57
2019-05-23,22.42
2019-05-24,22.22
2019-05-25,22.13
2019-05-26,23.05
2019-05-27,22.85
2019-05-28,23.91
2019-05-29,23.8
2019-05-30,23.55
2019-05-31,23.93
2019-06-01,23.84
2019-06-02,23.34
2019-06-03,23.22
2019-06-04,23.81
2019-06-05,23.63
2019-06-06,23.53
2019-06-07,23.33
2019-06-08,23.88
2019-06-09,24.77
2019-06-10,24.51
2019-06-11,24.82
2019-06-12,24.82
2019-06-13,24.96
2019-06-14,24.4
2019-06-15,25.01
2019-06-16,25.67
2019-06-17,25.31
2019-06-18,24.6
2019-06-19,25.64
2019-06-20,26.5
2019-06-21,26.82
2019-06-22,26.49
2019-06-23,26.43
2019-06-24,26.6
2019-06-25,27.22
2019-06-26,26.93
2019-06-27,27.72
2019-06-28,27.82
2019-06-29,27.08
2019-06-30,27.0
2019-07-01,27.6
2019-07-02,28.98
2019-07-03,28.9
2019-07-04,29.4
2019-07-05,28.86
2019-07-06,28.44
2019-07-07,28.59
2019-07-08,28.22
2019-07-09,28.64
2019-07-10,28.26
2019-07-11,27.75
2019-07-12,28.15
2019-07-13,28.31
2019-07-14,28.12
2019-07-15,27.74
2019-07-16,28.77
2019-07-17,28.07
2019-07-18,28.44
2019-07-19,28.33
2019-07-20,28.88
2019-07-21,28.5
2019-07-22,28.73
2019-07-23,28.45
2019-07-24,28.78
2019-07-25,28.39
2019-07-26,27.83
2019-07-27,28.46
2019-07-28,28.58
2019-07-29,28.47
2019-07-30,28.91
2019-07-31,28.1
2019-08-01,28.48
2019-08-02,28.63
2019-08-03,28.79
2019-08-04,28.88
2019-08-05,28.7
2019-08-06,28.19
2019-08-07,28.02
2019-08-08,28.41
2019-08-09,28.77
2019-08-10,28.69
2019-08-11,28.04
2019-08-12,29.0
2019-08-13,29.0
2019-08-14,29.1
2019-08-15,29.12
2019-08-16,29.6
2019-08-17,29.28
2019-08-18,29.37
2019-08-19,28.88
2019-08-20,28.99
2019-08-21,28.87
2019-08-22,28.66
2019-08-23,28.86
2019-08-24,29.27
2019-08-25,29.01
2019-08-26,28.35
2019-08-27,28.27
2019-08-28,28.28
2019-08-29,28.65
2019-08-30,28.71
2019-08-31,28.93
2019-09-01,28.67
2019-09-02,28.88
2019-09-03,28.93
2019-09-04,28.76
2019-09-05,28.65
2019-09-06,28.03
2019-09-07,28.15
2019-09-08,28.9
2019-09-09,29.01
2019-09-10,28.23
2019-09-11,28.02
2019-09-12,28.45
2019-09-13,27.99
2019-09-14,27.69
2019-09-15,27.97
2019-09-16,27.76
2019-09-17,27.98
2019-09-18,27.85
2019-09-19,27.76
2019-09-20,27.82
2019-09-21,27.64
2019-09-22,27.27
2019-09-23,27.49
2019-09-24,27.45
2019-09-25,27.39
2019-09-26,26.81
2019-09-27,27.36
2019-09-28,27.52
2019-09-29,27.21
2019-09-30,27.07
2019-10-01,27.0
2019-10-02,27.03
2019-10-03,26.4
2019-10-04,26.93
2019-10-05,27.33
2019-10-06,27.35
2019-10-07,27.12
2019-10-08,26.8
2019-10-09,27.2
2019-10-10,26.91
2019-10-11,26.19
2019-10-12,26.7
2019-10-13,27.28
2019-10-14,26.95
2019-10-15,26.22
2019-10-16,25.94
2019-10-17,26.04
2019-10-18,26.3
2019-10-19,26.07
2019-10-20,25.88
2019-10-21,26.82
2019-10-22,26.27
2019-10-23,25.95
2019-10-24,26.14
2019-10-25,25.8
2019-10-26,25.48
2019-10-27,24.65
2019-10-28,24.94
2019-10-29,25.26
2019-10-30,24.71
2019-10-31,24.87
2019-11-01,24.37
2019-11-02,24.25
2019-11-03,24.69
2019-11-04,24.33
2019-11-05,24.59
2019-11-06,24.57
2019-11-07,24.19
2019-11-08,23.71
2019-11-09,24.63
2019-11-10,24.53
2019-11-11,24.17
2019-11-12,24.03
2019-11-13,24.1
2019-11-14,23.96
2019-11-15,23.94
2019-11-16,24.09
2019-11-17,24.11
2019-11-18,23.61
2019-11-19,23.2
2019-11-20,22.65
2019-11-21,22.6
2019-11-22,22.8
2019-11-23,22.25
2019-11-24,22.42
2019-11-25,22.7
2019-11-26,22.39
2019-11-27,22.4
2019-11-28,22.38
2019-11-29,22.78
2019-11-30,22.8
2019-12-01,22.68
2019-12-02,22.8
2019-12-03,22.68
2019-12-04,22.6
2019-12-05,22.56
2019-12-06,22.82
2019-12-07,22.32
2019-12-08,21.97
2019-12-09,21.9
2019-12-10,21.8
2019-12-11,21.62
2019-12-12,21.29
2019-12-13,20.56
2019-12-14,21.21
2019-12-15,21.06
2019-12-16,20.41
2019-12-17,19.88
2019-12-18,20.17
2019-12-19,19.83
2019-12-20,20.15
2019-12-21,20.01
2019-12-22,19.99
2019-12-23,19.85
2019-12-24,19.52
2019-12-25,19.97
2019-12-26,19.78
2019-12-27,19.87
2019-12-28,19.62
2019-12-29,19.61
2019-12-30,19.53
2019-12-31,19.48
2020-01-01,19.67
2020-01-02,19.52
2020-01-03,19.16
2020-01-04,18.61
2020-01-05,18.49
2020-01-06,18.92
2020-01-07,18.69
2020-01-08,18.57
2020-01-09,18.42
2020-01-10,18.36
2020-01-11,17.75
2020-01-12,18.04
2020-01-13,18.06
2020-01-14,18.16
2020-01-15,18.0
2020-01-16,18.07
2020-01-17,17.94
2020-01-18,18.07
2020-01-19,18.06
2020-01-20,18.24
2020-01-21,17.8
2020-01-22,17.6
2020-01-23,17.65
2020-01-24,17.48
2020-01-25,17.25
2020-01-26,17.39
2020-01-27,17.24
2020-01-28,16.93
2020-01-29,17.6
2020-01-30,17.88
2020-01-31,17.41
2020-02-01,17.42
2020-02-02,17.26
2020-02-03,17.05
2020-02-04,16.99
2020-02-05,16.48
2020-02-06,16.67
2020-02-07,17.45
2020-02-08,17.34
2020-02-09,16.92
2020-02-10,16.77
2020-02-11,16.75
2020-02-12,16.79
2020-02-13,16.52
2020-02-14,16.9
2020-02-15,16.6
2020-02-16,16.8
2020-02-17,16.75
2020-02-18,16.98
2020-02-19,16.8
2020-02-20,16.61
2020-02-21,16.65
2020-02-22,16.86
2020-02-23,16.87
2020-02-24,16.66
2020-02-25,16.83
2020-02-26,16.93
2020-02-27,17.21
2020-02-28,17.1
2020-02-29,16.93
2020-03-01,16.78
2020-03-02,16.98
2020-03-03,17.04
2020-03-04,17.29
2020-03-05,17.61
2020-03-06,17.61
2020-03-07,17.52
2020-03-08,17.49
2020-03-09,17.32
2020-03-10,17.27
2020-03-11,17.65
2020-03-12,17.62
2020-03-13,16.79
2020-03-14,16.73
2020-03-15,17.62
2020-03-16,18.14
2020-03-17,18.01
2020-03-18,17.4
2020-03-19,17.34
2020-03-20,17.08
2020-03-21,16.87
2020-03-22,16.53
2020-03-23,17.04
2020-03-24,17.3
2020-03-25,17.05
2020-03-26,17.04
2020-03-27,16.95
2020-03-28,17.02
2020-03-29,17.03
2020-03-30,16.95
2020-03-31,17.4
2020-04-01,17.47
2020-04-02,17.66
2020-04-03,17.77
2020-04-04,18.1
2020-04-05,17.88
2020-04-06,18.13
2020-04-07,18.13
2020-04-08,18.55
2020-04-09,18.81
2020-04-10,18.69
2020-04-11,18.41
2020-04-12,18.57
2020-04-13,18.67
2020-04-14,18.64
2020-04-15,19.02
2020-04-16,20.0
2020-04-17,18.71
2020-04-18,18.87
2020-04-19,19.3
2020-04-20,19.49
2020-04-21,19.44
2020-04-22,20.15
2020-04-23,19.78
2020-04-24,19.76
2020-04-25,19.71
2020-04-26,19.77
2020-04-27,19.73
2020-04-28,19.43
2020-04-29,20.03
2020-04-30,20.18
2020-05-01,20.01
2020-05-02,19.71
2020-05-03,20.22
2020-05-04,20.77
2020-05-05,20.98
2020-05-06,19.92
2020-05-07,20.48
2020-05-08,21.27
2020-05-09,20.38
2020-05-10,20.45
2020-05-11,20.35
2020-05-12,20.93
2020-05-13,21.84
2020-05-14,21.74
2020-05-15,22.44
2020-05-16,22.29
2020-05-17,23.44
2020-05-18,23.43
2020-05-19,23.98
2020-05-20,23.82
2020-05-21,24.26
2020-05-22,24.15
2020-05-23,24.02
2020-05-24,23.29
2020-05-25,22.33
2020-05-26,22.85
2020-05-27,23.3
2020-05-28,22.75
2020-05-29,22.5
2020-05-30,22.58
2020-05-31,23.26
2020-06-01,24.23
2020-06-02,23.26
2020-06-03,23.26
2020-06-04,23.59
2020-06-05,23.53
2020-06-06,23.87
2020-06-07,23.63
2020-06-08,23.49
2020-06-09,23.77
2020-06-10,24.05
2020-06-11,24.66
2020-06-12,24.86
2020-06-13,24.83
2020-06-14,25.3
2020-06-15,24.94
2020-06-16,25.44
2020-06-17,25.96
2020-06-18,24.89
2020-06-19,24.37
2020-06-20,25.42
2020-06-21,25.2
2020-06-22,25.04
2020-06-23,25.09
2020-06-24,25.25
2020-06-25,24.92
2020-06-26,25.14
2020-06-27,24.98
2020-06-28,25.22
2020-06-29,25.78
2020-06-30,25.89
2020-07-01,26.05
2020-07-02,26.34
2020-07-03,26.84
2020-07-04,26.2
2020-07-05,26.83
2020-07-06,26.16
2020-07-07,26.86
2020-07-08,27.42
2020-07-09,26.99
2020-07-10,26.91
2020-07-11,27.33
2020-07-12,27.39
2020-07-13,26.86
2020-07-14,27.39
2020-07-15,26.95
2020-07-16,26.05
2020-07-17,26.58
2020-07-18,26.94
2020-07-19,27.05
2020-07-20,27.71
2020-07-21,26.94
2020-07-22,26.77
2020-07-23,26.25
2020-07-24,27.29
2020-07-25,27.01
2020-07-26,27.7
2020-07-27,27.36
2020-07-28,27.64
2020-07-29,27.91
2020-07-30,27.67
2020-07-31,27.97
2020-08-01,27.9
2020-08-02,27.18
2020-08-03,27.28
2020-08-04,28.45
2020-08-05,28.08
2020-08-06,27.33
2020-08-07,27.88
2020-08-08,28.07
2020-08-09,28.21
2020-08-10,28.33
2020-08-11,28.04
2020-08-12,28.28
2020-08-13,28.19
2020-08-14,28.14
2020-08-15,28.48
2020-08-16,28.65
2020-08-17,28.85
2020-08-18,28.77
2020-08-19,28.58
2020-08-20,28.37
2020-08-21,28.43
2020-08-22,29.04
2020-08-23,28.76
2020-08-24,29.01
2020-08-25,29.13
2020-08-26,29.06
2020-08-27,28.78
2020-08-28,28.71
2020-08-29,28.7
2020-08-30,27.84
2020-08-31,28.83
2020-09-01,29.0
2020-09-02,28.61
2020-09-03,28.8
2020-09-04,29.28
2020-09-05,29.2
2020-09-06,28.82
2020-09-07,29.02
2020-09-08,28.19
2020-09-09,29.11
2020-09-10,28.67
2020-09-11,28.72
2020-09-12,28.62
2020-09-13,28.87
2020-09-14,29.23
2020-09-15,28.98
2020-09-16,29.33
2020-09-17,29.35
2020-09-18,29.31
2020-09-19,29.23
2020-09-20,29.3
2020-09-21,29.15
2020-09-22,29.12
2020-09-23,28.82
2020-09-24,28.49
2020-09-25,28.4
2020-09-26,28.3
2020-09-27,27.83
2020-09-28,28.6
2020-09-29,28.58
2020-09-30,28.55
2020-10-01,27.78
2020-10-02,28.09
2020-10-03,28.14
2020-10-04,28.03
2020-10-05,28.2
2020-10-06,28.43
2020-10-07,28.05
2020-10-08,28.48
2020-10-09,28.67
2020-10-10,28.32
2020-10-11,27.89
2020-10-12,27.96
2020-10-13,27.67
2020-10-14,27.26
2020-10-15,27.88
2020-10-16,27.51
2020-10-17,27.29
2020-10-18,27.54
2020-10-19,27.31
2020-10-20,27.51
2020-10-21,27.41
2020-10-22,27.18
2020-10-23,26.75
2020-10-24,26.76
2020-10-25,26.67
2020-10-26,26.81
2020-10-27,26.07
2020-10-28,26.44
2020-10-29,25.97
2020-10-30,26.03
2020-10-31,25.68
2020-11-01,25.84
2020-11-02,26.03
2020-11-03,25.76
2020-11-04,25.85
2020-11-05,25.15
2020-11-06,25.62
2020-11-07,25.46
2020-11-08,25.19
2020-11-09,24.6
2020-11-10,24.52
2020-11-11,24.41
2020-11-12,24.67
2020-11-13,24.03
2020-11-14,24.35
2020-11-15,23.68
2020-11-16,23.93
2020-11-17,24.04
2020-11-18,23.87
2020-11-19,23.91
2020-11-20,23.49
2020-11-21,23.6
2020-11-22,23.57
2020-11-23,23.24
2020-11-24,22.79
2020-11-25,22.91
2020-11-26,22.74
2020-11-27,22.93
2020-11-28,22.56
2020-11-29,22.28
2020-11-30,21.97
2020-12-01,22.31
2020-12-02,21.86
2020-12-03,22.29
2020-12-04,21.71
2020-12-05,21.79
2020-12-06,21.07
2020-12-07,21.48
2020-12-08,20.79
2020-12-09,20.86
2020-12-10,21.01
2020-12-11,21.36
2020-12-12,20.95
2020-12-13,21.02
2020-12-14,21.19
2020-12-15,21.15
2020-12-16,21.46
2020-12-17,21.04
2020-12-18,21.01
2020-12-19,20.97
2020-12-20,20.98
2020-12-21,20.48
2020-12-22,20.38
2020-12-23,20.22
2020-12-24,20.02
2020-12-25,19.88
2020-12-26,20.27
2020-12-27,19.85
2020-12-28,19.6
2020-12-29,19.0
2020-12-30,19.24
2020-12-31,19.51
2021-01-01,19.49
2021-01-02,19.67
2021-01-03,19.54
2021-01-04,19.27
2021-01-05,19.79
2021-01-06,19.27
2021-01-07,19.59
2021-01-08,19.66
2021-01-09,19.43
2021-01-10,19.57
2021-01-11,19.81
2021-01-12,19.56
2021-01-13,19.62
2021-01-14,19.72
2021-01-15,19.36
2021-01-16,19.64
2021-01-17,19.56
2021-01-18,19.09
2021-01-19,18.88
2021-01-20,18.98
2021-01-21,18.74
2021-01-22,18.18
2021-01-23,17.94
2021-01-24,17.79
2021-01-25,18.14
2021-01-26,18.89
2021-01-27,18.66
2021-01-28,18.42
2021-01-29,18.32
2021-01-30,18.3
2021-01-31,17.78
2021-02-01,18.52
2021-02-02,17.85
2021-02-03,18.28
2021-02-04,18.32
2021-02-05,17.46
2021-02-06,18.12
2021-02-07,18.13
2021-02-08,18.06
2021-02-09,18.34
2021-02-10,18.15
2021-02-11,18.21
2021-02-12,18.03
2021-02-13,17.5
2021-02-14,18.06
2021-02-15,18.14
2021-02-16,17.53
2021-02-17,17.92
2021-02-18,17.71
2021-02-19,17.38
2021-02-20,17.33
2021-02-21,17.3
2021-02-22,17.52
2021-02-23,17.35
2021-02-24,16.84
2021-02-25,16.82
2021-02-26,17.49
2021-02-27,17.11
2021-02-28,17.3
2021-03-01,17.16
2021-03-02,17.39
2021-03-03,17.37
2021-03-04,17.23
2021-03-05,17.15
2021-03-06,17.46
2021-03-07,17.43
2021-03-08,17.74
2021-03-09,18.08
2021-03-10,17.99
2021-03-11,17.57
2021-03-12,17.48
2021-03-13,17.81
2021-03-14,17.48
2021-03-15,17.39
2021-03-16,17.33
2021-03-17,17.78
2021-03-18,17.75
2021-03-19,17.75
2021-03-20,17.87
2021-03-21,18.16
2021-03-22,18.06
2021-03-23,17.95
2021-03-24,17.86
2021-03-25,17.82
2021-03-26,17.63
2021-03-27,17.64
2021-03-28,17.41
2021-03-29,17.48
2021-03-30,17.25
2021-03-31,17.24
2021-04-01,17.41
2021-04-02,17.74
2021-04-03,17.44
2021-04-04,17.73
2021-04-05,17.69
2021-04-06,18.11
2021-04-07,18.12
2021-04-08,17.93
2021-04-09,18.55
2021-04-10,18.27
2021-04-11,18.35
2021-04-12,17.99
2021-04-13,17.82
2021-04-14,17.84
2021-04-15,18.21
2021-04-16,18.18
2021-04-17,18.77
2021-04-18,18.86
2021-04-19,18.9
2021-04-20,19.22
2021-04-21,18.93
2021-04-22,18.53
2021-04-23,18.9
2021-04-24,19.63
2021-04-25,20.34
2021-04-26,20.11
2021-04-27,19.16
2021-04-28,19.73
2021-04-29,20.26
2021-04-30,20.6
2021-05-01,21.5
2021-05-02,21.45
2021-05-03,22.12
2021-05-04,22.6
2021-05-05,22.83
2021-05-06,22.56
2021-05-07,22.62
2021-05-08,23.29
2021-05-09,23.16
2021-05-10,22.31
2021-05-11,21.36
2021-05-12,21.92
2021-05-13,22.59
2021-05-14,22.26
2021-05-15,23.07
2021-05-16,23.81
2021-05-17,23.98
2021-05-18,23.59
2021-05-19,23.45
2021-05-20,23.96
2021-05-21,23.95
2021-05-22,23.73
2021-05-23,23.14
2021-05-24,23.02
2021-05-25,23.41
2021-05-26,23.31
2021-05-27,23.79
2021-05-28,22.95
2021-05-29,23.22
2021-05-30,24.13
2021-05-31,23.76
2021-06-01,24.43
2021-06-02,24.98
2021-06-03,24.57
2021-06-04,24.35
2021-06-05,23.86
2021-06-06,24.31
2021-06-07,23.99
2021-06-08,23.68
2021-06-09,24.46
2021-06-10,24.53
2021-06-11,23.77
2021-06-12,23.89
2021-06-13,24.52
2021-06-14,25.26
2021-06-15,24.59
2021-06-16,24.44
2021-06-17,25.2
2021-06-18,24.83
2021-06-19,24.46
2021-06-20,24.76
2021-06-21,25.26
2021-06-22,25.34
2021-06-23,25.97
2021-06-24,26.05
2021-06-25,26.27
2021-06-26,25.98
2021-06-27,26.78
2021-06-28,27.48
2021-06-29,27.15
2021-06-30,27.85
2021-07-01,27.48
2021-07-02,27.41
2021-07-03,27.68
2021-07-04,27.59
2021-07-05,27.26
2021-07-06,27.34
2021-07-07,27.54
2021-07-08,27.41
2021-07-09,27.86
2021-07-10,27.02
2021-07-11,26.43
2021-07-12,27.14
2021-07-13,27.72
2021-07-14,28.0
2021-07-15,27.48
2021-07-16,26.92
2021-07-17,27.81
2021-07-18,28.64
2021-07-19,28.69
2021-07-20,28.57
2021-07-21,28.81
2021-07-22,29.01
2021-07-23,28.29
2021-07-24,28.06
2021-07-25,27.72
2021-07-26,27.85
2021-07-27,28.17
2021-07-28,28.38
2021-07-29,28.76
2021-07-30,28.77
2021-07-31,28.81
2021-08-01,29.25
2021-08-02,29.04
2021-08-03,28.98
2021-08-04,29.46
2021-08-05,29.53
2021-08-06,29.58
2021-08-07,29.89
2021-08-08,29.93
2021-08-09,29.4
2021-08-10,29.66
2021-08-11,29.18
2021-08-12,30.0
2021-08-13,29.38
2021-08-14,30.17
2021-08-15,29.83
2021-08-16,29.3
2021-08-17,30.02
2021-08-18,29.83
2021-08-19,29.52
2021-08-20,29.4
2021-08-21,29.08
2021-08-22,29.59
2021-08-23,28.96
2021-08-24,28.94
2021-08-25,28.62
2021-08-26,29.36
2021-08-27,29.49
2021-08-28,29.53
2021-08-29,29.45
2021-08-30,29.18
2021-08-31,29.3
2021-09-01,29.08
2021-09-02,29.3
2021-09-03,29.16
2021-09-04,29.01
2021-09-05,28.96
2021-09-06,28.88
2021-09-07,28.38
2021-09-08,27.84
2021-09-09,28.06
2021-09-10,28.44
2021-09-11,28.33
2021-09-12,27.88
2021-09-13,27.92
2021-09-14,28.04
2021-09-15,28.06
2021-09-16,28.02
2021-09-17,27.73
2021-09-18,27.69
2021-09-19,27.67
2021-09-20,28.08
2021-09-21,27.75
2021-09-22,27.93
2021-09-23,27.75
2021-09-24,27.77
2021-09-25,26.8
2021-09-26,27.1
2021-09-27,26.64
2021-09-28,26.63
2021-09-29,26.8
2021-09-30,27.25
2021-10-01,26.82
2021-10-02,26.57
2021-10-03,26.72
2021-10-04,26.57
2021-10-05,26.12
2021-10-06,26.06
2021-10-07,26.28
2021-10-08,26.19
2021-10-09,25.7
2021-10-10,25.69
2021-10-11,25.67
2021-10-12,25.72
2021-10-13,25.54
2021-10-14,25.24
2021-10-15,25.95
2021-10-16,25.72
2021-10-17,25.44
2021-10-18,25.79
2021-10-19,25.81
2021-10-20,25.43
2021-10-21,24.99
2021-10-22,24.98
2021-10-23,24.99
2021-10-24,24.28
2021-10-25,24.56
2021-10-26,24.46
2021-10-27,24.65
2021-10-28,24.32
2021-10-29,23.75
2021-10-30,23.94
2021-10-31,24.25
2021-11-01,24.49
2021-11-02,24.36
2021-11-03,24.04
2021-11-04,24.6
2021-11-05,24.39
2021-11-06,24.05
2021-11-07,23.96
2021-11-08,23.85
2021-11-09,23.95
2021-11-10,24.22
2021-11-11,23.95
2021-11-12,23.85
2021-11-13,23.6
2021-11-14,22.97
2021-11-15,23.24
2021-11-16,23.36
2021-11-17,23.3
2021-11-18,23.3
2021-11-19,23.61
2021-11-20,23.33
2021-11-21,22.93
2021-11-22,22.74
2021-11-23,22.82
2021-11-24,22.42
2021-11-25,22.05
2021-11-26,22.04
2021-11-27,22.52
2021-11-28,22.36
2021-11-29,22.68
2021-11-30,22.51
2021-12-01,22.79
2021-12-02,22.68
2021-12-03,22.04
2021-12-04,22.13
2021-12-05,22.23
2021-12-06,21.85
2021-12-07,21.77
2021-12-08,21.15
2021-12-09,21.46
2021-12-10,21.24
2021-12-11,20.77
2021-12-12,21.06
2021-12-13,20.96
2021-12-14,20.65
2021-12-15,20.79
2021-12-16,20.49
2021-12-17,20.39
2021-12-18,20.2
2021-12-19,20.06
2021-12-20,20.02
2021-12-21,19.5
2021-12-22,19.24
2021-12-23,19.2
2021-12-24,19.11
2021-12-25,18.86
2021-12-26,18.89
2021-12-27,18.73
2021-12-28,18.76
2021-12-29,18.67
2021-12-30,18.55
2021-12-31,18.58
2022-01-01,18.54
2022-01-02,18.55
2022-01-03,18.63
2022-01-04,18.83
2022-01-05,19.0
2022-01-06,18.46
2022-01-07,18.57
2022-01-08,18.36
2022-01-09,17.78
2022-01-10,17.62
2022-01-11,17.67
2022-01-12,18.07
2022-01-13,18.12
2022-01-14,18.03
2022-01-15,17.8
2022-01-16,18.07
2022-01-17,17.61
2022-01-18,17.4
2022-01-19,17.3
2022-01-20,17.31
2022-01-21,16.76
2022-01-22,16.74
2022-01-23,17.09
2022-01-24,16.93
2022-01-25,16.66
2022-01-26,16.86
2022-01-27,16.8
2022-01-28,16.83
2022-01-29,16.89
2022-01-30,16.66
2022-01-31,16.77
2022-02-01,16.75
2022-02-02,16.14
2022-02-03,16.39
2022-02-04,16.49
2022-02-05,16.41
2022-02-06,16.68
2022-02-07,16.8
2022-02-08,16.9
2022-02-09,16.79
2022-02-10,16.35
2022-02-11,16.19
2022-02-12,16.58
2022-02-13,16.36
2022-02-14,16.42
2022-02-15,16.62
2022-02-16,16.37
2022-02-17,16.47
2022-02-18,16.34
2022-02-19,16.52
2022-02-20,16.44
2022-02-21,16.64
2022-02-22,16.98
2022-02-23,16.79
2022-02-24,16.61
2022-02-25,15.85
2022-02-26,16.11
2022-02-27,16.47
2022-02-28,16.6
2022-03-01,15.82
2022-03-02,15.9
2022-03-03,16.75
2022-03-04,16.74
2022-03-05,16.13
2022-03-06,16.62
2022-03-07,16.96
2022-03-08,17.08
2022-03-09,17.3
2022-03-10,17.22
2022-03-11,16.7
2022-03-12,16.34
2022-03-13,16.36
2022-03-14,16.14
2022-03-15,16.19
2022-03-16,15.73
2022-03-17,15.6
2022-03-18,15.93
2022-03-19,15.82
2022-03-20,15.77
2022-03-21,15.6
2022-03-22,15.31
2022-03-23,15.44
2022-03-24,15.74
2022-03-25,15.76
2022-03-26,15.67
2022-03-27,16.09
2022-03-28,15.89
2022-03-29,16.15
2022-03-30,16.76
2022-03-31,16.64
2022-04-01,16.64
2022-04-02,17.03
2022-04-03,17.74
2022-04-04,17.91
2022-04-05,17.05
2022-04-06,18.08
2022-04-07,17.95
2022-04-08,17.71
2022-04-09,17.2
2022-04-10,17.96
2022-04-11,17.68
2022-04-12,18.15
2022-04-13,17.9
2022-04-14,18.13
2022-04-15,18.29
2022-04-16,18.26
2022-04-17,18.29
2022-04-18,18.73
2022-04-19,18.4
2022-04-20,18.74
2022-04-21,18.57
2022-04-22,18.98
2022-04-23,19.36
2022-04-24,19.22
2022-04-25,19.35
2022-04-26,19.82
2022-04-27,19.87
2022-04-28,20.17
2022-04-29,20.9
2022-04-30,20.6
2022-05-01,20.38
2022-05-02,20.1
2022-05-03,20.34
2022-05-04,20.22
2022-05-05,20.38
2022-05-06,19.85
2022-05-07,20.27
2022-05-08,19.87
2022-05-09,19.76
2022-05-10,19.7
2022-05-11,20.84
2022-05-12,20.62
2022-05-13,20.41
2022-05-14,20.37
2022-05-15,20.94
2022-05-16,20.93
2022-05-17,20.89
2022-05-18,21.32
2022-05-19,22.0
2022-05-20,22.27
2022-05-21,20.97
2022-05-22,21.86
2022-05-23,21.8
2022-05-24,22.06
2022-05-25,21.6
2022-05-26,21.77
2022-05-27,22.65
2022-05-28,23.25
2022-05-29,23.27
2022-05-30,24.39
2022-05-31,24.72
2022-06-01,24.57
2022-06-02,23.77
2022-06-03,24.05
2022-06-04,24.54
2022-06-05,24.17
2022-06-06,23.12
2022-06-07,25.16
2022-06-08,25.13
2022-06-09,25.54
2022-06-10,25.84
2022-06-11,26.27
2022-06-12,25.57
2022-06-13,25.48
2022-06-14,25.58
2022-06-15,25.73
2022-06-16,25.45
2022-06-17,25.19
2022-06-18,26.29
2022-06-19,26.12
2022-06-20,25.77
2022-06-21,25.59
2022-06-22,25.53
2022-06-23,25.71
2022-06-24,26.62
2022-06-25,25.96
2022-06-26,26.61
2022-06-27,26.5
2022-06-28,26.56
2022-06-29,26.16
2022-06-30,26.69
2022-07-01,26.82
2022-07-02,26.47
2022-07-03,26.53
2022-07-04,27.54
2022-07-05,27.34
2022-07-06,27.99
2022-07-07,27.28
2022-07-08,27.08
2022-07-09,27.02
2022-07-10,27.03
2022-07-11,27.37
2022-07-12,27.37
2022-07-13,27.16
2022-07-14,27.24
2022-07-15,27.02
2022-07-16,27.02
2022-07-17,27.13
2022-07-18,27.0
2022-07-19,27.38
2022-07-20,28.12
2022-07-21,27.94
2022-07-22,27.33
2022-07-23,27.31
2022-07-24,27.74
2022-07-25,28.06
2022-07-26,28.28
2022-07-27,28.47
2022-07-28,28.59
2022-07-29,28.97
2022-07-30,28.9
2022-07-31,28.58
2022-08-01,28.13
2022-08-02,28.77
2022-08-03,28.68
2022-08-04,28.57
2022-08-05,28.45
2022-08-06,27.98
2022-08-07,27.63
2022-08-08,28.84
2022-08-09,28.62
2022-08-10,28.58
2022-08-11,27.81
2022-08-12,28.97
2022-08-13,28.75
2022-08-14,28.55
2022-08-15,29.34
2022-08-16,28.72
2022-08-17,29.22
2022-08-18,28.47
2022-08-19,28.81
2022-08-20,28.52
2022-08-21,28.99
2022-08-22,28.15
2022-08-23,29.1
2022-08-24,29.22
2022-08-25,28.96
2022-08-26,29.16
2022-08-27,29.24
2022-08-28,29.13
2022-08-29,29.01
2022-08-30,28.21
2022-08-31,29.06
2022-09-01,28.73
2022-09-02,29.2
2022-09-03,28.89
2022-09-04,28.82
2022-09-05,28.7
2022-09-06,28.89
2022-09-07,28.46
2022-09-08,28.68
2022-09-09,28.41
2022-09-10,28.2
2022-09-11,28.53
2022-09-12,28.55
2022-09-13,27.72
2022-09-14,28.31
2022-09-15,27.92
2022-09-16,27.93
2022-09-17,27.98
2022-09-18,28.07
2022-09-19,27.92
2022-09-20,27.92
2022-09-21,28.06
2022-09-22,27.19
2022-09-23,27.88
2022-09-24,27.73
2022-09-25,26.66
2022-09-26,26.05
2022-09-27,27.08
2022-09-28,27.66
2022-09-29,27.09
2022-09-30,27.2
2022-10-01,28.05
2022-10-02,27.78
2022-10-03,27.48
2022-10-04,27.66
2022-10-05,27.9
2022-10-06,26.91
2022-10-07,26.69
2022-10-08,26.71
2022-10-09,26.75
2022-10-10,26.42
2022-10-11,26.08
2022-10-12,26.16
2022-10-13,26.19
2022-10-14,25.84
2022-10-15,25.92
2022-10-16,25.9
2022-10-17,26.03
2022-10-18,25.66
2022-10-19,25.49
2022-10-20,25.52
2022-10-21,25.2
2022-10-22,24.59
2022-10-23,24.47
2022-10-24,25.09
2022-10-25,24.88
2022-10-26,24.44
2022-10-27,23.73
2022-10-28,24.48
2022-10-29,23.98
2022-10-30,24.11
2022-10-31,24.45
2022-11-01,24.72
2022-11-02,24.45
2022-11-03,23.82
2022-11-04,23.92
2022-11-05,24.36
2022-11-06,23.88
2022-11-07,23.26
2022-11-08,23.97
2022-11-09,24.06
2022-11-10,23.76
2022-11-11,23.67
2022-11-12,23.25
2022-11-13,23.22
2022-11-14,23.2
2022-11-15,22.8
2022-11-16,22.9
2022-11-17,22.85
2022-11-18,22.27
2022-11-19,21.91
2022-11-20,22.6
2022-11-21,22.45
2022-11-22,22.33
2022-11-23,21.86
2022-11-24,22.51
2022-11-25,22.68
2022-11-26,22.3
2022-11-27,22.23
2022-11-28,21.92
2022-11-29,21.59
2022-11-30,21.92
2022-12-01,21.26
2022-12-02,21.83
2022-12-03,21.5
2022-12-04,21.3
2022-12-05,21.48
2022-12-06,21.9
2022-12-07,21.4
2022-12-08,20.59
2022-12-09,20.71
2022-12-10,20.97
2022-12-11,20.92
2022-12-12,20.62
2022-12-13,20.92
2022-12-14,20.39
2022-12-15,20.42
2022-12-16,20.51
2022-12-17,20.79
2022-12-18,21.0
2022-12-19,21.13
2022-12-20,20.71
2022-12-21,20.83
2022-12-22,20.82
2022-12-23,20.54
2022-12-24,20.15
2022-12-25,20.18
2022-12-26,20.05
2022-12-27,20.09
2022-12-28,20.07
2022-12-29,20.16
2022-12-30,19.43
2022-12-31,19.47
2023-01-01,19.47
2023-01-02,19.91
2023-01-03,19.6
2023-01-04,18.75
2023-01-05,19.09
2023-01-06,19.29
2023-01-07,19.22
2023-01-08,19.39
2023-01-09,19.16
2023-01-10,19.37
2023-01-11,19.24
2023-01-12,19.57
2023-01-13,19.47
2023-01-14,19.51
2023-01-15,19.36
2023-01-16,19.05
2023-01-17,18.95
2023-01-18,18.89
2023-01-19,18.74
2023-01-20,18.84
2023-01-21,18.42
2023-01-22,18.71
2023-01-23,18.38
2023-01-24,18.57
2023-01-25,18.41
2023-01-26,18.38
2023-01-27,17.77
2023-01-28,17.98
2023-01-29,18.22
2023-01-30,18.55
2023-01-31,18.65
2023-02-01,18.31
2023-02-02,18.66
2023-02-03,18.49
2023-02-04,18.28
2023-02-05,18.25
2023-02-06,18.7
2023-02-07,18.18
2023-02-08,17.98
2023-02-09,18.08
2023-02-10,18.4
2023-02-11,17.83
2023-02-12,17.49
2023-02-13,17.34
2023-02-14,17.21
2023-02-15,17.19
2023-02-16,16.8
2023-02-17,16.59
2023-02-18,17.08
2023-02-19,17.16
2023-02-20,17.12
2023-02-21,17.69
2023-02-22,17.91
2023-02-23,17.46
2023-02-24,17.35
2023-02-25,17.61
2023-02-26,17.7
2023-02-27,17.4
2023-02-28,18.08
2023-03-01,18.37
2023-03-02,18.63
2023-03-03,17.94
2023-03-04,18.05
2023-03-05,18.61
2023-03-06,18.36
2023-03-07,18.25
2023-03-08,18.34
2023-03-09,18.72
2023-03-10,18.23
2023-03-11,18.3
2023-03-12,19.06
2023-03-13,18.95
2023-03-14,18.21
2023-03-15,18.06
2023-03-16,18.25
2023-03-17,18.26
2023-03-18,18.43
2023-03-19,18.54
2023-03-20,18.38
2023-03-21,17.75
2023-03-22,17.57
2023-03-23,17.61
2023-03-24,18.0
2023-03-25,17.26
2023-03-26,17.47
2023-03-27,18.91
2023-03-28,18.42
2023-03-29,18.72
2023-03-30,18.19
2023-03-31,18.01
2023-04-01,17.93
2023-04-02,18.1
2023-04-03,18.38
2023-04-04,18.88
2023-04-05,18.86
2023-04-06,17.88
2023-04-07,18.2
2023-04-08,18.09
2023-04-09,18.17
2023-04-10,18.26
2023-04-11,18.75
2023-04-12,18.82
2023-04-13,18.93
2023-04-14,18.5
2023-04-15,19.41
2023-04-16,19.55
2023-04-17,19.74
2023-04-18,19.49
2023-04-19,19.74
2023-04-20,19.89
2023-04-21,19.54
2023-04-22,18.78
2023-04-23,19.65
2023-04-24,20.37
2023-04-25,20.48
2023-04-26,19.96
2023-04-27,21.22
2023-04-28,20.71
2023-04-29,20.1
2023-04-30,19.68
2023-05-01,19.82
2023-05-02,20.46
2023-05-03,20.11
2023-05-04,19.66
2023-05-05,19.83
2023-05-06,20.73
2023-05-07,20.36
2023-05-08,20.45
2023-05-09,20.42
2023-05-10,21.47
2023-05-11,20.77
2023-05-12,19.96
2023-05-13,20.65
2023-05-14,21.42
2023-05-15,20.78
2023-05-16,22.12
2023-05-17,22.03
2023-05-18,22.2
2023-05-19,21.52
2023-05-20,21.36
2023-05-21,21.38
2023-05-22,21.65
2023-05-23,20.79
2023-05-24,22.45
2023-05-25,22.49
2023-05-26,21.87
2023-05-27,21.76
2023-05-28,22.41
2023-05-29,22.51
2023-05-30,22.18
2023-05-31,23.25
2023-06-01,23.13
2023-06-02,22.79
2023-06-03,22.72
2023-06-04,22.88
2023-06-05,23.38
2023-06-06,23.58
2023-06-07,23.98
2023-06-08,23.44
2023-06-09,23.18
2023-06-10,22.8
2023-06-11,22.95
2023-06-12,23.35
2023-06-13,24.02
2023-06-14,23.6
2023-06-15,23.82
2023-06-16,24.79
2023-06-17,25.71
2023-06-18,24.76
2023-06-19,23.88
2023-06-20,24.34
2023-06-21,24.78
2023-06-22,24.57
2023-06-23,25.03
2023-06-24,25.61
2023-06-25,26.06
2023-06-26,25.93
2023-06-27,25.74
2023-06-28,25.35
2023-06-29,25.83
2023-06-30,26.0
2023-07-01,26.42
2023-07-02,26.1
2023-07-03,26.22
2023-07-04,26.01
2023-07-05,25.63
2023-07-06,26.59
2023-07-07,26.85
2023-07-08,27.33
2023-07-09,26.99
2023-07-10,26.52
2023-07-11,27.05
2023-07-12,27.16
2023-07-13,28.06
2023-07-14,27.79
2023-07-15,27.64
2023-07-16,28.17
2023-07-17,28.64
2023-07-18,28.47
2023-07-19,28.56
2023-07-20,28.86
2023-07-21,28.72
2023-07-22,28.18
2023-07-23,28.45
2023-07-24,28.71
2023-07-25,29.43
2023-07-26,28.66
2023-07-27,30.29
2023-07-28,29.79
2023-07-29,29.0
2023-07-30,29.19
2023-07-31,28.97
2023-08-01,28.63
2023-08-02,28.91
2023-08-03,28.61
2023-08-04,28.92
2023-08-05,29.01
2023-08-06,29.26
2023-08-07,29.01
2023-08-08,29.44
2023-08-09,29.38
2023-08-10,29.11
2023-08-11,29.1
2023-08-12,28.97
2023-08-13,28.59
2023-08-14,28.72
2023-08-15,28.37
2023-08-16,28.12
2023-08-17,28.31
2023-08-18,28.44
2023-08-19,28.68
2023-08-20,28.79
2023-08-21,28.88
2023-08-22,28.52
2023-08-23,29.62
2023-08-24,29.42
2023-08-25,28.93
2023-08-26,29.03
2023-08-27,28.78
2023-08-28,29.76
2023-08-29,29.6
2023-08-30,29.37
2023-08-31,29.13
2023-09-01,29.57
2023-09-02,29.31
2023-09-03,29.41
2023-09-04,28.98
2023-09-05,28.86
2023-09-06,29.14
2023-09-07,28.83
2023-09-08,28.49
2023-09-09,29.06
2023-09-10,29.08
2023-09-11,29.19
2023-09-12,29.03
2023-09-13,29.16
2023-09-14,28.71
2023-09-15,28.91
2023-09-16,28.64
2023-09-17,28.68
2023-09-18,28.7
2023-09-19,28.39
2023-09-20,28.76
2023-09-21,28.39
2023-09-22,28.24
2023-09-23,27.98
2023-09-24,28.19
2023-09-25,28.42
2023-09-26,28.66
2023-09-27,28.19
2023-09-28,29.06
2023-09-29,28.69
2023-09-30,28.17
2023-10-01,28.02
2023-10-02,28.01
2023-10-03,27.93
2023-10-04,27.5
2023-10-05,27.38
2023-10-06,27.28
2023-10-07,27.17
2023-10-08,27.19
2023-10-09,26.61
2023-10-10,27.15
2023-10-11,27.05
2023-10-12,26.74
2023-10-13,26.5
2023-10-14,26.64
2023-10-15,26.57
2023-10-16,26.19
2023-10-17,26.09
2023-10-18,26.21
2023-10-19,26.13
2023-10-20,25.71
2023-10-21,26.09
2023-10-22,25.93
2023-10-23,26.19
2023-10-24,25.63
2023-10-25,25.51
2023-10-26,25.97
2023-10-27,26.05
2023-10-28,25.79
2023-10-29,26.08
2023-10-30,26.02
2023-10-31,25.74
2023-11-01,25.17
2023-11-02,25.88
2023-11-03,25.56
2023-11-04,25.49
2023-11-05,24.87
2023-11-06,25.75
2023-11-07,25.77
2023-11-08,25.93
2023-11-09,25.5
2023-11-10,25.69
2023-11-11,25.66
2023-11-12,25.1
2023-11-13,25.37
2023-11-14,25.15
2023-11-15,24.97
2023-11-16,24.66
2023-11-17,24.78
2023-11-18,24.7
2023-11-19,24.36
2023-11-20,24.22
2023-11-21,24.29
2023-11-22,24.23
2023-11-23,23.74
2023-11-24,23.27
2023-11-25,23.6
2023-11-26,23.93
2023-11-27,23.86
2023-11-28,23.27
2023-11-29,23.41
2023-11-30,23.37
2023-12-01,22.76
2023-12-02,22.37
2023-12-03,22.3
2023-12-04,22.45
2023-12-05,22.8
2023-12-06,22.62
2023-12-07,22.42
2023-12-08,22.52
2023-12-09,22.43
2023-12-10,22.02
2023-12-11,21.84
2023-12-12,21.74
2023-12-13,22.1
2023-12-14,22.01
2023-12-15,22.15
2023-12-16,21.91
2023-12-17,21.77
2023-12-18,21.58
2023-12-19,21.46
2023-12-20,21.33
2023-12-21,21.39
2023-12-22,20.87
2023-12-23,21.43
2023-12-24,21.2
2023-12-25,21.49
2023-12-26,21.23
2023-12-27,20.97
2023-12-28,21.48
2023-12-29,20.78
2023-12-30,20.58
2023-12-31,20.6
2024-01-01,20.23
2024-01-02,20.1
2024-01-03,20.34
2024-01-04,20.08
2024-01-05,20.37
2024-01-06,20.71
2024-01-07,20.37
2024-01-08,20.1
2024-01-09,20.19
2024-01-10,20.38
2024-01-11,20.22
2024-01-12,20.17
2024-01-13,20.13
2024-01-14,20.45
2024-01-15,19.59
2024-01-16,19.96
2024-01-17,19.89
2024-01-18,19.84
2024-01-19,19.96
2024-01-20,20.21
2024-01-21,19.82
2024-01-22,19.51
2024-01-23,19.73
2024-01-24,19.45
2024-01-25,19.57
2024-01-26,19.12
2024-01-27,18.85
2024-01-28,18.71
2024-01-29,18.83
2024-01-30,18.86
2024-01-31,18.79
2024-02-01,18.76
2024-02-02,18.7
2024-02-03,18.66
2024-02-04,18.11
2024-02-05,17.83
2024-02-06,18.48
2024-02-07,18.33
2024-02-08,18.91
2024-02-09,18.22
2024-02-10,18.27
2024-02-11,18.54
2024-02-12,18.62
2024-02-13,18.38
2024-02-14,18.36
2024-02-15,18.39
2024-02-16,18.18
2024-02-17,18.18
2024-02-18,18.04
2024-02-19,18.11
2024-02-20,17.92
2024-02-21,18.14
2024-02-22,18.15
2024-02-23,17.87
2024-02-24,17.87
2024-02-25,17.75
2024-02-26,17.87
2024-02-27,18.41
2024-02-28,18.16
2024-02-29,18.01
2024-03-01,18.16
2024-03-02,18.17
2024-03-03,18.05
2024-03-04,18.15
2024-03-05,18.34
2024-03-06,18.37
2024-03-07,17.78
2024-03-08,18.43
2024-03-09,18.43
2024-03-10,18.37
2024-03-11,18.11
2024-03-12,18.52
2024-03-13,18.74
2024-03-14,18.45
2024-03-15,18.44
2024-03-16,18.55
2024-03-17,18.48
2024-03-18,18.07
2024-03-19,18.05
2024-03-20,18.14
2024-03-21,18.12
2024-03-22,17.97
2024-03-23,17.87
2024-03-24,18.08
2024-03-25,18.28
2024-03-26,17.9
2024-03-27,17.66
2024-03-28,18.42
2024-03-29,18.26
2024-03-30,18.03
2024-03-31,18.9
2024-04-01,19.36
2024-04-02,20.28
2024-04-03,20.07
2024-04-04,20.4
2024-04-05,20.5
2024-04-06,20.67
2024-04-07,19.7
2024-04-08,19.68
2024-04-09,19.91
2024-04-10,19.94
2024-04-11,19.9
2024-04-12,19.65
2024-04-13,20.35
2024-04-14,20.36
2024-04-15,19.95
2024-04-16,21.05
2024-04-17,21.47
2024-04-18,21.12
2024-04-19,20.55
2024-04-20,21.54
2024-04-21,21.54
2024-04-22,20.55
2024-04-23,20.63
2024-04-24,20.85
2024-04-25,20.7
2024-04-26,20.44
2024-04-27,21.05
2024-04-28,20.99
2024-04-29,21.83
2024-04-30,21.22
2024-05-01,20.55
2024-05-02,21.51
2024-05-03,21.2
2024-05-04,20.58
2024-05-05,21.26
2024-05-06,21.33
2024-05-07,21.6
2024-05-08,21.73
2024-05-09,21.52
2024-05-10,21.94
2024-05-11,21.16
2024-05-12,21.46
2024-05-13,21.45
2024-05-14,21.45
2024-05-15,21.27
2024-05-16,21.6
2024-05-17,21.75
2024-05-18,23.4
2024-05-19,23.0
2024-05-20,22.55
2024-05-21,22.93
2024-05-22,24.27
2024-05-23,24.3
2024-05-24,23.87
2024-05-25,23.52
2024-05-26,23.3
2024-05-27,23.5
2024-05-28,24.07
2024-05-29,24.25
2024-05-30,24.63
2024-05-31,24.7
2024-06-01,24.05
2024-06-02,25.06
2024-06-03,24.96
2024-06-04,25.66
2024-06-05,25.21
2024-06-06,25.52
2024-06-07,25.89
2024-06-08,25.65
2024-06-09,25.5
2024-06-10,25.64
2024-06-11,26.26
2024-06-12,25.97
2024-06-13,26.07
2024-06-14,27.26
2024-06-15,26.85
2024-06-16,26.46
2024-06-17,28.29
2024-06-18,28.1
2024-06-19,27.51
2024-06-20,26.68
2024-06-21,26.96
2024-06-22,27.9
2024-06-23,27.56
2024-06-24,27.23
2024-06-25,28.07
2024-06-26,28.09
2024-06-27,27.82
2024-06-28,27.94
2024-06-29,27.89
2024-06-30,28.01
2024-07-01,27.86
2024-07-02,27.17
2024-07-03,27.83
2024-07-04,27.62
2024-07-05,28.31
2024-07-06,28.31
2024-07-07,28.08
2024-07-08,28.34
2024-07-09,28.19
2024-07-10,27.85
2024-07-11,28.88
2024-07-12,28.47
2024-07-13,29.58
2024-07-14,28.84
2024-07-15,28.99
2024-07-16,29.02
2024-07-17,28.65
2024-07-18,28.89
2024-07-19,28.87
2024-07-20,29.14
2024-07-21,29.33
2024-07-22,29.23
2024-07-23,29.29
2024-07-24,29.36
2024-07-25,30.56
2024-07-26,29.65
2024-07-27,29.07
2024-07-28,29.1
2024-07-29,28.92
2024-07-30,29.65
2024-07-31,29.66
2024-08-01,28.82
2024-08-02,29.42
2024-08-03,29.59
2024-08-04,29.8
2024-08-05,29.14
2024-08-06,28.58
2024-08-07,29.87
2024-08-08,29.9
2024-08-09,30.23
2024-08-10,30.05
2024-08-11,29.52
2024-08-12,29.19
2024-08-13,29.82
2024-08-14,29.46
2024-08-15,30.52
2024-08-16,30.22
2024-08-17,29.67
2024-08-18,29.42
2024-08-19,30.19
2024-08-20,30.67
2024-08-21,30.37
2024-08-22,30.18
2024-08-23,29.9
2024-08-24,30.42
2024-08-25,30.09
2024-08-26,30.07
2024-08-27,29.98
2024-08-28,29.97
2024-08-29,29.99
2024-08-30,30.32
2024-08-31,30.22
2024-09-01,30.12
2024-09-02,29.98
2024-09-03,29.95
2024-09-04,29.99
2024-09-05,30.05
2024-09-06,29.51
2024-09-07,29.41
2024-09-08,29.58
2024-09-09,29.14
2024-09-10,29.09
2024-09-11,29.53
2024-09-12,29.22
2024-09-13,29.35
2024-09-14,29.49
2024-09-15,29.23
2024-09-16,29.0
2024-09-17,28.97
2024-09-18,29.07
2024-09-19,28.76
2024-09-20,28.01
2024-09-21,28.62
2024-09-22,28.9
2024-09-23,28.65
2024-09-24,28.37
2024-09-25,28.15
2024-09-26,28.04
2024-09-27,28.16
2024-09-28,28.18
2024-09-29,28.18
2024-09-30,28.13
2024-10-01,27.63
2024-10-02,27.58
2024-10-03,27.23
2024-10-04,27.19
2024-10-05,27.01
2024-10-06,26.91
2024-10-07,26.53
2024-10-08,26.62
2024-10-09,27.24
2024-10-10,27.49
2024-10-11,26.99
2024-10-12,27.07
2024-10-13,26.8
2024-10-14,26.66
2024-10-15,27.16
2024-10-16,27.15
2024-10-17,26.98
2024-10-18,27.1
2024-10-19,26.67
2024-10-20,26.42
2024-10-21,26.62
2024-10-22,26.76
2024-10-23,26.05
2024-10-24,26.11
2024-10-25,25.61
2024-10-26,25.15
2024-10-27,24.51
2024-10-28,24.46
2024-10-29,24.38
2024-10-30,24.5
2024-10-31,24.38
2024-11-01,24.6
2024-11-02,24.44
2024-11-03,24.5
2024-11-04,24.45
2024-11-05,24.39
2024-11-06,24.21
2024-11-07,23.83
2024-11-08,23.46
2024-11-09,23.65
2024-11-10,23.8
2024-11-11,23.83
2024-11-12,23.74
2024-11-13,23.45
2024-11-14,23.1
2024-11-15,23.0
2024-11-16,22.95
2024-11-17,22.59
2024-11-18,22.98
2024-11-19,23.21
2024-11-20,23.13
2024-11-21,23.09
2024-11-22,22.39
2024-11-23,22.93
2024-11-24,22.94
2024-11-25,22.89
2024-11-26,22.8
2024-11-27,21.73
2024-11-28,22.1
2024-11-29,21.39
2024-11-30,21.3
2024-12-01,21.49
2024-12-02,21.44
2024-12-03,21.15
2024-12-04,21.74
2024-12-05,22.0
2024-12-06,21.38
2024-12-07,21.71
2024-12-08,21.7
2024-12-09,21.93
2024-12-10,21.42
2024-12-11,20.24
2024-12-12,20.54
2024-12-13,20.96
2024-12-14,20.72
2024-12-15,20.34
2024-12-16,20.1
2024-12-17,20.28
2024-12-18,19.97
2024-12-19,19.5
2024-12-20,20.29
2024-12-21,20.44
2024-12-22,19.8
2024-12-23,19.73
2024-12-24,19.9
2024-12-25,19.38
2024-12-26,18.7
2024-12-27,18.75
2024-12-28,19.33
2024-12-29,19.58
2024-12-30,19.14
2024-12-31,19.43
2025-01-01,19.35
2025-01-02,19.13
2025-01-03,18.45
2025-01-04,18.63
2025-01-05,18.75
2025-01-06,18.59
2025-01-07,18.31
2025-01-08,18.73
2025-01-09,18.58
2025-01-10,17.7
2025-01-11,18.4
2025-01-12,18.17
2025-01-13,18.27
2025-01-14,18.57
2025-01-15,18.37
2025-01-16,18.83
2025-01-17,18.03
2025-01-18,18.2
2025-01-19,18.33
2025-01-20,18.3
2025-01-21,17.82
2025-01-22,18.73
2025-01-23,18.8
2025-01-24,18.58
2025-01-25,18.33
2025-01-26,17.8
2025-01-27,18.59
2025-01-28,18.45
2025-01-29,18.32
2025-01-30,18.35
2025-01-31,18.5
2025-02-01,18.4
2025-02-02,18.08
2025-02-03,18.37
2025-02-04,18.42
2025-02-05,17.88
2025-02-06,18.04
2025-02-07,18.08
2025-02-08,18.03
2025-02-09,18.17
2025-02-10,17.94
2025-02-11,17.9
2025-02-12,18.06
2025-02-13,17.46
2025-02-14,17.4
2025-02-15,17.89
2025-02-16,17.37
2025-02-17,16.63
2025-02-18,17.35
2025-02-19,17.55
2025-02-20,17.6
2025-02-21,17.73
2025-02-22,17.75
2025-02-23,17.4
2025-02-24,17.35
2025-02-25,16.78
2025-02-26,16.54
2025-02-27,16.36
2025-02-28,17.19
2025-03-01,17.15
2025-03-02,17.36
2025-03-03,17.48
2025-03-04,17.35
2025-03-05,17.05
2025-03-06,17.47
2025-03-07,17.97
2025-03-08,17.59
2025-03-09,17.68
2025-03-10,18.35
2025-03-11,18.57
2025-03-12,18.52
2025-03-13,18.83
2025-03-14,19.22
2025-03-15,19.15
2025-03-16,19.74
2025-03-17,20.21
2025-03-18,20.57
2025-03-19,19.47
2025-03-20,19.44
2025-03-21,18.45
2025-03-22,18.25
2025-03-23,18.33
2025-03-24,18.11
2025-03-25,18.37
2025-03-26,18.57
2025-03-27,18.58
2025-03-28,18.69
2025-03-29,18.76
2025-03-30,19.06
2025-03-31,18.58
2025-04-01,18.84
2025-04-02,18.91
2025-04-03,19.2
2025-04-04,18.53
2025-04-05,18.83
2025-04-06,19.69
2025-04-07,19.66
2025-04-08,19.01
2025-04-09,18.84
2025-04-10,19.44
2025-04-11,19.2
2025-04-12,18.81
2025-04-13,19.18
2025-04-14,19.05
2025-04-15,18.88
2025-04-16,18.78
2025-04-17,19.82
2025-04-18,19.73
2025-04-19,19.92
2025-04-20,19.84
2025-04-21,20.27
2025-04-22,20.81
2025-04-23,20.8
2025-04-24,20.68
2025-04-25,20.49
2025-04-26,20.42
2025-04-27,20.47
2025-04-28,20.56
2025-04-29,21.53
2025-04-30,21.04
2025-05-01,20.45
2025-05-02,20.07
2025-05-03,20.96
2025-05-04,21.01
2025-05-05,20.81
2025-05-06,21.31
2025-05-07,21.86
2025-05-08,22.79
2025-05-09,21.89
2025-05-10,22.8
2025-05-11,23.37
2025-05-12,22.58
2025-05-13,21.77
2025-05-14,22.62
2025-05-15,22.31
2025-05-16,21.96
2025-05-17,22.13
2025-05-18,22.37
2025-05-19,22.36
2025-05-20,22.25
2025-05-21,22.86
2025-05-22,23.0
2025-05-23,22.88
2025-05-24,22.89
2025-05-25,23.2
2025-05-26,24.81
2025-05-27,23.87
2025-05-28,23.34
2025-05-29,22.97
2025-05-30,23.42
2025-05-31,23.26
2025-06-01,23.37
2025-06-02,24.14
2025-06-03,23.31
2025-06-04,23.41
2025-06-05,23.53
2025-06-06,23.99
2025-06-07,24.28
2025-06-08,24.46
2025-06-09,24.17
2025-06-10,24.87
2025-06-11,24.7
2025-06-12,24.73
2025-06-13,24.71
2025-06-14,25.53
2025-06-15,25.28
2025-06-16,24.84
2025-06-17,24.52
2025-06-18,25.32
2025-06-19,25.5
2025-06-20,25.78
2025-06-21,25.8
2025-06-22,25.93
2025-06-23,25.87
2025-06-24,25.61
2025-06-25,26.04
2025-06-26,26.3
2025-06-27,26.25
2025-06-28,26.01
2025-06-29,26.04
2025-06-30,26.67
2025-07-01,26.75
2025-07-02,26.46
2025-07-03,26.43
2025-07-04,27.4
2025-07-05,27.47
2025-07-06,27.41
2025-07-07,27.62
2025-07-08,27.48
2025-07-09,27.67
2025-07-10,27.54
2025-07-11,27.91
2025-07-12,27.79
2025-07-13,27.97
2025-07-14,27.26
2025-07-15,27.94
2025-07-16,27.84
2025-07-17,28.13
2025-07-18,28.53
2025-07-19,28.91
2025-07-20,28.54
2025-07-21,28.06
2025-07-22,28.07
2025-07-23,28.83
2025-07-24,28.77
2025-07-25,28.85
2025-07-26,28.77
2025-07-27,28.23
2025-07-28,28.59
2025-07-29,28.05
2025-07-30,28.7
2025-07-31,28.21
2025-08-01,28.85
2025-08-02,28.88
2025-08-03,28.51
2025-08-04,28.23
2025-08-05,28.58
2025-08-06,28.51
2025-08-07,28.19
2025-08-08,28.53
2025-08-09,29.01
2025-08-10,29.36
2025-08-11,29.64
2025-08-12,29.28
2025-08-13,29.42
2025-08-14,29.61
2025-08-15,30.09
2025-08-16,30.02
2025-08-17,29.35
2025-08-18,29.25
2025-08-19,29.96
2025-08-20,30.02
2025-08-21,29.23
2025-08-22,28.83
2025-08-23,28.98
2025-08-24,29.25
2025-08-25,29.15
2025-08-26,28.96
2025-08-27,28.58
2025-08-28,28.38
2025-08-29,27.99
2025-08-30,28.69
2025-08-31,28.71
2025-09-01,28.32
2025-09-02,27.92
2025-09-03,28.64
2025-09-04,28.52
2025-09-05,28.72
2025-09-06,28.78
2025-09-07,28.87
2025-09-08,28.39
2025-09-09,28.13
2025-09-10,27.67
2025-09-11,27.81
2025-09-12,28.04
2025-09-13,28.04
2025-09-14,28.35
2025-09-15,28.23
2025-09-16,28.18
2025-09-17,27.74
2025-09-18,27.68
2025-09-19,28.25
2025-09-20,28.19
2025-09-21,27.85
2025-09-22,27.58
2025-09-23,27.76
2025-09-24,27.48
2025-09-25,27.46
2025-09-26,27.39
2025-09-27,27.35
2025-09-28,27.34
2025-09-29,26.25
2025-09-30,26.17
2025-10-01,27.1
2025-10-02,26.34
2025-10-03,26.2
2025-10-04,27.13
2025-10-05,27.3
2025-10-06,27.03
2025-10-07,26.6
2025-10-08,26.53
2025-10-09,26.78
2025-10-10,26.06
2025-10-11,26.11
2025-10-12,26.03
2025-10-13,26.05
2025-10-14,25.44
2025-10-15,25.17
2025-10-16,25.69
2025-10-17,25.33
2025-10-18,25.21
2025-10-19,25.51
2025-10-20,25.13
2025-10-21,25.55
2025-10-22,25.56
2025-10-23,26.06
2025-10-24,25.26
2025-10-25,24.93
2025-10-26,25.54
2025-10-27,25.77
2025-10-28,24.98
2025-10-29,25.08
2025-10-30,25.59
2025-10-31,24.87
2025-11-01,25.27
2025-11-02,25.04
2025-11-03,25.22
2025-11-04,25.22
2025-11-05,25.17
2025-11-06,24.27
2025-11-07,24.52
2025-11-08,24.55
2025-11-09,24.5
2025-11-10,23.97
2025-11-11,24.22
2025-11-12,23.99
2025-11-13,23.88
2025-11-14,24.23
2025-11-15,24.03
2025-11-16,23.82
2025-11-17,23.75
2025-11-18,24.01
2025-11-19,23.81
2025-11-20,23.61
2025-11-21,23.81
2025-11-22,23.16
2025-11-23,24.1
2025-11-24,24.05
2025-11-25,23.42
2025-11-26,23.13
2025-11-27,22.71
2025-11-28,22.62
2025-11-29,22.62
2025-11-30,22.65
2025-12-01,22.68
2025-12-02,22.97
2025-12-03,22.41
2025-12-04,22.36
2025-12-05,22.68
2025-12-06,22.65
2025-12-07,21.63
2025-12-08,21.22
2025-12-09,21.55
2025-12-10,21.62
2025-12-11,21.6
2025-12-12,21.2
2025-12-13,21.75
2025-12-14,21.12
2025-12-15,21.61
2025-12-16,20.9
2025-12-17,21.11
2025-12-18,19.99
2025-12-19,19.48
2025-12-20,19.4
2025-12-21,19.79
2025-12-22,18.9
2025-12-23,19.96
2025-12-24,19.96
2025-12-25,19.7
2025-12-26,19.68
2025-12-27,19.64
2025-12-28,19.76
2025-12-29,19.72
2025-12-30,19.51
2025-12-31,19.33
2026-01-01,19.74
2026-01-02,19.4
2026-01-03,18.55
2026-01-04,18.02
2026-01-05,18.33
2026-01-06,18.53
2026-01-07,18.58
2026-01-08,18.36
2026-01-09,18.69
2026-01-10,18.97
2026-01-11,18.48
2026-01-12,18.71
2026-01-13,18.91
2026-01-14,18.77
2026-01-15,18.51
2026-01-16,18.45
2026-01-17,18.36
2026-01-18,18.32
2026-01-19,18.1
2026-01-20,18.74
2026-01-21,18.35
2026-01-22,17.62
2026-01-23,16.78
2026-01-24,17.24
2026-01-25,18.21
2026-01-26,18.12
2026-01-27,17.24
2026-01-28,17.43
2026-01-29,17.57
2026-01-30,17.65
2026-01-31,17.06
2026-02-01,17.43
2026-02-02,17.06
2026-02-03,17.33
2026-02-04,18.13
2026-02-05,18.27
2026-02-06,17.61
2026-02-07,17.51
2026-02-08,17.71
2026-02-09,18.33
2026-02-10,18.1
2026-02-11,17.9
2026-02-12,18.15
2026-02-13,17.98
2026-02-14,16.61
2026-02-15,17.81
2026-02-16,18.26
2026-02-17,17.75
2026-02-18,18.01
2026-02-19,17.63
2026-02-20,18.19
2026-02-21,18.33
2026-02-22,17.66
2026-02-23,17.78
2026-02-24,18.06
2026-02-25,17.99
2026-02-26,17.49
2026-02-27,17.65
2026-02-28,17.77
2026-03-01,17.39
2026-03-02,17.36
2026-03-03,17.26
2026-03-04,17.43
2026-03-05,17.17
2026-03-06,17.13
2026-03-07,17.09
2026-03-08,17.98
2026-03-09,17.14
2026-03-10,17.95
2026-03-11,18.03
2026-03-12,17.75
2026-03-13,17.42
2026-03-14,16.91
2026-03-15,17.86
2026-03-16,17.68
2026-03-17,17.76
2026-03-18,17.53
2026-03-19,18.15
2026-03-20,17.9
2026-03-21,17.48
2026-03-22,17.31
2026-03-23,17.37
2026-03-24,17.57
2026-03-25,17.06
2026-03-26,17.63
2026-03-27,18.0
2026-03-28,18.14
2026-03-29,17.83
2026-03-30,18.06
2026-03-31,17.91
2026-04-01,17.95
2026-04-02,17.28
2026-04-03,16.86
2026-04-04,18.08
2026-04-05,18.18
2026-04-06,18.17
2026-04-07,18.6
2026-04-08,18.84
2026-04-09,19.38
2026-04-10,19.01
2026-04-11,19.14
2026-04-12,19.44
2026-04-13,18.99
2026-04-14,20.07
2026-04-15,19.21
2026-04-16,19.1
2026-04-17,19.09
2026-04-18,19.0
2026-04-19,19.98
2026-04-20,19.51
2026-04-21,19.41
2026-04-22,19.7
2026-04-23,20.56
2026-04-24,20.55
2026-04-25,20.06
2026-04-26,20.0
2026-04-27,20.62
2026-04-28,19.82
2026-04-29,21.0
2026-04-30,20.53
2026-05-01,20.72
2026-05-02,21.4
2026-05-03,20.73
2026-05-04,20.51
2026-05-05,20.16
2026-05-06,19.74
2026-05-07,20.01
2026-05-08,20.99
2026-05-09,20.55
2026-05-10,20.43
2026-05-11,21.19
2026-05-12,21.86
2026-05-13,21.46
2026-05-14,21.6
2026-05-15,21.59
2026-05-16,21.71
2026-05-17,21.94
2026-05-18,21.42
2026-05-19,21.46
2026-05-20,22.74
2026-05-21,21.98
2026-05-22,21.95
2026-05-23,21.15
2026-05-24,21.9
2026-05-25,22.18
2026-05-26,22.32
2026-05-27,22.7
2026-05-28,23.23
2026-05-29,23.58
2026-05-30,22.66
2026-05-31,23.66
2026-06-01,23.78
2026-06-02,24.45
2026-06-03,24.44
2026-06-04,23.94
2026-06-05,23.93
2026-06-06,24.09
2026-06-07,23.53
2026-06-08,24.1
2026-06-09,24.19
2026-06-10,24.02
2026-06-11,23.96
2026-06-12,24.75
2026-06-13,25.41
2026-06-14,25.21
2026-06-15,24.54
2026-06-16,25.22
2026-06-17,25.85
2026-06-18,25.48
2026-06-19,25.69
2026-06-20,25.85
2026-06-21,26.09
2026-06-22,24.96
2026-06-23,25.28
2026-06-24,25.96
2026-06-25,26.13
2026-06-26,26.08
2026-06-27,26.72
2026-06-28,26.56
2026-06-29,26.9
2026-06-30,27.23
2026-07-01,27.19
2026-07-02,26.91
2026-07-03,26.94
2026-07-04,27.32
2026-07-05,27.59
2026-07-06,27.38
2026-07-07,27.45
2026-07-08,26.95
2026-07-09,27.6
2026-07-10,27.14
2026-07-11,27.61
2026-07-12,27.56
2026-07-13,27.53
2026-07-14,27.95
2026-07-15,27.97
2026-07-16,27.48
2026-07-17,27.84
2026-07-18,27.04
2026-07-19,28.28
2026-07-20,28.49
2026-07-21,28.04
2026-07-22,28.26
2026-07-23,28.03
2026-07-24,28.63
2026-07-25,28.36
2026-07-26,28.16
2026-07-27,28.08
2026-07-28,28.09
2026-07-29,28.19
2026-07-30,28.45
2026-07-31,28.53
2026-08-01,28.71
2026-08-02,29.11
2026-08-03,28.91
2026-08-04,29.01
2026-08-05,28.69
2026-08-06,28.68
2026-08-07,28.78
2026-08-08,28.93
2026-08-09,28.71
2026-08-10,28.35
2026-08-11,28.87
2026-08-12,29.44
2026-08-13,29.43
