date,sst
1982-01-01,19.61
1982-01-02,19.53
1982-01-03,19.45
1982-01-04,19.62
1982-01-05,18.79
1982-01-06,19.02
1982-01-07,19.0
1982-01-08,18.74
1982-01-09,18.39
1982-01-10,18.29
1982-01-11,18.52
1982-01-12,18.55
1982-01-13,18.2
1982-01-14,19.06
1982-01-15,18.87
1982-01-16,18.67
1982-01-17,18.55
1982-01-18,18.27
1982-01-19,18.22
1982-01-20,18.7
1982-01-21,18.67
1982-01-22,18.12
1982-01-23,17.94
1982-01-24,17.95
1982-01-25,17.82
1982-01-26,17.77
1982-01-27,17.83
1982-01-28,18.09
1982-01-29,18.14
1982-01-30,18.19
1982-01-31,17.54
1982-02-01,17.46
1982-02-02,17.43
1982-02-03,17.59
1982-02-04,17.76
1982-02-05,17.76
1982-02-06,17.7
1982-02-07,17.52
1982-02-08,17.5
1982-02-09,17.2
1982-02-10,17.23
1982-02-11,17.4
1982-02-12,17.06
1982-02-13,17.2
1982-02-14,17.21
1982-02-15,17.29
1982-02-16,17.34
1982-02-17,17.24
1982-02-18,17.21
1982-02-19,16.66
1982-02-20,16.34
1982-02-21,16.27
1982-02-22,16.72
1982-02-23,16.79
1982-02-24,16.98
1982-02-25,16.86
1982-02-26,16.73
1982-02-27,16.85
1982-02-28,16.37
1982-03-01,16.28
1982-03-02,16.56
1982-03-03,16.88
1982-03-04,16.85
1982-03-05,16.74
1982-03-06,17.32
1982-03-07,17.35
1982-03-08,17.42
1982-03-09,17.4
1982-03-10,17.16
1982-03-11,17.2
1982-03-12,17.21
1982-03-13,17.2
1982-03-14,16.9
1982-03-15,16.87
1982-03-16,16.87
1982-03-17,17.29
1982-03-18,17.32
1982-03-19,16.83
1982-03-20,16.9
1982-03-21,16.93
1982-03-22,16.88
1982-03-23,16.85
1982-03-24,16.55
1982-03-25,16.59
1982-03-26,16.89
1982-03-27,17.11
1982-03-28,17.07
1982-03-29,17.12
1982-03-30,17.13
1982-03-31,17.12
1982-04-01,16.51
1982-04-02,16.37
1982-04-03,17.58
1982-04-04,18.1
1982-04-05,18.19
1982-04-06,18.39
1982-04-07,18.6
1982-04-08,18.53
1982-04-09,17.94
1982-04-10,17.82
1982-04-11,17.72
1982-04-12,18.13
1982-04-13,18.33
1982-04-14,18.81
1982-04-15,19.26
1982-04-16,19.29
1982-04-17,19.35
1982-04-18,19.46
1982-04-19,19.54
1982-04-20,19.66
1982-04-21,19.62
1982-04-22,19.56
1982-04-23,20.31
1982-04-24,20.38
1982-04-25,20.4
1982-04-26,19.67
1982-04-27,19.04
1982-04-28,18.85
1982-04-29,18.74
1982-04-30,18.56
1982-05-01,19.56
1982-05-02,20.17
1982-05-03,20.36
1982-05-04,20.84
1982-05-05,20.99
1982-05-06,21.08
1982-05-07,21.07
1982-05-08,20.48
1982-05-09,20.72
1982-05-10,20.64
1982-05-11,20.76
1982-05-12,21.06
1982-05-13,21.21
1982-05-14,21.87
1982-05-15,22.22
1982-05-16,22.24
1982-05-17,22.17
1982-05-18,21.92
1982-05-19,21.96
1982-05-20,21.6
1982-05-21,21.75
1982-05-22,21.58
1982-05-23,21.85
1982-05-24,22.04
1982-05-25,22.37
1982-05-26,22.28
1982-05-27,22.56
1982-05-28,22.6
1982-05-29,22.62
1982-05-30,22.66
1982-05-31,23.4
1982-06-01,23.66
1982-06-02,23.71
1982-06-03,24.15
1982-06-04,23.76
1982-06-05,23.69
1982-06-06,23.88
1982-06-07,23.9
1982-06-08,23.37
1982-06-09,23.43
1982-06-10,23.27
1982-06-11,24.17
1982-06-12,24.44
1982-06-13,24.5
1982-06-14,24.99
1982-06-15,24.79
1982-06-16,24.71
1982-06-17,25.33
1982-06-18,23.95
1982-06-19,23.94
1982-06-20,24.76
1982-06-21,25.1
1982-06-22,25.96
1982-06-23,26.23
1982-06-24,26.33
1982-06-25,26.48
1982-06-26,26.9
1982-06-27,26.89
1982-06-28,27.55
1982-06-29,27.5
1982-06-30,27.49
1982-07-01,26.95
1982-07-02,27.45
1982-07-03,26.68
1982-07-04,26.89
1982-07-05,27.07
1982-07-06,27.22
1982-07-07,27.63
1982-07-08,27.47
1982-07-09,27.74
1982-07-10,27.11
1982-07-11,26.74
1982-07-12,26.58
1982-07-13,26.92
1982-07-14,27.18
1982-07-15,26.83
1982-07-16,27.29
1982-07-17,28.34
1982-07-18,28.37
1982-07-19,28.02
1982-07-20,27.85
1982-07-21,27.8
1982-07-22,27.42
1982-07-23,27.41
1982-07-24,27.37
1982-07-25,27.53
1982-07-26,27.74
1982-07-27,27.54
1982-07-28,28.1
1982-07-29,27.49
1982-07-30,26.74
1982-07-31,27.28
1982-08-01,27.43
1982-08-02,28.43
1982-08-03,28.36
1982-08-04,28.2
1982-08-05,27.47
1982-08-06,27.49
1982-08-07,27.96
1982-08-08,28.25
1982-08-09,28.41
1982-08-10,28.28
1982-08-11,27.97
1982-08-12,28.54
1982-08-13,27.73
1982-08-14,27.75
1982-08-15,26.89
1982-08-16,27.7
1982-08-17,27.93
1982-08-18,28.23
1982-08-19,28.9
1982-08-20,28.93
1982-08-21,28.24
1982-08-22,28.43
1982-08-23,27.7
1982-08-24,27.64
1982-08-25,28.28
1982-08-26,28.28
1982-08-27,27.92
1982-08-28,27.42
1982-08-29,27.77
1982-08-30,27.49
1982-08-31,28.68
1982-09-01,28.14
1982-09-02,28.18
1982-09-03,27.28
1982-09-04,27.26
1982-09-05,27.9
1982-09-06,28.38
1982-09-07,28.42
1982-09-08,27.82
1982-09-09,28.13
1982-09-10,27.93
1982-09-11,27.1
1982-09-12,27.61
1982-09-13,27.89
1982-09-14,28.06
1982-09-15,27.38
1982-09-16,27.25
1982-09-17,27.83
1982-09-18,27.42
1982-09-19,27.74
1982-09-20,27.85
1982-09-21,27.68
1982-09-22,27.97
1982-09-23,28.16
1982-09-24,27.79
1982-09-25,27.76
1982-09-26,27.52
1982-09-27,27.37
1982-09-28,27.37
1982-09-29,27.51
1982-09-30,27.46
1982-10-01,27.43
1982-10-02,27.12
1982-10-03,26.84
1982-10-04,26.74
1982-10-05,27.09
1982-10-06,27.25
1982-10-07,27.13
1982-10-08,27.42
1982-10-09,26.98
1982-10-10,26.35
1982-10-11,25.93
1982-10-12,25.46
1982-10-13,25.58
1982-10-14,26.12
1982-10-15,26.14
1982-10-16,26.1
1982-10-17,27.11
1982-10-18,26.69
1982-10-19,26.83
1982-10-20,27.15
1982-10-21,26.86
1982-10-22,25.91
1982-10-23,26.59
1982-10-24,26.42
1982-10-25,25.94
1982-10-26,25.5
1982-10-27,26.33
1982-10-28,26.33
1982-10-29,26.19
1982-10-30,25.42
1982-10-31,25.36
1982-11-01,25.42
1982-11-02,25.07
1982-11-03,24.98
1982-11-04,25.0
1982-11-05,24.85
1982-11-06,25.31
1982-11-07,25.32
1982-11-08,25.21
1982-11-09,24.34
1982-11-10,23.82
1982-11-11,23.83
1982-11-12,23.39
1982-11-13,23.28
1982-11-14,22.83
1982-11-15,22.42
1982-11-16,22.7
1982-11-17,22.32
1982-11-18,22.19
1982-11-19,21.24
1982-11-20,21.25
1982-11-21,21.95
1982-11-22,21.72
1982-11-23,21.64
1982-11-24,21.39
1982-11-25,21.3
1982-11-26,21.39
1982-11-27,21.37
1982-11-28,20.81
1982-11-29,20.48
1982-11-30,20.35
1982-12-01,20.19
1982-12-02,20.22
1982-12-03,20.22
1982-12-04,20.44
1982-12-05,20.52
1982-12-06,20.19
1982-12-07,19.94
1982-12-08,20.2
1982-12-09,19.56
1982-12-10,19.18
1982-12-11,19.09
1982-12-12,18.98
1982-12-13,18.9
1982-12-14,18.61
1982-12-15,19.16
1982-12-16,19.17
1982-12-17,18.44
1982-12-18,18.42
1982-12-19,18.23
1982-12-20,18.13
1982-12-21,18.0
1982-12-22,18.06
1982-12-23,18.09
1982-12-24,18.11
1982-12-25,18.12
1982-12-26,18.13
1982-12-27,18.1
1982-12-28,18.03
1982-12-29,18.12
1982-12-30,18.04
1982-12-31,17.88
1983-01-01,18.14
1983-01-02,17.97
1983-01-03,17.97
1983-01-04,18.0
1983-01-05,17.27
1983-01-06,17.29
1983-01-07,16.66
1983-01-08,15.75
1983-01-09,16.78
1983-01-10,17.57
1983-01-11,17.38
1983-01-12,17.5
1983-01-13,17.6
1983-01-14,17.32
1983-01-15,16.74
1983-01-16,17.04
1983-01-17,16.57
1983-01-18,16.58
1983-01-19,16.69
1983-01-20,17.34
1983-01-21,17.0
1983-01-22,16.74
1983-01-23,15.22
1983-01-24,16.11
1983-01-25,15.96
1983-01-26,15.64
1983-01-27,15.55
1983-01-28,15.58
1983-01-29,16.13
1983-01-30,15.69
1983-01-31,16.26
1983-02-01,16.52
1983-02-02,16.56
1983-02-03,16.57
1983-02-04,16.68
1983-02-05,16.68
1983-02-06,16.67
1983-02-07,16.37
1983-02-08,16.39
1983-02-09,16.0
1983-02-10,15.82
1983-02-11,15.96
1983-02-12,15.79
1983-02-13,15.51
1983-02-14,15.79
1983-02-15,15.69
1983-02-16,16.18
1983-02-17,16.38
1983-02-18,16.02
1983-02-19,16.05
1983-02-20,16.02
1983-02-21,16.1
1983-02-22,16.74
1983-02-23,16.76
1983-02-24,16.68
1983-02-25,16.69
1983-02-26,16.3
1983-02-27,16.07
1983-02-28,16.34
1983-03-01,16.26
1983-03-02,16.3
1983-03-03,15.82
1983-03-04,15.94
1983-03-05,16.04
1983-03-06,16.19
1983-03-07,16.25
1983-03-08,16.19
1983-03-09,16.44
1983-03-10,16.52
1983-03-11,15.4
1983-03-12,15.69
1983-03-13,14.77
1983-03-14,14.43
1983-03-15,15.55
1983-03-16,16.04
1983-03-17,16.34
1983-03-18,16.58
1983-03-19,16.49
1983-03-20,15.32
1983-03-21,16.38
1983-03-22,16.28
1983-03-23,16.51
1983-03-24,16.35
1983-03-25,16.23
1983-03-26,15.99
1983-03-27,16.08
1983-03-28,16.85
1983-03-29,17.48
1983-03-30,17.69
1983-03-31,17.3
1983-04-01,17.17
1983-04-02,17.13
1983-04-03,17.31
1983-04-04,17.48
1983-04-05,17.43
1983-04-06,17.37
1983-04-07,18.04
1983-04-08,18.14
1983-04-09,18.27
1983-04-10,18.6
1983-04-11,18.95
1983-04-12,18.97
1983-04-13,19.17
1983-04-14,19.16
1983-04-15,19.02
1983-04-16,19.12
1983-04-17,19.22
1983-04-18,19.63
1983-04-19,19.48
1983-04-20,18.68
1983-04-21,18.65
1983-04-22,18.58
1983-04-23,19.5
1983-04-24,19.57
1983-04-25,19.62
1983-04-26,19.87
1983-04-27,20.08
1983-04-28,20.17
1983-04-29,19.65
1983-04-30,19.44
1983-05-01,20.62
1983-05-02,20.55
1983-05-03,19.59
1983-05-04,20.87
1983-05-05,21.4
1983-05-06,21.34
1983-05-07,21.16
1983-05-08,20.9
1983-05-09,21.76
1983-05-10,21.79
1983-05-11,21.6
1983-05-12,20.87
1983-05-13,20.02
1983-05-14,19.48
1983-05-15,20.63
1983-05-16,20.77
1983-05-17,21.58
1983-05-18,21.37
1983-05-19,21.25
1983-05-20,22.31
1983-05-21,22.75
1983-05-22,22.77
1983-05-23,22.42
1983-05-24,22.37
1983-05-25,22.24
1983-05-26,23.03
1983-05-27,22.57
1983-05-28,22.53
1983-05-29,23.35
1983-05-30,23.35
1983-05-31,23.3
1983-06-01,23.57
1983-06-02,24.45
1983-06-03,24.38
1983-06-04,24.49
1983-06-05,24.79
1983-06-06,25.11
1983-06-07,25.49
1983-06-08,25.15
1983-06-09,25.08
1983-06-10,25.23
1983-06-11,24.92
1983-06-12,26.32
1983-06-13,26.31
1983-06-14,26.47
1983-06-15,25.26
1983-06-16,26.14
1983-06-17,26.07
1983-06-18,26.9
1983-06-19,26.07
1983-06-20,26.02
1983-06-21,25.23
1983-06-22,25.27
1983-06-23,25.45
1983-06-24,25.81
1983-06-25,27.12
1983-06-26,27.32
1983-06-27,26.18
1983-06-28,25.93
1983-06-29,25.76
1983-06-30,26.68
1983-07-01,27.06
1983-07-02,26.93
1983-07-03,27.17
1983-07-04,27.34
1983-07-05,27.29
1983-07-06,27.37
1983-07-07,27.46
1983-07-08,27.78
1983-07-09,27.5
1983-07-10,27.83
1983-07-11,27.24
1983-07-12,27.38
1983-07-13,27.95
1983-07-14,27.78
1983-07-15,27.84
1983-07-16,28.46
1983-07-17,28.18
1983-07-18,28.32
1983-07-19,28.43
1983-07-20,29.39
1983-07-21,28.66
1983-07-22,28.46
1983-07-23,28.3
1983-07-24,28.4
1983-07-25,27.39
1983-07-26,28.5
1983-07-27,28.57
1983-07-28,28.61
1983-07-29,28.64
1983-07-30,28.5
1983-07-31,28.89
1983-08-01,29.06
1983-08-02,29.13
1983-08-03,29.21
1983-08-04,29.31
1983-08-05,29.66
1983-08-06,28.86
1983-08-07,28.7
1983-08-08,28.45
1983-08-09,28.47
1983-08-10,28.16
1983-08-11,29.4
1983-08-12,29.18
1983-08-13,29.08
1983-08-14,28.45
1983-08-15,27.88
1983-08-16,27.95
1983-08-17,28.62
1983-08-18,28.73
1983-08-19,29.22
1983-08-20,28.41
1983-08-21,29.03
1983-08-22,28.42
1983-08-23,28.59
1983-08-24,28.48
1983-08-25,28.35
1983-08-26,28.3
1983-08-27,28.04
1983-08-28,28.5
1983-08-29,28.78
1983-08-30,28.27
1983-08-31,26.88
1983-09-01,25.73
1983-09-02,28.73
1983-09-03,28.12
1983-09-04,28.15
1983-09-05,28.21
1983-09-06,28.27
1983-09-07,28.61
1983-09-08,28.49
1983-09-09,27.84
1983-09-10,28.14
1983-09-11,28.24
1983-09-12,28.42
1983-09-13,28.82
1983-09-14,28.31
1983-09-15,27.92
1983-09-16,26.94
1983-09-17,27.54
1983-09-18,27.89
1983-09-19,27.72
1983-09-20,28.33
1983-09-21,28.26
1983-09-22,28.19
1983-09-23,28.14
1983-09-24,27.71
1983-09-25,25.96
1983-09-26,25.86
1983-09-27,25.74
1983-09-28,25.6
1983-09-29,25.98
1983-09-30,25.71
1983-10-01,25.9
1983-10-02,25.64
1983-10-03,25.63
1983-10-04,26.01
1983-10-05,26.39
1983-10-06,26.33
1983-10-07,25.99
1983-10-08,25.52
1983-10-09,25.53
1983-10-10,25.6
1983-10-11,25.04
1983-10-12,24.87
1983-10-13,25.87
1983-10-14,25.67
1983-10-15,25.41
1983-10-16,25.42
1983-10-17,25.39
1983-10-18,25.36
1983-10-19,24.78
1983-10-20,24.34
1983-10-21,23.9
1983-10-22,24.43
1983-10-23,24.24
1983-10-24,24.17
1983-10-25,24.49
1983-10-26,24.54
1983-10-27,24.79
1983-10-28,24.81
1983-10-29,24.59
1983-10-30,24.46
1983-10-31,24.27
1983-11-01,23.98
1983-11-02,23.6
1983-11-03,23.53
1983-11-04,23.47
1983-11-05,23.42
1983-11-06,23.44
1983-11-07,23.57
1983-11-08,23.29
1983-11-09,22.89
1983-11-10,22.82
1983-11-11,23.08
1983-11-12,22.9
1983-11-13,22.39
1983-11-14,22.4
1983-11-15,22.41
1983-11-16,22.33
1983-11-17,22.26
1983-11-18,21.85
1983-11-19,22.42
1983-11-20,21.47
1983-11-21,22.4
1983-11-22,22.02
1983-11-23,22.13
1983-11-24,21.85
1983-11-25,21.56
1983-11-26,21.27
1983-11-27,21.26
1983-11-28,21.47
1983-11-29,21.54
1983-11-30,21.55
1983-12-01,21.49
1983-12-02,21.15
1983-12-03,21.1
1983-12-04,20.7
1983-12-05,20.58
1983-12-06,20.51
1983-12-07,20.41
1983-12-08,20.84
1983-12-09,21.18
1983-12-10,20.89
1983-12-11,20.08
1983-12-12,20.21
1983-12-13,20.44
1983-12-14,20.36
1983-12-15,20.48
1983-12-16,18.79
1983-12-17,19.78
1983-12-18,19.77
1983-12-19,19.59
1983-12-20,19.43
1983-12-21,19.35
1983-12-22,19.15
1983-12-23,19.46
1983-12-24,19.36
1983-12-25,19.33
1983-12-26,18.99
1983-12-27,18.84
1983-12-28,18.8
1983-12-29,18.72
1983-12-30,18.66
1983-12-31,18.7
1984-01-01,18.74
1984-01-02,18.74
1984-01-03,18.82
1984-01-04,18.99
1984-01-05,18.84
1984-01-06,18.88
1984-01-07,18.64
1984-01-08,18.26
1984-01-09,18.41
1984-01-10,18.61
1984-01-11,18.48
1984-01-12,18.46
1984-01-13,18.41
1984-01-14,18.55
1984-01-15,18.64
1984-01-16,18.74
1984-01-17,18.41
1984-01-18,17.63
1984-01-19,17.35
1984-01-20,17.38
1984-01-21,17.23
1984-01-22,17.27
1984-01-23,17.62
1984-01-24,17.68
1984-01-25,17.93
1984-01-26,17.65
1984-01-27,17.32
1984-01-28,16.9
1984-01-29,17.07
1984-01-30,17.04
1984-01-31,16.88
1984-02-01,17.25
1984-02-02,17.29
1984-02-03,17.1
1984-02-04,17.37
1984-02-05,16.7
1984-02-06,16.32
1984-02-07,15.53
1984-02-08,16.83
1984-02-09,17.21
1984-02-10,17.23
1984-02-11,17.13
1984-02-12,16.37
1984-02-13,16.76
1984-02-14,16.82
1984-02-15,16.61
1984-02-16,17.87
1984-02-17,17.82
1984-02-18,17.6
1984-02-19,17.19
1984-02-20,17.18
1984-02-21,17.1
1984-02-22,17.01
1984-02-23,15.78
1984-02-24,15.6
1984-02-25,15.51
1984-02-26,16.62
1984-02-27,16.6
1984-02-28,16.8
1984-02-29,15.9
1984-03-01,16.29
1984-03-02,16.75
1984-03-03,16.28
1984-03-04,15.83
1984-03-05,18.6
1984-03-06,17.32
1984-03-07,17.28
1984-03-08,16.71
1984-03-09,16.36
1984-03-10,16.93
1984-03-11,16.72
1984-03-12,16.72
1984-03-13,16.9
1984-03-14,16.96
1984-03-15,17.1
1984-03-16,17.07
1984-03-17,16.71
1984-03-18,17.12
1984-03-19,17.35
1984-03-20,16.84
1984-03-21,16.51
1984-03-22,16.55
1984-03-23,16.91
1984-03-24,17.41
1984-03-25,17.69
1984-03-26,17.76
1984-03-27,17.72
1984-03-28,17.84
1984-03-29,18.06
1984-03-30,18.07
1984-03-31,18.05
1984-04-01,18.59
1984-04-02,17.86
1984-04-03,18.53
1984-04-04,18.45
1984-04-05,18.37
1984-04-06,18.61
1984-04-07,18.99
1984-04-08,19.03
1984-04-09,18.96
1984-04-10,19.03
1984-04-11,18.99
1984-04-12,18.7
1984-04-13,18.72
1984-04-14,18.7
1984-04-15,18.57
1984-04-16,18.61
1984-04-17,18.7
1984-04-18,18.09
1984-04-19,18.14
1984-04-20,19.89
1984-04-21,19.94
1984-04-22,20.34
1984-04-23,20.37
1984-04-24,20.33
1984-04-25,20.73
1984-04-26,19.87
1984-04-27,19.84
1984-04-28,19.93
1984-04-29,20.08
1984-04-30,20.15
1984-05-01,19.39
1984-05-02,19.41
1984-05-03,20.17
1984-05-04,19.58
1984-05-05,20.01
1984-05-06,20.4
1984-05-07,20.31
1984-05-08,21.83
1984-05-09,20.23
1984-05-10,20.55
1984-05-11,20.68
1984-05-12,20.88
1984-05-13,21.13
1984-05-14,20.85
1984-05-15,21.29
1984-05-16,21.16
1984-05-17,21.23
1984-05-18,21.75
1984-05-19,22.14
1984-05-20,22.86
1984-05-21,23.03
1984-05-22,22.57
1984-05-23,22.27
1984-05-24,23.05
1984-05-25,23.11
1984-05-26,23.22
1984-05-27,23.07
1984-05-28,23.53
1984-05-29,23.55
1984-05-30,23.3
1984-05-31,23.63
1984-06-01,23.69
1984-06-02,23.83
1984-06-03,24.15
1984-06-04,24.12
1984-06-05,24.11
1984-06-06,23.96
1984-06-07,23.98
1984-06-08,22.97
1984-06-09,25.55
1984-06-10,24.35
1984-06-11,24.03
1984-06-12,24.19
1984-06-13,25.28
1984-06-14,25.23
1984-06-15,25.84
1984-06-16,26.33
1984-06-17,25.61
1984-06-18,25.66
1984-06-19,26.04
1984-06-20,25.5
1984-06-21,25.93
1984-06-22,25.79
1984-06-23,25.86
1984-06-24,26.07
1984-06-25,26.07
1984-06-26,26.4
1984-06-27,26.2
1984-06-28,26.01
1984-06-29,26.21
1984-06-30,26.49
1984-07-01,27.07
1984-07-02,27.13
1984-07-03,27.22
1984-07-04,27.71
1984-07-05,26.51
1984-07-06,27.26
1984-07-07,27.36
1984-07-08,27.06
1984-07-09,26.59
1984-07-10,26.59
1984-07-11,27.0
1984-07-12,27.07
1984-07-13,27.22
1984-07-14,27.11
1984-07-15,26.31
1984-07-16,26.8
1984-07-17,27.52
1984-07-18,28.09
1984-07-19,28.04
1984-07-20,27.19
1984-07-21,26.94
1984-07-22,26.55
1984-07-23,27.4
1984-07-24,26.94
1984-07-25,26.86
1984-07-26,26.46
1984-07-27,26.62
1984-07-28,27.12
1984-07-29,27.87
1984-07-30,27.79
1984-07-31,27.57
1984-08-01,27.76
1984-08-02,28.32
1984-08-03,27.53
1984-08-04,27.67
1984-08-05,28.23
1984-08-06,27.84
1984-08-07,27.85
1984-08-08,27.6
1984-08-09,27.89
1984-08-10,27.22
1984-08-11,27.36
1984-08-12,28.07
1984-08-13,27.6
1984-08-14,27.49
1984-08-15,26.6
1984-08-16,27.85
1984-08-17,27.33
1984-08-18,27.83
1984-08-19,27.08
1984-08-20,27.09
1984-08-21,27.26
1984-08-22,27.01
1984-08-23,27.52
1984-08-24,27.48
1984-08-25,27.46
1984-08-26,28.14
1984-08-27,27.9
1984-08-28,28.12
1984-08-29,28.1
1984-08-30,27.77
1984-08-31,27.7
1984-09-01,27.28
1984-09-02,27.15
1984-09-03,27.81
1984-09-04,27.91
1984-09-05,27.78
1984-09-06,27.4
1984-09-07,27.41
1984-09-08,27.19
1984-09-09,26.84
1984-09-10,27.39
1984-09-11,27.27
1984-09-12,27.64
1984-09-13,27.27
1984-09-14,27.86
1984-09-15,27.83
1984-09-16,28.03
1984-09-17,27.55
1984-09-18,28.23
1984-09-19,27.71
1984-09-20,27.76
1984-09-21,27.22
1984-09-22,27.85
1984-09-23,27.18
1984-09-24,26.39
1984-09-25,26.28
1984-09-26,26.66
1984-09-27,27.19
1984-09-28,26.39
1984-09-29,26.47
1984-09-30,25.92
1984-10-01,26.07
1984-10-02,25.95
1984-10-03,26.26
1984-10-04,26.47
1984-10-05,26.72
1984-10-06,26.96
1984-10-07,26.79
1984-10-08,26.72
1984-10-09,26.58
1984-10-10,25.47
1984-10-11,26.84
1984-10-12,25.79
1984-10-13,26.08
1984-10-14,25.44
1984-10-15,25.52
1984-10-16,25.78
1984-10-17,26.03
1984-10-18,26.42
1984-10-19,26.34
1984-10-20,26.4
1984-10-21,26.0
1984-10-22,25.88
1984-10-23,25.88
1984-10-24,24.6
1984-10-25,24.68
1984-10-26,25.55
1984-10-27,25.05
1984-10-28,24.82
1984-10-29,24.28
1984-10-30,24.37
1984-10-31,24.34
1984-11-01,24.45
1984-11-02,24.51
1984-11-03,24.44
1984-11-04,23.3
1984-11-05,24.09
1984-11-06,23.97
1984-11-07,23.65
1984-11-08,23.67
1984-11-09,23.64
1984-11-10,23.63
1984-11-11,23.94
1984-11-12,23.42
1984-11-13,23.01
1984-11-14,22.95
1984-11-15,22.88
1984-11-16,22.95
1984-11-17,22.72
1984-11-18,23.61
1984-11-19,24.04
1984-11-20,23.36
1984-11-21,22.87
1984-11-22,22.94
1984-11-23,22.93
1984-11-24,22.49
1984-11-25,22.64
1984-11-26,22.31
1984-11-27,22.77
1984-11-28,22.54
1984-11-29,21.85
1984-11-30,22.12
1984-12-01,21.77
1984-12-02,21.76
1984-12-03,21.36
1984-12-04,21.05
1984-12-05,20.93
1984-12-06,20.97
1984-12-07,20.5
1984-12-08,20.38
1984-12-09,20.71
1984-12-10,20.72
1984-12-11,21.01
1984-12-12,21.23
1984-12-13,21.18
1984-12-14,20.26
1984-12-15,20.09
1984-12-16,20.12
1984-12-17,19.89
1984-12-18,19.72
1984-12-19,19.83
1984-12-20,19.81
1984-12-21,19.87
1984-12-22,19.97
1984-12-23,19.92
1984-12-24,20.01
1984-12-25,19.45
1984-12-26,19.17
1984-12-27,19.42
1984-12-28,19.67
1984-12-29,19.49
1984-12-30,19.5
1984-12-31,19.5
1985-01-01,18.86
1985-01-02,18.94
1985-01-03,18.2
1985-01-04,18.66
1985-01-05,19.02
1985-01-06,18.95
1985-01-07,18.82
1985-01-08,18.48
1985-01-09,18.12
1985-01-10,18.23
1985-01-11,17.81
1985-01-12,17.87
1985-01-13,17.87
1985-01-14,17.9
1985-01-15,17.94
1985-01-16,18.06
1985-01-17,18.32
1985-01-18,18.56
1985-01-19,18.55
1985-01-20,18.53
1985-01-21,18.31
1985-01-22,18.08
1985-01-23,18.17
1985-01-24,18.46
1985-01-25,18.13
1985-01-26,17.69
1985-01-27,17.74
1985-01-28,17.87
1985-01-29,17.99
1985-01-30,19.03
1985-01-31,18.93
1985-02-01,18.25
1985-02-02,18.06
1985-02-03,17.39
1985-02-04,17.85
1985-02-05,17.89
1985-02-06,18.92
1985-02-07,19.07
1985-02-08,19.03
1985-02-09,19.0
1985-02-10,18.99
1985-02-11,18.96
1985-02-12,18.46
1985-02-13,17.13
1985-02-14,17.11
1985-02-15,17.1
1985-02-16,17.08
1985-02-17,17.04
1985-02-18,16.54
1985-02-19,16.59
1985-02-20,16.65
1985-02-21,16.69
1985-02-22,16.35
1985-02-23,16.41
1985-02-24,16.37
1985-02-25,16.28
1985-02-26,16.57
1985-02-27,16.77
1985-02-28,16.58
1985-03-01,16.51
1985-03-02,16.29
1985-03-03,16.2
1985-03-04,16.17
1985-03-05,16.12
1985-03-06,15.84
1985-03-07,16.37
1985-03-08,16.56
1985-03-09,16.2
1985-03-10,16.5
1985-03-11,16.56
1985-03-12,16.57
1985-03-13,16.39
1985-03-14,16.33
1985-03-15,16.73
1985-03-16,16.47
1985-03-17,16.51
1985-03-18,16.65
1985-03-19,16.83
1985-03-20,16.68
1985-03-21,16.47
1985-03-22,16.56
1985-03-23,16.37
1985-03-24,17.45
1985-03-25,17.25
1985-03-26,17.1
1985-03-27,17.08
1985-03-28,17.21
1985-03-29,17.12
1985-03-30,17.14
1985-03-31,17.44
1985-04-01,18.17
1985-04-02,18.2
1985-04-03,18.26
1985-04-04,18.2
1985-04-05,17.65
1985-04-06,18.27
1985-04-07,18.19
1985-04-08,18.4
1985-04-09,18.07
1985-04-10,18.46
1985-04-11,19.04
1985-04-12,19.03
1985-04-13,19.37
1985-04-14,19.62
1985-04-15,19.11
1985-04-16,17.8
1985-04-17,19.29
1985-04-18,19.09
1985-04-19,19.21
1985-04-20,19.46
1985-04-21,19.83
1985-04-22,19.87
1985-04-23,19.45
1985-04-24,19.69
1985-04-25,19.79
1985-04-26,18.81
1985-04-27,18.92
1985-04-28,18.97
1985-04-29,19.01
1985-04-30,19.73
1985-05-01,19.94
1985-05-02,20.29
1985-05-03,20.23
1985-05-04,20.35
1985-05-05,20.38
1985-05-06,20.32
1985-05-07,20.53
1985-05-08,20.62
1985-05-09,20.57
1985-05-10,20.51
1985-05-11,20.44
1985-05-12,21.03
1985-05-13,20.93
1985-05-14,21.29
1985-05-15,21.41
1985-05-16,21.64
1985-05-17,21.78
1985-05-18,21.83
1985-05-19,21.7
1985-05-20,22.6
1985-05-21,23.11
1985-05-22,23.17
1985-05-23,22.37
1985-05-24,22.26
1985-05-25,22.55
1985-05-26,22.61
1985-05-27,22.66
1985-05-28,22.32
1985-05-29,23.24
1985-05-30,23.49
1985-05-31,23.72
1985-06-01,23.61
1985-06-02,24.02
1985-06-03,24.07
1985-06-04,23.24
1985-06-05,23.43
1985-06-06,23.54
1985-06-07,24.87
1985-06-08,24.99
1985-06-09,25.32
1985-06-10,24.77
1985-06-11,25.04
1985-06-12,25.65
1985-06-13,25.62
1985-06-14,25.73
1985-06-15,25.8
1985-06-16,25.3
1985-06-17,25.61
1985-06-18,26.19
1985-06-19,26.55
1985-06-20,26.75
1985-06-21,25.68
1985-06-22,25.85
1985-06-23,26.16
1985-06-24,26.02
1985-06-25,25.96
1985-06-26,25.86
1985-06-27,25.97
1985-06-28,26.8
1985-06-29,26.68
1985-06-30,26.78
1985-07-01,26.4
1985-07-02,26.82
1985-07-03,27.11
1985-07-04,27.17
1985-07-05,26.95
1985-07-06,26.21
1985-07-07,26.38
1985-07-08,26.54
1985-07-09,25.99
1985-07-10,26.19
1985-07-11,25.85
1985-07-12,28.32
1985-07-13,28.3
1985-07-14,27.71
1985-07-15,26.89
1985-07-16,26.78
1985-07-17,27.13
1985-07-18,26.14
1985-07-19,26.51
1985-07-20,26.65
1985-07-21,26.51
1985-07-22,28.72
1985-07-23,27.79
1985-07-24,27.28
1985-07-25,27.23
1985-07-26,27.04
1985-07-27,27.39
1985-07-28,26.8
1985-07-29,27.35
1985-07-30,26.94
1985-07-31,27.92
1985-08-01,27.09
1985-08-02,27.93
1985-08-03,27.79
1985-08-04,27.44
1985-08-05,27.99
1985-08-06,28.19
1985-08-07,27.59
1985-08-08,27.57
1985-08-09,27.09
1985-08-10,27.16
1985-08-11,27.1
1985-08-12,28.27
1985-08-13,27.44
1985-08-14,28.41
1985-08-15,28.33
1985-08-16,28.82
1985-08-17,28.07
1985-08-18,26.84
1985-08-19,26.91
1985-08-20,27.72
1985-08-21,27.57
1985-08-22,28.92
1985-08-23,27.66
1985-08-24,28.95
1985-08-25,29.43
1985-08-26,28.41
1985-08-27,27.45
1985-08-28,28.64
1985-08-29,27.91
1985-08-30,29.53
1985-08-31,29.53
1985-09-01,28.97
1985-09-02,29.15
1985-09-03,28.9
1985-09-04,28.8
1985-09-05,28.6
1985-09-06,28.57
1985-09-07,27.93
1985-09-08,27.55
1985-09-09,28.19
1985-09-10,28.19
1985-09-11,28.05
1985-09-12,28.04
1985-09-13,27.96
1985-09-14,28.15
1985-09-15,27.96
1985-09-16,26.93
1985-09-17,27.04
1985-09-18,25.91
1985-09-19,27.01
1985-09-20,27.79
1985-09-21,27.5
1985-09-22,27.3
1985-09-23,27.46
1985-09-24,26.91
1985-09-25,25.88
1985-09-26,26.68
1985-09-27,27.36
1985-09-28,27.1
1985-09-29,27.14
1985-09-30,27.05
1985-10-01,27.31
1985-10-02,27.25
1985-10-03,27.34
1985-10-04,27.05
1985-10-05,26.83
1985-10-06,26.67
1985-10-07,25.97
1985-10-08,26.72
1985-10-09,26.83
1985-10-10,26.39
1985-10-11,26.35
1985-10-12,26.16
1985-10-13,25.72
1985-10-14,25.66
1985-10-15,25.86
1985-10-16,25.98
1985-10-17,25.44
1985-10-18,25.42
1985-10-19,25.17
1985-10-20,24.83
1985-10-21,24.99
1985-10-22,24.3
1985-10-23,24.46
1985-10-24,24.55
1985-10-25,24.6
1985-10-26,24.19
1985-10-27,23.98
1985-10-28,23.84
1985-10-29,23.41
1985-10-30,23.46
1985-10-31,23.35
1985-11-01,23.04
1985-11-02,23.03
1985-11-03,21.79
1985-11-04,22.82
1985-11-05,22.88
1985-11-06,23.15
1985-11-07,23.43
1985-11-08,23.3
1985-11-09,23.29
1985-11-10,23.16
1985-11-11,22.53
1985-11-12,22.28
1985-11-13,22.57
1985-11-14,22.49
1985-11-15,22.55
1985-11-16,22.58
1985-11-17,21.92
1985-11-18,22.48
1985-11-19,21.9
1985-11-20,22.39
1985-11-21,22.39
1985-11-22,22.43
1985-11-23,22.51
1985-11-24,22.58
1985-11-25,22.37
1985-11-26,22.19
1985-11-27,21.98
1985-11-28,21.96
1985-11-29,22.13
1985-11-30,22.06
1985-12-01,21.63
1985-12-02,20.79
1985-12-03,20.75
1985-12-04,20.9
1985-12-05,20.88
1985-12-06,20.95
1985-12-07,19.99
1985-12-08,20.83
1985-12-09,20.73
1985-12-10,20.73
1985-12-11,20.32
1985-12-12,20.08
1985-12-13,20.06
1985-12-14,19.77
1985-12-15,20.12
1985-12-16,20.17
1985-12-17,20.11
1985-12-18,19.87
1985-12-19,19.78
1985-12-20,19.53
1985-12-21,19.38
1985-12-22,19.32
1985-12-23,19.26
1985-12-24,19.33
1985-12-25,19.35
1985-12-26,19.0
1985-12-27,19.11
1985-12-28,19.02
1985-12-29,18.72
1985-12-30,19.07
1985-12-31,19.12
1986-01-01,18.89
1986-01-02,18.1
1986-01-03,17.9
1986-01-04,18.53
1986-01-05,18.27
1986-01-06,18.12
1986-01-07,17.67
1986-01-08,17.76
1986-01-09,18.31
1986-01-10,18.39
1986-01-11,18.16
1986-01-12,17.88
1986-01-13,17.83
1986-01-14,18.02
1986-01-15,17.83
1986-01-16,17.89
1986-01-17,17.92
1986-01-18,17.93
1986-01-19,17.92
1986-01-20,17.45
1986-01-21,17.36
1986-01-22,17.69
1986-01-23,17.57
1986-01-24,17.21
1986-01-25,17.2
1986-01-26,16.84
1986-01-27,17.19
1986-01-28,17.2
1986-01-29,17.18
1986-01-30,17.51
1986-01-31,17.67
1986-02-01,17.47
1986-02-02,17.71
1986-02-03,17.59
1986-02-04,17.61
1986-02-05,17.02
1986-02-06,16.86
1986-02-07,16.87
1986-02-08,17.1
1986-02-09,17.14
1986-02-10,17.12
1986-02-11,17.11
1986-02-12,17.11
1986-02-13,17.02
1986-02-14,17.07
1986-02-15,16.58
1986-02-16,16.98
1986-02-17,16.87
1986-02-18,16.84
1986-02-19,16.99
1986-02-20,17.36
1986-02-21,17.35
1986-02-22,17.31
1986-02-23,17.2
1986-02-24,17.07
1986-02-25,17.48
1986-02-26,17.37
1986-02-27,17.32
1986-02-28,17.37
1986-03-01,17.34
1986-03-02,17.36
1986-03-03,17.36
1986-03-04,17.4
1986-03-05,16.99
1986-03-06,17.43
1986-03-07,17.74
1986-03-08,17.63
1986-03-09,17.71
1986-03-10,17.87
1986-03-11,18.2
1986-03-12,17.73
1986-03-13,17.75
1986-03-14,17.93
1986-03-15,18.2
1986-03-16,18.23
1986-03-17,18.31
1986-03-18,18.37
1986-03-19,18.5
1986-03-20,18.67
1986-03-21,18.7
1986-03-22,18.72
1986-03-23,18.62
1986-03-24,18.61
1986-03-25,18.59
1986-03-26,18.96
1986-03-27,18.98
1986-03-28,19.05
1986-03-29,19.02
1986-03-30,18.97
1986-03-31,18.88
1986-04-01,18.95
1986-04-02,19.11
1986-04-03,19.12
1986-04-04,19.13
1986-04-05,19.06
1986-04-06,18.4
1986-04-07,19.48
1986-04-08,19.5
1986-04-09,19.6
1986-04-10,19.95
1986-04-11,19.93
1986-04-12,19.8
1986-04-13,17.71
1986-04-14,18.36
1986-04-15,19.63
1986-04-16,20.4
1986-04-17,20.13
1986-04-18,20.29
1986-04-19,20.92
1986-04-20,20.94
1986-04-21,20.92
1986-04-22,20.9
1986-04-23,21.23
1986-04-24,20.95
1986-04-25,20.85
1986-04-26,20.94
1986-04-27,21.22
1986-04-28,21.2
1986-04-29,21.23
1986-04-30,21.49
1986-05-01,21.55
1986-05-02,21.51
1986-05-03,21.56
1986-05-04,21.34
1986-05-05,21.25
1986-05-06,21.02
1986-05-07,21.03
1986-05-08,20.41
1986-05-09,20.5
1986-05-10,21.7
1986-05-11,22.02
1986-05-12,22.08
1986-05-13,22.38
1986-05-14,22.31
1986-05-15,22.19
1986-05-16,22.5
1986-05-17,21.67
1986-05-18,21.48
1986-05-19,21.65
1986-05-20,21.77
1986-05-21,22.47
1986-05-22,22.92
1986-05-23,22.66
1986-05-24,22.5
1986-05-25,22.37
1986-05-26,22.56
1986-05-27,22.76
1986-05-28,22.44
1986-05-29,22.77
1986-05-30,23.21
1986-05-31,23.67
1986-06-01,23.54
1986-06-02,23.22
1986-06-03,24.03
1986-06-04,23.84
1986-06-05,22.97
1986-06-06,24.04
1986-06-07,24.45
1986-06-08,25.36
1986-06-09,25.4
1986-06-10,25.27
1986-06-11,25.27
1986-06-12,25.18
1986-06-13,24.66
1986-06-14,24.53
1986-06-15,24.88
1986-06-16,25.63
1986-06-17,25.68
1986-06-18,25.59
1986-06-19,25.53
1986-06-20,26.12
1986-06-21,25.36
1986-06-22,26.22
1986-06-23,25.32
1986-06-24,25.79
1986-06-25,26.4
1986-06-26,27.14
1986-06-27,26.95
1986-06-28,27.55
1986-06-29,27.27
1986-06-30,27.16
1986-07-01,26.74
1986-07-02,26.75
1986-07-03,26.38
1986-07-04,26.91
1986-07-05,26.23
1986-07-06,26.59
1986-07-07,26.71
1986-07-08,26.9
1986-07-09,27.76
1986-07-10,27.58
1986-07-11,27.63
1986-07-12,27.74
1986-07-13,27.59
1986-07-14,27.53
1986-07-15,28.05
1986-07-16,28.17
1986-07-17,27.51
1986-07-18,28.58
1986-07-19,28.86
1986-07-20,28.35
1986-07-21,27.91
1986-07-22,28.0
1986-07-23,27.39
1986-07-24,28.05
1986-07-25,28.2
1986-07-26,28.1
1986-07-27,28.64
1986-07-28,28.29
1986-07-29,28.11
1986-07-30,26.55
1986-07-31,27.11
1986-08-01,27.52
1986-08-02,28.38
1986-08-03,28.38
1986-08-04,27.68
1986-08-05,28.32
1986-08-06,28.05
1986-08-07,28.55
1986-08-08,27.75
1986-08-09,28.09
1986-08-10,28.25
1986-08-11,28.57
1986-08-12,28.07
1986-08-13,28.91
1986-08-14,28.31
1986-08-15,27.93
1986-08-16,28.23
1986-08-17,29.27
1986-08-18,29.03
1986-08-19,28.87
1986-08-20,28.83
1986-08-21,29.04
1986-08-22,28.14
1986-08-23,27.82
1986-08-24,28.71
1986-08-25,28.96
1986-08-26,28.74
1986-08-27,29.21
1986-08-28,28.73
1986-08-29,28.23
1986-08-30,29.74
1986-08-31,29.33
1986-09-01,29.03
1986-09-02,29.17
1986-09-03,29.16
1986-09-04,28.75
1986-09-05,28.06
1986-09-06,28.41
1986-09-07,28.37
1986-09-08,28.4
1986-09-09,28.25
1986-09-10,28.13
1986-09-11,27.99
1986-09-12,27.96
1986-09-13,28.04
1986-09-14,28.51
1986-09-15,27.85
1986-09-16,27.53
1986-09-17,27.67
1986-09-18,26.56
1986-09-19,27.19
1986-09-20,28.82
1986-09-21,28.59
1986-09-22,28.92
1986-09-23,28.97
1986-09-24,28.97
1986-09-25,28.66
1986-09-26,27.59
1986-09-27,28.58
1986-09-28,28.44
1986-09-29,27.97
1986-09-30,28.41
1986-10-01,28.52
1986-10-02,27.45
1986-10-03,27.23
1986-10-04,27.27
1986-10-05,26.89
1986-10-06,26.87
1986-10-07,27.09
1986-10-08,26.59
1986-10-09,26.78
1986-10-10,26.75
1986-10-11,26.56
1986-10-12,26.44
1986-10-13,26.37
1986-10-14,26.38
1986-10-15,26.34
1986-10-16,26.06
1986-10-17,26.17
1986-10-18,25.96
1986-10-19,25.99
1986-10-20,25.76
1986-10-21,26.13
1986-10-22,25.95
1986-10-23,25.98
1986-10-24,26.21
1986-10-25,24.91
1986-10-26,24.79
1986-10-27,24.73
1986-10-28,25.02
1986-10-29,24.91
1986-10-30,25.29
1986-10-31,24.69
1986-11-01,25.26
1986-11-02,25.37
1986-11-03,24.88
1986-11-04,24.81
1986-11-05,24.8
1986-11-06,24.75
1986-11-07,24.54
1986-11-08,24.58
1986-11-09,24.27
1986-11-10,22.66
1986-11-11,22.66
1986-11-12,22.67
1986-11-13,22.4
1986-11-14,22.45
1986-11-15,22.44
1986-11-16,22.26
1986-11-17,22.08
1986-11-18,21.96
1986-11-19,21.95
1986-11-20,21.95
1986-11-21,22.18
1986-11-22,21.53
1986-11-23,21.49
1986-11-24,21.48
1986-11-25,21.5
1986-11-26,21.65
1986-11-27,21.51
1986-11-28,21.25
1986-11-29,21.07
1986-11-30,20.96
1986-12-01,20.7
1986-12-02,20.68
1986-12-03,20.4
1986-12-04,20.37
1986-12-05,20.06
1986-12-06,20.07
1986-12-07,20.04
1986-12-08,20.49
1986-12-09,20.53
1986-12-10,19.13
1986-12-11,18.96
1986-12-12,19.63
1986-12-13,19.65
1986-12-14,19.53
1986-12-15,19.5
1986-12-16,19.38
1986-12-17,19.43
1986-12-18,19.71
1986-12-19,19.3
1986-12-20,18.93
1986-12-21,18.98
1986-12-22,18.94
1986-12-23,19.11
1986-12-24,18.91
1986-12-25,18.96
1986-12-26,19.04
1986-12-27,18.98
1986-12-28,18.23
1986-12-29,18.24
1986-12-30,18.14
1986-12-31,18.2
1987-01-01,18.35
1987-01-02,18.06
1987-01-03,18.07
1987-01-04,17.75
1987-01-05,17.99
1987-01-06,17.6
1987-01-07,17.51
1987-01-08,17.99
1987-01-09,17.74
1987-01-10,16.23
1987-01-11,17.07
1987-01-12,16.9
1987-01-13,17.67
1987-01-14,17.05
1987-01-15,17.07
1987-01-16,17.08
1987-01-17,16.77
1987-01-18,16.79
1987-01-19,16.45
1987-01-20,16.41
1987-01-21,16.1
1987-01-22,17.42
1987-01-23,17.94
1987-01-24,18.04
1987-01-25,18.52
1987-01-26,18.24
1987-01-27,16.38
1987-01-28,16.25
1987-01-29,16.01
1987-01-30,16.03
1987-01-31,16.08
1987-02-01,16.64
1987-02-02,16.24
1987-02-03,16.35
1987-02-04,15.52
1987-02-05,16.96
1987-02-06,16.47
1987-02-07,16.3
1987-02-08,16.4
1987-02-09,16.69
1987-02-10,16.89
1987-02-11,17.1
1987-02-12,16.53
1987-02-13,16.33
1987-02-14,16.29
1987-02-15,16.3
1987-02-16,15.48
1987-02-17,16.09
1987-02-18,16.02
1987-02-19,16.69
1987-02-20,16.74
1987-02-21,16.76
1987-02-22,16.6
1987-02-23,16.99
1987-02-24,16.2
1987-02-25,15.99
1987-02-26,16.02
1987-02-27,16.82
1987-02-28,17.16
1987-03-01,16.77
1987-03-02,16.12
1987-03-03,16.5
1987-03-04,16.6
1987-03-05,15.59
1987-03-06,16.35
1987-03-07,16.31
1987-03-08,15.45
1987-03-09,16.37
1987-03-10,16.39
1987-03-11,16.07
1987-03-12,16.25
1987-03-13,15.75
1987-03-14,15.75
1987-03-15,15.75
1987-03-16,15.62
1987-03-17,15.3
1987-03-18,15.31
1987-03-19,16.19
1987-03-20,16.35
1987-03-21,16.13
1987-03-22,15.46
1987-03-23,15.56
1987-03-24,15.84
1987-03-25,15.73
1987-03-26,16.04
1987-03-27,16.52
1987-03-28,16.69
1987-03-29,17.1
1987-03-30,16.64
1987-03-31,16.85
1987-04-01,16.42
1987-04-02,16.32
1987-04-03,17.32
1987-04-04,17.04
1987-04-05,17.36
1987-04-06,16.92
1987-04-07,16.73
1987-04-08,16.02
1987-04-09,17.99
1987-04-10,17.39
1987-04-11,17.66
1987-04-12,17.43
1987-04-13,18.87
1987-04-14,18.9
1987-04-15,18.8
1987-04-16,17.6
1987-04-17,18.24
1987-04-18,18.15
1987-04-19,18.13
1987-04-20,19.08
1987-04-21,18.7
1987-04-22,18.45
1987-04-23,18.49
1987-04-24,18.67
1987-04-25,18.58
1987-04-26,18.51
1987-04-27,18.95
1987-04-28,18.9
1987-04-29,18.2
1987-04-30,19.01
1987-05-01,19.6
1987-05-02,20.06
1987-05-03,19.94
1987-05-04,18.98
1987-05-05,20.02
1987-05-06,18.99
1987-05-07,19.72
1987-05-08,19.03
1987-05-09,20.47
1987-05-10,20.99
1987-05-11,20.39
1987-05-12,20.89
1987-05-13,20.63
1987-05-14,19.51
1987-05-15,20.92
1987-05-16,20.35
1987-05-17,20.04
1987-05-18,20.12
1987-05-19,20.62
1987-05-20,20.53
1987-05-21,20.85
1987-05-22,20.76
1987-05-23,22.22
1987-05-24,22.14
1987-05-25,21.94
1987-05-26,21.9
1987-05-27,22.32
1987-05-28,22.35
1987-05-29,22.31
1987-05-30,22.05
1987-05-31,21.6
1987-06-01,21.43
1987-06-02,23.22
1987-06-03,23.02
1987-06-04,23.33
1987-06-05,22.88
1987-06-06,22.84
1987-06-07,23.21
1987-06-08,23.16
1987-06-09,23.65
1987-06-10,23.56
1987-06-11,23.99
1987-06-12,24.57
1987-06-13,24.69
1987-06-14,24.86
1987-06-15,24.64
1987-06-16,25.21
1987-06-17,25.57
1987-06-18,25.66
1987-06-19,25.27
1987-06-20,25.97
1987-06-21,27.19
1987-06-22,26.37
1987-06-23,25.6
1987-06-24,25.94
1987-06-25,25.58
1987-06-26,25.76
1987-06-27,26.49
1987-06-28,26.64
1987-06-29,25.73
1987-06-30,26.35
1987-07-01,26.49
1987-07-02,26.82
1987-07-03,26.87
1987-07-04,26.95
1987-07-05,26.86
1987-07-06,26.92
1987-07-07,26.54
1987-07-08,26.44
1987-07-09,26.52
1987-07-10,26.82
1987-07-11,27.23
1987-07-12,27.85
1987-07-13,27.52
1987-07-14,27.75
1987-07-15,27.62
1987-07-16,26.72
1987-07-17,26.26
1987-07-18,27.41
1987-07-19,28.0
1987-07-20,27.49
1987-07-21,28.53
1987-07-22,28.19
1987-07-23,28.57
1987-07-24,29.04
1987-07-25,28.97
1987-07-26,28.72
1987-07-27,28.8
1987-07-28,29.1
1987-07-29,29.12
1987-07-30,28.47
1987-07-31,28.96
1987-08-01,29.76
1987-08-02,29.22
1987-08-03,28.36
1987-08-04,28.75
1987-08-05,27.28
1987-08-06,25.99
1987-08-07,26.23
1987-08-08,28.01
1987-08-09,28.68
1987-08-10,28.61
1987-08-11,29.22
1987-08-12,29.45
1987-08-13,29.23
1987-08-14,29.77
1987-08-15,29.71
1987-08-16,28.95
1987-08-17,28.82
1987-08-18,29.39
1987-08-19,29.22
1987-08-20,29.01
1987-08-21,29.13
1987-08-22,29.85
1987-08-23,28.38
1987-08-24,29.81
1987-08-25,28.86
1987-08-26,28.51
1987-08-27,28.73
1987-08-28,28.88
1987-08-29,29.4
1987-08-30,29.22
1987-08-31,29.43
1987-09-01,28.73
1987-09-02,28.35
1987-09-03,28.62
1987-09-04,28.67
1987-09-05,29.09
1987-09-06,28.37
1987-09-07,28.57
1987-09-08,27.85
1987-09-09,28.33
1987-09-10,28.86
1987-09-11,29.02
1987-09-12,27.7
1987-09-13,27.1
1987-09-14,26.97
1987-09-15,26.36
1987-09-16,26.95
1987-09-17,27.61
1987-09-18,28.44
1987-09-19,28.26
1987-09-20,28.33
1987-09-21,28.34
1987-09-22,28.04
1987-09-23,27.56
1987-09-24,27.57
1987-09-25,27.74
1987-09-26,28.13
1987-09-27,27.8
1987-09-28,28.11
1987-09-29,27.64
1987-09-30,26.95
1987-10-01,26.34
1987-10-02,27.14
1987-10-03,26.77
1987-10-04,28.23
1987-10-05,28.05
1987-10-06,27.72
1987-10-07,27.48
1987-10-08,26.24
1987-10-09,26.56
1987-10-10,27.08
1987-10-11,27.77
1987-10-12,26.7
1987-10-13,26.74
1987-10-14,26.67
1987-10-15,26.49
1987-10-16,25.94
1987-10-17,25.9
1987-10-18,26.59
1987-10-19,26.61
1987-10-20,26.27
1987-10-21,25.44
1987-10-22,25.48
1987-10-23,25.09
1987-10-24,25.4
1987-10-25,25.54
1987-10-26,24.83
1987-10-27,24.97
1987-10-28,24.89
1987-10-29,24.74
1987-10-30,24.41
1987-10-31,23.91
1987-11-01,24.05
1987-11-02,23.58
1987-11-03,23.77
1987-11-04,23.71
1987-11-05,23.52
1987-11-06,23.19
1987-11-07,23.73
1987-11-08,24.08
1987-11-09,22.72
1987-11-10,22.46
1987-11-11,23.26
1987-11-12,22.29
1987-11-13,22.4
1987-11-14,22.21
1987-11-15,21.98
1987-11-16,22.25
1987-11-17,21.61
1987-11-18,20.79
1987-11-19,20.33
1987-11-20,21.34
1987-11-21,22.14
1987-11-22,22.27
1987-11-23,22.01
1987-11-24,21.88
1987-11-25,21.59
1987-11-26,22.02
1987-11-27,21.66
1987-11-28,21.7
1987-11-29,21.75
1987-11-30,21.58
1987-12-01,21.24
1987-12-02,21.45
1987-12-03,20.91
1987-12-04,21.83
1987-12-05,21.72
1987-12-06,21.49
1987-12-07,21.08
1987-12-08,20.28
1987-12-09,20.42
1987-12-10,19.64
1987-12-11,20.02
1987-12-12,19.91
1987-12-13,19.16
1987-12-14,19.22
1987-12-15,19.5
1987-12-16,20.21
1987-12-17,20.34
1987-12-18,19.78
1987-12-19,19.8
1987-12-20,18.9
1987-12-21,19.05
1987-12-22,19.09
1987-12-23,19.22
1987-12-24,18.97
1987-12-25,18.95
1987-12-26,18.79
1987-12-27,18.57
1987-12-28,18.44
1987-12-29,18.12
1987-12-30,18.12
1987-12-31,18.3
1988-01-01,18.32
1988-01-02,18.44
1988-01-03,18.37
1988-01-04,18.02
1988-01-05,18.02
1988-01-06,18.04
1988-01-07,18.22
1988-01-08,18.37
1988-01-09,17.98
1988-01-10,17.87
1988-01-11,17.88
1988-01-12,17.64
1988-01-13,17.75
1988-01-14,18.3
1988-01-15,18.55
1988-01-16,18.25
1988-01-17,17.5
1988-01-18,17.77
1988-01-19,17.57
1988-01-20,17.04
1988-01-21,17.27
1988-01-22,17.47
1988-01-23,17.41
1988-01-24,17.23
1988-01-25,17.29
1988-01-26,18.17
1988-01-27,17.54
1988-01-28,17.2
1988-01-29,17.48
1988-01-30,17.01
1988-01-31,17.06
1988-02-01,16.44
1988-02-02,17.29
1988-02-03,17.3
1988-02-04,16.97
1988-02-05,16.85
1988-02-06,16.85
1988-02-07,16.02
1988-02-08,15.92
1988-02-09,17.02
1988-02-10,16.58
1988-02-11,16.73
1988-02-12,16.79
1988-02-13,16.73
1988-02-14,16.68
1988-02-15,16.73
1988-02-16,16.49
1988-02-17,16.93
1988-02-18,17.14
1988-02-19,17.21
1988-02-20,16.36
1988-02-21,16.39
1988-02-22,16.39
1988-02-23,16.7
1988-02-24,17.6
1988-02-25,17.23
1988-02-26,15.41
1988-02-27,14.9
1988-02-28,15.32
1988-02-29,15.99
1988-03-01,16.22
1988-03-02,16.31
1988-03-03,16.68
1988-03-04,16.6
1988-03-05,16.46
1988-03-06,16.02
1988-03-07,15.98
1988-03-08,15.93
1988-03-09,16.01
1988-03-10,16.23
1988-03-11,15.08
1988-03-12,16.26
1988-03-13,17.01
1988-03-14,17.44
1988-03-15,17.24
1988-03-16,17.29
1988-03-17,16.87
1988-03-18,16.58
1988-03-19,17.03
1988-03-20,17.12
1988-03-21,16.82
1988-03-22,17.0
1988-03-23,17.65
1988-03-24,17.43
1988-03-25,16.54
1988-03-26,17.51
1988-03-27,17.2
1988-03-28,17.38
1988-03-29,17.8
1988-03-30,17.48
1988-03-31,17.55
1988-04-01,17.94
1988-04-02,17.81
1988-04-03,18.28
1988-04-04,18.2
1988-04-05,17.54
1988-04-06,17.52
1988-04-07,17.5
1988-04-08,16.91
1988-04-09,16.82
1988-04-10,17.55
1988-04-11,16.55
1988-04-12,19.11
1988-04-13,19.53
1988-04-14,20.19
1988-04-15,19.07
1988-04-16,18.79
1988-04-17,19.18
1988-04-18,19.68
1988-04-19,19.41
1988-04-20,19.77
1988-04-21,19.74
1988-04-22,20.14
1988-04-23,20.03
1988-04-24,19.89
1988-04-25,19.73
1988-04-26,19.72
1988-04-27,19.75
1988-04-28,19.69
1988-04-29,19.63
1988-04-30,20.1
1988-05-01,20.74
1988-05-02,20.4
1988-05-03,20.85
1988-05-04,20.73
1988-05-05,20.49
1988-05-06,20.62
1988-05-07,20.54
1988-05-08,20.51
1988-05-09,20.64
1988-05-10,20.37
1988-05-11,22.03
1988-05-12,22.35
1988-05-13,21.38
1988-05-14,21.23
1988-05-15,21.29
1988-05-16,21.85
1988-05-17,20.72
1988-05-18,22.03
1988-05-19,21.74
1988-05-20,21.26
1988-05-21,22.4
1988-05-22,22.5
1988-05-23,22.65
1988-05-24,22.82
1988-05-25,22.4
1988-05-26,20.38
1988-05-27,23.4
1988-05-28,23.39
1988-05-29,22.99
1988-05-30,23.49
1988-05-31,23.73
1988-06-01,23.26
1988-06-02,23.2
1988-06-03,23.21
1988-06-04,23.75
1988-06-05,24.36
1988-06-06,24.42
1988-06-07,23.6
1988-06-08,23.71
1988-06-09,24.13
1988-06-10,24.7
1988-06-11,24.49
1988-06-12,23.99
1988-06-13,24.65
1988-06-14,24.24
1988-06-15,24.44
1988-06-16,24.84
1988-06-17,25.8
1988-06-18,25.8
1988-06-19,25.21
1988-06-20,25.34
1988-06-21,25.5
1988-06-22,25.94
1988-06-23,25.4
1988-06-24,25.53
1988-06-25,26.13
1988-06-26,26.14
1988-06-27,26.43
1988-06-28,25.77
1988-06-29,25.96
1988-06-30,25.75
1988-07-01,26.08
1988-07-02,26.28
1988-07-03,26.64
1988-07-04,27.48
1988-07-05,27.21
1988-07-06,27.05
1988-07-07,27.75
1988-07-08,28.05
1988-07-09,28.01
1988-07-10,28.33
1988-07-11,28.71
1988-07-12,28.13
1988-07-13,28.07
1988-07-14,28.61
1988-07-15,28.09
1988-07-16,28.26
1988-07-17,29.22
1988-07-18,28.51
1988-07-19,28.39
1988-07-20,27.51
1988-07-21,28.2
1988-07-22,28.5
1988-07-23,27.6
1988-07-24,27.82
1988-07-25,28.98
1988-07-26,28.62
1988-07-27,28.3
1988-07-28,27.87
1988-07-29,28.12
1988-07-30,28.46
1988-07-31,28.6
1988-08-01,29.31
1988-08-02,29.67
1988-08-03,29.39
1988-08-04,29.76
1988-08-05,29.21
1988-08-06,28.95
1988-08-07,29.12
1988-08-08,28.69
1988-08-09,29.27
1988-08-10,29.37
1988-08-11,28.56
1988-08-12,29.49
1988-08-13,28.75
1988-08-14,29.09
1988-08-15,29.26
1988-08-16,29.29
1988-08-17,28.94
1988-08-18,29.52
1988-08-19,29.61
1988-08-20,28.58
1988-08-21,28.7
1988-08-22,28.71
1988-08-23,29.03
1988-08-24,29.31
1988-08-25,28.06
1988-08-26,28.3
1988-08-27,28.41
1988-08-28,29.27
1988-08-29,28.1
1988-08-30,28.49
1988-08-31,29.18
1988-09-01,29.43
1988-09-02,29.7
1988-09-03,29.74
1988-09-04,28.85
1988-09-05,29.26
1988-09-06,29.05
1988-09-07,28.65
1988-09-08,29.54
1988-09-09,28.69
1988-09-10,29.37
1988-09-11,29.23
1988-09-12,28.11
1988-09-13,28.67
1988-09-14,28.32
1988-09-15,27.69
1988-09-16,28.22
1988-09-17,28.78
1988-09-18,28.6
1988-09-19,28.15
1988-09-20,27.91
1988-09-21,27.91
1988-09-22,27.98
1988-09-23,28.16
1988-09-24,28.14
1988-09-25,27.33
1988-09-26,27.41
1988-09-27,28.23
1988-09-28,27.91
1988-09-29,27.83
1988-09-30,27.65
1988-10-01,27.34
1988-10-02,27.8
1988-10-03,27.32
1988-10-04,27.06
1988-10-05,27.03
1988-10-06,26.86
1988-10-07,26.37
1988-10-08,27.42
1988-10-09,26.46
1988-10-10,26.64
1988-10-11,26.9
1988-10-12,26.95
1988-10-13,26.71
1988-10-14,25.92
1988-10-15,25.99
1988-10-16,26.12
1988-10-17,25.6
1988-10-18,26.08
1988-10-19,25.4
1988-10-20,24.44
1988-10-21,25.51
1988-10-22,24.82
1988-10-23,25.28
1988-10-24,25.33
1988-10-25,25.62
1988-10-26,25.79
1988-10-27,25.46
1988-10-28,25.08
1988-10-29,25.03
1988-10-30,25.45
1988-10-31,24.66
1988-11-01,24.4
1988-11-02,24.49
1988-11-03,24.41
1988-11-04,23.7
1988-11-05,23.79
1988-11-06,24.08
1988-11-07,24.45
1988-11-08,24.43
1988-11-09,24.23
1988-11-10,23.76
1988-11-11,23.16
1988-11-12,22.81
1988-11-13,22.49
1988-11-14,22.4
1988-11-15,22.51
1988-11-16,22.39
1988-11-17,22.52
1988-11-18,22.17
1988-11-19,21.47
1988-11-20,21.48
1988-11-21,21.44
1988-11-22,21.12
1988-11-23,20.92
1988-11-24,20.97
1988-11-25,21.01
1988-11-26,20.92
1988-11-27,20.51
1988-11-28,20.61
1988-11-29,20.95
1988-11-30,20.76
1988-12-01,20.73
1988-12-02,20.57
1988-12-03,20.32
1988-12-04,20.48
1988-12-05,19.9
1988-12-06,20.27
1988-12-07,20.14
1988-12-08,20.61
1988-12-09,20.5
1988-12-10,19.92
1988-12-11,19.86
1988-12-12,19.64
1988-12-13,19.7
1988-12-14,19.51
1988-12-15,19.67
1988-12-16,19.34
1988-12-17,19.02
1988-12-18,19.74
1988-12-19,19.09
1988-12-20,19.02
1988-12-21,18.85
1988-12-22,18.63
1988-12-23,18.53
1988-12-24,18.62
1988-12-25,18.73
1988-12-26,18.47
1988-12-27,18.53
1988-12-28,18.42
1988-12-29,17.7
1988-12-30,18.06
1988-12-31,17.92
1989-01-01,17.92
1989-01-02,18.08
1989-01-03,17.37
1989-01-04,17.38
1989-01-05,17.63
1989-01-06,17.63
1989-01-07,17.66
1989-01-08,17.68
1989-01-09,17.5
1989-01-10,16.87
1989-01-11,17.23
1989-01-12,16.95
1989-01-13,16.55
1989-01-14,16.85
1989-01-15,16.8
1989-01-16,16.87
1989-01-17,17.0
1989-01-18,17.38
1989-01-19,16.94
1989-01-20,16.83
1989-01-21,16.23
1989-01-22,16.12
1989-01-23,16.07
1989-01-24,15.97
1989-01-25,16.43
1989-01-26,16.13
1989-01-27,16.4
1989-01-28,16.53
1989-01-29,16.44
1989-01-30,16.36
1989-01-31,16.4
1989-02-01,16.12
1989-02-02,16.04
1989-02-03,16.38
1989-02-04,16.25
1989-02-05,16.16
1989-02-06,16.4
1989-02-07,15.96
1989-02-08,16.3
1989-02-09,16.15
1989-02-10,16.12
1989-02-11,16.41
1989-02-12,16.24
1989-02-13,15.68
1989-02-14,15.5
1989-02-15,15.62
1989-02-16,14.52
1989-02-17,16.03
1989-02-18,15.04
1989-02-19,15.47
1989-02-20,15.58
1989-02-21,15.53
1989-02-22,15.17
1989-02-23,15.88
1989-02-24,15.67
1989-02-25,15.94
1989-02-26,16.08
1989-02-27,16.29
1989-02-28,16.17
1989-03-01,15.77
1989-03-02,16.09
1989-03-03,16.41
1989-03-04,16.62
1989-03-05,16.45
1989-03-06,16.13
1989-03-07,16.99
1989-03-08,16.98
1989-03-09,16.75
1989-03-10,16.88
1989-03-11,16.79
1989-03-12,16.87
1989-03-13,16.94
1989-03-14,16.42
1989-03-15,16.89
1989-03-16,16.99
1989-03-17,16.84
1989-03-18,16.97
1989-03-19,16.9
1989-03-20,16.87
1989-03-21,17.28
1989-03-22,17.28
1989-03-23,16.86
1989-03-24,16.92
1989-03-25,16.94
1989-03-26,17.25
1989-03-27,18.02
1989-03-28,16.91
1989-03-29,18.24
1989-03-30,18.13
1989-03-31,18.31
1989-04-01,17.84
1989-04-02,17.26
1989-04-03,18.07
1989-04-04,18.39
1989-04-05,18.67
1989-04-06,18.47
1989-04-07,18.55
1989-04-08,18.64
1989-04-09,19.07
1989-04-10,18.75
1989-04-11,19.57
1989-04-12,19.74
1989-04-13,19.24
1989-04-14,19.02
1989-04-15,19.52
1989-04-16,19.78
1989-04-17,20.54
1989-04-18,20.7
1989-04-19,20.21
1989-04-20,21.09
1989-04-21,20.49
1989-04-22,20.8
1989-04-23,21.59
1989-04-24,21.51
1989-04-25,21.35
1989-04-26,21.41
1989-04-27,21.46
1989-04-28,20.81
1989-04-29,21.52
1989-04-30,21.63
1989-05-01,21.41
1989-05-02,21.4
1989-05-03,21.43
1989-05-04,21.73
1989-05-05,22.18
1989-05-06,21.64
1989-05-07,22.23
1989-05-08,22.13
1989-05-09,22.02
1989-05-10,22.13
1989-05-11,22.29
1989-05-12,22.32
1989-05-13,22.57
1989-05-14,22.6
1989-05-15,22.97
1989-05-16,22.85
1989-05-17,22.32
1989-05-18,23.33
1989-05-19,23.64
1989-05-20,23.87
1989-05-21,24.48
1989-05-22,23.75
1989-05-23,24.11
1989-05-24,24.54
1989-05-25,24.62
1989-05-26,25.56
1989-05-27,24.49
1989-05-28,24.38
1989-05-29,24.04
1989-05-30,23.58
1989-05-31,23.46
1989-06-01,24.8
1989-06-02,24.98
1989-06-03,24.78
1989-06-04,25.43
1989-06-05,25.32
1989-06-06,24.76
1989-06-07,24.41
1989-06-08,24.2
1989-06-09,24.85
1989-06-10,24.57
1989-06-11,25.38
1989-06-12,25.53
1989-06-13,25.88
1989-06-14,25.5
1989-06-15,25.5
1989-06-16,25.45
1989-06-17,25.44
1989-06-18,25.19
1989-06-19,25.9
1989-06-20,25.38
1989-06-21,26.34
1989-06-22,26.17
1989-06-23,26.06
1989-06-24,26.84
1989-06-25,25.37
1989-06-26,24.98
1989-06-27,25.16
1989-06-28,27.66
1989-06-29,27.38
1989-06-30,26.02
1989-07-01,26.52
1989-07-02,26.68
1989-07-03,26.71
1989-07-04,26.25
1989-07-05,26.13
1989-07-06,26.25
1989-07-07,27.19
1989-07-08,27.47
1989-07-09,27.72
1989-07-10,27.77
1989-07-11,28.34
1989-07-12,28.09
1989-07-13,27.06
1989-07-14,27.24
1989-07-15,27.3
1989-07-16,28.71
1989-07-17,27.38
1989-07-18,27.4
1989-07-19,26.93
1989-07-20,27.15
1989-07-21,27.69
1989-07-22,27.74
1989-07-23,27.69
1989-07-24,28.85
1989-07-25,28.5
1989-07-26,27.88
1989-07-27,26.57
1989-07-28,27.74
1989-07-29,28.18
1989-07-30,28.06
1989-07-31,27.16
1989-08-01,26.93
1989-08-02,28.16
1989-08-03,28.59
1989-08-04,28.19
1989-08-05,27.58
1989-08-06,27.35
1989-08-07,28.51
1989-08-08,29.13
1989-08-09,28.29
1989-08-10,27.62
1989-08-11,27.38
1989-08-12,27.41
1989-08-13,27.33
1989-08-14,27.57
1989-08-15,27.74
1989-08-16,28.25
1989-08-17,28.64
1989-08-18,27.73
1989-08-19,28.19
1989-08-20,28.27
1989-08-21,28.7
1989-08-22,26.93
1989-08-23,26.56
1989-08-24,27.74
1989-08-25,28.61
1989-08-26,28.73
1989-08-27,29.55
1989-08-28,28.95
1989-08-29,29.14
1989-08-30,28.83
1989-08-31,28.2
1989-09-01,27.12
1989-09-02,27.88
1989-09-03,28.34
1989-09-04,29.15
1989-09-05,28.36
1989-09-06,28.29
1989-09-07,29.08
1989-09-08,28.05
1989-09-09,27.4
1989-09-10,27.42
1989-09-11,27.2
1989-09-12,26.26
1989-09-13,26.56
1989-09-14,27.78
1989-09-15,27.05
1989-09-16,27.54
1989-09-17,27.45
1989-09-18,28.12
1989-09-19,27.6
1989-09-20,27.41
1989-09-21,27.15
1989-09-22,27.39
1989-09-23,27.58
1989-09-24,27.0
1989-09-25,27.28
1989-09-26,27.52
1989-09-27,27.34
1989-09-28,27.61
1989-09-29,27.22
1989-09-30,26.98
1989-10-01,26.94
1989-10-02,26.71
1989-10-03,26.96
1989-10-04,26.8
1989-10-05,26.91
1989-10-06,26.84
1989-10-07,26.78
1989-10-08,25.97
1989-10-09,26.01
1989-10-10,25.92
1989-10-11,25.4
1989-10-12,25.09
1989-10-13,25.73
1989-10-14,26.15
1989-10-15,26.08
1989-10-16,26.08
1989-10-17,25.82
1989-10-18,25.16
1989-10-19,25.45
1989-10-20,25.49
1989-10-21,25.53
1989-10-22,25.26
1989-10-23,24.83
1989-10-24,24.89
1989-10-25,25.08
1989-10-26,24.84
1989-10-27,25.06
1989-10-28,26.23
1989-10-29,25.09
1989-10-30,24.27
1989-10-31,24.65
1989-11-01,24.45
1989-11-02,23.9
1989-11-03,23.58
1989-11-04,23.68
1989-11-05,23.39
1989-11-06,23.36
1989-11-07,23.63
1989-11-08,24.06
1989-11-09,24.12
1989-11-10,23.95
1989-11-11,24.19
1989-11-12,23.54
1989-11-13,23.54
1989-11-14,23.41
1989-11-15,23.34
1989-11-16,23.28
1989-11-17,23.3
1989-11-18,22.77
1989-11-19,22.42
1989-11-20,22.3
1989-11-21,22.19
1989-11-22,22.56
1989-11-23,21.95
1989-11-24,22.73
1989-11-25,22.78
1989-11-26,22.17
1989-11-27,21.9
1989-11-28,21.94
1989-11-29,22.17
1989-11-30,21.28
1989-12-01,21.07
1989-12-02,21.03
1989-12-03,21.06
1989-12-04,21.03
1989-12-05,20.81
1989-12-06,20.62
1989-12-07,20.26
1989-12-08,19.99
1989-12-09,20.02
1989-12-10,20.06
1989-12-11,19.75
1989-12-12,19.56
1989-12-13,18.95
1989-12-14,19.73
1989-12-15,19.23
1989-12-16,19.57
1989-12-17,19.86
1989-12-18,19.58
1989-12-19,19.7
1989-12-20,19.65
1989-12-21,19.82
1989-12-22,20.08
1989-12-23,20.11
1989-12-24,19.68
1989-12-25,19.82
1989-12-26,20.22
1989-12-27,20.19
1989-12-28,19.95
1989-12-29,19.64
1989-12-30,19.23
1989-12-31,19.59
1990-01-01,19.07
1990-01-02,19.2
1990-01-03,19.32
1990-01-04,18.89
1990-01-05,18.52
1990-01-06,18.83
1990-01-07,18.92
1990-01-08,18.53
1990-01-09,18.41
1990-01-10,18.74
1990-01-11,18.83
1990-01-12,18.68
1990-01-13,18.57
1990-01-14,17.94
1990-01-15,18.31
1990-01-16,18.25
1990-01-17,17.72
1990-01-18,18.05
1990-01-19,17.67
1990-01-20,18.36
1990-01-21,18.29
1990-01-22,17.72
1990-01-23,17.25
1990-01-24,17.07
1990-01-25,17.02
1990-01-26,17.04
1990-01-27,16.73
1990-01-28,16.99
1990-01-29,17.44
1990-01-30,16.92
1990-01-31,16.92
1990-02-01,17.11
1990-02-02,16.65
1990-02-03,17.45
1990-02-04,17.25
1990-02-05,16.86
1990-02-06,16.94
1990-02-07,16.94
1990-02-08,16.96
1990-02-09,16.97
1990-02-10,17.1
1990-02-11,17.0
1990-02-12,17.2
1990-02-13,16.75
1990-02-14,16.61
1990-02-15,16.58
1990-02-16,16.83
1990-02-17,16.61
1990-02-18,16.55
1990-02-19,16.48
1990-02-20,16.65
1990-02-21,16.88
1990-02-22,16.41
1990-02-23,16.28
1990-02-24,16.49
1990-02-25,16.6
1990-02-26,17.17
1990-02-27,17.14
1990-02-28,17.32
1990-03-01,17.19
1990-03-02,16.85
1990-03-03,16.41
1990-03-04,16.36
1990-03-05,16.49
1990-03-06,17.15
1990-03-07,17.37
1990-03-08,16.97
1990-03-09,17.51
1990-03-10,16.24
1990-03-11,16.52
1990-03-12,16.69
1990-03-13,16.64
1990-03-14,16.74
1990-03-15,16.81
1990-03-16,16.5
1990-03-17,17.28
1990-03-18,17.0
1990-03-19,16.82
1990-03-20,16.64
1990-03-21,16.57
1990-03-22,16.17
1990-03-23,16.7
1990-03-24,16.96
1990-03-25,17.57
1990-03-26,18.23
1990-03-27,17.89
1990-03-28,17.62
1990-03-29,17.0
1990-03-30,17.6
1990-03-31,18.01
1990-04-01,18.19
1990-04-02,17.98
1990-04-03,17.99
1990-04-04,18.3
1990-04-05,18.34
1990-04-06,18.68
1990-04-07,18.32
1990-04-08,18.28
1990-04-09,17.62
1990-04-10,17.5
1990-04-11,17.66
1990-04-12,18.59
1990-04-13,18.6
1990-04-14,17.94
1990-04-15,19.48
1990-04-16,19.15
1990-04-17,19.38
1990-04-18,19.22
1990-04-19,19.25
1990-04-20,18.91
1990-04-21,18.79
1990-04-22,19.05
1990-04-23,18.74
1990-04-24,19.17
1990-04-25,19.07
1990-04-26,19.66
1990-04-27,19.58
1990-04-28,20.0
1990-04-29,20.32
1990-04-30,20.22
1990-05-01,20.82
1990-05-02,20.76
1990-05-03,20.63
1990-05-04,21.24
1990-05-05,21.41
1990-05-06,21.08
1990-05-07,21.43
1990-05-08,21.95
1990-05-09,21.97
1990-05-10,22.44
1990-05-11,21.89
1990-05-12,21.25
1990-05-13,21.16
1990-05-14,21.33
1990-05-15,21.64
1990-05-16,22.18
1990-05-17,22.83
1990-05-18,22.88
1990-05-19,22.51
1990-05-20,22.62
1990-05-21,23.4
1990-05-22,22.67
1990-05-23,23.16
1990-05-24,23.37
1990-05-25,23.58
1990-05-26,23.84
1990-05-27,24.41
1990-05-28,24.91
1990-05-29,23.83
1990-05-30,22.89
1990-05-31,23.13
1990-06-01,24.9
1990-06-02,24.32
1990-06-03,24.18
1990-06-04,24.85
1990-06-05,25.29
1990-06-06,24.1
1990-06-07,23.95
1990-06-08,25.11
1990-06-09,25.16
1990-06-10,24.58
1990-06-11,23.89
1990-06-12,24.48
1990-06-13,24.29
1990-06-14,25.82
1990-06-15,24.81
1990-06-16,24.88
1990-06-17,24.51
1990-06-18,24.74
1990-06-19,24.31
1990-06-20,24.08
1990-06-21,24.86
1990-06-22,25.78
1990-06-23,26.05
1990-06-24,26.12
1990-06-25,25.71
1990-06-26,26.21
1990-06-27,26.2
1990-06-28,26.0
1990-06-29,25.6
1990-06-30,26.49
1990-07-01,26.87
1990-07-02,26.87
1990-07-03,26.81
1990-07-04,27.04
1990-07-05,27.52
1990-07-06,27.56
1990-07-07,26.76
1990-07-08,26.61
1990-07-09,27.06
1990-07-10,27.56
1990-07-11,27.82
1990-07-12,27.47
1990-07-13,28.25
1990-07-14,28.59
1990-07-15,27.64
1990-07-16,27.25
1990-07-17,27.31
1990-07-18,28.35
1990-07-19,28.3
1990-07-20,27.31
1990-07-21,27.77
1990-07-22,27.63
1990-07-23,28.77
1990-07-24,29.96
1990-07-25,28.5
1990-07-26,29.5
1990-07-27,29.37
1990-07-28,29.19
1990-07-29,28.45
1990-07-30,29.04
1990-07-31,29.19
1990-08-01,28.84
1990-08-02,29.12
1990-08-03,29.04
1990-08-04,28.57
1990-08-05,29.77
1990-08-06,28.18
1990-08-07,28.32
1990-08-08,28.93
1990-08-09,29.92
1990-08-10,29.78
1990-08-11,27.95
1990-08-12,28.11
1990-08-13,26.6
1990-08-14,27.66
1990-08-15,28.64
1990-08-16,28.63
1990-08-17,28.47
1990-08-18,28.4
1990-08-19,28.88
1990-08-20,27.37
1990-08-21,27.21
1990-08-22,27.96
1990-08-23,28.57
1990-08-24,28.87
1990-08-25,28.85
1990-08-26,28.49
1990-08-27,28.83
1990-08-28,28.89
1990-08-29,27.91
1990-08-30,28.85
1990-08-31,28.24
1990-09-01,28.02
1990-09-02,27.99
1990-09-03,27.85
1990-09-04,28.19
1990-09-05,28.3
1990-09-06,28.41
1990-09-07,27.19
1990-09-08,26.93
1990-09-09,27.59
1990-09-10,27.87
1990-09-11,27.67
1990-09-12,27.5
1990-09-13,26.99
1990-09-14,27.32
1990-09-15,26.97
1990-09-16,26.93
1990-09-17,25.96
1990-09-18,25.57
1990-09-19,25.24
1990-09-20,26.8
1990-09-21,26.5
1990-09-22,26.55
1990-09-23,25.94
1990-09-24,25.81
1990-09-25,26.12
1990-09-26,25.23
1990-09-27,25.64
1990-09-28,25.9
1990-09-29,26.64
1990-09-30,25.99
1990-10-01,27.01
1990-10-02,27.0
1990-10-03,25.8
1990-10-04,25.87
1990-10-05,25.42
1990-10-06,25.32
1990-10-07,26.2
1990-10-08,25.56
1990-10-09,25.51
1990-10-10,26.56
1990-10-11,26.82
1990-10-12,26.34
1990-10-13,26.32
1990-10-14,26.74
1990-10-15,26.36
1990-10-16,25.77
1990-10-17,25.82
1990-10-18,24.47
1990-10-19,24.92
1990-10-20,25.43
1990-10-21,25.49
1990-10-22,25.84
1990-10-23,25.89
1990-10-24,25.69
1990-10-25,25.74
1990-10-26,25.88
1990-10-27,25.66
1990-10-28,25.62
1990-10-29,25.36
1990-10-30,24.98
1990-10-31,25.06
1990-11-01,25.01
1990-11-02,24.99
1990-11-03,25.5
1990-11-04,25.03
1990-11-05,23.5
1990-11-06,23.69
1990-11-07,24.84
1990-11-08,24.82
1990-11-09,24.47
1990-11-10,24.59
1990-11-11,24.59
1990-11-12,24.61
1990-11-13,24.72
1990-11-14,23.97
1990-11-15,23.51
1990-11-16,23.75
1990-11-17,23.65
1990-11-18,24.2
1990-11-19,24.06
1990-11-20,23.48
1990-11-21,23.52
1990-11-22,23.51
1990-11-23,23.15
1990-11-24,23.09
1990-11-25,23.36
1990-11-26,23.66
1990-11-27,23.52
1990-11-28,23.31
1990-11-29,23.05
1990-11-30,23.18
1990-12-01,23.2
1990-12-02,23.03
1990-12-03,22.54
1990-12-04,22.55
1990-12-05,22.27
1990-12-06,22.44
1990-12-07,22.43
1990-12-08,22.74
1990-12-09,22.09
1990-12-10,22.33
1990-12-11,22.01
1990-12-12,21.89
1990-12-13,21.81
1990-12-14,21.37
1990-12-15,21.57
1990-12-16,20.15
1990-12-17,19.91
1990-12-18,21.28
1990-12-19,21.55
1990-12-20,21.39
1990-12-21,21.3
1990-12-22,21.23
1990-12-23,21.24
1990-12-24,20.88
1990-12-25,20.57
1990-12-26,20.39
1990-12-27,20.34
1990-12-28,20.31
1990-12-29,20.02
1990-12-30,19.82
1990-12-31,20.09
1991-01-01,20.53
1991-01-02,20.25
1991-01-03,19.81
1991-01-04,19.5
1991-01-05,19.23
1991-01-06,19.35
1991-01-07,19.56
1991-01-08,19.2
1991-01-09,19.13
1991-01-10,18.76
1991-01-11,19.58
1991-01-12,18.95
1991-01-13,18.98
1991-01-14,19.09
1991-01-15,19.23
1991-01-16,19.03
1991-01-17,18.78
1991-01-18,18.89
1991-01-19,18.86
1991-01-20,19.77
1991-01-21,19.76
1991-01-22,19.19
1991-01-23,18.87
1991-01-24,18.35
1991-01-25,18.25
1991-01-26,18.14
1991-01-27,17.87
1991-01-28,18.36
1991-01-29,17.94
1991-01-30,18.06
1991-01-31,17.97
1991-02-01,17.77
1991-02-02,17.97
1991-02-03,17.69
1991-02-04,18.07
1991-02-05,18.27
1991-02-06,17.5
1991-02-07,18.5
1991-02-08,18.22
1991-02-09,18.41
1991-02-10,18.13
1991-02-11,18.24
1991-02-12,17.37
1991-02-13,17.83
1991-02-14,17.58
1991-02-15,17.27
1991-02-16,17.58
1991-02-17,17.64
1991-02-18,18.42
1991-02-19,17.96
1991-02-20,17.91
1991-02-21,17.35
1991-02-22,17.43
1991-02-23,17.39
1991-02-24,17.39
1991-02-25,18.4
1991-02-26,17.59
1991-02-27,17.0
1991-02-28,18.89
1991-03-01,18.25
1991-03-02,18.22
1991-03-03,17.97
1991-03-04,17.77
1991-03-05,17.75
1991-03-06,17.42
1991-03-07,17.18
1991-03-08,17.42
1991-03-09,17.41
1991-03-10,17.36
1991-03-11,17.72
1991-03-12,17.79
1991-03-13,18.06
1991-03-14,17.71
1991-03-15,17.5
1991-03-16,17.51
1991-03-17,17.52
1991-03-18,17.5
1991-03-19,17.61
1991-03-20,17.74
1991-03-21,18.11
1991-03-22,18.23
1991-03-23,18.23
1991-03-24,18.26
1991-03-25,18.27
1991-03-26,18.19
1991-03-27,18.48
1991-03-28,18.66
1991-03-29,18.66
1991-03-30,19.48
1991-03-31,18.88
1991-04-01,18.98
1991-04-02,18.93
1991-04-03,19.31
1991-04-04,19.31
1991-04-05,19.44
1991-04-06,19.54
1991-04-07,19.58
1991-04-08,19.55
1991-04-09,19.35
1991-04-10,19.29
1991-04-11,18.9
1991-04-12,19.4
1991-04-13,19.51
1991-04-14,19.39
1991-04-15,18.47
1991-04-16,19.14
1991-04-17,19.52
1991-04-18,19.88
1991-04-19,19.83
1991-04-20,19.22
1991-04-21,19.87
1991-04-22,19.8
1991-04-23,19.65
1991-04-24,20.03
1991-04-25,19.87
1991-04-26,19.82
1991-04-27,19.9
1991-04-28,20.29
1991-04-29,20.32
1991-04-30,20.75
1991-05-01,20.68
1991-05-02,20.62
1991-05-03,20.69
1991-05-04,20.4
1991-05-05,20.32
1991-05-06,20.27
1991-05-07,19.85
1991-05-08,20.31
1991-05-09,21.6
1991-05-10,21.78
1991-05-11,21.45
1991-05-12,21.39
1991-05-13,22.15
1991-05-14,21.88
1991-05-15,22.01
1991-05-16,22.26
1991-05-17,22.44
1991-05-18,22.61
1991-05-19,22.38
1991-05-20,22.29
1991-05-21,22.38
1991-05-22,22.44
1991-05-23,22.47
1991-05-24,22.75
1991-05-25,22.91
1991-05-26,22.83
1991-05-27,22.89
1991-05-28,22.97
1991-05-29,22.94
1991-05-30,22.66
1991-05-31,22.83
1991-06-01,22.97
1991-06-02,23.12
1991-06-03,23.23
1991-06-04,23.32
1991-06-05,23.65
1991-06-06,23.06
1991-06-07,23.47
1991-06-08,23.56
1991-06-09,23.72
1991-06-10,24.36
1991-06-11,24.19
1991-06-12,24.4
1991-06-13,24.9
1991-06-14,25.51
1991-06-15,24.51
1991-06-16,25.4
1991-06-17,25.15
1991-06-18,25.58
1991-06-19,25.51
1991-06-20,24.84
1991-06-21,24.94
1991-06-22,25.01
1991-06-23,25.51
1991-06-24,26.26
1991-06-25,25.62
1991-06-26,26.24
1991-06-27,26.69
1991-06-28,26.5
1991-06-29,26.3
1991-06-30,25.83
1991-07-01,26.08
1991-07-02,26.04
1991-07-03,26.37
1991-07-04,25.79
1991-07-05,25.78
1991-07-06,25.58
1991-07-07,25.75
1991-07-08,25.72
1991-07-09,26.55
1991-07-10,26.37
1991-07-11,26.22
1991-07-12,27.32
1991-07-13,27.06
1991-07-14,27.0
1991-07-15,27.61
1991-07-16,26.97
1991-07-17,27.82
1991-07-18,28.11
1991-07-19,28.4
1991-07-20,27.81
1991-07-21,27.94
1991-07-22,27.75
1991-07-23,26.53
1991-07-24,27.64
1991-07-25,28.57
1991-07-26,28.5
1991-07-27,27.15
1991-07-28,27.24
1991-07-29,28.16
1991-07-30,28.43
1991-07-31,28.32
1991-08-01,27.95
1991-08-02,28.34
1991-08-03,28.15
1991-08-04,27.22
1991-08-05,28.39
1991-08-06,28.09
1991-08-07,28.55
1991-08-08,28.32
1991-08-09,27.77
1991-08-10,28.57
1991-08-11,28.64
1991-08-12,28.22
1991-08-13,27.55
1991-08-14,28.25
1991-08-15,28.81
1991-08-16,29.02
1991-08-17,29.92
1991-08-18,29.81
1991-08-19,28.91
1991-08-20,28.6
1991-08-21,27.67
1991-08-22,28.07
1991-08-23,27.94
1991-08-24,28.92
1991-08-25,29.34
1991-08-26,28.75
1991-08-27,28.75
1991-08-28,28.93
1991-08-29,28.87
1991-08-30,28.58
1991-08-31,28.16
1991-09-01,28.03
1991-09-02,28.58
1991-09-03,28.25
1991-09-04,27.79
1991-09-05,27.81
1991-09-06,27.58
1991-09-07,27.52
1991-09-08,28.3
1991-09-09,28.09
1991-09-10,27.85
1991-09-11,28.15
1991-09-12,28.04
1991-09-13,28.06
1991-09-14,27.73
1991-09-15,27.35
1991-09-16,27.08
1991-09-17,27.13
1991-09-18,27.23
1991-09-19,27.61
1991-09-20,27.87
1991-09-21,28.22
1991-09-22,27.16
1991-09-23,27.16
1991-09-24,26.14
1991-09-25,26.34
1991-09-26,27.17
1991-09-27,26.99
1991-09-28,27.08
1991-09-29,27.18
1991-09-30,27.7
1991-10-01,27.06
1991-10-02,27.2
1991-10-03,26.39
1991-10-04,25.93
1991-10-05,26.1
1991-10-06,26.45
1991-10-07,26.41
1991-10-08,26.22
1991-10-09,26.63
1991-10-10,26.38
1991-10-11,26.72
1991-10-12,26.1
1991-10-13,26.26
1991-10-14,26.43
1991-10-15,25.22
1991-10-16,25.8
1991-10-17,25.99
1991-10-18,26.2
1991-10-19,26.34
1991-10-20,26.51
1991-10-21,25.77
1991-10-22,26.35
1991-10-23,25.78
1991-10-24,25.48
1991-10-25,25.73
1991-10-26,25.79
1991-10-27,25.88
1991-10-28,25.83
1991-10-29,25.43
1991-10-30,25.48
1991-10-31,25.22
1991-11-01,25.05
1991-11-02,25.06
1991-11-03,24.94
1991-11-04,24.31
1991-11-05,24.61
1991-11-06,23.56
1991-11-07,23.97
1991-11-08,23.41
1991-11-09,24.03
1991-11-10,24.09
1991-11-11,24.16
1991-11-12,23.98
1991-11-13,23.58
1991-11-14,23.51
1991-11-15,23.49
1991-11-16,23.38
1991-11-17,23.88
1991-11-18,23.61
1991-11-19,23.56
1991-11-20,23.78
1991-11-21,23.53
1991-11-22,22.96
1991-11-23,21.77
1991-11-24,22.03
1991-11-25,22.45
1991-11-26,22.31
1991-11-27,22.77
1991-11-28,22.73
1991-11-29,22.46
1991-11-30,22.19
1991-12-01,21.25
1991-12-02,21.51
1991-12-03,20.94
1991-12-04,20.5
1991-12-05,20.14
1991-12-06,20.26
1991-12-07,19.86
1991-12-08,19.98
1991-12-09,19.78
1991-12-10,19.79
1991-12-11,19.65
1991-12-12,19.38
1991-12-13,19.13
1991-12-14,19.02
1991-12-15,18.97
1991-12-16,18.8
1991-12-17,19.03
1991-12-18,18.86
1991-12-19,18.9
1991-12-20,19.13
1991-12-21,19.0
1991-12-22,18.67
1991-12-23,18.28
1991-12-24,18.14
1991-12-25,18.01
1991-12-26,18.13
1991-12-27,16.71
1991-12-28,17.87
1991-12-29,17.39
1991-12-30,17.81
1991-12-31,17.67
1992-01-01,17.55
1992-01-02,17.34
1992-01-03,17.19
1992-01-04,17.16
1992-01-05,17.65
1992-01-06,17.65
1992-01-07,17.29
1992-01-08,17.14
1992-01-09,16.98
1992-01-10,16.94
1992-01-11,16.48
1992-01-12,16.6
1992-01-13,16.82
1992-01-14,16.97
1992-01-15,16.97
1992-01-16,16.74
1992-01-17,16.88
1992-01-18,16.86
1992-01-19,16.85
1992-01-20,16.88
1992-01-21,16.52
1992-01-22,16.49
1992-01-23,16.67
1992-01-24,16.56
1992-01-25,16.72
1992-01-26,16.58
1992-01-27,16.3
1992-01-28,16.25
1992-01-29,16.63
1992-01-30,16.63
1992-01-31,16.25
1992-02-01,15.66
1992-02-02,15.57
1992-02-03,15.9
1992-02-04,15.72
1992-02-05,15.19
1992-02-06,15.26
1992-02-07,15.41
1992-02-08,15.45
1992-02-09,15.58
1992-02-10,15.47
1992-02-11,15.22
1992-02-12,15.17
1992-02-13,15.45
1992-02-14,15.87
1992-02-15,15.7
1992-02-16,15.38
1992-02-17,14.81
1992-02-18,16.21
1992-02-19,16.1
1992-02-20,16.02
1992-02-21,15.86
1992-02-22,16.2
1992-02-23,15.96
1992-02-24,15.63
1992-02-25,15.43
1992-02-26,16.18
1992-02-27,15.77
1992-02-28,15.61
1992-02-29,15.8
1992-03-01,15.62
1992-03-02,15.12
1992-03-03,15.92
1992-03-04,16.08
1992-03-05,15.7
1992-03-06,15.42
1992-03-07,15.29
1992-03-08,15.66
1992-03-09,15.64
1992-03-10,15.33
1992-03-11,15.73
1992-03-12,15.73
1992-03-13,15.76
1992-03-14,15.81
1992-03-15,15.98
1992-03-16,16.17
1992-03-17,16.12
1992-03-18,16.03
1992-03-19,16.0
1992-03-20,15.95
1992-03-21,16.0
1992-03-22,16.14
1992-03-23,16.41
1992-03-24,16.47
1992-03-25,16.63
1992-03-26,15.9
1992-03-27,16.23
1992-03-28,16.79
1992-03-29,16.98
1992-03-30,16.42
1992-03-31,17.62
1992-04-01,17.29
1992-04-02,17.22
1992-04-03,17.54
1992-04-04,16.98
1992-04-05,17.76
1992-04-06,18.01
1992-04-07,17.96
1992-04-08,18.19
1992-04-09,18.18
1992-04-10,18.03
1992-04-11,17.83
1992-04-12,18.93
1992-04-13,19.08
1992-04-14,18.99
1992-04-15,19.62
1992-04-16,19.86
1992-04-17,18.77
1992-04-18,19.02
1992-04-19,19.01
1992-04-20,19.13
1992-04-21,19.6
1992-04-22,19.53
1992-04-23,19.3
1992-04-24,19.38
1992-04-25,19.45
1992-04-26,19.13
1992-04-27,18.73
1992-04-28,19.78
1992-04-29,19.33
1992-04-30,19.77
1992-05-01,20.32
1992-05-02,20.25
1992-05-03,20.38
1992-05-04,20.37
1992-05-05,20.43
1992-05-06,20.37
1992-05-07,20.27
1992-05-08,20.27
1992-05-09,20.75
1992-05-10,20.51
1992-05-11,20.7
1992-05-12,21.36
1992-05-13,21.44
1992-05-14,21.19
1992-05-15,21.35
1992-05-16,20.98
1992-05-17,22.22
1992-05-18,23.62
1992-05-19,22.17
1992-05-20,21.9
1992-05-21,22.26
1992-05-22,21.85
1992-05-23,22.61
1992-05-24,22.43
1992-05-25,22.57
1992-05-26,23.2
1992-05-27,23.54
1992-05-28,22.18
1992-05-29,21.9
1992-05-30,21.97
1992-05-31,23.14
1992-06-01,23.88
1992-06-02,24.02
1992-06-03,24.96
1992-06-04,24.28
1992-06-05,24.65
1992-06-06,24.54
1992-06-07,24.15
1992-06-08,23.74
1992-06-09,23.93
1992-06-10,24.29
1992-06-11,24.35
1992-06-12,24.92
1992-06-13,24.97
1992-06-14,24.32
1992-06-15,24.42
1992-06-16,24.88
1992-06-17,25.72
1992-06-18,24.29
1992-06-19,26.13
1992-06-20,26.51
1992-06-21,26.86
1992-06-22,25.82
1992-06-23,25.87
1992-06-24,25.91
1992-06-25,26.06
1992-06-26,26.27
1992-06-27,26.0
1992-06-28,26.23
1992-06-29,25.77
1992-06-30,25.53
1992-07-01,26.36
1992-07-02,25.77
1992-07-03,26.98
1992-07-04,24.84
1992-07-05,24.77
1992-07-06,26.3
1992-07-07,27.82
1992-07-08,27.06
1992-07-09,27.6
1992-07-10,27.81
1992-07-11,27.08
1992-07-12,27.77
1992-07-13,27.98
1992-07-14,27.62
1992-07-15,28.02
1992-07-16,28.8
1992-07-17,28.05
1992-07-18,27.93
1992-07-19,27.38
1992-07-20,28.09
1992-07-21,28.62
1992-07-22,29.08
1992-07-23,28.39
1992-07-24,26.81
1992-07-25,27.58
1992-07-26,27.51
1992-07-27,27.64
1992-07-28,27.62
1992-07-29,27.95
1992-07-30,27.75
1992-07-31,27.64
1992-08-01,27.19
1992-08-02,28.22
1992-08-03,27.82
1992-08-04,27.94
1992-08-05,27.76
1992-08-06,27.02
1992-08-07,28.68
1992-08-08,28.23
1992-08-09,28.85
1992-08-10,29.03
1992-08-11,27.79
1992-08-12,28.63
1992-08-13,29.09
1992-08-14,29.14
1992-08-15,28.94
1992-08-16,28.6
1992-08-17,27.97
1992-08-18,28.39
1992-08-19,28.37
1992-08-20,28.24
1992-08-21,28.27
1992-08-22,28.64
1992-08-23,28.17
1992-08-24,28.1
1992-08-25,27.97
1992-08-26,28.79
1992-08-27,27.93
1992-08-28,28.32
1992-08-29,28.57
1992-08-30,28.16
1992-08-31,29.27
1992-09-01,29.3
1992-09-02,29.23
1992-09-03,28.32
1992-09-04,29.61
1992-09-05,29.16
1992-09-06,28.42
1992-09-07,28.0
1992-09-08,27.59
1992-09-09,28.4
1992-09-10,28.14
1992-09-11,28.23
1992-09-12,27.89
1992-09-13,27.74
1992-09-14,28.46
1992-09-15,28.25
1992-09-16,27.7
1992-09-17,28.24
1992-09-18,28.4
1992-09-19,28.18
1992-09-20,27.86
1992-09-21,27.88
1992-09-22,27.65
1992-09-23,27.4
1992-09-24,27.18
1992-09-25,26.97
1992-09-26,26.94
1992-09-27,26.66
1992-09-28,26.64
1992-09-29,26.12
1992-09-30,26.25
1992-10-01,26.3
1992-10-02,25.92
1992-10-03,26.15
1992-10-04,25.91
1992-10-05,25.16
1992-10-06,25.49
1992-10-07,25.42
1992-10-08,25.91
1992-10-09,25.81
1992-10-10,25.53
1992-10-11,26.1
1992-10-12,26.23
1992-10-13,25.56
1992-10-14,25.96
1992-10-15,25.67
1992-10-16,26.0
1992-10-17,25.5
1992-10-18,25.36
1992-10-19,26.23
1992-10-20,25.8
1992-10-21,25.98
1992-10-22,25.55
1992-10-23,25.9
1992-10-24,25.8
1992-10-25,25.62
1992-10-26,25.93
1992-10-27,25.63
1992-10-28,25.51
1992-10-29,25.16
1992-10-30,25.21
1992-10-31,25.11
1992-11-01,25.13
1992-11-02,24.48
1992-11-03,24.34
1992-11-04,25.15
1992-11-05,24.15
1992-11-06,24.04
1992-11-07,24.1
1992-11-08,24.17
1992-11-09,24.03
1992-11-10,24.16
1992-11-11,24.15
1992-11-12,24.07
1992-11-13,23.94
1992-11-14,23.94
1992-11-15,23.89
1992-11-16,23.45
1992-11-17,23.39
1992-11-18,23.45
1992-11-19,22.96
1992-11-20,22.83
1992-11-21,22.61
1992-11-22,21.98
1992-11-23,22.0
1992-11-24,21.46
1992-11-25,21.45
1992-11-26,20.81
1992-11-27,20.87
1992-11-28,21.05
1992-11-29,21.5
1992-11-30,21.03
1992-12-01,21.59
1992-12-02,21.55
1992-12-03,20.74
1992-12-04,20.64
1992-12-05,20.46
1992-12-06,20.55
1992-12-07,20.96
1992-12-08,20.32
1992-12-09,20.9
1992-12-10,20.93
1992-12-11,21.17
1992-12-12,20.57
1992-12-13,19.9
1992-12-14,19.83
1992-12-15,19.02
1992-12-16,18.89
1992-12-17,19.12
1992-12-18,19.2
1992-12-19,18.71
1992-12-20,18.87
1992-12-21,18.77
1992-12-22,18.82
1992-12-23,18.78
1992-12-24,18.35
1992-12-25,18.03
1992-12-26,17.86
1992-12-27,17.71
1992-12-28,17.73
1992-12-29,17.76
1992-12-30,17.45
1992-12-31,18.13
1993-01-01,17.63
1993-01-02,17.6
1993-01-03,18.14
1993-01-04,18.14
1993-01-05,17.55
1993-01-06,17.93
1993-01-07,17.97
1993-01-08,17.31
1993-01-09,17.33
1993-01-10,16.82
1993-01-11,16.52
1993-01-12,16.23
1993-01-13,16.8
1993-01-14,17.13
1993-01-15,17.17
1993-01-16,16.95
1993-01-17,16.13
1993-01-18,16.01
1993-01-19,16.36
1993-01-20,16.34
1993-01-21,16.33
1993-01-22,16.27
1993-01-23,16.22
1993-01-24,16.31
1993-01-25,17.01
1993-01-26,16.62
1993-01-27,16.78
1993-01-28,16.47
1993-01-29,16.29
1993-01-30,16.01
1993-01-31,16.21
1993-02-01,16.34
1993-02-02,16.05
1993-02-03,16.12
1993-02-04,16.03
1993-02-05,15.94
1993-02-06,16.14
1993-02-07,15.8
1993-02-08,15.31
1993-02-09,15.42
1993-02-10,15.87
1993-02-11,15.4
1993-02-12,15.69
1993-02-13,15.45
1993-02-14,15.53
1993-02-15,15.42
1993-02-16,16.47
1993-02-17,15.82
1993-02-18,15.56
1993-02-19,15.75
1993-02-20,15.81
1993-02-21,15.87
1993-02-22,16.12
1993-02-23,16.21
1993-02-24,16.13
1993-02-25,15.29
1993-02-26,15.98
1993-02-27,15.39
1993-02-28,15.69
1993-03-01,15.45
1993-03-02,16.01
1993-03-03,15.87
1993-03-04,15.26
1993-03-05,14.2
1993-03-06,15.0
1993-03-07,15.81
1993-03-08,16.06
1993-03-09,16.3
1993-03-10,16.59
1993-03-11,16.59
1993-03-12,16.55
1993-03-13,16.37
1993-03-14,15.87
1993-03-15,15.87
1993-03-16,16.03
1993-03-17,15.88
1993-03-18,15.68
1993-03-19,16.05
1993-03-20,16.03
1993-03-21,15.63
1993-03-22,16.21
1993-03-23,15.46
1993-03-24,15.54
1993-03-25,16.41
1993-03-26,17.66
1993-03-27,17.16
1993-03-28,17.1
1993-03-29,16.49
1993-03-30,16.65
1993-03-31,16.0
1993-04-01,15.52
1993-04-02,16.48
1993-04-03,17.31
1993-04-04,18.04
1993-04-05,17.78
1993-04-06,18.04
1993-04-07,18.41
1993-04-08,17.73
1993-04-09,17.93
1993-04-10,17.73
1993-04-11,17.77
1993-04-12,18.95
1993-04-13,18.74
1993-04-14,20.06
1993-04-15,19.64
1993-04-16,19.62
1993-04-17,19.48
1993-04-18,19.35
1993-04-19,20.07
1993-04-20,20.07
1993-04-21,19.27
1993-04-22,20.59
1993-04-23,20.83
1993-04-24,19.92
1993-04-25,20.81
1993-04-26,20.2
1993-04-27,20.5
1993-04-28,21.24
1993-04-29,21.36
1993-04-30,20.52
1993-05-01,20.56
1993-05-02,20.42
1993-05-03,20.34
1993-05-04,20.93
1993-05-05,20.87
1993-05-06,20.89
1993-05-07,19.03
1993-05-08,20.52
1993-05-09,20.68
1993-05-10,20.99
1993-05-11,21.63
1993-05-12,21.62
1993-05-13,21.84
1993-05-14,21.74
1993-05-15,20.27
1993-05-16,21.83
1993-05-17,21.89
1993-05-18,21.03
1993-05-19,21.98
1993-05-20,22.06
1993-05-21,21.44
1993-05-22,21.63
1993-05-23,22.03
1993-05-24,22.13
1993-05-25,22.72
1993-05-26,22.29
1993-05-27,22.17
1993-05-28,22.17
1993-05-29,22.46
1993-05-30,23.45
1993-05-31,22.62
1993-06-01,23.35
1993-06-02,23.34
1993-06-03,24.06
1993-06-04,24.12
1993-06-05,25.13
1993-06-06,24.79
1993-06-07,24.56
1993-06-08,24.85
1993-06-09,25.14
1993-06-10,25.72
1993-06-11,25.15
1993-06-12,24.95
1993-06-13,25.26
1993-06-14,25.39
1993-06-15,25.82
1993-06-16,26.33
1993-06-17,24.82
1993-06-18,27.25
1993-06-19,27.18
1993-06-20,26.75
1993-06-21,26.89
1993-06-22,26.57
1993-06-23,26.31
1993-06-24,25.52
1993-06-25,26.25
1993-06-26,27.4
1993-06-27,27.37
1993-06-28,27.35
1993-06-29,26.51
1993-06-30,26.82
1993-07-01,27.05
1993-07-02,26.91
1993-07-03,27.01
1993-07-04,26.61
1993-07-05,28.24
1993-07-06,28.66
1993-07-07,28.47
1993-07-08,28.04
1993-07-09,26.84
1993-07-10,28.03
1993-07-11,28.41
1993-07-12,27.61
1993-07-13,28.18
1993-07-14,27.75
1993-07-15,28.2
1993-07-16,27.82
1993-07-17,27.72
1993-07-18,27.63
1993-07-19,27.43
1993-07-20,27.71
1993-07-21,28.48
1993-07-22,28.03
1993-07-23,29.86
1993-07-24,29.17
1993-07-25,28.7
1993-07-26,28.18
1993-07-27,28.23
1993-07-28,27.51
1993-07-29,27.82
1993-07-30,28.14
1993-07-31,27.85
1993-08-01,27.78
1993-08-02,28.19
1993-08-03,27.23
1993-08-04,28.25
1993-08-05,27.6
1993-08-06,28.08
1993-08-07,28.57
1993-08-08,28.73
1993-08-09,28.44
1993-08-10,28.75
1993-08-11,29.23
1993-08-12,28.91
1993-08-13,28.37
1993-08-14,27.88
1993-08-15,28.61
1993-08-16,28.49
1993-08-17,28.41
1993-08-18,28.42
1993-08-19,28.2
1993-08-20,27.88
1993-08-21,28.87
1993-08-22,28.63
1993-08-23,29.16
1993-08-24,28.16
1993-08-25,29.11
1993-08-26,28.9
1993-08-27,28.45
1993-08-28,27.82
1993-08-29,29.72
1993-08-30,30.1
1993-08-31,29.23
1993-09-01,29.0
1993-09-02,29.43
1993-09-03,28.64
1993-09-04,29.25
1993-09-05,28.54
1993-09-06,28.42
1993-09-07,28.07
1993-09-08,28.29
1993-09-09,28.6
1993-09-10,28.53
1993-09-11,28.11
1993-09-12,28.17
1993-09-13,28.66
1993-09-14,28.44
1993-09-15,28.7
1993-09-16,28.44
1993-09-17,28.33
1993-09-18,28.53
1993-09-19,27.61
1993-09-20,28.05
1993-09-21,28.76
1993-09-22,28.15
1993-09-23,28.53
1993-09-24,28.05
1993-09-25,27.73
1993-09-26,26.7
1993-09-27,27.48
1993-09-28,27.27
1993-09-29,27.05
1993-09-30,27.7
1993-10-01,25.65
1993-10-02,26.86
1993-10-03,27.72
1993-10-04,27.36
1993-10-05,27.01
1993-10-06,26.83
1993-10-07,27.2
1993-10-08,26.6
1993-10-09,26.44
1993-10-10,26.27
1993-10-11,25.75
1993-10-12,25.69
1993-10-13,26.41
1993-10-14,26.41
1993-10-15,26.07
1993-10-16,26.63
1993-10-17,26.22
1993-10-18,26.09
1993-10-19,25.98
1993-10-20,25.92
1993-10-21,25.69
1993-10-22,26.21
1993-10-23,26.31
1993-10-24,25.67
1993-10-25,25.35
1993-10-26,26.37
1993-10-27,27.07
1993-10-28,25.42
1993-10-29,26.36
1993-10-30,25.67
1993-10-31,25.41
1993-11-01,25.38
1993-11-02,25.3
1993-11-03,26.43
1993-11-04,26.08
1993-11-05,24.99
1993-11-06,24.81
1993-11-07,24.98
1993-11-08,24.62
1993-11-09,24.47
1993-11-10,24.55
1993-11-11,24.75
1993-11-12,24.48
1993-11-13,24.08
1993-11-14,23.62
1993-11-15,23.42
1993-11-16,22.99
1993-11-17,23.05
1993-11-18,23.02
1993-11-19,22.5
1993-11-20,22.7
1993-11-21,22.69
1993-11-22,23.06
1993-11-23,23.79
1993-11-24,23.15
1993-11-25,22.2
1993-11-26,22.2
1993-11-27,21.89
1993-11-28,22.6
1993-11-29,21.79
1993-11-30,21.38
1993-12-01,21.5
1993-12-02,21.48
1993-12-03,21.45
1993-12-04,21.14
1993-12-05,21.07
1993-12-06,20.86
1993-12-07,20.46
1993-12-08,20.46
1993-12-09,20.77
1993-12-10,20.95
1993-12-11,20.89
1993-12-12,20.53
1993-12-13,19.91
1993-12-14,20.01
1993-12-15,21.07
1993-12-16,21.08
1993-12-17,20.82
1993-12-18,20.82
1993-12-19,20.4
1993-12-20,19.9
1993-12-21,19.94
1993-12-22,20.54
1993-12-23,20.41
1993-12-24,20.49
1993-12-25,20.44
1993-12-26,19.59
1993-12-27,20.16
1993-12-28,20.38
1993-12-29,20.33
1993-12-30,20.67
1993-12-31,21.0
1994-01-01,21.84
1994-01-02,20.77
1994-01-03,19.85
1994-01-04,19.65
1994-01-05,19.38
1994-01-06,19.51
1994-01-07,19.45
1994-01-08,19.33
1994-01-09,19.32
1994-01-10,19.43
1994-01-11,18.95
1994-01-12,18.59
1994-01-13,18.84
1994-01-14,18.88
1994-01-15,18.66
1994-01-16,19.45
1994-01-17,19.62
1994-01-18,18.79
1994-01-19,19.28
1994-01-20,19.08
1994-01-21,17.62
1994-01-22,18.45
1994-01-23,18.68
1994-01-24,19.01
1994-01-25,18.37
1994-01-26,18.64
1994-01-27,18.38
1994-01-28,17.52
1994-01-29,17.6
1994-01-30,18.07
1994-01-31,18.03
1994-02-01,17.78
1994-02-02,17.94
1994-02-03,17.61
1994-02-04,17.47
1994-02-05,17.42
1994-02-06,17.55
1994-02-07,17.35
1994-02-08,16.91
1994-02-09,17.98
1994-02-10,17.92
1994-02-11,16.77
1994-02-12,16.64
1994-02-13,16.67
1994-02-14,16.82
1994-02-15,17.33
1994-02-16,17.12
1994-02-17,16.93
1994-02-18,17.58
1994-02-19,17.19
1994-02-20,17.64
1994-02-21,17.1
1994-02-22,16.92
1994-02-23,17.53
1994-02-24,17.65
1994-02-25,18.12
1994-02-26,17.38
1994-02-27,17.12
1994-02-28,16.9
1994-03-01,17.09
1994-03-02,16.59
1994-03-03,17.06
1994-03-04,17.34
1994-03-05,17.14
1994-03-06,17.97
1994-03-07,17.24
1994-03-08,17.73
1994-03-09,17.44
1994-03-10,17.55
1994-03-11,17.65
1994-03-12,17.78
1994-03-13,16.96
1994-03-14,17.66
1994-03-15,17.51
1994-03-16,16.97
1994-03-17,17.37
1994-03-18,17.2
1994-03-19,17.19
1994-03-20,16.78
1994-03-21,17.22
1994-03-22,17.42
1994-03-23,17.55
1994-03-24,18.42
1994-03-25,18.04
1994-03-26,17.79
1994-03-27,18.18
1994-03-28,18.17
1994-03-29,18.82
1994-03-30,18.82
1994-03-31,18.16
1994-04-01,19.04
1994-04-02,18.58
1994-04-03,18.83
1994-04-04,18.81
1994-04-05,18.96
1994-04-06,18.93
1994-04-07,18.92
1994-04-08,20.63
1994-04-09,18.92
1994-04-10,19.31
1994-04-11,18.83
1994-04-12,19.24
1994-04-13,18.83
1994-04-14,19.62
1994-04-15,20.13
1994-04-16,19.9
1994-04-17,20.68
1994-04-18,21.27
1994-04-19,20.66
1994-04-20,19.82
1994-04-21,19.81
1994-04-22,19.69
1994-04-23,20.97
1994-04-24,21.47
1994-04-25,21.96
1994-04-26,20.75
1994-04-27,20.63
1994-04-28,20.07
1994-04-29,20.91
1994-04-30,21.82
1994-05-01,21.24
1994-05-02,21.17
1994-05-03,21.97
1994-05-04,22.18
1994-05-05,21.82
1994-05-06,21.96
1994-05-07,22.1
1994-05-08,21.48
1994-05-09,22.77
1994-05-10,21.14
1994-05-11,20.84
1994-05-12,20.63
1994-05-13,22.29
1994-05-14,22.97
1994-05-15,22.57
1994-05-16,22.43
1994-05-17,22.88
1994-05-18,23.61
1994-05-19,23.14
1994-05-20,23.9
1994-05-21,23.44
1994-05-22,24.0
1994-05-23,24.11
1994-05-24,25.27
1994-05-25,25.4
1994-05-26,24.9
1994-05-27,25.2
1994-05-28,24.9
1994-05-29,25.63
1994-05-30,24.52
1994-05-31,24.53
1994-06-01,25.15
1994-06-02,25.71
1994-06-03,26.57
1994-06-04,25.26
1994-06-05,26.13
1994-06-06,25.96
1994-06-07,26.04
1994-06-08,25.43
1994-06-09,25.64
1994-06-10,26.02
1994-06-11,25.86
1994-06-12,27.25
1994-06-13,26.49
1994-06-14,26.69
1994-06-15,26.59
1994-06-16,25.8
1994-06-17,25.48
1994-06-18,25.93
1994-06-19,27.73
1994-06-20,27.62
1994-06-21,28.51
1994-06-22,27.46
1994-06-23,26.8
1994-06-24,26.91
1994-06-25,26.92
1994-06-26,26.57
1994-06-27,26.75
1994-06-28,26.74
1994-06-29,27.78
1994-06-30,28.21
1994-07-01,27.29
1994-07-02,26.78
1994-07-03,26.94
1994-07-04,27.29
1994-07-05,28.64
1994-07-06,27.46
1994-07-07,28.83
1994-07-08,29.44
1994-07-09,26.72
1994-07-10,27.13
1994-07-11,27.86
1994-07-12,27.11
1994-07-13,28.64
1994-07-14,28.51
1994-07-15,28.07
1994-07-16,27.87
1994-07-17,27.59
1994-07-18,27.49
1994-07-19,27.39
1994-07-20,27.13
1994-07-21,28.25
1994-07-22,28.06
1994-07-23,28.47
1994-07-24,28.98
1994-07-25,28.51
1994-07-26,28.03
1994-07-27,27.92
1994-07-28,28.23
1994-07-29,27.95
1994-07-30,27.66
1994-07-31,27.61
1994-08-01,27.67
1994-08-02,27.97
1994-08-03,27.84
1994-08-04,28.02
1994-08-05,27.83
1994-08-06,28.21
1994-08-07,27.8
1994-08-08,27.26
1994-08-09,27.45
1994-08-10,27.09
1994-08-11,27.15
1994-08-12,27.11
1994-08-13,27.76
1994-08-14,29.31
1994-08-15,27.73
1994-08-16,27.01
1994-08-17,28.78
1994-08-18,28.49
1994-08-19,28.09
1994-08-20,28.8
1994-08-21,28.24
1994-08-22,27.86
1994-08-23,29.47
1994-08-24,28.89
1994-08-25,29.24
1994-08-26,28.8
1994-08-27,29.52
1994-08-28,29.13
1994-08-29,30.07
1994-08-30,29.27
1994-08-31,29.08
1994-09-01,28.92
1994-09-02,28.5
1994-09-03,28.64
1994-09-04,29.49
1994-09-05,29.43
1994-09-06,28.79
1994-09-07,29.06
1994-09-08,28.09
1994-09-09,29.21
1994-09-10,29.33
1994-09-11,29.09
1994-09-12,29.15
1994-09-13,29.69
1994-09-14,28.87
1994-09-15,29.7
1994-09-16,29.94
1994-09-17,29.14
1994-09-18,29.1
1994-09-19,29.03
1994-09-20,27.99
1994-09-21,27.52
1994-09-22,27.86
1994-09-23,27.67
1994-09-24,28.7
1994-09-25,29.12
1994-09-26,29.05
1994-09-27,29.06
1994-09-28,28.8
1994-09-29,29.0
1994-09-30,29.02
1994-10-01,28.44
1994-10-02,28.83
1994-10-03,28.89
1994-10-04,28.61
1994-10-05,28.08
1994-10-06,28.34
1994-10-07,28.44
1994-10-08,28.22
1994-10-09,28.19
1994-10-10,28.13
1994-10-11,28.03
1994-10-12,28.02
1994-10-13,28.08
1994-10-14,27.78
1994-10-15,27.43
1994-10-16,27.93
1994-10-17,27.72
1994-10-18,27.82
1994-10-19,27.76
1994-10-20,27.46
1994-10-21,27.03
1994-10-22,27.05
1994-10-23,27.52
1994-10-24,27.71
1994-10-25,27.48
1994-10-26,26.99
1994-10-27,27.49
1994-10-28,27.3
1994-10-29,27.08
1994-10-30,25.98
1994-10-31,26.39
1994-11-01,26.14
1994-11-02,26.1
1994-11-03,26.12
1994-11-04,25.93
1994-11-05,25.72
1994-11-06,25.52
1994-11-07,24.83
1994-11-08,24.76
1994-11-09,24.62
1994-11-10,24.8
1994-11-11,25.09
1994-11-12,24.88
1994-11-13,25.0
1994-11-14,24.84
1994-11-15,23.82
1994-11-16,23.69
1994-11-17,23.62
1994-11-18,24.39
1994-11-19,22.78
1994-11-20,22.65
1994-11-21,22.61
1994-11-22,22.69
1994-11-23,22.77
1994-11-24,21.2
1994-11-25,21.23
1994-11-26,21.7
1994-11-27,21.64
1994-11-28,21.17
1994-11-29,21.06
1994-11-30,20.91
1994-12-01,21.18
1994-12-02,21.17
1994-12-03,21.08
1994-12-04,20.18
1994-12-05,19.91
1994-12-06,19.96
1994-12-07,19.81
1994-12-08,19.51
1994-12-09,19.42
1994-12-10,19.74
1994-12-11,20.34
1994-12-12,18.52
1994-12-13,19.83
1994-12-14,20.05
1994-12-15,19.56
1994-12-16,18.99
1994-12-17,19.0
1994-12-18,18.87
1994-12-19,18.89
1994-12-20,18.41
1994-12-21,18.26
1994-12-22,18.19
1994-12-23,18.14
1994-12-24,18.84
1994-12-25,18.59
1994-12-26,18.25
1994-12-27,17.88
1994-12-28,18.1
1994-12-29,18.25
1994-12-30,18.37
1994-12-31,18.28
1995-01-01,17.82
1995-01-02,17.87
1995-01-03,18.75
1995-01-04,18.95
1995-01-05,18.22
1995-01-06,18.24
1995-01-07,18.49
1995-01-08,18.64
1995-01-09,18.25
1995-01-10,18.33
1995-01-11,18.23
1995-01-12,18.25
1995-01-13,18.11
1995-01-14,17.79
1995-01-15,17.49
1995-01-16,17.23
1995-01-17,17.75
1995-01-18,17.08
1995-01-19,17.38
1995-01-20,16.94
1995-01-21,16.9
1995-01-22,17.12
1995-01-23,17.47
1995-01-24,16.6
1995-01-25,16.9
1995-01-26,17.14
1995-01-27,16.98
1995-01-28,17.28
1995-01-29,17.04
1995-01-30,17.4
1995-01-31,17.61
1995-02-01,17.31
1995-02-02,17.61
1995-02-03,17.68
1995-02-04,17.6
1995-02-05,17.54
1995-02-06,17.15
1995-02-07,16.27
1995-02-08,16.18
1995-02-09,16.95
1995-02-10,16.71
1995-02-11,15.98
1995-02-12,16.18
1995-02-13,16.68
1995-02-14,16.79
1995-02-15,16.98
1995-02-16,17.36
1995-02-17,17.2
1995-02-18,17.42
1995-02-19,16.43
1995-02-20,17.09
1995-02-21,17.25
1995-02-22,17.44
1995-02-23,17.81
1995-02-24,17.88
1995-02-25,17.14
1995-02-26,17.58
1995-02-27,17.68
1995-02-28,17.02
1995-03-01,17.28
1995-03-02,17.39
1995-03-03,17.86
1995-03-04,18.47
1995-03-05,18.69
1995-03-06,18.29
1995-03-07,18.43
1995-03-08,18.52
1995-03-09,18.18
1995-03-10,18.31
1995-03-11,17.95
1995-03-12,18.48
1995-03-13,18.39
1995-03-14,18.12
1995-03-15,18.17
1995-03-16,18.81
1995-03-17,18.35
1995-03-18,19.09
1995-03-19,19.07
1995-03-20,18.47
1995-03-21,18.37
1995-03-22,18.34
1995-03-23,19.0
1995-03-24,19.05
1995-03-25,18.63
1995-03-26,18.14
1995-03-27,18.74
1995-03-28,18.17
1995-03-29,17.73
1995-03-30,18.4
1995-03-31,18.51
1995-04-01,18.4
1995-04-02,18.42
1995-04-03,18.39
1995-04-04,18.28
1995-04-05,18.44
1995-04-06,18.52
1995-04-07,18.68
1995-04-08,18.78
1995-04-09,18.4
1995-04-10,18.77
1995-04-11,18.64
1995-04-12,18.6
1995-04-13,18.05
1995-04-14,18.64
1995-04-15,18.62
1995-04-16,18.98
1995-04-17,19.13
1995-04-18,19.52
1995-04-19,19.86
1995-04-20,19.06
1995-04-21,19.35
1995-04-22,19.5
1995-04-23,19.92
1995-04-24,19.86
1995-04-25,20.22
1995-04-26,19.64
1995-04-27,19.84
1995-04-28,19.8
1995-04-29,19.69
1995-04-30,19.3
1995-05-01,20.47
1995-05-02,21.15
1995-05-03,20.79
1995-05-04,20.86
1995-05-05,21.11
1995-05-06,20.46
1995-05-07,20.58
1995-05-08,21.18
1995-05-09,20.69
1995-05-10,21.3
1995-05-11,22.33
1995-05-12,21.49
1995-05-13,21.91
1995-05-14,22.0
1995-05-15,23.12
1995-05-16,22.47
1995-05-17,23.16
1995-05-18,23.24
1995-05-19,22.9
1995-05-20,23.19
1995-05-21,22.35
1995-05-22,23.64
1995-05-23,23.98
1995-05-24,23.78
1995-05-25,23.6
1995-05-26,21.81
1995-05-27,23.56
1995-05-28,24.54
1995-05-29,24.87
1995-05-30,24.34
1995-05-31,24.42
1995-06-01,24.87
1995-06-02,26.37
1995-06-03,25.24
1995-06-04,23.99
1995-06-05,25.02
1995-06-06,26.36
1995-06-07,25.3
1995-06-08,25.29
1995-06-09,25.01
1995-06-10,24.78
1995-06-11,26.11
1995-06-12,25.57
1995-06-13,24.93
1995-06-14,25.16
1995-06-15,26.36
1995-06-16,26.4
1995-06-17,25.5
1995-06-18,25.45
1995-06-19,26.9
1995-06-20,27.26
1995-06-21,27.41
1995-06-22,26.33
1995-06-23,27.12
1995-06-24,27.95
1995-06-25,27.44
1995-06-26,27.44
1995-06-27,27.54
1995-06-28,27.84
1995-06-29,28.01
1995-06-30,27.92
1995-07-01,27.88
1995-07-02,28.24
1995-07-03,28.2
1995-07-04,29.69
1995-07-05,28.07
1995-07-06,28.78
1995-07-07,28.52
1995-07-08,28.9
1995-07-09,28.67
1995-07-10,28.47
1995-07-11,27.62
1995-07-12,28.4
1995-07-13,28.34
1995-07-14,27.47
1995-07-15,27.19
1995-07-16,29.17
1995-07-17,28.13
1995-07-18,27.28
1995-07-19,27.48
1995-07-20,27.04
1995-07-21,27.51
1995-07-22,29.03
1995-07-23,28.31
1995-07-24,27.67
1995-07-25,27.27
1995-07-26,28.04
1995-07-27,29.57
1995-07-28,29.18
1995-07-29,28.76
1995-07-30,28.0
1995-07-31,28.96
1995-08-01,28.74
1995-08-02,28.42
1995-08-03,28.7
1995-08-04,29.53
1995-08-05,29.43
1995-08-06,29.03
1995-08-07,29.33
1995-08-08,28.49
1995-08-09,29.43
1995-08-10,29.31
1995-08-11,29.07
1995-08-12,28.79
1995-08-13,28.13
1995-08-14,29.42
1995-08-15,29.41
1995-08-16,28.77
1995-08-17,29.76
1995-08-18,28.44
1995-08-19,29.78
1995-08-20,30.02
1995-08-21,29.18
1995-08-22,30.06
1995-08-23,29.81
1995-08-24,29.1
1995-08-25,28.48
1995-08-26,28.96
1995-08-27,29.15
1995-08-28,28.56
1995-08-29,29.21
1995-08-30,29.33
1995-08-31,29.66
1995-09-01,29.17
1995-09-02,29.15
1995-09-03,28.92
1995-09-04,28.4
1995-09-05,28.45
1995-09-06,28.84
1995-09-07,28.19
1995-09-08,28.06
1995-09-09,28.37
1995-09-10,28.66
1995-09-11,28.63
1995-09-12,27.95
1995-09-13,28.1
1995-09-14,27.45
1995-09-15,27.45
1995-09-16,27.72
1995-09-17,28.15
1995-09-18,28.46
1995-09-19,28.57
1995-09-20,28.53
1995-09-21,28.28
1995-09-22,28.19
1995-09-23,28.25
1995-09-24,28.05
1995-09-25,27.94
1995-09-26,28.95
1995-09-27,27.84
1995-09-28,27.95
1995-09-29,27.2
1995-09-30,27.82
1995-10-01,27.8
1995-10-02,27.26
1995-10-03,27.15
1995-10-04,26.99
1995-10-05,27.09
1995-10-06,26.41
1995-10-07,26.72
1995-10-08,26.6
1995-10-09,26.87
1995-10-10,26.49
1995-10-11,25.92
1995-10-12,26.5
1995-10-13,26.3
1995-10-14,25.82
1995-10-15,26.03
1995-10-16,26.06
1995-10-17,25.86
1995-10-18,25.72
1995-10-19,25.69
1995-10-20,25.78
1995-10-21,26.04
1995-10-22,26.0
1995-10-23,25.48
1995-10-24,25.64
1995-10-25,25.0
1995-10-26,25.57
1995-10-27,24.81
1995-10-28,24.61
1995-10-29,24.97
1995-10-30,24.62
1995-10-31,24.57
1995-11-01,24.39
1995-11-02,24.04
1995-11-03,23.93
1995-11-04,24.27
1995-11-05,24.2
1995-11-06,24.08
1995-11-07,23.42
1995-11-08,23.33
1995-11-09,23.02
1995-11-10,22.39
1995-11-11,22.43
1995-11-12,22.53
1995-11-13,22.19
1995-11-14,22.64
1995-11-15,22.48
1995-11-16,22.19
1995-11-17,22.36
1995-11-18,22.27
1995-11-19,22.41
1995-11-20,22.31
1995-11-21,22.05
1995-11-22,22.52
1995-11-23,21.54
1995-11-24,20.71
1995-11-25,20.47
1995-11-26,20.66
1995-11-27,21.07
1995-11-28,20.38
1995-11-29,20.75
1995-11-30,20.5
1995-12-01,20.69
1995-12-02,20.17
1995-12-03,19.17
1995-12-04,19.51
1995-12-05,20.2
1995-12-06,20.06
1995-12-07,20.22
1995-12-08,20.04
1995-12-09,20.18
1995-12-10,19.39
1995-12-11,19.56
1995-12-12,19.82
1995-12-13,20.09
1995-12-14,19.86
1995-12-15,18.62
1995-12-16,19.16
1995-12-17,19.11
1995-12-18,18.99
1995-12-19,18.78
1995-12-20,18.53
1995-12-21,18.51
1995-12-22,18.51
1995-12-23,18.16
1995-12-24,19.01
1995-12-25,18.78
1995-12-26,18.96
1995-12-27,18.62
1995-12-28,18.6
1995-12-29,18.69
1995-12-30,18.63
1995-12-31,18.36
1996-01-01,17.94
1996-01-02,17.89
1996-01-03,17.7
1996-01-04,17.81
1996-01-05,17.92
1996-01-06,17.81
1996-01-07,17.63
1996-01-08,17.6
1996-01-09,17.72
1996-01-10,17.68
1996-01-11,18.1
1996-01-12,17.67
1996-01-13,18.06
1996-01-14,17.77
1996-01-15,17.69
1996-01-16,17.65
1996-01-17,17.33
1996-01-18,17.29
1996-01-19,17.28
1996-01-20,17.28
1996-01-21,17.0
1996-01-22,17.31
1996-01-23,16.52
1996-01-24,17.23
1996-01-25,17.15
1996-01-26,17.71
1996-01-27,16.6
1996-01-28,17.01
1996-01-29,17.38
1996-01-30,17.36
1996-01-31,17.45
1996-02-01,17.29
1996-02-02,17.46
1996-02-03,17.42
1996-02-04,17.48
1996-02-05,17.44
1996-02-06,17.48
1996-02-07,17.49
1996-02-08,17.55
1996-02-09,17.49
1996-02-10,16.18
1996-02-11,16.91
1996-02-12,17.0
1996-02-13,17.35
1996-02-14,17.05
1996-02-15,16.69
1996-02-16,16.59
1996-02-17,16.58
1996-02-18,16.56
1996-02-19,16.55
1996-02-20,17.05
1996-02-21,17.15
1996-02-22,16.89
1996-02-23,16.73
1996-02-24,17.54
1996-02-25,17.14
1996-02-26,17.2
1996-02-27,17.15
1996-02-28,16.83
1996-02-29,16.51
1996-03-01,16.71
1996-03-02,17.03
1996-03-03,17.46
1996-03-04,17.03
1996-03-05,17.69
1996-03-06,17.63
1996-03-07,17.22
1996-03-08,17.03
1996-03-09,16.88
1996-03-10,15.98
1996-03-11,16.66
1996-03-12,17.03
1996-03-13,17.4
1996-03-14,16.21
1996-03-15,15.71
1996-03-16,16.24
1996-03-17,17.06
1996-03-18,17.74
1996-03-19,17.68
1996-03-20,17.1
1996-03-21,17.25
1996-03-22,17.73
1996-03-23,17.16
1996-03-24,17.41
1996-03-25,17.53
1996-03-26,17.54
1996-03-27,17.53
1996-03-28,17.06
1996-03-29,17.35
1996-03-30,17.79
1996-03-31,17.57
1996-04-01,17.22
1996-04-02,17.67
1996-04-03,17.73
1996-04-04,17.97
1996-04-05,18.01
1996-04-06,19.01
1996-04-07,18.07
1996-04-08,18.23
1996-04-09,19.01
1996-04-10,18.19
1996-04-11,18.17
1996-04-12,19.02
1996-04-13,19.19
1996-04-14,19.23
1996-04-15,18.92
1996-04-16,18.61
1996-04-17,18.63
1996-04-18,19.46
1996-04-19,19.45
1996-04-20,18.71
1996-04-21,17.88
1996-04-22,19.05
1996-04-23,19.35
1996-04-24,19.55
1996-04-25,19.03
1996-04-26,18.92
1996-04-27,19.37
1996-04-28,19.36
1996-04-29,19.37
1996-04-30,19.36
1996-05-01,19.43
1996-05-02,19.41
1996-05-03,19.61
1996-05-04,20.1
1996-05-05,20.46
1996-05-06,21.83
1996-05-07,21.78
1996-05-08,22.59
1996-05-09,22.34
1996-05-10,22.27
1996-05-11,22.3
1996-05-12,21.55
1996-05-13,22.87
1996-05-14,22.94
1996-05-15,22.4
1996-05-16,22.18
1996-05-17,23.69
1996-05-18,23.71
1996-05-19,23.65
1996-05-20,23.47
1996-05-21,23.45
1996-05-22,23.95
1996-05-23,23.69
1996-05-24,24.19
1996-05-25,23.34
1996-05-26,23.48
1996-05-27,23.52
1996-05-28,23.21
1996-05-29,23.8
1996-05-30,23.84
1996-05-31,24.07
1996-06-01,24.04
1996-06-02,24.82
1996-06-03,25.23
1996-06-04,25.47
1996-06-05,25.16
1996-06-06,24.4
1996-06-07,25.47
1996-06-08,25.38
1996-06-09,24.99
1996-06-10,25.37
1996-06-11,25.04
1996-06-12,25.31
1996-06-13,25.58
1996-06-14,25.58
1996-06-15,25.27
1996-06-16,25.32
1996-06-17,25.39
1996-06-18,25.68
1996-06-19,25.74
1996-06-20,26.06
1996-06-21,26.53
1996-06-22,26.42
1996-06-23,26.35
1996-06-24,25.69
1996-06-25,25.9
1996-06-26,26.72
1996-06-27,27.06
1996-06-28,27.25
1996-06-29,26.29
1996-06-30,27.01
1996-07-01,27.02
1996-07-02,26.83
1996-07-03,27.25
1996-07-04,28.29
1996-07-05,28.34
1996-07-06,27.7
1996-07-07,27.87
1996-07-08,27.7
1996-07-09,27.61
1996-07-10,28.16
1996-07-11,28.07
1996-07-12,26.96
1996-07-13,26.97
1996-07-14,27.23
1996-07-15,27.19
1996-07-16,27.15
1996-07-17,27.26
1996-07-18,27.19
1996-07-19,27.8
1996-07-20,27.88
1996-07-21,26.72
1996-07-22,27.31
1996-07-23,27.23
1996-07-24,26.33
1996-07-25,26.9
1996-07-26,27.29
1996-07-27,27.59
1996-07-28,27.57
1996-07-29,28.69
1996-07-30,28.38
1996-07-31,28.45
1996-08-01,29.1
1996-08-02,29.33
1996-08-03,28.04
1996-08-04,27.99
1996-08-05,28.51
1996-08-06,28.78
1996-08-07,29.13
1996-08-08,29.39
1996-08-09,29.56
1996-08-10,28.07
1996-08-11,27.82
1996-08-12,28.77
1996-08-13,28.79
1996-08-14,28.8
1996-08-15,29.55
1996-08-16,28.52
1996-08-17,28.98
1996-08-18,28.68
1996-08-19,28.62
1996-08-20,28.34
1996-08-21,28.84
1996-08-22,28.41
1996-08-23,29.05
1996-08-24,29.19
1996-08-25,28.9
1996-08-26,28.75
1996-08-27,29.26
1996-08-28,28.46
1996-08-29,28.44
1996-08-30,29.38
1996-08-31,28.81
1996-09-01,28.6
1996-09-02,29.27
1996-09-03,28.78
1996-09-04,29.07
1996-09-05,29.28
1996-09-06,28.11
1996-09-07,28.55
1996-09-08,29.01
1996-09-09,30.42
1996-09-10,29.09
1996-09-11,28.78
1996-09-12,28.79
1996-09-13,28.15
1996-09-14,28.15
1996-09-15,28.62
1996-09-16,28.6
1996-09-17,28.66
1996-09-18,28.31
1996-09-19,27.91
1996-09-20,28.05
1996-09-21,28.25
1996-09-22,27.71
1996-09-23,28.29
1996-09-24,27.36
1996-09-25,27.83
1996-09-26,26.03
1996-09-27,27.12
1996-09-28,27.24
1996-09-29,27.4
1996-09-30,27.18
1996-10-01,27.09
1996-10-02,27.0
1996-10-03,26.76
1996-10-04,26.64
1996-10-05,26.87
1996-10-06,26.53
1996-10-07,26.5
1996-10-08,26.74
1996-10-09,26.9
1996-10-10,26.66
1996-10-11,26.43
1996-10-12,26.16
1996-10-13,25.87
1996-10-14,26.58
1996-10-15,25.56
1996-10-16,26.02
1996-10-17,25.86
1996-10-18,25.71
1996-10-19,25.8
1996-10-20,25.66
1996-10-21,25.41
1996-10-22,25.07
1996-10-23,25.47
1996-10-24,25.55
1996-10-25,25.6
1996-10-26,25.2
1996-10-27,25.41
1996-10-28,25.0
1996-10-29,24.29
1996-10-30,24.24
1996-10-31,24.45
1996-11-01,23.6
1996-11-02,24.46
1996-11-03,23.78
1996-11-04,23.81
1996-11-05,23.72
1996-11-06,23.51
1996-11-07,23.12
1996-11-08,23.41
1996-11-09,23.44
1996-11-10,23.73
1996-11-11,23.37
1996-11-12,23.07
1996-11-13,22.96
1996-11-14,23.22
1996-11-15,22.74
1996-11-16,22.07
1996-11-17,22.93
1996-11-18,22.58
1996-11-19,22.58
1996-11-20,22.21
1996-11-21,22.2
1996-11-22,21.53
1996-11-23,21.7
1996-11-24,22.21
1996-11-25,22.2
1996-11-26,22.19
1996-11-27,22.13
1996-11-28,22.47
1996-11-29,22.01
1996-11-30,22.23
1996-12-01,22.44
1996-12-02,21.9
1996-12-03,21.61
1996-12-04,21.43
1996-12-05,21.01
1996-12-06,21.34
1996-12-07,21.39
1996-12-08,20.95
1996-12-09,20.92
1996-12-10,20.98
1996-12-11,21.12
1996-12-12,20.82
1996-12-13,20.71
1996-12-14,20.78
1996-12-15,20.75
1996-12-16,20.6
1996-12-17,20.58
1996-12-18,20.69
1996-12-19,20.4
1996-12-20,20.42
1996-12-21,20.53
1996-12-22,20.08
1996-12-23,20.41
1996-12-24,19.68
1996-12-25,19.74
1996-12-26,19.92
1996-12-27,19.55
1996-12-28,19.97
1996-12-29,19.11
1996-12-30,19.43
1996-12-31,19.86
1997-01-01,19.57
1997-01-02,18.99
1997-01-03,19.1
1997-01-04,19.39
1997-01-05,19.43
1997-01-06,18.82
1997-01-07,19.37
1997-01-08,19.2
1997-01-09,19.56
1997-01-10,19.43
1997-01-11,19.13
1997-01-12,19.0
1997-01-13,19.56
1997-01-14,19.22
1997-01-15,19.14
1997-01-16,18.79
1997-01-17,18.73
1997-01-18,18.91
1997-01-19,18.93
1997-01-20,18.79
1997-01-21,19.11
1997-01-22,18.77
1997-01-23,18.43
1997-01-24,18.04
1997-01-25,18.43
1997-01-26,18.72
1997-01-27,18.73
1997-01-28,18.52
1997-01-29,18.33
1997-01-30,18.46
1997-01-31,18.33
1997-02-01,18.13
1997-02-02,17.94
1997-02-03,18.2
1997-02-04,18.19
1997-02-05,17.29
1997-02-06,17.12
1997-02-07,17.34
1997-02-08,17.18
1997-02-09,17.83
1997-02-10,17.94
1997-02-11,17.76
1997-02-12,18.0
1997-02-13,17.8
1997-02-14,17.61
1997-02-15,17.93
1997-02-16,17.83
1997-02-17,18.17
1997-02-18,17.82
1997-02-19,18.32
1997-02-20,17.51
1997-02-21,17.09
1997-02-22,17.11
1997-02-23,17.61
1997-02-24,16.69
1997-02-25,17.18
1997-02-26,17.09
1997-02-27,16.97
1997-02-28,17.14
1997-03-01,16.77
1997-03-02,16.85
1997-03-03,16.89
1997-03-04,17.16
1997-03-05,17.03
1997-03-06,17.42
1997-03-07,17.53
1997-03-08,17.43
1997-03-09,16.96
1997-03-10,17.25
1997-03-11,16.83
1997-03-12,16.64
1997-03-13,17.36
1997-03-14,17.42
1997-03-15,16.91
1997-03-16,17.18
1997-03-17,17.82
1997-03-18,17.43
1997-03-19,17.33
1997-03-20,17.13
1997-03-21,16.63
1997-03-22,16.75
1997-03-23,16.94
1997-03-24,16.7
1997-03-25,16.68
1997-03-26,17.32
1997-03-27,16.89
1997-03-28,16.99
1997-03-29,17.72
1997-03-30,17.17
1997-03-31,17.04
1997-04-01,17.14
1997-04-02,17.58
1997-04-03,17.28
1997-04-04,16.64
1997-04-05,16.34
1997-04-06,18.58
1997-04-07,18.74
1997-04-08,18.06
1997-04-09,17.92
1997-04-10,17.61
1997-04-11,17.62
1997-04-12,16.95
1997-04-13,17.07
1997-04-14,17.32
1997-04-15,17.39
1997-04-16,17.31
1997-04-17,18.06
1997-04-18,17.81
1997-04-19,17.84
1997-04-20,17.66
1997-04-21,17.83
1997-04-22,17.97
1997-04-23,17.71
1997-04-24,17.81
1997-04-25,17.91
1997-04-26,19.01
1997-04-27,19.31
1997-04-28,19.26
1997-04-29,19.29
1997-04-30,19.26
1997-05-01,19.83
1997-05-02,19.56
1997-05-03,19.64
1997-05-04,19.72
1997-05-05,19.74
1997-05-06,19.71
1997-05-07,20.09
1997-05-08,20.39
1997-05-09,20.49
1997-05-10,20.79
1997-05-11,20.57
1997-05-12,20.65
1997-05-13,21.15
1997-05-14,21.74
1997-05-15,21.97
1997-05-16,21.91
1997-05-17,22.83
1997-05-18,23.1
1997-05-19,22.59
1997-05-20,21.73
1997-05-21,22.35
1997-05-22,22.31
1997-05-23,23.07
1997-05-24,23.28
1997-05-25,23.18
1997-05-26,23.44
1997-05-27,23.46
1997-05-28,23.83
1997-05-29,23.88
1997-05-30,23.73
1997-05-31,24.09
1997-06-01,24.13
1997-06-02,24.48
1997-06-03,24.97
1997-06-04,24.4
1997-06-05,24.57
1997-06-06,25.13
1997-06-07,24.31
1997-06-08,23.72
1997-06-09,24.76
1997-06-10,25.74
1997-06-11,25.43
1997-06-12,25.83
1997-06-13,24.75
1997-06-14,24.64
1997-06-15,24.84
1997-06-16,25.98
1997-06-17,26.12
1997-06-18,26.76
1997-06-19,26.79
1997-06-20,25.88
1997-06-21,26.55
1997-06-22,26.58
1997-06-23,25.85
1997-06-24,26.96
1997-06-25,27.41
1997-06-26,27.36
1997-06-27,27.0
1997-06-28,26.81
1997-06-29,26.09
1997-06-30,26.85
1997-07-01,26.59
1997-07-02,26.12
1997-07-03,26.71
1997-07-04,26.4
1997-07-05,26.9
1997-07-06,27.26
1997-07-07,27.77
1997-07-08,27.45
1997-07-09,27.42
1997-07-10,27.72
1997-07-11,27.68
1997-07-12,27.06
1997-07-13,26.83
1997-07-14,29.0
1997-07-15,28.62
1997-07-16,27.2
1997-07-17,27.93
1997-07-18,28.2
1997-07-19,27.69
1997-07-20,28.92
1997-07-21,27.84
1997-07-22,27.92
1997-07-23,27.5
1997-07-24,27.8
1997-07-25,27.29
1997-07-26,27.78
1997-07-27,28.54
1997-07-28,28.29
1997-07-29,27.64
1997-07-30,28.11
1997-07-31,27.98
1997-08-01,28.57
1997-08-02,28.74
1997-08-03,28.17
1997-08-04,27.62
1997-08-05,28.66
1997-08-06,28.63
1997-08-07,27.72
1997-08-08,28.0
1997-08-09,28.56
1997-08-10,27.77
1997-08-11,28.64
1997-08-12,28.72
1997-08-13,27.88
1997-08-14,27.6
1997-08-15,28.97
1997-08-16,28.68
1997-08-17,28.35
1997-08-18,28.66
1997-08-19,28.09
1997-08-20,28.2
1997-08-21,28.69
1997-08-22,28.52
1997-08-23,28.36
1997-08-24,28.61
1997-08-25,27.52
1997-08-26,27.79
1997-08-27,27.07
1997-08-28,28.37
1997-08-29,27.67
1997-08-30,27.98
1997-08-31,28.39
1997-09-01,28.63
1997-09-02,28.69
1997-09-03,28.48
1997-09-04,28.17
1997-09-05,27.49
1997-09-06,28.08
1997-09-07,28.5
1997-09-08,28.23
1997-09-09,27.66
1997-09-10,27.25
1997-09-11,26.76
1997-09-12,28.23
1997-09-13,27.79
1997-09-14,28.09
1997-09-15,28.01
1997-09-16,27.86
1997-09-17,27.84
1997-09-18,26.97
1997-09-19,27.78
1997-09-20,27.48
1997-09-21,27.32
1997-09-22,27.4
1997-09-23,26.68
1997-09-24,26.78
1997-09-25,27.05
1997-09-26,27.02
1997-09-27,26.5
1997-09-28,26.6
1997-09-29,26.56
1997-09-30,26.24
1997-10-01,26.14
1997-10-02,26.07
1997-10-03,25.87
1997-10-04,26.11
1997-10-05,26.0
1997-10-06,25.8
1997-10-07,25.91
1997-10-08,25.59
1997-10-09,25.14
1997-10-10,24.68
1997-10-11,25.38
1997-10-12,25.6
1997-10-13,25.51
1997-10-14,25.74
1997-10-15,25.78
1997-10-16,25.41
1997-10-17,25.58
1997-10-18,25.61
1997-10-19,25.31
1997-10-20,25.6
1997-10-21,25.19
1997-10-22,25.29
1997-10-23,25.78
1997-10-24,24.84
1997-10-25,24.81
1997-10-26,24.78
1997-10-27,24.69
1997-10-28,24.59
1997-10-29,24.2
1997-10-30,24.39
1997-10-31,23.93
1997-11-01,24.79
1997-11-02,24.06
1997-11-03,23.89
1997-11-04,23.46
1997-11-05,23.75
1997-11-06,23.79
1997-11-07,23.54
1997-11-08,23.41
1997-11-09,23.75
1997-11-10,23.94
1997-11-11,23.52
1997-11-12,23.5
1997-11-13,23.14
1997-11-14,23.36
1997-11-15,23.27
1997-11-16,23.17
1997-11-17,22.89
1997-11-18,23.42
1997-11-19,23.09
1997-11-20,22.78
1997-11-21,22.68
1997-11-22,22.16
1997-11-23,22.59
1997-11-24,22.66
1997-11-25,22.43
1997-11-26,22.16
1997-11-27,22.34
1997-11-28,22.11
1997-11-29,21.46
1997-11-30,21.39
1997-12-01,21.99
1997-12-02,21.91
1997-12-03,21.58
1997-12-04,21.16
1997-12-05,21.35
1997-12-06,21.11
1997-12-07,21.34
1997-12-08,20.55
1997-12-09,20.05
1997-12-10,20.1
1997-12-11,20.42
1997-12-12,20.21
1997-12-13,20.19
1997-12-14,20.05
1997-12-15,20.25
1997-12-16,19.75
1997-12-17,19.82
1997-12-18,19.87
1997-12-19,19.59
1997-12-20,19.77
1997-12-21,19.8
1997-12-22,19.7
1997-12-23,20.1
1997-12-24,20.03
1997-12-25,18.97
1997-12-26,19.73
1997-12-27,19.2
1997-12-28,19.26
1997-12-29,19.08
1997-12-30,19.02
1997-12-31,18.88
1998-01-01,18.67
1998-01-02,18.42
1998-01-03,17.33
1998-01-04,17.37
1998-01-05,18.59
1998-01-06,18.56
1998-01-07,18.26
1998-01-08,18.2
1998-01-09,18.09
1998-01-10,18.41
1998-01-11,18.32
1998-01-12,18.09
1998-01-13,17.44
1998-01-14,18.58
1998-01-15,18.14
1998-01-16,18.25
1998-01-17,18.05
1998-01-18,18.09
1998-01-19,18.21
1998-01-20,17.99
1998-01-21,17.84
1998-01-22,17.96
1998-01-23,18.28
1998-01-24,17.64
1998-01-25,17.84
1998-01-26,17.6
1998-01-27,17.37
1998-01-28,17.0
1998-01-29,17.41
1998-01-30,16.91
1998-01-31,17.27
1998-02-01,17.8
1998-02-02,17.7
1998-02-03,17.62
1998-02-04,17.2
1998-02-05,17.56
1998-02-06,17.62
1998-02-07,17.89
1998-02-08,17.87
1998-02-09,17.59
1998-02-10,17.93
1998-02-11,17.31
1998-02-12,17.23
1998-02-13,17.45
1998-02-14,17.2
1998-02-15,17.03
1998-02-16,17.93
1998-02-17,17.89
1998-02-18,17.18
1998-02-19,17.26
1998-02-20,17.25
1998-02-21,17.39
1998-02-22,17.24
1998-02-23,17.13
1998-02-24,17.12
1998-02-25,17.21
1998-02-26,17.69
1998-02-27,17.62
1998-02-28,17.52
1998-03-01,17.46
1998-03-02,17.64
1998-03-03,17.47
1998-03-04,17.06
1998-03-05,17.38
1998-03-06,17.48
1998-03-07,16.68
1998-03-08,16.91
1998-03-09,17.64
1998-03-10,17.79
1998-03-11,17.8
1998-03-12,16.81
1998-03-13,17.75
1998-03-14,17.35
1998-03-15,17.35
1998-03-16,17.34
1998-03-17,17.36
1998-03-18,16.91
1998-03-19,16.85
1998-03-20,16.66
1998-03-21,17.01
1998-03-22,16.83
1998-03-23,16.95
1998-03-24,17.1
1998-03-25,16.97
1998-03-26,17.03
1998-03-27,17.05
1998-03-28,16.92
1998-03-29,16.85
1998-03-30,17.08
1998-03-31,16.9
1998-04-01,17.03
1998-04-02,17.1
1998-04-03,16.64
1998-04-04,17.04
1998-04-05,17.31
1998-04-06,17.43
1998-04-07,17.66
1998-04-08,17.49
1998-04-09,17.6
1998-04-10,17.6
1998-04-11,18.71
1998-04-12,18.22
1998-04-13,19.86
1998-04-14,21.14
1998-04-15,20.34
1998-04-16,20.04
1998-04-17,19.8
1998-04-18,19.42
1998-04-19,19.73
1998-04-20,19.46
1998-04-21,19.94
1998-04-22,19.66
1998-04-23,19.67
1998-04-24,19.57
1998-04-25,19.67
1998-04-26,20.07
1998-04-27,19.88
1998-04-28,19.8
1998-04-29,20.55
1998-04-30,20.7
1998-05-01,20.67
1998-05-02,20.95
1998-05-03,21.07
1998-05-04,20.9
1998-05-05,20.96
1998-05-06,21.01
1998-05-07,20.28
1998-05-08,20.21
1998-05-09,20.14
1998-05-10,20.45
1998-05-11,20.86
1998-05-12,21.05
1998-05-13,21.31
1998-05-14,21.1
1998-05-15,21.38
1998-05-16,22.03
1998-05-17,21.61
1998-05-18,21.11
1998-05-19,21.57
1998-05-20,22.0
1998-05-21,22.53
1998-05-22,22.54
1998-05-23,22.15
1998-05-24,22.16
1998-05-25,22.52
1998-05-26,21.82
1998-05-27,21.68
1998-05-28,22.18
1998-05-29,22.31
1998-05-30,23.43
1998-05-31,23.23
1998-06-01,23.7
1998-06-02,23.53
1998-06-03,24.29
1998-06-04,23.86
1998-06-05,23.72
1998-06-06,23.85
1998-06-07,23.85
1998-06-08,23.85
1998-06-09,24.24
1998-06-10,24.9
1998-06-11,25.58
1998-06-12,25.56
1998-06-13,25.77
1998-06-14,25.18
1998-06-15,24.6
1998-06-16,24.93
1998-06-17,25.56
1998-06-18,25.57
1998-06-19,25.96
1998-06-20,26.08
1998-06-21,25.77
1998-06-22,25.71
1998-06-23,26.01
1998-06-24,25.84
1998-06-25,26.29
1998-06-26,26.43
1998-06-27,26.34
1998-06-28,26.41
1998-06-29,26.66
1998-06-30,26.91
1998-07-01,26.61
1998-07-02,27.38
1998-07-03,26.92
1998-07-04,26.88
1998-07-05,26.56
1998-07-06,26.81
1998-07-07,26.94
1998-07-08,27.24
1998-07-09,28.15
1998-07-10,27.67
1998-07-11,27.17
1998-07-12,28.45
1998-07-13,28.52
1998-07-14,27.94
1998-07-15,28.54
1998-07-16,28.75
1998-07-17,28.35
1998-07-18,28.38
1998-07-19,27.7
1998-07-20,27.66
1998-07-21,27.56
1998-07-22,27.94
1998-07-23,28.07
1998-07-24,28.51
1998-07-25,28.95
1998-07-26,28.12
1998-07-27,28.11
1998-07-28,28.03
1998-07-29,27.69
1998-07-30,28.58
1998-07-31,29.35
1998-08-01,28.58
1998-08-02,29.51
1998-08-03,29.7
1998-08-04,29.16
1998-08-05,29.77
1998-08-06,29.89
1998-08-07,30.17
1998-08-08,29.02
1998-08-09,29.13
1998-08-10,29.79
1998-08-11,29.7
1998-08-12,28.89
1998-08-13,29.36
1998-08-14,29.59
1998-08-15,28.91
1998-08-16,30.66
1998-08-17,29.89
1998-08-18,30.29
1998-08-19,29.95
1998-08-20,28.67
1998-08-21,28.82
1998-08-22,29.19
1998-08-23,28.86
1998-08-24,29.64
1998-08-25,29.12
1998-08-26,29.4
1998-08-27,29.5
1998-08-28,29.6
1998-08-29,29.21
1998-08-30,28.54
1998-08-31,29.71
1998-09-01,29.38
1998-09-02,30.28
1998-09-03,29.23
1998-09-04,29.92
1998-09-05,30.02
1998-09-06,28.98
1998-09-07,29.95
1998-09-08,29.47
1998-09-09,29.48
1998-09-10,29.25
1998-09-11,28.65
1998-09-12,29.3
1998-09-13,29.3
1998-09-14,29.15
1998-09-15,28.42
1998-09-16,28.84
1998-09-17,28.91
1998-09-18,27.86
1998-09-19,28.78
1998-09-20,28.84
1998-09-21,28.88
1998-09-22,28.32
1998-09-23,28.49
1998-09-24,28.46
1998-09-25,28.33
1998-09-26,28.0
1998-09-27,27.5
1998-09-28,27.82
1998-09-29,27.33
1998-09-30,27.25
1998-10-01,27.8
1998-10-02,27.49
1998-10-03,28.06
1998-10-04,27.37
1998-10-05,27.65
1998-10-06,27.39
1998-10-07,27.12
1998-10-08,26.86
1998-10-09,27.15
1998-10-10,27.12
1998-10-11,26.96
1998-10-12,26.74
1998-10-13,26.65
1998-10-14,26.47
1998-10-15,26.27
1998-10-16,26.71
1998-10-17,26.53
1998-10-18,26.09
1998-10-19,26.18
1998-10-20,25.21
1998-10-21,24.93
1998-10-22,25.75
1998-10-23,25.58
1998-10-24,26.03
1998-10-25,25.62
1998-10-26,25.49
1998-10-27,26.04
1998-10-28,26.21
1998-10-29,25.97
1998-10-30,25.14
1998-10-31,25.21
1998-11-01,25.4
1998-11-02,25.35
1998-11-03,25.07
1998-11-04,25.29
1998-11-05,24.65
1998-11-06,23.16
1998-11-07,24.27
1998-11-08,24.07
1998-11-09,24.58
1998-11-10,24.66
1998-11-11,24.86
1998-11-12,24.83
1998-11-13,24.41
1998-11-14,24.34
1998-11-15,24.55
1998-11-16,23.59
1998-11-17,23.56
1998-11-18,23.63
1998-11-19,23.81
1998-11-20,23.2
1998-11-21,23.27
1998-11-22,23.02
1998-11-23,23.21
1998-11-24,22.42
1998-11-25,22.66
1998-11-26,22.89
1998-11-27,23.3
1998-11-28,22.73
1998-11-29,22.67
1998-11-30,22.65
1998-12-01,22.46
1998-12-02,22.34
1998-12-03,21.85
1998-12-04,21.47
1998-12-05,22.51
1998-12-06,22.45
1998-12-07,22.45
1998-12-08,21.57
1998-12-09,21.41
1998-12-10,22.19
1998-12-11,21.75
1998-12-12,21.75
1998-12-13,21.6
1998-12-14,21.45
1998-12-15,21.45
1998-12-16,21.46
1998-12-17,21.08
1998-12-18,20.77
1998-12-19,21.15
1998-12-20,20.85
1998-12-21,20.13
1998-12-22,20.24
1998-12-23,20.74
1998-12-24,20.01
1998-12-25,19.94
1998-12-26,19.63
1998-12-27,19.71
1998-12-28,19.62
1998-12-29,19.4
1998-12-30,19.36
1998-12-31,19.41
1999-01-01,18.98
1999-01-02,19.67
1999-01-03,19.23
1999-01-04,19.21
1999-01-05,18.99
1999-01-06,19.05
1999-01-07,19.02
1999-01-08,19.2
1999-01-09,18.61
1999-01-10,18.72
1999-01-11,18.81
1999-01-12,19.25
1999-01-13,18.83
1999-01-14,18.14
1999-01-15,18.15
1999-01-16,18.17
1999-01-17,18.21
1999-01-18,18.22
1999-01-19,17.9
1999-01-20,18.12
1999-01-21,18.26
1999-01-22,17.96
1999-01-23,17.95
1999-01-24,18.08
1999-01-25,18.33
1999-01-26,18.13
1999-01-27,17.95
1999-01-28,17.74
1999-01-29,17.92
1999-01-30,17.89
1999-01-31,17.74
1999-02-01,17.65
1999-02-02,17.62
1999-02-03,17.59
1999-02-04,17.61
1999-02-05,17.63
1999-02-06,17.32
1999-02-07,17.29
1999-02-08,17.35
1999-02-09,17.55
1999-02-10,17.13
1999-02-11,17.33
1999-02-12,17.97
1999-02-13,17.68
1999-02-14,17.5
1999-02-15,17.49
1999-02-16,17.32
1999-02-17,17.32
1999-02-18,17.31
1999-02-19,17.37
1999-02-20,17.27
1999-02-21,17.86
1999-02-22,17.04
1999-02-23,16.95
1999-02-24,17.05
1999-02-25,17.48
1999-02-26,17.43
1999-02-27,17.46
1999-02-28,17.23
1999-03-01,17.09
1999-03-02,16.94
1999-03-03,17.38
1999-03-04,17.51
1999-03-05,17.42
1999-03-06,17.37
1999-03-07,17.44
1999-03-08,17.69
1999-03-09,17.45
1999-03-10,17.58
1999-03-11,17.81
1999-03-12,17.93
1999-03-13,18.04
1999-03-14,17.81
1999-03-15,17.9
1999-03-16,17.88
1999-03-17,17.86
1999-03-18,17.84
1999-03-19,17.86
1999-03-20,17.76
1999-03-21,16.55
1999-03-22,18.42
1999-03-23,17.97
1999-03-24,18.24
1999-03-25,18.22
1999-03-26,17.81
1999-03-27,17.87
1999-03-28,17.91
1999-03-29,18.07
1999-03-30,18.45
1999-03-31,18.24
1999-04-01,18.55
1999-04-02,18.59
1999-04-03,18.97
1999-04-04,18.98
1999-04-05,19.4
1999-04-06,19.11
1999-04-07,18.84
1999-04-08,18.81
1999-04-09,19.45
1999-04-10,18.96
1999-04-11,18.74
1999-04-12,18.04
1999-04-13,18.86
1999-04-14,19.86
1999-04-15,19.38
1999-04-16,19.52
1999-04-17,19.2
1999-04-18,20.39
1999-04-19,19.78
1999-04-20,19.59
1999-04-21,20.45
1999-04-22,20.92
1999-04-23,21.26
1999-04-24,20.69
1999-04-25,20.15
1999-04-26,20.05
1999-04-27,19.85
1999-04-28,20.56
1999-04-29,20.59
1999-04-30,21.01
1999-05-01,21.11
1999-05-02,21.38
1999-05-03,22.37
1999-05-04,22.85
1999-05-05,22.66
1999-05-06,22.85
1999-05-07,23.2
1999-05-08,23.27
1999-05-09,22.87
1999-05-10,22.53
1999-05-11,23.04
1999-05-12,23.39
1999-05-13,22.89
1999-05-14,23.35
1999-05-15,23.34
1999-05-16,23.63
1999-05-17,23.5
1999-05-18,23.47
1999-05-19,23.86
1999-05-20,24.13
1999-05-21,23.95
1999-05-22,24.35
1999-05-23,24.74
1999-05-24,23.43
1999-05-25,23.72
1999-05-26,23.75
1999-05-27,23.64
1999-05-28,24.27
1999-05-29,24.54
1999-05-30,24.43
1999-05-31,24.45
1999-06-01,24.03
1999-06-02,24.43
1999-06-03,24.97
1999-06-04,24.78
1999-06-05,25.37
1999-06-06,25.16
1999-06-07,25.12
1999-06-08,26.78
1999-06-09,26.14
1999-06-10,26.24
1999-06-11,26.48
1999-06-12,26.33
1999-06-13,25.78
1999-06-14,26.21
1999-06-15,25.88
1999-06-16,25.82
1999-06-17,26.78
1999-06-18,26.85
1999-06-19,27.0
1999-06-20,26.66
1999-06-21,26.71
1999-06-22,27.49
1999-06-23,27.63
1999-06-24,27.4
1999-06-25,26.2
1999-06-26,26.75
1999-06-27,26.97
1999-06-28,26.51
1999-06-29,26.7
1999-06-30,26.79
1999-07-01,26.3
1999-07-02,25.89
1999-07-03,27.28
1999-07-04,26.71
1999-07-05,26.92
1999-07-06,26.44
1999-07-07,28.18
1999-07-08,27.18
1999-07-09,27.51
1999-07-10,28.11
1999-07-11,27.52
1999-07-12,28.19
1999-07-13,27.83
1999-07-14,27.99
1999-07-15,27.87
1999-07-16,28.58
1999-07-17,27.85
1999-07-18,27.93
1999-07-19,28.06
1999-07-20,27.92
1999-07-21,28.18
1999-07-22,28.9
1999-07-23,28.72
1999-07-24,28.46
1999-07-25,28.88
1999-07-26,28.94
1999-07-27,28.32
1999-07-28,28.41
1999-07-29,29.08
1999-07-30,28.56
1999-07-31,28.25
1999-08-01,29.23
1999-08-02,28.66
1999-08-03,28.45
1999-08-04,29.03
1999-08-05,28.97
1999-08-06,28.93
1999-08-07,29.37
1999-08-08,28.84
1999-08-09,28.82
1999-08-10,28.92
1999-08-11,29.33
1999-08-12,29.15
1999-08-13,29.97
1999-08-14,29.56
1999-08-15,29.35
1999-08-16,28.83
1999-08-17,29.87
1999-08-18,29.23
1999-08-19,29.44
1999-08-20,29.81
1999-08-21,29.33
1999-08-22,29.74
1999-08-23,30.27
1999-08-24,29.72
1999-08-25,29.46
1999-08-26,30.1
1999-08-27,29.59
1999-08-28,29.04
1999-08-29,29.06
1999-08-30,29.02
1999-08-31,29.08
1999-09-01,29.88
1999-09-02,29.95
1999-09-03,29.39
1999-09-04,29.42
1999-09-05,29.62
1999-09-06,28.61
1999-09-07,28.81
1999-09-08,29.12
1999-09-09,28.67
1999-09-10,29.07
1999-09-11,29.12
1999-09-12,28.65
1999-09-13,28.69
1999-09-14,28.92
1999-09-15,28.17
1999-09-16,27.71
1999-09-17,28.81
1999-09-18,28.45
1999-09-19,28.35
1999-09-20,28.6
1999-09-21,28.55
1999-09-22,28.17
1999-09-23,28.29
1999-09-24,28.45
1999-09-25,28.03
1999-09-26,28.29
1999-09-27,28.39
1999-09-28,27.91
1999-09-29,28.5
1999-09-30,28.68
1999-10-01,27.91
1999-10-02,27.62
1999-10-03,28.01
1999-10-04,28.55
1999-10-05,27.96
1999-10-06,28.2
1999-10-07,28.31
1999-10-08,28.0
1999-10-09,26.78
1999-10-10,27.77
1999-10-11,27.05
1999-10-12,27.08
1999-10-13,27.19
1999-10-14,27.01
1999-10-15,26.48
1999-10-16,26.68
1999-10-17,26.28
1999-10-18,26.28
1999-10-19,26.17
1999-10-20,26.31
1999-10-21,25.94
1999-10-22,25.73
1999-10-23,26.64
1999-10-24,25.94
1999-10-25,25.8
1999-10-26,26.07
1999-10-27,25.47
1999-10-28,26.24
1999-10-29,26.0
1999-10-30,25.41
1999-10-31,25.3
1999-11-01,25.69
1999-11-02,25.31
1999-11-03,24.75
1999-11-04,25.24
1999-11-05,24.78
1999-11-06,25.32
1999-11-07,24.48
1999-11-08,24.39
1999-11-09,24.39
1999-11-10,24.4
1999-11-11,24.35
1999-11-12,24.17
1999-11-13,24.18
1999-11-14,24.38
1999-11-15,23.84
1999-11-16,24.03
1999-11-17,24.0
1999-11-18,23.85
1999-11-19,23.61
1999-11-20,23.41
1999-11-21,23.45
1999-11-22,23.5
1999-11-23,23.65
1999-11-24,23.55
1999-11-25,23.16
1999-11-26,23.04
1999-11-27,22.88
1999-11-28,22.78
1999-11-29,22.66
1999-11-30,22.52
1999-12-01,22.13
1999-12-02,22.16
1999-12-03,21.93
1999-12-04,21.75
1999-12-05,21.44
1999-12-06,21.72
1999-12-07,21.71
1999-12-08,21.29
1999-12-09,21.25
1999-12-10,20.5
1999-12-11,20.86
1999-12-12,20.99
1999-12-13,19.65
1999-12-14,20.66
1999-12-15,20.7
1999-12-16,20.53
1999-12-17,20.9
1999-12-18,20.72
1999-12-19,20.61
1999-12-20,20.63
1999-12-21,20.64
1999-12-22,20.11
1999-12-23,20.08
1999-12-24,20.11
1999-12-25,20.42
1999-12-26,20.25
1999-12-27,19.77
1999-12-28,19.6
1999-12-29,20.19
1999-12-30,20.37
1999-12-31,19.97
2000-01-01,19.97
2000-01-02,19.39
2000-01-03,19.47
2000-01-04,19.62
2000-01-05,19.26
2000-01-06,19.27
2000-01-07,19.31
2000-01-08,19.69
2000-01-09,19.55
2000-01-10,18.94
2000-01-11,19.03
2000-01-12,19.19
2000-01-13,18.55
2000-01-14,18.53
2000-01-15,18.45
2000-01-16,18.1
2000-01-17,18.48
2000-01-18,18.45
2000-01-19,18.23
2000-01-20,18.13
2000-01-21,18.13
2000-01-22,17.83
2000-01-23,17.79
2000-01-24,18.63
2000-01-25,17.99
2000-01-26,18.02
2000-01-27,18.06
2000-01-28,17.32
2000-01-29,16.89
2000-01-30,17.78
2000-01-31,17.87
2000-02-01,17.28
2000-02-02,17.22
2000-02-03,17.8
2000-02-04,17.73
2000-02-05,16.96
2000-02-06,17.09
2000-02-07,17.4
2000-02-08,17.29
2000-02-09,17.6
2000-02-10,17.21
2000-02-11,17.49
2000-02-12,17.72
2000-02-13,17.1
2000-02-14,17.22
2000-02-15,17.47
2000-02-16,17.46
2000-02-17,16.58
2000-02-18,16.66
2000-02-19,17.54
2000-02-20,16.17
2000-02-21,16.1
2000-02-22,17.3
2000-02-23,17.19
2000-02-24,16.66
2000-02-25,17.12
2000-02-26,16.47
2000-02-27,16.26
2000-02-28,16.87
2000-02-29,17.01
2000-03-01,15.95
2000-03-02,16.95
2000-03-03,16.83
2000-03-04,16.49
2000-03-05,16.43
2000-03-06,16.7
2000-03-07,16.72
2000-03-08,16.84
2000-03-09,16.79
2000-03-10,16.28
2000-03-11,15.89
2000-03-12,17.03
2000-03-13,16.81
2000-03-14,16.68
2000-03-15,17.33
2000-03-16,16.99
2000-03-17,16.88
2000-03-18,16.58
2000-03-19,17.11
2000-03-20,17.21
2000-03-21,17.25
2000-03-22,16.79
2000-03-23,16.84
2000-03-24,17.04
2000-03-25,17.53
2000-03-26,17.4
2000-03-27,16.77
2000-03-28,17.33
2000-03-29,17.1
2000-03-30,17.7
2000-03-31,17.38
2000-04-01,18.03
2000-04-02,17.8
2000-04-03,18.46
2000-04-04,18.24
2000-04-05,18.92
2000-04-06,18.96
2000-04-07,18.73
2000-04-08,18.71
2000-04-09,19.34
2000-04-10,21.07
2000-04-11,20.42
2000-04-12,19.11
2000-04-13,18.88
2000-04-14,18.81
2000-04-15,19.1
2000-04-16,19.26
2000-04-17,17.61
2000-04-18,19.67
2000-04-19,18.89
2000-04-20,18.45
2000-04-21,19.57
2000-04-22,19.82
2000-04-23,19.63
2000-04-24,19.63
2000-04-25,19.99
2000-04-26,20.78
2000-04-27,20.21
2000-04-28,20.67
2000-04-29,20.47
2000-04-30,20.76
2000-05-01,20.68
2000-05-02,20.93
2000-05-03,20.73
2000-05-04,20.36
2000-05-05,21.02
2000-05-06,21.75
2000-05-07,21.2
2000-05-08,21.31
2000-05-09,21.1
2000-05-10,21.58
2000-05-11,21.35
2000-05-12,21.06
2000-05-13,21.56
2000-05-14,22.15
2000-05-15,22.84
2000-05-16,22.57
2000-05-17,22.34
2000-05-18,22.33
2000-05-19,21.94
2000-05-20,22.92
2000-05-21,22.78
2000-05-22,22.92
2000-05-23,24.59
2000-05-24,24.16
2000-05-25,23.74
2000-05-26,23.03
2000-05-27,22.55
2000-05-28,22.5
2000-05-29,22.92
2000-05-30,22.8
2000-05-31,23.47
2000-06-01,23.92
2000-06-02,24.02
2000-06-03,24.15
2000-06-04,24.25
2000-06-05,25.0
2000-06-06,24.42
2000-06-07,24.7
2000-06-08,25.06
2000-06-09,25.29
2000-06-10,25.88
2000-06-11,26.12
2000-06-12,25.46
2000-06-13,25.44
2000-06-14,26.85
2000-06-15,25.96
2000-06-16,26.06
2000-06-17,26.89
2000-06-18,27.69
2000-06-19,27.2
2000-06-20,26.99
2000-06-21,26.53
2000-06-22,25.93
2000-06-23,27.01
2000-06-24,27.43
2000-06-25,26.64
2000-06-26,27.37
2000-06-27,27.4
2000-06-28,27.18
2000-06-29,26.64
2000-06-30,26.41
2000-07-01,26.21
2000-07-02,26.12
2000-07-03,25.93
2000-07-04,26.26
2000-07-05,27.91
2000-07-06,27.79
2000-07-07,27.79
2000-07-08,28.08
2000-07-09,28.36
2000-07-10,27.64
2000-07-11,27.99
2000-07-12,28.28
2000-07-13,29.16
2000-07-14,28.9
2000-07-15,28.44
2000-07-16,28.16
2000-07-17,27.88
2000-07-18,27.71
2000-07-19,28.22
2000-07-20,27.68
2000-07-21,29.16
2000-07-22,29.27
2000-07-23,28.89
2000-07-24,28.5
2000-07-25,29.13
2000-07-26,28.39
2000-07-27,27.47
2000-07-28,28.78
2000-07-29,29.41
2000-07-30,28.31
2000-07-31,28.07
2000-08-01,27.73
2000-08-02,27.72
2000-08-03,29.23
2000-08-04,29.48
2000-08-05,29.03
2000-08-06,28.67
2000-08-07,28.22
2000-08-08,28.91
2000-08-09,28.38
2000-08-10,28.88
2000-08-11,28.92
2000-08-12,29.23
2000-08-13,29.8
2000-08-14,29.32
2000-08-15,28.01
2000-08-16,28.77
2000-08-17,28.43
2000-08-18,28.63
2000-08-19,28.63
2000-08-20,29.0
2000-08-21,27.93
2000-08-22,27.92
2000-08-23,28.96
2000-08-24,28.15
2000-08-25,29.25
2000-08-26,29.34
2000-08-27,28.98
2000-08-28,27.96
2000-08-29,29.37
2000-08-30,28.95
2000-08-31,28.43
2000-09-01,28.19
2000-09-02,28.71
2000-09-03,28.38
2000-09-04,28.01
2000-09-05,27.79
2000-09-06,28.05
2000-09-07,28.15
2000-09-08,28.81
2000-09-09,28.29
2000-09-10,27.92
2000-09-11,28.59
2000-09-12,27.89
2000-09-13,27.85
2000-09-14,28.51
2000-09-15,28.41
2000-09-16,28.28
2000-09-17,28.72
2000-09-18,28.25
2000-09-19,27.34
2000-09-20,27.27
2000-09-21,27.99
2000-09-22,27.17
2000-09-23,27.36
2000-09-24,28.0
2000-09-25,27.4
2000-09-26,27.66
2000-09-27,27.81
2000-09-28,27.75
2000-09-29,27.72
2000-09-30,27.42
2000-10-01,27.31
2000-10-02,27.11
2000-10-03,27.08
2000-10-04,26.94
2000-10-05,26.25
2000-10-06,26.2
2000-10-07,25.97
2000-10-08,26.75
2000-10-09,26.95
2000-10-10,26.0
2000-10-11,26.55
2000-10-12,26.36
2000-10-13,26.37
2000-10-14,26.07
2000-10-15,25.44
2000-10-16,26.2
2000-10-17,25.26
2000-10-18,25.38
2000-10-19,26.24
2000-10-20,25.74
2000-10-21,25.37
2000-10-22,25.66
2000-10-23,25.53
2000-10-24,25.07
2000-10-25,24.68
2000-10-26,24.65
2000-10-27,24.57
2000-10-28,24.41
2000-10-29,23.81
2000-10-30,23.44
2000-10-31,23.76
2000-11-01,23.83
2000-11-02,23.56
2000-11-03,23.54
2000-11-04,23.58
2000-11-05,23.34
2000-11-06,23.48
2000-11-07,24.06
2000-11-08,23.55
2000-11-09,23.91
2000-11-10,23.52
2000-11-11,23.28
2000-11-12,23.27
2000-11-13,23.16
2000-11-14,23.12
2000-11-15,22.73
2000-11-16,22.6
2000-11-17,22.89
2000-11-18,22.94
2000-11-19,22.94
2000-11-20,22.64
2000-11-21,22.21
2000-11-22,22.43
2000-11-23,22.6
2000-11-24,22.1
2000-11-25,22.35
2000-11-26,22.26
2000-11-27,21.97
2000-11-28,22.54
2000-11-29,21.95
2000-11-30,21.84
2000-12-01,21.82
2000-12-02,22.07
2000-12-03,21.46
2000-12-04,21.9
2000-12-05,22.37
2000-12-06,21.01
2000-12-07,21.52
2000-12-08,21.07
2000-12-09,20.86
2000-12-10,21.46
2000-12-11,20.5
2000-12-12,21.12
2000-12-13,21.06
2000-12-14,21.11
2000-12-15,20.97
2000-12-16,20.68
2000-12-17,20.63
2000-12-18,20.51
2000-12-19,20.32
2000-12-20,20.2
2000-12-21,20.29
2000-12-22,20.08
2000-12-23,20.08
2000-12-24,19.99
2000-12-25,20.04
2000-12-26,19.52
2000-12-27,19.53
2000-12-28,19.65
2000-12-29,19.36
2000-12-30,18.93
2000-12-31,19.19
2001-01-01,18.24
2001-01-02,18.06
2001-01-03,18.94
2001-01-04,19.86
2001-01-05,19.4
2001-01-06,19.47
2001-01-07,18.89
2001-01-08,19.21
2001-01-09,18.81
2001-01-10,19.25
2001-01-11,19.32
2001-01-12,19.04
2001-01-13,19.06
2001-01-14,19.17
2001-01-15,19.42
2001-01-16,19.51
2001-01-17,19.18
2001-01-18,19.7
2001-01-19,19.51
2001-01-20,19.09
2001-01-21,19.58
2001-01-22,18.83
2001-01-23,18.95
2001-01-24,18.83
2001-01-25,18.54
2001-01-26,18.53
2001-01-27,18.55
2001-01-28,18.57
2001-01-29,18.66
2001-01-30,18.6
2001-01-31,18.6
2001-02-01,18.98
2001-02-02,19.16
2001-02-03,18.21
2001-02-04,18.47
2001-02-05,18.57
2001-02-06,18.57
2001-02-07,18.52
2001-02-08,18.48
2001-02-09,18.41
2001-02-10,18.93
2001-02-11,18.95
2001-02-12,18.72
2001-02-13,18.51
2001-02-14,18.24
2001-02-15,18.29
2001-02-16,18.37
2001-02-17,18.78
2001-02-18,18.87
2001-02-19,18.71
2001-02-20,18.43
2001-02-21,17.96
2001-02-22,17.74
2001-02-23,17.06
2001-02-24,17.41
2001-02-25,17.75
2001-02-26,17.36
2001-02-27,17.72
2001-02-28,17.52
2001-03-01,17.94
2001-03-02,17.59
2001-03-03,17.64
2001-03-04,17.94
2001-03-05,17.87
2001-03-06,17.54
2001-03-07,18.36
2001-03-08,18.83
2001-03-09,18.2
2001-03-10,18.42
2001-03-11,18.41
2001-03-12,18.64
2001-03-13,18.27
2001-03-14,17.87
2001-03-15,19.05
2001-03-16,18.96
2001-03-17,18.91
2001-03-18,19.12
2001-03-19,19.34
2001-03-20,19.62
2001-03-21,20.0
2001-03-22,20.56
2001-03-23,18.98
2001-03-24,20.05
2001-03-25,19.73
2001-03-26,20.33
2001-03-27,19.78
2001-03-28,20.74
2001-03-29,20.73
2001-03-30,20.04
2001-03-31,20.91
2001-04-01,20.64
2001-04-02,20.53
2001-04-03,20.81
2001-04-04,20.8
2001-04-05,21.11
2001-04-06,21.29
2001-04-07,21.36
2001-04-08,21.37
2001-04-09,20.74
2001-04-10,19.93
2001-04-11,21.5
2001-04-12,20.8
2001-04-13,21.5
2001-04-14,20.44
2001-04-15,20.69
2001-04-16,20.65
2001-04-17,20.8
2001-04-18,19.87
2001-04-19,21.3
2001-04-20,21.32
2001-04-21,20.65
2001-04-22,21.48
2001-04-23,21.42
2001-04-24,21.21
2001-04-25,21.23
2001-04-26,20.91
2001-04-27,20.82
2001-04-28,20.88
2001-04-29,20.9
2001-04-30,20.75
2001-05-01,20.66
2001-05-02,21.94
2001-05-03,21.98
2001-05-04,22.45
2001-05-05,21.68
2001-05-06,21.73
2001-05-07,22.85
2001-05-08,22.95
2001-05-09,21.37
2001-05-10,21.45
2001-05-11,21.64
2001-05-12,21.67
2001-05-13,20.14
2001-05-14,19.15
2001-05-15,20.98
2001-05-16,23.19
2001-05-17,22.74
2001-05-18,22.78
2001-05-19,22.56
2001-05-20,22.27
2001-05-21,25.22
2001-05-22,25.04
2001-05-23,23.82
2001-05-24,23.05
2001-05-25,24.5
2001-05-26,24.11
2001-05-27,24.06
2001-05-28,24.91
2001-05-29,25.32
2001-05-30,26.3
2001-05-31,26.81
2001-06-01,25.92
2001-06-02,24.72
2001-06-03,24.97
2001-06-04,24.81
2001-06-05,25.08
2001-06-06,24.22
2001-06-07,25.92
2001-06-08,26.1
2001-06-09,24.66
2001-06-10,24.67
2001-06-11,26.09
2001-06-12,26.48
2001-06-13,26.62
2001-06-14,26.21
2001-06-15,27.09
2001-06-16,26.94
2001-06-17,27.13
2001-06-18,26.99
2001-06-19,25.84
2001-06-20,27.51
2001-06-21,27.28
2001-06-22,26.56
2001-06-23,26.1
2001-06-24,27.61
2001-06-25,27.48
2001-06-26,27.5
2001-06-27,27.5
2001-06-28,27.41
2001-06-29,27.44
2001-06-30,27.15
2001-07-01,26.64
2001-07-02,26.07
2001-07-03,27.12
2001-07-04,26.82
2001-07-05,25.96
2001-07-06,27.15
2001-07-07,27.13
2001-07-08,26.86
2001-07-09,27.71
2001-07-10,27.53
2001-07-11,28.35
2001-07-12,28.65
2001-07-13,28.73
2001-07-14,28.98
2001-07-15,27.9
2001-07-16,27.89
2001-07-17,28.78
2001-07-18,28.69
2001-07-19,27.41
2001-07-20,28.31
2001-07-21,29.25
2001-07-22,29.35
2001-07-23,28.81
2001-07-24,28.06
2001-07-25,28.48
2001-07-26,28.97
2001-07-27,29.61
2001-07-28,28.52
2001-07-29,28.49
2001-07-30,28.94
2001-07-31,28.12
2001-08-01,28.64
2001-08-02,29.13
2001-08-03,30.71
2001-08-04,29.81
2001-08-05,29.79
2001-08-06,29.43
2001-08-07,30.68
2001-08-08,29.93
2001-08-09,28.81
2001-08-10,28.49
2001-08-11,29.31
2001-08-12,29.84
2001-08-13,30.19
2001-08-14,30.3
2001-08-15,30.11
2001-08-16,29.85
2001-08-17,30.69
2001-08-18,30.18
2001-08-19,29.68
2001-08-20,29.93
2001-08-21,29.63
2001-08-22,29.77
2001-08-23,29.43
2001-08-24,29.83
2001-08-25,29.9
2001-08-26,29.92
2001-08-27,29.61
2001-08-28,29.24
2001-08-29,29.04
2001-08-30,29.43
2001-08-31,29.24
2001-09-01,28.7
2001-09-02,28.35
2001-09-03,28.27
2001-09-04,29.25
2001-09-05,29.35
2001-09-06,29.66
2001-09-07,29.04
2001-09-08,28.7
2001-09-09,29.22
2001-09-10,28.86
2001-09-11,28.37
2001-09-12,29.04
2001-09-13,28.25
2001-09-14,28.69
2001-09-15,28.84
2001-09-16,28.6
2001-09-17,28.37
2001-09-18,28.85
2001-09-19,28.64
2001-09-20,28.12
2001-09-21,27.7
2001-09-22,28.17
2001-09-23,28.97
2001-09-24,29.07
2001-09-25,28.2
2001-09-26,28.42
2001-09-27,28.33
2001-09-28,28.38
2001-09-29,28.2
2001-09-30,28.85
2001-10-01,27.84
2001-10-02,27.67
2001-10-03,27.33
2001-10-04,27.83
2001-10-05,27.23
2001-10-06,27.08
2001-10-07,28.05
2001-10-08,27.24
2001-10-09,28.09
2001-10-10,27.58
2001-10-11,27.35
2001-10-12,27.48
2001-10-13,27.39
2001-10-14,27.48
2001-10-15,27.24
2001-10-16,27.16
2001-10-17,27.37
2001-10-18,27.23
2001-10-19,26.81
2001-10-20,26.52
2001-10-21,26.58
2001-10-22,26.44
2001-10-23,26.35
2001-10-24,26.41
2001-10-25,26.35
2001-10-26,26.55
2001-10-27,26.27
2001-10-28,26.16
2001-10-29,25.8
2001-10-30,24.79
2001-10-31,24.05
2001-11-01,24.42
2001-11-02,24.07
2001-11-03,25.03
2001-11-04,25.91
2001-11-05,24.11
2001-11-06,25.41
2001-11-07,24.84
2001-11-08,24.61
2001-11-09,24.11
2001-11-10,23.84
2001-11-11,25.26
2001-11-12,24.74
2001-11-13,24.25
2001-11-14,23.79
2001-11-15,23.5
2001-11-16,23.49
2001-11-17,23.87
2001-11-18,22.62
2001-11-19,22.44
2001-11-20,23.16
2001-11-21,22.89
2001-11-22,22.61
2001-11-23,23.23
2001-11-24,22.44
2001-11-25,21.61
2001-11-26,21.67
2001-11-27,21.92
2001-11-28,22.14
2001-11-29,21.45
2001-11-30,21.6
2001-12-01,21.93
2001-12-02,22.13
2001-12-03,21.67
2001-12-04,20.44
2001-12-05,19.57
2001-12-06,19.53
2001-12-07,20.24
2001-12-08,20.6
2001-12-09,20.45
2001-12-10,19.75
2001-12-11,19.81
2001-12-12,20.02
2001-12-13,19.65
2001-12-14,19.72
2001-12-15,19.71
2001-12-16,20.33
2001-12-17,19.89
2001-12-18,19.22
2001-12-19,19.25
2001-12-20,19.51
2001-12-21,19.18
2001-12-22,19.46
2001-12-23,19.52
2001-12-24,20.14
2001-12-25,19.71
2001-12-26,19.6
2001-12-27,19.14
2001-12-28,19.14
2001-12-29,19.1
2001-12-30,18.66
2001-12-31,19.1
2002-01-01,19.33
2002-01-02,19.55
2002-01-03,19.34
2002-01-04,18.94
2002-01-05,18.82
2002-01-06,18.61
2002-01-07,18.05
2002-01-08,17.88
2002-01-09,17.75
2002-01-10,17.36
2002-01-11,17.85
2002-01-12,17.87
2002-01-13,17.93
2002-01-14,18.4
2002-01-15,17.81
2002-01-16,18.42
2002-01-17,17.98
2002-01-18,17.8
2002-01-19,18.02
2002-01-20,16.88
2002-01-21,16.59
2002-01-22,17.97
2002-01-23,17.99
2002-01-24,17.1
2002-01-25,17.87
2002-01-26,17.62
2002-01-27,16.87
2002-01-28,16.46
2002-01-29,17.5
2002-01-30,17.31
2002-01-31,18.17
2002-02-01,17.95
2002-02-02,18.11
2002-02-03,18.22
2002-02-04,18.5
2002-02-05,18.17
2002-02-06,17.85
2002-02-07,17.61
2002-02-08,18.03
2002-02-09,17.44
2002-02-10,16.73
2002-02-11,16.73
2002-02-12,16.5
2002-02-13,17.22
2002-02-14,17.23
2002-02-15,17.32
2002-02-16,16.94
2002-02-17,17.01
2002-02-18,17.15
2002-02-19,17.05
2002-02-20,17.28
2002-02-21,17.33
2002-02-22,16.72
2002-02-23,16.07
2002-02-24,16.51
2002-02-25,16.51
2002-02-26,16.92
2002-02-27,17.02
2002-02-28,16.9
2002-03-01,16.6
2002-03-02,16.4
2002-03-03,17.01
2002-03-04,17.33
2002-03-05,17.73
2002-03-06,17.99
2002-03-07,17.43
2002-03-08,17.78
2002-03-09,17.37
2002-03-10,17.79
2002-03-11,17.76
2002-03-12,17.69
2002-03-13,17.47
2002-03-14,18.49
2002-03-15,18.55
2002-03-16,18.7
2002-03-17,18.93
2002-03-18,19.38
2002-03-19,19.72
2002-03-20,19.79
2002-03-21,19.02
2002-03-22,18.69
2002-03-23,19.27
2002-03-24,18.65
2002-03-25,18.77
2002-03-26,19.23
2002-03-27,19.33
2002-03-28,18.01
2002-03-29,17.89
2002-03-30,17.74
2002-03-31,17.76
2002-04-01,17.68
2002-04-02,18.14
2002-04-03,18.21
2002-04-04,18.04
2002-04-05,17.48
2002-04-06,17.91
2002-04-07,18.3
2002-04-08,18.27
2002-04-09,18.9
2002-04-10,18.35
2002-04-11,18.79
2002-04-12,18.72
2002-04-13,19.23
2002-04-14,19.01
2002-04-15,19.18
2002-04-16,19.03
2002-04-17,18.96
2002-04-18,19.91
2002-04-19,19.55
2002-04-20,19.67
2002-04-21,19.86
2002-04-22,19.87
2002-04-23,19.88
2002-04-24,19.87
2002-04-25,20.46
2002-04-26,20.47
2002-04-27,20.41
2002-04-28,21.16
2002-04-29,20.32
2002-04-30,20.12
2002-05-01,20.65
2002-05-02,20.54
2002-05-03,20.76
2002-05-04,21.1
2002-05-05,21.42
2002-05-06,21.74
2002-05-07,21.49
2002-05-08,21.67
2002-05-09,22.25
2002-05-10,21.91
2002-05-11,21.73
2002-05-12,22.02
2002-05-13,22.16
2002-05-14,22.59
2002-05-15,22.21
2002-05-16,21.93
2002-05-17,22.21
2002-05-18,22.14
2002-05-19,22.15
2002-05-20,22.44
2002-05-21,22.65
2002-05-22,23.9
2002-05-23,24.71
2002-05-24,24.59
2002-05-25,23.53
2002-05-26,25.11
2002-05-27,25.84
2002-05-28,24.93
2002-05-29,23.82
2002-05-30,25.13
2002-05-31,25.02
2002-06-01,24.62
2002-06-02,24.61
2002-06-03,24.55
2002-06-04,25.58
2002-06-05,24.87
2002-06-06,24.86
2002-06-07,25.33
2002-06-08,24.91
2002-06-09,27.23
2002-06-10,26.21
2002-06-11,26.04
2002-06-12,25.93
2002-06-13,26.43
2002-06-14,26.15
2002-06-15,26.02
2002-06-16,26.15
2002-06-17,26.35
2002-06-18,26.13
2002-06-19,26.31
2002-06-20,26.57
2002-06-21,27.2
2002-06-22,26.41
2002-06-23,26.94
2002-06-24,27.39
2002-06-25,27.31
2002-06-26,26.92
2002-06-27,27.53
2002-06-28,28.34
2002-06-29,28.14
2002-06-30,28.63
2002-07-01,27.52
2002-07-02,27.01
2002-07-03,27.51
2002-07-04,28.47
2002-07-05,27.56
2002-07-06,27.8
2002-07-07,27.5
2002-07-08,27.53
2002-07-09,27.76
2002-07-10,28.53
2002-07-11,28.38
2002-07-12,29.35
2002-07-13,29.93
2002-07-14,29.59
2002-07-15,27.47
2002-07-16,28.95
2002-07-17,29.82
2002-07-18,29.72
2002-07-19,28.85
2002-07-20,29.34
2002-07-21,29.33
2002-07-22,28.53
2002-07-23,28.3
2002-07-24,29.23
2002-07-25,29.12
2002-07-26,28.29
2002-07-27,28.93
2002-07-28,28.33
2002-07-29,28.89
2002-07-30,30.12
2002-07-31,30.26
2002-08-01,29.61
2002-08-02,30.05
2002-08-03,31.15
2002-08-04,30.62
2002-08-05,29.16
2002-08-06,29.42
2002-08-07,29.46
2002-08-08,30.24
2002-08-09,30.18
2002-08-10,28.63
2002-08-11,30.13
2002-08-12,30.27
2002-08-13,29.67
2002-08-14,29.42
2002-08-15,29.91
2002-08-16,30.42
2002-08-17,30.0
2002-08-18,29.41
2002-08-19,29.09
2002-08-20,29.58
2002-08-21,29.48
2002-08-22,29.57
2002-08-23,29.18
2002-08-24,28.92
2002-08-25,28.76
2002-08-26,29.68
2002-08-27,29.96
2002-08-28,29.78
2002-08-29,30.03
2002-08-30,29.89
2002-08-31,29.72
2002-09-01,29.48
2002-09-02,29.85
2002-09-03,29.57
2002-09-04,28.8
2002-09-05,28.93
2002-09-06,29.07
2002-09-07,29.08
2002-09-08,29.35
2002-09-09,29.36
2002-09-10,29.06
2002-09-11,28.46
2002-09-12,29.34
2002-09-13,28.74
2002-09-14,29.12
2002-09-15,28.75
2002-09-16,28.87
2002-09-17,28.53
2002-09-18,29.19
2002-09-19,28.27
2002-09-20,28.9
2002-09-21,28.49
2002-09-22,28.46
2002-09-23,28.33
2002-09-24,28.86
2002-09-25,27.92
2002-09-26,26.6
2002-09-27,26.81
2002-09-28,27.79
2002-09-29,27.95
2002-09-30,27.97
2002-10-01,27.48
2002-10-02,26.95
2002-10-03,27.87
2002-10-04,28.22
2002-10-05,27.41
2002-10-06,28.27
2002-10-07,27.6
2002-10-08,27.02
2002-10-09,26.75
2002-10-10,26.74
2002-10-11,26.95
2002-10-12,26.34
2002-10-13,26.59
2002-10-14,26.7
2002-10-15,26.63
2002-10-16,26.83
2002-10-17,26.8
2002-10-18,26.7
2002-10-19,24.96
2002-10-20,25.68
2002-10-21,26.4
2002-10-22,26.39
2002-10-23,25.64
2002-10-24,25.97
2002-10-25,25.31
2002-10-26,25.58
2002-10-27,25.09
2002-10-28,25.71
2002-10-29,25.72
2002-10-30,25.45
2002-10-31,25.76
2002-11-01,25.94
2002-11-02,25.55
2002-11-03,25.66
2002-11-04,25.68
2002-11-05,25.33
2002-11-06,25.26
2002-11-07,25.06
2002-11-08,25.09
2002-11-09,24.99
2002-11-10,24.99
2002-11-11,24.92
2002-11-12,24.62
2002-11-13,24.48
2002-11-14,24.14
2002-11-15,23.94
2002-11-16,24.03
2002-11-17,24.52
2002-11-18,24.55
2002-11-19,23.83
2002-11-20,23.78
2002-11-21,23.74
2002-11-22,23.42
2002-11-23,23.2
2002-11-24,23.14
2002-11-25,23.1
2002-11-26,22.82
2002-11-27,22.87
2002-11-28,22.87
2002-11-29,22.21
2002-11-30,22.06
2002-12-01,22.12
2002-12-02,22.0
2002-12-03,22.04
2002-12-04,22.07
2002-12-05,22.28
2002-12-06,21.42
2002-12-07,22.09
2002-12-08,22.24
2002-12-09,22.06
2002-12-10,21.65
2002-12-11,21.59
2002-12-12,21.18
2002-12-13,21.59
2002-12-14,21.47
2002-12-15,21.19
2002-12-16,20.94
2002-12-17,20.71
2002-12-18,19.8
2002-12-19,20.19
2002-12-20,20.17
2002-12-21,20.0
2002-12-22,19.81
2002-12-23,19.64
2002-12-24,19.54
2002-12-25,19.33
2002-12-26,19.83
2002-12-27,19.29
2002-12-28,19.84
2002-12-29,20.14
2002-12-30,19.71
2002-12-31,19.56
2003-01-01,19.89
2003-01-02,19.45
2003-01-03,19.2
2003-01-04,19.46
2003-01-05,19.09
2003-01-06,19.13
2003-01-07,19.99
2003-01-08,19.41
2003-01-09,18.58
2003-01-10,19.23
2003-01-11,19.3
2003-01-12,19.07
2003-01-13,19.28
2003-01-14,19.5
2003-01-15,18.57
2003-01-16,19.28
2003-01-17,18.43
2003-01-18,18.44
2003-01-19,18.46
2003-01-20,18.7
2003-01-21,18.72
2003-01-22,18.57
2003-01-23,18.19
2003-01-24,18.25
2003-01-25,18.42
2003-01-26,18.24
2003-01-27,17.57
2003-01-28,17.11
2003-01-29,18.1
2003-01-30,17.92
2003-01-31,18.36
2003-02-01,17.87
2003-02-02,18.35
2003-02-03,17.64
2003-02-04,17.48
2003-02-05,18.0
2003-02-06,18.32
2003-02-07,17.5
2003-02-08,17.57
2003-02-09,17.38
2003-02-10,17.2
2003-02-11,17.26
2003-02-12,16.85
2003-02-13,16.99
2003-02-14,16.98
2003-02-15,16.94
2003-02-16,17.6
2003-02-17,16.74
2003-02-18,17.38
2003-02-19,17.38
2003-02-20,16.35
2003-02-21,16.75
2003-02-22,16.96
2003-02-23,16.68
2003-02-24,16.16
2003-02-25,16.04
2003-02-26,16.82
2003-02-27,16.81
2003-02-28,16.62
2003-03-01,16.75
2003-03-02,15.62
2003-03-03,16.2
2003-03-04,16.86
2003-03-05,16.99
2003-03-06,16.72
2003-03-07,17.11
2003-03-08,17.39
2003-03-09,17.29
2003-03-10,17.41
2003-03-11,16.32
2003-03-12,16.67
2003-03-13,16.73
2003-03-14,17.18
2003-03-15,17.1
2003-03-16,17.04
2003-03-17,17.06
2003-03-18,15.67
2003-03-19,16.71
2003-03-20,16.77
2003-03-21,16.16
2003-03-22,16.07
2003-03-23,16.18
2003-03-24,16.25
2003-03-25,16.35
2003-03-26,16.27
2003-03-27,16.35
2003-03-28,16.49
2003-03-29,16.5
2003-03-30,16.76
2003-03-31,16.77
2003-04-01,17.17
2003-04-02,16.86
2003-04-03,17.28
2003-04-04,17.29
2003-04-05,16.7
2003-04-06,16.64
2003-04-07,16.91
2003-04-08,17.6
2003-04-09,18.4
2003-04-10,18.55
2003-04-11,18.57
2003-04-12,17.82
2003-04-13,19.03
2003-04-14,18.14
2003-04-15,18.67
2003-04-16,18.75
2003-04-17,19.0
2003-04-18,18.53
2003-04-19,19.01
2003-04-20,18.85
2003-04-21,17.94
2003-04-22,19.02
2003-04-23,19.39
2003-04-24,20.0
2003-04-25,19.52
2003-04-26,18.8
2003-04-27,19.43
2003-04-28,19.23
2003-04-29,19.29
2003-04-30,19.9
2003-05-01,20.2
2003-05-02,19.75
2003-05-03,20.97
2003-05-04,20.72
2003-05-05,21.3
2003-05-06,21.5
2003-05-07,21.09
2003-05-08,20.66
2003-05-09,20.41
2003-05-10,20.76
2003-05-11,20.62
2003-05-12,20.64
2003-05-13,22.5
2003-05-14,22.4
2003-05-15,22.54
2003-05-16,23.53
2003-05-17,22.9
2003-05-18,23.0
2003-05-19,22.7
2003-05-20,22.62
2003-05-21,23.7
2003-05-22,24.84
2003-05-23,25.49
2003-05-24,24.66
2003-05-25,24.19
2003-05-26,23.89
2003-05-27,23.62
2003-05-28,23.03
2003-05-29,22.92
2003-05-30,22.59
2003-05-31,23.31
2003-06-01,24.03
2003-06-02,23.68
2003-06-03,23.44
2003-06-04,23.13
2003-06-05,23.87
2003-06-06,24.11
2003-06-07,24.82
2003-06-08,24.41
2003-06-09,24.49
2003-06-10,24.91
2003-06-11,25.66
2003-06-12,25.42
2003-06-13,24.88
2003-06-14,25.25
2003-06-15,25.27
2003-06-16,25.84
2003-06-17,26.71
2003-06-18,26.88
2003-06-19,26.19
2003-06-20,26.4
2003-06-21,26.07
2003-06-22,26.53
2003-06-23,27.42
2003-06-24,26.63
2003-06-25,27.29
2003-06-26,27.75
2003-06-27,28.19
2003-06-28,28.18
2003-06-29,28.45
2003-06-30,27.89
2003-07-01,27.38
2003-07-02,28.1
2003-07-03,28.74
2003-07-04,28.34
2003-07-05,27.34
2003-07-06,28.72
2003-07-07,27.99
2003-07-08,28.39
2003-07-09,28.12
2003-07-10,27.83
2003-07-11,29.27
2003-07-12,28.44
2003-07-13,28.22
2003-07-14,26.84
2003-07-15,28.26
2003-07-16,27.56
2003-07-17,27.49
2003-07-18,28.17
2003-07-19,28.5
2003-07-20,28.4
2003-07-21,28.41
2003-07-22,27.31
2003-07-23,27.38
2003-07-24,28.8
2003-07-25,29.01
2003-07-26,28.35
2003-07-27,28.3
2003-07-28,28.81
2003-07-29,27.41
2003-07-30,28.75
2003-07-31,29.27
2003-08-01,29.01
2003-08-02,29.43
2003-08-03,29.56
2003-08-04,29.36
2003-08-05,28.6
2003-08-06,29.69
2003-08-07,29.72
2003-08-08,29.48
2003-08-09,28.5
2003-08-10,28.61
2003-08-11,29.6
2003-08-12,29.35
2003-08-13,29.69
2003-08-14,29.43
2003-08-15,29.78
2003-08-16,29.56
2003-08-17,29.7
2003-08-18,29.49
2003-08-19,28.73
2003-08-20,29.13
2003-08-21,28.72
2003-08-22,28.77
2003-08-23,29.05
2003-08-24,30.06
2003-08-25,29.32
2003-08-26,29.63
2003-08-27,29.87
2003-08-28,29.72
2003-08-29,29.14
2003-08-30,28.94
2003-08-31,28.93
2003-09-01,29.69
2003-09-02,29.68
2003-09-03,28.52
2003-09-04,29.25
2003-09-05,29.1
2003-09-06,29.3
2003-09-07,29.0
2003-09-08,28.36
2003-09-09,28.64
2003-09-10,28.82
2003-09-11,29.0
2003-09-12,27.6
2003-09-13,28.9
2003-09-14,28.89
2003-09-15,28.09
2003-09-16,28.25
2003-09-17,28.56
2003-09-18,28.33
2003-09-19,27.79
2003-09-20,28.44
2003-09-21,29.3
2003-09-22,27.89
2003-09-23,27.44
2003-09-24,27.8
2003-09-25,27.93
2003-09-26,28.16
2003-09-27,28.03
2003-09-28,27.41
2003-09-29,27.01
2003-09-30,27.32
2003-10-01,27.7
2003-10-02,27.14
2003-10-03,27.03
2003-10-04,26.99
2003-10-05,26.8
2003-10-06,27.09
2003-10-07,26.36
2003-10-08,25.88
2003-10-09,25.29
2003-10-10,25.87
2003-10-11,26.63
2003-10-12,26.42
2003-10-13,26.52
2003-10-14,26.21
2003-10-15,26.86
2003-10-16,26.42
2003-10-17,25.78
2003-10-18,26.04
2003-10-19,26.12
2003-10-20,25.73
2003-10-21,25.75
2003-10-22,26.28
2003-10-23,25.74
2003-10-24,26.13
2003-10-25,26.2
2003-10-26,25.96
2003-10-27,25.02
2003-10-28,25.38
2003-10-29,25.48
2003-10-30,25.4
2003-10-31,25.27
2003-11-01,25.47
2003-11-02,25.22
2003-11-03,25.11
2003-11-04,25.4
2003-11-05,24.88
2003-11-06,24.45
2003-11-07,24.86
2003-11-08,24.82
2003-11-09,24.42
2003-11-10,23.86
2003-11-11,23.24
2003-11-12,23.36
2003-11-13,23.43
2003-11-14,23.36
2003-11-15,23.59
2003-11-16,24.22
2003-11-17,23.45
2003-11-18,23.54
2003-11-19,23.3
2003-11-20,23.1
2003-11-21,23.15
2003-11-22,23.38
2003-11-23,22.96
2003-11-24,22.16
2003-11-25,22.34
2003-11-26,22.03
2003-11-27,22.9
2003-11-28,22.36
2003-11-29,22.56
2003-11-30,22.55
2003-12-01,22.45
2003-12-02,22.32
2003-12-03,22.01
2003-12-04,21.57
2003-12-05,21.08
2003-12-06,21.57
2003-12-07,21.68
2003-12-08,21.28
2003-12-09,21.39
2003-12-10,21.69
2003-12-11,21.19
2003-12-12,21.21
2003-12-13,20.89
2003-12-14,20.83
2003-12-15,20.83
2003-12-16,20.59
2003-12-17,20.57
2003-12-18,20.11
2003-12-19,19.82
2003-12-20,19.22
2003-12-21,19.16
2003-12-22,18.72
2003-12-23,19.58
2003-12-24,19.57
2003-12-25,19.07
2003-12-26,19.11
2003-12-27,18.56
2003-12-28,19.07
2003-12-29,19.41
2003-12-30,19.34
2003-12-31,18.4
2004-01-01,18.64
2004-01-02,18.53
2004-01-03,18.53
2004-01-04,18.36
2004-01-05,18.72
2004-01-06,18.56
2004-01-07,18.21
2004-01-08,18.31
2004-01-09,17.89
2004-01-10,18.35
2004-01-11,17.87
2004-01-12,18.03
2004-01-13,17.59
2004-01-14,18.28
2004-01-15,17.64
2004-01-16,17.74
2004-01-17,17.96
2004-01-18,17.98
2004-01-19,18.56
2004-01-20,18.22
2004-01-21,17.41
2004-01-22,17.16
2004-01-23,14.26
2004-01-24,17.13
2004-01-25,17.15
2004-01-26,16.45
2004-01-27,16.48
2004-01-28,17.1
2004-01-29,17.31
2004-01-30,17.32
2004-01-31,17.06
2004-02-01,16.98
2004-02-02,17.21
2004-02-03,17.32
2004-02-04,17.18
2004-02-05,16.44
2004-02-06,16.31
2004-02-07,17.01
2004-02-08,17.26
2004-02-09,17.09
2004-02-10,17.3
2004-02-11,17.33
2004-02-12,17.42
2004-02-13,17.42
2004-02-14,17.03
2004-02-15,16.91
2004-02-16,16.52
2004-02-17,16.41
2004-02-18,16.34
2004-02-19,15.8
2004-02-20,15.84
2004-02-21,15.31
2004-02-22,16.24
2004-02-23,16.36
2004-02-24,16.4
2004-02-25,16.43
2004-02-26,16.67
2004-02-27,16.56
2004-02-28,17.0
2004-02-29,16.84
2004-03-01,16.53
2004-03-02,16.79
2004-03-03,17.26
2004-03-04,17.18
2004-03-05,16.95
2004-03-06,16.97
2004-03-07,17.06
2004-03-08,17.18
2004-03-09,17.21
2004-03-10,17.29
2004-03-11,17.25
2004-03-12,17.55
2004-03-13,17.41
2004-03-14,17.27
2004-03-15,17.1
2004-03-16,16.92
2004-03-17,16.97
2004-03-18,16.8
2004-03-19,17.27
2004-03-20,17.52
2004-03-21,17.33
2004-03-22,17.5
2004-03-23,17.93
2004-03-24,17.66
2004-03-25,17.6
2004-03-26,17.42
2004-03-27,16.88
2004-03-28,17.01
2004-03-29,19.06
2004-03-30,18.33
2004-03-31,18.34
2004-04-01,19.03
2004-04-02,18.31
2004-04-03,18.76
2004-04-04,18.59
2004-04-05,19.19
2004-04-06,18.71
2004-04-07,18.11
2004-04-08,18.21
2004-04-09,18.79
2004-04-10,18.92
2004-04-11,19.1
2004-04-12,19.24
2004-04-13,19.74
2004-04-14,19.77
2004-04-15,19.61
2004-04-16,19.36
2004-04-17,19.33
2004-04-18,19.19
2004-04-19,19.46
2004-04-20,20.31
2004-04-21,20.35
2004-04-22,19.27
2004-04-23,20.31
2004-04-24,20.5
2004-04-25,21.0
2004-04-26,20.3
2004-04-27,20.54
2004-04-28,20.4
2004-04-29,20.78
2004-04-30,20.83
2004-05-01,20.69
2004-05-02,20.15
2004-05-03,20.83
2004-05-04,21.89
2004-05-05,21.13
2004-05-06,21.6
2004-05-07,21.19
2004-05-08,21.65
2004-05-09,21.19
2004-05-10,20.97
2004-05-11,20.97
2004-05-12,21.72
2004-05-13,22.24
2004-05-14,22.21
2004-05-15,21.82
2004-05-16,21.5
2004-05-17,21.24
2004-05-18,22.21
2004-05-19,22.41
2004-05-20,22.44
2004-05-21,21.94
2004-05-22,22.34
2004-05-23,22.14
2004-05-24,22.21
2004-05-25,22.17
2004-05-26,23.15
2004-05-27,23.11
2004-05-28,22.81
2004-05-29,23.29
2004-05-30,23.06
2004-05-31,22.73
2004-06-01,23.58
2004-06-02,23.34
2004-06-03,23.69
2004-06-04,23.78
2004-06-05,23.83
2004-06-06,24.44
2004-06-07,25.03
2004-06-08,24.89
2004-06-09,23.68
2004-06-10,23.2
2004-06-11,24.44
2004-06-12,24.62
2004-06-13,24.91
2004-06-14,25.09
2004-06-15,25.33
2004-06-16,25.47
2004-06-17,25.52
2004-06-18,25.68
2004-06-19,25.3
2004-06-20,26.63
2004-06-21,26.36
2004-06-22,25.25
2004-06-23,25.95
2004-06-24,25.72
2004-06-25,25.83
2004-06-26,26.52
2004-06-27,25.99
2004-06-28,26.54
2004-06-29,26.26
2004-06-30,26.74
2004-07-01,27.02
2004-07-02,27.34
2004-07-03,27.54
2004-07-04,27.32
2004-07-05,27.86
2004-07-06,27.42
2004-07-07,27.3
2004-07-08,26.87
2004-07-09,27.55
2004-07-10,27.04
2004-07-11,27.49
2004-07-12,28.3
2004-07-13,28.22
2004-07-14,28.54
2004-07-15,29.01
2004-07-16,28.36
2004-07-17,28.08
2004-07-18,27.83
2004-07-19,27.98
2004-07-20,28.47
2004-07-21,28.71
2004-07-22,28.62
2004-07-23,28.62
2004-07-24,27.56
2004-07-25,27.56
2004-07-26,28.01
2004-07-27,27.56
2004-07-28,27.26
2004-07-29,28.3
2004-07-30,28.76
2004-07-31,28.26
2004-08-01,27.95
2004-08-02,28.94
2004-08-03,28.79
2004-08-04,28.64
2004-08-05,28.97
2004-08-06,29.16
2004-08-07,28.69
2004-08-08,28.51
2004-08-09,28.97
2004-08-10,28.91
2004-08-11,29.24
2004-08-12,28.02
2004-08-13,29.24
2004-08-14,29.67
2004-08-15,28.25
2004-08-16,29.31
2004-08-17,29.5
2004-08-18,28.86
2004-08-19,29.13
2004-08-20,27.68
2004-08-21,28.53
2004-08-22,29.1
2004-08-23,29.11
2004-08-24,28.25
2004-08-25,27.98
2004-08-26,29.12
2004-08-27,29.06
2004-08-28,28.25
2004-08-29,28.92
2004-08-30,28.79
2004-08-31,28.94
2004-09-01,29.22
2004-09-02,28.52
2004-09-03,28.84
2004-09-04,29.2
2004-09-05,29.2
2004-09-06,28.34
2004-09-07,29.15
2004-09-08,29.26
2004-09-09,29.2
2004-09-10,28.73
2004-09-11,29.28
2004-09-12,28.83
2004-09-13,28.38
2004-09-14,28.47
2004-09-15,27.96
2004-09-16,28.06
2004-09-17,28.25
2004-09-18,28.24
2004-09-19,28.34
2004-09-20,28.33
2004-09-21,28.46
2004-09-22,28.05
2004-09-23,28.1
2004-09-24,27.55
2004-09-25,26.35
2004-09-26,27.71
2004-09-27,27.16
2004-09-28,27.97
2004-09-29,27.33
2004-09-30,27.86
2004-10-01,27.6
2004-10-02,27.92
2004-10-03,27.83
2004-10-04,28.0
2004-10-05,28.08
2004-10-06,27.75
2004-10-07,27.53
2004-10-08,26.71
2004-10-09,27.13
2004-10-10,27.08
2004-10-11,26.21
2004-10-12,26.88
2004-10-13,26.58
2004-10-14,26.95
2004-10-15,25.06
2004-10-16,25.34
2004-10-17,26.61
2004-10-18,27.12
2004-10-19,26.98
2004-10-20,26.67
2004-10-21,26.8
2004-10-22,26.63
2004-10-23,26.82
2004-10-24,26.27
2004-10-25,26.5
2004-10-26,26.27
2004-10-27,25.94
2004-10-28,25.86
2004-10-29,26.0
2004-10-30,26.08
2004-10-31,25.99
2004-11-01,26.02
2004-11-02,25.64
2004-11-03,25.44
2004-11-04,25.54
2004-11-05,25.66
2004-11-06,24.88
2004-11-07,24.98
2004-11-08,25.24
2004-11-09,24.87
2004-11-10,25.04
2004-11-11,24.63
2004-11-12,24.78
2004-11-13,24.65
2004-11-14,24.35
2004-11-15,24.35
2004-11-16,24.27
2004-11-17,23.89
2004-11-18,23.9
2004-11-19,23.6
2004-11-20,23.94
2004-11-21,24.28
2004-11-22,24.03
2004-11-23,23.59
2004-11-24,23.53
2004-11-25,23.47
2004-11-26,21.79
2004-11-27,22.24
2004-11-28,21.22
2004-11-29,21.2
2004-11-30,21.44
2004-12-01,20.71
2004-12-02,21.37
2004-12-03,21.54
2004-12-04,21.93
2004-12-05,19.94
2004-12-06,20.47
2004-12-07,20.45
2004-12-08,20.86
2004-12-09,20.78
2004-12-10,20.61
2004-12-11,20.47
2004-12-12,20.58
2004-12-13,20.58
2004-12-14,20.22
2004-12-15,20.16
2004-12-16,19.92
2004-12-17,20.2
2004-12-18,19.58
2004-12-19,19.14
2004-12-20,19.38
2004-12-21,19.45
2004-12-22,19.53
2004-12-23,18.77
2004-12-24,19.03
2004-12-25,19.11
2004-12-26,18.9
2004-12-27,18.68
2004-12-28,18.69
2004-12-29,18.79
2004-12-30,18.92
2004-12-31,19.17
2005-01-01,19.27
2005-01-02,19.18
2005-01-03,19.29
2005-01-04,18.86
2005-01-05,18.55
2005-01-06,18.35
2005-01-07,18.64
2005-01-08,18.86
2005-01-09,18.6
2005-01-10,18.66
2005-01-11,18.39
2005-01-12,18.95
2005-01-13,18.52
2005-01-14,18.34
2005-01-15,18.21
2005-01-16,18.48
2005-01-17,18.25
2005-01-18,18.09
2005-01-19,17.64
2005-01-20,17.76
2005-01-21,17.95
2005-01-22,17.85
2005-01-23,17.59
2005-01-24,18.14
2005-01-25,17.99
2005-01-26,18.3
2005-01-27,18.25
2005-01-28,18.57
2005-01-29,17.28
2005-01-30,17.38
2005-01-31,17.34
2005-02-01,17.66
2005-02-02,17.64
2005-02-03,17.56
2005-02-04,17.3
2005-02-05,17.12
2005-02-06,17.15
2005-02-07,16.58
2005-02-08,16.81
2005-02-09,16.86
2005-02-10,16.61
2005-02-11,16.71
2005-02-12,16.03
2005-02-13,16.59
2005-02-14,16.24
2005-02-15,15.93
2005-02-16,17.37
2005-02-17,16.56
2005-02-18,17.95
2005-02-19,17.91
2005-02-20,17.25
2005-02-21,16.69
2005-02-22,16.96
2005-02-23,16.95
2005-02-24,16.58
2005-02-25,16.76
2005-02-26,17.02
2005-02-27,16.68
2005-02-28,16.88
2005-03-01,17.65
2005-03-02,17.18
2005-03-03,17.49
2005-03-04,17.99
2005-03-05,17.25
2005-03-06,17.16
2005-03-07,17.21
2005-03-08,17.39
2005-03-09,16.79
2005-03-10,16.94
2005-03-11,17.3
2005-03-12,17.4
2005-03-13,17.29
2005-03-14,17.82
2005-03-15,17.44
2005-03-16,17.1
2005-03-17,17.72
2005-03-18,18.39
2005-03-19,18.13
2005-03-20,17.51
2005-03-21,17.01
2005-03-22,17.26
2005-03-23,17.88
2005-03-24,17.85
2005-03-25,17.64
2005-03-26,17.5
2005-03-27,18.31
2005-03-28,18.05
2005-03-29,17.89
2005-03-30,18.62
2005-03-31,18.15
2005-04-01,18.22
2005-04-02,18.22
2005-04-03,18.12
2005-04-04,17.94
2005-04-05,17.92
2005-04-06,17.95
2005-04-07,17.46
2005-04-08,16.14
2005-04-09,17.18
2005-04-10,17.58
2005-04-11,18.79
2005-04-12,18.76
2005-04-13,18.82
2005-04-14,18.83
2005-04-15,19.49
2005-04-16,19.21
2005-04-17,20.21
2005-04-18,20.22
2005-04-19,19.18
2005-04-20,18.21
2005-04-21,18.31
2005-04-22,18.87
2005-04-23,19.47
2005-04-24,19.4
2005-04-25,19.92
2005-04-26,19.84
2005-04-27,20.25
2005-04-28,20.55
2005-04-29,19.84
2005-04-30,20.02
2005-05-01,20.18
2005-05-02,19.95
2005-05-03,20.43
2005-05-04,21.04
2005-05-05,20.56
2005-05-06,20.66
2005-05-07,21.7
2005-05-08,21.32
2005-05-09,20.18
2005-05-10,21.68
2005-05-11,21.12
2005-05-12,20.64
2005-05-13,21.32
2005-05-14,21.99
2005-05-15,22.02
2005-05-16,22.32
2005-05-17,22.24
2005-05-18,22.13
2005-05-19,22.64
2005-05-20,23.31
2005-05-21,23.54
2005-05-22,23.48
2005-05-23,23.91
2005-05-24,22.69
2005-05-25,23.3
2005-05-26,24.51
2005-05-27,23.86
2005-05-28,23.56
2005-05-29,23.72
2005-05-30,24.25
2005-05-31,24.21
2005-06-01,25.05
2005-06-02,24.42
2005-06-03,23.79
2005-06-04,23.86
2005-06-05,24.68
2005-06-06,25.14
2005-06-07,25.45
2005-06-08,25.66
2005-06-09,25.36
2005-06-10,25.63
2005-06-11,26.27
2005-06-12,25.74
2005-06-13,25.52
2005-06-14,25.65
2005-06-15,25.87
2005-06-16,25.5
2005-06-17,25.62
2005-06-18,26.56
2005-06-19,26.37
2005-06-20,26.42
2005-06-21,26.7
2005-06-22,25.29
2005-06-23,24.67
2005-06-24,26.46
2005-06-25,25.94
2005-06-26,26.23
2005-06-27,27.12
2005-06-28,26.65
2005-06-29,27.11
2005-06-30,26.52
2005-07-01,26.45
2005-07-02,27.26
2005-07-03,27.7
2005-07-04,27.08
2005-07-05,27.42
2005-07-06,27.34
2005-07-07,26.87
2005-07-08,27.42
2005-07-09,28.17
2005-07-10,28.4
2005-07-11,28.33
2005-07-12,27.93
2005-07-13,28.88
2005-07-14,27.58
2005-07-15,27.23
2005-07-16,28.09
2005-07-17,27.41
2005-07-18,27.89
2005-07-19,28.65
2005-07-20,28.98
2005-07-21,29.04
2005-07-22,27.88
2005-07-23,29.24
2005-07-24,28.33
2005-07-25,29.31
2005-07-26,28.83
2005-07-27,28.94
2005-07-28,28.41
2005-07-29,27.89
2005-07-30,29.15
2005-07-31,28.05
2005-08-01,29.01
2005-08-02,28.83
2005-08-03,28.7
2005-08-04,28.55
2005-08-05,29.58
2005-08-06,29.93
2005-08-07,30.12
2005-08-08,30.08
2005-08-09,29.8
2005-08-10,30.26
2005-08-11,29.9
2005-08-12,29.0
2005-08-13,29.17
2005-08-14,30.0
2005-08-15,29.63
2005-08-16,29.77
2005-08-17,30.13
2005-08-18,29.55
2005-08-19,28.59
2005-08-20,29.61
2005-08-21,28.94
2005-08-22,29.25
2005-08-23,28.69
2005-08-24,28.58
2005-08-25,28.11
2005-08-26,28.44
2005-08-27,29.35
2005-08-28,28.64
2005-08-29,28.06
2005-08-30,28.87
2005-08-31,27.84
2005-09-01,28.72
2005-09-02,29.71
2005-09-03,29.01
2005-09-04,29.59
2005-09-05,29.49
2005-09-06,29.45
2005-09-07,29.19
2005-09-08,28.97
2005-09-09,28.24
2005-09-10,28.1
2005-09-11,28.6
2005-09-12,29.09
2005-09-13,28.62
2005-09-14,28.45
2005-09-15,28.93
2005-09-16,28.78
2005-09-17,28.34
2005-09-18,28.8
2005-09-19,28.12
2005-09-20,28.32
2005-09-21,28.93
2005-09-22,28.44
2005-09-23,27.91
2005-09-24,28.56
2005-09-25,28.64
2005-09-26,28.44
2005-09-27,28.41
2005-09-28,28.46
2005-09-29,28.44
2005-09-30,28.42
2005-10-01,28.02
2005-10-02,27.74
2005-10-03,27.52
2005-10-04,27.63
2005-10-05,27.73
2005-10-06,27.1
2005-10-07,27.6
2005-10-08,27.86
2005-10-09,27.87
2005-10-10,27.42
2005-10-11,27.0
2005-10-12,27.31
2005-10-13,27.32
2005-10-14,26.65
2005-10-15,26.05
2005-10-16,26.46
2005-10-17,27.02
2005-10-18,26.66
2005-10-19,26.26
2005-10-20,26.15
2005-10-21,26.16
2005-10-22,26.07
2005-10-23,25.53
2005-10-24,24.66
2005-10-25,25.47
2005-10-26,25.07
2005-10-27,24.89
2005-10-28,24.79
2005-10-29,24.95
2005-10-30,24.65
2005-10-31,24.54
2005-11-01,24.32
2005-11-02,24.26
2005-11-03,24.42
2005-11-04,24.18
2005-11-05,23.93
2005-11-06,23.61
2005-11-07,23.22
2005-11-08,23.35
2005-11-09,23.04
2005-11-10,22.84
2005-11-11,22.96
2005-11-12,23.14
2005-11-13,22.94
2005-11-14,22.68
2005-11-15,22.1
2005-11-16,22.14
2005-11-17,22.34
2005-11-18,22.38
2005-11-19,22.17
2005-11-20,22.46
2005-11-21,22.3
2005-11-22,21.93
2005-11-23,21.26
2005-11-24,21.68
2005-11-25,21.8
2005-11-26,21.57
2005-11-27,21.65
2005-11-28,21.7
2005-11-29,21.32
2005-11-30,21.79
2005-12-01,21.74
2005-12-02,21.68
2005-12-03,21.69
2005-12-04,21.37
2005-12-05,21.18
2005-12-06,21.08
2005-12-07,21.41
2005-12-08,21.45
2005-12-09,21.24
2005-12-10,21.24
2005-12-11,21.09
2005-12-12,21.12
2005-12-13,21.33
2005-12-14,20.95
2005-12-15,20.98
2005-12-16,20.52
2005-12-17,20.39
2005-12-18,20.95
2005-12-19,20.28
2005-12-20,20.08
2005-12-21,20.08
2005-12-22,20.05
2005-12-23,19.58
2005-12-24,19.35
2005-12-25,19.05
2005-12-26,19.26
2005-12-27,19.15
2005-12-28,18.51
2005-12-29,18.89
2005-12-30,18.83
2005-12-31,18.83
2006-01-01,19.02
2006-01-02,19.07
2006-01-03,18.52
2006-01-04,18.94
2006-01-05,18.89
2006-01-06,18.72
2006-01-07,18.77
2006-01-08,18.38
2006-01-09,18.23
2006-01-10,18.27
2006-01-11,18.01
2006-01-12,17.96
2006-01-13,18.23
2006-01-14,18.15
2006-01-15,17.67
2006-01-16,17.6
2006-01-17,17.56
2006-01-18,17.35
2006-01-19,17.35
2006-01-20,17.69
2006-01-21,17.38
2006-01-22,17.11
2006-01-23,17.24
2006-01-24,17.39
2006-01-25,17.04
2006-01-26,17.12
2006-01-27,17.04
2006-01-28,16.9
2006-01-29,16.72
2006-01-30,17.2
2006-01-31,17.43
2006-02-01,17.4
2006-02-02,17.03
2006-02-03,17.08
2006-02-04,17.02
2006-02-05,17.12
2006-02-06,16.42
2006-02-07,17.39
2006-02-08,17.21
2006-02-09,16.67
2006-02-10,16.53
2006-02-11,16.57
2006-02-12,16.68
2006-02-13,16.65
2006-02-14,16.84
2006-02-15,16.81
2006-02-16,16.84
2006-02-17,16.92
2006-02-18,16.34
2006-02-19,16.88
2006-02-20,17.22
2006-02-21,16.9
2006-02-22,16.25
2006-02-23,17.06
2006-02-24,17.26
2006-02-25,17.28
2006-02-26,16.38
2006-02-27,17.16
2006-02-28,17.6
2006-03-01,17.33
2006-03-02,16.96
2006-03-03,17.26
2006-03-04,18.14
2006-03-05,17.93
2006-03-06,17.0
2006-03-07,17.09
2006-03-08,17.76
2006-03-09,17.11
2006-03-10,16.65
2006-03-11,17.12
2006-03-12,17.34
2006-03-13,17.68
2006-03-14,16.94
2006-03-15,17.4
2006-03-16,17.1
2006-03-17,17.15
2006-03-18,17.61
2006-03-19,17.71
2006-03-20,16.82
2006-03-21,17.82
2006-03-22,18.06
2006-03-23,17.25
2006-03-24,17.41
2006-03-25,17.84
2006-03-26,17.59
2006-03-27,18.11
2006-03-28,17.73
2006-03-29,17.47
2006-03-30,18.07
2006-03-31,18.44
2006-04-01,18.18
2006-04-02,17.68
2006-04-03,18.54
2006-04-04,18.5
2006-04-05,18.31
2006-04-06,17.75
2006-04-07,18.17
2006-04-08,18.38
2006-04-09,18.56
2006-04-10,17.3
2006-04-11,18.06
2006-04-12,19.35
2006-04-13,19.78
2006-04-14,19.6
2006-04-15,19.34
2006-04-16,19.45
2006-04-17,19.04
2006-04-18,18.95
2006-04-19,20.09
2006-04-20,19.68
2006-04-21,19.56
2006-04-22,19.56
2006-04-23,19.56
2006-04-24,19.77
2006-04-25,20.41
2006-04-26,19.91
2006-04-27,19.17
2006-04-28,20.14
2006-04-29,20.24
2006-04-30,19.41
2006-05-01,20.72
2006-05-02,21.32
2006-05-03,20.49
2006-05-04,20.7
2006-05-05,20.7
2006-05-06,20.96
2006-05-07,21.09
2006-05-08,21.14
2006-05-09,20.91
2006-05-10,21.04
2006-05-11,21.57
2006-05-12,20.92
2006-05-13,21.24
2006-05-14,21.27
2006-05-15,21.81
2006-05-16,21.1
2006-05-17,21.79
2006-05-18,22.8
2006-05-19,21.86
2006-05-20,22.54
2006-05-21,23.11
2006-05-22,22.72
2006-05-23,22.88
2006-05-24,23.2
2006-05-25,22.6
2006-05-26,23.59
2006-05-27,24.16
2006-05-28,24.61
2006-05-29,24.05
2006-05-30,24.23
2006-05-31,24.54
2006-06-01,24.2
2006-06-02,24.6
2006-06-03,25.95
2006-06-04,25.87
2006-06-05,26.18
2006-06-06,26.14
2006-06-07,26.02
2006-06-08,25.55
2006-06-09,26.76
2006-06-10,26.04
2006-06-11,25.91
2006-06-12,26.09
2006-06-13,25.76
2006-06-14,26.19
2006-06-15,26.39
2006-06-16,26.1
2006-06-17,25.73
2006-06-18,25.94
2006-06-19,25.92
2006-06-20,26.04
2006-06-21,25.87
2006-06-22,26.88
2006-06-23,26.82
2006-06-24,26.84
2006-06-25,26.93
2006-06-26,26.57
2006-06-27,26.74
2006-06-28,27.07
2006-06-29,27.18
2006-06-30,27.12
2006-07-01,28.29
2006-07-02,28.28
2006-07-03,28.17
2006-07-04,28.55
2006-07-05,27.48
2006-07-06,27.48
2006-07-07,28.13
2006-07-08,27.82
2006-07-09,27.65
2006-07-10,27.57
2006-07-11,28.68
2006-07-12,28.54
2006-07-13,27.46
2006-07-14,27.99
2006-07-15,27.42
2006-07-16,27.32
2006-07-17,27.99
2006-07-18,27.0
2006-07-19,27.49
2006-07-20,28.26
2006-07-21,27.56
2006-07-22,28.14
2006-07-23,28.24
2006-07-24,27.72
2006-07-25,28.24
2006-07-26,27.67
2006-07-27,29.12
2006-07-28,28.81
2006-07-29,27.97
2006-07-30,27.94
2006-07-31,27.53
2006-08-01,27.34
2006-08-02,28.81
2006-08-03,28.2
2006-08-04,27.72
2006-08-05,28.18
2006-08-06,27.57
2006-08-07,27.75
2006-08-08,28.51
2006-08-09,28.49
2006-08-10,28.5
2006-08-11,28.59
2006-08-12,28.38
2006-08-13,28.24
2006-08-14,29.18
2006-08-15,29.01
2006-08-16,28.13
2006-08-17,27.94
2006-08-18,28.26
2006-08-19,27.07
2006-08-20,27.63
2006-08-21,29.6
2006-08-22,28.71
2006-08-23,29.48
2006-08-24,29.52
2006-08-25,27.99
2006-08-26,28.68
2006-08-27,29.87
2006-08-28,30.33
2006-08-29,29.48
2006-08-30,29.06
2006-08-31,29.46
2006-09-01,28.29
2006-09-02,28.55
2006-09-03,29.49
2006-09-04,28.42
2006-09-05,29.07
2006-09-06,29.55
2006-09-07,29.22
2006-09-08,28.48
2006-09-09,28.44
2006-09-10,27.13
2006-09-11,28.14
2006-09-12,28.65
2006-09-13,28.08
2006-09-14,27.94
2006-09-15,28.5
2006-09-16,28.31
2006-09-17,27.86
2006-09-18,28.48
2006-09-19,29.11
2006-09-20,28.7
2006-09-21,28.6
2006-09-22,28.72
2006-09-23,28.62
2006-09-24,28.62
2006-09-25,28.79
2006-09-26,28.17
2006-09-27,28.07
2006-09-28,28.5
2006-09-29,28.38
2006-09-30,27.45
2006-10-01,28.6
2006-10-02,28.02
2006-10-03,27.7
2006-10-04,27.76
2006-10-05,27.7
2006-10-06,26.98
2006-10-07,27.92
2006-10-08,27.36
2006-10-09,27.53
2006-10-10,26.99
2006-10-11,27.04
2006-10-12,27.55
2006-10-13,27.12
2006-10-14,26.91
2006-10-15,26.94
2006-10-16,26.7
2006-10-17,26.57
2006-10-18,26.33
2006-10-19,25.57
2006-10-20,25.94
2006-10-21,25.53
2006-10-22,25.44
2006-10-23,25.75
2006-10-24,25.78
2006-10-25,25.47
2006-10-26,25.43
2006-10-27,25.8
2006-10-28,25.32
2006-10-29,25.15
2006-10-30,25.21
2006-10-31,24.93
2006-11-01,24.89
2006-11-02,24.47
2006-11-03,24.57
2006-11-04,25.01
2006-11-05,24.92
2006-11-06,23.54
2006-11-07,23.35
2006-11-08,23.57
2006-11-09,23.4
2006-11-10,22.93
2006-11-11,23.33
2006-11-12,23.3
2006-11-13,23.07
2006-11-14,22.99
2006-11-15,22.91
2006-11-16,22.66
2006-11-17,22.69
2006-11-18,22.59
2006-11-19,22.21
2006-11-20,22.85
2006-11-21,22.66
2006-11-22,22.5
2006-11-23,22.24
2006-11-24,21.95
2006-11-25,22.4
2006-11-26,21.99
2006-11-27,21.9
2006-11-28,21.51
2006-11-29,21.78
2006-11-30,21.6
2006-12-01,21.77
2006-12-02,21.12
2006-12-03,22.0
2006-12-04,21.52
2006-12-05,21.25
2006-12-06,21.23
2006-12-07,21.27
2006-12-08,20.96
2006-12-09,20.56
2006-12-10,20.98
2006-12-11,21.09
2006-12-12,20.36
2006-12-13,20.63
2006-12-14,20.78
2006-12-15,20.57
2006-12-16,20.18
2006-12-17,20.28
2006-12-18,20.19
2006-12-19,19.71
2006-12-20,20.06
2006-12-21,19.99
2006-12-22,19.88
2006-12-23,19.78
2006-12-24,19.54
2006-12-25,19.96
2006-12-26,19.55
2006-12-27,19.58
2006-12-28,19.34
2006-12-29,19.18
2006-12-30,18.81
2006-12-31,18.22
2007-01-01,18.09
2007-01-02,18.02
2007-01-03,18.3
2007-01-04,18.6
2007-01-05,18.68
2007-01-06,18.64
2007-01-07,18.34
2007-01-08,18.34
2007-01-09,18.47
2007-01-10,18.49
2007-01-11,18.63
2007-01-12,18.53
2007-01-13,17.91
2007-01-14,17.92
2007-01-15,17.72
2007-01-16,16.99
2007-01-17,18.78
2007-01-18,17.84
2007-01-19,17.92
2007-01-20,18.06
2007-01-21,17.8
2007-01-22,17.41
2007-01-23,17.61
2007-01-24,17.82
2007-01-25,17.89
2007-01-26,18.24
2007-01-27,17.85
2007-01-28,17.98
2007-01-29,17.63
2007-01-30,17.13
2007-01-31,17.16
2007-02-01,16.88
2007-02-02,16.98
2007-02-03,16.98
2007-02-04,17.03
2007-02-05,16.63
2007-02-06,16.98
2007-02-07,16.75
2007-02-08,17.62
2007-02-09,16.85
2007-02-10,16.4
2007-02-11,16.75
2007-02-12,17.45
2007-02-13,16.63
2007-02-14,17.47
2007-02-15,17.01
2007-02-16,16.5
2007-02-17,17.62
2007-02-18,17.59
2007-02-19,17.11
2007-02-20,16.6
2007-02-21,16.92
2007-02-22,17.54
2007-02-23,17.48
2007-02-24,17.32
2007-02-25,17.2
2007-02-26,16.87
2007-02-27,16.99
2007-02-28,17.1
2007-03-01,16.81
2007-03-02,17.26
2007-03-03,17.52
2007-03-04,17.67
2007-03-05,17.65
2007-03-06,17.48
2007-03-07,17.45
2007-03-08,17.19
2007-03-09,16.69
2007-03-10,17.75
2007-03-11,17.24
2007-03-12,17.27
2007-03-13,17.82
2007-03-14,17.67
2007-03-15,17.59
2007-03-16,17.1
2007-03-17,16.13
2007-03-18,16.64
2007-03-19,17.32
2007-03-20,16.9
2007-03-21,16.59
2007-03-22,16.89
2007-03-23,16.86
2007-03-24,16.55
2007-03-25,17.22
2007-03-26,17.17
2007-03-27,16.97
2007-03-28,17.7
2007-03-29,17.68
2007-03-30,17.23
2007-03-31,18.64
2007-04-01,18.18
2007-04-02,18.11
2007-04-03,17.76
2007-04-04,18.46
2007-04-05,17.72
2007-04-06,19.36
2007-04-07,18.86
2007-04-08,17.74
2007-04-09,18.11
2007-04-10,18.36
2007-04-11,17.95
2007-04-12,18.02
2007-04-13,18.95
2007-04-14,18.68
2007-04-15,18.89
2007-04-16,19.26
2007-04-17,18.97
2007-04-18,18.0
2007-04-19,19.57
2007-04-20,19.59
2007-04-21,19.13
2007-04-22,19.15
2007-04-23,19.76
2007-04-24,19.45
2007-04-25,19.15
2007-04-26,19.26
2007-04-27,19.13
2007-04-28,19.19
2007-04-29,19.5
2007-04-30,20.01
2007-05-01,19.76
2007-05-02,21.09
2007-05-03,20.78
2007-05-04,20.11
2007-05-05,21.08
2007-05-06,21.72
2007-05-07,21.05
2007-05-08,20.84
2007-05-09,20.92
2007-05-10,21.19
2007-05-11,21.21
2007-05-12,21.7
2007-05-13,21.17
2007-05-14,20.78
2007-05-15,20.98
2007-05-16,21.32
2007-05-17,21.81
2007-05-18,21.88
2007-05-19,22.37
2007-05-20,21.3
2007-05-21,21.91
2007-05-22,22.76
2007-05-23,21.58
2007-05-24,22.26
2007-05-25,22.23
2007-05-26,22.73
2007-05-27,22.76
2007-05-28,23.25
2007-05-29,22.91
2007-05-30,21.78
2007-05-31,23.45
2007-06-01,22.6
2007-06-02,23.65
2007-06-03,23.72
2007-06-04,23.87
2007-06-05,23.95
2007-06-06,23.43
2007-06-07,24.4
2007-06-08,23.84
2007-06-09,24.21
2007-06-10,24.47
2007-06-11,23.13
2007-06-12,24.17
2007-06-13,25.09
2007-06-14,24.83
2007-06-15,24.06
2007-06-16,25.33
2007-06-17,24.15
2007-06-18,26.15
2007-06-19,24.79
2007-06-20,25.6
2007-06-21,26.08
2007-06-22,26.26
2007-06-23,26.39
2007-06-24,26.06
2007-06-25,26.34
2007-06-26,27.11
2007-06-27,26.35
2007-06-28,26.99
2007-06-29,26.6
2007-06-30,27.79
2007-07-01,27.47
2007-07-02,27.47
2007-07-03,28.07
2007-07-04,27.68
2007-07-05,28.29
2007-07-06,27.72
2007-07-07,27.5
2007-07-08,27.22
2007-07-09,28.01
2007-07-10,27.98
2007-07-11,28.27
2007-07-12,28.64
2007-07-13,27.61
2007-07-14,27.3
2007-07-15,28.02
2007-07-16,27.35
2007-07-17,27.63
2007-07-18,28.35
2007-07-19,28.58
2007-07-20,28.81
2007-07-21,29.11
2007-07-22,29.15
2007-07-23,28.39
2007-07-24,28.73
2007-07-25,29.05
2007-07-26,28.94
2007-07-27,29.79
2007-07-28,29.9
2007-07-29,28.48
2007-07-30,28.41
2007-07-31,29.06
2007-08-01,29.08
2007-08-02,29.63
2007-08-03,29.39
2007-08-04,29.05
2007-08-05,29.03
2007-08-06,29.29
2007-08-07,28.7
2007-08-08,29.24
2007-08-09,29.5
2007-08-10,29.75
2007-08-11,28.37
2007-08-12,28.44
2007-08-13,28.85
2007-08-14,28.68
2007-08-15,29.54
2007-08-16,29.54
2007-08-17,29.45
2007-08-18,28.51
2007-08-19,29.59
2007-08-20,29.48
2007-08-21,29.62
2007-08-22,29.75
2007-08-23,29.88
2007-08-24,29.51
2007-08-25,30.14
2007-08-26,30.23
2007-08-27,29.73
2007-08-28,29.69
2007-08-29,29.48
2007-08-30,29.21
2007-08-31,29.54
2007-09-01,29.33
2007-09-02,29.05
2007-09-03,29.34
2007-09-04,29.78
2007-09-05,29.75
2007-09-06,29.83
2007-09-07,29.77
2007-09-08,30.03
2007-09-09,29.28
2007-09-10,29.33
2007-09-11,29.21
2007-09-12,28.73
2007-09-13,29.15
2007-09-14,28.63
2007-09-15,29.29
2007-09-16,28.24
2007-09-17,29.14
2007-09-18,28.38
2007-09-19,28.8
2007-09-20,28.68
2007-09-21,28.83
2007-09-22,28.56
2007-09-23,28.57
2007-09-24,28.0
2007-09-25,28.08
2007-09-26,28.01
2007-09-27,26.76
2007-09-28,27.28
2007-09-29,27.53
2007-09-30,27.6
2007-10-01,26.42
2007-10-02,27.74
2007-10-03,27.71
2007-10-04,27.16
2007-10-05,27.89
2007-10-06,26.75
2007-10-07,26.99
2007-10-08,26.59
2007-10-09,27.33
2007-10-10,26.9
2007-10-11,27.03
2007-10-12,27.31
2007-10-13,26.83
2007-10-14,25.84
2007-10-15,27.08
2007-10-16,26.62
2007-10-17,26.56
2007-10-18,26.74
2007-10-19,26.4
2007-10-20,26.34
2007-10-21,26.74
2007-10-22,26.64
2007-10-23,26.23
2007-10-24,25.78
2007-10-25,26.07
2007-10-26,26.2
2007-10-27,26.1
2007-10-28,26.3
2007-10-29,26.02
2007-10-30,25.85
2007-10-31,25.75
2007-11-01,25.66
2007-11-02,25.33
2007-11-03,25.48
2007-11-04,25.14
2007-11-05,25.14
2007-11-06,25.39
2007-11-07,24.86
2007-11-08,24.79
2007-11-09,24.76
2007-11-10,24.73
2007-11-11,24.5
2007-11-12,23.98
2007-11-13,24.62
2007-11-14,24.16
2007-11-15,23.85
2007-11-16,24.12
2007-11-17,23.23
2007-11-18,23.73
2007-11-19,24.35
2007-11-20,24.01
2007-11-21,23.3
2007-11-22,23.11
2007-11-23,23.14
2007-11-24,22.4
2007-11-25,22.58
2007-11-26,22.62
2007-11-27,22.51
2007-11-28,22.49
2007-11-29,22.45
2007-11-30,22.4
2007-12-01,22.36
2007-12-02,22.12
2007-12-03,21.85
2007-12-04,21.43
2007-12-05,21.62
2007-12-06,21.5
2007-12-07,20.95
2007-12-08,21.52
2007-12-09,21.1
2007-12-10,21.28
2007-12-11,21.73
2007-12-12,21.23
2007-12-13,21.03
2007-12-14,20.99
2007-12-15,20.33
2007-12-16,19.98
2007-12-17,20.32
2007-12-18,20.42
2007-12-19,20.37
2007-12-20,20.16
2007-12-21,20.1
2007-12-22,19.75
2007-12-23,20.15
2007-12-24,20.15
2007-12-25,20.02
2007-12-26,19.69
2007-12-27,19.77
2007-12-28,19.67
2007-12-29,19.64
2007-12-30,19.68
2007-12-31,19.19
2008-01-01,19.21
2008-01-02,19.16
2008-01-03,19.12
2008-01-04,19.15
2008-01-05,19.06
2008-01-06,18.86
2008-01-07,19.04
2008-01-08,18.47
2008-01-09,18.49
2008-01-10,18.66
2008-01-11,18.76
2008-01-12,18.61
2008-01-13,18.22
2008-01-14,18.17
2008-01-15,18.15
2008-01-16,18.46
2008-01-17,18.4
2008-01-18,18.07
2008-01-19,18.07
2008-01-20,18.33
2008-01-21,17.72
2008-01-22,17.52
2008-01-23,18.16
2008-01-24,17.91
2008-01-25,17.68
2008-01-26,17.07
2008-01-27,18.07
2008-01-28,17.48
2008-01-29,18.3
2008-01-30,18.24
2008-01-31,16.94
2008-02-01,17.09
2008-02-02,16.95
2008-02-03,17.18
2008-02-04,17.07
2008-02-05,17.44
2008-02-06,17.57
2008-02-07,17.31
2008-02-08,17.69
2008-02-09,17.03
2008-02-10,16.52
2008-02-11,17.1
2008-02-12,16.99
2008-02-13,17.22
2008-02-14,17.39
2008-02-15,17.3
2008-02-16,17.3
2008-02-17,17.38
2008-02-18,16.86
2008-02-19,16.66
2008-02-20,16.68
2008-02-21,17.4
2008-02-22,16.89
2008-02-23,16.75
2008-02-24,16.78
2008-02-25,16.65
2008-02-26,16.84
2008-02-27,16.96
2008-02-28,16.2
2008-02-29,17.28
2008-03-01,17.3
2008-03-02,17.32
2008-03-03,17.21
2008-03-04,17.51
2008-03-05,17.73
2008-03-06,17.82
2008-03-07,17.99
2008-03-08,18.0
2008-03-09,17.95
2008-03-10,17.98
2008-03-11,18.5
2008-03-12,18.78
2008-03-13,17.87
2008-03-14,18.26
2008-03-15,18.4
2008-03-16,18.22
2008-03-17,16.96
2008-03-18,18.21
2008-03-19,18.75
2008-03-20,18.5
2008-03-21,20.3
2008-03-22,19.8
2008-03-23,20.09
2008-03-24,19.62
2008-03-25,19.48
2008-03-26,18.65
2008-03-27,19.29
2008-03-28,19.08
2008-03-29,19.07
2008-03-30,19.44
2008-03-31,19.25
2008-04-01,19.42
2008-04-02,19.59
2008-04-03,19.15
2008-04-04,19.31
2008-04-05,19.64
2008-04-06,19.59
2008-04-07,19.84
2008-04-08,19.22
2008-04-09,19.39
2008-04-10,20.07
2008-04-11,20.56
2008-04-12,19.18
2008-04-13,19.98
2008-04-14,20.67
2008-04-15,20.61
2008-04-16,21.96
2008-04-17,20.51
2008-04-18,20.63
2008-04-19,20.66
2008-04-20,20.55
2008-04-21,20.01
2008-04-22,20.75
2008-04-23,21.32
2008-04-24,21.08
2008-04-25,20.55
2008-04-26,21.22
2008-04-27,22.04
2008-04-28,21.82
2008-04-29,21.71
2008-04-30,21.75
2008-05-01,21.71
2008-05-02,21.77
2008-05-03,21.8
2008-05-04,22.46
2008-05-05,21.34
2008-05-06,21.69
2008-05-07,22.41
2008-05-08,22.17
2008-05-09,21.71
2008-05-10,21.61
2008-05-11,22.67
2008-05-12,22.8
2008-05-13,23.0
2008-05-14,22.8
2008-05-15,22.89
2008-05-16,22.49
2008-05-17,21.99
2008-05-18,22.46
2008-05-19,23.1
2008-05-20,23.23
2008-05-21,23.07
2008-05-22,23.34
2008-05-23,23.52
2008-05-24,23.22
2008-05-25,23.69
2008-05-26,24.14
2008-05-27,24.57
2008-05-28,24.72
2008-05-29,24.76
2008-05-30,25.15
2008-05-31,25.12
2008-06-01,25.08
2008-06-02,24.51
2008-06-03,25.05
2008-06-04,25.37
2008-06-05,25.82
2008-06-06,25.9
2008-06-07,26.05
2008-06-08,25.55
2008-06-09,25.88
2008-06-10,26.04
2008-06-11,25.56
2008-06-12,26.51
2008-06-13,26.22
2008-06-14,26.28
2008-06-15,26.68
2008-06-16,26.74
2008-06-17,26.1
2008-06-18,27.03
2008-06-19,27.11
2008-06-20,26.99
2008-06-21,27.46
2008-06-22,27.46
2008-06-23,27.09
2008-06-24,27.76
2008-06-25,27.42
2008-06-26,27.48
2008-06-27,28.08
2008-06-28,28.13
2008-06-29,27.85
2008-06-30,27.38
2008-07-01,27.54
2008-07-02,27.18
2008-07-03,28.28
2008-07-04,27.94
2008-07-05,27.77
2008-07-06,28.44
2008-07-07,28.21
2008-07-08,27.83
2008-07-09,29.17
2008-07-10,29.4
2008-07-11,29.11
2008-07-12,28.93
2008-07-13,28.69
2008-07-14,28.7
2008-07-15,29.14
2008-07-16,28.98
2008-07-17,29.09
2008-07-18,29.69
2008-07-19,28.64
2008-07-20,29.83
2008-07-21,29.84
2008-07-22,29.67
2008-07-23,29.54
2008-07-24,29.69
2008-07-25,28.95
2008-07-26,29.67
2008-07-27,29.56
2008-07-28,29.49
2008-07-29,28.88
2008-07-30,27.79
2008-07-31,27.88
2008-08-01,29.17
2008-08-02,29.61
2008-08-03,29.75
2008-08-04,28.89
2008-08-05,29.56
2008-08-06,29.5
2008-08-07,29.71
2008-08-08,28.92
2008-08-09,29.28
2008-08-10,29.59
2008-08-11,28.85
2008-08-12,29.32
2008-08-13,29.59
2008-08-14,29.51
2008-08-15,29.26
2008-08-16,29.38
2008-08-17,29.21
2008-08-18,29.03
2008-08-19,28.94
2008-08-20,28.75
2008-08-21,29.45
2008-08-22,29.71
2008-08-23,29.17
2008-08-24,29.71
2008-08-25,29.82
2008-08-26,30.0
2008-08-27,29.53
2008-08-28,30.13
2008-08-29,29.68
2008-08-30,29.55
2008-08-31,29.49
2008-09-01,29.57
2008-09-02,28.98
2008-09-03,27.71
2008-09-04,28.5
2008-09-05,28.91
2008-09-06,27.91
2008-09-07,29.89
2008-09-08,30.04
2008-09-09,29.41
2008-09-10,29.83
2008-09-11,29.93
2008-09-12,29.86
2008-09-13,29.66
2008-09-14,29.89
2008-09-15,29.94
2008-09-16,29.14
2008-09-17,29.66
2008-09-18,29.25
2008-09-19,29.5
2008-09-20,29.25
2008-09-21,29.32
2008-09-22,29.35
2008-09-23,29.11
2008-09-24,29.11
2008-09-25,27.51
2008-09-26,28.65
2008-09-27,28.32
2008-09-28,28.04
2008-09-29,28.09
2008-09-30,27.92
2008-10-01,27.64
2008-10-02,27.69
2008-10-03,27.61
2008-10-04,27.61
2008-10-05,27.85
2008-10-06,26.86
2008-10-07,26.6
2008-10-08,26.94
2008-10-09,26.98
2008-10-10,27.1
2008-10-11,27.06
2008-10-12,27.01
2008-10-13,26.57
2008-10-14,26.52
2008-10-15,26.74
2008-10-16,26.46
2008-10-17,26.42
2008-10-18,26.38
2008-10-19,26.16
2008-10-20,25.53
2008-10-21,25.92
2008-10-22,26.59
2008-10-23,26.21
2008-10-24,26.62
2008-10-25,26.41
2008-10-26,26.16
2008-10-27,26.17
2008-10-28,25.06
2008-10-29,24.82
2008-10-30,24.45
2008-10-31,24.36
2008-11-01,24.41
2008-11-02,25.04
2008-11-03,24.41
2008-11-04,24.63
2008-11-05,24.84
2008-11-06,24.37
2008-11-07,24.24
2008-11-08,24.05
2008-11-09,23.99
2008-11-10,23.9
2008-11-11,23.79
2008-11-12,23.88
2008-11-13,23.84
2008-11-14,23.7
2008-11-15,23.63
2008-11-16,23.3
2008-11-17,23.29
2008-11-18,23.39
2008-11-19,23.44
2008-11-20,23.43
2008-11-21,22.97
2008-11-22,23.07
2008-11-23,23.08
2008-11-24,23.12
2008-11-25,22.86
2008-11-26,22.87
2008-11-27,22.65
2008-11-28,21.93
2008-11-29,22.23
2008-11-30,22.01
2008-12-01,21.93
2008-12-02,22.1
2008-12-03,22.01
2008-12-04,22.01
2008-12-05,22.0
2008-12-06,21.92
2008-12-07,21.31
2008-12-08,21.91
2008-12-09,21.23
2008-12-10,21.34
2008-12-11,21.38
2008-12-12,21.61
2008-12-13,21.56
2008-12-14,21.37
2008-12-15,20.46
2008-12-16,21.17
2008-12-17,20.94
2008-12-18,21.1
2008-12-19,21.1
2008-12-20,20.55
2008-12-21,20.46
2008-12-22,20.5
2008-12-23,19.93
2008-12-24,19.84
2008-12-25,20.01
2008-12-26,19.92
2008-12-27,20.2
2008-12-28,20.33
2008-12-29,20.29
2008-12-30,20.08
2008-12-31,20.06
2009-01-01,19.58
2009-01-02,19.44
2009-01-03,19.34
2009-01-04,19.45
2009-01-05,19.53
2009-01-06,19.59
2009-01-07,19.23
2009-01-08,19.17
2009-01-09,19.26
2009-01-10,18.86
2009-01-11,18.92
2009-01-12,19.06
2009-01-13,18.8
2009-01-14,18.8
2009-01-15,18.92
2009-01-16,18.65
2009-01-17,18.58
2009-01-18,18.64
2009-01-19,18.68
2009-01-20,18.44
2009-01-21,18.49
2009-01-22,18.49
2009-01-23,18.34
2009-01-24,18.66
2009-01-25,18.7
2009-01-26,18.08
2009-01-27,18.25
2009-01-28,18.38
2009-01-29,18.16
2009-01-30,17.84
2009-01-31,18.16
2009-02-01,18.05
2009-02-02,18.18
2009-02-03,17.92
2009-02-04,18.44
2009-02-05,17.45
2009-02-06,17.57
2009-02-07,18.16
2009-02-08,18.09
2009-02-09,17.67
2009-02-10,17.65
2009-02-11,17.49
2009-02-12,17.54
2009-02-13,17.93
2009-02-14,17.84
2009-02-15,17.92
2009-02-16,17.29
2009-02-17,17.68
2009-02-18,17.44
2009-02-19,17.47
2009-02-20,17.0
2009-02-21,17.21
2009-02-22,17.33
2009-02-23,17.52
2009-02-24,17.43
2009-02-25,17.33
2009-02-26,17.4
2009-02-27,16.84
2009-02-28,16.93
2009-03-01,16.84
2009-03-02,16.46
2009-03-03,17.03
2009-03-04,17.32
2009-03-05,17.01
2009-03-06,17.03
2009-03-07,18.14
2009-03-08,16.92
2009-03-09,17.03
2009-03-10,17.51
2009-03-11,17.61
2009-03-12,16.1
2009-03-13,16.84
2009-03-14,17.53
2009-03-15,17.23
2009-03-16,17.2
2009-03-17,17.18
2009-03-18,17.42
2009-03-19,17.21
2009-03-20,17.16
2009-03-21,16.69
2009-03-22,17.16
2009-03-23,17.25
2009-03-24,17.09
2009-03-25,17.27
2009-03-26,17.8
2009-03-27,17.07
2009-03-28,16.24
2009-03-29,16.85
2009-03-30,16.58
2009-03-31,16.9
2009-04-01,17.8
2009-04-02,17.76
2009-04-03,18.15
2009-04-04,18.31
2009-04-05,18.61
2009-04-06,18.27
2009-04-07,18.25
2009-04-08,18.47
2009-04-09,18.0
2009-04-10,18.06
2009-04-11,18.91
2009-04-12,18.97
2009-04-13,18.89
2009-04-14,19.79
2009-04-15,19.3
2009-04-16,18.61
2009-04-17,19.12
2009-04-18,19.04
2009-04-19,19.03
2009-04-20,19.46
2009-04-21,19.26
2009-04-22,20.13
2009-04-23,19.74
2009-04-24,19.86
2009-04-25,19.75
2009-04-26,19.6
2009-04-27,19.69
2009-04-28,19.74
2009-04-29,20.65
2009-04-30,20.81
2009-05-01,20.88
2009-05-02,20.99
2009-05-03,20.95
2009-05-04,19.72
2009-05-05,19.85
2009-05-06,20.5
2009-05-07,20.2
2009-05-08,20.59
2009-05-09,20.41
2009-05-10,20.72
2009-05-11,20.82
2009-05-12,21.15
2009-05-13,21.79
2009-05-14,21.0
2009-05-15,21.39
2009-05-16,22.02
2009-05-17,22.31
2009-05-18,22.37
2009-05-19,22.1
2009-05-20,22.68
2009-05-21,22.64
2009-05-22,23.2
2009-05-23,22.88
2009-05-24,22.61
2009-05-25,23.36
2009-05-26,23.31
2009-05-27,23.5
2009-05-28,23.84
2009-05-29,24.0
2009-05-30,24.01
2009-05-31,24.13
2009-06-01,24.32
2009-06-02,24.8
2009-06-03,24.86
2009-06-04,25.47
2009-06-05,25.68
2009-06-06,25.3
2009-06-07,24.95
2009-06-08,25.54
2009-06-09,25.56
2009-06-10,27.04
2009-06-11,26.34
2009-06-12,26.08
2009-06-13,27.37
2009-06-14,26.82
2009-06-15,26.21
2009-06-16,26.02
2009-06-17,27.17
2009-06-18,26.56
2009-06-19,26.79
2009-06-20,26.67
2009-06-21,26.54
2009-06-22,27.61
2009-06-23,27.9
2009-06-24,27.23
2009-06-25,27.86
2009-06-26,26.95
2009-06-27,27.71
2009-06-28,27.71
2009-06-29,28.81
2009-06-30,28.87
2009-07-01,28.76
2009-07-02,27.76
2009-07-03,27.79
2009-07-04,27.87
2009-07-05,28.27
2009-07-06,28.07
2009-07-07,27.98
2009-07-08,27.68
2009-07-09,27.73
2009-07-10,28.99
2009-07-11,27.91
2009-07-12,28.42
2009-07-13,29.25
2009-07-14,28.91
2009-07-15,30.43
2009-07-16,29.48
2009-07-17,28.92
2009-07-18,28.71
2009-07-19,29.39
2009-07-20,28.6
2009-07-21,28.25
2009-07-22,28.93
2009-07-23,28.76
2009-07-24,29.09
2009-07-25,29.7
2009-07-26,29.46
2009-07-27,29.64
2009-07-28,29.16
2009-07-29,29.03
2009-07-30,28.36
2009-07-31,28.72
2009-08-01,29.4
2009-08-02,28.82
2009-08-03,29.0
2009-08-04,30.14
2009-08-05,29.71
2009-08-06,29.42
2009-08-07,30.08
2009-08-08,29.21
2009-08-09,29.56
2009-08-10,28.96
2009-08-11,29.03
2009-08-12,29.94
2009-08-13,29.58
2009-08-14,29.31
2009-08-15,28.61
2009-08-16,28.69
2009-08-17,29.45
2009-08-18,29.11
2009-08-19,28.79
2009-08-20,28.55
2009-08-21,28.21
2009-08-22,28.91
2009-08-23,29.77
2009-08-24,29.83
2009-08-25,29.23
2009-08-26,29.89
2009-08-27,29.25
2009-08-28,29.71
2009-08-29,29.88
2009-08-30,29.08
2009-08-31,29.04
2009-09-01,30.04
2009-09-02,29.49
2009-09-03,28.7
2009-09-04,29.39
2009-09-05,29.54
2009-09-06,28.41
2009-09-07,29.25
2009-09-08,29.17
2009-09-09,28.93
2009-09-10,28.69
2009-09-11,29.1
2009-09-12,28.48
2009-09-13,28.03
2009-09-14,28.93
2009-09-15,28.4
2009-09-16,29.57
2009-09-17,28.68
2009-09-18,28.13
2009-09-19,28.41
2009-09-20,28.67
2009-09-21,28.38
2009-09-22,28.02
2009-09-23,28.03
2009-09-24,28.02
2009-09-25,27.86
2009-09-26,27.84
2009-09-27,27.24
2009-09-28,27.17
2009-09-29,27.24
2009-09-30,27.5
2009-10-01,27.05
2009-10-02,27.02
2009-10-03,26.23
2009-10-04,26.06
2009-10-05,26.0
2009-10-06,26.38
2009-10-07,26.5
2009-10-08,26.07
2009-10-09,27.91
2009-10-10,27.19
2009-10-11,26.74
2009-10-12,26.14
2009-10-13,27.11
2009-10-14,26.73
2009-10-15,26.96
2009-10-16,26.96
2009-10-17,26.19
2009-10-18,26.16
2009-10-19,26.94
2009-10-20,26.4
2009-10-21,26.47
2009-10-22,26.75
2009-10-23,26.44
2009-10-24,25.96
2009-10-25,26.18
2009-10-26,26.14
2009-10-27,26.33
2009-10-28,26.79
2009-10-29,26.86
2009-10-30,26.22
2009-10-31,25.68
2009-11-01,25.68
2009-11-02,24.89
2009-11-03,24.31
2009-11-04,24.45
2009-11-05,24.76
2009-11-06,24.15
2009-11-07,24.2
2009-11-08,23.99
2009-11-09,23.82
2009-11-10,24.15
2009-11-11,23.5
2009-11-12,23.59
2009-11-13,23.64
2009-11-14,23.33
2009-11-15,23.26
2009-11-16,23.05
2009-11-17,23.38
2009-11-18,23.03
2009-11-19,22.91
2009-11-20,22.84
2009-11-21,22.77
2009-11-22,22.85
2009-11-23,22.52
2009-11-24,22.57
2009-11-25,22.39
2009-11-26,22.22
2009-11-27,22.12
2009-11-28,22.22
2009-11-29,22.54
2009-11-30,22.0
2009-12-01,22.1
2009-12-02,22.04
2009-12-03,21.73
2009-12-04,21.5
2009-12-05,21.97
2009-12-06,21.84
2009-12-07,21.45
2009-12-08,20.92
2009-12-09,21.21
2009-12-10,21.19
2009-12-11,20.77
2009-12-12,20.6
2009-12-13,20.95
2009-12-14,20.74
2009-12-15,20.41
2009-12-16,19.54
2009-12-17,19.91
2009-12-18,19.96
2009-12-19,20.25
2009-12-20,20.65
2009-12-21,19.63
2009-12-22,19.93
2009-12-23,19.68
2009-12-24,19.87
2009-12-25,19.74
2009-12-26,19.72
2009-12-27,20.13
2009-12-28,20.66
2009-12-29,20.46
2009-12-30,19.52
2009-12-31,19.89
2010-01-01,19.61
2010-01-02,19.84
2010-01-03,19.92
2010-01-04,19.73
2010-01-05,19.51
2010-01-06,19.59
2010-01-07,19.48
2010-01-08,19.78
2010-01-09,19.66
2010-01-10,19.48
2010-01-11,19.48
2010-01-12,19.26
2010-01-13,19.29
2010-01-14,19.27
2010-01-15,19.15
2010-01-16,19.04
2010-01-17,19.29
2010-01-18,18.98
2010-01-19,19.04
2010-01-20,18.85
2010-01-21,18.74
2010-01-22,18.41
2010-01-23,18.41
2010-01-24,18.4
2010-01-25,18.15
2010-01-26,18.03
2010-01-27,18.01
2010-01-28,18.54
2010-01-29,18.53
2010-01-30,18.34
2010-01-31,17.51
2010-02-01,18.28
2010-02-02,18.23
2010-02-03,17.92
2010-02-04,17.76
2010-02-05,16.96
2010-02-06,16.98
2010-02-07,17.68
2010-02-08,17.32
2010-02-09,17.32
2010-02-10,17.42
2010-02-11,17.43
2010-02-12,17.84
2010-02-13,18.22
2010-02-14,18.21
2010-02-15,18.09
2010-02-16,18.55
2010-02-17,18.79
2010-02-18,18.61
2010-02-19,18.5
2010-02-20,18.76
2010-02-21,18.0
2010-02-22,17.88
2010-02-23,18.0
2010-02-24,18.22
2010-02-25,17.98
2010-02-26,18.3
2010-02-27,17.94
2010-02-28,17.49
2010-03-01,17.79
2010-03-02,18.02
2010-03-03,17.55
2010-03-04,17.66
2010-03-05,16.88
2010-03-06,16.96
2010-03-07,17.9
2010-03-08,18.37
2010-03-09,18.04
2010-03-10,18.3
2010-03-11,20.15
2010-03-12,20.11
2010-03-13,19.54
2010-03-14,19.3
2010-03-15,18.22
2010-03-16,17.81
2010-03-17,18.49
2010-03-18,18.76
2010-03-19,18.46
2010-03-20,18.48
2010-03-21,18.58
2010-03-22,18.09
2010-03-23,18.06
2010-03-24,18.33
2010-03-25,18.88
2010-03-26,18.56
2010-03-27,18.42
2010-03-28,18.42
2010-03-29,18.85
2010-03-30,18.94
2010-03-31,18.82
2010-04-01,16.93
2010-04-02,16.63
2010-04-03,19.03
2010-04-04,19.45
2010-04-05,19.89
2010-04-06,20.4
2010-04-07,19.57
2010-04-08,19.54
2010-04-09,19.76
2010-04-10,19.35
2010-04-11,19.96
2010-04-12,20.02
2010-04-13,19.72
2010-04-14,19.09
2010-04-15,20.12
2010-04-16,19.91
2010-04-17,20.37
2010-04-18,20.86
2010-04-19,20.95
2010-04-20,21.0
2010-04-21,20.66
2010-04-22,21.0
2010-04-23,19.47
2010-04-24,20.79
2010-04-25,21.17
2010-04-26,21.0
2010-04-27,21.42
2010-04-28,21.53
2010-04-29,21.15
2010-04-30,21.32
2010-05-01,21.35
2010-05-02,21.03
2010-05-03,21.1
2010-05-04,22.07
2010-05-05,22.22
2010-05-06,22.04
2010-05-07,23.12
2010-05-08,23.19
2010-05-09,22.24
2010-05-10,22.49
2010-05-11,21.98
2010-05-12,22.3
2010-05-13,22.27
2010-05-14,23.23
2010-05-15,23.06
2010-05-16,23.33
2010-05-17,23.05
2010-05-18,23.05
2010-05-19,22.66
2010-05-20,23.72
2010-05-21,23.54
2010-05-22,23.46
2010-05-23,23.41
2010-05-24,23.65
2010-05-25,23.34
2010-05-26,23.58
2010-05-27,22.94
2010-05-28,23.66
2010-05-29,25.1
2010-05-30,24.58
2010-05-31,24.29
2010-06-01,24.81
2010-06-02,25.3
2010-06-03,24.23
2010-06-04,24.78
2010-06-05,25.03
2010-06-06,25.53
2010-06-07,24.61
2010-06-08,24.95
2010-06-09,24.96
2010-06-10,24.75
2010-06-11,24.42
2010-06-12,25.19
2010-06-13,25.33
2010-06-14,25.64
2010-06-15,26.51
2010-06-16,25.98
2010-06-17,26.57
2010-06-18,26.61
2010-06-19,26.33
2010-06-20,27.06
2010-06-21,28.04
2010-06-22,27.29
2010-06-23,27.21
2010-06-24,27.54
2010-06-25,26.98
2010-06-26,26.94
2010-06-27,26.91
2010-06-28,27.36
2010-06-29,26.77
2010-06-30,25.59
2010-07-01,26.38
2010-07-02,26.84
2010-07-03,26.76
2010-07-04,27.61
2010-07-05,26.79
2010-07-06,27.94
2010-07-07,28.16
2010-07-08,27.57
2010-07-09,26.8
2010-07-10,27.12
2010-07-11,26.8
2010-07-12,26.69
2010-07-13,28.26
2010-07-14,28.26
2010-07-15,28.02
2010-07-16,28.6
2010-07-17,28.22
2010-07-18,27.86
2010-07-19,28.24
2010-07-20,28.71
2010-07-21,28.53
2010-07-22,28.02
2010-07-23,29.08
2010-07-24,28.54
2010-07-25,27.93
2010-07-26,29.7
2010-07-27,29.28
2010-07-28,27.68
2010-07-29,27.67
2010-07-30,27.4
2010-07-31,27.59
2010-08-01,26.9
2010-08-02,27.65
2010-08-03,28.44
2010-08-04,27.98
2010-08-05,29.99
2010-08-06,29.44
2010-08-07,29.83
2010-08-08,29.29
2010-08-09,29.7
2010-08-10,29.23
2010-08-11,29.36
2010-08-12,29.06
2010-08-13,28.54
2010-08-14,29.5
2010-08-15,29.49
2010-08-16,28.51
2010-08-17,29.72
2010-08-18,29.86
2010-08-19,29.56
2010-08-20,29.55
2010-08-21,29.59
2010-08-22,29.07
2010-08-23,29.09
2010-08-24,28.86
2010-08-25,29.53
2010-08-26,29.24
2010-08-27,28.88
2010-08-28,29.68
2010-08-29,29.91
2010-08-30,29.72
2010-08-31,28.96
2010-09-01,29.24
2010-09-02,30.34
2010-09-03,30.18
2010-09-04,30.08
2010-09-05,30.0
2010-09-06,29.7
2010-09-07,29.02
2010-09-08,30.46
2010-09-09,30.14
2010-09-10,29.19
2010-09-11,29.34
2010-09-12,29.85
2010-09-13,29.19
2010-09-14,29.56
2010-09-15,29.7
2010-09-16,29.62
2010-09-17,28.75
2010-09-18,29.22
2010-09-19,28.27
2010-09-20,27.8
2010-09-21,27.89
2010-09-22,28.19
2010-09-23,28.29
2010-09-24,28.69
2010-09-25,28.96
2010-09-26,28.04
2010-09-27,28.78
2010-09-28,29.01
2010-09-29,28.21
2010-09-30,28.12
2010-10-01,28.63
2010-10-02,28.24
2010-10-03,28.14
2010-10-04,28.24
2010-10-05,28.02
2010-10-06,26.96
2010-10-07,28.13
2010-10-08,27.29
2010-10-09,27.41
2010-10-10,27.92
2010-10-11,26.8
2010-10-12,27.47
2010-10-13,27.13
2010-10-14,27.27
2010-10-15,26.95
2010-10-16,26.89
2010-10-17,27.4
2010-10-18,27.11
2010-10-19,26.7
2010-10-20,26.56
2010-10-21,25.28
2010-10-22,25.56
2010-10-23,26.2
2010-10-24,26.44
2010-10-25,26.44
2010-10-26,25.07
2010-10-27,25.82
2010-10-28,25.6
2010-10-29,26.05
2010-10-30,26.32
2010-10-31,25.41
2010-11-01,25.74
2010-11-02,25.77
2010-11-03,25.75
2010-11-04,25.14
2010-11-05,25.62
2010-11-06,25.53
2010-11-07,25.47
2010-11-08,25.23
2010-11-09,25.29
2010-11-10,25.0
2010-11-11,24.97
2010-11-12,25.09
2010-11-13,24.77
2010-11-14,24.74
2010-11-15,23.89
2010-11-16,23.77
2010-11-17,25.11
2010-11-18,24.2
2010-11-19,24.05
2010-11-20,23.93
2010-11-21,23.89
2010-11-22,24.5
2010-11-23,24.34
2010-11-24,24.04
2010-11-25,24.22
2010-11-26,23.97
2010-11-27,24.08
2010-11-28,24.0
2010-11-29,23.9
2010-11-30,23.5
2010-12-01,23.55
2010-12-02,23.67
2010-12-03,23.42
2010-12-04,23.72
2010-12-05,23.53
2010-12-06,23.79
2010-12-07,23.14
2010-12-08,22.73
2010-12-09,22.51
2010-12-10,22.1
2010-12-11,21.85
2010-12-12,21.64
2010-12-13,21.68
2010-12-14,21.69
2010-12-15,21.55
2010-12-16,21.5
2010-12-17,21.47
2010-12-18,22.0
2010-12-19,22.11
2010-12-20,21.09
2010-12-21,20.25
2010-12-22,21.24
2010-12-23,20.44
2010-12-24,20.09
2010-12-25,20.98
2010-12-26,20.88
2010-12-27,20.74
2010-12-28,20.71
2010-12-29,20.1
2010-12-30,19.78
2010-12-31,20.54
2011-01-01,20.0
2011-01-02,20.29
2011-01-03,20.04
2011-01-04,20.38
2011-01-05,20.26
2011-01-06,20.0
2011-01-07,19.86
2011-01-08,19.92
2011-01-09,19.44
2011-01-10,19.72
2011-01-11,19.53
2011-01-12,19.54
2011-01-13,19.05
2011-01-14,19.01
2011-01-15,19.08
2011-01-16,19.2
2011-01-17,19.19
2011-01-18,19.21
2011-01-19,18.92
2011-01-20,18.74
2011-01-21,19.24
2011-01-22,19.11
2011-01-23,19.02
2011-01-24,18.98
2011-01-25,18.92
2011-01-26,18.07
2011-01-27,18.92
2011-01-28,18.24
2011-01-29,18.31
2011-01-30,18.23
2011-01-31,18.27
2011-02-01,18.61
2011-02-02,18.49
2011-02-03,18.57
2011-02-04,18.58
2011-02-05,18.5
2011-02-06,18.23
2011-02-07,17.73
2011-02-08,17.57
2011-02-09,18.02
2011-02-10,17.75
2011-02-11,17.89
2011-02-12,18.21
2011-02-13,18.11
2011-02-14,17.63
2011-02-15,17.86
2011-02-16,17.88
2011-02-17,18.12
2011-02-18,18.26
2011-02-19,18.46
2011-02-20,17.43
2011-02-21,17.7
2011-02-22,17.98
2011-02-23,18.41
2011-02-24,17.8
2011-02-25,17.77
2011-02-26,17.71
2011-02-27,17.79
2011-02-28,17.64
2011-03-01,17.58
2011-03-02,17.43
2011-03-03,17.87
2011-03-04,17.52
2011-03-05,17.46
2011-03-06,17.18
2011-03-07,17.59
2011-03-08,18.01
2011-03-09,18.3
2011-03-10,17.59
2011-03-11,17.65
2011-03-12,17.4
2011-03-13,17.37
2011-03-14,17.62
2011-03-15,17.26
2011-03-16,18.0
2011-03-17,17.99
2011-03-18,18.04
2011-03-19,17.89
2011-03-20,18.01
2011-03-21,18.2
2011-03-22,18.29
2011-03-23,18.2
2011-03-24,18.33
2011-03-25,18.35
2011-03-26,18.26
2011-03-27,18.27
2011-03-28,18.4
2011-03-29,18.18
2011-03-30,18.37
2011-03-31,18.76
2011-04-01,18.55
2011-04-02,19.1
2011-04-03,18.41
2011-04-04,18.51
2011-04-05,18.76
2011-04-06,18.71
2011-04-07,19.01
2011-04-08,19.29
2011-04-09,19.06
2011-04-10,19.28
2011-04-11,19.2
2011-04-12,19.56
2011-04-13,19.66
2011-04-14,19.81
2011-04-15,19.87
2011-04-16,20.63
2011-04-17,20.14
2011-04-18,20.77
2011-04-19,20.56
2011-04-20,20.13
2011-04-21,20.32
2011-04-22,19.36
2011-04-23,20.36
2011-04-24,20.31
2011-04-25,20.16
2011-04-26,20.17
2011-04-27,20.33
2011-04-28,19.96
2011-04-29,20.72
2011-04-30,20.98
2011-05-01,20.82
2011-05-02,21.33
2011-05-03,21.16
2011-05-04,21.33
2011-05-05,21.99
2011-05-06,21.93
2011-05-07,21.89
2011-05-08,21.92
2011-05-09,21.68
2011-05-10,22.16
2011-05-11,22.12
2011-05-12,22.0
2011-05-13,22.27
2011-05-14,22.29
2011-05-15,21.43
2011-05-16,22.04
2011-05-17,21.46
2011-05-18,21.79
2011-05-19,22.43
2011-05-20,21.99
2011-05-21,22.53
2011-05-22,22.53
2011-05-23,23.52
2011-05-24,23.5
2011-05-25,23.34
2011-05-26,23.53
2011-05-27,24.22
2011-05-28,23.13
2011-05-29,23.66
2011-05-30,23.7
2011-05-31,22.67
2011-06-01,23.43
2011-06-02,23.52
2011-06-03,23.51
2011-06-04,23.98
2011-06-05,24.58
2011-06-06,24.72
2011-06-07,24.67
2011-06-08,24.81
2011-06-09,24.74
2011-06-10,24.79
2011-06-11,25.74
2011-06-12,25.93
2011-06-13,25.47
2011-06-14,25.5
2011-06-15,25.51
2011-06-16,25.36
2011-06-17,25.14
2011-06-18,25.84
2011-06-19,25.22
2011-06-20,25.25
2011-06-21,25.37
2011-06-22,25.65
2011-06-23,24.95
2011-06-24,25.72
2011-06-25,26.08
2011-06-26,26.94
2011-06-27,26.33
2011-06-28,26.43
2011-06-29,27.05
2011-06-30,26.29
2011-07-01,27.13
2011-07-02,26.77
2011-07-03,26.74
2011-07-04,27.43
2011-07-05,26.58
2011-07-06,27.23
2011-07-07,27.17
2011-07-08,27.02
2011-07-09,27.84
2011-07-10,27.66
2011-07-11,27.83
2011-07-12,27.61
2011-07-13,27.8
2011-07-14,27.7
2011-07-15,27.43
2011-07-16,27.28
2011-07-17,28.49
2011-07-18,29.47
2011-07-19,28.14
2011-07-20,29.06
2011-07-21,28.71
2011-07-22,28.78
2011-07-23,29.08
2011-07-24,28.84
2011-07-25,28.64
2011-07-26,29.11
2011-07-27,27.95
2011-07-28,27.24
2011-07-29,28.93
2011-07-30,28.85
2011-07-31,28.45
2011-08-01,27.51
2011-08-02,28.09
2011-08-03,29.88
2011-08-04,29.48
2011-08-05,29.34
2011-08-06,30.0
2011-08-07,29.3
2011-08-08,28.14
2011-08-09,28.44
2011-08-10,28.28
2011-08-11,28.67
2011-08-12,29.54
2011-08-13,29.29
2011-08-14,29.57
2011-08-15,28.91
2011-08-16,29.17
2011-08-17,28.89
2011-08-18,29.13
2011-08-19,29.51
2011-08-20,29.07
2011-08-21,29.16
2011-08-22,29.57
2011-08-23,29.37
2011-08-24,28.79
2011-08-25,28.84
2011-08-26,29.35
2011-08-27,30.03
2011-08-28,29.38
2011-08-29,29.4
2011-08-30,29.59
2011-08-31,29.13
2011-09-01,28.43
2011-09-02,29.32
2011-09-03,29.21
2011-09-04,28.93
2011-09-05,29.34
2011-09-06,28.67
2011-09-07,28.43
2011-09-08,28.51
2011-09-09,28.29
2011-09-10,28.8
2011-09-11,27.81
2011-09-12,28.02
2011-09-13,28.51
2011-09-14,27.82
2011-09-15,29.48
2011-09-16,29.05
2011-09-17,28.84
2011-09-18,29.21
2011-09-19,29.08
2011-09-20,28.66
2011-09-21,29.11
2011-09-22,29.22
2011-09-23,28.66
2011-09-24,28.8
2011-09-25,28.56
2011-09-26,28.33
2011-09-27,27.61
2011-09-28,27.41
2011-09-29,28.62
2011-09-30,28.08
2011-10-01,28.11
2011-10-02,28.26
2011-10-03,28.18
2011-10-04,27.79
2011-10-05,28.19
2011-10-06,26.81
2011-10-07,27.54
2011-10-08,26.99
2011-10-09,27.74
2011-10-10,27.86
2011-10-11,27.82
2011-10-12,27.09
2011-10-13,27.38
2011-10-14,26.94
2011-10-15,26.72
2011-10-16,26.46
2011-10-17,27.03
2011-10-18,26.82
2011-10-19,26.57
2011-10-20,26.51
2011-10-21,26.64
2011-10-22,26.23
2011-10-23,26.0
2011-10-24,26.32
2011-10-25,25.42
2011-10-26,25.15
2011-10-27,25.29
2011-10-28,25.37
2011-10-29,25.46
2011-10-30,25.21
2011-10-31,25.46
2011-11-01,25.43
2011-11-02,25.01
2011-11-03,24.98
2011-11-04,24.32
2011-11-05,24.25
2011-11-06,24.38
2011-11-07,24.21
2011-11-08,23.75
2011-11-09,23.57
2011-11-10,23.88
2011-11-11,23.91
2011-11-12,23.85
2011-11-13,23.31
2011-11-14,23.52
2011-11-15,23.43
2011-11-16,22.91
2011-11-17,23.11
2011-11-18,22.6
2011-11-19,22.67
2011-11-20,22.61
2011-11-21,22.21
2011-11-22,22.08
2011-11-23,21.82
2011-11-24,21.73
2011-11-25,22.02
2011-11-26,21.54
2011-11-27,21.42
2011-11-28,21.54
2011-11-29,21.43
2011-11-30,21.29
2011-12-01,21.19
2011-12-02,21.24
2011-12-03,20.3
2011-12-04,20.97
2011-12-05,21.33
2011-12-06,21.02
2011-12-07,20.84
2011-12-08,20.73
2011-12-09,20.66
2011-12-10,20.18
2011-12-11,20.12
2011-12-12,20.32
2011-12-13,20.04
2011-12-14,20.34
2011-12-15,20.04
2011-12-16,19.9
2011-12-17,20.17
2011-12-18,20.11
2011-12-19,20.35
2011-12-20,20.02
2011-12-21,19.98
2011-12-22,19.81
2011-12-23,19.87
2011-12-24,19.49
2011-12-25,19.41
2011-12-26,19.02
2011-12-27,18.64
2011-12-28,18.79
2011-12-29,18.22
2011-12-30,18.98
2011-12-31,19.04
2012-01-01,19.33
2012-01-02,18.2
2012-01-03,18.25
2012-01-04,18.31
2012-01-05,18.33
2012-01-06,18.37
2012-01-07,18.17
2012-01-08,18.06
2012-01-09,17.92
2012-01-10,18.03
2012-01-11,17.58
2012-01-12,17.67
2012-01-13,17.67
2012-01-14,17.71
2012-01-15,17.65
2012-01-16,17.6
2012-01-17,17.64
2012-01-18,17.64
2012-01-19,17.82
2012-01-20,17.58
2012-01-21,17.62
2012-01-22,17.35
2012-01-23,16.51
2012-01-24,17.05
2012-01-25,17.1
2012-01-26,17.17
2012-01-27,17.3
2012-01-28,17.08
2012-01-29,17.12
2012-01-30,16.74
2012-01-31,16.41
2012-02-01,16.77
2012-02-02,17.27
2012-02-03,16.57
2012-02-04,16.87
2012-02-05,16.41
2012-02-06,16.43
2012-02-07,16.26
2012-02-08,16.16
2012-02-09,16.29
2012-02-10,16.56
2012-02-11,16.55
2012-02-12,16.5
2012-02-13,16.6
2012-02-14,16.74
2012-02-15,16.74
2012-02-16,16.67
2012-02-17,16.59
2012-02-18,16.44
2012-02-19,15.71
2012-02-20,15.77
2012-02-21,15.77
2012-02-22,15.83
2012-02-23,16.48
2012-02-24,16.86
2012-02-25,16.16
2012-02-26,16.71
2012-02-27,16.33
2012-02-28,16.66
2012-02-29,16.32
2012-03-01,16.05
2012-03-02,15.62
2012-03-03,15.86
2012-03-04,15.13
2012-03-05,16.33
2012-03-06,15.88
2012-03-07,16.27
2012-03-08,16.43
2012-03-09,15.98
2012-03-10,16.21
2012-03-11,15.77
2012-03-12,15.31
2012-03-13,16.55
2012-03-14,15.37
2012-03-15,16.19
2012-03-16,16.47
2012-03-17,16.27
2012-03-18,15.95
2012-03-19,15.84
2012-03-20,14.88
2012-03-21,15.41
2012-03-22,16.5
2012-03-23,16.04
2012-03-24,16.29
2012-03-25,16.3
2012-03-26,17.19
2012-03-27,17.25
2012-03-28,16.68
2012-03-29,16.63
2012-03-30,17.31
2012-03-31,16.99
2012-04-01,16.27
2012-04-02,17.2
2012-04-03,17.82
2012-04-04,18.18
2012-04-05,18.87
2012-04-06,19.0
2012-04-07,19.23
2012-04-08,19.19
2012-04-09,18.99
2012-04-10,17.93
2012-04-11,17.68
2012-04-12,18.8
2012-04-13,18.76
2012-04-14,18.86
2012-04-15,18.93
2012-04-16,19.37
2012-04-17,19.73
2012-04-18,18.79
2012-04-19,18.57
2012-04-20,19.04
2012-04-21,19.24
2012-04-22,19.57
2012-04-23,19.5
2012-04-24,19.42
2012-04-25,20.14
2012-04-26,20.19
2012-04-27,20.52
2012-04-28,19.86
2012-04-29,20.7
2012-04-30,20.75
2012-05-01,20.02
2012-05-02,19.41
2012-05-03,20.5
2012-05-04,21.46
2012-05-05,21.23
2012-05-06,21.53
2012-05-07,21.23
2012-05-08,21.71
2012-05-09,21.93
2012-05-10,21.89
2012-05-11,21.94
2012-05-12,22.56
2012-05-13,21.84
2012-05-14,22.1
2012-05-15,22.25
2012-05-16,22.27
2012-05-17,22.42
2012-05-18,22.49
2012-05-19,22.26
2012-05-20,22.02
2012-05-21,22.09
2012-05-22,22.62
2012-05-23,22.44
2012-05-24,23.74
2012-05-25,23.72
2012-05-26,23.67
2012-05-27,23.73
2012-05-28,23.76
2012-05-29,24.07
2012-05-30,24.08
2012-05-31,23.97
2012-06-01,23.76
2012-06-02,23.69
2012-06-03,23.51
2012-06-04,23.17
2012-06-05,22.91
2012-06-06,23.86
2012-06-07,24.11
2012-06-08,24.14
2012-06-09,24.48
2012-06-10,24.34
2012-06-11,23.91
2012-06-12,24.93
2012-06-13,25.02
2012-06-14,23.85
2012-06-15,25.25
2012-06-16,25.99
2012-06-17,26.1
2012-06-18,26.53
2012-06-19,26.82
2012-06-20,27.43
2012-06-21,27.38
2012-06-22,27.29
2012-06-23,27.25
2012-06-24,27.02
2012-06-25,26.68
2012-06-26,26.94
2012-06-27,26.84
2012-06-28,27.24
2012-06-29,27.66
2012-06-30,27.63
2012-07-01,27.58
2012-07-02,28.0
2012-07-03,28.51
2012-07-04,28.06
2012-07-05,28.35
2012-07-06,28.42
2012-07-07,28.56
2012-07-08,28.44
2012-07-09,27.73
2012-07-10,29.16
2012-07-11,29.37
2012-07-12,29.08
2012-07-13,29.24
2012-07-14,29.51
2012-07-15,29.55
2012-07-16,29.42
2012-07-17,29.49
2012-07-18,29.56
2012-07-19,29.21
2012-07-20,28.98
2012-07-21,29.09
2012-07-22,28.94
2012-07-23,29.18
2012-07-24,29.24
2012-07-25,28.64
2012-07-26,29.11
2012-07-27,29.6
2012-07-28,29.9
2012-07-29,29.96
2012-07-30,30.23
2012-07-31,30.09
2012-08-01,29.68
2012-08-02,29.42
2012-08-03,29.47
2012-08-04,29.27
2012-08-05,28.21
2012-08-06,28.34
2012-08-07,29.98
2012-08-08,30.48
2012-08-09,30.66
2012-08-10,30.54
2012-08-11,30.15
2012-08-12,30.34
2012-08-13,30.64
2012-08-14,30.9
2012-08-15,28.41
2012-08-16,29.85
2012-08-17,30.84
2012-08-18,30.76
2012-08-19,30.78
2012-08-20,30.79
2012-08-21,30.54
2012-08-22,30.18
2012-08-23,30.78
2012-08-24,30.61
2012-08-25,30.35
2012-08-26,30.5
2012-08-27,30.55
2012-08-28,29.92
2012-08-29,29.75
2012-08-30,30.08
2012-08-31,30.15
2012-09-01,29.68
2012-09-02,28.83
2012-09-03,28.5
2012-09-04,30.04
2012-09-05,29.72
2012-09-06,29.85
2012-09-07,29.3
2012-09-08,29.37
2012-09-09,29.53
2012-09-10,28.41
2012-09-11,28.21
2012-09-12,28.53
2012-09-13,28.71
2012-09-14,29.31
2012-09-15,28.81
2012-09-16,29.1
2012-09-17,29.12
2012-09-18,29.24
2012-09-19,28.69
2012-09-20,27.88
2012-09-21,28.5
2012-09-22,28.18
2012-09-23,28.86
2012-09-24,28.2
2012-09-25,28.64
2012-09-26,28.77
2012-09-27,28.46
2012-09-28,28.11
2012-09-29,27.22
2012-09-30,27.26
2012-10-01,27.58
2012-10-02,27.55
2012-10-03,28.14
2012-10-04,27.86
2012-10-05,27.79
2012-10-06,27.93
2012-10-07,27.9
2012-10-08,27.27
2012-10-09,26.56
2012-10-10,27.66
2012-10-11,27.87
2012-10-12,27.42
2012-10-13,27.35
2012-10-14,27.14
2012-10-15,26.47
2012-10-16,25.93
2012-10-17,26.58
2012-10-18,26.93
2012-10-19,26.97
2012-10-20,26.8
2012-10-21,26.56
2012-10-22,26.93
2012-10-23,26.74
2012-10-24,26.83
2012-10-25,26.65
2012-10-26,26.57
2012-10-27,26.45
2012-10-28,26.56
2012-10-29,26.59
2012-10-30,26.45
2012-10-31,26.16
2012-11-01,26.1
2012-11-02,26.06
2012-11-03,25.78
2012-11-04,25.5
2012-11-05,25.28
2012-11-06,24.43
2012-11-07,24.38
2012-11-08,24.19
2012-11-09,25.68
2012-11-10,25.11
2012-11-11,24.76
2012-11-12,24.75
2012-11-13,24.69
2012-11-14,24.36
2012-11-15,24.6
2012-11-16,24.37
2012-11-17,24.17
2012-11-18,24.2
2012-11-19,24.12
2012-11-20,23.86
2012-11-21,23.7
2012-11-22,23.86
2012-11-23,23.27
2012-11-24,23.2
2012-11-25,23.15
2012-11-26,23.17
2012-11-27,23.09
2012-11-28,22.94
2012-11-29,23.01
2012-11-30,23.16
2012-12-01,23.09
2012-12-02,23.24
2012-12-03,22.93
2012-12-04,22.61
2012-12-05,22.38
2012-12-06,22.4
2012-12-07,22.39
2012-12-08,21.98
2012-12-09,22.3
2012-12-10,21.23
2012-12-11,20.89
2012-12-12,21.35
2012-12-13,21.61
2012-12-14,21.36
2012-12-15,21.37
2012-12-16,21.39
2012-12-17,21.25
2012-12-18,20.98
2012-12-19,21.07
2012-12-20,20.42
2012-12-21,20.28
2012-12-22,20.47
2012-12-23,20.39
2012-12-24,20.5
2012-12-25,20.23
2012-12-26,20.36
2012-12-27,20.51
2012-12-28,20.2
2012-12-29,20.09
2012-12-30,19.91
2012-12-31,19.7
2013-01-01,19.68
2013-01-02,19.81
2013-01-03,19.85
2013-01-04,19.63
2013-01-05,19.8
2013-01-06,18.75
2013-01-07,18.79
2013-01-08,18.77
2013-01-09,18.52
2013-01-10,18.38
2013-01-11,18.52
2013-01-12,18.57
2013-01-13,18.35
2013-01-14,18.12
2013-01-15,18.18
2013-01-16,17.92
2013-01-17,18.2
2013-01-18,18.24
2013-01-19,18.33
2013-01-20,18.33
2013-01-21,18.14
2013-01-22,17.83
2013-01-23,17.39
2013-01-24,17.88
2013-01-25,17.93
2013-01-26,17.71
2013-01-27,18.13
2013-01-28,18.08
2013-01-29,17.86
2013-01-30,17.84
2013-01-31,17.56
2013-02-01,17.6
2013-02-02,17.49
2013-02-03,17.61
2013-02-04,17.5
2013-02-05,16.94
2013-02-06,17.39
2013-02-07,17.4
2013-02-08,17.21
2013-02-09,17.94
2013-02-10,17.55
2013-02-11,17.18
2013-02-12,17.36
2013-02-13,17.24
2013-02-14,17.39
2013-02-15,17.58
2013-02-16,17.39
2013-02-17,17.53
2013-02-18,17.61
2013-02-19,17.86
2013-02-20,17.99
2013-02-21,17.73
2013-02-22,17.49
2013-02-23,17.51
2013-02-24,17.78
2013-02-25,17.69
2013-02-26,17.35
2013-02-27,17.87
2013-02-28,16.82
2013-03-01,17.72
2013-03-02,17.5
2013-03-03,17.45
2013-03-04,17.42
2013-03-05,17.37
2013-03-06,17.68
2013-03-07,17.69
2013-03-08,17.92
2013-03-09,17.93
2013-03-10,17.97
2013-03-11,18.52
2013-03-12,17.33
2013-03-13,18.66
2013-03-14,18.75
2013-03-15,18.75
2013-03-16,18.74
2013-03-17,18.24
2013-03-18,18.37
2013-03-19,18.37
2013-03-20,18.41
2013-03-21,18.68
2013-03-22,19.08
2013-03-23,18.28
2013-03-24,18.5
2013-03-25,18.44
2013-03-26,18.75
2013-03-27,18.42
2013-03-28,17.83
2013-03-29,18.43
2013-03-30,18.97
2013-03-31,19.11
2013-04-01,18.86
2013-04-02,19.51
2013-04-03,18.65
2013-04-04,18.07
2013-04-05,18.48
2013-04-06,18.9
2013-04-07,19.42
2013-04-08,19.65
2013-04-09,19.24
2013-04-10,18.87
2013-04-11,18.84
2013-04-12,18.85
2013-04-13,19.08
2013-04-14,19.28
2013-04-15,19.58
2013-04-16,19.57
2013-04-17,19.64
2013-04-18,19.88
2013-04-19,19.81
2013-04-20,19.58
2013-04-21,18.91
2013-04-22,19.12
2013-04-23,19.47
2013-04-24,19.12
2013-04-25,19.92
2013-04-26,19.96
2013-04-27,20.09
2013-04-28,20.55
2013-04-29,20.39
2013-04-30,20.1
2013-05-01,19.9
2013-05-02,19.96
2013-05-03,20.93
2013-05-04,21.07
2013-05-05,21.31
2013-05-06,21.76
2013-05-07,22.31
2013-05-08,22.34
2013-05-09,22.69
2013-05-10,22.62
2013-05-11,22.77
2013-05-12,22.98
2013-05-13,22.77
2013-05-14,22.52
2013-05-15,22.54
2013-05-16,22.57
2013-05-17,23.14
2013-05-18,23.41
2013-05-19,23.33
2013-05-20,24.03
2013-05-21,23.41
2013-05-22,23.93
2013-05-23,24.08
2013-05-24,24.31
2013-05-25,24.03
2013-05-26,23.81
2013-05-27,24.69
2013-05-28,24.92
2013-05-29,24.47
2013-05-30,23.94
2013-05-31,22.56
2013-06-01,24.56
2013-06-02,25.15
2013-06-03,25.26
2013-06-04,23.96
2013-06-05,25.47
2013-06-06,25.28
2013-06-07,24.94
2013-06-08,24.15
2013-06-09,24.29
2013-06-10,24.37
2013-06-11,24.86
2013-06-12,25.25
2013-06-13,25.56
2013-06-14,25.61
2013-06-15,25.25
2013-06-16,25.42
2013-06-17,25.82
2013-06-18,26.37
2013-06-19,26.52
2013-06-20,26.04
2013-06-21,26.88
2013-06-22,27.32
2013-06-23,26.95
2013-06-24,26.87
2013-06-25,27.1
2013-06-26,26.51
2013-06-27,27.06
2013-06-28,27.03
2013-06-29,26.63
2013-06-30,27.02
2013-07-01,27.05
2013-07-02,27.68
2013-07-03,27.09
2013-07-04,27.0
2013-07-05,26.17
2013-07-06,26.54
2013-07-07,27.15
2013-07-08,27.27
2013-07-09,26.87
2013-07-10,27.24
2013-07-11,27.64
2013-07-12,27.17
2013-07-13,27.73
2013-07-14,28.07
2013-07-15,27.47
2013-07-16,27.48
2013-07-17,27.32
2013-07-18,27.22
2013-07-19,28.2
2013-07-20,28.03
2013-07-21,27.31
2013-07-22,28.16
2013-07-23,28.02
2013-07-24,27.11
2013-07-25,27.85
2013-07-26,28.51
2013-07-27,28.31
2013-07-28,28.31
2013-07-29,27.66
2013-07-30,27.99
2013-07-31,28.43
2013-08-01,27.9
2013-08-02,27.92
2013-08-03,27.24
2013-08-04,28.04
2013-08-05,27.29
2013-08-06,28.02
2013-08-07,28.46
2013-08-08,28.95
2013-08-09,28.66
2013-08-10,29.01
2013-08-11,28.99
2013-08-12,28.98
2013-08-13,28.29
2013-08-14,28.92
2013-08-15,28.56
2013-08-16,28.22
2013-08-17,29.39
2013-08-18,28.67
2013-08-19,29.66
2013-08-20,29.6
2013-08-21,29.2
2013-08-22,29.7
2013-08-23,29.81
2013-08-24,29.16
2013-08-25,29.07
2013-08-26,29.29
2013-08-27,29.49
2013-08-28,29.12
2013-08-29,29.25
2013-08-30,28.68
2013-08-31,28.82
2013-09-01,28.42
2013-09-02,28.84
2013-09-03,29.31
2013-09-04,29.15
2013-09-05,29.14
2013-09-06,29.09
2013-09-07,29.19
2013-09-08,28.77
2013-09-09,29.45
2013-09-10,28.28
2013-09-11,29.31
2013-09-12,29.05
2013-09-13,28.12
2013-09-14,28.3
2013-09-15,27.94
2013-09-16,28.62
2013-09-17,28.96
2013-09-18,28.11
2013-09-19,28.73
2013-09-20,27.75
2013-09-21,28.87
2013-09-22,27.97
2013-09-23,28.41
2013-09-24,27.96
2013-09-25,27.93
2013-09-26,27.44
2013-09-27,27.75
2013-09-28,27.65
2013-09-29,27.51
2013-09-30,27.17
2013-10-01,26.8
2013-10-02,27.03
2013-10-03,27.47
2013-10-04,26.38
2013-10-05,27.36
2013-10-06,26.99
2013-10-07,26.29
2013-10-08,26.17
2013-10-09,26.0
2013-10-10,26.23
2013-10-11,26.25
2013-10-12,26.26
2013-10-13,25.94
2013-10-14,25.94
2013-10-15,25.94
2013-10-16,25.62
2013-10-17,25.56
2013-10-18,25.3
2013-10-19,25.57
2013-10-20,25.51
2013-10-21,25.31
2013-10-22,25.29
2013-10-23,24.74
2013-10-24,24.96
2013-10-25,24.9
2013-10-26,24.86
2013-10-27,24.92
2013-10-28,24.26
2013-10-29,24.59
2013-10-30,24.33
2013-10-31,24.4
2013-11-01,24.21
2013-11-02,24.15
2013-11-03,24.03
2013-11-04,23.52
2013-11-05,23.68
2013-11-06,23.43
2013-11-07,24.0
2013-11-08,23.28
2013-11-09,23.24
2013-11-10,23.74
2013-11-11,23.59
2013-11-12,23.74
2013-11-13,23.29
2013-11-14,23.12
2013-11-15,22.35
2013-11-16,22.84
2013-11-17,23.38
2013-11-18,23.23
2013-11-19,23.13
2013-11-20,22.99
2013-11-21,22.92
2013-11-22,23.4
2013-11-23,23.06
2013-11-24,23.12
2013-11-25,23.16
2013-11-26,23.08
2013-11-27,22.97
2013-11-28,22.12
2013-11-29,22.23
2013-11-30,21.9
2013-12-01,22.07
2013-12-02,22.06
2013-12-03,22.2
2013-12-04,22.12
2013-12-05,22.39
2013-12-06,22.13
2013-12-07,21.82
2013-12-08,21.46
2013-12-09,21.14
2013-12-10,21.24
2013-12-11,21.1
2013-12-12,20.68
2013-12-13,19.96
2013-12-14,19.97
2013-12-15,19.87
2013-12-16,19.85
2013-12-17,19.67
2013-12-18,19.94
2013-12-19,19.69
2013-12-20,19.57
2013-12-21,19.63
2013-12-22,19.6
2013-12-23,19.52
2013-12-24,19.33
2013-12-25,19.21
2013-12-26,19.09
2013-12-27,19.01
2013-12-28,18.64
2013-12-29,18.79
2013-12-30,18.69
2013-12-31,18.99
2014-01-01,19.02
2014-01-02,18.83
2014-01-03,18.85
2014-01-04,18.26
2014-01-05,18.47
2014-01-06,18.58
2014-01-07,18.79
2014-01-08,18.78
2014-01-09,18.54
2014-01-10,18.34
2014-01-11,18.23
2014-01-12,18.7
2014-01-13,19.49
2014-01-14,18.63
2014-01-15,18.37
2014-01-16,18.35
2014-01-17,18.04
2014-01-18,17.11
2014-01-19,18.16
2014-01-20,17.9
2014-01-21,18.21
2014-01-22,18.05
2014-01-23,18.39
2014-01-24,18.3
2014-01-25,18.16
2014-01-26,18.42
2014-01-27,18.02
2014-01-28,18.07
2014-01-29,18.1
2014-01-30,18.42
2014-01-31,18.1
2014-02-01,18.31
2014-02-02,17.86
2014-02-03,17.65
2014-02-04,17.82
2014-02-05,18.12
2014-02-06,17.89
2014-02-07,17.81
2014-02-08,17.53
2014-02-09,17.64
2014-02-10,17.85
2014-02-11,17.76
2014-02-12,17.98
2014-02-13,17.73
2014-02-14,17.77
2014-02-15,18.01
2014-02-16,17.78
2014-02-17,17.8
2014-02-18,17.82
2014-02-19,17.86
2014-02-20,18.05
2014-02-21,17.71
2014-02-22,17.33
2014-02-23,17.33
2014-02-24,17.46
2014-02-25,17.91
2014-02-26,18.2
2014-02-27,17.91
2014-02-28,17.82
2014-03-01,17.79
2014-03-02,16.46
2014-03-03,17.1
2014-03-04,17.54
2014-03-05,18.04
2014-03-06,16.71
2014-03-07,17.88
2014-03-08,17.88
2014-03-09,18.18
2014-03-10,18.67
2014-03-11,18.52
2014-03-12,18.63
2014-03-13,18.18
2014-03-14,18.07
2014-03-15,17.98
2014-03-16,18.66
2014-03-17,18.26
2014-03-18,17.8
2014-03-19,17.98
2014-03-20,18.43
2014-03-21,18.4
2014-03-22,18.82
2014-03-23,18.45
2014-03-24,18.39
2014-03-25,18.35
2014-03-26,18.71
2014-03-27,18.87
2014-03-28,18.84
2014-03-29,19.0
2014-03-30,18.94
2014-03-31,19.17
2014-04-01,19.0
2014-04-02,18.77
2014-04-03,18.43
2014-04-04,18.58
2014-04-05,19.47
2014-04-06,19.92
2014-04-07,19.79
2014-04-08,19.37
2014-04-09,18.84
2014-04-10,19.96
2014-04-11,19.9
2014-04-12,19.77
2014-04-13,19.49
2014-04-14,19.93
2014-04-15,18.52
2014-04-16,19.9
2014-04-17,20.37
2014-04-18,20.3
2014-04-19,20.39
2014-04-20,20.45
2014-04-21,20.23
2014-04-22,20.08
2014-04-23,20.54
2014-04-24,21.13
2014-04-25,20.76
2014-04-26,21.21
2014-04-27,21.44
2014-04-28,21.33
2014-04-29,20.99
2014-04-30,21.58
2014-05-01,21.66
2014-05-02,21.73
2014-05-03,22.41
2014-05-04,22.34
2014-05-05,21.83
2014-05-06,21.59
2014-05-07,21.35
2014-05-08,21.6
2014-05-09,21.77
2014-05-10,22.04
2014-05-11,21.94
2014-05-12,21.59
2014-05-13,22.39
2014-05-14,22.72
2014-05-15,23.0
2014-05-16,22.8
2014-05-17,22.04
2014-05-18,22.21
2014-05-19,22.13
2014-05-20,22.63
2014-05-21,23.3
2014-05-22,22.97
2014-05-23,23.34
2014-05-24,23.46
2014-05-25,23.58
2014-05-26,23.59
2014-05-27,24.23
2014-05-28,24.2
2014-05-29,24.21
2014-05-30,24.77
2014-05-31,24.21
2014-06-01,24.2
2014-06-02,24.14
2014-06-03,24.38
2014-06-04,24.63
2014-06-05,24.51
2014-06-06,24.12
2014-06-07,24.59
2014-06-08,24.8
2014-06-09,25.0
2014-06-10,25.46
2014-06-11,25.77
2014-06-12,25.98
2014-06-13,25.27
2014-06-14,25.1
2014-06-15,25.58
2014-06-16,25.83
2014-06-17,25.71
2014-06-18,25.9
2014-06-19,25.98
2014-06-20,25.69
2014-06-21,26.05
2014-06-22,26.39
2014-06-23,26.27
2014-06-24,26.28
2014-06-25,27.02
2014-06-26,27.05
2014-06-27,27.39
2014-06-28,27.48
2014-06-29,26.95
2014-06-30,26.21
2014-07-01,26.48
2014-07-02,27.16
2014-07-03,27.32
2014-07-04,27.83
2014-07-05,27.97
2014-07-06,27.78
2014-07-07,28.12
2014-07-08,28.0
2014-07-09,28.19
2014-07-10,28.52
2014-07-11,28.36
2014-07-12,27.81
2014-07-13,27.29
2014-07-14,28.24
2014-07-15,28.92
2014-07-16,28.12
2014-07-17,27.8
2014-07-18,28.45
2014-07-19,28.35
2014-07-20,27.46
2014-07-21,27.54
2014-07-22,27.49
2014-07-23,27.54
2014-07-24,28.4
2014-07-25,28.86
2014-07-26,28.69
2014-07-27,28.52
2014-07-28,28.05
2014-07-29,27.79
2014-07-30,29.1
2014-07-31,28.13
2014-08-01,28.24
2014-08-02,28.57
2014-08-03,29.22
2014-08-04,28.53
2014-08-05,28.49
2014-08-06,28.4
2014-08-07,27.53
2014-08-08,27.38
2014-08-09,28.66
2014-08-10,28.83
2014-08-11,29.1
2014-08-12,29.18
2014-08-13,28.76
2014-08-14,28.83
2014-08-15,27.78
2014-08-16,28.17
2014-08-17,28.85
2014-08-18,28.55
2014-08-19,28.89
2014-08-20,29.33
2014-08-21,28.66
2014-08-22,28.82
2014-08-23,29.11
2014-08-24,28.47
2014-08-25,29.35
2014-08-26,29.02
2014-08-27,29.75
2014-08-28,29.13
2014-08-29,29.14
2014-08-30,29.8
2014-08-31,29.65
2014-09-01,29.37
2014-09-02,28.97
2014-09-03,28.93
2014-09-04,29.47
2014-09-05,28.35
2014-09-06,29.35
2014-09-07,29.35
2014-09-08,29.35
2014-09-09,28.85
2014-09-10,28.66
2014-09-11,28.31
2014-09-12,28.18
2014-09-13,28.1
2014-09-14,28.69
2014-09-15,28.95
2014-09-16,28.84
2014-09-17,28.39
2014-09-18,28.45
2014-09-19,28.14
2014-09-20,27.77
2014-09-21,27.38
2014-09-22,28.13
2014-09-23,28.52
2014-09-24,28.58
2014-09-25,28.66
2014-09-26,28.66
2014-09-27,27.57
2014-09-28,27.68
2014-09-29,26.99
2014-09-30,27.65
2014-10-01,27.66
2014-10-02,27.1
2014-10-03,27.0
2014-10-04,27.23
2014-10-05,27.41
2014-10-06,27.44
2014-10-07,26.71
2014-10-08,26.59
2014-10-09,26.97
2014-10-10,26.63
2014-10-11,26.86
2014-10-12,27.19
2014-10-13,26.92
2014-10-14,26.8
2014-10-15,26.65
2014-10-16,26.56
2014-10-17,26.9
2014-10-18,26.89
2014-10-19,26.68
2014-10-20,26.08
2014-10-21,26.18
2014-10-22,26.21
2014-10-23,25.91
2014-10-24,25.82
2014-10-25,25.9
2014-10-26,25.66
2014-10-27,25.6
2014-10-28,25.28
2014-10-29,24.42
2014-10-30,25.04
2014-10-31,25.04
2014-11-01,25.2
2014-11-02,24.84
2014-11-03,24.92
2014-11-04,24.19
2014-11-05,24.45
2014-11-06,24.4
2014-11-07,24.43
2014-11-08,24.57
2014-11-09,24.32
2014-11-10,24.24
2014-11-11,23.92
2014-11-12,23.88
2014-11-13,23.61
2014-11-14,23.68
2014-11-15,23.55
2014-11-16,23.4
2014-11-17,23.18
2014-11-18,23.61
2014-11-19,23.42
2014-11-20,23.11
2014-11-21,22.64
2014-11-22,22.43
2014-11-23,22.47
2014-11-24,22.58
2014-11-25,22.6
2014-11-26,22.4
2014-11-27,22.09
2014-11-28,22.06
2014-11-29,21.86
2014-11-30,21.92
2014-12-01,21.73
2014-12-02,20.95
2014-12-03,21.5
2014-12-04,21.52
2014-12-05,21.66
2014-12-06,21.5
2014-12-07,21.45
2014-12-08,21.02
2014-12-09,21.38
2014-12-10,21.79
2014-12-11,21.66
2014-12-12,21.28
2014-12-13,21.33
2014-12-14,20.98
2014-12-15,20.81
2014-12-16,20.8
2014-12-17,21.73
2014-12-18,21.67
2014-12-19,21.02
2014-12-20,20.61
2014-12-21,20.39
2014-12-22,20.05
2014-12-23,19.87
2014-12-24,19.94
2014-12-25,20.23
2014-12-26,20.42
2014-12-27,20.33
2014-12-28,20.04
2014-12-29,20.09
2014-12-30,19.65
2014-12-31,20.2
2015-01-01,19.79
2015-01-02,19.23
2015-01-03,19.46
2015-01-04,19.47
2015-01-05,19.3
2015-01-06,18.4
2015-01-07,18.53
2015-01-08,18.48
2015-01-09,18.51
2015-01-10,18.56
2015-01-11,18.54
2015-01-12,18.53
2015-01-13,18.08
2015-01-14,18.13
2015-01-15,18.18
2015-01-16,18.33
2015-01-17,18.46
2015-01-18,18.6
2015-01-19,18.43
2015-01-20,18.35
2015-01-21,18.22
2015-01-22,18.22
2015-01-23,18.16
2015-01-24,18.16
2015-01-25,17.94
2015-01-26,17.78
2015-01-27,17.72
2015-01-28,17.66
2015-01-29,18.05
2015-01-30,18.04
2015-01-31,17.93
2015-02-01,17.92
2015-02-02,18.1
2015-02-03,18.04
2015-02-04,17.47
2015-02-05,17.8
2015-02-06,17.75
2015-02-07,17.76
2015-02-08,17.72
2015-02-09,17.75
2015-02-10,17.72
2015-02-11,17.67
2015-02-12,16.97
2015-02-13,16.8
2015-02-14,16.99
2015-02-15,17.01
2015-02-16,16.68
2015-02-17,16.77
2015-02-18,17.12
2015-02-19,17.08
2015-02-20,17.05
2015-02-21,16.89
2015-02-22,16.71
2015-02-23,16.49
2015-02-24,16.48
2015-02-25,16.45
2015-02-26,16.52
2015-02-27,16.87
2015-02-28,16.86
2015-03-01,16.71
2015-03-02,16.71
2015-03-03,16.81
2015-03-04,17.0
2015-03-05,17.03
2015-03-06,17.04
2015-03-07,17.39
2015-03-08,17.21
2015-03-09,17.26
2015-03-10,17.3
2015-03-11,17.33
2015-03-12,17.27
2015-03-13,17.23
2015-03-14,17.12
2015-03-15,17.77
2015-03-16,18.02
2015-03-17,17.56
2015-03-18,17.68
2015-03-19,17.82
2015-03-20,17.74
2015-03-21,17.9
2015-03-22,17.9
2015-03-23,17.98
2015-03-24,18.01
2015-03-25,18.2
2015-03-26,18.32
2015-03-27,18.3
2015-03-28,18.04
2015-03-29,18.19
2015-03-30,18.14
2015-03-31,18.43
2015-04-01,18.42
2015-04-02,18.5
2015-04-03,18.48
2015-04-04,18.45
2015-04-05,18.1
2015-04-06,18.56
2015-04-07,19.07
2015-04-08,19.22
2015-04-09,19.08
2015-04-10,19.01
2015-04-11,18.94
2015-04-12,18.25
2015-04-13,18.16
2015-04-14,18.48
2015-04-15,18.5
2015-04-16,18.32
2015-04-17,18.05
2015-04-18,17.34
2015-04-19,18.63
2015-04-20,19.29
2015-04-21,19.24
2015-04-22,18.83
2015-04-23,18.65
2015-04-24,18.96
2015-04-25,18.9
2015-04-26,19.03
2015-04-27,19.4
2015-04-28,20.42
2015-04-29,20.5
2015-04-30,20.15
2015-05-01,20.17
2015-05-02,20.23
2015-05-03,20.31
2015-05-04,20.61
2015-05-05,20.78
2015-05-06,20.78
2015-05-07,20.9
2015-05-08,21.31
2015-05-09,21.49
2015-05-10,21.64
2015-05-11,21.57
2015-05-12,21.51
2015-05-13,21.64
2015-05-14,21.58
2015-05-15,22.11
2015-05-16,22.44
2015-05-17,22.31
2015-05-18,22.76
2015-05-19,23.4
2015-05-20,22.72
2015-05-21,22.69
2015-05-22,23.19
2015-05-23,23.82
2015-05-24,23.78
2015-05-25,24.01
2015-05-26,23.96
2015-05-27,24.35
2015-05-28,23.68
2015-05-29,23.59
2015-05-30,23.6
2015-05-31,23.5
2015-06-01,23.56
2015-06-02,24.31
2015-06-03,24.57
2015-06-04,24.64
2015-06-05,24.46
2015-06-06,24.44
2015-06-07,24.07
2015-06-08,24.18
2015-06-09,24.02
2015-06-10,24.61
2015-06-11,25.02
2015-06-12,25.19
2015-06-13,25.16
2015-06-14,25.54
2015-06-15,26.35
2015-06-16,26.04
2015-06-17,26.13
2015-06-18,25.62
2015-06-19,25.43
2015-06-20,25.53
2015-06-21,25.48
2015-06-22,25.85
2015-06-23,25.87
2015-06-24,25.99
2015-06-25,25.39
2015-06-26,25.88
2015-06-27,25.89
2015-06-28,25.5
2015-06-29,25.3
2015-06-30,25.66
2015-07-01,25.47
2015-07-02,25.87
2015-07-03,25.94
2015-07-04,26.31
2015-07-05,25.68
2015-07-06,25.82
2015-07-07,25.78
2015-07-08,26.95
2015-07-09,27.32
2015-07-10,26.53
2015-07-11,27.34
2015-07-12,27.73
2015-07-13,26.64
2015-07-14,26.86
2015-07-15,26.92
2015-07-16,27.52
2015-07-17,28.0
2015-07-18,28.02
2015-07-19,28.0
2015-07-20,28.27
2015-07-21,28.1
2015-07-22,28.3
2015-07-23,28.89
2015-07-24,28.73
2015-07-25,28.94
2015-07-26,27.56
2015-07-27,28.18
2015-07-28,28.84
2015-07-29,29.05
2015-07-30,28.6
2015-07-31,29.25
2015-08-01,28.59
2015-08-02,28.29
2015-08-03,28.77
2015-08-04,29.05
2015-08-05,29.85
2015-08-06,29.89
2015-08-07,30.28
2015-08-08,29.67
2015-08-09,29.78
2015-08-10,29.7
2015-08-11,29.42
2015-08-12,29.73
2015-08-13,30.61
2015-08-14,30.45
2015-08-15,30.75
2015-08-16,30.82
2015-08-17,30.09
2015-08-18,30.22
2015-08-19,29.33
2015-08-20,30.42
2015-08-21,28.95
2015-08-22,30.14
2015-08-23,29.61
2015-08-24,29.72
2015-08-25,29.76
2015-08-26,29.57
2015-08-27,29.55
2015-08-28,28.82
2015-08-29,29.85
2015-08-30,29.33
2015-08-31,29.19
2015-09-01,29.66
2015-09-02,29.85
2015-09-03,29.38
2015-09-04,29.3
2015-09-05,29.48
2015-09-06,29.48
2015-09-07,28.93
2015-09-08,28.94
2015-09-09,28.2
2015-09-10,27.97
2015-09-11,27.76
2015-09-12,29.13
2015-09-13,28.59
2015-09-14,28.86
2015-09-15,29.49
2015-09-16,29.3
2015-09-17,29.9
2015-09-18,29.1
2015-09-19,29.54
2015-09-20,29.1
2015-09-21,29.02
2015-09-22,29.08
2015-09-23,29.09
2015-09-24,28.88
2015-09-25,28.88
2015-09-26,28.57
2015-09-27,28.58
2015-09-28,28.29
2015-09-29,27.82
2015-09-30,27.38
2015-10-01,28.36
2015-10-02,27.7
2015-10-03,27.12
2015-10-04,27.72
2015-10-05,28.04
2015-10-06,28.2
2015-10-07,28.22
2015-10-08,28.16
2015-10-09,27.86
2015-10-10,27.91
2015-10-11,27.54
2015-10-12,27.55
2015-10-13,27.63
2015-10-14,27.08
2015-10-15,27.16
2015-10-16,27.39
2015-10-17,26.99
2015-10-18,26.56
2015-10-19,26.59
2015-10-20,27.16
2015-10-21,27.32
2015-10-22,27.34
2015-10-23,27.35
2015-10-24,27.18
2015-10-25,27.17
2015-10-26,26.64
2015-10-27,26.69
2015-10-28,26.81
2015-10-29,26.0
2015-10-30,25.98
2015-10-31,26.28
2015-11-01,25.85
2015-11-02,25.62
2015-11-03,25.42
2015-11-04,24.98
2015-11-05,25.07
2015-11-06,25.0
2015-11-07,24.65
2015-11-08,24.57
2015-11-09,24.68
2015-11-10,24.54
2015-11-11,24.37
2015-11-12,24.47
2015-11-13,24.34
2015-11-14,24.35
2015-11-15,24.33
2015-11-16,23.41
2015-11-17,23.35
2015-11-18,22.9
2015-11-19,23.95
2015-11-20,23.76
2015-11-21,23.79
2015-11-22,23.12
2015-11-23,23.34
2015-11-24,23.26
2015-11-25,23.2
2015-11-26,22.95
2015-11-27,22.77
2015-11-28,23.0
2015-11-29,22.85
2015-11-30,22.9
2015-12-01,22.41
2015-12-02,22.42
2015-12-03,21.96
2015-12-04,21.52
2015-12-05,21.55
2015-12-06,21.61
2015-12-07,21.45
2015-12-08,21.54
2015-12-09,21.44
2015-12-10,21.43
2015-12-11,21.18
2015-12-12,21.2
2015-12-13,21.02
2015-12-14,20.89
2015-12-15,20.64
2015-12-16,20.64
2015-12-17,20.59
2015-12-18,20.61
2015-12-19,20.6
2015-12-20,20.61
2015-12-21,20.27
2015-12-22,20.26
2015-12-23,20.26
2015-12-24,19.84
2015-12-25,19.85
2015-12-26,20.23
2015-12-27,20.16
2015-12-28,19.92
2015-12-29,19.92
2015-12-30,19.59
2015-12-31,19.71
2016-01-01,19.25
2016-01-02,19.07
2016-01-03,19.1
2016-01-04,19.14
2016-01-05,19.19
2016-01-06,19.18
2016-01-07,19.14
2016-01-08,18.94
2016-01-09,18.49
2016-01-10,18.5
2016-01-11,18.55
2016-01-12,18.52
2016-01-13,18.64
2016-01-14,18.71
2016-01-15,18.66
2016-01-16,18.61
2016-01-17,18.65
2016-01-18,18.26
2016-01-19,17.85
2016-01-20,17.7
2016-01-21,18.04
2016-01-22,18.11
2016-01-23,17.78
2016-01-24,17.82
2016-01-25,17.83
2016-01-26,17.52
2016-01-27,17.34
2016-01-28,17.34
2016-01-29,17.25
2016-01-30,17.47
2016-01-31,17.19
2016-02-01,17.62
2016-02-02,17.34
2016-02-03,17.58
2016-02-04,17.69
2016-02-05,17.9
2016-02-06,17.35
2016-02-07,17.31
2016-02-08,17.31
2016-02-09,17.31
2016-02-10,17.18
2016-02-11,17.24
2016-02-12,17.43
2016-02-13,17.45
2016-02-14,17.57
2016-02-15,17.33
2016-02-16,17.51
2016-02-17,17.46
2016-02-18,17.52
2016-02-19,17.66
2016-02-20,17.69
2016-02-21,17.59
2016-02-22,17.41
2016-02-23,17.42
2016-02-24,17.72
2016-02-25,17.62
2016-02-26,17.59
2016-02-27,17.49
2016-02-28,17.41
2016-02-29,17.53
2016-03-01,18.39
2016-03-02,18.59
2016-03-03,18.39
2016-03-04,17.96
2016-03-05,18.32
2016-03-06,17.8
2016-03-07,18.05
2016-03-08,18.2
2016-03-09,18.19
2016-03-10,17.57
2016-03-11,17.93
2016-03-12,17.83
2016-03-13,18.02
2016-03-14,18.11
2016-03-15,18.18
2016-03-16,18.26
2016-03-17,18.14
2016-03-18,18.25
2016-03-19,18.1
2016-03-20,17.27
2016-03-21,18.16
2016-03-22,18.49
2016-03-23,18.62
2016-03-24,18.61
2016-03-25,18.37
2016-03-26,18.44
2016-03-27,18.55
2016-03-28,18.47
2016-03-29,18.45
2016-03-30,18.28
2016-03-31,18.28
2016-04-01,18.25
2016-04-02,18.4
2016-04-03,18.7
2016-04-04,18.75
2016-04-05,18.77
2016-04-06,19.32
2016-04-07,19.55
2016-04-08,19.49
2016-04-09,19.63
2016-04-10,19.58
2016-04-11,19.47
2016-04-12,19.33
2016-04-13,19.44
2016-04-14,20.14
2016-04-15,20.35
2016-04-16,20.12
2016-04-17,20.57
2016-04-18,20.87
2016-04-19,20.92
2016-04-20,21.27
2016-04-21,21.16
2016-04-22,21.22
2016-04-23,21.72
2016-04-24,22.0
2016-04-25,21.59
2016-04-26,21.85
2016-04-27,21.61
2016-04-28,21.8
2016-04-29,22.08
2016-04-30,22.46
2016-05-01,22.38
2016-05-02,22.28
2016-05-03,22.34
2016-05-04,22.2
2016-05-05,22.19
2016-05-06,22.07
2016-05-07,22.19
2016-05-08,22.22
2016-05-09,22.31
2016-05-10,21.97
2016-05-11,22.0
2016-05-12,23.03
2016-05-13,23.28
2016-05-14,23.36
2016-05-15,23.59
2016-05-16,23.5
2016-05-17,23.7
2016-05-18,23.65
2016-05-19,23.3
2016-05-20,23.22
2016-05-21,24.11
2016-05-22,24.12
2016-05-23,24.07
2016-05-24,23.55
2016-05-25,23.32
2016-05-26,23.77
2016-05-27,22.67
2016-05-28,23.35
2016-05-29,23.96
2016-05-30,23.61
2016-05-31,23.73
2016-06-01,23.83
2016-06-02,24.58
2016-06-03,24.59
2016-06-04,24.29
2016-06-05,24.48
2016-06-06,25.65
2016-06-07,25.61
2016-06-08,25.8
2016-06-09,25.41
2016-06-10,25.62
2016-06-11,25.64
2016-06-12,25.68
2016-06-13,25.42
2016-06-14,24.85
2016-06-15,24.67
2016-06-16,24.56
2016-06-17,25.58
2016-06-18,25.56
2016-06-19,26.31
2016-06-20,26.53
2016-06-21,26.99
2016-06-22,27.22
2016-06-23,26.97
2016-06-24,27.1
2016-06-25,27.28
2016-06-26,27.57
2016-06-27,27.63
2016-06-28,27.5
2016-06-29,27.69
2016-06-30,28.18
2016-07-01,27.54
2016-07-02,27.01
2016-07-03,28.51
2016-07-04,27.8
2016-07-05,27.79
2016-07-06,27.84
2016-07-07,28.64
2016-07-08,28.47
2016-07-09,28.51
2016-07-10,28.45
2016-07-11,27.81
2016-07-12,29.01
2016-07-13,29.23
2016-07-14,28.76
2016-07-15,29.42
2016-07-16,29.24
2016-07-17,29.25
2016-07-18,28.96
2016-07-19,27.91
2016-07-20,28.67
2016-07-21,29.01
2016-07-22,29.33
2016-07-23,28.58
2016-07-24,28.87
2016-07-25,28.25
2016-07-26,28.85
2016-07-27,28.46
2016-07-28,28.18
2016-07-29,28.28
2016-07-30,27.78
2016-07-31,28.81
2016-08-01,29.26
2016-08-02,28.7
2016-08-03,28.76
2016-08-04,28.37
2016-08-05,28.27
2016-08-06,28.62
2016-08-07,28.28
2016-08-08,28.62
2016-08-09,28.87
2016-08-10,28.89
2016-08-11,28.98
2016-08-12,29.59
2016-08-13,29.49
2016-08-14,28.49
2016-08-15,28.94
2016-08-16,29.34
2016-08-17,29.26
2016-08-18,29.28
2016-08-19,28.9
2016-08-20,28.88
2016-08-21,29.47
2016-08-22,28.36
2016-08-23,28.64
2016-08-24,28.35
2016-08-25,28.74
2016-08-26,28.95
2016-08-27,29.48
2016-08-28,29.76
2016-08-29,29.24
2016-08-30,28.73
2016-08-31,28.69
2016-09-01,28.81
2016-09-02,28.98
2016-09-03,28.47
2016-09-04,29.07
2016-09-05,29.24
2016-09-06,29.05
2016-09-07,29.14
2016-09-08,28.89
2016-09-09,29.15
2016-09-10,29.11
2016-09-11,28.3
2016-09-12,28.17
2016-09-13,28.98
2016-09-14,28.69
2016-09-15,28.78
2016-09-16,28.51
2016-09-17,28.53
2016-09-18,28.42
2016-09-19,28.97
2016-09-20,28.76
2016-09-21,28.5
2016-09-22,28.71
2016-09-23,28.51
2016-09-24,28.11
2016-09-25,27.52
2016-09-26,28.09
2016-09-27,27.95
2016-09-28,28.12
2016-09-29,27.31
2016-09-30,28.21
2016-10-01,27.76
2016-10-02,27.73
2016-10-03,27.63
2016-10-04,27.69
2016-10-05,27.81
2016-10-06,26.76
2016-10-07,26.25
2016-10-08,27.78
2016-10-09,27.22
2016-10-10,27.26
2016-10-11,27.6
2016-10-12,27.67
2016-10-13,27.38
2016-10-14,27.25
2016-10-15,26.64
2016-10-16,26.45
2016-10-17,26.46
2016-10-18,27.18
2016-10-19,26.98
2016-10-20,26.9
2016-10-21,26.41
2016-10-22,26.11
2016-10-23,25.87
2016-10-24,26.0
2016-10-25,26.5
2016-10-26,25.19
2016-10-27,26.24
2016-10-28,26.14
2016-10-29,26.34
2016-10-30,25.53
2016-10-31,25.84
2016-11-01,25.74
2016-11-02,25.71
2016-11-03,25.59
2016-11-04,25.36
2016-11-05,25.49
2016-11-06,25.24
2016-11-07,25.45
2016-11-08,25.14
2016-11-09,24.87
2016-11-10,24.92
2016-11-11,24.97
2016-11-12,23.82
2016-11-13,23.31
2016-11-14,23.88
2016-11-15,23.78
2016-11-16,24.5
2016-11-17,24.11
2016-11-18,24.02
2016-11-19,23.95
2016-11-20,23.79
2016-11-21,23.79
2016-11-22,23.76
2016-11-23,23.45
2016-11-24,23.37
2016-11-25,22.93
2016-11-26,22.36
2016-11-27,21.86
2016-11-28,21.69
2016-11-29,21.62
2016-11-30,21.68
2016-12-01,21.68
2016-12-02,20.9
2016-12-03,21.08
2016-12-04,21.5
2016-12-05,21.31
2016-12-06,20.78
2016-12-07,20.59
2016-12-08,20.53
2016-12-09,20.98
2016-12-10,20.78
2016-12-11,21.08
2016-12-12,20.94
2016-12-13,20.62
2016-12-14,20.49
2016-12-15,20.45
2016-12-16,19.79
2016-12-17,19.76
2016-12-18,19.83
2016-12-19,19.98
2016-12-20,19.99
2016-12-21,20.06
2016-12-22,20.07
2016-12-23,19.15
2016-12-24,19.31
2016-12-25,19.29
2016-12-26,18.95
2016-12-27,19.05
2016-12-28,19.08
2016-12-29,19.25
2016-12-30,19.06
2016-12-31,18.41
2017-01-01,19.0
2017-01-02,18.93
2017-01-03,18.67
2017-01-04,18.7
2017-01-05,18.87
2017-01-06,18.99
2017-01-07,18.58
2017-01-08,18.35
2017-01-09,17.89
2017-01-10,18.21
2017-01-11,17.65
2017-01-12,17.9
2017-01-13,17.9
2017-01-14,17.85
2017-01-15,17.51
2017-01-16,17.36
2017-01-17,17.8
2017-01-18,17.91
2017-01-19,17.47
2017-01-20,17.92
2017-01-21,17.96
2017-01-22,17.58
2017-01-23,17.64
2017-01-24,17.53
2017-01-25,17.36
2017-01-26,17.44
2017-01-27,17.49
2017-01-28,17.33
2017-01-29,17.3
2017-01-30,17.21
2017-01-31,16.77
2017-02-01,16.82
2017-02-02,16.96
2017-02-03,16.9
2017-02-04,16.93
2017-02-05,17.05
2017-02-06,16.89
2017-02-07,16.83
2017-02-08,16.7
2017-02-09,17.45
2017-02-10,17.32
2017-02-11,16.82
2017-02-12,16.72
2017-02-13,16.99
2017-02-14,17.0
2017-02-15,16.92
2017-02-16,16.39
2017-02-17,16.36
2017-02-18,16.34
2017-02-19,15.81
2017-02-20,16.85
2017-02-21,17.1
2017-02-22,16.88
2017-02-23,16.34
2017-02-24,16.78
2017-02-25,17.33
2017-02-26,16.85
2017-02-27,16.68
2017-02-28,17.19
2017-03-01,17.22
2017-03-02,16.62
2017-03-03,17.18
2017-03-04,17.5
2017-03-05,17.19
2017-03-06,17.15
2017-03-07,17.58
2017-03-08,17.78
2017-03-09,17.83
2017-03-10,17.23
2017-03-11,17.61
2017-03-12,18.38
2017-03-13,17.75
2017-03-14,17.21
2017-03-15,16.9
2017-03-16,17.46
2017-03-17,17.46
2017-03-18,17.17
2017-03-19,17.07
2017-03-20,17.64
2017-03-21,17.67
2017-03-22,17.68
2017-03-23,17.7
2017-03-24,17.94
2017-03-25,17.54
2017-03-26,17.52
2017-03-27,18.92
2017-03-28,18.66
2017-03-29,18.54
2017-03-30,19.14
2017-03-31,19.21
2017-04-01,18.64
2017-04-02,18.68
2017-04-03,18.67
2017-04-04,19.01
2017-04-05,18.81
2017-04-06,18.91
2017-04-07,19.23
2017-04-08,18.53
2017-04-09,18.66
2017-04-10,18.87
2017-04-11,19.14
2017-04-12,19.29
2017-04-13,19.47
2017-04-14,19.49
2017-04-15,19.76
2017-04-16,19.66
2017-04-17,19.26
2017-04-18,19.52
2017-04-19,20.41
2017-04-20,20.58
2017-04-21,19.84
2017-04-22,20.26
2017-04-23,20.21
2017-04-24,20.29
2017-04-25,20.64
2017-04-26,20.75
2017-04-27,21.41
2017-04-28,21.2
2017-04-29,20.81
2017-04-30,21.37
2017-05-01,21.88
2017-05-02,21.85
2017-05-03,20.73
2017-05-04,20.95
2017-05-05,21.53
2017-05-06,21.46
2017-05-07,22.57
2017-05-08,22.72
2017-05-09,22.97
2017-05-10,22.87
2017-05-11,21.74
2017-05-12,23.28
2017-05-13,23.62
2017-05-14,22.96
2017-05-15,23.66
2017-05-16,24.54
2017-05-17,24.46
2017-05-18,24.43
2017-05-19,24.14
2017-05-20,24.76
2017-05-21,24.75
2017-05-22,24.16
2017-05-23,23.95
2017-05-24,24.19
2017-05-25,23.92
2017-05-26,23.78
2017-05-27,24.32
2017-05-28,24.61
2017-05-29,24.11
2017-05-30,23.34
2017-05-31,24.39
2017-06-01,23.62
2017-06-02,23.63
2017-06-03,23.66
2017-06-04,24.54
2017-06-05,24.97
2017-06-06,24.55
2017-06-07,24.9
2017-06-08,25.48
2017-06-09,25.21
2017-06-10,25.04
2017-06-11,24.86
2017-06-12,26.0
2017-06-13,25.7
2017-06-14,25.95
2017-06-15,25.74
2017-06-16,26.42
2017-06-17,26.55
2017-06-18,26.17
2017-06-19,27.41
2017-06-20,27.64
2017-06-21,27.13
2017-06-22,26.18
2017-06-23,26.44
2017-06-24,27.2
2017-06-25,27.26
2017-06-26,26.67
2017-06-27,27.27
2017-06-28,28.06
2017-06-29,27.62
2017-06-30,27.71
2017-07-01,28.64
2017-07-02,28.86
2017-07-03,28.93
2017-07-04,29.08
2017-07-05,28.73
2017-07-06,29.61
2017-07-07,29.12
2017-07-08,28.09
2017-07-09,28.36
2017-07-10,28.41
2017-07-11,29.07
2017-07-12,29.76
2017-07-13,29.79
2017-07-14,29.1
2017-07-15,28.95
2017-07-16,29.04
2017-07-17,28.51
2017-07-18,28.44
2017-07-19,29.12
2017-07-20,28.56
2017-07-21,30.06
2017-07-22,29.85
2017-07-23,28.86
2017-07-24,29.49
2017-07-25,30.28
2017-07-26,29.43
2017-07-27,28.55
2017-07-28,30.38
2017-07-29,30.13
2017-07-30,29.45
2017-07-31,28.56
2017-08-01,29.38
2017-08-02,29.48
2017-08-03,29.97
2017-08-04,29.22
2017-08-05,29.43
2017-08-06,30.06
2017-08-07,29.91
2017-08-08,29.17
2017-08-09,29.5
2017-08-10,30.37
2017-08-11,30.38
2017-08-12,29.81
2017-08-13,30.95
2017-08-14,30.7
2017-08-15,29.98
2017-08-16,30.21
2017-08-17,30.61
2017-08-18,30.05
2017-08-19,30.19
2017-08-20,30.87
2017-08-21,30.12
2017-08-22,29.47
2017-08-23,29.21
2017-08-24,28.26
2017-08-25,29.01
2017-08-26,29.09
2017-08-27,29.62
2017-08-28,30.18
2017-08-29,30.59
2017-08-30,29.78
2017-08-31,29.68
2017-09-01,30.04
2017-09-02,28.9
2017-09-03,28.19
2017-09-04,28.52
2017-09-05,28.9
2017-09-06,29.81
2017-09-07,29.25
2017-09-08,29.38
2017-09-09,28.68
2017-09-10,28.85
2017-09-11,28.46
2017-09-12,28.27
2017-09-13,29.0
2017-09-14,28.1
2017-09-15,28.59
2017-09-16,29.74
2017-09-17,29.37
2017-09-18,29.08
2017-09-19,28.05
2017-09-20,28.56
2017-09-21,28.72
2017-09-22,27.47
2017-09-23,27.79
2017-09-24,28.63
2017-09-25,28.62
2017-09-26,28.67
2017-09-27,27.29
2017-09-28,28.57
2017-09-29,28.28
2017-09-30,27.85
2017-10-01,28.13
2017-10-02,27.61
2017-10-03,27.95
2017-10-04,27.94
2017-10-05,27.76
2017-10-06,28.02
2017-10-07,28.15
2017-10-08,27.51
2017-10-09,27.35
2017-10-10,27.33
2017-10-11,27.13
2017-10-12,27.11
2017-10-13,27.1
2017-10-14,26.92
2017-10-15,26.18
2017-10-16,26.16
2017-10-17,26.38
2017-10-18,26.61
2017-10-19,25.96
2017-10-20,26.11
2017-10-21,25.68
2017-10-22,26.1
2017-10-23,26.12
2017-10-24,25.94
2017-10-25,25.9
2017-10-26,25.95
2017-10-27,25.73
2017-10-28,25.67
2017-10-29,25.64
2017-10-30,25.59
2017-10-31,25.26
2017-11-01,25.32
2017-11-02,25.12
2017-11-03,25.01
2017-11-04,24.95
2017-11-05,24.34
2017-11-06,24.48
2017-11-07,24.24
2017-11-08,24.42
2017-11-09,24.9
2017-11-10,24.48
2017-11-11,25.02
2017-11-12,24.89
2017-11-13,23.74
2017-11-14,23.91
2017-11-15,23.7
2017-11-16,23.49
2017-11-17,23.95
2017-11-18,23.88
2017-11-19,23.13
2017-11-20,23.47
2017-11-21,23.51
2017-11-22,23.28
2017-11-23,22.82
2017-11-24,22.82
2017-11-25,22.76
2017-11-26,22.69
2017-11-27,22.65
2017-11-28,22.46
2017-11-29,22.45
2017-11-30,22.0
2017-12-01,21.8
2017-12-02,21.89
2017-12-03,22.19
2017-12-04,22.0
2017-12-05,21.97
2017-12-06,21.52
2017-12-07,20.94
2017-12-08,21.18
2017-12-09,21.22
2017-12-10,21.23
2017-12-11,21.28
2017-12-12,21.14
2017-12-13,20.97
2017-12-14,20.94
2017-12-15,20.94
2017-12-16,21.12
2017-12-17,20.82
2017-12-18,20.88
2017-12-19,20.85
2017-12-20,20.82
2017-12-21,20.51
2017-12-22,20.14
2017-12-23,20.1
2017-12-24,20.07
2017-12-25,20.04
2017-12-26,19.99
2017-12-27,20.04
2017-12-28,20.09
2017-12-29,20.11
2017-12-30,20.12
2017-12-31,19.97
2018-01-01,19.96
2018-01-02,19.9
2018-01-03,19.66
2018-01-04,19.53
2018-01-05,19.31
2018-01-06,19.29
2018-01-07,19.27
2018-01-08,19.29
2018-01-09,19.37
2018-01-10,19.43
2018-01-11,19.47
2018-01-12,19.44
2018-01-13,19.22
2018-01-14,18.94
2018-01-15,18.95
2018-01-16,18.77
2018-01-17,18.4
2018-01-18,18.32
2018-01-19,18.26
2018-01-20,18.3
2018-01-21,18.38
2018-01-22,18.39
2018-01-23,18.38
2018-01-24,18.37
2018-01-25,18.17
2018-01-26,17.84
2018-01-27,17.69
2018-01-28,17.74
2018-01-29,17.7
2018-01-30,17.64
2018-01-31,17.7
2018-02-01,17.75
2018-02-02,17.88
2018-02-03,17.84
2018-02-04,17.99
2018-02-05,17.99
2018-02-06,17.98
2018-02-07,17.99
2018-02-08,17.98
2018-02-09,17.97
2018-02-10,17.97
2018-02-11,17.95
2018-02-12,17.95
2018-02-13,17.9
2018-02-14,17.82
2018-02-15,17.83
2018-02-16,17.88
2018-02-17,17.88
2018-02-18,17.89
2018-02-19,17.89
2018-02-20,17.93
2018-02-21,17.96
2018-02-22,18.03
2018-02-23,18.12
2018-02-24,18.2
2018-02-25,18.25
2018-02-26,18.27
2018-02-27,18.26
2018-02-28,18.28
2018-03-01,18.39
2018-03-02,18.53
2018-03-03,18.51
2018-03-04,18.48
2018-03-05,18.43
2018-03-06,18.29
2018-03-07,18.38
2018-03-08,18.64
2018-03-09,18.86
2018-03-10,18.89
2018-03-11,18.92
2018-03-12,19.16
2018-03-13,19.19
2018-03-14,18.84
2018-03-15,18.84
2018-03-16,19.23
2018-03-17,19.29
2018-03-18,19.25
2018-03-19,19.41
2018-03-20,19.61
2018-03-21,19.64
2018-03-22,19.61
2018-03-23,19.67
2018-03-24,19.77
2018-03-25,19.83
2018-03-26,19.78
2018-03-27,19.75
2018-03-28,19.64
2018-03-29,19.56
2018-03-30,19.66
2018-03-31,19.73
2018-04-01,19.76
2018-04-02,19.86
2018-04-03,20.32
2018-04-04,20.4
2018-04-05,20.46
2018-04-06,20.21
2018-04-07,20.18
2018-04-08,20.93
2018-04-09,21.01
2018-04-10,20.77
2018-04-11,20.7
2018-04-12,21.58
2018-04-13,21.66
2018-04-14,21.45
2018-04-15,21.54
2018-04-16,21.71
2018-04-17,21.7
2018-04-18,21.71
2018-04-19,21.71
2018-04-20,21.59
2018-04-21,21.57
2018-04-22,21.58
2018-04-23,21.6
2018-04-24,21.73
2018-04-25,21.6
2018-04-26,21.59
2018-04-27,21.67
2018-04-28,21.57
2018-04-29,22.03
2018-04-30,22.13
2018-05-01,23.35
2018-05-02,23.38
2018-05-03,23.67
2018-05-04,23.68
2018-05-05,23.33
2018-05-06,23.0
2018-05-07,23.01
2018-05-08,22.99
2018-05-09,22.97
2018-05-10,23.12
2018-05-11,23.24
2018-05-12,23.31
2018-05-13,23.32
2018-05-14,23.32
2018-05-15,23.48
2018-05-16,23.8
2018-05-17,23.79
2018-05-18,23.76
2018-05-19,23.83
2018-05-20,23.89
2018-05-21,24.3
2018-05-22,25.47
2018-05-23,25.5
2018-05-24,25.57
2018-05-25,25.66
2018-05-26,25.4
2018-05-27,25.36
2018-05-28,25.54
2018-05-29,25.42
2018-05-30,26.1
2018-05-31,26.01
2018-06-01,26.18
2018-06-02,26.22
2018-06-03,25.7
2018-06-04,25.74
2018-06-05,25.77
2018-06-06,26.09
2018-06-07,26.5
2018-06-08,26.6
2018-06-09,26.6
2018-06-10,26.6
2018-06-11,26.67
2018-06-12,27.22
2018-06-13,27.42
2018-06-14,27.43
2018-06-15,27.43
2018-06-16,27.49
2018-06-17,27.56
2018-06-18,27.52
2018-06-19,27.56
2018-06-20,28.02
2018-06-21,27.98
2018-06-22,27.9
2018-06-23,27.95
2018-06-24,27.19
2018-06-25,26.97
2018-06-26,27.9
2018-06-27,27.99
2018-06-28,28.21
2018-06-29,28.15
2018-06-30,27.85
2018-07-01,27.92
2018-07-02,28.0
2018-07-03,27.8
2018-07-04,27.79
2018-07-05,28.4
2018-07-06,28.67
2018-07-07,28.59
2018-07-08,28.67
2018-07-09,29.07
2018-07-10,29.64
2018-07-11,29.64
2018-07-12,29.64
2018-07-13,29.46
2018-07-14,29.36
2018-07-15,29.35
2018-07-16,29.35
2018-07-17,29.56
2018-07-18,29.47
2018-07-19,29.2
2018-07-20,29.33
2018-07-21,29.64
2018-07-22,29.66
2018-07-23,29.45
2018-07-24,29.48
2018-07-25,29.63
2018-07-26,29.61
2018-07-27,29.19
2018-07-28,29.27
2018-07-29,29.7
2018-07-30,29.7
2018-07-31,29.67
2018-08-01,29.79
2018-08-02,30.04
2018-08-03,30.06
2018-08-04,30.04
2018-08-05,29.99
2018-08-06,29.92
2018-08-07,29.89
2018-08-08,29.91
2018-08-09,29.64
2018-08-10,29.27
2018-08-11,29.18
2018-08-12,29.27
2018-08-13,29.62
2018-08-14,29.8
2018-08-15,29.67
2018-08-16,29.64
2018-08-17,29.69
2018-08-18,29.58
2018-08-19,29.91
2018-08-20,29.95
2018-08-21,29.17
2018-08-22,29.05
2018-08-23,29.15
2018-08-24,29.18
2018-08-25,29.89
2018-08-26,29.88
2018-08-27,29.99
2018-08-28,30.04
2018-08-29,30.09
2018-08-30,30.11
2018-08-31,30.09
2018-09-01,30.2
2018-09-02,30.26
2018-09-03,30.3
2018-09-04,30.26
2018-09-05,30.18
2018-09-06,30.03
2018-09-07,30.03
2018-09-08,30.02
2018-09-09,29.55
2018-09-10,29.37
2018-09-11,29.5
2018-09-12,29.52
2018-09-13,29.32
2018-09-14,29.2
2018-09-15,29.24
2018-09-16,29.4
2018-09-17,29.23
2018-09-18,29.22
2018-09-19,29.32
2018-09-20,29.32
2018-09-21,29.11
2018-09-22,29.08
2018-09-23,28.91
2018-09-24,28.98
2018-09-25,29.06
2018-09-26,29.03
2018-09-27,29.04
2018-09-28,29.06
2018-09-29,28.99
2018-09-30,28.94
2018-10-01,28.89
2018-10-02,28.6
2018-10-03,28.42
2018-10-04,28.42
2018-10-05,28.4
2018-10-06,28.48
2018-10-07,28.53
2018-10-08,28.35
2018-10-09,28.31
2018-10-10,28.12
2018-10-11,28.21
2018-10-12,28.04
2018-10-13,27.99
2018-10-14,27.75
2018-10-15,27.69
2018-10-16,27.38
2018-10-17,27.43
2018-10-18,27.53
2018-10-19,27.53
2018-10-20,27.26
2018-10-21,27.28
2018-10-22,27.27
2018-10-23,27.2
2018-10-24,27.2
2018-10-25,26.61
2018-10-26,26.25
2018-10-27,26.19
2018-10-28,26.24
2018-10-29,26.0
2018-10-30,25.8
2018-10-31,25.81
2018-11-01,25.77
2018-11-02,24.92
2018-11-03,24.91
2018-11-04,24.55
2018-11-05,24.47
2018-11-06,24.5
2018-11-07,24.34
2018-11-08,24.43
2018-11-09,24.51
2018-11-10,24.54
2018-11-11,24.22
2018-11-12,24.04
2018-11-13,24.03
2018-11-14,24.22
2018-11-15,24.01
2018-11-16,23.8
2018-11-17,23.84
2018-11-18,23.43
2018-11-19,23.42
2018-11-20,23.43
2018-11-21,23.49
2018-11-22,23.52
2018-11-23,23.48
2018-11-24,23.25
2018-11-25,23.21
2018-11-26,23.11
2018-11-27,22.96
2018-11-28,22.94
2018-11-29,23.0
2018-11-30,23.01
2018-12-01,22.64
2018-12-02,22.62
2018-12-03,22.62
2018-12-04,22.68
2018-12-05,22.66
2018-12-06,22.22
2018-12-07,21.92
2018-12-08,21.75
2018-12-09,21.94
2018-12-10,21.77
2018-12-11,21.81
2018-12-12,21.52
2018-12-13,21.14
2018-12-14,21.33
2018-12-15,21.3
2018-12-16,21.15
2018-12-17,21.25
2018-12-18,21.32
2018-12-19,21.13
2018-12-20,20.37
2018-12-21,20.6
2018-12-22,20.83
2018-12-23,20.36
2018-12-24,20.42
2018-12-25,20.43
2018-12-26,20.35
2018-12-27,19.72
2018-12-28,19.82
2018-12-29,19.66
2018-12-30,19.66
2018-12-31,19.35
2019-01-01,19.31
2019-01-02,18.47
2019-01-03,18.62
2019-01-04,19.16
2019-01-05,18.76
2019-01-06,17.35
2019-01-07,18.04
2019-01-08,18.03
2019-01-09,17.82
2019-01-10,18.09
2019-01-11,17.96
2019-01-12,17.71
2019-01-13,17.25
2019-01-14,17.01
2019-01-15,17.78
2019-01-16,17.4
2019-01-17,17.15
2019-01-18,17.52
2019-01-19,17.32
2019-01-20,17.42
2019-01-21,17.52
2019-01-22,17.41
2019-01-23,17.51
2019-01-24,17.61
2019-01-25,17.27
2019-01-26,17.55
2019-01-27,17.62
2019-01-28,17.36
2019-01-29,17.33
2019-01-30,17.28
2019-01-31,17.92
2019-02-01,17.58
2019-02-02,17.47
2019-02-03,17.02
2019-02-04,17.35
2019-02-05,17.2
2019-02-06,17.3
2019-02-07,17.31
2019-02-08,17.51
2019-02-09,17.16
2019-02-10,16.59
2019-02-11,17.24
2019-02-12,17.24
2019-02-13,17.06
2019-02-14,16.66
2019-02-15,17.07
2019-02-16,17.21
2019-02-17,16.49
2019-02-18,16.66
2019-02-19,16.71
2019-02-20,16.9
2019-02-21,17.07
2019-02-22,17.05
2019-02-23,16.9
2019-02-24,17.13
2019-02-25,16.85
2019-02-26,16.7
2019-02-27,16.59
2019-02-28,16.29
2019-03-01,16.33
2019-03-02,16.64
2019-03-03,16.78
2019-03-04,16.74
2019-03-05,16.49
2019-03-06,16.84
2019-03-07,16.82
2019-03-08,16.96
2019-03-09,17.08
2019-03-10,16.1
2019-03-11,17.24
2019-03-12,16.98
2019-03-13,15.26
2019-03-14,16.83
2019-03-15,17.14
2019-03-16,16.92
2019-03-17,16.98
2019-03-18,17.05
2019-03-19,17.13
2019-03-20,16.56
2019-03-21,16.94
2019-03-22,17.67
2019-03-23,17.73
2019-03-24,17.36
2019-03-25,17.35
2019-03-26,17.86
2019-03-27,17.46
2019-03-28,17.44
2019-03-29,17.0
2019-03-30,17.77
2019-03-31,17.43
2019-04-01,17.15
2019-04-02,16.78
2019-04-03,17.03
2019-04-04,17.15
2019-04-05,17.92
2019-04-06,18.84
2019-04-07,19.23
2019-04-08,17.93
2019-04-09,17.33
2019-04-10,18.42
2019-04-11,18.3
2019-04-12,18.34
2019-04-13,18.2
2019-04-14,17.89
2019-04-15,18.98
2019-04-16,19.62
2019-04-17,18.16
2019-04-18,18.57
2019-04-19,18.83
2019-04-20,19.18
2019-04-21,18.57
2019-04-22,18.96
2019-04-23,18.63
2019-04-24,18.35
2019-04-25,19.17
2019-04-26,19.48
2019-04-27,19.91
2019-04-28,19.65
2019-04-29,20.55
2019-04-30,20.69
2019-05-01,19.85
2019-05-02,19.95
2019-05-03,20.08
2019-05-04,19.74
2019-05-05,19.7
2019-05-06,20.16
2019-05-07,20.14
2019-05-08,20.29
2019-05-09,20.67
2019-05-10,21.03
2019-05-11,21.09
2019-05-12,21.06
2019-05-13,21.13
2019-05-14,21.34
2019-05-15,21.75
2019-05-16,21.78
2019-05-17,21.89
2019-05-18,21.88
2019-05-19,22.09
2019-05-20,22.01
2019-05-21,21.56
2019-05-22,21.99
2019-05-23,22.27
2019-05-24,22.35
2019-05-25,22.27
2019-05-26,21.82
2019-05-27,23.15
2019-05-28,23.53
2019-05-29,24.06
2019-05-30,24.1
2019-05-31,24.36
2019-06-01,24.58
2019-06-02,25.03
2019-06-03,25.08
2019-06-04,25.43
2019-06-05,25.43
2019-06-06,25.4
2019-06-07,25.06
2019-06-08,25.27
2019-06-09,25.73
2019-06-10,25.78
2019-06-11,26.16
2019-06-12,26.0
2019-06-13,26.56
2019-06-14,26.68
2019-06-15,26.66
2019-06-16,25.95
2019-06-17,26.61
2019-06-18,27.19
2019-06-19,27.32
2019-06-20,26.7
2019-06-21,27.3
2019-06-22,27.03
2019-06-23,27.01
2019-06-24,27.14
2019-06-25,28.67
2019-06-26,28.95
2019-06-27,28.42
2019-06-28,28.31
2019-06-29,27.44
2019-06-30,28.56
2019-07-01,28.73
2019-07-02,29.14
2019-07-03,29.25
2019-07-04,29.41
2019-07-05,28.56
2019-07-06,29.15
2019-07-07,29.0
2019-07-08,28.63
2019-07-09,29.28
2019-07-10,29.36
2019-07-11,29.5
2019-07-12,29.78
2019-07-13,29.1
2019-07-14,29.55
2019-07-15,29.64
2019-07-16,29.77
2019-07-17,28.64
2019-07-18,29.17
2019-07-19,29.02
2019-07-20,29.24
2019-07-21,28.9
2019-07-22,29.52
2019-07-23,29.99
2019-07-24,29.62
2019-07-25,29.73
2019-07-26,29.66
2019-07-27,29.82
2019-07-28,29.73
2019-07-29,30.02
2019-07-30,30.15
2019-07-31,29.76
2019-08-01,29.57
2019-08-02,29.33
2019-08-03,30.24
2019-08-04,30.13
2019-08-05,29.3
2019-08-06,29.86
2019-08-07,29.84
2019-08-08,29.89
2019-08-09,29.49
2019-08-10,30.0
2019-08-11,29.76
2019-08-12,30.17
2019-08-13,30.08
2019-08-14,29.93
2019-08-15,30.34
2019-08-16,29.98
2019-08-17,29.71
2019-08-18,30.27
2019-08-19,30.37
2019-08-20,29.62
2019-08-21,29.77
2019-08-22,29.9
2019-08-23,29.22
2019-08-24,30.03
2019-08-25,30.68
2019-08-26,30.06
2019-08-27,29.1
2019-08-28,29.88
2019-08-29,29.69
2019-08-30,30.41
2019-08-31,30.19
2019-09-01,29.9
2019-09-02,30.22
2019-09-03,29.6
2019-09-04,30.1
2019-09-05,29.56
2019-09-06,29.99
2019-09-07,29.72
2019-09-08,29.52
2019-09-09,29.39
2019-09-10,29.05
2019-09-11,29.44
2019-09-12,29.58
2019-09-13,28.98
2019-09-14,29.31
2019-09-15,29.57
2019-09-16,29.16
2019-09-17,28.98
2019-09-18,28.22
2019-09-19,28.38
2019-09-20,29.14
2019-09-21,28.69
2019-09-22,28.2
2019-09-23,29.07
2019-09-24,28.57
2019-09-25,28.82
2019-09-26,28.89
2019-09-27,28.63
2019-09-28,28.71
2019-09-29,27.94
2019-09-30,28.42
2019-10-01,28.58
2019-10-02,28.62
2019-10-03,28.62
2019-10-04,28.29
2019-10-05,28.28
2019-10-06,27.75
2019-10-07,28.0
2019-10-08,27.85
2019-10-09,27.46
2019-10-10,27.69
2019-10-11,27.35
2019-10-12,26.9
2019-10-13,27.92
2019-10-14,27.77
2019-10-15,27.54
2019-10-16,27.22
2019-10-17,27.75
2019-10-18,27.32
2019-10-19,27.69
2019-10-20,27.67
2019-10-21,27.59
2019-10-22,27.02
2019-10-23,26.79
2019-10-24,27.01
2019-10-25,26.72
2019-10-26,26.0
2019-10-27,25.83
2019-10-28,26.14
2019-10-29,25.79
2019-10-30,25.77
2019-10-31,25.36
2019-11-01,25.77
2019-11-02,25.67
2019-11-03,25.2
2019-11-04,25.62
2019-11-05,25.74
2019-11-06,24.76
2019-11-07,25.51
2019-11-08,25.53
2019-11-09,25.52
2019-11-10,25.19
2019-11-11,25.1
2019-11-12,24.88
2019-11-13,25.55
2019-11-14,25.05
2019-11-15,24.69
2019-11-16,24.69
2019-11-17,24.76
2019-11-18,24.11
2019-11-19,23.52
2019-11-20,23.34
2019-11-21,23.09
2019-11-22,22.8
2019-11-23,22.95
2019-11-24,22.95
2019-11-25,22.9
2019-11-26,22.4
2019-11-27,22.23
2019-11-28,22.36
2019-11-29,22.37
2019-11-30,21.64
2019-12-01,22.46
2019-12-02,21.97
2019-12-03,22.2
2019-12-04,22.1
2019-12-05,22.39
2019-12-06,22.15
2019-12-07,21.72
2019-12-08,21.48
2019-12-09,21.55
2019-12-10,21.65
2019-12-11,21.47
2019-12-12,21.33
2019-12-13,21.28
2019-12-14,21.27
2019-12-15,20.51
2019-12-16,20.25
2019-12-17,21.0
2019-12-18,21.18
2019-12-19,20.6
2019-12-20,20.89
2019-12-21,20.94
2019-12-22,20.82
2019-12-23,20.38
2019-12-24,19.51
2019-12-25,19.67
2019-12-26,19.2
2019-12-27,19.18
2019-12-28,19.65
2019-12-29,19.85
2019-12-30,19.06
2019-12-31,19.34
2020-01-01,19.3
2020-01-02,18.76
2020-01-03,18.7
2020-01-04,18.38
2020-01-05,18.14
2020-01-06,18.62
2020-01-07,18.26
2020-01-08,17.54
2020-01-09,17.01
2020-01-10,18.34
2020-01-11,18.16
2020-01-12,17.92
2020-01-13,18.23
2020-01-14,18.25
2020-01-15,18.17
2020-01-16,17.92
2020-01-17,18.23
2020-01-18,18.02
2020-01-19,17.5
2020-01-20,17.31
2020-01-21,17.54
2020-01-22,17.18
2020-01-23,17.21
2020-01-24,16.89
2020-01-25,16.74
2020-01-26,17.23
2020-01-27,17.79
2020-01-28,16.7
2020-01-29,17.37
2020-01-30,17.25
2020-01-31,17.08
2020-02-01,17.4
2020-02-02,17.68
2020-02-03,17.28
2020-02-04,17.37
2020-02-05,17.47
2020-02-06,16.71
2020-02-07,16.53
2020-02-08,16.33
2020-02-09,16.17
2020-02-10,15.78
2020-02-11,16.35
2020-02-12,17.0
2020-02-13,16.72
2020-02-14,16.46
2020-02-15,16.13
2020-02-16,16.86
2020-02-17,16.85
2020-02-18,16.68
2020-02-19,16.55
2020-02-20,16.19
2020-02-21,16.78
2020-02-22,16.69
2020-02-23,16.71
2020-02-24,16.48
2020-02-25,16.85
2020-02-26,17.04
2020-02-27,17.1
2020-02-28,17.24
2020-02-29,17.13
2020-03-01,16.42
2020-03-02,17.11
2020-03-03,17.2
2020-03-04,17.61
2020-03-05,17.35
2020-03-06,17.41
2020-03-07,17.53
2020-03-08,17.68
2020-03-09,17.81
2020-03-10,17.5
2020-03-11,17.61
2020-03-12,17.6
2020-03-13,17.6
2020-03-14,17.61
2020-03-15,18.18
2020-03-16,18.56
2020-03-17,17.79
2020-03-18,17.17
2020-03-19,17.29
2020-03-20,17.04
2020-03-21,16.79
2020-03-22,17.06
2020-03-23,16.98
2020-03-24,17.88
2020-03-25,17.34
2020-03-26,17.35
2020-03-27,17.31
2020-03-28,17.62
2020-03-29,18.15
2020-03-30,18.32
2020-03-31,18.55
2020-04-01,17.85
2020-04-02,18.22
2020-04-03,18.76
2020-04-04,18.69
2020-04-05,18.15
2020-04-06,18.36
2020-04-07,18.98
2020-04-08,19.1
2020-04-09,19.08
2020-04-10,18.64
2020-04-11,19.52
2020-04-12,19.3
2020-04-13,19.36
2020-04-14,19.63
2020-04-15,20.23
2020-04-16,19.66
2020-04-17,19.6
2020-04-18,20.14
2020-04-19,20.75
2020-04-20,20.76
2020-04-21,20.9
2020-04-22,20.72
2020-04-23,20.94
2020-04-24,19.68
2020-04-25,20.28
2020-04-26,21.24
2020-04-27,21.07
2020-04-28,21.36
2020-04-29,21.31
2020-04-30,21.22
2020-05-01,21.2
2020-05-02,21.63
2020-05-03,21.5
2020-05-04,22.08
2020-05-05,21.18
2020-05-06,21.73
2020-05-07,22.26
2020-05-08,22.33
2020-05-09,21.41
2020-05-10,21.99
2020-05-11,22.21
2020-05-12,22.75
2020-05-13,22.69
2020-05-14,22.74
2020-05-15,23.02
2020-05-16,23.48
2020-05-17,23.67
2020-05-18,23.81
2020-05-19,23.17
2020-05-20,24.13
2020-05-21,24.14
2020-05-22,22.89
2020-05-23,23.86
2020-05-24,23.64
2020-05-25,23.67
2020-05-26,23.48
2020-05-27,23.38
2020-05-28,23.23
2020-05-29,23.45
2020-05-30,24.17
2020-05-31,23.97
2020-06-01,24.36
2020-06-02,23.87
2020-06-03,24.45
2020-06-04,24.64
2020-06-05,24.44
2020-06-06,24.51
2020-06-07,24.32
2020-06-08,24.02
2020-06-09,23.89
2020-06-10,24.69
2020-06-11,24.54
2020-06-12,25.19
2020-06-13,24.8
2020-06-14,25.5
2020-06-15,25.41
2020-06-16,25.83
2020-06-17,25.73
2020-06-18,25.43
2020-06-19,26.17
2020-06-20,25.75
2020-06-21,25.96
2020-06-22,25.84
2020-06-23,25.32
2020-06-24,25.87
2020-06-25,25.29
2020-06-26,26.14
2020-06-27,27.19
2020-06-28,26.58
2020-06-29,27.31
2020-06-30,26.83
2020-07-01,27.58
2020-07-02,27.37
2020-07-03,27.75
2020-07-04,28.2
2020-07-05,27.19
2020-07-06,27.18
2020-07-07,28.02
2020-07-08,28.04
2020-07-09,28.25
2020-07-10,28.62
2020-07-11,27.12
2020-07-12,27.87
2020-07-13,28.14
2020-07-14,28.83
2020-07-15,27.98
2020-07-16,27.64
2020-07-17,28.44
2020-07-18,28.76
2020-07-19,28.94
2020-07-20,28.2
2020-07-21,28.79
2020-07-22,28.9
2020-07-23,29.41
2020-07-24,29.52
2020-07-25,29.28
2020-07-26,28.75
2020-07-27,29.29
2020-07-28,29.19
2020-07-29,29.99
2020-07-30,29.82
2020-07-31,29.34
2020-08-01,29.67
2020-08-02,29.62
2020-08-03,29.51
2020-08-04,28.63
2020-08-05,29.53
2020-08-06,29.57
2020-08-07,28.46
2020-08-08,29.45
2020-08-09,29.65
2020-08-10,29.65
2020-08-11,29.56
2020-08-12,29.32
2020-08-13,29.53
2020-08-14,27.95
2020-08-15,28.9
2020-08-16,29.85
2020-08-17,29.86
2020-08-18,28.67
2020-08-19,29.46
2020-08-20,29.73
2020-08-21,29.07
2020-08-22,28.98
2020-08-23,29.88
2020-08-24,29.76
2020-08-25,29.8
2020-08-26,29.61
2020-08-27,29.86
2020-08-28,29.7
2020-08-29,28.57
2020-08-30,29.18
2020-08-31,29.78
2020-09-01,30.21
2020-09-02,30.43
2020-09-03,29.33
2020-09-04,29.05
2020-09-05,29.53
2020-09-06,29.38
2020-09-07,28.1
2020-09-08,29.36
2020-09-09,29.55
2020-09-10,30.11
2020-09-11,30.3
2020-09-12,30.59
2020-09-13,30.27
2020-09-14,30.03
2020-09-15,29.41
2020-09-16,29.71
2020-09-17,30.46
2020-09-18,30.28
2020-09-19,30.23
2020-09-20,30.35
2020-09-21,29.77
2020-09-22,28.85
2020-09-23,29.34
2020-09-24,29.49
2020-09-25,29.24
2020-09-26,29.68
2020-09-27,29.45
2020-09-28,29.6
2020-09-29,29.62
2020-09-30,29.09
2020-10-01,29.39
2020-10-02,29.4
2020-10-03,29.11
2020-10-04,29.07
2020-10-05,28.99
2020-10-06,29.07
2020-10-07,29.12
2020-10-08,28.78
2020-10-09,29.0
2020-10-10,28.45
2020-10-11,27.34
2020-10-12,28.92
2020-10-13,28.67
2020-10-14,28.45
2020-10-15,27.83
2020-10-16,27.64
2020-10-17,27.77
2020-10-18,27.45
2020-10-19,27.72
2020-10-20,27.19
2020-10-21,28.2
2020-10-22,27.87
2020-10-23,27.25
2020-10-24,27.24
2020-10-25,27.31
2020-10-26,27.77
2020-10-27,27.02
2020-10-28,27.16
2020-10-29,27.68
2020-10-30,27.0
2020-10-31,26.31
2020-11-01,26.81
2020-11-02,27.3
2020-11-03,26.54
2020-11-04,25.91
2020-11-05,25.94
2020-11-06,25.9
2020-11-07,25.35
2020-11-08,25.18
2020-11-09,25.71
2020-11-10,25.42
2020-11-11,24.85
2020-11-12,25.14
2020-11-13,25.23
2020-11-14,25.05
2020-11-15,23.88
2020-11-16,23.81
2020-11-17,23.69
2020-11-18,23.88
2020-11-19,23.64
2020-11-20,23.84
2020-11-21,23.73
2020-11-22,23.24
2020-11-23,23.56
2020-11-24,23.81
2020-11-25,23.53
2020-11-26,23.38
2020-11-27,23.17
2020-11-28,22.87
2020-11-29,23.03
2020-11-30,22.47
2020-12-01,22.75
2020-12-02,22.78
2020-12-03,22.87
2020-12-04,22.59
2020-12-05,22.26
2020-12-06,22.44
2020-12-07,22.26
2020-12-08,21.54
2020-12-09,22.2
2020-12-10,21.83
2020-12-11,22.08
2020-12-12,21.84
2020-12-13,21.56
2020-12-14,22.08
2020-12-15,21.92
2020-12-16,21.28
2020-12-17,21.49
2020-12-18,21.54
2020-12-19,21.2
2020-12-20,21.29
2020-12-21,21.05
2020-12-22,21.39
2020-12-23,20.3
2020-12-24,20.8
2020-12-25,20.96
2020-12-26,21.07
2020-12-27,20.75
2020-12-28,20.77
2020-12-29,20.64
2020-12-30,20.76
2020-12-31,20.65
2021-01-01,20.34
2021-01-02,20.34
2021-01-03,20.58
2021-01-04,20.36
2021-01-05,20.46
2021-01-06,20.38
2021-01-07,20.43
2021-01-08,20.18
2021-01-09,20.35
2021-01-10,20.44
2021-01-11,20.15
2021-01-12,19.49
2021-01-13,19.11
2021-01-14,19.69
2021-01-15,19.65
2021-01-16,19.14
2021-01-17,19.39
2021-01-18,19.37
2021-01-19,18.92
2021-01-20,18.35
2021-01-21,18.72
2021-01-22,18.78
2021-01-23,19.01
2021-01-24,19.14
2021-01-25,18.93
2021-01-26,18.86
2021-01-27,18.01
2021-01-28,18.21
2021-01-29,17.98
2021-01-30,18.5
2021-01-31,18.46
2021-02-01,18.57
2021-02-02,18.5
2021-02-03,18.39
2021-02-04,18.68
2021-02-05,18.89
2021-02-06,18.49
2021-02-07,18.58
2021-02-08,18.78
2021-02-09,18.8
2021-02-10,19.03
2021-02-11,18.57
2021-02-12,18.17
2021-02-13,18.74
2021-02-14,19.0
2021-02-15,18.67
2021-02-16,18.46
2021-02-17,17.89
2021-02-18,17.58
2021-02-19,17.4
2021-02-20,17.09
2021-02-21,17.42
2021-02-22,17.07
2021-02-23,16.55
2021-02-24,18.39
2021-02-25,17.76
2021-02-26,17.67
2021-02-27,17.64
2021-02-28,17.82
2021-03-01,17.77
2021-03-02,17.96
2021-03-03,17.61
2021-03-04,17.41
2021-03-05,17.7
2021-03-06,17.64
2021-03-07,17.61
2021-03-08,18.07
2021-03-09,18.03
2021-03-10,17.94
2021-03-11,17.85
2021-03-12,17.8
2021-03-13,18.32
2021-03-14,18.15
2021-03-15,17.4
2021-03-16,18.97
2021-03-17,18.57
2021-03-18,18.42
2021-03-19,18.48
2021-03-20,18.94
2021-03-21,18.9
2021-03-22,19.37
2021-03-23,18.51
2021-03-24,18.44
2021-03-25,18.68
2021-03-26,17.72
2021-03-27,18.38
2021-03-28,18.34
2021-03-29,18.16
2021-03-30,18.28
2021-03-31,18.01
2021-04-01,18.69
2021-04-02,18.2
2021-04-03,18.51
2021-04-04,18.52
2021-04-05,18.67
2021-04-06,19.36
2021-04-07,20.02
2021-04-08,19.05
2021-04-09,18.69
2021-04-10,18.75
2021-04-11,18.65
2021-04-12,18.43
2021-04-13,18.27
2021-04-14,18.51
2021-04-15,19.59
2021-04-16,19.63
2021-04-17,19.73
2021-04-18,19.37
2021-04-19,19.91
2021-04-20,20.33
2021-04-21,20.29
2021-04-22,20.97
2021-04-23,21.06
2021-04-24,21.22
2021-04-25,21.2
2021-04-26,20.49
2021-04-27,20.39
2021-04-28,21.24
2021-04-29,21.39
2021-04-30,21.98
2021-05-01,22.32
2021-05-02,22.63
2021-05-03,22.84
2021-05-04,23.34
2021-05-05,23.39
2021-05-06,23.68
2021-05-07,23.96
2021-05-08,23.05
2021-05-09,23.52
2021-05-10,24.03
2021-05-11,24.18
2021-05-12,23.92
2021-05-13,23.7
2021-05-14,23.78
2021-05-15,24.22
2021-05-16,25.04
2021-05-17,24.06
2021-05-18,23.88
2021-05-19,24.24
2021-05-20,24.54
2021-05-21,25.28
2021-05-22,25.16
2021-05-23,25.11
2021-05-24,25.38
2021-05-25,25.47
2021-05-26,25.84
2021-05-27,25.68
2021-05-28,25.55
2021-05-29,25.51
2021-05-30,25.96
2021-05-31,26.2
2021-06-01,25.85
2021-06-02,25.49
2021-06-03,25.8
2021-06-04,25.16
2021-06-05,26.08
2021-06-06,26.19
2021-06-07,26.49
2021-06-08,26.56
2021-06-09,26.77
2021-06-10,25.84
2021-06-11,26.81
2021-06-12,26.68
2021-06-13,25.88
2021-06-14,25.04
2021-06-15,26.1
2021-06-16,26.38
2021-06-17,26.83
2021-06-18,26.71
2021-06-19,27.13
2021-06-20,27.52
2021-06-21,27.28
2021-06-22,26.58
2021-06-23,27.52
2021-06-24,27.63
2021-06-25,27.74
2021-06-26,28.09
2021-06-27,28.54
2021-06-28,28.88
2021-06-29,28.55
2021-06-30,28.84
2021-07-01,28.85
2021-07-02,29.08
2021-07-03,28.51
2021-07-04,28.55
2021-07-05,28.69
2021-07-06,28.86
2021-07-07,28.99
2021-07-08,29.55
2021-07-09,29.66
2021-07-10,29.0
2021-07-11,28.16
2021-07-12,29.78
2021-07-13,29.52
2021-07-14,29.91
2021-07-15,29.75
2021-07-16,29.65
2021-07-17,29.51
2021-07-18,29.91
2021-07-19,29.35
2021-07-20,30.28
2021-07-21,30.12
2021-07-22,29.73
2021-07-23,28.98
2021-07-24,29.29
2021-07-25,29.47
2021-07-26,28.99
2021-07-27,30.07
2021-07-28,29.34
2021-07-29,29.81
2021-07-30,29.34
2021-07-31,30.43
2021-08-01,30.75
2021-08-02,30.6
2021-08-03,30.5
2021-08-04,30.18
2021-08-05,30.51
2021-08-06,30.6
2021-08-07,30.08
2021-08-08,29.44
2021-08-09,30.47
2021-08-10,30.16
2021-08-11,30.69
2021-08-12,30.71
2021-08-13,29.85
2021-08-14,30.29
2021-08-15,30.76
2021-08-16,30.98
2021-08-17,30.19
2021-08-18,30.34
2021-08-19,30.53
2021-08-20,29.95
2021-08-21,29.58
2021-08-22,30.68
2021-08-23,30.5
2021-08-24,30.53
2021-08-25,29.79
2021-08-26,29.93
2021-08-27,30.3
2021-08-28,29.77
2021-08-29,30.51
2021-08-30,30.09
2021-08-31,29.88
2021-09-01,30.49
2021-09-02,30.0
2021-09-03,30.22
2021-09-04,30.75
2021-09-05,30.59
2021-09-06,30.04
2021-09-07,29.91
2021-09-08,30.23
2021-09-09,30.16
2021-09-10,30.0
2021-09-11,29.51
2021-09-12,29.33
2021-09-13,29.06
2021-09-14,29.26
2021-09-15,28.76
2021-09-16,29.04
2021-09-17,28.87
2021-09-18,28.85
2021-09-19,28.94
2021-09-20,29.11
2021-09-21,28.7
2021-09-22,28.7
2021-09-23,28.48
2021-09-24,28.49
2021-09-25,28.05
2021-09-26,28.15
2021-09-27,28.03
2021-09-28,27.94
2021-09-29,27.72
2021-09-30,27.11
2021-10-01,27.22
2021-10-02,27.54
2021-10-03,27.55
2021-10-04,26.59
2021-10-05,27.14
2021-10-06,26.93
2021-10-07,27.21
2021-10-08,26.86
2021-10-09,27.08
2021-10-10,27.22
2021-10-11,27.21
2021-10-12,27.0
2021-10-13,27.18
2021-10-14,26.61
2021-10-15,27.15
2021-10-16,26.71
2021-10-17,26.69
2021-10-18,26.7
2021-10-19,26.52
2021-10-20,26.39
2021-10-21,26.37
2021-10-22,26.26
2021-10-23,25.77
2021-10-24,25.67
2021-10-25,25.73
2021-10-26,25.59
2021-10-27,25.81
2021-10-28,25.35
2021-10-29,25.4
2021-10-30,25.68
2021-10-31,25.46
2021-11-01,25.57
2021-11-02,25.83
2021-11-03,25.45
2021-11-04,24.74
2021-11-05,25.37
2021-11-06,25.18
2021-11-07,25.29
2021-11-08,24.96
2021-11-09,25.11
2021-11-10,24.94
2021-11-11,24.69
2021-11-12,24.45
2021-11-13,24.12
2021-11-14,24.08
2021-11-15,24.7
2021-11-16,24.06
2021-11-17,24.02
2021-11-18,24.16
2021-11-19,23.98
2021-11-20,23.74
2021-11-21,23.48
2021-11-22,23.47
2021-11-23,23.48
2021-11-24,23.07
2021-11-25,23.21
2021-11-26,23.39
2021-11-27,23.1
2021-11-28,23.21
2021-11-29,22.99
2021-11-30,23.33
2021-12-01,23.08
2021-12-02,22.62
2021-12-03,22.62
2021-12-04,22.34
2021-12-05,22.36
2021-12-06,22.23
2021-12-07,22.16
2021-12-08,21.57
2021-12-09,21.79
2021-12-10,21.49
2021-12-11,21.54
2021-12-12,21.09
2021-12-13,21.04
2021-12-14,21.03
2021-12-15,21.37
2021-12-16,21.4
2021-12-17,20.37
2021-12-18,20.32
2021-12-19,20.46
2021-12-20,20.12
2021-12-21,20.07
2021-12-22,19.52
2021-12-23,19.43
2021-12-24,19.49
2021-12-25,19.7
2021-12-26,19.15
2021-12-27,19.4
2021-12-28,19.5
2021-12-29,19.31
2021-12-30,19.4
2021-12-31,19.15
2022-01-01,19.16
2022-01-02,19.07
2022-01-03,18.95
2022-01-04,19.4
2022-01-05,19.02
2022-01-06,19.0
2022-01-07,19.16
2022-01-08,19.33
2022-01-09,18.49
2022-01-10,18.53
2022-01-11,18.72
2022-01-12,18.76
2022-01-13,17.78
2022-01-14,17.05
2022-01-15,17.89
2022-01-16,17.59
2022-01-17,17.5
2022-01-18,17.97
2022-01-19,17.59
2022-01-20,17.67
2022-01-21,17.51
2022-01-22,17.31
2022-01-23,17.13
2022-01-24,15.12
2022-01-25,17.29
2022-01-26,16.37
2022-01-27,16.15
2022-01-28,16.92
2022-01-29,17.16
2022-01-30,16.86
2022-01-31,17.24
2022-02-01,17.55
2022-02-02,17.31
2022-02-03,16.94
2022-02-04,16.63
2022-02-05,16.51
2022-02-06,17.12
2022-02-07,16.75
2022-02-08,16.86
2022-02-09,16.55
2022-02-10,16.39
2022-02-11,16.51
2022-02-12,16.79
2022-02-13,16.58
2022-02-14,16.67
2022-02-15,16.75
2022-02-16,16.21
2022-02-17,15.9
2022-02-18,16.17
2022-02-19,16.35
2022-02-20,16.73
2022-02-21,16.78
2022-02-22,16.39
2022-02-23,16.93
2022-02-24,16.92
2022-02-25,16.07
2022-02-26,16.34
2022-02-27,16.72
2022-02-28,16.55
2022-03-01,16.32
2022-03-02,16.81
2022-03-03,16.69
2022-03-04,15.75
2022-03-05,16.47
2022-03-06,17.01
2022-03-07,17.04
2022-03-08,17.23
2022-03-09,17.27
2022-03-10,16.93
2022-03-11,16.5
2022-03-12,16.99
2022-03-13,17.06
2022-03-14,16.32
2022-03-15,16.13
2022-03-16,16.44
2022-03-17,16.45
2022-03-18,16.48
2022-03-19,16.48
2022-03-20,15.79
2022-03-21,15.73
2022-03-22,16.29
2022-03-23,16.33
2022-03-24,16.36
2022-03-25,15.55
2022-03-26,16.2
2022-03-27,16.72
2022-03-28,16.51
2022-03-29,17.0
2022-03-30,16.49
2022-03-31,16.77
2022-04-01,17.01
2022-04-02,17.55
2022-04-03,17.51
2022-04-04,17.54
2022-04-05,18.11
2022-04-06,18.15
2022-04-07,18.5
2022-04-08,18.13
2022-04-09,18.01
2022-04-10,19.09
2022-04-11,18.85
2022-04-12,18.71
2022-04-13,18.96
2022-04-14,18.87
2022-04-15,18.91
2022-04-16,19.71
2022-04-17,19.88
2022-04-18,19.29
2022-04-19,18.94
2022-04-20,19.95
2022-04-21,19.33
2022-04-22,19.1
2022-04-23,19.44
2022-04-24,18.23
2022-04-25,20.7
2022-04-26,19.88
2022-04-27,20.65
2022-04-28,21.17
2022-04-29,20.96
2022-04-30,20.74
2022-05-01,20.07
2022-05-02,20.03
2022-05-03,20.98
2022-05-04,20.92
2022-05-05,21.3
2022-05-06,21.49
2022-05-07,20.96
2022-05-08,21.08
2022-05-09,21.25
2022-05-10,22.06
2022-05-11,21.26
2022-05-12,21.12
2022-05-13,21.16
2022-05-14,21.66
2022-05-15,21.55
2022-05-16,22.14
2022-05-17,22.45
2022-05-18,23.04
2022-05-19,22.9
2022-05-20,22.96
2022-05-21,22.9
2022-05-22,23.15
2022-05-23,23.15
2022-05-24,23.48
2022-05-25,23.37
2022-05-26,24.03
2022-05-27,23.96
2022-05-28,22.9
2022-05-29,24.15
2022-05-30,25.2
2022-05-31,23.86
2022-06-01,25.34
2022-06-02,25.85
2022-06-03,25.97
2022-06-04,25.26
2022-06-05,25.29
2022-06-06,26.14
2022-06-07,26.47
2022-06-08,26.44
2022-06-09,26.52
2022-06-10,26.73
2022-06-11,27.14
2022-06-12,26.17
2022-06-13,26.39
2022-06-14,26.89
2022-06-15,26.16
2022-06-16,25.41
2022-06-17,26.0
2022-06-18,26.02
2022-06-19,25.45
2022-06-20,26.39
2022-06-21,26.39
2022-06-22,25.89
2022-06-23,27.42
2022-06-24,27.38
2022-06-25,27.62
2022-06-26,27.98
2022-06-27,27.38
2022-06-28,27.91
2022-06-29,28.05
2022-06-30,28.35
2022-07-01,27.09
2022-07-02,28.6
2022-07-03,28.18
2022-07-04,28.7
2022-07-05,28.51
2022-07-06,27.91
2022-07-07,29.6
2022-07-08,28.65
2022-07-09,28.37
2022-07-10,28.76
2022-07-11,28.84
2022-07-12,28.2
2022-07-13,27.54
2022-07-14,27.02
2022-07-15,28.28
2022-07-16,28.8
2022-07-17,28.36
2022-07-18,29.6
2022-07-19,29.98
2022-07-20,29.6
2022-07-21,28.52
2022-07-22,29.06
2022-07-23,29.69
2022-07-24,29.31
2022-07-25,29.72
2022-07-26,30.06
2022-07-27,29.88
2022-07-28,29.69
2022-07-29,29.21
2022-07-30,29.98
2022-07-31,29.7
2022-08-01,29.23
2022-08-02,29.08
2022-08-03,28.49
2022-08-04,29.63
2022-08-05,28.89
2022-08-06,27.96
2022-08-07,29.95
2022-08-08,30.12
2022-08-09,30.18
2022-08-10,30.13
2022-08-11,30.26
2022-08-12,30.2
2022-08-13,30.16
2022-08-14,30.19
2022-08-15,29.19
2022-08-16,28.74
2022-08-17,29.54
2022-08-18,29.92
2022-08-19,30.16
2022-08-20,30.01
2022-08-21,29.87
2022-08-22,30.35
2022-08-23,30.26
2022-08-24,30.08
2022-08-25,29.68
2022-08-26,28.75
2022-08-27,29.86
2022-08-28,28.72
2022-08-29,27.48
2022-08-30,27.53
2022-08-31,29.3
2022-09-01,29.22
2022-09-02,28.21
2022-09-03,28.06
2022-09-04,28.86
2022-09-05,29.48
2022-09-06,29.65
2022-09-07,29.74
2022-09-08,29.26
2022-09-09,29.74
2022-09-10,29.73
2022-09-11,29.74
2022-09-12,29.48
2022-09-13,29.15
2022-09-14,29.34
2022-09-15,29.46
2022-09-16,29.08
2022-09-17,28.24
2022-09-18,28.89
2022-09-19,28.88
2022-09-20,28.73
2022-09-21,28.45
2022-09-22,28.64
2022-09-23,28.8
2022-09-24,28.37
2022-09-25,28.4
2022-09-26,28.55
2022-09-27,28.71
2022-09-28,28.06
2022-09-29,28.12
2022-09-30,28.41
2022-10-01,27.72
2022-10-02,27.66
2022-10-03,27.37
2022-10-04,28.17
2022-10-05,28.04
2022-10-06,27.46
2022-10-07,28.21
2022-10-08,27.79
2022-10-09,27.87
2022-10-10,27.76
2022-10-11,27.21
2022-10-12,27.25
2022-10-13,27.37
2022-10-14,27.11
2022-10-15,27.03
2022-10-16,27.28
2022-10-17,26.85
2022-10-18,26.91
2022-10-19,26.77
2022-10-20,27.67
2022-10-21,27.89
2022-10-22,26.72
2022-10-23,26.47
2022-10-24,26.31
2022-10-25,25.88
2022-10-26,25.73
2022-10-27,25.71
2022-10-28,25.87
2022-10-29,25.81
2022-10-30,25.68
2022-10-31,25.48
2022-11-01,25.41
2022-11-02,25.08
2022-11-03,25.62
2022-11-04,25.1
2022-11-05,25.49
2022-11-06,25.24
2022-11-07,24.91
2022-11-08,24.57
2022-11-09,24.75
2022-11-10,24.53
2022-11-11,24.71
2022-11-12,24.67
2022-11-13,24.56
2022-11-14,23.83
2022-11-15,24.28
2022-11-16,24.37
2022-11-17,23.95
2022-11-18,24.14
2022-11-19,24.12
2022-11-20,23.96
2022-11-21,23.5
2022-11-22,23.24
2022-11-23,23.49
2022-11-24,23.56
2022-11-25,22.69
2022-11-26,22.75
2022-11-27,22.83
2022-11-28,23.4
2022-11-29,21.92
2022-11-30,22.72
2022-12-01,22.91
2022-12-02,22.65
2022-12-03,22.75
2022-12-04,22.64
2022-12-05,22.44
2022-12-06,22.11
2022-12-07,21.84
2022-12-08,21.78
2022-12-09,21.74
2022-12-10,21.19
2022-12-11,21.41
2022-12-12,21.45
2022-12-13,23.37
2022-12-14,21.01
2022-12-15,21.69
2022-12-16,21.93
2022-12-17,21.85
2022-12-18,21.53
2022-12-19,21.59
2022-12-20,21.25
2022-12-21,21.36
2022-12-22,21.47
2022-12-23,20.75
2022-12-24,20.13
2022-12-25,20.37
2022-12-26,20.47
2022-12-27,20.03
2022-12-28,19.96
2022-12-29,20.79
2022-12-30,20.53
2022-12-31,20.12
2023-01-01,20.42
2023-01-02,20.38
2023-01-03,20.35
2023-01-04,19.54
2023-01-05,20.05
2023-01-06,20.09
2023-01-07,19.99
2023-01-08,19.73
2023-01-09,19.89
2023-01-10,19.98
2023-01-11,19.79
2023-01-12,19.42
2023-01-13,19.46
2023-01-14,19.52
2023-01-15,19.36
2023-01-16,19.26
2023-01-17,19.43
2023-01-18,19.68
2023-01-19,19.4
2023-01-20,19.31
2023-01-21,19.69
2023-01-22,19.25
2023-01-23,19.18
2023-01-24,19.2
2023-01-25,19.29
2023-01-26,19.29
2023-01-27,18.29
2023-01-28,18.85
2023-01-29,18.59
2023-01-30,18.74
2023-01-31,18.83
2023-02-01,18.61
2023-02-02,17.66
2023-02-03,18.6
2023-02-04,18.19
2023-02-05,18.33
2023-02-06,18.48
2023-02-07,18.05
2023-02-08,15.86
2023-02-09,16.08
2023-02-10,14.32
2023-02-11,17.47
2023-02-12,17.44
2023-02-13,16.49
2023-02-14,16.0
2023-02-15,17.07
2023-02-16,17.23
2023-02-17,17.08
2023-02-18,17.49
2023-02-19,17.47
2023-02-20,16.76
2023-02-21,17.4
2023-02-22,17.89
2023-02-23,18.07
2023-02-24,17.74
2023-02-25,17.43
2023-02-26,17.32
2023-02-27,17.72
2023-02-28,17.95
2023-03-01,17.94
2023-03-02,17.78
2023-03-03,18.26
2023-03-04,18.18
2023-03-05,17.72
2023-03-06,18.07
2023-03-07,16.91
2023-03-08,18.43
2023-03-09,18.79
2023-03-10,19.16
2023-03-11,18.79
2023-03-12,18.65
2023-03-13,17.48
2023-03-14,18.37
2023-03-15,18.6
2023-03-16,18.55
2023-03-17,18.92
2023-03-18,18.83
2023-03-19,18.33
2023-03-20,18.76
2023-03-21,18.55
2023-03-22,18.17
2023-03-23,18.24
2023-03-24,18.51
2023-03-25,18.62
2023-03-26,18.63
2023-03-27,18.95
2023-03-28,19.42
2023-03-29,19.09
2023-03-30,18.8
2023-03-31,18.74
2023-04-01,18.76
2023-04-02,19.26
2023-04-03,19.2
2023-04-04,19.52
2023-04-05,19.41
2023-04-06,19.34
2023-04-07,19.34
2023-04-08,19.62
2023-04-09,19.54
2023-04-10,19.53
2023-04-11,19.38
2023-04-12,19.41
2023-04-13,20.25
2023-04-14,20.3
2023-04-15,19.87
2023-04-16,19.66
2023-04-17,20.42
2023-04-18,21.45
2023-04-19,20.58
2023-04-20,20.29
2023-04-21,20.41
2023-04-22,20.28
2023-04-23,20.46
2023-04-24,20.82
2023-04-25,21.45
2023-04-26,21.02
2023-04-27,21.22
2023-04-28,20.27
2023-04-29,20.19
2023-04-30,21.28
2023-05-01,21.12
2023-05-02,21.23
2023-05-03,22.08
2023-05-04,21.61
2023-05-05,21.77
2023-05-06,21.87
2023-05-07,22.25
2023-05-08,21.68
2023-05-09,21.49
2023-05-10,21.29
2023-05-11,22.05
2023-05-12,22.06
2023-05-13,21.18
2023-05-14,22.5
2023-05-15,22.99
2023-05-16,23.2
2023-05-17,23.45
2023-05-18,22.36
2023-05-19,20.93
2023-05-20,23.61
2023-05-21,23.24
2023-05-22,22.99
2023-05-23,23.57
2023-05-24,23.41
2023-05-25,23.78
2023-05-26,22.79
2023-05-27,22.89
2023-05-28,22.84
2023-05-29,22.92
2023-05-30,23.0
2023-05-31,22.79
2023-06-01,22.89
2023-06-02,22.12
2023-06-03,21.89
2023-06-04,23.0
2023-06-05,23.65
2023-06-06,23.0
2023-06-07,23.59
2023-06-08,23.56
2023-06-09,22.96
2023-06-10,22.76
2023-06-11,24.3
2023-06-12,23.97
2023-06-13,24.26
2023-06-14,24.44
2023-06-15,24.24
2023-06-16,25.24
2023-06-17,24.49
2023-06-18,25.42
2023-06-19,25.06
2023-06-20,25.28
2023-06-21,25.48
2023-06-22,25.79
2023-06-23,26.33
2023-06-24,26.28
2023-06-25,26.6
2023-06-26,26.81
2023-06-27,27.06
2023-06-28,26.85
2023-06-29,26.04
2023-06-30,26.52
2023-07-01,26.5
2023-07-02,27.39
2023-07-03,27.88
2023-07-04,27.8
2023-07-05,28.57
2023-07-06,27.8
2023-07-07,27.03
2023-07-08,26.9
2023-07-09,27.99
2023-07-10,27.9
2023-07-11,28.33
2023-07-12,28.26
2023-07-13,29.0
2023-07-14,28.7
2023-07-15,27.88
2023-07-16,29.35
2023-07-17,29.68
2023-07-18,29.19
2023-07-19,29.56
2023-07-20,29.52
2023-07-21,30.06
2023-07-22,29.68
2023-07-23,29.68
2023-07-24,29.8
2023-07-25,30.34
2023-07-26,30.05
2023-07-27,30.73
2023-07-28,31.04
2023-07-29,30.91
2023-07-30,29.31
2023-07-31,29.23
2023-08-01,30.31
2023-08-02,29.63
2023-08-03,29.93
2023-08-04,29.14
2023-08-05,30.76
2023-08-06,30.59
2023-08-07,30.42
2023-08-08,29.46
2023-08-09,29.83
2023-08-10,30.24
2023-08-11,29.64
2023-08-12,28.48
2023-08-13,30.49
2023-08-14,29.95
2023-08-15,29.29
2023-08-16,30.25
2023-08-17,30.39
2023-08-18,30.04
2023-08-19,29.46
2023-08-20,30.25
2023-08-21,29.9
2023-08-22,29.34
2023-08-23,28.18
2023-08-24,29.61
2023-08-25,29.87
2023-08-26,28.86
2023-08-27,30.04
2023-08-28,30.37
2023-08-29,29.84
2023-08-30,30.46
2023-08-31,29.52
2023-09-01,28.99
2023-09-02,29.06
2023-09-03,29.75
2023-09-04,30.19
2023-09-05,30.28
2023-09-06,29.81
2023-09-07,29.8
2023-09-08,29.45
2023-09-09,29.78
2023-09-10,30.6
2023-09-11,29.62
2023-09-12,29.41
2023-09-13,29.16
2023-09-14,29.45
2023-09-15,29.69
2023-09-16,29.26
2023-09-17,29.39
2023-09-18,29.57
2023-09-19,29.13
2023-09-20,29.19
2023-09-21,29.01
2023-09-22,28.76
2023-09-23,28.48
2023-09-24,29.42
2023-09-25,29.15
2023-09-26,28.55
2023-09-27,29.26
2023-09-28,29.12
2023-09-29,29.06
2023-09-30,28.66
2023-10-01,28.75
2023-10-02,28.75
2023-10-03,28.74
2023-10-04,28.45
2023-10-05,28.3
2023-10-06,27.98
2023-10-07,27.72
2023-10-08,27.7
2023-10-09,26.6
2023-10-10,27.06
2023-10-11,27.93
2023-10-12,27.92
2023-10-13,27.62
2023-10-14,27.67
2023-10-15,27.44
2023-10-16,27.46
2023-10-17,27.29
2023-10-18,27.33
2023-10-19,26.8
2023-10-20,26.95
2023-10-21,26.69
2023-10-22,27.25
2023-10-23,26.43
2023-10-24,26.09
2023-10-25,27.14
2023-10-26,26.94
2023-10-27,26.53
2023-10-28,26.59
2023-10-29,26.91
2023-10-30,27.71
2023-10-31,26.89
2023-11-01,26.47
2023-11-02,26.11
2023-11-03,26.61
2023-11-04,26.76
2023-11-05,26.38
2023-11-06,26.86
2023-11-07,28.04
2023-11-08,26.57
2023-11-09,26.59
2023-11-10,26.5
2023-11-11,26.23
2023-11-12,26.18
2023-11-13,25.74
2023-11-14,26.01
2023-11-15,25.99
2023-11-16,26.06
2023-11-17,25.98
2023-11-18,25.79
2023-11-19,25.11
2023-11-20,24.16
2023-11-21,24.73
2023-11-22,24.41
2023-11-23,24.45
2023-11-24,24.34
2023-11-25,24.51
2023-11-26,24.49
2023-11-27,22.49
2023-11-28,23.68
2023-11-29,23.67
2023-11-30,23.2
2023-12-01,20.27
2023-12-02,22.44
2023-12-03,22.82
2023-12-04,23.16
2023-12-05,22.87
2023-12-06,22.32
2023-12-07,22.44
2023-12-08,22.5
2023-12-09,22.63
2023-12-10,22.65
2023-12-11,22.67
2023-12-12,21.94
2023-12-13,21.62
2023-12-14,22.02
2023-12-15,22.11
2023-12-16,22.13
2023-12-17,21.86
2023-12-18,21.82
2023-12-19,21.9
2023-12-20,21.31
2023-12-21,20.68
2023-12-22,21.36
2023-12-23,20.45
2023-12-24,21.72
2023-12-25,21.5
2023-12-26,21.04
2023-12-27,20.95
2023-12-28,20.58
2023-12-29,20.94
2023-12-30,21.22
2023-12-31,20.87
2024-01-01,21.12
2024-01-02,21.44
2024-01-03,21.46
2024-01-04,21.39
2024-01-05,20.88
2024-01-06,20.88
2024-01-07,20.92
2024-01-08,20.53
2024-01-09,20.24
2024-01-10,19.95
2024-01-11,19.58
2024-01-12,19.65
2024-01-13,18.75
2024-01-14,19.83
2024-01-15,19.91
2024-01-16,19.62
2024-01-17,19.65
2024-01-18,19.64
2024-01-19,19.32
2024-01-20,19.55
2024-01-21,19.77
2024-01-22,20.05
2024-01-23,19.44
2024-01-24,19.34
2024-01-25,18.39
2024-01-26,19.02
2024-01-27,18.88
2024-01-28,18.28
2024-01-29,17.97
2024-01-30,18.0
2024-01-31,17.95
2024-02-01,17.4
2024-02-02,17.56
2024-02-03,18.17
2024-02-04,18.43
2024-02-05,18.33
2024-02-06,18.18
2024-02-07,18.48
2024-02-08,18.46
2024-02-09,18.66
2024-02-10,17.88
2024-02-11,17.98
2024-02-12,18.08
2024-02-13,18.28
2024-02-14,18.41
2024-02-15,18.29
2024-02-16,18.26
2024-02-17,18.34
2024-02-18,17.95
2024-02-19,17.67
2024-02-20,17.95
2024-02-21,18.8
2024-02-22,18.46
2024-02-23,18.17
2024-02-24,18.14
2024-02-25,17.99
2024-02-26,18.12
2024-02-27,18.33
2024-02-28,18.27
2024-02-29,17.85
2024-03-01,17.98
2024-03-02,18.48
2024-03-03,18.12
2024-03-04,18.17
2024-03-05,18.41
2024-03-06,18.65
2024-03-07,18.59
2024-03-08,17.33
2024-03-09,18.22
2024-03-10,18.68
2024-03-11,18.76
2024-03-12,18.88
2024-03-13,18.55
2024-03-14,19.12
2024-03-15,19.24
2024-03-16,19.24
2024-03-17,18.55
2024-03-18,18.9
2024-03-19,19.15
2024-03-20,19.19
2024-03-21,18.93
2024-03-22,18.79
2024-03-23,18.8
2024-03-24,18.63
2024-03-25,19.0
2024-03-26,17.8
2024-03-27,19.11
2024-03-28,19.2
2024-03-29,19.29
2024-03-30,19.66
2024-03-31,20.24
2024-04-01,20.18
2024-04-02,20.92
2024-04-03,21.45
2024-04-04,21.86
2024-04-05,20.82
2024-04-06,19.98
2024-04-07,20.86
2024-04-08,20.91
2024-04-09,21.44
2024-04-10,21.37
2024-04-11,21.32
2024-04-12,21.05
2024-04-13,20.4
2024-04-14,21.99
2024-04-15,22.37
2024-04-16,22.44
2024-04-17,23.44
2024-04-18,22.11
2024-04-19,22.12
2024-04-20,22.66
2024-04-21,22.52
2024-04-22,21.83
2024-04-23,22.39
2024-04-24,22.89
2024-04-25,22.9
2024-04-26,22.52
2024-04-27,22.42
2024-04-28,22.64
2024-04-29,23.02
2024-04-30,22.39
2024-05-01,22.84
2024-05-02,22.81
2024-05-03,22.79
2024-05-04,22.41
2024-05-05,23.63
2024-05-06,23.4
2024-05-07,23.58
2024-05-08,23.77
2024-05-09,24.08
2024-05-10,23.52
2024-05-11,23.08
2024-05-12,24.26
2024-05-13,23.56
2024-05-14,23.56
2024-05-15,22.98
2024-05-16,24.56
2024-05-17,24.36
2024-05-18,24.36
2024-05-19,23.81
2024-05-20,25.18
2024-05-21,25.35
2024-05-22,24.59
2024-05-23,25.03
2024-05-24,25.6
2024-05-25,24.96
2024-05-26,24.83
2024-05-27,24.8
2024-05-28,24.87
2024-05-29,24.57
2024-05-30,25.29
2024-05-31,25.32
2024-06-01,25.67
2024-06-02,25.63
2024-06-03,25.79
2024-06-04,26.23
2024-06-05,26.52
2024-06-06,27.02
2024-06-07,27.37
2024-06-08,26.39
2024-06-09,26.72
2024-06-10,27.21
2024-06-11,27.53
2024-06-12,27.66
2024-06-13,27.66
2024-06-14,28.17
2024-06-15,28.27
2024-06-16,28.43
2024-06-17,28.18
2024-06-18,27.09
2024-06-19,28.24
2024-06-20,28.17
2024-06-21,28.65
2024-06-22,28.45
2024-06-23,29.08
2024-06-24,29.59
2024-06-25,29.2
2024-06-26,29.78
2024-06-27,29.33
2024-06-28,29.52
2024-06-29,29.24
2024-06-30,29.35
2024-07-01,29.16
2024-07-02,29.65
2024-07-03,29.96
2024-07-04,30.25
2024-07-05,30.2
2024-07-06,29.99
2024-07-07,28.74
2024-07-08,29.8
2024-07-09,30.55
2024-07-10,30.61
2024-07-11,30.52
2024-07-12,30.42
2024-07-13,30.39
2024-07-14,29.95
2024-07-15,30.27
2024-07-16,30.66
2024-07-17,30.94
2024-07-18,30.64
2024-07-19,29.9
2024-07-20,30.99
2024-07-21,30.78
2024-07-22,30.7
2024-07-23,30.89
2024-07-24,31.05
2024-07-25,31.49
2024-07-26,30.57
2024-07-27,30.75
2024-07-28,31.33
2024-07-29,31.2
2024-07-30,32.11
2024-07-31,31.03
2024-08-01,31.85
2024-08-02,30.75
2024-08-03,31.31
2024-08-04,31.2
2024-08-05,31.09
2024-08-06,31.59
2024-08-07,30.36
2024-08-08,31.55
2024-08-09,31.19
2024-08-10,30.16
2024-08-11,30.52
2024-08-12,30.02
2024-08-13,31.4
2024-08-14,31.25
2024-08-15,31.57
2024-08-16,31.15
2024-08-17,31.57
2024-08-18,31.3
2024-08-19,31.4
2024-08-20,30.6
2024-08-21,31.32
2024-08-22,31.25
2024-08-23,31.36
2024-08-24,30.51
2024-08-25,31.42
2024-08-26,30.27
2024-08-27,31.51
2024-08-28,31.79
2024-08-29,31.32
2024-08-30,30.46
2024-08-31,31.33
2024-09-01,31.32
2024-09-02,30.64
2024-09-03,29.92
2024-09-04,30.23
2024-09-05,30.45
2024-09-06,30.89
2024-09-07,31.25
2024-09-08,31.06
2024-09-09,30.83
2024-09-10,30.66
2024-09-11,30.69
2024-09-12,30.7
2024-09-13,30.45
2024-09-14,30.15
2024-09-15,29.93
2024-09-16,30.27
2024-09-17,30.06
2024-09-18,30.34
2024-09-19,29.48
2024-09-20,29.37
2024-09-21,29.87
2024-09-22,29.6
2024-09-23,29.21
2024-09-24,29.03
2024-09-25,28.89
2024-09-26,29.1
2024-09-27,29.26
2024-09-28,28.82
2024-09-29,29.1
2024-09-30,28.9
2024-10-01,28.71
2024-10-02,28.34
2024-10-03,28.4
2024-10-04,28.18
2024-10-05,28.01
2024-10-06,28.27
2024-10-07,28.21
2024-10-08,28.45
2024-10-09,27.61
2024-10-10,28.45
2024-10-11,28.12
2024-10-12,27.73
2024-10-13,28.23
2024-10-14,28.27
2024-10-15,27.64
2024-10-16,28.11
2024-10-17,27.74
2024-10-18,27.73
2024-10-19,27.45
2024-10-20,27.44
2024-10-21,26.75
2024-10-22,26.88
2024-10-23,26.06
2024-10-24,25.71
2024-10-25,25.13
2024-10-26,25.18
2024-10-27,24.86
2024-10-28,24.76
2024-10-29,24.24
2024-10-30,24.38
2024-10-31,24.29
2024-11-01,23.84
2024-11-02,24.4
2024-11-03,24.36
2024-11-04,24.42
2024-11-05,23.92
2024-11-06,24.2
2024-11-07,24.05
2024-11-08,24.05
2024-11-09,24.16
2024-11-10,23.99
2024-11-11,23.65
2024-11-12,23.78
2024-11-13,23.67
2024-11-14,23.78
2024-11-15,23.54
2024-11-16,23.71
2024-11-17,22.91
2024-11-18,22.91
2024-11-19,22.07
2024-11-20,23.15
2024-11-21,22.66
2024-11-22,23.3
2024-11-23,23.28
2024-11-24,22.37
2024-11-25,21.69
2024-11-26,22.32
2024-11-27,22.44
2024-11-28,21.45
2024-11-29,21.47
2024-11-30,21.69
2024-12-01,21.45
2024-12-02,21.0
2024-12-03,21.76
2024-12-04,21.92
2024-12-05,21.85
2024-12-06,21.86
2024-12-07,21.77
2024-12-08,21.47
2024-12-09,20.92
2024-12-10,21.18
2024-12-11,21.21
2024-12-12,21.12
2024-12-13,21.09
2024-12-14,21.09
2024-12-15,21.51
2024-12-16,21.49
2024-12-17,21.42
2024-12-18,21.0
2024-12-19,21.21
2024-12-20,20.73
2024-12-21,20.89
2024-12-22,20.79
2024-12-23,21.12
2024-12-24,20.44
2024-12-25,20.34
2024-12-26,20.58
2024-12-27,19.83
2024-12-28,19.77
2024-12-29,19.97
2024-12-30,19.75
2024-12-31,19.6
2025-01-01,19.84
2025-01-02,19.61
2025-01-03,19.56
2025-01-04,19.25
2025-01-05,18.94
2025-01-06,19.03
2025-01-07,19.17
2025-01-08,19.32
2025-01-09,19.2
2025-01-10,19.49
2025-01-11,19.29
2025-01-12,19.94
2025-01-13,19.57
2025-01-14,19.3
2025-01-15,19.3
2025-01-16,19.25
2025-01-17,19.0
2025-01-18,18.98
2025-01-19,19.21
2025-01-20,19.19
2025-01-21,19.23
2025-01-22,19.0
2025-01-23,19.18
2025-01-24,18.93
2025-01-25,19.5
2025-01-26,19.27
2025-01-27,19.22
2025-01-28,19.16
2025-01-29,19.15
2025-01-30,19.14
2025-01-31,18.78
2025-02-01,19.14
2025-02-02,19.11
2025-02-03,19.09
2025-02-04,19.1
2025-02-05,18.04
2025-02-06,17.88
2025-02-07,18.12
2025-02-08,18.09
2025-02-09,18.5
2025-02-10,18.17
2025-02-11,17.94
2025-02-12,18.16
2025-02-13,17.81
2025-02-14,17.87
2025-02-15,18.01
2025-02-16,17.88
2025-02-17,18.52
2025-02-18,18.33
2025-02-19,18.36
2025-02-20,18.43
2025-02-21,18.26
2025-02-22,18.05
2025-02-23,17.93
2025-02-24,18.26
2025-02-25,18.0
2025-02-26,17.8
2025-02-27,17.69
2025-02-28,18.38
2025-03-01,18.13
2025-03-02,18.14
2025-03-03,18.14
2025-03-04,18.14
2025-03-05,17.81
2025-03-06,17.88
2025-03-07,18.14
2025-03-08,18.32
2025-03-09,17.92
2025-03-10,18.63
2025-03-11,18.87
2025-03-12,18.73
2025-03-13,18.69
2025-03-14,19.19
2025-03-15,19.38
2025-03-16,19.71
2025-03-17,20.09
2025-03-18,19.28
2025-03-19,19.32
2025-03-20,19.05
2025-03-21,18.58
2025-03-22,18.63
2025-03-23,19.05
2025-03-24,18.82
2025-03-25,18.65
2025-03-26,19.53
2025-03-27,19.41
2025-03-28,19.47
2025-03-29,19.52
2025-03-30,19.62
2025-03-31,18.91
2025-04-01,18.71
2025-04-02,19.93
2025-04-03,19.88
2025-04-04,20.51
2025-04-05,19.88
2025-04-06,19.92
2025-04-07,19.95
2025-04-08,18.9
2025-04-09,18.6
2025-04-10,20.15
2025-04-11,20.3
2025-04-12,20.82
2025-04-13,19.87
2025-04-14,19.87
2025-04-15,20.11
2025-04-16,20.16
2025-04-17,20.07
2025-04-18,20.2
2025-04-19,20.84
2025-04-20,21.77
2025-04-21,21.46
2025-04-22,20.98
2025-04-23,20.98
2025-04-24,21.47
2025-04-25,21.51
2025-04-26,21.45
2025-04-27,21.87
2025-04-28,21.4
2025-04-29,21.92
2025-04-30,22.0
2025-05-01,22.09
2025-05-02,22.35
2025-05-03,21.8
2025-05-04,21.85
2025-05-05,22.08
2025-05-06,22.28
2025-05-07,21.89
2025-05-08,22.61
2025-05-09,23.02
2025-05-10,23.34
2025-05-11,23.41
2025-05-12,22.64
2025-05-13,22.95
2025-05-14,22.87
2025-05-15,22.84
2025-05-16,22.75
2025-05-17,22.48
2025-05-18,22.45
2025-05-19,23.62
2025-05-20,23.78
2025-05-21,23.87
2025-05-22,24.29
2025-05-23,23.42
2025-05-24,24.55
2025-05-25,25.04
2025-05-26,24.91
2025-05-27,24.44
2025-05-28,24.76
2025-05-29,24.87
2025-05-30,24.74
2025-05-31,24.24
2025-06-01,24.43
2025-06-02,24.15
2025-06-03,25.14
2025-06-04,25.19
2025-06-05,25.54
2025-06-06,25.68
2025-06-07,25.22
2025-06-08,25.17
2025-06-09,25.11
2025-06-10,25.97
2025-06-11,25.86
2025-06-12,26.17
2025-06-13,26.07
2025-06-14,25.2
2025-06-15,26.08
2025-06-16,26.47
2025-06-17,25.73
2025-06-18,27.24
2025-06-19,26.97
2025-06-20,27.52
2025-06-21,27.41
2025-06-22,26.61
2025-06-23,25.5
2025-06-24,27.06
2025-06-25,28.05
2025-06-26,28.04
2025-06-27,28.25
2025-06-28,28.14
2025-06-29,27.82
2025-06-30,28.54
2025-07-01,28.67
2025-07-02,28.68
2025-07-03,28.74
2025-07-04,28.83
2025-07-05,28.59
2025-07-06,28.74
2025-07-07,29.24
2025-07-08,29.2
2025-07-09,29.03
2025-07-10,28.71
2025-07-11,29.38
2025-07-12,28.57
2025-07-13,29.09
2025-07-14,29.26
2025-07-15,29.31
2025-07-16,29.34
2025-07-17,28.78
2025-07-18,29.64
2025-07-19,29.65
2025-07-20,28.56
2025-07-21,28.16
2025-07-22,29.67
2025-07-23,29.66
2025-07-24,29.59
2025-07-25,28.6
2025-07-26,30.33
2025-07-27,30.27
2025-07-28,29.7
2025-07-29,29.69
2025-07-30,29.73
2025-07-31,30.01
2025-08-01,29.93
2025-08-02,29.95
2025-08-03,30.43
2025-08-04,30.0
2025-08-05,29.73
2025-08-06,29.19
2025-08-07,29.53
2025-08-08,29.29
2025-08-09,28.94
2025-08-10,29.57
2025-08-11,29.78
2025-08-12,28.88
2025-08-13,28.96
2025-08-14,29.84
2025-08-15,29.88
2025-08-16,29.14
2025-08-17,29.11
2025-08-18,29.89
2025-08-19,29.98
2025-08-20,30.14
2025-08-21,29.53
2025-08-22,29.57
2025-08-23,30.55
2025-08-24,29.84
2025-08-25,30.53
2025-08-26,30.15
2025-08-27,29.61
2025-08-28,29.47
2025-08-29,29.67
2025-08-30,29.36
2025-08-31,29.86
2025-09-01,29.58
2025-09-02,29.2
2025-09-03,29.94
2025-09-04,29.66
2025-09-05,29.46
2025-09-06,28.88
2025-09-07,29.56
2025-09-08,28.8
2025-09-09,29.66
2025-09-10,29.33
2025-09-11,29.42
2025-09-12,29.53
2025-09-13,29.97
2025-09-14,29.4
2025-09-15,29.39
2025-09-16,29.7
2025-09-17,29.55
2025-09-18,29.35
2025-09-19,29.09
2025-09-20,29.31
2025-09-21,28.96
2025-09-22,29.2
2025-09-23,28.72
2025-09-24,28.84
2025-09-25,27.98
2025-09-26,28.83
2025-09-27,27.73
2025-09-28,27.88
2025-09-29,28.51
2025-09-30,28.63
2025-10-01,28.39
2025-10-02,28.33
2025-10-03,27.24
2025-10-04,28.06
2025-10-05,28.12
2025-10-06,28.33
2025-10-07,28.02
2025-10-08,28.32
2025-10-09,27.83
2025-10-10,27.81
2025-10-11,27.44
2025-10-12,27.01
2025-10-13,27.13
2025-10-14,26.44
2025-10-15,26.49
2025-10-16,26.66
2025-10-17,26.22
2025-10-18,26.93
2025-10-19,26.68
2025-10-20,26.78
2025-10-21,26.58
2025-10-22,26.62
2025-10-23,26.63
2025-10-24,26.7
2025-10-25,26.67
2025-10-26,26.64
2025-10-27,26.52
2025-10-28,26.41
2025-10-29,25.92
2025-10-30,26.12
2025-10-31,26.31
2025-11-01,26.04
2025-11-02,26.11
2025-11-03,26.08
2025-11-04,25.72
2025-11-05,25.79
2025-11-06,25.7
2025-11-07,25.46
2025-11-08,25.86
2025-11-09,25.31
2025-11-10,24.72
2025-11-11,25.46
2025-11-12,25.69
2025-11-13,25.5
2025-11-14,24.92
2025-11-15,24.73
2025-11-16,24.56
2025-11-17,24.52
2025-11-18,23.85
2025-11-19,24.58
2025-11-20,24.55
2025-11-21,23.98
2025-11-22,24.11
2025-11-23,24.18
2025-11-24,23.79
2025-11-25,24.13
2025-11-26,23.9
2025-11-27,24.03
2025-11-28,23.88
2025-11-29,23.43
2025-11-30,23.43
2025-12-01,23.87
2025-12-02,23.83
2025-12-03,23.46
2025-12-04,23.43
2025-12-05,23.39
2025-12-06,23.19
2025-12-07,22.28
2025-12-08,22.56
2025-12-09,22.22
2025-12-10,21.84
2025-12-11,21.74
2025-12-12,22.35
2025-12-13,22.35
2025-12-14,22.17
2025-12-15,21.83
2025-12-16,21.72
2025-12-17,21.42
2025-12-18,21.67
2025-12-19,21.48
2025-12-20,21.86
2025-12-21,21.6
2025-12-22,21.35
2025-12-23,20.9
2025-12-24,21.35
2025-12-25,21.55
2025-12-26,21.29
2025-12-27,20.25
2025-12-28,20.18
2025-12-29,20.68
2025-12-30,20.2
2025-12-31,18.93
2026-01-01,20.31
2026-01-02,18.98
2026-01-03,19.51
2026-01-04,19.86
2026-01-05,19.96
2026-01-06,19.26
2026-01-07,20.09
2026-01-08,20.13
2026-01-09,19.14
2026-01-10,19.96
2026-01-11,19.88
2026-01-12,19.8
2026-01-13,18.73
2026-01-14,17.9
2026-01-15,18.52
2026-01-16,17.88
2026-01-17,17.69
2026-01-18,17.57
2026-01-19,18.09
2026-01-20,18.71
2026-01-21,18.71
2026-01-22,18.32
2026-01-23,18.26
2026-01-24,18.74
2026-01-25,18.36
2026-01-26,17.86
2026-01-27,18.23
2026-01-28,18.35
2026-01-29,18.12
2026-01-30,16.82
2026-01-31,18.22
2026-02-01,18.28
2026-02-02,18.25
2026-02-03,18.41
2026-02-04,18.47
2026-02-05,18.48
2026-02-06,18.03
2026-02-07,18.61
2026-02-08,18.64
2026-02-09,18.66
2026-02-10,18.68
2026-02-11,18.65
2026-02-12,18.24
2026-02-13,17.6
2026-02-14,17.31
2026-02-15,18.0
2026-02-16,17.98
2026-02-17,17.76
2026-02-18,18.16
2026-02-19,17.96
2026-02-20,18.21
2026-02-21,18.11
2026-02-22,18.9
2026-02-23,17.81
2026-02-24,18.21
2026-02-25,18.19
2026-02-26,18.03
2026-02-27,17.63
2026-02-28,17.56
2026-03-01,17.89
2026-03-02,17.84
2026-03-03,17.69
2026-03-04,17.58
2026-03-05,17.97
2026-03-06,18.02
2026-03-07,17.88
2026-03-08,17.92
2026-03-09,18.63
2026-03-10,18.08
2026-03-11,17.53
2026-03-12,18.07
2026-03-13,18.09
2026-03-14,17.46
2026-03-15,17.82
2026-03-16,18.43
2026-03-17,18.32
2026-03-18,18.73
2026-03-19,18.24
2026-03-20,18.26
2026-03-21,18.05
2026-03-22,18.32
2026-03-23,18.22
2026-03-24,18.39
2026-03-25,17.92
2026-03-26,17.72
2026-03-27,17.87
2026-03-28,18.4
2026-03-29,18.28
2026-03-30,17.97
2026-03-31,18.03
2026-04-01,18.79
2026-04-02,18.97
2026-04-03,18.92
2026-04-04,18.55
2026-04-05,18.56
2026-04-06,19.08
2026-04-07,18.79
2026-04-08,19.01
2026-04-09,19.11
2026-04-10,20.02
2026-04-11,19.53
2026-04-12,19.69
2026-04-13,19.7
2026-04-14,19.72
2026-04-15,20.29
2026-04-16,20.35
2026-04-17,19.94
2026-04-18,19.54
2026-04-19,20.09
2026-04-20,20.86
2026-04-21,21.31
2026-04-22,20.64
2026-04-23,20.77
2026-04-24,21.17
2026-04-25,21.57
2026-04-26,21.12
2026-04-27,21.01
2026-04-28,21.45
2026-04-29,21.43
2026-04-30,21.51
2026-05-01,21.23
2026-05-02,20.99
2026-05-03,21.6
2026-05-04,21.0
2026-05-05,21.29
2026-05-06,21.53
2026-05-07,21.46
2026-05-08,21.6
2026-05-09,21.58
2026-05-10,22.48
2026-05-11,22.98
2026-05-12,23.14
2026-05-13,22.85
2026-05-14,23.2
2026-05-15,22.94
2026-05-16,23.13
2026-05-17,22.96
2026-05-18,22.63
2026-05-19,23.82
2026-05-20,23.32
2026-05-21,23.54
2026-05-22,23.79
2026-05-23,23.78
2026-05-24,23.48
2026-05-25,23.58
2026-05-26,23.19
2026-05-27,23.91
2026-05-28,24.26
2026-05-29,24.17
2026-05-30,25.17
2026-05-31,24.85
2026-06-01,24.5
2026-06-02,25.39
2026-06-03,24.96
2026-06-04,24.54
2026-06-05,24.47
2026-06-06,24.58
2026-06-07,23.7
2026-06-08,24.87
2026-06-09,25.42
2026-06-10,25.14
2026-06-11,25.55
2026-06-12,25.69
2026-06-13,26.19
2026-06-14,25.28
2026-06-15,25.73
2026-06-16,26.48
2026-06-17,25.64
2026-06-18,26.88
2026-06-19,27.24
2026-06-20,26.54
2026-06-21,25.86
2026-06-22,26.79
2026-06-23,28.13
2026-06-24,27.05
2026-06-25,26.25
2026-06-26,26.12
2026-06-27,26.64
2026-06-28,27.63
2026-06-29,27.99
2026-06-30,27.22
2026-07-01,27.84
2026-07-02,28.39
2026-07-03,27.83
2026-07-04,27.23
2026-07-05,27.85
2026-07-06,29.18
2026-07-07,27.69
2026-07-08,28.38
2026-07-09,28.53
2026-07-10,27.89
2026-07-11,28.47
2026-07-12,28.18
2026-07-13,28.76
2026-07-14,29.01
2026-07-15,28.14
2026-07-16,29.34
2026-07-17,28.9
2026-07-18,28.86
2026-07-19,28.86
2026-07-20,29.57
2026-07-21,29.48
2026-07-22,29.13
2026-07-23,29.0
2026-07-24,29.62
2026-07-25,29.0
2026-07-26,29.29
2026-07-27,29.51
2026-07-28,29.5
2026-07-29,29.33
2026-07-30,29.62
2026-07-31,29.8
2026-08-01,29.66
2026-08-02,29.82
2026-08-03,29.06
2026-08-04,29.52
2026-08-05,28.83
2026-08-06,28.96
2026-08-07,30.17
2026-08-08,29.58
2026-08-09,30.39
2026-08-10,30.52
2026-08-11,30.62
