date,sst
2008-01-01,17.95
2008-01-02,17.64
2008-01-03,17.3
2008-01-04,17.15
2008-01-05,16.81
2008-01-06,16.72
2008-01-07,17.04
2008-01-08,17.13
2008-01-09,17.47
2008-01-10,17.4
2008-01-11,16.92
2008-01-12,16.26
2008-01-13,16.88
2008-01-14,17.2
2008-01-15,16.92
2008-01-16,17.16
2008-01-17,16.8
2008-01-18,17.05
2008-01-19,16.91
2008-01-20,16.89
2008-01-21,16.77
2008-01-22,16.64
2008-01-23,16.17
2008-01-24,16.09
2008-01-25,16.3
2008-01-26,16.31
2008-01-27,16.37
2008-01-28,16.16
2008-01-29,16.34
2008-01-30,16.11
2008-01-31,15.83
2008-02-01,15.64
2008-02-02,15.51
2008-02-03,15.65
2008-02-04,15.63
2008-02-05,15.26
2008-02-06,15.62
2008-02-07,15.42
2008-02-08,16.0
2008-02-09,15.91
2008-02-10,16.34
2008-02-11,16.05
2008-02-12,15.82
2008-02-13,15.86
2008-02-14,15.96
2008-02-15,16.18
2008-02-16,16.05
2008-02-17,15.54
2008-02-18,15.86
2008-02-19,16.07
2008-02-20,15.45
2008-02-21,15.17
2008-02-22,14.91
2008-02-23,15.03
2008-02-24,15.3
2008-02-25,15.21
2008-02-26,15.12
2008-02-27,15.1
2008-02-28,15.71
2008-02-29,15.93
2008-03-01,16.15
2008-03-02,16.17
2008-03-03,16.58
2008-03-04,16.89
2008-03-05,16.82
2008-03-06,16.97
2008-03-07,17.05
2008-03-08,16.91
2008-03-09,16.25
2008-03-10,16.32
2008-03-11,17.7
2008-03-12,18.19
2008-03-13,17.86
2008-03-14,18.08
2008-03-15,18.02
2008-03-16,18.23
2008-03-17,18.12
2008-03-18,17.52
2008-03-19,18.59
2008-03-20,18.38
2008-03-21,19.2
2008-03-22,20.25
2008-03-23,20.13
2008-03-24,21.05
2008-03-25,21.01
2008-03-26,19.3
2008-03-27,19.23
2008-03-28,19.75
2008-03-29,19.32
2008-03-30,18.76
2008-03-31,19.46
2008-04-01,19.27
2008-04-02,19.44
2008-04-03,19.57
2008-04-04,19.17
2008-04-05,19.35
2008-04-06,19.08
2008-04-07,19.0
2008-04-08,19.31
2008-04-09,19.15
2008-04-10,19.01
2008-04-11,19.56
2008-04-12,19.35
2008-04-13,19.31
2008-04-14,19.76
2008-04-15,20.46
2008-04-16,20.24
2008-04-17,20.47
2008-04-18,20.85
2008-04-19,20.75
2008-04-20,20.77
2008-04-21,21.31
2008-04-22,21.46
2008-04-23,22.31
2008-04-24,22.44
2008-04-25,20.37
2008-04-26,21.01
2008-04-27,21.09
2008-04-28,21.17
2008-04-29,21.32
2008-04-30,21.17
2008-05-01,21.76
2008-05-02,21.93
2008-05-03,22.59
2008-05-04,22.37
2008-05-05,21.88
2008-05-06,22.49
2008-05-07,21.95
2008-05-08,22.29
2008-05-09,22.28
2008-05-10,21.69
2008-05-11,21.91
2008-05-12,22.23
2008-05-13,23.07
2008-05-14,22.29
2008-05-15,23.0
2008-05-16,22.53
2008-05-17,22.88
2008-05-18,21.99
2008-05-19,22.89
2008-05-20,22.77
2008-05-21,22.94
2008-05-22,23.7
2008-05-23,23.72
2008-05-24,23.66
2008-05-25,23.71
2008-05-26,23.92
2008-05-27,23.29
2008-05-28,24.22
2008-05-29,24.24
2008-05-30,24.75
2008-05-31,25.33
2008-06-01,25.1
2008-06-02,25.16
2008-06-03,25.32
2008-06-04,25.35
2008-06-05,25.55
2008-06-06,25.4
2008-06-07,26.27
2008-06-08,25.42
2008-06-09,25.85
2008-06-10,25.99
2008-06-11,25.95
2008-06-12,26.44
2008-06-13,26.78
2008-06-14,26.4
2008-06-15,26.57
2008-06-16,26.28
2008-06-17,26.64
2008-06-18,27.1
2008-06-19,27.19
2008-06-20,27.8
2008-06-21,27.31
2008-06-22,27.49
2008-06-23,26.76
2008-06-24,27.77
2008-06-25,27.91
2008-06-26,28.16
2008-06-27,27.89
2008-06-28,28.3
2008-06-29,28.57
2008-06-30,28.11
2008-07-01,27.64
2008-07-02,27.73
2008-07-03,28.32
2008-07-04,28.32
2008-07-05,28.24
2008-07-06,28.36
2008-07-07,28.64
2008-07-08,28.39
2008-07-09,28.32
2008-07-10,28.23
2008-07-11,29.0
2008-07-12,28.51
2008-07-13,28.41
2008-07-14,28.79
2008-07-15,28.69
2008-07-16,28.66
2008-07-17,29.0
2008-07-18,29.02
2008-07-19,29.09
2008-07-20,29.24
2008-07-21,29.88
2008-07-22,29.03
2008-07-23,29.55
2008-07-24,29.53
2008-07-25,28.85
2008-07-26,28.87
2008-07-27,29.07
2008-07-28,28.95
2008-07-29,29.12
2008-07-30,29.19
2008-07-31,28.17
2008-08-01,28.39
2008-08-02,29.39
2008-08-03,29.16
2008-08-04,28.82
2008-08-05,28.78
2008-08-06,28.51
2008-08-07,28.75
2008-08-08,29.3
2008-08-09,28.89
2008-08-10,29.0
2008-08-11,29.59
2008-08-12,29.12
2008-08-13,29.04
2008-08-14,28.78
2008-08-15,29.38
2008-08-16,28.66
2008-08-17,28.19
2008-08-18,29.36
2008-08-19,29.78
2008-08-20,29.21
2008-08-21,28.9
2008-08-22,28.4
2008-08-23,27.86
2008-08-24,28.49
2008-08-25,27.94
2008-08-26,29.65
2008-08-27,28.56
2008-08-28,28.57
2008-08-29,28.83
2008-08-30,28.73
2008-08-31,30.11
2008-09-01,29.05
2008-09-02,29.43
2008-09-03,29.13
2008-09-04,29.04
2008-09-05,28.28
2008-09-06,27.9
2008-09-07,27.99
2008-09-08,28.87
2008-09-09,28.24
2008-09-10,28.11
2008-09-11,28.82
2008-09-12,28.37
2008-09-13,29.13
2008-09-14,28.83
2008-09-15,29.67
2008-09-16,29.5
2008-09-17,29.29
2008-09-18,29.36
2008-09-19,28.71
2008-09-20,28.85
2008-09-21,28.16
2008-09-22,28.49
2008-09-23,27.74
2008-09-24,28.11
2008-09-25,27.74
2008-09-26,27.37
2008-09-27,28.04
2008-09-28,27.29
2008-09-29,27.18
2008-09-30,27.91
2008-10-01,27.13
2008-10-02,26.33
2008-10-03,26.49
2008-10-04,26.33
2008-10-05,26.69
2008-10-06,26.9
2008-10-07,26.74
2008-10-08,26.04
2008-10-09,26.24
2008-10-10,25.94
2008-10-11,25.81
2008-10-12,25.41
2008-10-13,25.39
2008-10-14,24.93
2008-10-15,25.41
2008-10-16,25.68
2008-10-17,25.37
2008-10-18,25.22
2008-10-19,25.27
2008-10-20,25.17
2008-10-21,24.85
2008-10-22,25.0
2008-10-23,25.2
2008-10-24,24.98
2008-10-25,24.86
2008-10-26,24.69
2008-10-27,24.31
2008-10-28,23.79
2008-10-29,23.31
2008-10-30,23.42
2008-10-31,23.14
2008-11-01,23.37
2008-11-02,23.54
2008-11-03,23.5
2008-11-04,23.17
2008-11-05,23.39
2008-11-06,23.19
2008-11-07,22.9
2008-11-08,22.91
2008-11-09,22.83
2008-11-10,22.93
2008-11-11,22.7
2008-11-12,22.66
2008-11-13,22.6
2008-11-14,22.6
2008-11-15,22.68
2008-11-16,22.3
2008-11-17,22.17
2008-11-18,22.1
2008-11-19,22.02
2008-11-20,21.71
2008-11-21,21.64
2008-11-22,21.73
2008-11-23,21.38
2008-11-24,21.03
2008-11-25,20.74
2008-11-26,21.21
2008-11-27,21.26
2008-11-28,21.2
2008-11-29,20.52
2008-11-30,21.05
2008-12-01,21.11
2008-12-02,20.47
2008-12-03,20.53
2008-12-04,20.64
2008-12-05,20.51
2008-12-06,20.76
2008-12-07,20.8
2008-12-08,20.41
2008-12-09,20.2
2008-12-10,20.12
2008-12-11,19.63
2008-12-12,19.39
2008-12-13,19.01
2008-12-14,19.19
2008-12-15,19.41
2008-12-16,19.06
2008-12-17,19.12
2008-12-18,19.02
2008-12-19,19.24
2008-12-20,19.37
2008-12-21,19.27
2008-12-22,19.2
2008-12-23,18.6
2008-12-24,18.78
2008-12-25,18.89
2008-12-26,18.39
2008-12-27,18.55
2008-12-28,18.17
2008-12-29,18.29
2008-12-30,18.54
2008-12-31,18.44
2009-01-01,18.61
2009-01-02,18.2
2009-01-03,17.96
2009-01-04,17.92
2009-01-05,18.07
2009-01-06,18.19
2009-01-07,17.84
2009-01-08,18.07
2009-01-09,17.86
2009-01-10,17.45
2009-01-11,17.99
2009-01-12,18.33
2009-01-13,18.25
2009-01-14,17.25
2009-01-15,17.13
2009-01-16,17.02
2009-01-17,16.9
2009-01-18,17.16
2009-01-19,17.24
2009-01-20,17.0
2009-01-21,16.56
2009-01-22,16.91
2009-01-23,16.76
2009-01-24,16.68
2009-01-25,16.55
2009-01-26,16.48
2009-01-27,17.34
2009-01-28,16.67
2009-01-29,16.89
2009-01-30,16.57
2009-01-31,16.68
2009-02-01,16.77
2009-02-02,16.38
2009-02-03,16.92
2009-02-04,16.63
2009-02-05,16.86
2009-02-06,16.51
2009-02-07,16.7
2009-02-08,16.82
2009-02-09,16.71
2009-02-10,16.37
2009-02-11,16.48
2009-02-12,16.61
2009-02-13,16.69
2009-02-14,16.77
2009-02-15,16.6
2009-02-16,16.65
2009-02-17,16.53
2009-02-18,16.05
2009-02-19,16.35
2009-02-20,16.13
2009-02-21,16.18
2009-02-22,16.64
2009-02-23,16.35
2009-02-24,15.83
2009-02-25,15.86
2009-02-26,16.22
2009-02-27,16.63
2009-02-28,16.72
2009-03-01,15.75
2009-03-02,15.51
2009-03-03,15.56
2009-03-04,15.96
2009-03-05,16.33
2009-03-06,16.24
2009-03-07,16.18
2009-03-08,15.75
2009-03-09,15.73
2009-03-10,16.54
2009-03-11,17.06
2009-03-12,17.08
2009-03-13,17.39
2009-03-14,17.1
2009-03-15,17.2
2009-03-16,16.85
2009-03-17,16.68
2009-03-18,17.11
2009-03-19,17.35
2009-03-20,16.89
2009-03-21,17.36
2009-03-22,17.37
2009-03-23,17.76
2009-03-24,17.4
2009-03-25,16.93
2009-03-26,17.32
2009-03-27,17.66
2009-03-28,17.24
2009-03-29,16.96
2009-03-30,16.96
2009-03-31,17.45
2009-04-01,18.06
2009-04-02,17.67
2009-04-03,18.23
2009-04-04,18.65
2009-04-05,18.51
2009-04-06,18.91
2009-04-07,19.06
2009-04-08,19.2
2009-04-09,18.62
2009-04-10,18.66
2009-04-11,19.4
2009-04-12,19.69
2009-04-13,19.33
2009-04-14,18.73
2009-04-15,19.41
2009-04-16,19.6
2009-04-17,18.9
2009-04-18,19.55
2009-04-19,20.16
2009-04-20,20.07
2009-04-21,19.68
2009-04-22,20.07
2009-04-23,20.42
2009-04-24,20.42
2009-04-25,19.92
2009-04-26,20.17
2009-04-27,20.69
2009-04-28,20.61
2009-04-29,20.76
2009-04-30,21.13
2009-05-01,20.89
2009-05-02,21.19
2009-05-03,20.9
2009-05-04,20.58
2009-05-05,20.91
2009-05-06,20.75
2009-05-07,20.63
2009-05-08,20.54
2009-05-09,20.82
2009-05-10,20.84
2009-05-11,21.21
2009-05-12,21.55
2009-05-13,21.75
2009-05-14,21.83
2009-05-15,22.56
2009-05-16,21.79
2009-05-17,22.33
2009-05-18,22.81
2009-05-19,22.64
2009-05-20,23.38
2009-05-21,22.72
2009-05-22,22.52
2009-05-23,22.98
2009-05-24,23.03
2009-05-25,23.13
2009-05-26,23.4
2009-05-27,23.46
2009-05-28,23.45
2009-05-29,24.39
2009-05-30,24.97
2009-05-31,24.61
2009-06-01,24.31
2009-06-02,25.18
2009-06-03,25.62
2009-06-04,25.59
2009-06-05,25.52
2009-06-06,25.72
2009-06-07,25.83
2009-06-08,25.4
2009-06-09,25.67
2009-06-10,26.13
2009-06-11,25.98
2009-06-12,26.09
2009-06-13,26.54
2009-06-14,26.0
2009-06-15,26.83
2009-06-16,27.01
2009-06-17,26.88
2009-06-18,26.87
2009-06-19,27.15
2009-06-20,27.57
2009-06-21,27.49
2009-06-22,27.57
2009-06-23,28.29
2009-06-24,27.68
2009-06-25,27.54
2009-06-26,27.99
2009-06-27,27.9
2009-06-28,27.65
2009-06-29,28.17
2009-06-30,28.56
2009-07-01,28.9
2009-07-02,29.15
2009-07-03,28.64
2009-07-04,28.55
2009-07-05,28.59
2009-07-06,27.85
2009-07-07,28.39
2009-07-08,28.63
2009-07-09,28.02
2009-07-10,28.58
2009-07-11,29.11
2009-07-12,29.62
2009-07-13,29.46
2009-07-14,29.04
2009-07-15,28.01
2009-07-16,28.38
2009-07-17,29.02
2009-07-18,29.21
2009-07-19,29.28
2009-07-20,29.32
2009-07-21,29.58
2009-07-22,29.26
2009-07-23,29.37
2009-07-24,29.63
2009-07-25,29.9
2009-07-26,29.44
2009-07-27,29.73
2009-07-28,30.04
2009-07-29,29.45
2009-07-30,29.33
2009-07-31,29.45
2009-08-01,29.49
2009-08-02,30.13
2009-08-03,30.28
2009-08-04,29.63
2009-08-05,29.55
2009-08-06,30.21
2009-08-07,29.67
2009-08-08,29.93
2009-08-09,29.74
2009-08-10,29.26
2009-08-11,28.62
2009-08-12,29.56
2009-08-13,29.75
2009-08-14,29.25
2009-08-15,29.73
2009-08-16,29.33
2009-08-17,29.36
2009-08-18,29.08
2009-08-19,29.31
2009-08-20,29.58
2009-08-21,29.61
2009-08-22,29.98
2009-08-23,29.25
2009-08-24,29.8
2009-08-25,29.48
2009-08-26,29.51
2009-08-27,28.69
2009-08-28,28.97
2009-08-29,29.01
2009-08-30,29.27
2009-08-31,29.1
2009-09-01,28.95
2009-09-02,28.87
2009-09-03,28.32
2009-09-04,28.11
2009-09-05,28.42
2009-09-06,28.46
2009-09-07,28.38
2009-09-08,27.99
2009-09-09,28.59
2009-09-10,28.2
2009-09-11,28.26
2009-09-12,28.78
2009-09-13,28.07
2009-09-14,28.04
2009-09-15,28.35
2009-09-16,28.01
2009-09-17,27.34
2009-09-18,27.4
2009-09-19,27.68
2009-09-20,27.86
2009-09-21,27.45
2009-09-22,27.13
2009-09-23,27.4
2009-09-24,27.63
2009-09-25,27.2
2009-09-26,27.13
2009-09-27,27.39
2009-09-28,27.2
2009-09-29,26.22
2009-09-30,26.83
2009-10-01,26.63
2009-10-02,26.81
2009-10-03,26.72
2009-10-04,27.1
2009-10-05,27.12
2009-10-06,26.66
2009-10-07,26.45
2009-10-08,26.51
2009-10-09,26.2
2009-10-10,26.58
2009-10-11,26.76
2009-10-12,26.55
2009-10-13,26.34
2009-10-14,26.55
2009-10-15,25.81
2009-10-16,26.32
2009-10-17,26.75
2009-10-18,26.55
2009-10-19,26.37
2009-10-20,26.76
2009-10-21,26.17
2009-10-22,26.18
2009-10-23,25.7
2009-10-24,25.44
2009-10-25,25.86
2009-10-26,26.01
2009-10-27,25.65
2009-10-28,25.77
2009-10-29,25.51
2009-10-30,25.21
2009-10-31,24.82
2009-11-01,24.8
2009-11-02,24.78
2009-11-03,24.06
2009-11-04,23.34
2009-11-05,23.23
2009-11-06,22.93
2009-11-07,22.3
2009-11-08,22.35
2009-11-09,23.02
2009-11-10,22.86
2009-11-11,22.99
2009-11-12,22.64
2009-11-13,22.68
2009-11-14,22.49
2009-11-15,22.66
2009-11-16,22.51
2009-11-17,22.22
2009-11-18,22.17
2009-11-19,22.09
2009-11-20,21.95
2009-11-21,21.7
2009-11-22,21.24
2009-11-23,21.41
2009-11-24,21.14
2009-11-25,21.2
2009-11-26,20.84
2009-11-27,21.57
2009-11-28,20.89
2009-11-29,20.84
2009-11-30,20.55
2009-12-01,20.83
2009-12-02,20.45
2009-12-03,20.27
2009-12-04,20.78
2009-12-05,20.13
2009-12-06,19.84
2009-12-07,20.28
2009-12-08,20.18
2009-12-09,19.78
2009-12-10,19.69
2009-12-11,19.54
2009-12-12,19.87
2009-12-13,19.63
2009-12-14,19.11
2009-12-15,19.01
2009-12-16,18.27
2009-12-17,18.37
2009-12-18,18.53
2009-12-19,18.05
2009-12-20,17.43
2009-12-21,17.62
2009-12-22,17.96
2009-12-23,18.26
2009-12-24,18.04
2009-12-25,17.63
2009-12-26,17.37
2009-12-27,18.12
2009-12-28,17.62
2009-12-29,18.6
2009-12-30,18.43
2009-12-31,18.33
2010-01-01,18.67
2010-01-02,18.65
2010-01-03,18.3
2010-01-04,17.95
2010-01-05,18.07
2010-01-06,17.53
2010-01-07,17.76
2010-01-08,17.74
2010-01-09,18.45
2010-01-10,18.45
2010-01-11,18.19
2010-01-12,18.19
2010-01-13,17.69
2010-01-14,17.69
2010-01-15,17.91
2010-01-16,17.79
2010-01-17,18.22
2010-01-18,18.14
2010-01-19,17.9
2010-01-20,17.92
2010-01-21,17.62
2010-01-22,17.21
2010-01-23,17.36
2010-01-24,17.15
2010-01-25,17.26
2010-01-26,16.67
2010-01-27,16.47
2010-01-28,16.18
2010-01-29,16.08
2010-01-30,16.51
2010-01-31,17.03
2010-02-01,16.9
2010-02-02,16.45
2010-02-03,17.08
2010-02-04,16.82
2010-02-05,15.85
2010-02-06,16.18
2010-02-07,16.05
2010-02-08,16.39
2010-02-09,16.72
2010-02-10,16.51
2010-02-11,16.35
2010-02-12,16.68
2010-02-13,16.39
2010-02-14,16.27
2010-02-15,16.8
2010-02-16,17.23
2010-02-17,17.48
2010-02-18,17.34
2010-02-19,17.85
2010-02-20,18.1
2010-02-21,18.31
2010-02-22,17.85
2010-02-23,17.7
2010-02-24,17.76
2010-02-25,17.39
2010-02-26,17.42
2010-02-27,17.36
2010-02-28,17.27
2010-03-01,17.21
2010-03-02,17.34
2010-03-03,18.03
2010-03-04,17.88
2010-03-05,17.63
2010-03-06,17.39
2010-03-07,17.86
2010-03-08,17.33
2010-03-09,18.34
2010-03-10,18.54
2010-03-11,19.18
2010-03-12,19.57
2010-03-13,19.07
2010-03-14,19.36
2010-03-15,19.5
2010-03-16,19.17
2010-03-17,19.05
2010-03-18,18.8
2010-03-19,18.35
2010-03-20,18.09
2010-03-21,18.13
2010-03-22,18.15
2010-03-23,18.31
2010-03-24,17.68
2010-03-25,17.65
2010-03-26,17.76
2010-03-27,18.12
2010-03-28,18.47
2010-03-29,19.47
2010-03-30,18.6
2010-03-31,19.12
2010-04-01,19.13
2010-04-02,18.98
2010-04-03,18.69
2010-04-04,18.64
2010-04-05,20.2
2010-04-06,19.59
2010-04-07,19.49
2010-04-08,19.19
2010-04-09,20.17
2010-04-10,19.52
2010-04-11,19.8
2010-04-12,20.39
2010-04-13,20.18
2010-04-14,20.16
2010-04-15,20.54
2010-04-16,20.22
2010-04-17,20.53
2010-04-18,21.42
2010-04-19,21.39
2010-04-20,21.07
2010-04-21,21.13
2010-04-22,20.62
2010-04-23,20.6
2010-04-24,21.23
2010-04-25,21.61
2010-04-26,21.14
2010-04-27,21.39
2010-04-28,21.18
2010-04-29,21.09
2010-04-30,21.49
2010-05-01,22.04
2010-05-02,21.5
2010-05-03,22.69
2010-05-04,22.61
2010-05-05,22.54
2010-05-06,22.59
2010-05-07,22.45
2010-05-08,22.26
2010-05-09,22.14
2010-05-10,21.86
2010-05-11,22.66
2010-05-12,23.31
2010-05-13,23.56
2010-05-14,24.06
2010-05-15,23.97
2010-05-16,24.06
2010-05-17,23.93
2010-05-18,23.41
2010-05-19,22.62
2010-05-20,22.84
2010-05-21,23.41
2010-05-22,23.15
2010-05-23,23.13
2010-05-24,22.73
2010-05-25,23.91
2010-05-26,23.95
2010-05-27,23.53
2010-05-28,22.67
2010-05-29,24.03
2010-05-30,24.24
2010-05-31,24.29
2010-06-01,25.23
2010-06-02,24.86
2010-06-03,23.83
2010-06-04,25.43
2010-06-05,24.29
2010-06-06,25.25
2010-06-07,25.89
2010-06-08,25.63
2010-06-09,25.38
2010-06-10,25.73
2010-06-11,25.66
2010-06-12,25.14
2010-06-13,25.95
2010-06-14,25.1
2010-06-15,25.75
2010-06-16,26.6
2010-06-17,27.26
2010-06-18,26.87
2010-06-19,26.85
2010-06-20,27.16
2010-06-21,26.96
2010-06-22,28.08
2010-06-23,27.35
2010-06-24,26.68
2010-06-25,26.99
2010-06-26,27.12
2010-06-27,26.63
2010-06-28,27.07
2010-06-29,27.29
2010-06-30,27.07
2010-07-01,27.44
2010-07-02,27.53
2010-07-03,26.64
2010-07-04,27.23
2010-07-05,26.87
2010-07-06,28.09
2010-07-07,28.34
2010-07-08,28.1
2010-07-09,27.79
2010-07-10,28.7
2010-07-11,28.27
2010-07-12,27.44
2010-07-13,26.99
2010-07-14,27.36
2010-07-15,29.27
2010-07-16,28.91
2010-07-17,28.1
2010-07-18,28.02
2010-07-19,28.21
2010-07-20,28.39
2010-07-21,29.07
2010-07-22,28.65
2010-07-23,28.19
2010-07-24,28.66
2010-07-25,29.27
2010-07-26,29.07
2010-07-27,29.08
2010-07-28,29.16
2010-07-29,29.56
2010-07-30,29.04
2010-07-31,28.8
2010-08-01,28.52
2010-08-02,28.31
2010-08-03,28.33
2010-08-04,28.63
2010-08-05,29.6
2010-08-06,28.99
2010-08-07,28.6
2010-08-08,29.89
2010-08-09,28.88
2010-08-10,28.97
2010-08-11,29.08
2010-08-12,29.28
2010-08-13,29.97
2010-08-14,29.96
2010-08-15,28.85
2010-08-16,29.23
2010-08-17,29.71
2010-08-18,30.68
2010-08-19,31.01
2010-08-20,30.98
2010-08-21,30.17
2010-08-22,29.5
2010-08-23,29.22
2010-08-24,30.19
2010-08-25,29.93
2010-08-26,29.76
2010-08-27,29.57
2010-08-28,30.18
2010-08-29,30.66
2010-08-30,30.12
2010-08-31,29.99
2010-09-01,30.16
2010-09-02,29.77
2010-09-03,29.99
2010-09-04,29.76
2010-09-05,30.25
2010-09-06,29.47
2010-09-07,29.45
2010-09-08,29.38
2010-09-09,29.26
2010-09-10,29.24
2010-09-11,28.73
2010-09-12,29.28
2010-09-13,29.32
2010-09-14,29.42
2010-09-15,29.35
2010-09-16,28.38
2010-09-17,28.37
2010-09-18,28.0
2010-09-19,27.8
2010-09-20,28.36
2010-09-21,28.32
2010-09-22,28.49
2010-09-23,28.72
2010-09-24,28.8
2010-09-25,28.09
2010-09-26,28.46
2010-09-27,28.57
2010-09-28,28.45
2010-09-29,28.5
2010-09-30,28.46
2010-10-01,28.57
2010-10-02,28.68
2010-10-03,28.34
2010-10-04,27.59
2010-10-05,27.51
2010-10-06,28.0
2010-10-07,27.8
2010-10-08,27.45
2010-10-09,27.12
2010-10-10,26.61
2010-10-11,26.5
2010-10-12,26.58
2010-10-13,26.84
2010-10-14,27.08
2010-10-15,27.13
2010-10-16,26.98
2010-10-17,27.04
2010-10-18,27.33
2010-10-19,27.06
2010-10-20,27.34
2010-10-21,27.31
2010-10-22,26.95
2010-10-23,26.62
2010-10-24,26.22
2010-10-25,25.99
2010-10-26,25.81
2010-10-27,25.57
2010-10-28,25.91
2010-10-29,25.6
2010-10-30,25.21
2010-10-31,24.84
2010-11-01,24.4
2010-11-02,24.42
2010-11-03,24.3
2010-11-04,24.16
2010-11-05,24.08
2010-11-06,24.1
2010-11-07,23.95
2010-11-08,23.93
2010-11-09,23.83
2010-11-10,23.2
2010-11-11,23.82
2010-11-12,24.1
2010-11-13,24.13
2010-11-14,24.0
2010-11-15,23.87
2010-11-16,23.72
2010-11-17,23.73
2010-11-18,23.59
2010-11-19,23.22
2010-11-20,23.29
2010-11-21,23.03
2010-11-22,23.3
2010-11-23,22.99
2010-11-24,22.71
2010-11-25,22.69
2010-11-26,22.97
2010-11-27,23.23
2010-11-28,22.9
2010-11-29,23.16
2010-11-30,23.41
2010-12-01,22.89
2010-12-02,23.63
2010-12-03,23.42
2010-12-04,23.01
2010-12-05,23.22
2010-12-06,23.09
2010-12-07,22.49
2010-12-08,22.1
2010-12-09,21.6
2010-12-10,21.99
2010-12-11,21.92
2010-12-12,21.82
2010-12-13,20.01
2010-12-14,19.47
2010-12-15,19.27
2010-12-16,20.09
2010-12-17,19.48
2010-12-18,19.29
2010-12-19,18.48
2010-12-20,18.87
2010-12-21,19.29
2010-12-22,18.59
2010-12-23,18.57
2010-12-24,18.42
2010-12-25,18.43
2010-12-26,18.54
2010-12-27,18.88
2010-12-28,18.65
2010-12-29,18.36
2010-12-30,18.36
2010-12-31,18.35
2011-01-01,18.45
2011-01-02,18.67
2011-01-03,18.9
2011-01-04,18.39
2011-01-05,18.54
2011-01-06,18.63
2011-01-07,18.34
2011-01-08,17.81
2011-01-09,18.22
2011-01-10,18.39
2011-01-11,18.02
2011-01-12,17.5
2011-01-13,17.88
2011-01-14,18.25
2011-01-15,17.93
2011-01-16,17.71
2011-01-17,18.19
2011-01-18,18.27
2011-01-19,17.93
2011-01-20,17.23
2011-01-21,17.5
2011-01-22,17.41
2011-01-23,17.37
2011-01-24,17.38
2011-01-25,17.15
2011-01-26,17.42
2011-01-27,17.74
2011-01-28,17.68
2011-01-29,17.27
2011-01-30,17.53
2011-01-31,17.32
2011-02-01,17.34
2011-02-02,17.41
2011-02-03,17.57
2011-02-04,17.46
2011-02-05,17.23
2011-02-06,16.91
2011-02-07,16.84
2011-02-08,16.69
2011-02-09,16.54
2011-02-10,16.65
2011-02-11,16.64
2011-02-12,16.79
2011-02-13,17.05
2011-02-14,16.72
2011-02-15,16.51
2011-02-16,16.55
2011-02-17,16.75
2011-02-18,17.0
2011-02-19,17.05
2011-02-20,16.93
2011-02-21,16.89
2011-02-22,17.17
2011-02-23,17.19
2011-02-24,17.17
2011-02-25,16.82
2011-02-26,16.39
2011-02-27,16.77
2011-02-28,16.6
2011-03-01,16.89
2011-03-02,17.09
2011-03-03,17.08
2011-03-04,17.21
2011-03-05,17.57
2011-03-06,17.74
2011-03-07,17.19
2011-03-08,17.29
2011-03-09,17.19
2011-03-10,17.13
2011-03-11,16.27
2011-03-12,16.35
2011-03-13,16.31
2011-03-14,16.56
2011-03-15,16.53
2011-03-16,16.92
2011-03-17,17.13
2011-03-18,17.22
2011-03-19,17.39
2011-03-20,17.61
2011-03-21,18.13
2011-03-22,17.84
2011-03-23,17.89
2011-03-24,17.59
2011-03-25,17.45
2011-03-26,17.09
2011-03-27,17.95
2011-03-28,18.28
2011-03-29,18.13
2011-03-30,18.52
2011-03-31,18.46
2011-04-01,18.56
2011-04-02,19.29
2011-04-03,19.27
2011-04-04,19.11
2011-04-05,18.42
2011-04-06,18.78
2011-04-07,18.6
2011-04-08,18.28
2011-04-09,18.86
2011-04-10,19.29
2011-04-11,19.2
2011-04-12,19.72
2011-04-13,19.06
2011-04-14,19.28
2011-04-15,19.97
2011-04-16,19.76
2011-04-17,20.71
2011-04-18,21.23
2011-04-19,20.88
2011-04-20,20.14
2011-04-21,19.81
2011-04-22,20.35
2011-04-23,20.26
2011-04-24,20.45
2011-04-25,20.28
2011-04-26,21.2
2011-04-27,20.98
2011-04-28,20.18
2011-04-29,20.76
2011-04-30,20.99
2011-05-01,21.32
2011-05-02,21.05
2011-05-03,21.38
2011-05-04,21.29
2011-05-05,21.13
2011-05-06,20.89
2011-05-07,20.76
2011-05-08,21.08
2011-05-09,20.78
2011-05-10,21.73
2011-05-11,22.2
2011-05-12,22.49
2011-05-13,22.25
2011-05-14,22.04
2011-05-15,21.49
2011-05-16,21.84
2011-05-17,21.31
2011-05-18,20.9
2011-05-19,21.94
2011-05-20,23.39
2011-05-21,22.75
2011-05-22,22.06
2011-05-23,23.26
2011-05-24,23.6
2011-05-25,23.13
2011-05-26,23.03
2011-05-27,23.87
2011-05-28,23.78
2011-05-29,23.68
2011-05-30,24.13
2011-05-31,23.63
2011-06-01,24.42
2011-06-02,24.07
2011-06-03,24.83
2011-06-04,25.31
2011-06-05,24.79
2011-06-06,24.47
2011-06-07,24.85
2011-06-08,25.34
2011-06-09,26.07
2011-06-10,25.72
2011-06-11,25.71
2011-06-12,25.4
2011-06-13,25.23
2011-06-14,25.44
2011-06-15,25.75
2011-06-16,25.81
2011-06-17,25.51
2011-06-18,24.94
2011-06-19,25.15
2011-06-20,25.53
2011-06-21,25.89
2011-06-22,26.89
2011-06-23,26.78
2011-06-24,26.71
2011-06-25,27.02
2011-06-26,26.26
2011-06-27,26.75
2011-06-28,27.4
2011-06-29,27.03
2011-06-30,26.6
2011-07-01,26.4
2011-07-02,26.52
2011-07-03,27.41
2011-07-04,27.73
2011-07-05,27.02
2011-07-06,27.81
2011-07-07,26.53
2011-07-08,27.41
2011-07-09,27.97
2011-07-10,27.62
2011-07-11,27.82
2011-07-12,27.13
2011-07-13,28.07
2011-07-14,28.53
2011-07-15,28.63
2011-07-16,28.68
2011-07-17,28.77
2011-07-18,28.82
2011-07-19,29.24
2011-07-20,29.09
2011-07-21,28.59
2011-07-22,29.38
2011-07-23,29.47
2011-07-24,28.94
2011-07-25,28.93
2011-07-26,28.71
2011-07-27,29.36
2011-07-28,28.94
2011-07-29,28.65
2011-07-30,29.38
2011-07-31,29.61
2011-08-01,29.64
2011-08-02,29.35
2011-08-03,29.89
2011-08-04,29.51
2011-08-05,29.47
2011-08-06,28.58
2011-08-07,29.43
2011-08-08,28.76
2011-08-09,29.22
2011-08-10,29.73
2011-08-11,29.54
2011-08-12,29.32
2011-08-13,28.64
2011-08-14,28.53
2011-08-15,28.18
2011-08-16,28.64
2011-08-17,28.87
2011-08-18,28.42
2011-08-19,29.17
2011-08-20,29.39
2011-08-21,29.28
2011-08-22,29.14
2011-08-23,29.32
2011-08-24,29.63
2011-08-25,29.63
2011-08-26,28.85
2011-08-27,29.23
2011-08-28,29.2
2011-08-29,28.81
2011-08-30,29.21
2011-08-31,29.09
2011-09-01,29.33
2011-09-02,28.93
2011-09-03,28.93
2011-09-04,29.18
2011-09-05,28.83
2011-09-06,29.55
2011-09-07,29.15
2011-09-08,28.99
2011-09-09,28.97
2011-09-10,28.78
2011-09-11,28.87
2011-09-12,28.58
2011-09-13,29.01
2011-09-14,28.83
2011-09-15,29.0
2011-09-16,28.39
2011-09-17,28.54
2011-09-18,29.28
2011-09-19,28.98
2011-09-20,28.95
2011-09-21,28.75
2011-09-22,28.49
2011-09-23,27.79
2011-09-24,28.48
2011-09-25,28.16
2011-09-26,27.81
2011-09-27,27.76
2011-09-28,28.12
2011-09-29,28.13
2011-09-30,27.96
2011-10-01,28.04
2011-10-02,27.63
2011-10-03,27.48
2011-10-04,27.51
2011-10-05,27.15
2011-10-06,26.8
2011-10-07,26.8
2011-10-08,26.67
2011-10-09,26.93
2011-10-10,27.59
2011-10-11,27.29
2011-10-12,26.3
2011-10-13,26.23
2011-10-14,26.01
2011-10-15,26.15
2011-10-16,25.55
2011-10-17,25.9
2011-10-18,25.67
2011-10-19,25.78
2011-10-20,25.66
2011-10-21,25.93
2011-10-22,25.47
2011-10-23,24.67
2011-10-24,24.55
2011-10-25,24.33
2011-10-26,24.69
2011-10-27,24.41
2011-10-28,24.44
2011-10-29,24.1
2011-10-30,23.86
2011-10-31,23.64
2011-11-01,23.8
2011-11-02,23.54
2011-11-03,23.29
2011-11-04,23.37
2011-11-05,23.4
2011-11-06,22.98
2011-11-07,22.79
2011-11-08,22.51
2011-11-09,22.51
2011-11-10,22.52
2011-11-11,22.75
2011-11-12,22.4
2011-11-13,22.18
2011-11-14,21.9
2011-11-15,21.81
2011-11-16,21.1
2011-11-17,20.88
2011-11-18,21.01
2011-11-19,20.77
2011-11-20,20.73
2011-11-21,20.61
2011-11-22,20.66
2011-11-23,20.4
2011-11-24,20.9
2011-11-25,20.53
2011-11-26,20.47
2011-11-27,20.09
2011-11-28,19.97
2011-11-29,19.92
2011-11-30,20.11
2011-12-01,20.0
2011-12-02,20.29
2011-12-03,20.48
2011-12-04,20.04
2011-12-05,19.54
2011-12-06,19.18
2011-12-07,18.96
2011-12-08,19.6
2011-12-09,19.11
2011-12-10,18.71
2011-12-11,18.94
2011-12-12,19.28
2011-12-13,19.31
2011-12-14,18.57
2011-12-15,18.77
2011-12-16,18.53
2011-12-17,18.74
2011-12-18,18.71
2011-12-19,18.41
2011-12-20,17.95
2011-12-21,18.35
2011-12-22,18.12
2011-12-23,18.78
2011-12-24,18.57
2011-12-25,18.32
2011-12-26,18.05
2011-12-27,17.29
2011-12-28,17.31
2011-12-29,17.58
2011-12-30,17.76
2011-12-31,17.05
2012-01-01,16.96
2012-01-02,16.88
2012-01-03,16.66
2012-01-04,17.04
2012-01-05,17.06
2012-01-06,17.03
2012-01-07,16.63
2012-01-08,16.43
2012-01-09,16.01
2012-01-10,16.22
2012-01-11,16.51
2012-01-12,16.2
2012-01-13,16.04
2012-01-14,15.89
2012-01-15,16.32
2012-01-16,16.2
2012-01-17,15.91
2012-01-18,16.08
2012-01-19,15.75
2012-01-20,15.9
2012-01-21,15.81
2012-01-22,15.36
2012-01-23,15.78
2012-01-24,15.69
2012-01-25,15.4
2012-01-26,14.99
2012-01-27,15.04
2012-01-28,15.25
2012-01-29,15.19
2012-01-30,14.78
2012-01-31,14.41
2012-02-01,14.61
2012-02-02,14.21
2012-02-03,14.6
2012-02-04,14.67
2012-02-05,14.82
2012-02-06,15.05
2012-02-07,14.57
2012-02-08,14.66
2012-02-09,14.64
2012-02-10,15.18
2012-02-11,14.86
2012-02-12,15.23
2012-02-13,15.83
2012-02-14,15.59
2012-02-15,15.62
2012-02-16,15.61
2012-02-17,14.71
2012-02-18,14.7
2012-02-19,15.03
2012-02-20,14.84
2012-02-21,15.06
2012-02-22,14.98
2012-02-23,14.87
2012-02-24,14.83
2012-02-25,14.75
2012-02-26,15.29
2012-02-27,15.68
2012-02-28,15.49
2012-02-29,15.08
2012-03-01,14.73
2012-03-02,14.5
2012-03-03,14.45
2012-03-04,14.34
2012-03-05,14.67
2012-03-06,15.17
2012-03-07,15.68
2012-03-08,15.77
2012-03-09,15.75
2012-03-10,16.14
2012-03-11,16.2
2012-03-12,16.53
2012-03-13,15.78
2012-03-14,15.94
2012-03-15,16.32
2012-03-16,15.75
2012-03-17,15.95
2012-03-18,15.83
2012-03-19,15.73
2012-03-20,15.7
2012-03-21,15.65
2012-03-22,16.13
2012-03-23,16.29
2012-03-24,17.45
2012-03-25,17.13
2012-03-26,17.21
2012-03-27,17.2
2012-03-28,16.98
2012-03-29,17.33
2012-03-30,17.52
2012-03-31,17.21
2012-04-01,17.65
2012-04-02,16.71
2012-04-03,17.83
2012-04-04,18.67
2012-04-05,17.94
2012-04-06,18.79
2012-04-07,20.43
2012-04-08,20.03
2012-04-09,20.31
2012-04-10,19.95
2012-04-11,19.6
2012-04-12,18.89
2012-04-13,19.79
2012-04-14,19.36
2012-04-15,19.83
2012-04-16,20.13
2012-04-17,20.47
2012-04-18,20.21
2012-04-19,18.93
2012-04-20,20.02
2012-04-21,20.6
2012-04-22,20.77
2012-04-23,20.64
2012-04-24,20.72
2012-04-25,20.77
2012-04-26,21.1
2012-04-27,20.98
2012-04-28,21.58
2012-04-29,21.39
2012-04-30,21.84
2012-05-01,21.71
2012-05-02,20.28
2012-05-03,21.31
2012-05-04,21.81
2012-05-05,22.09
2012-05-06,22.17
2012-05-07,22.13
2012-05-08,22.5
2012-05-09,23.09
2012-05-10,23.36
2012-05-11,23.94
2012-05-12,23.9
2012-05-13,23.74
2012-05-14,23.2
2012-05-15,23.69
2012-05-16,24.24
2012-05-17,24.39
2012-05-18,24.18
2012-05-19,23.83
2012-05-20,23.34
2012-05-21,23.68
2012-05-22,23.88
2012-05-23,24.04
2012-05-24,24.39
2012-05-25,23.6
2012-05-26,24.26
2012-05-27,24.2
2012-05-28,24.16
2012-05-29,24.21
2012-05-30,24.26
2012-05-31,25.63
2012-06-01,25.66
2012-06-02,25.39
2012-06-03,25.3
2012-06-04,25.46
2012-06-05,25.84
2012-06-06,26.38
2012-06-07,26.6
2012-06-08,26.34
2012-06-09,26.45
2012-06-10,27.19
2012-06-11,27.28
2012-06-12,27.26
2012-06-13,27.18
2012-06-14,26.99
2012-06-15,26.69
2012-06-16,27.31
2012-06-17,27.73
2012-06-18,27.08
2012-06-19,27.21
2012-06-20,27.27
2012-06-21,27.94
2012-06-22,27.57
2012-06-23,27.45
2012-06-24,27.7
2012-06-25,28.39
2012-06-26,28.38
2012-06-27,28.11
2012-06-28,29.03
2012-06-29,28.52
2012-06-30,27.46
2012-07-01,28.08
2012-07-02,28.62
2012-07-03,29.1
2012-07-04,29.48
2012-07-05,29.55
2012-07-06,29.56
2012-07-07,29.33
2012-07-08,29.27
2012-07-09,29.52
2012-07-10,29.15
2012-07-11,29.17
2012-07-12,30.06
2012-07-13,29.89
2012-07-14,30.24
2012-07-15,30.41
2012-07-16,30.13
2012-07-17,30.09
2012-07-18,31.02
2012-07-19,30.85
2012-07-20,30.09
2012-07-21,30.02
2012-07-22,29.58
2012-07-23,29.64
2012-07-24,30.07
2012-07-25,30.06
2012-07-26,29.99
2012-07-27,29.7
2012-07-28,29.6
2012-07-29,30.5
2012-07-30,30.26
2012-07-31,30.61
2012-08-01,30.32
2012-08-02,30.62
2012-08-03,30.73
2012-08-04,30.53
2012-08-05,30.26
2012-08-06,30.28
2012-08-07,30.71
2012-08-08,30.59
2012-08-09,30.57
2012-08-10,30.64
2012-08-11,30.74
2012-08-12,30.84
2012-08-13,30.77
2012-08-14,30.76
2012-08-15,30.09
2012-08-16,30.0
2012-08-17,30.68
2012-08-18,30.65
2012-08-19,30.71
2012-08-20,30.64
2012-08-21,31.17
2012-08-22,31.05
2012-08-23,30.74
2012-08-24,30.77
2012-08-25,30.96
2012-08-26,31.26
2012-08-27,30.79
2012-08-28,30.59
2012-08-29,30.81
2012-08-30,30.17
2012-08-31,30.22
2012-09-01,30.26
2012-09-02,29.86
2012-09-03,30.0
2012-09-04,30.0
2012-09-05,30.06
2012-09-06,29.7
2012-09-07,29.56
2012-09-08,29.69
2012-09-09,29.3
2012-09-10,29.02
2012-09-11,28.8
2012-09-12,28.71
2012-09-13,28.79
2012-09-14,28.58
2012-09-15,28.63
2012-09-16,28.57
2012-09-17,28.83
2012-09-18,28.78
2012-09-19,29.14
2012-09-20,28.61
2012-09-21,28.35
2012-09-22,28.34
2012-09-23,28.33
2012-09-24,28.37
2012-09-25,28.27
2012-09-26,27.99
2012-09-27,28.17
2012-09-28,28.26
2012-09-29,27.97
2012-09-30,27.89
2012-10-01,27.54
2012-10-02,27.0
2012-10-03,27.72
2012-10-04,27.68
2012-10-05,27.59
2012-10-06,27.51
2012-10-07,27.14
2012-10-08,27.22
2012-10-09,26.81
2012-10-10,26.98
2012-10-11,26.88
2012-10-12,27.28
2012-10-13,26.97
2012-10-14,26.9
2012-10-15,26.97
2012-10-16,26.89
2012-10-17,26.85
2012-10-18,26.66
2012-10-19,26.59
2012-10-20,26.54
2012-10-21,26.77
2012-10-22,26.68
2012-10-23,26.7
2012-10-24,26.69
2012-10-25,25.94
2012-10-26,26.27
2012-10-27,26.0
2012-10-28,25.72
2012-10-29,25.88
2012-10-30,25.59
2012-10-31,25.53
2012-11-01,25.34
2012-11-02,25.8
2012-11-03,25.77
2012-11-04,25.66
2012-11-05,25.72
2012-11-06,25.58
2012-11-07,25.66
2012-11-08,25.16
2012-11-09,25.16
2012-11-10,24.26
2012-11-11,24.0
2012-11-12,23.51
2012-11-13,23.29
2012-11-14,23.49
2012-11-15,23.2
2012-11-16,23.04
2012-11-17,22.62
2012-11-18,22.59
2012-11-19,22.38
2012-11-20,22.43
2012-11-21,23.07
2012-11-22,22.84
2012-11-23,22.7
2012-11-24,21.96
2012-11-25,22.18
2012-11-26,22.15
2012-11-27,21.92
2012-11-28,21.63
2012-11-29,21.82
2012-11-30,22.23
2012-12-01,21.89
2012-12-02,21.6
2012-12-03,21.46
2012-12-04,21.54
2012-12-05,21.48
2012-12-06,21.28
2012-12-07,21.28
2012-12-08,20.55
2012-12-09,20.7
2012-12-10,20.76
2012-12-11,20.4
2012-12-12,19.89
2012-12-13,20.09
2012-12-14,20.03
2012-12-15,19.64
2012-12-16,19.44
2012-12-17,19.22
2012-12-18,19.02
2012-12-19,19.27
2012-12-20,19.13
2012-12-21,19.19
2012-12-22,18.31
2012-12-23,18.64
2012-12-24,18.49
2012-12-25,18.08
2012-12-26,17.76
2012-12-27,18.11
2012-12-28,18.56
2012-12-29,19.0
2012-12-30,18.44
2012-12-31,18.2
2013-01-01,18.01
2013-01-02,17.33
2013-01-03,18.19
2013-01-04,17.87
2013-01-05,17.89
2013-01-06,18.24
2013-01-07,18.29
2013-01-08,17.78
2013-01-09,17.61
2013-01-10,17.27
2013-01-11,17.21
2013-01-12,18.16
2013-01-13,17.42
2013-01-14,17.3
2013-01-15,16.8
2013-01-16,17.1
2013-01-17,16.83
2013-01-18,18.31
2013-01-19,16.74
2013-01-20,16.18
2013-01-21,17.24
2013-01-22,17.18
2013-01-23,16.99
2013-01-24,16.53
2013-01-25,16.47
2013-01-26,17.12
2013-01-27,16.24
2013-01-28,16.3
2013-01-29,16.74
2013-01-30,16.69
2013-01-31,16.41
2013-02-01,16.64
2013-02-02,16.07
2013-02-03,15.39
2013-02-04,16.64
2013-02-05,16.54
2013-02-06,16.07
2013-02-07,15.83
2013-02-08,16.54
2013-02-09,16.66
2013-02-10,16.73
2013-02-11,17.17
2013-02-12,16.84
2013-02-13,16.52
2013-02-14,16.45
2013-02-15,16.34
2013-02-16,16.17
2013-02-17,16.39
2013-02-18,16.8
2013-02-19,16.54
2013-02-20,16.17
2013-02-21,16.82
2013-02-22,16.88
2013-02-23,16.82
2013-02-24,16.98
2013-02-25,17.11
2013-02-26,17.39
2013-02-27,17.88
2013-02-28,17.72
2013-03-01,17.55
2013-03-02,17.0
2013-03-03,17.16
2013-03-04,17.32
2013-03-05,17.23
2013-03-06,17.22
2013-03-07,17.26
2013-03-08,17.14
2013-03-09,17.16
2013-03-10,17.55
2013-03-11,17.95
2013-03-12,18.95
2013-03-13,18.69
2013-03-14,18.56
2013-03-15,19.46
2013-03-16,18.5
2013-03-17,17.9
2013-03-18,18.19
2013-03-19,18.0
2013-03-20,16.56
2013-03-21,18.32
2013-03-22,18.0
2013-03-23,18.44
2013-03-24,18.22
2013-03-25,18.31
2013-03-26,18.7
2013-03-27,18.78
2013-03-28,18.77
2013-03-29,18.95
2013-03-30,18.97
2013-03-31,19.81
2013-04-01,19.93
2013-04-02,19.69
2013-04-03,19.65
2013-04-04,19.42
2013-04-05,19.55
2013-04-06,19.87
2013-04-07,19.59
2013-04-08,19.37
2013-04-09,19.7
2013-04-10,19.85
2013-04-11,19.84
2013-04-12,19.79
2013-04-13,19.79
2013-04-14,20.26
2013-04-15,20.69
2013-04-16,20.49
2013-04-17,20.07
2013-04-18,19.79
2013-04-19,19.33
2013-04-20,19.47
2013-04-21,19.3
2013-04-22,19.1
2013-04-23,18.75
2013-04-24,19.32
2013-04-25,19.82
2013-04-26,20.17
2013-04-27,20.76
2013-04-28,20.61
2013-04-29,21.18
2013-04-30,21.59
2013-05-01,21.82
2013-05-02,21.79
2013-05-03,21.64
2013-05-04,22.15
2013-05-05,22.97
2013-05-06,23.22
2013-05-07,23.51
2013-05-08,23.34
2013-05-09,23.58
2013-05-10,23.85
2013-05-11,23.34
2013-05-12,22.86
2013-05-13,23.15
2013-05-14,23.77
2013-05-15,23.61
2013-05-16,23.26
2013-05-17,23.09
2013-05-18,23.54
2013-05-19,23.8
2013-05-20,24.18
2013-05-21,24.58
2013-05-22,24.27
2013-05-23,24.14
2013-05-24,23.93
2013-05-25,23.89
2013-05-26,24.35
2013-05-27,24.84
2013-05-28,25.18
2013-05-29,25.52
2013-05-30,25.68
2013-05-31,25.48
2013-06-01,25.11
2013-06-02,25.26
2013-06-03,24.99
2013-06-04,25.2
2013-06-05,25.87
2013-06-06,26.54
2013-06-07,26.41
2013-06-08,25.93
2013-06-09,25.86
2013-06-10,26.03
2013-06-11,26.19
2013-06-12,26.03
2013-06-13,26.07
2013-06-14,26.54
2013-06-15,25.75
2013-06-16,26.18
2013-06-17,26.21
2013-06-18,27.0
2013-06-19,26.94
2013-06-20,27.33
2013-06-21,27.33
2013-06-22,27.15
2013-06-23,27.15
2013-06-24,27.43
2013-06-25,27.69
2013-06-26,27.72
2013-06-27,27.28
2013-06-28,27.25
2013-06-29,27.04
2013-06-30,27.35
2013-07-01,27.2
2013-07-02,27.53
2013-07-03,27.55
2013-07-04,28.51
2013-07-05,28.28
2013-07-06,27.79
2013-07-07,27.78
2013-07-08,27.63
2013-07-09,27.39
2013-07-10,27.15
2013-07-11,27.42
2013-07-12,27.29
2013-07-13,27.45
2013-07-14,27.66
2013-07-15,27.79
2013-07-16,27.78
2013-07-17,28.07
2013-07-18,28.51
2013-07-19,27.87
2013-07-20,28.14
2013-07-21,28.65
2013-07-22,28.26
2013-07-23,28.6
2013-07-24,27.98
2013-07-25,28.1
2013-07-26,28.53
2013-07-27,28.81
2013-07-28,28.83
2013-07-29,29.13
2013-07-30,29.11
2013-07-31,28.94
2013-08-01,28.93
2013-08-02,29.51
2013-08-03,29.15
2013-08-04,28.78
2013-08-05,28.5
2013-08-06,29.33
2013-08-07,29.42
2013-08-08,29.65
2013-08-09,29.31
2013-08-10,29.72
2013-08-11,29.68
2013-08-12,29.6
2013-08-13,29.42
2013-08-14,29.65
2013-08-15,29.93
2013-08-16,29.63
2013-08-17,30.03
2013-08-18,30.82
2013-08-19,30.0
2013-08-20,29.42
2013-08-21,30.06
2013-08-22,29.84
2013-08-23,30.33
2013-08-24,29.9
2013-08-25,29.48
2013-08-26,29.72
2013-08-27,29.3
2013-08-28,29.76
2013-08-29,30.0
2013-08-30,29.89
2013-08-31,30.0
2013-09-01,29.17
2013-09-02,28.79
2013-09-03,28.9
2013-09-04,28.79
2013-09-05,28.61
2013-09-06,28.5
2013-09-07,28.66
2013-09-08,28.32
2013-09-09,28.84
2013-09-10,28.81
2013-09-11,28.86
2013-09-12,28.59
2013-09-13,28.71
2013-09-14,28.97
2013-09-15,29.15
2013-09-16,28.71
2013-09-17,28.19
2013-09-18,28.32
2013-09-19,28.18
2013-09-20,28.5
2013-09-21,27.78
2013-09-22,27.71
2013-09-23,27.61
2013-09-24,27.46
2013-09-25,27.34
2013-09-26,27.17
2013-09-27,26.91
2013-09-28,26.89
2013-09-29,26.88
2013-09-30,26.96
2013-10-01,27.1
2013-10-02,26.86
2013-10-03,26.76
2013-10-04,26.56
2013-10-05,26.5
2013-10-06,26.16
2013-10-07,25.91
2013-10-08,24.99
2013-10-09,24.44
2013-10-10,24.76
2013-10-11,24.48
2013-10-12,24.65
2013-10-13,24.71
2013-10-14,24.77
2013-10-15,24.94
2013-10-16,24.93
2013-10-17,24.46
2013-10-18,24.79
2013-10-19,24.51
2013-10-20,24.5
2013-10-21,24.42
2013-10-22,24.13
2013-10-23,23.87
2013-10-24,24.05
2013-10-25,24.12
2013-10-26,23.81
2013-10-27,23.59
2013-10-28,23.56
2013-10-29,23.41
2013-10-30,23.15
2013-10-31,22.91
2013-11-01,23.11
2013-11-02,23.11
2013-11-03,23.54
2013-11-04,23.36
2013-11-05,23.34
2013-11-06,23.26
2013-11-07,23.52
2013-11-08,23.14
2013-11-09,22.91
2013-11-10,22.53
2013-11-11,22.7
2013-11-12,23.07
2013-11-13,23.23
2013-11-14,23.06
2013-11-15,22.89
2013-11-16,22.38
2013-11-17,22.42
2013-11-18,22.56
2013-11-19,22.44
2013-11-20,22.09
2013-11-21,22.05
2013-11-22,22.14
2013-11-23,22.43
2013-11-24,22.2
2013-11-25,22.05
2013-11-26,22.32
2013-11-27,22.73
2013-11-28,22.07
2013-11-29,21.76
2013-11-30,21.41
2013-12-01,21.58
2013-12-02,21.85
2013-12-03,21.69
2013-12-04,21.82
2013-12-05,21.37
2013-12-06,20.8
2013-12-07,20.83
2013-12-08,20.69
2013-12-09,20.31
2013-12-10,20.02
2013-12-11,19.93
2013-12-12,19.99
2013-12-13,19.41
2013-12-14,19.0
2013-12-15,18.95
2013-12-16,18.99
2013-12-17,18.71
2013-12-18,18.29
2013-12-19,17.81
2013-12-20,17.77
2013-12-21,17.91
2013-12-22,18.23
2013-12-23,17.8
2013-12-24,17.62
2013-12-25,17.89
2013-12-26,17.98
2013-12-27,17.72
2013-12-28,17.61
2013-12-29,17.3
2013-12-30,17.35
2013-12-31,17.09
2014-01-01,17.88
2014-01-02,17.78
2014-01-03,17.61
2014-01-04,17.26
2014-01-05,17.28
2014-01-06,16.94
2014-01-07,17.34
2014-01-08,16.97
2014-01-09,17.16
2014-01-10,17.42
2014-01-11,17.24
2014-01-12,17.19
2014-01-13,17.15
2014-01-14,17.47
2014-01-15,17.26
2014-01-16,17.3
2014-01-17,17.08
2014-01-18,17.64
2014-01-19,17.72
2014-01-20,17.75
2014-01-21,17.76
2014-01-22,17.92
2014-01-23,17.67
2014-01-24,17.62
2014-01-25,17.91
2014-01-26,17.75
2014-01-27,17.59
2014-01-28,17.17
2014-01-29,17.11
2014-01-30,17.1
2014-01-31,17.32
2014-02-01,17.13
2014-02-02,16.96
2014-02-03,16.77
2014-02-04,16.98
2014-02-05,16.91
2014-02-06,16.53
2014-02-07,16.86
2014-02-08,17.0
2014-02-09,16.91
2014-02-10,17.07
2014-02-11,17.07
2014-02-12,17.29
2014-02-13,17.56
2014-02-14,17.35
2014-02-15,16.87
2014-02-16,16.98
2014-02-17,17.18
2014-02-18,17.15
2014-02-19,17.64
2014-02-20,17.58
2014-02-21,17.21
2014-02-22,18.12
2014-02-23,17.22
2014-02-24,17.53
2014-02-25,17.95
2014-02-26,17.83
2014-02-27,17.78
2014-02-28,17.85
2014-03-01,17.92
2014-03-02,18.13
2014-03-03,17.62
2014-03-04,17.57
2014-03-05,17.64
2014-03-06,17.74
2014-03-07,17.98
2014-03-08,18.15
2014-03-09,18.31
2014-03-10,18.4
2014-03-11,18.52
2014-03-12,18.29
2014-03-13,17.98
2014-03-14,17.53
2014-03-15,17.34
2014-03-16,17.39
2014-03-17,17.6
2014-03-18,17.65
2014-03-19,17.5
2014-03-20,18.0
2014-03-21,18.4
2014-03-22,18.81
2014-03-23,18.77
2014-03-24,18.49
2014-03-25,18.8
2014-03-26,18.86
2014-03-27,19.47
2014-03-28,19.83
2014-03-29,19.84
2014-03-30,19.37
2014-03-31,19.52
2014-04-01,19.17
2014-04-02,18.82
2014-04-03,18.6
2014-04-04,19.26
2014-04-05,19.56
2014-04-06,20.02
2014-04-07,20.25
2014-04-08,20.28
2014-04-09,20.24
2014-04-10,20.4
2014-04-11,20.73
2014-04-12,20.68
2014-04-13,20.68
2014-04-14,20.9
2014-04-15,20.58
2014-04-16,20.86
2014-04-17,21.11
2014-04-18,21.6
2014-04-19,21.48
2014-04-20,20.86
2014-04-21,21.01
2014-04-22,21.56
2014-04-23,21.44
2014-04-24,21.92
2014-04-25,21.98
2014-04-26,21.94
2014-04-27,22.27
2014-04-28,22.53
2014-04-29,22.57
2014-04-30,22.95
2014-05-01,23.39
2014-05-02,23.14
2014-05-03,23.46
2014-05-04,23.44
2014-05-05,23.51
2014-05-06,22.43
2014-05-07,22.29
2014-05-08,23.08
2014-05-09,23.21
2014-05-10,23.2
2014-05-11,23.32
2014-05-12,23.03
2014-05-13,23.26
2014-05-14,23.78
2014-05-15,23.91
2014-05-16,23.73
2014-05-17,23.93
2014-05-18,24.42
2014-05-19,23.72
2014-05-20,23.73
2014-05-21,23.73
2014-05-22,23.96
2014-05-23,24.03
2014-05-24,24.23
2014-05-25,23.99
2014-05-26,24.82
2014-05-27,24.89
2014-05-28,25.18
2014-05-29,25.05
2014-05-30,24.91
2014-05-31,24.9
2014-06-01,25.11
2014-06-02,25.22
2014-06-03,24.87
2014-06-04,24.81
2014-06-05,24.58
2014-06-06,24.52
2014-06-07,24.61
2014-06-08,24.71
2014-06-09,25.17
2014-06-10,25.88
2014-06-11,25.79
2014-06-12,26.16
2014-06-13,25.91
2014-06-14,26.19
2014-06-15,26.98
2014-06-16,26.95
2014-06-17,27.42
2014-06-18,27.33
2014-06-19,27.22
2014-06-20,27.02
2014-06-21,26.96
2014-06-22,26.78
2014-06-23,26.78
2014-06-24,27.01
2014-06-25,27.35
2014-06-26,27.28
2014-06-27,27.67
2014-06-28,27.55
2014-06-29,27.77
2014-06-30,27.5
2014-07-01,27.88
2014-07-02,28.53
2014-07-03,29.19
2014-07-04,28.72
2014-07-05,28.7
2014-07-06,28.81
2014-07-07,28.85
2014-07-08,29.21
2014-07-09,28.97
2014-07-10,28.79
2014-07-11,28.52
2014-07-12,28.37
2014-07-13,28.34
2014-07-14,28.76
2014-07-15,28.89
2014-07-16,28.77
2014-07-17,28.52
2014-07-18,28.26
2014-07-19,28.23
2014-07-20,28.43
2014-07-21,28.59
2014-07-22,28.22
2014-07-23,28.95
2014-07-24,29.08
2014-07-25,28.71
2014-07-26,29.17
2014-07-27,28.85
2014-07-28,28.92
2014-07-29,28.95
2014-07-30,29.18
2014-07-31,28.96
2014-08-01,28.93
2014-08-02,29.06
2014-08-03,28.97
2014-08-04,28.9
2014-08-05,29.15
2014-08-06,29.49
2014-08-07,29.17
2014-08-08,29.31
2014-08-09,29.02
2014-08-10,29.0
2014-08-11,29.06
2014-08-12,29.52
2014-08-13,29.63
2014-08-14,29.39
2014-08-15,30.06
2014-08-16,30.15
2014-08-17,29.52
2014-08-18,29.08
2014-08-19,29.16
2014-08-20,29.85
2014-08-21,29.61
2014-08-22,29.97
2014-08-23,29.72
2014-08-24,29.69
2014-08-25,30.05
2014-08-26,30.53
2014-08-27,30.24
2014-08-28,29.8
2014-08-29,29.9
2014-08-30,30.13
2014-08-31,29.83
2014-09-01,29.62
2014-09-02,29.54
2014-09-03,29.61
2014-09-04,29.41
2014-09-05,29.47
2014-09-06,29.32
2014-09-07,29.3
2014-09-08,29.14
2014-09-09,29.28
2014-09-10,29.0
2014-09-11,28.94
2014-09-12,28.93
2014-09-13,29.15
2014-09-14,28.83
2014-09-15,28.75
2014-09-16,28.67
2014-09-17,28.74
2014-09-18,28.21
2014-09-19,28.43
2014-09-20,28.34
2014-09-21,28.16
2014-09-22,28.09
2014-09-23,28.12
2014-09-24,28.01
2014-09-25,28.38
2014-09-26,28.41
2014-09-27,27.97
2014-09-28,27.91
2014-09-29,27.57
2014-09-30,27.06
2014-10-01,27.08
2014-10-02,26.94
2014-10-03,26.68
2014-10-04,26.54
2014-10-05,26.47
2014-10-06,26.67
2014-10-07,26.72
2014-10-08,26.87
2014-10-09,26.99
2014-10-10,26.54
2014-10-11,26.88
2014-10-12,26.55
2014-10-13,26.01
2014-10-14,26.25
2014-10-15,26.1
2014-10-16,25.59
2014-10-17,26.21
2014-10-18,25.88
2014-10-19,25.76
2014-10-20,25.63
2014-10-21,25.26
2014-10-22,25.14
2014-10-23,24.81
2014-10-24,24.67
2014-10-25,25.14
2014-10-26,25.08
2014-10-27,25.18
2014-10-28,24.75
2014-10-29,24.54
2014-10-30,24.4
2014-10-31,24.81
2014-11-01,24.24
2014-11-02,24.01
2014-11-03,23.7
2014-11-04,23.69
2014-11-05,23.15
2014-11-06,23.06
2014-11-07,23.3
2014-11-08,22.92
2014-11-09,23.56
2014-11-10,23.01
2014-11-11,22.97
2014-11-12,22.72
2014-11-13,22.77
2014-11-14,22.61
2014-11-15,22.47
2014-11-16,22.25
2014-11-17,22.39
2014-11-18,22.34
2014-11-19,22.17
2014-11-20,22.38
2014-11-21,22.11
2014-11-22,21.94
2014-11-23,21.78
2014-11-24,21.62
2014-11-25,21.51
2014-11-26,21.5
2014-11-27,20.87
2014-11-28,20.34
2014-11-29,20.38
2014-11-30,20.68
2014-12-01,20.62
2014-12-02,20.46
2014-12-03,20.2
2014-12-04,20.61
2014-12-05,20.45
2014-12-06,20.85
2014-12-07,20.61
2014-12-08,20.41
2014-12-09,20.36
2014-12-10,19.65
2014-12-11,20.04
2014-12-12,20.31
2014-12-13,19.8
2014-12-14,19.6
2014-12-15,19.4
2014-12-16,19.08
2014-12-17,18.9
2014-12-18,18.93
2014-12-19,19.05
2014-12-20,19.1
2014-12-21,19.03
2014-12-22,18.74
2014-12-23,18.62
2014-12-24,18.6
2014-12-25,18.6
2014-12-26,18.32
2014-12-27,19.04
2014-12-28,18.97
2014-12-29,18.68
2014-12-30,17.79
2014-12-31,17.93
2015-01-01,18.3
2015-01-02,17.88
2015-01-03,18.29
2015-01-04,17.85
2015-01-05,18.01
2015-01-06,17.96
2015-01-07,17.79
2015-01-08,17.75
2015-01-09,17.21
2015-01-10,17.12
2015-01-11,17.15
2015-01-12,17.16
2015-01-13,16.69
2015-01-14,16.5
2015-01-15,16.17
2015-01-16,16.17
2015-01-17,16.54
2015-01-18,16.69
2015-01-19,16.59
2015-01-20,16.79
2015-01-21,16.59
2015-01-22,16.48
2015-01-23,16.46
2015-01-24,16.21
2015-01-25,16.41
2015-01-26,16.77
2015-01-27,17.03
2015-01-28,16.81
2015-01-29,16.42
2015-01-30,16.15
2015-01-31,16.39
2015-02-01,17.01
2015-02-02,17.15
2015-02-03,17.16
2015-02-04,16.49
2015-02-05,17.03
2015-02-06,17.09
2015-02-07,16.98
2015-02-08,16.86
2015-02-09,16.87
2015-02-10,16.54
2015-02-11,16.47
2015-02-12,15.17
2015-02-13,15.05
2015-02-14,14.85
2015-02-15,14.98
2015-02-16,14.77
2015-02-17,15.01
2015-02-18,15.45
2015-02-19,15.32
2015-02-20,14.95
2015-02-21,14.8
2015-02-22,14.68
2015-02-23,14.8
2015-02-24,14.66
2015-02-25,14.52
2015-02-26,15.2
2015-02-27,15.48
2015-02-28,16.01
2015-03-01,16.02
2015-03-02,16.48
2015-03-03,16.35
2015-03-04,16.68
2015-03-05,16.99
2015-03-06,17.43
2015-03-07,17.75
2015-03-08,18.11
2015-03-09,18.2
2015-03-10,18.18
2015-03-11,17.76
2015-03-12,17.84
2015-03-13,18.21
2015-03-14,18.29
2015-03-15,17.79
2015-03-16,18.1
2015-03-17,18.15
2015-03-18,18.25
2015-03-19,18.05
2015-03-20,18.06
2015-03-21,18.26
2015-03-22,17.9
2015-03-23,17.03
2015-03-24,17.5
2015-03-25,18.09
2015-03-26,18.1
2015-03-27,18.31
2015-03-28,18.55
2015-03-29,18.5
2015-03-30,18.7
2015-03-31,18.59
2015-04-01,18.41
2015-04-02,18.64
2015-04-03,18.94
2015-04-04,19.36
2015-04-05,19.62
2015-04-06,20.03
2015-04-07,19.52
2015-04-08,19.61
2015-04-09,19.5
2015-04-10,19.72
2015-04-11,19.06
2015-04-12,18.69
2015-04-13,18.13
2015-04-14,17.95
2015-04-15,18.44
2015-04-16,18.54
2015-04-17,18.43
2015-04-18,19.27
2015-04-19,19.94
2015-04-20,19.78
2015-04-21,19.86
2015-04-22,19.75
2015-04-23,19.56
2015-04-24,19.14
2015-04-25,19.24
2015-04-26,19.44
2015-04-27,19.77
2015-04-28,20.41
2015-04-29,21.08
2015-04-30,21.14
2015-05-01,21.09
2015-05-02,21.01
2015-05-03,21.09
2015-05-04,21.16
2015-05-05,21.54
2015-05-06,21.92
2015-05-07,22.51
2015-05-08,22.49
2015-05-09,22.56
2015-05-10,22.38
2015-05-11,22.66
2015-05-12,22.49
2015-05-13,21.95
2015-05-14,22.7
2015-05-15,22.67
2015-05-16,23.42
2015-05-17,23.99
2015-05-18,23.9
2015-05-19,23.89
2015-05-20,24.22
2015-05-21,24.09
2015-05-22,23.72
2015-05-23,23.9
2015-05-24,24.23
2015-05-25,25.21
2015-05-26,24.96
2015-05-27,24.74
2015-05-28,24.13
2015-05-29,24.49
2015-05-30,24.95
2015-05-31,24.29
2015-06-01,24.91
2015-06-02,24.81
2015-06-03,24.99
2015-06-04,25.21
2015-06-05,25.14
2015-06-06,25.05
2015-06-07,24.84
2015-06-08,24.98
2015-06-09,24.95
2015-06-10,24.88
2015-06-11,25.1
2015-06-12,25.32
2015-06-13,25.96
2015-06-14,25.85
2015-06-15,26.56
2015-06-16,26.63
2015-06-17,26.93
2015-06-18,26.74
2015-06-19,26.82
2015-06-20,26.59
2015-06-21,26.6
2015-06-22,27.23
2015-06-23,26.73
2015-06-24,27.13
2015-06-25,26.53
2015-06-26,26.75
2015-06-27,26.43
2015-06-28,26.31
2015-06-29,26.45
2015-06-30,26.15
2015-07-01,26.79
2015-07-02,26.46
2015-07-03,26.54
2015-07-04,26.46
2015-07-05,26.78
2015-07-06,26.79
2015-07-07,26.82
2015-07-08,26.87
2015-07-09,26.93
2015-07-10,26.97
2015-07-11,27.68
2015-07-12,27.82
2015-07-13,27.73
2015-07-14,27.06
2015-07-15,27.57
2015-07-16,28.51
2015-07-17,28.75
2015-07-18,29.11
2015-07-19,28.53
2015-07-20,28.63
2015-07-21,28.99
2015-07-22,28.96
2015-07-23,28.88
2015-07-24,29.67
2015-07-25,29.07
2015-07-26,28.9
2015-07-27,29.69
2015-07-28,29.51
2015-07-29,29.84
2015-07-30,30.48
2015-07-31,30.17
2015-08-01,29.94
2015-08-02,30.05
2015-08-03,30.49
2015-08-04,30.52
2015-08-05,30.32
2015-08-06,30.06
2015-08-07,30.67
2015-08-08,31.39
2015-08-09,31.16
2015-08-10,30.8
2015-08-11,31.09
2015-08-12,31.48
2015-08-13,31.33
2015-08-14,31.61
2015-08-15,31.35
2015-08-16,31.39
2015-08-17,31.4
2015-08-18,30.72
2015-08-19,29.53
2015-08-20,30.87
2015-08-21,30.57
2015-08-22,30.67
2015-08-23,30.63
2015-08-24,30.44
2015-08-25,30.18
2015-08-26,29.69
2015-08-27,30.24
2015-08-28,30.52
2015-08-29,30.48
2015-08-30,30.55
2015-08-31,30.23
2015-09-01,30.14
2015-09-02,30.24
2015-09-03,30.14
2015-09-04,29.98
2015-09-05,29.71
2015-09-06,29.76
2015-09-07,29.68
2015-09-08,29.46
2015-09-09,29.4
2015-09-10,29.45
2015-09-11,29.44
2015-09-12,29.46
2015-09-13,29.41
2015-09-14,29.35
2015-09-15,29.22
2015-09-16,29.61
2015-09-17,29.81
2015-09-18,29.51
2015-09-19,29.62
2015-09-20,29.32
2015-09-21,29.5
2015-09-22,29.53
2015-09-23,29.2
2015-09-24,28.8
2015-09-25,28.78
2015-09-26,28.97
2015-09-27,29.15
2015-09-28,28.75
2015-09-29,28.78
2015-09-30,28.77
2015-10-01,28.17
2015-10-02,27.92
2015-10-03,28.52
2015-10-04,28.63
2015-10-05,28.29
2015-10-06,28.05
2015-10-07,27.87
2015-10-08,27.5
2015-10-09,27.66
2015-10-10,27.08
2015-10-11,27.16
2015-10-12,26.81
2015-10-13,27.21
2015-10-14,26.97
2015-10-15,27.06
2015-10-16,27.15
2015-10-17,27.06
2015-10-18,26.58
2015-10-19,26.39
2015-10-20,26.41
2015-10-21,26.52
2015-10-22,26.9
2015-10-23,26.9
2015-10-24,26.83
2015-10-25,26.25
2015-10-26,25.86
2015-10-27,25.89
2015-10-28,25.53
2015-10-29,25.32
2015-10-30,24.55
2015-10-31,24.49
2015-11-01,24.34
2015-11-02,24.68
2015-11-03,24.42
2015-11-04,24.09
2015-11-05,23.82
2015-11-06,23.47
2015-11-07,23.51
2015-11-08,23.57
2015-11-09,23.17
2015-11-10,22.98
2015-11-11,23.19
2015-11-12,23.16
2015-11-13,22.81
2015-11-14,22.83
2015-11-15,23.09
2015-11-16,22.55
2015-11-17,22.23
2015-11-18,22.17
2015-11-19,21.85
2015-11-20,22.07
2015-11-21,22.43
2015-11-22,22.15
2015-11-23,22.01
2015-11-24,22.2
2015-11-25,22.07
2015-11-26,22.02
2015-11-27,21.47
2015-11-28,21.26
2015-11-29,21.53
2015-11-30,21.45
2015-12-01,21.4
2015-12-02,21.6
2015-12-03,21.63
2015-12-04,21.6
2015-12-05,20.88
2015-12-06,20.68
2015-12-07,20.88
2015-12-08,19.99
2015-12-09,19.7
2015-12-10,19.6
2015-12-11,19.45
2015-12-12,19.33
2015-12-13,19.47
2015-12-14,19.34
2015-12-15,19.7
2015-12-16,19.47
2015-12-17,19.12
2015-12-18,19.13
2015-12-19,18.74
2015-12-20,18.29
2015-12-21,18.82
2015-12-22,18.76
2015-12-23,18.84
2015-12-24,18.99
2015-12-25,19.04
2015-12-26,18.36
2015-12-27,18.38
2015-12-28,18.84
2015-12-29,19.0
2015-12-30,18.95
2015-12-31,18.24
2016-01-01,18.61
2016-01-02,18.02
2016-01-03,17.32
2016-01-04,16.99
2016-01-05,16.64
2016-01-06,16.78
2016-01-07,16.46
2016-01-08,16.65
2016-01-09,16.37
2016-01-10,17.42
2016-01-11,17.7
2016-01-12,17.5
2016-01-13,17.86
2016-01-14,17.54
2016-01-15,17.66
2016-01-16,17.38
2016-01-17,17.23
2016-01-18,17.25
2016-01-19,17.42
2016-01-20,16.64
2016-01-21,16.56
2016-01-22,16.76
2016-01-23,16.91
2016-01-24,17.04
2016-01-25,16.74
2016-01-26,15.85
2016-01-27,15.67
2016-01-28,15.56
2016-01-29,15.47
2016-01-30,15.12
2016-01-31,15.57
2016-02-01,15.82
2016-02-02,16.02
2016-02-03,15.87
2016-02-04,16.55
2016-02-05,16.75
2016-02-06,16.38
2016-02-07,16.18
2016-02-08,16.17
2016-02-09,16.15
2016-02-10,16.31
2016-02-11,16.37
2016-02-12,15.89
2016-02-13,16.25
2016-02-14,16.67
2016-02-15,17.11
2016-02-16,17.2
2016-02-17,17.01
2016-02-18,17.34
2016-02-19,18.26
2016-02-20,17.64
2016-02-21,17.51
2016-02-22,17.34
2016-02-23,17.17
2016-02-24,16.91
2016-02-25,17.65
2016-02-26,17.83
2016-02-27,17.83
2016-02-28,17.97
2016-02-29,18.06
2016-03-01,18.03
2016-03-02,18.37
2016-03-03,18.04
2016-03-04,17.79
2016-03-05,18.31
2016-03-06,18.15
2016-03-07,18.03
2016-03-08,18.07
2016-03-09,18.05
2016-03-10,18.3
2016-03-11,18.34
2016-03-12,18.42
2016-03-13,18.32
2016-03-14,17.03
2016-03-15,17.06
2016-03-16,17.67
2016-03-17,17.41
2016-03-18,18.25
2016-03-19,18.01
2016-03-20,17.46
2016-03-21,18.46
2016-03-22,18.29
2016-03-23,18.58
2016-03-24,18.59
2016-03-25,18.59
2016-03-26,18.53
2016-03-27,18.49
2016-03-28,18.5
2016-03-29,18.23
2016-03-30,18.16
2016-03-31,18.22
2016-04-01,18.39
2016-04-02,18.84
2016-04-03,18.99
2016-04-04,19.28
2016-04-05,19.48
2016-04-06,19.72
2016-04-07,20.15
2016-04-08,20.04
2016-04-09,20.14
2016-04-10,20.2
2016-04-11,20.3
2016-04-12,20.54
2016-04-13,19.99
2016-04-14,19.87
2016-04-15,20.7
2016-04-16,21.22
2016-04-17,21.66
2016-04-18,21.83
2016-04-19,21.95
2016-04-20,21.73
2016-04-21,22.15
2016-04-22,22.18
2016-04-23,22.41
2016-04-24,23.28
2016-04-25,22.44
2016-04-26,22.62
2016-04-27,21.87
2016-04-28,22.89
2016-04-29,22.67
2016-04-30,22.79
2016-05-01,22.66
2016-05-02,22.18
2016-05-03,22.24
2016-05-04,22.66
2016-05-05,21.91
2016-05-06,22.21
2016-05-07,22.28
2016-05-08,22.52
2016-05-09,22.46
2016-05-10,23.02
2016-05-11,22.75
2016-05-12,22.34
2016-05-13,22.99
2016-05-14,24.07
2016-05-15,24.47
2016-05-16,24.37
2016-05-17,23.65
2016-05-18,23.6
2016-05-19,24.73
2016-05-20,24.59
2016-05-21,24.16
2016-05-22,24.25
2016-05-23,24.12
2016-05-24,23.87
2016-05-25,24.03
2016-05-26,24.37
2016-05-27,23.75
2016-05-28,23.55
2016-05-29,23.53
2016-05-30,23.89
2016-05-31,24.19
2016-06-01,24.14
2016-06-02,24.53
2016-06-03,25.33
2016-06-04,25.43
2016-06-05,25.55
2016-06-06,26.62
2016-06-07,26.41
2016-06-08,26.44
2016-06-09,25.94
2016-06-10,26.93
2016-06-11,27.1
2016-06-12,26.01
2016-06-13,25.75
2016-06-14,26.37
2016-06-15,26.12
2016-06-16,26.61
2016-06-17,27.36
2016-06-18,26.97
2016-06-19,27.46
2016-06-20,27.5
2016-06-21,27.53
2016-06-22,27.83
2016-06-23,27.6
2016-06-24,27.54
2016-06-25,27.39
2016-06-26,28.2
2016-06-27,27.91
2016-06-28,27.88
2016-06-29,27.7
2016-06-30,28.34
2016-07-01,28.45
2016-07-02,28.3
2016-07-03,28.57
2016-07-04,28.59
2016-07-05,28.85
2016-07-06,28.9
2016-07-07,28.8
2016-07-08,29.38
2016-07-09,28.71
2016-07-10,28.78
2016-07-11,29.04
2016-07-12,29.39
2016-07-13,29.48
2016-07-14,29.59
2016-07-15,29.81
2016-07-16,30.05
2016-07-17,30.22
2016-07-18,29.91
2016-07-19,29.97
2016-07-20,29.44
2016-07-21,29.72
2016-07-22,29.93
2016-07-23,29.46
2016-07-24,28.59
2016-07-25,28.99
2016-07-26,29.36
2016-07-27,28.82
2016-07-28,28.87
2016-07-29,28.38
2016-07-30,28.99
2016-07-31,28.99
2016-08-01,29.32
2016-08-02,29.86
2016-08-03,29.61
2016-08-04,29.79
2016-08-05,29.6
2016-08-06,30.17
2016-08-07,29.85
2016-08-08,29.77
2016-08-09,29.29
2016-08-10,29.25
2016-08-11,29.92
2016-08-12,29.9
2016-08-13,29.69
2016-08-14,29.43
2016-08-15,29.12
2016-08-16,29.47
2016-08-17,29.34
2016-08-18,29.15
2016-08-19,29.19
2016-08-20,29.31
2016-08-21,29.52
2016-08-22,29.43
2016-08-23,29.36
2016-08-24,29.2
2016-08-25,29.49
2016-08-26,29.43
2016-08-27,29.42
2016-08-28,29.48
2016-08-29,29.44
2016-08-30,29.58
2016-08-31,29.03
2016-09-01,29.11
2016-09-02,29.19
2016-09-03,29.58
2016-09-04,28.99
2016-09-05,29.05
2016-09-06,29.8
2016-09-07,29.45
2016-09-08,28.89
2016-09-09,28.6
2016-09-10,29.05
2016-09-11,29.14
2016-09-12,29.04
2016-09-13,29.33
2016-09-14,28.93
2016-09-15,29.11
2016-09-16,28.93
2016-09-17,28.71
2016-09-18,29.24
2016-09-19,28.51
2016-09-20,28.66
2016-09-21,28.84
2016-09-22,28.67
2016-09-23,28.74
2016-09-24,28.48
2016-09-25,28.25
2016-09-26,28.01
2016-09-27,27.95
2016-09-28,27.66
2016-09-29,27.29
2016-09-30,27.31
2016-10-01,27.24
2016-10-02,27.27
2016-10-03,27.14
2016-10-04,27.07
2016-10-05,26.84
2016-10-06,27.13
2016-10-07,27.2
2016-10-08,26.93
2016-10-09,26.45
2016-10-10,26.55
2016-10-11,26.74
2016-10-12,26.9
2016-10-13,27.15
2016-10-14,26.67
2016-10-15,26.77
2016-10-16,26.68
2016-10-17,26.84
2016-10-18,27.2
2016-10-19,26.57
2016-10-20,26.22
2016-10-21,26.25
2016-10-22,26.04
2016-10-23,25.85
2016-10-24,25.54
2016-10-25,25.28
2016-10-26,26.04
2016-10-27,25.97
2016-10-28,25.41
2016-10-29,25.06
2016-10-30,25.33
2016-10-31,25.0
2016-11-01,25.19
2016-11-02,25.21
2016-11-03,24.32
2016-11-04,24.49
2016-11-05,24.56
2016-11-06,24.1
2016-11-07,24.52
2016-11-08,23.7
2016-11-09,23.85
2016-11-10,24.04
2016-11-11,24.08
2016-11-12,24.02
2016-11-13,23.35
2016-11-14,23.68
2016-11-15,23.43
2016-11-16,23.41
2016-11-17,23.39
2016-11-18,23.82
2016-11-19,22.93
2016-11-20,23.28
2016-11-21,22.69
2016-11-22,22.6
2016-11-23,22.39
2016-11-24,22.29
2016-11-25,21.64
2016-11-26,21.05
2016-11-27,20.63
2016-11-28,21.04
2016-11-29,21.2
2016-11-30,21.45
2016-12-01,20.82
2016-12-02,20.48
2016-12-03,20.3
2016-12-04,20.72
2016-12-05,20.74
2016-12-06,20.66
2016-12-07,20.26
2016-12-08,20.24
2016-12-09,20.21
2016-12-10,19.93
2016-12-11,19.48
2016-12-12,19.32
2016-12-13,19.28
2016-12-14,19.36
2016-12-15,19.08
2016-12-16,18.93
2016-12-17,18.82
2016-12-18,18.79
2016-12-19,18.52
2016-12-20,18.35
2016-12-21,18.11
2016-12-22,17.95
2016-12-23,17.97
2016-12-24,17.63
2016-12-25,17.69
2016-12-26,17.62
2016-12-27,17.59
2016-12-28,17.22
2016-12-29,17.48
2016-12-30,17.62
2016-12-31,17.43
2017-01-01,16.77
2017-01-02,16.76
2017-01-03,16.98
2017-01-04,16.82
2017-01-05,16.76
2017-01-06,16.49
2017-01-07,16.75
2017-01-08,16.86
2017-01-09,16.23
2017-01-10,16.12
2017-01-11,15.84
2017-01-12,15.45
2017-01-13,15.5
2017-01-14,15.74
2017-01-15,15.85
2017-01-16,16.36
2017-01-17,15.65
2017-01-18,16.02
2017-01-19,16.28
2017-01-20,16.19
2017-01-21,16.21
2017-01-22,16.32
2017-01-23,16.38
2017-01-24,16.66
2017-01-25,16.42
2017-01-26,16.1
2017-01-27,16.02
2017-01-28,15.99
2017-01-29,16.15
2017-01-30,15.75
2017-01-31,15.71
2017-02-01,15.67
2017-02-02,15.58
2017-02-03,15.41
2017-02-04,15.74
2017-02-05,15.57
2017-02-06,15.63
2017-02-07,15.7
2017-02-08,15.66
2017-02-09,15.79
2017-02-10,16.04
2017-02-11,16.13
2017-02-12,16.14
2017-02-13,16.55
2017-02-14,16.27
2017-02-15,15.9
2017-02-16,16.02
2017-02-17,16.05
2017-02-18,15.6
2017-02-19,15.56
2017-02-20,15.97
2017-02-21,15.65
2017-02-22,15.64
2017-02-23,15.71
2017-02-24,15.86
2017-02-25,15.98
2017-02-26,15.65
2017-02-27,16.04
2017-02-28,16.21
2017-03-01,16.19
2017-03-02,16.38
2017-03-03,16.81
2017-03-04,17.19
2017-03-05,17.47
2017-03-06,17.26
2017-03-07,17.5
2017-03-08,17.65
2017-03-09,17.56
2017-03-10,17.12
2017-03-11,17.56
2017-03-12,17.67
2017-03-13,17.58
2017-03-14,17.32
2017-03-15,17.21
2017-03-16,17.39
2017-03-17,17.02
2017-03-18,16.99
2017-03-19,17.27
2017-03-20,17.31
2017-03-21,17.25
2017-03-22,17.23
2017-03-23,17.16
2017-03-24,17.22
2017-03-25,18.16
2017-03-26,18.37
2017-03-27,18.03
2017-03-28,17.75
2017-03-29,18.01
2017-03-30,18.44
2017-03-31,18.82
2017-04-01,19.53
2017-04-02,19.25
2017-04-03,19.25
2017-04-04,20.04
2017-04-05,20.06
2017-04-06,19.99
2017-04-07,19.91
2017-04-08,19.89
2017-04-09,19.23
2017-04-10,19.16
2017-04-11,18.97
2017-04-12,19.43
2017-04-13,19.62
2017-04-14,19.7
2017-04-15,19.48
2017-04-16,19.26
2017-04-17,20.0
2017-04-18,20.33
2017-04-19,20.43
2017-04-20,21.01
2017-04-21,20.8
2017-04-22,21.23
2017-04-23,20.83
2017-04-24,20.71
2017-04-25,20.27
2017-04-26,20.48
2017-04-27,20.64
2017-04-28,20.65
2017-04-29,20.86
2017-04-30,20.88
2017-05-01,21.1
2017-05-02,21.21
2017-05-03,21.0
2017-05-04,21.24
2017-05-05,21.34
2017-05-06,21.94
2017-05-07,22.49
2017-05-08,22.52
2017-05-09,22.92
2017-05-10,23.73
2017-05-11,23.84
2017-05-12,23.59
2017-05-13,23.49
2017-05-14,22.95
2017-05-15,23.74
2017-05-16,23.87
2017-05-17,23.68
2017-05-18,24.25
2017-05-19,24.12
2017-05-20,24.44
2017-05-21,23.83
2017-05-22,23.98
2017-05-23,23.2
2017-05-24,23.58
2017-05-25,23.64
2017-05-26,24.07
2017-05-27,24.03
2017-05-28,24.1
2017-05-29,24.09
2017-05-30,23.93
2017-05-31,24.79
2017-06-01,24.94
2017-06-02,25.32
2017-06-03,25.4
2017-06-04,25.31
2017-06-05,25.22
2017-06-06,25.5
2017-06-07,25.91
2017-06-08,25.71
2017-06-09,26.14
2017-06-10,25.66
2017-06-11,26.42
2017-06-12,26.07
2017-06-13,25.75
2017-06-14,26.66
2017-06-15,26.12
2017-06-16,26.63
2017-06-17,26.92
2017-06-18,26.9
2017-06-19,27.72
2017-06-20,27.16
2017-06-21,26.82
2017-06-22,26.97
2017-06-23,27.06
2017-06-24,27.37
2017-06-25,27.57
2017-06-26,27.55
2017-06-27,27.72
2017-06-28,27.55
2017-06-29,28.37
2017-06-30,28.17
2017-07-01,28.63
2017-07-02,28.61
2017-07-03,28.99
2017-07-04,28.94
2017-07-05,29.27
2017-07-06,28.65
2017-07-07,28.49
2017-07-08,28.27
2017-07-09,28.69
2017-07-10,29.17
2017-07-11,28.56
2017-07-12,28.41
2017-07-13,28.52
2017-07-14,28.63
2017-07-15,29.52
2017-07-16,29.33
2017-07-17,29.27
2017-07-18,29.9
2017-07-19,30.08
2017-07-20,29.55
2017-07-21,29.42
2017-07-22,29.67
2017-07-23,29.52
2017-07-24,28.97
2017-07-25,28.82
2017-07-26,29.29
2017-07-27,29.54
2017-07-28,29.44
2017-07-29,30.04
2017-07-30,29.85
2017-07-31,29.75
2017-08-01,30.01
2017-08-02,29.66
2017-08-03,29.8
2017-08-04,29.96
2017-08-05,29.86
2017-08-06,29.95
2017-08-07,29.99
2017-08-08,29.92
2017-08-09,30.03
2017-08-10,29.77
2017-08-11,29.83
2017-08-12,29.93
2017-08-13,29.99
2017-08-14,30.76
2017-08-15,30.09
2017-08-16,30.1
2017-08-17,30.17
2017-08-18,29.84
2017-08-19,30.04
2017-08-20,29.84
2017-08-21,30.01
2017-08-22,30.09
2017-08-23,30.12
2017-08-24,30.24
2017-08-25,29.91
2017-08-26,29.99
2017-08-27,30.06
2017-08-28,30.1
2017-08-29,29.51
2017-08-30,29.57
2017-08-31,29.53
2017-09-01,29.18
2017-09-02,29.21
2017-09-03,29.12
2017-09-04,29.21
2017-09-05,29.33
2017-09-06,29.2
2017-09-07,28.97
2017-09-08,28.68
2017-09-09,28.54
2017-09-10,28.57
2017-09-11,28.59
2017-09-12,28.6
2017-09-13,28.5
2017-09-14,28.47
2017-09-15,28.26
2017-09-16,28.33
2017-09-17,28.22
2017-09-18,28.15
2017-09-19,28.05
2017-09-20,28.11
2017-09-21,28.09
2017-09-22,28.06
2017-09-23,28.29
2017-09-24,28.15
2017-09-25,27.86
2017-09-26,27.44
2017-09-27,27.34
2017-09-28,27.51
2017-09-29,27.53
2017-09-30,27.18
2017-10-01,27.09
2017-10-02,27.15
2017-10-03,26.82
2017-10-04,27.05
2017-10-05,26.76
2017-10-06,26.7
2017-10-07,25.96
2017-10-08,26.33
2017-10-09,26.44
2017-10-10,26.07
2017-10-11,25.84
2017-10-12,25.74
2017-10-13,25.72
2017-10-14,25.62
2017-10-15,25.65
2017-10-16,25.17
2017-10-17,24.92
2017-10-18,24.91
2017-10-19,24.36
2017-10-20,24.64
2017-10-21,24.86
2017-10-22,24.93
2017-10-23,24.9
2017-10-24,24.39
2017-10-25,24.6
2017-10-26,25.05
2017-10-27,24.99
2017-10-28,24.8
2017-10-29,24.56
2017-10-30,24.17
2017-10-31,24.06
2017-11-01,23.85
2017-11-02,23.72
2017-11-03,23.72
2017-11-04,23.05
2017-11-05,23.12
2017-11-06,22.78
2017-11-07,22.6
2017-11-08,22.9
2017-11-09,22.69
2017-11-10,22.45
2017-11-11,22.38
2017-11-12,22.49
2017-11-13,22.35
2017-11-14,22.04
2017-11-15,22.02
2017-11-16,22.12
2017-11-17,22.47
2017-11-18,21.85
2017-11-19,21.57
2017-11-20,21.98
2017-11-21,22.08
2017-11-22,21.94
2017-11-23,21.8
2017-11-24,21.26
2017-11-25,21.27
2017-11-26,21.19
2017-11-27,20.75
2017-11-28,20.42
2017-11-29,20.21
2017-11-30,20.6
2017-12-01,20.57
2017-12-02,20.51
2017-12-03,20.51
2017-12-04,20.73
2017-12-05,20.9
2017-12-06,21.05
2017-12-07,21.02
2017-12-08,20.28
2017-12-09,20.34
2017-12-10,20.24
2017-12-11,20.19
2017-12-12,20.24
2017-12-13,19.89
2017-12-14,19.82
2017-12-15,19.7
2017-12-16,19.54
2017-12-17,19.65
2017-12-18,19.67
2017-12-19,19.67
2017-12-20,19.66
2017-12-21,19.57
2017-12-22,19.12
2017-12-23,19.0
2017-12-24,18.94
2017-12-25,18.77
2017-12-26,18.67
2017-12-27,18.87
2017-12-28,18.89
2017-12-29,18.8
2017-12-30,18.73
2017-12-31,18.44
2018-01-01,18.58
2018-01-02,17.94
2018-01-03,17.82
2018-01-04,17.88
2018-01-05,17.98
2018-01-06,17.76
2018-01-07,17.8
2018-01-08,17.66
2018-01-09,17.64
2018-01-10,17.59
2018-01-11,17.58
2018-01-12,16.83
2018-01-13,17.48
2018-01-14,17.35
2018-01-15,17.18
2018-01-16,17.11
2018-01-17,17.47
2018-01-18,17.37
2018-01-19,17.3
2018-01-20,16.97
2018-01-21,16.63
2018-01-22,16.78
2018-01-23,16.74
2018-01-24,16.5
2018-01-25,16.18
2018-01-26,15.98
2018-01-27,16.24
2018-01-28,15.84
2018-01-29,16.18
2018-01-30,16.03
2018-01-31,16.39
2018-02-01,16.55
2018-02-02,16.97
2018-02-03,16.96
2018-02-04,17.04
2018-02-05,16.88
2018-02-06,17.01
2018-02-07,17.07
2018-02-08,17.03
2018-02-09,17.16
2018-02-10,17.19
2018-02-11,17.2
2018-02-12,17.18
2018-02-13,17.17
2018-02-14,17.15
2018-02-15,17.1
2018-02-16,17.04
2018-02-17,16.93
2018-02-18,16.72
2018-02-19,16.94
2018-02-20,16.85
2018-02-21,17.11
2018-02-22,17.22
2018-02-23,17.48
2018-02-24,17.3
2018-02-25,17.75
2018-02-26,17.7
2018-02-27,17.78
2018-02-28,17.83
2018-03-01,18.5
2018-03-02,18.53
2018-03-03,19.05
2018-03-04,18.36
2018-03-05,18.9
2018-03-06,19.44
2018-03-07,19.94
2018-03-08,19.08
2018-03-09,18.68
2018-03-10,19.01
2018-03-11,19.5
2018-03-12,19.2
2018-03-13,18.85
2018-03-14,19.61
2018-03-15,19.32
2018-03-16,19.34
2018-03-17,19.62
2018-03-18,19.86
2018-03-19,20.02
2018-03-20,19.63
2018-03-21,20.48
2018-03-22,20.63
2018-03-23,20.28
2018-03-24,19.96
2018-03-25,20.14
2018-03-26,20.24
2018-03-27,19.97
2018-03-28,20.09
2018-03-29,19.8
2018-03-30,19.83
2018-03-31,19.7
2018-04-01,19.82
2018-04-02,19.43
2018-04-03,19.38
2018-04-04,20.07
2018-04-05,20.1
2018-04-06,20.35
2018-04-07,20.59
2018-04-08,19.64
2018-04-09,20.49
2018-04-10,20.62
2018-04-11,20.88
2018-04-12,20.64
2018-04-13,20.79
2018-04-14,21.18
2018-04-15,21.22
2018-04-16,21.17
2018-04-17,21.59
2018-04-18,21.84
2018-04-19,22.47
2018-04-20,21.76
2018-04-21,22.06
2018-04-22,22.17
2018-04-23,21.91
2018-04-24,21.77
2018-04-25,21.82
2018-04-26,21.48
2018-04-27,21.39
2018-04-28,21.84
2018-04-29,22.74
2018-04-30,22.93
2018-05-01,22.78
2018-05-02,23.88
2018-05-03,24.0
2018-05-04,24.52
2018-05-05,24.3
2018-05-06,23.63
2018-05-07,23.26
2018-05-08,23.36
2018-05-09,22.8
2018-05-10,22.47
2018-05-11,22.61
2018-05-12,23.37
2018-05-13,22.9
2018-05-14,22.97
2018-05-15,23.44
2018-05-16,23.98
2018-05-17,23.39
2018-05-18,24.01
2018-05-19,24.53
2018-05-20,24.01
2018-05-21,23.81
2018-05-22,24.75
2018-05-23,25.79
2018-05-24,25.32
2018-05-25,25.84
2018-05-26,26.16
2018-05-27,25.88
2018-05-28,25.85
2018-05-29,26.02
2018-05-30,26.38
2018-05-31,25.79
2018-06-01,25.84
2018-06-02,26.12
2018-06-03,26.64
2018-06-04,26.37
2018-06-05,26.55
2018-06-06,26.55
2018-06-07,27.06
2018-06-08,27.58
2018-06-09,27.52
2018-06-10,27.04
2018-06-11,27.5
2018-06-12,27.14
2018-06-13,26.74
2018-06-14,27.14
2018-06-15,27.58
2018-06-16,27.13
2018-06-17,26.8
2018-06-18,28.22
2018-06-19,28.12
2018-06-20,27.83
2018-06-21,28.1
2018-06-22,28.68
2018-06-23,28.49
2018-06-24,28.46
2018-06-25,28.45
2018-06-26,29.03
2018-06-27,28.97
2018-06-28,28.7
2018-06-29,29.03
2018-06-30,28.7
2018-07-01,28.32
2018-07-02,28.3
2018-07-03,28.76
2018-07-04,29.12
2018-07-05,29.3
2018-07-06,29.42
2018-07-07,29.51
2018-07-08,29.36
2018-07-09,29.59
2018-07-10,29.57
2018-07-11,29.6
2018-07-12,29.3
2018-07-13,29.15
2018-07-14,28.73
2018-07-15,29.1
2018-07-16,29.17
2018-07-17,29.41
2018-07-18,29.03
2018-07-19,28.29
2018-07-20,29.4
2018-07-21,29.54
2018-07-22,29.0
2018-07-23,29.56
2018-07-24,29.37
2018-07-25,29.06
2018-07-26,29.19
2018-07-27,29.47
2018-07-28,29.52
2018-07-29,29.26
2018-07-30,29.48
2018-07-31,29.75
2018-08-01,29.58
2018-08-02,29.17
2018-08-03,28.79
2018-08-04,29.11
2018-08-05,30.27
2018-08-06,29.92
2018-08-07,29.73
2018-08-08,29.87
2018-08-09,29.62
2018-08-10,29.82
2018-08-11,30.18
2018-08-12,30.14
2018-08-13,30.06
2018-08-14,29.43
2018-08-15,29.85
2018-08-16,29.69
2018-08-17,29.4
2018-08-18,29.61
2018-08-19,29.25
2018-08-20,29.16
2018-08-21,28.9
2018-08-22,28.95
2018-08-23,29.71
2018-08-24,29.69
2018-08-25,28.92
2018-08-26,30.0
2018-08-27,30.01
2018-08-28,29.71
2018-08-29,29.63
2018-08-30,28.99
2018-08-31,29.67
2018-09-01,29.28
2018-09-02,29.43
2018-09-03,29.31
2018-09-04,29.59
2018-09-05,29.52
2018-09-06,30.11
2018-09-07,30.09
2018-09-08,29.69
2018-09-09,29.94
2018-09-10,28.95
2018-09-11,28.88
2018-09-12,29.06
2018-09-13,28.58
2018-09-14,28.77
2018-09-15,28.28
2018-09-16,28.54
2018-09-17,28.61
2018-09-18,28.76
2018-09-19,28.67
2018-09-20,28.44
2018-09-21,28.64
2018-09-22,28.39
2018-09-23,28.61
2018-09-24,28.52
2018-09-25,28.45
2018-09-26,28.63
2018-09-27,28.48
2018-09-28,28.57
2018-09-29,28.23
2018-09-30,28.43
2018-10-01,28.3
2018-10-02,28.44
2018-10-03,28.26
2018-10-04,28.13
2018-10-05,28.1
2018-10-06,28.17
2018-10-07,28.16
2018-10-08,27.87
2018-10-09,27.51
2018-10-10,27.33
2018-10-11,26.94
2018-10-12,26.84
2018-10-13,26.67
2018-10-14,26.35
2018-10-15,26.3
2018-10-16,26.32
2018-10-17,26.17
2018-10-18,26.03
2018-10-19,26.08
2018-10-20,27.11
2018-10-21,26.57
2018-10-22,25.43
2018-10-23,26.13
2018-10-24,26.53
2018-10-25,25.99
2018-10-26,25.81
2018-10-27,25.37
2018-10-28,25.24
2018-10-29,24.59
2018-10-30,23.99
2018-10-31,24.0
2018-11-01,24.25
2018-11-02,24.22
2018-11-03,23.83
2018-11-04,23.86
2018-11-05,23.98
2018-11-06,23.92
2018-11-07,23.26
2018-11-08,23.79
2018-11-09,23.79
2018-11-10,23.5
2018-11-11,23.59
2018-11-12,23.43
2018-11-13,23.32
2018-11-14,23.08
2018-11-15,23.18
2018-11-16,22.91
2018-11-17,22.45
2018-11-18,22.23
2018-11-19,22.97
2018-11-20,22.72
2018-11-21,22.81
2018-11-22,23.01
2018-11-23,23.09
2018-11-24,22.83
2018-11-25,22.48
2018-11-26,22.09
2018-11-27,22.35
2018-11-28,22.26
2018-11-29,22.35
2018-11-30,21.85
2018-12-01,21.95
2018-12-02,21.8
2018-12-03,20.99
2018-12-04,20.95
2018-12-05,21.43
2018-12-06,21.45
2018-12-07,20.65
2018-12-08,19.81
2018-12-09,19.55
2018-12-10,19.66
2018-12-11,19.34
2018-12-12,19.8
2018-12-13,19.51
2018-12-14,19.21
2018-12-15,19.02
2018-12-16,19.11
2018-12-17,18.53
2018-12-18,18.78
2018-12-19,18.2
2018-12-20,17.76
2018-12-21,18.21
2018-12-22,18.75
2018-12-23,19.01
2018-12-24,18.77
2018-12-25,18.69
2018-12-26,18.74
2018-12-27,18.29
2018-12-28,18.37
2018-12-29,18.22
2018-12-30,17.95
2018-12-31,17.51
2019-01-01,17.08
2019-01-02,17.93
2019-01-03,17.03
2019-01-04,17.2
2019-01-05,17.48
2019-01-06,16.81
2019-01-07,16.56
2019-01-08,15.74
2019-01-09,15.87
2019-01-10,15.76
2019-01-11,16.35
2019-01-12,16.15
2019-01-13,16.09
2019-01-14,16.05
2019-01-15,15.23
2019-01-16,15.38
2019-01-17,15.86
2019-01-18,16.54
2019-01-19,16.23
2019-01-20,15.86
2019-01-21,15.42
2019-01-22,14.92
2019-01-23,15.65
2019-01-24,15.48
2019-01-25,15.4
2019-01-26,15.38
2019-01-27,14.98
2019-01-28,15.63
2019-01-29,15.25
2019-01-30,15.46
2019-01-31,15.06
2019-02-01,15.16
2019-02-02,15.56
2019-02-03,15.46
2019-02-04,15.9
2019-02-05,15.99
2019-02-06,16.03
2019-02-07,15.56
2019-02-08,16.03
2019-02-09,16.04
2019-02-10,15.69
2019-02-11,15.66
2019-02-12,15.72
2019-02-13,15.97
2019-02-14,15.88
2019-02-15,14.88
2019-02-16,15.13
2019-02-17,14.97
2019-02-18,15.09
2019-02-19,15.01
2019-02-20,15.39
2019-02-21,15.81
2019-02-22,15.28
2019-02-23,15.9
2019-02-24,16.14
2019-02-25,16.03
2019-02-26,15.69
2019-02-27,15.94
2019-02-28,16.11
2019-03-01,16.09
2019-03-02,15.63
2019-03-03,15.88
2019-03-04,15.89
2019-03-05,15.86
2019-03-06,15.57
2019-03-07,16.36
2019-03-08,16.57
2019-03-09,16.82
2019-03-10,16.63
2019-03-11,17.28
2019-03-12,17.37
2019-03-13,16.93
2019-03-14,16.49
2019-03-15,16.66
2019-03-16,17.08
2019-03-17,16.74
2019-03-18,16.56
2019-03-19,17.4
2019-03-20,17.41
2019-03-21,17.25
2019-03-22,18.28
2019-03-23,18.15
2019-03-24,17.78
2019-03-25,17.57
2019-03-26,17.12
2019-03-27,17.73
2019-03-28,17.68
2019-03-29,17.58
2019-03-30,17.25
2019-03-31,17.31
2019-04-01,17.18
2019-04-02,17.18
2019-04-03,17.4
2019-04-04,17.47
2019-04-05,17.35
2019-04-06,17.57
2019-04-07,17.94
2019-04-08,19.49
2019-04-09,19.22
2019-04-10,19.0
2019-04-11,18.99
2019-04-12,19.45
2019-04-13,19.2
2019-04-14,19.29
2019-04-15,19.57
2019-04-16,19.35
2019-04-17,19.51
2019-04-18,19.18
2019-04-19,19.36
2019-04-20,18.84
2019-04-21,18.51
2019-04-22,18.22
2019-04-23,18.47
2019-04-24,18.32
2019-04-25,17.85
2019-04-26,19.18
2019-04-27,18.87
2019-04-28,20.13
2019-04-29,19.75
2019-04-30,20.31
2019-05-01,20.36
2019-05-02,20.12
2019-05-03,19.73
2019-05-04,21.08
2019-05-05,21.08
2019-05-06,21.02
2019-05-07,20.31
2019-05-08,21.27
2019-05-09,21.35
2019-05-10,21.14
2019-05-11,21.72
2019-05-12,22.05
2019-05-13,21.97
2019-05-14,22.41
2019-05-15,22.79
2019-05-16,23.42
2019-05-17,23.41
2019-05-18,23.34
2019-05-19,23.84
2019-05-20,23.63
2019-05-21,23.67
2019-05-22,23.4
2019-05-23,23.5
2019-05-24,23.87
2019-05-25,24.07
2019-05-26,24.75
2019-05-27,24.32
2019-05-28,24.62
2019-05-29,25.32
2019-05-30,25.12
2019-05-31,25.76
2019-06-01,25.67
2019-06-02,24.79
2019-06-03,25.04
2019-06-04,25.44
2019-06-05,25.27
2019-06-06,25.51
2019-06-07,26.13
2019-06-08,26.51
2019-06-09,26.49
2019-06-10,26.25
2019-06-11,26.64
2019-06-12,27.17
2019-06-13,27.02
2019-06-14,26.12
2019-06-15,26.91
2019-06-16,27.37
2019-06-17,27.22
2019-06-18,27.13
2019-06-19,27.45
2019-06-20,27.69
2019-06-21,27.76
2019-06-22,27.74
2019-06-23,28.27
2019-06-24,27.98
2019-06-25,28.34
2019-06-26,28.55
2019-06-27,29.26
2019-06-28,28.86
2019-06-29,28.45
2019-06-30,28.25
2019-07-01,27.95
2019-07-02,29.03
2019-07-03,29.48
2019-07-04,29.87
2019-07-05,29.69
2019-07-06,29.37
2019-07-07,29.51
2019-07-08,29.73
2019-07-09,29.64
2019-07-10,29.45
2019-07-11,29.32
2019-07-12,29.67
2019-07-13,29.81
2019-07-14,29.65
2019-07-15,29.69
2019-07-16,29.41
2019-07-17,29.15
2019-07-18,29.47
2019-07-19,29.85
2019-07-20,29.94
2019-07-21,29.5
2019-07-22,29.48
2019-07-23,29.19
2019-07-24,29.87
2019-07-25,29.89
2019-07-26,30.03
2019-07-27,29.54
2019-07-28,29.85
2019-07-29,29.72
2019-07-30,30.03
2019-07-31,29.47
2019-08-01,30.02
2019-08-02,30.05
2019-08-03,30.22
2019-08-04,30.06
2019-08-05,30.27
2019-08-06,29.67
2019-08-07,29.45
2019-08-08,29.67
2019-08-09,30.24
2019-08-10,29.89
2019-08-11,29.51
2019-08-12,29.7
2019-08-13,30.13
2019-08-14,30.54
2019-08-15,30.52
2019-08-16,30.36
2019-08-17,30.41
2019-08-18,30.16
2019-08-19,30.1
2019-08-20,29.97
2019-08-21,30.02
2019-08-22,29.67
2019-08-23,29.59
2019-08-24,29.8
2019-08-25,30.27
2019-08-26,30.09
2019-08-27,30.13
2019-08-28,30.47
2019-08-29,30.7
2019-08-30,30.07
2019-08-31,30.44
2019-09-01,30.25
2019-09-02,30.07
2019-09-03,30.05
2019-09-04,29.69
2019-09-05,29.78
2019-09-06,29.2
2019-09-07,28.82
2019-09-08,29.74
2019-09-09,29.53
2019-09-10,28.93
2019-09-11,28.96
2019-09-12,29.36
2019-09-13,28.87
2019-09-14,28.55
2019-09-15,28.25
2019-09-16,28.42
2019-09-17,28.44
2019-09-18,28.39
2019-09-19,28.26
2019-09-20,28.04
2019-09-21,28.32
2019-09-22,27.59
2019-09-23,27.56
2019-09-24,28.03
2019-09-25,27.71
2019-09-26,27.74
2019-09-27,28.18
2019-09-28,28.51
2019-09-29,28.24
2019-09-30,27.8
2019-10-01,27.74
2019-10-02,27.91
2019-10-03,27.63
2019-10-04,28.0
2019-10-05,28.14
2019-10-06,27.87
2019-10-07,27.61
2019-10-08,27.42
2019-10-09,27.81
2019-10-10,27.63
2019-10-11,26.86
2019-10-12,26.89
2019-10-13,27.68
2019-10-14,27.78
2019-10-15,27.31
2019-10-16,27.22
2019-10-17,27.52
2019-10-18,27.25
2019-10-19,27.08
2019-10-20,26.26
2019-10-21,27.29
2019-10-22,27.16
2019-10-23,26.68
2019-10-24,26.36
2019-10-25,25.89
2019-10-26,26.06
2019-10-27,24.85
2019-10-28,24.43
2019-10-29,24.38
2019-10-30,24.23
2019-10-31,24.24
2019-11-01,23.88
2019-11-02,24.09
2019-11-03,24.07
2019-11-04,24.18
2019-11-05,23.68
2019-11-06,24.55
2019-11-07,24.22
2019-11-08,24.25
2019-11-09,24.79
2019-11-10,24.94
2019-11-11,24.47
2019-11-12,24.49
2019-11-13,24.56
2019-11-14,24.51
2019-11-15,23.82
2019-11-16,24.15
2019-11-17,23.71
2019-11-18,23.59
2019-11-19,22.7
2019-11-20,22.44
2019-11-21,21.67
2019-11-22,21.49
2019-11-23,21.73
2019-11-24,21.63
2019-11-25,21.55
2019-11-26,21.65
2019-11-27,21.9
2019-11-28,21.17
2019-11-29,21.11
2019-11-30,21.66
2019-12-01,21.57
2019-12-02,21.76
2019-12-03,21.64
2019-12-04,21.44
2019-12-05,21.32
2019-12-06,21.42
2019-12-07,21.22
2019-12-08,20.73
2019-12-09,20.79
2019-12-10,20.35
2019-12-11,19.97
2019-12-12,20.32
2019-12-13,18.74
2019-12-14,18.9
2019-12-15,18.93
2019-12-16,18.53
2019-12-17,17.81
2019-12-18,18.26
2019-12-19,18.49
2019-12-20,18.58
2019-12-21,18.06
2019-12-22,18.7
2019-12-23,18.81
2019-12-24,18.5
2019-12-25,18.88
2019-12-26,19.09
2019-12-27,18.55
2019-12-28,18.6
2019-12-29,18.45
2019-12-30,18.57
2019-12-31,17.33
2020-01-01,17.32
2020-01-02,17.54
2020-01-03,17.62
2020-01-04,17.42
2020-01-05,16.57
2020-01-06,16.19
2020-01-07,16.18
2020-01-08,15.68
2020-01-09,15.75
2020-01-10,15.99
2020-01-11,15.88
2020-01-12,15.8
2020-01-13,15.45
2020-01-14,16.07
2020-01-15,16.19
2020-01-16,15.96
2020-01-17,15.72
2020-01-18,16.36
2020-01-19,16.54
2020-01-20,16.01
2020-01-21,15.81
2020-01-22,16.21
2020-01-23,15.88
2020-01-24,15.87
2020-01-25,16.41
2020-01-26,16.38
2020-01-27,16.05
2020-01-28,15.8
2020-01-29,15.53
2020-01-30,16.14
2020-01-31,16.15
2020-02-01,15.92
2020-02-02,16.14
2020-02-03,16.86
2020-02-04,16.52
2020-02-05,16.55
2020-02-06,16.59
2020-02-07,16.46
2020-02-08,16.24
2020-02-09,16.48
2020-02-10,16.19
2020-02-11,16.14
2020-02-12,15.73
2020-02-13,15.54
2020-02-14,16.08
2020-02-15,15.85
2020-02-16,15.9
2020-02-17,16.03
2020-02-18,16.43
2020-02-19,16.08
2020-02-20,16.09
2020-02-21,16.41
2020-02-22,16.53
2020-02-23,16.54
2020-02-24,16.28
2020-02-25,16.41
2020-02-26,16.63
2020-02-27,16.69
2020-02-28,17.0
2020-02-29,17.43
2020-03-01,17.11
2020-03-02,16.73
2020-03-03,17.17
2020-03-04,17.13
2020-03-05,17.59
2020-03-06,16.97
2020-03-07,16.42
2020-03-08,17.63
2020-03-09,17.08
2020-03-10,16.6
2020-03-11,17.74
2020-03-12,17.67
2020-03-13,17.19
2020-03-14,17.26
2020-03-15,17.69
2020-03-16,18.37
2020-03-17,17.99
2020-03-18,17.54
2020-03-19,17.04
2020-03-20,16.78
2020-03-21,16.71
2020-03-22,16.58
2020-03-23,17.01
2020-03-24,17.86
2020-03-25,17.27
2020-03-26,17.31
2020-03-27,17.52
2020-03-28,17.66
2020-03-29,17.9
2020-03-30,18.22
2020-03-31,18.02
2020-04-01,18.3
2020-04-02,18.01
2020-04-03,18.61
2020-04-04,19.11
2020-04-05,19.24
2020-04-06,19.3
2020-04-07,19.12
2020-04-08,19.14
2020-04-09,19.2
2020-04-10,19.01
2020-04-11,19.16
2020-04-12,19.52
2020-04-13,19.42
2020-04-14,19.34
2020-04-15,19.93
2020-04-16,20.37
2020-04-17,19.68
2020-04-18,20.16
2020-04-19,20.45
2020-04-20,20.51
2020-04-21,20.04
2020-04-22,20.76
2020-04-23,20.99
2020-04-24,21.38
2020-04-25,20.96
2020-04-26,20.91
2020-04-27,20.76
2020-04-28,20.58
2020-04-29,20.71
2020-04-30,21.49
2020-05-01,21.27
2020-05-02,21.51
2020-05-03,21.42
2020-05-04,22.09
2020-05-05,22.28
2020-05-06,21.7
2020-05-07,22.07
2020-05-08,22.96
2020-05-09,22.33
2020-05-10,22.39
2020-05-11,22.54
2020-05-12,23.38
2020-05-13,23.0
2020-05-14,22.75
2020-05-15,23.25
2020-05-16,23.4
2020-05-17,23.63
2020-05-18,24.18
2020-05-19,24.52
2020-05-20,24.49
2020-05-21,25.31
2020-05-22,25.68
2020-05-23,25.53
2020-05-24,24.18
2020-05-25,23.65
2020-05-26,24.18
2020-05-27,24.79
2020-05-28,24.06
2020-05-29,24.03
2020-05-30,24.29
2020-05-31,24.36
2020-06-01,24.29
2020-06-02,24.19
2020-06-03,24.09
2020-06-04,24.72
2020-06-05,24.67
2020-06-06,24.58
2020-06-07,24.76
2020-06-08,25.52
2020-06-09,25.45
2020-06-10,25.86
2020-06-11,25.97
2020-06-12,26.68
2020-06-13,26.69
2020-06-14,25.9
2020-06-15,26.21
2020-06-16,26.6
2020-06-17,26.56
2020-06-18,26.08
2020-06-19,25.95
2020-06-20,26.61
2020-06-21,26.04
2020-06-22,26.05
2020-06-23,26.64
2020-06-24,26.48
2020-06-25,26.41
2020-06-26,27.08
2020-06-27,27.52
2020-06-28,27.16
2020-06-29,27.0
2020-06-30,27.52
2020-07-01,27.83
2020-07-02,27.71
2020-07-03,27.46
2020-07-04,27.84
2020-07-05,28.0
2020-07-06,28.03
2020-07-07,28.36
2020-07-08,27.93
2020-07-09,28.45
2020-07-10,28.6
2020-07-11,28.12
2020-07-12,28.28
2020-07-13,28.92
2020-07-14,28.94
2020-07-15,29.03
2020-07-16,27.88
2020-07-17,28.12
2020-07-18,28.62
2020-07-19,27.74
2020-07-20,27.16
2020-07-21,28.77
2020-07-22,28.4
2020-07-23,28.2
2020-07-24,29.33
2020-07-25,29.01
2020-07-26,28.93
2020-07-27,29.13
2020-07-28,28.59
2020-07-29,29.69
2020-07-30,29.31
2020-07-31,29.78
2020-08-01,30.03
2020-08-02,29.59
2020-08-03,30.13
2020-08-04,29.76
2020-08-05,30.28
2020-08-06,29.94
2020-08-07,30.06
2020-08-08,29.69
2020-08-09,29.35
2020-08-10,29.44
2020-08-11,30.09
2020-08-12,29.5
2020-08-13,29.39
2020-08-14,29.26
2020-08-15,29.87
2020-08-16,29.89
2020-08-17,29.89
2020-08-18,29.95
2020-08-19,29.49
2020-08-20,30.04
2020-08-21,29.43
2020-08-22,29.32
2020-08-23,29.26
2020-08-24,29.95
2020-08-25,29.51
2020-08-26,29.57
2020-08-27,29.75
2020-08-28,30.03
2020-08-29,29.39
2020-08-30,28.77
2020-08-31,29.93
2020-09-01,30.39
2020-09-02,30.01
2020-09-03,29.85
2020-09-04,28.66
2020-09-05,29.29
2020-09-06,29.99
2020-09-07,29.8
2020-09-08,28.59
2020-09-09,28.99
2020-09-10,29.44
2020-09-11,29.9
2020-09-12,29.6
2020-09-13,29.77
2020-09-14,29.36
2020-09-15,29.46
2020-09-16,30.08
2020-09-17,29.96
2020-09-18,29.66
2020-09-19,29.53
2020-09-20,30.01
2020-09-21,29.68
2020-09-22,29.78
2020-09-23,29.51
2020-09-24,29.44
2020-09-25,29.55
2020-09-26,29.35
2020-09-27,28.61
2020-09-28,29.2
2020-09-29,29.2
2020-09-30,29.24
2020-10-01,29.05
2020-10-02,28.69
2020-10-03,28.88
2020-10-04,28.96
2020-10-05,28.67
2020-10-06,28.76
2020-10-07,28.62
2020-10-08,28.66
2020-10-09,28.58
2020-10-10,28.82
2020-10-11,28.34
2020-10-12,27.93
2020-10-13,28.16
2020-10-14,28.08
2020-10-15,27.99
2020-10-16,27.97
2020-10-17,27.54
2020-10-18,27.52
2020-10-19,27.76
2020-10-20,27.76
2020-10-21,26.89
2020-10-22,27.5
2020-10-23,27.09
2020-10-24,27.08
2020-10-25,26.83
2020-10-26,26.87
2020-10-27,26.43
2020-10-28,26.6
2020-10-29,26.59
2020-10-30,26.65
2020-10-31,26.06
2020-11-01,25.8
2020-11-02,25.81
2020-11-03,25.7
2020-11-04,25.71
2020-11-05,25.28
2020-11-06,24.67
2020-11-07,23.84
2020-11-08,23.92
2020-11-09,24.41
2020-11-10,24.35
2020-11-11,23.84
2020-11-12,23.77
2020-11-13,23.66
2020-11-14,23.75
2020-11-15,23.81
2020-11-16,23.1
2020-11-17,22.44
2020-11-18,22.96
2020-11-19,22.95
2020-11-20,22.89
2020-11-21,22.84
2020-11-22,22.38
2020-11-23,21.95
2020-11-24,22.25
2020-11-25,22.46
2020-11-26,22.28
2020-11-27,22.0
2020-11-28,21.62
2020-11-29,21.51
2020-11-30,21.45
2020-12-01,21.04
2020-12-02,20.53
2020-12-03,20.85
2020-12-04,20.84
2020-12-05,20.96
2020-12-06,20.96
2020-12-07,20.7
2020-12-08,20.46
2020-12-09,20.61
2020-12-10,20.28
2020-12-11,20.67
2020-12-12,21.07
2020-12-13,21.2
2020-12-14,20.77
2020-12-15,20.32
2020-12-16,19.86
2020-12-17,19.39
2020-12-18,18.89
2020-12-19,19.63
2020-12-20,19.81
2020-12-21,19.5
2020-12-22,19.57
2020-12-23,19.39
2020-12-24,19.18
2020-12-25,18.61
2020-12-26,19.1
2020-12-27,19.33
2020-12-28,19.34
2020-12-29,18.7
2020-12-30,18.82
2020-12-31,19.02
2021-01-01,18.93
2021-01-02,19.06
2021-01-03,19.45
2021-01-04,19.37
2021-01-05,19.31
2021-01-06,18.75
2021-01-07,19.73
2021-01-08,19.78
2021-01-09,19.67
2021-01-10,19.69
2021-01-11,19.89
2021-01-12,19.98
2021-01-13,19.68
2021-01-14,19.4
2021-01-15,18.96
2021-01-16,18.47
2021-01-17,18.06
2021-01-18,17.76
2021-01-19,17.74
2021-01-20,17.69
2021-01-21,17.17
2021-01-22,17.15
2021-01-23,16.6
2021-01-24,16.72
2021-01-25,16.8
2021-01-26,16.4
2021-01-27,16.72
2021-01-28,16.82
2021-01-29,16.74
2021-01-30,17.04
2021-01-31,16.9
2021-02-01,16.35
2021-02-02,16.33
2021-02-03,16.93
2021-02-04,17.31
2021-02-05,16.89
2021-02-06,17.25
2021-02-07,18.1
2021-02-08,17.64
2021-02-09,17.87
2021-02-10,17.92
2021-02-11,18.13
2021-02-12,18.02
2021-02-13,17.23
2021-02-14,18.2
2021-02-15,18.28
2021-02-16,17.84
2021-02-17,18.07
2021-02-18,17.35
2021-02-19,16.88
2021-02-20,16.42
2021-02-21,16.15
2021-02-22,16.22
2021-02-23,16.52
2021-02-24,15.87
2021-02-25,16.53
2021-02-26,16.96
2021-02-27,16.78
2021-02-28,17.24
2021-03-01,17.52
2021-03-02,17.51
2021-03-03,17.08
2021-03-04,16.88
2021-03-05,16.99
2021-03-06,17.01
2021-03-07,17.46
2021-03-08,17.5
2021-03-09,17.49
2021-03-10,17.48
2021-03-11,17.53
2021-03-12,17.64
2021-03-13,17.62
2021-03-14,17.54
2021-03-15,17.66
2021-03-16,17.59
2021-03-17,18.33
2021-03-18,18.48
2021-03-19,18.35
2021-03-20,18.38
2021-03-21,18.69
2021-03-22,18.62
2021-03-23,18.53
2021-03-24,18.64
2021-03-25,18.71
2021-03-26,18.53
2021-03-27,18.2
2021-03-28,17.53
2021-03-29,17.55
2021-03-30,17.58
2021-03-31,17.37
2021-04-01,17.81
2021-04-02,17.8
2021-04-03,17.75
2021-04-04,17.59
2021-04-05,17.94
2021-04-06,18.24
2021-04-07,18.56
2021-04-08,17.87
2021-04-09,19.13
2021-04-10,18.99
2021-04-11,18.94
2021-04-12,18.21
2021-04-13,18.09
2021-04-14,18.51
2021-04-15,18.69
2021-04-16,18.6
2021-04-17,19.56
2021-04-18,20.02
2021-04-19,19.89
2021-04-20,19.82
2021-04-21,20.61
2021-04-22,20.05
2021-04-23,20.4
2021-04-24,20.62
2021-04-25,21.03
2021-04-26,21.03
2021-04-27,20.75
2021-04-28,21.56
2021-04-29,21.54
2021-04-30,21.74
2021-05-01,22.07
2021-05-02,22.23
2021-05-03,22.74
2021-05-04,23.08
2021-05-05,23.08
2021-05-06,23.49
2021-05-07,23.52
2021-05-08,23.47
2021-05-09,24.75
2021-05-10,24.23
2021-05-11,23.48
2021-05-12,23.0
2021-05-13,23.53
2021-05-14,23.26
2021-05-15,24.38
2021-05-16,25.32
2021-05-17,24.95
2021-05-18,25.15
2021-05-19,24.66
2021-05-20,25.0
2021-05-21,25.11
2021-05-22,24.88
2021-05-23,25.14
2021-05-24,24.92
2021-05-25,25.65
2021-05-26,25.05
2021-05-27,25.51
2021-05-28,25.14
2021-05-29,25.96
2021-05-30,25.76
2021-05-31,25.29
2021-06-01,25.69
2021-06-02,26.18
2021-06-03,25.77
2021-06-04,25.94
2021-06-05,25.22
2021-06-06,25.89
2021-06-07,25.69
2021-06-08,25.6
2021-06-09,26.14
2021-06-10,26.98
2021-06-11,26.43
2021-06-12,26.2
2021-06-13,26.05
2021-06-14,26.58
2021-06-15,26.11
2021-06-16,26.29
2021-06-17,26.47
2021-06-18,26.46
2021-06-19,25.63
2021-06-20,26.45
2021-06-21,26.77
2021-06-22,27.01
2021-06-23,27.24
2021-06-24,26.84
2021-06-25,28.13
2021-06-26,27.75
2021-06-27,27.93
2021-06-28,28.48
2021-06-29,28.68
2021-06-30,28.42
2021-07-01,28.95
2021-07-02,28.66
2021-07-03,29.33
2021-07-04,28.83
2021-07-05,28.88
2021-07-06,29.09
2021-07-07,29.03
2021-07-08,29.18
2021-07-09,29.18
2021-07-10,28.51
2021-07-11,28.99
2021-07-12,28.67
2021-07-13,29.38
2021-07-14,29.59
2021-07-15,29.84
2021-07-16,29.13
2021-07-17,29.6
2021-07-18,29.95
2021-07-19,29.84
2021-07-20,29.74
2021-07-21,29.66
2021-07-22,30.42
2021-07-23,29.77
2021-07-24,29.41
2021-07-25,29.18
2021-07-26,29.12
2021-07-27,29.73
2021-07-28,29.89
2021-07-29,30.1
2021-07-30,30.01
2021-07-31,29.69
2021-08-01,29.71
2021-08-02,30.08
2021-08-03,30.42
2021-08-04,30.43
2021-08-05,30.37
2021-08-06,29.63
2021-08-07,31.1
2021-08-08,30.61
2021-08-09,30.8
2021-08-10,31.06
2021-08-11,30.76
2021-08-12,31.06
2021-08-13,30.68
2021-08-14,31.64
2021-08-15,30.95
2021-08-16,30.86
2021-08-17,30.34
2021-08-18,30.74
2021-08-19,30.02
2021-08-20,30.16
2021-08-21,30.06
2021-08-22,30.9
2021-08-23,30.47
2021-08-24,30.56
2021-08-25,30.58
2021-08-26,30.27
2021-08-27,30.28
2021-08-28,30.33
2021-08-29,30.94
2021-08-30,30.57
2021-08-31,30.22
2021-09-01,29.85
2021-09-02,30.32
2021-09-03,30.17
2021-09-04,29.77
2021-09-05,29.59
2021-09-06,29.53
2021-09-07,29.51
2021-09-08,29.13
2021-09-09,29.4
2021-09-10,29.11
2021-09-11,28.91
2021-09-12,28.52
2021-09-13,28.21
2021-09-14,28.79
2021-09-15,28.78
2021-09-16,28.51
2021-09-17,27.73
2021-09-18,28.01
2021-09-19,28.02
2021-09-20,28.18
2021-09-21,28.02
2021-09-22,28.6
2021-09-23,28.21
2021-09-24,27.76
2021-09-25,26.87
2021-09-26,27.19
2021-09-27,27.07
2021-09-28,26.78
2021-09-29,26.76
2021-09-30,27.15
2021-10-01,26.78
2021-10-02,26.75
2021-10-03,26.98
2021-10-04,26.86
2021-10-05,26.17
2021-10-06,25.98
2021-10-07,26.4
2021-10-08,26.26
2021-10-09,25.8
2021-10-10,26.01
2021-10-11,26.1
2021-10-12,25.97
2021-10-13,25.91
2021-10-14,25.48
2021-10-15,25.98
2021-10-16,26.06
2021-10-17,25.92
2021-10-18,26.06
2021-10-19,26.02
2021-10-20,25.5
2021-10-21,24.95
2021-10-22,24.91
2021-10-23,24.96
2021-10-24,24.78
2021-10-25,24.48
2021-10-26,24.49
2021-10-27,25.13
2021-10-28,25.36
2021-10-29,24.4
2021-10-30,23.79
2021-10-31,23.88
2021-11-01,24.36
2021-11-02,24.63
2021-11-03,24.27
2021-11-04,24.76
2021-11-05,24.4
2021-11-06,24.48
2021-11-07,24.42
2021-11-08,24.74
2021-11-09,24.68
2021-11-10,24.74
2021-11-11,24.77
2021-11-12,23.75
2021-11-13,23.45
2021-11-14,23.58
2021-11-15,23.37
2021-11-16,23.6
2021-11-17,23.47
2021-11-18,23.45
2021-11-19,23.71
2021-11-20,23.26
2021-11-21,22.68
2021-11-22,21.91
2021-11-23,21.89
2021-11-24,21.51
2021-11-25,21.39
2021-11-26,21.59
2021-11-27,22.11
2021-11-28,22.37
2021-11-29,22.03
2021-11-30,22.24
2021-12-01,22.49
2021-12-02,22.49
2021-12-03,21.92
2021-12-04,21.56
2021-12-05,21.56
2021-12-06,20.88
2021-12-07,20.79
2021-12-08,20.55
2021-12-09,20.24
2021-12-10,19.26
2021-12-11,19.16
2021-12-12,19.78
2021-12-13,20.07
2021-12-14,20.04
2021-12-15,19.54
2021-12-16,19.13
2021-12-17,18.89
2021-12-18,18.68
2021-12-19,18.37
2021-12-20,18.74
2021-12-21,18.02
2021-12-22,17.41
2021-12-23,16.63
2021-12-24,17.05
2021-12-25,17.25
2021-12-26,17.59
2021-12-27,17.77
2021-12-28,18.04
2021-12-29,18.17
2021-12-30,18.18
2021-12-31,18.02
2022-01-01,18.05
2022-01-02,17.72
2022-01-03,17.76
2022-01-04,17.29
2022-01-05,17.15
2022-01-06,17.18
2022-01-07,17.44
2022-01-08,17.44
2022-01-09,17.3
2022-01-10,16.54
2022-01-11,16.26
2022-01-12,16.6
2022-01-13,16.51
2022-01-14,16.48
2022-01-15,15.63
2022-01-16,16.12
2022-01-17,16.13
2022-01-18,15.53
2022-01-19,15.26
2022-01-20,15.49
2022-01-21,15.17
2022-01-22,15.2
2022-01-23,15.25
2022-01-24,15.2
2022-01-25,14.41
2022-01-26,14.4
2022-01-27,14.2
2022-01-28,14.77
2022-01-29,14.99
2022-01-30,14.04
2022-01-31,14.41
2022-02-01,14.62
2022-02-02,14.42
2022-02-03,14.46
2022-02-04,14.54
2022-02-05,15.13
2022-02-06,14.59
2022-02-07,15.01
2022-02-08,15.34
2022-02-09,15.8
2022-02-10,14.86
2022-02-11,14.98
2022-02-12,14.7
2022-02-13,15.24
2022-02-14,15.47
2022-02-15,15.83
2022-02-16,15.81
2022-02-17,15.57
2022-02-18,15.47
2022-02-19,15.62
2022-02-20,15.47
2022-02-21,16.18
2022-02-22,16.97
2022-02-23,17.15
2022-02-24,16.66
2022-02-25,15.9
2022-02-26,16.1
2022-02-27,16.08
2022-02-28,16.54
2022-03-01,15.82
2022-03-02,16.14
2022-03-03,16.44
2022-03-04,16.6
2022-03-05,16.17
2022-03-06,16.53
2022-03-07,17.09
2022-03-08,17.05
2022-03-09,17.34
2022-03-10,17.2
2022-03-11,16.8
2022-03-12,16.59
2022-03-13,15.42
2022-03-14,15.61
2022-03-15,15.74
2022-03-16,15.66
2022-03-17,15.89
2022-03-18,15.82
2022-03-19,15.96
2022-03-20,15.98
2022-03-21,15.43
2022-03-22,15.42
2022-03-23,15.32
2022-03-24,15.22
2022-03-25,15.24
2022-03-26,15.14
2022-03-27,15.55
2022-03-28,15.66
2022-03-29,15.36
2022-03-30,16.35
2022-03-31,16.75
2022-04-01,16.89
2022-04-02,17.08
2022-04-03,18.37
2022-04-04,18.4
2022-04-05,18.39
2022-04-06,18.44
2022-04-07,18.57
2022-04-08,18.47
2022-04-09,17.82
2022-04-10,18.51
2022-04-11,18.3
2022-04-12,18.9
2022-04-13,18.89
2022-04-14,19.28
2022-04-15,19.15
2022-04-16,18.95
2022-04-17,18.83
2022-04-18,18.86
2022-04-19,18.83
2022-04-20,19.69
2022-04-21,20.29
2022-04-22,20.11
2022-04-23,20.25
2022-04-24,19.78
2022-04-25,19.77
2022-04-26,20.19
2022-04-27,20.76
2022-04-28,20.69
2022-04-29,21.59
2022-04-30,21.02
2022-05-01,21.19
2022-05-02,20.56
2022-05-03,20.83
2022-05-04,21.25
2022-05-05,21.56
2022-05-06,20.49
2022-05-07,21.16
2022-05-08,21.36
2022-05-09,21.14
2022-05-10,20.71
2022-05-11,21.72
2022-05-12,21.89
2022-05-13,21.21
2022-05-14,21.19
2022-05-15,21.84
2022-05-16,22.53
2022-05-17,21.82
2022-05-18,22.34
2022-05-19,23.12
2022-05-20,23.71
2022-05-21,22.82
2022-05-22,23.62
2022-05-23,23.7
2022-05-24,23.04
2022-05-25,22.77
2022-05-26,22.97
2022-05-27,23.73
2022-05-28,23.76
2022-05-29,24.32
2022-05-30,25.63
2022-05-31,25.8
2022-06-01,24.91
2022-06-02,25.26
2022-06-03,26.06
2022-06-04,25.92
2022-06-05,25.79
2022-06-06,25.22
2022-06-07,26.62
2022-06-08,26.42
2022-06-09,27.02
2022-06-10,27.17
2022-06-11,28.0
2022-06-12,27.8
2022-06-13,27.13
2022-06-14,26.99
2022-06-15,27.67
2022-06-16,27.12
2022-06-17,27.24
2022-06-18,27.38
2022-06-19,27.65
2022-06-20,27.31
2022-06-21,26.89
2022-06-22,26.91
2022-06-23,27.37
2022-06-24,27.43
2022-06-25,27.24
2022-06-26,27.74
2022-06-27,28.16
2022-06-28,27.47
2022-06-29,27.81
2022-06-30,28.19
2022-07-01,28.61
2022-07-02,28.44
2022-07-03,28.08
2022-07-04,29.22
2022-07-05,29.1
2022-07-06,29.45
2022-07-07,29.08
2022-07-08,28.76
2022-07-09,29.37
2022-07-10,29.23
2022-07-11,29.37
2022-07-12,29.01
2022-07-13,29.33
2022-07-14,29.01
2022-07-15,28.93
2022-07-16,28.95
2022-07-17,28.8
2022-07-18,28.48
2022-07-19,28.85
2022-07-20,29.55
2022-07-21,29.39
2022-07-22,29.29
2022-07-23,29.64
2022-07-24,29.27
2022-07-25,29.6
2022-07-26,29.63
2022-07-27,30.63
2022-07-28,29.69
2022-07-29,30.17
2022-07-30,30.36
2022-07-31,29.88
2022-08-01,30.23
2022-08-02,29.38
2022-08-03,29.93
2022-08-04,29.84
2022-08-05,29.83
2022-08-06,28.95
2022-08-07,29.39
2022-08-08,30.13
2022-08-09,30.04
2022-08-10,29.86
2022-08-11,30.17
2022-08-12,30.46
2022-08-13,29.77
2022-08-14,30.25
2022-08-15,30.12
2022-08-16,29.7
2022-08-17,30.06
2022-08-18,29.71
2022-08-19,29.96
2022-08-20,29.98
2022-08-21,29.85
2022-08-22,29.58
2022-08-23,29.92
2022-08-24,29.9
2022-08-25,29.77
2022-08-26,29.23
2022-08-27,29.85
2022-08-28,29.36
2022-08-29,28.99
2022-08-30,28.14
2022-08-31,29.26
2022-09-01,29.7
2022-09-02,29.21
2022-09-03,28.71
2022-09-04,29.56
2022-09-05,29.43
2022-09-06,29.77
2022-09-07,29.04
2022-09-08,29.69
2022-09-09,29.28
2022-09-10,28.85
2022-09-11,29.14
2022-09-12,28.9
2022-09-13,29.1
2022-09-14,29.05
2022-09-15,28.47
2022-09-16,28.36
2022-09-17,28.11
2022-09-18,28.39
2022-09-19,29.26
2022-09-20,28.57
2022-09-21,28.7
2022-09-22,27.76
2022-09-23,28.26
2022-09-24,28.37
2022-09-25,27.44
2022-09-26,26.48
2022-09-27,27.39
2022-09-28,27.95
2022-09-29,27.62
2022-09-30,27.88
2022-10-01,28.28
2022-10-02,28.18
2022-10-03,28.19
2022-10-04,27.96
2022-10-05,28.17
2022-10-06,27.9
2022-10-07,27.23
2022-10-08,27.07
2022-10-09,27.21
2022-10-10,26.65
2022-10-11,26.29
2022-10-12,26.2
2022-10-13,26.54
2022-10-14,26.29
2022-10-15,25.75
2022-10-16,25.96
2022-10-17,26.58
2022-10-18,26.22
2022-10-19,25.55
2022-10-20,25.7
2022-10-21,25.6
2022-10-22,25.68
2022-10-23,24.72
2022-10-24,25.07
2022-10-25,25.36
2022-10-26,24.52
2022-10-27,23.62
2022-10-28,24.73
2022-10-29,24.98
2022-10-30,24.47
2022-10-31,24.28
2022-11-01,24.5
2022-11-02,24.64
2022-11-03,23.71
2022-11-04,23.94
2022-11-05,23.42
2022-11-06,23.44
2022-11-07,23.16
2022-11-08,23.64
2022-11-09,24.03
2022-11-10,23.66
2022-11-11,23.33
2022-11-12,23.18
2022-11-13,23.51
2022-11-14,23.06
2022-11-15,22.44
2022-11-16,22.28
2022-11-17,22.32
2022-11-18,21.97
2022-11-19,21.74
2022-11-20,22.55
2022-11-21,22.29
2022-11-22,21.96
2022-11-23,21.87
2022-11-24,22.16
2022-11-25,21.92
2022-11-26,21.57
2022-11-27,21.76
2022-11-28,22.16
2022-11-29,21.53
2022-11-30,21.08
2022-12-01,21.23
2022-12-02,21.39
2022-12-03,21.01
2022-12-04,20.89
2022-12-05,20.75
2022-12-06,20.97
2022-12-07,20.46
2022-12-08,19.95
2022-12-09,19.43
2022-12-10,20.57
2022-12-11,20.47
2022-12-12,19.96
2022-12-13,20.1
2022-12-14,19.89
2022-12-15,19.88
2022-12-16,20.34
2022-12-17,20.93
2022-12-18,21.0
2022-12-19,20.74
2022-12-20,20.52
2022-12-21,20.67
2022-12-22,20.39
2022-12-23,19.84
2022-12-24,19.81
2022-12-25,19.87
2022-12-26,19.47
2022-12-27,19.02
2022-12-28,18.56
2022-12-29,18.64
2022-12-30,18.51
2022-12-31,18.54
2023-01-01,18.81
2023-01-02,18.98
2023-01-03,18.77
2023-01-04,18.45
2023-01-05,18.2
2023-01-06,18.37
2023-01-07,18.15
2023-01-08,18.29
2023-01-09,18.34
2023-01-10,18.04
2023-01-11,18.58
2023-01-12,17.88
2023-01-13,18.15
2023-01-14,17.96
2023-01-15,18.21
2023-01-16,17.26
2023-01-17,17.39
2023-01-18,18.15
2023-01-19,17.54
2023-01-20,17.38
2023-01-21,17.56
2023-01-22,17.74
2023-01-23,17.87
2023-01-24,18.07
2023-01-25,18.2
2023-01-26,18.04
2023-01-27,17.68
2023-01-28,17.7
2023-01-29,17.93
2023-01-30,18.03
2023-01-31,17.4
2023-02-01,17.13
2023-02-02,17.36
2023-02-03,17.14
2023-02-04,17.14
2023-02-05,17.09
2023-02-06,16.68
2023-02-07,16.06
2023-02-08,15.7
2023-02-09,15.66
2023-02-10,16.36
2023-02-11,15.68
2023-02-12,15.53
2023-02-13,15.62
2023-02-14,16.39
2023-02-15,15.92
2023-02-16,15.53
2023-02-17,15.62
2023-02-18,15.82
2023-02-19,15.59
2023-02-20,15.68
2023-02-21,15.85
2023-02-22,16.18
2023-02-23,15.95
2023-02-24,16.83
2023-02-25,17.19
2023-02-26,17.58
2023-02-27,17.19
2023-02-28,17.59
2023-03-01,17.82
2023-03-02,18.61
2023-03-03,18.47
2023-03-04,17.82
2023-03-05,18.35
2023-03-06,18.44
2023-03-07,18.3
2023-03-08,18.27
2023-03-09,18.4
2023-03-10,18.53
2023-03-11,18.25
2023-03-12,18.84
2023-03-13,19.17
2023-03-14,18.46
2023-03-15,18.35
2023-03-16,18.59
2023-03-17,18.42
2023-03-18,18.18
2023-03-19,18.55
2023-03-20,18.66
2023-03-21,18.26
2023-03-22,18.26
2023-03-23,18.13
2023-03-24,17.92
2023-03-25,18.0
2023-03-26,18.13
2023-03-27,19.89
2023-03-28,19.59
2023-03-29,19.52
2023-03-30,18.83
2023-03-31,18.16
2023-04-01,18.35
2023-04-02,18.41
2023-04-03,18.93
2023-04-04,18.96
2023-04-05,18.95
2023-04-06,18.64
2023-04-07,18.66
2023-04-08,18.47
2023-04-09,18.9
2023-04-10,19.03
2023-04-11,19.14
2023-04-12,19.51
2023-04-13,19.26
2023-04-14,18.75
2023-04-15,19.28
2023-04-16,19.77
2023-04-17,20.07
2023-04-18,20.3
2023-04-19,20.33
2023-04-20,20.38
2023-04-21,20.32
2023-04-22,19.49
2023-04-23,20.1
2023-04-24,21.07
2023-04-25,21.19
2023-04-26,21.27
2023-04-27,21.91
2023-04-28,22.06
2023-04-29,21.4
2023-04-30,21.08
2023-05-01,20.49
2023-05-02,20.53
2023-05-03,20.54
2023-05-04,21.09
2023-05-05,21.23
2023-05-06,22.04
2023-05-07,21.53
2023-05-08,21.26
2023-05-09,21.23
2023-05-10,21.56
2023-05-11,21.36
2023-05-12,21.06
2023-05-13,22.59
2023-05-14,22.2
2023-05-15,22.07
2023-05-16,23.02
2023-05-17,22.87
2023-05-18,23.23
2023-05-19,22.91
2023-05-20,22.63
2023-05-21,23.11
2023-05-22,22.25
2023-05-23,22.44
2023-05-24,23.71
2023-05-25,23.49
2023-05-26,23.18
2023-05-27,23.67
2023-05-28,23.61
2023-05-29,24.32
2023-05-30,24.56
2023-05-31,24.32
2023-06-01,24.53
2023-06-02,24.3
2023-06-03,23.67
2023-06-04,24.11
2023-06-05,24.78
2023-06-06,24.99
2023-06-07,25.27
2023-06-08,24.95
2023-06-09,24.9
2023-06-10,25.78
2023-06-11,25.74
2023-06-12,25.82
2023-06-13,25.97
2023-06-14,25.8
2023-06-15,25.73
2023-06-16,26.5
2023-06-17,26.74
2023-06-18,26.37
2023-06-19,26.26
2023-06-20,25.63
2023-06-21,25.92
2023-06-22,25.59
2023-06-23,26.59
2023-06-24,26.94
2023-06-25,26.95
2023-06-26,27.41
2023-06-27,27.09
2023-06-28,27.39
2023-06-29,27.24
2023-06-30,28.07
2023-07-01,27.12
2023-07-02,27.92
2023-07-03,27.2
2023-07-04,27.45
2023-07-05,26.93
2023-07-06,27.87
2023-07-07,28.0
2023-07-08,27.6
2023-07-09,27.67
2023-07-10,28.1
2023-07-11,27.86
2023-07-12,28.5
2023-07-13,28.91
2023-07-14,29.03
2023-07-15,29.09
2023-07-16,29.14
2023-07-17,29.13
2023-07-18,29.27
2023-07-19,29.18
2023-07-20,29.68
2023-07-21,30.22
2023-07-22,30.0
2023-07-23,30.29
2023-07-24,30.2
2023-07-25,30.76
2023-07-26,30.59
2023-07-27,31.78
2023-07-28,31.32
2023-07-29,31.26
2023-07-30,30.99
2023-07-31,30.64
2023-08-01,30.04
2023-08-02,30.85
2023-08-03,30.83
2023-08-04,30.84
2023-08-05,30.97
2023-08-06,30.52
2023-08-07,30.58
2023-08-08,30.14
2023-08-09,30.57
2023-08-10,30.65
2023-08-11,30.79
2023-08-12,30.13
2023-08-13,29.78
2023-08-14,29.94
2023-08-15,30.53
2023-08-16,29.57
2023-08-17,29.49
2023-08-18,29.31
2023-08-19,28.87
2023-08-20,29.03
2023-08-21,28.96
2023-08-22,29.3
2023-08-23,29.45
2023-08-24,29.24
2023-08-25,29.46
2023-08-26,29.49
2023-08-27,29.7
2023-08-28,30.39
2023-08-29,29.95
2023-08-30,29.89
2023-08-31,29.44
2023-09-01,29.96
2023-09-02,30.03
2023-09-03,29.99
2023-09-04,29.5
2023-09-05,29.5
2023-09-06,29.88
2023-09-07,29.55
2023-09-08,28.89
2023-09-09,29.44
2023-09-10,29.4
2023-09-11,29.84
2023-09-12,29.32
2023-09-13,28.95
2023-09-14,29.04
2023-09-15,29.43
2023-09-16,29.15
2023-09-17,29.34
2023-09-18,29.45
2023-09-19,29.12
2023-09-20,29.55
2023-09-21,29.39
2023-09-22,28.81
2023-09-23,28.69
2023-09-24,28.84
2023-09-25,28.89
2023-09-26,29.45
2023-09-27,28.77
2023-09-28,29.3
2023-09-29,29.43
2023-09-30,28.5
2023-10-01,28.5
2023-10-02,28.66
2023-10-03,28.14
2023-10-04,27.96
2023-10-05,27.98
2023-10-06,27.84
2023-10-07,27.57
2023-10-08,27.34
2023-10-09,26.68
2023-10-10,26.96
2023-10-11,27.18
2023-10-12,26.8
2023-10-13,26.75
2023-10-14,26.7
2023-10-15,26.61
2023-10-16,26.49
2023-10-17,26.13
2023-10-18,26.24
2023-10-19,26.45
2023-10-20,25.7
2023-10-21,25.9
2023-10-22,26.63
2023-10-23,26.08
2023-10-24,25.71
2023-10-25,26.04
2023-10-26,26.38
2023-10-27,26.24
2023-10-28,25.66
2023-10-29,26.36
2023-10-30,26.79
2023-10-31,26.92
2023-11-01,26.46
2023-11-02,25.98
2023-11-03,26.53
2023-11-04,26.24
2023-11-05,25.91
2023-11-06,26.34
2023-11-07,26.33
2023-11-08,26.99
2023-11-09,26.48
2023-11-10,26.31
2023-11-11,25.84
2023-11-12,25.48
2023-11-13,25.45
2023-11-14,25.64
2023-11-15,25.55
2023-11-16,25.08
2023-11-17,24.61
2023-11-18,24.88
2023-11-19,24.82
2023-11-20,24.37
2023-11-21,23.5
2023-11-22,23.66
2023-11-23,23.25
2023-11-24,22.58
2023-11-25,22.78
2023-11-26,23.46
2023-11-27,22.9
2023-11-28,22.43
2023-11-29,22.54
2023-11-30,21.99
2023-12-01,21.71
2023-12-02,21.35
2023-12-03,21.32
2023-12-04,21.52
2023-12-05,21.18
2023-12-06,20.88
2023-12-07,20.69
2023-12-08,20.87
2023-12-09,21.15
2023-12-10,20.52
2023-12-11,20.7
2023-12-12,21.5
2023-12-13,21.72
2023-12-14,20.93
2023-12-15,20.87
2023-12-16,20.86
2023-12-17,20.57
2023-12-18,20.61
2023-12-19,21.2
2023-12-20,20.73
2023-12-21,20.57
2023-12-22,19.87
2023-12-23,20.06
2023-12-24,19.79
2023-12-25,20.16
2023-12-26,20.13
2023-12-27,19.64
2023-12-28,21.45
2023-12-29,20.47
2023-12-30,19.93
2023-12-31,20.29
2024-01-01,19.33
2024-01-02,19.2
2024-01-03,19.61
2024-01-04,19.7
2024-01-05,19.79
2024-01-06,19.89
2024-01-07,19.76
2024-01-08,19.79
2024-01-09,19.31
2024-01-10,19.03
2024-01-11,18.92
2024-01-12,19.02
2024-01-13,18.69
2024-01-14,18.96
2024-01-15,18.56
2024-01-16,17.87
2024-01-17,17.33
2024-01-18,17.5
2024-01-19,18.02
2024-01-20,18.9
2024-01-21,18.65
2024-01-22,18.28
2024-01-23,18.62
2024-01-24,18.28
2024-01-25,18.32
2024-01-26,17.56
2024-01-27,17.91
2024-01-28,17.84
2024-01-29,17.48
2024-01-30,17.14
2024-01-31,16.89
2024-02-01,16.62
2024-02-02,17.12
2024-02-03,16.5
2024-02-04,16.46
2024-02-05,16.15
2024-02-06,16.53
2024-02-07,16.35
2024-02-08,17.14
2024-02-09,16.99
2024-02-10,16.88
2024-02-11,17.01
2024-02-12,17.13
2024-02-13,16.98
2024-02-14,16.87
2024-02-15,17.22
2024-02-16,17.4
2024-02-17,17.39
2024-02-18,17.31
2024-02-19,17.47
2024-02-20,17.35
2024-02-21,16.88
2024-02-22,17.59
2024-02-23,17.61
2024-02-24,17.58
2024-02-25,17.58
2024-02-26,17.74
2024-02-27,17.99
2024-02-28,17.83
2024-02-29,17.95
2024-03-01,18.22
2024-03-02,18.29
2024-03-03,17.97
2024-03-04,18.35
2024-03-05,18.5
2024-03-06,18.75
2024-03-07,17.78
2024-03-08,18.32
2024-03-09,18.77
2024-03-10,18.55
2024-03-11,18.36
2024-03-12,18.9
2024-03-13,18.87
2024-03-14,18.68
2024-03-15,19.11
2024-03-16,19.41
2024-03-17,19.12
2024-03-18,18.08
2024-03-19,18.39
2024-03-20,18.43
2024-03-21,19.01
2024-03-22,18.58
2024-03-23,18.41
2024-03-24,18.23
2024-03-25,18.27
2024-03-26,17.91
2024-03-27,18.46
2024-03-28,19.07
2024-03-29,19.13
2024-03-30,19.55
2024-03-31,19.69
2024-04-01,19.84
2024-04-02,20.54
2024-04-03,20.86
2024-04-04,21.21
2024-04-05,21.55
2024-04-06,21.61
2024-04-07,21.08
2024-04-08,20.76
2024-04-09,21.01
2024-04-10,21.27
2024-04-11,20.66
2024-04-12,21.31
2024-04-13,21.5
2024-04-14,21.5
2024-04-15,21.09
2024-04-16,22.2
2024-04-17,22.42
2024-04-18,21.99
2024-04-19,21.36
2024-04-20,22.51
2024-04-21,22.62
2024-04-22,22.43
2024-04-23,21.66
2024-04-24,22.37
2024-04-25,22.74
2024-04-26,21.96
2024-04-27,21.75
2024-04-28,21.06
2024-04-29,22.34
2024-04-30,21.97
2024-05-01,22.52
2024-05-02,23.22
2024-05-03,22.64
2024-05-04,22.83
2024-05-05,22.32
2024-05-06,22.28
2024-05-07,22.38
2024-05-08,22.41
2024-05-09,22.85
2024-05-10,23.21
2024-05-11,22.64
2024-05-12,22.34
2024-05-13,22.44
2024-05-14,23.18
2024-05-15,22.77
2024-05-16,22.93
2024-05-17,23.16
2024-05-18,24.09
2024-05-19,23.69
2024-05-20,23.19
2024-05-21,23.91
2024-05-22,25.37
2024-05-23,25.32
2024-05-24,25.51
2024-05-25,25.35
2024-05-26,25.24
2024-05-27,24.78
2024-05-28,24.57
2024-05-29,24.92
2024-05-30,25.43
2024-05-31,25.85
2024-06-01,24.86
2024-06-02,25.92
2024-06-03,26.1
2024-06-04,27.09
2024-06-05,26.57
2024-06-06,26.61
2024-06-07,27.34
2024-06-08,27.2
2024-06-09,27.32
2024-06-10,27.35
2024-06-11,26.54
2024-06-12,27.7
2024-06-13,27.99
2024-06-14,28.42
2024-06-15,28.61
2024-06-16,28.82
2024-06-17,29.97
2024-06-18,29.13
2024-06-19,28.78
2024-06-20,28.95
2024-06-21,28.71
2024-06-22,29.58
2024-06-23,29.08
2024-06-24,29.35
2024-06-25,29.84
2024-06-26,29.94
2024-06-27,29.33
2024-06-28,28.77
2024-06-29,29.9
2024-06-30,29.83
2024-07-01,29.49
2024-07-02,29.55
2024-07-03,29.8
2024-07-04,29.86
2024-07-05,28.93
2024-07-06,29.59
2024-07-07,29.5
2024-07-08,29.81
2024-07-09,29.83
2024-07-10,29.33
2024-07-11,30.3
2024-07-12,30.26
2024-07-13,30.27
2024-07-14,31.21
2024-07-15,30.57
2024-07-16,30.57
2024-07-17,30.89
2024-07-18,31.05
2024-07-19,30.88
2024-07-20,30.98
2024-07-21,31.02
2024-07-22,30.99
2024-07-23,30.98
2024-07-24,30.62
2024-07-25,31.76
2024-07-26,31.02
2024-07-27,30.42
2024-07-28,31.03
2024-07-29,31.15
2024-07-30,31.16
2024-07-31,30.87
2024-08-01,30.33
2024-08-02,30.54
2024-08-03,30.99
2024-08-04,31.13
2024-08-05,30.84
2024-08-06,30.5
2024-08-07,30.46
2024-08-08,31.25
2024-08-09,30.99
2024-08-10,31.4
2024-08-11,30.99
2024-08-12,30.2
2024-08-13,30.02
2024-08-14,30.03
2024-08-15,31.29
2024-08-16,31.29
2024-08-17,30.51
2024-08-18,30.85
2024-08-19,30.79
2024-08-20,31.07
2024-08-21,31.11
2024-08-22,31.08
2024-08-23,31.06
2024-08-24,31.2
2024-08-25,31.48
2024-08-26,31.35
2024-08-27,31.08
2024-08-28,30.6
2024-08-29,30.84
2024-08-30,30.72
2024-08-31,31.28
2024-09-01,30.72
2024-09-02,30.98
2024-09-03,30.76
2024-09-04,31.18
2024-09-05,30.42
2024-09-06,30.28
2024-09-07,30.32
2024-09-08,30.47
2024-09-09,30.09
2024-09-10,29.61
2024-09-11,30.28
2024-09-12,30.04
2024-09-13,29.81
2024-09-14,29.92
2024-09-15,29.88
2024-09-16,28.99
2024-09-17,29.14
2024-09-18,29.01
2024-09-19,28.7
2024-09-20,28.25
2024-09-21,29.49
2024-09-22,29.21
2024-09-23,28.82
2024-09-24,28.45
2024-09-25,28.57
2024-09-26,28.29
2024-09-27,28.12
2024-09-28,28.3
2024-09-29,28.41
2024-09-30,28.26
2024-10-01,27.85
2024-10-02,27.59
2024-10-03,26.79
2024-10-04,27.0
2024-10-05,27.2
2024-10-06,27.48
2024-10-07,26.81
2024-10-08,27.34
2024-10-09,27.42
2024-10-10,27.49
2024-10-11,27.54
2024-10-12,27.93
2024-10-13,27.51
2024-10-14,26.72
2024-10-15,27.78
2024-10-16,27.35
2024-10-17,27.29
2024-10-18,27.03
2024-10-19,27.28
2024-10-20,27.56
2024-10-21,27.04
2024-10-22,26.19
2024-10-23,25.81
2024-10-24,25.44
2024-10-25,24.92
2024-10-26,24.4
2024-10-27,24.03
2024-10-28,24.0
2024-10-29,24.12
2024-10-30,23.9
2024-10-31,23.46
2024-11-01,23.47
2024-11-02,23.68
2024-11-03,23.57
2024-11-04,23.45
2024-11-05,23.66
2024-11-06,23.61
2024-11-07,23.67
2024-11-08,23.69
2024-11-09,23.61
2024-11-10,23.18
2024-11-11,23.07
2024-11-12,23.32
2024-11-13,23.24
2024-11-14,22.92
2024-11-15,22.67
2024-11-16,22.78
2024-11-17,22.67
2024-11-18,22.41
2024-11-19,22.59
2024-11-20,22.02
2024-11-21,22.04
2024-11-22,22.17
2024-11-23,22.26
2024-11-24,22.48
2024-11-25,22.61
2024-11-26,22.65
2024-11-27,21.4
2024-11-28,20.94
2024-11-29,20.54
2024-11-30,20.63
2024-12-01,20.69
2024-12-02,20.83
2024-12-03,20.41
2024-12-04,19.93
2024-12-05,19.83
2024-12-06,20.16
2024-12-07,20.29
2024-12-08,19.9
2024-12-09,19.75
2024-12-10,20.02
2024-12-11,20.16
2024-12-12,20.61
2024-12-13,20.63
2024-12-14,19.75
2024-12-15,20.11
2024-12-16,19.6
2024-12-17,19.6
2024-12-18,19.39
2024-12-19,19.43
2024-12-20,19.49
2024-12-21,19.01
2024-12-22,18.72
2024-12-23,19.3
2024-12-24,18.93
2024-12-25,18.15
2024-12-26,17.87
2024-12-27,17.6
2024-12-28,17.59
2024-12-29,17.0
2024-12-30,16.43
2024-12-31,16.95
2025-01-01,16.98
2025-01-02,16.55
2025-01-03,16.89
2025-01-04,17.0
2025-01-05,17.21
2025-01-06,17.21
2025-01-07,16.83
2025-01-08,17.18
2025-01-09,17.38
2025-01-10,16.8
2025-01-11,17.57
2025-01-12,17.64
2025-01-13,17.79
2025-01-14,17.87
2025-01-15,18.29
2025-01-16,18.38
2025-01-17,17.97
2025-01-18,18.09
2025-01-19,18.05
2025-01-20,18.12
2025-01-21,18.0
2025-01-22,18.05
2025-01-23,18.34
2025-01-24,18.49
2025-01-25,17.91
2025-01-26,17.94
2025-01-27,18.72
2025-01-28,18.98
2025-01-29,18.08
2025-01-30,18.18
2025-01-31,18.61
2025-02-01,18.5
2025-02-02,17.95
2025-02-03,18.0
2025-02-04,18.22
2025-02-05,17.88
2025-02-06,17.91
2025-02-07,17.75
2025-02-08,17.37
2025-02-09,16.98
2025-02-10,16.78
2025-02-11,16.72
2025-02-12,16.74
2025-02-13,16.28
2025-02-14,16.21
2025-02-15,16.44
2025-02-16,16.88
2025-02-17,15.94
2025-02-18,16.77
2025-02-19,16.99
2025-02-20,17.41
2025-02-21,16.77
2025-02-22,17.1
2025-02-23,17.12
2025-02-24,16.99
2025-02-25,16.56
2025-02-26,16.29
2025-02-27,16.17
2025-02-28,16.22
2025-03-01,16.02
2025-03-02,17.14
2025-03-03,17.03
2025-03-04,16.78
2025-03-05,16.02
2025-03-06,16.43
2025-03-07,17.69
2025-03-08,17.5
2025-03-09,17.67
2025-03-10,18.22
2025-03-11,18.6
2025-03-12,18.79
2025-03-13,18.61
2025-03-14,19.06
2025-03-15,19.87
2025-03-16,20.54
2025-03-17,20.9
2025-03-18,20.77
2025-03-19,20.3
2025-03-20,19.66
2025-03-21,19.12
2025-03-22,18.76
2025-03-23,18.6
2025-03-24,18.15
2025-03-25,18.29
2025-03-26,18.29
2025-03-27,18.75
2025-03-28,19.35
2025-03-29,19.46
2025-03-30,19.68
2025-03-31,18.79
2025-04-01,19.3
2025-04-02,20.18
2025-04-03,20.33
2025-04-04,19.81
2025-04-05,19.63
2025-04-06,20.24
2025-04-07,20.54
2025-04-08,19.95
2025-04-09,19.46
2025-04-10,20.8
2025-04-11,20.25
2025-04-12,19.3
2025-04-13,19.44
2025-04-14,19.68
2025-04-15,19.98
2025-04-16,19.02
2025-04-17,19.68
2025-04-18,19.94
2025-04-19,20.59
2025-04-20,20.72
2025-04-21,20.86
2025-04-22,20.86
2025-04-23,21.13
2025-04-24,21.24
2025-04-25,21.33
2025-04-26,21.58
2025-04-27,21.33
2025-04-28,21.74
2025-04-29,22.08
2025-04-30,22.06
2025-05-01,21.6
2025-05-02,21.23
2025-05-03,22.22
2025-05-04,22.44
2025-05-05,21.97
2025-05-06,21.63
2025-05-07,22.7
2025-05-08,22.77
2025-05-09,22.8
2025-05-10,23.44
2025-05-11,23.99
2025-05-12,23.73
2025-05-13,22.3
2025-05-14,23.08
2025-05-15,23.61
2025-05-16,23.6
2025-05-17,22.79
2025-05-18,23.26
2025-05-19,24.15
2025-05-20,24.04
2025-05-21,23.78
2025-05-22,24.37
2025-05-23,24.05
2025-05-24,24.25
2025-05-25,24.44
2025-05-26,25.31
2025-05-27,24.58
2025-05-28,24.9
2025-05-29,24.02
2025-05-30,24.56
2025-05-31,24.66
2025-06-01,24.17
2025-06-02,24.71
2025-06-03,24.97
2025-06-04,24.69
2025-06-05,24.88
2025-06-06,25.25
2025-06-07,25.5
2025-06-08,25.89
2025-06-09,24.87
2025-06-10,26.17
2025-06-11,26.31
2025-06-12,25.87
2025-06-13,26.08
2025-06-14,26.36
2025-06-15,27.19
2025-06-16,26.42
2025-06-17,26.77
2025-06-18,27.71
2025-06-19,27.17
2025-06-20,27.57
2025-06-21,27.37
2025-06-22,27.83
2025-06-23,27.5
2025-06-24,26.85
2025-06-25,27.01
2025-06-26,27.79
2025-06-27,27.69
2025-06-28,28.35
2025-06-29,28.41
2025-06-30,28.42
2025-07-01,28.66
2025-07-02,28.34
2025-07-03,28.57
2025-07-04,28.79
2025-07-05,28.63
2025-07-06,29.25
2025-07-07,29.27
2025-07-08,29.33
2025-07-09,29.42
2025-07-10,28.54
2025-07-11,28.89
2025-07-12,29.36
2025-07-13,29.17
2025-07-14,29.38
2025-07-15,29.76
2025-07-16,29.39
2025-07-17,29.49
2025-07-18,29.38
2025-07-19,29.95
2025-07-20,29.92
2025-07-21,29.42
2025-07-22,29.88
2025-07-23,30.25
2025-07-24,30.05
2025-07-25,30.32
2025-07-26,29.77
2025-07-27,30.57
2025-07-28,30.41
2025-07-29,30.35
2025-07-30,30.35
2025-07-31,30.4
2025-08-01,29.99
2025-08-02,29.68
2025-08-03,29.61
2025-08-04,29.66
2025-08-05,29.82
2025-08-06,30.04
2025-08-07,30.03
2025-08-08,29.71
2025-08-09,29.99
2025-08-10,29.88
2025-08-11,29.99
2025-08-12,30.41
2025-08-13,29.61
2025-08-14,30.33
2025-08-15,30.87
2025-08-16,30.93
2025-08-17,29.94
2025-08-18,30.0
2025-08-19,30.08
2025-08-20,30.5
2025-08-21,30.45
2025-08-22,29.69
2025-08-23,30.48
2025-08-24,30.27
2025-08-25,30.63
2025-08-26,30.18
2025-08-27,29.87
2025-08-28,29.56
2025-08-29,28.83
2025-08-30,29.74
2025-08-31,29.53
2025-09-01,29.69
2025-09-02,29.09
2025-09-03,29.37
2025-09-04,29.39
2025-09-05,29.06
2025-09-06,28.83
2025-09-07,29.5
2025-09-08,29.67
2025-09-09,29.05
2025-09-10,28.4
2025-09-11,28.72
2025-09-12,29.15
2025-09-13,28.63
2025-09-14,29.12
2025-09-15,28.99
2025-09-16,29.32
2025-09-17,28.77
2025-09-18,27.95
2025-09-19,28.92
2025-09-20,28.76
2025-09-21,28.6
2025-09-22,27.77
2025-09-23,27.78
2025-09-24,28.03
2025-09-25,27.55
2025-09-26,27.81
2025-09-27,27.88
2025-09-28,27.48
2025-09-29,27.05
2025-09-30,27.19
2025-10-01,27.87
2025-10-02,27.37
2025-10-03,27.32
2025-10-04,26.81
2025-10-05,27.56
2025-10-06,27.14
2025-10-07,26.47
2025-10-08,27.21
2025-10-09,26.96
2025-10-10,26.64
2025-10-11,26.14
2025-10-12,26.46
2025-10-13,25.96
2025-10-14,25.53
2025-10-15,25.65
2025-10-16,25.61
2025-10-17,25.6
2025-10-18,25.15
2025-10-19,24.92
2025-10-20,25.3
2025-10-21,26.15
2025-10-22,25.64
2025-10-23,25.95
2025-10-24,26.22
2025-10-25,25.96
2025-10-26,25.49
2025-10-27,26.05
2025-10-28,25.76
2025-10-29,26.07
2025-10-30,25.68
2025-10-31,25.63
2025-11-01,25.77
2025-11-02,25.5
2025-11-03,25.26
2025-11-04,25.07
2025-11-05,25.31
2025-11-06,24.94
2025-11-07,24.5
2025-11-08,25.52
2025-11-09,25.28
2025-11-10,24.89
2025-11-11,24.84
2025-11-12,24.4
2025-11-13,25.33
2025-11-14,24.46
2025-11-15,23.59
2025-11-16,23.82
2025-11-17,23.21
2025-11-18,23.13
2025-11-19,23.25
2025-11-20,23.48
2025-11-21,23.51
2025-11-22,23.35
2025-11-23,23.83
2025-11-24,23.65
2025-11-25,22.86
2025-11-26,22.42
2025-11-27,22.73
2025-11-28,22.85
2025-11-29,22.76
2025-11-30,22.64
2025-12-01,22.45
2025-12-02,22.47
2025-12-03,22.31
2025-12-04,22.12
2025-12-05,22.74
2025-12-06,21.97
2025-12-07,21.59
2025-12-08,20.91
2025-12-09,20.72
2025-12-10,20.36
2025-12-11,19.59
2025-12-12,19.81
2025-12-13,19.81
2025-12-14,20.18
2025-12-15,20.38
2025-12-16,19.85
2025-12-17,19.66
2025-12-18,19.77
2025-12-19,19.58
2025-12-20,19.45
2025-12-21,19.16
2025-12-22,18.5
2025-12-23,19.01
2025-12-24,19.13
2025-12-25,19.09
2025-12-26,19.67
2025-12-27,18.88
2025-12-28,19.34
2025-12-29,19.03
2025-12-30,18.48
2025-12-31,18.72
2026-01-01,18.71
2026-01-02,18.47
2026-01-03,17.94
2026-01-04,18.06
2026-01-05,17.59
2026-01-06,17.64
2026-01-07,17.67
2026-01-08,17.75
2026-01-09,17.72
2026-01-10,17.99
2026-01-11,17.11
2026-01-12,17.77
2026-01-13,17.89
2026-01-14,17.51
2026-01-15,16.76
2026-01-16,16.67
2026-01-17,16.85
2026-01-18,16.59
2026-01-19,17.35
2026-01-20,17.35
2026-01-21,16.78
2026-01-22,15.96
2026-01-23,16.07
2026-01-24,15.69
2026-01-25,16.76
2026-01-26,16.99
2026-01-27,16.79
2026-01-28,16.5
2026-01-29,16.97
2026-01-30,17.03
2026-01-31,16.3
2026-02-01,16.94
2026-02-02,17.53
2026-02-03,16.56
2026-02-04,16.55
2026-02-05,16.87
2026-02-06,17.04
2026-02-07,16.89
2026-02-08,17.45
2026-02-09,17.47
2026-02-10,17.74
2026-02-11,17.6
2026-02-12,17.47
2026-02-13,17.46
2026-02-14,17.1
2026-02-15,17.07
2026-02-16,17.99
2026-02-17,18.09
2026-02-18,18.39
2026-02-19,17.4
2026-02-20,17.5
2026-02-21,17.8
2026-02-22,17.52
2026-02-23,17.9
2026-02-24,18.15
2026-02-25,17.89
2026-02-26,17.91
2026-02-27,17.54
2026-02-28,17.34
2026-03-01,16.95
2026-03-02,16.48
2026-03-03,16.7
2026-03-04,16.71
2026-03-05,16.75
2026-03-06,17.42
2026-03-07,17.45
2026-03-08,17.82
2026-03-09,17.53
2026-03-10,17.63
2026-03-11,17.76
2026-03-12,17.8
2026-03-13,17.7
2026-03-14,17.54
2026-03-15,18.13
2026-03-16,18.03
2026-03-17,17.87
2026-03-18,18.13
2026-03-19,18.92
2026-03-20,18.39
2026-03-21,17.79
2026-03-22,17.44
2026-03-23,17.37
2026-03-24,17.91
2026-03-25,17.89
2026-03-26,17.75
2026-03-27,17.86
2026-03-28,17.96
2026-03-29,17.91
2026-03-30,18.19
2026-03-31,18.19
2026-04-01,18.16
2026-04-02,17.45
2026-04-03,17.21
2026-04-04,17.83
2026-04-05,18.85
2026-04-06,18.35
2026-04-07,18.4
2026-04-08,19.5
2026-04-09,19.95
2026-04-10,19.75
2026-04-11,19.78
2026-04-12,19.94
2026-04-13,19.74
2026-04-14,19.89
2026-04-15,20.39
2026-04-16,20.76
2026-04-17,20.74
2026-04-18,19.85
2026-04-19,21.16
2026-04-20,20.83
2026-04-21,20.55
2026-04-22,20.49
2026-04-23,21.0
2026-04-24,21.19
2026-04-25,21.13
2026-04-26,21.14
2026-04-27,21.04
2026-04-28,21.44
2026-04-29,22.01
2026-04-30,21.93
2026-05-01,22.34
2026-05-02,22.77
2026-05-03,22.13
2026-05-04,22.08
2026-05-05,21.7
2026-05-06,20.97
2026-05-07,20.84
2026-05-08,20.6
2026-05-09,21.32
2026-05-10,21.38
2026-05-11,21.82
2026-05-12,21.91
2026-05-13,22.35
2026-05-14,22.7
2026-05-15,22.38
2026-05-16,22.51
2026-05-17,22.92
2026-05-18,22.45
2026-05-19,22.78
2026-05-20,23.91
2026-05-21,23.34
2026-05-22,22.77
2026-05-23,23.12
2026-05-24,23.59
2026-05-25,23.52
2026-05-26,23.41
2026-05-27,22.89
2026-05-28,24.31
2026-05-29,24.54
2026-05-30,24.76
2026-05-31,24.94
2026-06-01,24.87
2026-06-02,25.05
2026-06-03,25.83
2026-06-04,26.2
2026-06-05,25.69
2026-06-06,25.82
2026-06-07,25.0
2026-06-08,25.86
2026-06-09,26.29
2026-06-10,26.32
2026-06-11,26.22
2026-06-12,27.27
2026-06-13,27.14
2026-06-14,26.89
2026-06-15,26.73
2026-06-16,26.79
2026-06-17,27.18
2026-06-18,26.86
2026-06-19,27.09
2026-06-20,27.05
2026-06-21,26.13
2026-06-22,25.99
2026-06-23,26.86
2026-06-24,27.61
2026-06-25,27.96
2026-06-26,27.73
2026-06-27,27.42
2026-06-28,27.65
2026-06-29,28.28
2026-06-30,28.25
2026-07-01,28.79
2026-07-02,28.51
2026-07-03,28.43
2026-07-04,28.46
2026-07-05,27.93
2026-07-06,28.73
2026-07-07,28.23
2026-07-08,28.42
2026-07-09,28.9
2026-07-10,28.48
2026-07-11,27.73
2026-07-12,27.64
2026-07-13,28.84
2026-07-14,28.99
2026-07-15,28.31
2026-07-16,28.48
2026-07-17,29.22
2026-07-18,29.38
2026-07-19,30.36
2026-07-20,30.04
2026-07-21,29.91
2026-07-22,29.93
2026-07-23,29.28
2026-07-24,29.27
2026-07-25,29.54
2026-07-26,29.84
2026-07-27,29.12
2026-07-28,29.84
2026-07-29,29.5
2026-07-30,29.15
2026-07-31,29.76
2026-08-01,29.81
2026-08-02,30.06
2026-08-03,30.01
2026-08-04,30.16
2026-08-05,29.82
2026-08-06,30.04
2026-08-07,30.4
2026-08-08,30.08
2026-08-09,30.37
2026-08-10,30.12
2026-08-11,29.73
2026-08-12,30.14
2026-08-13,30.55
