date,sst
2008-01-01,18.64
2008-01-02,18.55
2008-01-03,18.74
2008-01-04,19.26
2008-01-05,18.71
2008-01-06,18.38
2008-01-07,17.82
2008-01-08,17.73
2008-01-09,18.01
2008-01-10,18.37
2008-01-11,18.29
2008-01-12,18.69
2008-01-13,18.28
2008-01-14,18.14
2008-01-15,17.79
2008-01-16,18.13
2008-01-17,17.75
2008-01-18,18.08
2008-01-19,18.09
2008-01-20,17.92
2008-01-21,17.63
2008-01-22,17.48
2008-01-23,16.87
2008-01-24,16.66
2008-01-25,17.14
2008-01-26,17.42
2008-01-27,17.08
2008-01-28,16.72
2008-01-29,16.76
2008-01-30,16.44
2008-01-31,15.91
2008-02-01,15.54
2008-02-02,15.43
2008-02-03,16.48
2008-02-04,16.25
2008-02-05,17.07
2008-02-06,17.19
2008-02-07,17.16
2008-02-08,17.18
2008-02-09,17.31
2008-02-10,17.23
2008-02-11,17.11
2008-02-12,16.8
2008-02-13,16.23
2008-02-14,15.91
2008-02-15,15.76
2008-02-16,15.34
2008-02-17,16.42
2008-02-18,16.41
2008-02-19,16.48
2008-02-20,16.28
2008-02-21,16.14
2008-02-22,15.63
2008-02-23,15.88
2008-02-24,16.2
2008-02-25,15.79
2008-02-26,15.56
2008-02-27,15.32
2008-02-28,15.45
2008-02-29,15.97
2008-03-01,16.39
2008-03-02,16.32
2008-03-03,16.43
2008-03-04,16.54
2008-03-05,16.39
2008-03-06,16.97
2008-03-07,17.14
2008-03-08,17.03
2008-03-09,16.05
2008-03-10,15.94
2008-03-11,16.77
2008-03-12,17.36
2008-03-13,17.76
2008-03-14,17.78
2008-03-15,18.03
2008-03-16,17.95
2008-03-17,18.09
2008-03-18,17.21
2008-03-19,17.86
2008-03-20,17.85
2008-03-21,18.51
2008-03-22,19.77
2008-03-23,20.1
2008-03-24,20.81
2008-03-25,20.76
2008-03-26,18.92
2008-03-27,19.12
2008-03-28,19.43
2008-03-29,19.28
2008-03-30,18.62
2008-03-31,18.96
2008-04-01,19.49
2008-04-02,19.62
2008-04-03,19.95
2008-04-04,19.35
2008-04-05,19.34
2008-04-06,19.04
2008-04-07,19.26
2008-04-08,19.18
2008-04-09,19.11
2008-04-10,18.85
2008-04-11,19.82
2008-04-12,19.49
2008-04-13,19.06
2008-04-14,19.66
2008-04-15,20.64
2008-04-16,20.18
2008-04-17,19.99
2008-04-18,20.06
2008-04-19,20.13
2008-04-20,21.28
2008-04-21,21.24
2008-04-22,21.2
2008-04-23,22.05
2008-04-24,22.15
2008-04-25,20.47
2008-04-26,20.74
2008-04-27,20.9
2008-04-28,21.14
2008-04-29,21.03
2008-04-30,21.4
2008-05-01,21.6
2008-05-02,21.98
2008-05-03,22.66
2008-05-04,22.67
2008-05-05,21.69
2008-05-06,22.4
2008-05-07,21.87
2008-05-08,22.65
2008-05-09,22.25
2008-05-10,22.68
2008-05-11,22.26
2008-05-12,22.17
2008-05-13,23.0
2008-05-14,22.39
2008-05-15,22.93
2008-05-16,22.39
2008-05-17,23.01
2008-05-18,22.04
2008-05-19,23.45
2008-05-20,23.33
2008-05-21,23.6
2008-05-22,23.87
2008-05-23,23.7
2008-05-24,23.83
2008-05-25,24.38
2008-05-26,24.45
2008-05-27,23.98
2008-05-28,24.49
2008-05-29,24.82
2008-05-30,24.97
2008-05-31,25.55
2008-06-01,25.41
2008-06-02,25.3
2008-06-03,25.33
2008-06-04,25.31
2008-06-05,25.98
2008-06-06,25.63
2008-06-07,26.29
2008-06-08,26.15
2008-06-09,26.01
2008-06-10,26.57
2008-06-11,26.48
2008-06-12,26.57
2008-06-13,27.25
2008-06-14,26.73
2008-06-15,26.64
2008-06-16,26.94
2008-06-17,26.82
2008-06-18,27.35
2008-06-19,27.5
2008-06-20,28.1
2008-06-21,27.56
2008-06-22,27.73
2008-06-23,26.95
2008-06-24,27.61
2008-06-25,27.83
2008-06-26,27.82
2008-06-27,27.55
2008-06-28,28.22
2008-06-29,28.5
2008-06-30,28.2
2008-07-01,27.33
2008-07-02,27.56
2008-07-03,27.9
2008-07-04,28.49
2008-07-05,28.18
2008-07-06,28.11
2008-07-07,28.1
2008-07-08,27.92
2008-07-09,28.21
2008-07-10,28.69
2008-07-11,29.23
2008-07-12,28.62
2008-07-13,28.53
2008-07-14,28.61
2008-07-15,28.89
2008-07-16,28.69
2008-07-17,29.18
2008-07-18,29.13
2008-07-19,29.4
2008-07-20,29.83
2008-07-21,29.93
2008-07-22,29.63
2008-07-23,29.53
2008-07-24,30.09
2008-07-25,29.68
2008-07-26,29.17
2008-07-27,29.79
2008-07-28,29.14
2008-07-29,29.54
2008-07-30,29.01
2008-07-31,27.51
2008-08-01,28.61
2008-08-02,29.55
2008-08-03,28.54
2008-08-04,27.9
2008-08-05,29.4
2008-08-06,29.06
2008-08-07,29.04
2008-08-08,29.27
2008-08-09,28.75
2008-08-10,29.27
2008-08-11,29.76
2008-08-12,29.39
2008-08-13,28.53
2008-08-14,29.26
2008-08-15,28.69
2008-08-16,29.17
2008-08-17,29.39
2008-08-18,29.12
2008-08-19,29.84
2008-08-20,29.73
2008-08-21,29.35
2008-08-22,28.56
2008-08-23,29.25
2008-08-24,28.54
2008-08-25,28.05
2008-08-26,28.13
2008-08-27,28.08
2008-08-28,29.93
2008-08-29,29.8
2008-08-30,28.97
2008-08-31,28.75
2008-09-01,28.48
2008-09-02,29.15
2008-09-03,29.22
2008-09-04,29.3
2008-09-05,28.26
2008-09-06,28.26
2008-09-07,28.05
2008-09-08,29.43
2008-09-09,29.07
2008-09-10,28.44
2008-09-11,29.23
2008-09-12,28.85
2008-09-13,29.46
2008-09-14,28.64
2008-09-15,29.6
2008-09-16,28.99
2008-09-17,29.5
2008-09-18,29.39
2008-09-19,29.07
2008-09-20,29.05
2008-09-21,28.88
2008-09-22,29.04
2008-09-23,28.73
2008-09-24,28.67
2008-09-25,28.67
2008-09-26,27.86
2008-09-27,28.31
2008-09-28,27.49
2008-09-29,27.82
2008-09-30,28.15
2008-10-01,27.69
2008-10-02,27.1
2008-10-03,27.02
2008-10-04,26.91
2008-10-05,26.96
2008-10-06,27.07
2008-10-07,27.0
2008-10-08,26.99
2008-10-09,26.79
2008-10-10,26.68
2008-10-11,26.64
2008-10-12,26.52
2008-10-13,26.36
2008-10-14,25.5
2008-10-15,26.09
2008-10-16,26.17
2008-10-17,26.1
2008-10-18,26.09
2008-10-19,26.13
2008-10-20,25.77
2008-10-21,25.3
2008-10-22,25.65
2008-10-23,25.58
2008-10-24,25.27
2008-10-25,25.15
2008-10-26,25.04
2008-10-27,24.99
2008-10-28,24.23
2008-10-29,24.41
2008-10-30,23.98
2008-10-31,23.27
2008-11-01,23.76
2008-11-02,23.95
2008-11-03,24.06
2008-11-04,23.4
2008-11-05,23.49
2008-11-06,23.64
2008-11-07,23.58
2008-11-08,23.69
2008-11-09,23.41
2008-11-10,23.26
2008-11-11,23.59
2008-11-12,23.52
2008-11-13,23.1
2008-11-14,22.94
2008-11-15,22.91
2008-11-16,22.83
2008-11-17,22.81
2008-11-18,22.33
2008-11-19,22.73
2008-11-20,22.65
2008-11-21,22.53
2008-11-22,21.69
2008-11-23,21.73
2008-11-24,21.51
2008-11-25,21.56
2008-11-26,21.45
2008-11-27,21.71
2008-11-28,21.26
2008-11-29,20.63
2008-11-30,21.93
2008-12-01,22.01
2008-12-02,21.98
2008-12-03,21.68
2008-12-04,21.98
2008-12-05,21.99
2008-12-06,21.94
2008-12-07,21.72
2008-12-08,21.07
2008-12-09,21.14
2008-12-10,21.16
2008-12-11,20.81
2008-12-12,20.57
2008-12-13,20.07
2008-12-14,19.99
2008-12-15,20.08
2008-12-16,19.94
2008-12-17,20.18
2008-12-18,20.02
2008-12-19,20.15
2008-12-20,19.94
2008-12-21,19.36
2008-12-22,19.35
2008-12-23,19.24
2008-12-24,18.98
2008-12-25,19.09
2008-12-26,19.83
2008-12-27,19.57
2008-12-28,18.85
2008-12-29,18.75
2008-12-30,19.18
2008-12-31,19.05
2009-01-01,18.8
2009-01-02,18.78
2009-01-03,18.72
2009-01-04,19.0
2009-01-05,18.69
2009-01-06,18.89
2009-01-07,18.25
2009-01-08,18.56
2009-01-09,18.28
2009-01-10,17.9
2009-01-11,18.49
2009-01-12,18.89
2009-01-13,18.75
2009-01-14,18.04
2009-01-15,17.92
2009-01-16,18.02
2009-01-17,17.46
2009-01-18,17.66
2009-01-19,17.4
2009-01-20,17.94
2009-01-21,17.82
2009-01-22,17.75
2009-01-23,17.85
2009-01-24,17.1
2009-01-25,16.67
2009-01-26,16.83
2009-01-27,17.56
2009-01-28,17.17
2009-01-29,17.69
2009-01-30,17.09
2009-01-31,16.65
2009-02-01,16.66
2009-02-02,16.56
2009-02-03,16.96
2009-02-04,17.08
2009-02-05,16.95
2009-02-06,16.95
2009-02-07,16.68
2009-02-08,16.87
2009-02-09,17.02
2009-02-10,16.44
2009-02-11,16.62
2009-02-12,16.22
2009-02-13,16.64
2009-02-14,17.07
2009-02-15,16.84
2009-02-16,16.7
2009-02-17,17.26
2009-02-18,16.71
2009-02-19,16.68
2009-02-20,16.44
2009-02-21,16.07
2009-02-22,16.74
2009-02-23,16.5
2009-02-24,16.32
2009-02-25,16.15
2009-02-26,16.51
2009-02-27,17.07
2009-02-28,17.12
2009-03-01,15.99
2009-03-02,15.41
2009-03-03,15.04
2009-03-04,15.59
2009-03-05,16.06
2009-03-06,16.82
2009-03-07,16.94
2009-03-08,16.11
2009-03-09,15.57
2009-03-10,16.49
2009-03-11,16.84
2009-03-12,16.67
2009-03-13,16.91
2009-03-14,16.6
2009-03-15,16.91
2009-03-16,17.05
2009-03-17,16.88
2009-03-18,17.34
2009-03-19,17.1
2009-03-20,16.56
2009-03-21,16.58
2009-03-22,17.21
2009-03-23,18.07
2009-03-24,17.42
2009-03-25,17.3
2009-03-26,17.51
2009-03-27,17.55
2009-03-28,17.19
2009-03-29,17.31
2009-03-30,16.94
2009-03-31,17.17
2009-04-01,17.69
2009-04-02,17.43
2009-04-03,17.62
2009-04-04,17.8
2009-04-05,18.12
2009-04-06,18.84
2009-04-07,18.87
2009-04-08,19.12
2009-04-09,18.61
2009-04-10,18.49
2009-04-11,19.3
2009-04-12,19.23
2009-04-13,19.0
2009-04-14,18.74
2009-04-15,19.35
2009-04-16,19.16
2009-04-17,18.94
2009-04-18,19.49
2009-04-19,19.84
2009-04-20,19.86
2009-04-21,19.31
2009-04-22,20.26
2009-04-23,20.86
2009-04-24,20.62
2009-04-25,19.65
2009-04-26,19.69
2009-04-27,20.72
2009-04-28,19.95
2009-04-29,19.97
2009-04-30,20.77
2009-05-01,20.95
2009-05-02,21.16
2009-05-03,20.85
2009-05-04,20.58
2009-05-05,20.59
2009-05-06,20.89
2009-05-07,21.33
2009-05-08,21.04
2009-05-09,20.84
2009-05-10,20.63
2009-05-11,20.35
2009-05-12,21.8
2009-05-13,22.43
2009-05-14,21.84
2009-05-15,22.38
2009-05-16,21.76
2009-05-17,22.4
2009-05-18,22.74
2009-05-19,22.2
2009-05-20,22.91
2009-05-21,22.51
2009-05-22,22.61
2009-05-23,22.88
2009-05-24,23.18
2009-05-25,22.93
2009-05-26,23.37
2009-05-27,23.38
2009-05-28,23.15
2009-05-29,24.71
2009-05-30,25.34
2009-05-31,25.13
2009-06-01,24.23
2009-06-02,24.61
2009-06-03,25.52
2009-06-04,25.58
2009-06-05,25.47
2009-06-06,25.78
2009-06-07,25.63
2009-06-08,25.37
2009-06-09,25.83
2009-06-10,26.28
2009-06-11,25.54
2009-06-12,25.89
2009-06-13,26.71
2009-06-14,26.66
2009-06-15,26.13
2009-06-16,27.15
2009-06-17,26.9
2009-06-18,26.91
2009-06-19,27.09
2009-06-20,27.37
2009-06-21,26.49
2009-06-22,27.52
2009-06-23,28.21
2009-06-24,27.88
2009-06-25,28.23
2009-06-26,27.91
2009-06-27,28.24
2009-06-28,27.84
2009-06-29,28.3
2009-06-30,28.34
2009-07-01,28.35
2009-07-02,28.83
2009-07-03,28.65
2009-07-04,28.14
2009-07-05,27.99
2009-07-06,28.17
2009-07-07,28.73
2009-07-08,28.66
2009-07-09,28.44
2009-07-10,28.06
2009-07-11,29.0
2009-07-12,29.46
2009-07-13,29.31
2009-07-14,29.09
2009-07-15,28.43
2009-07-16,28.7
2009-07-17,29.4
2009-07-18,29.63
2009-07-19,29.46
2009-07-20,29.26
2009-07-21,29.34
2009-07-22,29.11
2009-07-23,29.41
2009-07-24,29.76
2009-07-25,30.2
2009-07-26,29.47
2009-07-27,30.11
2009-07-28,30.3
2009-07-29,29.34
2009-07-30,29.31
2009-07-31,29.63
2009-08-01,29.24
2009-08-02,30.42
2009-08-03,30.57
2009-08-04,29.45
2009-08-05,29.93
2009-08-06,30.61
2009-08-07,29.69
2009-08-08,30.22
2009-08-09,30.15
2009-08-10,29.9
2009-08-11,29.4
2009-08-12,30.52
2009-08-13,30.56
2009-08-14,29.86
2009-08-15,29.25
2009-08-16,29.7
2009-08-17,29.98
2009-08-18,29.9
2009-08-19,29.91
2009-08-20,30.03
2009-08-21,29.26
2009-08-22,30.07
2009-08-23,29.75
2009-08-24,29.12
2009-08-25,29.8
2009-08-26,30.11
2009-08-27,29.42
2009-08-28,29.94
2009-08-29,29.9
2009-08-30,29.68
2009-08-31,29.74
2009-09-01,29.4
2009-09-02,29.14
2009-09-03,28.44
2009-09-04,28.42
2009-09-05,28.3
2009-09-06,28.75
2009-09-07,28.78
2009-09-08,28.36
2009-09-09,29.1
2009-09-10,28.84
2009-09-11,28.78
2009-09-12,29.07
2009-09-13,28.01
2009-09-14,28.76
2009-09-15,28.03
2009-09-16,28.51
2009-09-17,27.94
2009-09-18,27.89
2009-09-19,27.38
2009-09-20,27.81
2009-09-21,27.81
2009-09-22,27.14
2009-09-23,27.66
2009-09-24,27.91
2009-09-25,27.68
2009-09-26,27.72
2009-09-27,27.75
2009-09-28,27.63
2009-09-29,26.8
2009-09-30,27.37
2009-10-01,27.42
2009-10-02,27.44
2009-10-03,26.98
2009-10-04,27.08
2009-10-05,26.9
2009-10-06,26.72
2009-10-07,26.71
2009-10-08,26.46
2009-10-09,26.36
2009-10-10,26.83
2009-10-11,26.88
2009-10-12,26.78
2009-10-13,26.67
2009-10-14,26.72
2009-10-15,26.11
2009-10-16,26.44
2009-10-17,26.75
2009-10-18,26.63
2009-10-19,26.52
2009-10-20,26.87
2009-10-21,26.02
2009-10-22,26.79
2009-10-23,26.54
2009-10-24,26.32
2009-10-25,26.62
2009-10-26,26.66
2009-10-27,26.16
2009-10-28,26.22
2009-10-29,26.04
2009-10-30,25.83
2009-10-31,25.22
2009-11-01,24.83
2009-11-02,25.19
2009-11-03,24.58
2009-11-04,23.28
2009-11-05,23.26
2009-11-06,23.38
2009-11-07,22.97
2009-11-08,23.41
2009-11-09,23.65
2009-11-10,23.35
2009-11-11,23.45
2009-11-12,23.45
2009-11-13,23.26
2009-11-14,22.95
2009-11-15,22.88
2009-11-16,22.62
2009-11-17,22.59
2009-11-18,22.03
2009-11-19,21.85
2009-11-20,22.4
2009-11-21,22.27
2009-11-22,22.01
2009-11-23,21.89
2009-11-24,22.28
2009-11-25,21.76
2009-11-26,21.47
2009-11-27,21.72
2009-11-28,21.33
2009-11-29,21.31
2009-11-30,21.0
2009-12-01,21.35
2009-12-02,21.63
2009-12-03,21.32
2009-12-04,21.16
2009-12-05,20.52
2009-12-06,20.41
2009-12-07,20.74
2009-12-08,20.57
2009-12-09,20.19
2009-12-10,20.23
2009-12-11,20.28
2009-12-12,20.23
2009-12-13,19.7
2009-12-14,19.64
2009-12-15,19.47
2009-12-16,19.34
2009-12-17,19.28
2009-12-18,18.79
2009-12-19,18.32
2009-12-20,18.03
2009-12-21,18.23
2009-12-22,18.35
2009-12-23,18.54
2009-12-24,19.16
2009-12-25,18.81
2009-12-26,18.99
2009-12-27,19.55
2009-12-28,19.66
2009-12-29,20.31
2009-12-30,19.66
2009-12-31,18.66
2010-01-01,18.77
2010-01-02,18.93
2010-01-03,18.48
2010-01-04,18.43
2010-01-05,18.29
2010-01-06,18.6
2010-01-07,18.86
2010-01-08,18.54
2010-01-09,19.28
2010-01-10,19.62
2010-01-11,19.04
2010-01-12,18.83
2010-01-13,18.41
2010-01-14,18.64
2010-01-15,18.76
2010-01-16,17.96
2010-01-17,18.47
2010-01-18,18.47
2010-01-19,17.84
2010-01-20,18.08
2010-01-21,17.72
2010-01-22,17.6
2010-01-23,18.16
2010-01-24,18.02
2010-01-25,17.94
2010-01-26,17.01
2010-01-27,16.82
2010-01-28,16.56
2010-01-29,16.94
2010-01-30,17.72
2010-01-31,17.4
2010-02-01,16.91
2010-02-02,17.28
2010-02-03,17.17
2010-02-04,17.36
2010-02-05,15.87
2010-02-06,16.01
2010-02-07,15.46
2010-02-08,16.03
2010-02-09,17.35
2010-02-10,16.95
2010-02-11,16.93
2010-02-12,17.23
2010-02-13,16.89
2010-02-14,16.8
2010-02-15,17.34
2010-02-16,17.74
2010-02-17,17.93
2010-02-18,17.27
2010-02-19,17.73
2010-02-20,17.89
2010-02-21,17.95
2010-02-22,17.86
2010-02-23,18.22
2010-02-24,18.11
2010-02-25,17.7
2010-02-26,17.54
2010-02-27,17.45
2010-02-28,17.19
2010-03-01,17.12
2010-03-02,17.36
2010-03-03,17.68
2010-03-04,17.26
2010-03-05,17.4
2010-03-06,16.96
2010-03-07,17.65
2010-03-08,17.27
2010-03-09,18.38
2010-03-10,18.45
2010-03-11,19.48
2010-03-12,19.0
2010-03-13,18.92
2010-03-14,18.88
2010-03-15,19.37
2010-03-16,18.88
2010-03-17,18.77
2010-03-18,18.82
2010-03-19,18.68
2010-03-20,18.79
2010-03-21,19.05
2010-03-22,18.75
2010-03-23,18.71
2010-03-24,18.12
2010-03-25,17.91
2010-03-26,18.0
2010-03-27,18.42
2010-03-28,18.65
2010-03-29,18.85
2010-03-30,18.37
2010-03-31,18.72
2010-04-01,18.74
2010-04-02,18.74
2010-04-03,18.87
2010-04-04,18.91
2010-04-05,20.03
2010-04-06,19.87
2010-04-07,19.98
2010-04-08,19.45
2010-04-09,19.94
2010-04-10,19.32
2010-04-11,19.4
2010-04-12,19.68
2010-04-13,19.9
2010-04-14,20.23
2010-04-15,20.56
2010-04-16,20.29
2010-04-17,20.47
2010-04-18,21.56
2010-04-19,21.3
2010-04-20,20.96
2010-04-21,20.95
2010-04-22,20.51
2010-04-23,20.13
2010-04-24,20.9
2010-04-25,21.43
2010-04-26,21.15
2010-04-27,21.24
2010-04-28,20.74
2010-04-29,21.43
2010-04-30,21.42
2010-05-01,21.88
2010-05-02,21.7
2010-05-03,22.68
2010-05-04,22.65
2010-05-05,22.27
2010-05-06,22.45
2010-05-07,22.75
2010-05-08,21.93
2010-05-09,21.99
2010-05-10,21.23
2010-05-11,21.52
2010-05-12,22.32
2010-05-13,23.48
2010-05-14,24.12
2010-05-15,23.77
2010-05-16,24.02
2010-05-17,23.8
2010-05-18,23.34
2010-05-19,23.24
2010-05-20,23.4
2010-05-21,23.58
2010-05-22,23.32
2010-05-23,23.0
2010-05-24,23.22
2010-05-25,23.96
2010-05-26,24.06
2010-05-27,23.36
2010-05-28,22.35
2010-05-29,23.91
2010-05-30,24.04
2010-05-31,24.29
2010-06-01,25.14
2010-06-02,24.81
2010-06-03,24.0
2010-06-04,25.14
2010-06-05,24.01
2010-06-06,25.34
2010-06-07,25.94
2010-06-08,25.39
2010-06-09,25.46
2010-06-10,26.12
2010-06-11,25.78
2010-06-12,24.78
2010-06-13,25.88
2010-06-14,24.94
2010-06-15,25.87
2010-06-16,26.21
2010-06-17,26.59
2010-06-18,27.26
2010-06-19,26.94
2010-06-20,27.43
2010-06-21,27.17
2010-06-22,28.49
2010-06-23,27.72
2010-06-24,26.88
2010-06-25,27.66
2010-06-26,28.23
2010-06-27,27.71
2010-06-28,27.22
2010-06-29,27.27
2010-06-30,27.32
2010-07-01,27.77
2010-07-02,27.64
2010-07-03,27.04
2010-07-04,27.31
2010-07-05,27.83
2010-07-06,28.24
2010-07-07,28.26
2010-07-08,28.36
2010-07-09,27.72
2010-07-10,28.09
2010-07-11,28.58
2010-07-12,27.41
2010-07-13,26.76
2010-07-14,28.34
2010-07-15,29.02
2010-07-16,29.27
2010-07-17,29.01
2010-07-18,28.23
2010-07-19,28.18
2010-07-20,27.97
2010-07-21,28.8
2010-07-22,28.66
2010-07-23,28.14
2010-07-24,28.53
2010-07-25,29.6
2010-07-26,29.59
2010-07-27,29.22
2010-07-28,29.13
2010-07-29,28.75
2010-07-30,29.3
2010-07-31,28.86
2010-08-01,28.66
2010-08-02,28.13
2010-08-03,27.96
2010-08-04,28.62
2010-08-05,29.42
2010-08-06,29.28
2010-08-07,29.29
2010-08-08,29.81
2010-08-09,29.31
2010-08-10,29.57
2010-08-11,29.78
2010-08-12,29.52
2010-08-13,29.78
2010-08-14,30.17
2010-08-15,29.55
2010-08-16,30.25
2010-08-17,30.05
2010-08-18,29.75
2010-08-19,30.77
2010-08-20,31.16
2010-08-21,30.7
2010-08-22,30.14
2010-08-23,29.69
2010-08-24,31.14
2010-08-25,30.34
2010-08-26,29.55
2010-08-27,29.18
2010-08-28,29.12
2010-08-29,31.07
2010-08-30,30.48
2010-08-31,30.52
2010-09-01,30.28
2010-09-02,30.62
2010-09-03,30.64
2010-09-04,30.02
2010-09-05,30.05
2010-09-06,30.07
2010-09-07,30.23
2010-09-08,29.84
2010-09-09,29.76
2010-09-10,29.74
2010-09-11,29.76
2010-09-12,29.95
2010-09-13,30.22
2010-09-14,29.89
2010-09-15,29.34
2010-09-16,29.61
2010-09-17,29.39
2010-09-18,28.88
2010-09-19,28.68
2010-09-20,28.54
2010-09-21,28.53
2010-09-22,28.23
2010-09-23,28.92
2010-09-24,28.89
2010-09-25,28.32
2010-09-26,29.0
2010-09-27,29.22
2010-09-28,29.02
2010-09-29,28.94
2010-09-30,28.93
2010-10-01,28.92
2010-10-02,29.07
2010-10-03,28.72
2010-10-04,28.09
2010-10-05,28.49
2010-10-06,28.45
2010-10-07,28.24
2010-10-08,27.89
2010-10-09,27.82
2010-10-10,27.86
2010-10-11,26.97
2010-10-12,27.47
2010-10-13,27.64
2010-10-14,27.74
2010-10-15,27.56
2010-10-16,27.36
2010-10-17,27.41
2010-10-18,27.71
2010-10-19,27.41
2010-10-20,27.79
2010-10-21,27.13
2010-10-22,26.9
2010-10-23,26.94
2010-10-24,26.73
2010-10-25,26.82
2010-10-26,26.52
2010-10-27,26.14
2010-10-28,26.56
2010-10-29,26.25
2010-10-30,25.99
2010-10-31,25.59
2010-11-01,25.61
2010-11-02,25.65
2010-11-03,25.02
2010-11-04,25.16
2010-11-05,24.76
2010-11-06,25.22
2010-11-07,24.99
2010-11-08,25.38
2010-11-09,24.59
2010-11-10,24.47
2010-11-11,25.03
2010-11-12,25.13
2010-11-13,25.09
2010-11-14,24.77
2010-11-15,24.42
2010-11-16,24.0
2010-11-17,24.43
2010-11-18,24.51
2010-11-19,23.89
2010-11-20,24.19
2010-11-21,23.9
2010-11-22,23.77
2010-11-23,24.3
2010-11-24,24.07
2010-11-25,24.19
2010-11-26,24.31
2010-11-27,24.21
2010-11-28,23.55
2010-11-29,23.51
2010-11-30,24.32
2010-12-01,23.42
2010-12-02,24.13
2010-12-03,23.56
2010-12-04,23.4
2010-12-05,23.27
2010-12-06,23.35
2010-12-07,22.81
2010-12-08,22.21
2010-12-09,22.22
2010-12-10,22.62
2010-12-11,22.46
2010-12-12,22.42
2010-12-13,20.6
2010-12-14,20.09
2010-12-15,19.9
2010-12-16,20.26
2010-12-17,19.68
2010-12-18,19.81
2010-12-19,19.06
2010-12-20,19.49
2010-12-21,19.25
2010-12-22,19.8
2010-12-23,20.28
2010-12-24,19.85
2010-12-25,19.78
2010-12-26,19.58
2010-12-27,20.47
2010-12-28,20.43
2010-12-29,19.74
2010-12-30,19.8
2010-12-31,20.04
2011-01-01,19.57
2011-01-02,18.53
2011-01-03,18.45
2011-01-04,18.45
2011-01-05,18.53
2011-01-06,18.75
2011-01-07,18.26
2011-01-08,18.43
2011-01-09,18.72
2011-01-10,18.54
2011-01-11,18.7
2011-01-12,18.16
2011-01-13,18.67
2011-01-14,18.12
2011-01-15,18.28
2011-01-16,18.18
2011-01-17,18.34
2011-01-18,18.55
2011-01-19,17.98
2011-01-20,17.03
2011-01-21,17.2
2011-01-22,17.15
2011-01-23,18.23
2011-01-24,17.84
2011-01-25,17.31
2011-01-26,17.34
2011-01-27,17.95
2011-01-28,17.81
2011-01-29,17.97
2011-01-30,18.59
2011-01-31,18.13
2011-02-01,17.97
2011-02-02,17.77
2011-02-03,17.32
2011-02-04,17.73
2011-02-05,17.71
2011-02-06,17.63
2011-02-07,17.24
2011-02-08,17.74
2011-02-09,17.5
2011-02-10,16.96
2011-02-11,16.97
2011-02-12,16.71
2011-02-13,16.92
2011-02-14,16.8
2011-02-15,16.51
2011-02-16,16.89
2011-02-17,17.36
2011-02-18,17.48
2011-02-19,17.06
2011-02-20,17.01
2011-02-21,17.42
2011-02-22,17.23
2011-02-23,17.34
2011-02-24,16.81
2011-02-25,16.86
2011-02-26,16.83
2011-02-27,17.13
2011-02-28,16.94
2011-03-01,17.0
2011-03-02,17.26
2011-03-03,17.4
2011-03-04,17.26
2011-03-05,17.32
2011-03-06,17.65
2011-03-07,17.24
2011-03-08,17.46
2011-03-09,17.12
2011-03-10,17.29
2011-03-11,16.67
2011-03-12,16.8
2011-03-13,16.67
2011-03-14,16.78
2011-03-15,16.65
2011-03-16,16.74
2011-03-17,16.77
2011-03-18,17.01
2011-03-19,17.47
2011-03-20,17.78
2011-03-21,17.79
2011-03-22,17.97
2011-03-23,18.13
2011-03-24,17.9
2011-03-25,17.71
2011-03-26,17.93
2011-03-27,18.31
2011-03-28,18.39
2011-03-29,18.09
2011-03-30,18.42
2011-03-31,18.42
2011-04-01,18.64
2011-04-02,19.01
2011-04-03,18.94
2011-04-04,18.94
2011-04-05,18.4
2011-04-06,18.73
2011-04-07,18.72
2011-04-08,18.43
2011-04-09,18.68
2011-04-10,19.03
2011-04-11,19.06
2011-04-12,19.1
2011-04-13,19.0
2011-04-14,19.52
2011-04-15,19.75
2011-04-16,19.67
2011-04-17,20.7
2011-04-18,21.0
2011-04-19,20.87
2011-04-20,19.22
2011-04-21,19.44
2011-04-22,19.81
2011-04-23,20.46
2011-04-24,20.64
2011-04-25,20.06
2011-04-26,20.76
2011-04-27,20.4
2011-04-28,19.89
2011-04-29,20.04
2011-04-30,20.4
2011-05-01,20.37
2011-05-02,20.57
2011-05-03,21.31
2011-05-04,20.7
2011-05-05,20.67
2011-05-06,21.08
2011-05-07,21.68
2011-05-08,21.59
2011-05-09,21.55
2011-05-10,21.5
2011-05-11,22.08
2011-05-12,22.63
2011-05-13,22.01
2011-05-14,21.89
2011-05-15,21.89
2011-05-16,22.72
2011-05-17,21.78
2011-05-18,20.76
2011-05-19,21.35
2011-05-20,23.0
2011-05-21,22.46
2011-05-22,22.22
2011-05-23,23.11
2011-05-24,23.63
2011-05-25,23.39
2011-05-26,23.71
2011-05-27,23.99
2011-05-28,23.6
2011-05-29,23.31
2011-05-30,23.55
2011-05-31,23.29
2011-06-01,24.18
2011-06-02,23.73
2011-06-03,24.26
2011-06-04,24.28
2011-06-05,24.36
2011-06-06,24.37
2011-06-07,23.98
2011-06-08,25.2
2011-06-09,25.92
2011-06-10,26.21
2011-06-11,26.17
2011-06-12,25.85
2011-06-13,25.53
2011-06-14,26.28
2011-06-15,25.53
2011-06-16,25.35
2011-06-17,24.98
2011-06-18,25.15
2011-06-19,25.42
2011-06-20,26.46
2011-06-21,26.55
2011-06-22,27.47
2011-06-23,26.79
2011-06-24,26.75
2011-06-25,26.43
2011-06-26,26.2
2011-06-27,26.7
2011-06-28,26.94
2011-06-29,26.75
2011-06-30,26.91
2011-07-01,27.3
2011-07-02,26.35
2011-07-03,27.5
2011-07-04,27.55
2011-07-05,27.04
2011-07-06,27.65
2011-07-07,26.89
2011-07-08,27.28
2011-07-09,28.27
2011-07-10,27.56
2011-07-11,28.14
2011-07-12,27.32
2011-07-13,27.21
2011-07-14,28.06
2011-07-15,28.86
2011-07-16,27.91
2011-07-17,27.96
2011-07-18,28.59
2011-07-19,28.39
2011-07-20,28.95
2011-07-21,28.42
2011-07-22,29.16
2011-07-23,28.99
2011-07-24,28.61
2011-07-25,28.95
2011-07-26,28.55
2011-07-27,29.24
2011-07-28,28.85
2011-07-29,28.5
2011-07-30,28.63
2011-07-31,28.98
2011-08-01,28.99
2011-08-02,28.7
2011-08-03,30.2
2011-08-04,29.73
2011-08-05,29.07
2011-08-06,29.3
2011-08-07,29.79
2011-08-08,28.67
2011-08-09,28.81
2011-08-10,29.22
2011-08-11,29.98
2011-08-12,29.66
2011-08-13,28.96
2011-08-14,28.88
2011-08-15,28.46
2011-08-16,28.86
2011-08-17,29.13
2011-08-18,28.94
2011-08-19,29.06
2011-08-20,29.11
2011-08-21,29.45
2011-08-22,29.51
2011-08-23,29.45
2011-08-24,29.97
2011-08-25,30.02
2011-08-26,28.99
2011-08-27,29.77
2011-08-28,29.24
2011-08-29,29.17
2011-08-30,29.71
2011-08-31,29.45
2011-09-01,29.3
2011-09-02,29.3
2011-09-03,29.37
2011-09-04,29.56
2011-09-05,28.9
2011-09-06,29.5
2011-09-07,28.79
2011-09-08,29.2
2011-09-09,29.26
2011-09-10,29.13
2011-09-11,28.9
2011-09-12,28.59
2011-09-13,29.12
2011-09-14,29.07
2011-09-15,29.16
2011-09-16,28.35
2011-09-17,28.29
2011-09-18,29.43
2011-09-19,29.1
2011-09-20,29.18
2011-09-21,28.76
2011-09-22,28.68
2011-09-23,28.16
2011-09-24,28.76
2011-09-25,28.16
2011-09-26,28.41
2011-09-27,28.3
2011-09-28,28.38
2011-09-29,28.56
2011-09-30,28.4
2011-10-01,28.1
2011-10-02,28.13
2011-10-03,28.2
2011-10-04,27.98
2011-10-05,27.43
2011-10-06,27.5
2011-10-07,27.18
2011-10-08,27.55
2011-10-09,27.46
2011-10-10,27.73
2011-10-11,27.77
2011-10-12,27.19
2011-10-13,26.74
2011-10-14,26.95
2011-10-15,26.88
2011-10-16,26.18
2011-10-17,26.55
2011-10-18,26.19
2011-10-19,26.11
2011-10-20,26.16
2011-10-21,25.98
2011-10-22,25.2
2011-10-23,25.07
2011-10-24,25.08
2011-10-25,24.96
2011-10-26,25.3
2011-10-27,24.9
2011-10-28,24.63
2011-10-29,24.06
2011-10-30,24.11
2011-10-31,23.99
2011-11-01,23.97
2011-11-02,24.07
2011-11-03,23.35
2011-11-04,23.56
2011-11-05,23.43
2011-11-06,23.01
2011-11-07,22.95
2011-11-08,22.75
2011-11-09,23.14
2011-11-10,23.27
2011-11-11,23.37
2011-11-12,23.41
2011-11-13,23.46
2011-11-14,23.13
2011-11-15,23.15
2011-11-16,22.21
2011-11-17,21.62
2011-11-18,21.65
2011-11-19,21.37
2011-11-20,21.37
2011-11-21,21.31
2011-11-22,21.29
2011-11-23,21.03
2011-11-24,21.51
2011-11-25,21.08
2011-11-26,20.9
2011-11-27,21.04
2011-11-28,20.61
2011-11-29,20.43
2011-11-30,20.8
2011-12-01,20.81
2011-12-02,20.88
2011-12-03,21.03
2011-12-04,20.32
2011-12-05,20.35
2011-12-06,20.04
2011-12-07,20.26
2011-12-08,19.99
2011-12-09,20.16
2011-12-10,19.89
2011-12-11,19.95
2011-12-12,20.11
2011-12-13,20.16
2011-12-14,19.72
2011-12-15,19.73
2011-12-16,19.31
2011-12-17,19.21
2011-12-18,19.2
2011-12-19,19.34
2011-12-20,18.7
2011-12-21,18.98
2011-12-22,19.03
2011-12-23,19.19
2011-12-24,18.75
2011-12-25,18.09
2011-12-26,18.49
2011-12-27,17.98
2011-12-28,17.94
2011-12-29,17.93
2011-12-30,18.41
2011-12-31,17.79
2012-01-01,17.13
2012-01-02,17.4
2012-01-03,17.01
2012-01-04,17.27
2012-01-05,17.13
2012-01-06,17.53
2012-01-07,17.09
2012-01-08,17.05
2012-01-09,16.45
2012-01-10,16.46
2012-01-11,17.07
2012-01-12,16.45
2012-01-13,16.3
2012-01-14,16.5
2012-01-15,16.91
2012-01-16,16.67
2012-01-17,16.14
2012-01-18,16.53
2012-01-19,16.59
2012-01-20,16.5
2012-01-21,15.79
2012-01-22,15.74
2012-01-23,16.24
2012-01-24,16.49
2012-01-25,16.64
2012-01-26,16.1
2012-01-27,15.92
2012-01-28,15.97
2012-01-29,16.13
2012-01-30,15.96
2012-01-31,15.74
2012-02-01,15.99
2012-02-02,15.95
2012-02-03,15.83
2012-02-04,15.54
2012-02-05,15.67
2012-02-06,15.96
2012-02-07,15.24
2012-02-08,15.09
2012-02-09,15.17
2012-02-10,15.52
2012-02-11,15.06
2012-02-12,15.59
2012-02-13,16.14
2012-02-14,16.18
2012-02-15,16.04
2012-02-16,15.38
2012-02-17,15.34
2012-02-18,15.35
2012-02-19,15.16
2012-02-20,14.54
2012-02-21,14.74
2012-02-22,15.59
2012-02-23,15.67
2012-02-24,15.78
2012-02-25,16.15
2012-02-26,16.07
2012-02-27,15.84
2012-02-28,15.39
2012-02-29,15.38
2012-03-01,14.99
2012-03-02,14.57
2012-03-03,14.4
2012-03-04,14.71
2012-03-05,14.59
2012-03-06,14.78
2012-03-07,15.5
2012-03-08,15.76
2012-03-09,15.25
2012-03-10,15.82
2012-03-11,16.21
2012-03-12,16.67
2012-03-13,15.79
2012-03-14,15.91
2012-03-15,16.03
2012-03-16,15.97
2012-03-17,15.93
2012-03-18,15.99
2012-03-19,16.15
2012-03-20,15.6
2012-03-21,15.5
2012-03-22,15.6
2012-03-23,15.55
2012-03-24,16.94
2012-03-25,17.12
2012-03-26,16.88
2012-03-27,16.83
2012-03-28,16.78
2012-03-29,16.99
2012-03-30,16.84
2012-03-31,16.9
2012-04-01,17.49
2012-04-02,16.53
2012-04-03,17.29
2012-04-04,17.91
2012-04-05,17.49
2012-04-06,18.67
2012-04-07,20.31
2012-04-08,19.72
2012-04-09,19.78
2012-04-10,19.02
2012-04-11,18.25
2012-04-12,18.94
2012-04-13,19.22
2012-04-14,18.82
2012-04-15,19.01
2012-04-16,19.16
2012-04-17,19.57
2012-04-18,19.35
2012-04-19,18.64
2012-04-20,19.13
2012-04-21,19.82
2012-04-22,20.79
2012-04-23,20.4
2012-04-24,20.12
2012-04-25,19.99
2012-04-26,20.63
2012-04-27,20.86
2012-04-28,21.5
2012-04-29,21.34
2012-04-30,22.2
2012-05-01,21.72
2012-05-02,20.0
2012-05-03,21.16
2012-05-04,21.24
2012-05-05,22.06
2012-05-06,22.35
2012-05-07,22.29
2012-05-08,22.37
2012-05-09,22.31
2012-05-10,23.27
2012-05-11,23.47
2012-05-12,22.97
2012-05-13,23.08
2012-05-14,23.25
2012-05-15,22.69
2012-05-16,23.8
2012-05-17,24.03
2012-05-18,23.57
2012-05-19,23.7
2012-05-20,23.09
2012-05-21,23.62
2012-05-22,23.85
2012-05-23,24.16
2012-05-24,24.66
2012-05-25,23.85
2012-05-26,24.2
2012-05-27,24.12
2012-05-28,24.02
2012-05-29,24.26
2012-05-30,24.13
2012-05-31,25.25
2012-06-01,25.12
2012-06-02,25.1
2012-06-03,24.39
2012-06-04,24.57
2012-06-05,24.72
2012-06-06,24.92
2012-06-07,25.39
2012-06-08,25.85
2012-06-09,25.15
2012-06-10,25.7
2012-06-11,26.28
2012-06-12,26.1
2012-06-13,26.35
2012-06-14,26.18
2012-06-15,26.09
2012-06-16,26.25
2012-06-17,27.04
2012-06-18,27.19
2012-06-19,26.94
2012-06-20,26.89
2012-06-21,27.62
2012-06-22,27.47
2012-06-23,27.64
2012-06-24,27.26
2012-06-25,27.89
2012-06-26,28.2
2012-06-27,27.39
2012-06-28,28.58
2012-06-29,28.46
2012-06-30,27.8
2012-07-01,28.34
2012-07-02,28.41
2012-07-03,28.32
2012-07-04,29.16
2012-07-05,29.48
2012-07-06,29.52
2012-07-07,29.45
2012-07-08,29.57
2012-07-09,29.96
2012-07-10,29.78
2012-07-11,29.62
2012-07-12,30.3
2012-07-13,29.93
2012-07-14,30.36
2012-07-15,30.13
2012-07-16,30.22
2012-07-17,30.54
2012-07-18,30.83
2012-07-19,30.65
2012-07-20,30.16
2012-07-21,30.11
2012-07-22,30.18
2012-07-23,29.77
2012-07-24,30.58
2012-07-25,30.27
2012-07-26,29.52
2012-07-27,28.9
2012-07-28,28.75
2012-07-29,29.68
2012-07-30,30.3
2012-07-31,30.66
2012-08-01,30.31
2012-08-02,30.42
2012-08-03,30.83
2012-08-04,30.66
2012-08-05,30.41
2012-08-06,30.59
2012-08-07,30.91
2012-08-08,30.94
2012-08-09,30.92
2012-08-10,30.67
2012-08-11,31.24
2012-08-12,31.19
2012-08-13,31.08
2012-08-14,30.95
2012-08-15,30.31
2012-08-16,30.79
2012-08-17,31.42
2012-08-18,31.27
2012-08-19,31.01
2012-08-20,31.23
2012-08-21,31.35
2012-08-22,31.07
2012-08-23,31.01
2012-08-24,31.11
2012-08-25,31.32
2012-08-26,31.49
2012-08-27,31.18
2012-08-28,30.89
2012-08-29,30.41
2012-08-30,30.36
2012-08-31,30.56
2012-09-01,30.54
2012-09-02,30.16
2012-09-03,29.86
2012-09-04,30.41
2012-09-05,30.31
2012-09-06,30.19
2012-09-07,30.12
2012-09-08,30.01
2012-09-09,29.88
2012-09-10,29.4
2012-09-11,29.49
2012-09-12,29.33
2012-09-13,29.52
2012-09-14,29.38
2012-09-15,29.21
2012-09-16,29.2
2012-09-17,29.37
2012-09-18,29.25
2012-09-19,29.41
2012-09-20,29.04
2012-09-21,28.98
2012-09-22,28.92
2012-09-23,28.95
2012-09-24,28.6
2012-09-25,28.67
2012-09-26,28.46
2012-09-27,28.39
2012-09-28,28.4
2012-09-29,28.43
2012-09-30,28.1
2012-10-01,27.87
2012-10-02,27.35
2012-10-03,28.1
2012-10-04,27.7
2012-10-05,28.03
2012-10-06,27.58
2012-10-07,27.52
2012-10-08,27.45
2012-10-09,27.71
2012-10-10,27.52
2012-10-11,27.36
2012-10-12,27.38
2012-10-13,27.28
2012-10-14,27.46
2012-10-15,27.26
2012-10-16,26.94
2012-10-17,26.99
2012-10-18,27.27
2012-10-19,27.17
2012-10-20,27.01
2012-10-21,27.35
2012-10-22,27.05
2012-10-23,27.1
2012-10-24,26.61
2012-10-25,26.29
2012-10-26,26.71
2012-10-27,26.39
2012-10-28,26.51
2012-10-29,26.61
2012-10-30,26.25
2012-10-31,26.22
2012-11-01,26.41
2012-11-02,26.13
2012-11-03,26.08
2012-11-04,25.82
2012-11-05,25.55
2012-11-06,25.94
2012-11-07,26.25
2012-11-08,25.89
2012-11-09,26.03
2012-11-10,24.93
2012-11-11,24.5
2012-11-12,24.28
2012-11-13,23.75
2012-11-14,23.9
2012-11-15,23.53
2012-11-16,23.67
2012-11-17,23.87
2012-11-18,23.91
2012-11-19,23.44
2012-11-20,23.23
2012-11-21,23.8
2012-11-22,23.89
2012-11-23,23.59
2012-11-24,22.75
2012-11-25,22.62
2012-11-26,21.85
2012-11-27,21.79
2012-11-28,21.98
2012-11-29,22.02
2012-11-30,22.05
2012-12-01,22.26
2012-12-02,21.93
2012-12-03,21.88
2012-12-04,22.29
2012-12-05,22.01
2012-12-06,21.81
2012-12-07,21.32
2012-12-08,20.7
2012-12-09,21.22
2012-12-10,21.18
2012-12-11,21.22
2012-12-12,20.35
2012-12-13,20.5
2012-12-14,20.18
2012-12-15,20.01
2012-12-16,20.27
2012-12-17,20.54
2012-12-18,19.97
2012-12-19,19.65
2012-12-20,19.4
2012-12-21,19.2
2012-12-22,18.81
2012-12-23,18.82
2012-12-24,19.29
2012-12-25,18.91
2012-12-26,19.04
2012-12-27,19.64
2012-12-28,19.5
2012-12-29,19.24
2012-12-30,19.8
2012-12-31,19.85
2013-01-01,19.72
2013-01-02,19.25
2013-01-03,19.42
2013-01-04,18.49
2013-01-05,18.16
2013-01-06,17.94
2013-01-07,18.13
2013-01-08,18.53
2013-01-09,18.13
2013-01-10,16.99
2013-01-11,17.42
2013-01-12,18.34
2013-01-13,17.91
2013-01-14,17.63
2013-01-15,17.97
2013-01-16,18.34
2013-01-17,17.79
2013-01-18,18.21
2013-01-19,17.36
2013-01-20,17.53
2013-01-21,18.23
2013-01-22,18.56
2013-01-23,18.08
2013-01-24,17.83
2013-01-25,17.49
2013-01-26,17.68
2013-01-27,17.17
2013-01-28,16.91
2013-01-29,16.75
2013-01-30,16.78
2013-01-31,16.73
2013-02-01,16.59
2013-02-02,16.54
2013-02-03,15.88
2013-02-04,17.28
2013-02-05,16.98
2013-02-06,15.84
2013-02-07,16.67
2013-02-08,17.01
2013-02-09,16.66
2013-02-10,16.86
2013-02-11,17.71
2013-02-12,16.81
2013-02-13,16.38
2013-02-14,16.56
2013-02-15,16.52
2013-02-16,16.18
2013-02-17,16.32
2013-02-18,17.26
2013-02-19,17.0
2013-02-20,16.57
2013-02-21,16.8
2013-02-22,16.77
2013-02-23,17.05
2013-02-24,17.27
2013-02-25,17.39
2013-02-26,17.69
2013-02-27,18.18
2013-02-28,17.33
2013-03-01,17.83
2013-03-02,17.14
2013-03-03,17.02
2013-03-04,17.36
2013-03-05,17.45
2013-03-06,17.53
2013-03-07,17.75
2013-03-08,17.63
2013-03-09,17.1
2013-03-10,17.5
2013-03-11,17.88
2013-03-12,18.44
2013-03-13,18.25
2013-03-14,18.08
2013-03-15,18.81
2013-03-16,18.63
2013-03-17,17.78
2013-03-18,18.17
2013-03-19,17.96
2013-03-20,16.87
2013-03-21,18.64
2013-03-22,18.02
2013-03-23,18.41
2013-03-24,18.49
2013-03-25,18.64
2013-03-26,18.56
2013-03-27,18.45
2013-03-28,18.51
2013-03-29,18.78
2013-03-30,18.67
2013-03-31,18.97
2013-04-01,19.16
2013-04-02,19.4
2013-04-03,19.31
2013-04-04,19.46
2013-04-05,19.77
2013-04-06,19.97
2013-04-07,20.06
2013-04-08,19.82
2013-04-09,19.97
2013-04-10,20.03
2013-04-11,20.02
2013-04-12,19.89
2013-04-13,19.59
2013-04-14,20.02
2013-04-15,20.79
2013-04-16,20.04
2013-04-17,19.94
2013-04-18,19.56
2013-04-19,19.16
2013-04-20,19.44
2013-04-21,19.27
2013-04-22,19.2
2013-04-23,19.34
2013-04-24,19.74
2013-04-25,19.93
2013-04-26,20.32
2013-04-27,20.37
2013-04-28,20.9
2013-04-29,21.64
2013-04-30,22.04
2013-05-01,21.93
2013-05-02,21.68
2013-05-03,21.31
2013-05-04,21.91
2013-05-05,22.57
2013-05-06,22.26
2013-05-07,22.8
2013-05-08,23.34
2013-05-09,23.24
2013-05-10,23.57
2013-05-11,23.24
2013-05-12,22.99
2013-05-13,23.2
2013-05-14,23.89
2013-05-15,24.02
2013-05-16,23.9
2013-05-17,23.59
2013-05-18,24.0
2013-05-19,23.73
2013-05-20,23.9
2013-05-21,23.69
2013-05-22,24.35
2013-05-23,24.19
2013-05-24,24.87
2013-05-25,24.16
2013-05-26,24.51
2013-05-27,24.79
2013-05-28,25.67
2013-05-29,25.84
2013-05-30,25.88
2013-05-31,25.52
2013-06-01,25.36
2013-06-02,25.53
2013-06-03,25.21
2013-06-04,25.43
2013-06-05,26.26
2013-06-06,26.84
2013-06-07,26.15
2013-06-08,25.68
2013-06-09,25.23
2013-06-10,26.12
2013-06-11,25.73
2013-06-12,26.02
2013-06-13,26.44
2013-06-14,26.5
2013-06-15,26.39
2013-06-16,26.4
2013-06-17,26.19
2013-06-18,26.65
2013-06-19,26.86
2013-06-20,27.47
2013-06-21,27.38
2013-06-22,27.38
2013-06-23,27.18
2013-06-24,27.46
2013-06-25,27.96
2013-06-26,27.94
2013-06-27,27.69
2013-06-28,27.42
2013-06-29,27.5
2013-06-30,27.55
2013-07-01,26.99
2013-07-02,27.32
2013-07-03,27.71
2013-07-04,28.23
2013-07-05,28.0
2013-07-06,27.91
2013-07-07,27.77
2013-07-08,27.61
2013-07-09,27.72
2013-07-10,27.41
2013-07-11,27.45
2013-07-12,27.52
2013-07-13,27.71
2013-07-14,27.97
2013-07-15,28.32
2013-07-16,27.96
2013-07-17,28.15
2013-07-18,28.44
2013-07-19,28.07
2013-07-20,28.35
2013-07-21,28.75
2013-07-22,28.7
2013-07-23,28.79
2013-07-24,28.55
2013-07-25,28.49
2013-07-26,28.92
2013-07-27,28.88
2013-07-28,28.67
2013-07-29,29.07
2013-07-30,29.22
2013-07-31,29.19
2013-08-01,28.98
2013-08-02,29.54
2013-08-03,29.13
2013-08-04,28.74
2013-08-05,28.86
2013-08-06,28.91
2013-08-07,29.61
2013-08-08,29.89
2013-08-09,29.42
2013-08-10,29.87
2013-08-11,29.45
2013-08-12,29.95
2013-08-13,29.52
2013-08-14,30.11
2013-08-15,29.59
2013-08-16,29.33
2013-08-17,29.77
2013-08-18,30.8
2013-08-19,30.24
2013-08-20,29.74
2013-08-21,30.2
2013-08-22,29.93
2013-08-23,30.42
2013-08-24,29.92
2013-08-25,29.49
2013-08-26,29.43
2013-08-27,29.71
2013-08-28,30.07
2013-08-29,30.14
2013-08-30,29.98
2013-08-31,29.99
2013-09-01,29.37
2013-09-02,29.31
2013-09-03,29.25
2013-09-04,28.97
2013-09-05,29.2
2013-09-06,29.4
2013-09-07,29.37
2013-09-08,29.0
2013-09-09,29.0
2013-09-10,29.84
2013-09-11,29.36
2013-09-12,29.15
2013-09-13,29.03
2013-09-14,29.19
2013-09-15,29.02
2013-09-16,29.09
2013-09-17,28.75
2013-09-18,28.71
2013-09-19,28.38
2013-09-20,28.46
2013-09-21,28.14
2013-09-22,28.32
2013-09-23,28.04
2013-09-24,28.01
2013-09-25,28.0
2013-09-26,27.59
2013-09-27,27.59
2013-09-28,27.34
2013-09-29,27.23
2013-09-30,27.54
2013-10-01,27.7
2013-10-02,27.41
2013-10-03,26.93
2013-10-04,26.89
2013-10-05,26.94
2013-10-06,26.54
2013-10-07,26.23
2013-10-08,25.58
2013-10-09,25.17
2013-10-10,25.37
2013-10-11,25.37
2013-10-12,25.44
2013-10-13,25.73
2013-10-14,25.64
2013-10-15,25.24
2013-10-16,25.06
2013-10-17,24.95
2013-10-18,25.16
2013-10-19,24.7
2013-10-20,24.45
2013-10-21,24.42
2013-10-22,24.43
2013-10-23,24.46
2013-10-24,24.73
2013-10-25,24.91
2013-10-26,25.07
2013-10-27,24.65
2013-10-28,24.48
2013-10-29,24.72
2013-10-30,23.88
2013-10-31,23.84
2013-11-01,23.82
2013-11-02,23.67
2013-11-03,23.81
2013-11-04,23.93
2013-11-05,24.0
2013-11-06,24.07
2013-11-07,24.18
2013-11-08,23.89
2013-11-09,23.67
2013-11-10,23.42
2013-11-11,23.49
2013-11-12,23.66
2013-11-13,24.01
2013-11-14,23.73
2013-11-15,23.53
2013-11-16,23.57
2013-11-17,23.27
2013-11-18,23.3
2013-11-19,23.21
2013-11-20,22.77
2013-11-21,22.72
2013-11-22,22.83
2013-11-23,22.93
2013-11-24,22.85
2013-11-25,22.44
2013-11-26,22.56
2013-11-27,23.14
2013-11-28,22.81
2013-11-29,22.68
2013-11-30,22.34
2013-12-01,22.19
2013-12-02,22.46
2013-12-03,22.24
2013-12-04,22.23
2013-12-05,21.99
2013-12-06,21.72
2013-12-07,21.68
2013-12-08,21.64
2013-12-09,21.58
2013-12-10,21.18
2013-12-11,21.07
2013-12-12,21.23
2013-12-13,20.28
2013-12-14,19.97
2013-12-15,19.97
2013-12-16,19.47
2013-12-17,19.2
2013-12-18,19.23
2013-12-19,19.23
2013-12-20,19.02
2013-12-21,19.34
2013-12-22,18.92
2013-12-23,18.55
2013-12-24,18.42
2013-12-25,18.05
2013-12-26,18.44
2013-12-27,17.75
2013-12-28,17.54
2013-12-29,17.62
2013-12-30,17.42
2013-12-31,17.54
2014-01-01,17.47
2014-01-02,17.58
2014-01-03,17.14
2014-01-04,17.59
2014-01-05,17.54
2014-01-06,17.85
2014-01-07,17.73
2014-01-08,17.41
2014-01-09,17.97
2014-01-10,18.2
2014-01-11,17.93
2014-01-12,17.79
2014-01-13,17.28
2014-01-14,17.48
2014-01-15,17.18
2014-01-16,17.47
2014-01-17,16.66
2014-01-18,17.27
2014-01-19,17.46
2014-01-20,17.8
2014-01-21,17.73
2014-01-22,17.94
2014-01-23,18.18
2014-01-24,18.03
2014-01-25,18.17
2014-01-26,18.21
2014-01-27,17.82
2014-01-28,17.37
2014-01-29,17.08
2014-01-30,17.51
2014-01-31,17.05
2014-02-01,16.78
2014-02-02,17.16
2014-02-03,17.03
2014-02-04,17.42
2014-02-05,17.72
2014-02-06,17.52
2014-02-07,17.49
2014-02-08,17.71
2014-02-09,17.6
2014-02-10,17.77
2014-02-11,17.88
2014-02-12,18.04
2014-02-13,18.41
2014-02-14,18.0
2014-02-15,17.39
2014-02-16,17.47
2014-02-17,17.81
2014-02-18,17.57
2014-02-19,17.75
2014-02-20,17.59
2014-02-21,18.07
2014-02-22,17.87
2014-02-23,17.13
2014-02-24,17.54
2014-02-25,17.61
2014-02-26,17.93
2014-02-27,17.94
2014-02-28,17.96
2014-03-01,18.0
2014-03-02,18.16
2014-03-03,17.95
2014-03-04,17.58
2014-03-05,17.63
2014-03-06,17.39
2014-03-07,18.06
2014-03-08,18.26
2014-03-09,18.22
2014-03-10,18.1
2014-03-11,18.28
2014-03-12,18.11
2014-03-13,18.34
2014-03-14,17.61
2014-03-15,17.56
2014-03-16,17.63
2014-03-17,17.78
2014-03-18,17.51
2014-03-19,17.57
2014-03-20,17.55
2014-03-21,17.74
2014-03-22,18.07
2014-03-23,18.54
2014-03-24,18.56
2014-03-25,18.47
2014-03-26,18.53
2014-03-27,19.01
2014-03-28,19.3
2014-03-29,19.86
2014-03-30,19.27
2014-03-31,19.23
2014-04-01,18.93
2014-04-02,18.7
2014-04-03,18.67
2014-04-04,18.98
2014-04-05,19.4
2014-04-06,19.62
2014-04-07,20.51
2014-04-08,19.89
2014-04-09,20.19
2014-04-10,20.21
2014-04-11,20.81
2014-04-12,20.63
2014-04-13,20.42
2014-04-14,20.46
2014-04-15,20.25
2014-04-16,20.4
2014-04-17,20.85
2014-04-18,21.04
2014-04-19,20.93
2014-04-20,20.8
2014-04-21,21.27
2014-04-22,20.89
2014-04-23,20.78
2014-04-24,21.37
2014-04-25,21.3
2014-04-26,21.44
2014-04-27,22.05
2014-04-28,22.29
2014-04-29,22.03
2014-04-30,22.54
2014-05-01,22.71
2014-05-02,22.2
2014-05-03,22.73
2014-05-04,23.09
2014-05-05,23.3
2014-05-06,23.24
2014-05-07,22.67
2014-05-08,22.42
2014-05-09,22.49
2014-05-10,22.79
2014-05-11,22.8
2014-05-12,23.34
2014-05-13,23.35
2014-05-14,23.73
2014-05-15,24.1
2014-05-16,23.67
2014-05-17,23.9
2014-05-18,24.23
2014-05-19,23.6
2014-05-20,23.49
2014-05-21,23.75
2014-05-22,24.27
2014-05-23,24.18
2014-05-24,24.35
2014-05-25,24.59
2014-05-26,25.23
2014-05-27,25.2
2014-05-28,25.51
2014-05-29,24.76
2014-05-30,25.11
2014-05-31,25.22
2014-06-01,25.58
2014-06-02,25.47
2014-06-03,25.68
2014-06-04,25.33
2014-06-05,24.98
2014-06-06,24.91
2014-06-07,24.85
2014-06-08,25.17
2014-06-09,25.56
2014-06-10,25.59
2014-06-11,25.63
2014-06-12,26.17
2014-06-13,25.91
2014-06-14,26.5
2014-06-15,26.87
2014-06-16,27.04
2014-06-17,26.95
2014-06-18,27.18
2014-06-19,27.27
2014-06-20,27.01
2014-06-21,26.85
2014-06-22,27.11
2014-06-23,27.44
2014-06-24,27.36
2014-06-25,27.72
2014-06-26,27.61
2014-06-27,27.69
2014-06-28,27.79
2014-06-29,28.21
2014-06-30,27.56
2014-07-01,28.01
2014-07-02,28.46
2014-07-03,29.15
2014-07-04,28.74
2014-07-05,28.79
2014-07-06,28.52
2014-07-07,28.98
2014-07-08,29.36
2014-07-09,29.24
2014-07-10,29.0
2014-07-11,29.22
2014-07-12,28.89
2014-07-13,28.59
2014-07-14,29.07
2014-07-15,29.17
2014-07-16,29.5
2014-07-17,28.95
2014-07-18,28.4
2014-07-19,28.33
2014-07-20,28.72
2014-07-21,29.07
2014-07-22,28.51
2014-07-23,28.99
2014-07-24,29.43
2014-07-25,29.26
2014-07-26,29.09
2014-07-27,29.09
2014-07-28,29.11
2014-07-29,29.14
2014-07-30,29.38
2014-07-31,29.07
2014-08-01,28.96
2014-08-02,29.11
2014-08-03,29.12
2014-08-04,29.09
2014-08-05,29.35
2014-08-06,29.89
2014-08-07,29.82
2014-08-08,29.61
2014-08-09,29.13
2014-08-10,29.48
2014-08-11,29.2
2014-08-12,29.9
2014-08-13,29.86
2014-08-14,29.5
2014-08-15,30.1
2014-08-16,29.93
2014-08-17,29.68
2014-08-18,29.18
2014-08-19,29.2
2014-08-20,29.9
2014-08-21,29.93
2014-08-22,30.0
2014-08-23,29.65
2014-08-24,30.24
2014-08-25,30.08
2014-08-26,30.45
2014-08-27,30.29
2014-08-28,30.13
2014-08-29,29.82
2014-08-30,29.91
2014-08-31,29.31
2014-09-01,29.59
2014-09-02,29.91
2014-09-03,29.97
2014-09-04,30.36
2014-09-05,30.13
2014-09-06,29.73
2014-09-07,29.77
2014-09-08,29.33
2014-09-09,29.88
2014-09-10,29.57
2014-09-11,29.72
2014-09-12,29.63
2014-09-13,29.59
2014-09-14,29.21
2014-09-15,28.97
2014-09-16,29.13
2014-09-17,28.89
2014-09-18,28.45
2014-09-19,28.79
2014-09-20,28.92
2014-09-21,28.44
2014-09-22,28.42
2014-09-23,28.35
2014-09-24,28.36
2014-09-25,28.37
2014-09-26,28.45
2014-09-27,28.05
2014-09-28,27.95
2014-09-29,27.9
2014-09-30,27.78
2014-10-01,27.59
2014-10-02,27.76
2014-10-03,27.28
2014-10-04,27.42
2014-10-05,27.29
2014-10-06,27.21
2014-10-07,27.11
2014-10-08,27.1
2014-10-09,26.83
2014-10-10,26.86
2014-10-11,27.23
2014-10-12,26.87
2014-10-13,26.74
2014-10-14,26.7
2014-10-15,26.39
2014-10-16,26.27
2014-10-17,26.72
2014-10-18,26.16
2014-10-19,26.03
2014-10-20,25.58
2014-10-21,25.89
2014-10-22,25.59
2014-10-23,24.99
2014-10-24,25.25
2014-10-25,25.23
2014-10-26,25.37
2014-10-27,25.2
2014-10-28,25.13
2014-10-29,25.04
2014-10-30,25.1
2014-10-31,25.29
2014-11-01,24.83
2014-11-02,24.24
2014-11-03,24.16
2014-11-04,24.03
2014-11-05,24.02
2014-11-06,23.46
2014-11-07,23.94
2014-11-08,23.71
2014-11-09,23.4
2014-11-10,23.04
2014-11-11,23.21
2014-11-12,23.17
2014-11-13,23.12
2014-11-14,22.93
2014-11-15,22.74
2014-11-16,22.67
2014-11-17,22.88
2014-11-18,22.48
2014-11-19,22.41
2014-11-20,22.93
2014-11-21,22.83
2014-11-22,22.81
2014-11-23,22.65
2014-11-24,22.14
2014-11-25,21.67
2014-11-26,21.11
2014-11-27,20.77
2014-11-28,20.39
2014-11-29,20.63
2014-11-30,21.11
2014-12-01,21.34
2014-12-02,21.29
2014-12-03,21.12
2014-12-04,21.62
2014-12-05,21.61
2014-12-06,21.52
2014-12-07,21.54
2014-12-08,21.18
2014-12-09,20.89
2014-12-10,20.56
2014-12-11,20.82
2014-12-12,20.98
2014-12-13,20.56
2014-12-14,20.61
2014-12-15,20.57
2014-12-16,19.95
2014-12-17,19.79
2014-12-18,19.87
2014-12-19,19.74
2014-12-20,19.77
2014-12-21,19.81
2014-12-22,19.61
2014-12-23,19.34
2014-12-24,19.14
2014-12-25,18.9
2014-12-26,18.53
2014-12-27,18.98
2014-12-28,18.6
2014-12-29,18.2
2014-12-30,17.93
2014-12-31,18.17
2015-01-01,18.19
2015-01-02,17.92
2015-01-03,18.37
2015-01-04,18.17
2015-01-05,17.89
2015-01-06,17.89
2015-01-07,17.84
2015-01-08,17.23
2015-01-09,16.57
2015-01-10,16.4
2015-01-11,16.88
2015-01-12,18.19
2015-01-13,17.77
2015-01-14,17.81
2015-01-15,17.72
2015-01-16,17.44
2015-01-17,16.63
2015-01-18,16.94
2015-01-19,16.91
2015-01-20,16.54
2015-01-21,16.98
2015-01-22,17.43
2015-01-23,17.51
2015-01-24,17.53
2015-01-25,17.52
2015-01-26,17.78
2015-01-27,17.74
2015-01-28,17.77
2015-01-29,17.06
2015-01-30,17.1
2015-01-31,16.76
2015-02-01,16.92
2015-02-02,16.84
2015-02-03,17.13
2015-02-04,16.45
2015-02-05,16.8
2015-02-06,17.0
2015-02-07,17.05
2015-02-08,16.99
2015-02-09,16.85
2015-02-10,16.76
2015-02-11,16.69
2015-02-12,15.13
2015-02-13,15.23
2015-02-14,15.13
2015-02-15,15.45
2015-02-16,14.99
2015-02-17,15.9
2015-02-18,16.01
2015-02-19,16.14
2015-02-20,15.67
2015-02-21,15.37
2015-02-22,15.21
2015-02-23,15.46
2015-02-24,15.9
2015-02-25,15.56
2015-02-26,16.2
2015-02-27,16.52
2015-02-28,16.44
2015-03-01,15.78
2015-03-02,16.56
2015-03-03,16.69
2015-03-04,16.95
2015-03-05,16.52
2015-03-06,16.75
2015-03-07,17.18
2015-03-08,17.54
2015-03-09,18.18
2015-03-10,18.08
2015-03-11,17.84
2015-03-12,17.63
2015-03-13,17.59
2015-03-14,18.27
2015-03-15,18.07
2015-03-16,18.68
2015-03-17,18.5
2015-03-18,18.53
2015-03-19,18.35
2015-03-20,18.11
2015-03-21,18.62
2015-03-22,18.1
2015-03-23,18.03
2015-03-24,17.77
2015-03-25,18.24
2015-03-26,18.36
2015-03-27,18.14
2015-03-28,18.34
2015-03-29,18.49
2015-03-30,18.42
2015-03-31,18.4
2015-04-01,18.18
2015-04-02,18.69
2015-04-03,18.83
2015-04-04,18.95
2015-04-05,19.16
2015-04-06,19.81
2015-04-07,19.78
2015-04-08,20.12
2015-04-09,19.72
2015-04-10,19.31
2015-04-11,18.98
2015-04-12,18.42
2015-04-13,18.26
2015-04-14,18.31
2015-04-15,18.38
2015-04-16,18.33
2015-04-17,18.2
2015-04-18,18.41
2015-04-19,19.64
2015-04-20,19.53
2015-04-21,19.16
2015-04-22,19.43
2015-04-23,19.65
2015-04-24,19.71
2015-04-25,19.86
2015-04-26,20.0
2015-04-27,20.02
2015-04-28,20.26
2015-04-29,20.9
2015-04-30,21.54
2015-05-01,21.36
2015-05-02,21.01
2015-05-03,21.0
2015-05-04,21.14
2015-05-05,21.74
2015-05-06,21.79
2015-05-07,22.36
2015-05-08,22.45
2015-05-09,22.44
2015-05-10,22.27
2015-05-11,22.59
2015-05-12,22.02
2015-05-13,21.87
2015-05-14,22.44
2015-05-15,22.43
2015-05-16,23.54
2015-05-17,23.7
2015-05-18,23.76
2015-05-19,23.57
2015-05-20,24.03
2015-05-21,24.01
2015-05-22,23.57
2015-05-23,23.76
2015-05-24,24.63
2015-05-25,25.41
2015-05-26,25.3
2015-05-27,25.01
2015-05-28,24.37
2015-05-29,24.7
2015-05-30,24.56
2015-05-31,24.74
2015-06-01,25.29
2015-06-02,25.03
2015-06-03,25.22
2015-06-04,25.04
2015-06-05,24.7
2015-06-06,25.11
2015-06-07,24.8
2015-06-08,25.16
2015-06-09,25.1
2015-06-10,25.13
2015-06-11,25.05
2015-06-12,24.99
2015-06-13,25.07
2015-06-14,25.36
2015-06-15,25.85
2015-06-16,26.19
2015-06-17,26.65
2015-06-18,26.33
2015-06-19,27.36
2015-06-20,27.02
2015-06-21,26.32
2015-06-22,27.31
2015-06-23,27.05
2015-06-24,26.77
2015-06-25,26.67
2015-06-26,26.62
2015-06-27,27.16
2015-06-28,26.61
2015-06-29,26.72
2015-06-30,26.59
2015-07-01,27.08
2015-07-02,26.56
2015-07-03,26.44
2015-07-04,26.49
2015-07-05,27.0
2015-07-06,27.64
2015-07-07,26.96
2015-07-08,26.94
2015-07-09,27.27
2015-07-10,27.26
2015-07-11,27.6
2015-07-12,27.65
2015-07-13,27.71
2015-07-14,27.07
2015-07-15,27.69
2015-07-16,28.55
2015-07-17,28.87
2015-07-18,29.0
2015-07-19,28.46
2015-07-20,28.2
2015-07-21,29.45
2015-07-22,29.16
2015-07-23,29.02
2015-07-24,29.93
2015-07-25,29.58
2015-07-26,28.9
2015-07-27,29.85
2015-07-28,29.74
2015-07-29,29.73
2015-07-30,30.38
2015-07-31,30.29
2015-08-01,30.02
2015-08-02,29.81
2015-08-03,30.76
2015-08-04,30.4
2015-08-05,30.67
2015-08-06,30.6
2015-08-07,31.21
2015-08-08,31.53
2015-08-09,31.03
2015-08-10,30.97
2015-08-11,31.2
2015-08-12,30.98
2015-08-13,31.04
2015-08-14,31.29
2015-08-15,31.51
2015-08-16,31.41
2015-08-17,31.03
2015-08-18,30.38
2015-08-19,30.03
2015-08-20,31.03
2015-08-21,30.61
2015-08-22,30.73
2015-08-23,31.09
2015-08-24,30.84
2015-08-25,30.41
2015-08-26,30.1
2015-08-27,30.96
2015-08-28,30.99
2015-08-29,30.96
2015-08-30,30.8
2015-08-31,30.73
2015-09-01,30.64
2015-09-02,30.2
2015-09-03,29.76
2015-09-04,30.22
2015-09-05,30.11
2015-09-06,29.95
2015-09-07,30.18
2015-09-08,29.86
2015-09-09,29.82
2015-09-10,29.79
2015-09-11,29.61
2015-09-12,29.57
2015-09-13,29.61
2015-09-14,29.63
2015-09-15,29.52
2015-09-16,30.2
2015-09-17,30.05
2015-09-18,30.06
2015-09-19,30.02
2015-09-20,29.73
2015-09-21,29.29
2015-09-22,29.88
2015-09-23,29.91
2015-09-24,29.22
2015-09-25,29.29
2015-09-26,29.3
2015-09-27,29.49
2015-09-28,29.29
2015-09-29,29.08
2015-09-30,28.68
2015-10-01,28.59
2015-10-02,28.63
2015-10-03,28.77
2015-10-04,28.72
2015-10-05,28.26
2015-10-06,28.28
2015-10-07,28.01
2015-10-08,27.77
2015-10-09,27.79
2015-10-10,27.75
2015-10-11,27.7
2015-10-12,27.54
2015-10-13,27.7
2015-10-14,27.47
2015-10-15,27.57
2015-10-16,27.57
2015-10-17,27.27
2015-10-18,27.11
2015-10-19,26.99
2015-10-20,26.6
2015-10-21,27.7
2015-10-22,27.48
2015-10-23,27.43
2015-10-24,27.19
2015-10-25,26.86
2015-10-26,26.09
2015-10-27,26.24
2015-10-28,26.02
2015-10-29,25.83
2015-10-30,25.48
2015-10-31,25.34
2015-11-01,25.53
2015-11-02,25.41
2015-11-03,24.76
2015-11-04,24.92
2015-11-05,24.59
2015-11-06,24.73
2015-11-07,24.9
2015-11-08,24.75
2015-11-09,24.59
2015-11-10,24.1
2015-11-11,23.95
2015-11-12,24.09
2015-11-13,23.7
2015-11-14,23.55
2015-11-15,23.57
2015-11-16,23.2
2015-11-17,23.33
2015-11-18,22.9
2015-11-19,21.94
2015-11-20,22.35
2015-11-21,22.83
2015-11-22,22.65
2015-11-23,22.14
2015-11-24,22.72
2015-11-25,23.11
2015-11-26,22.89
2015-11-27,22.17
2015-11-28,22.12
2015-11-29,22.51
2015-11-30,22.2
2015-12-01,21.86
2015-12-02,21.55
2015-12-03,21.75
2015-12-04,22.04
2015-12-05,21.7
2015-12-06,21.55
2015-12-07,21.53
2015-12-08,20.9
2015-12-09,21.09
2015-12-10,21.01
2015-12-11,20.8
2015-12-12,20.57
2015-12-13,20.43
2015-12-14,20.24
2015-12-15,20.86
2015-12-16,19.94
2015-12-17,19.55
2015-12-18,19.45
2015-12-19,19.39
2015-12-20,19.57
2015-12-21,19.48
2015-12-22,19.5
2015-12-23,19.46
2015-12-24,19.58
2015-12-25,19.41
2015-12-26,18.71
2015-12-27,19.42
2015-12-28,19.91
2015-12-29,20.2
2015-12-30,20.19
2015-12-31,19.53
2016-01-01,18.77
2016-01-02,18.19
2016-01-03,17.73
2016-01-04,17.77
2016-01-05,17.88
2016-01-06,17.91
2016-01-07,17.82
2016-01-08,17.65
2016-01-09,16.94
2016-01-10,17.66
2016-01-11,18.12
2016-01-12,17.78
2016-01-13,18.59
2016-01-14,18.71
2016-01-15,18.39
2016-01-16,17.6
2016-01-17,17.98
2016-01-18,18.18
2016-01-19,18.32
2016-01-20,16.85
2016-01-21,16.81
2016-01-22,17.18
2016-01-23,17.35
2016-01-24,17.33
2016-01-25,17.25
2016-01-26,16.83
2016-01-27,16.79
2016-01-28,16.75
2016-01-29,16.53
2016-01-30,16.64
2016-01-31,16.75
2016-02-01,17.13
2016-02-02,17.13
2016-02-03,16.68
2016-02-04,17.52
2016-02-05,16.98
2016-02-06,16.96
2016-02-07,16.67
2016-02-08,16.15
2016-02-09,15.53
2016-02-10,16.3
2016-02-11,16.46
2016-02-12,15.93
2016-02-13,15.99
2016-02-14,16.44
2016-02-15,16.76
2016-02-16,17.08
2016-02-17,16.86
2016-02-18,17.45
2016-02-19,17.53
2016-02-20,17.46
2016-02-21,17.73
2016-02-22,17.21
2016-02-23,17.77
2016-02-24,17.44
2016-02-25,17.91
2016-02-26,17.77
2016-02-27,17.65
2016-02-28,17.23
2016-02-29,17.69
2016-03-01,17.76
2016-03-02,17.81
2016-03-03,17.84
2016-03-04,17.38
2016-03-05,17.89
2016-03-06,18.08
2016-03-07,18.14
2016-03-08,18.39
2016-03-09,18.23
2016-03-10,17.93
2016-03-11,18.24
2016-03-12,18.32
2016-03-13,18.18
2016-03-14,16.95
2016-03-15,17.8
2016-03-16,18.16
2016-03-17,17.7
2016-03-18,18.06
2016-03-19,17.85
2016-03-20,17.51
2016-03-21,18.49
2016-03-22,18.39
2016-03-23,18.63
2016-03-24,18.59
2016-03-25,18.62
2016-03-26,18.6
2016-03-27,18.65
2016-03-28,18.77
2016-03-29,18.83
2016-03-30,18.41
2016-03-31,18.38
2016-04-01,18.48
2016-04-02,18.92
2016-04-03,19.02
2016-04-04,19.11
2016-04-05,19.39
2016-04-06,19.19
2016-04-07,19.1
2016-04-08,19.23
2016-04-09,19.39
2016-04-10,19.6
2016-04-11,19.41
2016-04-12,19.94
2016-04-13,20.01
2016-04-14,20.63
2016-04-15,20.87
2016-04-16,21.0
2016-04-17,21.04
2016-04-18,21.87
2016-04-19,21.83
2016-04-20,21.63
2016-04-21,22.34
2016-04-22,22.03
2016-04-23,22.48
2016-04-24,23.18
2016-04-25,22.74
2016-04-26,22.18
2016-04-27,21.64
2016-04-28,21.82
2016-04-29,21.7
2016-04-30,22.94
2016-05-01,22.65
2016-05-02,23.27
2016-05-03,22.67
2016-05-04,22.28
2016-05-05,22.31
2016-05-06,22.24
2016-05-07,22.83
2016-05-08,23.32
2016-05-09,22.75
2016-05-10,22.64
2016-05-11,22.69
2016-05-12,22.43
2016-05-13,23.54
2016-05-14,23.88
2016-05-15,24.09
2016-05-16,24.24
2016-05-17,23.46
2016-05-18,23.49
2016-05-19,24.28
2016-05-20,24.47
2016-05-21,24.57
2016-05-22,24.47
2016-05-23,24.53
2016-05-24,24.49
2016-05-25,24.57
2016-05-26,24.58
2016-05-27,24.46
2016-05-28,23.68
2016-05-29,23.8
2016-05-30,23.91
2016-05-31,24.38
2016-06-01,24.23
2016-06-02,25.32
2016-06-03,25.05
2016-06-04,25.32
2016-06-05,25.7
2016-06-06,26.48
2016-06-07,26.16
2016-06-08,26.15
2016-06-09,25.38
2016-06-10,26.14
2016-06-11,26.59
2016-06-12,26.52
2016-06-13,25.77
2016-06-14,25.11
2016-06-15,25.57
2016-06-16,25.85
2016-06-17,25.83
2016-06-18,26.43
2016-06-19,27.41
2016-06-20,27.62
2016-06-21,27.66
2016-06-22,28.0
2016-06-23,27.71
2016-06-24,27.7
2016-06-25,27.69
2016-06-26,27.97
2016-06-27,28.09
2016-06-28,28.38
2016-06-29,27.93
2016-06-30,28.23
2016-07-01,28.64
2016-07-02,28.45
2016-07-03,28.77
2016-07-04,28.23
2016-07-05,27.98
2016-07-06,28.49
2016-07-07,28.45
2016-07-08,28.6
2016-07-09,28.47
2016-07-10,28.04
2016-07-11,28.47
2016-07-12,29.12
2016-07-13,29.43
2016-07-14,29.8
2016-07-15,30.25
2016-07-16,29.78
2016-07-17,30.52
2016-07-18,30.03
2016-07-19,30.05
2016-07-20,29.92
2016-07-21,30.16
2016-07-22,30.01
2016-07-23,29.91
2016-07-24,29.22
2016-07-25,28.99
2016-07-26,29.41
2016-07-27,28.9
2016-07-28,28.95
2016-07-29,28.68
2016-07-30,28.55
2016-07-31,28.9
2016-08-01,29.85
2016-08-02,30.03
2016-08-03,29.6
2016-08-04,30.04
2016-08-05,29.53
2016-08-06,29.55
2016-08-07,30.15
2016-08-08,29.95
2016-08-09,29.36
2016-08-10,29.52
2016-08-11,30.15
2016-08-12,30.5
2016-08-13,30.49
2016-08-14,29.82
2016-08-15,29.5
2016-08-16,29.61
2016-08-17,29.49
2016-08-18,29.4
2016-08-19,29.56
2016-08-20,29.74
2016-08-21,29.71
2016-08-22,29.7
2016-08-23,29.6
2016-08-24,28.97
2016-08-25,28.73
2016-08-26,29.13
2016-08-27,29.55
2016-08-28,29.03
2016-08-29,28.23
2016-08-30,28.61
2016-08-31,28.97
2016-09-01,29.1
2016-09-02,29.32
2016-09-03,29.59
2016-09-04,29.21
2016-09-05,29.5
2016-09-06,29.65
2016-09-07,29.52
2016-09-08,29.05
2016-09-09,29.09
2016-09-10,29.27
2016-09-11,29.37
2016-09-12,29.2
2016-09-13,29.15
2016-09-14,29.49
2016-09-15,29.15
2016-09-16,29.11
2016-09-17,28.94
2016-09-18,29.21
2016-09-19,29.4
2016-09-20,29.07
2016-09-21,29.04
2016-09-22,28.87
2016-09-23,29.09
2016-09-24,28.81
2016-09-25,28.61
2016-09-26,29.05
2016-09-27,28.62
2016-09-28,28.33
2016-09-29,27.76
2016-09-30,28.09
2016-10-01,27.89
2016-10-02,27.82
2016-10-03,27.76
2016-10-04,27.83
2016-10-05,27.72
2016-10-06,27.44
2016-10-07,27.53
2016-10-08,27.28
2016-10-09,26.81
2016-10-10,26.96
2016-10-11,27.19
2016-10-12,27.27
2016-10-13,27.48
2016-10-14,27.11
2016-10-15,27.16
2016-10-16,27.23
2016-10-17,27.15
2016-10-18,27.74
2016-10-19,26.97
2016-10-20,26.91
2016-10-21,26.92
2016-10-22,26.75
2016-10-23,26.35
2016-10-24,26.1
2016-10-25,26.1
2016-10-26,26.29
2016-10-27,26.82
2016-10-28,25.94
2016-10-29,25.81
2016-10-30,25.87
2016-10-31,25.33
2016-11-01,26.0
2016-11-02,25.89
2016-11-03,24.92
2016-11-04,24.71
2016-11-05,24.77
2016-11-06,24.38
2016-11-07,24.83
2016-11-08,24.34
2016-11-09,24.81
2016-11-10,24.75
2016-11-11,24.76
2016-11-12,24.68
2016-11-13,23.77
2016-11-14,23.55
2016-11-15,23.86
2016-11-16,23.83
2016-11-17,23.82
2016-11-18,24.19
2016-11-19,23.63
2016-11-20,24.14
2016-11-21,24.15
2016-11-22,23.98
2016-11-23,23.43
2016-11-24,22.98
2016-11-25,22.59
2016-11-26,21.85
2016-11-27,21.59
2016-11-28,21.45
2016-11-29,21.54
2016-11-30,21.6
2016-12-01,20.94
2016-12-02,20.97
2016-12-03,20.74
2016-12-04,21.13
2016-12-05,20.64
2016-12-06,21.29
2016-12-07,20.87
2016-12-08,21.22
2016-12-09,21.26
2016-12-10,20.78
2016-12-11,20.6
2016-12-12,20.27
2016-12-13,20.15
2016-12-14,20.49
2016-12-15,19.71
2016-12-16,19.48
2016-12-17,19.32
2016-12-18,19.2
2016-12-19,19.1
2016-12-20,18.76
2016-12-21,18.78
2016-12-22,18.43
2016-12-23,18.9
2016-12-24,18.1
2016-12-25,18.25
2016-12-26,18.47
2016-12-27,18.48
2016-12-28,17.73
2016-12-29,17.35
2016-12-30,17.48
2016-12-31,17.75
2017-01-01,17.74
2017-01-02,18.05
2017-01-03,17.8
2017-01-04,17.27
2017-01-05,17.61
2017-01-06,17.77
2017-01-07,17.81
2017-01-08,17.72
2017-01-09,16.92
2017-01-10,16.45
2017-01-11,16.39
2017-01-12,16.89
2017-01-13,16.8
2017-01-14,16.94
2017-01-15,16.78
2017-01-16,17.37
2017-01-17,16.86
2017-01-18,17.38
2017-01-19,17.43
2017-01-20,17.38
2017-01-21,17.44
2017-01-22,17.51
2017-01-23,17.53
2017-01-24,17.52
2017-01-25,17.46
2017-01-26,17.09
2017-01-27,17.09
2017-01-28,16.94
2017-01-29,16.71
2017-01-30,16.25
2017-01-31,16.22
2017-02-01,16.36
2017-02-02,16.04
2017-02-03,15.43
2017-02-04,16.14
2017-02-05,16.48
2017-02-06,16.69
2017-02-07,16.93
2017-02-08,17.06
2017-02-09,16.84
2017-02-10,16.67
2017-02-11,16.97
2017-02-12,16.59
2017-02-13,16.95
2017-02-14,16.61
2017-02-15,16.21
2017-02-16,16.38
2017-02-17,16.36
2017-02-18,16.07
2017-02-19,16.32
2017-02-20,16.66
2017-02-21,16.45
2017-02-22,16.2
2017-02-23,16.12
2017-02-24,16.11
2017-02-25,16.32
2017-02-26,16.2
2017-02-27,16.42
2017-02-28,16.48
2017-03-01,16.54
2017-03-02,16.73
2017-03-03,16.97
2017-03-04,16.81
2017-03-05,16.95
2017-03-06,17.02
2017-03-07,17.03
2017-03-08,17.35
2017-03-09,17.48
2017-03-10,16.97
2017-03-11,16.76
2017-03-12,17.42
2017-03-13,17.42
2017-03-14,17.44
2017-03-15,17.15
2017-03-16,17.48
2017-03-17,17.08
2017-03-18,17.08
2017-03-19,17.27
2017-03-20,17.63
2017-03-21,17.45
2017-03-22,17.29
2017-03-23,17.09
2017-03-24,17.22
2017-03-25,18.31
2017-03-26,18.2
2017-03-27,18.16
2017-03-28,17.86
2017-03-29,18.11
2017-03-30,17.79
2017-03-31,18.02
2017-04-01,18.45
2017-04-02,18.64
2017-04-03,19.01
2017-04-04,19.85
2017-04-05,19.92
2017-04-06,19.54
2017-04-07,19.48
2017-04-08,19.47
2017-04-09,18.88
2017-04-10,18.8
2017-04-11,18.85
2017-04-12,19.05
2017-04-13,19.53
2017-04-14,19.67
2017-04-15,19.63
2017-04-16,19.39
2017-04-17,20.07
2017-04-18,20.23
2017-04-19,20.43
2017-04-20,20.9
2017-04-21,20.75
2017-04-22,21.27
2017-04-23,20.61
2017-04-24,20.57
2017-04-25,20.23
2017-04-26,20.39
2017-04-27,20.66
2017-04-28,20.99
2017-04-29,21.44
2017-04-30,21.13
2017-05-01,20.92
2017-05-02,21.24
2017-05-03,21.43
2017-05-04,21.61
2017-05-05,22.1
2017-05-06,22.26
2017-05-07,22.46
2017-05-08,23.12
2017-05-09,22.91
2017-05-10,23.77
2017-05-11,23.43
2017-05-12,23.12
2017-05-13,23.37
2017-05-14,23.04
2017-05-15,23.9
2017-05-16,23.94
2017-05-17,24.03
2017-05-18,23.64
2017-05-19,23.59
2017-05-20,24.14
2017-05-21,24.17
2017-05-22,24.15
2017-05-23,23.39
2017-05-24,23.92
2017-05-25,23.89
2017-05-26,24.35
2017-05-27,24.11
2017-05-28,24.45
2017-05-29,24.68
2017-05-30,24.02
2017-05-31,25.07
2017-06-01,24.95
2017-06-02,24.8
2017-06-03,24.32
2017-06-04,24.47
2017-06-05,24.67
2017-06-06,24.97
2017-06-07,25.15
2017-06-08,25.33
2017-06-09,25.6
2017-06-10,25.35
2017-06-11,25.25
2017-06-12,25.6
2017-06-13,25.76
2017-06-14,26.1
2017-06-15,25.95
2017-06-16,26.26
2017-06-17,26.82
2017-06-18,26.95
2017-06-19,27.55
2017-06-20,27.21
2017-06-21,26.97
2017-06-22,27.67
2017-06-23,27.71
2017-06-24,27.67
2017-06-25,28.12
2017-06-26,27.69
2017-06-27,27.48
2017-06-28,27.39
2017-06-29,28.24
2017-06-30,27.49
2017-07-01,27.41
2017-07-02,28.27
2017-07-03,28.76
2017-07-04,28.66
2017-07-05,28.21
2017-07-06,28.4
2017-07-07,28.38
2017-07-08,28.27
2017-07-09,28.68
2017-07-10,29.0
2017-07-11,28.66
2017-07-12,28.58
2017-07-13,28.69
2017-07-14,28.7
2017-07-15,29.53
2017-07-16,29.43
2017-07-17,29.01
2017-07-18,29.43
2017-07-19,29.52
2017-07-20,29.49
2017-07-21,28.71
2017-07-22,29.33
2017-07-23,29.43
2017-07-24,29.18
2017-07-25,28.84
2017-07-26,28.71
2017-07-27,29.73
2017-07-28,29.34
2017-07-29,29.98
2017-07-30,29.98
2017-07-31,29.89
2017-08-01,30.04
2017-08-02,29.83
2017-08-03,30.0
2017-08-04,30.02
2017-08-05,30.37
2017-08-06,30.11
2017-08-07,30.5
2017-08-08,30.1
2017-08-09,30.22
2017-08-10,30.04
2017-08-11,30.26
2017-08-12,30.29
2017-08-13,29.98
2017-08-14,30.65
2017-08-15,30.04
2017-08-16,29.96
2017-08-17,30.22
2017-08-18,30.24
2017-08-19,30.6
2017-08-20,30.09
2017-08-21,30.55
2017-08-22,30.57
2017-08-23,30.65
2017-08-24,30.07
2017-08-25,30.22
2017-08-26,30.27
2017-08-27,30.34
2017-08-28,30.55
2017-08-29,30.11
2017-08-30,30.41
2017-08-31,30.47
2017-09-01,29.5
2017-09-02,29.76
2017-09-03,29.96
2017-09-04,30.0
2017-09-05,29.97
2017-09-06,29.69
2017-09-07,29.41
2017-09-08,29.36
2017-09-09,29.18
2017-09-10,29.16
2017-09-11,29.28
2017-09-12,29.39
2017-09-13,29.18
2017-09-14,28.84
2017-09-15,28.69
2017-09-16,28.9
2017-09-17,29.04
2017-09-18,28.84
2017-09-19,28.32
2017-09-20,28.39
2017-09-21,28.23
2017-09-22,27.73
2017-09-23,28.31
2017-09-24,28.26
2017-09-25,28.06
2017-09-26,28.19
2017-09-27,28.22
2017-09-28,28.13
2017-09-29,28.09
2017-09-30,27.74
2017-10-01,27.64
2017-10-02,27.52
2017-10-03,27.07
2017-10-04,27.56
2017-10-05,27.41
2017-10-06,27.18
2017-10-07,26.69
2017-10-08,26.54
2017-10-09,26.69
2017-10-10,26.56
2017-10-11,26.56
2017-10-12,26.46
2017-10-13,26.35
2017-10-14,26.06
2017-10-15,26.12
2017-10-16,25.72
2017-10-17,25.53
2017-10-18,25.39
2017-10-19,24.66
2017-10-20,25.31
2017-10-21,25.37
2017-10-22,25.49
2017-10-23,25.65
2017-10-24,25.21
2017-10-25,24.99
2017-10-26,25.3
2017-10-27,25.42
2017-10-28,25.3
2017-10-29,25.03
2017-10-30,24.43
2017-10-31,24.59
2017-11-01,24.57
2017-11-02,24.64
2017-11-03,24.36
2017-11-04,24.15
2017-11-05,23.66
2017-11-06,23.3
2017-11-07,23.54
2017-11-08,23.73
2017-11-09,23.82
2017-11-10,23.48
2017-11-11,23.44
2017-11-12,23.48
2017-11-13,23.7
2017-11-14,23.48
2017-11-15,23.3
2017-11-16,23.41
2017-11-17,23.71
2017-11-18,23.15
2017-11-19,22.63
2017-11-20,22.89
2017-11-21,23.31
2017-11-22,22.96
2017-11-23,22.3
2017-11-24,21.73
2017-11-25,21.17
2017-11-26,21.32
2017-11-27,21.05
2017-11-28,20.94
2017-11-29,21.22
2017-11-30,21.12
2017-12-01,21.26
2017-12-02,21.63
2017-12-03,21.65
2017-12-04,21.73
2017-12-05,21.88
2017-12-06,21.87
2017-12-07,21.65
2017-12-08,20.62
2017-12-09,20.67
2017-12-10,21.12
2017-12-11,21.44
2017-12-12,21.86
2017-12-13,21.34
2017-12-14,20.72
2017-12-15,20.71
2017-12-16,20.07
2017-12-17,19.78
2017-12-18,20.08
2017-12-19,20.09
2017-12-20,19.97
2017-12-21,19.92
2017-12-22,19.48
2017-12-23,19.33
2017-12-24,19.36
2017-12-25,19.33
2017-12-26,19.21
2017-12-27,19.73
2017-12-28,19.76
2017-12-29,19.46
2017-12-30,19.37
2017-12-31,19.0
2018-01-01,18.73
2018-01-02,18.6
2018-01-03,18.11
2018-01-04,18.34
2018-01-05,18.6
2018-01-06,18.6
2018-01-07,17.81
2018-01-08,17.8
2018-01-09,18.13
2018-01-10,18.42
2018-01-11,18.81
2018-01-12,18.02
2018-01-13,18.2
2018-01-14,18.16
2018-01-15,18.11
2018-01-16,17.69
2018-01-17,17.56
2018-01-18,17.35
2018-01-19,17.25
2018-01-20,17.06
2018-01-21,16.83
2018-01-22,17.05
2018-01-23,17.06
2018-01-24,16.99
2018-01-25,16.64
2018-01-26,16.25
2018-01-27,16.4
2018-01-28,15.85
2018-01-29,16.65
2018-01-30,16.49
2018-01-31,16.52
2018-02-01,16.82
2018-02-02,16.95
2018-02-03,17.21
2018-02-04,17.32
2018-02-05,17.14
2018-02-06,17.46
2018-02-07,17.3
2018-02-08,17.47
2018-02-09,17.7
2018-02-10,17.71
2018-02-11,17.76
2018-02-12,17.63
2018-02-13,17.58
2018-02-14,17.6
2018-02-15,17.48
2018-02-16,17.38
2018-02-17,17.31
2018-02-18,16.98
2018-02-19,17.28
2018-02-20,17.16
2018-02-21,17.17
2018-02-22,17.29
2018-02-23,17.56
2018-02-24,17.25
2018-02-25,17.78
2018-02-26,17.81
2018-02-27,18.25
2018-02-28,17.63
2018-03-01,17.89
2018-03-02,18.22
2018-03-03,18.91
2018-03-04,18.41
2018-03-05,18.38
2018-03-06,19.38
2018-03-07,19.4
2018-03-08,18.89
2018-03-09,18.45
2018-03-10,18.99
2018-03-11,19.19
2018-03-12,19.31
2018-03-13,19.33
2018-03-14,19.42
2018-03-15,19.3
2018-03-16,19.06
2018-03-17,19.52
2018-03-18,19.55
2018-03-19,20.0
2018-03-20,19.12
2018-03-21,20.01
2018-03-22,20.16
2018-03-23,19.91
2018-03-24,19.79
2018-03-25,20.12
2018-03-26,20.2
2018-03-27,19.86
2018-03-28,19.53
2018-03-29,19.48
2018-03-30,19.79
2018-03-31,19.5
2018-04-01,20.03
2018-04-02,19.75
2018-04-03,19.81
2018-04-04,19.77
2018-04-05,19.93
2018-04-06,20.37
2018-04-07,20.3
2018-04-08,19.35
2018-04-09,20.24
2018-04-10,20.88
2018-04-11,20.54
2018-04-12,20.37
2018-04-13,20.52
2018-04-14,20.91
2018-04-15,21.57
2018-04-16,21.19
2018-04-17,21.58
2018-04-18,21.43
2018-04-19,22.22
2018-04-20,21.69
2018-04-21,21.76
2018-04-22,21.86
2018-04-23,22.46
2018-04-24,22.07
2018-04-25,22.29
2018-04-26,21.96
2018-04-27,21.0
2018-04-28,20.87
2018-04-29,22.53
2018-04-30,22.76
2018-05-01,22.71
2018-05-02,23.48
2018-05-03,23.91
2018-05-04,24.25
2018-05-05,24.01
2018-05-06,23.09
2018-05-07,23.08
2018-05-08,23.35
2018-05-09,23.13
2018-05-10,22.75
2018-05-11,22.46
2018-05-12,23.49
2018-05-13,23.53
2018-05-14,23.59
2018-05-15,23.73
2018-05-16,23.98
2018-05-17,23.99
2018-05-18,24.12
2018-05-19,24.62
2018-05-20,23.68
2018-05-21,23.11
2018-05-22,23.86
2018-05-23,24.7
2018-05-24,24.91
2018-05-25,25.32
2018-05-26,25.32
2018-05-27,25.3
2018-05-28,25.34
2018-05-29,25.21
2018-05-30,26.43
2018-05-31,26.18
2018-06-01,25.93
2018-06-02,26.65
2018-06-03,26.78
2018-06-04,26.76
2018-06-05,26.27
2018-06-06,26.24
2018-06-07,26.77
2018-06-08,27.05
2018-06-09,27.36
2018-06-10,27.01
2018-06-11,27.12
2018-06-12,27.13
2018-06-13,27.26
2018-06-14,27.69
2018-06-15,27.65
2018-06-16,27.43
2018-06-17,26.95
2018-06-18,27.83
2018-06-19,27.75
2018-06-20,27.58
2018-06-21,28.16
2018-06-22,28.81
2018-06-23,28.66
2018-06-24,28.72
2018-06-25,28.91
2018-06-26,28.25
2018-06-27,28.57
2018-06-28,28.56
2018-06-29,28.7
2018-06-30,28.78
2018-07-01,28.68
2018-07-02,28.5
2018-07-03,28.86
2018-07-04,28.98
2018-07-05,29.24
2018-07-06,28.9
2018-07-07,29.22
2018-07-08,29.05
2018-07-09,29.42
2018-07-10,29.55
2018-07-11,29.88
2018-07-12,29.5
2018-07-13,29.06
2018-07-14,28.92
2018-07-15,29.41
2018-07-16,29.18
2018-07-17,29.08
2018-07-18,29.29
2018-07-19,29.73
2018-07-20,29.42
2018-07-21,29.58
2018-07-22,29.33
2018-07-23,29.89
2018-07-24,29.44
2018-07-25,29.17
2018-07-26,29.07
2018-07-27,29.83
2018-07-28,29.61
2018-07-29,29.56
2018-07-30,29.65
2018-07-31,30.01
2018-08-01,29.58
2018-08-02,29.15
2018-08-03,28.7
2018-08-04,29.66
2018-08-05,30.6
2018-08-06,29.93
2018-08-07,30.12
2018-08-08,29.54
2018-08-09,29.55
2018-08-10,30.14
2018-08-11,30.45
2018-08-12,30.15
2018-08-13,30.51
2018-08-14,30.01
2018-08-15,30.37
2018-08-16,30.09
2018-08-17,29.85
2018-08-18,29.83
2018-08-19,29.42
2018-08-20,29.66
2018-08-21,29.67
2018-08-22,30.01
2018-08-23,29.7
2018-08-24,29.82
2018-08-25,29.31
2018-08-26,30.18
2018-08-27,29.86
2018-08-28,29.73
2018-08-29,29.7
2018-08-30,29.57
2018-08-31,29.64
2018-09-01,29.3
2018-09-02,29.8
2018-09-03,29.67
2018-09-04,29.65
2018-09-05,29.56
2018-09-06,30.28
2018-09-07,30.1
2018-09-08,30.02
2018-09-09,30.61
2018-09-10,29.68
2018-09-11,29.64
2018-09-12,29.39
2018-09-13,28.99
2018-09-14,28.91
2018-09-15,28.86
2018-09-16,29.11
2018-09-17,29.12
2018-09-18,28.95
2018-09-19,28.72
2018-09-20,28.74
2018-09-21,28.94
2018-09-22,28.84
2018-09-23,28.83
2018-09-24,28.92
2018-09-25,28.55
2018-09-26,28.6
2018-09-27,29.18
2018-09-28,28.85
2018-09-29,28.6
2018-09-30,28.92
2018-10-01,28.76
2018-10-02,28.62
2018-10-03,28.44
2018-10-04,28.41
2018-10-05,28.42
2018-10-06,27.99
2018-10-07,28.44
2018-10-08,28.03
2018-10-09,28.05
2018-10-10,27.79
2018-10-11,27.97
2018-10-12,27.49
2018-10-13,27.61
2018-10-14,27.03
2018-10-15,27.16
2018-10-16,26.9
2018-10-17,26.82
2018-10-18,26.65
2018-10-19,26.68
2018-10-20,27.79
2018-10-21,27.11
2018-10-22,26.01
2018-10-23,26.45
2018-10-24,27.15
2018-10-25,26.32
2018-10-26,26.24
2018-10-27,25.9
2018-10-28,26.13
2018-10-29,25.19
2018-10-30,24.74
2018-10-31,25.04
2018-11-01,25.85
2018-11-02,25.22
2018-11-03,25.25
2018-11-04,24.85
2018-11-05,25.02
2018-11-06,24.57
2018-11-07,24.81
2018-11-08,24.19
2018-11-09,24.14
2018-11-10,24.04
2018-11-11,24.06
2018-11-12,24.08
2018-11-13,23.78
2018-11-14,23.56
2018-11-15,23.38
2018-11-16,23.01
2018-11-17,22.65
2018-11-18,22.74
2018-11-19,23.41
2018-11-20,23.23
2018-11-21,23.16
2018-11-22,23.21
2018-11-23,23.09
2018-11-24,22.9
2018-11-25,22.87
2018-11-26,22.18
2018-11-27,22.47
2018-11-28,22.86
2018-11-29,22.81
2018-11-30,22.11
2018-12-01,22.35
2018-12-02,22.08
2018-12-03,21.53
2018-12-04,21.72
2018-12-05,21.47
2018-12-06,21.56
2018-12-07,20.48
2018-12-08,20.01
2018-12-09,20.21
2018-12-10,21.02
2018-12-11,20.45
2018-12-12,20.84
2018-12-13,20.38
2018-12-14,19.77
2018-12-15,19.82
2018-12-16,20.86
2018-12-17,21.1
2018-12-18,20.18
2018-12-19,19.44
2018-12-20,18.93
2018-12-21,19.33
2018-12-22,19.43
2018-12-23,19.6
2018-12-24,20.1
2018-12-25,19.66
2018-12-26,19.11
2018-12-27,19.15
2018-12-28,19.43
2018-12-29,19.18
2018-12-30,18.47
2018-12-31,18.16
2019-01-01,18.23
2019-01-02,18.5
2019-01-03,17.84
2019-01-04,17.79
2019-01-05,18.21
2019-01-06,18.5
2019-01-07,17.22
2019-01-08,16.98
2019-01-09,16.88
2019-01-10,15.99
2019-01-11,15.94
2019-01-12,16.26
2019-01-13,17.11
2019-01-14,16.79
2019-01-15,16.12
2019-01-16,16.01
2019-01-17,16.48
2019-01-18,16.26
2019-01-19,15.74
2019-01-20,15.74
2019-01-21,16.32
2019-01-22,17.09
2019-01-23,17.15
2019-01-24,17.5
2019-01-25,17.7
2019-01-26,16.78
2019-01-27,16.53
2019-01-28,17.33
2019-01-29,16.96
2019-01-30,16.15
2019-01-31,15.32
2019-02-01,16.04
2019-02-02,16.3
2019-02-03,16.1
2019-02-04,16.62
2019-02-05,17.28
2019-02-06,17.18
2019-02-07,16.47
2019-02-08,16.89
2019-02-09,17.07
2019-02-10,16.28
2019-02-11,16.05
2019-02-12,15.8
2019-02-13,16.28
2019-02-14,16.29
2019-02-15,16.26
2019-02-16,16.01
2019-02-17,16.31
2019-02-18,15.89
2019-02-19,15.4
2019-02-20,15.83
2019-02-21,16.17
2019-02-22,15.23
2019-02-23,15.48
2019-02-24,15.84
2019-02-25,16.12
2019-02-26,16.13
2019-02-27,15.84
2019-02-28,16.45
2019-03-01,16.42
2019-03-02,15.92
2019-03-03,15.97
2019-03-04,16.1
2019-03-05,16.16
2019-03-06,15.92
2019-03-07,16.47
2019-03-08,16.28
2019-03-09,16.38
2019-03-10,16.6
2019-03-11,16.62
2019-03-12,16.48
2019-03-13,16.35
2019-03-14,16.33
2019-03-15,16.55
2019-03-16,17.15
2019-03-17,16.95
2019-03-18,16.59
2019-03-19,17.13
2019-03-20,17.48
2019-03-21,16.72
2019-03-22,17.35
2019-03-23,17.73
2019-03-24,17.66
2019-03-25,17.64
2019-03-26,17.03
2019-03-27,17.94
2019-03-28,17.63
2019-03-29,17.54
2019-03-30,16.89
2019-03-31,17.09
2019-04-01,17.09
2019-04-02,17.12
2019-04-03,17.32
2019-04-04,17.46
2019-04-05,17.29
2019-04-06,17.44
2019-04-07,17.5
2019-04-08,18.37
2019-04-09,18.5
2019-04-10,18.13
2019-04-11,18.74
2019-04-12,19.11
2019-04-13,18.57
2019-04-14,18.64
2019-04-15,18.86
2019-04-16,18.89
2019-04-17,18.73
2019-04-18,18.87
2019-04-19,18.96
2019-04-20,19.05
2019-04-21,18.67
2019-04-22,18.54
2019-04-23,18.69
2019-04-24,18.67
2019-04-25,18.38
2019-04-26,19.02
2019-04-27,19.04
2019-04-28,20.06
2019-04-29,19.49
2019-04-30,21.04
2019-05-01,20.55
2019-05-02,20.09
2019-05-03,19.57
2019-05-04,20.92
2019-05-05,20.62
2019-05-06,20.79
2019-05-07,20.27
2019-05-08,20.23
2019-05-09,20.86
2019-05-10,21.1
2019-05-11,21.21
2019-05-12,21.05
2019-05-13,21.52
2019-05-14,21.89
2019-05-15,21.86
2019-05-16,22.89
2019-05-17,22.68
2019-05-18,21.85
2019-05-19,22.74
2019-05-20,22.74
2019-05-21,22.81
2019-05-22,22.79
2019-05-23,22.61
2019-05-24,22.95
2019-05-25,22.99
2019-05-26,23.22
2019-05-27,23.27
2019-05-28,23.69
2019-05-29,24.7
2019-05-30,23.92
2019-05-31,24.59
2019-06-01,24.8
2019-06-02,23.8
2019-06-03,24.37
2019-06-04,25.55
2019-06-05,25.54
2019-06-06,25.37
2019-06-07,25.72
2019-06-08,25.98
2019-06-09,25.61
2019-06-10,25.77
2019-06-11,25.75
2019-06-12,26.61
2019-06-13,26.27
2019-06-14,26.0
2019-06-15,26.66
2019-06-16,27.53
2019-06-17,27.11
2019-06-18,27.12
2019-06-19,27.15
2019-06-20,27.54
2019-06-21,27.47
2019-06-22,27.54
2019-06-23,27.78
2019-06-24,28.08
2019-06-25,28.3
2019-06-26,28.12
2019-06-27,29.09
2019-06-28,28.71
2019-06-29,28.6
2019-06-30,28.18
2019-07-01,28.53
2019-07-02,28.92
2019-07-03,29.49
2019-07-04,29.46
2019-07-05,29.11
2019-07-06,29.0
2019-07-07,28.19
2019-07-08,29.46
2019-07-09,29.09
2019-07-10,28.55
2019-07-11,29.22
2019-07-12,29.39
2019-07-13,29.53
2019-07-14,29.63
2019-07-15,29.85
2019-07-16,28.97
2019-07-17,28.66
2019-07-18,29.15
2019-07-19,29.43
2019-07-20,29.44
2019-07-21,29.7
2019-07-22,29.68
2019-07-23,29.79
2019-07-24,29.94
2019-07-25,29.79
2019-07-26,29.92
2019-07-27,29.31
2019-07-28,29.89
2019-07-29,29.64
2019-07-30,30.16
2019-07-31,29.77
2019-08-01,30.19
2019-08-02,29.96
2019-08-03,30.02
2019-08-04,30.19
2019-08-05,30.17
2019-08-06,29.85
2019-08-07,29.72
2019-08-08,29.94
2019-08-09,30.26
2019-08-10,30.11
2019-08-11,29.57
2019-08-12,29.55
2019-08-13,30.19
2019-08-14,30.3
2019-08-15,30.38
2019-08-16,30.6
2019-08-17,30.43
2019-08-18,30.16
2019-08-19,30.12
2019-08-20,30.3
2019-08-21,30.29
2019-08-22,30.15
2019-08-23,29.63
2019-08-24,30.2
2019-08-25,30.11
2019-08-26,30.15
2019-08-27,29.76
2019-08-28,30.32
2019-08-29,30.51
2019-08-30,30.19
2019-08-31,30.65
2019-09-01,30.62
2019-09-02,30.47
2019-09-03,30.47
2019-09-04,30.32
2019-09-05,30.36
2019-09-06,29.78
2019-09-07,29.33
2019-09-08,29.92
2019-09-09,30.08
2019-09-10,29.71
2019-09-11,29.61
2019-09-12,29.94
2019-09-13,29.43
2019-09-14,29.24
2019-09-15,28.72
2019-09-16,29.36
2019-09-17,29.0
2019-09-18,28.9
2019-09-19,28.67
2019-09-20,28.51
2019-09-21,28.84
2019-09-22,28.13
2019-09-23,28.08
2019-09-24,28.42
2019-09-25,28.14
2019-09-26,28.45
2019-09-27,28.49
2019-09-28,28.48
2019-09-29,28.26
2019-09-30,28.29
2019-10-01,28.35
2019-10-02,28.31
2019-10-03,28.1
2019-10-04,28.17
2019-10-05,28.56
2019-10-06,28.55
2019-10-07,27.99
2019-10-08,27.63
2019-10-09,28.05
2019-10-10,28.12
2019-10-11,27.19
2019-10-12,27.45
2019-10-13,27.9
2019-10-14,27.98
2019-10-15,27.47
2019-10-16,27.27
2019-10-17,27.63
2019-10-18,27.63
2019-10-19,27.42
2019-10-20,26.61
2019-10-21,27.72
2019-10-22,27.52
2019-10-23,27.44
2019-10-24,26.99
2019-10-25,26.67
2019-10-26,25.99
2019-10-27,25.43
2019-10-28,25.86
2019-10-29,25.33
2019-10-30,24.95
2019-10-31,25.19
2019-11-01,24.55
2019-11-02,24.48
2019-11-03,24.56
2019-11-04,24.9
2019-11-05,24.62
2019-11-06,25.21
2019-11-07,24.89
2019-11-08,25.03
2019-11-09,25.34
2019-11-10,24.76
2019-11-11,24.45
2019-11-12,24.39
2019-11-13,24.93
2019-11-14,25.1
2019-11-15,24.07
2019-11-16,24.27
2019-11-17,24.31
2019-11-18,23.89
2019-11-19,23.28
2019-11-20,23.11
2019-11-21,22.52
2019-11-22,22.32
2019-11-23,22.32
2019-11-24,22.74
2019-11-25,22.51
2019-11-26,22.33
2019-11-27,22.66
2019-11-28,21.84
2019-11-29,22.49
2019-11-30,22.48
2019-12-01,22.14
2019-12-02,22.43
2019-12-03,21.91
2019-12-04,21.6
2019-12-05,21.45
2019-12-06,21.81
2019-12-07,21.71
2019-12-08,21.85
2019-12-09,21.89
2019-12-10,21.86
2019-12-11,21.98
2019-12-12,21.95
2019-12-13,20.31
2019-12-14,20.52
2019-12-15,20.43
2019-12-16,20.09
2019-12-17,19.54
2019-12-18,20.03
2019-12-19,20.45
2019-12-20,19.93
2019-12-21,19.41
2019-12-22,19.74
2019-12-23,19.51
2019-12-24,19.35
2019-12-25,19.73
2019-12-26,19.55
2019-12-27,18.92
2019-12-28,18.73
2019-12-29,18.36
2019-12-30,18.82
2019-12-31,18.16
2020-01-01,18.42
2020-01-02,18.85
2020-01-03,18.75
2020-01-04,17.88
2020-01-05,17.17
2020-01-06,16.9
2020-01-07,17.04
2020-01-08,17.43
2020-01-09,17.54
2020-01-10,17.89
2020-01-11,18.09
2020-01-12,17.83
2020-01-13,17.46
2020-01-14,17.55
2020-01-15,17.59
2020-01-16,17.25
2020-01-17,16.85
2020-01-18,17.43
2020-01-19,17.72
2020-01-20,17.05
2020-01-21,16.84
2020-01-22,16.9
2020-01-23,16.94
2020-01-24,16.87
2020-01-25,17.0
2020-01-26,16.77
2020-01-27,16.69
2020-01-28,16.2
2020-01-29,15.87
2020-01-30,15.93
2020-01-31,15.77
2020-02-01,15.82
2020-02-02,16.08
2020-02-03,16.26
2020-02-04,16.04
2020-02-05,16.23
2020-02-06,16.65
2020-02-07,16.25
2020-02-08,16.61
2020-02-09,16.63
2020-02-10,16.18
2020-02-11,16.1
2020-02-12,15.92
2020-02-13,15.62
2020-02-14,15.85
2020-02-15,16.42
2020-02-16,16.19
2020-02-17,16.06
2020-02-18,16.58
2020-02-19,16.53
2020-02-20,16.25
2020-02-21,16.07
2020-02-22,16.36
2020-02-23,16.41
2020-02-24,16.21
2020-02-25,16.29
2020-02-26,16.6
2020-02-27,16.37
2020-02-28,16.64
2020-02-29,16.98
2020-03-01,16.73
2020-03-02,16.47
2020-03-03,16.27
2020-03-04,16.96
2020-03-05,17.67
2020-03-06,17.02
2020-03-07,16.83
2020-03-08,17.29
2020-03-09,17.47
2020-03-10,16.34
2020-03-11,17.35
2020-03-12,17.33
2020-03-13,17.04
2020-03-14,17.02
2020-03-15,16.99
2020-03-16,17.86
2020-03-17,17.74
2020-03-18,17.48
2020-03-19,17.44
2020-03-20,17.2
2020-03-21,16.89
2020-03-22,16.73
2020-03-23,17.04
2020-03-24,17.19
2020-03-25,16.66
2020-03-26,17.28
2020-03-27,17.36
2020-03-28,17.47
2020-03-29,17.44
2020-03-30,17.46
2020-03-31,17.53
2020-04-01,17.65
2020-04-02,17.64
2020-04-03,18.28
2020-04-04,19.12
2020-04-05,18.74
2020-04-06,18.34
2020-04-07,19.4
2020-04-08,19.42
2020-04-09,19.09
2020-04-10,18.92
2020-04-11,19.15
2020-04-12,19.48
2020-04-13,18.89
2020-04-14,19.27
2020-04-15,19.64
2020-04-16,20.4
2020-04-17,19.41
2020-04-18,20.0
2020-04-19,20.15
2020-04-20,20.66
2020-04-21,20.2
2020-04-22,20.72
2020-04-23,20.79
2020-04-24,21.11
2020-04-25,21.06
2020-04-26,21.06
2020-04-27,21.17
2020-04-28,20.7
2020-04-29,21.16
2020-04-30,21.76
2020-05-01,21.12
2020-05-02,21.17
2020-05-03,21.03
2020-05-04,21.57
2020-05-05,21.92
2020-05-06,21.53
2020-05-07,20.77
2020-05-08,22.47
2020-05-09,22.27
2020-05-10,22.0
2020-05-11,22.26
2020-05-12,23.31
2020-05-13,22.91
2020-05-14,22.63
2020-05-15,23.24
2020-05-16,23.44
2020-05-17,23.54
2020-05-18,23.72
2020-05-19,24.29
2020-05-20,24.67
2020-05-21,25.2
2020-05-22,25.17
2020-05-23,25.14
2020-05-24,24.3
2020-05-25,24.32
2020-05-26,24.89
2020-05-27,25.29
2020-05-28,24.66
2020-05-29,24.23
2020-05-30,24.11
2020-05-31,24.67
2020-06-01,24.26
2020-06-02,24.19
2020-06-03,23.97
2020-06-04,24.44
2020-06-05,24.34
2020-06-06,24.3
2020-06-07,24.76
2020-06-08,25.34
2020-06-09,25.23
2020-06-10,25.13
2020-06-11,25.62
2020-06-12,26.07
2020-06-13,25.78
2020-06-14,26.1
2020-06-15,25.62
2020-06-16,26.01
2020-06-17,25.86
2020-06-18,25.76
2020-06-19,26.03
2020-06-20,26.87
2020-06-21,26.65
2020-06-22,26.54
2020-06-23,26.81
2020-06-24,26.63
2020-06-25,26.42
2020-06-26,26.61
2020-06-27,27.07
2020-06-28,26.94
2020-06-29,26.68
2020-06-30,26.47
2020-07-01,27.61
2020-07-02,27.46
2020-07-03,27.26
2020-07-04,27.4
2020-07-05,27.17
2020-07-06,27.6
2020-07-07,27.89
2020-07-08,27.67
2020-07-09,28.09
2020-07-10,28.6
2020-07-11,27.92
2020-07-12,27.41
2020-07-13,27.82
2020-07-14,27.98
2020-07-15,28.55
2020-07-16,27.54
2020-07-17,27.79
2020-07-18,27.64
2020-07-19,27.21
2020-07-20,27.92
2020-07-21,28.47
2020-07-22,28.71
2020-07-23,27.91
2020-07-24,29.29
2020-07-25,29.38
2020-07-26,28.99
2020-07-27,29.0
2020-07-28,29.09
2020-07-29,29.72
2020-07-30,29.33
2020-07-31,29.62
2020-08-01,30.07
2020-08-02,29.73
2020-08-03,29.95
2020-08-04,28.94
2020-08-05,28.96
2020-08-06,29.54
2020-08-07,29.26
2020-08-08,29.42
2020-08-09,29.31
2020-08-10,29.81
2020-08-11,30.42
2020-08-12,29.9
2020-08-13,29.07
2020-08-14,29.61
2020-08-15,29.48
2020-08-16,29.77
2020-08-17,29.88
2020-08-18,29.57
2020-08-19,29.31
2020-08-20,30.02
2020-08-21,29.73
2020-08-22,29.46
2020-08-23,29.75
2020-08-24,29.82
2020-08-25,29.58
2020-08-26,29.87
2020-08-27,30.01
2020-08-28,29.93
2020-08-29,30.12
2020-08-30,28.84
2020-08-31,29.25
2020-09-01,30.47
2020-09-02,30.13
2020-09-03,30.13
2020-09-04,29.48
2020-09-05,28.54
2020-09-06,30.22
2020-09-07,29.94
2020-09-08,29.33
2020-09-09,29.51
2020-09-10,29.73
2020-09-11,30.28
2020-09-12,30.16
2020-09-13,30.23
2020-09-14,30.03
2020-09-15,30.51
2020-09-16,30.48
2020-09-17,29.66
2020-09-18,29.1
2020-09-19,29.51
2020-09-20,30.02
2020-09-21,30.15
2020-09-22,29.94
2020-09-23,30.28
2020-09-24,29.94
2020-09-25,29.89
2020-09-26,29.69
2020-09-27,29.87
2020-09-28,29.93
2020-09-29,29.6
2020-09-30,29.71
2020-10-01,29.22
2020-10-02,29.06
2020-10-03,29.3
2020-10-04,29.13
2020-10-05,29.15
2020-10-06,29.31
2020-10-07,28.63
2020-10-08,28.84
2020-10-09,28.84
2020-10-10,29.02
2020-10-11,28.72
2020-10-12,28.67
2020-10-13,28.55
2020-10-14,28.39
2020-10-15,28.33
2020-10-16,28.39
2020-10-17,27.96
2020-10-18,28.02
2020-10-19,27.52
2020-10-20,27.12
2020-10-21,27.45
2020-10-22,28.07
2020-10-23,27.47
2020-10-24,27.98
2020-10-25,27.63
2020-10-26,27.69
2020-10-27,27.15
2020-10-28,26.9
2020-10-29,27.01
2020-10-30,27.23
2020-10-31,27.01
2020-11-01,26.39
2020-11-02,26.03
2020-11-03,26.24
2020-11-04,26.08
2020-11-05,25.83
2020-11-06,25.34
2020-11-07,24.76
2020-11-08,24.82
2020-11-09,24.61
2020-11-10,24.61
2020-11-11,24.25
2020-11-12,24.42
2020-11-13,24.47
2020-11-14,24.08
2020-11-15,24.13
2020-11-16,23.5
2020-11-17,23.41
2020-11-18,23.65
2020-11-19,23.38
2020-11-20,23.24
2020-11-21,23.0
2020-11-22,23.67
2020-11-23,23.99
2020-11-24,23.68
2020-11-25,23.35
2020-11-26,22.89
2020-11-27,22.79
2020-11-28,22.45
2020-11-29,22.12
2020-11-30,22.3
2020-12-01,21.87
2020-12-02,21.75
2020-12-03,22.21
2020-12-04,22.74
2020-12-05,22.37
2020-12-06,21.89
2020-12-07,21.53
2020-12-08,21.22
2020-12-09,21.07
2020-12-10,21.31
2020-12-11,21.67
2020-12-12,21.82
2020-12-13,21.65
2020-12-14,21.64
2020-12-15,20.95
2020-12-16,20.75
2020-12-17,20.57
2020-12-18,19.69
2020-12-19,20.47
2020-12-20,20.72
2020-12-21,20.71
2020-12-22,20.67
2020-12-23,20.78
2020-12-24,20.33
2020-12-25,19.64
2020-12-26,19.79
2020-12-27,20.39
2020-12-28,20.32
2020-12-29,20.26
2020-12-30,20.06
2020-12-31,20.84
2021-01-01,20.36
2021-01-02,20.17
2021-01-03,20.53
2021-01-04,20.07
2021-01-05,19.88
2021-01-06,19.81
2021-01-07,20.24
2021-01-08,20.38
2021-01-09,20.31
2021-01-10,20.07
2021-01-11,20.7
2021-01-12,20.62
2021-01-13,20.31
2021-01-14,19.45
2021-01-15,19.27
2021-01-16,19.21
2021-01-17,18.61
2021-01-18,18.63
2021-01-19,18.91
2021-01-20,18.37
2021-01-21,17.11
2021-01-22,17.23
2021-01-23,17.45
2021-01-24,18.19
2021-01-25,18.77
2021-01-26,18.62
2021-01-27,18.33
2021-01-28,17.9
2021-01-29,17.65
2021-01-30,17.48
2021-01-31,17.43
2021-02-01,16.75
2021-02-02,17.2
2021-02-03,17.62
2021-02-04,18.54
2021-02-05,17.18
2021-02-06,16.57
2021-02-07,17.49
2021-02-08,17.79
2021-02-09,17.96
2021-02-10,18.07
2021-02-11,18.01
2021-02-12,18.16
2021-02-13,17.5
2021-02-14,18.27
2021-02-15,18.59
2021-02-16,18.37
2021-02-17,17.91
2021-02-18,17.16
2021-02-19,16.91
2021-02-20,16.61
2021-02-21,16.82
2021-02-22,16.6
2021-02-23,17.26
2021-02-24,16.98
2021-02-25,17.14
2021-02-26,17.09
2021-02-27,16.8
2021-02-28,16.4
2021-03-01,17.0
2021-03-02,17.14
2021-03-03,17.07
2021-03-04,17.35
2021-03-05,17.61
2021-03-06,16.91
2021-03-07,17.2
2021-03-08,17.46
2021-03-09,17.34
2021-03-10,17.46
2021-03-11,17.62
2021-03-12,17.78
2021-03-13,17.92
2021-03-14,17.85
2021-03-15,17.82
2021-03-16,18.32
2021-03-17,18.39
2021-03-18,18.34
2021-03-19,18.11
2021-03-20,18.12
2021-03-21,18.31
2021-03-22,18.42
2021-03-23,18.4
2021-03-24,18.47
2021-03-25,18.73
2021-03-26,18.54
2021-03-27,18.33
2021-03-28,18.12
2021-03-29,17.99
2021-03-30,18.07
2021-03-31,17.75
2021-04-01,18.38
2021-04-02,18.19
2021-04-03,18.12
2021-04-04,17.58
2021-04-05,17.85
2021-04-06,17.71
2021-04-07,18.28
2021-04-08,18.19
2021-04-09,19.21
2021-04-10,19.45
2021-04-11,19.25
2021-04-12,18.83
2021-04-13,18.34
2021-04-14,18.55
2021-04-15,18.44
2021-04-16,18.54
2021-04-17,19.53
2021-04-18,19.81
2021-04-19,19.81
2021-04-20,19.85
2021-04-21,19.88
2021-04-22,19.75
2021-04-23,20.09
2021-04-24,19.54
2021-04-25,20.27
2021-04-26,20.71
2021-04-27,20.55
2021-04-28,21.78
2021-04-29,21.29
2021-04-30,21.72
2021-05-01,22.23
2021-05-02,22.54
2021-05-03,22.39
2021-05-04,22.83
2021-05-05,22.81
2021-05-06,23.31
2021-05-07,23.29
2021-05-08,23.18
2021-05-09,23.24
2021-05-10,23.34
2021-05-11,23.77
2021-05-12,23.92
2021-05-13,23.57
2021-05-14,23.31
2021-05-15,24.46
2021-05-16,24.96
2021-05-17,24.82
2021-05-18,25.03
2021-05-19,24.64
2021-05-20,24.43
2021-05-21,24.64
2021-05-22,24.98
2021-05-23,25.58
2021-05-24,25.37
2021-05-25,25.62
2021-05-26,25.22
2021-05-27,25.5
2021-05-28,25.28
2021-05-29,24.8
2021-05-30,25.78
2021-05-31,25.7
2021-06-01,25.71
2021-06-02,26.0
2021-06-03,25.87
2021-06-04,25.85
2021-06-05,25.64
2021-06-06,26.32
2021-06-07,26.05
2021-06-08,25.7
2021-06-09,26.46
2021-06-10,27.07
2021-06-11,26.2
2021-06-12,26.03
2021-06-13,26.18
2021-06-14,27.2
2021-06-15,26.9
2021-06-16,26.62
2021-06-17,27.14
2021-06-18,26.72
2021-06-19,26.03
2021-06-20,26.96
2021-06-21,27.35
2021-06-22,27.4
2021-06-23,27.55
2021-06-24,27.18
2021-06-25,28.33
2021-06-26,28.06
2021-06-27,27.88
2021-06-28,28.35
2021-06-29,28.81
2021-06-30,28.45
2021-07-01,28.97
2021-07-02,28.2
2021-07-03,29.17
2021-07-04,28.8
2021-07-05,28.43
2021-07-06,28.99
2021-07-07,28.97
2021-07-08,28.83
2021-07-09,28.97
2021-07-10,28.45
2021-07-11,28.47
2021-07-12,28.99
2021-07-13,28.94
2021-07-14,29.51
2021-07-15,29.75
2021-07-16,29.26
2021-07-17,29.56
2021-07-18,29.8
2021-07-19,29.69
2021-07-20,29.22
2021-07-21,29.7
2021-07-22,30.26
2021-07-23,29.92
2021-07-24,29.66
2021-07-25,29.53
2021-07-26,28.94
2021-07-27,28.36
2021-07-28,29.71
2021-07-29,29.74
2021-07-30,30.08
2021-07-31,29.89
2021-08-01,29.77
2021-08-02,30.04
2021-08-03,30.31
2021-08-04,30.15
2021-08-05,30.21
2021-08-06,29.41
2021-08-07,30.45
2021-08-08,30.71
2021-08-09,30.4
2021-08-10,30.6
2021-08-11,30.88
2021-08-12,30.87
2021-08-13,30.46
2021-08-14,31.23
2021-08-15,30.87
2021-08-16,30.79
2021-08-17,30.65
2021-08-18,31.06
2021-08-19,31.0
2021-08-20,31.01
2021-08-21,30.21
2021-08-22,30.18
2021-08-23,30.76
2021-08-24,31.16
2021-08-25,30.77
2021-08-26,30.67
2021-08-27,30.17
2021-08-28,30.27
2021-08-29,30.53
2021-08-30,30.5
2021-08-31,30.33
2021-09-01,29.82
2021-09-02,30.41
2021-09-03,30.4
2021-09-04,30.16
2021-09-05,30.15
2021-09-06,30.28
2021-09-07,30.12
2021-09-08,30.05
2021-09-09,29.81
2021-09-10,29.17
2021-09-11,29.61
2021-09-12,29.08
2021-09-13,29.33
2021-09-14,29.15
2021-09-15,29.08
2021-09-16,28.74
2021-09-17,28.41
2021-09-18,28.51
2021-09-19,28.53
2021-09-20,28.53
2021-09-21,28.38
2021-09-22,28.47
2021-09-23,28.54
2021-09-24,28.31
2021-09-25,27.96
2021-09-26,27.84
2021-09-27,27.77
2021-09-28,27.4
2021-09-29,27.38
2021-09-30,27.53
2021-10-01,26.94
2021-10-02,27.01
2021-10-03,27.43
2021-10-04,27.04
2021-10-05,26.81
2021-10-06,26.67
2021-10-07,26.96
2021-10-08,26.78
2021-10-09,26.85
2021-10-10,26.64
2021-10-11,26.56
2021-10-12,26.74
2021-10-13,26.37
2021-10-14,26.35
2021-10-15,26.64
2021-10-16,26.78
2021-10-17,26.51
2021-10-18,26.52
2021-10-19,26.47
2021-10-20,26.33
2021-10-21,25.87
2021-10-22,25.6
2021-10-23,25.46
2021-10-24,25.47
2021-10-25,25.24
2021-10-26,25.02
2021-10-27,25.36
2021-10-28,25.16
2021-10-29,25.07
2021-10-30,24.73
2021-10-31,24.8
2021-11-01,24.55
2021-11-02,24.92
2021-11-03,25.01
2021-11-04,25.14
2021-11-05,24.82
2021-11-06,24.88
2021-11-07,24.89
2021-11-08,25.21
2021-11-09,25.17
2021-11-10,25.5
2021-11-11,24.84
2021-11-12,24.35
2021-11-13,24.4
2021-11-14,24.12
2021-11-15,23.74
2021-11-16,24.38
2021-11-17,23.93
2021-11-18,23.75
2021-11-19,24.03
2021-11-20,23.97
2021-11-21,23.4
2021-11-22,22.61
2021-11-23,22.84
2021-11-24,22.5
2021-11-25,22.46
2021-11-26,22.63
2021-11-27,23.2
2021-11-28,23.61
2021-11-29,22.97
2021-11-30,22.87
2021-12-01,23.26
2021-12-02,23.16
2021-12-03,22.65
2021-12-04,22.25
2021-12-05,22.43
2021-12-06,21.9
2021-12-07,21.55
2021-12-08,21.1
2021-12-09,20.96
2021-12-10,20.43
2021-12-11,20.52
2021-12-12,21.09
2021-12-13,21.18
2021-12-14,21.15
2021-12-15,20.44
2021-12-16,19.92
2021-12-17,20.41
2021-12-18,19.97
2021-12-19,19.9
2021-12-20,19.65
2021-12-21,19.2
2021-12-22,18.4
2021-12-23,18.21
2021-12-24,18.48
2021-12-25,18.44
2021-12-26,19.01
2021-12-27,19.05
2021-12-28,19.2
2021-12-29,19.05
2021-12-30,19.0
2021-12-31,18.82
2022-01-01,18.33
2022-01-02,18.25
2022-01-03,18.72
2022-01-04,19.04
2022-01-05,18.99
2022-01-06,18.57
2022-01-07,18.3
2022-01-08,18.13
2022-01-09,18.71
2022-01-10,18.17
2022-01-11,17.11
2022-01-12,17.9
2022-01-13,17.84
2022-01-14,17.81
2022-01-15,17.04
2022-01-16,16.45
2022-01-17,16.71
2022-01-18,17.17
2022-01-19,17.26
2022-01-20,16.86
2022-01-21,16.79
2022-01-22,17.15
2022-01-23,17.68
2022-01-24,16.7
2022-01-25,15.89
2022-01-26,15.5
2022-01-27,15.6
2022-01-28,15.43
2022-01-29,16.1
2022-01-30,15.59
2022-01-31,15.9
2022-02-01,15.65
2022-02-02,15.37
2022-02-03,15.03
2022-02-04,15.28
2022-02-05,14.82
2022-02-06,14.62
2022-02-07,15.06
2022-02-08,14.92
2022-02-09,15.69
2022-02-10,14.88
2022-02-11,15.38
2022-02-12,15.06
2022-02-13,15.32
2022-02-14,15.76
2022-02-15,16.0
2022-02-16,16.11
2022-02-17,16.33
2022-02-18,15.81
2022-02-19,15.79
2022-02-20,15.52
2022-02-21,15.89
2022-02-22,16.33
2022-02-23,16.74
2022-02-24,16.32
2022-02-25,15.65
2022-02-26,16.02
2022-02-27,15.77
2022-02-28,16.23
2022-03-01,15.6
2022-03-02,15.79
2022-03-03,16.21
2022-03-04,16.59
2022-03-05,15.99
2022-03-06,16.19
2022-03-07,16.79
2022-03-08,16.85
2022-03-09,17.22
2022-03-10,17.03
2022-03-11,17.08
2022-03-12,16.62
2022-03-13,15.51
2022-03-14,15.71
2022-03-15,15.85
2022-03-16,15.67
2022-03-17,15.92
2022-03-18,15.89
2022-03-19,16.01
2022-03-20,16.07
2022-03-21,15.78
2022-03-22,15.6
2022-03-23,15.23
2022-03-24,15.7
2022-03-25,15.65
2022-03-26,15.2
2022-03-27,15.43
2022-03-28,15.55
2022-03-29,15.35
2022-03-30,16.19
2022-03-31,16.59
2022-04-01,16.74
2022-04-02,16.98
2022-04-03,18.19
2022-04-04,18.18
2022-04-05,17.72
2022-04-06,18.04
2022-04-07,18.07
2022-04-08,18.17
2022-04-09,17.3
2022-04-10,17.33
2022-04-11,17.92
2022-04-12,18.62
2022-04-13,18.68
2022-04-14,18.85
2022-04-15,18.86
2022-04-16,18.79
2022-04-17,18.75
2022-04-18,18.44
2022-04-19,18.32
2022-04-20,19.14
2022-04-21,19.32
2022-04-22,19.49
2022-04-23,19.72
2022-04-24,19.11
2022-04-25,19.4
2022-04-26,20.01
2022-04-27,20.59
2022-04-28,19.97
2022-04-29,21.49
2022-04-30,20.92
2022-05-01,20.32
2022-05-02,20.04
2022-05-03,20.4
2022-05-04,21.47
2022-05-05,21.42
2022-05-06,21.33
2022-05-07,21.77
2022-05-08,21.83
2022-05-09,21.59
2022-05-10,21.11
2022-05-11,22.0
2022-05-12,22.08
2022-05-13,21.4
2022-05-14,21.35
2022-05-15,21.91
2022-05-16,22.17
2022-05-17,21.74
2022-05-18,22.4
2022-05-19,23.33
2022-05-20,23.77
2022-05-21,22.89
2022-05-22,23.06
2022-05-23,23.67
2022-05-24,23.64
2022-05-25,22.77
2022-05-26,22.88
2022-05-27,24.02
2022-05-28,23.8
2022-05-29,24.05
2022-05-30,24.8
2022-05-31,25.04
2022-06-01,24.38
2022-06-02,24.76
2022-06-03,25.03
2022-06-04,25.75
2022-06-05,25.39
2022-06-06,24.43
2022-06-07,25.95
2022-06-08,26.46
2022-06-09,26.76
2022-06-10,26.35
2022-06-11,27.63
2022-06-12,27.51
2022-06-13,27.02
2022-06-14,26.81
2022-06-15,27.19
2022-06-16,27.16
2022-06-17,26.76
2022-06-18,27.12
2022-06-19,28.0
2022-06-20,27.94
2022-06-21,27.37
2022-06-22,27.24
2022-06-23,27.9
2022-06-24,27.62
2022-06-25,27.34
2022-06-26,27.8
2022-06-27,27.68
2022-06-28,27.63
2022-06-29,27.54
2022-06-30,28.02
2022-07-01,28.5
2022-07-02,28.11
2022-07-03,27.74
2022-07-04,28.64
2022-07-05,28.59
2022-07-06,28.75
2022-07-07,28.59
2022-07-08,28.07
2022-07-09,29.34
2022-07-10,29.29
2022-07-11,28.94
2022-07-12,28.89
2022-07-13,29.17
2022-07-14,28.59
2022-07-15,29.08
2022-07-16,29.41
2022-07-17,29.13
2022-07-18,28.92
2022-07-19,28.77
2022-07-20,29.42
2022-07-21,29.02
2022-07-22,29.06
2022-07-23,29.7
2022-07-24,29.55
2022-07-25,29.69
2022-07-26,29.74
2022-07-27,30.64
2022-07-28,30.07
2022-07-29,30.08
2022-07-30,30.17
2022-07-31,29.65
2022-08-01,29.86
2022-08-02,30.52
2022-08-03,30.35
2022-08-04,29.82
2022-08-05,29.65
2022-08-06,28.92
2022-08-07,29.71
2022-08-08,30.27
2022-08-09,30.26
2022-08-10,30.07
2022-08-11,30.12
2022-08-12,30.46
2022-08-13,29.83
2022-08-14,30.09
2022-08-15,30.38
2022-08-16,30.0
2022-08-17,29.55
2022-08-18,30.27
2022-08-19,30.29
2022-08-20,30.06
2022-08-21,30.03
2022-08-22,29.96
2022-08-23,30.07
2022-08-24,30.12
2022-08-25,29.54
2022-08-26,29.58
2022-08-27,29.8
2022-08-28,29.81
2022-08-29,28.85
2022-08-30,28.51
2022-08-31,29.11
2022-09-01,29.52
2022-09-02,29.29
2022-09-03,29.36
2022-09-04,29.48
2022-09-05,29.11
2022-09-06,29.88
2022-09-07,29.49
2022-09-08,29.45
2022-09-09,29.52
2022-09-10,29.14
2022-09-11,29.63
2022-09-12,29.17
2022-09-13,29.64
2022-09-14,29.41
2022-09-15,29.0
2022-09-16,29.35
2022-09-17,29.19
2022-09-18,29.02
2022-09-19,29.71
2022-09-20,29.29
2022-09-21,29.05
2022-09-22,28.46
2022-09-23,28.59
2022-09-24,28.72
2022-09-25,27.82
2022-09-26,26.95
2022-09-27,27.81
2022-09-28,28.37
2022-09-29,27.9
2022-09-30,28.15
2022-10-01,28.52
2022-10-02,28.44
2022-10-03,28.09
2022-10-04,27.96
2022-10-05,28.62
2022-10-06,28.32
2022-10-07,27.56
2022-10-08,28.1
2022-10-09,27.68
2022-10-10,27.51
2022-10-11,27.49
2022-10-12,27.07
2022-10-13,27.09
2022-10-14,26.62
2022-10-15,26.18
2022-10-16,26.29
2022-10-17,26.55
2022-10-18,26.24
2022-10-19,25.87
2022-10-20,26.03
2022-10-21,26.12
2022-10-22,26.45
2022-10-23,25.44
2022-10-24,25.44
2022-10-25,25.56
2022-10-26,25.03
2022-10-27,24.44
2022-10-28,24.89
2022-10-29,25.13
2022-10-30,24.98
2022-10-31,24.77
2022-11-01,24.9
2022-11-02,24.84
2022-11-03,24.23
2022-11-04,24.43
2022-11-05,24.36
2022-11-06,24.79
2022-11-07,24.12
2022-11-08,24.09
2022-11-09,24.45
2022-11-10,24.09
2022-11-11,24.11
2022-11-12,23.98
2022-11-13,23.75
2022-11-14,23.63
2022-11-15,23.39
2022-11-16,23.18
2022-11-17,23.34
2022-11-18,22.92
2022-11-19,22.29
2022-11-20,23.02
2022-11-21,23.07
2022-11-22,23.23
2022-11-23,22.54
2022-11-24,22.58
2022-11-25,22.94
2022-11-26,22.11
2022-11-27,22.02
2022-11-28,21.48
2022-11-29,22.19
2022-11-30,21.54
2022-12-01,21.69
2022-12-02,21.54
2022-12-03,21.72
2022-12-04,21.63
2022-12-05,21.45
2022-12-06,21.68
2022-12-07,21.46
2022-12-08,20.72
2022-12-09,20.61
2022-12-10,21.26
2022-12-11,21.57
2022-12-12,21.12
2022-12-13,21.13
2022-12-14,20.82
2022-12-15,20.59
2022-12-16,20.53
2022-12-17,20.87
2022-12-18,20.84
2022-12-19,21.31
2022-12-20,20.98
2022-12-21,20.9
2022-12-22,20.65
2022-12-23,20.46
2022-12-24,20.33
2022-12-25,20.34
2022-12-26,20.16
2022-12-27,19.77
2022-12-28,19.0
2022-12-29,18.94
2022-12-30,19.66
2022-12-31,19.07
2023-01-01,19.44
2023-01-02,20.01
2023-01-03,20.24
2023-01-04,19.45
2023-01-05,19.03
2023-01-06,19.42
2023-01-07,19.28
2023-01-08,18.75
2023-01-09,19.46
2023-01-10,18.89
2023-01-11,18.88
2023-01-12,18.35
2023-01-13,18.82
2023-01-14,18.94
2023-01-15,19.27
2023-01-16,18.36
2023-01-17,18.58
2023-01-18,18.6
2023-01-19,18.61
2023-01-20,18.45
2023-01-21,18.42
2023-01-22,18.28
2023-01-23,18.24
2023-01-24,18.27
2023-01-25,18.81
2023-01-26,18.65
2023-01-27,18.33
2023-01-28,18.47
2023-01-29,18.42
2023-01-30,18.69
2023-01-31,18.2
2023-02-01,17.62
2023-02-02,17.63
2023-02-03,17.62
2023-02-04,17.35
2023-02-05,17.8
2023-02-06,17.01
2023-02-07,16.9
2023-02-08,16.41
2023-02-09,16.27
2023-02-10,16.79
2023-02-11,16.58
2023-02-12,17.28
2023-02-13,17.31
2023-02-14,17.66
2023-02-15,17.28
2023-02-16,16.88
2023-02-17,16.97
2023-02-18,16.74
2023-02-19,16.53
2023-02-20,16.43
2023-02-21,16.84
2023-02-22,16.83
2023-02-23,16.64
2023-02-24,16.26
2023-02-25,16.43
2023-02-26,16.58
2023-02-27,16.85
2023-02-28,16.87
2023-03-01,16.97
2023-03-02,17.72
2023-03-03,17.12
2023-03-04,16.82
2023-03-05,17.34
2023-03-06,17.78
2023-03-07,17.54
2023-03-08,17.65
2023-03-09,18.12
2023-03-10,18.1
2023-03-11,17.88
2023-03-12,17.88
2023-03-13,18.57
2023-03-14,18.1
2023-03-15,18.3
2023-03-16,18.74
2023-03-17,18.65
2023-03-18,18.13
2023-03-19,18.74
2023-03-20,18.91
2023-03-21,18.74
2023-03-22,18.59
2023-03-23,18.28
2023-03-24,17.86
2023-03-25,17.66
2023-03-26,17.62
2023-03-27,19.58
2023-03-28,18.94
2023-03-29,19.7
2023-03-30,19.47
2023-03-31,18.55
2023-04-01,19.0
2023-04-02,18.83
2023-04-03,18.72
2023-04-04,18.79
2023-04-05,18.71
2023-04-06,17.89
2023-04-07,18.29
2023-04-08,17.67
2023-04-09,18.51
2023-04-10,19.01
2023-04-11,18.71
2023-04-12,19.66
2023-04-13,19.73
2023-04-14,19.22
2023-04-15,19.41
2023-04-16,19.91
2023-04-17,20.11
2023-04-18,20.66
2023-04-19,20.34
2023-04-20,20.36
2023-04-21,20.41
2023-04-22,19.43
2023-04-23,19.89
2023-04-24,21.45
2023-04-25,21.46
2023-04-26,21.14
2023-04-27,21.45
2023-04-28,21.62
2023-04-29,21.17
2023-04-30,21.16
2023-05-01,21.38
2023-05-02,21.74
2023-05-03,21.26
2023-05-04,21.24
2023-05-05,21.29
2023-05-06,21.52
2023-05-07,21.6
2023-05-08,21.38
2023-05-09,22.08
2023-05-10,22.16
2023-05-11,21.41
2023-05-12,20.95
2023-05-13,22.58
2023-05-14,22.23
2023-05-15,21.92
2023-05-16,23.28
2023-05-17,23.21
2023-05-18,23.04
2023-05-19,22.32
2023-05-20,22.74
2023-05-21,22.84
2023-05-22,22.11
2023-05-23,23.04
2023-05-24,24.6
2023-05-25,24.19
2023-05-26,23.59
2023-05-27,24.03
2023-05-28,23.89
2023-05-29,23.98
2023-05-30,24.4
2023-05-31,24.18
2023-06-01,24.58
2023-06-02,24.23
2023-06-03,23.67
2023-06-04,22.69
2023-06-05,23.98
2023-06-06,24.52
2023-06-07,23.87
2023-06-08,24.15
2023-06-09,24.11
2023-06-10,24.07
2023-06-11,23.86
2023-06-12,24.03
2023-06-13,24.16
2023-06-14,24.16
2023-06-15,24.13
2023-06-16,24.66
2023-06-17,25.11
2023-06-18,25.13
2023-06-19,25.11
2023-06-20,25.2
2023-06-21,26.01
2023-06-22,26.44
2023-06-23,26.72
2023-06-24,27.0
2023-06-25,27.22
2023-06-26,27.51
2023-06-27,27.29
2023-06-28,27.5
2023-06-29,26.62
2023-06-30,27.26
2023-07-01,27.08
2023-07-02,27.56
2023-07-03,27.65
2023-07-04,27.98
2023-07-05,27.44
2023-07-06,27.85
2023-07-07,27.54
2023-07-08,27.91
2023-07-09,27.84
2023-07-10,27.06
2023-07-11,27.74
2023-07-12,28.67
2023-07-13,28.2
2023-07-14,28.68
2023-07-15,28.64
2023-07-16,29.02
2023-07-17,29.33
2023-07-18,29.52
2023-07-19,29.4
2023-07-20,29.66
2023-07-21,29.89
2023-07-22,29.96
2023-07-23,30.38
2023-07-24,30.25
2023-07-25,30.02
2023-07-26,30.45
2023-07-27,31.34
2023-07-28,30.97
2023-07-29,31.1
2023-07-30,30.48
2023-07-31,30.31
2023-08-01,30.24
2023-08-02,31.04
2023-08-03,30.94
2023-08-04,30.74
2023-08-05,30.99
2023-08-06,30.87
2023-08-07,30.8
2023-08-08,30.27
2023-08-09,30.36
2023-08-10,30.69
2023-08-11,31.02
2023-08-12,30.56
2023-08-13,30.06
2023-08-14,29.87
2023-08-15,30.98
2023-08-16,29.89
2023-08-17,30.0
2023-08-18,29.82
2023-08-19,29.67
2023-08-20,29.65
2023-08-21,29.62
2023-08-22,29.93
2023-08-23,30.49
2023-08-24,30.05
2023-08-25,29.88
2023-08-26,29.92
2023-08-27,29.6
2023-08-28,30.43
2023-08-29,30.06
2023-08-30,29.95
2023-08-31,29.7
2023-09-01,29.67
2023-09-02,29.95
2023-09-03,30.19
2023-09-04,29.77
2023-09-05,29.82
2023-09-06,30.19
2023-09-07,30.11
2023-09-08,29.25
2023-09-09,29.57
2023-09-10,29.7
2023-09-11,30.26
2023-09-12,29.76
2023-09-13,29.06
2023-09-14,29.54
2023-09-15,29.71
2023-09-16,29.72
2023-09-17,29.56
2023-09-18,29.41
2023-09-19,29.28
2023-09-20,29.3
2023-09-21,29.25
2023-09-22,29.08
2023-09-23,28.53
2023-09-24,28.5
2023-09-25,29.07
2023-09-26,29.12
2023-09-27,28.9
2023-09-28,29.39
2023-09-29,29.55
2023-09-30,28.95
2023-10-01,28.68
2023-10-02,29.03
2023-10-03,28.59
2023-10-04,28.3
2023-10-05,28.25
2023-10-06,28.07
2023-10-07,27.99
2023-10-08,27.82
2023-10-09,27.23
2023-10-10,27.37
2023-10-11,27.78
2023-10-12,27.46
2023-10-13,27.21
2023-10-14,26.98
2023-10-15,27.09
2023-10-16,26.82
2023-10-17,26.72
2023-10-18,26.67
2023-10-19,26.77
2023-10-20,26.05
2023-10-21,26.09
2023-10-22,26.48
2023-10-23,26.47
2023-10-24,25.61
2023-10-25,26.21
2023-10-26,26.64
2023-10-27,26.79
2023-10-28,25.82
2023-10-29,26.42
2023-10-30,27.04
2023-10-31,27.15
2023-11-01,26.59
2023-11-02,26.21
2023-11-03,26.91
2023-11-04,26.75
2023-11-05,26.12
2023-11-06,26.56
2023-11-07,26.73
2023-11-08,26.73
2023-11-09,26.43
2023-11-10,26.4
2023-11-11,26.33
2023-11-12,25.91
2023-11-13,25.57
2023-11-14,25.91
2023-11-15,25.86
2023-11-16,25.38
2023-11-17,25.49
2023-11-18,25.51
2023-11-19,25.83
2023-11-20,24.89
2023-11-21,24.26
2023-11-22,23.46
2023-11-23,23.72
2023-11-24,23.21
2023-11-25,23.58
2023-11-26,23.79
2023-11-27,23.48
2023-11-28,22.89
2023-11-29,22.78
2023-11-30,22.27
2023-12-01,22.35
2023-12-02,22.62
2023-12-03,22.25
2023-12-04,22.42
2023-12-05,22.67
2023-12-06,22.29
2023-12-07,21.73
2023-12-08,22.11
2023-12-09,21.53
2023-12-10,21.02
2023-12-11,21.19
2023-12-12,21.73
2023-12-13,22.15
2023-12-14,21.43
2023-12-15,21.75
2023-12-16,21.76
2023-12-17,21.35
2023-12-18,21.32
2023-12-19,21.39
2023-12-20,21.76
2023-12-21,21.65
2023-12-22,20.99
2023-12-23,20.13
2023-12-24,20.07
2023-12-25,20.62
2023-12-26,20.79
2023-12-27,20.47
2023-12-28,21.92
2023-12-29,21.12
2023-12-30,20.18
2023-12-31,20.39
2024-01-01,19.48
2024-01-02,20.13
2024-01-03,20.07
2024-01-04,20.26
2024-01-05,20.25
2024-01-06,20.67
2024-01-07,20.34
2024-01-08,20.18
2024-01-09,19.69
2024-01-10,19.24
2024-01-11,19.46
2024-01-12,19.37
2024-01-13,19.06
2024-01-14,18.93
2024-01-15,18.68
2024-01-16,18.65
2024-01-17,18.38
2024-01-18,18.54
2024-01-19,18.44
2024-01-20,19.23
2024-01-21,19.46
2024-01-22,18.48
2024-01-23,18.63
2024-01-24,18.38
2024-01-25,18.52
2024-01-26,17.8
2024-01-27,18.1
2024-01-28,17.84
2024-01-29,17.72
2024-01-30,17.47
2024-01-31,17.33
2024-02-01,17.15
2024-02-02,17.04
2024-02-03,17.16
2024-02-04,17.4
2024-02-05,16.62
2024-02-06,16.91
2024-02-07,16.72
2024-02-08,17.74
2024-02-09,17.8
2024-02-10,17.6
2024-02-11,17.31
2024-02-12,17.62
2024-02-13,17.24
2024-02-14,16.8
2024-02-15,17.5
2024-02-16,17.52
2024-02-17,17.07
2024-02-18,17.16
2024-02-19,17.56
2024-02-20,17.58
2024-02-21,17.43
2024-02-22,17.45
2024-02-23,17.75
2024-02-24,17.66
2024-02-25,17.29
2024-02-26,17.47
2024-02-27,17.87
2024-02-28,17.71
2024-02-29,17.85
2024-03-01,17.93
2024-03-02,18.06
2024-03-03,17.84
2024-03-04,18.06
2024-03-05,18.29
2024-03-06,18.49
2024-03-07,17.68
2024-03-08,18.08
2024-03-09,18.17
2024-03-10,17.99
2024-03-11,17.9
2024-03-12,18.42
2024-03-13,18.79
2024-03-14,18.67
2024-03-15,18.33
2024-03-16,18.66
2024-03-17,18.51
2024-03-18,17.74
2024-03-19,18.84
2024-03-20,19.24
2024-03-21,19.12
2024-03-22,18.6
2024-03-23,18.41
2024-03-24,18.34
2024-03-25,18.38
2024-03-26,18.17
2024-03-27,18.03
2024-03-28,18.74
2024-03-29,18.7
2024-03-30,18.44
2024-03-31,18.9
2024-04-01,19.39
2024-04-02,20.38
2024-04-03,19.49
2024-04-04,20.35
2024-04-05,20.52
2024-04-06,21.37
2024-04-07,20.88
2024-04-08,20.61
2024-04-09,21.35
2024-04-10,21.44
2024-04-11,20.47
2024-04-12,20.82
2024-04-13,21.38
2024-04-14,21.33
2024-04-15,20.76
2024-04-16,20.93
2024-04-17,21.81
2024-04-18,22.1
2024-04-19,21.68
2024-04-20,22.76
2024-04-21,22.37
2024-04-22,21.79
2024-04-23,21.67
2024-04-24,22.53
2024-04-25,23.31
2024-04-26,23.2
2024-04-27,21.63
2024-04-28,20.77
2024-04-29,22.14
2024-04-30,22.38
2024-05-01,23.21
2024-05-02,23.11
2024-05-03,22.93
2024-05-04,22.7
2024-05-05,22.42
2024-05-06,23.05
2024-05-07,23.3
2024-05-08,23.28
2024-05-09,22.77
2024-05-10,23.77
2024-05-11,23.11
2024-05-12,22.23
2024-05-13,22.51
2024-05-14,23.36
2024-05-15,22.8
2024-05-16,23.43
2024-05-17,23.46
2024-05-18,23.81
2024-05-19,23.94
2024-05-20,23.29
2024-05-21,23.63
2024-05-22,24.83
2024-05-23,25.0
2024-05-24,24.86
2024-05-25,25.34
2024-05-26,25.38
2024-05-27,24.66
2024-05-28,24.74
2024-05-29,24.97
2024-05-30,25.78
2024-05-31,25.81
2024-06-01,25.14
2024-06-02,26.09
2024-06-03,26.08
2024-06-04,26.67
2024-06-05,26.07
2024-06-06,26.0
2024-06-07,27.01
2024-06-08,26.84
2024-06-09,27.0
2024-06-10,27.1
2024-06-11,27.12
2024-06-12,27.48
2024-06-13,27.59
2024-06-14,27.89
2024-06-15,27.95
2024-06-16,28.5
2024-06-17,29.14
2024-06-18,28.8
2024-06-19,28.77
2024-06-20,28.8
2024-06-21,28.56
2024-06-22,29.08
2024-06-23,28.8
2024-06-24,29.32
2024-06-25,29.53
2024-06-26,29.38
2024-06-27,28.63
2024-06-28,29.22
2024-06-29,30.01
2024-06-30,29.76
2024-07-01,29.7
2024-07-02,29.39
2024-07-03,30.15
2024-07-04,30.21
2024-07-05,29.3
2024-07-06,29.94
2024-07-07,29.37
2024-07-08,30.02
2024-07-09,30.05
2024-07-10,29.49
2024-07-11,30.41
2024-07-12,30.63
2024-07-13,30.5
2024-07-14,30.99
2024-07-15,30.82
2024-07-16,30.53
2024-07-17,30.9
2024-07-18,31.5
2024-07-19,30.88
2024-07-20,30.53
2024-07-21,30.8
2024-07-22,31.31
2024-07-23,31.1
2024-07-24,30.86
2024-07-25,31.9
2024-07-26,31.22
2024-07-27,31.14
2024-07-28,31.25
2024-07-29,31.32
2024-07-30,31.04
2024-07-31,30.88
2024-08-01,31.0
2024-08-02,31.32
2024-08-03,31.13
2024-08-04,30.94
2024-08-05,31.43
2024-08-06,30.76
2024-08-07,31.04
2024-08-08,31.5
2024-08-09,31.03
2024-08-10,31.4
2024-08-11,31.32
2024-08-12,30.52
2024-08-13,30.5
2024-08-14,30.33
2024-08-15,31.27
2024-08-16,31.14
2024-08-17,30.36
2024-08-18,31.14
2024-08-19,31.15
2024-08-20,30.35
2024-08-21,30.94
2024-08-22,31.21
2024-08-23,30.94
2024-08-24,31.39
2024-08-25,30.89
2024-08-26,31.24
2024-08-27,31.04
2024-08-28,30.64
2024-08-29,30.95
2024-08-30,30.98
2024-08-31,31.39
2024-09-01,31.05
2024-09-02,31.1
2024-09-03,31.01
2024-09-04,31.31
2024-09-05,30.65
2024-09-06,30.58
2024-09-07,30.77
2024-09-08,30.78
2024-09-09,30.28
2024-09-10,29.92
2024-09-11,30.57
2024-09-12,30.34
2024-09-13,30.36
2024-09-14,30.09
2024-09-15,30.34
2024-09-16,29.64
2024-09-17,29.86
2024-09-18,29.77
2024-09-19,29.27
2024-09-20,28.72
2024-09-21,29.38
2024-09-22,29.79
2024-09-23,29.28
2024-09-24,28.94
2024-09-25,28.99
2024-09-26,28.67
2024-09-27,28.3
2024-09-28,28.6
2024-09-29,28.74
2024-09-30,28.67
2024-10-01,28.28
2024-10-02,28.31
2024-10-03,27.76
2024-10-04,28.17
2024-10-05,27.98
2024-10-06,27.91
2024-10-07,27.43
2024-10-08,27.62
2024-10-09,27.22
2024-10-10,27.57
2024-10-11,27.95
2024-10-12,28.22
2024-10-13,27.64
2024-10-14,26.67
2024-10-15,27.72
2024-10-16,27.51
2024-10-17,27.49
2024-10-18,27.32
2024-10-19,27.58
2024-10-20,26.98
2024-10-21,27.19
2024-10-22,27.01
2024-10-23,26.56
2024-10-24,25.95
2024-10-25,25.79
2024-10-26,25.5
2024-10-27,25.97
2024-10-28,25.18
2024-10-29,25.33
2024-10-30,24.8
2024-10-31,24.66
2024-11-01,24.51
2024-11-02,24.2
2024-11-03,24.02
2024-11-04,24.39
2024-11-05,24.13
2024-11-06,23.86
2024-11-07,23.83
2024-11-08,24.1
2024-11-09,24.12
2024-11-10,23.7
2024-11-11,23.42
2024-11-12,23.64
2024-11-13,23.68
2024-11-14,23.56
2024-11-15,23.73
2024-11-16,23.25
2024-11-17,23.1
2024-11-18,22.29
2024-11-19,22.91
2024-11-20,22.51
2024-11-21,22.92
2024-11-22,23.01
2024-11-23,23.21
2024-11-24,23.42
2024-11-25,23.42
2024-11-26,23.43
2024-11-27,22.12
2024-11-28,22.02
2024-11-29,22.29
2024-11-30,22.17
2024-12-01,21.8
2024-12-02,21.78
2024-12-03,21.9
2024-12-04,22.11
2024-12-05,22.01
2024-12-06,22.06
2024-12-07,21.82
2024-12-08,21.17
2024-12-09,21.18
2024-12-10,21.29
2024-12-11,21.22
2024-12-12,20.9
2024-12-13,20.69
2024-12-14,20.57
2024-12-15,20.03
2024-12-16,19.98
2024-12-17,20.21
2024-12-18,20.05
2024-12-19,19.9
2024-12-20,20.05
2024-12-21,19.93
2024-12-22,19.34
2024-12-23,19.44
2024-12-24,19.63
2024-12-25,19.6
2024-12-26,18.82
2024-12-27,18.59
2024-12-28,18.79
2024-12-29,18.09
2024-12-30,18.28
2024-12-31,18.36
2025-01-01,17.48
2025-01-02,18.43
2025-01-03,18.31
2025-01-04,18.05
2025-01-05,18.22
2025-01-06,18.17
2025-01-07,18.61
2025-01-08,19.28
2025-01-09,19.06
2025-01-10,19.17
2025-01-11,18.84
2025-01-12,18.82
2025-01-13,19.15
2025-01-14,18.67
2025-01-15,18.74
2025-01-16,18.8
2025-01-17,18.53
2025-01-18,18.53
2025-01-19,18.42
2025-01-20,18.11
2025-01-21,18.24
2025-01-22,18.42
2025-01-23,18.43
2025-01-24,18.36
2025-01-25,18.02
2025-01-26,17.21
2025-01-27,17.92
2025-01-28,17.93
2025-01-29,17.91
2025-01-30,17.84
2025-01-31,18.01
2025-02-01,17.97
2025-02-02,17.66
2025-02-03,17.85
2025-02-04,17.82
2025-02-05,18.04
2025-02-06,18.33
2025-02-07,17.88
2025-02-08,17.56
2025-02-09,17.8
2025-02-10,17.67
2025-02-11,17.44
2025-02-12,17.43
2025-02-13,16.93
2025-02-14,16.52
2025-02-15,16.5
2025-02-16,16.69
2025-02-17,15.77
2025-02-18,16.42
2025-02-19,16.97
2025-02-20,16.9
2025-02-21,16.83
2025-02-22,16.95
2025-02-23,17.31
2025-02-24,17.47
2025-02-25,16.93
2025-02-26,17.18
2025-02-27,16.89
2025-02-28,17.74
2025-03-01,17.53
2025-03-02,17.54
2025-03-03,17.53
2025-03-04,17.68
2025-03-05,16.57
2025-03-06,17.02
2025-03-07,17.88
2025-03-08,17.93
2025-03-09,17.54
2025-03-10,17.58
2025-03-11,17.98
2025-03-12,18.04
2025-03-13,18.54
2025-03-14,19.09
2025-03-15,19.55
2025-03-16,19.87
2025-03-17,20.63
2025-03-18,20.42
2025-03-19,19.97
2025-03-20,19.82
2025-03-21,19.4
2025-03-22,18.85
2025-03-23,18.94
2025-03-24,18.56
2025-03-25,18.33
2025-03-26,18.28
2025-03-27,18.85
2025-03-28,19.03
2025-03-29,19.18
2025-03-30,19.12
2025-03-31,18.87
2025-04-01,18.68
2025-04-02,19.83
2025-04-03,20.18
2025-04-04,19.14
2025-04-05,19.44
2025-04-06,19.7
2025-04-07,19.23
2025-04-08,18.76
2025-04-09,19.56
2025-04-10,20.45
2025-04-11,20.22
2025-04-12,20.18
2025-04-13,19.98
2025-04-14,20.16
2025-04-15,19.89
2025-04-16,19.44
2025-04-17,19.92
2025-04-18,20.25
2025-04-19,20.07
2025-04-20,20.05
2025-04-21,20.36
2025-04-22,21.02
2025-04-23,21.24
2025-04-24,20.96
2025-04-25,21.58
2025-04-26,21.04
2025-04-27,21.18
2025-04-28,21.22
2025-04-29,21.74
2025-04-30,21.56
2025-05-01,21.06
2025-05-02,20.69
2025-05-03,22.0
2025-05-04,22.5
2025-05-05,21.8
2025-05-06,22.18
2025-05-07,22.6
2025-05-08,22.69
2025-05-09,22.64
2025-05-10,23.23
2025-05-11,23.65
2025-05-12,22.97
2025-05-13,22.48
2025-05-14,22.92
2025-05-15,23.43
2025-05-16,23.84
2025-05-17,22.84
2025-05-18,23.13
2025-05-19,23.67
2025-05-20,24.32
2025-05-21,24.14
2025-05-22,24.8
2025-05-23,24.34
2025-05-24,24.55
2025-05-25,24.11
2025-05-26,25.14
2025-05-27,24.78
2025-05-28,25.2
2025-05-29,24.25
2025-05-30,24.9
2025-05-31,24.66
2025-06-01,24.12
2025-06-02,24.08
2025-06-03,24.4
2025-06-04,24.93
2025-06-05,24.83
2025-06-06,25.08
2025-06-07,25.43
2025-06-08,24.99
2025-06-09,25.07
2025-06-10,25.54
2025-06-11,25.97
2025-06-12,26.08
2025-06-13,25.83
2025-06-14,25.6
2025-06-15,26.69
2025-06-16,26.38
2025-06-17,26.92
2025-06-18,27.55
2025-06-19,26.9
2025-06-20,27.23
2025-06-21,27.15
2025-06-22,27.75
2025-06-23,27.72
2025-06-24,27.45
2025-06-25,27.08
2025-06-26,28.11
2025-06-27,27.82
2025-06-28,27.93
2025-06-29,27.69
2025-06-30,27.72
2025-07-01,27.81
2025-07-02,28.32
2025-07-03,28.26
2025-07-04,28.27
2025-07-05,28.51
2025-07-06,28.95
2025-07-07,29.04
2025-07-08,29.09
2025-07-09,29.44
2025-07-10,28.71
2025-07-11,29.58
2025-07-12,29.5
2025-07-13,28.89
2025-07-14,29.05
2025-07-15,29.85
2025-07-16,29.66
2025-07-17,29.38
2025-07-18,29.46
2025-07-19,30.07
2025-07-20,29.29
2025-07-21,29.0
2025-07-22,29.79
2025-07-23,30.09
2025-07-24,30.04
2025-07-25,30.3
2025-07-26,29.85
2025-07-27,30.25
2025-07-28,30.36
2025-07-29,30.37
2025-07-30,29.94
2025-07-31,30.09
2025-08-01,30.33
2025-08-02,30.2
2025-08-03,30.06
2025-08-04,29.98
2025-08-05,30.15
2025-08-06,29.88
2025-08-07,29.93
2025-08-08,29.99
2025-08-09,30.45
2025-08-10,29.92
2025-08-11,29.86
2025-08-12,30.36
2025-08-13,29.61
2025-08-14,30.33
2025-08-15,30.86
2025-08-16,31.12
2025-08-17,30.2
2025-08-18,30.5
2025-08-19,31.06
2025-08-20,30.84
2025-08-21,30.95
2025-08-22,30.14
2025-08-23,29.97
2025-08-24,30.58
2025-08-25,30.51
2025-08-26,30.18
2025-08-27,29.72
2025-08-28,29.54
2025-08-29,29.7
2025-08-30,30.05
2025-08-31,30.03
2025-09-01,29.84
2025-09-02,28.92
2025-09-03,30.06
2025-09-04,29.49
2025-09-05,29.11
2025-09-06,29.32
2025-09-07,29.56
2025-09-08,29.73
2025-09-09,29.28
2025-09-10,29.28
2025-09-11,29.42
2025-09-12,29.29
2025-09-13,28.56
2025-09-14,28.91
2025-09-15,28.93
2025-09-16,28.95
2025-09-17,28.99
2025-09-18,28.74
2025-09-19,29.18
2025-09-20,28.96
2025-09-21,28.62
2025-09-22,28.47
2025-09-23,28.66
2025-09-24,28.64
2025-09-25,28.19
2025-09-26,28.0
2025-09-27,28.37
2025-09-28,28.01
2025-09-29,27.12
2025-09-30,27.72
2025-10-01,27.98
2025-10-02,27.73
2025-10-03,27.6
2025-10-04,27.21
2025-10-05,27.91
2025-10-06,27.64
2025-10-07,27.3
2025-10-08,27.7
2025-10-09,27.33
2025-10-10,27.33
2025-10-11,26.81
2025-10-12,26.91
2025-10-13,26.69
2025-10-14,26.11
2025-10-15,25.76
2025-10-16,25.68
2025-10-17,26.11
2025-10-18,25.79
2025-10-19,25.51
2025-10-20,25.97
2025-10-21,25.95
2025-10-22,25.73
2025-10-23,25.98
2025-10-24,26.01
2025-10-25,26.29
2025-10-26,25.96
2025-10-27,26.46
2025-10-28,26.45
2025-10-29,26.55
2025-10-30,25.85
2025-10-31,26.08
2025-11-01,26.19
2025-11-02,26.02
2025-11-03,25.93
2025-11-04,25.83
2025-11-05,25.58
2025-11-06,25.19
2025-11-07,25.0
2025-11-08,25.88
2025-11-09,25.54
2025-11-10,25.03
2025-11-11,24.98
2025-11-12,25.33
2025-11-13,25.28
2025-11-14,24.84
2025-11-15,24.48
2025-11-16,24.26
2025-11-17,23.41
2025-11-18,23.4
2025-11-19,23.09
2025-11-20,23.67
2025-11-21,23.7
2025-11-22,23.37
2025-11-23,23.88
2025-11-24,23.69
2025-11-25,22.73
2025-11-26,22.83
2025-11-27,23.39
2025-11-28,23.42
2025-11-29,23.52
2025-11-30,23.16
2025-12-01,23.2
2025-12-02,23.16
2025-12-03,22.6
2025-12-04,22.49
2025-12-05,22.92
2025-12-06,22.76
2025-12-07,22.05
2025-12-08,21.2
2025-12-09,21.72
2025-12-10,21.54
2025-12-11,21.41
2025-12-12,21.59
2025-12-13,22.12
2025-12-14,22.36
2025-12-15,22.55
2025-12-16,21.14
2025-12-17,20.87
2025-12-18,20.7
2025-12-19,20.74
2025-12-20,20.8
2025-12-21,21.48
2025-12-22,20.59
2025-12-23,20.28
2025-12-24,19.56
2025-12-25,20.16
2025-12-26,19.8
2025-12-27,19.9
2025-12-28,20.21
2025-12-29,19.53
2025-12-30,19.79
2025-12-31,19.41
2026-01-01,18.57
2026-01-02,18.78
2026-01-03,18.74
2026-01-04,18.53
2026-01-05,18.9
2026-01-06,19.62
2026-01-07,19.34
2026-01-08,18.8
2026-01-09,18.84
2026-01-10,18.19
2026-01-11,17.72
2026-01-12,17.81
2026-01-13,18.2
2026-01-14,17.88
2026-01-15,17.42
2026-01-16,17.52
2026-01-17,17.62
2026-01-18,17.27
2026-01-19,17.42
2026-01-20,17.72
2026-01-21,17.94
2026-01-22,17.07
2026-01-23,16.48
2026-01-24,16.73
2026-01-25,17.69
2026-01-26,17.96
2026-01-27,16.97
2026-01-28,17.41
2026-01-29,16.8
2026-01-30,17.18
2026-01-31,16.56
2026-02-01,17.31
2026-02-02,17.31
2026-02-03,16.59
2026-02-04,17.01
2026-02-05,17.11
2026-02-06,17.16
2026-02-07,16.55
2026-02-08,17.05
2026-02-09,17.42
2026-02-10,17.45
2026-02-11,16.8
2026-02-12,17.16
2026-02-13,17.53
2026-02-14,16.85
2026-02-15,16.52
2026-02-16,17.7
2026-02-17,17.94
2026-02-18,17.89
2026-02-19,17.37
2026-02-20,17.72
2026-02-21,17.94
2026-02-22,17.93
2026-02-23,17.56
2026-02-24,17.97
2026-02-25,18.11
2026-02-26,17.76
2026-02-27,17.61
2026-02-28,17.82
2026-03-01,17.26
2026-03-02,17.1
2026-03-03,16.88
2026-03-04,17.5
2026-03-05,17.23
2026-03-06,17.2
2026-03-07,17.17
2026-03-08,17.6
2026-03-09,17.53
2026-03-10,17.52
2026-03-11,17.69
2026-03-12,18.0
2026-03-13,17.78
2026-03-14,17.43
2026-03-15,18.18
2026-03-16,18.02
2026-03-17,18.04
2026-03-18,17.5
2026-03-19,18.61
2026-03-20,18.52
2026-03-21,17.86
2026-03-22,17.44
2026-03-23,17.84
2026-03-24,17.9
2026-03-25,17.7
2026-03-26,18.0
2026-03-27,17.97
2026-03-28,17.94
2026-03-29,17.82
2026-03-30,17.87
2026-03-31,17.93
2026-04-01,18.06
2026-04-02,17.8
2026-04-03,17.83
2026-04-04,17.55
2026-04-05,18.58
2026-04-06,17.68
2026-04-07,17.72
2026-04-08,18.66
2026-04-09,19.11
2026-04-10,19.11
2026-04-11,19.16
2026-04-12,19.22
2026-04-13,19.36
2026-04-14,19.45
2026-04-15,19.89
2026-04-16,20.15
2026-04-17,19.78
2026-04-18,19.36
2026-04-19,20.9
2026-04-20,20.24
2026-04-21,20.66
2026-04-22,20.68
2026-04-23,21.03
2026-04-24,21.13
2026-04-25,20.79
2026-04-26,20.78
2026-04-27,21.07
2026-04-28,20.73
2026-04-29,20.83
2026-04-30,20.94
2026-05-01,21.53
2026-05-02,21.6
2026-05-03,21.67
2026-05-04,21.92
2026-05-05,21.57
2026-05-06,21.63
2026-05-07,21.38
2026-05-08,21.38
2026-05-09,21.71
2026-05-10,21.71
2026-05-11,21.49
2026-05-12,21.63
2026-05-13,22.65
2026-05-14,22.14
2026-05-15,21.75
2026-05-16,22.44
2026-05-17,22.9
2026-05-18,22.61
2026-05-19,22.11
2026-05-20,23.63
2026-05-21,23.16
2026-05-22,23.27
2026-05-23,23.4
2026-05-24,23.83
2026-05-25,23.14
2026-05-26,23.47
2026-05-27,23.62
2026-05-28,23.81
2026-05-29,23.89
2026-05-30,24.24
2026-05-31,24.62
2026-06-01,24.73
2026-06-02,25.03
2026-06-03,25.71
2026-06-04,25.32
2026-06-05,25.4
2026-06-06,25.44
2026-06-07,24.96
2026-06-08,25.08
2026-06-09,25.24
2026-06-10,25.37
2026-06-11,25.23
2026-06-12,26.3
2026-06-13,26.33
2026-06-14,26.34
2026-06-15,27.12
2026-06-16,26.68
2026-06-17,27.31
2026-06-18,26.84
2026-06-19,27.62
2026-06-20,27.91
2026-06-21,27.56
2026-06-22,27.13
2026-06-23,27.93
2026-06-24,28.13
2026-06-25,27.62
2026-06-26,27.39
2026-06-27,27.23
2026-06-28,27.9
2026-06-29,28.46
2026-06-30,28.08
2026-07-01,28.4
2026-07-02,28.44
2026-07-03,27.53
2026-07-04,28.4
2026-07-05,27.81
2026-07-06,28.51
2026-07-07,27.81
2026-07-08,28.11
2026-07-09,28.71
2026-07-10,28.74
2026-07-11,28.32
2026-07-12,27.99
2026-07-13,28.74
2026-07-14,28.77
2026-07-15,28.04
2026-07-16,28.04
2026-07-17,29.05
2026-07-18,29.14
2026-07-19,30.15
2026-07-20,29.85
2026-07-21,29.45
2026-07-22,29.55
2026-07-23,29.69
2026-07-24,29.15
2026-07-25,29.89
2026-07-26,29.83
2026-07-27,29.61
2026-07-28,29.92
2026-07-29,29.66
2026-07-30,29.62
2026-07-31,29.42
2026-08-01,29.4
2026-08-02,30.05
2026-08-03,29.88
2026-08-04,29.96
2026-08-05,30.18
2026-08-06,29.61
2026-08-07,30.19
2026-08-08,29.75
2026-08-09,30.57
2026-08-10,30.23
2026-08-11,30.09
2026-08-12,30.02
