date,sst
2008-01-01,19.25
2008-01-02,19.22
2008-01-03,19.6
2008-01-04,19.68
2008-01-05,19.54
2008-01-06,19.58
2008-01-07,19.23
2008-01-08,19.5
2008-01-09,19.49
2008-01-10,19.34
2008-01-11,19.08
2008-01-12,19.01
2008-01-13,18.95
2008-01-14,18.86
2008-01-15,18.64
2008-01-16,18.44
2008-01-17,19.13
2008-01-18,18.4
2008-01-19,18.29
2008-01-20,18.2
2008-01-21,18.21
2008-01-22,18.24
2008-01-23,18.09
2008-01-24,18.19
2008-01-25,18.03
2008-01-26,18.12
2008-01-27,18.13
2008-01-28,18.26
2008-01-29,18.28
2008-01-30,18.01
2008-01-31,17.41
2008-02-01,17.38
2008-02-02,17.62
2008-02-03,17.94
2008-02-04,17.86
2008-02-05,17.74
2008-02-06,17.91
2008-02-07,17.86
2008-02-08,17.47
2008-02-09,17.72
2008-02-10,17.31
2008-02-11,17.52
2008-02-12,17.37
2008-02-13,17.44
2008-02-14,17.34
2008-02-15,17.27
2008-02-16,17.29
2008-02-17,17.26
2008-02-18,17.16
2008-02-19,17.14
2008-02-20,17.13
2008-02-21,17.16
2008-02-22,17.3
2008-02-23,17.03
2008-02-24,17.12
2008-02-25,16.74
2008-02-26,16.55
2008-02-27,17.12
2008-02-28,17.11
2008-02-29,17.13
2008-03-01,17.09
2008-03-02,17.12
2008-03-03,17.24
2008-03-04,17.16
2008-03-05,17.44
2008-03-06,17.37
2008-03-07,17.51
2008-03-08,17.25
2008-03-09,16.65
2008-03-10,16.64
2008-03-11,17.6
2008-03-12,17.72
2008-03-13,17.49
2008-03-14,17.54
2008-03-15,17.37
2008-03-16,17.75
2008-03-17,17.76
2008-03-18,16.83
2008-03-19,17.72
2008-03-20,17.81
2008-03-21,17.88
2008-03-22,18.66
2008-03-23,18.25
2008-03-24,19.25
2008-03-25,18.84
2008-03-26,18.03
2008-03-27,17.94
2008-03-28,18.17
2008-03-29,18.13
2008-03-30,17.88
2008-03-31,17.9
2008-04-01,18.07
2008-04-02,18.01
2008-04-03,18.5
2008-04-04,18.16
2008-04-05,18.02
2008-04-06,17.93
2008-04-07,18.14
2008-04-08,18.14
2008-04-09,18.23
2008-04-10,17.93
2008-04-11,18.44
2008-04-12,18.33
2008-04-13,18.53
2008-04-14,18.79
2008-04-15,19.14
2008-04-16,18.81
2008-04-17,18.32
2008-04-18,18.7
2008-04-19,18.57
2008-04-20,19.11
2008-04-21,19.38
2008-04-22,19.54
2008-04-23,20.98
2008-04-24,20.74
2008-04-25,19.92
2008-04-26,19.68
2008-04-27,19.89
2008-04-28,19.52
2008-04-29,20.0
2008-04-30,20.11
2008-05-01,19.96
2008-05-02,19.91
2008-05-03,20.4
2008-05-04,20.53
2008-05-05,20.52
2008-05-06,20.39
2008-05-07,19.95
2008-05-08,20.68
2008-05-09,20.34
2008-05-10,20.04
2008-05-11,20.12
2008-05-12,20.35
2008-05-13,20.98
2008-05-14,20.85
2008-05-15,21.14
2008-05-16,20.64
2008-05-17,20.79
2008-05-18,20.41
2008-05-19,21.14
2008-05-20,21.28
2008-05-21,21.83
2008-05-22,22.24
2008-05-23,22.02
2008-05-24,22.44
2008-05-25,22.07
2008-05-26,22.65
2008-05-27,22.7
2008-05-28,22.89
2008-05-29,22.83
2008-05-30,23.27
2008-05-31,23.73
2008-06-01,23.6
2008-06-02,24.17
2008-06-03,24.22
2008-06-04,23.83
2008-06-05,24.3
2008-06-06,24.11
2008-06-07,24.39
2008-06-08,24.23
2008-06-09,24.78
2008-06-10,24.84
2008-06-11,24.28
2008-06-12,24.16
2008-06-13,24.72
2008-06-14,24.38
2008-06-15,24.41
2008-06-16,25.13
2008-06-17,24.67
2008-06-18,25.07
2008-06-19,25.37
2008-06-20,26.05
2008-06-21,25.84
2008-06-22,26.19
2008-06-23,25.77
2008-06-24,26.25
2008-06-25,26.46
2008-06-26,26.67
2008-06-27,25.82
2008-06-28,26.54
2008-06-29,26.64
2008-06-30,26.16
2008-07-01,26.53
2008-07-02,26.89
2008-07-03,27.12
2008-07-04,27.2
2008-07-05,27.21
2008-07-06,27.16
2008-07-07,27.42
2008-07-08,27.88
2008-07-09,27.6
2008-07-10,27.57
2008-07-11,28.24
2008-07-12,27.95
2008-07-13,27.64
2008-07-14,27.74
2008-07-15,28.3
2008-07-16,28.02
2008-07-17,28.59
2008-07-18,28.44
2008-07-19,27.89
2008-07-20,28.31
2008-07-21,28.35
2008-07-22,27.83
2008-07-23,28.07
2008-07-24,28.42
2008-07-25,28.16
2008-07-26,28.05
2008-07-27,27.78
2008-07-28,27.36
2008-07-29,27.48
2008-07-30,27.02
2008-07-31,27.65
2008-08-01,27.75
2008-08-02,28.42
2008-08-03,28.25
2008-08-04,28.21
2008-08-05,28.22
2008-08-06,27.56
2008-08-07,27.57
2008-08-08,27.84
2008-08-09,27.67
2008-08-10,27.91
2008-08-11,28.66
2008-08-12,27.8
2008-08-13,27.78
2008-08-14,27.78
2008-08-15,27.41
2008-08-16,27.43
2008-08-17,27.87
2008-08-18,28.25
2008-08-19,28.37
2008-08-20,27.79
2008-08-21,27.79
2008-08-22,27.68
2008-08-23,27.51
2008-08-24,27.08
2008-08-25,27.08
2008-08-26,27.66
2008-08-27,27.81
2008-08-28,28.78
2008-08-29,28.52
2008-08-30,27.87
2008-08-31,28.26
2008-09-01,28.1
2008-09-02,28.15
2008-09-03,28.04
2008-09-04,28.24
2008-09-05,27.9
2008-09-06,27.66
2008-09-07,27.43
2008-09-08,27.79
2008-09-09,27.45
2008-09-10,27.35
2008-09-11,27.49
2008-09-12,28.22
2008-09-13,27.96
2008-09-14,27.76
2008-09-15,27.93
2008-09-16,27.76
2008-09-17,28.25
2008-09-18,28.21
2008-09-19,28.13
2008-09-20,28.18
2008-09-21,27.61
2008-09-22,27.92
2008-09-23,27.85
2008-09-24,27.98
2008-09-25,27.71
2008-09-26,27.0
2008-09-27,27.95
2008-09-28,27.1
2008-09-29,27.47
2008-09-30,27.53
2008-10-01,27.25
2008-10-02,27.09
2008-10-03,27.11
2008-10-04,26.77
2008-10-05,26.81
2008-10-06,27.17
2008-10-07,27.13
2008-10-08,26.89
2008-10-09,26.86
2008-10-10,26.77
2008-10-11,26.85
2008-10-12,26.75
2008-10-13,26.8
2008-10-14,26.31
2008-10-15,26.12
2008-10-16,26.58
2008-10-17,26.29
2008-10-18,26.67
2008-10-19,26.25
2008-10-20,25.59
2008-10-21,25.54
2008-10-22,26.04
2008-10-23,26.4
2008-10-24,25.84
2008-10-25,25.45
2008-10-26,26.09
2008-10-27,25.89
2008-10-28,25.48
2008-10-29,25.34
2008-10-30,25.01
2008-10-31,24.87
2008-11-01,25.02
2008-11-02,25.09
2008-11-03,25.14
2008-11-04,24.88
2008-11-05,25.19
2008-11-06,25.06
2008-11-07,24.81
2008-11-08,24.95
2008-11-09,24.89
2008-11-10,24.72
2008-11-11,24.73
2008-11-12,24.49
2008-11-13,24.38
2008-11-14,24.39
2008-11-15,24.11
2008-11-16,23.98
2008-11-17,24.11
2008-11-18,23.71
2008-11-19,23.7
2008-11-20,23.86
2008-11-21,23.91
2008-11-22,23.67
2008-11-23,23.68
2008-11-24,22.75
2008-11-25,23.15
2008-11-26,23.37
2008-11-27,22.98
2008-11-28,23.13
2008-11-29,22.55
2008-11-30,23.1
2008-12-01,23.06
2008-12-02,22.99
2008-12-03,22.78
2008-12-04,23.0
2008-12-05,22.91
2008-12-06,22.73
2008-12-07,22.58
2008-12-08,22.07
2008-12-09,22.23
2008-12-10,22.15
2008-12-11,21.8
2008-12-12,21.77
2008-12-13,21.31
2008-12-14,21.56
2008-12-15,20.99
2008-12-16,21.34
2008-12-17,21.31
2008-12-18,21.34
2008-12-19,21.35
2008-12-20,21.23
2008-12-21,20.6
2008-12-22,20.3
2008-12-23,19.95
2008-12-24,20.42
2008-12-25,20.14
2008-12-26,20.08
2008-12-27,19.67
2008-12-28,20.02
2008-12-29,19.65
2008-12-30,20.23
2008-12-31,20.15
2009-01-01,20.12
2009-01-02,19.6
2009-01-03,19.22
2009-01-04,19.25
2009-01-05,19.54
2009-01-06,19.44
2009-01-07,19.69
2009-01-08,19.65
2009-01-09,19.41
2009-01-10,19.06
2009-01-11,19.16
2009-01-12,19.43
2009-01-13,19.5
2009-01-14,19.43
2009-01-15,19.05
2009-01-16,18.95
2009-01-17,19.0
2009-01-18,18.67
2009-01-19,18.78
2009-01-20,18.83
2009-01-21,18.91
2009-01-22,18.83
2009-01-23,18.85
2009-01-24,18.05
2009-01-25,18.07
2009-01-26,18.27
2009-01-27,18.51
2009-01-28,17.62
2009-01-29,18.61
2009-01-30,17.91
2009-01-31,18.32
2009-02-01,18.53
2009-02-02,18.1
2009-02-03,17.91
2009-02-04,18.29
2009-02-05,18.68
2009-02-06,18.01
2009-02-07,17.98
2009-02-08,18.05
2009-02-09,18.02
2009-02-10,18.28
2009-02-11,18.18
2009-02-12,17.68
2009-02-13,17.72
2009-02-14,17.99
2009-02-15,18.27
2009-02-16,18.18
2009-02-17,18.12
2009-02-18,17.9
2009-02-19,17.72
2009-02-20,17.49
2009-02-21,17.55
2009-02-22,17.6
2009-02-23,17.07
2009-02-24,17.93
2009-02-25,17.65
2009-02-26,17.63
2009-02-27,17.78
2009-02-28,17.89
2009-03-01,17.63
2009-03-02,17.61
2009-03-03,17.51
2009-03-04,17.51
2009-03-05,17.64
2009-03-06,17.47
2009-03-07,17.36
2009-03-08,17.54
2009-03-09,16.93
2009-03-10,17.61
2009-03-11,17.68
2009-03-12,17.69
2009-03-13,17.7
2009-03-14,17.57
2009-03-15,17.62
2009-03-16,17.51
2009-03-17,17.41
2009-03-18,17.54
2009-03-19,17.4
2009-03-20,17.11
2009-03-21,17.35
2009-03-22,17.39
2009-03-23,17.71
2009-03-24,17.52
2009-03-25,17.53
2009-03-26,17.51
2009-03-27,17.62
2009-03-28,17.39
2009-03-29,17.43
2009-03-30,17.29
2009-03-31,17.4
2009-04-01,17.52
2009-04-02,17.6
2009-04-03,17.68
2009-04-04,18.06
2009-04-05,18.13
2009-04-06,18.31
2009-04-07,18.02
2009-04-08,17.87
2009-04-09,17.94
2009-04-10,18.33
2009-04-11,18.4
2009-04-12,18.39
2009-04-13,18.23
2009-04-14,17.98
2009-04-15,18.26
2009-04-16,18.02
2009-04-17,17.81
2009-04-18,17.9
2009-04-19,18.67
2009-04-20,18.62
2009-04-21,18.19
2009-04-22,18.71
2009-04-23,19.15
2009-04-24,19.1
2009-04-25,18.64
2009-04-26,18.84
2009-04-27,19.13
2009-04-28,19.1
2009-04-29,19.62
2009-04-30,19.87
2009-05-01,19.47
2009-05-02,19.47
2009-05-03,19.37
2009-05-04,18.88
2009-05-05,18.66
2009-05-06,19.24
2009-05-07,19.01
2009-05-08,18.81
2009-05-09,19.03
2009-05-10,19.3
2009-05-11,19.58
2009-05-12,20.14
2009-05-13,20.28
2009-05-14,20.32
2009-05-15,20.16
2009-05-16,20.09
2009-05-17,20.99
2009-05-18,21.41
2009-05-19,21.2
2009-05-20,21.41
2009-05-21,21.73
2009-05-22,22.11
2009-05-23,22.04
2009-05-24,22.0
2009-05-25,21.84
2009-05-26,21.96
2009-05-27,22.23
2009-05-28,22.79
2009-05-29,23.19
2009-05-30,22.67
2009-05-31,23.23
2009-06-01,23.01
2009-06-02,22.8
2009-06-03,23.49
2009-06-04,23.74
2009-06-05,23.46
2009-06-06,23.62
2009-06-07,24.39
2009-06-08,23.84
2009-06-09,24.2
2009-06-10,24.73
2009-06-11,24.73
2009-06-12,24.8
2009-06-13,25.12
2009-06-14,25.06
2009-06-15,24.86
2009-06-16,25.56
2009-06-17,25.92
2009-06-18,25.96
2009-06-19,26.13
2009-06-20,26.08
2009-06-21,26.19
2009-06-22,26.43
2009-06-23,26.79
2009-06-24,26.53
2009-06-25,26.9
2009-06-26,26.85
2009-06-27,27.22
2009-06-28,26.59
2009-06-29,26.38
2009-06-30,26.07
2009-07-01,26.85
2009-07-02,27.02
2009-07-03,26.77
2009-07-04,26.33
2009-07-05,26.66
2009-07-06,26.14
2009-07-07,26.58
2009-07-08,26.86
2009-07-09,26.97
2009-07-10,26.89
2009-07-11,27.29
2009-07-12,27.57
2009-07-13,27.69
2009-07-14,27.56
2009-07-15,26.62
2009-07-16,27.06
2009-07-17,27.19
2009-07-18,27.56
2009-07-19,27.55
2009-07-20,27.67
2009-07-21,27.85
2009-07-22,28.06
2009-07-23,27.88
2009-07-24,28.09
2009-07-25,28.32
2009-07-26,28.12
2009-07-27,28.42
2009-07-28,28.67
2009-07-29,28.16
2009-07-30,27.72
2009-07-31,27.58
2009-08-01,28.17
2009-08-02,28.47
2009-08-03,28.8
2009-08-04,28.46
2009-08-05,28.63
2009-08-06,29.21
2009-08-07,28.6
2009-08-08,28.68
2009-08-09,28.56
2009-08-10,28.75
2009-08-11,28.6
2009-08-12,28.96
2009-08-13,29.0
2009-08-14,28.87
2009-08-15,28.74
2009-08-16,28.89
2009-08-17,28.64
2009-08-18,28.67
2009-08-19,28.83
2009-08-20,28.66
2009-08-21,28.38
2009-08-22,29.19
2009-08-23,29.22
2009-08-24,28.93
2009-08-25,28.96
2009-08-26,29.16
2009-08-27,28.91
2009-08-28,28.74
2009-08-29,28.99
2009-08-30,28.63
2009-08-31,28.95
2009-09-01,28.75
2009-09-02,28.61
2009-09-03,28.67
2009-09-04,28.77
2009-09-05,28.17
2009-09-06,28.69
2009-09-07,28.89
2009-09-08,28.43
2009-09-09,28.48
2009-09-10,28.14
2009-09-11,28.06
2009-09-12,27.85
2009-09-13,27.83
2009-09-14,27.69
2009-09-15,27.68
2009-09-16,27.66
2009-09-17,27.09
2009-09-18,27.4
2009-09-19,27.11
2009-09-20,27.37
2009-09-21,27.22
2009-09-22,26.92
2009-09-23,26.84
2009-09-24,26.83
2009-09-25,26.43
2009-09-26,26.69
2009-09-27,26.74
2009-09-28,26.4
2009-09-29,26.71
2009-09-30,26.66
2009-10-01,26.7
2009-10-02,26.53
2009-10-03,26.07
2009-10-04,26.33
2009-10-05,26.52
2009-10-06,26.29
2009-10-07,25.92
2009-10-08,26.08
2009-10-09,26.39
2009-10-10,26.4
2009-10-11,26.24
2009-10-12,26.08
2009-10-13,25.83
2009-10-14,26.08
2009-10-15,25.76
2009-10-16,25.92
2009-10-17,26.19
2009-10-18,25.99
2009-10-19,26.16
2009-10-20,26.68
2009-10-21,26.08
2009-10-22,26.05
2009-10-23,25.89
2009-10-24,25.7
2009-10-25,25.36
2009-10-26,25.62
2009-10-27,25.63
2009-10-28,25.49
2009-10-29,25.43
2009-10-30,25.37
2009-10-31,25.3
2009-11-01,24.93
2009-11-02,24.82
2009-11-03,24.45
2009-11-04,23.59
2009-11-05,23.85
2009-11-06,23.59
2009-11-07,23.9
2009-11-08,23.66
2009-11-09,23.33
2009-11-10,23.46
2009-11-11,23.3
2009-11-12,23.94
2009-11-13,23.27
2009-11-14,23.23
2009-11-15,23.21
2009-11-16,23.01
2009-11-17,23.05
2009-11-18,22.8
2009-11-19,22.44
2009-11-20,22.55
2009-11-21,22.68
2009-11-22,22.43
2009-11-23,22.47
2009-11-24,22.36
2009-11-25,21.93
2009-11-26,21.83
2009-11-27,22.29
2009-11-28,21.96
2009-11-29,21.72
2009-11-30,21.84
2009-12-01,21.53
2009-12-02,22.03
2009-12-03,21.8
2009-12-04,21.46
2009-12-05,20.98
2009-12-06,21.28
2009-12-07,21.68
2009-12-08,21.16
2009-12-09,20.99
2009-12-10,21.01
2009-12-11,21.09
2009-12-12,21.01
2009-12-13,20.75
2009-12-14,20.55
2009-12-15,20.22
2009-12-16,20.32
2009-12-17,20.35
2009-12-18,20.17
2009-12-19,20.28
2009-12-20,19.96
2009-12-21,19.56
2009-12-22,19.48
2009-12-23,19.84
2009-12-24,19.95
2009-12-25,19.86
2009-12-26,19.77
2009-12-27,19.8
2009-12-28,19.34
2009-12-29,19.86
2009-12-30,19.95
2009-12-31,19.66
2010-01-01,19.64
2010-01-02,19.43
2010-01-03,19.98
2010-01-04,19.72
2010-01-05,19.61
2010-01-06,19.37
2010-01-07,19.32
2010-01-08,19.26
2010-01-09,19.75
2010-01-10,19.38
2010-01-11,19.22
2010-01-12,19.14
2010-01-13,18.3
2010-01-14,19.0
2010-01-15,19.01
2010-01-16,18.83
2010-01-17,19.3
2010-01-18,19.11
2010-01-19,18.83
2010-01-20,18.86
2010-01-21,18.9
2010-01-22,18.87
2010-01-23,19.2
2010-01-24,19.13
2010-01-25,18.65
2010-01-26,18.52
2010-01-27,18.07
2010-01-28,18.58
2010-01-29,18.58
2010-01-30,18.22
2010-01-31,18.21
2010-02-01,18.8
2010-02-02,18.26
2010-02-03,18.57
2010-02-04,18.63
2010-02-05,18.05
2010-02-06,17.77
2010-02-07,17.8
2010-02-08,17.87
2010-02-09,17.99
2010-02-10,17.61
2010-02-11,17.66
2010-02-12,18.2
2010-02-13,17.6
2010-02-14,17.53
2010-02-15,18.39
2010-02-16,18.53
2010-02-17,18.54
2010-02-18,18.36
2010-02-19,18.07
2010-02-20,18.78
2010-02-21,18.99
2010-02-22,18.28
2010-02-23,18.14
2010-02-24,18.2
2010-02-25,17.87
2010-02-26,17.93
2010-02-27,17.85
2010-02-28,17.7
2010-03-01,17.87
2010-03-02,17.49
2010-03-03,17.93
2010-03-04,17.93
2010-03-05,17.69
2010-03-06,17.39
2010-03-07,17.97
2010-03-08,17.68
2010-03-09,17.7
2010-03-10,18.34
2010-03-11,19.02
2010-03-12,19.09
2010-03-13,18.98
2010-03-14,17.91
2010-03-15,17.71
2010-03-16,18.59
2010-03-17,18.44
2010-03-18,18.25
2010-03-19,17.91
2010-03-20,18.13
2010-03-21,18.1
2010-03-22,17.9
2010-03-23,18.11
2010-03-24,17.95
2010-03-25,17.97
2010-03-26,17.88
2010-03-27,17.81
2010-03-28,17.6
2010-03-29,18.07
2010-03-30,18.08
2010-03-31,18.13
2010-04-01,18.17
2010-04-02,18.15
2010-04-03,17.47
2010-04-04,18.14
2010-04-05,19.02
2010-04-06,19.17
2010-04-07,19.02
2010-04-08,18.41
2010-04-09,18.98
2010-04-10,18.73
2010-04-11,18.07
2010-04-12,18.39
2010-04-13,18.59
2010-04-14,18.76
2010-04-15,19.05
2010-04-16,18.93
2010-04-17,18.92
2010-04-18,19.72
2010-04-19,19.44
2010-04-20,20.09
2010-04-21,20.1
2010-04-22,19.58
2010-04-23,19.43
2010-04-24,19.33
2010-04-25,20.02
2010-04-26,19.9
2010-04-27,19.86
2010-04-28,20.05
2010-04-29,20.15
2010-04-30,19.99
2010-05-01,20.14
2010-05-02,20.11
2010-05-03,20.81
2010-05-04,20.79
2010-05-05,20.4
2010-05-06,20.92
2010-05-07,20.8
2010-05-08,20.78
2010-05-09,21.3
2010-05-10,20.57
2010-05-11,21.12
2010-05-12,21.36
2010-05-13,22.68
2010-05-14,22.64
2010-05-15,22.41
2010-05-16,22.29
2010-05-17,22.27
2010-05-18,22.06
2010-05-19,21.72
2010-05-20,22.02
2010-05-21,21.92
2010-05-22,22.1
2010-05-23,22.15
2010-05-24,22.09
2010-05-25,22.43
2010-05-26,22.37
2010-05-27,21.86
2010-05-28,20.84
2010-05-29,22.05
2010-05-30,22.49
2010-05-31,23.01
2010-06-01,23.66
2010-06-02,23.65
2010-06-03,22.44
2010-06-04,23.32
2010-06-05,23.26
2010-06-06,23.78
2010-06-07,24.16
2010-06-08,23.85
2010-06-09,23.77
2010-06-10,24.08
2010-06-11,24.04
2010-06-12,23.87
2010-06-13,24.55
2010-06-14,24.12
2010-06-15,23.98
2010-06-16,24.85
2010-06-17,25.05
2010-06-18,25.91
2010-06-19,25.64
2010-06-20,25.14
2010-06-21,25.69
2010-06-22,26.25
2010-06-23,25.88
2010-06-24,25.08
2010-06-25,25.35
2010-06-26,25.4
2010-06-27,25.38
2010-06-28,25.34
2010-06-29,25.68
2010-06-30,25.78
2010-07-01,25.98
2010-07-02,26.0
2010-07-03,25.54
2010-07-04,26.26
2010-07-05,26.14
2010-07-06,26.14
2010-07-07,26.74
2010-07-08,26.66
2010-07-09,26.94
2010-07-10,26.91
2010-07-11,26.61
2010-07-12,26.38
2010-07-13,26.1
2010-07-14,26.77
2010-07-15,27.04
2010-07-16,27.07
2010-07-17,27.3
2010-07-18,27.11
2010-07-19,27.54
2010-07-20,26.75
2010-07-21,27.05
2010-07-22,28.22
2010-07-23,27.37
2010-07-24,27.22
2010-07-25,27.02
2010-07-26,27.43
2010-07-27,27.81
2010-07-28,28.18
2010-07-29,27.9
2010-07-30,27.72
2010-07-31,27.85
2010-08-01,28.37
2010-08-02,28.46
2010-08-03,27.72
2010-08-04,27.77
2010-08-05,28.05
2010-08-06,28.41
2010-08-07,28.63
2010-08-08,28.65
2010-08-09,28.08
2010-08-10,28.16
2010-08-11,28.42
2010-08-12,28.16
2010-08-13,28.65
2010-08-14,28.75
2010-08-15,28.33
2010-08-16,28.26
2010-08-17,28.71
2010-08-18,29.01
2010-08-19,29.79
2010-08-20,29.84
2010-08-21,29.35
2010-08-22,28.8
2010-08-23,29.08
2010-08-24,29.89
2010-08-25,29.33
2010-08-26,29.55
2010-08-27,28.8
2010-08-28,28.8
2010-08-29,29.78
2010-08-30,29.3
2010-08-31,29.04
2010-09-01,28.97
2010-09-02,29.2
2010-09-03,28.87
2010-09-04,28.62
2010-09-05,28.88
2010-09-06,28.65
2010-09-07,28.74
2010-09-08,28.69
2010-09-09,28.7
2010-09-10,28.53
2010-09-11,28.73
2010-09-12,28.88
2010-09-13,28.53
2010-09-14,28.68
2010-09-15,28.38
2010-09-16,28.18
2010-09-17,28.4
2010-09-18,28.41
2010-09-19,28.2
2010-09-20,28.62
2010-09-21,28.78
2010-09-22,28.85
2010-09-23,28.82
2010-09-24,28.91
2010-09-25,27.79
2010-09-26,28.52
2010-09-27,28.79
2010-09-28,28.52
2010-09-29,28.6
2010-09-30,28.19
2010-10-01,28.15
2010-10-02,28.19
2010-10-03,28.36
2010-10-04,27.39
2010-10-05,28.13
2010-10-06,28.05
2010-10-07,28.07
2010-10-08,28.27
2010-10-09,27.61
2010-10-10,27.68
2010-10-11,27.12
2010-10-12,27.04
2010-10-13,27.02
2010-10-14,27.04
2010-10-15,27.34
2010-10-16,27.25
2010-10-17,26.75
2010-10-18,26.82
2010-10-19,26.81
2010-10-20,27.14
2010-10-21,26.84
2010-10-22,26.72
2010-10-23,26.0
2010-10-24,26.02
2010-10-25,25.81
2010-10-26,25.97
2010-10-27,25.52
2010-10-28,26.35
2010-10-29,25.88
2010-10-30,25.57
2010-10-31,25.24
2010-11-01,25.17
2010-11-02,25.16
2010-11-03,25.23
2010-11-04,24.82
2010-11-05,24.62
2010-11-06,24.51
2010-11-07,24.26
2010-11-08,24.33
2010-11-09,24.11
2010-11-10,24.06
2010-11-11,24.35
2010-11-12,23.96
2010-11-13,24.27
2010-11-14,24.18
2010-11-15,24.16
2010-11-16,23.65
2010-11-17,23.89
2010-11-18,23.81
2010-11-19,23.59
2010-11-20,24.07
2010-11-21,23.34
2010-11-22,23.38
2010-11-23,23.61
2010-11-24,23.47
2010-11-25,23.38
2010-11-26,23.5
2010-11-27,23.65
2010-11-28,23.44
2010-11-29,23.17
2010-11-30,24.22
2010-12-01,23.12
2010-12-02,23.97
2010-12-03,23.48
2010-12-04,23.56
2010-12-05,23.57
2010-12-06,23.21
2010-12-07,22.86
2010-12-08,22.16
2010-12-09,22.39
2010-12-10,22.57
2010-12-11,22.34
2010-12-12,22.35
2010-12-13,20.6
2010-12-14,20.55
2010-12-15,21.14
2010-12-16,20.98
2010-12-17,20.79
2010-12-18,20.9
2010-12-19,20.59
2010-12-20,20.94
2010-12-21,20.43
2010-12-22,20.15
2010-12-23,20.8
2010-12-24,20.09
2010-12-25,20.19
2010-12-26,20.66
2010-12-27,20.73
2010-12-28,20.5
2010-12-29,20.14
2010-12-30,20.01
2010-12-31,19.86
2011-01-01,20.13
2011-01-02,19.84
2011-01-03,19.9
2011-01-04,20.02
2011-01-05,20.0
2011-01-06,19.88
2011-01-07,19.81
2011-01-08,19.17
2011-01-09,19.53
2011-01-10,19.71
2011-01-11,19.57
2011-01-12,18.88
2011-01-13,19.6
2011-01-14,19.37
2011-01-15,19.22
2011-01-16,19.28
2011-01-17,19.18
2011-01-18,19.26
2011-01-19,19.15
2011-01-20,18.83
2011-01-21,19.02
2011-01-22,19.09
2011-01-23,19.11
2011-01-24,19.08
2011-01-25,18.84
2011-01-26,18.9
2011-01-27,18.94
2011-01-28,18.87
2011-01-29,18.9
2011-01-30,18.88
2011-01-31,18.69
2011-02-01,18.69
2011-02-02,18.47
2011-02-03,18.13
2011-02-04,18.29
2011-02-05,18.5
2011-02-06,18.64
2011-02-07,18.49
2011-02-08,18.38
2011-02-09,18.64
2011-02-10,18.47
2011-02-11,18.41
2011-02-12,18.29
2011-02-13,18.51
2011-02-14,18.45
2011-02-15,18.42
2011-02-16,18.22
2011-02-17,18.26
2011-02-18,18.15
2011-02-19,18.26
2011-02-20,18.26
2011-02-21,18.21
2011-02-22,18.05
2011-02-23,18.45
2011-02-24,18.06
2011-02-25,18.07
2011-02-26,17.69
2011-02-27,18.34
2011-02-28,17.98
2011-03-01,18.07
2011-03-02,18.13
2011-03-03,18.43
2011-03-04,18.36
2011-03-05,18.64
2011-03-06,17.93
2011-03-07,17.76
2011-03-08,18.11
2011-03-09,18.13
2011-03-10,18.12
2011-03-11,17.7
2011-03-12,17.72
2011-03-13,17.59
2011-03-14,18.15
2011-03-15,17.86
2011-03-16,18.22
2011-03-17,18.03
2011-03-18,17.99
2011-03-19,18.25
2011-03-20,18.23
2011-03-21,18.15
2011-03-22,17.74
2011-03-23,18.03
2011-03-24,18.04
2011-03-25,17.67
2011-03-26,17.72
2011-03-27,18.27
2011-03-28,18.21
2011-03-29,18.09
2011-03-30,18.47
2011-03-31,18.7
2011-04-01,18.58
2011-04-02,18.81
2011-04-03,18.5
2011-04-04,18.46
2011-04-05,17.89
2011-04-06,18.14
2011-04-07,18.18
2011-04-08,18.13
2011-04-09,18.38
2011-04-10,18.42
2011-04-11,18.2
2011-04-12,18.41
2011-04-13,18.1
2011-04-14,18.54
2011-04-15,18.6
2011-04-16,18.86
2011-04-17,19.28
2011-04-18,19.9
2011-04-19,19.38
2011-04-20,18.76
2011-04-21,18.58
2011-04-22,18.68
2011-04-23,18.77
2011-04-24,18.85
2011-04-25,18.95
2011-04-26,19.3
2011-04-27,19.41
2011-04-28,19.05
2011-04-29,19.18
2011-04-30,19.66
2011-05-01,19.3
2011-05-02,19.16
2011-05-03,19.72
2011-05-04,18.85
2011-05-05,19.31
2011-05-06,20.36
2011-05-07,20.25
2011-05-08,19.97
2011-05-09,20.02
2011-05-10,20.58
2011-05-11,20.24
2011-05-12,20.7
2011-05-13,20.58
2011-05-14,20.35
2011-05-15,20.51
2011-05-16,20.43
2011-05-17,20.4
2011-05-18,19.56
2011-05-19,20.63
2011-05-20,21.58
2011-05-21,21.47
2011-05-22,21.3
2011-05-23,22.02
2011-05-24,22.21
2011-05-25,21.63
2011-05-26,22.2
2011-05-27,22.32
2011-05-28,21.85
2011-05-29,21.58
2011-05-30,22.23
2011-05-31,22.4
2011-06-01,22.63
2011-06-02,22.67
2011-06-03,22.91
2011-06-04,22.84
2011-06-05,22.75
2011-06-06,23.38
2011-06-07,23.52
2011-06-08,24.08
2011-06-09,24.71
2011-06-10,24.35
2011-06-11,24.75
2011-06-12,24.19
2011-06-13,24.59
2011-06-14,24.31
2011-06-15,24.15
2011-06-16,24.2
2011-06-17,24.42
2011-06-18,24.31
2011-06-19,24.75
2011-06-20,24.87
2011-06-21,24.78
2011-06-22,25.58
2011-06-23,25.42
2011-06-24,25.41
2011-06-25,26.03
2011-06-26,25.59
2011-06-27,25.38
2011-06-28,25.3
2011-06-29,25.4
2011-06-30,25.22
2011-07-01,25.32
2011-07-02,25.02
2011-07-03,25.76
2011-07-04,26.08
2011-07-05,25.33
2011-07-06,25.81
2011-07-07,25.28
2011-07-08,25.17
2011-07-09,26.61
2011-07-10,26.59
2011-07-11,26.86
2011-07-12,26.52
2011-07-13,26.86
2011-07-14,27.17
2011-07-15,27.55
2011-07-16,27.12
2011-07-17,27.06
2011-07-18,27.14
2011-07-19,27.69
2011-07-20,27.5
2011-07-21,27.64
2011-07-22,28.01
2011-07-23,27.65
2011-07-24,27.38
2011-07-25,27.53
2011-07-26,27.63
2011-07-27,27.93
2011-07-28,28.26
2011-07-29,28.07
2011-07-30,28.12
2011-07-31,28.4
2011-08-01,28.33
2011-08-02,28.42
2011-08-03,28.64
2011-08-04,28.3
2011-08-05,28.2
2011-08-06,28.29
2011-08-07,28.34
2011-08-08,28.55
2011-08-09,28.41
2011-08-10,27.87
2011-08-11,28.34
2011-08-12,28.5
2011-08-13,28.19
2011-08-14,27.9
2011-08-15,27.8
2011-08-16,27.94
2011-08-17,27.99
2011-08-18,28.04
2011-08-19,28.34
2011-08-20,28.06
2011-08-21,28.56
2011-08-22,28.54
2011-08-23,28.23
2011-08-24,28.97
2011-08-25,28.9
2011-08-26,28.48
2011-08-27,28.83
2011-08-28,28.27
2011-08-29,28.68
2011-08-30,28.89
2011-08-31,28.63
2011-09-01,28.25
2011-09-02,28.49
2011-09-03,28.16
2011-09-04,28.53
2011-09-05,28.15
2011-09-06,28.27
2011-09-07,27.73
2011-09-08,28.3
2011-09-09,28.42
2011-09-10,28.13
2011-09-11,28.01
2011-09-12,28.07
2011-09-13,28.32
2011-09-14,28.22
2011-09-15,28.26
2011-09-16,27.83
2011-09-17,28.06
2011-09-18,28.48
2011-09-19,28.19
2011-09-20,28.22
2011-09-21,28.01
2011-09-22,27.82
2011-09-23,27.61
2011-09-24,27.88
2011-09-25,27.53
2011-09-26,27.54
2011-09-27,27.38
2011-09-28,27.77
2011-09-29,27.64
2011-09-30,27.87
2011-10-01,27.71
2011-10-02,27.15
2011-10-03,27.74
2011-10-04,27.42
2011-10-05,27.37
2011-10-06,27.09
2011-10-07,27.03
2011-10-08,27.15
2011-10-09,27.06
2011-10-10,27.41
2011-10-11,27.16
2011-10-12,26.5
2011-10-13,26.74
2011-10-14,26.69
2011-10-15,26.83
2011-10-16,26.24
2011-10-17,26.32
2011-10-18,26.46
2011-10-19,26.52
2011-10-20,26.19
2011-10-21,26.41
2011-10-22,25.82
2011-10-23,25.28
2011-10-24,25.13
2011-10-25,25.07
2011-10-26,25.22
2011-10-27,25.22
2011-10-28,25.23
2011-10-29,25.11
2011-10-30,24.82
2011-10-31,24.98
2011-11-01,24.95
2011-11-02,24.71
2011-11-03,24.33
2011-11-04,24.6
2011-11-05,24.2
2011-11-06,24.27
2011-11-07,23.85
2011-11-08,23.63
2011-11-09,24.07
2011-11-10,23.38
2011-11-11,23.62
2011-11-12,23.53
2011-11-13,23.57
2011-11-14,23.2
2011-11-15,23.46
2011-11-16,23.41
2011-11-17,22.57
2011-11-18,22.55
2011-11-19,22.24
2011-11-20,22.06
2011-11-21,21.96
2011-11-22,22.06
2011-11-23,21.84
2011-11-24,21.83
2011-11-25,21.75
2011-11-26,21.68
2011-11-27,21.42
2011-11-28,21.05
2011-11-29,21.23
2011-11-30,21.44
2011-12-01,20.88
2011-12-02,21.15
2011-12-03,21.8
2011-12-04,21.17
2011-12-05,21.01
2011-12-06,21.04
2011-12-07,20.85
2011-12-08,21.13
2011-12-09,20.69
2011-12-10,20.39
2011-12-11,20.23
2011-12-12,20.65
2011-12-13,20.39
2011-12-14,19.56
2011-12-15,19.93
2011-12-16,19.77
2011-12-17,19.75
2011-12-18,19.75
2011-12-19,20.01
2011-12-20,19.99
2011-12-21,19.85
2011-12-22,19.75
2011-12-23,20.19
2011-12-24,19.77
2011-12-25,19.43
2011-12-26,19.38
2011-12-27,18.7
2011-12-28,18.98
2011-12-29,19.08
2011-12-30,19.19
2011-12-31,18.98
2012-01-01,18.97
2012-01-02,18.86
2012-01-03,18.8
2012-01-04,18.65
2012-01-05,18.7
2012-01-06,18.82
2012-01-07,18.7
2012-01-08,18.71
2012-01-09,18.62
2012-01-10,18.5
2012-01-11,18.63
2012-01-12,18.27
2012-01-13,18.16
2012-01-14,18.17
2012-01-15,18.11
2012-01-16,18.1
2012-01-17,18.04
2012-01-18,17.76
2012-01-19,17.85
2012-01-20,17.89
2012-01-21,17.78
2012-01-22,17.31
2012-01-23,17.8
2012-01-24,17.68
2012-01-25,17.52
2012-01-26,17.66
2012-01-27,17.55
2012-01-28,17.68
2012-01-29,17.64
2012-01-30,16.97
2012-01-31,17.16
2012-02-01,17.29
2012-02-02,17.38
2012-02-03,17.24
2012-02-04,17.22
2012-02-05,17.24
2012-02-06,17.66
2012-02-07,17.62
2012-02-08,16.57
2012-02-09,17.25
2012-02-10,17.8
2012-02-11,17.26
2012-02-12,17.37
2012-02-13,17.23
2012-02-14,17.28
2012-02-15,17.22
2012-02-16,17.13
2012-02-17,17.07
2012-02-18,16.99
2012-02-19,16.9
2012-02-20,16.95
2012-02-21,17.03
2012-02-22,16.77
2012-02-23,16.71
2012-02-24,16.97
2012-02-25,16.75
2012-02-26,16.83
2012-02-27,16.74
2012-02-28,16.34
2012-02-29,16.4
2012-03-01,16.62
2012-03-02,16.46
2012-03-03,16.14
2012-03-04,16.46
2012-03-05,16.6
2012-03-06,16.18
2012-03-07,16.62
2012-03-08,16.74
2012-03-09,16.8
2012-03-10,17.16
2012-03-11,17.15
2012-03-12,16.83
2012-03-13,15.81
2012-03-14,16.0
2012-03-15,16.59
2012-03-16,16.58
2012-03-17,16.3
2012-03-18,16.4
2012-03-19,16.64
2012-03-20,16.29
2012-03-21,16.65
2012-03-22,16.77
2012-03-23,16.66
2012-03-24,17.47
2012-03-25,17.28
2012-03-26,16.99
2012-03-27,17.06
2012-03-28,16.96
2012-03-29,16.57
2012-03-30,16.64
2012-03-31,16.78
2012-04-01,16.87
2012-04-02,15.87
2012-04-03,17.09
2012-04-04,17.67
2012-04-05,17.14
2012-04-06,17.57
2012-04-07,19.04
2012-04-08,18.33
2012-04-09,18.5
2012-04-10,18.39
2012-04-11,17.43
2012-04-12,17.91
2012-04-13,17.76
2012-04-14,18.27
2012-04-15,18.58
2012-04-16,18.67
2012-04-17,18.37
2012-04-18,18.72
2012-04-19,17.98
2012-04-20,18.05
2012-04-21,18.27
2012-04-22,19.23
2012-04-23,18.45
2012-04-24,18.86
2012-04-25,18.71
2012-04-26,19.1
2012-04-27,19.24
2012-04-28,20.17
2012-04-29,19.77
2012-04-30,19.85
2012-05-01,19.78
2012-05-02,19.67
2012-05-03,19.68
2012-05-04,19.64
2012-05-05,20.54
2012-05-06,20.69
2012-05-07,20.66
2012-05-08,20.63
2012-05-09,20.93
2012-05-10,21.03
2012-05-11,21.45
2012-05-12,22.08
2012-05-13,21.6
2012-05-14,21.13
2012-05-15,21.69
2012-05-16,22.35
2012-05-17,22.54
2012-05-18,22.19
2012-05-19,22.21
2012-05-20,22.17
2012-05-21,22.08
2012-05-22,22.0
2012-05-23,22.07
2012-05-24,22.12
2012-05-25,21.45
2012-05-26,22.21
2012-05-27,22.09
2012-05-28,22.47
2012-05-29,22.93
2012-05-30,22.98
2012-05-31,23.77
2012-06-01,23.64
2012-06-02,23.48
2012-06-03,23.29
2012-06-04,23.38
2012-06-05,23.79
2012-06-06,23.92
2012-06-07,24.03
2012-06-08,24.42
2012-06-09,24.23
2012-06-10,25.0
2012-06-11,24.93
2012-06-12,25.09
2012-06-13,25.26
2012-06-14,25.39
2012-06-15,24.92
2012-06-16,25.5
2012-06-17,26.12
2012-06-18,26.4
2012-06-19,25.7
2012-06-20,25.34
2012-06-21,25.88
2012-06-22,25.92
2012-06-23,26.19
2012-06-24,26.56
2012-06-25,26.3
2012-06-26,26.53
2012-06-27,26.4
2012-06-28,26.73
2012-06-29,27.07
2012-06-30,27.23
2012-07-01,27.39
2012-07-02,27.34
2012-07-03,27.65
2012-07-04,27.59
2012-07-05,27.6
2012-07-06,27.48
2012-07-07,27.74
2012-07-08,27.79
2012-07-09,27.78
2012-07-10,27.62
2012-07-11,28.04
2012-07-12,28.18
2012-07-13,28.45
2012-07-14,28.62
2012-07-15,28.61
2012-07-16,28.4
2012-07-17,29.12
2012-07-18,29.59
2012-07-19,29.4
2012-07-20,28.9
2012-07-21,28.82
2012-07-22,28.97
2012-07-23,28.22
2012-07-24,29.1
2012-07-25,29.19
2012-07-26,29.14
2012-07-27,29.02
2012-07-28,28.73
2012-07-29,29.03
2012-07-30,28.74
2012-07-31,28.72
2012-08-01,28.76
2012-08-02,29.31
2012-08-03,28.85
2012-08-04,29.02
2012-08-05,29.14
2012-08-06,28.63
2012-08-07,28.42
2012-08-08,29.21
2012-08-09,29.28
2012-08-10,28.92
2012-08-11,29.53
2012-08-12,29.48
2012-08-13,29.14
2012-08-14,29.07
2012-08-15,28.84
2012-08-16,29.28
2012-08-17,29.24
2012-08-18,29.22
2012-08-19,29.07
2012-08-20,29.44
2012-08-21,29.38
2012-08-22,29.24
2012-08-23,29.18
2012-08-24,29.51
2012-08-25,29.5
2012-08-26,29.44
2012-08-27,29.23
2012-08-28,29.09
2012-08-29,28.95
2012-08-30,28.9
2012-08-31,29.0
2012-09-01,29.04
2012-09-02,28.82
2012-09-03,29.07
2012-09-04,29.32
2012-09-05,29.41
2012-09-06,29.27
2012-09-07,29.18
2012-09-08,29.24
2012-09-09,28.73
2012-09-10,28.48
2012-09-11,28.69
2012-09-12,28.53
2012-09-13,28.71
2012-09-14,28.29
2012-09-15,28.28
2012-09-16,28.41
2012-09-17,28.34
2012-09-18,28.1
2012-09-19,28.33
2012-09-20,27.79
2012-09-21,27.96
2012-09-22,27.97
2012-09-23,28.2
2012-09-24,27.92
2012-09-25,27.62
2012-09-26,27.64
2012-09-27,27.59
2012-09-28,27.76
2012-09-29,27.49
2012-09-30,27.2
2012-10-01,27.31
2012-10-02,27.25
2012-10-03,27.07
2012-10-04,27.07
2012-10-05,26.97
2012-10-06,26.78
2012-10-07,26.63
2012-10-08,27.15
2012-10-09,27.08
2012-10-10,26.82
2012-10-11,26.45
2012-10-12,27.16
2012-10-13,27.23
2012-10-14,26.89
2012-10-15,26.88
2012-10-16,26.51
2012-10-17,26.54
2012-10-18,26.98
2012-10-19,26.63
2012-10-20,26.52
2012-10-21,26.82
2012-10-22,26.92
2012-10-23,26.41
2012-10-24,26.55
2012-10-25,26.79
2012-10-26,26.89
2012-10-27,26.35
2012-10-28,26.27
2012-10-29,26.79
2012-10-30,25.97
2012-10-31,26.44
2012-11-01,26.5
2012-11-02,26.12
2012-11-03,26.0
2012-11-04,25.81
2012-11-05,25.79
2012-11-06,25.72
2012-11-07,25.97
2012-11-08,25.65
2012-11-09,25.52
2012-11-10,25.02
2012-11-11,25.02
2012-11-12,24.9
2012-11-13,24.5
2012-11-14,24.42
2012-11-15,23.93
2012-11-16,24.07
2012-11-17,23.74
2012-11-18,23.88
2012-11-19,23.48
2012-11-20,23.57
2012-11-21,23.55
2012-11-22,23.38
2012-11-23,23.51
2012-11-24,23.11
2012-11-25,23.03
2012-11-26,22.95
2012-11-27,22.65
2012-11-28,22.73
2012-11-29,22.96
2012-11-30,22.92
2012-12-01,22.98
2012-12-02,22.82
2012-12-03,22.21
2012-12-04,22.28
2012-12-05,22.24
2012-12-06,22.12
2012-12-07,22.14
2012-12-08,21.88
2012-12-09,21.63
2012-12-10,21.48
2012-12-11,21.3
2012-12-12,20.92
2012-12-13,21.05
2012-12-14,21.18
2012-12-15,21.01
2012-12-16,20.89
2012-12-17,20.47
2012-12-18,20.65
2012-12-19,21.24
2012-12-20,20.53
2012-12-21,20.31
2012-12-22,20.12
2012-12-23,19.82
2012-12-24,19.59
2012-12-25,19.39
2012-12-26,19.84
2012-12-27,19.87
2012-12-28,19.8
2012-12-29,19.68
2012-12-30,19.79
2012-12-31,19.55
2013-01-01,19.97
2013-01-02,19.67
2013-01-03,20.0
2013-01-04,19.78
2013-01-05,19.45
2013-01-06,19.33
2013-01-07,19.24
2013-01-08,19.25
2013-01-09,19.05
2013-01-10,18.42
2013-01-11,17.59
2013-01-12,17.84
2013-01-13,17.69
2013-01-14,17.88
2013-01-15,17.72
2013-01-16,17.91
2013-01-17,17.74
2013-01-18,17.82
2013-01-19,17.55
2013-01-20,17.61
2013-01-21,18.03
2013-01-22,18.35
2013-01-23,17.99
2013-01-24,17.79
2013-01-25,17.83
2013-01-26,17.69
2013-01-27,17.67
2013-01-28,17.29
2013-01-29,17.59
2013-01-30,17.36
2013-01-31,17.51
2013-02-01,18.23
2013-02-02,17.88
2013-02-03,18.16
2013-02-04,18.16
2013-02-05,18.33
2013-02-06,17.02
2013-02-07,17.85
2013-02-08,18.12
2013-02-09,17.61
2013-02-10,17.76
2013-02-11,18.01
2013-02-12,17.6
2013-02-13,17.37
2013-02-14,17.36
2013-02-15,17.38
2013-02-16,17.17
2013-02-17,17.34
2013-02-18,17.28
2013-02-19,17.48
2013-02-20,17.39
2013-02-21,17.39
2013-02-22,17.74
2013-02-23,17.59
2013-02-24,16.96
2013-02-25,17.58
2013-02-26,18.01
2013-02-27,18.33
2013-02-28,17.67
2013-03-01,17.66
2013-03-02,17.14
2013-03-03,17.08
2013-03-04,17.42
2013-03-05,17.4
2013-03-06,17.34
2013-03-07,17.18
2013-03-08,17.25
2013-03-09,16.55
2013-03-10,17.11
2013-03-11,17.05
2013-03-12,17.51
2013-03-13,17.42
2013-03-14,17.9
2013-03-15,17.93
2013-03-16,17.49
2013-03-17,17.43
2013-03-18,17.54
2013-03-19,17.56
2013-03-20,17.12
2013-03-21,17.71
2013-03-22,17.57
2013-03-23,17.61
2013-03-24,17.67
2013-03-25,17.68
2013-03-26,17.95
2013-03-27,17.62
2013-03-28,17.86
2013-03-29,17.81
2013-03-30,17.69
2013-03-31,18.95
2013-04-01,19.04
2013-04-02,18.5
2013-04-03,18.27
2013-04-04,18.41
2013-04-05,18.42
2013-04-06,18.19
2013-04-07,18.36
2013-04-08,18.75
2013-04-09,18.38
2013-04-10,18.29
2013-04-11,18.5
2013-04-12,18.36
2013-04-13,18.54
2013-04-14,18.72
2013-04-15,19.12
2013-04-16,18.69
2013-04-17,18.41
2013-04-18,18.3
2013-04-19,18.08
2013-04-20,18.14
2013-04-21,18.25
2013-04-22,18.23
2013-04-23,18.15
2013-04-24,18.78
2013-04-25,18.7
2013-04-26,18.93
2013-04-27,19.01
2013-04-28,19.08
2013-04-29,19.21
2013-04-30,19.98
2013-05-01,19.84
2013-05-02,20.11
2013-05-03,20.13
2013-05-04,20.23
2013-05-05,21.08
2013-05-06,20.96
2013-05-07,21.13
2013-05-08,21.01
2013-05-09,21.67
2013-05-10,21.83
2013-05-11,21.52
2013-05-12,21.41
2013-05-13,21.31
2013-05-14,21.66
2013-05-15,21.0
2013-05-16,21.05
2013-05-17,21.28
2013-05-18,21.7
2013-05-19,22.14
2013-05-20,22.19
2013-05-21,22.33
2013-05-22,22.99
2013-05-23,23.15
2013-05-24,23.27
2013-05-25,23.32
2013-05-26,23.35
2013-05-27,23.17
2013-05-28,23.32
2013-05-29,23.2
2013-05-30,23.24
2013-05-31,23.04
2013-06-01,23.13
2013-06-02,23.71
2013-06-03,23.81
2013-06-04,23.9
2013-06-05,23.77
2013-06-06,24.36
2013-06-07,23.93
2013-06-08,23.68
2013-06-09,23.84
2013-06-10,23.88
2013-06-11,24.16
2013-06-12,24.33
2013-06-13,24.48
2013-06-14,24.4
2013-06-15,24.26
2013-06-16,24.64
2013-06-17,24.75
2013-06-18,25.09
2013-06-19,25.28
2013-06-20,25.72
2013-06-21,25.8
2013-06-22,25.92
2013-06-23,26.18
2013-06-24,26.16
2013-06-25,26.17
2013-06-26,26.19
2013-06-27,26.51
2013-06-28,26.4
2013-06-29,26.42
2013-06-30,26.35
2013-07-01,25.99
2013-07-02,26.13
2013-07-03,26.13
2013-07-04,26.79
2013-07-05,27.0
2013-07-06,26.88
2013-07-07,26.79
2013-07-08,26.6
2013-07-09,26.68
2013-07-10,26.52
2013-07-11,26.7
2013-07-12,26.76
2013-07-13,26.82
2013-07-14,26.83
2013-07-15,27.38
2013-07-16,27.12
2013-07-17,27.02
2013-07-18,27.07
2013-07-19,27.18
2013-07-20,27.19
2013-07-21,27.54
2013-07-22,27.39
2013-07-23,27.41
2013-07-24,27.54
2013-07-25,27.68
2013-07-26,27.68
2013-07-27,27.73
2013-07-28,27.85
2013-07-29,28.03
2013-07-30,28.18
2013-07-31,27.96
2013-08-01,27.85
2013-08-02,27.93
2013-08-03,27.87
2013-08-04,28.1
2013-08-05,28.12
2013-08-06,28.43
2013-08-07,28.5
2013-08-08,28.54
2013-08-09,28.11
2013-08-10,27.89
2013-08-11,28.17
2013-08-12,28.5
2013-08-13,28.21
2013-08-14,28.05
2013-08-15,28.16
2013-08-16,28.2
2013-08-17,28.38
2013-08-18,29.08
2013-08-19,28.37
2013-08-20,28.19
2013-08-21,28.43
2013-08-22,28.54
2013-08-23,28.6
2013-08-24,28.3
2013-08-25,28.16
2013-08-26,28.19
2013-08-27,27.99
2013-08-28,28.26
2013-08-29,28.58
2013-08-30,28.56
2013-08-31,28.57
2013-09-01,28.09
2013-09-02,28.21
2013-09-03,28.44
2013-09-04,28.31
2013-09-05,27.85
2013-09-06,28.25
2013-09-07,28.17
2013-09-08,28.16
2013-09-09,27.93
2013-09-10,28.55
2013-09-11,28.27
2013-09-12,27.99
2013-09-13,28.3
2013-09-14,28.41
2013-09-15,28.46
2013-09-16,28.24
2013-09-17,27.99
2013-09-18,27.94
2013-09-19,27.83
2013-09-20,27.94
2013-09-21,27.71
2013-09-22,27.76
2013-09-23,27.76
2013-09-24,27.47
2013-09-25,27.34
2013-09-26,27.23
2013-09-27,27.19
2013-09-28,27.13
2013-09-29,26.89
2013-09-30,26.88
2013-10-01,27.37
2013-10-02,27.28
2013-10-03,27.17
2013-10-04,27.06
2013-10-05,26.9
2013-10-06,26.58
2013-10-07,26.3
2013-10-08,26.29
2013-10-09,26.14
2013-10-10,25.86
2013-10-11,26.17
2013-10-12,25.9
2013-10-13,25.76
2013-10-14,25.67
2013-10-15,26.25
2013-10-16,26.16
2013-10-17,25.91
2013-10-18,25.62
2013-10-19,25.08
2013-10-20,25.47
2013-10-21,25.66
2013-10-22,25.26
2013-10-23,24.92
2013-10-24,24.18
2013-10-25,24.64
2013-10-26,24.52
2013-10-27,24.15
2013-10-28,23.72
2013-10-29,23.94
2013-10-30,23.76
2013-10-31,23.53
2013-11-01,23.5
2013-11-02,23.13
2013-11-03,23.6
2013-11-04,23.39
2013-11-05,23.14
2013-11-06,23.16
2013-11-07,23.19
2013-11-08,23.16
2013-11-09,22.91
2013-11-10,22.81
2013-11-11,22.83
2013-11-12,23.04
2013-11-13,23.45
2013-11-14,22.9
2013-11-15,22.82
2013-11-16,22.61
2013-11-17,22.42
2013-11-18,22.93
2013-11-19,23.12
2013-11-20,22.7
2013-11-21,22.57
2013-11-22,22.66
2013-11-23,22.59
2013-11-24,22.48
2013-11-25,22.38
2013-11-26,22.28
2013-11-27,22.63
2013-11-28,22.21
2013-11-29,22.25
2013-11-30,22.04
2013-12-01,22.06
2013-12-02,22.2
2013-12-03,22.07
2013-12-04,21.84
2013-12-05,21.72
2013-12-06,21.73
2013-12-07,21.66
2013-12-08,21.86
2013-12-09,21.26
2013-12-10,21.06
2013-12-11,21.03
2013-12-12,20.89
2013-12-13,19.98
2013-12-14,20.01
2013-12-15,20.01
2013-12-16,19.96
2013-12-17,20.35
2013-12-18,19.8
2013-12-19,19.61
2013-12-20,19.3
2013-12-21,19.69
2013-12-22,19.63
2013-12-23,19.7
2013-12-24,18.76
2013-12-25,18.45
2013-12-26,18.55
2013-12-27,18.16
2013-12-28,18.32
2013-12-29,18.35
2013-12-30,18.33
2013-12-31,18.03
2014-01-01,18.8
2014-01-02,19.0
2014-01-03,18.81
2014-01-04,18.86
2014-01-05,18.76
2014-01-06,18.86
2014-01-07,18.81
2014-01-08,18.77
2014-01-09,18.94
2014-01-10,18.68
2014-01-11,18.39
2014-01-12,18.46
2014-01-13,18.33
2014-01-14,18.16
2014-01-15,18.41
2014-01-16,18.39
2014-01-17,18.22
2014-01-18,18.26
2014-01-19,18.27
2014-01-20,18.75
2014-01-21,18.46
2014-01-22,18.32
2014-01-23,18.26
2014-01-24,18.09
2014-01-25,17.98
2014-01-26,18.21
2014-01-27,18.32
2014-01-28,18.35
2014-01-29,18.27
2014-01-30,18.03
2014-01-31,17.99
2014-02-01,17.69
2014-02-02,17.68
2014-02-03,17.59
2014-02-04,17.85
2014-02-05,17.86
2014-02-06,17.77
2014-02-07,17.91
2014-02-08,18.01
2014-02-09,18.09
2014-02-10,18.03
2014-02-11,17.89
2014-02-12,18.26
2014-02-13,18.5
2014-02-14,18.21
2014-02-15,17.74
2014-02-16,17.83
2014-02-17,17.96
2014-02-18,18.12
2014-02-19,18.41
2014-02-20,18.4
2014-02-21,18.45
2014-02-22,18.6
2014-02-23,18.37
2014-02-24,18.03
2014-02-25,18.15
2014-02-26,18.15
2014-02-27,17.99
2014-02-28,18.09
2014-03-01,18.22
2014-03-02,18.36
2014-03-03,17.79
2014-03-04,17.84
2014-03-05,17.28
2014-03-06,17.33
2014-03-07,17.73
2014-03-08,17.83
2014-03-09,17.58
2014-03-10,17.65
2014-03-11,18.04
2014-03-12,17.92
2014-03-13,17.76
2014-03-14,17.77
2014-03-15,17.67
2014-03-16,17.57
2014-03-17,17.66
2014-03-18,17.52
2014-03-19,17.44
2014-03-20,18.19
2014-03-21,18.19
2014-03-22,18.2
2014-03-23,18.74
2014-03-24,18.4
2014-03-25,18.37
2014-03-26,18.18
2014-03-27,18.41
2014-03-28,19.33
2014-03-29,19.02
2014-03-30,18.57
2014-03-31,18.22
2014-04-01,18.21
2014-04-02,17.59
2014-04-03,17.72
2014-04-04,18.14
2014-04-05,18.34
2014-04-06,18.84
2014-04-07,19.06
2014-04-08,18.92
2014-04-09,19.13
2014-04-10,19.05
2014-04-11,19.12
2014-04-12,19.22
2014-04-13,19.11
2014-04-14,19.12
2014-04-15,19.16
2014-04-16,19.0
2014-04-17,19.65
2014-04-18,19.48
2014-04-19,19.86
2014-04-20,19.71
2014-04-21,19.52
2014-04-22,20.38
2014-04-23,20.31
2014-04-24,20.41
2014-04-25,20.26
2014-04-26,19.83
2014-04-27,20.09
2014-04-28,20.91
2014-04-29,20.83
2014-04-30,20.88
2014-05-01,21.52
2014-05-02,21.08
2014-05-03,20.93
2014-05-04,21.26
2014-05-05,21.33
2014-05-06,21.33
2014-05-07,20.72
2014-05-08,20.8
2014-05-09,20.92
2014-05-10,21.25
2014-05-11,21.21
2014-05-12,21.3
2014-05-13,21.23
2014-05-14,21.35
2014-05-15,21.5
2014-05-16,21.78
2014-05-17,22.01
2014-05-18,22.09
2014-05-19,21.73
2014-05-20,21.24
2014-05-21,21.66
2014-05-22,22.06
2014-05-23,22.27
2014-05-24,22.6
2014-05-25,22.86
2014-05-26,23.1
2014-05-27,23.23
2014-05-28,23.33
2014-05-29,23.45
2014-05-30,23.51
2014-05-31,23.52
2014-06-01,23.57
2014-06-02,23.23
2014-06-03,23.04
2014-06-04,23.08
2014-06-05,23.04
2014-06-06,23.15
2014-06-07,23.07
2014-06-08,23.09
2014-06-09,23.62
2014-06-10,23.74
2014-06-11,23.65
2014-06-12,23.82
2014-06-13,23.67
2014-06-14,24.02
2014-06-15,24.6
2014-06-16,24.64
2014-06-17,24.61
2014-06-18,24.54
2014-06-19,24.79
2014-06-20,24.96
2014-06-21,25.31
2014-06-22,25.1
2014-06-23,25.07
2014-06-24,25.39
2014-06-25,25.6
2014-06-26,25.45
2014-06-27,25.96
2014-06-28,26.8
2014-06-29,26.94
2014-06-30,26.58
2014-07-01,26.65
2014-07-02,27.07
2014-07-03,27.03
2014-07-04,26.9
2014-07-05,26.98
2014-07-06,26.89
2014-07-07,27.06
2014-07-08,27.31
2014-07-09,27.34
2014-07-10,27.47
2014-07-11,27.32
2014-07-12,27.33
2014-07-13,26.43
2014-07-14,27.3
2014-07-15,26.96
2014-07-16,27.27
2014-07-17,27.17
2014-07-18,27.05
2014-07-19,27.1
2014-07-20,27.07
2014-07-21,27.15
2014-07-22,26.76
2014-07-23,27.15
2014-07-24,27.68
2014-07-25,27.66
2014-07-26,27.63
2014-07-27,27.64
2014-07-28,27.68
2014-07-29,28.17
2014-07-30,27.88
2014-07-31,27.83
2014-08-01,27.85
2014-08-02,27.94
2014-08-03,27.95
2014-08-04,27.9
2014-08-05,28.09
2014-08-06,27.78
2014-08-07,27.51
2014-08-08,28.04
2014-08-09,28.07
2014-08-10,27.84
2014-08-11,28.2
2014-08-12,28.58
2014-08-13,28.19
2014-08-14,28.05
2014-08-15,27.97
2014-08-16,27.82
2014-08-17,28.08
2014-08-18,28.34
2014-08-19,28.02
2014-08-20,28.51
2014-08-21,28.6
2014-08-22,28.52
2014-08-23,28.58
2014-08-24,28.58
2014-08-25,28.45
2014-08-26,29.17
2014-08-27,28.93
2014-08-28,28.87
2014-08-29,28.81
2014-08-30,28.94
2014-08-31,28.95
2014-09-01,28.86
2014-09-02,28.69
2014-09-03,28.72
2014-09-04,28.04
2014-09-05,28.57
2014-09-06,28.47
2014-09-07,28.65
2014-09-08,28.48
2014-09-09,28.31
2014-09-10,28.64
2014-09-11,28.36
2014-09-12,28.58
2014-09-13,28.56
2014-09-14,28.32
2014-09-15,28.21
2014-09-16,28.25
2014-09-17,28.06
2014-09-18,28.11
2014-09-19,28.25
2014-09-20,28.11
2014-09-21,28.13
2014-09-22,28.15
2014-09-23,28.07
2014-09-24,27.67
2014-09-25,27.67
2014-09-26,28.18
2014-09-27,27.69
2014-09-28,27.65
2014-09-29,27.3
2014-09-30,27.58
2014-10-01,27.45
2014-10-02,27.45
2014-10-03,27.31
2014-10-04,27.35
2014-10-05,27.11
2014-10-06,27.22
2014-10-07,27.41
2014-10-08,27.91
2014-10-09,27.2
2014-10-10,27.03
2014-10-11,27.47
2014-10-12,27.16
2014-10-13,27.21
2014-10-14,26.91
2014-10-15,26.74
2014-10-16,26.42
2014-10-17,26.43
2014-10-18,26.28
2014-10-19,26.39
2014-10-20,26.39
2014-10-21,26.46
2014-10-22,26.13
2014-10-23,25.77
2014-10-24,26.04
2014-10-25,25.87
2014-10-26,26.15
2014-10-27,26.55
2014-10-28,26.1
2014-10-29,25.97
2014-10-30,25.94
2014-10-31,26.04
2014-11-01,25.87
2014-11-02,25.46
2014-11-03,25.25
2014-11-04,25.08
2014-11-05,25.04
2014-11-06,24.93
2014-11-07,25.52
2014-11-08,25.19
2014-11-09,25.24
2014-11-10,24.65
2014-11-11,24.29
2014-11-12,24.65
2014-11-13,24.39
2014-11-14,24.39
2014-11-15,24.63
2014-11-16,24.46
2014-11-17,24.31
2014-11-18,24.09
2014-11-19,24.35
2014-11-20,24.16
2014-11-21,23.85
2014-11-22,23.82
2014-11-23,23.47
2014-11-24,23.59
2014-11-25,23.18
2014-11-26,23.14
2014-11-27,22.72
2014-11-28,22.54
2014-11-29,22.35
2014-11-30,22.36
2014-12-01,22.51
2014-12-02,22.14
2014-12-03,22.06
2014-12-04,22.03
2014-12-05,21.87
2014-12-06,22.29
2014-12-07,21.92
2014-12-08,21.86
2014-12-09,21.45
2014-12-10,21.45
2014-12-11,21.73
2014-12-12,21.92
2014-12-13,21.62
2014-12-14,21.82
2014-12-15,21.53
2014-12-16,21.53
2014-12-17,21.47
2014-12-18,21.28
2014-12-19,21.25
2014-12-20,21.26
2014-12-21,21.33
2014-12-22,21.24
2014-12-23,21.5
2014-12-24,21.17
2014-12-25,20.97
2014-12-26,20.94
2014-12-27,20.68
2014-12-28,20.64
2014-12-29,20.2
2014-12-30,19.9
2014-12-31,20.31
2015-01-01,20.26
2015-01-02,20.13
2015-01-03,20.52
2015-01-04,20.36
2015-01-05,20.14
2015-01-06,19.69
2015-01-07,19.47
2015-01-08,19.48
2015-01-09,19.11
2015-01-10,18.99
2015-01-11,19.23
2015-01-12,19.18
2015-01-13,19.01
2015-01-14,19.06
2015-01-15,18.64
2015-01-16,18.85
2015-01-17,18.69
2015-01-18,18.63
2015-01-19,18.56
2015-01-20,18.52
2015-01-21,18.62
2015-01-22,18.61
2015-01-23,18.63
2015-01-24,18.69
2015-01-25,18.73
2015-01-26,18.67
2015-01-27,18.19
2015-01-28,18.32
2015-01-29,18.13
2015-01-30,18.17
2015-01-31,18.39
2015-02-01,18.73
2015-02-02,18.78
2015-02-03,18.61
2015-02-04,18.01
2015-02-05,17.84
2015-02-06,18.47
2015-02-07,18.52
2015-02-08,18.22
2015-02-09,18.1
2015-02-10,17.74
2015-02-11,17.61
2015-02-12,17.71
2015-02-13,17.78
2015-02-14,17.7
2015-02-15,17.47
2015-02-16,17.44
2015-02-17,17.53
2015-02-18,17.45
2015-02-19,17.52
2015-02-20,17.59
2015-02-21,17.48
2015-02-22,17.21
2015-02-23,17.16
2015-02-24,17.17
2015-02-25,17.15
2015-02-26,17.26
2015-02-27,17.33
2015-02-28,17.22
2015-03-01,17.07
2015-03-02,17.56
2015-03-03,17.41
2015-03-04,17.53
2015-03-05,17.52
2015-03-06,17.76
2015-03-07,17.88
2015-03-08,17.81
2015-03-09,17.89
2015-03-10,17.52
2015-03-11,17.81
2015-03-12,17.54
2015-03-13,17.64
2015-03-14,17.84
2015-03-15,17.45
2015-03-16,17.71
2015-03-17,17.9
2015-03-18,17.79
2015-03-19,17.77
2015-03-20,17.77
2015-03-21,17.69
2015-03-22,17.56
2015-03-23,17.49
2015-03-24,17.16
2015-03-25,17.65
2015-03-26,17.97
2015-03-27,17.74
2015-03-28,17.65
2015-03-29,17.63
2015-03-30,17.64
2015-03-31,17.57
2015-04-01,17.31
2015-04-02,17.91
2015-04-03,18.07
2015-04-04,18.28
2015-04-05,18.39
2015-04-06,18.65
2015-04-07,18.59
2015-04-08,18.32
2015-04-09,18.09
2015-04-10,18.08
2015-04-11,18.2
2015-04-12,17.78
2015-04-13,17.9
2015-04-14,18.01
2015-04-15,18.08
2015-04-16,17.79
2015-04-17,17.55
2015-04-18,18.2
2015-04-19,18.67
2015-04-20,18.53
2015-04-21,17.86
2015-04-22,18.54
2015-04-23,18.4
2015-04-24,18.07
2015-04-25,18.16
2015-04-26,18.32
2015-04-27,18.59
2015-04-28,18.77
2015-04-29,19.26
2015-04-30,19.87
2015-05-01,19.51
2015-05-02,19.16
2015-05-03,19.46
2015-05-04,19.78
2015-05-05,20.03
2015-05-06,20.08
2015-05-07,20.41
2015-05-08,20.83
2015-05-09,20.75
2015-05-10,20.74
2015-05-11,20.64
2015-05-12,20.35
2015-05-13,19.97
2015-05-14,20.37
2015-05-15,20.9
2015-05-16,21.28
2015-05-17,21.48
2015-05-18,21.43
2015-05-19,21.63
2015-05-20,22.16
2015-05-21,22.16
2015-05-22,21.64
2015-05-23,21.9
2015-05-24,22.59
2015-05-25,23.08
2015-05-26,23.35
2015-05-27,22.86
2015-05-28,22.82
2015-05-29,22.97
2015-05-30,22.61
2015-05-31,22.67
2015-06-01,22.98
2015-06-02,22.9
2015-06-03,23.09
2015-06-04,23.38
2015-06-05,23.12
2015-06-06,23.1
2015-06-07,22.99
2015-06-08,23.45
2015-06-09,23.67
2015-06-10,23.72
2015-06-11,23.38
2015-06-12,23.4
2015-06-13,23.7
2015-06-14,24.03
2015-06-15,23.98
2015-06-16,23.57
2015-06-17,24.67
2015-06-18,24.9
2015-06-19,25.32
2015-06-20,24.64
2015-06-21,24.62
2015-06-22,24.81
2015-06-23,24.86
2015-06-24,24.97
2015-06-25,24.77
2015-06-26,24.34
2015-06-27,24.7
2015-06-28,24.74
2015-06-29,24.83
2015-06-30,24.77
2015-07-01,24.97
2015-07-02,24.87
2015-07-03,24.83
2015-07-04,25.31
2015-07-05,25.28
2015-07-06,26.11
2015-07-07,25.67
2015-07-08,25.7
2015-07-09,26.12
2015-07-10,26.16
2015-07-11,26.54
2015-07-12,26.52
2015-07-13,26.49
2015-07-14,26.23
2015-07-15,26.57
2015-07-16,27.38
2015-07-17,27.23
2015-07-18,27.43
2015-07-19,27.16
2015-07-20,27.05
2015-07-21,27.89
2015-07-22,27.81
2015-07-23,28.35
2015-07-24,28.29
2015-07-25,28.39
2015-07-26,28.23
2015-07-27,28.07
2015-07-28,28.09
2015-07-29,27.71
2015-07-30,27.9
2015-07-31,27.56
2015-08-01,28.08
2015-08-02,28.68
2015-08-03,28.78
2015-08-04,29.08
2015-08-05,29.25
2015-08-06,28.69
2015-08-07,28.88
2015-08-08,29.89
2015-08-09,29.12
2015-08-10,29.09
2015-08-11,28.98
2015-08-12,29.38
2015-08-13,29.25
2015-08-14,29.33
2015-08-15,29.31
2015-08-16,29.06
2015-08-17,29.87
2015-08-18,29.23
2015-08-19,29.52
2015-08-20,29.37
2015-08-21,29.08
2015-08-22,29.42
2015-08-23,29.16
2015-08-24,29.28
2015-08-25,29.15
2015-08-26,28.93
2015-08-27,29.44
2015-08-28,29.6
2015-08-29,29.55
2015-08-30,29.27
2015-08-31,29.19
2015-09-01,29.12
2015-09-02,29.26
2015-09-03,29.58
2015-09-04,29.22
2015-09-05,28.83
2015-09-06,28.95
2015-09-07,28.65
2015-09-08,28.41
2015-09-09,28.21
2015-09-10,28.69
2015-09-11,28.84
2015-09-12,28.76
2015-09-13,28.96
2015-09-14,28.6
2015-09-15,28.42
2015-09-16,29.1
2015-09-17,29.09
2015-09-18,29.38
2015-09-19,29.48
2015-09-20,29.12
2015-09-21,28.33
2015-09-22,28.93
2015-09-23,28.95
2015-09-24,28.63
2015-09-25,28.73
2015-09-26,28.8
2015-09-27,28.91
2015-09-28,28.84
2015-09-29,28.63
2015-09-30,28.41
2015-10-01,28.41
2015-10-02,28.48
2015-10-03,28.38
2015-10-04,28.09
2015-10-05,28.25
2015-10-06,28.17
2015-10-07,28.02
2015-10-08,27.83
2015-10-09,27.61
2015-10-10,27.13
2015-10-11,28.07
2015-10-12,27.33
2015-10-13,27.7
2015-10-14,27.31
2015-10-15,27.37
2015-10-16,27.35
2015-10-17,27.24
2015-10-18,26.95
2015-10-19,26.86
2015-10-20,26.86
2015-10-21,27.41
2015-10-22,26.81
2015-10-23,26.61
2015-10-24,26.88
2015-10-25,26.45
2015-10-26,26.84
2015-10-27,26.63
2015-10-28,26.37
2015-10-29,26.23
2015-10-30,26.29
2015-10-31,26.06
2015-11-01,26.19
2015-11-02,25.72
2015-11-03,25.37
2015-11-04,25.29
2015-11-05,23.33
2015-11-06,24.28
2015-11-07,24.57
2015-11-08,24.43
2015-11-09,24.33
2015-11-10,24.29
2015-11-11,24.15
2015-11-12,23.92
2015-11-13,24.36
2015-11-14,24.27
2015-11-15,24.22
2015-11-16,23.67
2015-11-17,23.65
2015-11-18,23.43
2015-11-19,23.54
2015-11-20,23.37
2015-11-21,23.6
2015-11-22,23.23
2015-11-23,22.69
2015-11-24,23.24
2015-11-25,23.09
2015-11-26,22.99
2015-11-27,22.57
2015-11-28,22.21
2015-11-29,22.59
2015-11-30,22.34
2015-12-01,22.51
2015-12-02,22.64
2015-12-03,22.51
2015-12-04,22.13
2015-12-05,21.77
2015-12-06,21.58
2015-12-07,21.83
2015-12-08,21.16
2015-12-09,21.33
2015-12-10,21.24
2015-12-11,21.29
2015-12-12,21.17
2015-12-13,20.84
2015-12-14,20.75
2015-12-15,20.71
2015-12-16,20.57
2015-12-17,20.87
2015-12-18,21.1
2015-12-19,20.89
2015-12-20,20.79
2015-12-21,20.42
2015-12-22,20.79
2015-12-23,20.64
2015-12-24,20.76
2015-12-25,20.53
2015-12-26,19.81
2015-12-27,20.44
2015-12-28,20.57
2015-12-29,20.29
2015-12-30,20.28
2015-12-31,20.17
2016-01-01,20.17
2016-01-02,19.57
2016-01-03,19.26
2016-01-04,19.19
2016-01-05,19.53
2016-01-06,19.87
2016-01-07,19.4
2016-01-08,19.31
2016-01-09,19.34
2016-01-10,19.43
2016-01-11,19.27
2016-01-12,19.11
2016-01-13,19.17
2016-01-14,19.32
2016-01-15,19.21
2016-01-16,18.97
2016-01-17,19.23
2016-01-18,19.33
2016-01-19,19.25
2016-01-20,18.51
2016-01-21,18.54
2016-01-22,18.39
2016-01-23,18.24
2016-01-24,18.24
2016-01-25,18.31
2016-01-26,18.22
2016-01-27,17.96
2016-01-28,18.18
2016-01-29,17.99
2016-01-30,18.07
2016-01-31,17.95
2016-02-01,18.06
2016-02-02,18.04
2016-02-03,17.87
2016-02-04,18.39
2016-02-05,18.35
2016-02-06,18.05
2016-02-07,17.92
2016-02-08,17.82
2016-02-09,17.57
2016-02-10,17.67
2016-02-11,17.42
2016-02-12,17.65
2016-02-13,17.5
2016-02-14,18.09
2016-02-15,17.86
2016-02-16,18.37
2016-02-17,18.04
2016-02-18,17.97
2016-02-19,18.52
2016-02-20,17.77
2016-02-21,17.96
2016-02-22,17.21
2016-02-23,18.03
2016-02-24,17.6
2016-02-25,18.01
2016-02-26,18.17
2016-02-27,18.03
2016-02-28,17.91
2016-02-29,18.17
2016-03-01,18.39
2016-03-02,18.14
2016-03-03,17.9
2016-03-04,17.6
2016-03-05,18.12
2016-03-06,17.51
2016-03-07,17.81
2016-03-08,17.77
2016-03-09,17.41
2016-03-10,16.6
2016-03-11,17.32
2016-03-12,17.73
2016-03-13,17.78
2016-03-14,16.94
2016-03-15,18.1
2016-03-16,17.18
2016-03-17,17.15
2016-03-18,17.68
2016-03-19,17.61
2016-03-20,16.87
2016-03-21,18.01
2016-03-22,17.93
2016-03-23,18.12
2016-03-24,18.25
2016-03-25,18.21
2016-03-26,18.2
2016-03-27,18.14
2016-03-28,18.09
2016-03-29,17.93
2016-03-30,17.88
2016-03-31,17.88
2016-04-01,18.23
2016-04-02,18.43
2016-04-03,18.2
2016-04-04,18.11
2016-04-05,18.7
2016-04-06,18.85
2016-04-07,19.04
2016-04-08,19.04
2016-04-09,19.16
2016-04-10,19.27
2016-04-11,19.31
2016-04-12,19.42
2016-04-13,19.18
2016-04-14,19.28
2016-04-15,19.54
2016-04-16,19.11
2016-04-17,19.96
2016-04-18,20.33
2016-04-19,20.06
2016-04-20,20.23
2016-04-21,20.64
2016-04-22,20.72
2016-04-23,20.88
2016-04-24,21.4
2016-04-25,21.33
2016-04-26,20.72
2016-04-27,20.1
2016-04-28,20.84
2016-04-29,20.82
2016-04-30,21.14
2016-05-01,21.11
2016-05-02,20.99
2016-05-03,21.0
2016-05-04,21.18
2016-05-05,20.9
2016-05-06,20.82
2016-05-07,21.12
2016-05-08,21.32
2016-05-09,21.03
2016-05-10,21.41
2016-05-11,21.77
2016-05-12,21.41
2016-05-13,21.48
2016-05-14,22.42
2016-05-15,22.63
2016-05-16,22.7
2016-05-17,21.56
2016-05-18,21.26
2016-05-19,22.23
2016-05-20,22.17
2016-05-21,21.99
2016-05-22,22.41
2016-05-23,22.48
2016-05-24,22.25
2016-05-25,22.11
2016-05-26,22.48
2016-05-27,22.1
2016-05-28,22.44
2016-05-29,22.15
2016-05-30,22.62
2016-05-31,22.53
2016-06-01,22.56
2016-06-02,24.17
2016-06-03,23.82
2016-06-04,23.96
2016-06-05,24.34
2016-06-06,24.53
2016-06-07,24.29
2016-06-08,24.88
2016-06-09,24.77
2016-06-10,24.34
2016-06-11,24.66
2016-06-12,24.55
2016-06-13,24.52
2016-06-14,24.46
2016-06-15,24.5
2016-06-16,24.85
2016-06-17,24.6
2016-06-18,25.62
2016-06-19,26.05
2016-06-20,26.24
2016-06-21,26.52
2016-06-22,26.81
2016-06-23,26.74
2016-06-24,27.1
2016-06-25,27.26
2016-06-26,26.72
2016-06-27,27.07
2016-06-28,26.99
2016-06-29,26.73
2016-06-30,27.4
2016-07-01,27.53
2016-07-02,27.44
2016-07-03,27.45
2016-07-04,27.23
2016-07-05,26.81
2016-07-06,27.46
2016-07-07,27.72
2016-07-08,27.61
2016-07-09,27.75
2016-07-10,27.9
2016-07-11,27.76
2016-07-12,27.92
2016-07-13,28.5
2016-07-14,28.62
2016-07-15,28.48
2016-07-16,28.78
2016-07-17,28.65
2016-07-18,28.56
2016-07-19,28.66
2016-07-20,28.44
2016-07-21,28.29
2016-07-22,28.59
2016-07-23,28.12
2016-07-24,28.02
2016-07-25,27.58
2016-07-26,28.41
2016-07-27,28.38
2016-07-28,28.89
2016-07-29,28.23
2016-07-30,28.51
2016-07-31,28.39
2016-08-01,28.67
2016-08-02,28.97
2016-08-03,28.77
2016-08-04,28.77
2016-08-05,28.69
2016-08-06,28.7
2016-08-07,28.74
2016-08-08,28.54
2016-08-09,28.61
2016-08-10,28.71
2016-08-11,29.15
2016-08-12,29.2
2016-08-13,28.94
2016-08-14,28.71
2016-08-15,28.7
2016-08-16,28.75
2016-08-17,28.93
2016-08-18,29.12
2016-08-19,29.02
2016-08-20,29.03
2016-08-21,29.01
2016-08-22,29.0
2016-08-23,28.96
2016-08-24,28.93
2016-08-25,28.7
2016-08-26,29.02
2016-08-27,28.98
2016-08-28,28.76
2016-08-29,28.59
2016-08-30,28.92
2016-08-31,28.32
2016-09-01,28.83
2016-09-02,28.49
2016-09-03,28.6
2016-09-04,28.19
2016-09-05,28.18
2016-09-06,28.09
2016-09-07,28.16
2016-09-08,27.99
2016-09-09,28.04
2016-09-10,28.06
2016-09-11,28.17
2016-09-12,28.22
2016-09-13,28.24
2016-09-14,28.07
2016-09-15,27.71
2016-09-16,28.19
2016-09-17,27.91
2016-09-18,28.11
2016-09-19,28.48
2016-09-20,27.97
2016-09-21,28.39
2016-09-22,28.19
2016-09-23,28.03
2016-09-24,27.87
2016-09-25,27.96
2016-09-26,28.23
2016-09-27,28.13
2016-09-28,27.89
2016-09-29,27.51
2016-09-30,27.88
2016-10-01,27.85
2016-10-02,27.54
2016-10-03,27.53
2016-10-04,27.59
2016-10-05,27.72
2016-10-06,27.26
2016-10-07,27.53
2016-10-08,27.28
2016-10-09,26.63
2016-10-10,26.97
2016-10-11,27.28
2016-10-12,27.29
2016-10-13,26.78
2016-10-14,26.97
2016-10-15,27.11
2016-10-16,27.05
2016-10-17,27.13
2016-10-18,27.15
2016-10-19,26.83
2016-10-20,26.32
2016-10-21,27.1
2016-10-22,26.51
2016-10-23,26.49
2016-10-24,26.43
2016-10-25,26.73
2016-10-26,26.82
2016-10-27,26.52
2016-10-28,26.42
2016-10-29,26.46
2016-10-30,26.33
2016-10-31,26.42
2016-11-01,26.21
2016-11-02,26.13
2016-11-03,26.13
2016-11-04,25.88
2016-11-05,25.87
2016-11-06,25.41
2016-11-07,25.4
2016-11-08,25.65
2016-11-09,25.57
2016-11-10,25.37
2016-11-11,24.92
2016-11-12,24.65
2016-11-13,24.77
2016-11-14,25.34
2016-11-15,25.03
2016-11-16,24.67
2016-11-17,24.25
2016-11-18,24.53
2016-11-19,23.98
2016-11-20,23.97
2016-11-21,23.99
2016-11-22,23.86
2016-11-23,23.59
2016-11-24,23.71
2016-11-25,22.87
2016-11-26,22.95
2016-11-27,23.08
2016-11-28,22.9
2016-11-29,22.66
2016-11-30,22.71
2016-12-01,22.35
2016-12-02,22.21
2016-12-03,22.13
2016-12-04,22.22
2016-12-05,21.81
2016-12-06,22.14
2016-12-07,21.92
2016-12-08,21.99
2016-12-09,21.72
2016-12-10,21.29
2016-12-11,21.55
2016-12-12,21.47
2016-12-13,21.33
2016-12-14,21.38
2016-12-15,20.63
2016-12-16,20.83
2016-12-17,20.94
2016-12-18,20.95
2016-12-19,20.85
2016-12-20,20.36
2016-12-21,20.21
2016-12-22,19.9
2016-12-23,20.06
2016-12-24,19.94
2016-12-25,20.03
2016-12-26,19.97
2016-12-27,19.86
2016-12-28,19.8
2016-12-29,19.32
2016-12-30,19.45
2016-12-31,19.18
2017-01-01,18.77
2017-01-02,19.25
2017-01-03,18.92
2017-01-04,18.89
2017-01-05,19.15
2017-01-06,18.97
2017-01-07,19.06
2017-01-08,18.82
2017-01-09,18.45
2017-01-10,18.64
2017-01-11,18.32
2017-01-12,18.23
2017-01-13,18.4
2017-01-14,18.09
2017-01-15,18.16
2017-01-16,18.46
2017-01-17,18.04
2017-01-18,17.82
2017-01-19,17.84
2017-01-20,18.22
2017-01-21,18.24
2017-01-22,18.19
2017-01-23,18.18
2017-01-24,18.48
2017-01-25,18.34
2017-01-26,17.94
2017-01-27,17.63
2017-01-28,17.74
2017-01-29,17.71
2017-01-30,17.82
2017-01-31,17.71
2017-02-01,17.72
2017-02-02,17.52
2017-02-03,17.61
2017-02-04,18.02
2017-02-05,17.69
2017-02-06,17.66
2017-02-07,17.8
2017-02-08,17.73
2017-02-09,17.54
2017-02-10,17.64
2017-02-11,16.96
2017-02-12,17.39
2017-02-13,17.5
2017-02-14,17.51
2017-02-15,17.37
2017-02-16,17.58
2017-02-17,17.18
2017-02-18,17.18
2017-02-19,17.37
2017-02-20,17.6
2017-02-21,17.32
2017-02-22,17.2
2017-02-23,16.94
2017-02-24,17.07
2017-02-25,17.25
2017-02-26,17.53
2017-02-27,17.35
2017-02-28,17.45
2017-03-01,17.1
2017-03-02,17.27
2017-03-03,17.28
2017-03-04,17.56
2017-03-05,17.47
2017-03-06,17.63
2017-03-07,17.66
2017-03-08,17.55
2017-03-09,17.32
2017-03-10,17.05
2017-03-11,16.96
2017-03-12,16.92
2017-03-13,17.4
2017-03-14,17.21
2017-03-15,17.15
2017-03-16,17.36
2017-03-17,17.02
2017-03-18,17.01
2017-03-19,17.28
2017-03-20,17.33
2017-03-21,17.02
2017-03-22,17.07
2017-03-23,16.85
2017-03-24,16.91
2017-03-25,17.59
2017-03-26,17.77
2017-03-27,17.36
2017-03-28,16.96
2017-03-29,17.3
2017-03-30,17.31
2017-03-31,17.43
2017-04-01,17.91
2017-04-02,17.94
2017-04-03,18.0
2017-04-04,18.34
2017-04-05,18.8
2017-04-06,18.31
2017-04-07,18.21
2017-04-08,18.22
2017-04-09,17.9
2017-04-10,18.02
2017-04-11,17.9
2017-04-12,17.86
2017-04-13,18.21
2017-04-14,18.2
2017-04-15,17.92
2017-04-16,18.29
2017-04-17,18.36
2017-04-18,18.44
2017-04-19,18.72
2017-04-20,18.93
2017-04-21,19.14
2017-04-22,19.29
2017-04-23,19.0
2017-04-24,18.89
2017-04-25,19.04
2017-04-26,18.97
2017-04-27,18.51
2017-04-28,18.98
2017-04-29,19.17
2017-04-30,19.4
2017-05-01,19.19
2017-05-02,19.58
2017-05-03,19.92
2017-05-04,19.86
2017-05-05,19.79
2017-05-06,20.36
2017-05-07,20.26
2017-05-08,20.28
2017-05-09,20.55
2017-05-10,21.18
2017-05-11,21.41
2017-05-12,21.7
2017-05-13,21.45
2017-05-14,21.26
2017-05-15,21.81
2017-05-16,22.13
2017-05-17,22.53
2017-05-18,21.99
2017-05-19,21.74
2017-05-20,22.06
2017-05-21,21.74
2017-05-22,21.46
2017-05-23,21.24
2017-05-24,21.43
2017-05-25,21.55
2017-05-26,21.52
2017-05-27,22.0
2017-05-28,22.12
2017-05-29,22.24
2017-05-30,22.15
2017-05-31,22.42
2017-06-01,22.62
2017-06-02,22.55
2017-06-03,22.55
2017-06-04,23.18
2017-06-05,23.33
2017-06-06,23.42
2017-06-07,24.04
2017-06-08,24.2
2017-06-09,24.49
2017-06-10,24.34
2017-06-11,24.78
2017-06-12,24.88
2017-06-13,24.64
2017-06-14,24.8
2017-06-15,24.94
2017-06-16,25.54
2017-06-17,25.34
2017-06-18,25.35
2017-06-19,25.84
2017-06-20,25.71
2017-06-21,25.27
2017-06-22,25.59
2017-06-23,25.68
2017-06-24,26.07
2017-06-25,26.24
2017-06-26,25.74
2017-06-27,26.38
2017-06-28,26.0
2017-06-29,26.94
2017-06-30,27.2
2017-07-01,27.09
2017-07-02,27.48
2017-07-03,28.05
2017-07-04,27.73
2017-07-05,27.49
2017-07-06,27.35
2017-07-07,27.25
2017-07-08,27.11
2017-07-09,27.59
2017-07-10,27.73
2017-07-11,27.22
2017-07-12,27.3
2017-07-13,27.42
2017-07-14,27.85
2017-07-15,27.84
2017-07-16,27.79
2017-07-17,28.26
2017-07-18,28.65
2017-07-19,28.44
2017-07-20,27.91
2017-07-21,27.89
2017-07-22,28.64
2017-07-23,28.58
2017-07-24,28.32
2017-07-25,27.77
2017-07-26,28.14
2017-07-27,28.37
2017-07-28,28.5
2017-07-29,28.83
2017-07-30,28.93
2017-07-31,28.25
2017-08-01,28.96
2017-08-02,28.81
2017-08-03,28.93
2017-08-04,28.83
2017-08-05,28.64
2017-08-06,28.64
2017-08-07,28.97
2017-08-08,29.09
2017-08-09,29.1
2017-08-10,28.99
2017-08-11,28.99
2017-08-12,29.14
2017-08-13,29.16
2017-08-14,29.21
2017-08-15,29.27
2017-08-16,29.13
2017-08-17,29.29
2017-08-18,29.1
2017-08-19,29.08
2017-08-20,29.18
2017-08-21,29.24
2017-08-22,29.21
2017-08-23,29.07
2017-08-24,28.86
2017-08-25,29.07
2017-08-26,29.02
2017-08-27,28.85
2017-08-28,28.81
2017-08-29,28.67
2017-08-30,28.72
2017-08-31,28.85
2017-09-01,28.55
2017-09-02,28.46
2017-09-03,28.42
2017-09-04,28.13
2017-09-05,28.46
2017-09-06,28.17
2017-09-07,28.45
2017-09-08,28.09
2017-09-09,28.05
2017-09-10,28.1
2017-09-11,28.22
2017-09-12,28.04
2017-09-13,28.05
2017-09-14,27.81
2017-09-15,27.48
2017-09-16,27.9
2017-09-17,28.03
2017-09-18,28.13
2017-09-19,27.87
2017-09-20,28.1
2017-09-21,27.48
2017-09-22,27.12
2017-09-23,27.97
2017-09-24,27.99
2017-09-25,27.83
2017-09-26,27.56
2017-09-27,27.74
2017-09-28,27.92
2017-09-29,27.71
2017-09-30,27.56
2017-10-01,27.74
2017-10-02,27.26
2017-10-03,27.48
2017-10-04,27.63
2017-10-05,27.45
2017-10-06,27.3
2017-10-07,27.07
2017-10-08,26.57
2017-10-09,27.1
2017-10-10,27.03
2017-10-11,26.83
2017-10-12,26.77
2017-10-13,26.93
2017-10-14,26.78
2017-10-15,26.59
2017-10-16,26.33
2017-10-17,26.3
2017-10-18,26.22
2017-10-19,25.5
2017-10-20,25.95
2017-10-21,25.85
2017-10-22,25.92
2017-10-23,25.86
2017-10-24,25.62
2017-10-25,25.53
2017-10-26,25.8
2017-10-27,25.55
2017-10-28,25.71
2017-10-29,25.76
2017-10-30,25.41
2017-10-31,25.45
2017-11-01,25.13
2017-11-02,25.17
2017-11-03,24.89
2017-11-04,25.05
2017-11-05,24.86
2017-11-06,24.67
2017-11-07,24.74
2017-11-08,24.16
2017-11-09,24.63
2017-11-10,24.22
2017-11-11,24.04
2017-11-12,24.14
2017-11-13,23.95
2017-11-14,23.67
2017-11-15,23.47
2017-11-16,24.05
2017-11-17,24.12
2017-11-18,23.39
2017-11-19,22.94
2017-11-20,23.68
2017-11-21,23.75
2017-11-22,23.67
2017-11-23,23.22
2017-11-24,22.81
2017-11-25,22.56
2017-11-26,22.62
2017-11-27,22.23
2017-11-28,21.91
2017-11-29,22.51
2017-11-30,22.57
2017-12-01,22.8
2017-12-02,22.58
2017-12-03,22.44
2017-12-04,22.66
2017-12-05,22.55
2017-12-06,22.38
2017-12-07,22.15
2017-12-08,21.86
2017-12-09,21.98
2017-12-10,21.45
2017-12-11,21.63
2017-12-12,21.86
2017-12-13,21.66
2017-12-14,21.29
2017-12-15,20.92
2017-12-16,20.86
2017-12-17,20.81
2017-12-18,20.81
2017-12-19,20.69
2017-12-20,20.78
2017-12-21,20.5
2017-12-22,20.27
2017-12-23,20.3
2017-12-24,20.32
2017-12-25,20.56
2017-12-26,20.48
2017-12-27,20.64
2017-12-28,20.29
2017-12-29,19.98
2017-12-30,20.08
2017-12-31,20.24
2018-01-01,20.17
2018-01-02,20.21
2018-01-03,19.76
2018-01-04,19.98
2018-01-05,19.88
2018-01-06,19.85
2018-01-07,19.52
2018-01-08,19.83
2018-01-09,19.77
2018-01-10,19.76
2018-01-11,19.57
2018-01-12,18.76
2018-01-13,19.28
2018-01-14,19.19
2018-01-15,19.23
2018-01-16,19.25
2018-01-17,19.26
2018-01-18,19.2
2018-01-19,18.65
2018-01-20,18.71
2018-01-21,18.8
2018-01-22,18.52
2018-01-23,18.51
2018-01-24,18.22
2018-01-25,18.07
2018-01-26,18.33
2018-01-27,18.49
2018-01-28,18.57
2018-01-29,18.57
2018-01-30,18.46
2018-01-31,18.11
2018-02-01,18.28
2018-02-02,18.58
2018-02-03,19.0
2018-02-04,18.66
2018-02-05,18.04
2018-02-06,17.56
2018-02-07,17.64
2018-02-08,18.08
2018-02-09,18.33
2018-02-10,17.88
2018-02-11,17.95
2018-02-12,18.19
2018-02-13,18.2
2018-02-14,18.2
2018-02-15,17.93
2018-02-16,17.88
2018-02-17,17.77
2018-02-18,17.52
2018-02-19,17.85
2018-02-20,17.69
2018-02-21,17.7
2018-02-22,18.31
2018-02-23,18.27
2018-02-24,18.09
2018-02-25,18.19
2018-02-26,18.21
2018-02-27,18.0
2018-02-28,17.96
2018-03-01,17.98
2018-03-02,18.26
2018-03-03,18.95
2018-03-04,18.51
2018-03-05,18.44
2018-03-06,18.76
2018-03-07,19.3
2018-03-08,18.43
2018-03-09,17.82
2018-03-10,18.38
2018-03-11,18.51
2018-03-12,18.61
2018-03-13,18.65
2018-03-14,18.81
2018-03-15,18.45
2018-03-16,18.49
2018-03-17,18.59
2018-03-18,18.79
2018-03-19,18.61
2018-03-20,18.14
2018-03-21,18.46
2018-03-22,19.34
2018-03-23,19.36
2018-03-24,19.03
2018-03-25,19.09
2018-03-26,19.16
2018-03-27,19.22
2018-03-28,18.55
2018-03-29,18.86
2018-03-30,18.92
2018-03-31,18.71
2018-04-01,18.72
2018-04-02,18.85
2018-04-03,18.63
2018-04-04,18.85
2018-04-05,18.77
2018-04-06,18.74
2018-04-07,19.2
2018-04-08,18.22
2018-04-09,19.09
2018-04-10,19.32
2018-04-11,19.41
2018-04-12,19.03
2018-04-13,19.05
2018-04-14,19.4
2018-04-15,19.96
2018-04-16,19.25
2018-04-17,20.45
2018-04-18,20.2
2018-04-19,20.47
2018-04-20,19.82
2018-04-21,20.26
2018-04-22,20.38
2018-04-23,20.14
2018-04-24,19.76
2018-04-25,19.8
2018-04-26,20.01
2018-04-27,19.45
2018-04-28,19.48
2018-04-29,20.57
2018-04-30,21.04
2018-05-01,21.11
2018-05-02,21.22
2018-05-03,21.17
2018-05-04,22.16
2018-05-05,22.28
2018-05-06,20.45
2018-05-07,21.38
2018-05-08,21.39
2018-05-09,20.87
2018-05-10,20.67
2018-05-11,21.35
2018-05-12,21.72
2018-05-13,21.35
2018-05-14,21.61
2018-05-15,21.74
2018-05-16,21.93
2018-05-17,22.01
2018-05-18,22.22
2018-05-19,22.47
2018-05-20,21.97
2018-05-21,22.06
2018-05-22,22.06
2018-05-23,23.33
2018-05-24,23.29
2018-05-25,23.53
2018-05-26,23.86
2018-05-27,24.12
2018-05-28,23.73
2018-05-29,23.92
2018-05-30,24.28
2018-05-31,24.29
2018-06-01,24.13
2018-06-02,23.97
2018-06-03,24.43
2018-06-04,24.53
2018-06-05,24.32
2018-06-06,24.06
2018-06-07,24.64
2018-06-08,25.38
2018-06-09,25.4
2018-06-10,25.52
2018-06-11,25.53
2018-06-12,25.07
2018-06-13,25.15
2018-06-14,25.54
2018-06-15,25.88
2018-06-16,25.36
2018-06-17,24.78
2018-06-18,26.29
2018-06-19,26.0
2018-06-20,25.72
2018-06-21,26.01
2018-06-22,26.5
2018-06-23,26.65
2018-06-24,26.27
2018-06-25,26.87
2018-06-26,26.77
2018-06-27,26.84
2018-06-28,26.73
2018-06-29,27.03
2018-06-30,26.94
2018-07-01,26.76
2018-07-02,26.72
2018-07-03,27.01
2018-07-04,27.12
2018-07-05,26.95
2018-07-06,27.64
2018-07-07,27.65
2018-07-08,27.36
2018-07-09,27.9
2018-07-10,27.64
2018-07-11,27.96
2018-07-12,27.84
2018-07-13,27.96
2018-07-14,27.58
2018-07-15,27.96
2018-07-16,28.06
2018-07-17,27.71
2018-07-18,27.9
2018-07-19,28.34
2018-07-20,27.7
2018-07-21,28.15
2018-07-22,27.92
2018-07-23,28.3
2018-07-24,28.28
2018-07-25,27.53
2018-07-26,28.18
2018-07-27,28.43
2018-07-28,28.41
2018-07-29,28.31
2018-07-30,28.09
2018-07-31,28.39
2018-08-01,28.05
2018-08-02,27.64
2018-08-03,27.62
2018-08-04,28.14
2018-08-05,28.88
2018-08-06,27.81
2018-08-07,28.6
2018-08-08,28.49
2018-08-09,27.94
2018-08-10,28.47
2018-08-11,28.39
2018-08-12,28.24
2018-08-13,28.68
2018-08-14,27.85
2018-08-15,28.39
2018-08-16,28.53
2018-08-17,28.51
2018-08-18,28.42
2018-08-19,28.68
2018-08-20,28.5
2018-08-21,28.43
2018-08-22,28.53
2018-08-23,28.87
2018-08-24,28.82
2018-08-25,28.1
2018-08-26,28.76
2018-08-27,28.75
2018-08-28,28.64
2018-08-29,28.4
2018-08-30,28.62
2018-08-31,28.92
2018-09-01,28.72
2018-09-02,28.81
2018-09-03,28.7
2018-09-04,28.91
2018-09-05,28.8
2018-09-06,29.09
2018-09-07,29.08
2018-09-08,29.09
2018-09-09,29.72
2018-09-10,28.83
2018-09-11,28.73
2018-09-12,28.65
2018-09-13,28.49
2018-09-14,28.43
2018-09-15,27.94
2018-09-16,28.59
2018-09-17,28.24
2018-09-18,28.77
2018-09-19,28.33
2018-09-20,27.9
2018-09-21,28.27
2018-09-22,28.38
2018-09-23,28.51
2018-09-24,28.41
2018-09-25,27.91
2018-09-26,27.86
2018-09-27,28.26
2018-09-28,28.29
2018-09-29,28.08
2018-09-30,28.21
2018-10-01,28.28
2018-10-02,28.2
2018-10-03,28.21
2018-10-04,28.37
2018-10-05,27.61
2018-10-06,27.59
2018-10-07,27.7
2018-10-08,27.89
2018-10-09,28.03
2018-10-10,27.89
2018-10-11,27.72
2018-10-12,27.6
2018-10-13,27.69
2018-10-14,27.46
2018-10-15,27.7
2018-10-16,27.46
2018-10-17,27.21
2018-10-18,27.15
2018-10-19,26.95
2018-10-20,27.9
2018-10-21,27.4
2018-10-22,26.61
2018-10-23,26.94
2018-10-24,27.0
2018-10-25,26.64
2018-10-26,26.71
2018-10-27,26.53
2018-10-28,26.72
2018-10-29,26.49
2018-10-30,25.63
2018-10-31,26.08
2018-11-01,26.11
2018-11-02,26.12
2018-11-03,25.78
2018-11-04,25.66
2018-11-05,25.7
2018-11-06,25.4
2018-11-07,25.26
2018-11-08,25.01
2018-11-09,24.98
2018-11-10,24.7
2018-11-11,24.92
2018-11-12,24.62
2018-11-13,24.33
2018-11-14,24.23
2018-11-15,24.53
2018-11-16,24.08
2018-11-17,23.41
2018-11-18,23.13
2018-11-19,23.88
2018-11-20,23.81
2018-11-21,23.75
2018-11-22,23.35
2018-11-23,23.74
2018-11-24,23.49
2018-11-25,23.64
2018-11-26,22.94
2018-11-27,23.53
2018-11-28,23.4
2018-11-29,23.07
2018-11-30,23.06
2018-12-01,23.26
2018-12-02,22.96
2018-12-03,22.84
2018-12-04,22.99
2018-12-05,23.07
2018-12-06,22.73
2018-12-07,21.92
2018-12-08,21.96
2018-12-09,22.11
2018-12-10,21.82
2018-12-11,21.68
2018-12-12,21.74
2018-12-13,21.48
2018-12-14,21.41
2018-12-15,21.25
2018-12-16,21.35
2018-12-17,21.32
2018-12-18,20.97
2018-12-19,20.76
2018-12-20,20.73
2018-12-21,20.85
2018-12-22,20.95
2018-12-23,20.49
2018-12-24,20.52
2018-12-25,20.43
2018-12-26,20.38
2018-12-27,20.26
2018-12-28,20.0
2018-12-29,19.59
2018-12-30,19.62
2018-12-31,19.75
2019-01-01,19.58
2019-01-02,19.66
2019-01-03,19.17
2019-01-04,19.55
2019-01-05,19.24
2019-01-06,19.32
2019-01-07,18.99
2019-01-08,19.03
2019-01-09,18.8
2019-01-10,18.66
2019-01-11,18.69
2019-01-12,18.19
2019-01-13,18.51
2019-01-14,18.64
2019-01-15,18.05
2019-01-16,18.0
2019-01-17,18.12
2019-01-18,17.94
2019-01-19,17.97
2019-01-20,18.2
2019-01-21,17.89
2019-01-22,18.07
2019-01-23,17.65
2019-01-24,17.93
2019-01-25,18.12
2019-01-26,17.38
2019-01-27,16.85
2019-01-28,17.95
2019-01-29,17.88
2019-01-30,17.82
2019-01-31,17.71
2019-02-01,17.99
2019-02-02,17.68
2019-02-03,17.73
2019-02-04,18.12
2019-02-05,17.87
2019-02-06,17.83
2019-02-07,17.43
2019-02-08,17.46
2019-02-09,17.87
2019-02-10,17.53
2019-02-11,17.49
2019-02-12,17.41
2019-02-13,17.52
2019-02-14,17.55
2019-02-15,17.61
2019-02-16,17.52
2019-02-17,17.3
2019-02-18,16.95
2019-02-19,17.03
2019-02-20,17.37
2019-02-21,17.22
2019-02-22,16.69
2019-02-23,16.99
2019-02-24,17.36
2019-02-25,17.35
2019-02-26,16.76
2019-02-27,16.76
2019-02-28,17.3
2019-03-01,16.89
2019-03-02,16.8
2019-03-03,17.15
2019-03-04,17.1
2019-03-05,16.92
2019-03-06,16.7
2019-03-07,17.11
2019-03-08,16.97
2019-03-09,16.89
2019-03-10,17.03
2019-03-11,16.79
2019-03-12,17.42
2019-03-13,16.83
2019-03-14,16.78
2019-03-15,16.67
2019-03-16,17.15
2019-03-17,16.86
2019-03-18,16.8
2019-03-19,16.96
2019-03-20,17.22
2019-03-21,16.88
2019-03-22,17.25
2019-03-23,17.59
2019-03-24,17.73
2019-03-25,16.95
2019-03-26,16.63
2019-03-27,16.69
2019-03-28,16.74
2019-03-29,16.88
2019-03-30,17.06
2019-03-31,16.97
2019-04-01,16.81
2019-04-02,16.38
2019-04-03,16.78
2019-04-04,17.24
2019-04-05,17.17
2019-04-06,16.97
2019-04-07,16.97
2019-04-08,17.79
2019-04-09,17.86
2019-04-10,17.4
2019-04-11,17.9
2019-04-12,17.85
2019-04-13,17.68
2019-04-14,17.75
2019-04-15,17.78
2019-04-16,17.83
2019-04-17,18.01
2019-04-18,17.5
2019-04-19,17.56
2019-04-20,17.73
2019-04-21,17.31
2019-04-22,17.43
2019-04-23,17.54
2019-04-24,17.71
2019-04-25,17.17
2019-04-26,18.15
2019-04-27,17.96
2019-04-28,18.7
2019-04-29,18.82
2019-04-30,19.5
2019-05-01,19.41
2019-05-02,19.45
2019-05-03,18.1
2019-05-04,19.25
2019-05-05,19.4
2019-05-06,19.17
2019-05-07,18.72
2019-05-08,19.27
2019-05-09,19.68
2019-05-10,19.71
2019-05-11,19.8
2019-05-12,19.85
2019-05-13,19.99
2019-05-14,20.61
2019-05-15,20.53
2019-05-16,21.49
2019-05-17,21.75
2019-05-18,20.87
2019-05-19,21.14
2019-05-20,21.19
2019-05-21,21.24
2019-05-22,21.55
2019-05-23,21.68
2019-05-24,21.97
2019-05-25,21.95
2019-05-26,22.18
2019-05-27,22.65
2019-05-28,22.51
2019-05-29,23.33
2019-05-30,22.77
2019-05-31,23.58
2019-06-01,23.27
2019-06-02,22.36
2019-06-03,22.62
2019-06-04,22.66
2019-06-05,23.78
2019-06-06,23.23
2019-06-07,23.45
2019-06-08,23.34
2019-06-09,23.79
2019-06-10,23.75
2019-06-11,24.4
2019-06-12,24.78
2019-06-13,24.81
2019-06-14,24.29
2019-06-15,24.64
2019-06-16,25.14
2019-06-17,25.36
2019-06-18,25.45
2019-06-19,25.11
2019-06-20,25.83
2019-06-21,25.82
2019-06-22,26.04
2019-06-23,26.09
2019-06-24,26.73
2019-06-25,26.59
2019-06-26,26.78
2019-06-27,27.37
2019-06-28,26.79
2019-06-29,26.75
2019-06-30,26.69
2019-07-01,27.21
2019-07-02,27.39
2019-07-03,27.43
2019-07-04,27.48
2019-07-05,27.29
2019-07-06,27.16
2019-07-07,26.79
2019-07-08,27.01
2019-07-09,27.46
2019-07-10,27.69
2019-07-11,27.38
2019-07-12,27.85
2019-07-13,28.07
2019-07-14,27.64
2019-07-15,27.37
2019-07-16,27.02
2019-07-17,27.27
2019-07-18,27.56
2019-07-19,27.52
2019-07-20,27.4
2019-07-21,27.39
2019-07-22,27.29
2019-07-23,27.43
2019-07-24,27.82
2019-07-25,27.84
2019-07-26,27.8
2019-07-27,27.23
2019-07-28,27.83
2019-07-29,27.89
2019-07-30,27.92
2019-07-31,28.02
2019-08-01,28.19
2019-08-02,28.49
2019-08-03,28.14
2019-08-04,28.16
2019-08-05,28.3
2019-08-06,27.91
2019-08-07,27.8
2019-08-08,28.2
2019-08-09,28.62
2019-08-10,28.48
2019-08-11,28.05
2019-08-12,28.05
2019-08-13,28.64
2019-08-14,28.87
2019-08-15,28.64
2019-08-16,28.92
2019-08-17,29.0
2019-08-18,28.79
2019-08-19,28.55
2019-08-20,28.34
2019-08-21,28.57
2019-08-22,28.56
2019-08-23,28.18
2019-08-24,28.76
2019-08-25,28.84
2019-08-26,28.8
2019-08-27,28.64
2019-08-28,28.8
2019-08-29,28.45
2019-08-30,28.77
2019-08-31,28.99
2019-09-01,28.97
2019-09-02,29.06
2019-09-03,28.94
2019-09-04,28.75
2019-09-05,29.02
2019-09-06,28.35
2019-09-07,28.15
2019-09-08,28.11
2019-09-09,28.56
2019-09-10,28.34
2019-09-11,28.28
2019-09-12,29.17
2019-09-13,28.43
2019-09-14,28.11
2019-09-15,27.98
2019-09-16,28.23
2019-09-17,28.24
2019-09-18,27.96
2019-09-19,28.34
2019-09-20,28.11
2019-09-21,28.5
2019-09-22,27.64
2019-09-23,27.45
2019-09-24,27.96
2019-09-25,27.93
2019-09-26,27.14
2019-09-27,27.6
2019-09-28,27.95
2019-09-29,27.61
2019-09-30,27.64
2019-10-01,27.19
2019-10-02,27.49
2019-10-03,27.5
2019-10-04,27.33
2019-10-05,27.65
2019-10-06,27.44
2019-10-07,27.83
2019-10-08,27.66
2019-10-09,27.44
2019-10-10,27.04
2019-10-11,27.11
2019-10-12,26.92
2019-10-13,27.25
2019-10-14,27.22
2019-10-15,26.93
2019-10-16,27.0
2019-10-17,27.53
2019-10-18,27.15
2019-10-19,26.88
2019-10-20,25.97
2019-10-21,26.96
2019-10-22,26.92
2019-10-23,26.83
2019-10-24,26.9
2019-10-25,26.69
2019-10-26,25.68
2019-10-27,25.69
2019-10-28,25.86
2019-10-29,25.99
2019-10-30,25.65
2019-10-31,25.66
2019-11-01,25.56
2019-11-02,25.85
2019-11-03,25.46
2019-11-04,25.28
2019-11-05,24.93
2019-11-06,25.22
2019-11-07,24.99
2019-11-08,24.92
2019-11-09,25.24
2019-11-10,25.11
2019-11-11,24.74
2019-11-12,24.77
2019-11-13,24.9
2019-11-14,24.76
2019-11-15,24.22
2019-11-16,24.37
2019-11-17,24.45
2019-11-18,24.04
2019-11-19,23.5
2019-11-20,23.44
2019-11-21,22.88
2019-11-22,22.48
2019-11-23,22.36
2019-11-24,22.24
2019-11-25,22.27
2019-11-26,22.53
2019-11-27,22.35
2019-11-28,21.96
2019-11-29,22.28
2019-11-30,22.39
2019-12-01,22.68
2019-12-02,22.72
2019-12-03,21.97
2019-12-04,22.13
2019-12-05,22.22
2019-12-06,22.07
2019-12-07,21.9
2019-12-08,21.9
2019-12-09,21.82
2019-12-10,21.4
2019-12-11,21.38
2019-12-12,21.37
2019-12-13,20.6
2019-12-14,21.29
2019-12-15,21.05
2019-12-16,20.67
2019-12-17,20.0
2019-12-18,20.08
2019-12-19,20.4
2019-12-20,20.62
2019-12-21,20.43
2019-12-22,20.17
2019-12-23,20.04
2019-12-24,20.19
2019-12-25,20.2
2019-12-26,19.65
2019-12-27,19.65
2019-12-28,19.81
2019-12-29,19.57
2019-12-30,19.33
2019-12-31,18.79
2020-01-01,19.08
2020-01-02,19.09
2020-01-03,19.01
2020-01-04,17.93
2020-01-05,17.88
2020-01-06,18.63
2020-01-07,18.73
2020-01-08,18.67
2020-01-09,18.31
2020-01-10,18.16
2020-01-11,18.0
2020-01-12,18.13
2020-01-13,18.3
2020-01-14,17.96
2020-01-15,17.96
2020-01-16,17.72
2020-01-17,17.71
2020-01-18,18.04
2020-01-19,17.96
2020-01-20,17.9
2020-01-21,17.81
2020-01-22,17.69
2020-01-23,17.39
2020-01-24,17.58
2020-01-25,18.04
2020-01-26,17.41
2020-01-27,17.45
2020-01-28,17.76
2020-01-29,17.78
2020-01-30,17.8
2020-01-31,17.74
2020-02-01,17.71
2020-02-02,17.64
2020-02-03,17.92
2020-02-04,17.81
2020-02-05,17.67
2020-02-06,17.64
2020-02-07,17.59
2020-02-08,17.73
2020-02-09,17.62
2020-02-10,17.59
2020-02-11,17.63
2020-02-12,17.64
2020-02-13,17.57
2020-02-14,17.81
2020-02-15,17.53
2020-02-16,17.38
2020-02-17,17.39
2020-02-18,17.62
2020-02-19,17.39
2020-02-20,17.4
2020-02-21,17.52
2020-02-22,17.59
2020-02-23,17.32
2020-02-24,17.3
2020-02-25,17.44
2020-02-26,17.53
2020-02-27,17.23
2020-02-28,17.7
2020-02-29,18.23
2020-03-01,17.64
2020-03-02,17.44
2020-03-03,16.94
2020-03-04,17.48
2020-03-05,17.65
2020-03-06,17.39
2020-03-07,17.31
2020-03-08,17.47
2020-03-09,17.74
2020-03-10,16.75
2020-03-11,17.44
2020-03-12,17.47
2020-03-13,17.28
2020-03-14,17.28
2020-03-15,17.34
2020-03-16,17.89
2020-03-17,17.93
2020-03-18,17.86
2020-03-19,17.32
2020-03-20,17.39
2020-03-21,17.33
2020-03-22,17.13
2020-03-23,17.43
2020-03-24,17.5
2020-03-25,17.13
2020-03-26,17.16
2020-03-27,17.17
2020-03-28,17.24
2020-03-29,17.39
2020-03-30,17.3
2020-03-31,17.66
2020-04-01,17.79
2020-04-02,17.36
2020-04-03,17.15
2020-04-04,17.68
2020-04-05,17.78
2020-04-06,17.99
2020-04-07,18.16
2020-04-08,18.11
2020-04-09,17.9
2020-04-10,17.67
2020-04-11,17.76
2020-04-12,18.07
2020-04-13,18.18
2020-04-14,18.14
2020-04-15,18.22
2020-04-16,18.59
2020-04-17,17.82
2020-04-18,18.24
2020-04-19,18.98
2020-04-20,18.98
2020-04-21,18.85
2020-04-22,20.08
2020-04-23,20.2
2020-04-24,19.75
2020-04-25,19.25
2020-04-26,19.39
2020-04-27,19.55
2020-04-28,19.64
2020-04-29,19.29
2020-04-30,19.41
2020-05-01,19.3
2020-05-02,19.98
2020-05-03,19.79
2020-05-04,20.15
2020-05-05,20.99
2020-05-06,20.14
2020-05-07,19.25
2020-05-08,20.24
2020-05-09,20.31
2020-05-10,20.21
2020-05-11,19.97
2020-05-12,20.58
2020-05-13,20.98
2020-05-14,20.81
2020-05-15,21.02
2020-05-16,21.56
2020-05-17,22.09
2020-05-18,22.09
2020-05-19,22.23
2020-05-20,22.59
2020-05-21,22.98
2020-05-22,23.91
2020-05-23,23.7
2020-05-24,22.65
2020-05-25,22.09
2020-05-26,21.9
2020-05-27,22.64
2020-05-28,22.07
2020-05-29,22.07
2020-05-30,21.53
2020-05-31,22.22
2020-06-01,22.22
2020-06-02,22.8
2020-06-03,22.33
2020-06-04,22.49
2020-06-05,22.93
2020-06-06,22.74
2020-06-07,22.84
2020-06-08,23.25
2020-06-09,23.31
2020-06-10,23.43
2020-06-11,23.69
2020-06-12,24.01
2020-06-13,23.66
2020-06-14,24.02
2020-06-15,23.72
2020-06-16,24.19
2020-06-17,24.49
2020-06-18,24.33
2020-06-19,24.13
2020-06-20,23.97
2020-06-21,24.34
2020-06-22,24.25
2020-06-23,23.61
2020-06-24,24.75
2020-06-25,24.77
2020-06-26,24.48
2020-06-27,25.45
2020-06-28,25.09
2020-06-29,25.31
2020-06-30,25.84
2020-07-01,25.54
2020-07-02,25.61
2020-07-03,25.68
2020-07-04,26.15
2020-07-05,26.14
2020-07-06,26.43
2020-07-07,26.3
2020-07-08,26.17
2020-07-09,27.14
2020-07-10,27.08
2020-07-11,26.64
2020-07-12,26.89
2020-07-13,27.2
2020-07-14,26.48
2020-07-15,27.2
2020-07-16,26.45
2020-07-17,26.94
2020-07-18,27.2
2020-07-19,27.21
2020-07-20,27.24
2020-07-21,27.72
2020-07-22,27.78
2020-07-23,27.85
2020-07-24,28.01
2020-07-25,28.22
2020-07-26,28.29
2020-07-27,28.51
2020-07-28,28.18
2020-07-29,28.7
2020-07-30,28.74
2020-07-31,28.78
2020-08-01,28.75
2020-08-02,28.7
2020-08-03,28.51
2020-08-04,28.62
2020-08-05,27.89
2020-08-06,28.71
2020-08-07,28.81
2020-08-08,28.61
2020-08-09,28.19
2020-08-10,28.65
2020-08-11,28.59
2020-08-12,28.61
2020-08-13,28.35
2020-08-14,28.66
2020-08-15,29.09
2020-08-16,28.88
2020-08-17,28.88
2020-08-18,28.95
2020-08-19,28.61
2020-08-20,28.41
2020-08-21,29.19
2020-08-22,28.85
2020-08-23,29.18
2020-08-24,28.98
2020-08-25,28.88
2020-08-26,28.83
2020-08-27,28.89
2020-08-28,28.63
2020-08-29,28.96
2020-08-30,28.22
2020-08-31,28.62
2020-09-01,29.18
2020-09-02,28.96
2020-09-03,28.87
2020-09-04,28.77
2020-09-05,28.98
2020-09-06,29.47
2020-09-07,29.82
2020-09-08,28.77
2020-09-09,29.27
2020-09-10,29.16
2020-09-11,29.51
2020-09-12,29.1
2020-09-13,29.56
2020-09-14,29.44
2020-09-15,29.35
2020-09-16,29.3
2020-09-17,29.38
2020-09-18,29.31
2020-09-19,28.72
2020-09-20,28.89
2020-09-21,29.01
2020-09-22,29.0
2020-09-23,28.65
2020-09-24,28.7
2020-09-25,29.04
2020-09-26,29.11
2020-09-27,28.6
2020-09-28,28.71
2020-09-29,29.1
2020-09-30,29.03
2020-10-01,28.24
2020-10-02,28.14
2020-10-03,28.67
2020-10-04,29.09
2020-10-05,28.64
2020-10-06,28.48
2020-10-07,28.58
2020-10-08,28.31
2020-10-09,28.65
2020-10-10,28.67
2020-10-11,28.14
2020-10-12,28.23
2020-10-13,27.95
2020-10-14,27.65
2020-10-15,27.62
2020-10-16,27.67
2020-10-17,27.28
2020-10-18,27.45
2020-10-19,27.19
2020-10-20,26.98
2020-10-21,26.54
2020-10-22,26.54
2020-10-23,27.3
2020-10-24,26.96
2020-10-25,27.05
2020-10-26,27.01
2020-10-27,26.38
2020-10-28,26.36
2020-10-29,26.69
2020-10-30,26.67
2020-10-31,26.46
2020-11-01,25.91
2020-11-02,25.9
2020-11-03,25.49
2020-11-04,25.72
2020-11-05,25.45
2020-11-06,24.98
2020-11-07,24.77
2020-11-08,25.2
2020-11-09,25.08
2020-11-10,24.88
2020-11-11,24.71
2020-11-12,24.63
2020-11-13,24.6
2020-11-14,24.66
2020-11-15,24.29
2020-11-16,24.06
2020-11-17,24.21
2020-11-18,24.22
2020-11-19,24.05
2020-11-20,24.0
2020-11-21,23.83
2020-11-22,23.55
2020-11-23,23.39
2020-11-24,23.06
2020-11-25,23.41
2020-11-26,23.14
2020-11-27,23.01
2020-11-28,22.93
2020-11-29,22.67
2020-11-30,22.65
2020-12-01,22.78
2020-12-02,22.91
2020-12-03,22.55
2020-12-04,22.66
2020-12-05,22.25
2020-12-06,22.49
2020-12-07,22.21
2020-12-08,22.12
2020-12-09,22.29
2020-12-10,21.95
2020-12-11,22.22
2020-12-12,22.09
2020-12-13,22.1
2020-12-14,22.19
2020-12-15,21.88
2020-12-16,21.92
2020-12-17,21.74
2020-12-18,21.34
2020-12-19,21.13
2020-12-20,21.61
2020-12-21,21.32
2020-12-22,21.15
2020-12-23,21.24
2020-12-24,20.64
2020-12-25,20.79
2020-12-26,20.79
2020-12-27,20.94
2020-12-28,20.56
2020-12-29,20.43
2020-12-30,20.54
2020-12-31,20.33
2021-01-01,20.27
2021-01-02,20.06
2021-01-03,20.28
2021-01-04,20.11
2021-01-05,20.17
2021-01-06,19.93
2021-01-07,20.21
2021-01-08,20.25
2021-01-09,20.39
2021-01-10,20.08
2021-01-11,20.29
2021-01-12,20.17
2021-01-13,20.08
2021-01-14,20.11
2021-01-15,19.89
2021-01-16,19.73
2021-01-17,19.58
2021-01-18,19.58
2021-01-19,19.58
2021-01-20,19.58
2021-01-21,18.91
2021-01-22,19.07
2021-01-23,19.04
2021-01-24,19.2
2021-01-25,19.06
2021-01-26,18.36
2021-01-27,18.57
2021-01-28,18.56
2021-01-29,18.66
2021-01-30,18.42
2021-01-31,18.37
2021-02-01,18.59
2021-02-02,18.45
2021-02-03,18.08
2021-02-04,18.42
2021-02-05,18.06
2021-02-06,17.91
2021-02-07,18.61
2021-02-08,18.62
2021-02-09,18.95
2021-02-10,18.94
2021-02-11,18.7
2021-02-12,18.76
2021-02-13,18.06
2021-02-14,18.44
2021-02-15,18.74
2021-02-16,18.22
2021-02-17,18.22
2021-02-18,18.25
2021-02-19,18.3
2021-02-20,17.97
2021-02-21,18.08
2021-02-22,18.03
2021-02-23,18.07
2021-02-24,17.48
2021-02-25,17.86
2021-02-26,17.9
2021-02-27,18.09
2021-02-28,17.92
2021-03-01,18.14
2021-03-02,18.07
2021-03-03,17.93
2021-03-04,17.8
2021-03-05,17.88
2021-03-06,17.9
2021-03-07,18.18
2021-03-08,17.71
2021-03-09,17.66
2021-03-10,17.78
2021-03-11,17.75
2021-03-12,17.75
2021-03-13,17.88
2021-03-14,17.59
2021-03-15,17.71
2021-03-16,17.56
2021-03-17,18.11
2021-03-18,18.17
2021-03-19,17.94
2021-03-20,17.99
2021-03-21,17.93
2021-03-22,17.99
2021-03-23,18.0
2021-03-24,17.99
2021-03-25,18.11
2021-03-26,18.13
2021-03-27,18.07
2021-03-28,17.94
2021-03-29,18.04
2021-03-30,18.09
2021-03-31,17.68
2021-04-01,18.25
2021-04-02,18.18
2021-04-03,17.88
2021-04-04,17.73
2021-04-05,18.44
2021-04-06,18.31
2021-04-07,18.39
2021-04-08,18.03
2021-04-09,18.84
2021-04-10,18.7
2021-04-11,17.83
2021-04-12,17.85
2021-04-13,17.99
2021-04-14,17.99
2021-04-15,17.65
2021-04-16,17.98
2021-04-17,18.32
2021-04-18,18.67
2021-04-19,18.69
2021-04-20,18.69
2021-04-21,18.78
2021-04-22,19.14
2021-04-23,19.0
2021-04-24,18.84
2021-04-25,18.97
2021-04-26,19.99
2021-04-27,19.41
2021-04-28,19.4
2021-04-29,20.1
2021-04-30,20.26
2021-05-01,20.39
2021-05-02,20.6
2021-05-03,20.79
2021-05-04,20.84
2021-05-05,21.03
2021-05-06,21.32
2021-05-07,21.33
2021-05-08,21.33
2021-05-09,21.69
2021-05-10,21.62
2021-05-11,22.47
2021-05-12,22.9
2021-05-13,21.93
2021-05-14,21.93
2021-05-15,22.91
2021-05-16,23.18
2021-05-17,22.98
2021-05-18,23.08
2021-05-19,22.67
2021-05-20,22.76
2021-05-21,23.05
2021-05-22,23.08
2021-05-23,23.19
2021-05-24,22.61
2021-05-25,23.21
2021-05-26,23.5
2021-05-27,24.02
2021-05-28,23.82
2021-05-29,24.1
2021-05-30,24.29
2021-05-31,24.03
2021-06-01,24.1
2021-06-02,24.59
2021-06-03,24.52
2021-06-04,24.67
2021-06-05,23.6
2021-06-06,24.02
2021-06-07,24.16
2021-06-08,23.54
2021-06-09,24.13
2021-06-10,24.74
2021-06-11,24.68
2021-06-12,24.08
2021-06-13,24.1
2021-06-14,24.85
2021-06-15,24.97
2021-06-16,24.76
2021-06-17,24.87
2021-06-18,25.05
2021-06-19,24.73
2021-06-20,24.51
2021-06-21,24.89
2021-06-22,25.27
2021-06-23,25.29
2021-06-24,25.92
2021-06-25,26.56
2021-06-26,26.61
2021-06-27,26.58
2021-06-28,26.95
2021-06-29,27.58
2021-06-30,27.42
2021-07-01,27.71
2021-07-02,27.39
2021-07-03,27.93
2021-07-04,28.07
2021-07-05,27.53
2021-07-06,27.53
2021-07-07,27.57
2021-07-08,27.69
2021-07-09,28.03
2021-07-10,27.3
2021-07-11,28.06
2021-07-12,27.98
2021-07-13,27.99
2021-07-14,27.71
2021-07-15,27.99
2021-07-16,27.82
2021-07-17,27.83
2021-07-18,28.52
2021-07-19,28.94
2021-07-20,28.22
2021-07-21,28.42
2021-07-22,29.16
2021-07-23,28.53
2021-07-24,28.25
2021-07-25,27.97
2021-07-26,28.27
2021-07-27,28.48
2021-07-28,28.58
2021-07-29,28.54
2021-07-30,28.7
2021-07-31,28.72
2021-08-01,28.4
2021-08-02,28.73
2021-08-03,28.69
2021-08-04,29.1
2021-08-05,29.23
2021-08-06,28.56
2021-08-07,29.45
2021-08-08,29.07
2021-08-09,29.3
2021-08-10,29.06
2021-08-11,29.32
2021-08-12,29.5
2021-08-13,29.1
2021-08-14,29.18
2021-08-15,29.32
2021-08-16,29.33
2021-08-17,28.61
2021-08-18,29.17
2021-08-19,28.84
2021-08-20,28.56
2021-08-21,28.9
2021-08-22,28.87
2021-08-23,29.06
2021-08-24,29.26
2021-08-25,29.08
2021-08-26,28.62
2021-08-27,28.86
2021-08-28,28.68
2021-08-29,28.65
2021-08-30,28.98
2021-08-31,28.96
2021-09-01,28.69
2021-09-02,28.95
2021-09-03,28.74
2021-09-04,29.11
2021-09-05,28.84
2021-09-06,28.83
2021-09-07,28.9
2021-09-08,28.66
2021-09-09,28.67
2021-09-10,28.29
2021-09-11,28.81
2021-09-12,28.22
2021-09-13,28.07
2021-09-14,28.0
2021-09-15,27.86
2021-09-16,27.95
2021-09-17,27.6
2021-09-18,27.55
2021-09-19,28.07
2021-09-20,28.3
2021-09-21,27.56
2021-09-22,28.01
2021-09-23,28.02
2021-09-24,27.75
2021-09-25,26.97
2021-09-26,27.21
2021-09-27,27.09
2021-09-28,26.55
2021-09-29,26.43
2021-09-30,26.96
2021-10-01,26.88
2021-10-02,26.43
2021-10-03,27.01
2021-10-04,26.94
2021-10-05,26.41
2021-10-06,26.46
2021-10-07,26.75
2021-10-08,26.44
2021-10-09,25.68
2021-10-10,25.99
2021-10-11,26.19
2021-10-12,26.25
2021-10-13,26.14
2021-10-14,26.11
2021-10-15,26.03
2021-10-16,26.17
2021-10-17,26.18
2021-10-18,26.12
2021-10-19,26.18
2021-10-20,25.97
2021-10-21,25.5
2021-10-22,25.31
2021-10-23,25.65
2021-10-24,25.45
2021-10-25,25.07
2021-10-26,24.96
2021-10-27,25.18
2021-10-28,25.48
2021-10-29,25.39
2021-10-30,24.72
2021-10-31,24.97
2021-11-01,25.02
2021-11-02,25.02
2021-11-03,25.06
2021-11-04,24.96
2021-11-05,25.01
2021-11-06,24.57
2021-11-07,24.45
2021-11-08,24.82
2021-11-09,25.03
2021-11-10,25.3
2021-11-11,24.64
2021-11-12,24.49
2021-11-13,24.18
2021-11-14,23.85
2021-11-15,23.68
2021-11-16,24.01
2021-11-17,23.76
2021-11-18,23.56
2021-11-19,24.06
2021-11-20,24.07
2021-11-21,23.32
2021-11-22,23.59
2021-11-23,23.57
2021-11-24,23.32
2021-11-25,23.13
2021-11-26,22.96
2021-11-27,23.39
2021-11-28,23.88
2021-11-29,23.09
2021-11-30,23.33
2021-12-01,23.27
2021-12-02,23.23
2021-12-03,22.55
2021-12-04,22.43
2021-12-05,22.72
2021-12-06,22.59
2021-12-07,22.33
2021-12-08,22.53
2021-12-09,22.22
2021-12-10,21.78
2021-12-11,21.74
2021-12-12,21.79
2021-12-13,21.8
2021-12-14,21.64
2021-12-15,21.52
2021-12-16,21.41
2021-12-17,21.37
2021-12-18,21.58
2021-12-19,21.42
2021-12-20,21.04
2021-12-21,20.76
2021-12-22,20.38
2021-12-23,20.18
2021-12-24,19.95
2021-12-25,20.17
2021-12-26,20.11
2021-12-27,20.2
2021-12-28,19.95
2021-12-29,19.85
2021-12-30,19.85
2021-12-31,19.96
2022-01-01,19.76
2022-01-02,19.55
2022-01-03,19.59
2022-01-04,19.73
2022-01-05,19.46
2022-01-06,19.43
2022-01-07,19.31
2022-01-08,19.19
2022-01-09,19.28
2022-01-10,19.17
2022-01-11,18.81
2022-01-12,19.55
2022-01-13,19.42
2022-01-14,19.28
2022-01-15,19.03
2022-01-16,19.13
2022-01-17,18.69
2022-01-18,18.47
2022-01-19,18.61
2022-01-20,18.45
2022-01-21,18.18
2022-01-22,18.5
2022-01-23,18.61
2022-01-24,18.05
2022-01-25,18.38
2022-01-26,18.22
2022-01-27,18.05
2022-01-28,18.14
2022-01-29,17.86
2022-01-30,17.77
2022-01-31,17.96
2022-02-01,17.99
2022-02-02,18.1
2022-02-03,17.68
2022-02-04,17.58
2022-02-05,17.83
2022-02-06,17.53
2022-02-07,17.86
2022-02-08,18.13
2022-02-09,18.08
2022-02-10,17.61
2022-02-11,17.41
2022-02-12,17.48
2022-02-13,17.51
2022-02-14,17.15
2022-02-15,17.31
2022-02-16,17.66
2022-02-17,17.41
2022-02-18,17.32
2022-02-19,17.36
2022-02-20,17.5
2022-02-21,17.22
2022-02-22,18.27
2022-02-23,18.11
2022-02-24,17.73
2022-02-25,17.18
2022-02-26,17.16
2022-02-27,17.07
2022-02-28,17.64
2022-03-01,16.66
2022-03-02,16.37
2022-03-03,16.63
2022-03-04,17.41
2022-03-05,16.79
2022-03-06,16.78
2022-03-07,17.56
2022-03-08,17.56
2022-03-09,17.68
2022-03-10,17.37
2022-03-11,17.4
2022-03-12,17.07
2022-03-13,16.82
2022-03-14,16.71
2022-03-15,16.89
2022-03-16,16.88
2022-03-17,16.98
2022-03-18,17.05
2022-03-19,16.83
2022-03-20,16.22
2022-03-21,16.38
2022-03-22,16.48
2022-03-23,16.66
2022-03-24,16.72
2022-03-25,16.74
2022-03-26,16.7
2022-03-27,17.14
2022-03-28,16.7
2022-03-29,16.49
2022-03-30,16.87
2022-03-31,17.09
2022-04-01,17.32
2022-04-02,17.43
2022-04-03,17.81
2022-04-04,17.91
2022-04-05,17.61
2022-04-06,17.7
2022-04-07,17.92
2022-04-08,17.91
2022-04-09,16.86
2022-04-10,17.29
2022-04-11,17.28
2022-04-12,18.12
2022-04-13,17.92
2022-04-14,17.91
2022-04-15,17.94
2022-04-16,17.89
2022-04-17,17.86
2022-04-18,17.77
2022-04-19,17.69
2022-04-20,18.5
2022-04-21,18.43
2022-04-22,18.74
2022-04-23,18.57
2022-04-24,17.79
2022-04-25,19.02
2022-04-26,19.23
2022-04-27,19.16
2022-04-28,19.12
2022-04-29,20.01
2022-04-30,19.88
2022-05-01,19.52
2022-05-02,18.6
2022-05-03,19.06
2022-05-04,20.2
2022-05-05,19.81
2022-05-06,19.2
2022-05-07,19.68
2022-05-08,19.72
2022-05-09,20.13
2022-05-10,19.31
2022-05-11,20.25
2022-05-12,20.47
2022-05-13,20.16
2022-05-14,20.1
2022-05-15,20.58
2022-05-16,20.6
2022-05-17,20.61
2022-05-18,20.46
2022-05-19,20.94
2022-05-20,21.95
2022-05-21,21.52
2022-05-22,21.28
2022-05-23,21.02
2022-05-24,21.38
2022-05-25,21.24
2022-05-26,21.24
2022-05-27,22.24
2022-05-28,22.31
2022-05-29,22.56
2022-05-30,23.81
2022-05-31,23.61
2022-06-01,23.26
2022-06-02,23.35
2022-06-03,23.78
2022-06-04,24.14
2022-06-05,24.4
2022-06-06,23.48
2022-06-07,24.84
2022-06-08,25.01
2022-06-09,24.66
2022-06-10,25.41
2022-06-11,26.24
2022-06-12,26.29
2022-06-13,25.7
2022-06-14,25.02
2022-06-15,25.35
2022-06-16,25.67
2022-06-17,25.5
2022-06-18,25.33
2022-06-19,25.62
2022-06-20,25.65
2022-06-21,25.53
2022-06-22,25.39
2022-06-23,25.8
2022-06-24,26.03
2022-06-25,25.75
2022-06-26,26.22
2022-06-27,26.44
2022-06-28,26.61
2022-06-29,26.44
2022-06-30,26.8
2022-07-01,27.06
2022-07-02,26.97
2022-07-03,26.35
2022-07-04,27.44
2022-07-05,27.45
2022-07-06,27.77
2022-07-07,27.18
2022-07-08,26.84
2022-07-09,27.62
2022-07-10,27.7
2022-07-11,27.67
2022-07-12,27.74
2022-07-13,27.78
2022-07-14,27.39
2022-07-15,27.76
2022-07-16,27.72
2022-07-17,27.83
2022-07-18,27.87
2022-07-19,27.92
2022-07-20,28.37
2022-07-21,28.49
2022-07-22,28.36
2022-07-23,28.45
2022-07-24,28.47
2022-07-25,28.58
2022-07-26,28.52
2022-07-27,29.33
2022-07-28,28.7
2022-07-29,28.86
2022-07-30,28.97
2022-07-31,28.23
2022-08-01,29.21
2022-08-02,28.45
2022-08-03,29.13
2022-08-04,28.57
2022-08-05,29.47
2022-08-06,29.03
2022-08-07,28.67
2022-08-08,29.3
2022-08-09,29.24
2022-08-10,28.82
2022-08-11,28.81
2022-08-12,29.02
2022-08-13,29.13
2022-08-14,28.42
2022-08-15,29.1
2022-08-16,28.98
2022-08-17,28.98
2022-08-18,29.03
2022-08-19,29.06
2022-08-20,28.83
2022-08-21,28.63
2022-08-22,28.55
2022-08-23,29.24
2022-08-24,29.02
2022-08-25,28.95
2022-08-26,28.88
2022-08-27,29.07
2022-08-28,29.01
2022-08-29,28.13
2022-08-30,27.22
2022-08-31,27.3
2022-09-01,28.76
2022-09-02,28.7
2022-09-03,28.04
2022-09-04,28.47
2022-09-05,28.84
2022-09-06,29.12
2022-09-07,28.52
2022-09-08,29.01
2022-09-09,28.87
2022-09-10,28.47
2022-09-11,28.86
2022-09-12,28.78
2022-09-13,28.71
2022-09-14,28.73
2022-09-15,28.52
2022-09-16,28.57
2022-09-17,28.49
2022-09-18,28.32
2022-09-19,28.43
2022-09-20,28.4
2022-09-21,28.7
2022-09-22,28.0
2022-09-23,27.89
2022-09-24,27.89
2022-09-25,27.05
2022-09-26,26.45
2022-09-27,27.26
2022-09-28,27.62
2022-09-29,27.41
2022-09-30,27.69
2022-10-01,27.96
2022-10-02,28.27
2022-10-03,27.55
2022-10-04,27.7
2022-10-05,28.1
2022-10-06,27.82
2022-10-07,27.27
2022-10-08,27.17
2022-10-09,27.45
2022-10-10,26.9
2022-10-11,26.89
2022-10-12,26.47
2022-10-13,26.86
2022-10-14,26.69
2022-10-15,26.85
2022-10-16,26.79
2022-10-17,27.09
2022-10-18,26.83
2022-10-19,26.43
2022-10-20,26.65
2022-10-21,26.54
2022-10-22,26.84
2022-10-23,26.02
2022-10-24,26.26
2022-10-25,26.44
2022-10-26,25.85
2022-10-27,25.36
2022-10-28,26.1
2022-10-29,25.35
2022-10-30,25.11
2022-10-31,24.62
2022-11-01,24.78
2022-11-02,24.65
2022-11-03,24.03
2022-11-04,24.38
2022-11-05,24.48
2022-11-06,24.44
2022-11-07,24.53
2022-11-08,24.75
2022-11-09,24.3
2022-11-10,24.13
2022-11-11,24.29
2022-11-12,24.2
2022-11-13,24.32
2022-11-14,24.16
2022-11-15,23.89
2022-11-16,24.0
2022-11-17,23.92
2022-11-18,23.4
2022-11-19,22.94
2022-11-20,23.7
2022-11-21,23.7
2022-11-22,23.03
2022-11-23,22.78
2022-11-24,22.72
2022-11-25,23.81
2022-11-26,23.31
2022-11-27,22.9
2022-11-28,23.05
2022-11-29,22.61
2022-11-30,22.38
2022-12-01,22.05
2022-12-02,22.36
2022-12-03,22.31
2022-12-04,22.09
2022-12-05,22.14
2022-12-06,22.14
2022-12-07,22.1
2022-12-08,21.62
2022-12-09,21.54
2022-12-10,22.04
2022-12-11,21.92
2022-12-12,21.71
2022-12-13,21.55
2022-12-14,21.59
2022-12-15,21.55
2022-12-16,21.62
2022-12-17,22.03
2022-12-18,21.72
2022-12-19,21.69
2022-12-20,21.21
2022-12-21,21.22
2022-12-22,21.3
2022-12-23,20.99
2022-12-24,20.66
2022-12-25,20.73
2022-12-26,20.96
2022-12-27,20.79
2022-12-28,20.49
2022-12-29,20.46
2022-12-30,20.33
2022-12-31,19.98
2023-01-01,20.41
2023-01-02,20.5
2023-01-03,20.4
2023-01-04,19.95
2023-01-05,19.88
2023-01-06,19.96
2023-01-07,19.91
2023-01-08,19.56
2023-01-09,19.85
2023-01-10,19.78
2023-01-11,19.86
2023-01-12,19.72
2023-01-13,19.85
2023-01-14,19.95
2023-01-15,20.48
2023-01-16,19.6
2023-01-17,19.37
2023-01-18,19.14
2023-01-19,19.39
2023-01-20,19.46
2023-01-21,18.93
2023-01-22,18.89
2023-01-23,19.03
2023-01-24,19.09
2023-01-25,19.09
2023-01-26,19.01
2023-01-27,18.71
2023-01-28,18.79
2023-01-29,18.9
2023-01-30,18.94
2023-01-31,18.7
2023-02-01,18.51
2023-02-02,18.71
2023-02-03,18.74
2023-02-04,18.54
2023-02-05,18.54
2023-02-06,18.4
2023-02-07,18.02
2023-02-08,17.82
2023-02-09,17.45
2023-02-10,17.55
2023-02-11,17.59
2023-02-12,17.7
2023-02-13,17.5
2023-02-14,17.55
2023-02-15,17.39
2023-02-16,17.34
2023-02-17,17.54
2023-02-18,17.52
2023-02-19,17.3
2023-02-20,17.44
2023-02-21,17.46
2023-02-22,17.55
2023-02-23,17.16
2023-02-24,17.57
2023-02-25,17.62
2023-02-26,17.8
2023-02-27,17.48
2023-02-28,17.48
2023-03-01,18.22
2023-03-02,18.56
2023-03-03,18.45
2023-03-04,17.84
2023-03-05,18.27
2023-03-06,18.4
2023-03-07,17.89
2023-03-08,18.15
2023-03-09,18.21
2023-03-10,17.98
2023-03-11,17.75
2023-03-12,18.17
2023-03-13,18.79
2023-03-14,18.13
2023-03-15,17.97
2023-03-16,18.31
2023-03-17,17.83
2023-03-18,17.73
2023-03-19,17.97
2023-03-20,18.15
2023-03-21,18.01
2023-03-22,18.01
2023-03-23,17.89
2023-03-24,17.87
2023-03-25,17.69
2023-03-26,17.61
2023-03-27,18.88
2023-03-28,18.38
2023-03-29,18.56
2023-03-30,18.06
2023-03-31,17.73
2023-04-01,18.1
2023-04-02,18.14
2023-04-03,18.24
2023-04-04,18.51
2023-04-05,18.55
2023-04-06,18.11
2023-04-07,17.88
2023-04-08,17.47
2023-04-09,17.52
2023-04-10,17.54
2023-04-11,17.91
2023-04-12,18.69
2023-04-13,18.57
2023-04-14,18.23
2023-04-15,18.37
2023-04-16,18.7
2023-04-17,18.98
2023-04-18,19.35
2023-04-19,19.63
2023-04-20,19.35
2023-04-21,19.18
2023-04-22,18.43
2023-04-23,18.86
2023-04-24,19.73
2023-04-25,19.48
2023-04-26,19.78
2023-04-27,20.12
2023-04-28,20.55
2023-04-29,19.98
2023-04-30,19.28
2023-05-01,19.0
2023-05-02,19.3
2023-05-03,18.97
2023-05-04,19.6
2023-05-05,19.7
2023-05-06,19.94
2023-05-07,19.86
2023-05-08,19.81
2023-05-09,20.25
2023-05-10,20.58
2023-05-11,20.33
2023-05-12,19.55
2023-05-13,20.77
2023-05-14,20.92
2023-05-15,20.76
2023-05-16,20.99
2023-05-17,21.13
2023-05-18,21.98
2023-05-19,20.92
2023-05-20,21.04
2023-05-21,21.47
2023-05-22,21.0
2023-05-23,20.56
2023-05-24,21.54
2023-05-25,21.47
2023-05-26,21.34
2023-05-27,21.01
2023-05-28,21.24
2023-05-29,21.69
2023-05-30,22.03
2023-05-31,21.72
2023-06-01,22.35
2023-06-02,22.4
2023-06-03,21.73
2023-06-04,21.42
2023-06-05,22.68
2023-06-06,22.85
2023-06-07,22.9
2023-06-08,22.91
2023-06-09,22.85
2023-06-10,23.42
2023-06-11,23.26
2023-06-12,23.48
2023-06-13,23.79
2023-06-14,24.12
2023-06-15,23.59
2023-06-16,24.14
2023-06-17,24.68
2023-06-18,24.52
2023-06-19,24.2
2023-06-20,23.84
2023-06-21,24.59
2023-06-22,24.66
2023-06-23,25.0
2023-06-24,25.58
2023-06-25,25.67
2023-06-26,25.66
2023-06-27,25.41
2023-06-28,25.91
2023-06-29,25.76
2023-06-30,26.6
2023-07-01,25.56
2023-07-02,26.29
2023-07-03,26.4
2023-07-04,26.07
2023-07-05,26.22
2023-07-06,26.75
2023-07-07,26.69
2023-07-08,26.69
2023-07-09,26.85
2023-07-10,26.92
2023-07-11,27.56
2023-07-12,27.54
2023-07-13,27.51
2023-07-14,27.6
2023-07-15,27.97
2023-07-16,28.03
2023-07-17,27.9
2023-07-18,28.61
2023-07-19,28.56
2023-07-20,28.56
2023-07-21,28.76
2023-07-22,28.71
2023-07-23,28.54
2023-07-24,29.03
2023-07-25,29.22
2023-07-26,29.77
2023-07-27,29.97
2023-07-28,29.65
2023-07-29,29.83
2023-07-30,29.7
2023-07-31,29.38
2023-08-01,28.59
2023-08-02,29.53
2023-08-03,29.39
2023-08-04,29.51
2023-08-05,29.46
2023-08-06,29.2
2023-08-07,28.73
2023-08-08,29.48
2023-08-09,29.26
2023-08-10,29.22
2023-08-11,29.34
2023-08-12,29.0
2023-08-13,28.57
2023-08-14,28.78
2023-08-15,28.95
2023-08-16,28.2
2023-08-17,28.89
2023-08-18,28.42
2023-08-19,28.43
2023-08-20,28.84
2023-08-21,28.77
2023-08-22,29.06
2023-08-23,29.13
2023-08-24,28.94
2023-08-25,28.89
2023-08-26,28.86
2023-08-27,28.63
2023-08-28,28.65
2023-08-29,28.85
2023-08-30,28.51
2023-08-31,28.04
2023-09-01,28.41
2023-09-02,28.28
2023-09-03,28.47
2023-09-04,28.22
2023-09-05,27.95
2023-09-06,28.41
2023-09-07,28.45
2023-09-08,27.75
2023-09-09,28.25
2023-09-10,28.41
2023-09-11,28.47
2023-09-12,28.1
2023-09-13,27.54
2023-09-14,28.26
2023-09-15,28.2
2023-09-16,28.43
2023-09-17,28.08
2023-09-18,28.11
2023-09-19,28.39
2023-09-20,28.12
2023-09-21,28.15
2023-09-22,27.93
2023-09-23,28.03
2023-09-24,27.72
2023-09-25,28.17
2023-09-26,28.14
2023-09-27,27.8
2023-09-28,28.18
2023-09-29,28.21
2023-09-30,27.91
2023-10-01,27.89
2023-10-02,27.99
2023-10-03,27.96
2023-10-04,27.56
2023-10-05,27.5
2023-10-06,27.29
2023-10-07,27.15
2023-10-08,27.36
2023-10-09,26.61
2023-10-10,26.76
2023-10-11,26.98
2023-10-12,27.06
2023-10-13,26.84
2023-10-14,26.97
2023-10-15,26.86
2023-10-16,26.49
2023-10-17,26.39
2023-10-18,26.35
2023-10-19,26.68
2023-10-20,25.97
2023-10-21,26.32
2023-10-22,26.4
2023-10-23,26.38
2023-10-24,25.48
2023-10-25,25.86
2023-10-26,26.22
2023-10-27,26.18
2023-10-28,25.83
2023-10-29,25.84
2023-10-30,26.29
2023-10-31,26.33
2023-11-01,25.99
2023-11-02,26.2
2023-11-03,26.15
2023-11-04,25.8
2023-11-05,25.42
2023-11-06,25.63
2023-11-07,25.51
2023-11-08,25.99
2023-11-09,25.57
2023-11-10,25.86
2023-11-11,25.85
2023-11-12,25.4
2023-11-13,25.77
2023-11-14,25.73
2023-11-15,25.51
2023-11-16,25.06
2023-11-17,25.29
2023-11-18,25.09
2023-11-19,25.24
2023-11-20,24.52
2023-11-21,24.21
2023-11-22,23.82
2023-11-23,23.94
2023-11-24,23.37
2023-11-25,23.25
2023-11-26,23.39
2023-11-27,23.53
2023-11-28,22.64
2023-11-29,22.89
2023-11-30,22.73
2023-12-01,22.68
2023-12-02,22.47
2023-12-03,22.5
2023-12-04,22.59
2023-12-05,22.26
2023-12-06,22.36
2023-12-07,22.13
2023-12-08,22.29
2023-12-09,22.04
2023-12-10,22.05
2023-12-11,22.11
2023-12-12,22.19
2023-12-13,22.25
2023-12-14,22.04
2023-12-15,22.11
2023-12-16,22.08
2023-12-17,22.38
2023-12-18,21.96
2023-12-19,22.24
2023-12-20,22.2
2023-12-21,22.02
2023-12-22,21.49
2023-12-23,21.66
2023-12-24,21.23
2023-12-25,21.32
2023-12-26,21.28
2023-12-27,21.42
2023-12-28,22.39
2023-12-29,21.12
2023-12-30,21.01
2023-12-31,21.08
2024-01-01,20.92
2024-01-02,20.95
2024-01-03,20.99
2024-01-04,20.84
2024-01-05,21.04
2024-01-06,21.24
2024-01-07,21.45
2024-01-08,20.75
2024-01-09,20.29
2024-01-10,20.47
2024-01-11,20.53
2024-01-12,20.3
2024-01-13,20.19
2024-01-14,20.22
2024-01-15,20.09
2024-01-16,20.07
2024-01-17,19.54
2024-01-18,20.15
2024-01-19,20.05
2024-01-20,20.3
2024-01-21,20.83
2024-01-22,20.07
2024-01-23,20.4
2024-01-24,20.0
2024-01-25,20.28
2024-01-26,19.92
2024-01-27,19.93
2024-01-28,19.71
2024-01-29,19.92
2024-01-30,19.64
2024-01-31,19.13
2024-02-01,18.97
2024-02-02,19.09
2024-02-03,19.08
2024-02-04,18.95
2024-02-05,18.9
2024-02-06,18.92
2024-02-07,19.19
2024-02-08,19.23
2024-02-09,19.36
2024-02-10,19.21
2024-02-11,19.08
2024-02-12,19.08
2024-02-13,18.6
2024-02-14,18.2
2024-02-15,18.57
2024-02-16,19.01
2024-02-17,19.2
2024-02-18,19.08
2024-02-19,18.81
2024-02-20,18.78
2024-02-21,18.89
2024-02-22,18.86
2024-02-23,18.79
2024-02-24,18.66
2024-02-25,18.68
2024-02-26,18.61
2024-02-27,19.16
2024-02-28,18.91
2024-02-29,19.0
2024-03-01,18.21
2024-03-02,18.75
2024-03-03,18.4
2024-03-04,18.6
2024-03-05,18.8
2024-03-06,18.81
2024-03-07,18.14
2024-03-08,18.64
2024-03-09,18.72
2024-03-10,18.74
2024-03-11,18.18
2024-03-12,18.8
2024-03-13,18.76
2024-03-14,18.8
2024-03-15,18.73
2024-03-16,18.77
2024-03-17,18.39
2024-03-18,17.95
2024-03-19,18.44
2024-03-20,18.6
2024-03-21,18.73
2024-03-22,18.44
2024-03-23,18.29
2024-03-24,18.29
2024-03-25,18.26
2024-03-26,17.87
2024-03-27,17.82
2024-03-28,18.36
2024-03-29,18.42
2024-03-30,18.47
2024-03-31,18.92
2024-04-01,18.77
2024-04-02,19.74
2024-04-03,19.41
2024-04-04,19.52
2024-04-05,19.94
2024-04-06,20.19
2024-04-07,19.65
2024-04-08,19.53
2024-04-09,19.95
2024-04-10,19.48
2024-04-11,19.15
2024-04-12,19.31
2024-04-13,20.19
2024-04-14,20.21
2024-04-15,19.32
2024-04-16,20.02
2024-04-17,20.6
2024-04-18,21.29
2024-04-19,20.22
2024-04-20,20.81
2024-04-21,21.03
2024-04-22,20.38
2024-04-23,19.8
2024-04-24,20.67
2024-04-25,21.06
2024-04-26,20.63
2024-04-27,20.17
2024-04-28,20.4
2024-04-29,21.43
2024-04-30,20.99
2024-05-01,20.99
2024-05-02,21.72
2024-05-03,21.68
2024-05-04,21.6
2024-05-05,21.31
2024-05-06,21.0
2024-05-07,21.18
2024-05-08,21.46
2024-05-09,21.39
2024-05-10,22.09
2024-05-11,21.44
2024-05-12,21.44
2024-05-13,21.48
2024-05-14,22.27
2024-05-15,21.87
2024-05-16,21.3
2024-05-17,21.28
2024-05-18,22.34
2024-05-19,23.07
2024-05-20,22.24
2024-05-21,21.86
2024-05-22,23.31
2024-05-23,23.69
2024-05-24,23.41
2024-05-25,23.04
2024-05-26,23.21
2024-05-27,22.4
2024-05-28,22.63
2024-05-29,23.11
2024-05-30,23.09
2024-05-31,23.14
2024-06-01,22.41
2024-06-02,23.64
2024-06-03,23.88
2024-06-04,24.78
2024-06-05,24.76
2024-06-06,25.3
2024-06-07,26.1
2024-06-08,25.72
2024-06-09,25.43
2024-06-10,26.24
2024-06-11,25.34
2024-06-12,25.63
2024-06-13,25.45
2024-06-14,26.57
2024-06-15,26.74
2024-06-16,26.61
2024-06-17,27.14
2024-06-18,26.69
2024-06-19,26.15
2024-06-20,26.95
2024-06-21,26.69
2024-06-22,27.42
2024-06-23,27.41
2024-06-24,27.41
2024-06-25,27.65
2024-06-26,27.69
2024-06-27,27.51
2024-06-28,27.5
2024-06-29,27.57
2024-06-30,27.98
2024-07-01,27.69
2024-07-02,27.61
2024-07-03,28.32
2024-07-04,28.36
2024-07-05,27.53
2024-07-06,28.22
2024-07-07,28.05
2024-07-08,28.4
2024-07-09,28.66
2024-07-10,28.59
2024-07-11,29.03
2024-07-12,29.19
2024-07-13,28.64
2024-07-14,29.37
2024-07-15,29.41
2024-07-16,28.94
2024-07-17,29.07
2024-07-18,29.4
2024-07-19,29.11
2024-07-20,29.24
2024-07-21,29.33
2024-07-22,29.38
2024-07-23,29.59
2024-07-24,29.18
2024-07-25,30.34
2024-07-26,29.64
2024-07-27,29.65
2024-07-28,29.43
2024-07-29,29.72
2024-07-30,29.54
2024-07-31,29.54
2024-08-01,29.3
2024-08-02,29.14
2024-08-03,29.51
2024-08-04,29.67
2024-08-05,29.21
2024-08-06,28.68
2024-08-07,29.43
2024-08-08,29.82
2024-08-09,29.83
2024-08-10,29.68
2024-08-11,29.27
2024-08-12,29.13
2024-08-13,29.23
2024-08-14,29.13
2024-08-15,29.6
2024-08-16,29.85
2024-08-17,29.11
2024-08-18,29.83
2024-08-19,29.7
2024-08-20,29.57
2024-08-21,29.71
2024-08-22,29.92
2024-08-23,29.77
2024-08-24,29.97
2024-08-25,30.12
2024-08-26,29.75
2024-08-27,30.26
2024-08-28,29.32
2024-08-29,29.44
2024-08-30,29.95
2024-08-31,30.41
2024-09-01,29.43
2024-09-02,29.37
2024-09-03,29.25
2024-09-04,30.37
2024-09-05,29.57
2024-09-06,29.38
2024-09-07,29.38
2024-09-08,29.27
2024-09-09,28.94
2024-09-10,28.86
2024-09-11,29.38
2024-09-12,29.12
2024-09-13,29.07
2024-09-14,29.53
2024-09-15,29.26
2024-09-16,28.79
2024-09-17,28.99
2024-09-18,29.04
2024-09-19,28.74
2024-09-20,27.79
2024-09-21,28.96
2024-09-22,28.99
2024-09-23,29.0
2024-09-24,28.78
2024-09-25,29.06
2024-09-26,28.8
2024-09-27,28.52
2024-09-28,28.19
2024-09-29,28.34
2024-09-30,28.28
2024-10-01,28.32
2024-10-02,28.02
2024-10-03,27.43
2024-10-04,27.99
2024-10-05,27.99
2024-10-06,28.2
2024-10-07,27.94
2024-10-08,28.24
2024-10-09,27.96
2024-10-10,27.86
2024-10-11,28.03
2024-10-12,27.77
2024-10-13,27.58
2024-10-14,26.64
2024-10-15,27.52
2024-10-16,27.65
2024-10-17,27.46
2024-10-18,27.29
2024-10-19,27.49
2024-10-20,27.36
2024-10-21,27.38
2024-10-22,26.9
2024-10-23,26.29
2024-10-24,26.16
2024-10-25,26.08
2024-10-26,25.68
2024-10-27,25.44
2024-10-28,24.97
2024-10-29,25.22
2024-10-30,25.01
2024-10-31,24.48
2024-11-01,24.62
2024-11-02,24.53
2024-11-03,24.4
2024-11-04,24.63
2024-11-05,24.68
2024-11-06,24.86
2024-11-07,24.76
2024-11-08,24.48
2024-11-09,24.56
2024-11-10,24.42
2024-11-11,24.43
2024-11-12,24.09
2024-11-13,23.97
2024-11-14,24.16
2024-11-15,23.75
2024-11-16,24.07
2024-11-17,23.75
2024-11-18,23.75
2024-11-19,23.84
2024-11-20,23.77
2024-11-21,23.72
2024-11-22,23.48
2024-11-23,23.52
2024-11-24,23.62
2024-11-25,23.62
2024-11-26,23.62
2024-11-27,22.66
2024-11-28,23.05
2024-11-29,22.77
2024-11-30,22.58
2024-12-01,22.44
2024-12-02,22.52
2024-12-03,22.35
2024-12-04,22.39
2024-12-05,22.27
2024-12-06,22.38
2024-12-07,22.31
2024-12-08,21.89
2024-12-09,22.13
2024-12-10,22.07
2024-12-11,22.26
2024-12-12,22.05
2024-12-13,22.14
2024-12-14,21.66
2024-12-15,21.44
2024-12-16,21.6
2024-12-17,21.89
2024-12-18,21.66
2024-12-19,21.31
2024-12-20,21.18
2024-12-21,21.16
2024-12-22,20.95
2024-12-23,21.03
2024-12-24,21.3
2024-12-25,20.86
2024-12-26,19.62
2024-12-27,19.91
2024-12-28,20.32
2024-12-29,20.09
2024-12-30,20.18
2024-12-31,20.21
2025-01-01,19.97
2025-01-02,20.07
2025-01-03,20.0
2025-01-04,20.07
2025-01-05,20.37
2025-01-06,19.59
2025-01-07,19.31
2025-01-08,19.81
2025-01-09,19.41
2025-01-10,19.27
2025-01-11,19.02
2025-01-12,19.43
2025-01-13,19.37
2025-01-14,19.42
2025-01-15,19.28
2025-01-16,19.32
2025-01-17,19.09
2025-01-18,19.16
2025-01-19,19.2
2025-01-20,19.29
2025-01-21,18.67
2025-01-22,18.98
2025-01-23,19.39
2025-01-24,19.04
2025-01-25,19.2
2025-01-26,19.13
2025-01-27,19.37
2025-01-28,19.6
2025-01-29,19.24
2025-01-30,19.48
2025-01-31,19.57
2025-02-01,19.77
2025-02-02,19.31
2025-02-03,19.33
2025-02-04,19.42
2025-02-05,19.42
2025-02-06,19.25
2025-02-07,19.3
2025-02-08,19.21
2025-02-09,19.15
2025-02-10,19.08
2025-02-11,19.08
2025-02-12,19.1
2025-02-13,19.04
2025-02-14,18.83
2025-02-15,19.13
2025-02-16,19.23
2025-02-17,18.15
2025-02-18,18.52
2025-02-19,18.83
2025-02-20,19.17
2025-02-21,18.91
2025-02-22,18.56
2025-02-23,18.7
2025-02-24,18.64
2025-02-25,18.35
2025-02-26,18.6
2025-02-27,18.36
2025-02-28,18.24
2025-03-01,18.02
2025-03-02,18.2
2025-03-03,18.18
2025-03-04,17.99
2025-03-05,17.45
2025-03-06,17.42
2025-03-07,18.4
2025-03-08,18.12
2025-03-09,17.98
2025-03-10,18.25
2025-03-11,18.63
2025-03-12,18.78
2025-03-13,18.99
2025-03-14,19.26
2025-03-15,19.46
2025-03-16,19.56
2025-03-17,19.86
2025-03-18,20.29
2025-03-19,19.58
2025-03-20,19.05
2025-03-21,18.83
2025-03-22,18.28
2025-03-23,18.17
2025-03-24,18.49
2025-03-25,18.3
2025-03-26,18.75
2025-03-27,18.8
2025-03-28,18.86
2025-03-29,18.71
2025-03-30,18.95
2025-03-31,18.42
2025-04-01,18.42
2025-04-02,18.97
2025-04-03,18.94
2025-04-04,18.65
2025-04-05,18.56
2025-04-06,18.76
2025-04-07,19.11
2025-04-08,18.18
2025-04-09,18.97
2025-04-10,19.37
2025-04-11,18.95
2025-04-12,18.63
2025-04-13,18.58
2025-04-14,19.15
2025-04-15,19.2
2025-04-16,18.86
2025-04-17,19.07
2025-04-18,19.38
2025-04-19,19.44
2025-04-20,19.29
2025-04-21,18.81
2025-04-22,19.94
2025-04-23,20.15
2025-04-24,20.14
2025-04-25,20.11
2025-04-26,20.16
2025-04-27,20.01
2025-04-28,19.82
2025-04-29,20.33
2025-04-30,20.42
2025-05-01,19.6
2025-05-02,19.28
2025-05-03,20.24
2025-05-04,20.25
2025-05-05,20.12
2025-05-06,20.19
2025-05-07,20.89
2025-05-08,21.16
2025-05-09,20.86
2025-05-10,21.32
2025-05-11,21.31
2025-05-12,20.94
2025-05-13,20.8
2025-05-14,21.12
2025-05-15,21.62
2025-05-16,21.64
2025-05-17,20.78
2025-05-18,21.87
2025-05-19,21.97
2025-05-20,22.0
2025-05-21,21.61
2025-05-22,22.78
2025-05-23,22.31
2025-05-24,22.57
2025-05-25,22.57
2025-05-26,23.58
2025-05-27,22.48
2025-05-28,23.22
2025-05-29,22.33
2025-05-30,23.1
2025-05-31,23.1
2025-06-01,22.5
2025-06-02,22.48
2025-06-03,22.98
2025-06-04,23.05
2025-06-05,23.14
2025-06-06,23.49
2025-06-07,23.72
2025-06-08,24.09
2025-06-09,23.35
2025-06-10,24.1
2025-06-11,24.45
2025-06-12,24.7
2025-06-13,24.34
2025-06-14,24.69
2025-06-15,25.18
2025-06-16,24.91
2025-06-17,25.05
2025-06-18,25.7
2025-06-19,25.51
2025-06-20,25.44
2025-06-21,26.02
2025-06-22,25.81
2025-06-23,26.17
2025-06-24,26.45
2025-06-25,25.46
2025-06-26,26.3
2025-06-27,26.21
2025-06-28,26.68
2025-06-29,26.34
2025-06-30,26.54
2025-07-01,27.1
2025-07-02,26.91
2025-07-03,27.18
2025-07-04,27.56
2025-07-05,27.17
2025-07-06,26.92
2025-07-07,27.21
2025-07-08,27.15
2025-07-09,27.34
2025-07-10,27.32
2025-07-11,27.69
2025-07-12,27.63
2025-07-13,27.58
2025-07-14,27.59
2025-07-15,28.24
2025-07-16,27.83
2025-07-17,27.46
2025-07-18,27.56
2025-07-19,27.99
2025-07-20,27.76
2025-07-21,26.89
2025-07-22,27.78
2025-07-23,28.39
2025-07-24,28.31
2025-07-25,28.36
2025-07-26,27.87
2025-07-27,28.87
2025-07-28,29.14
2025-07-29,29.17
2025-07-30,28.83
2025-07-31,29.24
2025-08-01,29.05
2025-08-02,28.96
2025-08-03,28.46
2025-08-04,28.19
2025-08-05,28.4
2025-08-06,28.59
2025-08-07,28.57
2025-08-08,28.35
2025-08-09,28.43
2025-08-10,28.28
2025-08-11,28.13
2025-08-12,28.68
2025-08-13,28.08
2025-08-14,28.55
2025-08-15,28.97
2025-08-16,29.26
2025-08-17,28.68
2025-08-18,28.85
2025-08-19,29.38
2025-08-20,28.89
2025-08-21,29.48
2025-08-22,29.03
2025-08-23,29.29
2025-08-24,29.26
2025-08-25,29.49
2025-08-26,29.13
2025-08-27,29.26
2025-08-28,28.78
2025-08-29,28.75
2025-08-30,29.11
2025-08-31,29.04
2025-09-01,29.11
2025-09-02,28.01
2025-09-03,28.91
2025-09-04,28.78
2025-09-05,28.91
2025-09-06,29.47
2025-09-07,28.95
2025-09-08,29.39
2025-09-09,28.92
2025-09-10,28.68
2025-09-11,28.62
2025-09-12,28.52
2025-09-13,28.46
2025-09-14,28.65
2025-09-15,28.99
2025-09-16,28.79
2025-09-17,28.67
2025-09-18,28.29
2025-09-19,28.79
2025-09-20,28.76
2025-09-21,28.34
2025-09-22,28.0
2025-09-23,28.12
2025-09-24,28.14
2025-09-25,27.58
2025-09-26,27.56
2025-09-27,27.98
2025-09-28,27.93
2025-09-29,26.92
2025-09-30,27.85
2025-10-01,28.08
2025-10-02,28.13
2025-10-03,27.62
2025-10-04,27.06
2025-10-05,27.85
2025-10-06,27.46
2025-10-07,27.18
2025-10-08,27.32
2025-10-09,27.19
2025-10-10,27.29
2025-10-11,27.09
2025-10-12,26.93
2025-10-13,26.89
2025-10-14,26.6
2025-10-15,26.84
2025-10-16,26.81
2025-10-17,26.81
2025-10-18,26.65
2025-10-19,26.43
2025-10-20,26.74
2025-10-21,26.77
2025-10-22,26.44
2025-10-23,26.6
2025-10-24,26.61
2025-10-25,26.43
2025-10-26,26.32
2025-10-27,26.7
2025-10-28,26.33
2025-10-29,26.3
2025-10-30,26.12
2025-10-31,26.76
2025-11-01,26.27
2025-11-02,26.19
2025-11-03,26.23
2025-11-04,26.09
2025-11-05,25.82
2025-11-06,25.56
2025-11-07,25.27
2025-11-08,25.86
2025-11-09,25.88
2025-11-10,25.35
2025-11-11,25.33
2025-11-12,25.88
2025-11-13,25.92
2025-11-14,25.64
2025-11-15,25.52
2025-11-16,25.43
2025-11-17,24.88
2025-11-18,25.06
2025-11-19,24.79
2025-11-20,25.03
2025-11-21,24.99
2025-11-22,24.89
2025-11-23,25.2
2025-11-24,24.76
2025-11-25,24.05
2025-11-26,24.44
2025-11-27,24.52
2025-11-28,24.58
2025-11-29,24.25
2025-11-30,24.38
2025-12-01,24.48
2025-12-02,24.26
2025-12-03,24.1
2025-12-04,23.79
2025-12-05,24.17
2025-12-06,24.05
2025-12-07,23.21
2025-12-08,23.33
2025-12-09,23.47
2025-12-10,23.03
2025-12-11,23.04
2025-12-12,22.65
2025-12-13,23.0
2025-12-14,22.98
2025-12-15,23.57
2025-12-16,22.9
2025-12-17,22.61
2025-12-18,22.43
2025-12-19,22.34
2025-12-20,22.37
2025-12-21,21.71
2025-12-22,21.43
2025-12-23,21.12
2025-12-24,21.96
2025-12-25,21.85
2025-12-26,22.05
2025-12-27,21.71
2025-12-28,21.72
2025-12-29,21.61
2025-12-30,21.43
2025-12-31,21.28
2026-01-01,21.16
2026-01-02,20.57
2026-01-03,20.53
2026-01-04,21.19
2026-01-05,20.83
2026-01-06,20.84
2026-01-07,20.7
2026-01-08,20.43
2026-01-09,20.42
2026-01-10,20.54
2026-01-11,20.35
2026-01-12,20.43
2026-01-13,20.55
2026-01-14,20.26
2026-01-15,20.07
2026-01-16,19.71
2026-01-17,20.07
2026-01-18,19.57
2026-01-19,19.57
2026-01-20,19.78
2026-01-21,19.96
2026-01-22,19.6
2026-01-23,19.04
2026-01-24,19.16
2026-01-25,19.69
2026-01-26,19.42
2026-01-27,18.62
2026-01-28,18.14
2026-01-29,19.7
2026-01-30,19.32
2026-01-31,19.44
2026-02-01,19.82
2026-02-02,19.49
2026-02-03,18.71
2026-02-04,19.18
2026-02-05,19.26
2026-02-06,18.82
2026-02-07,18.55
2026-02-08,18.69
2026-02-09,18.96
2026-02-10,19.4
2026-02-11,18.98
2026-02-12,19.15
2026-02-13,19.2
2026-02-14,19.17
2026-02-15,18.86
2026-02-16,19.65
2026-02-17,19.51
2026-02-18,19.31
2026-02-19,18.59
2026-02-20,18.17
2026-02-21,18.89
2026-02-22,18.92
2026-02-23,18.79
2026-02-24,18.82
2026-02-25,18.86
2026-02-26,18.92
2026-02-27,18.52
2026-02-28,18.36
2026-03-01,18.26
2026-03-02,18.01
2026-03-03,17.75
2026-03-04,18.24
2026-03-05,17.97
2026-03-06,18.15
2026-03-07,17.66
2026-03-08,18.34
2026-03-09,18.2
2026-03-10,18.05
2026-03-11,18.12
2026-03-12,18.19
2026-03-13,18.31
2026-03-14,17.89
2026-03-15,18.42
2026-03-16,18.46
2026-03-17,17.85
2026-03-18,17.75
2026-03-19,18.28
2026-03-20,18.45
2026-03-21,18.03
2026-03-22,17.69
2026-03-23,17.92
2026-03-24,17.88
2026-03-25,17.79
2026-03-26,17.89
2026-03-27,18.1
2026-03-28,18.11
2026-03-29,17.85
2026-03-30,18.17
2026-03-31,18.22
2026-04-01,17.83
2026-04-02,17.61
2026-04-03,17.56
2026-04-04,17.0
2026-04-05,18.48
2026-04-06,17.57
2026-04-07,18.07
2026-04-08,18.58
2026-04-09,18.81
2026-04-10,18.16
2026-04-11,18.51
2026-04-12,18.44
2026-04-13,18.44
2026-04-14,18.13
2026-04-15,18.38
2026-04-16,18.49
2026-04-17,18.61
2026-04-18,17.69
2026-04-19,18.56
2026-04-20,19.16
2026-04-21,18.83
2026-04-22,18.7
2026-04-23,19.22
2026-04-24,19.55
2026-04-25,19.41
2026-04-26,19.56
2026-04-27,19.6
2026-04-28,18.77
2026-04-29,19.23
2026-04-30,19.23
2026-05-01,20.15
2026-05-02,20.26
2026-05-03,19.53
2026-05-04,19.58
2026-05-05,19.38
2026-05-06,19.02
2026-05-07,19.24
2026-05-08,19.36
2026-05-09,19.78
2026-05-10,19.69
2026-05-11,19.6
2026-05-12,20.03
2026-05-13,21.27
2026-05-14,20.52
2026-05-15,20.62
2026-05-16,20.54
2026-05-17,21.09
2026-05-18,20.89
2026-05-19,20.18
2026-05-20,21.69
2026-05-21,21.3
2026-05-22,20.64
2026-05-23,20.58
2026-05-24,21.29
2026-05-25,21.33
2026-05-26,21.6
2026-05-27,21.75
2026-05-28,21.93
2026-05-29,22.16
2026-05-30,21.6
2026-05-31,22.62
2026-06-01,23.13
2026-06-02,22.77
2026-06-03,23.02
2026-06-04,23.22
2026-06-05,23.4
2026-06-06,23.79
2026-06-07,23.08
2026-06-08,23.48
2026-06-09,24.31
2026-06-10,23.66
2026-06-11,24.5
2026-06-12,24.56
2026-06-13,24.65
2026-06-14,24.3
2026-06-15,24.67
2026-06-16,25.17
2026-06-17,25.22
2026-06-18,24.69
2026-06-19,25.22
2026-06-20,25.5
2026-06-21,25.11
2026-06-22,24.99
2026-06-23,25.34
2026-06-24,26.0
2026-06-25,26.09
2026-06-26,26.04
2026-06-27,25.95
2026-06-28,26.15
2026-06-29,26.46
2026-06-30,26.6
2026-07-01,26.27
2026-07-02,26.78
2026-07-03,26.66
2026-07-04,27.06
2026-07-05,25.82
2026-07-06,26.89
2026-07-07,26.85
2026-07-08,26.94
2026-07-09,27.23
2026-07-10,27.19
2026-07-11,26.99
2026-07-12,27.34
2026-07-13,27.7
2026-07-14,27.63
2026-07-15,27.21
2026-07-16,27.23
2026-07-17,28.15
2026-07-18,27.88
2026-07-19,28.55
2026-07-20,28.28
2026-07-21,28.42
2026-07-22,28.56
2026-07-23,28.35
2026-07-24,28.03
2026-07-25,28.78
2026-07-26,28.6
2026-07-27,28.35
2026-07-28,28.6
2026-07-29,28.6
2026-07-30,28.85
2026-07-31,28.82
2026-08-01,28.92
2026-08-02,28.96
2026-08-03,28.62
2026-08-04,28.31
2026-08-05,28.52
2026-08-06,28.29
2026-08-07,28.57
2026-08-08,27.88
2026-08-09,28.98
2026-08-10,29.05
2026-08-11,28.92
2026-08-12,28.49
